{
	"aloxe-corton": [4.86245, 47.06975],
	"ambonnay": [4.17192, 49.0873],
	"auxey-duresses": [4.73859, 46.9866],
	"avenay-val-d-or": [4.04625, 49.07588],
	"avize": [4.00581, 48.97338],
	"ay": [3.99749, 49.06268],
	"batard-montrachet": [4.7397, 46.94388],
	"beaujolais": [4.62735, 46.04776],
	"beaumont-sur-vesle": [4.17987, 49.1738],
	"beaune": [4.81892, 47.02947],
	"bergeres-les-vertus": [4.00841, 48.87355],
	"bezannes": [3.99047, 49.21988],
	"bienvenues-batard-montrachet": [4.74222, 46.94564],
	"billy-le-grand": [4.23272, 49.10789],
	"bisseuil": [4.08535, 49.04626],
	"blagny": [4.73984, 46.95943],
	"bonnes-mares": [4.95741, 47.19203],
	"bourgogne": [4.47745, 47.09434],
	"bourgogne-aligote": [4.46965, 47.1358],
	"bourgogne-mousseux": [4.49792, 46.92457],
	"bourgogne-passe-tout-grains": [4.49792, 46.92457],
	"bouzeron": [4.72791, 46.89107],
	"bouzy": [4.13837, 49.08583],
	"brouilly": [4.65716, 46.10223],
	"chablis": [3.79824, 47.8128],
	"chablis-grand-cru": [3.80406, 47.82239],
	"chambertin": [4.9653, 47.21443],
	"chambertin-clos-de-beze": [4.96585, 47.21656],
	"chambolle-musigny": [4.95832, 47.18529],
	"chamery": [3.95656, 49.1707],
	"champagne": [4.07451, 48.8745],
	"champillon": [3.97558, 49.08523],
	"chapelle-chambertin": [4.96891, 47.21629],
	"charlemagne": [4.85674, 47.07366],
	"charmes-chambertin": [4.96813, 47.20871],
	"chassagne-montrachet": [4.72904, 46.93288],
	"chenas": [4.72958, 46.22071],
	"chevalier-montrachet": [4.73762, 46.94692],
	"chigny-les-roses": [4.06116, 49.15163],
	"chiroubles": [4.66067, 46.18392],
	"chorey-les-beaune": [4.85891, 47.05259],
	"chouilly": [4.0043, 49.01737],
	"clos-de-la-roche": [4.96273, 47.20332],
	"clos-de-tart": [4.95983, 47.19572],
	"clos-de-vougeot": [4.95869, 47.17221],
	"clos-des-lambrays": [4.95913, 47.19844],
	"clos-saint-denis": [4.96079, 47.20096],
	"coligny": [3.96776, 48.8274],
	"cormontreuil": [4.05296, 49.21717],
	"corton": [4.86256, 47.07334],
	"corton-charlemagne": [4.85838, 47.07433],
	"cote-de-beaune": [4.81835, 47.03123],
	"cote-de-beaune-villages": [4.75834, 46.98064],
	"cote-de-brouilly": [4.65727, 46.10893],
	"cote-de-nuits-villages": [4.94311, 47.174],
	"coteaux-bourguignons": [4.49792, 46.92457],
	"coteaux-champenois": [4.07451, 48.8745],
	"coulommes-la-montagne": [3.91061, 49.22664],
	"cramant": [4.00063, 48.98726],
	"cremant-de-bourgogne": [4.49557, 46.94863],
	"criots-batard-montrachet": [4.73769, 46.94123],
	"cuis": [3.96691, 48.99965],
	"cumieres": [3.91941, 49.07196],
	"dizy": [3.97043, 49.07072],
	"echezeaux": [4.95077, 47.17047],
	"ecueil": [3.95158, 49.18178],
	"etrechy": [3.95013, 48.88294],
	"fixin": [4.97426, 47.24599],
	"fleurie": [4.69455, 46.19425],
	"gevrey-chambertin": [4.97289, 47.22308],
	"givry": [4.7303, 46.77968],
	"grands-echezeaux": [4.954, 47.17089],
	"grauves": [3.95981, 48.96811],
	"griotte-chambertin": [4.96852, 47.21413],
	"hautvillers": [3.94448, 49.08604],
	"irancy": [3.66608, 47.71062],
	"jouy-les-reims": [3.92686, 49.21209],
	"julienas": [4.70448, 46.24068],
	"la-grande-rue": [4.94995, 47.16065],
	"la-romanee": [4.94857, 47.16161],
	"la-tache": [4.94946, 47.15973],
	"ladoix": [4.88085, 47.08142],
	"latricieres-chambertin": [4.96375, 47.20794],
	"le-mesnil-sur-oger": [4.02041, 48.93978],
	"les-mesneux": [3.96128, 49.22175],
	"louvois": [4.12338, 49.11259],
	"ludes": [4.08239, 49.15989],
	"macon": [4.76178, 46.47375],
	"mailly-champagne": [4.11218, 49.1542],
	"maranges": [4.66574, 46.90671],
	"mareuil-sur-ay": [4.04068, 49.045],
	"marsannay": [4.98637, 47.27108],
	"mazis-chambertin": [4.96723, 47.22033],
	"mazoyeres-chambertin": [4.96813, 47.20871],
	"mercurey": [4.72066, 46.83568],
	"meursault": [4.76247, 46.97406],
	"montagny": [4.68014, 46.70055],
	"montbre": [4.04522, 49.19243],
	"monthelie": [4.76506, 46.99522],
	"montrachet": [4.7378, 46.94461],
	"morey-saint-denis": [4.96396, 47.19943],
	"morgon": [4.67415, 46.15781],
	"moulin-a-vent": [4.72559, 46.20367],
	"musigny": [4.95408, 47.17747],
	"mutigny": [4.01898, 49.07508],
	"nuits-saint-georges": [4.94209, 47.13526],
	"oger": [4.02601, 48.95544],
	"oiry": [4.03967, 49.00793],
	"pargny-les-reims": [3.92139, 49.21946],
	"pernand-vergelesses": [4.8506, 47.07794],
	"petit-chablis": [3.79104, 47.81567],
	"pierry": [3.9492, 49.01918],
	"pommard": [4.79427, 47.01179],
	"pouilly-fuisse": [4.73758, 46.28923],
	"pouilly-loche": [4.76352, 46.27842],
	"pouilly-vinzelles": [4.76427, 46.26947],
	"puisieulx": [4.11651, 49.20088],
	"puligny-montrachet": [4.7456, 46.95123],
	"regnie": [4.64533, 46.1443],
	"richebourg": [4.94868, 47.16379],
	"rilly-la-montagne": [4.04634, 49.16331],
	"romanee-conti": [4.9499, 47.16156],
	"romanee-saint-vivant": [4.95247, 47.16255],
	"rose-des-riceys": [4.36886, 47.9872],
	"ruchottes-chambertin": [4.96457, 47.22061],
	"rully": [4.73111, 46.87021],
	"sacy": [3.95281, 49.19812],
	"saint-amour": [4.7392, 46.24156],
	"saint-aubin": [4.71684, 46.95116],
	"saint-bris": [3.65239, 47.74209],
	"saint-romain": [4.71882, 46.99669],
	"saint-veran": [4.73991, 46.30269],
	"santenay": [4.69461, 46.91583],
	"savigny-les-beaune": [4.83409, 47.05912],
	"sermiers": [3.97911, 49.14825],
	"sillery": [4.13995, 49.19228],
	"taissy": [4.08225, 49.20373],
	"tauxieres-mutry": [4.0964, 49.09014],
	"tours-sur-marne": [4.12858, 49.05293],
	"trepail": [4.18209, 49.1091],
	"trois-puits": [4.04004, 49.20561],
	"vaudemange": [4.24411, 49.08777],
	"vertus": [3.98041, 48.90825],
	"verzenay": [4.1426, 49.16405],
	"verzy": [4.16074, 49.14422],
	"vezelay": [3.77326, 47.46535],
	"ville-dommange": [3.93863, 49.20514],
	"villeneuve-renneville-chevigny": [4.06274, 48.91847],
	"villers-allerand": [4.01823, 49.16254],
	"villers-aux-noeuds": [3.99354, 49.19182],
	"villers-marmery": [4.1975, 49.13043],
	"vire-clesse": [4.83235, 46.43667],
	"voipreux": [4.04734, 48.89881],
	"volnay": [4.78409, 46.99658],
	"vosne-romanee": [4.95228, 47.16327],
	"vougeot": [4.95887, 47.17345],
	"vrigny": [3.91723, 49.23793]
}
