{
	"aloxe-corton": [4.86245, 47.06975],
	"alsace": [7.37181, 48.24928],
	"alta-langa": [8.283, 44.58904],
	"altenberg-de-bergbieten": [7.46226, 48.58566],
	"altenberg-de-bergheim": [7.35381, 48.2099],
	"altenberg-de-wolxheim": [7.50716, 48.57272],
	"ambonnay": [4.17192, 49.0873],
	"asti": [8.28143, 44.70883],
	"auxey-duresses": [4.73859, 46.9866],
	"avenay-val-d-or": [4.04625, 49.07588],
	"avize": [4.00581, 48.97338],
	"ay": [3.99749, 49.06268],
	"barbaresco": [8.06004, 44.69992],
	"barbera-d-alba": [7.99425, 44.68954],
	"barbera-d-asti": [8.26206, 44.91752],
	"barbera-del-monferrato-superiore": [8.34284, 44.85621],
	"barolo": [7.91049, 44.63546],
	"barsac": [-0.32418, 44.602],
	"batard-montrachet": [4.7397, 46.94388],
	"beaujolais": [4.62735, 46.04776],
	"beaumont-sur-vesle": [4.17987, 49.1738],
	"beaune": [4.81892, 47.02947],
	"bergeres-les-vertus": [4.00841, 48.87355],
	"bezannes": [3.99047, 49.21988],
	"bienvenues-batard-montrachet": [4.74222, 46.94564],
	"billy-le-grand": [4.23272, 49.10789],
	"bisseuil": [4.08535, 49.04626],
	"blagny": [4.73984, 46.95943],
	"bonnes-mares": [4.95741, 47.19203],
	"bordeaux": [-0.46558, 44.9104],
	"bordeaux-superieur": [-0.46558, 44.9104],
	"bourgogne": [4.47745, 47.09434],
	"bourgogne-aligote": [4.46965, 47.1358],
	"bourgogne-mousseux": [4.49792, 46.92457],
	"bourgogne-passe-tout-grains": [4.49792, 46.92457],
	"bouzeron": [4.72791, 46.89107],
	"bouzy": [4.13837, 49.08583],
	"brachetto-d-acqui": [8.39684, 44.70652],
	"bramaterra": [8.26756, 45.60641],
	"brand": [7.27587, 48.09121],
	"brouilly": [4.65716, 46.10223],
	"bruderthal": [7.48302, 48.54865],
	"chablis": [3.79824, 47.8128],
	"chablis-grand-cru": [3.80406, 47.82239],
	"chambertin": [4.9653, 47.21443],
	"chambertin-clos-de-beze": [4.96585, 47.21656],
	"chambolle-musigny": [4.95832, 47.18529],
	"chamery": [3.95656, 49.1707],
	"champagne": [4.07451, 48.8745],
	"champillon": [3.97558, 49.08523],
	"chapelle-chambertin": [4.96891, 47.21629],
	"charlemagne": [4.85674, 47.07366],
	"charmes-chambertin": [4.96813, 47.20871],
	"chassagne-montrachet": [4.72904, 46.93288],
	"chateau-batailley": [-0.77293, 45.1768],
	"chateau-beau-sejour-becot": [-0.1644, 44.89487],
	"chateau-beausejour-duffau-lagarrosse": [-0.16474, 44.89229],
	"chateau-belair-monange": [-0.16165, 44.8888],
	"chateau-belgrave": [-0.78011, 45.15134],
	"chateau-beychevelle": [-0.73497, 45.14504],
	"chateau-boyd-cantenac": [-0.656, 45.0228],
	"chateau-branaire-ducru": [-0.7388, 45.145],
	"chateau-brane-cantenac": [-0.6737, 45.02395],
	"chateau-broustet": [-0.3248, 44.6033],
	"chateau-caillou": [-0.3405, 44.5942],
	"chateau-calon-segur": [-0.7777, 45.267],
	"chateau-canon": [-0.16323, 44.89293],
	"chateau-canon-la-gaffeliere": [-0.16092, 44.88116],
	"chateau-cantemerle": [-0.6259, 44.9942],
	"chateau-cantenac-brown": [-0.6792, 45.0278],
	"chateau-clerc-milon": [-0.7654, 45.2217],
	"chateau-climens": [-0.33473, 44.58948],
	"chateau-clos-haut-peyraguey": [-0.33972, 44.54583],
	"chateau-cos-d-estournel": [-0.77599, 45.23108],
	"chateau-cos-labory": [-0.7768, 45.2309],
	"chateau-coutet": [-0.32595, 44.59476],
	"chateau-croizet-bages": [-0.7566, 45.1908],
	"chateau-d-arche": [-0.34344, 44.53806],
	"chateau-d-armailhac": [-0.77, 45.2111],
	"chateau-d-issan": [-0.6581, 45.0379],
	"chateau-d-yquem": [-0.3285, 44.5441],
	"chateau-dauzac": [-0.62345, 45.01936],
	"chateau-de-camensac": [-0.7857, 45.1465],
	"chateau-de-malle": [-0.2966, 44.565],
	"chateau-de-myrat": [-0.33442, 44.59724],
	"chateau-de-rayne-vigneau": [-0.34472, 44.5475],
	"chateau-desmirail": [-0.654, 45.0285],
	"chateau-doisy-daene": [-0.33079, 44.59164],
	"chateau-doisy-dubroca": [-0.3236, 44.5858],
	"chateau-doisy-vedrines": [-0.3235, 44.5859],
	"chateau-du-tertre": [-0.6809, 45.00593],
	"chateau-ducru-beaucaillou": [-0.7345, 45.15096],
	"chateau-duhart-milon": [-0.747, 45.1979],
	"chateau-durfort-vivens": [-0.67498, 45.0399],
	"chateau-ferriere": [-0.6778, 45.0433],
	"chateau-figeac": [-0.19242, 44.91283],
	"chateau-filhot": [-0.34186, 44.52301],
	"chateau-giscours": [-0.64605, 45.0087],
	"chateau-grand-puy-ducasse": [-0.74664, 45.19995],
	"chateau-grand-puy-lacoste": [-0.7691, 45.19007],
	"chateau-gruaud-larose": [-0.75083, 45.14444],
	"chateau-guiraud": [-0.33222, 44.53306],
	"chateau-haut-bages-liberal": [-0.74889, 45.19928],
	"chateau-haut-batailley": [-0.77088, 45.17334],
	"chateau-haut-brion": [-0.61535, 44.81225],
	"chateau-kirwan": [-0.65816, 45.02742],
	"chateau-la-gaffeliere": [-0.15722, 44.88528],
	"chateau-la-lagune": [-0.6188, 44.9789],
	"chateau-la-tour-blanche": [-0.3513, 44.5422],
	"chateau-la-tour-carnet": [-0.7897, 45.1517],
	"chateau-lafaurie-peyraguey": [-0.3375, 44.5494],
	"chateau-lafite-rothschild": [-0.7705, 45.2217],
	"chateau-lafon-rochet": [-0.78777, 45.22941],
	"chateau-lagrange": [-0.77325, 45.14947],
	"chateau-lamothe": [-0.3431, 44.5336],
	"chateau-lamothe-guignard": [-0.3501, 44.5331],
	"chateau-langoa-barton": [-0.74008, 45.15782],
	"chateau-larcis-ducasse": [-0.14537, 44.88146],
	"chateau-lascombes": [-0.68376, 45.04145],
	"chateau-latour": [-0.7403, 45.1727],
	"chateau-leoville-barton": [-0.73925, 45.15739],
	"chateau-leoville-las-cases": [-0.74041, 45.16371],
	"chateau-leoville-poyferre": [-0.74048, 45.16409],
	"chateau-lynch-bages": [-0.75561, 45.19083],
	"chateau-lynch-moussas": [-0.79317, 45.18363],
	"chateau-malescot-st-exupery": [-0.6757, 45.0406],
	"chateau-margaux": [-0.6682, 45.0442],
	"chateau-marquis-d-alesme-becker": [-0.67702, 45.04194],
	"chateau-marquis-de-terme": [-0.67729, 45.0384],
	"chateau-montrose": [-0.76114, 45.24667],
	"chateau-mouton-rothschild": [-0.76846, 45.21528],
	"chateau-nairac": [-0.3177, 44.6118],
	"chateau-palmer": [-0.6694, 45.0369],
	"chateau-pavie": [-0.14957, 44.88428],
	"chateau-pavie-macquin": [-0.14911, 44.8907],
	"chateau-pedesclaux": [-0.7582, 45.2114],
	"chateau-pichon-longueville-baron": [-0.7515, 45.1723],
	"chateau-pichon-longueville-comtesse-de-lalande": [-0.7525, 45.17611],
	"chateau-pontet-canet": [-0.77053, 45.20833],
	"chateau-pouget": [-0.6608, 45.0289],
	"chateau-prieure-lichine": [-0.6559, 45.029],
	"chateau-rabaud-promis": [-0.3386, 44.5551],
	"chateau-rauzan-gassies": [-0.67497, 45.03669],
	"chateau-rauzan-segla": [-0.67484, 45.03543],
	"chateau-rieussec": [-0.31134, 44.53875],
	"chateau-romer": [-0.293, 44.56],
	"chateau-romer-du-hayot": [-0.2945, 44.5585],
	"chateau-saint-pierre": [-0.74272, 45.14715],
	"chateau-sigalas-rabaud": [-0.3393, 44.553],
	"chateau-suau": [-0.3152, 44.6045],
	"chateau-suduiraut": [-0.32, 44.55639],
	"chateau-talbot": [-0.7557, 45.1593],
	"chateau-troplong-mondot": [-0.14075, 44.88853],
	"chateau-trottevieille": [-0.14508, 44.89478],
	"chateau-valandraud": [-0.0855, 44.8878],
	"chenas": [4.72958, 46.22071],
	"chevalier-montrachet": [4.73762, 46.94692],
	"chigny-les-roses": [4.06116, 49.15163],
	"chiroubles": [4.66067, 46.18392],
	"chorey-les-beaune": [4.85891, 47.05259],
	"chouilly": [4.0043, 49.01737],
	"clos-de-la-roche": [4.96273, 47.20332],
	"clos-de-tart": [4.95983, 47.19572],
	"clos-de-vougeot": [4.95869, 47.17221],
	"clos-des-lambrays": [4.95913, 47.19844],
	"clos-fourtet": [-0.15807, 44.89509],
	"clos-saint-denis": [4.96079, 47.20096],
	"coligny": [3.96776, 48.8274],
	"colli-tortonesi": [9.00127, 44.76773],
	"cormontreuil": [4.05296, 49.21717],
	"corton": [4.86256, 47.07334],
	"corton-charlemagne": [4.85838, 47.07433],
	"coste-della-sesia": [8.24642, 45.5899],
	"cote-de-beaune": [4.81835, 47.03123],
	"cote-de-beaune-villages": [4.75834, 46.98064],
	"cote-de-brouilly": [4.65727, 46.10893],
	"cote-de-nuits-villages": [4.94311, 47.174],
	"coteaux-bourguignons": [4.49792, 46.92457],
	"coteaux-champenois": [4.07451, 48.8745],
	"coulommes-la-montagne": [3.91061, 49.22664],
	"cramant": [4.00063, 48.98726],
	"cremant-d-alsace": [7.37181, 48.24928],
	"cremant-de-bourgogne": [4.49557, 46.94863],
	"criots-batard-montrachet": [4.73769, 46.94123],
	"cuis": [3.96691, 48.99965],
	"cumieres": [3.91941, 49.07196],