{"type":"FeatureCollection","features":[{"type":"Feature","properties":{"level":"region","regionId":"deutschland","nameJa":"ドイツ"},"geometry":{"type":"MultiPolygon","coordinates":[[[[8.56689,47.59709],[8.57187,47.59665],[8.57468,47.59556],[8.58237,47.59618],[8.58533,47.59922],[8.59012,47.60122],[8.59283,47.60392],[8.59971,47.60829],[8.60356,47.61146],[8.60477,47.61356],[8.60418,47.61769],[8.59996,47.62335],[8.59737,47.62955],[8.59794,47.63237],[8.60007,47.63482],[8.60343,47.63652],[8.61244,47.63736],[8.61996,47.63893],[8.623,47.64073],[8.62606,47.6446],[8.62868,47.64946],[8.62807,47.65314],[8.61944,47.65921],[8.61234,47.66211],[8.60911,47.66397],[8.60722,47.66654],[8.60655,47.67203],[8.59817,47.67278],[8.59522,47.66926],[8.58569,47.66573],[8.58228,47.66401],[8.57813,47.66323],[8.57386,47.66362],[8.56716,47.66594],[8.5636,47.66987],[8.56142,47.67025],[8.5525,47.66899],[8.54671,47.66752],[8.53697,47.66372],[8.53347,47.66315],[8.52716,47.66036],[8.52931,47.65476],[8.52847,47.65077],[8.52617,47.64856],[8.52282,47.64708],[8.5169,47.64665],[8.51339,47.64742],[8.50714,47.64692],[8.50296,47.64736],[8.49704,47.64684],[8.48634,47.64666],[8.48049,47.64915],[8.47381,47.65047],[8.47025,47.65201],[8.46569,47.65696],[8.45929,47.65474],[8.45086,47.65503],[8.4464,47.65467],[8.44233,47.6555],[8.43683,47.65824],[8.43314,47.66135],[8.42368,47.66675],[8.4208,47.66673],[8.41516,47.66851],[8.41197,47.67213],[8.41178,47.67496],[8.41323,47.67761],[8.42054,47.68384],[8.41813,47.68807],[8.40905,47.69736],[8.40896,47.70176],[8.41108,47.70435],[8.41632,47.70823],[8.42574,47.71118],[8.43362,47.71611],[8.43885,47.71766],[8.44152,47.71771],[8.44347,47.72008],[8.44665,47.72178],[8.45054,47.72255],[8.455,47.72239],[8.45643,47.73022],[8.45319,47.73213],[8.45084,47.73609],[8.45135,47.73895],[8.45579,47.7428],[8.45595,47.74483],[8.45797,47.74901],[8.46385,47.75207],[8.46729,47.75479],[8.46777,47.75709],[8.47158,47.76289],[8.47371,47.76459],[8.48156,47.76835],[8.4846,47.77032],[8.4902,47.77155],[8.49598,47.77074],[8.49949,47.7724],[8.50928,47.77438],[8.51146,47.77816],[8.51544,47.78081],[8.52879,47.78583],[8.53089,47.78975],[8.52779,47.79177],[8.52357,47.79165],[8.51964,47.7925],[8.5152,47.79565],[8.51007,47.7984],[8.50748,47.80256],[8.50808,47.80556],[8.51025,47.80902],[8.51307,47.81108],[8.51365,47.81288],[8.5097,47.81824],[8.50933,47.82338],[8.50594,47.83024],[8.50153,47.82937],[8.49293,47.83021],[8.48893,47.83233],[8.48448,47.83123],[8.48012,47.83131],[8.47618,47.83255],[8.4733,47.83475],[8.47196,47.83754],[8.47319,47.8422],[8.47213,47.84645],[8.46721,47.84772],[8.46287,47.85017],[8.45388,47.85275],[8.44296,47.857],[8.43935,47.86068],[8.43967,47.86522],[8.43854,47.86785],[8.43887,47.87699],[8.42609,47.88186],[8.42242,47.88572],[8.42188,47.88993],[8.41934,47.8913],[8.41357,47.89588],[8.41143,47.90317],[8.40833,47.90505],[8.40155,47.90622],[8.3971,47.90886],[8.38997,47.91195],[8.38483,47.91312],[8.38039,47.91617],[8.37386,47.9185],[8.37051,47.92164],[8.36542,47.9222],[8.36046,47.9249],[8.35845,47.92844],[8.35134,47.9314],[8.34649,47.93553],[8.33714,47.93913],[8.33325,47.93943],[8.32281,47.9413],[8.31808,47.94388],[8.31646,47.94642],[8.31612,47.95006],[8.31411,47.95179],[8.30992,47.95102],[8.3044,47.95103],[8.30086,47.9521],[8.29732,47.95441],[8.29579,47.95704],[8.29587,47.96009],[8.29754,47.96266],[8.30054,47.96461],[8.30695,47.96575],[8.30912,47.96822],[8.3144,47.97037],[8.31805,47.9772],[8.31996,47.97861],[8.32136,47.98415],[8.3197,47.98849],[8.31439,47.99201],[8.3081,47.99298],[8.29943,47.99148],[8.29317,47.98831],[8.28863,47.98722],[8.28375,47.98721],[8.27973,47.98822],[8.27252,47.99142],[8.27037,47.99325],[8.26217,47.99221],[8.25559,47.99323],[8.24855,47.99614],[8.24178,47.99411],[8.23542,47.99436],[8.23099,47.99607],[8.22516,47.99741],[8.21904,47.99675],[8.21582,47.99361],[8.21479,47.99147],[8.20997,47.98794],[8.2044,47.9867],[8.19794,47.98761],[8.19464,47.9896],[8.19112,47.99357],[8.18233,47.99253],[8.17845,47.993],[8.17413,47.99495],[8.17182,47.99485],[8.16608,47.99636],[8.16199,47.99931],[8.15628,48.00137],[8.15147,48.00132],[8.1458,48.00317],[8.14169,48.00787],[8.13663,48.01029],[8.13431,48.01443],[8.1291,48.0161],[8.12644,48.01832],[8.12519,48.02173],[8.11972,48.02576],[8.1178,48.02804],[8.11759,48.03427],[8.12074,48.03791],[8.12857,48.04101],[8.12448,48.04519],[8.12424,48.04786],[8.12522,48.05226],[8.122,48.05351],[8.11527,48.05764],[8.11384,48.06173],[8.11495,48.06447],[8.11926,48.06867],[8.12354,48.07099],[8.12846,48.07258],[8.13279,48.07298],[8.14154,48.07109],[8.14816,48.06735],[8.15282,48.06782],[8.16056,48.0695],[8.16297,48.07298],[8.16663,48.07562],[8.16522,48.07724],[8.16123,48.07927],[8.15788,48.07916],[8.1537,48.08008],[8.15042,48.08205],[8.14859,48.08473],[8.14893,48.09024],[8.15353,48.098],[8.15347,48.09949],[8.15052,48.10194],[8.14934,48.10413],[8.14619,48.10668],[8.14353,48.11065],[8.1431,48.11265],[8.14003,48.11495],[8.13608,48.1161],[8.13238,48.11842],[8.13015,48.12102],[8.12783,48.12568],[8.12871,48.13171],[8.13059,48.1342],[8.13829,48.13898],[8.14192,48.14044],[8.1422,48.14321],[8.13971,48.14969],[8.13981,48.1551],[8.13759,48.15965],[8.13966,48.16369],[8.14856,48.16858],[8.15226,48.17174],[8.15625,48.17323],[8.16712,48.17441],[8.1716,48.17936],[8.1749,48.18127],[8.18121,48.18236],[8.18509,48.18173],[8.19162,48.17794],[8.20405,48.17144],[8.20574,48.16899],[8.2062,48.16615],[8.20979,48.16455],[8.21313,48.16067],[8.21575,48.15938],[8.22585,48.15841],[8.23209,48.16111],[8.23222,48.16459],[8.23409,48.16701],[8.23821,48.1692],[8.24452,48.1772],[8.24788,48.17898],[8.25202,48.17975],[8.25627,48.17937],[8.26624,48.17598],[8.26968,48.17576],[8.27727,48.17285],[8.28262,48.17171],[8.28407,48.17413],[8.29267,48.1816],[8.29884,48.1837],[8.30747,48.18911],[8.30995,48.19231],[8.31053,48.19617],[8.31016,48.20104],[8.31212,48.20364],[8.3129,48.20647],[8.31189,48.20912],[8.31183,48.2135],[8.30653,48.21491],[8.30176,48.21802],[8.29991,48.22186],[8.29679,48.22395],[8.29514,48.22628],[8.29429,48.23182],[8.29639,48.23635],[8.30075,48.24084],[8.29365,48.24366],[8.29113,48.24585],[8.29006,48.2499],[8.29132,48.25253],[8.29723,48.2583],[8.29363,48.26056],[8.29168,48.26295],[8.29138,48.26744],[8.28848,48.27243],[8.28711,48.27746],[8.28715,48.28374],[8.28959,48.28745],[8.29738,48.29132],[8.30542,48.29345],[8.30938,48.29363],[8.32249,48.29197],[8.32477,48.29648],[8.32974,48.29968],[8.32933,48.30252],[8.32664,48.30586],[8.32562,48.30982],[8.32343,48.31474],[8.32318,48.32679],[8.322,48.33023],[8.31764,48.33674],[8.31026,48.34163],[8.30786,48.34637],[8.30395,48.34906],[8.29937,48.35026],[8.2966,48.35213],[8.29123,48.35772],[8.28456,48.36023],[8.27551,48.36274],[8.26748,48.3636],[8.26207,48.36631],[8.25901,48.3699],[8.25888,48.37267],[8.26033,48.37527],[8.26393,48.37925],[8.25645,48.38143],[8.25048,48.38418],[8.24746,48.38782],[8.24759,48.39509],[8.24332,48.39698],[8.2402,48.40047],[8.23996,48.40319],[8.24276,48.40977],[8.24544,48.41174],[8.25454,48.41394],[8.2556,48.41839],[8.2596,48.42312],[8.25773,48.42614],[8.25738,48.42883],[8.25965,48.43257],[8.26369,48.43509],[8.26457,48.43731],[8.26439,48.44177],[8.26767,48.44636],[8.26868,48.44888],[8.2666,48.45289],[8.26648,48.45576],[8.26497,48.4579],[8.26463,48.46101],[8.26818,48.4702],[8.26866,48.47264],[8.27074,48.47521],[8.27534,48.47783],[8.27254,48.48173],[8.27128,48.48647],[8.26683,48.49049],[8.25553,48.49351],[8.25036,48.4927],[8.24023,48.49423],[8.23421,48.49734],[8.22972,48.49824],[8.22629,48.50004],[8.2226,48.50312],[8.21962,48.50831],[8.22003,48.51132],[8.22224,48.51426],[8.22038,48.51859],[8.21465,48.52275],[8.21348,48.52549],[8.21375,48.52949],[8.21636,48.53476],[8.21998,48.53779],[8.21632,48.541],[8.21488,48.54387],[8.21565,48.54878],[8.2181,48.55156],[8.21803,48.55603],[8.21986,48.55831],[8.22454,48.56221],[8.2285,48.56443],[8.23088,48.56915],[8.23493,48.57163],[8.23683,48.57603],[8.23577,48.58021],[8.23035,48.58113],[8.22297,48.58507],[8.22086,48.58729],[8.21969,48.59489],[8.22141,48.59884],[8.2261,48.60152],[8.23015,48.60215],[8.23676,48.60111],[8.24415,48.59844],[8.25861,48.58985],[8.26869,48.58858],[8.27556,48.58915],[8.28368,48.58734],[8.29144,48.58673],[8.29401,48.58744],[8.30046,48.58766],[8.3099,48.58895],[8.31869,48.5887],[8.32647,48.59184],[8.33023,48.59217],[8.33626,48.59462],[8.34163,48.59608],[8.34552,48.59781],[8.35251,48.59864],[8.35818,48.60087],[8.3582,48.60516],[8.3596,48.608],[8.36556,48.61127],[8.3682,48.61503],[8.37161,48.61672],[8.37578,48.61742],[8.38242,48.61958],[8.38491,48.6234],[8.38786,48.62531],[8.38843,48.6315],[8.39174,48.63515],[8.39547,48.6366],[8.40584,48.63894],[8.41437,48.64046],[8.41688,48.64276],[8.42036,48.6442],[8.43003,48.64481],[8.43114,48.64781],[8.43532,48.65112],[8.43658,48.65406],[8.44044,48.65705],[8.44487,48.65842],[8.44738,48.66187],[8.44614,48.66916],[8.4481,48.67982],[8.44839,48.68508],[8.44631,48.68934],[8.44649,48.69206],[8.44818,48.69454],[8.45113,48.69642],[8.45493,48.69745],[8.46215,48.69841],[8.46682,48.70037],[8.46028,48.7071],[8.4591,48.71288],[8.46032,48.71573],[8.46317,48.71802],[8.46717,48.71935],[8.4716,48.71969],[8.47569,48.72429],[8.47587,48.72932],[8.47522,48.7337],[8.47647,48.73654],[8.47977,48.74063],[8.48045,48.74328],[8.48251,48.74625],[8.485,48.75443],[8.48459,48.75649],[8.47715,48.76153],[8.4752,48.76234],[8.46939,48.76281],[8.46531,48.76422],[8.45989,48.76316],[8.45712,48.76128],[8.4531,48.76002],[8.44364,48.75885],[8.43947,48.75906],[8.43574,48.7603],[8.43298,48.76237],[8.4316,48.76498],[8.43182,48.76774],[8.43347,48.7704],[8.43332,48.77452],[8.43183,48.77762],[8.42742,48.7808],[8.42498,48.78612],[8.42552,48.79175],[8.41483,48.7934],[8.4113,48.79506],[8.40602,48.80015],[8.40481,48.80408],[8.40589,48.80668],[8.40833,48.80882],[8.40874,48.81193],[8.40466,48.81597],[8.4037,48.81839],[8.40459,48.82416],[8.40831,48.82773],[8.41227,48.82902],[8.41668,48.82916],[8.42081,48.82814],[8.42802,48.82431],[8.4318,48.82109],[8.43306,48.8185],[8.4325,48.81511],[8.43815,48.81315],[8.44147,48.81367],[8.44383,48.81773],[8.44688,48.81944],[8.457,48.82193],[8.46792,48.82177],[8.48031,48.81857],[8.48547,48.81979],[8.49427,48.81987],[8.50038,48.81861],[8.50362,48.81647],[8.50532,48.81394],[8.51606,48.81349],[8.51993,48.81228],[8.5237,48.80889],[8.5243,48.80609],[8.52321,48.80335],[8.51907,48.80038],[8.51707,48.79738],[8.52029,48.79286],[8.52814,48.78751],[8.53008,48.78495],[8.54134,48.78469],[8.54558,48.78611],[8.54864,48.7883],[8.5515,48.7923],[8.55421,48.79771],[8.55403,48.79989],[8.55588,48.80455],[8.56039,48.8096],[8.56573,48.81185],[8.57508,48.8143],[8.58422,48.81512],[8.5886,48.81445],[8.59218,48.81266],[8.59652,48.80767],[8.60339,48.80989],[8.6086,48.8104],[8.609,48.81224],[8.60719,48.8173],[8.60769,48.81997],[8.61106,48.82328],[8.61659,48.8249],[8.62065,48.82476],[8.63062,48.82299],[8.63629,48.81955],[8.64987,48.81407],[8.65335,48.81225],[8.6593,48.81237],[8.66555,48.8104],[8.66918,48.81137],[8.67292,48.81457],[8.67671,48.81582],[8.6856,48.81563],[8.68873,48.81628],[8.69576,48.8166],[8.70028,48.82007],[8.70446,48.82103],[8.71093,48.82025],[8.72065,48.81365],[8.7221,48.81073],[8.72161,48.80628],[8.72528,48.80074],[8.72897,48.79804],[8.7338,48.79966],[8.73808,48.80005],[8.74225,48.79931],[8.74995,48.79539],[8.75528,48.79152],[8.76004,48.78271],[8.76343,48.77955],[8.76844,48.77736],[8.78198,48.77435],[8.7856,48.77733],[8.78937,48.77895],[8.79381,48.77942],[8.80414,48.77784],[8.80684,48.77966],[8.81099,48.78087],[8.8167,48.78718],[8.82601,48.79196],[8.82777,48.79437],[8.83161,48.79667],[8.83807,48.79761],[8.84232,48.79675],[8.8457,48.79484],[8.84753,48.79268],[8.86771,48.79245],[8.86983,48.79501],[8.87356,48.79697],[8.88401,48.7999],[8.88794,48.80026],[8.89594,48.79832],[8.89996,48.80038],[8.90083,48.80181],[8.89663,48.80374],[8.89453,48.80609],[8.8939,48.80878],[8.89484,48.81144],[8.89721,48.81368],[8.90225,48.81549],[8.90081,48.81928],[8.89054,48.82194],[8.88753,48.82374],[8.88572,48.82614],[8.88586,48.83034],[8.88271,48.83238],[8.88118,48.83492],[8.88118,48.83764],[8.884,48.84125],[8.89438,48.84665],[8.89855,48.85266],[8.89898,48.85616],[8.90279,48.8607],[8.90695,48.86275],[8.91308,48.86356],[8.91641,48.8652],[8.92035,48.866],[8.92544,48.86558],[8.93119,48.866],[8.93729,48.86544],[8.9425,48.86222],[8.94851,48.85986],[8.95223,48.85672],[8.95714,48.85427],[8.95907,48.85172],[8.96017,48.84572],[8.95699,48.84112],[8.96008,48.83895],[8.96342,48.83502],[8.96501,48.83089],[8.96801,48.82896],[8.9717,48.83035],[8.9755,48.83082],[8.98086,48.83034],[8.98647,48.8318],[8.99073,48.83214],[8.99666,48.83059],[9.00035,48.82798],[9.00548,48.82725],[9.01338,48.82857],[9.01859,48.82899],[9.02537,48.82744],[9.02904,48.82717],[9.03375,48.82544],[9.0391,48.82041],[9.04105,48.8178],[9.04127,48.81488],[9.04024,48.81116],[9.03746,48.80808],[9.03639,48.8053],[9.03032,48.79948],[9.03925,48.79464],[9.04272,48.78991],[9.04226,48.78374],[9.04532,48.77762],[9.04968,48.77093],[9.04958,48.76707],[9.05146,48.76359],[9.05795,48.76088],[9.06075,48.75875],[9.06209,48.75607],[9.061,48.75194],[9.05661,48.74891],[9.04598,48.74717],[9.03953,48.74286],[9.04218,48.7406],[9.04791,48.74046],[9.05165,48.73909],[9.0543,48.73687],[9.05634,48.73303],[9.05897,48.73216],[9.06315,48.72842],[9.06974,48.72657],[9.07396,48.72299],[9.07459,48.721],[9.0839,48.71498],[9.09184,48.71179],[9.09514,48.70833],[9.09537,48.7049],[9.102,48.70119],[9.10385,48.69882],[9.10515,48.6947],[9.10483,48.69188],[9.1029,48.68936],[9.09727,48.68629],[9.0929,48.68542],[9.0878,48.68357],[9.08518,48.68077],[9.08533,48.67526],[9.08863,48.67393],[9.09316,48.67383],[9.09567,48.67608],[9.09939,48.67764],[9.10375,48.67809],[9.11596,48.67727],[9.11984,48.67608],[9.12366,48.67269],[9.13256,48.66922],[9.14039,48.66471],[9.14747,48.66288],[9.1548,48.65691],[9.15917,48.64851],[9.16595,48.64345],[9.16823,48.6386],[9.16774,48.63599],[9.16512,48.63264],[9.16576,48.62807],[9.16454,48.62531],[9.16179,48.62308],[9.14554,48.61876],[9.14399,48.61797],[9.14901,48.6125],[9.14963,48.60921],[9.14847,48.60645],[9.14398,48.6034],[9.13821,48.60192],[9.1311,48.60169],[9.12472,48.60043],[9.12051,48.60097],[9.11657,48.60269],[9.11422,48.60498],[9.11335,48.60767],[9.11407,48.61039],[9.11704,48.61382],[9.10949,48.61853],[9.10771,48.62271],[9.10505,48.62279],[9.0957,48.62161],[9.09596,48.61939],[9.09441,48.61614],[9.08941,48.61313],[9.08378,48.6125],[9.08125,48.61156],[9.08458,48.60916],[9.08616,48.60653],[9.08543,48.60235],[9.08271,48.59977],[9.07787,48.59795],[9.07541,48.59554],[9.07159,48.59396],[9.06156,48.59297],[9.05729,48.5936],[9.05241,48.59326],[9.04577,48.59046],[9.04072,48.58739],[9.03689,48.58235],[9.03205,48.5796],[9.02787,48.579],[9.02366,48.57953],[9.02009,48.5811],[9.01346,48.58638],[9.00603,48.58799],[8.99438,48.58714],[8.98873,48.58861],[8.98445,48.59144],[8.9805,48.59003],[8.97548,48.58955],[8.96656,48.58718],[8.95926,48.58689],[8.95418,48.58788],[8.94952,48.58716],[8.94678,48.58291],[8.94387,48.58065],[8.93902,48.57923],[8.93601,48.57759],[8.93426,48.57435],[8.92934,48.57145],[8.92117,48.57097],[8.9168,48.57219],[8.91141,48.57217],[8.90303,48.56645],[8.89903,48.56541],[8.8935,48.56568],[8.88996,48.56447],[8.88661,48.55299],[8.88641,48.54755],[8.88375,48.54404],[8.87557,48.54037],[8.86919,48.53979],[8.86649,48.5401],[8.85101,48.53718],[8.85108,48.53205],[8.85507,48.52878],[8.8558,48.52603],[8.85454,48.52276],[8.85586,48.52039],[8.85585,48.51558],[8.85394,48.51303],[8.85068,48.51116],[8.84524,48.50923],[8.84118,48.5052],[8.83544,48.50366],[8.83131,48.50394],[8.81986,48.50573],[8.81434,48.50818],[8.80566,48.50802],[8.80086,48.50908],[8.7979,48.51065],[8.79311,48.51458],[8.78989,48.51997],[8.78104,48.52131],[8.77185,48.52429],[8.76957,48.52367],[8.76836,48.5211],[8.76393,48.51796],[8.76502,48.51401],[8.76336,48.51007],[8.76053,48.50807],[8.75631,48.50684],[8.75576,48.5042],[8.76297,48.50324],[8.76803,48.50048],[8.7707,48.49537],[8.77649,48.48682],[8.77929,48.48543],[8.78563,48.48656],[8.78996,48.48589],[8.79351,48.48412],[8.79577,48.48177],[8.80091,48.47814],[8.80705,48.47562],[8.80911,48.47326],[8.81206,48.47177],[8.81556,48.46684],[8.81567,48.46404],[8.81417,48.46142],[8.80729,48.45698],[8.80117,48.45371],[8.79547,48.45224],[8.79023,48.45184],[8.78771,48.44932],[8.78394,48.44779],[8.78022,48.44731],[8.77602,48.44137],[8.76937,48.43769],[8.76877,48.43355],[8.76439,48.42808],[8.7649,48.42598],[8.76824,48.42237],[8.76814,48.41652],[8.77725,48.41563],[8.78457,48.4163],[8.79153,48.41631],[8.79727,48.41435],[8.80031,48.41057],[8.80139,48.407],[8.80672,48.40749],[8.81656,48.40665],[8.82795,48.40699],[8.83182,48.40647],[8.8377,48.41121],[8.84169,48.4122],[8.84618,48.4122],[8.8547,48.41368],[8.86291,48.41413],[8.86673,48.41329],[8.86981,48.41158],[8.87175,48.40923],[8.87251,48.40535],[8.86916,48.39928],[8.87597,48.39701],[8.87857,48.39823],[8.88449,48.39897],[8.88837,48.39821],[8.89274,48.39545],[8.89445,48.39273],[8.90235,48.39276],[8.90736,48.39404],[8.91156,48.39407],[8.92231,48.39246],[8.9272,48.39045],[8.93941,48.39005],[8.94904,48.38783],[8.952,48.38576],[8.9538,48.38093],[8.95784,48.38075],[8.96886,48.38455],[8.97282,48.38502],[8.97676,48.38449],[8.98498,48.38226],[8.99225,48.38234],[8.99819,48.38079],[9.00476,48.37576],[9.0081,48.37607],[9.01798,48.37449],[9.02313,48.37171],[9.03398,48.37079],[9.04089,48.37271],[9.04711,48.3731],[9.05181,48.37224],[9.05537,48.3705],[9.05812,48.3662],[9.0644,48.36613],[9.06838,48.36504],[9.07301,48.36282],[9.07636,48.36391],[9.08372,48.36366],[9.08837,48.36411],[9.09431,48.36654],[9.10433,48.36795],[9.10926,48.37031],[9.1129,48.37123],[9.11679,48.37122],[9.12433,48.37022],[9.12976,48.37123],[9.13603,48.37054],[9.13879,48.37102],[9.1456,48.37003],[9.14896,48.37023],[9.15673,48.36949],[9.16337,48.36943],[9.16873,48.36809],[9.17181,48.36636],[9.17373,48.364],[9.17421,48.36133],[9.17319,48.35873],[9.16722,48.35331],[9.17409,48.34446],[9.18105,48.34175],[9.18612,48.34036],[9.18896,48.33816],[9.1934,48.33672],[9.20168,48.33546],[9.2101,48.3325],[9.2134,48.33039],[9.21511,48.32756],[9.21671,48.32054],[9.21629,48.31724],[9.21428,48.31432],[9.21001,48.31143],[9.2018,48.30999],[9.19607,48.30844],[9.19163,48.30874],[9.18781,48.31019],[9.17834,48.31133],[9.1679,48.31118],[9.16262,48.31262],[9.16063,48.30643],[9.16427,48.30552],[9.17011,48.30212],[9.17344,48.29755],[9.17694,48.29399],[9.17811,48.29124],[9.18292,48.28619],[9.18395,48.28249],[9.18697,48.2809],[9.19523,48.28178],[9.19866,48.28392],[9.20279,48.28486],[9.20714,48.28463],[9.21541,48.28242],[9.21835,48.28067],[9.22015,48.27834],[9.22146,48.27143],[9.22117,48.26781],[9.2256,48.26689],[9.2355,48.26973],[9.23944,48.26977],[9.24505,48.26789],[9.24994,48.26809],[9.255,48.26922],[9.2614,48.27199],[9.26515,48.27446],[9.2684,48.27811],[9.2709,48.27959],[9.27442,48.28342],[9.28013,48.2851],[9.28451,48.28488],[9.28995,48.28247],[9.29381,48.27817],[9.295,48.27475],[9.29718,48.27298],[9.30104,48.26769],[9.30572,48.2661],[9.30953,48.26247],[9.31027,48.25909],[9.31195,48.25818],[9.32225,48.25832],[9.32834,48.25677],[9.33111,48.25472],[9.33637,48.24841],[9.34372,48.24465],[9.34621,48.24267],[9.34763,48.23964],[9.36207,48.22706],[9.36614,48.22424],[9.36751,48.22139],[9.3673,48.21863],[9.36854,48.21611],[9.373,48.21386],[9.37661,48.21021],[9.3778,48.20747],[9.37968,48.20626],[9.38204,48.20205],[9.38708,48.19831],[9.39183,48.19635],[9.39828,48.19675],[9.4031,48.19818],[9.40685,48.20051],[9.41202,48.20199],[9.41614,48.2019],[9.41991,48.20078],[9.42277,48.19879],[9.42446,48.19565],[9.43795,48.19491],[9.4405,48.20113],[9.44306,48.20338],[9.45651,48.20743],[9.46082,48.20716],[9.46614,48.20472],[9.46841,48.20068],[9.46777,48.19672],[9.48208,48.20175],[9.48636,48.20359],[9.48817,48.20713],[9.4911,48.20928],[9.49791,48.21246],[9.4984,48.21541],[9.49805,48.22135],[9.49902,48.22317],[9.49355,48.22534],[9.49125,48.22785],[9.49004,48.23264],[9.48994,48.23797],[9.49112,48.24087],[9.49396,48.24319],[9.50067,48.24501],[9.51314,48.25015],[9.51852,48.2512],[9.52653,48.25431],[9.52693,48.25719],[9.53035,48.2606],[9.53036,48.26322],[9.52744,48.26587],[9.52643,48.26804],[9.52186,48.26962],[9.51758,48.2725],[9.51632,48.27647],[9.51847,48.28026],[9.5215,48.28209],[9.52932,48.28404],[9.53198,48.28696],[9.53567,48.28877],[9.53891,48.28939],[9.54126,48.29118],[9.54517,48.29256],[9.54958,48.29276],[9.55376,48.29195],[9.55685,48.29339],[9.55457,48.30023],[9.55516,48.30648],[9.55081,48.30724],[9.54733,48.30891],[9.54509,48.31135],[9.54478,48.3156],[9.54665,48.31818],[9.54988,48.32006],[9.55119,48.32195],[9.55733,48.32812],[9.56234,48.33014],[9.56626,48.33037],[9.57474,48.32898],[9.57943,48.32688],[9.58041,48.32854],[9.58037,48.33313],[9.58149,48.33522],[9.58589,48.3394],[9.58896,48.34662],[9.59128,48.35017],[9.59067,48.35276],[9.59197,48.35621],[9.59026,48.36084],[9.59194,48.36553],[9.59417,48.36773],[9.59929,48.37025],[9.60376,48.37452],[9.59921,48.37737],[9.59461,48.3786],[9.59172,48.38059],[9.58999,48.38453],[9.58725,48.38614],[9.58485,48.39023],[9.58548,48.39316],[9.59002,48.39696],[9.59417,48.3981],[9.60137,48.39831],[9.60721,48.39794],[9.61136,48.39666],[9.62124,48.39576],[9.62156,48.39768],[9.62533,48.40155],[9.62592,48.40392],[9.62511,48.40984],[9.62712,48.41351],[9.63058,48.41652],[9.63666,48.4186],[9.63872,48.42432],[9.63636,48.42855],[9.63494,48.43562],[9.63246,48.43954],[9.63207,48.44272],[9.63027,48.44617],[9.62777,48.44892],[9.6268,48.45279],[9.62142,48.45754],[9.61721,48.46347],[9.61454,48.47058],[9.60661,48.47146],[9.59643,48.47474],[9.59383,48.47674],[9.59195,48.48037],[9.59175,48.48622],[9.58827,48.48938],[9.58751,48.49199],[9.58927,48.49598],[9.58961,48.49873],[9.58774,48.50167],[9.58773,48.50472],[9.5896,48.51029],[9.59116,48.51208],[9.58906,48.51435],[9.58879,48.51879],[9.5866,48.52395],[9.58336,48.52923],[9.58303,48.53223],[9.5851,48.53663],[9.57941,48.54231],[9.57839,48.54708],[9.57363,48.54773],[9.5701,48.54945],[9.56789,48.55197],[9.56735,48.55486],[9.56982,48.55887],[9.57015,48.56164],[9.57535,48.56687],[9.58233,48.57088],[9.5894,48.5715],[9.59362,48.57455],[9.59369,48.58081],[9.59637,48.59081],[9.59357,48.59383],[9.59271,48.59819],[9.59065,48.60084],[9.5902,48.60378],[9.59157,48.60658],[9.59593,48.61098],[9.59274,48.61673],[9.58879,48.61691],[9.5842,48.61848],[9.57779,48.6251],[9.55884,48.63025],[9.55573,48.63226],[9.55386,48.63636],[9.55594,48.64054],[9.55406,48.64473],[9.55485,48.64855],[9.55482,48.65556],[9.54915,48.65576],[9.5453,48.65688],[9.54093,48.66024],[9.52755,48.65941],[9.52373,48.66013],[9.51693,48.65933],[9.51084,48.66057],[9.50497,48.66409],[9.49922,48.66547],[9.4965,48.66742],[9.49502,48.66988],[9.49269,48.67705],[9.49191,48.68325],[9.49313,48.68671],[9.49049,48.68939],[9.48989,48.69226],[9.49106,48.69564],[9.49349,48.6983],[9.49324,48.70029],[9.49042,48.70506],[9.49017,48.70792],[9.49365,48.7123],[9.49173,48.71794],[9.49032,48.7248],[9.49174,48.72772],[9.49382,48.72947],[9.4979,48.73699],[9.50386,48.74162],[9.50633,48.74414],[9.51034,48.75029],[9.51086,48.75397],[9.51282,48.7564],[9.51796,48.75871],[9.52211,48.75902],[9.52613,48.75828],[9.53389,48.75569],[9.53818,48.75321],[9.54326,48.74723],[9.54498,48.74358],[9.54762,48.74058],[9.55251,48.74184],[9.55479,48.74496],[9.55806,48.74674],[9.5626,48.74765],[9.56892,48.75026],[9.58071,48.7501],[9.58208,48.75433],[9.58518,48.76018],[9.58545,48.76231],[9.5877,48.76606],[9.58757,48.77029],[9.58965,48.77289],[9.59522,48.77526],[9.59994,48.77597],[9.60394,48.77568],[9.6075,48.77444],[9.6145,48.76935],[9.62375,48.77306],[9.62445,48.77577],[9.62116,48.77998],[9.62097,48.78418],[9.62288,48.7867],[9.62745,48.78894],[9.63254,48.79326],[9.63801,48.79523],[9.64331,48.79642],[9.6444,48.79784],[9.64388,48.80084],[9.64492,48.80359],[9.64984,48.80693],[9.65173,48.80974],[9.65126,48.81317],[9.65282,48.81597],[9.65956,48.8221],[9.66566,48.82362],[9.67562,48.8232],[9.67851,48.82252],[9.68539,48.82331],[9.69487,48.82221],[9.6986,48.82318],[9.70657,48.82308],[9.71242,48.82072],[9.71588,48.81675],[9.7198,48.81424],[9.72389,48.81567],[9.72836,48.81613],[9.73379,48.81837],[9.739,48.81936],[9.75221,48.82312],[9.75596,48.82685],[9.75922,48.82843],[9.76638,48.82966],[9.76944,48.8336],[9.7693,48.83666],[9.76597,48.84191],[9.76331,48.84809],[9.76373,48.85093],[9.76581,48.85345],[9.76356,48.85555],[9.75951,48.85722],[9.75625,48.86162],[9.75261,48.86357],[9.75072,48.86595],[9.75042,48.86978],[9.74875,48.87411],[9.75077,48.87776],[9.75189,48.88163],[9.75116,48.88429],[9.74796,48.88773],[9.74686,48.8902],[9.74769,48.89573],[9.74551,48.89933],[9.74076,48.90217],[9.73427,48.9048],[9.73017,48.90584],[9.72352,48.90937],[9.72124,48.91172],[9.72023,48.91454],[9.71712,48.91526],[9.71154,48.91399],[9.70549,48.915],[9.70237,48.91684],[9.70054,48.91932],[9.69969,48.92511],[9.70047,48.92871],[9.69549,48.92769],[9.68828,48.92854],[9.6814,48.93306],[9.67905,48.93768],[9.67981,48.94057],[9.68399,48.94394],[9.69048,48.94617],[9.69558,48.94638],[9.69746,48.95046],[9.69389,48.95281],[9.69192,48.9553],[9.69157,48.96072],[9.69317,48.96396],[9.69029,48.96646],[9.68523,48.96832],[9.68057,48.96925],[9.67708,48.97106],[9.67161,48.97557],[9.66947,48.97955],[9.66973,48.98234],[9.67158,48.98485],[9.67533,48.98694],[9.67619,48.98934],[9.66611,48.9937],[9.65926,48.99387],[9.65349,48.9955],[9.64414,48.99675],[9.6404,48.9985],[9.63569,49.00387],[9.62262,49.00528],[9.61267,49.00572],[9.60867,49.00702],[9.60579,49.00926],[9.60454,49.01355],[9.60519,49.01606],[9.60841,49.02017],[9.61102,49.02194],[9.61353,49.02508],[9.61006,49.02892],[9.60998,49.03179],[9.61336,49.03582],[9.60935,49.03852],[9.60802,49.0412],[9.60835,49.044],[9.61028,49.0465],[9.61335,49.04825],[9.6147,49.05027],[9.61202,49.05169],[9.60849,49.05216],[9.60438,49.05408],[9.59894,49.0551],[9.59602,49.05632],[9.58972,49.05658],[9.57833,49.05478],[9.57563,49.05361],[9.57096,49.053],[9.56281,49.0541],[9.55544,49.05423],[9.5505,49.05629],[9.54594,49.05658],[9.54104,49.05765],[9.53779,49.05932],[9.53383,49.06393],[9.52651,49.06424],[9.52297,49.06587],[9.52066,49.06827],[9.52055,49.07339],[9.51926,49.077],[9.51147,49.07762],[9.50781,49.07921],[9.50539,49.08161],[9.5046,49.08445],[9.50618,49.08815],[9.50309,49.09107],[9.50241,49.09395],[9.50353,49.09677],[9.50716,49.10135],[9.50998,49.10365],[9.51395,49.10501],[9.52511,49.1062],[9.53125,49.10491],[9.53574,49.10205],[9.53969,49.10451],[9.53847,49.10869],[9.53924,49.11065],[9.53623,49.11342],[9.53572,49.11776],[9.5376,49.12041],[9.5439,49.12385],[9.54999,49.12487],[9.55593,49.12353],[9.56242,49.11862],[9.56792,49.12014],[9.57259,49.12062],[9.57652,49.12018],[9.57994,49.11885],[9.58782,49.11359],[9.59251,49.10818],[9.59796,49.10782],[9.60316,49.10567],[9.60939,49.1055],[9.6132,49.1089],[9.61134,49.11163],[9.61117,49.11464],[9.613,49.11916],[9.60789,49.12153],[9.60058,49.12015],[9.59276,49.12237],[9.5862,49.1289],[9.58494,49.133],[9.58736,49.13686],[9.59514,49.14008],[9.59923,49.1404],[9.6032,49.1397],[9.60767,49.13707],[9.61132,49.13655],[9.61747,49.1372],[9.62278,49.13661],[9.62748,49.1374],[9.6318,49.13708],[9.63558,49.13568],[9.63824,49.13342],[9.63935,49.13067],[9.63848,49.12734],[9.64539,49.12732],[9.65204,49.13105],[9.65467,49.13491],[9.66563,49.14021],[9.66773,49.14229],[9.66828,49.14457],[9.67273,49.14905],[9.67399,49.1531],[9.67295,49.15573],[9.67322,49.15854],[9.67512,49.16107],[9.67835,49.16292],[9.68651,49.16493],[9.68991,49.16707],[9.68969,49.17088],[9.69072,49.17369],[9.69322,49.17591],[9.69643,49.18148],[9.69622,49.18651],[9.69776,49.18926],[9.70083,49.19137],[9.70499,49.19253],[9.70914,49.19476],[9.72011,49.19586],[9.72987,49.19471],[9.74026,49.19424],[9.74453,49.19483],[9.74767,49.19778],[9.75044,49.20335],[9.75173,49.20831],[9.754,49.21142],[9.75133,49.21277],[9.74896,49.21535],[9.74881,49.21975],[9.75063,49.22214],[9.75548,49.22451],[9.76488,49.22471],[9.76555,49.22663],[9.76303,49.23554],[9.76508,49.24126],[9.76765,49.24337],[9.77101,49.24465],[9.77363,49.24828],[9.7763,49.25008],[9.78771,49.25449],[9.79827,49.25651],[9.80747,49.25781],[9.81191,49.25763],[9.82221,49.26319],[9.82693,49.265],[9.82618,49.2687],[9.82701,49.27508],[9.82917,49.27771],[9.83543,49.28235],[9.83923,49.28363],[9.8438,49.28409],[9.84616,49.28563],[9.85036,49.28684],[9.85531,49.28676],[9.86024,49.28998],[9.86027,49.29326],[9.85811,49.29616],[9.85838,49.30055],[9.85996,49.30249],[9.85953,49.30474],[9.85581,49.30787],[9.85488,49.31054],[9.85553,49.3161],[9.85355,49.31935],[9.85379,49.32212],[9.85564,49.32463],[9.85867,49.32644],[9.85832,49.33022],[9.85347,49.33442],[9.8476,49.34068],[9.84625,49.34332],[9.84667,49.34762],[9.84906,49.35006],[9.85578,49.35358],[9.85398,49.35612],[9.85381,49.36007],[9.86094,49.36822],[9.8667,49.37012],[9.87167,49.37248],[9.87582,49.3729],[9.8799,49.37228],[9.88726,49.36967],[9.89418,49.36981],[9.90004,49.36731],[9.91176,49.36809],[9.91701,49.36894],[9.92141,49.3683],[9.9264,49.36536],[9.92992,49.3603],[9.93342,49.35404],[9.93517,49.35224],[9.9399,49.35687],[9.94398,49.3585],[9.95265,49.36016],[9.95904,49.35961],[9.96122,49.3622],[9.96593,49.36451],[9.97051,49.37104],[9.97382,49.37307],[9.9781,49.37406],[9.98623,49.37356],[9.99287,49.372],[10.0003,49.37086],[10.01305,49.37012],[10.02015,49.37019],[10.02523,49.36908],[10.03945,49.36926],[10.04028,49.37143],[10.03744,49.37775],[10.03914,49.38155],[10.04622,49.38644],[10.04973,49.38799],[10.05388,49.38856],[10.06154,49.38863],[10.0669,49.38988],[10.07178,49.393],[10.0798,49.39435],[10.08506,49.39371],[10.09412,49.39361],[10.09944,49.39401],[10.10372,49.39299],[10.107,49.39092],[10.11015,49.38589],[10.11004,49.38295],[10.1074,49.37885],[10.11399,49.37213],[10.11477,49.36926],[10.11304,49.36326],[10.11374,49.35791],[10.11278,49.35519],[10.10764,49.35164],[10.10679,49.34949],[10.10399,49.34695],[10.10328,49.34181],[10.1049,49.33842],[10.10865,49.33514],[10.11041,49.32913],[10.11557,49.3283],[10.12056,49.32544],[10.12723,49.32495],[10.1305,49.32564],[10.13775,49.33082],[10.1416,49.33195],[10.14756,49.33177],[10.15834,49.33798],[10.16348,49.33911],[10.16269,49.34371],[10.16347,49.34643],[10.16625,49.34912],[10.16715,49.35138],[10.17427,49.35835],[10.17747,49.35991],[10.18275,49.36118],[10.18944,49.36119],[10.1952,49.35994],[10.19894,49.36027],[10.20649,49.36214],[10.21203,49.36124],[10.21684,49.36232],[10.21572,49.36571],[10.21047,49.36919],[10.20948,49.37196],[10.21111,49.37773],[10.21362,49.38073],[10.21422,49.38299],[10.21723,49.38605],[10.22179,49.39263],[10.22086,49.39679],[10.22227,49.39932],[10.21041,49.40084],[10.19702,49.40094],[10.18721,49.40331],[10.18442,49.40489],[10.179,49.40662],[10.17386,49.40686],[10.16453,49.40586],[10.15602,49.40785],[10.15285,49.41018],[10.149,49.4152],[10.14856,49.41795],[10.14973,49.42061],[10.15235,49.42278],[10.15604,49.42414],[10.16693,49.42425],[10.16804,49.42619],[10.17125,49.42848],[10.18457,49.4322],[10.18872,49.43252],[10.19258,49.43426],[10.18942,49.44473],[10.18934,49.44885],[10.18815,49.45185],[10.18751,49.45677],[10.18215,49.463],[10.18144,49.46725],[10.17574,49.47381],[10.17435,49.47774],[10.17637,49.48423],[10.1791,49.48661],[10.18308,49.48807],[10.19195,49.48933],[10.19894,49.48981],[10.2023,49.48932],[10.20683,49.49111],[10.21111,49.49143],[10.21893,49.49043],[10.22231,49.48891],[10.23154,49.48815],[10.23617,49.48942],[10.24022,49.49221],[10.24403,49.49313],[10.2481,49.49309],[10.26095,49.48934],[10.2646,49.48931],[10.27138,49.48776],[10.27554,49.48979],[10.27997,49.49051],[10.2872,49.49386],[10.2874,49.4966],[10.28908,49.49918],[10.29214,49.50114],[10.30133,49.50405],[10.30575,49.50415],[10.31604,49.50283],[10.31865,49.50161],[10.32909,49.5022],[10.33351,49.50134],[10.33876,49.50217],[10.34473,49.50192],[10.35576,49.49866],[10.35915,49.49699],[10.36125,49.49472],[10.36988,49.49147],[10.37652,49.49324],[10.39366,49.4934],[10.39981,49.4916],[10.40248,49.48921],[10.40619,49.48306],[10.40649,49.47983],[10.41139,49.47642],[10.41282,49.47309],[10.41927,49.47141],[10.42163,49.46999],[10.42568,49.46942],[10.43191,49.46674],[10.43925,49.46583],[10.44665,49.46231],[10.45301,49.46221],[10.46271,49.46451],[10.4655,49.46644],[10.47238,49.46838],[10.4789,49.46815],[10.48411,49.46979],[10.48662,49.47282],[10.4898,49.47463],[10.49591,49.47559],[10.50384,49.47532],[10.5044,49.47795],[10.5072,49.48221],[10.51214,49.48485],[10.51635,49.4854],[10.5343,49.4838],[10.53816,49.48393],[10.54266,49.48308],[10.54621,49.48109],[10.55599,49.47319],[10.56317,49.47121],[10.56697,49.47178],[10.57055,49.4738],[10.57461,49.47478],[10.57894,49.47467],[10.58547,49.47287],[10.59336,49.47531],[10.59782,49.47523],[10.60187,49.47401],[10.60605,49.46998],[10.61519,49.46953],[10.61999,49.47014],[10.63001,49.46932],[10.63309,49.46822],[10.64022,49.4711],[10.64467,49.47161],[10.64906,49.47091],[10.65327,49.46866],[10.66402,49.46899],[10.6697,49.47198],[10.67884,49.47398],[10.68477,49.47698],[10.69163,49.47816],[10.68566,49.48463],[10.68505,49.48729],[10.68598,49.48991],[10.68886,49.49294],[10.69229,49.49444],[10.70019,49.49505],[10.7051,49.49654],[10.7094,49.50251],[10.71323,49.50524],[10.71324,49.51054],[10.71037,49.51426],[10.70545,49.51526],[10.70154,49.51528],[10.69655,49.51666],[10.68696,49.51699],[10.67671,49.51957],[10.67365,49.52157],[10.67201,49.52418],[10.67268,49.52835],[10.67759,49.5326],[10.66693,49.5325],[10.6615,49.53411],[10.65759,49.53807],[10.65726,49.54103],[10.65404,49.54265],[10.64703,49.54237],[10.6442,49.54022],[10.63861,49.53724],[10.6305,49.53477],[10.62316,49.53301],[10.6148,49.53309],[10.61095,49.53413],[10.60797,49.53603],[10.60601,49.53987],[10.60665,49.54255],[10.61126,49.54709],[10.60728,49.54887],[10.60341,49.54799],[10.59894,49.54821],[10.59044,49.55123],[10.58272,49.55102],[10.57891,49.55179],[10.57577,49.55339],[10.57105,49.55775],[10.56443,49.56034],[10.56242,49.56291],[10.56185,49.56633],[10.55792,49.56916],[10.55285,49.5673],[10.54749,49.56729],[10.54364,49.56661],[10.53676,49.56749],[10.53033,49.56602],[10.52599,49.56652],[10.52246,49.56799],[10.51919,49.56796],[10.51282,49.56994],[10.50587,49.56815],[10.49877,49.56844],[10.49239,49.57061],[10.48872,49.57116],[10.47399,49.57036],[10.46965,49.5713],[10.46512,49.5746],[10.46388,49.57899],[10.46493,49.58408],[10.46652,49.58668],[10.47068,49.59043],[10.47475,49.59295],[10.48069,49.59444],[10.48569,49.59658],[10.48946,49.59927],[10.49339,49.60037],[10.49984,49.6002],[10.50321,49.60259],[10.50107,49.60764],[10.50096,49.61579],[10.49873,49.61906],[10.49946,49.62328],[10.49788,49.62504],[10.49149,49.62721],[10.48676,49.63074],[10.47228,49.63079],[10.47001,49.6313],[10.46532,49.62998],[10.46115,49.63004],[10.45273,49.63284],[10.44192,49.63306],[10.43718,49.63422],[10.41476,49.63312],[10.40573,49.6331],[10.3917,49.63416],[10.38637,49.63603],[10.38242,49.6407],[10.38213,49.64341],[10.3792,49.65035],[10.37613,49.65208],[10.37056,49.65719],[10.36833,49.66055],[10.3682,49.66584],[10.36911,49.668],[10.36796,49.67197],[10.36541,49.67537],[10.36543,49.67818],[10.36936,49.68268],[10.37312,49.68425],[10.38187,49.68527],[10.38497,49.68508],[10.38711,49.68803],[10.38709,49.69084],[10.38272,49.69395],[10.3781,49.6922],[10.37289,49.69143],[10.36895,49.69176],[10.36491,49.69323],[10.35982,49.69392],[10.35515,49.69665],[10.35367,49.69922],[10.35379,49.7025],[10.35728,49.70655],[10.36111,49.70842],[10.37025,49.71151],[10.37392,49.71652],[10.37423,49.71963],[10.37777,49.72328],[10.3867,49.72663],[10.39287,49.72962],[10.39523,49.73167],[10.40073,49.73443],[10.40463,49.73531],[10.40875,49.73519],[10.41411,49.73325],[10.41761,49.73094],[10.42228,49.73144],[10.42459,49.736],[10.42749,49.73797],[10.42877,49.74099],[10.43239,49.74505],[10.4347,49.74663],[10.43631,49.75133],[10.43027,49.75277],[10.42709,49.75452],[10.42514,49.75692],[10.42469,49.75961],[10.42581,49.76221],[10.42904,49.76521],[10.43184,49.76996],[10.42867,49.77365],[10.42765,49.77795],[10.42868,49.78237],[10.42328,49.78732],[10.42222,49.7911],[10.42294,49.79417],[10.42483,49.7967],[10.42807,49.79856],[10.43197,49.79945],[10.43411,49.8029],[10.43956,49.80646],[10.44082,49.80883],[10.43806,49.81251],[10.43803,49.81515],[10.44115,49.81915],[10.44899,49.8224],[10.44983,49.82508],[10.45577,49.83243],[10.46191,49.83598],[10.45824,49.83731],[10.45542,49.83941],[10.4498,49.84172],[10.4476,49.84412],[10.44699,49.85147],[10.44911,49.85551],[10.44986,49.85865],[10.45348,49.86846],[10.45289,49.87216],[10.44812,49.87473],[10.44369,49.87509],[10.43988,49.87638],[10.43736,49.87825],[10.42623,49.87865],[10.42227,49.88015],[10.41856,49.88344],[10.41754,49.88611],[10.41904,49.89008],[10.42184,49.89214],[10.42773,49.89363],[10.43183,49.89335],[10.44226,49.89533],[10.44461,49.89751],[10.4484,49.89916],[10.45289,49.89968],[10.45733,49.899],[10.46196,49.89649],[10.4691,49.89518],[10.47091,49.89619],[10.46762,49.89877],[10.46653,49.90139],[10.46783,49.90533],[10.47048,49.90743],[10.47661,49.90927],[10.47532,49.91437],[10.47691,49.91698],[10.48069,49.91934],[10.47206,49.92123],[10.46565,49.92441],[10.46224,49.92913],[10.45435,49.93365],[10.45291,49.93637],[10.45406,49.94058],[10.45685,49.94282],[10.46201,49.9449],[10.46624,49.94522],[10.47216,49.94376],[10.47946,49.93956],[10.49029,49.93915],[10.49562,49.93787],[10.50237,49.93558],[10.51369,49.93256],[10.51818,49.93216],[10.52654,49.92984],[10.5291,49.93099],[10.53831,49.9326],[10.5457,49.93838],[10.55101,49.94047],[10.55668,49.9467],[10.56316,49.94975],[10.56738,49.95027],[10.5739,49.94912],[10.58199,49.95024],[10.58381,49.95297],[10.5867,49.95475],[10.59171,49.95595],[10.59752,49.95848],[10.60172,49.95871],[10.60751,49.95717],[10.61023,49.9551],[10.61303,49.95162],[10.61818,49.95057],[10.62656,49.9468],[10.63552,49.9444],[10.64428,49.94527],[10.65721,49.94412],[10.66683,49.94013],[10.67155,49.93525],[10.67906,49.93078],[10.68661,49.9284],[10.69502,49.92708],[10.69954,49.9272],[10.70411,49.92611],[10.71153,49.92206],[10.71591,49.9209],[10.73935,49.90837],[10.74783,49.90541],[10.75593,49.90337],[10.76282,49.90555],[10.76435,49.9074],[10.76963,49.90994],[10.77402,49.91034],[10.78095,49.90971],[10.78664,49.91072],[10.79734,49.91796],[10.8045,49.92099],[10.80856,49.92127],[10.8125,49.92059],[10.81645,49.91888],[10.82011,49.91849],[10.8298,49.9149],[10.83463,49.9125],[10.83749,49.9087],[10.8373,49.90587],[10.83542,49.9033],[10.82657,49.89851],[10.82825,49.89464],[10.833,49.89073],[10.83362,49.88774],[10.83308,49.8814],[10.8378,49.87739],[10.83849,49.87531],[10.84498,49.8733],[10.84957,49.87343],[10.85368,49.87242],[10.85808,49.86944],[10.86338,49.86731],[10.86648,49.8643],[10.87214,49.86339],[10.87593,49.8619],[10.88316,49.85568],[10.88749,49.85471],[10.8973,49.85119],[10.90073,49.84906],[10.90602,49.84864],[10.92637,49.84254],[10.92885,49.84309],[10.92912,49.84603],[10.93165,49.85039],[10.93498,49.85247],[10.93932,49.8535],[10.94741,49.85404],[10.95388,49.85263],[10.95978,49.84965],[10.95104,49.86205],[10.95088,49.86556],[10.94913,49.86825],[10.94928,49.87211],[10.95269,49.87605],[10.95141,49.88107],[10.95209,49.89129],[10.95056,49.8979],[10.94703,49.906],[10.94361,49.91091],[10.9381,49.91664],[10.92583,49.92501],[10.92022,49.92543],[10.91662,49.92694],[10.9072,49.92285],[10.90039,49.92115],[10.8863,49.92051],[10.88116,49.91647],[10.86977,49.91376],[10.86546,49.91383],[10.85914,49.91634],[10.84785,49.91612],[10.84366,49.91719],[10.84047,49.91926],[10.83881,49.92197],[10.83827,49.92799],[10.83943,49.93074],[10.84394,49.93459],[10.84472,49.93954],[10.84743,49.94183],[10.85132,49.94326],[10.85782,49.94369],[10.86397,49.9423],[10.87014,49.94026],[10.87577,49.94371],[10.8824,49.94565],[10.8852,49.94779],[10.89445,49.95062],[10.89677,49.95328],[10.89386,49.95618],[10.89209,49.9633],[10.88293,49.96259],[10.87677,49.96408],[10.87238,49.96639],[10.86872,49.96924],[10.8665,49.97399],[10.86303,49.97415],[10.85677,49.97309],[10.84939,49.96965],[10.84581,49.96872],[10.84315,49.96362],[10.8385,49.96004],[10.83266,49.95819],[10.82829,49.95829],[10.82432,49.95947],[10.82074,49.96212],[10.81551,49.96452],[10.81236,49.96518],[10.81002,49.96375],[10.80267,49.96113],[10.79443,49.9606],[10.78998,49.95877],[10.78593,49.95839],[10.78014,49.95962],[10.77485,49.96278],[10.76832,49.96348],[10.76325,49.96577],[10.76106,49.96816],[10.75736,49.96696],[10.75333,49.96344],[10.74925,49.96215],[10.73987,49.96234],[10.73159,49.96213],[10.72504,49.96132],[10.72072,49.96216],[10.71596,49.96511],[10.70783,49.9675],[10.70458,49.96929],[10.70261,49.97175],[10.70222,49.9745],[10.70444,49.97845],[10.70496,49.98161],[10.70701,49.98391],[10.71021,49.98558],[10.71746,49.98637],[10.71992,49.98741],[10.72931,49.98912],[10.73328,49.98927],[10.73911,49.99152],[10.74754,49.99302],[10.7508,49.99294],[10.75639,49.99465],[10.76478,50.00043],[10.7642,50.00383],[10.76661,50.00973],[10.76522,50.01334],[10.75456,50.01377],[10.74872,50.01046],[10.74481,50.00916],[10.73687,50.00831],[10.73242,50.00869],[10.72422,50.01196],[10.71612,50.00692],[10.70976,50.00619],[10.70708,50.0066],[10.69428,50.00502],[10.68955,50.00568],[10.68264,50.00789],[10.67799,50.01169],[10.67612,50.01598],[10.67181,50.01932],[10.67098,50.02207],[10.67233,50.02555],[10.66967,50.02785],[10.66828,50.03209],[10.66646,50.03477],[10.66569,50.03818],[10.66765,50.04215],[10.67075,50.04411],[10.67744,50.04682],[10.68347,50.04813],[10.68263,50.05292],[10.6837,50.05749],[10.68883,50.06265],[10.68615,50.06867],[10.68125,50.07116],[10.66889,50.07404],[10.66551,50.07554],[10.66114,50.0792],[10.65521,50.07832],[10.65082,50.07911],[10.6451,50.08102],[10.63149,50.0838],[10.62361,50.08637],[10.61649,50.0872],[10.60915,50.09055],[10.60467,50.09175],[10.60091,50.09373],[10.59593,50.09739],[10.59001,50.09925],[10.58403,50.10453],[10.58022,50.10623],[10.57765,50.10876],[10.57691,50.11173],[10.57782,50.1145],[10.57206,50.113],[10.5677,50.11296],[10.56394,50.11389],[10.55574,50.11456],[10.55229,50.11559],[10.54935,50.11481],[10.54416,50.11114],[10.54073,50.11038],[10.53397,50.10624],[10.52335,50.10261],[10.52103,50.09804],[10.5177,50.09619],[10.51353,50.09531],[10.50915,50.09553],[10.50081,50.09745],[10.49825,50.09675],[10.49555,50.09298],[10.49144,50.09072],[10.48683,50.08661],[10.48149,50.08459],[10.47565,50.08311],[10.47172,50.08116],[10.46362,50.07984],[10.45936,50.08024],[10.45348,50.07943],[10.4492,50.08014],[10.44534,50.0821],[10.44308,50.08222],[10.4372,50.0845],[10.41782,50.08501],[10.41305,50.08753],[10.40752,50.08676],[10.40367,50.08727],[10.3995,50.08906],[10.39723,50.09115],[10.39141,50.09379],[10.38842,50.09755],[10.38852,50.10039],[10.39178,50.10405],[10.39365,50.10497],[10.39805,50.11059],[10.40111,50.11277],[10.40413,50.11796],[10.409,50.12326],[10.41288,50.125],[10.41795,50.12576],[10.42562,50.12762],[10.43021,50.13164],[10.43412,50.1327],[10.43836,50.13274],[10.44418,50.13085],[10.45088,50.12997],[10.45501,50.12888],[10.45894,50.12654],[10.46659,50.12521],[10.47207,50.12474],[10.47779,50.12147],[10.48072,50.12163],[10.48265,50.12788],[10.48215,50.13436],[10.48451,50.13984],[10.48395,50.14287],[10.485,50.14562],[10.48763,50.14789],[10.49141,50.14933],[10.49615,50.14972],[10.49885,50.15092],[10.49919,50.15588],[10.50248,50.1609],[10.50315,50.16457],[10.50624,50.16968],[10.50974,50.17271],[10.51602,50.17612],[10.51411,50.17797],[10.50487,50.17907],[10.50148,50.18032],[10.4928,50.18495],[10.48609,50.18742],[10.46378,50.19382],[10.4519,50.20101],[10.44945,50.19983],[10.44914,50.19768],[10.44654,50.19327],[10.44074,50.18867],[10.4382,50.18585],[10.43891,50.18279],[10.43837,50.17758],[10.43383,50.17336],[10.43311,50.17137],[10.42994,50.16849],[10.42603,50.16253],[10.42326,50.16064],[10.42176,50.15667],[10.41585,50.15344],[10.40961,50.14731],[10.40361,50.1453],[10.40031,50.14282],[10.39333,50.14151],[10.38847,50.13914],[10.38448,50.13865],[10.3769,50.13927],[10.37083,50.13785],[10.36406,50.13847],[10.35871,50.14154],[10.35458,50.13786],[10.34326,50.12913],[10.34051,50.12638],[10.34073,50.12218],[10.33922,50.11971],[10.33374,50.11675],[10.33613,50.11404],[10.33678,50.1112],[10.33566,50.10843],[10.33206,50.10564],[10.33065,50.1027],[10.32808,50.10052],[10.32237,50.09878],[10.31961,50.09871],[10.31545,50.09614],[10.30856,50.09461],[10.30003,50.09156],[10.29741,50.08735],[10.29224,50.08518],[10.2811,50.08385],[10.27682,50.08476],[10.27208,50.08777],[10.26626,50.08617],[10.26211,50.0864],[10.25674,50.08856],[10.25029,50.08723],[10.24611,50.08763],[10.24246,50.08901],[10.23895,50.09274],[10.23393,50.0948],[10.22969,50.09319],[10.22608,50.09283],[10.2219,50.09132],[10.22141,50.08686],[10.22588,50.08314],[10.22815,50.07758],[10.22671,50.07265],[10.2226,50.06964],[10.21663,50.06851],[10.21252,50.069],[10.20555,50.07245],[10.20045,50.07156],[10.19819,50.07],[10.19668,50.06602],[10.19124,50.06252],[10.18838,50.05852],[10.18484,50.05686],[10.18046,50.0562],[10.1797,50.05434],[10.1831,50.04924],[10.18305,50.04489],[10.17872,50.04117],[10.17545,50.03692],[10.1706,50.03311],[10.16625,50.03145],[10.1545,50.02854],[10.15005,50.02528],[10.14601,50.02413],[10.1416,50.02408],[10.1375,50.02514],[10.12282,50.03231],[10.11983,50.03596],[10.10957,50.03911],[10.10525,50.04219],[10.09605,50.04297],[10.09252,50.04375],[10.08853,50.04194],[10.08452,50.04129],[10.07569,50.04183],[10.06395,50.04054],[10.06064,50.03708],[10.05696,50.03517],[10.04885,50.03306],[10.04461,50.03303],[10.03898,50.03485],[10.03655,50.03678],[10.02721,50.04053],[10.0209,50.03943],[10.01129,50.03675],[10.00521,50.03397],[10.00084,50.03367],[9.99453,50.03501],[9.99074,50.03686],[9.98806,50.03919],[9.98602,50.04323],[9.98594,50.04652],[9.98429,50.05033],[9.98484,50.05481],[9.98073,50.05794],[9.97471,50.05634],[9.97002,50.05635],[9.96575,50.0576],[9.95963,50.06206],[9.95824,50.06486],[9.9587,50.06778],[9.96094,50.07034],[9.96585,50.0725],[9.96842,50.07457],[9.9679,50.07633],[9.96928,50.08047],[9.97174,50.08258],[9.97718,50.08434],[9.98213,50.08451],[9.98376,50.08761],[9.98666,50.09023],[9.99009,50.0948],[9.99369,50.09637],[10.00225,50.097],[10.00294,50.09875],[10.00675,50.10316],[10.01119,50.1057],[10.01263,50.10833],[10.01177,50.11167],[10.01344,50.11536],[10.01277,50.1186],[10.01347,50.12097],[10.01127,50.12478],[10.0118,50.12751],[10.01683,50.13317],[10.02413,50.13598],[10.02863,50.13973],[10.03292,50.14092],[10.04233,50.14132],[10.04453,50.14101],[10.04998,50.13854],[10.05549,50.13214],[10.05906,50.12926],[10.06232,50.12257],[10.06635,50.12043],[10.07186,50.11848],[10.07514,50.1148],[10.07555,50.10999],[10.07411,50.10642],[10.07604,50.10497],[10.08293,50.10549],[10.08954,50.10493],[10.09209,50.10534],[10.09834,50.10988],[10.09857,50.11326],[10.09609,50.11625],[10.09466,50.12295],[10.09176,50.12649],[10.09131,50.12946],[10.09309,50.13588],[10.09788,50.14399],[10.09435,50.14699],[10.09137,50.14746],[10.08689,50.14944],[10.08007,50.15905],[10.07739,50.16119],[10.07311,50.16195],[10.06726,50.16415],[10.06406,50.16697],[10.0631,50.16951],[10.06355,50.17663],[10.0642,50.17811],[10.05236,50.18006],[10.04078,50.17969],[10.03796,50.17842],[10.03444,50.1751],[10.03295,50.17188],[10.03026,50.16974],[10.02604,50.16831],[10.0235,50.1643],[10.02245,50.16076],[10.01995,50.15792],[10.01663,50.15594],[10.00856,50.15287],[10.00423,50.15218],[9.99983,50.15263],[9.99458,50.15524],[9.99136,50.15939],[9.98745,50.16092],[9.98491,50.16335],[9.98411,50.16684],[9.98203,50.16948],[9.97819,50.17126],[9.97425,50.17495],[9.97354,50.17871],[9.97132,50.18002],[9.96876,50.17903],[9.96386,50.1753],[9.95934,50.16975],[9.95373,50.16779],[9.9473,50.16815],[9.94547,50.16687],[9.9362,50.16322],[9.92982,50.16287],[9.92514,50.16399],[9.92162,50.16564],[9.91636,50.17062],[9.90689,50.17203],[9.90217,50.17478],[9.89966,50.17928],[9.89772,50.18035],[9.89483,50.17933],[9.88886,50.17864],[9.88485,50.17931],[9.87965,50.18248],[9.87467,50.18328],[9.86234,50.17928],[9.85568,50.17928],[9.84913,50.18092],[9.84515,50.17999],[9.84419,50.17846],[9.84779,50.17396],[9.84849,50.16995],[9.85082,50.1657],[9.84964,50.15487],[9.84702,50.15031],[9.84377,50.14689],[9.84163,50.14343],[9.83832,50.14142],[9.83405,50.14043],[9.82899,50.14062],[9.82413,50.14214],[9.81966,50.14599],[9.80413,50.15259],[9.80176,50.15161],[9.80286,50.14902],[9.80239,50.14613],[9.80019,50.14359],[9.79545,50.14075],[9.79171,50.13994],[9.78503,50.13995],[9.78684,50.13383],[9.78626,50.13093],[9.78393,50.12842],[9.77858,50.12623],[9.78068,50.12236],[9.78116,50.11486],[9.7783,50.11099],[9.77465,50.1093],[9.77027,50.10868],[9.76535,50.10923],[9.7577,50.11267],[9.75169,50.11024],[9.7464,50.10966],[9.74467,50.10874],[9.74495,50.10553],[9.74644,50.10242],[9.74428,50.0977],[9.74406,50.09345],[9.74104,50.08818],[9.73608,50.08535],[9.73173,50.08471],[9.72651,50.08543],[9.71447,50.08603],[9.70925,50.08431],[9.7027,50.08413],[9.69874,50.08536],[9.69408,50.08849],[9.69112,50.08923],[9.68203,50.09413],[9.67266,50.09447],[9.66458,50.08952],[9.66044,50.08837],[9.65195,50.08809],[9.64609,50.0896],[9.64476,50.08633],[9.64273,50.08418],[9.63814,50.08131],[9.63766,50.07294],[9.63585,50.07023],[9.63128,50.06774],[9.62581,50.06212],[9.62261,50.06053],[9.61873,50.05976],[9.60786,50.05964],[9.60529,50.06003],[9.59555,50.05671],[9.58335,50.05676],[9.57736,50.05863],[9.57478,50.06098],[9.57424,50.06588],[9.56584,50.06405],[9.55592,50.06548],[9.55617,50.06308],[9.5606,50.06039],[9.56302,50.05774],[9.56537,50.05302],[9.56716,50.05158],[9.56915,50.04769],[9.57649,50.04355],[9.58039,50.04245],[9.59108,50.04198],[9.59942,50.0424],[9.62541,50.04649],[9.63786,50.04511],[9.64335,50.04265],[9.64964,50.04116],[9.65257,50.03896],[9.65421,50.03434],[9.65383,50.03205],[9.65543,50.02946],[9.65767,50.0291],[9.66438,50.03068],[9.67047,50.02958],[9.67358,50.02771],[9.67568,50.02386],[9.67509,50.02115],[9.67281,50.01802],[9.66847,50.01512],[9.66325,50.01338],[9.66316,50.00839],[9.66104,50.00598],[9.65079,50.00139],[9.63634,49.99974],[9.62929,50.00061],[9.62483,50.00018],[9.62005,49.99826],[9.62313,49.99289],[9.62593,49.99087],[9.62742,49.98847],[9.62857,49.98359],[9.62696,49.97996],[9.63483,49.97478],[9.63627,49.97304],[9.64215,49.97466],[9.64815,49.97399],[9.65803,49.97072],[9.66707,49.97104],[9.67139,49.97034],[9.67494,49.9686],[9.67771,49.96429],[9.68377,49.96091],[9.68901,49.95914],[9.69097,49.9576],[9.69605,49.95783],[9.70064,49.95682],[9.70454,49.95445],[9.70626,49.95204],[9.70651,49.94939],[9.70341,49.94521],[9.70172,49.94034],[9.69711,49.93509],[9.69602,49.9309],[9.69848,49.92569],[9.70239,49.92331],[9.70394,49.92083],[9.70277,49.91343],[9.69954,49.90826],[9.70218,49.89845],[9.70183,49.89456],[9.70035,49.89065],[9.70348,49.88785],[9.71381,49.88694],[9.72055,49.88675],[9.72869,49.88588],[9.7421,49.88642],[9.74833,49.88494],[9.75844,49.8774],[9.75981,49.87471],[9.75981,49.87077],[9.75815,49.8684],[9.75355,49.86503],[9.75364,49.85896],[9.74891,49.85147],[9.74711,49.84765],[9.74115,49.84165],[9.73165,49.83788],[9.72607,49.83461],[9.72176,49.83408],[9.71746,49.83467],[9.71026,49.83668],[9.70787,49.83799],[9.69964,49.83861],[9.6889,49.83777],[9.68183,49.83632],[9.67665,49.8345],[9.67236,49.83431],[9.66139,49.83624],[9.65825,49.83768],[9.64922,49.83828],[9.63741,49.84048],[9.63412,49.84205],[9.63012,49.84626],[9.62912,49.85003],[9.62523,49.85218],[9.61711,49.8599],[9.61392,49.86055],[9.60929,49.86329],[9.60783,49.86584],[9.60785,49.87124],[9.60522,49.87779],[9.60278,49.88193],[9.60351,49.88617],[9.6084,49.89056],[9.60615,49.89517],[9.60736,49.90114],[9.60027,49.90578],[9.595,49.91226],[9.59195,49.91299],[9.58684,49.91202],[9.58801,49.90852],[9.58809,49.90154],[9.58959,49.89776],[9.59585,49.89059],[9.60435,49.87678],[9.6067,49.87071],[9.60658,49.86735],[9.60328,49.86295],[9.5998,49.8612],[9.59555,49.86046],[9.59119,49.86084],[9.58539,49.86379],[9.58188,49.86495],[9.56935,49.86535],[9.56724,49.86581],[9.56324,49.86405],[9.55867,49.86356],[9.55418,49.86431],[9.54626,49.86684],[9.5439,49.86215],[9.54869,49.85883],[9.54968,49.85618],[9.54906,49.85349],[9.54692,49.84989],[9.54429,49.84789],[9.54,49.8462],[9.537,49.84195],[9.52957,49.83799],[9.52314,49.83672],[9.51872,49.83735],[9.51429,49.83924],[9.50516,49.83466],[9.50117,49.83107],[9.50029,49.82716],[9.5008,49.82312],[9.49918,49.82061],[9.49332,49.81679],[9.48506,49.81553],[9.47347,49.81731],[9.46019,49.81683],[9.4535,49.81781],[9.44677,49.82036],[9.44741,49.81608],[9.45334,49.81086],[9.46338,49.80798],[9.46745,49.8047],[9.46952,49.80033],[9.46873,49.78739],[9.46567,49.78168],[9.46717,49.77802],[9.46661,49.77523],[9.46285,49.77182],[9.45895,49.77058],[9.45462,49.7704],[9.44678,49.77291],[9.44334,49.77577],[9.43739,49.78505],[9.43331,49.78819],[9.42511,49.78955],[9.4205,49.78857],[9.41467,49.78501],[9.41069,49.78396],[9.40639,49.78396],[9.40241,49.78503],[9.39816,49.78848],[9.3941,49.78977],[9.39111,49.79184],[9.38662,49.79653],[9.38178,49.80373],[9.37698,49.80676],[9.37423,49.8097],[9.37051,49.80945],[9.36622,49.81019],[9.36272,49.81197],[9.36023,49.81478],[9.3526,49.81811],[9.34894,49.81798],[9.34221,49.81312],[9.34668,49.81015],[9.3486,49.80641],[9.3538,49.80296],[9.35656,49.79872],[9.35659,49.78852],[9.35251,49.78333],[9.35241,49.77998],[9.35377,49.77566],[9.35306,49.7729],[9.35077,49.77052],[9.34726,49.76889],[9.34305,49.76825],[9.32966,49.76952],[9.31747,49.76885],[9.31365,49.7666],[9.31325,49.7617],[9.31557,49.75732],[9.32155,49.75125],[9.32293,49.74858],[9.32285,49.74576],[9.31966,49.7421],[9.31597,49.7406],[9.30993,49.74016],[9.30345,49.74085],[9.29429,49.74057],[9.2886,49.7415],[9.27874,49.74235],[9.27352,49.7454],[9.26872,49.74524],[9.26115,49.74762],[9.25712,49.75023],[9.25121,49.75249],[9.24906,49.75499],[9.24859,49.75782],[9.24233,49.76007],[9.23344,49.76078],[9.22939,49.76198],[9.22639,49.76411],[9.22455,49.7671],[9.21681,49.76739],[9.21158,49.77004],[9.20913,49.77264],[9.20831,49.77566],[9.21001,49.77927],[9.20833,49.78583],[9.2091,49.78843],[9.21127,49.79067],[9.21449,49.79223],[9.21643,49.79756],[9.22139,49.80267],[9.22727,49.80466],[9.23256,49.80447],[9.245,49.8049],[9.24582,49.80983],[9.24387,49.81211],[9.24234,49.81713],[9.23661,49.8195],[9.2338,49.82154],[9.23237,49.82412],[9.23248,49.82932],[9.23442,49.83401],[9.23719,49.83697],[9.24036,49.83867],[9.24799,49.8395],[9.25008,49.84657],[9.25351,49.84999],[9.25912,49.85176],[9.25327,49.85558],[9.25173,49.85805],[9.25197,49.86263],[9.2453,49.86568],[9.24027,49.86453],[9.23787,49.85859],[9.23577,49.85626],[9.23054,49.85409],[9.22443,49.85355],[9.22249,49.85031],[9.21965,49.84825],[9.21582,49.84702],[9.21156,49.84683],[9.20749,49.84769],[9.19944,49.85059],[9.16853,49.85785],[9.16338,49.8604],[9.16065,49.86283],[9.15968,49.86576],[9.16357,49.88226],[9.16248,49.8881],[9.15901,49.8912],[9.15313,49.89438],[9.14853,49.89441],[9.14521,49.8952],[9.13813,49.89438],[9.1299,49.89272],[9.12564,49.88868],[9.12147,49.88637],[9.11899,49.88317],[9.11229,49.8803],[9.10789,49.88005],[9.10369,49.88092],[9.10034,49.88278],[9.09798,49.88518],[9.09657,49.88937],[9.09784,49.89213],[9.1045,49.89636],[9.10641,49.89986],[9.10926,49.90206],[9.10774,49.90623],[9.10838,49.90819],[9.1053,49.9132],[9.10615,49.91763],[9.10841,49.9212],[9.11192,49.92505],[9.11179,49.92942],[9.11521,49.93281],[9.11886,49.93415],[9.12303,49.93452],[9.12711,49.93388],[9.13668,49.92961],[9.1399,49.92755],[9.1428,49.92455],[9.14426,49.92073],[9.15147,49.92138],[9.16179,49.92343],[9.16696,49.92625],[9.17151,49.92716],[9.18102,49.92612],[9.18982,49.92724],[9.19462,49.92897],[9.20534,49.93073],[9.21184,49.93245],[9.21619,49.93466],[9.22094,49.93548],[9.23144,49.9356],[9.236,49.93446],[9.23592,49.94028],[9.23077,49.94289],[9.22409,49.94519],[9.22066,49.94951],[9.21628,49.95058],[9.21285,49.95285],[9.21136,49.95491],[9.20601,49.95498],[9.20206,49.95626],[9.19918,49.95843],[9.19758,49.96121],[9.19221,49.96433],[9.19081,49.96681],[9.19089,49.96944],[9.19263,49.97213],[9.19581,49.97415],[9.19998,49.97521],[9.20445,49.97513],[9.21114,49.97234],[9.218,49.97004],[9.22221,49.96624],[9.22562,49.96799],[9.23537,49.97056],[9.23881,49.97368],[9.23637,49.98159],[9.23744,49.9853],[9.23654,49.98892],[9.23646,49.99472],[9.23722,49.99709],[9.23575,50.00127],[9.23624,50.00387],[9.24116,50.00858],[9.23591,50.01382],[9.23363,50.02079],[9.23372,50.02771],[9.23537,50.03033],[9.23846,50.03234],[9.24675,50.03442],[9.25146,50.03927],[9.25118,50.04167],[9.25244,50.04445],[9.24899,50.04743],[9.24494,50.04826],[9.2403,50.05021],[9.23381,50.05209],[9.23002,50.05516],[9.22798,50.05586],[9.22258,50.05301],[9.21624,50.05216],[9.20777,50.05199],[9.20533,50.04913],[9.20025,50.04704],[9.19433,50.04647],[9.18999,50.04495],[9.1862,50.04163],[9.17919,50.03932],[9.1773,50.03745],[9.17718,50.03493],[9.17393,50.0279],[9.17687,50.02641],[9.18204,50.0225],[9.18454,50.0181],[9.18831,50.01735],[9.19166,50.01564],[9.19377,50.01325],[9.19449,50.00975],[9.19337,50.007],[9.19416,50.00003],[9.19498,49.99863],[9.19454,49.99397],[9.19235,49.99032],[9.18974,49.98809],[9.18602,49.98668],[9.18174,49.98628],[9.17465,49.98745],[9.17119,49.98892],[9.16785,49.99308],[9.16217,49.99576],[9.15902,49.99957],[9.15254,49.99958],[9.1448,50.00221],[9.13802,50.00329],[9.13112,50.00788],[9.12841,50.01031],[9.12697,50.01393],[9.11609,50.01239],[9.11185,50.01256],[9.10642,50.01467],[9.1042,50.01701],[9.10287,50.02121],[9.09822,50.01823],[9.09591,50.01572],[9.09147,50.01356],[9.08807,50.01286],[9.08537,50.01037],[9.08022,50.00779],[9.08428,50.00313],[9.08671,49.99732],[9.09529,49.99295],[9.10175,49.98914],[9.10559,49.98473],[9.1074,49.98061],[9.10663,49.97792],[9.10436,49.97561],[9.10091,49.97401],[9.0923,49.97337],[9.08709,49.97445],[9.08408,49.97093],[9.08448,49.96927],[9.08782,49.96523],[9.08835,49.96254],[9.0862,49.95874],[9.08123,49.95629],[9.07392,49.95513],[9.06572,49.95618],[9.05879,49.95609],[9.05182,49.95461],[9.04524,49.95545],[9.03051,49.95414],[9.02649,49.95498],[9.01911,49.94707],[9.0228,49.94535],[9.02499,49.94282],[9.02731,49.93425],[9.02931,49.93093],[9.02948,49.92756],[9.03102,49.9227],[9.02721,49.91694],[9.02342,49.91019],[9.02722,49.90825],[9.03003,49.90584],[9.03134,49.90135],[9.03505,49.89795],[9.03638,49.89542],[9.03748,49.89061],[9.03771,49.88241],[9.03696,49.87887],[9.03497,49.87643],[9.0317,49.87465],[9.02549,49.87376],[9.0161,49.87617],[9.00984,49.87637],[9.00483,49.87873],[9.00255,49.88246],[9.00285,49.89049],[9.00007,49.89415],[8.99401,49.89349],[8.98945,49.89452],[8.98407,49.89685],[8.9808,49.90087],[8.98069,49.90261],[8.97615,49.90224],[8.97195,49.90288],[8.96661,49.90533],[8.96438,49.90751],[8.96364,49.91151],[8.95862,49.91556],[8.95711,49.91933],[8.9509,49.91741],[8.94831,49.91549],[8.94404,49.91392],[8.9343,49.91214],[8.92815,49.91286],[8.92356,49.91562],[8.91508,49.91366],[8.90715,49.91105],[8.90319,49.91097],[8.89747,49.91208],[8.89321,49.91132],[8.88217,49.91141],[8.87584,49.90732],[8.86644,49.90504],[8.86409,49.89866],[8.85969,49.89263],[8.8567,49.89049],[8.85169,49.88842],[8.84479,49.88714],[8.83999,49.88422],[8.83968,49.88281],[8.84271,49.87879],[8.84732,49.87822],[8.85104,49.87654],[8.85341,49.87406],[8.85633,49.86886],[8.86346,49.86632],[8.86536,49.86459],[8.87589,49.86827],[8.87972,49.86866],[8.885,49.86797],[8.88858,49.86645],[8.89167,49.86285],[8.89195,49.86074],[8.89514,49.85822],[8.89668,49.85373],[8.90014,49.85173],[8.90431,49.84689],[8.91411,49.84599],[8.91815,49.84439],[8.92033,49.8426],[8.92696,49.84056],[8.92946,49.83814],[8.93113,49.82771],[8.93318,49.82547],[8.93343,49.82066],[8.93778,49.81521],[8.94269,49.81446],[8.94764,49.81477],[8.95416,49.8129],[8.9582,49.81329],[8.96467,49.81189],[8.97436,49.81902],[8.97864,49.82041],[8.98427,49.82119],[8.99084,49.82029],[8.99448,49.82249],[8.99943,49.82396],[9.00051,49.82653],[9.00774,49.83113],[9.0124,49.8349],[9.01179,49.83894],[9.0098,49.84265],[9.01044,49.8476],[9.01243,49.84993],[9.01749,49.85218],[9.02769,49.85244],[9.03179,49.8512],[9.03479,49.84901],[9.03772,49.84264],[9.04117,49.84027],[9.049,49.84014],[9.05279,49.83868],[9.0554,49.83638],[9.05798,49.83272],[9.06372,49.83181],[9.0702,49.83329],[9.07171,49.83615],[9.07744,49.84178],[9.08355,49.84504],[9.08965,49.84584],[9.10219,49.84875],[9.11152,49.85279],[9.116,49.85338],[9.12051,49.85513],[9.12452,49.85544],[9.13034,49.85426],[9.13518,49.85409],[9.13946,49.85473],[9.14409,49.85418],[9.14899,49.85246],[9.15207,49.85026],[9.15352,49.84744],[9.15308,49.84448],[9.15101,49.84022],[9.14649,49.83278],[9.14173,49.82764],[9.13778,49.82074],[9.13638,49.81472],[9.13309,49.81139],[9.12399,49.80781],[9.12154,49.80613],[9.1162,49.80405],[9.10827,49.79804],[9.11392,49.79771],[9.12242,49.79655],[9.12605,49.79507],[9.12854,49.79282],[9.12915,49.78767],[9.131,49.78536],[9.13134,49.78262],[9.12887,49.77885],[9.12559,49.77711],[9.11748,49.77448],[9.1135,49.77371],[9.111,49.76611],[9.10851,49.76244],[9.10698,49.75874],[9.11184,49.75677],[9.12446,49.75595],[9.13188,49.75361],[9.14023,49.7496],[9.1433,49.7452],[9.15063,49.7429],[9.16166,49.7462],[9.17163,49.74708],[9.17757,49.74579],[9.1805,49.74384],[9.18457,49.73914],[9.18897,49.73571],[9.19316,49.73351],[9.19788,49.73204],[9.20995,49.72928],[9.21521,49.72727],[9.22092,49.72278],[9.22423,49.71679],[9.22418,49.71408],[9.22259,49.71159],[9.21969,49.70964],[9.21525,49.70838],[9.2106,49.70838],[9.20443,49.7105],[9.19675,49.70959],[9.19009,49.70944],[9.18617,49.70993],[9.18074,49.70653],[9.17859,49.70448],[9.17329,49.70219],[9.16933,49.70163],[9.16532,49.70203],[9.15995,49.70435],[9.15349,49.71079],[9.15238,49.71699],[9.15314,49.72016],[9.14903,49.7251],[9.13928,49.7269],[9.13624,49.72388],[9.13507,49.71955],[9.13277,49.71711],[9.12919,49.71544],[9.12269,49.71477],[9.12254,49.71218],[9.12562,49.70616],[9.12479,49.70217],[9.12241,49.69995],[9.11894,49.69846],[9.10514,49.69692],[9.10329,49.69387],[9.09707,49.68932],[9.09347,49.68771],[9.09447,49.68426],[9.10668,49.6787],[9.10912,49.6761],[9.11068,49.67252],[9.11622,49.67173],[9.12818,49.66508],[9.12978,49.66261],[9.12986,49.65966],[9.13736,49.66102],[9.16623,49.65918],[9.17228,49.65855],[9.17538,49.65976],[9.18018,49.66023],[9.18504,49.65987],[9.18885,49.65865],[9.19167,49.65659],[9.19317,49.65209],[9.19572,49.65107],[9.20185,49.65096],[9.20492,49.65027],[9.20826,49.65267],[9.21216,49.65429],[9.21674,49.65473],[9.22281,49.6545],[9.22631,49.65525],[9.234,49.65842],[9.24158,49.65865],[9.2443,49.65987],[9.2494,49.66074],[9.25625,49.66085],[9.26909,49.65915],[9.27161,49.66332],[9.27462,49.66542],[9.27865,49.66659],[9.28307,49.66665],[9.28958,49.66422],[9.2968,49.66289],[9.30199,49.6601],[9.30373,49.65758],[9.30397,49.65339],[9.30147,49.64981],[9.29607,49.64599],[9.29063,49.6438],[9.28884,49.64118],[9.28575,49.63916],[9.27862,49.63795],[9.27109,49.6342],[9.27197,49.62958],[9.27019,49.62652],[9.27513,49.62431],[9.27907,49.61825],[9.27883,49.61536],[9.27686,49.61277],[9.27347,49.61089],[9.26803,49.60894],[9.26483,49.60693],[9.263,49.60107],[9.25719,49.59573],[9.2534,49.59424],[9.24953,49.59373],[9.24648,49.58993],[9.24536,49.58584],[9.23932,49.58185],[9.23252,49.58033],[9.22911,49.58017],[9.21716,49.57753],[9.21072,49.57779],[9.20799,49.57691],[9.20044,49.57648],[9.19512,49.57528],[9.19109,49.57562],[9.18726,49.57682],[9.18313,49.57581],[9.17872,49.57583],[9.17336,49.57767],[9.16652,49.57721],[9.16223,49.57801],[9.15903,49.5795],[9.14942,49.57928],[9.14287,49.57815],[9.1386,49.57637],[9.13121,49.57587],[9.12237,49.57419],[9.11819,49.57418],[9.11264,49.57602],[9.10834,49.57922],[9.10316,49.57749],[9.0994,49.57091],[9.09636,49.56876],[9.09225,49.56758],[9.08776,49.56756],[9.08363,49.5687],[9.08054,49.57081],[9.07806,49.57469],[9.0732,49.57493],[9.07363,49.57051],[9.07234,49.56526],[9.07631,49.56089],[9.08553,49.55334],[9.08781,49.5502],[9.08788,49.54699],[9.08455,49.54308],[9.09263,49.5418],[9.09642,49.54064],[9.10177,49.53727],[9.10409,49.53339],[9.10359,49.53062],[9.09995,49.5272],[9.09613,49.52591],[9.09185,49.52568],[9.08326,49.52605],[9.0765,49.52574],[9.07084,49.52691],[9.06503,49.52955],[9.05668,49.52255],[9.05088,49.52023],[9.04936,49.51811],[9.04914,49.51452],[9.04712,49.51045],[9.04223,49.50651],[9.04186,49.50388],[9.04003,49.50136],[9.03686,49.49949],[9.0301,49.49826],[9.02112,49.49807],[9.01727,49.49888],[9.01206,49.50266],[9.00526,49.50404],[8.99551,49.50485],[8.98973,49.50636],[8.98583,49.51024],[8.97935,49.5092],[8.97428,49.50364],[8.97085,49.50229],[8.96624,49.50173],[8.95875,49.50291],[8.95196,49.50555],[8.95127,49.50276],[8.95435,49.49965],[8.95525,49.49698],[8.95455,49.49428],[8.95062,49.48904],[8.94751,49.48686],[8.94201,49.48522],[8.93986,49.4835],[8.93794,49.47981],[8.93468,49.47675],[8.93448,49.4739],[8.93201,49.47069],[8.93571,49.46558],[8.94135,49.46351],[8.94464,49.46106],[8.94637,49.45713],[8.94452,49.45321],[8.9397,49.45059],[8.92849,49.44954],[8.92622,49.44755],[8.92538,49.44376],[8.92173,49.44032],[8.9179,49.43904],[8.91149,49.43911],[8.90772,49.44048],[8.90287,49.44408],[8.90103,49.44338],[8.89946,49.43724],[8.89729,49.43368],[8.89529,49.42633],[8.89262,49.42135],[8.88772,49.41791],[8.87639,49.41404],[8.87192,49.41173],[8.86932,49.40854],[8.86285,49.40213],[8.85721,49.39856],[8.85104,49.3973],[8.84678,49.39785],[8.84179,49.40053],[8.83928,49.40421],[8.83594,49.40671],[8.82938,49.40816],[8.82653,49.40582],[8.82288,49.40438],[8.81867,49.40395],[8.81453,49.40459],[8.81107,49.40622],[8.80881,49.40857],[8.80739,49.41548],[8.80825,49.41816],[8.81058,49.42043],[8.81468,49.42225],[8.82101,49.42271],[8.82564,49.42181],[8.83033,49.4232],[8.83647,49.43031],[8.83711,49.43344],[8.83363,49.43851],[8.83312,49.44668],[8.83455,49.45038],[8.82618,49.46502],[8.82671,49.46777],[8.8288,49.47018],[8.83687,49.4746],[8.84088,49.47558],[8.84282,49.47727],[8.84986,49.48048],[8.85656,49.48047],[8.86047,49.47902],[8.86353,49.47638],[8.86459,49.47364],[8.86298,49.46676],[8.8682,49.46498],[8.87626,49.46665],[8.88982,49.47545],[8.89139,49.48004],[8.89456,49.48232],[8.89925,49.48453],[8.89982,49.48769],[8.89911,49.49053],[8.89975,49.49426],[8.89835,49.49911],[8.89952,49.50362],[8.89746,49.50318],[8.89113,49.50366],[8.8863,49.50564],[8.88292,49.50606],[8.87739,49.50553],[8.87322,49.50431],[8.86271,49.50322],[8.85723,49.50153],[8.85297,49.50131],[8.84843,49.50211],[8.84283,49.49962],[8.83483,49.49732],[8.82882,49.49756],[8.82531,49.49888],[8.81953,49.50355],[8.81819,49.50729],[8.82063,49.51326],[8.82032,49.5199],[8.82319,49.52371],[8.822,49.52453],[8.81147,49.5267],[8.80275,49.52195],[8.79498,49.51566],[8.78931,49.51412],[8.78519,49.51433],[8.77711,49.51773],[8.77249,49.51796],[8.76781,49.51623],[8.7637,49.51588],[8.75969,49.51653],[8.75506,49.51853],[8.75101,49.52175],[8.73889,49.52358],[8.73161,49.52621],[8.72688,49.52738],[8.7226,49.53099],[8.71896,49.53286],[8.71219,49.53401],[8.70828,49.53566],[8.70577,49.5382],[8.70403,49.5431],[8.70566,49.54796],[8.70385,49.55],[8.69823,49.55101],[8.69522,49.55273],[8.69242,49.55606],[8.69297,49.56063],[8.6916,49.5636],[8.68725,49.56745],[8.68596,49.56991],[8.68524,49.57425],[8.68315,49.58068],[8.68327,49.58469],[8.68587,49.58822],[8.68905,49.58984],[8.6962,49.59212],[8.698,49.59643],[8.69789,49.59958],[8.6929,49.60614],[8.69244,49.60909],[8.69641,49.61489],[8.69546,49.6198],[8.69715,49.62229],[8.70212,49.6262],[8.70964,49.63059],[8.71386,49.63175],[8.71808,49.63173],[8.72601,49.63473],[8.72605,49.63881],[8.72975,49.64468],[8.72866,49.64677],[8.72887,49.64987],[8.73099,49.65611],[8.72837,49.6602],[8.72489,49.66292],[8.72345,49.66714],[8.72392,49.66869],[8.72063,49.68223],[8.71417,49.68567],[8.71243,49.68956],[8.70991,49.69132],[8.70733,49.69506],[8.70184,49.69754],[8.69843,49.69802],[8.6895,49.69722],[8.68544,49.69561],[8.68129,49.69526],[8.67723,49.69594],[8.67338,49.69787],[8.66988,49.69794],[8.66571,49.69907],[8.66258,49.70118],[8.66102,49.70393],[8.66127,49.70686],[8.6649,49.71354],[8.67029,49.71705],[8.67027,49.71923],[8.67417,49.72538],[8.67833,49.7281],[8.68605,49.7305],[8.68173,49.74189],[8.68293,49.74471],[8.68575,49.74699],[8.68915,49.74832],[8.69223,49.7508],[8.69871,49.7533],[8.70262,49.75395],[8.70549,49.75838],[8.70343,49.76083],[8.70219,49.76595],[8.70006,49.77094],[8.70028,49.7734],[8.70362,49.78134],[8.69846,49.78031],[8.69079,49.77744],[8.68764,49.77517],[8.68363,49.77392],[8.67691,49.77297],[8.67243,49.77345],[8.66862,49.77506],[8.66612,49.77752],[8.66554,49.78371],[8.66698,49.78699],[8.66261,49.79169],[8.66172,49.79394],[8.65699,49.79758],[8.64977,49.79612],[8.64933,49.79221],[8.64551,49.78699],[8.64271,49.78488],[8.61745,49.772],[8.62486,49.76239],[8.62607,49.75783],[8.62512,49.75281],[8.62123,49.7481],[8.61586,49.74577],[8.61155,49.7455],[8.60007,49.74763],[8.59201,49.75002],[8.58756,49.75278],[8.58619,49.75532],[8.58657,49.75862],[8.57047,49.76239],[8.5646,49.76494],[8.5624,49.76659],[8.56005,49.76604],[8.55857,49.76329],[8.55474,49.76037],[8.55552,49.75625],[8.55414,49.75386],[8.55655,49.74916],[8.55647,49.73973],[8.5587,49.73402],[8.55833,49.73102],[8.55609,49.72838],[8.549,49.7242],[8.54721,49.72169],[8.54657,49.71723],[8.55329,49.70784],[8.5556,49.70571],[8.55684,49.70257],[8.55679,49.69895],[8.55562,49.69669],[8.55647,49.6926],[8.55944,49.68891],[8.56334,49.68727],[8.57199,49.681],[8.5738,49.6769],[8.57171,49.67286],[8.57455,49.66848],[8.57894,49.66691],[8.58187,49.66458],[8.58306,49.66168],[8.5834,49.65775],[8.58481,49.65568],[8.58873,49.65257],[8.58999,49.64809],[8.58908,49.64604],[8.59417,49.64027],[8.59592,49.63247],[8.59579,49.62055],[8.5967,49.61534],[8.59396,49.61087],[8.59372,49.60857],[8.58948,49.60452],[8.59105,49.60023],[8.59148,49.59529],[8.59435,49.59275],[8.59949,49.59188],[8.60297,49.5899],[8.6049,49.58717],[8.60873,49.57559],[8.60812,49.57059],[8.61168,49.56306],[8.6164,49.55648],[8.61747,49.55403],[8.61863,49.54721],[8.61788,49.54466],[8.61082,49.53861],[8.60704,49.53397],[8.60149,49.53169],[8.59672,49.53085],[8.59294,49.5254],[8.58849,49.5229],[8.58335,49.52186],[8.58147,49.51967],[8.58298,49.51587],[8.58252,49.51153],[8.58097,49.50907],[8.58283,49.50625],[8.58226,49.50226],[8.58005,49.49998],[8.56763,49.49378],[8.56077,49.49148],[8.55607,49.49067],[8.55105,49.48478],[8.54672,49.47743],[8.55134,49.47728],[8.55567,49.47625],[8.5615,49.47229],[8.56811,49.46446],[8.57098,49.46277],[8.57952,49.46029],[8.58362,49.45685],[8.58428,49.45395],[8.58311,49.45112],[8.57735,49.44362],[8.58204,49.44203],[8.58568,49.43898],[8.58691,49.43513],[8.5861,49.43234],[8.58116,49.42713],[8.57318,49.42363],[8.57157,49.42108],[8.56867,49.41914],[8.5628,49.41786],[8.54561,49.41742],[8.54126,49.41438],[8.53742,49.41332],[8.53325,49.41326],[8.52935,49.41422],[8.52476,49.4178],[8.52252,49.41813],[8.5162,49.41586],[8.51066,49.41328],[8.5049,49.41193],[8.49747,49.41134],[8.49552,49.4025],[8.49201,49.39901],[8.4882,49.39694],[8.4748,49.39105],[8.47044,49.38984],[8.46555,49.38732],[8.46369,49.38463],[8.46364,49.37803],[8.4659,49.37448],[8.46583,49.37027],[8.46218,49.36681],[8.45619,49.36527],[8.44899,49.36652],[8.44254,49.36375],[8.43827,49.36317],[8.43399,49.36372],[8.42635,49.36766],[8.42395,49.36984],[8.42251,49.37647],[8.41114,49.37372],[8.40675,49.37173],[8.4047,49.3677],[8.40128,49.36536],[8.39758,49.36001],[8.39159,49.35487],[8.3877,49.35223],[8.38061,49.34995],[8.37354,49.34991],[8.36816,49.34879],[8.36225,49.34928],[8.35892,49.35071],[8.35324,49.35602],[8.35074,49.36308],[8.35328,49.36812],[8.34639,49.37459],[8.34189,49.37601],[8.3393,49.37799],[8.33149,49.38948],[8.33136,49.39242],[8.33304,49.39515],[8.33625,49.39721],[8.34169,49.39873],[8.34948,49.40248],[8.35542,49.40651],[8.35637,49.40887],[8.35176,49.41281],[8.34881,49.41708],[8.34455,49.42156],[8.34002,49.42386],[8.33567,49.4249],[8.3325,49.4267],[8.33024,49.42929],[8.32488,49.43048],[8.32117,49.43212],[8.31258,49.44059],[8.31042,49.44492],[8.31003,49.44815],[8.31139,49.45081],[8.31421,49.45292],[8.32025,49.45442],[8.31912,49.45882],[8.31664,49.46144],[8.31058,49.46396],[8.3086,49.46642],[8.30572,49.47267],[8.29025,49.47097],[8.28405,49.47213],[8.28095,49.47411],[8.27625,49.47857],[8.2616,49.47939],[8.25772,49.48068],[8.2549,49.48284],[8.25358,49.48554],[8.25397,49.48837],[8.25661,49.49242],[8.2597,49.49419],[8.26479,49.49558],[8.26827,49.49557],[8.28351,49.49849],[8.29874,49.50044],[8.30264,49.50177],[8.30871,49.50201],[8.31102,49.50505],[8.31345,49.5065],[8.31316,49.51723],[8.31236,49.51965],[8.31303,49.52277],[8.31464,49.52469],[8.31518,49.52943],[8.31659,49.53196],[8.32296,49.5366],[8.32231,49.53933],[8.31493,49.54468],[8.31027,49.55515],[8.31053,49.55792],[8.31237,49.56041],[8.31548,49.56242],[8.31827,49.56654],[8.32077,49.56887],[8.32446,49.57038],[8.33094,49.57067],[8.33491,49.56948],[8.34083,49.56453],[8.34238,49.562],[8.3426,49.55825],[8.35006,49.55867],[8.35646,49.56117],[8.35748,49.56418],[8.36008,49.56649],[8.36386,49.56795],[8.36822,49.56834],[8.37247,49.56759],[8.37682,49.56556],[8.38588,49.56544],[8.38559,49.56886],[8.3872,49.57145],[8.39078,49.57378],[8.39523,49.57487],[8.4008,49.57478],[8.4086,49.57651],[8.42256,49.5743],[8.4239,49.57793],[8.42244,49.58339],[8.41477,49.59505],[8.41053,49.60342],[8.40414,49.60901],[8.39606,49.61315],[8.39285,49.61528],[8.38797,49.62109],[8.38339,49.62519],[8.38077,49.62939],[8.37575,49.64083],[8.3723,49.65304],[8.36963,49.65917],[8.36309,49.66628],[8.35639,49.67847],[8.35615,49.6828],[8.35716,49.69169],[8.35992,49.6959],[8.36336,49.69864],[8.375,49.70449],[8.38829,49.70928],[8.39471,49.71085],[8.4093,49.71359],[8.41933,49.71516],[8.43073,49.71856],[8.43821,49.72232],[8.44118,49.72486],[8.44632,49.73079],[8.43916,49.73245],[8.43442,49.73502],[8.43254,49.73884],[8.4352,49.74462],[8.43828,49.74674],[8.45118,49.75149],[8.45552,49.75556],[8.45798,49.7605],[8.44676,49.76335],[8.44305,49.76565],[8.43275,49.76596],[8.42415,49.76792],[8.41755,49.77246],[8.41458,49.77642],[8.41355,49.7821],[8.41207,49.78671],[8.40829,49.79352],[8.40337,49.80001],[8.39351,49.80998],[8.38259,49.81904],[8.37845,49.82482],[8.37774,49.82886],[8.3784,49.83325],[8.38356,49.8441],[8.38538,49.8509],[8.38433,49.85455],[8.37998,49.85898],[8.37456,49.86162],[8.37023,49.8628],[8.36126,49.8637],[8.35759,49.86506],[8.35272,49.86881],[8.34652,49.87482],[8.34401,49.88011],[8.34277,49.8844],[8.34258,49.88866],[8.34418,49.89483],[8.34559,49.8977],[8.35238,49.90592],[8.35362,49.90828],[8.35472,49.91321],[8.35344,49.92002],[8.34776,49.93023],[8.3429,49.94079],[8.34205,49.94907],[8.3345,49.9607],[8.32944,49.96672],[8.32234,49.97359],[8.30757,49.98422],[8.30284,49.98686],[8.30075,49.98949],[8.30046,49.99244],[8.30204,49.99521],[8.30522,49.99734],[8.31459,50.00129],[8.32107,50.00173],[8.33705,49.99987],[8.34625,49.99934],[8.35434,50.00004],[8.36465,50.00232],[8.37411,50.00181],[8.39579,49.99729],[8.40216,49.99651],[8.40738,49.99687],[8.4118,49.99804],[8.41621,50.00055],[8.42443,50.00705],[8.42894,50.00962],[8.43865,50.01321],[8.4526,50.01879],[8.44909,50.02339],[8.44872,50.02618],[8.4498,50.02884],[8.45269,50.03211],[8.45233,50.03557],[8.45354,50.03884],[8.45625,50.04273],[8.45912,50.04493],[8.46504,50.04807],[8.46714,50.0514],[8.45913,50.05316],[8.45598,50.05477],[8.45041,50.05914],[8.44103,50.05729],[8.43499,50.05717],[8.43279,50.05539],[8.42604,50.05341],[8.42178,50.04998],[8.41806,50.04897],[8.41007,50.04865],[8.40558,50.04985],[8.40148,50.05196],[8.39676,50.05735],[8.39259,50.05767],[8.38641,50.06041],[8.38158,50.06167],[8.37866,50.06363],[8.37708,50.06614],[8.37706,50.06886],[8.37861,50.07139],[8.38423,50.07709],[8.38591,50.08003],[8.38582,50.08207],[8.38258,50.0849],[8.38046,50.08867],[8.38133,50.09309],[8.37899,50.09772],[8.38034,50.10219],[8.37586,50.10257],[8.36823,50.10199],[8.36416,50.10311],[8.36044,50.10581],[8.35685,50.10627],[8.35315,50.10779],[8.35065,50.11011],[8.3487,50.11427],[8.34586,50.11786],[8.34534,50.12047],[8.35,50.12848],[8.34506,50.13072],[8.33783,50.12938],[8.33341,50.13018],[8.3284,50.13201],[8.32477,50.13532],[8.32343,50.14041],[8.32519,50.1442],[8.32712,50.1457],[8.32405,50.14964],[8.32195,50.15094],[8.31503,50.15175],[8.30749,50.15079],[8.30402,50.15148],[8.3008,50.14971],[8.29225,50.14788],[8.28779,50.14824],[8.28239,50.15072],[8.2759,50.15156],[8.26799,50.15029],[8.26246,50.15044],[8.25602,50.14915],[8.25027,50.14959],[8.24218,50.14817],[8.24118,50.14458],[8.23829,50.14216],[8.23122,50.13856],[8.22333,50.13625],[8.21567,50.13291],[8.20977,50.13196],[8.20243,50.1275],[8.19188,50.12428],[8.18449,50.12475],[8.18185,50.12569],[8.16555,50.12396],[8.16017,50.12436],[8.15342,50.11983],[8.15154,50.11742],[8.14835,50.11528],[8.1427,50.1136],[8.13202,50.10355],[8.11992,50.09818],[8.11739,50.09576],[8.11247,50.09372],[8.11429,50.09059],[8.11371,50.08653],[8.11141,50.08423],[8.10607,50.08148],[8.10166,50.0809],[8.09527,50.08221],[8.09149,50.08457],[8.08724,50.08583],[8.08157,50.08987],[8.07556,50.09501],[8.06532,50.09435],[8.05946,50.09152],[8.05621,50.08563],[8.05264,50.08371],[8.04282,50.08054],[8.03709,50.08035],[8.02761,50.07711],[8.02101,50.07685],[8.01621,50.07786],[8.01213,50.0797],[8.00578,50.08127],[7.9985,50.08105],[7.98389,50.08345],[7.97146,50.08741],[7.96775,50.09037],[7.96543,50.09548],[7.96587,50.10803],[7.95655,50.11168],[7.9509,50.1088],[7.94184,50.10801],[7.93732,50.10656],[7.92914,50.10583],[7.92459,50.10632],[7.91928,50.10912],[7.91286,50.11552],[7.90922,50.11831],[7.90086,50.12219],[7.89773,50.12158],[7.88918,50.11716],[7.88299,50.1165],[7.87898,50.11732],[7.87498,50.11946],[7.86815,50.12099],[7.86163,50.12566],[7.85994,50.12753],[7.85447,50.12827],[7.84959,50.12782],[7.84524,50.1285],[7.84062,50.13113],[7.83891,50.13064],[7.82952,50.12294],[7.82839,50.11997],[7.82542,50.11736],[7.8264,50.11446],[7.82492,50.11048],[7.81938,50.1072],[7.81294,50.1065],[7.80624,50.10864],[7.79395,50.10515],[7.78953,50.10536],[7.78559,50.10665],[7.78274,50.10883],[7.78011,50.1142],[7.7811,50.1181],[7.78925,50.12696],[7.78972,50.13042],[7.794,50.1353],[7.79811,50.13716],[7.79709,50.14172],[7.78899,50.14627],[7.78143,50.14683],[7.77576,50.14852],[7.77049,50.14586],[7.7662,50.14522],[7.75989,50.14633],[7.7567,50.14828],[7.75493,50.15087],[7.75485,50.1537],[7.75652,50.15679],[7.75555,50.16204],[7.75113,50.16455],[7.74535,50.16618],[7.74126,50.16928],[7.74043,50.17331],[7.74314,50.17699],[7.7517,50.18029],[7.75739,50.18317],[7.76213,50.18661],[7.76526,50.18988],[7.75868,50.19244],[7.75412,50.19143],[7.74278,50.19159],[7.74073,50.1901],[7.73484,50.18789],[7.72334,50.1868],[7.71865,50.1876],[7.71512,50.18941],[7.71249,50.19384],[7.70549,50.19503],[7.69973,50.19316],[7.69765,50.18966],[7.69389,50.1873],[7.68784,50.18611],[7.68174,50.18722],[7.67864,50.18909],[7.67685,50.19156],[7.67711,50.19625],[7.67935,50.19866],[7.6865,50.20109],[7.684,50.206],[7.68342,50.211],[7.6838,50.21393],[7.6894,50.21911],[7.69225,50.22378],[7.69559,50.22547],[7.69967,50.22625],[7.70605,50.22648],[7.71448,50.22478],[7.71835,50.22336],[7.72646,50.2269],[7.72946,50.22913],[7.73413,50.23103],[7.72647,50.23248],[7.72226,50.23381],[7.71471,50.23841],[7.71249,50.24109],[7.70565,50.24083],[7.69901,50.24332],[7.69687,50.24587],[7.69463,50.25066],[7.69472,50.25352],[7.69655,50.25614],[7.70237,50.2598],[7.70662,50.26334],[7.71219,50.26515],[7.71537,50.26527],[7.72546,50.26872],[7.73379,50.27299],[7.73829,50.27386],[7.74315,50.27712],[7.74448,50.27896],[7.74482,50.28225],[7.74716,50.28566],[7.74935,50.28712],[7.75213,50.29127],[7.75468,50.29298],[7.75087,50.29763],[7.75046,50.30053],[7.75188,50.30329],[7.7549,50.30547],[7.76576,50.30859],[7.77017,50.30897],[7.77447,50.30822],[7.77797,50.30646],[7.78059,50.30256],[7.77931,50.29839],[7.77407,50.29412],[7.77,50.292],[7.7728,50.29004],[7.77861,50.28976],[7.78532,50.29114],[7.79123,50.2908],[7.79574,50.28954],[7.79985,50.2875],[7.80238,50.28536],[7.80666,50.29003],[7.81179,50.29299],[7.81632,50.29394],[7.81968,50.2978],[7.82321,50.29924],[7.82942,50.29963],[7.83062,50.30171],[7.83632,50.30666],[7.84006,50.30791],[7.84822,50.3086],[7.85316,50.31125],[7.85776,50.31473],[7.86414,50.31635],[7.86669,50.31801],[7.86802,50.32031],[7.87332,50.32481],[7.87325,50.32876],[7.87154,50.3314],[7.8653,50.33454],[7.86331,50.3387],[7.86428,50.34155],[7.86745,50.34424],[7.86677,50.3461],[7.85933,50.34431],[7.85486,50.34439],[7.84201,50.33758],[7.83773,50.33597],[7.83363,50.33544],[7.82952,50.33591],[7.82454,50.3383],[7.82293,50.3401],[7.81748,50.34267],[7.81441,50.34707],[7.80967,50.34814],[7.8041,50.34652],[7.79716,50.3466],[7.79347,50.34793],[7.79081,50.35003],[7.78956,50.35262],[7.79014,50.35667],[7.79293,50.36019],[7.78702,50.3621],[7.78105,50.35875],[7.7774,50.35741],[7.77362,50.35478],[7.76945,50.35374],[7.76287,50.35376],[7.7586,50.35445],[7.75304,50.35802],[7.74768,50.36009],[7.74465,50.36451],[7.73676,50.36721],[7.72923,50.3674],[7.72413,50.3684],[7.72233,50.36672],[7.71748,50.36435],[7.71027,50.36195],[7.70396,50.3617],[7.70008,50.36278],[7.69592,50.36616],[7.68998,50.36801],[7.68739,50.37034],[7.68641,50.37342],[7.66998,50.37826],[7.66201,50.38423],[7.65643,50.38396],[7.65224,50.38504],[7.648,50.38837],[7.6472,50.39121],[7.64846,50.39469],[7.65114,50.39702],[7.65505,50.39849],[7.67411,50.4006],[7.67915,50.40326],[7.68091,50.40556],[7.67514,50.40844],[7.67136,50.41242],[7.67058,50.41719],[7.6715,50.41966],[7.67538,50.42453],[7.67496,50.4257],[7.66626,50.42482],[7.66137,50.42557],[7.65413,50.42916],[7.64994,50.42959],[7.64655,50.42507],[7.64279,50.42314],[7.63533,50.42058],[7.63414,50.41593],[7.63078,50.41239],[7.62535,50.40949],[7.61847,50.40851],[7.61443,50.4093],[7.60532,50.40741],[7.60115,50.40773],[7.59435,50.40988],[7.59092,50.40699],[7.58482,50.40514],[7.57815,50.40586],[7.57127,50.41022],[7.56277,50.40427],[7.55149,50.39762],[7.54712,50.39586],[7.54027,50.39421],[7.53691,50.39218],[7.53756,50.38871],[7.53619,50.38607],[7.53152,50.38321],[7.52629,50.38169],[7.51222,50.38167],[7.50616,50.37565],[7.48708,50.36389],[7.48498,50.36311],[7.48783,50.36058],[7.48866,50.35779],[7.48709,50.35215],[7.48508,50.34935],[7.48241,50.34767],[7.48244,50.34412],[7.48407,50.34268],[7.48573,50.33877],[7.48383,50.3349],[7.48083,50.33297],[7.47481,50.33172],[7.4662,50.33267],[7.46072,50.33463],[7.45838,50.33686],[7.45737,50.3412],[7.44932,50.34034],[7.43083,50.34085],[7.42629,50.34044],[7.41924,50.33704],[7.40867,50.32786],[7.40916,50.32022],[7.41269,50.31897],[7.41543,50.31684],[7.41672,50.31421],[7.41637,50.31147],[7.41443,50.30901],[7.40942,50.30598],[7.4076,50.30126],[7.40204,50.29742],[7.39696,50.29206],[7.39428,50.28799],[7.39444,50.28213],[7.39565,50.27995],[7.39857,50.2789],[7.40605,50.2749],[7.41012,50.27053],[7.41077,50.26743],[7.40943,50.26369],[7.40619,50.26051],[7.4079,50.25654],[7.41374,50.25162],[7.41493,50.249],[7.41451,50.24628],[7.41167,50.24203],[7.40811,50.23946],[7.40752,50.23695],[7.40531,50.23443],[7.39961,50.23218],[7.3921,50.23183],[7.39313,50.22808],[7.39096,50.22386],[7.38262,50.21748],[7.37862,50.21604],[7.37182,50.21606],[7.36691,50.21803],[7.36346,50.21805],[7.35715,50.21461],[7.3541,50.212],[7.34924,50.20566],[7.34534,50.20228],[7.33978,50.20056],[7.32553,50.20064],[7.32012,50.19932],[7.31391,50.19947],[7.31002,50.20059],[7.30252,50.205],[7.30069,50.20668],[7.29388,50.2024],[7.28845,50.20092],[7.28553,50.19849],[7.28313,50.19421],[7.27733,50.19122],[7.27537,50.18879],[7.27485,50.18494],[7.27175,50.18067],[7.26804,50.17819],[7.264,50.17711],[7.25651,50.17778],[7.25163,50.17634],[7.24681,50.17604],[7.24321,50.17668],[7.23651,50.17437],[7.23016,50.17496],[7.22668,50.17658],[7.22248,50.18119],[7.21864,50.18278],[7.21563,50.18613],[7.21503,50.18952],[7.21049,50.18894],[7.20221,50.18972],[7.19488,50.1926],[7.19156,50.19235],[7.19136,50.18906],[7.18817,50.18538],[7.18508,50.18371],[7.18044,50.1827],[7.16608,50.18359],[7.16311,50.18331],[7.15714,50.18033],[7.15426,50.17676],[7.15116,50.1753],[7.15002,50.17262],[7.14741,50.17032],[7.14362,50.16885],[7.13924,50.16844],[7.13495,50.16915],[7.13143,50.17087],[7.12722,50.17483],[7.1203,50.17724],[7.11754,50.17933],[7.1143,50.17725],[7.10816,50.17468],[7.10982,50.17296],[7.11037,50.16829],[7.11265,50.16608],[7.11698,50.16351],[7.11857,50.16112],[7.12441,50.15829],[7.12814,50.15711],[7.13072,50.15526],[7.13302,50.15158],[7.13375,50.14593],[7.13168,50.14211],[7.12571,50.13775],[7.12653,50.13613],[7.13086,50.13412],[7.1347,50.13035],[7.13561,50.12631],[7.1342,50.12372],[7.12977,50.12038],[7.12797,50.11689],[7.12477,50.11489],[7.11985,50.11368],[7.11294,50.11439],[7.10613,50.11762],[7.10117,50.11672],[7.09658,50.11695],[7.08992,50.11577],[7.08679,50.11446],[7.0821,50.11372],[7.07619,50.11081],[7.07184,50.10608],[7.06868,50.10466],[7.07178,50.10269],[7.07631,50.09828],[7.08318,50.09731],[7.08891,50.09358],[7.09069,50.09006],[7.09032,50.08753],[7.08579,50.08146],[7.08441,50.08043],[7.07806,50.07038],[7.07286,50.068],[7.06861,50.06763],[7.06224,50.06898],[7.05959,50.06768],[7.05068,50.06056],[7.0458,50.05833],[7.04438,50.05579],[7.03816,50.05183],[7.03223,50.05083],[7.0282,50.05137],[7.02445,50.053],[7.02001,50.05088],[7.01402,50.04488],[7.00756,50.04225],[6.98888,50.03825],[6.98179,50.03772],[6.97562,50.03918],[6.97323,50.04072],[6.9679,50.04206],[6.96423,50.04455],[6.96249,50.04397],[6.96338,50.0409],[6.96105,50.03685],[6.95762,50.03496],[6.94943,50.03166],[6.94012,50.02896],[6.9322,50.02846],[6.91962,50.0314],[6.9153,50.03092],[6.9104,50.03149],[6.90462,50.03015],[6.89988,50.03065],[6.89716,50.02849],[6.8908,50.025],[6.8862,50.02332],[6.88201,50.02298],[6.87554,50.02149],[6.87305,50.01989],[6.87323,50.01631],[6.8719,50.01244],[6.86958,50.01011],[6.86609,50.00852],[6.86569,50.00463],[6.86176,50.00004],[6.85567,49.99783],[6.85143,49.99774],[6.84572,49.9995],[6.84235,50.00212],[6.82884,50.00065],[6.82187,49.99804],[6.81715,49.99811],[6.80582,50.00007],[6.79775,49.99812],[6.7953,49.99686],[6.79924,49.99268],[6.79979,49.99056],[6.80298,49.99081],[6.80859,49.99002],[6.81487,49.99027],[6.81865,49.99113],[6.82282,49.99112],[6.82836,49.98929],[6.83386,49.98435],[6.83494,49.98181],[6.83468,49.97596],[6.83725,49.9744],[6.84462,49.97285],[6.84753,49.97077],[6.84909,49.96671],[6.84801,49.96398],[6.84539,49.96173],[6.84076,49.9598],[6.83459,49.95859],[6.82417,49.95843],[6.82143,49.95701],[6.81521,49.9556],[6.80892,49.95203],[6.80216,49.95069],[6.7934,49.95126],[6.79189,49.94855],[6.79194,49.9441],[6.79572,49.93978],[6.79638,49.93589],[6.7945,49.93283],[6.79373,49.92831],[6.79655,49.92367],[6.79398,49.91884],[6.79694,49.91351],[6.8006,49.91218],[6.80333,49.91018],[6.80542,49.90713],[6.80594,49.90286],[6.80409,49.90023],[6.8008,49.89829],[6.79659,49.89733],[6.79096,49.89773],[6.78458,49.8974],[6.77775,49.89603],[6.76996,49.89332],[6.76312,49.89149],[6.76324,49.88492],[6.75999,49.88007],[6.75948,49.87559],[6.75368,49.87011],[6.74472,49.86749],[6.74014,49.86714],[6.73475,49.86801],[6.73136,49.86979],[6.7293,49.87228],[6.72932,49.87649],[6.73188,49.87934],[6.72324,49.88117],[6.71236,49.87609],[6.70668,49.86994],[6.70367,49.86825],[6.69828,49.86683],[6.69123,49.86302],[6.69044,49.85973],[6.68691,49.8564],[6.67958,49.85436],[6.6736,49.85335],[6.67198,49.85022],[6.67165,49.84376],[6.66902,49.83755],[6.66469,49.83071],[6.66364,49.82672],[6.66001,49.82251],[6.66171,49.81835],[6.65953,49.81254],[6.65655,49.80965],[6.64733,49.80542],[6.63916,49.80403],[6.63575,49.80289],[6.63534,49.79821],[6.63207,49.79363],[6.62976,49.78727],[6.62547,49.78421],[6.61929,49.78319],[6.60811,49.78358],[6.6035,49.78464],[6.59781,49.7851],[6.59525,49.78388],[6.59051,49.78017],[6.58939,49.77666],[6.59382,49.77249],[6.60228,49.77068],[6.60547,49.76888],[6.60739,49.76643],[6.60775,49.76369],[6.6065,49.76106],[6.60382,49.75893],[6.59856,49.75625],[6.5925,49.75536],[6.57906,49.75724],[6.57398,49.75584],[6.57026,49.75124],[6.56473,49.7476],[6.55861,49.74596],[6.55418,49.74628],[6.55031,49.74771],[6.54762,49.75],[6.54651,49.75318],[6.54409,49.75583],[6.54016,49.75741],[6.53754,49.75964],[6.5355,49.76337],[6.53066,49.76565],[6.52864,49.76817],[6.52829,49.771],[6.5301,49.77565],[6.53405,49.77887],[6.54287,49.78145],[6.54478,49.78323],[6.55121,49.78544],[6.55297,49.7868],[6.56252,49.79044],[6.56822,49.79578],[6.56926,49.8003],[6.56806,49.80475],[6.57065,49.80886],[6.5678,49.81501],[6.56931,49.82646],[6.56841,49.82753],[6.56188,49.82718],[6.55108,49.82822],[6.54361,49.83258],[6.53679,49.83361],[6.5334,49.83552],[6.52759,49.84119],[6.51783,49.84182],[6.50971,49.83911],[6.50412,49.83902],[6.50119,49.83691],[6.49279,49.83256],[6.48993,49.82994],[6.48241,49.82495],[6.47656,49.82291],[6.47503,49.8213],[6.48048,49.81856],[6.48426,49.81424],[6.48887,49.81192],[6.4963,49.81155],[6.50276,49.80992],[6.50595,49.80831],[6.51175,49.80085],[6.51275,49.79822],[6.51131,49.79428],[6.50615,49.7902],[6.50703,49.78753],[6.51066,49.78533],[6.51261,49.78265],[6.51272,49.77968],[6.50988,49.7744],[6.51647,49.76934],[6.51783,49.76669],[6.51725,49.76122],[6.51491,49.75884],[6.51136,49.75722],[6.50456,49.75528],[6.50062,49.75226],[6.50064,49.74873],[6.50192,49.74649],[6.5024,49.73924],[6.50167,49.73052],[6.49972,49.72797],[6.49614,49.726],[6.49614,49.72319],[6.50049,49.71966],[6.50181,49.71703],[6.50148,49.71426],[6.49958,49.71178],[6.49332,49.70759],[6.49137,49.70566],[6.48108,49.69748],[6.46896,49.69328],[6.46188,49.69203],[6.45839,49.69024],[6.45534,49.68647],[6.44731,49.67825],[6.4405,49.67407],[6.43097,49.66961],[6.42659,49.66477],[6.42659,49.66133],[6.43561,49.65846],[6.43884,49.65477],[6.43831,49.65055],[6.4347,49.64467],[6.42895,49.63647],[6.42362,49.6258],[6.42216,49.62116],[6.41962,49.61818],[6.41131,49.61395],[6.40552,49.60869],[6.40231,49.60445],[6.39977,49.60267],[6.39487,49.60082],[6.38752,49.60015],[6.38488,49.59935],[6.37598,49.59292],[6.37401,49.58884],[6.37469,49.58402],[6.37195,49.58046],[6.35962,49.57537],[6.35757,49.57239],[6.35883,49.57057],[6.37381,49.56288],[6.38041,49.55857],[6.38154,49.55435],[6.38005,49.5511],[6.37752,49.54823],[6.37014,49.54304],[6.36694,49.5399],[6.3619,49.53702],[6.35788,49.53303],[6.35708,49.53114],[6.3577,49.52747],[6.36156,49.51777],[6.36558,49.50921],[6.36769,49.50126],[6.36729,49.49414],[6.36873,49.48708],[6.3674,49.47884],[6.36742,49.46935],[6.37501,49.46423],[6.38186,49.46502],[6.38636,49.46502],[6.39307,49.46409],[6.40333,49.46594],[6.40851,49.46783],[6.41766,49.47325],[6.42145,49.47452],[6.42569,49.47476],[6.42975,49.47394],[6.43303,49.47218],[6.43816,49.46811],[6.44097,49.46675],[6.44736,49.4664],[6.45563,49.46274],[6.4601,49.46404],[6.46654,49.46385],[6.47025,49.46241],[6.47761,49.45808],[6.48151,49.45441],[6.48456,49.4527],[6.48909,49.45608],[6.48784,49.4583],[6.488,49.46143],[6.49068,49.46478],[6.4886,49.46706],[6.48726,49.4722],[6.48826,49.47497],[6.49083,49.47727],[6.49571,49.47941],[6.49802,49.48451],[6.49644,49.48598],[6.49097,49.49471],[6.49223,49.49994],[6.49496,49.50197],[6.50035,49.50394],[6.50023,49.50541],[6.49739,49.50832],[6.49645,49.51577],[6.49202,49.52145],[6.4916,49.52425],[6.49287,49.52693],[6.49561,49.5291],[6.49926,49.53039],[6.50322,49.53336],[6.50701,49.53434],[6.51481,49.53513],[6.51468,49.53636],[6.50965,49.5421],[6.50853,49.54491],[6.51021,49.54909],[6.51631,49.55268],[6.52007,49.55562],[6.52831,49.55874],[6.53249,49.55893],[6.53648,49.55809],[6.5397,49.55635],[6.5434,49.55217],[6.54752,49.55255],[6.55282,49.55212],[6.56096,49.55575],[6.5655,49.55652],[6.56886,49.55631],[6.57766,49.5599],[6.58401,49.56094],[6.58819,49.56061],[6.59336,49.55831],[6.59587,49.554],[6.59832,49.55199],[6.60362,49.54964],[6.61137,49.54855],[6.61531,49.54605],[6.62051,49.54858],[6.62647,49.54984],[6.63251,49.54936],[6.63853,49.54692],[6.64241,49.54899],[6.65034,49.54959],[6.6522,49.55097],[6.65345,49.55392],[6.65151,49.55842],[6.65351,49.56527],[6.65029,49.57071],[6.64905,49.57726],[6.65044,49.58246],[6.64072,49.58663],[6.63779,49.58901],[6.6364,49.59165],[6.63741,49.59575],[6.64211,49.59991],[6.64821,49.60225],[6.64861,49.60558],[6.65087,49.60817],[6.65356,49.60966],[6.65222,49.61396],[6.65329,49.61657],[6.65006,49.62314],[6.64922,49.62644],[6.64915,49.63292],[6.65079,49.63586],[6.65387,49.639],[6.66949,49.65065],[6.67837,49.65437],[6.68262,49.65874],[6.68849,49.66349],[6.69199,49.66504],[6.69826,49.66551],[6.70221,49.66453],[6.70597,49.66249],[6.71836,49.66317],[6.72344,49.66671],[6.723,49.67136],[6.72469,49.67407],[6.72862,49.6768],[6.72999,49.68293],[6.7292,49.68953],[6.72748,49.69263],[6.72773,49.69612],[6.72672,49.69848],[6.72244,49.69748],[6.7138,49.69638],[6.70962,49.69685],[6.70032,49.69953],[6.69594,49.70241],[6.69468,49.705],[6.69573,49.70899],[6.70041,49.71482],[6.70607,49.7173],[6.71497,49.71729],[6.72084,49.7198],[6.72504,49.71998],[6.72903,49.71913],[6.73225,49.71738],[6.73707,49.71114],[6.73824,49.70688],[6.74602,49.70504],[6.74907,49.70298],[6.75077,49.69901],[6.75934,49.6981],[6.76561,49.70273],[6.7697,49.7047],[6.76936,49.70963],[6.77105,49.71234],[6.77078,49.71497],[6.7728,49.71924],[6.77261,49.72276],[6.77425,49.72527],[6.77723,49.72721],[6.7832,49.72845],[6.78678,49.72819],[6.79004,49.73104],[6.78829,49.73637],[6.78862,49.73897],[6.78719,49.74246],[6.78707,49.7472],[6.78879,49.74983],[6.79195,49.75182],[6.79827,49.75296],[6.80559,49.75272],[6.81268,49.75086],[6.81709,49.74778],[6.82173,49.74808],[6.83049,49.74654],[6.83388,49.74779],[6.84387,49.74983],[6.85516,49.74991],[6.85973,49.7508],[6.86729,49.7498],[6.87024,49.75075],[6.87232,49.75485],[6.87233,49.75886],[6.86746,49.76767],[6.86758,49.77315],[6.8702,49.77675],[6.87672,49.78093],[6.88325,49.78311],[6.88735,49.78595],[6.89552,49.78826],[6.90215,49.79235],[6.90122,49.79576],[6.90201,49.7985],[6.90496,49.80185],[6.90861,49.80362],[6.91404,49.80468],[6.92333,49.80314],[6.93639,49.80523],[6.94205,49.80473],[6.94565,49.80597],[6.94891,49.80864],[6.94868,49.81229],[6.95188,49.82065],[6.95102,49.8251],[6.95304,49.82914],[6.95625,49.83111],[6.96151,49.83312],[6.96603,49.83368],[6.97218,49.83683],[6.97641,49.83717],[6.98052,49.83646],[6.98519,49.83368],[6.98741,49.83009],[6.98999,49.8281],[6.99621,49.82631],[6.99907,49.8264],[7.0075,49.82907],[7.02489,49.83217],[7.03705,49.8367],[7.03925,49.83889],[7.03713,49.84419],[7.031,49.84918],[7.02883,49.85218],[7.02841,49.85483],[7.0306,49.85854],[7.03515,49.86122],[7.0393,49.86217],[7.04369,49.86202],[7.04764,49.86078],[7.05054,49.85864],[7.06522,49.8421],[7.06862,49.84239],[7.07307,49.84624],[7.07763,49.85242],[7.07752,49.85572],[7.07616,49.85729],[7.07452,49.86318],[7.07093,49.86741],[7.06886,49.87259],[7.06692,49.875],[7.06667,49.88081],[7.06131,49.88257],[7.05808,49.8847],[7.05568,49.88939],[7.05581,49.89209],[7.05881,49.89562],[7.06524,49.8985],[7.06912,49.89926],[7.07584,49.89962],[7.08007,49.89885],[7.08476,49.8959],[7.0861,49.89297],[7.08832,49.89229],[7.09423,49.89499],[7.1011,49.89486],[7.1027,49.89618],[7.10169,49.90198],[7.10374,49.90547],[7.10628,49.90751],[7.1119,49.90934],[7.11613,49.90931],[7.12038,49.90831],[7.12431,49.90921],[7.12849,49.90905],[7.13798,49.90632],[7.14248,49.90342],[7.14677,49.90366],[7.15295,49.90263],[7.15428,49.90536],[7.14924,49.90871],[7.14682,49.91243],[7.14881,49.91852],[7.15174,49.92084],[7.15473,49.92199],[7.15577,49.92512],[7.15433,49.9286],[7.15585,49.93323],[7.15954,49.93646],[7.1634,49.93774],[7.16969,49.93772],[7.17551,49.94032],[7.17925,49.9412],[7.18766,49.94147],[7.19498,49.94561],[7.19928,49.94655],[7.20396,49.94645],[7.21048,49.94756],[7.21177,49.9518],[7.2141,49.95426],[7.21453,49.95757],[7.21811,49.96124],[7.22208,49.96264],[7.22658,49.96291],[7.23257,49.96123],[7.23718,49.96086],[7.24265,49.95943],[7.25273,49.96173],[7.25714,49.96617],[7.26437,49.96776],[7.26155,49.9714],[7.25937,49.97917],[7.26009,49.98192],[7.25278,49.98443],[7.25026,49.98688],[7.2498,49.99124],[7.25246,49.99449],[7.25284,49.99877],[7.25485,50.00327],[7.25312,50.0071],[7.25375,50.0105],[7.25765,50.01401],[7.25857,50.01647],[7.26516,50.02132],[7.26567,50.02338],[7.26448,50.02842],[7.26112,50.03166],[7.23905,50.0416],[7.23395,50.04337],[7.23043,50.04641],[7.22568,50.04653],[7.22178,50.04744],[7.21764,50.04959],[7.21574,50.05195],[7.21451,50.05644],[7.21505,50.05955],[7.21719,50.06212],[7.21399,50.06403],[7.21202,50.06658],[7.21174,50.06942],[7.2132,50.07211],[7.21617,50.07422],[7.22122,50.07566],[7.22566,50.07794],[7.23163,50.07894],[7.23595,50.07884],[7.24215,50.08063],[7.24795,50.08067],[7.24689,50.08632],[7.24528,50.09043],[7.24644,50.09339],[7.24907,50.09566],[7.25388,50.09827],[7.25956,50.09937],[7.26153,50.10265],[7.26477,50.10463],[7.2765,50.1076],[7.28417,50.11187],[7.28646,50.11622],[7.29299,50.11902],[7.30022,50.12402],[7.30406,50.12812],[7.31435,50.1333],[7.31031,50.13787],[7.30989,50.1406],[7.31109,50.14323],[7.31373,50.14538],[7.32431,50.14984],[7.33036,50.15056],[7.33357,50.15248],[7.33849,50.15716],[7.34193,50.15933],[7.35168,50.16311],[7.35398,50.1662],[7.35908,50.16871],[7.36436,50.16943],[7.36918,50.17185],[7.37145,50.174],[7.37493,50.17555],[7.38175,50.17622],[7.38414,50.17588],[7.38782,50.17874],[7.38809,50.18126],[7.38989,50.18416],[7.39416,50.18696],[7.40142,50.18949],[7.40734,50.19274],[7.41132,50.19326],[7.4219,50.19304],[7.42512,50.1944],[7.42323,50.19989],[7.42546,50.20394],[7.42883,50.20586],[7.43322,50.20682],[7.43768,50.2066],[7.44324,50.20425],[7.44696,50.1991],[7.45217,50.19982],[7.45624,50.19925],[7.4597,50.19776],[7.46207,50.19557],[7.46425,50.19119],[7.46665,50.18862],[7.4714,50.18516],[7.47572,50.18368],[7.48096,50.18366],[7.4854,50.18292],[7.49143,50.18614],[7.49938,50.18955],[7.50384,50.19087],[7.50793,50.19106],[7.51213,50.19019],[7.51631,50.19172],[7.52141,50.19463],[7.52787,50.19609],[7.52948,50.1978],[7.53797,50.20232],[7.53963,50.20622],[7.54288,50.20838],[7.54902,50.20965],[7.55523,50.20854],[7.56376,50.20379],[7.56761,50.20357],[7.57158,50.20233],[7.57561,50.19899],[7.5835,50.19745],[7.58701,50.19563],[7.59095,50.19114],[7.59347,50.18521],[7.59284,50.1822],[7.59096,50.17996],[7.59122,50.1777],[7.5898,50.17375],[7.59272,50.16988],[7.59761,50.1687],[7.60066,50.16707],[7.60299,50.16423],[7.60617,50.16347],[7.61886,50.1656],[7.62769,50.16559],[7.63404,50.16359],[7.63914,50.1594],[7.64698,50.15666],[7.65376,50.15258],[7.65556,50.14852],[7.6535,50.1445],[7.65028,50.14256],[7.64048,50.14095],[7.63607,50.13863],[7.64222,50.13476],[7.6437,50.13201],[7.64337,50.12911],[7.64113,50.12469],[7.63433,50.11613],[7.63112,50.11458],[7.6181,50.11042],[7.60056,50.10243],[7.5977,50.1009],[7.6033,50.09859],[7.6069,50.09537],[7.62404,50.08529],[7.62637,50.08514],[7.63025,50.08736],[7.63736,50.08969],[7.64526,50.09017],[7.65075,50.08803],[7.65338,50.08492],[7.65673,50.08349],[7.65914,50.08126],[7.6601,50.07861],[7.65946,50.07592],[7.65732,50.07358],[7.652,50.07142],[7.64884,50.07111],[7.64587,50.06732],[7.64015,50.06478],[7.6339,50.06428],[7.63833,50.04836],[7.63907,50.04692],[7.66713,50.03128],[7.67389,50.03074],[7.68577,50.02809],[7.6932,50.02381],[7.69522,50.02138],[7.69676,50.01702],[7.6998,50.01285],[7.70896,50.00905],[7.71275,50.00831],[7.72545,50.0025],[7.73478,49.99872],[7.74066,49.99887],[7.75373,49.99564],[7.7572,49.99392],[7.76216,49.98792],[7.76764,49.98534],[7.76957,49.98268],[7.76969,49.97974],[7.76485,49.97373],[7.76452,49.97014],[7.76069,49.96614],[7.75823,49.96033],[7.75151,49.95607],[7.75658,49.95309],[7.75888,49.94903],[7.75715,49.94485],[7.75402,49.94277],[7.74986,49.94165],[7.73631,49.94083],[7.72675,49.94093],[7.71669,49.94156],[7.71272,49.94064],[7.70498,49.94057],[7.69581,49.9381],[7.69267,49.9334],[7.68901,49.93165],[7.68217,49.93113],[7.67308,49.92744],[7.66798,49.92443],[7.66254,49.92317],[7.65688,49.91902],[7.65368,49.91598],[7.65732,49.91394],[7.66434,49.90787],[7.66952,49.90063],[7.67149,49.89892],[7.6777,49.90122],[7.68186,49.90122],[7.68803,49.8991],[7.69063,49.89652],[7.6917,49.892],[7.69344,49.89093],[7.70107,49.8906],[7.70728,49.88913],[7.71019,49.88697],[7.71362,49.8828],[7.71385,49.87872],[7.71203,49.87624],[7.7089,49.87438],[7.69539,49.87112],[7.69094,49.87104],[7.6874,49.86811],[7.68276,49.86632],[7.67836,49.86218],[7.66813,49.85913],[7.6623,49.85858],[7.6476,49.84934],[7.64871,49.8472],[7.64853,49.84403],[7.64668,49.84142],[7.64339,49.83948],[7.63791,49.83822],[7.63165,49.8388],[7.62821,49.8404],[7.62594,49.84273],[7.62541,49.8468],[7.62725,49.84958],[7.62469,49.85435],[7.62169,49.85784],[7.62132,49.86055],[7.61668,49.86187],[7.61383,49.86397],[7.61243,49.86662],[7.61346,49.87073],[7.6164,49.87347],[7.60968,49.87847],[7.60801,49.88148],[7.60826,49.88668],[7.60513,49.88986],[7.60082,49.8957],[7.59347,49.90129],[7.59218,49.9042],[7.58563,49.90835],[7.58138,49.90838],[7.57359,49.90035],[7.56806,49.89777],[7.55001,49.8953],[7.54429,49.89588],[7.54272,49.89245],[7.54508,49.88242],[7.54346,49.87879],[7.54113,49.87692],[7.53781,49.87095],[7.53644,49.86311],[7.53728,49.86007],[7.54147,49.85941],[7.54567,49.85718],[7.54864,49.85673],[7.55528,49.85434],[7.56084,49.8529],[7.56366,49.85086],[7.56523,49.84692],[7.56504,49.83738],[7.56115,49.83231],[7.55748,49.83052],[7.55301,49.82984],[7.54572,49.8313],[7.53587,49.84048],[7.53235,49.84468],[7.5289,49.84335],[7.51263,49.84237],[7.50564,49.84136],[7.49808,49.83794],[7.50309,49.83644],[7.50976,49.83227],[7.51502,49.83113],[7.5183,49.82925],[7.5202,49.8267],[7.52044,49.82388],[7.51897,49.82121],[7.51594,49.81891],[7.51226,49.81769],[7.50572,49.81775],[7.50195,49.81566],[7.50253,49.81278],[7.50557,49.81006],[7.51712,49.80709],[7.52138,49.80463],[7.52485,49.80366],[7.52806,49.80163],[7.53051,49.79579],[7.5294,49.79081],[7.52537,49.78623],[7.51394,49.77873],[7.51472,49.77615],[7.52334,49.77094],[7.52709,49.76993],[7.5304,49.76787],[7.53252,49.76299],[7.52942,49.75679],[7.53215,49.75458],[7.54555,49.75344],[7.5506,49.75156],[7.55664,49.74828],[7.56132,49.7435],[7.56285,49.74054],[7.5627,49.73796],[7.56651,49.73601],[7.5713,49.73152],[7.57347,49.72807],[7.58303,49.72616],[7.58702,49.72745],[7.59328,49.72752],[7.59705,49.72631],[7.60076,49.72305],[7.60197,49.71909],[7.60803,49.71816],[7.61623,49.71279],[7.61799,49.71002],[7.61787,49.70704],[7.61473,49.70241],[7.61286,49.69781],[7.61451,49.69321],[7.61212,49.68947],[7.6079,49.68695],[7.60905,49.6844],[7.61616,49.68569],[7.62358,49.68442],[7.63383,49.68453],[7.64207,49.68685],[7.64818,49.69325],[7.65155,49.69482],[7.65764,49.69543],[7.66158,49.69459],[7.66477,49.69288],[7.66985,49.68889],[7.67344,49.68794],[7.6792,49.69324],[7.68485,49.69519],[7.68915,49.69519],[7.69454,49.69391],[7.69818,49.69421],[7.70312,49.69336],[7.70951,49.69432],[7.71374,49.69356],[7.71857,49.69139],[7.72069,49.68904],[7.72103,49.685],[7.71948,49.68121],[7.72191,49.67773],[7.72178,49.67327],[7.72531,49.67232],[7.72866,49.67343],[7.73965,49.67483],[7.74397,49.67425],[7.74759,49.67261],[7.75011,49.66991],[7.75332,49.66856],[7.76463,49.66782],[7.76947,49.66978],[7.77408,49.67047],[7.77868,49.66993],[7.78158,49.67063],[7.78775,49.67034],[7.79371,49.66817],[7.79631,49.66618],[7.79838,49.66133],[7.80433,49.65642],[7.81296,49.65602],[7.81682,49.65479],[7.82056,49.65142],[7.82202,49.64669],[7.82166,49.64378],[7.81871,49.64015],[7.81579,49.63835],[7.80865,49.63596],[7.8005,49.63458],[7.79589,49.63471],[7.78897,49.63649],[7.78418,49.63865],[7.77519,49.63729],[7.77293,49.63546],[7.76847,49.63366],[7.76235,49.62627],[7.76532,49.62395],[7.76673,49.62121],[7.76637,49.61832],[7.76365,49.61394],[7.75922,49.61109],[7.76132,49.60777],[7.7668,49.60697],[7.77025,49.60509],[7.77777,49.60386],[7.78781,49.60674],[7.79174,49.60702],[7.79895,49.60956],[7.80269,49.6115],[7.80824,49.61314],[7.81253,49.61333],[7.81662,49.61245],[7.81987,49.61062],[7.82199,49.60793],[7.82178,49.60113],[7.83336,49.60092],[7.84058,49.60267],[7.85143,49.60646],[7.86515,49.61636],[7.87114,49.61782],[7.87541,49.61745],[7.87914,49.61606],[7.88471,49.61006],[7.88942,49.60836],[7.89213,49.60632],[7.89359,49.60213],[7.8972,49.60269],[7.90246,49.60216],[7.91,49.60358],[7.91373,49.60592],[7.91751,49.60682],[7.92153,49.60678],[7.92959,49.60468],[7.93264,49.60303],[7.93731,49.60302],[7.94279,49.60403],[7.94344,49.60561],[7.93679,49.60633],[7.91397,49.61473],[7.91122,49.61515],[7.90487,49.61758],[7.90199,49.61766],[7.89596,49.6194],[7.89328,49.62169],[7.89134,49.62725],[7.89438,49.63295],[7.90121,49.63802],[7.90615,49.63995],[7.91074,49.64057],[7.91817,49.63911],[7.92066,49.6413],[7.92413,49.6428],[7.92821,49.64336],[7.93852,49.64359],[7.94557,49.64272],[7.94935,49.64132],[7.9616,49.63445],[7.96438,49.63217],[7.96557,49.6293],[7.97002,49.62326],[7.9756,49.62504],[7.98508,49.62628],[7.99166,49.62496],[8.00247,49.62555],[8.0082,49.6241],[8.01345,49.61954],[8.01519,49.61612],[8.02401,49.61354],[8.02836,49.61028],[8.02973,49.60637],[8.0278,49.60194],[8.03258,49.60288],[8.0363,49.60263],[8.04697,49.60465],[8.05722,49.60587],[8.06251,49.60499],[8.07495,49.6083],[8.08544,49.61011],[8.09408,49.61388],[8.10608,49.61532],[8.11042,49.61471],[8.11405,49.61304],[8.11692,49.60918],[8.11573,49.60474],[8.11825,49.60314],[8.12093,49.59979],[8.12131,49.59616],[8.1225,49.59441],[8.12718,49.59453],[8.13477,49.59268],[8.13904,49.58936],[8.13954,49.58425],[8.1375,49.58148],[8.13386,49.57952],[8.12856,49.57789],[8.12434,49.57763],[8.12028,49.57843],[8.11699,49.58017],[8.11446,49.58353],[8.10903,49.58307],[8.10157,49.57919],[8.09726,49.57774],[8.08961,49.57642],[8.09047,49.57207],[8.08914,49.56906],[8.08709,49.56726],[8.09319,49.56306],[8.09666,49.55802],[8.10134,49.55405],[8.10638,49.55544],[8.11042,49.55559],[8.11427,49.55478],[8.11851,49.55266],[8.12092,49.54876],[8.12044,49.54596],[8.11833,49.54348],[8.11435,49.54126],[8.10121,49.53539],[8.09758,49.53138],[8.08961,49.52811],[8.08842,49.5235],[8.08172,49.5191],[8.08405,49.51384],[8.09023,49.51282],[8.09331,49.51097],[8.0951,49.5085],[8.09488,49.50444],[8.09282,49.50206],[8.08642,49.49714],[8.08223,49.49104],[8.08306,49.48786],[8.0811,49.48377],[8.07591,49.47925],[8.07111,49.47717],[8.06646,49.47649],[8.0616,49.47657],[8.05527,49.47789],[8.05204,49.47957],[8.04999,49.48192],[8.04989,49.49298],[8.05186,49.4992],[8.04853,49.49937],[8.04437,49.49812],[8.03473,49.48888],[8.03113,49.48752],[8.02701,49.48712],[8.02188,49.48807],[8.01513,49.48703],[8.00432,49.48929],[7.99534,49.48622],[7.99263,49.48589],[7.98097,49.48068],[7.97515,49.47987],[7.96202,49.47502],[7.95242,49.47407],[7.95213,49.47106],[7.95346,49.46668],[7.95333,49.46414],[7.95133,49.46124],[7.95531,49.45567],[7.95971,49.4506],[7.9618,49.44534],[7.9664,49.44179],[7.97219,49.44194],[7.97785,49.44035],[7.98049,49.43828],[7.98177,49.43571],[7.98164,49.42989],[7.98748,49.4263],[7.99433,49.42409],[7.99714,49.42067],[8.00516,49.41618],[8.00712,49.41351],[8.00722,49.41035],[8.01092,49.40969],[8.01972,49.40567],[8.026,49.39955],[8.0326,49.40388],[8.03705,49.4054],[8.04361,49.40562],[8.05056,49.40648],[8.05556,49.40569],[8.06069,49.40309],[8.06258,49.40045],[8.06271,49.39754],[8.06107,49.39483],[8.05323,49.38724],[8.04954,49.38554],[8.05165,49.38159],[8.05189,49.37851],[8.05359,49.37708],[8.05827,49.37872],[8.0671,49.3798],[8.07407,49.37912],[8.08266,49.38126],[8.09087,49.38017],[8.09389,49.3782],[8.09575,49.37369],[8.09894,49.37005],[8.09906,49.36728],[8.09629,49.36357],[8.09285,49.36193],[8.08873,49.36127],[8.07669,49.36277],[8.0645,49.3595],[8.05806,49.3562],[8.04464,49.3531],[8.03469,49.35332],[8.02661,49.35665],[8.01952,49.35474],[8.01486,49.35221],[8.01165,49.34702],[8.00861,49.34528],[7.99952,49.34378],[7.99371,49.34191],[7.98976,49.3416],[7.98426,49.34237],[7.98047,49.3399],[7.97928,49.33519],[7.97553,49.33158],[7.9716,49.32957],[7.96619,49.32864],[7.96302,49.3259],[7.95953,49.32465],[7.95161,49.32329],[7.94799,49.32322],[7.94085,49.32089],[7.93889,49.31793],[7.93527,49.31448],[7.93145,49.31319],[7.92717,49.31295],[7.92307,49.31381],[7.91778,49.31596],[7.91345,49.31636],[7.90646,49.31563],[7.90113,49.3133],[7.89145,49.31175],[7.88709,49.31203],[7.8816,49.31323],[7.87594,49.31204],[7.87167,49.31219],[7.86778,49.31325],[7.86423,49.30975],[7.86871,49.30503],[7.8699,49.29893],[7.86769,49.29465],[7.86777,49.28857],[7.86946,49.28271],[7.86888,49.27971],[7.86647,49.27713],[7.85835,49.2735],[7.85385,49.27296],[7.84871,49.27389],[7.83747,49.27237],[7.83257,49.27027],[7.82848,49.26627],[7.82897,49.26193],[7.82705,49.25628],[7.82698,49.25283],[7.82579,49.24813],[7.82656,49.24588],[7.82892,49.24582],[7.83331,49.24891],[7.83735,49.25296],[7.84487,49.25569],[7.84916,49.25597],[7.87065,49.25188],[7.8779,49.2491],[7.88186,49.24498],[7.88865,49.24391],[7.89328,49.24234],[7.89815,49.24159],[7.90349,49.24427],[7.91175,49.24542],[7.91602,49.24472],[7.92172,49.24551],[7.92801,49.24468],[7.93447,49.24538],[7.93615,49.24696],[7.94436,49.2514],[7.94878,49.25528],[7.95916,49.25876],[7.96382,49.25914],[7.9672,49.26177],[7.97062,49.26309],[7.97974,49.26429],[7.98535,49.26598],[7.98934,49.27257],[7.99223,49.2746],[7.99609,49.27577],[8.00034,49.27589],[8.00583,49.27422],[8.01152,49.27326],[8.01507,49.27188],[8.0176,49.26973],[8.01873,49.26712],[8.0183,49.26443],[8.01599,49.26156],[8.01638,49.25719],[8.01421,49.25385],[8.01893,49.24892],[8.01941,49.24624],[8.01835,49.24363],[8.01371,49.23886],[8.01095,49.23694],[8.00545,49.23546],[7.99864,49.23286],[7.99106,49.23368],[7.98711,49.23201],[7.98319,49.23139],[7.97567,49.23259],[7.96473,49.23342],[7.9503,49.23248],[7.94813,49.22484],[7.94546,49.22256],[7.94173,49.22117],[7.93857,49.2182],[7.927,49.21294],[7.91815,49.21115],[7.92308,49.204],[7.92806,49.19973],[7.93352,49.19988],[7.93751,49.19874],[7.94487,49.19386],[7.94822,49.19041],[7.95079,49.18595],[7.95595,49.18547],[7.96303,49.18622],[7.96885,49.18511],[7.97289,49.18214],[7.97393,49.17956],[7.97507,49.17329],[7.98153,49.17337],[7.99189,49.16921],[7.99472,49.16717],[7.99628,49.16319],[7.99532,49.1605],[7.99289,49.15824],[7.98934,49.15676],[7.98377,49.15595],[7.9817,49.15326],[7.98096,49.14951],[7.97841,49.14708],[7.97199,49.1449],[7.96403,49.14006],[7.95991,49.13915],[7.95927,49.13645],[7.95695,49.13401],[7.95126,49.13192],[7.94789,49.12941],[7.94291,49.1277],[7.93661,49.12393],[7.93886,49.12213],[7.94135,49.12204],[7.94814,49.12024],[7.95104,49.11824],[7.95258,49.11567],[7.95252,49.1129],[7.94954,49.10928],[7.94708,49.10804],[7.94546,49.10463],[7.94668,49.10111],[7.94474,49.09708],[7.93886,49.09241],[7.9318,49.0897],[7.92787,49.08949],[7.92189,49.09018],[7.91626,49.08916],[7.91324,49.08928],[7.90538,49.08635],[7.89718,49.08584],[7.89727,49.08132],[7.8951,49.07791],[7.89468,49.07517],[7.89275,49.07182],[7.88888,49.06835],[7.88529,49.06403],[7.88474,49.0612],[7.88112,49.05762],[7.88048,49.05556],[7.88264,49.0524],[7.88904,49.05051],[7.89247,49.04872],[7.89533,49.04971],[7.90208,49.04982],[7.90607,49.04839],[7.90967,49.04538],[7.91312,49.04035],[7.91891,49.04154],[7.9229,49.04366],[7.9278,49.0505],[7.93117,49.05235],[7.93537,49.05318],[7.93973,49.05285],[7.94354,49.05143],[7.94901,49.04728],[7.95342,49.04588],[7.95689,49.04309],[7.96064,49.04249],[7.96403,49.04083],[7.96694,49.03639],[7.97195,49.03266],[7.97457,49.02726],[7.98315,49.02604],[7.98924,49.02812],[7.9947,49.02863],[7.99897,49.028],[8.0066,49.02574],[8.01094,49.02351],[8.01379,49.02106],[8.01866,49.02013],[8.02287,49.01813],[8.03015,49.01828],[8.03945,49.01546],[8.04777,49.0137],[8.0511,49.01247],[8.05723,49.00756],[8.06265,49.00473],[8.0659,48.99957],[8.06901,48.9999],[8.06806,49.0104],[8.07389,49.01684],[8.07446,49.01927],[8.0739,49.02421],[8.07499,49.02737],[8.07456,49.02937],[8.07633,49.03328],[8.07463,49.03748],[8.07442,49.04096],[8.07149,49.0484],[8.07057,49.05243],[8.07032,49.05892],[8.0731,49.06273],[8.0766,49.06439],[8.08785,49.06636],[8.09833,49.0656],[8.10548,49.06375],[8.11084,49.06055],[8.11345,49.05644],[8.1175,49.05495],[8.12374,49.05508],[8.13102,49.05461],[8.13857,49.05536],[8.14363,49.05491],[8.15075,49.05613],[8.15646,49.05547],[8.15974,49.05406],[8.16454,49.0555],[8.17135,49.05663],[8.1742,49.05802],[8.18409,49.06002],[8.18867,49.06409],[8.19435,49.06724],[8.20432,49.06977],[8.20606,49.07243],[8.20897,49.07431],[8.22023,49.07803],[8.22405,49.07835],[8.22988,49.08042],[8.23338,49.08052],[8.24136,49.08283],[8.24637,49.08514],[8.24997,49.08602],[8.25669,49.09047],[8.2589,49.09619],[8.25967,49.10174],[8.25913,49.10526],[8.25567,49.11073],[8.25299,49.10992],[8.24813,49.1062],[8.24438,49.10538],[8.23444,49.10491],[8.22824,49.1056],[8.22445,49.10665],[8.2205,49.10971],[8.21956,49.11234],[8.22103,49.11624],[8.22636,49.12161],[8.2291,49.12344],[8.23818,49.12547],[8.25008,49.12651],[8.2564,49.12492],[8.26388,49.12583],[8.26308,49.12858],[8.26044,49.13302],[8.25987,49.1357],[8.25791,49.13876],[8.25621,49.14623],[8.25691,49.14884],[8.25902,49.15111],[8.26372,49.15322],[8.26192,49.15982],[8.25895,49.16314],[8.25895,49.1674],[8.26106,49.16992],[8.26449,49.1717],[8.26905,49.17266],[8.29476,49.17474],[8.2989,49.17486],[8.30592,49.17413],[8.30904,49.18029],[8.31333,49.18316],[8.31722,49.18402],[8.32132,49.18401],[8.3277,49.1857],[8.33509,49.18617],[8.34146,49.1857],[8.34308,49.19156],[8.3452,49.19599],[8.34985,49.20121],[8.34696,49.20434],[8.34639,49.2084],[8.34941,49.2137],[8.3497,49.21633],[8.35381,49.22082],[8.35783,49.22238],[8.36288,49.22293],[8.36467,49.22764],[8.36248,49.23036],[8.36152,49.23552],[8.36006,49.23935],[8.36289,49.24497],[8.3658,49.24692],[8.37168,49.24819],[8.37579,49.24777],[8.38676,49.24205],[8.38936,49.23967],[8.39008,49.23534],[8.38496,49.22553],[8.38484,49.2197],[8.39234,49.21974],[8.39619,49.21861],[8.39909,49.2166],[8.40063,49.21402],[8.40057,49.21126],[8.3985,49.20772],[8.39313,49.20273],[8.38523,49.19833],[8.38293,49.1901],[8.38115,49.18554],[8.36985,49.17077],[8.36768,49.1645],[8.36878,49.16074],[8.37202,49.15563],[8.37271,49.15198],[8.36738,49.12946],[8.36416,49.11672],[8.36037,49.10321],[8.35809,49.09778],[8.35461,49.09313],[8.34591,49.08462],[8.32818,49.07156],[8.32054,49.06496],[8.31644,49.06048],[8.30871,49.04996],[8.30414,49.04065],[8.30262,49.03523],[8.30019,49.02174],[8.29737,49.0135],[8.2931,49.00585],[8.2876,48.99843],[8.28419,48.99499],[8.27735,48.98994],[8.26128,48.98092],[8.23923,48.96926],[8.22793,48.96516],[8.20289,48.95979],[8.19866,48.95813],[8.19361,48.95396],[8.18739,48.94537],[8.17907,48.93443],[8.15575,48.91228],[8.14655,48.90229],[8.13519,48.88755],[8.12763,48.87611],[8.12147,48.86496],[8.11076,48.84206],[8.10765,48.83321],[8.10383,48.82012],[8.10117,48.81593],[8.09431,48.80835],[8.08704,48.80203],[8.07639,48.7947],[8.07223,48.79235],[8.06458,48.78969],[8.05965,48.78899],[8.05413,48.78939],[8.0491,48.79047],[8.04156,48.79075],[8.03541,48.78959],[8.03022,48.78733],[8.02655,48.78384],[8.02578,48.78207],[8.02355,48.7697],[8.02189,48.76699],[8.01711,48.76251],[8.01119,48.75989],[8.00777,48.75922],[7.99858,48.75901],[7.98668,48.76097],[7.98037,48.76088],[7.97559,48.7598],[7.97067,48.75682],[7.96891,48.75371],[7.96715,48.74673],[7.96707,48.74015],[7.96774,48.72982],[7.96683,48.72631],[7.9633,48.72153],[7.9246,48.69055],[7.89626,48.66724],[7.88998,48.6626],[7.88126,48.65845],[7.86173,48.65059],[7.8481,48.64691],[7.842,48.64373],[7.83804,48.63886],[7.83315,48.62524],[7.83032,48.61987],[7.80482,48.59258],[7.80214,48.58884],[7.80029,48.58404],[7.80025,48.57866],[7.80536,48.56107],[7.80557,48.55031],[7.80311,48.53722],[7.80659,48.52352],[7.80611,48.51638],[7.80394,48.51122],[7.80036,48.50657],[7.79534,48.50196],[7.79153,48.49998],[7.77194,48.49264],[7.76841,48.48982],[7.76708,48.48736],[7.7671,48.47491],[7.76602,48.46046],[7.76503,48.45656],[7.76173,48.44861],[7.7523,48.43261],[7.7358,48.40395],[7.73315,48.3972],[7.73164,48.3917],[7.7309,48.38366],[7.73187,48.37638],[7.73867,48.35466],[7.74517,48.33511],[7.74561,48.33255],[7.74345,48.32547],[7.73708,48.31961],[7.73163,48.31719],[7.71044,48.31161],[7.70346,48.30896],[7.6988,48.30619],[7.69357,48.30172],[7.69164,48.29909],[7.6892,48.29253],[7.68924,48.28079],[7.67989,48.25499],[7.66848,48.22552],[7.66524,48.22005],[7.661,48.21682],[7.64741,48.20997],[7.64412,48.20727],[7.62952,48.18371],[7.61518,48.17088],[7.60175,48.15918],[7.59936,48.15528],[7.59914,48.15015],[7.60057,48.14248],[7.6002,48.1388],[7.59878,48.13558],[7.59618,48.13261],[7.59222,48.13001],[7.58402,48.12695],[7.58056,48.12479],[7.57833,48.12229],[7.57709,48.1193],[7.57743,48.11473],[7.57937,48.10648],[7.57889,48.0998],[7.576,48.09391],[7.57161,48.08846],[7.56995,48.08479],[7.56917,48.08005],[7.56994,48.07525],[7.57338,48.05965],[7.57352,48.05077],[7.56918,48.03843],[7.56861,48.03548],[7.57166,48.03036],[7.60351,48.00519],[7.61019,47.99869],[7.61344,47.99469],[7.61851,47.9858],[7.62165,47.97651],[7.62195,47.97281],[7.62094,47.96898],[7.61708,47.96342],[7.60967,47.95433],[7.60454,47.94998],[7.58799,47.93712],[7.5839,47.93233],[7.58106,47.92682],[7.58072,47.91916],[7.58296,47.9032],[7.58237,47.89953],[7.57942,47.89451],[7.57499,47.8907],[7.5645,47.88614],[7.5589,47.88182],[7.55631,47.87753],[7.55554,47.87408],[7.55596,47.86695],[7.55761,47.86285],[7.56286,47.8538],[7.56362,47.84956],[7.56292,47.84269],[7.56003,47.83636],[7.55252,47.82725],[7.54889,47.82127],[7.54537,47.81155],[7.54108,47.80346],[7.53215,47.78778],[7.53021,47.78314],[7.52967,47.77808],[7.53071,47.77177],[7.53338,47.76604],[7.54599,47.74357],[7.54811,47.73947],[7.54853,47.73508],[7.5476,47.72982],[7.5437,47.72233],[7.54038,47.71853],[7.53496,47.71473],[7.51423,47.70308],[7.51231,47.70062],[7.51164,47.69699],[7.51238,47.69481],[7.51626,47.68976],[7.51888,47.6847],[7.51948,47.68037],[7.51901,47.67266],[7.51956,47.66812],[7.521,47.6641],[7.52473,47.66015],[7.53066,47.65477],[7.5379,47.64918],[7.54646,47.64448],[7.56082,47.63722],[7.56736,47.63174],[7.57035,47.62688],[7.57225,47.61961],[7.57423,47.61599],[7.58788,47.60776],[7.59145,47.60417],[7.59281,47.60081],[7.59224,47.59562],[7.58912,47.58996],[7.59915,47.58715],[7.60199,47.58538],[7.60371,47.58303],[7.60456,47.57789],[7.61022,47.57815],[7.61623,47.57775],[7.619,47.57689],[7.6279,47.5812],[7.63361,47.58553],[7.63658,47.58845],[7.64325,47.59143],[7.64789,47.59468],[7.65211,47.59548],[7.65645,47.59506],[7.6675,47.59183],[7.67019,47.58996],[7.67207,47.58513],[7.67729,47.58343],[7.68109,47.58003],[7.68261,47.57552],[7.68226,47.57288],[7.68051,47.5705],[7.67543,47.56705],[7.6719,47.56603],[7.65904,47.56436],[7.6515,47.56124],[7.64567,47.56111],[7.64139,47.56194],[7.63633,47.56394],[7.63418,47.56116],[7.6373,47.55995],[7.64272,47.55563],[7.64837,47.54887],[7.65132,47.54712],[7.65653,47.54602],[7.66025,47.54456],[7.66281,47.54221],[7.66589,47.53745],[7.66839,47.53569],[7.67387,47.53396],[7.68195,47.53257],[7.69207,47.53238],[7.69667,47.53288],[7.70665,47.53656],[7.71837,47.54146],[7.72185,47.54212],[7.74316,47.54359],[7.75098,47.5445],[7.75433,47.54573],[7.75996,47.5489],[7.77473,47.55249],[7.78247,47.55316],[7.7886,47.55469],[7.79598,47.55775],[7.79966,47.56264],[7.80249,47.56476],[7.8093,47.56795],[7.81239,47.5714],[7.81495,47.58076],[7.81708,47.58416],[7.82187,47.58693],[7.82601,47.58752],[7.8312,47.58682],[7.83475,47.58516],[7.83704,47.58301],[7.83966,47.58222],[7.84631,47.58226],[7.85569,47.58485],[7.85972,47.58702],[7.86877,47.58852],[7.8792,47.58843],[7.8848,47.58883],[7.89272,47.58706],[7.89668,47.58495],[7.90525,47.57855],[7.90988,47.57233],[7.91146,47.56771],[7.90781,47.56173],[7.90742,47.55956],[7.90852,47.55542],[7.91016,47.55249],[7.91363,47.5496],[7.91909,47.54731],[7.92639,47.54665],[7.93188,47.54689],[7.9409,47.54441],[7.9463,47.54418],[7.94921,47.54609],[7.95308,47.55396],[7.95587,47.55598],[7.9616,47.55734],[7.97426,47.55542],[7.98358,47.55531],[7.99503,47.55647],[8.0013,47.55626],[8.00751,47.55475],[8.01303,47.55183],[8.01873,47.55051],[8.02256,47.55059],[8.02681,47.55189],[8.03995,47.55353],[8.04758,47.556],[8.05879,47.56233],[8.06493,47.56372],[8.06927,47.56368],[8.07323,47.56246],[8.07858,47.55914],[8.08339,47.55752],[8.09107,47.55817],[8.0948,47.5597],[8.09884,47.56231],[8.10144,47.56636],[8.1027,47.57485],[8.10451,47.57821],[8.10943,47.5822],[8.1136,47.58356],[8.11759,47.58378],[8.1261,47.58329],[8.13625,47.58404],[8.13832,47.58623],[8.13859,47.58839],[8.14063,47.59115],[8.14733,47.59478],[8.15181,47.59552],[8.1563,47.59509],[8.16136,47.59373],[8.16512,47.59426],[8.16869,47.59616],[8.17321,47.60075],[8.17791,47.6029],[8.18265,47.60399],[8.1858,47.6058],[8.19391,47.61627],[8.19837,47.61917],[8.20345,47.62068],[8.20776,47.62101],[8.21238,47.62038],[8.2178,47.61847],[8.22154,47.6148],[8.22398,47.60715],[8.22506,47.60564],[8.22912,47.60538],[8.23644,47.61103],[8.24017,47.61231],[8.24668,47.61279],[8.25199,47.61407],[8.25636,47.61396],[8.26028,47.61266],[8.26496,47.60952],[8.26742,47.6095],[8.27924,47.61149],[8.28792,47.6105],[8.29362,47.60809],[8.29666,47.60437],[8.29667,47.60151],[8.29504,47.59516],[8.29548,47.59281],[8.29762,47.58952],[8.30367,47.58544],[8.30945,47.58395],[8.31411,47.58108],[8.31808,47.57698],[8.32313,47.57327],[8.32834,47.57128],[8.33174,47.57068],[8.33951,47.57037],[8.34719,47.57069],[8.3604,47.56996],[8.36546,47.56875],[8.37765,47.56733],[8.38135,47.56585],[8.3858,47.56671],[8.38789,47.57116],[8.38987,47.57335],[8.39478,47.57597],[8.40077,47.57645],[8.40456,47.57548],[8.41403,47.57153],[8.42838,47.56693],[8.43126,47.56657],[8.43867,47.56735],[8.44726,47.56998],[8.45635,47.57226],[8.46573,47.57258],[8.47453,47.57671],[8.47821,47.57759],[8.48676,47.57771],[8.49442,47.58124],[8.49413,47.58229],[8.48861,47.5878],[8.48275,47.58683],[8.48036,47.58575],[8.47414,47.58473],[8.4701,47.58516],[8.46659,47.58659],[8.4623,47.59015],[8.45981,47.5952],[8.45985,47.59789],[8.46134,47.60039],[8.46408,47.60234],[8.46817,47.60376],[8.47048,47.6059],[8.47484,47.6077],[8.47904,47.61183],[8.48199,47.61332],[8.48954,47.61474],[8.49439,47.61461],[8.50371,47.61707],[8.50823,47.61758],[8.5097,47.62046],[8.51486,47.62339],[8.51535,47.62654],[8.51712,47.62899],[8.52194,47.63141],[8.53044,47.63164],[8.53404,47.63062],[8.53685,47.62879],[8.5386,47.62612],[8.54398,47.62529],[8.55292,47.62479],[8.55822,47.62259],[8.56126,47.6199],[8.56296,47.61668],[8.56647,47.61247],[8.56622,47.60636],[8.56375,47.60285],[8.56162,47.60139],[8.56363,47.59871],[8.56689,47.59709]]],[[[7.51668,49.74429],[7.5116,49.74353],[7.50659,49.74374],[7.50232,49.74506],[7.49594,49.74841],[7.49297,49.751],[7.48368,49.74801],[7.47915,49.74542],[7.47594,49.74444],[7.47276,49.74162],[7.47995,49.73807],[7.48769,49.72854],[7.49138,49.72113],[7.49123,49.71769],[7.48744,49.71317],[7.48778,49.71142],[7.50247,49.71643],[7.50932,49.71828],[7.52328,49.72126],[7.52179,49.72615],[7.52259,49.72963],[7.52261,49.73925],[7.51829,49.74189],[7.51668,49.74429]]],[[[8.64993,47.78157],[8.65018,47.78409],[8.65213,47.78666],[8.65543,47.78851],[8.65953,47.78933],[8.66379,47.789],[8.66693,47.78785],[8.67199,47.78712],[8.67869,47.78467],[8.6821,47.78114],[8.68421,47.77284],[8.6833,47.7706],[8.68511,47.76791],[8.68766,47.76192],[8.68787,47.75929],[8.69252,47.75626],[8.69761,47.7568],[8.70038,47.7597],[8.70515,47.7624],[8.71399,47.76436],[8.71808,47.76411],[8.72512,47.76189],[8.72793,47.75962],[8.73161,47.7548],[8.73148,47.75044],[8.72928,47.74791],[8.72371,47.74573],[8.71832,47.74046],[8.71439,47.73868],[8.71201,47.73107],[8.71205,47.72887],[8.71463,47.72638],[8.71669,47.72164],[8.72112,47.72118],[8.7276,47.71908],[8.73133,47.71607],[8.73225,47.71351],[8.73176,47.71009],[8.73001,47.70529],[8.72728,47.70155],[8.72391,47.69982],[8.71982,47.69911],[8.71373,47.70016],[8.70869,47.70423],[8.70704,47.70956],[8.70463,47.71457],[8.6989,47.71498],[8.69465,47.71308],[8.68808,47.71153],[8.68334,47.71177],[8.67768,47.71294],[8.67153,47.71218],[8.6645,47.71325],[8.6659,47.70802],[8.67134,47.70558],[8.67439,47.70206],[8.67459,47.69931],[8.67293,47.69615],[8.66999,47.694],[8.66579,47.69237],[8.65855,47.69132],[8.65959,47.68945],[8.66337,47.68596],[8.66934,47.6847],[8.67764,47.6873],[8.68827,47.69345],[8.69242,47.69421],[8.69668,47.6938],[8.70365,47.69075],[8.70931,47.68951],[8.71494,47.68966],[8.72028,47.69208],[8.72428,47.6929],[8.73398,47.69273],[8.74366,47.69097],[8.74884,47.69087],[8.75787,47.68926],[8.76598,47.68641],[8.76994,47.6844],[8.77264,47.68194],[8.78427,47.67699],[8.78942,47.67532],[8.79562,47.67561],[8.79396,47.67886],[8.79431,47.68201],[8.79714,47.68783],[8.79981,47.69001],[8.80978,47.69323],[8.80607,47.69646],[8.8009,47.69825],[8.7977,47.70219],[8.79205,47.70497],[8.78687,47.70456],[8.78253,47.70502],[8.77675,47.70672],[8.77414,47.70877],[8.77283,47.71132],[8.77254,47.71505],[8.77357,47.71782],[8.77612,47.72011],[8.78069,47.72175],[8.78611,47.72618],[8.793,47.72782],[8.80112,47.72675],[8.80499,47.7245],[8.812,47.72342],[8.81511,47.7213],[8.81842,47.71752],[8.8189,47.71289],[8.82399,47.71098],[8.83202,47.71274],[8.8365,47.7131],[8.84081,47.71218],[8.84437,47.71002],[8.84836,47.70374],[8.85091,47.70086],[8.85145,47.69816],[8.85038,47.69472],[8.85289,47.69004],[8.85057,47.68458],[8.85017,47.68152],[8.85976,47.68007],[8.86326,47.6789],[8.86743,47.67599],[8.8742,47.6674],[8.87572,47.66123],[8.87504,47.65621],[8.88379,47.65558],[8.88943,47.65427],[8.89372,47.65224],[8.89784,47.65285],[8.90173,47.6546],[8.90749,47.65551],[8.91244,47.65558],[8.91712,47.65785],[8.92432,47.65953],[8.92987,47.65909],[8.93788,47.65915],[8.93962,47.66174],[8.94233,47.66354],[8.94737,47.66542],[8.95072,47.66757],[8.95706,47.67032],[8.96173,47.67135],[8.97089,47.67205],[8.97335,47.67588],[8.9767,47.67803],[8.98265,47.67955],[8.99012,47.68205],[8.99805,47.68687],[9.00173,47.69121],[9.00546,47.69462],[9.00586,47.69672],[8.99923,47.7033],[8.9926,47.70692],[8.97694,47.71035],[8.97287,47.71162],[8.96466,47.7161],[8.95552,47.71994],[8.95008,47.72124],[8.94467,47.72336],[8.94121,47.72695],[8.94138,47.73123],[8.94354,47.73371],[8.94929,47.73603],[8.95822,47.73677],[8.96506,47.73581],[8.96861,47.73424],[8.97394,47.73447],[8.97845,47.73388],[8.98367,47.73236],[8.98788,47.73008],[8.9918,47.72891],[8.9982,47.72554],[9.00309,47.72403],[9.00617,47.72178],[9.01487,47.72],[9.0165,47.72353],[9.0193,47.72584],[9.02325,47.72719],[9.03209,47.72672],[9.03997,47.72315],[9.04575,47.72192],[9.05074,47.71826],[9.05139,47.71407],[9.04846,47.71035],[9.04185,47.70823],[9.04208,47.70285],[9.04094,47.70088],[9.04247,47.69894],[9.04329,47.69348],[9.04851,47.69209],[9.05388,47.68971],[9.06079,47.68878],[9.07165,47.68492],[9.07488,47.68494],[9.08112,47.68338],[9.09204,47.68608],[9.10273,47.6858],[9.11031,47.68465],[9.11396,47.68317],[9.11795,47.67937],[9.12491,47.67443],[9.1269,47.67097],[9.12785,47.6667],[9.13816,47.66434],[9.1425,47.66469],[9.14923,47.66692],[9.15538,47.66606],[9.16917,47.65631],[9.17056,47.65473],[9.17563,47.65401],[9.18213,47.65594],[9.18113,47.65942],[9.18221,47.66219],[9.1848,47.66445],[9.18848,47.66585],[9.19268,47.66617],[9.20715,47.66321],[9.21177,47.66515],[9.21762,47.66666],[9.21444,47.67032],[9.21085,47.67557],[9.21144,47.68222],[9.20756,47.68701],[9.19771,47.69518],[9.19716,47.69787],[9.19812,47.7005],[9.20173,47.70355],[9.19844,47.70752],[9.19542,47.70823],[9.19146,47.70769],[9.18573,47.70862],[9.18271,47.71035],[9.18083,47.7127],[9.17827,47.72143],[9.17801,47.7255],[9.17621,47.72764],[9.17337,47.73428],[9.17041,47.73566],[9.1651,47.73693],[9.15623,47.74172],[9.15183,47.74489],[9.14902,47.74864],[9.13816,47.74764],[9.13379,47.74863],[9.12635,47.75216],[9.11838,47.75823],[9.10893,47.76232],[9.10419,47.76312],[9.09727,47.76566],[9.09162,47.76689],[9.08072,47.77183],[9.07797,47.77373],[9.06955,47.77774],[9.06399,47.78245],[9.06096,47.78396],[9.056,47.78889],[9.05105,47.79148],[9.04804,47.79572],[9.04335,47.79784],[9.03691,47.80218],[9.03481,47.80439],[9.03402,47.80697],[9.03483,47.81019],[9.03693,47.81252],[9.0422,47.81519],[9.04802,47.81589],[9.05555,47.81414],[9.05897,47.81429],[9.06287,47.81345],[9.06602,47.81168],[9.07063,47.80732],[9.07594,47.80423],[9.08596,47.79922],[9.08779,47.7976],[9.09656,47.79451],[9.10327,47.79325],[9.10869,47.79086],[9.11079,47.78918],[9.11684,47.78635],[9.11976,47.78435],[9.12558,47.78165],[9.12785,47.77971],[9.13338,47.77276],[9.13902,47.76924],[9.14308,47.76822],[9.14995,47.76806],[9.15563,47.76684],[9.16553,47.76322],[9.17383,47.75968],[9.1834,47.75638],[9.19235,47.75095],[9.20645,47.7479],[9.21446,47.74538],[9.21972,47.74304],[9.22469,47.73954],[9.22632,47.73686],[9.22623,47.72885],[9.23033,47.71984],[9.23669,47.71404],[9.23927,47.71008],[9.2475,47.70416],[9.26342,47.6948],[9.26749,47.69313],[9.27417,47.6914],[9.28064,47.68829],[9.29124,47.68224],[9.30683,47.67623],[9.31042,47.67422],[9.32347,47.67226],[9.32716,47.6708],[9.33268,47.66698],[9.33692,47.66591],[9.34927,47.661],[9.35718,47.66047],[9.36451,47.66315],[9.37312,47.66495],[9.37861,47.66473],[9.38267,47.66535],[9.38757,47.66483],[9.39352,47.66751],[9.39835,47.66815],[9.40628,47.66787],[9.40942,47.66704],[9.41363,47.66723],[9.42082,47.66553],[9.42816,47.6614],[9.43397,47.65738],[9.43693,47.65656],[9.44237,47.657],[9.44613,47.65643],[9.45325,47.65426],[9.45661,47.65201],[9.45958,47.65108],[9.46298,47.64849],[9.4711,47.65056],[9.47558,47.65037],[9.48209,47.64888],[9.48513,47.6501],[9.48941,47.65059],[9.49362,47.64989],[9.50231,47.64523],[9.50499,47.64229],[9.51425,47.63389],[9.5161,47.63113],[9.51828,47.62374],[9.51827,47.62145],[9.52173,47.61778],[9.52547,47.61496],[9.5269,47.61279],[9.52786,47.6074],[9.5292,47.60404],[9.53328,47.6013],[9.53772,47.59692],[9.54303,47.59404],[9.55049,47.58769],[9.55355,47.58754],[9.55965,47.58491],[9.56571,47.58507],[9.57138,47.58425],[9.5787,47.58597],[9.58709,47.58676],[9.59469,47.587],[9.59889,47.58598],[9.6021,47.58388],[9.60383,47.58136],[9.60781,47.57249],[9.61782,47.56865],[9.62298,47.56864],[9.62844,47.56669],[9.63639,47.56624],[9.6425,47.56334],[9.64392,47.56143],[9.65135,47.5575],[9.6577,47.5565],[9.66708,47.55754],[9.67123,47.55706],[9.67479,47.55552],[9.67718,47.55316],[9.67803,47.55036],[9.67574,47.54511],[9.68074,47.54232],[9.6867,47.54367],[9.69125,47.5478],[9.69458,47.54946],[9.6986,47.55012],[9.70385,47.54941],[9.7085,47.55017],[9.71294,47.54953],[9.71996,47.5464],[9.72351,47.54333],[9.72918,47.53601],[9.73315,47.53374],[9.73689,47.53547],[9.73611,47.53794],[9.73585,47.54531],[9.73821,47.54954],[9.74015,47.55152],[9.74061,47.559],[9.73544,47.56251],[9.72897,47.56493],[9.72685,47.56727],[9.72667,47.57212],[9.72116,47.57539],[9.7166,47.57642],[9.71127,47.58077],[9.71028,47.58438],[9.71077,47.58667],[9.71607,47.59318],[9.72213,47.59686],[9.7262,47.60193],[9.73007,47.60453],[9.73046,47.60729],[9.72848,47.60913],[9.72369,47.60792],[9.71963,47.60803],[9.71199,47.60662],[9.70635,47.60358],[9.70217,47.60322],[9.69811,47.60399],[9.69481,47.60576],[9.69279,47.60827],[9.69139,47.61539],[9.69319,47.61929],[9.68796,47.62325],[9.6859,47.62708],[9.68724,47.63105],[9.69156,47.6339],[9.69554,47.63473],[9.70118,47.63411],[9.70587,47.63203],[9.70839,47.63175],[9.71735,47.63412],[9.72321,47.6332],[9.72648,47.63618],[9.73029,47.63808],[9.73172,47.64057],[9.73668,47.64546],[9.73918,47.64683],[9.74184,47.65238],[9.74426,47.65437],[9.74133,47.65764],[9.73929,47.66245],[9.73942,47.66542],[9.73785,47.66711],[9.73202,47.66985],[9.73034,47.67232],[9.73119,47.67847],[9.72582,47.68417],[9.7164,47.68552],[9.70941,47.68709],[9.70531,47.6865],[9.70105,47.68678],[9.69659,47.68858],[9.68596,47.68395],[9.68163,47.68381],[9.67546,47.68576],[9.66901,47.68599],[9.65802,47.68958],[9.65495,47.69144],[9.65316,47.69394],[9.6529,47.69672],[9.65636,47.70414],[9.65225,47.70452],[9.6469,47.70389],[9.64146,47.70502],[9.63042,47.70454],[9.62442,47.70643],[9.62038,47.71099],[9.61785,47.71218],[9.61472,47.71581],[9.60442,47.72111],[9.59813,47.72583],[9.5893,47.72719],[9.58171,47.73013],[9.576,47.73406],[9.57214,47.73525],[9.56911,47.73709],[9.5615,47.7341],[9.55527,47.73298],[9.55097,47.733],[9.54538,47.73384],[9.54078,47.73617],[9.53942,47.73768],[9.53425,47.73765],[9.53255,47.73547],[9.52933,47.73356],[9.52526,47.73266],[9.519,47.73347],[9.51654,47.73448],[9.51194,47.73397],[9.50333,47.73523],[9.49839,47.73741],[9.49593,47.74103],[9.49608,47.74371],[9.50088,47.75232],[9.4993,47.75417],[9.4952,47.7543],[9.49136,47.75542],[9.48845,47.75744],[9.48692,47.76006],[9.48375,47.76087],[9.47801,47.76406],[9.47214,47.76483],[9.46521,47.76471],[9.46071,47.76155],[9.45654,47.76072],[9.45024,47.76169],[9.44528,47.76381],[9.44282,47.76595],[9.44072,47.76997],[9.44063,47.77252],[9.43755,47.77521],[9.43666,47.77801],[9.43745,47.78081],[9.44158,47.78455],[9.44454,47.78602],[9.45172,47.78758],[9.45683,47.79161],[9.46003,47.79945],[9.46028,47.80166],[9.46297,47.80783],[9.46196,47.80956],[9.45681,47.81286],[9.45174,47.81347],[9.44836,47.81509],[9.44614,47.81745],[9.44544,47.82021],[9.44634,47.82294],[9.44869,47.82543],[9.4447,47.82686],[9.44187,47.82564],[9.4331,47.82412],[9.4298,47.82407],[9.42773,47.82212],[9.42393,47.82048],[9.41947,47.82005],[9.41263,47.82054],[9.40932,47.82158],[9.40627,47.82146],[9.39667,47.82256],[9.39198,47.82441],[9.38596,47.82554],[9.38274,47.82709],[9.37991,47.83086],[9.37184,47.83488],[9.36723,47.83798],[9.36077,47.84422],[9.35406,47.84832],[9.34758,47.85132],[9.34344,47.85459],[9.34208,47.85929],[9.33849,47.86207],[9.33005,47.86405],[9.32067,47.86715],[9.31609,47.86594],[9.31145,47.86216],[9.30555,47.86023],[9.30099,47.86017],[9.29049,47.86176],[9.28502,47.86529],[9.27829,47.86562],[9.27339,47.86802],[9.27114,47.87071],[9.27016,47.87994],[9.26682,47.88176],[9.25939,47.88211],[9.25586,47.8807],[9.2431,47.87786],[9.23904,47.8775],[9.23749,47.87579],[9.23886,47.87359],[9.2425,47.87063],[9.24349,47.86805],[9.24277,47.86296],[9.24097,47.85967],[9.23637,47.85685],[9.23022,47.85624],[9.22373,47.85857],[9.21896,47.85786],[9.21267,47.85514],[9.20954,47.85294],[9.20646,47.84912],[9.19819,47.84462],[9.19398,47.84403],[9.18788,47.84531],[9.18421,47.84769],[9.17311,47.84391],[9.16885,47.84341],[9.1637,47.84438],[9.15578,47.8451],[9.14501,47.84453],[9.13711,47.84704],[9.134,47.84882],[9.13171,47.8526],[9.13284,47.85661],[9.13841,47.86012],[9.13724,47.86612],[9.13855,47.86873],[9.14122,47.87081],[9.14588,47.87297],[9.14671,47.87634],[9.14893,47.87851],[9.14825,47.88108],[9.14958,47.88709],[9.14858,47.88957],[9.14894,47.89233],[9.15097,47.89492],[9.14697,47.8978],[9.13595,47.89796],[9.12945,47.89942],[9.11859,47.90436],[9.11136,47.90644],[9.10666,47.90731],[9.10306,47.9092],[9.09718,47.91428],[9.0909,47.91463],[9.08472,47.91632],[9.07454,47.91726],[9.06947,47.91963],[9.0672,47.92349],[9.0675,47.92658],[9.07059,47.93136],[9.07523,47.9341],[9.0794,47.93757],[9.08284,47.93938],[9.07752,47.94162],[9.07073,47.94224],[9.06468,47.94076],[9.06015,47.94033],[9.05178,47.93698],[9.048,47.93627],[9.03376,47.93655],[9.02706,47.93594],[9.02015,47.93763],[9.012,47.93686],[9.00654,47.93459],[8.99618,47.93367],[8.99021,47.935],[8.98412,47.93789],[8.97877,47.93751],[8.9789,47.93482],[8.97477,47.92961],[8.97127,47.928],[8.96498,47.92757],[8.96107,47.92868],[8.95331,47.93384],[8.94924,47.93104],[8.94475,47.92886],[8.93283,47.9247],[8.92358,47.92223],[8.9165,47.9211],[8.90536,47.91992],[8.90154,47.91714],[8.89832,47.91576],[8.89027,47.91384],[8.87978,47.91213],[8.87703,47.91036],[8.87169,47.9042],[8.86599,47.90058],[8.86089,47.89346],[8.85691,47.89098],[8.85592,47.88763],[8.85238,47.88325],[8.84967,47.88123],[8.84527,47.87981],[8.84085,47.87969],[8.8273,47.88141],[8.82361,47.88306],[8.82064,47.88582],[8.8198,47.88844],[8.82044,47.89109],[8.82337,47.89408],[8.82041,47.89814],[8.82191,47.90297],[8.82073,47.90527],[8.82092,47.90844],[8.82379,47.91181],[8.82357,47.91584],[8.82441,47.91875],[8.8206,47.92353],[8.82042,47.92734],[8.81653,47.92676],[8.81274,47.92189],[8.80816,47.91957],[8.80471,47.91892],[8.80163,47.91729],[8.79946,47.91351],[8.80116,47.91189],[8.80293,47.90796],[8.80267,47.90538],[8.79771,47.89857],[8.79497,47.89637],[8.79117,47.89507],[8.78692,47.89487],[8.78315,47.89559],[8.77378,47.89464],[8.76938,47.89191],[8.7654,47.89069],[8.7574,47.89047],[8.75199,47.8891],[8.74593,47.88673],[8.7405,47.88562],[8.73627,47.88581],[8.73249,47.88709],[8.72974,47.88926],[8.72795,47.89259],[8.72716,47.89734],[8.72581,47.90058],[8.72251,47.9009],[8.71469,47.89457],[8.71492,47.89115],[8.71332,47.88861],[8.70863,47.88601],[8.70463,47.88543],[8.69877,47.88654],[8.69486,47.88817],[8.6909,47.88818],[8.69046,47.88241],[8.69391,47.87905],[8.69489,47.87628],[8.69373,47.87264],[8.69595,47.86943],[8.69665,47.86587],[8.69427,47.86187],[8.68812,47.85905],[8.6856,47.85869],[8.68529,47.85455],[8.68302,47.85206],[8.67739,47.84993],[8.67283,47.84962],[8.66806,47.85016],[8.66176,47.84826],[8.65567,47.8491],[8.65245,47.8509],[8.65053,47.85337],[8.64494,47.85615],[8.64041,47.85487],[8.63692,47.85097],[8.63305,47.84453],[8.62895,47.84026],[8.62877,47.83248],[8.62651,47.82776],[8.6266,47.82388],[8.62341,47.81959],[8.62241,47.81577],[8.62045,47.81325],[8.61542,47.8103],[8.61726,47.80614],[8.6164,47.8035],[8.61391,47.80109],[8.61696,47.7981],[8.61922,47.7928],[8.61864,47.79001],[8.61583,47.78707],[8.61512,47.78354],[8.62046,47.77568],[8.62036,47.7717],[8.61931,47.7674],[8.62473,47.76355],[8.62764,47.75937],[8.63155,47.75831],[8.6337,47.76018],[8.64069,47.7637],[8.64446,47.76429],[8.64744,47.76678],[8.64819,47.76872],[8.65274,47.77313],[8.64952,47.77805],[8.64993,47.78157]]],[[[9.15357,50.11785],[9.14872,50.11598],[9.1425,50.11595],[9.13876,50.11714],[9.12574,50.1235],[9.12152,50.12606],[9.11725,50.12661],[9.10818,50.12601],[9.09832,50.12639],[9.09532,50.12187],[9.09036,50.11847],[9.08582,50.11701],[9.08088,50.11641],[9.07644,50.11691],[9.07131,50.11936],[9.06487,50.11714],[9.05605,50.11658],[9.05245,50.11582],[9.04671,50.11586],[9.03727,50.11438],[9.02541,50.08718],[9.02365,50.08553],[9.02392,50.07615],[9.02198,50.07252],[9.02221,50.06799],[9.02095,50.06395],[9.02112,50.05865],[9.0223,50.05659],[9.02489,50.05588],[9.02904,50.05303],[9.03018,50.04842],[9.03175,50.04693],[9.03809,50.04585],[9.04446,50.04399],[9.05094,50.04468],[9.05496,50.0439],[9.05955,50.04102],[9.06387,50.04213],[9.06788,50.04226],[9.07618,50.04155],[9.08263,50.04201],[9.08701,50.04112],[9.09424,50.04082],[9.09978,50.04421],[9.10566,50.04603],[9.10313,50.04863],[9.10228,50.05137],[9.10413,50.05534],[9.11245,50.06148],[9.11492,50.06815],[9.11399,50.0705],[9.11445,50.0736],[9.12026,50.07904],[9.12323,50.08301],[9.12345,50.08578],[9.12515,50.08816],[9.12806,50.09],[9.13427,50.09252],[9.14177,50.09283],[9.14639,50.09508],[9.14633,50.1],[9.15021,50.10478],[9.15416,50.10729],[9.15635,50.11194],[9.15414,50.11489],[9.15357,50.11785]]],[[[13.86573,50.9276],[13.87171,50.92585],[13.8742,50.92378],[13.87584,50.92021],[13.87534,50.9174],[13.88242,50.91552],[13.88561,50.91908],[13.88982,50.92208],[13.89391,50.92329],[13.89985,50.92704],[13.9054,50.92854],[13.91891,50.92787],[13.92298,50.93054],[13.92709,50.93165],[13.93625,50.93274],[13.94417,50.93224],[13.94859,50.93059],[13.95643,50.9257],[13.95974,50.92004],[13.96495,50.91765],[13.96731,50.91572],[13.97198,50.91346],[13.97862,50.91183],[13.9859,50.90612],[13.99245,50.90245],[14.0001,50.9055],[13.99966,50.9078],[13.99401,50.91293],[13.99223,50.91604],[13.99207,50.92176],[13.98687,50.93012],[13.98721,50.93317],[13.99308,50.94002],[13.99853,50.9423],[14.00821,50.94231],[14.01444,50.94387],[14.02059,50.94841],[14.02456,50.95039],[14.04276,50.95411],[14.04968,50.95346],[14.0535,50.95692],[14.05369,50.96004],[14.04247,50.96233],[14.0392,50.96398],[14.0324,50.96425],[14.02667,50.96614],[14.02418,50.96839],[14.02158,50.97331],[14.01536,50.97529],[13.99316,50.97614],[13.98676,50.97823],[13.97853,50.97857],[13.97095,50.97779],[13.96588,50.97843],[13.96191,50.98001],[13.95929,50.98247],[13.95764,50.98698],[13.95762,50.9897],[13.96052,50.99331],[13.96402,50.9949],[13.9682,50.99556],[13.97676,50.99484],[13.9758,50.99891],[13.96826,51.00124],[13.96474,51.00297],[13.9619,51.00762],[13.95664,51.00968],[13.95345,51.01018],[13.94942,51.01202],[13.94579,51.01534],[13.9443,51.01799],[13.9453,51.02212],[13.94978,51.02521],[13.95763,51.02708],[13.95923,51.02928],[13.96284,51.03173],[13.96159,51.0405],[13.9624,51.04414],[13.96455,51.04697],[13.96344,51.04903],[13.96363,51.05208],[13.96575,51.05473],[13.96473,51.05828],[13.96551,51.06154],[13.95517,51.06923],[13.95312,51.07366],[13.94969,51.07374],[13.9417,51.07253],[13.93551,51.06625],[13.93211,51.06437],[13.92553,51.06343],[13.92117,51.06422],[13.90889,51.06866],[13.90254,51.06941],[13.89885,51.07123],[13.89664,51.07384],[13.89627,51.07678],[13.89847,51.08071],[13.90187,51.08292],[13.90723,51.08441],[13.90983,51.08878],[13.91088,51.09416],[13.90906,51.09836],[13.90364,51.09958],[13.89912,51.10329],[13.89896,51.10838],[13.89353,51.11197],[13.88782,51.11455],[13.87939,51.12436],[13.87506,51.12612],[13.87232,51.12856],[13.87129,51.13167],[13.87295,51.13548],[13.87577,51.13746],[13.87981,51.13888],[13.88737,51.14054],[13.88919,51.14273],[13.88827,51.14535],[13.88421,51.14964],[13.88098,51.15188],[13.87973,51.15393],[13.87386,51.15655],[13.86753,51.15641],[13.86362,51.15749],[13.85958,51.16056],[13.8562,51.168],[13.85753,51.17224],[13.86224,51.17514],[13.86313,51.18227],[13.87035,51.19305],[13.86498,51.19452],[13.8599,51.19507],[13.85217,51.19915],[13.84429,51.20026],[13.8372,51.20035],[13.83188,51.1995],[13.82691,51.19558],[13.82144,51.19421],[13.81741,51.19416],[13.8011,51.19582],[13.79411,51.19843],[13.79035,51.20191],[13.78433,51.20349],[13.78155,51.20558],[13.77835,51.21507],[13.77979,51.21786],[13.78383,51.222],[13.78749,51.22373],[13.79194,51.22443],[13.79888,51.2245],[13.80478,51.22823],[13.8123,51.22987],[13.81236,51.23582],[13.80955,51.23775],[13.80808,51.24033],[13.80827,51.24307],[13.81007,51.24557],[13.81405,51.24779],[13.81168,51.25328],[13.81246,51.25731],[13.8166,51.26043],[13.82441,51.26179],[13.82664,51.2646],[13.82712,51.2686],[13.82962,51.27112],[13.83579,51.27321],[13.8392,51.27332],[13.84795,51.27598],[13.85241,51.2762],[13.85667,51.27533],[13.86007,51.2735],[13.8621,51.271],[13.86396,51.26071],[13.86158,51.25425],[13.87058,51.25643],[13.87734,51.25594],[13.88147,51.25402],[13.8893,51.25402],[13.89332,51.25309],[13.89651,51.2513],[13.89897,51.24656],[13.90413,51.24561],[13.90792,51.2437],[13.91426,51.23669],[13.92126,51.23348],[13.9296,51.23184],[13.94754,51.23087],[13.94917,51.23189],[13.94771,51.23812],[13.94481,51.23974],[13.94232,51.24246],[13.9403,51.24753],[13.93889,51.25367],[13.93982,51.25642],[13.9352,51.26064],[13.93324,51.26486],[13.92904,51.2652],[13.9222,51.26737],[13.91917,51.2693],[13.91571,51.27647],[13.91164,51.2786],[13.90943,51.28131],[13.90772,51.28521],[13.90149,51.28613],[13.89829,51.28786],[13.89388,51.29307],[13.89338,51.2957],[13.89444,51.29826],[13.90938,51.30832],[13.9117,51.31048],[13.91018,51.31326],[13.91058,51.31617],[13.91278,51.31873],[13.91643,51.32054],[13.9222,51.32153],[13.93242,51.32018],[13.92946,51.3271],[13.92721,51.33052],[13.92373,51.33913],[13.91522,51.34107],[13.91202,51.34275],[13.90763,51.34776],[13.90723,51.35077],[13.90876,51.35451],[13.90638,51.36048],[13.89853,51.3607],[13.89455,51.36173],[13.89145,51.36361],[13.88885,51.36652],[13.88764,51.36952],[13.88369,51.37513],[13.87669,51.3753],[13.87003,51.37647],[13.86661,51.37797],[13.86321,51.38165],[13.85533,51.3815],[13.8394,51.38251],[13.83327,51.3838],[13.83258,51.37934],[13.83062,51.37684],[13.82312,51.37237],[13.81918,51.37126],[13.81486,51.37114],[13.80888,51.3727],[13.80327,51.37267],[13.79615,51.37129],[13.79146,51.3714],[13.78722,51.37267],[13.78402,51.37497],[13.78261,51.37759],[13.78184,51.3836],[13.77564,51.39751],[13.7647,51.40111],[13.76125,51.39679],[13.75585,51.38612],[13.75214,51.38339],[13.74491,51.38182],[13.74856,51.37832],[13.74905,51.37553],[13.74771,51.36831],[13.74468,51.36523],[13.74103,51.36364],[13.73668,51.36304],[13.72743,51.36467],[13.71792,51.36349],[13.71345,51.36366],[13.70624,51.36553],[13.69722,51.37023],[13.69129,51.37394],[13.68561,51.3716],[13.67873,51.37116],[13.67446,51.37232],[13.66849,51.37603],[13.66356,51.37144],[13.65761,51.36956],[13.64838,51.36999],[13.64243,51.36885],[13.63138,51.36865],[13.6169,51.37098],[13.60721,51.36961],[13.60273,51.37002],[13.59734,51.37255],[13.59016,51.37965],[13.58838,51.38451],[13.57542,51.38493],[13.56998,51.38563],[13.56329,51.38181],[13.55516,51.37937],[13.54658,51.37865],[13.54225,51.37911],[13.53775,51.381],[13.53201,51.38118],[13.52672,51.38331],[13.52456,51.38558],[13.52185,51.39325],[13.52118,51.40199],[13.51475,51.40202],[13.50896,51.40373],[13.49518,51.40548],[13.49144,51.40755],[13.47784,51.41018],[13.47096,51.41011],[13.46342,51.41169],[13.46105,51.4081],[13.45959,51.40325],[13.45708,51.4008],[13.45098,51.39876],[13.44411,51.39927],[13.44034,51.40098],[13.43793,51.40357],[13.43337,51.40139],[13.42579,51.40069],[13.41757,51.39336],[13.41312,51.39159],[13.41525,51.38915],[13.41738,51.38289],[13.41621,51.37286],[13.41519,51.37037],[13.41731,51.36727],[13.4173,51.36402],[13.41931,51.36238],[13.42334,51.36146],[13.42854,51.36162],[13.43625,51.36043],[13.44021,51.35859],[13.44688,51.35232],[13.44773,51.34824],[13.44621,51.34565],[13.44244,51.34207],[13.43853,51.34037],[13.42882,51.33891],[13.42394,51.33936],[13.40907,51.3429],[13.40178,51.34295],[13.39368,51.3436],[13.37899,51.34341],[13.37422,51.34421],[13.36932,51.3467],[13.36758,51.34912],[13.36488,51.35709],[13.36444,51.36062],[13.36277,51.36322],[13.36351,51.36858],[13.36022,51.37375],[13.35964,51.37766],[13.3596,51.38481],[13.36268,51.38857],[13.36642,51.39017],[13.37483,51.39083],[13.38181,51.39621],[13.37775,51.40032],[13.37847,51.40697],[13.37225,51.40626],[13.36792,51.40705],[13.36313,51.40998],[13.3607,51.41426],[13.35507,51.41599],[13.34242,51.42313],[13.33883,51.42666],[13.33795,51.429],[13.33402,51.43378],[13.33328,51.43733],[13.32081,51.43749],[13.32548,51.4328],[13.32604,51.43012],[13.32497,51.4275],[13.32071,51.42447],[13.31132,51.42223],[13.31051,51.42013],[13.30659,51.41715],[13.29386,51.41381],[13.28565,51.41059],[13.2855,51.40564],[13.28393,51.40313],[13.27912,51.40047],[13.27495,51.39979],[13.26344,51.40069],[13.26009,51.40038],[13.25802,51.39769],[13.25477,51.39554],[13.25042,51.3944],[13.24452,51.39391],[13.23784,51.39496],[13.22926,51.39551],[13.22269,51.39513],[13.21656,51.3966],[13.21271,51.39993],[13.21035,51.40442],[13.20669,51.40666],[13.20235,51.41107],[13.20006,51.41129],[13.20253,51.40494],[13.20103,51.40091],[13.19732,51.3974],[13.19068,51.39453],[13.19079,51.39232],[13.18923,51.38943],[13.18693,51.38766],[13.18698,51.38438],[13.18381,51.38087],[13.18235,51.37794],[13.18296,51.37512],[13.18824,51.37482],[13.19523,51.37326],[13.19978,51.37039],[13.20113,51.36644],[13.2,51.36382],[13.1974,51.36165],[13.19201,51.35853],[13.19727,51.35556],[13.19876,51.35115],[13.2008,51.34836],[13.20711,51.34554],[13.20907,51.34163],[13.20829,51.33892],[13.20236,51.32972],[13.2043,51.31779],[13.20584,51.31187],[13.21028,51.30245],[13.21265,51.2961],[13.2126,51.29345],[13.20785,51.28892],[13.20723,51.28563],[13.20765,51.27944],[13.20689,51.27752],[13.2116,51.27447],[13.21335,51.27189],[13.21339,51.26909],[13.21024,51.2641],[13.20748,51.2621],[13.20375,51.26087],[13.19425,51.26068],[13.19464,51.25606],[13.19661,51.25292],[13.19558,51.24712],[13.19941,51.24457],[13.2009,51.24194],[13.20068,51.23915],[13.19879,51.23662],[13.19537,51.23466],[13.1889,51.23363],[13.18352,51.23461],[13.17887,51.2327],[13.17167,51.2312],[13.1653,51.22869],[13.15804,51.22776],[13.14804,51.2284],[13.14497,51.22436],[13.13722,51.22121],[13.13293,51.22105],[13.12684,51.22219],[13.11861,51.22225],[13.10562,51.22278],[13.10286,51.21747],[13.10034,51.21524],[13.09669,51.21377],[13.09242,51.21326],[13.08815,51.21378],[13.0845,51.21526],[13.07885,51.21867],[13.07059,51.21563],[13.06488,51.21428],[13.05822,51.21453],[13.05108,51.21615],[13.04683,51.21384],[13.04717,51.20787],[13.04611,51.20497],[13.04326,51.20258],[13.03913,51.20113],[13.03157,51.19983],[13.02512,51.20034],[13.02121,51.20178],[13.01739,51.20627],[13.01224,51.20932],[13.0015,51.20843],[12.99724,51.20524],[12.99604,51.20248],[12.99397,51.18869],[12.99763,51.18239],[12.99848,51.17915],[12.99868,51.17324],[13.00093,51.17068],[13.00723,51.17052],[13.01115,51.16912],[13.01391,51.16687],[13.01498,51.1627],[13.01318,51.15812],[13.01068,51.1557],[13.01265,51.15081],[13.01135,51.14817],[13.00824,51.14586],[13.00824,51.14382],[13.01074,51.14017],[13.01019,51.13573],[13.01741,51.13406],[13.02409,51.1346],[13.02979,51.13365],[13.03451,51.1346],[13.04068,51.13403],[13.04483,51.13475],[13.0485,51.13785],[13.05543,51.14027],[13.06385,51.14052],[13.07063,51.14397],[13.07499,51.1447],[13.07945,51.14431],[13.08503,51.14166],[13.09129,51.14217],[13.10066,51.14196],[13.10364,51.14456],[13.11518,51.14949],[13.12593,51.15214],[13.13337,51.1511],[13.13689,51.14914],[13.13887,51.14646],[13.13919,51.14409],[13.14362,51.14454],[13.14632,51.14637],[13.15139,51.1522],[13.14771,51.1569],[13.14753,51.16199],[13.14188,51.16471],[13.13992,51.1686],[13.14067,51.1713],[13.14298,51.17363],[13.14762,51.17661],[13.15148,51.17786],[13.1558,51.17811],[13.17155,51.17715],[13.17678,51.18141],[13.18497,51.18436],[13.19215,51.18489],[13.19587,51.18631],[13.20031,51.18674],[13.20468,51.18606],[13.20963,51.18324],[13.21113,51.18057],[13.21097,51.17584],[13.21872,51.17564],[13.22418,51.17388],[13.2279,51.16968],[13.2334,51.16819],[13.23859,51.1653],[13.24316,51.16107],[13.24726,51.16008],[13.2505,51.1584],[13.25373,51.15316],[13.25359,51.15044],[13.25047,51.14375],[13.24941,51.13535],[13.2474,51.13225],[13.24922,51.12987],[13.24883,51.12491],[13.24941,51.12232],[13.24844,51.11958],[13.24588,51.11728],[13.23994,51.11539],[13.22714,51.11349],[13.22639,51.1047],[13.22419,51.10216],[13.22058,51.10037],[13.21615,51.09963],[13.21051,51.10012],[13.20675,51.1015],[13.20328,51.10494],[13.20251,51.10867],[13.20001,51.11074],[13.18786,51.10982],[13.17219,51.11408],[13.17037,51.11058],[13.16667,51.10798],[13.16518,51.10509],[13.16034,51.10225],[13.15268,51.10167],[13.15024,51.09852],[13.14679,51.09679],[13.14257,51.09601],[13.13485,51.09585],[13.13539,51.09121],[13.1332,51.08758],[13.12967,51.08386],[13.12446,51.0812],[13.11695,51.07988],[13.10777,51.07991],[13.10343,51.07602],[13.0979,51.07325],[13.09203,51.06842],[13.087,51.06365],[13.08168,51.06149],[13.08128,51.05857],[13.08433,51.05836],[13.09282,51.05933],[13.09888,51.05852],[13.10451,51.05464],[13.11073,51.05653],[13.11883,51.05604],[13.12616,51.05728],[13.13071,51.05694],[13.13468,51.05549],[13.13826,51.05166],[13.15058,51.04897],[13.15665,51.05433],[13.16005,51.05633],[13.16989,51.05827],[13.17401,51.05797],[13.17976,51.05551],[13.18586,51.05358],[13.19109,51.053],[13.1916,51.05467],[13.19746,51.06399],[13.20224,51.0667],[13.20641,51.06738],[13.21324,51.06754],[13.21924,51.06619],[13.22745,51.06737],[13.23364,51.0664],[13.23927,51.06385],[13.24458,51.05826],[13.24606,51.05398],[13.25268,51.05212],[13.25518,51.04997],[13.25736,51.04148],[13.25559,51.03783],[13.24979,51.03281],[13.24637,51.03085],[13.24034,51.02973],[13.24056,51.02392],[13.23974,51.0196],[13.23801,51.01699],[13.23482,51.01501],[13.22907,51.0126],[13.2363,51.0074],[13.24679,51.01322],[13.26546,51.02418],[13.27164,51.02874],[13.27687,51.03105],[13.28101,51.03152],[13.2944,51.03146],[13.30128,51.03401],[13.32589,51.03676],[13.33328,51.03964],[13.34007,51.04441],[13.34603,51.04657],[13.3603,51.04881],[13.36722,51.05063],[13.38286,51.05103],[13.38701,51.05029],[13.39202,51.04835],[13.39804,51.04417],[13.40131,51.04091],[13.40875,51.03813],[13.41125,51.0366],[13.41786,51.03534],[13.42364,51.03228],[13.43211,51.03109],[13.43748,51.02962],[13.44226,51.02694],[13.44578,51.02156],[13.44452,51.01717],[13.43779,51.01164],[13.43266,51.00848],[13.43166,51.00531],[13.429,51.00157],[13.42664,50.99661],[13.42684,50.99445],[13.43086,50.98763],[13.4365,50.98144],[13.44463,50.97923],[13.44758,50.97727],[13.44918,50.97476],[13.4492,50.97205],[13.44592,50.96819],[13.44518,50.96423],[13.44346,50.96196],[13.43927,50.95858],[13.43496,50.95677],[13.42941,50.9483],[13.42827,50.94362],[13.43693,50.94213],[13.44204,50.93984],[13.44446,50.93619],[13.44389,50.93286],[13.44857,50.92671],[13.4545,50.92412],[13.46585,50.92289],[13.47235,50.92383],[13.47973,50.92266],[13.49134,50.92292],[13.49674,50.92578],[13.50381,50.92778],[13.50757,50.92804],[13.52065,50.9277],[13.52645,50.9287],[13.53246,50.93041],[13.53272,50.93353],[13.53736,50.93751],[13.53714,50.94068],[13.53884,50.94337],[13.54273,50.94613],[13.54676,50.94723],[13.55691,50.94726],[13.56711,50.94518],[13.57359,50.94684],[13.58321,50.94739],[13.58356,50.94991],[13.58548,50.95227],[13.59468,50.95659],[13.60441,50.95917],[13.61084,50.96234],[13.61922,50.96413],[13.62228,50.96597],[13.63017,50.96789],[13.6337,50.96794],[13.64004,50.97184],[13.64288,50.97587],[13.64661,50.97765],[13.65213,50.97887],[13.65939,50.97911],[13.66383,50.97842],[13.6741,50.97413],[13.67656,50.97191],[13.67754,50.96927],[13.67664,50.96612],[13.67948,50.96383],[13.68101,50.96002],[13.6853,50.95397],[13.68892,50.95121],[13.69572,50.95098],[13.69942,50.94955],[13.70276,50.94606],[13.7033,50.94288],[13.70756,50.93851],[13.71129,50.93608],[13.71277,50.93357],[13.71269,50.93093],[13.71928,50.92622],[13.72067,50.92349],[13.72044,50.92025],[13.72124,50.9157],[13.71951,50.91319],[13.71483,50.90882],[13.71514,50.90657],[13.71817,50.90516],[13.72309,50.90166],[13.72522,50.89753],[13.72281,50.89111],[13.72323,50.88647],[13.72028,50.88282],[13.71639,50.88086],[13.70585,50.87759],[13.70134,50.87744],[13.70007,50.87467],[13.69674,50.87051],[13.68943,50.86617],[13.68292,50.8653],[13.68039,50.86393],[13.67445,50.86282],[13.66921,50.86327],[13.66894,50.85709],[13.66764,50.855],[13.66964,50.84794],[13.67287,50.84713],[13.67634,50.84507],[13.67871,50.84064],[13.68147,50.83793],[13.68248,50.83515],[13.69354,50.8274],[13.70049,50.82676],[13.70336,50.82596],[13.70854,50.8269],[13.71281,50.82648],[13.718,50.82406],[13.72187,50.81991],[13.7258,50.81811],[13.73598,50.81979],[13.74194,50.81893],[13.75021,50.81486],[13.7535,50.81378],[13.75652,50.81167],[13.75828,50.8089],[13.76437,50.81005],[13.77155,50.80924],[13.77854,50.81497],[13.78509,50.81631],[13.7959,50.81459],[13.79977,50.81307],[13.80284,50.81061],[13.80635,50.80918],[13.8103,50.8063],[13.8237,50.80572],[13.82302,50.80901],[13.82609,50.81327],[13.8256,50.82087],[13.82584,50.82572],[13.82881,50.8308],[13.8279,50.83464],[13.82304,50.83831],[13.82198,50.84336],[13.82334,50.84726],[13.82002,50.85483],[13.81751,50.86611],[13.8202,50.87052],[13.82009,50.87286],[13.81718,50.87674],[13.81382,50.88614],[13.81255,50.89165],[13.80956,50.89559],[13.8095,50.89942],[13.80674,50.90587],[13.79814,50.91305],[13.79089,50.91431],[13.78793,50.91626],[13.78538,50.92022],[13.78482,50.92389],[13.78542,50.92656],[13.78906,50.92984],[13.7933,50.93119],[13.7987,50.93577],[13.80219,50.93797],[13.81083,50.94002],[13.8195,50.93981],[13.82352,50.93874],[13.82721,50.93622],[13.83103,50.93644],[13.83593,50.94014],[13.8444,50.94325],[13.85087,50.94374],[13.85496,50.94275],[13.85816,50.94085],[13.86135,50.93689],[13.86145,50.93401],[13.8598,50.93139],[13.86201,50.92887],[13.86573,50.9276]]],[[[12.72149,50.81763],[12.7148,50.81634],[12.71033,50.81701],[12.70664,50.81875],[12.70374,50.8233],[12.69408,50.83214],[12.69037,50.83396],[12.68312,50.83372],[12.6765,50.82957],[12.67223,50.82845],[12.6681,50.82847],[12.66264,50.82668],[12.6563,50.82392],[12.65447,50.8203],[12.65767,50.81762],[12.65925,50.81478],[12.65894,50.812],[12.66048,50.81005],[12.66669,50.80634],[12.66856,50.80394],[12.66848,50.7999],[12.67012,50.79744],[12.67333,50.79709],[12.67751,50.79547],[12.68119,50.79283],[12.68386,50.78919],[12.68586,50.79102],[12.69035,50.79296],[12.69861,50.79425],[12.70549,50.79326],[12.70937,50.79389],[12.72354,50.79718],[12.73266,50.79742],[12.73802,50.79889],[12.75037,50.79984],[12.75966,50.80212],[12.76706,50.80265],[12.76889,50.80749],[12.76894,50.81134],[12.7674,50.8122],[12.75994,50.8139],[12.7556,50.81567],[12.74914,50.81955],[12.74758,50.82156],[12.74321,50.82244],[12.73607,50.8199],[12.72742,50.81778],[12.72149,50.81763]]],[[[12.8665,51.02498],[12.87105,51.02309],[12.87331,51.02082],[12.87372,51.01628],[12.87503,51.01337],[12.88974,51.01125],[12.89529,51.00823],[12.89914,51.00194],[12.90735,51.00018],[12.91203,50.99967],[12.91776,50.99809],[12.92018,50.99674],[12.92577,50.9959],[12.93328,50.99654],[12.93891,50.99581],[12.95095,50.99325],[12.95376,50.99701],[12.95555,51.00328],[12.9551,51.0082],[12.95744,51.01386],[12.95738,51.01589],[12.95291,51.01897],[12.95181,51.02166],[12.95061,51.02808],[12.95193,51.03252],[12.95476,51.0348],[12.95879,51.03619],[12.96336,51.03646],[12.96774,51.03558],[12.98043,51.03021],[12.98015,51.03414],[12.98149,51.03903],[12.98387,51.04203],[12.98681,51.04777],[12.98008,51.04707],[12.9758,51.04761],[12.96488,51.05068],[12.96082,51.05331],[12.95826,51.05635],[12.95595,51.06122],[12.95556,51.07011],[12.95323,51.06939],[12.95367,51.06598],[12.95157,51.06089],[12.94844,51.05868],[12.94234,51.05601],[12.93793,51.05541],[12.93351,51.05593],[12.92626,51.05815],[12.92188,51.05618],[12.92278,51.05152],[12.9207,51.04795],[12.9177,51.04604],[12.91379,51.04497],[12.90641,51.04397],[12.89674,51.04341],[12.89235,51.04439],[12.88896,51.0464],[12.88712,51.0491],[12.8874,51.05278],[12.88638,51.05599],[12.88357,51.0583],[12.87938,51.05983],[12.87455,51.05822],[12.87031,51.05806],[12.86627,51.0589],[12.863,51.0606],[12.85413,51.05726],[12.84801,51.0571],[12.84194,51.05449],[12.83912,51.05072],[12.84075,51.04829],[12.84804,51.04416],[12.85815,51.04263],[12.86381,51.03982],[12.86594,51.03685],[12.86794,51.03095],[12.8665,51.02498]]],[[[12.5016,51.06409],[12.50543,51.05911],[12.50582,51.05642],[12.50461,51.05382],[12.50181,51.05097],[12.5042,51.04649],[12.5045,51.03937],[12.50301,51.03509],[12.50901,51.02636],[12.50743,51.01737],[12.51251,51.01648],[12.51688,51.01844],[12.52301,51.02012],[12.52749,51.01987],[12.53146,51.01855],[12.53432,51.01637],[12.53733,51.0113],[12.53724,51.00861],[12.53425,51.00509],[12.5266,51.00152],[12.52847,50.99829],[12.53879,50.99641],[12.54379,50.99752],[12.55196,50.99744],[12.56248,50.99472],[12.56807,50.9917],[12.57148,50.9905],[12.57436,50.9884],[12.57754,50.98404],[12.5821,50.98228],[12.58407,50.98288],[12.58386,50.98572],[12.58533,50.98821],[12.58992,50.99092],[12.59609,50.99232],[12.60072,50.99257],[12.60488,50.99182],[12.6083,50.99013],[12.61089,50.98758],[12.61627,50.9842],[12.6174,50.9809],[12.62909,50.97891],[12.63342,50.97881],[12.64267,50.98171],[12.64698,50.98222],[12.65815,50.9821],[12.66196,50.98296],[12.66759,50.98754],[12.66355,50.99142],[12.66013,50.99882],[12.65725,51.00086],[12.65274,51.00259],[12.64933,51.00674],[12.64573,51.00899],[12.64354,51.01266],[12.64203,51.02399],[12.64442,51.0283],[12.64455,51.03008],[12.6409,51.03261],[12.63629,51.03415],[12.63274,51.03798],[12.63272,51.04097],[12.63393,51.04414],[12.6363,51.04652],[12.63632,51.04891],[12.63429,51.05248],[12.63285,51.05741],[12.63453,51.0613],[12.63787,51.06351],[12.64258,51.06881],[12.64783,51.0711],[12.65421,51.07126],[12.65948,51.06987],[12.66441,51.06957],[12.672,51.07146],[12.68314,51.07235],[12.69634,51.07151],[12.70034,51.0702],[12.70349,51.06768],[12.70632,51.06768],[12.70965,51.07042],[12.71895,51.07385],[12.7231,51.07763],[12.722,51.08155],[12.71646,51.0864],[12.70886,51.08794],[12.69971,51.09393],[12.69454,51.09684],[12.6929,51.09846],[12.68774,51.09657],[12.68324,51.09612],[12.67882,51.09682],[12.67519,51.09855],[12.67241,51.10245],[12.67311,51.10807],[12.67497,51.11078],[12.6603,51.11469],[12.65113,51.12114],[12.64717,51.12445],[12.63814,51.12877],[12.63676,51.13],[12.63017,51.12837],[12.62302,51.12896],[12.61779,51.13134],[12.6124,51.13211],[12.60896,51.13376],[12.60674,51.13609],[12.60606,51.13899],[12.59972,51.14287],[12.59483,51.14211],[12.58867,51.1397],[12.58036,51.13779],[12.57399,51.13781],[12.56814,51.14032],[12.56484,51.13958],[12.55553,51.13551],[12.55602,51.13347],[12.55944,51.12819],[12.56083,51.12097],[12.55966,51.11813],[12.55447,51.11485],[12.55062,51.11108],[12.55056,51.10872],[12.54795,51.10532],[12.54697,51.09919],[12.54458,51.097],[12.54941,51.09352],[12.55004,51.08943],[12.54702,51.0858],[12.53828,51.08281],[12.52902,51.08187],[12.52323,51.08292],[12.51998,51.08233],[12.51973,51.07658],[12.51763,51.07409],[12.51161,51.07139],[12.51019,51.06854],[12.50713,51.0662],[12.5016,51.06409]]],[[[12.58452,51.25114],[12.58961,51.25134],[12.59356,51.25044],[12.60008,51.24788],[12.60993,51.25923],[12.6078,51.26334],[12.60759,51.2661],[12.60906,51.2687],[12.619,51.27444],[12.61936,51.27806],[12.62358,51.28185],[12.63011,51.28335],[12.63924,51.28601],[12.6455,51.28607],[12.65851,51.28274],[12.6605,51.28508],[12.66378,51.28702],[12.66366,51.29082],[12.66257,51.29456],[12.66377,51.29736],[12.66991,51.30417],[12.67517,51.30733],[12.66929,51.30885],[12.6646,51.30856],[12.65669,51.30695],[12.65126,51.30754],[12.64618,51.30669],[12.63972,51.30746],[12.63125,51.30728],[12.62748,51.30808],[12.61873,51.30664],[12.61292,51.30694],[12.60738,51.30408],[12.6035,51.30308],[12.59726,51.30335],[12.59122,51.30471],[12.57651,51.30698],[12.57265,51.30882],[12.5698,51.3118],[12.56742,51.31564],[12.56497,51.31414],[12.55805,51.31275],[12.55574,51.31002],[12.55223,51.30829],[12.53953,51.30538],[12.53608,51.30241],[12.53716,51.2978],[12.53655,51.29494],[12.53419,51.29246],[12.52934,51.29006],[12.521,51.28733],[12.5149,51.28461],[12.51412,51.27043],[12.51631,51.26821],[12.51745,51.26511],[12.51751,51.25751],[12.5198,51.25741],[12.52217,51.26387],[12.52481,51.26623],[12.52872,51.26775],[12.53968,51.26883],[12.54703,51.26746],[12.55078,51.26732],[12.55708,51.26921],[12.56137,51.26946],[12.5655,51.2687],[12.5703,51.26579],[12.57566,51.26395],[12.57851,51.26191],[12.58006,51.25799],[12.57908,51.25536],[12.57605,51.25104],[12.58452,51.25114]]],[[[12.9578,51.35409],[12.95202,51.35132],[12.94329,51.35097],[12.93774,51.34983],[12.9311,51.35045],[12.92605,51.35264],[12.91823,51.35421],[12.91009,51.35394],[12.90927,51.3519],[12.90465,51.34858],[12.89866,51.3471],[12.89984,51.34473],[12.90036,51.33918],[12.90001,51.33378],[12.89848,51.32881],[12.89617,51.32542],[12.89297,51.32334],[12.88801,51.32213],[12.88595,51.32024],[12.87981,51.31807],[12.87685,51.31609],[12.87759,51.31071],[12.8756,51.30835],[12.87028,51.30601],[12.87179,51.30054],[12.89384,51.29026],[12.89585,51.288],[12.89624,51.28143],[12.89944,51.27853],[12.90476,51.27645],[12.90778,51.27415],[12.90904,51.27192],[12.91277,51.26955],[12.91413,51.26763],[12.92086,51.26582],[12.92346,51.26367],[12.92413,51.25836],[12.92593,51.25184],[12.92563,51.24913],[12.93024,51.24723],[12.94623,51.24835],[12.95096,51.24771],[12.95668,51.24505],[12.95952,51.24052],[12.9639,51.24255],[12.96855,51.2433],[12.97505,51.24305],[12.97701,51.24453],[12.98775,51.24901],[12.99433,51.2491],[12.99832,51.25345],[13.00236,51.2548],[13.00956,51.25536],[13.01125,51.25904],[13.01436,51.26107],[13.01848,51.26219],[13.02298,51.26224],[13.02781,51.26119],[13.0336,51.2609],[13.03934,51.25871],[13.042,51.25558],[13.04814,51.25508],[13.05107,51.25544],[13.06617,51.25904],[13.07291,51.2585],[13.07815,51.25656],[13.08286,51.25379],[13.08574,51.24957],[13.0985,51.24893],[13.09811,51.25253],[13.09409,51.25521],[13.09287,51.25772],[13.09293,51.26231],[13.0966,51.26582],[13.10055,51.26717],[13.10503,51.26745],[13.11145,51.26641],[13.12203,51.26971],[13.12837,51.2705],[13.13255,51.26974],[13.13764,51.26653],[13.14277,51.26808],[13.14991,51.26922],[13.161,51.26913],[13.1615,51.27021],[13.16093,51.2783],[13.16322,51.2817],[13.16339,51.28452],[13.15832,51.2895],[13.15253,51.29741],[13.15256,51.30006],[13.15432,51.30296],[13.15471,51.30658],[13.15702,51.30914],[13.16182,51.31203],[13.16026,51.31529],[13.16108,51.32185],[13.15788,51.32265],[13.15379,51.32149],[13.14514,51.32131],[13.14014,51.32264],[13.13139,51.32333],[13.11758,51.32668],[13.10965,51.32824],[13.10534,51.33223],[13.09445,51.33341],[13.09157,51.33439],[13.07887,51.33276],[13.07234,51.33277],[13.06522,51.33164],[13.0642,51.32735],[13.06198,51.32491],[13.05843,51.32319],[13.04853,51.32114],[13.0441,51.32135],[13.04012,51.3226],[13.03096,51.33009],[13.02772,51.33582],[13.02537,51.33823],[13.01282,51.34294],[13.00989,51.34563],[13.00493,51.34749],[12.99864,51.34687],[12.99386,51.34774],[12.98837,51.34963],[12.98296,51.34982],[12.97876,51.35105],[12.97517,51.35376],[12.96405,51.35475],[12.9578,51.35409]]],[[[13.46202,51.7006],[13.46042,51.70382],[13.45996,51.70986],[13.45452,51.7187],[13.45474,51.72633],[13.45058,51.72849],[13.44612,51.72938],[13.4374,51.72916],[13.43137,51.73083],[13.42764,51.73459],[13.4214,51.73571],[13.4184,51.73531],[13.41199,51.7362],[13.40385,51.74016],[13.4018,51.74253],[13.4013,51.74521],[13.40436,51.75307],[13.40731,51.75605],[13.39888,51.75642],[13.39498,51.75776],[13.39134,51.7612],[13.38847,51.7663],[13.37847,51.77193],[13.35639,51.77203],[13.3523,51.77302],[13.3491,51.77489],[13.34725,51.77736],[13.34752,51.78141],[13.34904,51.78426],[13.33895,51.78718],[13.331,51.78836],[13.32595,51.78981],[13.3196,51.79052],[13.31264,51.78713],[13.31037,51.78483],[13.3056,51.78201],[13.3007,51.77997],[13.29244,51.77523],[13.29772,51.76905],[13.30273,51.76605],[13.30643,51.7616],[13.31125,51.7614],[13.31601,51.7635],[13.32339,51.76458],[13.32943,51.76333],[13.33245,51.76146],[13.33418,51.75903],[13.33521,51.75336],[13.33336,51.74938],[13.32743,51.74646],[13.32831,51.73816],[13.33441,51.73657],[13.33877,51.73347],[13.34241,51.72377],[13.34224,51.72102],[13.34041,51.71601],[13.34428,51.71311],[13.34786,51.70876],[13.3489,51.70609],[13.34825,51.70337],[13.34444,51.69904],[13.34661,51.69614],[13.34685,51.69311],[13.34205,51.68548],[13.33089,51.67767],[13.32877,51.67259],[13.32863,51.66931],[13.3298,51.66262],[13.33404,51.65866],[13.34311,51.65916],[13.34878,51.66067],[13.3582,51.66161],[13.37279,51.66352],[13.39237,51.66516],[13.39743,51.66614],[13.40474,51.66859],[13.4049,51.67171],[13.40643,51.67415],[13.40926,51.67609],[13.41302,51.67727],[13.42663,51.67974],[13.43339,51.68241],[13.43832,51.68976],[13.44098,51.69192],[13.44301,51.69598],[13.44622,51.69793],[13.45254,51.69972],[13.45775,51.69968],[13.46202,51.7006]]],[[[12.78915,51.74935],[12.79569,51.75305],[12.79992,51.75406],[12.80444,51.75399],[12.80857,51.75285],[12.8127,51.74955],[12.81346,51.74678],[12.81246,51.74404],[12.8082,51.74008],[12.80422,51.73463],[12.80298,51.73162],[12.80283,51.72748],[12.80452,51.72465],[12.80864,51.72161],[12.81909,51.71762],[12.832,51.71414],[12.83926,51.71175],[12.84372,51.70811],[12.84706,51.7078],[12.85285,51.71487],[12.85929,51.71821],[12.86639,51.71859],[12.87314,51.71586],[12.88193,51.71852],[12.88942,51.71889],[12.8933,51.72135],[12.9007,51.7233],[12.9058,51.7281],[12.91142,51.73077],[12.917,51.73531],[12.92493,51.74048],[12.93079,51.74188],[12.935,51.74165],[12.95271,51.73842],[12.95628,51.73668],[12.96076,51.732],[12.96834,51.73124],[12.96824,51.73548],[12.96966,51.73801],[12.97429,51.74077],[12.98058,51.74157],[12.98653,51.74073],[12.98522,51.74667],[12.9863,51.75021],[12.9885,51.75267],[12.98434,51.75481],[12.98215,51.75712],[12.98147,51.75977],[12.98345,51.76357],[12.98751,51.76591],[12.99119,51.76965],[12.99263,51.77249],[12.99761,51.77559],[13.00218,51.77638],[13.00824,51.77589],[13.01449,51.77281],[13.0201,51.77073],[13.02241,51.76842],[13.02316,51.76594],[13.03287,51.76404],[13.03915,51.76427],[13.05458,51.76075],[13.05961,51.76106],[13.0626,51.76535],[13.06691,51.76911],[13.07024,51.77432],[13.07313,51.77757],[13.07657,51.77941],[13.08089,51.78028],[13.088,51.77994],[13.09199,51.77869],[13.09646,51.7758],[13.09784,51.77302],[13.09734,51.77013],[13.09382,51.76333],[13.08902,51.75865],[13.09997,51.76065],[13.10492,51.76009],[13.11187,51.75661],[13.12078,51.75443],[13.12178,51.75531],[13.12341,51.76202],[13.12737,51.76542],[13.13372,51.76687],[13.14028,51.76588],[13.1458,51.76303],[13.1498,51.75937],[13.15577,51.76456],[13.15453,51.76913],[13.15592,51.77158],[13.15954,51.77441],[13.16208,51.77912],[13.1648,51.78137],[13.16854,51.78276],[13.16997,51.78704],[13.1657,51.78882],[13.16344,51.79103],[13.16109,51.79718],[13.16289,51.80196],[13.15943,51.80756],[13.15391,51.81455],[13.15073,51.81727],[13.14866,51.82038],[13.14482,51.8224],[13.14271,51.82501],[13.1421,51.82857],[13.13714,51.83211],[13.13511,51.83433],[13.13292,51.83869],[13.12751,51.84565],[13.12581,51.8517],[13.12903,51.85564],[13.13303,51.85727],[13.15073,51.85962],[13.1514,51.8644],[13.15093,51.86893],[13.14954,51.87232],[13.1463,51.873],[13.14253,51.87498],[13.1389,51.87949],[13.13238,51.88239],[13.12446,51.88295],[13.11915,51.8828],[13.11714,51.87887],[13.11409,51.87702],[13.10093,51.8736],[13.09623,51.87303],[13.08496,51.87394],[13.08146,51.87096],[13.07515,51.86901],[13.06156,51.86883],[13.0418,51.87131],[13.03734,51.8745],[13.03653,51.87869],[13.0393,51.88238],[13.039,51.88555],[13.04036,51.88823],[13.04326,51.89038],[13.04834,51.89187],[13.04538,51.90044],[13.03425,51.9011],[13.02278,51.90319],[13.01857,51.90207],[13.01412,51.90203],[13.00978,51.90293],[12.98859,51.9043],[12.98511,51.90427],[12.97903,51.90597],[12.97546,51.90946],[12.97511,51.91222],[12.97649,51.91977],[12.9662,51.92206],[12.96244,51.92358],[12.95922,51.92721],[12.95914,51.92998],[12.9605,51.9348],[12.94738,51.93539],[12.93674,51.93716],[12.93179,51.93709],[12.92205,51.93928],[12.91844,51.93933],[12.9175,51.93537],[12.91472,51.93299],[12.91064,51.93149],[12.90085,51.92957],[12.89626,51.92976],[12.89216,51.93104],[12.88816,51.93468],[12.87403,51.93397],[12.86266,51.93485],[12.8529,51.93498],[12.85178,51.92639],[12.85861,51.9235],[12.87307,51.92147],[12.87715,51.92011],[12.88232,51.91536],[12.88483,51.90919],[12.89925,51.90717],[12.90254,51.90545],[12.90562,51.90219],[12.90845,51.89564],[12.9084,51.8929],[12.9067,51.89037],[12.88999,51.88175],[12.88591,51.87996],[12.88134,51.87943],[12.87477,51.88076],[12.87059,51.88417],[12.86988,51.88615],[12.85663,51.88295],[12.85653,51.87728],[12.8545,51.87425],[12.86012,51.87177],[12.86371,51.868],[12.86498,51.8612],[12.87019,51.85933],[12.87998,51.85707],[12.88347,51.85505],[12.88535,51.85234],[12.88457,51.84798],[12.88001,51.84382],[12.87386,51.84019],[12.871,51.83751],[12.87257,51.83616],[12.87703,51.83535],[12.88041,51.83361],[12.88546,51.8296],[12.88688,51.82581],[12.88168,51.8167],[12.87897,51.81455],[12.87301,51.81285],[12.8686,51.81297],[12.8615,51.81421],[12.85487,51.81627],[12.84794,51.81325],[12.84123,51.81205],[12.83661,51.81263],[12.83273,51.81429],[12.8304,51.81657],[12.82065,51.81598],[12.81664,51.81661],[12.81278,51.81834],[12.80951,51.81762],[12.80548,51.81515],[12.80899,51.81291],[12.81108,51.80915],[12.8105,51.8065],[12.80709,51.80079],[12.8018,51.79656],[12.79806,51.79499],[12.80341,51.79111],[12.80784,51.78181],[12.81133,51.77538],[12.81056,51.77146],[12.80821,51.76925],[12.7995,51.76543],[12.78569,51.76418],[12.7812,51.76123],[12.77728,51.75628],[12.77742,51.75388],[12.78249,51.7512],[12.78915,51.74935]]],[[[14.83799,50.90928],[14.84408,50.91347],[14.84706,50.91868],[14.84636,50.92252],[14.84259,50.92575],[14.83286,50.92907],[14.82868,50.93145],[14.82581,50.9354],[14.82353,50.9412],[14.82226,50.94813],[14.81877,50.95185],[14.81423,50.9584],[14.81148,50.96439],[14.8096,50.96704],[14.79481,50.97097],[14.78698,50.96919],[14.78639,50.96515],[14.78253,50.96134],[14.76869,50.95601],[14.7675,50.95162],[14.76327,50.94675],[14.76077,50.94506],[14.7557,50.93988],[14.74629,50.93586],[14.73652,50.93307],[14.72755,50.93194],[14.7227,50.93085],[14.71472,50.9303],[14.72139,50.92552],[14.72293,50.92118],[14.72077,50.91626],[14.71763,50.91365],[14.71894,50.90898],[14.72239,50.9063],[14.72788,50.90832],[14.73234,50.9084],[14.73915,50.90599],[14.74247,50.90548],[14.75055,50.90635],[14.75393,50.90604],[14.75675,50.90783],[14.76118,50.90894],[14.76678,50.90884],[14.77376,50.90666],[14.78294,50.90678],[14.78684,50.90869],[14.79185,50.91338],[14.79572,50.9147],[14.80226,50.91472],[14.80616,50.91344],[14.80877,50.91155],[14.81799,50.90865],[14.82508,50.90514],[14.82928,50.90556],[14.83799,50.90928]]],[[[14.87864,50.99306],[14.88858,50.99203],[14.89216,50.99077],[14.89481,50.98879],[14.89773,50.98423],[14.89781,50.98152],[14.90528,50.97452],[14.90661,50.9723],[14.91793,50.97415],[14.9196,50.97621],[14.91833,50.98196],[14.92023,50.988],[14.91958,50.99086],[14.92067,50.99342],[14.92316,50.99556],[14.92824,50.99742],[14.9349,51.0063],[14.93593,51.00953],[14.93781,51.01139],[14.93999,51.02158],[14.94319,51.02492],[14.9474,51.02809],[14.94914,51.03119],[14.94938,51.03471],[14.95167,51.03762],[14.95125,51.03986],[14.9526,51.04295],[14.95512,51.04556],[14.96451,51.05011],[14.96433,51.05492],[14.96259,51.0558],[14.95165,51.05676],[14.94402,51.05559],[14.93961,51.05652],[14.93615,51.05847],[14.93397,51.06182],[14.92796,51.05973],[14.9236,51.05882],[14.92245,51.05767],[14.9226,51.05418],[14.91927,51.0505],[14.92141,51.04783],[14.92161,51.04128],[14.91689,51.03475],[14.90948,51.0301],[14.90474,51.02902],[14.90163,51.02661],[14.89916,51.02286],[14.88832,51.01383],[14.88302,51.00421],[14.87978,51.00238],[14.8718,50.99933],[14.87332,50.99507],[14.87864,50.99306]]],[[[14.33955,51.21997],[14.33987,51.21758],[14.33859,51.215],[14.33582,51.21275],[14.33154,51.21066],[14.33044,51.20622],[14.32771,51.20304],[14.32549,51.19829],[14.32521,51.19573],[14.32913,51.19405],[14.33145,51.1916],[14.33208,51.18877],[14.33097,51.1861],[14.33329,51.181],[14.33694,51.18],[14.34581,51.17991],[14.35796,51.1809],[14.36221,51.18],[14.36558,51.17813],[14.36755,51.1756],[14.36693,51.16984],[14.36396,51.16694],[14.3626,51.16355],[14.37135,51.1644],[14.37745,51.16711],[14.38182,51.16811],[14.38866,51.16741],[14.39639,51.16497],[14.40773,51.16285],[14.41131,51.16113],[14.41356,51.15868],[14.41413,51.15586],[14.41126,51.14707],[14.42012,51.13748],[14.42662,51.14005],[14.42889,51.14198],[14.43377,51.14391],[14.4353,51.1464],[14.44152,51.14949],[14.44667,51.15538],[14.45029,51.15758],[14.45809,51.16046],[14.46257,51.16091],[14.47005,51.16074],[14.47693,51.1649],[14.48515,51.16802],[14.4842,51.16994],[14.4843,51.17377],[14.48136,51.17877],[14.48204,51.18147],[14.48505,51.18459],[14.49238,51.18692],[14.49169,51.19269],[14.48874,51.19549],[14.48833,51.19946],[14.49267,51.20442],[14.48812,51.2082],[14.48122,51.2102],[14.47606,51.21471],[14.47419,51.21723],[14.47409,51.22051],[14.46899,51.2224],[14.45718,51.22983],[14.45196,51.23107],[14.44589,51.22519],[14.44246,51.22316],[14.43802,51.22218],[14.432,51.22239],[14.42868,51.22343],[14.42374,51.2194],[14.41946,51.21808],[14.41405,51.21792],[14.41003,51.21896],[14.40138,51.21839],[14.39683,51.21895],[14.39254,51.2209],[14.38361,51.2225],[14.38026,51.22434],[14.37347,51.22198],[14.36722,51.22173],[14.35859,51.22384],[14.3541,51.22245],[14.34804,51.22208],[14.34301,51.22255],[14.33955,51.21997]]],[[[14.08912,51.22697],[14.09179,51.22542],[14.09419,51.2219],[14.09448,51.21603],[14.09299,51.21063],[14.09327,51.20382],[14.09439,51.20158],[14.09802,51.1988],[14.10448,51.18983],[14.10476,51.18718],[14.1035,51.18465],[14.10103,51.18265],[14.10072,51.17854],[14.10207,51.17758],[14.11349,51.17573],[14.11861,51.17691],[14.12624,51.17578],[14.13626,51.17917],[14.14092,51.18186],[14.14382,51.18621],[14.14845,51.18813],[14.15261,51.1926],[14.15849,51.19558],[14.1618,51.19931],[14.16675,51.20171],[14.16986,51.20614],[14.16861,51.21028],[14.1652,51.21424],[14.16481,51.21679],[14.166,51.22019],[14.17048,51.22328],[14.17189,51.22592],[14.16689,51.22834],[14.16228,51.23501],[14.1622,51.24047],[14.15997,51.24441],[14.15497,51.24653],[14.15001,51.25033],[14.14634,51.25169],[14.14137,51.24789],[14.13481,51.24647],[14.12852,51.24703],[14.12518,51.24848],[14.11205,51.24563],[14.10442,51.24272],[14.103,51.23589],[14.101,51.23338],[14.09766,51.2314],[14.09335,51.23041],[14.08912,51.2304],[14.08912,51.22697]]],[[[11.50022,50.94826],[11.50181,50.94498],[11.5057,50.94257],[11.50752,50.93989],[11.50751,50.93697],[11.50356,50.93286],[11.506,50.92816],[11.50598,50.92504],[11.50472,50.92296],[11.50749,50.91828],[11.50784,50.91537],[11.50649,50.91059],[11.50449,50.90774],[11.51394,50.90378],[11.51926,50.90453],[11.52395,50.90376],[11.52973,50.90193],[11.5371,50.90025],[11.54096,50.89638],[11.5508,50.89402],[11.5584,50.88864],[11.55969,50.88569],[11.55979,50.88167],[11.56142,50.87953],[11.56135,50.87527],[11.55913,50.87278],[11.55343,50.87052],[11.54952,50.86998],[11.5419,50.87028],[11.53152,50.86974],[11.52665,50.86347],[11.54138,50.86156],[11.54737,50.85958],[11.55602,50.85825],[11.56265,50.85627],[11.59422,50.85982],[11.60477,50.86135],[11.61299,50.86412],[11.61103,50.86601],[11.61009,50.86994],[11.6114,50.87247],[11.61581,50.87528],[11.61857,50.8761],[11.6285,50.87724],[11.63426,50.87657],[11.63759,50.87818],[11.64154,50.87901],[11.64866,50.87945],[11.65567,50.87937],[11.66398,50.88108],[11.66211,50.88457],[11.65983,50.89166],[11.6562,50.89226],[11.65252,50.89402],[11.64978,50.89801],[11.65025,50.90091],[11.65296,50.90429],[11.66041,50.90999],[11.66683,50.9118],[11.66694,50.91541],[11.67042,50.9208],[11.66988,50.92626],[11.66841,50.92871],[11.66704,50.9389],[11.66879,50.94193],[11.66944,50.94574],[11.67145,50.94823],[11.68424,50.95823],[11.69041,50.9599],[11.697,50.95908],[11.70217,50.95549],[11.70769,50.95287],[11.71216,50.94815],[11.71594,50.94703],[11.71962,50.94813],[11.72556,50.94844],[11.7293,50.94768],[11.73258,50.94819],[11.73584,50.95016],[11.73858,50.95351],[11.73867,50.95534],[11.73602,50.95832],[11.73603,50.96259],[11.74004,50.96618],[11.73849,50.96853],[11.72837,50.97204],[11.72463,50.97251],[11.71817,50.97073],[11.71588,50.96567],[11.71006,50.9612],[11.70614,50.96011],[11.70187,50.96001],[11.69783,50.96091],[11.69461,50.96269],[11.69266,50.96509],[11.69225,50.96778],[11.69295,50.97252],[11.6919,50.97781],[11.69444,50.98259],[11.69055,50.98318],[11.68698,50.98485],[11.68469,50.98726],[11.68435,50.99143],[11.68625,50.99397],[11.68955,50.99585],[11.69535,50.99765],[11.70396,50.99755],[11.70979,50.99959],[11.71536,51.00034],[11.71793,51.00168],[11.71948,51.00568],[11.71491,51.00896],[11.713,51.01203],[11.71395,51.01688],[11.70734,51.02181],[11.70636,51.0259],[11.70782,51.02853],[11.71176,51.03275],[11.71086,51.03647],[11.71192,51.03927],[11.71464,51.04159],[11.72082,51.04337],[11.72538,51.04316],[11.73056,51.04166],[11.735,51.04695],[11.73819,51.04873],[11.74221,51.04965],[11.75199,51.04864],[11.75124,51.05354],[11.75313,51.05694],[11.75172,51.05837],[11.74445,51.06191],[11.73669,51.06438],[11.7323,51.06837],[11.72698,51.06852],[11.72119,51.07095],[11.71708,51.07083],[11.71287,51.07168],[11.70827,51.07464],[11.70702,51.0773],[11.70832,51.08136],[11.71321,51.08547],[11.7188,51.08742],[11.73401,51.08984],[11.73786,51.0924],[11.74224,51.09341],[11.74688,51.09324],[11.75104,51.09192],[11.75401,51.08966],[11.75788,51.08507],[11.77038,51.08071],[11.7755,51.08039],[11.77929,51.07898],[11.7885,51.08078],[11.79623,51.08],[11.79982,51.07847],[11.80732,51.07754],[11.8106,51.07568],[11.81268,51.07329],[11.81766,51.07425],[11.82047,51.07693],[11.82099,51.08111],[11.82556,51.08462],[11.83021,51.08572],[11.83605,51.08568],[11.84005,51.08446],[11.84301,51.08238],[11.84449,51.07975],[11.84428,51.07401],[11.84756,51.06879],[11.84716,51.06425],[11.84892,51.06066],[11.84865,51.0579],[11.84618,51.05441],[11.85231,51.05192],[11.85895,51.05233],[11.86311,51.05119],[11.86884,51.05257],[11.87132,51.05535],[11.87459,51.05708],[11.87454,51.06185],[11.87918,51.06724],[11.88456,51.0694],[11.88882,51.06965],[11.89344,51.06879],[11.90019,51.06871],[11.90882,51.07003],[11.91621,51.0733],[11.91893,51.07744],[11.91934,51.08108],[11.91539,51.08591],[11.91549,51.08996],[11.91405,51.09423],[11.91515,51.09687],[11.92093,51.10046],[11.91101,51.11484],[11.91026,51.11761],[11.91172,51.12101],[11.91138,51.12538],[11.91313,51.12849],[11.91318,51.1329],[11.90468,51.1329],[11.89997,51.1339],[11.89656,51.13558],[11.89387,51.13926],[11.89385,51.14368],[11.89693,51.14777],[11.89968,51.14914],[11.90349,51.15379],[11.90776,51.15784],[11.91094,51.15938],[11.91763,51.16085],[11.92069,51.16272],[11.92702,51.1639],[11.93859,51.16376],[11.95693,51.15806],[11.96109,51.15642],[11.97417,51.15596],[11.97912,51.1564],[11.99045,51.15828],[11.99947,51.16133],[12.01254,51.1662],[12.00808,51.17071],[12.00305,51.17372],[12.00162,51.17618],[12.00175,51.17921],[12.00538,51.18457],[12.00671,51.18783],[12.00937,51.18999],[12.01832,51.19418],[12.02121,51.19808],[12.02594,51.20128],[12.03276,51.20452],[12.03749,51.2056],[12.0356,51.20852],[12.0287,51.21024],[12.02293,51.2161],[12.01545,51.21654],[12.01156,51.21819],[12.00793,51.22289],[12.00795,51.22551],[12.01074,51.229],[12.01775,51.23265],[12.02311,51.23797],[12.02576,51.24229],[12.02898,51.24427],[12.03726,51.24565],[12.04157,51.24508],[12.04697,51.24215],[12.05009,51.24147],[12.05408,51.23924],[12.06624,51.23894],[12.07127,51.24056],[12.07503,51.24805],[12.06923,51.25019],[12.06763,51.25163],[12.06098,51.25305],[12.05737,51.25451],[12.05415,51.25797],[12.05303,51.26145],[12.0551,51.2658],[12.05927,51.26845],[12.06018,51.27033],[12.05633,51.27215],[12.05358,51.27449],[12.05253,51.27732],[12.05444,51.28148],[12.05705,51.2837],[12.0617,51.28553],[12.06197,51.2873],[12.05708,51.28912],[12.05327,51.28716],[12.04893,51.28643],[12.04075,51.28609],[12.01587,51.28008],[12.0118,51.27891],[12.00746,51.27867],[12.0033,51.27947],[11.99893,51.28191],[11.98869,51.28091],[11.98669,51.27836],[11.98204,51.27586],[11.97782,51.275],[11.97012,51.27509],[11.96816,51.27293],[11.9646,51.27122],[11.96027,51.27049],[11.94293,51.27139],[11.92615,51.27022],[11.92638,51.26328],[11.92795,51.2573],[11.92642,51.24495],[11.922,51.23918],[11.9186,51.23714],[11.90775,51.23425],[11.90325,51.23434],[11.89462,51.237],[11.8876,51.24128],[11.88569,51.24417],[11.88002,51.24405],[11.87418,51.24564],[11.87145,51.2477],[11.87011,51.25025],[11.86834,51.25876],[11.86683,51.26292],[11.86128,51.26634],[11.8599,51.2693],[11.85451,51.26914],[11.85004,51.27011],[11.84643,51.27227],[11.83679,51.27479],[11.83199,51.27548],[11.8285,51.27712],[11.82625,51.27947],[11.82555,51.28218],[11.82652,51.28485],[11.83076,51.28797],[11.83002,51.29251],[11.83111,51.29514],[11.83638,51.29852],[11.83668,51.30087],[11.8391,51.30394],[11.84319,51.30592],[11.84273,51.30937],[11.84354,51.31509],[11.84675,51.32831],[11.85089,51.33181],[11.85516,51.33301],[11.86402,51.33422],[11.87205,51.33863],[11.87784,51.34062],[11.89317,51.34309],[11.89968,51.34439],[11.90122,51.34722],[11.90404,51.3498],[11.9082,51.35154],[11.91337,51.35223],[11.91591,51.35415],[11.91975,51.3555],[11.91425,51.37361],[11.91159,51.37514],[11.90951,51.37773],[11.90924,51.38064],[11.91083,51.38337],[11.91473,51.3858],[11.91261,51.3894],[11.90793,51.39502],[11.90728,51.39877],[11.90836,51.40298],[11.91336,51.41056],[11.91424,51.41442],[11.9217,51.42526],[11.92697,51.43208],[11.92812,51.43493],[11.93091,51.43869],[11.92788,51.44009],[11.92558,51.4424],[11.92482,51.44507],[11.9257,51.44773],[11.92939,51.45068],[11.9301,51.45235],[11.92723,51.45491],[11.92395,51.45925],[11.92342,51.46122],[11.92037,51.46167],[11.91214,51.46524],[11.90917,51.46459],[11.8974,51.46391],[11.89136,51.46535],[11.88751,51.46859],[11.8862,51.47261],[11.87892,51.47452],[11.87579,51.47612],[11.87128,51.47972],[11.86962,51.48377],[11.87297,51.48921],[11.87866,51.4918],[11.87598,51.4952],[11.87552,51.49829],[11.86914,51.50263],[11.86455,51.50744],[11.86392,51.51034],[11.86518,51.51315],[11.86813,51.51542],[11.87746,51.51981],[11.87613,51.52307],[11.87638,51.52692],[11.87937,51.53052],[11.87978,51.53457],[11.86984,51.53349],[11.86398,51.53213],[11.85584,51.53231],[11.84481,51.52888],[11.84039,51.52838],[11.836,51.52896],[11.82537,51.53265],[11.82271,51.53499],[11.82172,51.53779],[11.82267,51.54171],[11.82241,51.54604],[11.82356,51.54855],[11.82213,51.55291],[11.82354,51.55688],[11.82827,51.56077],[11.82963,51.56546],[11.83136,51.56819],[11.83003,51.57195],[11.82413,51.57444],[11.81986,51.57389],[11.81338,51.57507],[11.81015,51.57705],[11.80816,51.58184],[11.79857,51.5825],[11.79471,51.58323],[11.78788,51.58203],[11.78286,51.58194],[11.7772,51.58327],[11.77195,51.58215],[11.76546,51.58256],[11.76179,51.58406],[11.75658,51.58917],[11.75543,51.59238],[11.75554,51.59533],[11.75719,51.59796],[11.76033,51.59999],[11.76466,51.60114],[11.76538,51.60287],[11.76348,51.60928],[11.75656,51.6109],[11.73524,51.60696],[11.73271,51.60341],[11.73151,51.59563],[11.72967,51.59326],[11.72658,51.59146],[11.7182,51.58922],[11.70972,51.58597],[11.70599,51.58391],[11.70495,51.58107],[11.69985,51.57457],[11.69539,51.57141],[11.69152,51.56992],[11.68703,51.56948],[11.67539,51.56992],[11.6695,51.57215],[11.6667,51.57607],[11.66706,51.58071],[11.65829,51.58184],[11.65306,51.58459],[11.64654,51.58375],[11.63972,51.58503],[11.63499,51.58927],[11.62065,51.59011],[11.61657,51.59144],[11.61365,51.59366],[11.61239,51.59786],[11.61331,51.60005],[11.60894,51.60005],[11.60165,51.60174],[11.5914,51.60064],[11.58514,51.59883],[11.57818,51.59619],[11.57612,51.59374],[11.56953,51.59128],[11.56817,51.5862],[11.56561,51.58367],[11.56164,51.58198],[11.55725,51.58143],[11.55262,51.58196],[11.54279,51.58519],[11.5367,51.58243],[11.53124,51.5819],[11.5309,51.57985],[11.52855,51.5771],[11.52254,51.57349],[11.52037,51.56738],[11.51966,51.56085],[11.52036,51.55742],[11.51907,51.55474],[11.51624,51.55258],[11.51249,51.55129],[11.5109,51.54788],[11.50029,51.54149],[11.50045,51.53595],[11.49981,51.53423],[11.50579,51.53208],[11.50818,51.52959],[11.50977,51.52618],[11.51399,51.52422],[11.51635,51.52173],[11.51695,51.51886],[11.5144,51.51487],[11.51082,51.51303],[11.50442,51.51225],[11.49966,51.51044],[11.49486,51.50996],[11.48869,51.51048],[11.48419,51.50854],[11.47042,51.5041],[11.46414,51.50309],[11.46384,51.50183],[11.47165,51.50109],[11.47536,51.49974],[11.4794,51.49622],[11.48074,51.49372],[11.48073,51.49094],[11.48692,51.48944],[11.48982,51.48726],[11.49113,51.48455],[11.49096,51.48197],[11.49685,51.47926],[11.50074,51.4749],[11.50119,51.4721],[11.4999,51.46942],[11.49706,51.46724],[11.49024,51.46378],[11.48607,51.46285],[11.4782,51.46226],[11.47163,51.46384],[11.46864,51.46613],[11.46737,51.46897],[11.46544,51.48025],[11.45883,51.4805],[11.45196,51.482],[11.4484,51.48427],[11.44458,51.48558],[11.43828,51.4888],[11.42828,51.4907],[11.4233,51.49096],[11.41172,51.49401],[11.40836,51.49568],[11.40622,51.49801],[11.40589,51.502],[11.40997,51.50607],[11.40384,51.50917],[11.40098,51.51283],[11.40034,51.51598],[11.4012,51.51857],[11.40352,51.5208],[11.41324,51.52642],[11.411,51.52936],[11.41029,51.53472],[11.40487,51.54178],[11.39962,51.54028],[11.39387,51.53953],[11.3864,51.53935],[11.38187,51.53979],[11.37797,51.5413],[11.37533,51.54364],[11.37435,51.54644],[11.37521,51.54925],[11.37872,51.55224],[11.37342,51.55596],[11.37171,51.56058],[11.36817,51.56142],[11.35937,51.5594],[11.35536,51.55921],[11.34921,51.56018],[11.34435,51.56015],[11.33835,51.55902],[11.33691,51.55688],[11.34278,51.55084],[11.34336,51.54806],[11.34176,51.54238],[11.34001,51.53989],[11.33552,51.53691],[11.33289,51.53602],[11.33163,51.53288],[11.32975,51.53121],[11.33359,51.52778],[11.33608,51.52457],[11.34024,51.52085],[11.34732,51.51869],[11.34952,51.5167],[11.35494,51.51624],[11.35893,51.5146],[11.36228,51.51],[11.36786,51.5094],[11.37156,51.50796],[11.3768,51.5024],[11.37792,51.49954],[11.37608,51.49374],[11.37407,51.49145],[11.37533,51.48689],[11.37462,51.48394],[11.37025,51.48033],[11.36864,51.47762],[11.36569,51.47569],[11.36183,51.47456],[11.35682,51.47423],[11.35558,51.47122],[11.35081,51.46296],[11.34553,51.46004],[11.34286,51.45954],[11.33976,51.45621],[11.33748,51.45112],[11.33851,51.44755],[11.33781,51.44494],[11.33564,51.44267],[11.3315,51.44078],[11.32259,51.4319],[11.31707,51.42482],[11.32375,51.42267],[11.32706,51.41914],[11.32726,51.41639],[11.32581,51.4138],[11.32133,51.41037],[11.32892,51.4],[11.33083,51.39036],[11.33916,51.38924],[11.34326,51.38749],[11.34768,51.3846],[11.35184,51.38543],[11.35608,51.38525],[11.36168,51.38314],[11.365,51.38308],[11.3737,51.38538],[11.38065,51.38596],[11.38994,51.38396],[11.3931,51.382],[11.39484,51.37944],[11.39429,51.37532],[11.39135,51.37263],[11.38988,51.36816],[11.39216,51.36278],[11.39169,51.36077],[11.39342,51.35764],[11.39302,51.35424],[11.39597,51.35169],[11.39923,51.34664],[11.39949,51.34486],[11.40283,51.34341],[11.40571,51.34088],[11.41185,51.33797],[11.41366,51.33317],[11.42075,51.33146],[11.42529,51.32821],[11.42771,51.32478],[11.4369,51.31901],[11.44362,51.31632],[11.44609,51.31199],[11.45164,51.31189],[11.45599,51.31044],[11.46522,51.30532],[11.46766,51.30158],[11.46729,51.29887],[11.46534,51.29645],[11.46006,51.29405],[11.45444,51.28641],[11.45392,51.28319],[11.45175,51.27813],[11.4496,51.27576],[11.4462,51.27407],[11.44194,51.27329],[11.43728,51.26888],[11.43816,51.26536],[11.43727,51.26277],[11.43193,51.2577],[11.42603,51.25561],[11.42213,51.25342],[11.42063,51.2504],[11.4166,51.24492],[11.41147,51.24071],[11.40764,51.23878],[11.4033,51.23768],[11.40176,51.23641],[11.4031,51.23275],[11.40275,51.23093],[11.41067,51.2304],[11.41476,51.22961],[11.4229,51.22992],[11.43085,51.23336],[11.43492,51.23411],[11.44082,51.23375],[11.44711,51.23079],[11.45191,51.23071],[11.45837,51.22887],[11.4653,51.22945],[11.47431,51.22889],[11.48009,51.23067],[11.48456,51.23061],[11.49219,51.22934],[11.49601,51.2278],[11.49966,51.22386],[11.50236,51.22547],[11.50704,51.2266],[11.51489,51.2268],[11.52261,51.2302],[11.52694,51.23105],[11.53163,51.23076],[11.53184,51.23304],[11.5361,51.23722],[11.53708,51.24041],[11.53382,51.24505],[11.53431,51.24793],[11.53888,51.2524],[11.54739,51.25711],[11.55634,51.26009],[11.56547,51.2596],[11.57417,51.2604],[11.57868,51.2597],[11.58648,51.2567],[11.59252,51.25502],[11.59585,51.25309],[11.59773,51.25051],[11.5978,51.24738],[11.60027,51.24323],[11.6004,51.24045],[11.60496,51.2404],[11.61086,51.23901],[11.61462,51.23735],[11.61703,51.23488],[11.6177,51.23205],[11.62019,51.23047],[11.62278,51.22658],[11.63499,51.22372],[11.63906,51.22063],[11.63999,51.218],[11.63841,51.21412],[11.63447,51.21111],[11.6359,51.20656],[11.63877,51.20281],[11.63882,51.20013],[11.63603,51.19654],[11.63262,51.19493],[11.61929,51.19218],[11.61496,51.19206],[11.61087,51.19295],[11.6015,51.1978],[11.59754,51.19313],[11.59184,51.18967],[11.59078,51.18549],[11.58651,51.18092],[11.583,51.17901],[11.57857,51.17814],[11.56395,51.17763],[11.55353,51.17628],[11.54716,51.17737],[11.54413,51.17897],[11.53925,51.17883],[11.53318,51.17949],[11.52789,51.17906],[11.52684,51.17462],[11.52504,51.17219],[11.52194,51.17033],[11.51798,51.16933],[11.50409,51.16925],[11.49653,51.16826],[11.4911,51.16852],[11.48557,51.16799],[11.48197,51.1664],[11.47499,51.16575],[11.47265,51.16089],[11.47477,51.15908],[11.47602,51.15617],[11.47526,51.1532],[11.47217,51.15028],[11.4653,51.14792],[11.45116,51.14666],[11.4587,51.13586],[11.45879,51.1323],[11.45996,51.13018],[11.4627,51.12938],[11.47135,51.12861],[11.47704,51.13102],[11.48124,51.13127],[11.48913,51.12935],[11.49729,51.12556],[11.50027,51.12158],[11.50382,51.11855],[11.50455,51.11561],[11.50338,51.1128],[11.5039,51.1101],[11.50141,51.10609],[11.49572,51.10369],[11.49114,51.10345],[11.4847,51.10534],[11.47952,51.10477],[11.47641,51.10051],[11.47285,51.09894],[11.46566,51.09775],[11.45696,51.09685],[11.45016,51.09455],[11.44585,51.09254],[11.44142,51.09177],[11.43687,51.09216],[11.4314,51.09473],[11.42951,51.09737],[11.42907,51.10316],[11.42249,51.10339],[11.41666,51.10554],[11.413,51.10905],[11.40885,51.10932],[11.40601,51.10751],[11.40444,51.10196],[11.40239,51.09971],[11.39645,51.09678],[11.39251,51.09591],[11.39124,51.09215],[11.38924,51.0898],[11.38531,51.08781],[11.38529,51.07904],[11.38332,51.07667],[11.37819,51.0742],[11.37358,51.07024],[11.36863,51.06907],[11.36631,51.06623],[11.36256,51.0637],[11.35759,51.06165],[11.35178,51.06053],[11.34862,51.05882],[11.34572,51.05234],[11.3469,51.04731],[11.34884,51.04662],[11.35618,51.04953],[11.36424,51.04964],[11.37895,51.05156],[11.38761,51.0505],[11.39097,51.04871],[11.39342,51.04488],[11.39462,51.03666],[11.3941,51.02995],[11.39104,51.02642],[11.38663,51.0242],[11.3722,51.01996],[11.36337,51.01916],[11.35319,51.02146],[11.35017,51.02144],[11.34473,51.02017],[11.34045,51.02015],[11.33483,51.02098],[11.33076,51.02259],[11.32585,51.02543],[11.31919,51.02523],[11.31513,51.02636],[11.30724,51.02575],[11.30181,51.02666],[11.29749,51.0282],[11.29452,51.03051],[11.28632,51.03187],[11.2789,51.02856],[11.27433,51.0279],[11.26973,51.02846],[11.26513,51.03063],[11.25645,51.03312],[11.25071,51.0367],[11.24926,51.03653],[11.24754,51.03047],[11.24584,51.02795],[11.24277,51.02602],[11.23878,51.02494],[11.23234,51.02525],[11.22984,51.02597],[11.21724,51.03257],[11.2109,51.03024],[11.20497,51.0305],[11.20161,51.02989],[11.20014,51.02809],[11.19465,51.02491],[11.18931,51.02384],[11.18211,51.02388],[11.17476,51.02556],[11.17161,51.02071],[11.16848,51.01865],[11.16433,51.01753],[11.15524,51.01734],[11.14686,51.01812],[11.14416,51.0158],[11.1403,51.01437],[11.13587,51.01397],[11.13154,51.01469],[11.12798,51.0164],[11.12574,51.01885],[11.12484,51.02212],[11.12111,51.02328],[11.11736,51.02549],[11.11219,51.03034],[11.107,51.03401],[11.1038,51.03556],[11.1006,51.03976],[11.09851,51.05091],[11.09495,51.0531],[11.09302,51.05548],[11.09328,51.06011],[11.09183,51.06206],[11.09147,51.06526],[11.08679,51.06618],[11.08328,51.06817],[11.08134,51.07089],[11.08129,51.07371],[11.07675,51.07439],[11.07111,51.07745],[11.0665,51.07931],[11.05345,51.07826],[11.04684,51.07975],[11.0421,51.07992],[11.04063,51.07209],[11.03698,51.06865],[11.03093,51.06705],[11.02406,51.06737],[11.01967,51.06198],[11.01612,51.06051],[11.01196,51.05996],[10.99991,51.06039],[10.99555,51.0616],[10.99236,51.06383],[10.99058,51.06832],[10.98002,51.06539],[10.97601,51.06484],[10.97536,51.06179],[10.97799,51.05595],[10.97953,51.05433],[10.98234,51.04884],[10.98196,51.04615],[10.98005,51.04374],[10.97685,51.04194],[10.96982,51.04031],[10.96552,51.03997],[10.95958,51.03792],[10.95459,51.0373],[10.94877,51.03564],[10.94343,51.03325],[10.93836,51.03227],[10.93226,51.02988],[10.9297,51.02779],[10.92893,51.02549],[10.92591,51.02211],[10.92071,51.01986],[10.91651,51.01951],[10.91021,51.02094],[10.90606,51.02103],[10.90176,51.0222],[10.89753,51.02483],[10.89314,51.02457],[10.88633,51.02517],[10.88123,51.02731],[10.87648,51.02808],[10.87018,51.02802],[10.86289,51.02653],[10.85555,51.02584],[10.85789,51.01341],[10.85929,51.01101],[10.86161,51.00367],[10.86398,51.00063],[10.87174,51.00008],[10.87584,51.00054],[10.88016,51.00004],[10.88387,50.99855],[10.88808,50.99356],[10.88811,50.99059],[10.88624,50.98787],[10.88072,50.98313],[10.87239,50.97943],[10.8633,50.97729],[10.86581,50.96998],[10.86577,50.96513],[10.87165,50.96155],[10.87271,50.95974],[10.876,50.95918],[10.88182,50.9609],[10.88866,50.96052],[10.89248,50.95887],[10.89494,50.95641],[10.89648,50.95114],[10.89717,50.94493],[10.90047,50.94157],[10.91712,50.94082],[10.92798,50.94286],[10.93513,50.94471],[10.93928,50.9444],[10.94476,50.94309],[10.95039,50.94015],[10.95239,50.93771],[10.95543,50.93624],[10.96017,50.93168],[10.96286,50.92462],[10.96115,50.92077],[10.94891,50.91403],[10.93183,50.90955],[10.93243,50.90408],[10.93462,50.90042],[10.93618,50.89497],[10.94312,50.89344],[10.94769,50.89105],[10.95351,50.89166],[10.95988,50.89035],[10.96295,50.89037],[10.96809,50.89253],[10.97372,50.89331],[10.97466,50.89535],[10.97786,50.89791],[10.98031,50.90185],[10.98319,50.90387],[10.98706,50.90507],[10.99359,50.90612],[10.9979,50.90591],[11.00177,50.90469],[11.00462,50.90268],[11.01196,50.90328],[11.01814,50.90509],[11.04009,50.90731],[11.05955,50.90827],[11.06634,50.91178],[11.07471,50.91251],[11.0815,50.9108],[11.09097,50.91196],[11.09561,50.91294],[11.11009,50.91314],[11.1085,50.91772],[11.10907,50.92035],[11.1126,50.92362],[11.11946,50.92531],[11.1273,50.92792],[11.13669,50.92781],[11.14139,50.92613],[11.15006,50.92455],[11.15996,50.92536],[11.16399,50.92479],[11.17052,50.92148],[11.17413,50.92044],[11.18416,50.92185],[11.19231,50.92122],[11.19601,50.92222],[11.2006,50.92606],[11.20407,50.92751],[11.21261,50.92867],[11.2171,50.92813],[11.22232,50.92539],[11.22625,50.92156],[11.23104,50.91867],[11.23374,50.91328],[11.2384,50.91334],[11.24247,50.9145],[11.24983,50.91536],[11.26147,50.91474],[11.26659,50.91275],[11.2685,50.9137],[11.26868,50.91725],[11.27173,50.92088],[11.27534,50.92244],[11.28181,50.92292],[11.28589,50.92192],[11.29281,50.91791],[11.29845,50.91703],[11.30345,50.91756],[11.31004,50.91944],[11.31986,50.91918],[11.32253,50.92299],[11.33203,50.92668],[11.32904,50.92987],[11.32788,50.93309],[11.32911,50.93694],[11.33532,50.94088],[11.33958,50.9418],[11.34519,50.94157],[11.34897,50.94045],[11.35186,50.93855],[11.35359,50.93574],[11.35576,50.93578],[11.35837,50.93805],[11.36182,50.93959],[11.36755,50.94065],[11.3694,50.94276],[11.373,50.94465],[11.38153,50.94624],[11.38732,50.94934],[11.39135,50.95309],[11.39785,50.95525],[11.40186,50.96375],[11.39327,50.9704],[11.39215,50.97302],[11.39389,50.98117],[11.397,50.98617],[11.39973,50.98866],[11.40384,50.99022],[11.41003,50.99087],[11.41195,50.99269],[11.4176,50.99482],[11.43445,50.99749],[11.44269,50.99945],[11.45208,51.00442],[11.45636,51.00882],[11.46195,51.01059],[11.45829,51.01918],[11.45981,51.02334],[11.46284,51.02549],[11.46835,51.0271],[11.4754,51.02672],[11.47895,51.02534],[11.48767,51.02598],[11.49973,51.03362],[11.5018,51.03613],[11.50831,51.04015],[11.51344,51.04462],[11.5239,51.04875],[11.52806,51.04928],[11.53333,51.04856],[11.53959,51.04858],[11.54407,51.04768],[11.55243,51.04322],[11.55859,51.04141],[11.56575,51.04159],[11.57203,51.03886],[11.57404,51.03652],[11.574,51.03193],[11.57802,51.02234],[11.57663,51.01831],[11.57381,51.01619],[11.56776,51.01463],[11.55338,51.01394],[11.54497,51.01571],[11.54319,51.01428],[11.54243,51.00859],[11.54041,51.00603],[11.53698,51.00417],[11.52646,51.00186],[11.52306,50.99979],[11.51285,50.99718],[11.49911,50.99166],[11.49348,50.99154],[11.48373,50.98747],[11.47959,50.98677],[11.47679,50.98501],[11.48256,50.97134],[11.48449,50.96885],[11.48493,50.96611],[11.49294,50.96518],[11.49678,50.96366],[11.50007,50.95993],[11.50039,50.9547],[11.49938,50.95204],[11.50022,50.94826]]],[[[11.21602,50.66046],[11.2214,50.66268],[11.22579,50.66303],[11.23187,50.66453],[11.23591,50.66461],[11.2473,50.66229],[11.25071,50.66051],[11.25279,50.65804],[11.25314,50.65483],[11.2581,50.65004],[11.25988,50.6473],[11.25939,50.64326],[11.26319,50.64138],[11.26917,50.63711],[11.27563,50.63853],[11.27901,50.63832],[11.282,50.64154],[11.28411,50.64582],[11.28776,50.65091],[11.28861,50.6555],[11.28822,50.65924],[11.28183,50.66462],[11.28071,50.66766],[11.28112,50.67171],[11.28259,50.67425],[11.28543,50.67627],[11.29473,50.67914],[11.29512,50.68352],[11.29815,50.68702],[11.30165,50.68854],[11.31081,50.6903],[11.31055,50.69301],[11.31227,50.69588],[11.31223,50.69882],[11.30821,50.70163],[11.3066,50.70636],[11.3029,50.70899],[11.29327,50.70877],[11.29034,50.70783],[11.28163,50.70747],[11.2772,50.70432],[11.27202,50.70253],[11.26507,50.70243],[11.2587,50.70547],[11.24623,50.70436],[11.23631,50.70627],[11.23124,50.70879],[11.22533,50.70958],[11.21931,50.71286],[11.21386,50.7126],[11.20706,50.70713],[11.20195,50.7055],[11.21382,50.6992],[11.21623,50.69692],[11.21695,50.69287],[11.2147,50.68915],[11.21168,50.68712],[11.20549,50.68579],[11.1989,50.68696],[11.19314,50.68689],[11.18446,50.6857],[11.18316,50.68227],[11.18443,50.68035],[11.18602,50.67492],[11.18517,50.6721],[11.19844,50.66643],[11.20564,50.66186],[11.21371,50.66017],[11.21602,50.66046]]],[[[11.55546,50.77666],[11.55058,50.77928],[11.5481,50.7829],[11.53801,50.78419],[11.53156,50.78628],[11.51042,50.78215],[11.50551,50.78241],[11.48693,50.77713],[11.48636,50.77361],[11.4874,50.76823],[11.49256,50.76648],[11.4955,50.76464],[11.50574,50.76407],[11.51177,50.76283],[11.51827,50.76363],[11.52343,50.76646],[11.52913,50.7673],[11.5352,50.77099],[11.54134,50.77275],[11.54564,50.77338],[11.55617,50.77391],[11.55546,50.77666]]],[[[10.80868,51.10365],[10.80701,51.10907],[10.80422,51.11269],[10.80366,51.11646],[10.8059,51.12005],[10.80475,51.1219],[10.80132,51.1236],[10.79669,51.12378],[10.788,51.12654],[10.78417,51.13025],[10.78041,51.13899],[10.76196,51.13724],[10.75546,51.13477],[10.75247,51.13305],[10.74074,51.12967],[10.74273,51.12475],[10.74447,51.12271],[10.74518,51.11846],[10.74226,51.11394],[10.74219,51.11176],[10.74602,51.11131],[10.75222,51.10951],[10.75659,51.10575],[10.76147,51.10479],[10.76501,51.10304],[10.76859,51.09909],[10.77093,51.09312],[10.7768,51.09423],[10.78307,51.0943],[10.79042,51.0959],[10.81021,51.098],[10.80868,51.10365]]],[[[11.37418,51.21988],[11.37171,51.21559],[11.36685,51.21229],[11.36307,51.21051],[11.35846,51.20967],[11.35533,51.20808],[11.35011,51.20136],[11.34839,51.20012],[11.34578,51.18815],[11.34035,51.17687],[11.34972,51.17385],[11.36463,51.16704],[11.37499,51.16488],[11.37863,51.16322],[11.38281,51.15807],[11.38817,51.15778],[11.39356,51.15576],[11.40197,51.15784],[11.41079,51.15828],[11.41402,51.16005],[11.42339,51.16148],[11.42599,51.16339],[11.43457,51.16648],[11.43562,51.17118],[11.43881,51.17493],[11.44297,51.17717],[11.44658,51.1818],[11.44724,51.18397],[11.44984,51.1866],[11.45229,51.19256],[11.45047,51.19453],[11.4493,51.19913],[11.44648,51.2053],[11.44599,51.20804],[11.43488,51.21147],[11.4287,51.2124],[11.41496,51.20827],[11.40234,51.20709],[11.39802,51.20753],[11.39428,51.20895],[11.39091,51.21245],[11.38992,51.21739],[11.38388,51.219],[11.37418,51.21988]]],[[[10.95233,51.66113],[10.95536,51.66335],[10.9595,51.66473],[10.96418,51.66497],[10.96931,51.66405],[10.97518,51.66451],[10.97664,51.6671],[10.97967,51.6693],[10.98363,51.67082],[10.98887,51.67168],[11.01426,51.67892],[11.02407,51.67896],[11.03035,51.67696],[11.03525,51.67224],[11.03851,51.67366],[11.04194,51.67694],[11.04576,51.67863],[11.05034,51.67923],[11.06135,51.67878],[11.07119,51.67575],[11.07559,51.67792],[11.08019,51.67877],[11.08512,51.67852],[11.09256,51.67927],[11.10291,51.67749],[11.10601,51.67625],[11.1106,51.6757],[11.11416,51.67445],[11.11987,51.67056],[11.12196,51.66564],[11.12724,51.66576],[11.13275,51.66842],[11.13958,51.66876],[11.14276,51.6697],[11.14718,51.67333],[11.15031,51.67431],[11.15171,51.67623],[11.15041,51.67978],[11.15083,51.6829],[11.15388,51.68633],[11.15776,51.68893],[11.15619,51.69176],[11.15557,51.69598],[11.15237,51.69955],[11.15186,51.70266],[11.15312,51.70763],[11.15483,51.70989],[11.16085,51.7152],[11.16213,51.71717],[11.16141,51.72492],[11.16369,51.73205],[11.15691,51.73369],[11.15323,51.737],[11.15244,51.74008],[11.15304,51.74251],[11.15552,51.74609],[11.15725,51.75204],[11.15962,51.75461],[11.16345,51.75637],[11.1681,51.75702],[11.18632,51.75718],[11.19504,51.75821],[11.21595,51.75612],[11.21738,51.75888],[11.22197,51.76224],[11.22739,51.7648],[11.23131,51.76773],[11.23088,51.77206],[11.23322,51.7773],[11.24063,51.78269],[11.24682,51.78481],[11.2536,51.79166],[11.25257,51.79404],[11.25276,51.79835],[11.23678,51.80431],[11.23384,51.80626],[11.23038,51.80597],[11.22539,51.8067],[11.20957,51.81168],[11.20472,51.8159],[11.19938,51.81666],[11.1931,51.81681],[11.18507,51.81618],[11.17969,51.81797],[11.17293,51.81898],[11.16948,51.82083],[11.16695,51.82563],[11.15347,51.83232],[11.15068,51.83489],[11.14835,51.83939],[11.1487,51.843],[11.13959,51.84489],[11.13486,51.84423],[11.11919,51.84543],[11.10824,51.83913],[11.10694,51.83734],[11.1011,51.83267],[11.0955,51.83],[11.08666,51.82799],[11.08201,51.82782],[11.07762,51.8288],[11.07123,51.83228],[11.06239,51.83593],[11.05776,51.83836],[11.05748,51.83437],[11.05443,51.82834],[11.0492,51.82522],[11.04268,51.81789],[11.03918,51.8161],[11.03323,51.81518],[11.03068,51.81206],[11.02733,51.81046],[11.01933,51.80885],[11.01502,51.80483],[11.01125,51.80354],[11.0117,51.80166],[11.01501,51.7971],[11.01811,51.79398],[11.01871,51.7912],[11.01755,51.78849],[11.01223,51.784],[11.01642,51.78224],[11.01997,51.78259],[11.0246,51.78198],[11.02988,51.77909],[11.03415,51.77258],[11.03392,51.76995],[11.03172,51.76609],[11.02938,51.76395],[11.02596,51.76246],[11.02129,51.7617],[11.01011,51.76353],[11.01038,51.75802],[11.00772,51.75156],[11.00467,51.74954],[10.99839,51.74819],[10.99245,51.74904],[10.98432,51.74554],[10.98246,51.74202],[10.97957,51.73978],[10.97223,51.73797],[10.96746,51.73834],[10.96255,51.74035],[10.9545,51.73931],[10.95002,51.73971],[10.94612,51.74114],[10.93767,51.7466],[10.93468,51.75286],[10.9289,51.75202],[10.92399,51.75254],[10.9196,51.7542],[10.91224,51.75188],[10.90981,51.74951],[10.90644,51.748],[10.9008,51.74723],[10.89627,51.74133],[10.89014,51.73706],[10.8868,51.73264],[10.88733,51.73016],[10.89617,51.72638],[10.90037,51.72695],[10.9049,51.72653],[10.9097,51.72496],[10.91234,51.72294],[10.91394,51.71804],[10.91188,51.70987],[10.91265,51.70816],[10.91307,51.70108],[10.9117,51.69844],[10.90882,51.69632],[10.90151,51.69301],[10.89606,51.69196],[10.8964,51.68883],[10.90102,51.68869],[10.90485,51.68756],[10.9093,51.68461],[10.91175,51.67896],[10.91496,51.67886],[10.92469,51.67987],[10.93108,51.67861],[10.93528,51.67537],[10.93586,51.67086],[10.93214,51.66691],[10.93503,51.66374],[10.94881,51.66252],[10.95233,51.66113]]],[[[11.61329,50.79395],[11.6199,50.79627],[11.62517,50.7964],[11.6314,50.79538],[11.63326,50.80115],[11.63508,50.80382],[11.6397,50.80632],[11.64107,50.80867],[11.63988,50.81114],[11.63685,50.81201],[11.62548,50.8115],[11.61658,50.81225],[11.61138,50.81374],[11.60214,50.81255],[11.59863,50.80793],[11.60392,50.80219],[11.60655,50.80012],[11.60848,50.79479],[11.61329,50.79395]]],[[[11.69449,51.73961],[11.69747,51.73698],[11.69829,51.73434],[11.69749,51.73169],[11.69518,51.72941],[11.68524,51.72436],[11.67733,51.724],[11.6728,51.72265],[11.66956,51.71887],[11.66923,51.71497],[11.67094,51.71109],[11.67056,51.70836],[11.66856,51.70592],[11.66524,51.70412],[11.65803,51.70224],[11.65115,51.70188],[11.64691,51.70306],[11.64361,51.70506],[11.63968,51.70371],[11.62948,51.70339],[11.6296,51.70036],[11.62798,51.69783],[11.62306,51.69517],[11.61849,51.69451],[11.61059,51.69124],[11.61237,51.68587],[11.6119,51.68028],[11.60689,51.67481],[11.60409,51.67303],[11.60357,51.6685],[11.60451,51.6645],[11.62006,51.66133],[11.62423,51.65943],[11.62654,51.65726],[11.6276,51.65296],[11.63264,51.653],[11.63831,51.65435],[11.64288,51.6542],[11.66403,51.65054],[11.67674,51.64908],[11.6853,51.6496],[11.69261,51.64828],[11.70495,51.64431],[11.70951,51.64079],[11.7107,51.63703],[11.71618,51.63463],[11.71873,51.63222],[11.71987,51.62907],[11.73332,51.6296],[11.74526,51.62886],[11.74737,51.63122],[11.75144,51.63326],[11.75233,51.63631],[11.75005,51.64065],[11.75082,51.64347],[11.75506,51.64681],[11.7616,51.64807],[11.78062,51.64591],[11.79017,51.6452],[11.79905,51.64271],[11.80328,51.64536],[11.81142,51.64841],[11.81898,51.64912],[11.82283,51.65165],[11.82709,51.65265],[11.83165,51.65256],[11.83748,51.65045],[11.84794,51.6509],[11.85426,51.65019],[11.85407,51.65431],[11.85194,51.65882],[11.85275,51.66135],[11.85546,51.66427],[11.85884,51.66992],[11.8653,51.67535],[11.86241,51.67822],[11.85793,51.67874],[11.84996,51.68072],[11.84455,51.68407],[11.84289,51.68656],[11.84282,51.68924],[11.84696,51.70407],[11.84708,51.70644],[11.84909,51.70927],[11.85556,51.71469],[11.8587,51.7184],[11.85635,51.72304],[11.8569,51.73547],[11.85882,51.73802],[11.86423,51.74052],[11.86665,51.74089],[11.86781,51.74483],[11.87022,51.74726],[11.87616,51.74936],[11.88309,51.74961],[11.88457,51.75081],[11.88864,51.75687],[11.89175,51.75887],[11.89585,51.75999],[11.9027,51.76027],[11.90421,51.76326],[11.89631,51.76345],[11.8912,51.76514],[11.88209,51.76532],[11.87818,51.76629],[11.87407,51.76827],[11.86986,51.77228],[11.86949,51.77528],[11.8716,51.77858],[11.86644,51.78268],[11.85902,51.78498],[11.8558,51.78885],[11.85537,51.79634],[11.84259,51.79813],[11.83494,51.79687],[11.82814,51.79769],[11.82132,51.79584],[11.81498,51.79663],[11.81157,51.79831],[11.80956,51.80042],[11.80362,51.80053],[11.79012,51.80156],[11.7859,51.80291],[11.78291,51.80519],[11.7816,51.8107],[11.7834,51.81638],[11.78825,51.82155],[11.78841,51.82406],[11.77609,51.82103],[11.77006,51.82061],[11.76199,51.81823],[11.75823,51.81614],[11.75428,51.81513],[11.74793,51.81541],[11.73969,51.81733],[11.73631,51.8192],[11.73434,51.82172],[11.73428,51.82592],[11.73152,51.83013],[11.732,51.83376],[11.72306,51.83369],[11.7161,51.8349],[11.71071,51.83752],[11.70585,51.84213],[11.70321,51.84355],[11.69977,51.84723],[11.69119,51.84188],[11.6823,51.83203],[11.6936,51.82358],[11.69495,51.81931],[11.69267,51.81352],[11.68877,51.80718],[11.68881,51.80506],[11.68692,51.80047],[11.68221,51.79221],[11.67917,51.78991],[11.67489,51.78858],[11.66817,51.78806],[11.66591,51.78518],[11.66282,51.78356],[11.65231,51.77319],[11.65094,51.76792],[11.64706,51.76345],[11.65164,51.7623],[11.65905,51.76378],[11.66351,51.76313],[11.6685,51.76058],[11.67429,51.76353],[11.68077,51.76444],[11.69287,51.76328],[11.69634,51.76201],[11.70231,51.75782],[11.70357,51.75499],[11.70272,51.74931],[11.70104,51.74661],[11.6947,51.74335],[11.69449,51.73961]]],[[[11.71309,50.9067],[11.71799,50.90052],[11.71881,50.89786],[11.71802,50.89519],[11.71596,50.89309],[11.71798,50.89167],[11.72187,50.89122],[11.73001,50.89284],[11.737,50.89483],[11.74414,50.89532],[11.74342,50.89947],[11.74093,50.90342],[11.74086,50.90811],[11.74207,50.91092],[11.74201,50.91433],[11.74076,50.91716],[11.74126,50.91979],[11.744,50.92406],[11.74047,50.9249],[11.73159,50.92971],[11.72565,50.92694],[11.72352,50.92391],[11.72046,50.92215],[11.7166,50.92119],[11.70564,50.92002],[11.70668,50.91864],[11.70879,50.91211],[11.71309,50.9067]]],[[[12.25001,51.04459],[12.24617,51.04593],[12.24343,51.04822],[12.24069,51.05592],[12.2317,51.05532],[12.22437,51.05323],[12.2251,51.04815],[12.22301,51.04425],[12.21786,51.04171],[12.21041,51.04083],[12.20109,51.04031],[12.19724,51.03662],[12.1909,51.03414],[12.18432,51.03354],[12.17833,51.03536],[12.1757,51.03764],[12.17297,51.04439],[12.16973,51.04561],[12.16585,51.04933],[12.16527,51.05202],[12.16825,51.05656],[12.16905,51.06038],[12.16781,51.06353],[12.16839,51.06828],[12.16976,51.07144],[12.16719,51.07461],[12.16697,51.07854],[12.16928,51.08147],[12.16256,51.08534],[12.16014,51.08798],[12.15623,51.09059],[12.15026,51.09759],[12.14971,51.1003],[12.1508,51.10294],[12.15511,51.10596],[12.15917,51.10693],[12.16488,51.10674],[12.17014,51.10761],[12.17822,51.10685],[12.18193,51.10759],[12.17945,51.11054],[12.17156,51.1149],[12.16641,51.11649],[12.1566,51.1216],[12.15448,51.12396],[12.1543,51.12824],[12.14975,51.13009],[12.14318,51.128],[12.13614,51.1286],[12.13104,51.1275],[12.1268,51.11956],[12.1245,51.11729],[12.12103,51.11571],[12.11689,51.11505],[12.10967,51.11628],[12.10146,51.11626],[12.10243,51.10789],[12.10103,51.10517],[12.09805,51.103],[12.09361,51.10147],[12.084,51.09937],[12.08028,51.09698],[12.07215,51.09408],[12.06352,51.09312],[12.05688,51.09337],[12.05433,51.08938],[12.04667,51.08562],[12.0403,51.08488],[12.0353,51.08585],[12.02766,51.08951],[12.01973,51.09013],[12.01467,51.08964],[12.01198,51.08778],[12.01749,51.07987],[12.02312,51.07363],[12.02572,51.06655],[12.02504,51.06374],[12.02269,51.06131],[12.01861,51.05906],[12.02752,51.05589],[12.03567,51.05058],[12.03733,51.04755],[12.04215,51.04145],[12.04315,51.03881],[12.04252,51.03612],[12.04036,51.03378],[12.03497,51.0316],[12.03015,51.03069],[12.02512,51.02637],[12.01723,51.02064],[12.01362,51.01908],[12.00933,51.01849],[12.00058,51.02002],[11.99289,51.01635],[11.98356,51.01568],[11.97683,51.01667],[11.97696,51.01336],[11.97479,51.00992],[11.97534,51.00506],[11.9742,51.00252],[11.96868,50.99917],[11.96977,50.99458],[11.97429,50.9904],[11.98487,50.99098],[11.98915,50.99165],[11.99578,50.99072],[11.99978,50.98856],[12.00398,50.9876],[12.00717,50.9857],[12.01071,50.98245],[12.01238,50.97961],[12.01081,50.9748],[12.01101,50.97002],[12.01412,50.96872],[12.02404,50.96966],[12.03385,50.97209],[12.04059,50.97183],[12.04765,50.96928],[12.0553,50.9687],[12.06489,50.97128],[12.0762,50.97471],[12.07619,50.9796],[12.07858,50.98452],[12.08689,50.99144],[12.08957,50.99279],[12.09365,50.99819],[12.09855,51.00173],[12.09682,51.00589],[12.09809,51.01176],[12.101,51.01532],[12.10025,51.02051],[12.09616,51.02461],[12.096,51.02765],[12.09784,51.03045],[12.10883,51.03745],[12.11321,51.03817],[12.1177,51.03776],[12.12381,51.03589],[12.13369,51.02721],[12.13884,51.02715],[12.14313,51.02594],[12.14718,51.02251],[12.15338,51.02204],[12.15685,51.02061],[12.16333,51.01627],[12.1674,51.0144],[12.17031,51.00982],[12.17256,51.00814],[12.17468,51.00466],[12.17949,51.00229],[12.18309,50.99839],[12.18815,50.99516],[12.19562,50.99475],[12.19977,50.99341],[12.20272,50.99113],[12.20524,50.98727],[12.20577,50.9847],[12.20469,50.98194],[12.20487,50.97795],[12.20297,50.97492],[12.20482,50.97243],[12.2101,50.97209],[12.22389,50.97312],[12.23226,50.97273],[12.23673,50.97197],[12.2445,50.97988],[12.24749,50.9817],[12.25513,50.98479],[12.26219,50.98916],[12.26537,50.9917],[12.26697,50.99469],[12.27563,51.00408],[12.27776,51.00581],[12.27704,51.00781],[12.27075,51.01058],[12.26884,51.01295],[12.26044,51.01081],[12.25608,51.01072],[12.25199,51.01166],[12.24727,51.01432],[12.2403,51.02068],[12.23854,51.02443],[12.24025,51.02898],[12.24099,51.03509],[12.24302,51.03774],[12.24647,51.04027],[12.25083,51.04167],[12.25001,51.04459]]],[[[7.11862,50.37748],[7.12076,50.37845],[7.11899,50.38183],[7.11674,50.38279],[7.11203,50.38713],[7.1062,50.3895],[7.09969,50.39421],[7.08912,50.38599],[7.09365,50.38207],[7.10383,50.37843],[7.10724,50.37528],[7.11008,50.37402],[7.11862,50.37748]]],[[[7.19558,50.64281],[7.20043,50.64353],[7.20489,50.64292],[7.21,50.64009],[7.21154,50.63736],[7.21153,50.63],[7.21203,50.62521],[7.21143,50.61905],[7.2136,50.61249],[7.21429,50.60565],[7.2138,50.60236],[7.21059,50.5973],[7.21051,50.59266],[7.21243,50.59014],[7.21714,50.58661],[7.22281,50.58369],[7.22963,50.58937],[7.23769,50.59124],[7.24194,50.5906],[7.24549,50.58897],[7.2478,50.58661],[7.24895,50.58147],[7.2486,50.57905],[7.25707,50.57732],[7.26399,50.57474],[7.26863,50.57187],[7.2763,50.56356],[7.27872,50.55888],[7.28139,50.54966],[7.28465,50.54367],[7.29169,50.52964],[7.29717,50.51947],[7.30504,50.50967],[7.32176,50.4943],[7.3263,50.49076],[7.32927,50.48927],[7.34042,50.48058],[7.34249,50.47798],[7.34685,50.47421],[7.34946,50.46972],[7.35379,50.46637],[7.35902,50.46399],[7.36831,50.45703],[7.38174,50.44913],[7.39202,50.44483],[7.39539,50.44389],[7.40377,50.4431],[7.40892,50.4432],[7.40868,50.44833],[7.40389,50.45097],[7.40096,50.45591],[7.40015,50.4638],[7.40198,50.46826],[7.40179,50.47171],[7.40619,50.47868],[7.40588,50.48032],[7.40045,50.48505],[7.39916,50.48992],[7.3965,50.49428],[7.39014,50.49703],[7.38814,50.49946],[7.3877,50.50218],[7.3889,50.50481],[7.3918,50.50716],[7.39694,50.50873],[7.40174,50.51109],[7.39932,50.51506],[7.39458,50.51946],[7.39356,50.52344],[7.38853,50.52732],[7.38702,50.53243],[7.3813,50.53636],[7.37812,50.53999],[7.37758,50.54264],[7.37869,50.54817],[7.37754,50.55096],[7.37959,50.55733],[7.38529,50.56062],[7.38496,50.56331],[7.38626,50.56788],[7.39112,50.57164],[7.39106,50.5736],[7.39282,50.57784],[7.38206,50.5792],[7.374,50.57817],[7.3678,50.57508],[7.36325,50.57478],[7.35619,50.57694],[7.35291,50.57573],[7.34278,50.57563],[7.33878,50.57681],[7.33235,50.58068],[7.33065,50.58328],[7.33128,50.58744],[7.33598,50.59199],[7.33473,50.59593],[7.33194,50.59749],[7.32994,50.60004],[7.33027,50.60441],[7.32516,50.60621],[7.32142,50.60675],[7.31494,50.60913],[7.3125,50.61165],[7.31114,50.61675],[7.30689,50.61914],[7.30488,50.62169],[7.3051,50.62594],[7.30739,50.62839],[7.311,50.63009],[7.31502,50.63074],[7.31671,50.63534],[7.32128,50.63864],[7.32801,50.63964],[7.33345,50.63845],[7.33579,50.6409],[7.33926,50.64263],[7.35055,50.64627],[7.35884,50.64946],[7.3575,50.65512],[7.35586,50.65715],[7.35538,50.66135],[7.35755,50.66646],[7.36272,50.67078],[7.36916,50.67257],[7.37032,50.67904],[7.37199,50.68202],[7.36858,50.68475],[7.36725,50.6871],[7.36665,50.69381],[7.36823,50.69703],[7.36111,50.69721],[7.35384,50.69845],[7.3494,50.69697],[7.3451,50.69682],[7.34102,50.6977],[7.33282,50.70192],[7.33046,50.70422],[7.32675,50.70993],[7.32327,50.71119],[7.31646,50.71606],[7.3148,50.71875],[7.31157,50.71973],[7.30798,50.72229],[7.30358,50.72297],[7.29508,50.72657],[7.29139,50.72989],[7.28958,50.73368],[7.28706,50.73329],[7.27193,50.7343],[7.26892,50.73517],[7.26265,50.73483],[7.25845,50.73558],[7.25415,50.73793],[7.24669,50.73944],[7.24377,50.74107],[7.24098,50.74569],[7.23781,50.74776],[7.23522,50.74602],[7.22708,50.74406],[7.22027,50.74432],[7.21737,50.74334],[7.21003,50.74282],[7.20175,50.7452],[7.19856,50.74752],[7.19369,50.74713],[7.18579,50.74925],[7.18252,50.75169],[7.17887,50.75188],[7.17041,50.75333],[7.16524,50.75569],[7.15617,50.75751],[7.15245,50.75998],[7.14899,50.76126],[7.14511,50.76492],[7.13965,50.7691],[7.13585,50.77086],[7.12753,50.77326],[7.12525,50.77438],[7.12085,50.77257],[7.11202,50.77082],[7.10877,50.76847],[7.10504,50.76409],[7.1012,50.76268],[7.09681,50.76231],[7.09253,50.76303],[7.08312,50.76743],[7.07868,50.76869],[7.07193,50.76902],[7.0661,50.77104],[7.05929,50.7664],[7.05544,50.7652],[7.04895,50.76428],[7.04325,50.76117],[7.04035,50.76036],[7.03665,50.75768],[7.03762,50.7528],[7.0367,50.7486],[7.03473,50.74585],[7.03589,50.74347],[7.03571,50.73844],[7.03153,50.73078],[7.02986,50.72608],[7.03427,50.72271],[7.03485,50.71856],[7.03314,50.71599],[7.02929,50.71337],[7.02357,50.70476],[7.02657,50.70285],[7.03038,50.69709],[7.03041,50.6947],[7.03399,50.69115],[7.03552,50.68831],[7.03509,50.68532],[7.0314,50.68017],[7.03143,50.67781],[7.03515,50.67342],[7.03485,50.67053],[7.03278,50.66795],[7.02928,50.6661],[7.02507,50.66514],[7.0244,50.66226],[7.02678,50.65525],[7.03358,50.65257],[7.03612,50.65004],[7.04534,50.64423],[7.05561,50.63586],[7.05614,50.63197],[7.06414,50.63227],[7.069,50.6332],[7.07055,50.63503],[7.075,50.63731],[7.07774,50.64213],[7.08189,50.64432],[7.08488,50.647],[7.09722,50.65346],[7.0995,50.65554],[7.10475,50.65786],[7.11199,50.65815],[7.11686,50.6572],[7.12012,50.65572],[7.12568,50.65103],[7.12804,50.64735],[7.1378,50.64885],[7.14754,50.65261],[7.15654,50.65415],[7.16076,50.65388],[7.17345,50.65112],[7.18247,50.65094],[7.18867,50.64789],[7.19387,50.64294],[7.19558,50.64281]]],[[[7.54078,49.60549],[7.54386,49.60412],[7.5498,49.60771],[7.56353,49.61247],[7.56919,49.61257],[7.57421,49.61353],[7.57874,49.61325],[7.58271,49.61181],[7.58621,49.60805],[7.58862,49.60077],[7.58633,49.59618],[7.58662,49.59383],[7.58261,49.58823],[7.58472,49.5858],[7.58518,49.58274],[7.58423,49.57865],[7.58835,49.57364],[7.59732,49.57496],[7.60123,49.57441],[7.61083,49.57537],[7.61692,49.5743],[7.62003,49.57244],[7.62184,49.56995],[7.62379,49.56455],[7.62191,49.55933],[7.63126,49.56247],[7.64417,49.56992],[7.65338,49.57129],[7.6516,49.57374],[7.64843,49.57584],[7.64682,49.57859],[7.64704,49.58153],[7.6516,49.58807],[7.64995,49.58981],[7.64826,49.59485],[7.64535,49.59541],[7.63707,49.59162],[7.63165,49.58971],[7.62463,49.58971],[7.61453,49.59359],[7.612,49.59574],[7.61088,49.59969],[7.6127,49.60459],[7.6167,49.60795],[7.62238,49.60972],[7.62694,49.61015],[7.63181,49.61398],[7.63497,49.61792],[7.6389,49.62008],[7.64348,49.6236],[7.63928,49.62975],[7.63965,49.63488],[7.6351,49.63918],[7.63349,49.64196],[7.62914,49.64179],[7.61921,49.64372],[7.61455,49.64099],[7.6127,49.63656],[7.61688,49.63215],[7.61768,49.6295],[7.61691,49.62685],[7.61373,49.62308],[7.61339,49.6182],[7.60937,49.61483],[7.60533,49.61369],[7.60092,49.61367],[7.58999,49.61517],[7.58513,49.61763],[7.58238,49.62236],[7.57992,49.62361],[7.57538,49.62822],[7.56871,49.63081],[7.56421,49.6339],[7.55964,49.63223],[7.54815,49.63015],[7.54346,49.6302],[7.53897,49.6314],[7.53355,49.63174],[7.5293,49.63081],[7.52685,49.62794],[7.52884,49.62462],[7.52962,49.62005],[7.53276,49.61826],[7.53588,49.61412],[7.53981,49.61009],[7.54078,49.60549]]],[[[8.90302,49.73771],[8.90533,49.74167],[8.90804,49.7437],[8.91518,49.746],[8.91989,49.74869],[8.92151,49.75131],[8.92604,49.75408],[8.92769,49.75692],[8.92585,49.76197],[8.92562,49.76522],[8.92023,49.76835],[8.91893,49.77094],[8.91921,49.77366],[8.92279,49.78139],[8.9172,49.78449],[8.91559,49.78703],[8.90429,49.78868],[8.89959,49.79138],[8.89451,49.79168],[8.88832,49.7902],[8.88437,49.79025],[8.88015,49.79132],[8.87694,49.79339],[8.87311,49.79723],[8.8696,49.79803],[8.86518,49.79624],[8.86172,49.79221],[8.85472,49.78999],[8.85172,49.78338],[8.8455,49.77829],[8.84515,49.77562],[8.84082,49.76872],[8.84296,49.76448],[8.85861,49.76197],[8.86464,49.76187],[8.86846,49.7609],[8.87256,49.75796],[8.87421,49.75105],[8.87321,49.7449],[8.87689,49.74381],[8.88162,49.7439],[8.88816,49.74275],[8.89399,49.7396],[8.90302,49.73771]]],[[[8.72564,49.85615],[8.72944,49.85283],[8.73444,49.85253],[8.74311,49.85059],[8.75053,49.84682],[8.76181,49.84897],[8.76517,49.84888],[8.7723,49.84987],[8.77757,49.84938],[8.7839,49.85038],[8.78902,49.85434],[8.79716,49.85706],[8.80106,49.86412],[8.80485,49.86781],[8.80487,49.87379],[8.8088,49.87805],[8.80629,49.88011],[8.80303,49.88093],[8.79818,49.8797],[8.79199,49.87996],[8.7407,49.89203],[8.73293,49.88782],[8.7272,49.88392],[8.72599,49.87706],[8.72747,49.87504],[8.72685,49.86997],[8.72829,49.86564],[8.72533,49.85748],[8.72564,49.85615]]],[[[8.75609,49.98892],[8.76119,49.98455],[8.7678,49.98462],[8.77395,49.98265],[8.79795,49.98844],[8.80106,49.992],[8.80972,50.00447],[8.81472,50.00704],[8.82643,50.00897],[8.81902,50.02701],[8.81411,50.02588],[8.8079,50.02621],[8.80421,50.02729],[8.80089,50.02946],[8.79673,50.03636],[8.77861,50.03939],[8.77459,50.03666],[8.76832,50.03454],[8.76063,50.02723],[8.75632,50.02533],[8.74669,50.02253],[8.75513,50.01394],[8.75589,50.01105],[8.75513,50.00832],[8.75633,50.00629],[8.75762,49.99939],[8.75583,49.99356],[8.75609,49.98892]]],[[[6.94319,50.50596],[6.94673,50.50497],[6.95275,50.50004],[6.95358,50.49599],[6.95228,50.49261],[6.94681,50.4869],[6.93973,50.48404],[6.93775,50.48162],[6.93912,50.47746],[6.9529,50.47929],[6.9663,50.47681],[6.96993,50.47494],[6.97207,50.47229],[6.97163,50.46751],[6.96914,50.46484],[6.97451,50.46086],[6.97561,50.45791],[6.97972,50.45653],[6.98313,50.45823],[6.99082,50.45871],[6.99366,50.46107],[6.99488,50.46479],[6.99504,50.4698],[6.99869,50.47383],[6.99889,50.47723],[6.99728,50.48205],[6.99479,50.48579],[6.99513,50.48881],[6.99812,50.49228],[7.00309,50.49563],[7.01105,50.49857],[7.01568,50.49894],[7.0209,50.49786],[7.03874,50.49672],[7.04377,50.49544],[7.05396,50.4977],[7.05831,50.49782],[7.06241,50.49689],[7.06678,50.49384],[7.06788,50.49115],[7.06676,50.48479],[7.06482,50.48143],[7.06766,50.48056],[7.0789,50.47918],[7.08559,50.47871],[7.09093,50.47718],[7.0964,50.47708],[7.10148,50.47789],[7.10299,50.48225],[7.10824,50.48654],[7.10946,50.48862],[7.1135,50.49239],[7.11746,50.49459],[7.12467,50.50174],[7.12827,50.50337],[7.13845,50.50413],[7.14297,50.5061],[7.14636,50.50951],[7.1526,50.51169],[7.15756,50.51175],[7.16106,50.5145],[7.16466,50.51573],[7.17874,50.5246],[7.18699,50.52678],[7.18855,50.53261],[7.19361,50.53571],[7.20068,50.53699],[7.20265,50.54122],[7.20535,50.54345],[7.2086,50.5448],[7.20553,50.54684],[7.20342,50.55113],[7.20017,50.55465],[7.19942,50.55731],[7.20027,50.55995],[7.20377,50.56367],[7.19986,50.56802],[7.19572,50.56847],[7.1842,50.57191],[7.17868,50.57633],[7.17388,50.57852],[7.17194,50.58093],[7.1717,50.58744],[7.16605,50.59287],[7.16506,50.59915],[7.15564,50.59908],[7.14379,50.60059],[7.13107,50.60391],[7.12729,50.60582],[7.12521,50.60811],[7.11936,50.61222],[7.11529,50.61179],[7.11185,50.60915],[7.11219,50.60563],[7.10895,50.59974],[7.10545,50.59672],[7.10469,50.5932],[7.10004,50.58909],[7.09245,50.58712],[7.08629,50.5878],[7.07296,50.59211],[7.06886,50.59458],[7.06673,50.59735],[7.0663,50.60068],[7.06201,50.60178],[7.05635,50.60604],[7.04923,50.60431],[7.04658,50.60164],[7.03555,50.59452],[7.0319,50.58992],[7.02237,50.5827],[7.01591,50.57699],[7.01024,50.57291],[6.99826,50.56512],[6.99957,50.5616],[7.00499,50.55648],[7.00627,50.5524],[7.00342,50.54813],[6.99982,50.54629],[6.99322,50.54477],[6.99037,50.54185],[6.98649,50.53989],[6.98153,50.53533],[6.98201,50.53098],[6.97953,50.52716],[6.9749,50.52431],[6.96747,50.52208],[6.96301,50.52163],[6.95781,50.51986],[6.94941,50.51446],[6.94128,50.51146],[6.94105,50.51019],[6.94319,50.50596]]]]}},{"type":"Feature","properties":{"level":"subregion","subregionId":"mosel","nameJa":"モーゼル(ザール・ルーヴァー)"},"geometry":{"type":"Polygon","coordinates":[[[6.37401,49.58884],[6.37488,49.58535],[6.37412,49.58273],[6.37195,49.58046],[6.35973,49.57542],[6.35757,49.57239],[6.35883,49.57057],[6.37381,49.56288],[6.38041,49.55857],[6.38154,49.55435],[6.38005,49.5511],[6.37752,49.54823],[6.37014,49.54304],[6.36694,49.5399],[6.3619,49.53702],[6.35788,49.53303],[6.35708,49.53114],[6.3577,49.52747],[6.36156,49.51777],[6.36558,49.50921],[6.36769,49.50126],[6.36729,49.49414],[6.36873,49.48708],[6.3674,49.47884],[6.36742,49.46935],[6.37501,49.46423],[6.38186,49.46502],[6.38636,49.46502],[6.39307,49.46409],[6.40333,49.46594],[6.40851,49.46783],[6.41766,49.47325],[6.42145,49.47452],[6.42569,49.47476],[6.42975,49.47394],[6.43303,49.47218],[6.43816,49.46811],[6.44097,49.46675],[6.44736,49.4664],[6.45563,49.46274],[6.4601,49.46404],[6.46654,49.46385],[6.47025,49.46241],[6.47761,49.45808],[6.48151,49.45441],[6.48456,49.4527],[6.48909,49.45608],[6.48784,49.4583],[6.488,49.46143],[6.49068,49.46478],[6.4886,49.46706],[6.48726,49.4722],[6.48826,49.47497],[6.49083,49.47727],[6.49571,49.47941],[6.49802,49.48451],[6.49644,49.48598],[6.49097,49.49471],[6.49223,49.49994],[6.49496,49.50197],[6.50035,49.50394],[6.50023,49.50541],[6.49739,49.50832],[6.49645,49.51577],[6.49202,49.52145],[6.4916,49.52425],[6.49287,49.52693],[6.49561,49.5291],[6.49926,49.53039],[6.50322,49.53336],[6.50701,49.53434],[6.51481,49.53513],[6.51468,49.53636],[6.50965,49.5421],[6.50853,49.54491],[6.51021,49.54909],[6.51631,49.55268],[6.52007,49.55562],[6.52831,49.55874],[6.53249,49.55893],[6.53648,49.55809],[6.5397,49.55635],[6.5434,49.55217],[6.54752,49.55255],[6.55282,49.55212],[6.56096,49.55575],[6.5655,49.55652],[6.56886,49.55631],[6.57766,49.5599],[6.58401,49.56094],[6.58819,49.56061],[6.59336,49.55831],[6.59587,49.554],[6.59832,49.55199],[6.60362,49.54964],[6.61137,49.54855],[6.61531,49.54605],[6.62051,49.54858],[6.62647,49.54984],[6.63251,49.54936],[6.63853,49.54692],[6.64241,49.54899],[6.65034,49.54959],[6.6522,49.55097],[6.65345,49.55392],[6.65151,49.55842],[6.65351,49.56527],[6.65029,49.57071],[6.64905,49.57726],[6.65044,49.58246],[6.64072,49.58663],[6.63779,49.58901],[6.6364,49.59165],[6.63741,49.59575],[6.64211,49.59991],[6.64821,49.60225],[6.64861,49.60558],[6.65087,49.60817],[6.65356,49.60966],[6.65222,49.61396],[6.65329,49.61657],[6.65006,49.62314],[6.64922,49.62644],[6.64915,49.63292],[6.65079,49.63586],[6.65387,49.639],[6.66949,49.65065],[6.67837,49.65437],[6.68262,49.65874],[6.68849,49.66349],[6.69199,49.66504],[6.69826,49.66551],[6.70221,49.66453],[6.70597,49.66249],[6.71836,49.66317],[6.72344,49.66671],[6.723,49.67136],[6.72469,49.67407],[6.72862,49.6768],[6.72999,49.68293],[6.7292,49.68953],[6.72748,49.69263],[6.72773,49.69612],[6.72672,49.69848],[6.72244,49.69748],[6.7138,49.69638],[6.70962,49.69685],[6.70032,49.69953],[6.69594,49.70241],[6.69468,49.705],[6.69573,49.70899],[6.70041,49.71482],[6.70607,49.7173],[6.71497,49.71729],[6.72084,49.7198],[6.72504,49.71998],[6.72903,49.71913],[6.73225,49.71738],[6.73707,49.71114],[6.73824,49.70688],[6.74602,49.70504],[6.74907,49.70298],[6.75077,49.69901],[6.75934,49.6981],[6.76561,49.70273],[6.7697,49.7047],[6.76936,49.70963],[6.77105,49.71234],[6.77078,49.71497],[6.7728,49.71924],[6.77261,49.72276],[6.77425,49.72527],[6.77723,49.72721],[6.7832,49.72845],[6.78678,49.72819],[6.79004,49.73104],[6.78829,49.73637],[6.78862,49.73897],[6.78719,49.74246],[6.78707,49.7472],[6.78879,49.74983],[6.79195,49.75182],[6.79827,49.75296],[6.80559,49.75272],[6.81268,49.75086],[6.81709,49.74778],[6.82173,49.74808],[6.83049,49.74654],[6.83388,49.74779],[6.84387,49.74983],[6.85516,49.74991],[6.85973,49.7508],[6.86729,49.7498],[6.87024,49.75075],[6.87232,49.75485],[6.87233,49.75886],[6.86746,49.76767],[6.86758,49.77315],[6.8702,49.77675],[6.87672,49.78093],[6.88325,49.78311],[6.88735,49.78595],[6.89552,49.78826],[6.90215,49.79235],[6.90122,49.79576],[6.90201,49.7985],[6.90496,49.80185],[6.90861,49.80362],[6.91404,49.80468],[6.92333,49.80314],[6.93639,49.80523],[6.94205,49.80473],[6.94565,49.80597],[6.94891,49.80864],[6.94868,49.81229],[6.95188,49.82065],[6.95102,49.8251],[6.95304,49.82914],[6.95625,49.83111],[6.96151,49.83312],[6.96603,49.83368],[6.97218,49.83683],[6.97641,49.83717],[6.98052,49.83646],[6.98519,49.83368],[6.98741,49.83009],[6.99007,49.82803],[6.99621,49.82631],[6.99907,49.8264],[7.0075,49.82907],[7.02489,49.83217],[7.03705,49.8367],[7.03925,49.83889],[7.03713,49.84419],[7.031,49.84918],[7.02883,49.85218],[7.02841,49.85483],[7.0306,49.85854],[7.03515,49.86122],[7.0393,49.86217],[7.04369,49.86202],[7.04764,49.86078],[7.05054,49.85864],[7.06522,49.8421],[7.06862,49.84239],[7.07307,49.84624],[7.07763,49.85242],[7.07752,49.85572],[7.07616,49.85729],[7.07452,49.86318],[7.07093,49.86741],[7.06886,49.87259],[7.06692,49.875],[7.06667,49.88081],[7.06131,49.88257],[7.05808,49.8847],[7.05568,49.88939],[7.05581,49.89209],[7.05881,49.89562],[7.06524,49.8985],[7.06912,49.89926],[7.07584,49.89962],[7.08007,49.89885],[7.08476,49.8959],[7.0861,49.89297],[7.08832,49.89229],[7.09423,49.89499],[7.1011,49.89486],[7.1027,49.89618],[7.10169,49.90198],[7.10374,49.90547],[7.10628,49.90751],[7.1119,49.90934],[7.11613,49.90931],[7.12038,49.90831],[7.12431,49.90921],[7.12849,49.90905],[7.13798,49.90632],[7.14248,49.90342],[7.14677,49.90366],[7.15295,49.90263],[7.15428,49.90536],[7.14924,49.90871],[7.14682,49.91243],[7.14881,49.91852],[7.15174,49.92084],[7.15473,49.92199],[7.15577,49.92512],[7.15433,49.9286],[7.15585,49.93323],[7.15954,49.93646],[7.1634,49.93774],[7.16969,49.93772],[7.17551,49.94032],[7.17925,49.9412],[7.18766,49.94147],[7.19498,49.94561],[7.19928,49.94655],[7.20396,49.94645],[7.21048,49.94756],[7.21177,49.9518],[7.2141,49.95426],[7.21453,49.95757],[7.21811,49.96124],[7.22208,49.96264],[7.22658,49.96291],[7.23257,49.96123],[7.23718,49.96086],[7.24265,49.95943],[7.25273,49.96173],[7.25714,49.96617],[7.26437,49.96776],[7.26155,49.9714],[7.25937,49.97917],[7.26009,49.98192],[7.25278,49.98443],[7.25026,49.98688],[7.2498,49.99124],[7.25246,49.99449],[7.25284,49.99877],[7.25485,50.00327],[7.25312,50.0071],[7.25375,50.0105],[7.25765,50.01401],[7.25857,50.01647],[7.26516,50.02132],[7.26567,50.02338],[7.26448,50.02842],[7.26112,50.03166],[7.23905,50.0416],[7.23395,50.04337],[7.23043,50.04641],[7.22568,50.04653],[7.22178,50.04744],[7.21764,50.04959],[7.21574,50.05195],[7.21451,50.05644],[7.21505,50.05955],[7.21719,50.06212],[7.21399,50.06403],[7.21202,50.06658],[7.21174,50.06942],[7.2132,50.07211],[7.21617,50.07422],[7.22122,50.07566],[7.22566,50.07794],[7.23163,50.07894],[7.23595,50.07884],[7.24215,50.08063],[7.24795,50.08067],[7.24689,50.08632],[7.24528,50.09043],[7.24644,50.09339],[7.24907,50.09566],[7.25388,50.09827],[7.25956,50.09937],[7.26153,50.10265],[7.26477,50.10463],[7.2765,50.1076],[7.28417,50.11187],[7.28646,50.11622],[7.29299,50.11902],[7.30022,50.12402],[7.30406,50.12812],[7.31435,50.1333],[7.31031,50.13787],[7.30989,50.1406],[7.31109,50.14323],[7.31373,50.14538],[7.32431,50.14984],[7.33036,50.15056],[7.33357,50.15248],[7.33849,50.15716],[7.34193,50.15933],[7.35168,50.16311],[7.35398,50.1662],[7.35908,50.16871],[7.36436,50.16943],[7.36918,50.17185],[7.37145,50.174],[7.37493,50.17555],[7.38175,50.17622],[7.38414,50.17588],[7.38782,50.17874],[7.38809,50.18126],[7.38989,50.18416],[7.39416,50.18696],[7.40142,50.18949],[7.40734,50.19274],[7.41132,50.19326],[7.4219,50.19304],[7.42512,50.1944],[7.42323,50.19989],[7.42546,50.20394],[7.42883,50.20586],[7.43322,50.20682],[7.43768,50.2066],[7.44324,50.20425],[7.44695,50.1991],[7.45429,50.20001],[7.45889,50.19886],[7.46421,50.20086],[7.46867,50.20125],[7.47126,50.20387],[7.47529,50.20614],[7.47881,50.21211],[7.47871,50.21347],[7.46923,50.22084],[7.46833,50.22355],[7.47008,50.22753],[7.47307,50.22954],[7.48065,50.23089],[7.48234,50.2329],[7.48716,50.2356],[7.49249,50.23691],[7.49793,50.23683],[7.50129,50.23752],[7.50233,50.23932],[7.50204,50.24367],[7.50533,50.24725],[7.50904,50.24871],[7.51405,50.24913],[7.51758,50.25424],[7.52016,50.25581],[7.52332,50.25964],[7.52456,50.2624],[7.52916,50.26702],[7.53178,50.26855],[7.53232,50.27246],[7.52938,50.27705],[7.52931,50.27987],[7.53094,50.2825],[7.53598,50.2852],[7.54399,50.28684],[7.54846,50.28664],[7.55246,50.28533],[7.55584,50.28302],[7.55996,50.2836],[7.56754,50.28762],[7.5785,50.29456],[7.58519,50.29513],[7.58738,50.29473],[7.59391,50.29187],[7.59788,50.29106],[7.60182,50.29304],[7.60528,50.2938],[7.59637,50.303],[7.59133,50.31083],[7.58956,50.31863],[7.59169,50.3224],[7.59476,50.32425],[7.60078,50.32537],[7.61848,50.32537],[7.62999,50.32339],[7.64042,50.32565],[7.64511,50.32568],[7.65194,50.32467],[7.65778,50.32804],[7.6665,50.33952],[7.6668,50.34248],[7.66885,50.34503],[7.68124,50.35303],[7.68367,50.35718],[7.68995,50.36079],[7.69132,50.36268],[7.69587,50.36617],[7.68998,50.36801],[7.68739,50.37034],[7.68641,50.37342],[7.66998,50.37826],[7.66604,50.38128],[7.65618,50.38196],[7.64929,50.38022],[7.64161,50.37694],[7.63783,50.37608],[7.6319,50.37637],[7.62468,50.37511],[7.61871,50.37654],[7.61586,50.37858],[7.61325,50.3828],[7.60823,50.38791],[7.60302,50.39184],[7.59618,50.3957],[7.58329,50.40201],[7.57577,50.40678],[7.57127,50.41022],[7.56277,50.40427],[7.55149,50.39762],[7.54712,50.39586],[7.54027,50.39421],[7.53691,50.39218],[7.53756,50.38871],[7.53619,50.38607],[7.53152,50.38321],[7.52629,50.38169],[7.51222,50.38167],[7.50616,50.37565],[7.48708,50.36389],[7.48498,50.36311],[7.48783,50.36058],[7.48866,50.35779],[7.48709,50.35214],[7.48505,50.34932],[7.48241,50.34767],[7.48244,50.34412],[7.48407,50.34268],[7.48573,50.33877],[7.48383,50.3349],[7.48083,50.33297],[7.47481,50.33172],[7.4662,50.33267],[7.46072,50.33463],[7.45838,50.33686],[7.45737,50.3412],[7.44932,50.34034],[7.43083,50.34085],[7.42629,50.34044],[7.41924,50.33704],[7.40867,50.32786],[7.40916,50.32022],[7.41269,50.31897],[7.41543,50.31684],[7.41672,50.31421],[7.41637,50.31147],[7.41443,50.30901],[7.40942,50.30598],[7.4076,50.30126],[7.40204,50.29742],[7.39696,50.29206],[7.39428,50.28799],[7.39444,50.28213],[7.39565,50.27995],[7.39857,50.2789],[7.40605,50.2749],[7.41012,50.27053],[7.41077,50.26743],[7.40943,50.26369],[7.40619,50.26051],[7.4079,50.25654],[7.41374,50.25162],[7.41493,50.249],[7.41451,50.24628],[7.41167,50.24203],[7.40811,50.23946],[7.40752,50.23695],[7.40531,50.23443],[7.39961,50.23218],[7.3921,50.23183],[7.39313,50.22808],[7.39096,50.22386],[7.38262,50.21748],[7.37862,50.21604],[7.37182,50.21606],[7.36691,50.21803],[7.36346,50.21805],[7.35715,50.21461],[7.3541,50.212],[7.34924,50.20566],[7.34534,50.20228],[7.33978,50.20056],[7.32553,50.20064],[7.32012,50.19932],[7.31391,50.19947],[7.31002,50.20059],[7.30252,50.205],[7.30069,50.20668],[7.29388,50.2024],[7.28845,50.20092],[7.28553,50.19849],[7.28313,50.19421],[7.27733,50.19122],[7.27537,50.18879],[7.27485,50.18494],[7.27175,50.18067],[7.26804,50.17819],[7.264,50.17711],[7.25651,50.17778],[7.25163,50.17634],[7.24681,50.17604],[7.24321,50.17668],[7.23651,50.17437],[7.23016,50.17496],[7.22668,50.17658],[7.22248,50.18119],[7.21864,50.18278],[7.21563,50.18613],[7.21503,50.18952],[7.21049,50.18894],[7.20221,50.18972],[7.19488,50.1926],[7.19156,50.19235],[7.19136,50.18906],[7.18817,50.18538],[7.18508,50.18371],[7.18044,50.1827],[7.16608,50.18359],[7.16311,50.18331],[7.15714,50.18033],[7.15426,50.17676],[7.15116,50.1753],[7.15002,50.17262],[7.14741,50.17032],[7.14362,50.16885],[7.13924,50.16844],[7.13495,50.16915],[7.13143,50.17087],[7.12697,50.17492],[7.1203,50.17724],[7.11754,50.17933],[7.1143,50.17725],[7.10816,50.17468],[7.10982,50.17296],[7.11037,50.16829],[7.11265,50.16608],[7.11698,50.16351],[7.11857,50.16112],[7.12441,50.15829],[7.12814,50.15711],[7.13072,50.15526],[7.13302,50.15158],[7.13375,50.14593],[7.13168,50.14211],[7.12571,50.13775],[7.12653,50.13613],[7.13086,50.13412],[7.1347,50.13035],[7.13561,50.12631],[7.1342,50.12372],[7.12977,50.12038],[7.12797,50.11689],[7.12477,50.11489],[7.11985,50.11368],[7.11294,50.11439],[7.10613,50.11762],[7.10117,50.11672],[7.09658,50.11695],[7.08992,50.11577],[7.08679,50.11446],[7.0821,50.11372],[7.07619,50.11081],[7.07184,50.10608],[7.06868,50.10466],[7.07178,50.10269],[7.07631,50.09828],[7.08318,50.09731],[7.08891,50.09358],[7.09069,50.09006],[7.09032,50.08753],[7.08579,50.08146],[7.08441,50.08043],[7.07806,50.07038],[7.07286,50.068],[7.06861,50.06763],[7.06224,50.06898],[7.05959,50.06768],[7.05068,50.06056],[7.0458,50.05833],[7.04438,50.05579],[7.03816,50.05183],[7.03223,50.05083],[7.0282,50.05137],[7.02445,50.053],[7.02001,50.05088],[7.01402,50.04488],[7.00756,50.04225],[6.98888,50.03825],[6.98179,50.03772],[6.97562,50.03918],[6.97323,50.04072],[6.9679,50.04206],[6.96423,50.04455],[6.96249,50.04397],[6.96338,50.0409],[6.96105,50.03685],[6.95762,50.03496],[6.94943,50.03166],[6.94012,50.02896],[6.9322,50.02846],[6.91962,50.0314],[6.9153,50.03092],[6.9104,50.03149],[6.90462,50.03015],[6.89988,50.03065],[6.89716,50.02849],[6.8908,50.025],[6.8862,50.02332],[6.88201,50.02298],[6.87554,50.02149],[6.87305,50.01989],[6.87323,50.01631],[6.8719,50.01244],[6.86958,50.01011],[6.86609,50.00852],[6.86569,50.00463],[6.86176,50.00004],[6.85567,49.99783],[6.85143,49.99774],[6.84572,49.9995],[6.84235,50.00212],[6.82884,50.00065],[6.82187,49.99804],[6.81715,49.99811],[6.80582,50.00007],[6.79775,49.99812],[6.7953,49.99686],[6.79924,49.99268],[6.79979,49.99056],[6.80298,49.99081],[6.80859,49.99002],[6.81487,49.99027],[6.81865,49.99113],[6.82282,49.99112],[6.82836,49.98929],[6.83386,49.98435],[6.83494,49.98181],[6.83468,49.97596],[6.83725,49.9744],[6.84462,49.97285],[6.84753,49.97077],[6.84909,49.96671],[6.84801,49.96398],[6.84539,49.96173],[6.84076,49.9598],[6.83459,49.95859],[6.82417,49.95843],[6.82143,49.95701],[6.81521,49.9556],[6.80892,49.95203],[6.80216,49.95069],[6.7934,49.95126],[6.79189,49.94855],[6.79194,49.9441],[6.79572,49.93978],[6.79638,49.93589],[6.7945,49.93283],[6.79373,49.92831],[6.79655,49.92367],[6.79398,49.91884],[6.79694,49.91351],[6.8006,49.91218],[6.80333,49.91018],[6.80542,49.90713],[6.80594,49.90286],[6.80409,49.90023],[6.8008,49.89829],[6.79659,49.89733],[6.79096,49.89773],[6.78458,49.8974],[6.77775,49.89603],[6.76996,49.89332],[6.76312,49.89149],[6.76324,49.88492],[6.75999,49.88007],[6.75948,49.87559],[6.75368,49.87011],[6.74472,49.86749],[6.74014,49.86714],[6.73475,49.86801],[6.73136,49.86979],[6.7293,49.87228],[6.72932,49.87649],[6.73188,49.87934],[6.72324,49.88117],[6.71236,49.87609],[6.70668,49.86994],[6.70367,49.86825],[6.69828,49.86683],[6.69123,49.86302],[6.69044,49.85973],[6.68691,49.8564],[6.67958,49.85436],[6.6736,49.85335],[6.67198,49.85022],[6.67165,49.84376],[6.66902,49.83755],[6.66469,49.83071],[6.66364,49.82672],[6.66001,49.82251],[6.66171,49.81835],[6.65953,49.81254],[6.65655,49.80965],[6.64733,49.80542],[6.63916,49.80403],[6.63575,49.80289],[6.63534,49.79821],[6.63207,49.79363],[6.62976,49.78727],[6.62547,49.78421],[6.61929,49.78319],[6.60811,49.78358],[6.6035,49.78464],[6.59781,49.7851],[6.59525,49.78388],[6.59051,49.78017],[6.58939,49.77666],[6.59382,49.77249],[6.60228,49.77068],[6.60547,49.76888],[6.60739,49.76643],[6.60775,49.76369],[6.6065,49.76106],[6.60382,49.75893],[6.59856,49.75625],[6.5925,49.75536],[6.57906,49.75724],[6.57398,49.75584],[6.57026,49.75124],[6.56473,49.7476],[6.55861,49.74596],[6.55418,49.74628],[6.55031,49.74771],[6.54762,49.75],[6.54651,49.75318],[6.54409,49.75583],[6.54016,49.75741],[6.53754,49.75964],[6.5355,49.76337],[6.53066,49.76565],[6.52864,49.76817],[6.52829,49.771],[6.5301,49.77565],[6.53405,49.77887],[6.54287,49.78145],[6.54478,49.78323],[6.55121,49.78544],[6.55297,49.7868],[6.56252,49.79044],[6.56822,49.79578],[6.56926,49.8003],[6.56806,49.80475],[6.57065,49.80886],[6.5678,49.81501],[6.56931,49.82646],[6.56841,49.82753],[6.56188,49.82718],[6.55108,49.82822],[6.54361,49.83258],[6.53679,49.83361],[6.5334,49.83552],[6.52759,49.84119],[6.51783,49.84182],[6.50971,49.83911],[6.50412,49.83902],[6.50119,49.83691],[6.49279,49.83256],[6.48993,49.82994],[6.48241,49.82495],[6.47656,49.82291],[6.47503,49.8213],[6.48048,49.81856],[6.48426,49.81424],[6.48887,49.81192],[6.4963,49.81155],[6.50276,49.80992],[6.50595,49.80831],[6.51175,49.80085],[6.51275,49.79822],[6.51131,49.79428],[6.50615,49.7902],[6.50703,49.78753],[6.51066,49.78533],[6.51261,49.78265],[6.51272,49.77968],[6.50988,49.7744],[6.51647,49.76934],[6.51783,49.76669],[6.51725,49.76122],[6.51491,49.75884],[6.51136,49.75722],[6.50456,49.75528],[6.50062,49.75226],[6.50064,49.74873],[6.50192,49.74649],[6.5024,49.73924],[6.50167,49.73052],[6.49972,49.72797],[6.49614,49.726],[6.49614,49.72319],[6.50049,49.71966],[6.50181,49.71703],[6.50148,49.71426],[6.49958,49.71178],[6.49332,49.70759],[6.49137,49.70566],[6.48108,49.69748],[6.46896,49.69328],[6.46188,49.69203],[6.45839,49.69024],[6.45534,49.68647],[6.44731,49.67825],[6.4405,49.67407],[6.43097,49.66961],[6.42659,49.66477],[6.42659,49.66133],[6.43561,49.65846],[6.43884,49.65477],[6.43831,49.65055],[6.4347,49.64467],[6.42895,49.63647],[6.42362,49.6258],[6.42216,49.62116],[6.41962,49.61818],[6.41131,49.61395],[6.40552,49.60869],[6.40231,49.60445],[6.39977,49.60267],[6.39487,49.60082],[6.38752,49.60015],[6.38488,49.59935],[6.37598,49.59292],[6.37401,49.58884]]]}},{"type":"Feature","properties":{"level":"subregion","subregionId":"mittelrhein-ahr","nameJa":"ミッテルライン / アール"},"geometry":{"type":"MultiPolygon","coordinates":[[[[7.73413,50.23103],[7.72647,50.23248],[7.72226,50.23381],[7.71471,50.23841],[7.71249,50.24109],[7.70565,50.24083],[7.69901,50.24332],[7.69687,50.24587],[7.69463,50.25066],[7.69472,50.25352],[7.69655,50.25614],[7.70237,50.2598],[7.70662,50.26334],[7.71219,50.26515],[7.71537,50.26527],[7.72546,50.26872],[7.73379,50.27299],[7.73834,50.27386],[7.74318,50.27714],[7.74448,50.27896],[7.74482,50.28225],[7.74716,50.28566],[7.74935,50.28712],[7.75213,50.29127],[7.75468,50.29298],[7.75087,50.29763],[7.75046,50.30053],[7.75188,50.30329],[7.7549,50.30547],[7.76576,50.30859],[7.77017,50.30897],[7.77447,50.30822],[7.77797,50.30646],[7.78059,50.30256],[7.77931,50.29839],[7.77407,50.29412],[7.77,50.292],[7.7728,50.29004],[7.77861,50.28976],[7.78532,50.29114],[7.79123,50.2908],[7.79574,50.28954],[7.79985,50.2875],[7.80238,50.28536],[7.80666,50.29003],[7.81179,50.29299],[7.81632,50.29394],[7.81968,50.2978],[7.82321,50.29924],[7.82942,50.29963],[7.83062,50.30171],[7.83632,50.30666],[7.84006,50.30791],[7.84822,50.3086],[7.85316,50.31125],[7.85776,50.31473],[7.86414,50.31635],[7.86669,50.31801],[7.86802,50.32031],[7.87332,50.32481],[7.87325,50.32876],[7.87154,50.3314],[7.8653,50.33454],[7.86331,50.3387],[7.86428,50.34155],[7.86745,50.34424],[7.86677,50.3461],[7.85933,50.34431],[7.85486,50.34439],[7.84201,50.33758],[7.83773,50.33597],[7.83363,50.33544],[7.82952,50.33591],[7.82454,50.3383],[7.82293,50.3401],[7.81748,50.34267],[7.81441,50.34707],[7.80967,50.34814],[7.8041,50.34652],[7.79716,50.3466],[7.79347,50.34793],[7.79081,50.35003],[7.78956,50.35262],[7.79014,50.35667],[7.79293,50.36019],[7.78702,50.3621],[7.78105,50.35875],[7.7774,50.35741],[7.77362,50.35478],[7.76945,50.35374],[7.76287,50.35376],[7.7586,50.35445],[7.75304,50.35802],[7.74768,50.36009],[7.74465,50.36451],[7.73676,50.36721],[7.72923,50.3674],[7.72413,50.3684],[7.72233,50.36672],[7.71748,50.36435],[7.71027,50.36195],[7.70396,50.3617],[7.70008,50.36278],[7.69592,50.36616],[7.68998,50.36801],[7.68739,50.37034],[7.68641,50.37342],[7.66998,50.37826],[7.66201,50.38423],[7.65643,50.38396],[7.65224,50.38504],[7.648,50.38837],[7.6472,50.39121],[7.64846,50.39469],[7.65114,50.39702],[7.65505,50.39849],[7.67411,50.4006],[7.67915,50.40326],[7.68091,50.40556],[7.67514,50.40844],[7.67136,50.41242],[7.67058,50.41719],[7.6715,50.41966],[7.67538,50.42453],[7.67496,50.4257],[7.66626,50.42482],[7.66137,50.42557],[7.65413,50.42916],[7.64994,50.42959],[7.64655,50.42507],[7.64279,50.42314],[7.63533,50.42058],[7.63414,50.41593],[7.63078,50.41239],[7.62535,50.40949],[7.61847,50.40851],[7.61443,50.4093],[7.60532,50.40741],[7.60115,50.40773],[7.59435,50.40988],[7.59092,50.40699],[7.58482,50.40514],[7.57815,50.40586],[7.57127,50.41022],[7.56277,50.40427],[7.55149,50.39762],[7.54712,50.39586],[7.54027,50.39421],[7.53691,50.39218],[7.53756,50.38871],[7.53619,50.38607],[7.53152,50.38321],[7.52629,50.38169],[7.51222,50.38167],[7.50616,50.37565],[7.48708,50.36389],[7.48498,50.36311],[7.48783,50.36058],[7.48866,50.35779],[7.48735,50.35443],[7.4945,50.34629],[7.49504,50.34345],[7.49369,50.34056],[7.49941,50.33616],[7.50268,50.33053],[7.50641,50.32933],[7.50871,50.32993],[7.5106,50.33284],[7.51533,50.33556],[7.51946,50.33624],[7.52369,50.33589],[7.5284,50.33417],[7.53121,50.33173],[7.5322,50.32877],[7.53144,50.32198],[7.52145,50.31212],[7.51582,50.3091],[7.51786,50.30414],[7.51678,50.30119],[7.51832,50.29752],[7.5216,50.2939],[7.52411,50.29253],[7.52696,50.28843],[7.53282,50.28576],[7.53858,50.28506],[7.54237,50.28353],[7.54492,50.28117],[7.54562,50.27693],[7.54102,50.27088],[7.53425,50.26656],[7.53023,50.26288],[7.52531,50.26087],[7.51559,50.25366],[7.51517,50.25101],[7.51181,50.24666],[7.50969,50.24083],[7.50982,50.23671],[7.50789,50.23254],[7.50487,50.23047],[7.49305,50.22611],[7.48677,50.21909],[7.48384,50.21683],[7.47628,50.21465],[7.47713,50.21237],[7.47623,50.20834],[7.47429,50.20613],[7.4697,50.2029],[7.46289,50.20089],[7.45897,50.19881],[7.46218,50.1959],[7.46425,50.19119],[7.46665,50.18862],[7.4714,50.18516],[7.47572,50.18368],[7.48096,50.18366],[7.4854,50.18292],[7.49143,50.18614],[7.49938,50.18955],[7.50384,50.19087],[7.50793,50.19106],[7.51213,50.19019],[7.51631,50.19172],[7.52141,50.19463],[7.52787,50.19609],[7.52948,50.1978],[7.53797,50.20232],[7.53963,50.20622],[7.54288,50.20838],[7.54902,50.20965],[7.55523,50.20854],[7.56376,50.20379],[7.56761,50.20357],[7.57158,50.20233],[7.57561,50.19899],[7.5835,50.19745],[7.58701,50.19563],[7.59095,50.19114],[7.59347,50.18521],[7.59284,50.1822],[7.59096,50.17996],[7.59122,50.1777],[7.5898,50.17375],[7.59272,50.16988],[7.59761,50.1687],[7.60066,50.16707],[7.60299,50.16423],[7.60617,50.16347],[7.61886,50.1656],[7.62769,50.16559],[7.63404,50.16359],[7.63914,50.1594],[7.64698,50.15666],[7.65376,50.15258],[7.65556,50.14852],[7.6535,50.1445],[7.65028,50.14256],[7.64048,50.14095],[7.63607,50.13863],[7.64222,50.13476],[7.6437,50.13201],[7.64337,50.12911],[7.64113,50.12469],[7.63433,50.11613],[7.63112,50.11458],[7.6181,50.11042],[7.60056,50.10243],[7.5977,50.1009],[7.6033,50.09859],[7.6069,50.09537],[7.62404,50.08529],[7.62637,50.08514],[7.63025,50.08736],[7.63736,50.08969],[7.64526,50.09017],[7.65075,50.08803],[7.65338,50.08492],[7.65673,50.08349],[7.65914,50.08126],[7.6601,50.07861],[7.65946,50.07592],[7.65732,50.07358],[7.652,50.07142],[7.64884,50.07111],[7.64587,50.06732],[7.64015,50.06478],[7.6339,50.06428],[7.63833,50.04836],[7.63907,50.04692],[7.66713,50.03128],[7.67389,50.03074],[7.68577,50.02809],[7.6932,50.02381],[7.69522,50.02138],[7.69676,50.01702],[7.6998,50.01285],[7.70896,50.00905],[7.71275,50.00831],[7.7254,50.00256],[7.73247,50.00446],[7.73733,50.00421],[7.75265,50.00065],[7.76267,50.00032],[7.767,49.99901],[7.77151,49.99928],[7.77435,50.00076],[7.7811,50.00296],[7.79131,50.00408],[7.79715,50.00296],[7.80366,49.99996],[7.80856,49.99882],[7.81912,49.99723],[7.82308,49.99606],[7.82773,49.99357],[7.83542,49.99262],[7.84118,49.99361],[7.84539,49.99356],[7.85092,49.99165],[7.85835,49.98539],[7.86022,49.9819],[7.86421,49.98267],[7.86131,49.99503],[7.85902,49.99977],[7.85863,50.00486],[7.85715,50.00824],[7.85056,50.01394],[7.84841,50.01501],[7.83358,50.01977],[7.82788,50.0228],[7.8087,50.03651],[7.80597,50.03921],[7.79221,50.04418],[7.77966,50.05111],[7.77391,50.05659],[7.77303,50.06059],[7.77441,50.06314],[7.77893,50.06593],[7.78193,50.06665],[7.78723,50.06912],[7.79106,50.07379],[7.79619,50.07672],[7.7975,50.08136],[7.80413,50.08652],[7.80446,50.08954],[7.80615,50.09201],[7.81166,50.09539],[7.81571,50.09679],[7.82029,50.09702],[7.82647,50.09516],[7.82993,50.09323],[7.83264,50.09695],[7.83711,50.09975],[7.83841,50.1015],[7.83727,50.10615],[7.83891,50.10911],[7.84292,50.11167],[7.84443,50.11571],[7.84488,50.12339],[7.83891,50.13064],[7.82952,50.12294],[7.82839,50.11997],[7.82542,50.11736],[7.8264,50.11446],[7.82492,50.11048],[7.81938,50.1072],[7.81294,50.1065],[7.80624,50.10864],[7.79395,50.10515],[7.78953,50.10536],[7.78559,50.10665],[7.78274,50.10883],[7.78011,50.1142],[7.7811,50.1181],[7.78925,50.12696],[7.78972,50.13042],[7.794,50.1353],[7.79811,50.13716],[7.79709,50.14172],[7.78899,50.14627],[7.78143,50.14683],[7.77576,50.14852],[7.77049,50.14586],[7.7662,50.14522],[7.75989,50.14633],[7.7567,50.14828],[7.75493,50.15087],[7.75485,50.1537],[7.75652,50.15679],[7.75555,50.16204],[7.75113,50.16455],[7.74535,50.16618],[7.74126,50.16928],[7.74043,50.17331],[7.74314,50.17699],[7.7517,50.18029],[7.75739,50.18317],[7.76213,50.18661],[7.76526,50.18988],[7.75868,50.19244],[7.75412,50.19143],[7.74278,50.19159],[7.74073,50.1901],[7.73484,50.18789],[7.72334,50.1868],[7.71865,50.1876],[7.71512,50.18941],[7.71249,50.19384],[7.70549,50.19503],[7.69973,50.19316],[7.69765,50.18966],[7.69389,50.1873],[7.68784,50.18611],[7.68174,50.18722],[7.67864,50.18909],[7.67685,50.19156],[7.67711,50.19625],[7.67935,50.19866],[7.6865,50.20109],[7.684,50.206],[7.68342,50.211],[7.6838,50.21393],[7.6894,50.21911],[7.69225,50.22378],[7.69559,50.22547],[7.69967,50.22625],[7.70605,50.22648],[7.71448,50.22478],[7.71835,50.22336],[7.72646,50.2269],[7.72946,50.22913],[7.73413,50.23103]]],[[[7.11862,50.37748],[7.12076,50.37845],[7.11899,50.38183],[7.11674,50.38279],[7.11203,50.38713],[7.1062,50.3895],[7.09969,50.39421],[7.08912,50.38599],[7.09365,50.38207],[7.10383,50.37843],[7.10724,50.37528],[7.11008,50.37402],[7.11862,50.37748]]],[[[7.19558,50.64281],[7.20043,50.64353],[7.20489,50.64292],[7.21,50.64009],[7.21154,50.63736],[7.21153,50.63],[7.21203,50.62521],[7.21143,50.61905],[7.2136,50.61249],[7.21429,50.60565],[7.2138,50.60236],[7.21059,50.5973],[7.21051,50.59266],[7.21243,50.59014],[7.21714,50.58661],[7.22281,50.58369],[7.22963,50.58937],[7.23769,50.59124],[7.24194,50.5906],[7.24549,50.58897],[7.2478,50.58661],[7.24895,50.58147],[7.2486,50.57905],[7.25707,50.57732],[7.26399,50.57474],[7.26863,50.57187],[7.2763,50.56356],[7.27872,50.55888],[7.28139,50.54966],[7.28465,50.54367],[7.29169,50.52964],[7.29717,50.51947],[7.30504,50.50967],[7.32176,50.4943],[7.3263,50.49076],[7.32927,50.48927],[7.34042,50.48058],[7.34249,50.47798],[7.34685,50.47421],[7.34946,50.46972],[7.35379,50.46637],[7.35902,50.46399],[7.36831,50.45703],[7.38174,50.44913],[7.39202,50.44483],[7.39539,50.44389],[7.40377,50.4431],[7.40892,50.4432],[7.40868,50.44833],[7.40389,50.45097],[7.40096,50.45591],[7.40015,50.4638],[7.40198,50.46826],[7.40179,50.47171],[7.40619,50.47868],[7.40588,50.48032],[7.40045,50.48505],[7.39916,50.48992],[7.3965,50.49428],[7.39014,50.49703],[7.38814,50.49946],[7.3877,50.50218],[7.3889,50.50481],[7.3918,50.50716],[7.39694,50.50873],[7.40174,50.51109],[7.39932,50.51506],[7.39458,50.51946],[7.39356,50.52344],[7.38853,50.52732],[7.38702,50.53243],[7.3813,50.53636],[7.37812,50.53999],[7.37758,50.54264],[7.37869,50.54817],[7.37754,50.55096],[7.37959,50.55733],[7.38529,50.56062],[7.38496,50.56331],[7.38626,50.56788],[7.39112,50.57164],[7.39106,50.5736],[7.39282,50.57784],[7.38206,50.5792],[7.374,50.57817],[7.3678,50.57508],[7.36325,50.57478],[7.35619,50.57694],[7.35291,50.57573],[7.34278,50.57563],[7.33878,50.57681],[7.33235,50.58068],[7.33065,50.58328],[7.33128,50.58744],[7.33598,50.59199],[7.33473,50.59593],[7.33194,50.59749],[7.32994,50.60004],[7.33027,50.60441],[7.32516,50.60621],[7.32142,50.60675],[7.31494,50.60913],[7.3125,50.61165],[7.31114,50.61675],[7.30689,50.61914],[7.30488,50.62169],[7.3051,50.62594],[7.30739,50.62839],[7.311,50.63009],[7.31502,50.63074],[7.31671,50.63534],[7.32128,50.63864],[7.32801,50.63964],[7.33345,50.63845],[7.33579,50.6409],[7.33926,50.64263],[7.35055,50.64627],[7.35884,50.64946],[7.3575,50.65512],[7.35586,50.65715],[7.35538,50.66135],[7.35755,50.66646],[7.36272,50.67078],[7.36916,50.67257],[7.37032,50.67904],[7.37199,50.68202],[7.36858,50.68475],[7.36725,50.6871],[7.36665,50.69381],[7.36823,50.69703],[7.36111,50.69721],[7.35384,50.69845],[7.3494,50.69697],[7.3451,50.69682],[7.34102,50.6977],[7.33282,50.70192],[7.33046,50.70422],[7.32675,50.70993],[7.32327,50.71119],[7.31646,50.71606],[7.3148,50.71875],[7.31157,50.71973],[7.30798,50.72229],[7.30358,50.72297],[7.29508,50.72657],[7.29139,50.72989],[7.28958,50.73368],[7.28706,50.73329],[7.27193,50.7343],[7.26892,50.73517],[7.26265,50.73483],[7.25845,50.73558],[7.25415,50.73793],[7.24669,50.73944],[7.24377,50.74107],[7.24098,50.74569],[7.23781,50.74776],[7.23522,50.74602],[7.22708,50.74406],[7.22027,50.74432],[7.21737,50.74334],[7.21003,50.74282],[7.20175,50.7452],[7.19856,50.74752],[7.19369,50.74713],[7.18579,50.74925],[7.18252,50.75169],[7.17887,50.75188],[7.17041,50.75333],[7.16524,50.75569],[7.15617,50.75751],[7.15245,50.75998],[7.14899,50.76126],[7.14511,50.76492],[7.13965,50.7691],[7.13585,50.77086],[7.12753,50.77326],[7.12525,50.77438],[7.12085,50.77257],[7.11202,50.77082],[7.10877,50.76847],[7.10504,50.76409],[7.1012,50.76268],[7.09681,50.76231],[7.09253,50.76303],[7.08312,50.76743],[7.07868,50.76869],[7.07193,50.76902],[7.0661,50.77104],[7.05929,50.7664],[7.05544,50.7652],[7.04895,50.76428],[7.04325,50.76117],[7.04035,50.76036],[7.03665,50.75768],[7.03762,50.7528],[7.0367,50.7486],[7.03473,50.74585],[7.03589,50.74347],[7.03571,50.73844],[7.03153,50.73078],[7.02986,50.72608],[7.03427,50.72271],[7.03485,50.71856],[7.03314,50.71599],[7.02929,50.71337],[7.02357,50.70476],[7.02657,50.70285],[7.03038,50.69709],[7.03041,50.6947],[7.03399,50.69115],[7.03552,50.68831],[7.03509,50.68532],[7.0314,50.68017],[7.03143,50.67781],[7.03515,50.67342],[7.03485,50.67053],[7.03278,50.66795],[7.02928,50.6661],[7.02507,50.66514],[7.0244,50.66226],[7.02678,50.65525],[7.03358,50.65257],[7.03612,50.65004],[7.04534,50.64423],[7.05561,50.63586],[7.05614,50.63197],[7.06414,50.63227],[7.069,50.6332],[7.07055,50.63503],[7.075,50.63731],[7.07774,50.64213],[7.08189,50.64432],[7.08488,50.647],[7.09722,50.65346],[7.0995,50.65554],[7.10475,50.65786],[7.11199,50.65815],[7.11686,50.6572],[7.12012,50.65572],[7.12568,50.65103],[7.12804,50.64735],[7.1378,50.64885],[7.14754,50.65261],[7.15654,50.65415],[7.16076,50.65388],[7.17345,50.65112],[7.18247,50.65094],[7.18867,50.64789],[7.19387,50.64294],[7.19558,50.64281]]],[[[6.94319,50.50596],[6.94673,50.50497],[6.95275,50.50004],[6.95358,50.49599],[6.95228,50.49261],[6.94681,50.4869],[6.93973,50.48404],[6.93775,50.48162],[6.93912,50.47746],[6.9529,50.47929],[6.9663,50.47681],[6.96993,50.47494],[6.97207,50.47229],[6.97163,50.46751],[6.96914,50.46484],[6.97451,50.46086],[6.97561,50.45791],[6.97972,50.45653],[6.98313,50.45823],[6.99082,50.45871],[6.99366,50.46107],[6.99488,50.46479],[6.99504,50.4698],[6.99869,50.47383],[6.99889,50.47723],[6.99728,50.48205],[6.99479,50.48579],[6.99513,50.48881],[6.99812,50.49228],[7.00309,50.49563],[7.01105,50.49857],[7.01568,50.49894],[7.0209,50.49786],[7.03874,50.49672],[7.04377,50.49544],[7.05396,50.4977],[7.05831,50.49782],[7.06241,50.49689],[7.06678,50.49384],[7.06788,50.49115],[7.06676,50.48479],[7.06482,50.48143],[7.06766,50.48056],[7.0789,50.47918],[7.08559,50.47871],[7.09093,50.47718],[7.0964,50.47708],[7.10148,50.47789],[7.10299,50.48225],[7.10824,50.48654],[7.10946,50.48862],[7.1135,50.49239],[7.11746,50.49459],[7.12467,50.50174],[7.12827,50.50337],[7.13845,50.50413],[7.14297,50.5061],[7.14636,50.50951],[7.1526,50.51169],[7.15756,50.51175],[7.16106,50.5145],[7.16466,50.51573],[7.17874,50.5246],[7.18699,50.52678],[7.18855,50.53261],[7.19361,50.53571],[7.20068,50.53699],[7.20265,50.54122],[7.20535,50.54345],[7.2086,50.5448],[7.20553,50.54684],[7.20342,50.55113],[7.20017,50.55465],[7.19942,50.55731],[7.20027,50.55995],[7.20377,50.56367],[7.19986,50.56802],[7.19572,50.56847],[7.1842,50.57191],[7.17868,50.57633],[7.17388,50.57852],[7.17194,50.58093],[7.1717,50.58744],[7.16605,50.59287],[7.16506,50.59915],[7.15564,50.59908],[7.14379,50.60059],[7.13107,50.60391],[7.12729,50.60582],[7.12521,50.60811],[7.11936,50.61222],[7.11529,50.61179],[7.11185,50.60915],[7.11219,50.60563],[7.10895,50.59974],[7.10545,50.59672],[7.10469,50.5932],[7.10004,50.58909],[7.09245,50.58712],[7.08629,50.5878],[7.07296,50.59211],[7.06886,50.59458],[7.06673,50.59735],[7.0663,50.60068],[7.06201,50.60178],[7.05635,50.60604],[7.04923,50.60431],[7.04658,50.60164],[7.03555,50.59452],[7.0319,50.58992],[7.02237,50.5827],[7.01591,50.57699],[7.01024,50.57291],[6.99826,50.56512],[6.99957,50.5616],[7.00499,50.55648],[7.00627,50.5524],[7.00342,50.54813],[6.99982,50.54629],[6.99322,50.54477],[6.99037,50.54185],[6.98649,50.53989],[6.98153,50.53533],[6.98201,50.53098],[6.97953,50.52716],[6.9749,50.52431],[6.96747,50.52208],[6.96301,50.52163],[6.95781,50.51986],[6.94941,50.51446],[6.94128,50.51146],[6.94105,50.51019],[6.94319,50.50596]]]]}},{"type":"Feature","properties":{"level":"subregion","subregionId":"rheingau-nahe","nameJa":"ラインガウ / ナーエ"},"geometry":{"type":"MultiPolygon","coordinates":[[[[7.76132,49.60777],[7.7668,49.60697],[7.77025,49.60509],[7.77777,49.60386],[7.78781,49.60674],[7.79174,49.60702],[7.79895,49.60956],[7.80269,49.6115],[7.80824,49.61314],[7.81253,49.61333],[7.81662,49.61245],[7.81987,49.61062],[7.82199,49.60793],[7.82178,49.60113],[7.83336,49.60092],[7.84058,49.60267],[7.85139,49.60644],[7.86356,49.6154],[7.86904,49.61759],[7.87546,49.61744],[7.87919,49.61603],[7.88471,49.61006],[7.88942,49.60836],[7.89213,49.60632],[7.89359,49.60213],[7.8972,49.60269],[7.90246,49.60216],[7.91,49.60358],[7.91373,49.60592],[7.91751,49.60682],[7.92153,49.60678],[7.92959,49.60468],[7.93264,49.60303],[7.93731,49.60302],[7.94279,49.60403],[7.94344,49.60561],[7.93679,49.60633],[7.91397,49.61473],[7.91122,49.61515],[7.90487,49.61758],[7.90199,49.61766],[7.89596,49.6194],[7.89328,49.62169],[7.89134,49.62725],[7.89438,49.63295],[7.90135,49.63809],[7.90702,49.64017],[7.91011,49.64059],[7.90952,49.64623],[7.90277,49.64687],[7.89817,49.64479],[7.88838,49.64255],[7.88378,49.6411],[7.87688,49.64162],[7.87074,49.64397],[7.86814,49.64569],[7.86305,49.64592],[7.85949,49.64716],[7.85587,49.64987],[7.85435,49.65365],[7.85561,49.65749],[7.85812,49.65985],[7.86185,49.66138],[7.86953,49.66197],[7.87284,49.66172],[7.87719,49.66536],[7.88253,49.66706],[7.88738,49.66727],[7.89044,49.66941],[7.89351,49.6745],[7.8958,49.67694],[7.89938,49.67861],[7.9052,49.68013],[7.90651,49.68125],[7.90845,49.68576],[7.908,49.6938],[7.9068,49.69565],[7.90258,49.69747],[7.90006,49.69989],[7.89949,49.7042],[7.90002,49.70822],[7.90219,49.7126],[7.90234,49.71604],[7.9044,49.71861],[7.90922,49.72091],[7.9119,49.72461],[7.91457,49.72615],[7.91277,49.7287],[7.91267,49.7317],[7.91525,49.73519],[7.91443,49.73969],[7.91731,49.74324],[7.91207,49.74669],[7.90872,49.74818],[7.90542,49.75214],[7.9006,49.75574],[7.89937,49.75822],[7.89969,49.76196],[7.88727,49.75823],[7.87504,49.75738],[7.87079,49.75799],[7.86723,49.75961],[7.86217,49.76546],[7.85896,49.76802],[7.85768,49.7708],[7.85818,49.77367],[7.86036,49.77784],[7.86242,49.78002],[7.86862,49.78388],[7.87074,49.78757],[7.86541,49.79238],[7.86455,49.79685],[7.86617,49.79949],[7.87079,49.8038],[7.87453,49.80541],[7.88802,49.80714],[7.89432,49.80896],[7.89227,49.81176],[7.88608,49.81475],[7.88408,49.81805],[7.88486,49.82221],[7.88879,49.8275],[7.89167,49.82967],[7.89665,49.83469],[7.90038,49.83638],[7.91037,49.83767],[7.91685,49.83627],[7.9255,49.83242],[7.93533,49.83802],[7.93362,49.84205],[7.93314,49.85417],[7.93453,49.85696],[7.93753,49.85916],[7.94164,49.8604],[7.95092,49.86141],[7.95442,49.86248],[7.95123,49.86513],[7.94838,49.8644],[7.94163,49.86412],[7.93731,49.86501],[7.9339,49.86695],[7.93168,49.87107],[7.93474,49.87848],[7.93061,49.88077],[7.92599,49.8813],[7.92087,49.88368],[7.91814,49.88685],[7.91676,49.89331],[7.91455,49.89709],[7.91381,49.90251],[7.91085,49.90575],[7.91017,49.90872],[7.91146,49.91417],[7.91547,49.91722],[7.91931,49.91826],[7.93625,49.91902],[7.94191,49.91685],[7.94471,49.91278],[7.95594,49.91353],[7.96067,49.91329],[7.96773,49.91487],[7.97336,49.91425],[7.98372,49.91821],[7.98945,49.91884],[7.99354,49.92049],[7.99861,49.92167],[8.00362,49.92433],[8.00138,49.92623],[7.99609,49.92687],[7.99053,49.92842],[7.98501,49.93358],[7.9823,49.93229],[7.97613,49.93116],[7.97227,49.93134],[7.96324,49.93304],[7.95811,49.93566],[7.95638,49.93828],[7.95411,49.94606],[7.95431,49.94748],[7.95741,49.9512],[7.96108,49.95277],[7.97121,49.95437],[7.98279,49.95578],[7.98426,49.95645],[7.98317,49.96354],[7.98439,49.96836],[7.98219,49.97143],[7.98032,49.97718],[7.98091,49.97982],[7.98443,49.98307],[7.99295,49.98619],[8.00584,49.99014],[8.03027,50.00015],[8.03636,50.00231],[8.05008,50.00487],[8.07252,50.00592],[8.07957,50.0069],[8.09318,50.01071],[8.09943,50.01316],[8.10736,50.01727],[8.11143,50.01893],[8.13149,50.02474],[8.14496,50.02641],[8.15197,50.02804],[8.16483,50.03182],[8.17514,50.03426],[8.18635,50.03554],[8.19645,50.03499],[8.20536,50.03413],[8.21453,50.03253],[8.2222,50.03171],[8.22947,50.03142],[8.2364,50.03013],[8.24581,50.02688],[8.26455,50.0157],[8.27235,50.0103],[8.27756,50.00536],[8.28559,49.99702],[8.28808,49.99528],[8.29333,49.99452],[8.29988,49.99527],[8.31459,50.00129],[8.32107,50.00173],[8.33705,49.99987],[8.34625,49.99934],[8.35434,50.00004],[8.36465,50.00232],[8.37411,50.00181],[8.39579,49.99729],[8.40216,49.99651],[8.40738,49.99687],[8.4118,49.99804],[8.41621,50.00055],[8.42443,50.00705],[8.42894,50.00962],[8.43865,50.01321],[8.4526,50.01879],[8.44909,50.02339],[8.44872,50.02618],[8.4498,50.02884],[8.45269,50.03211],[8.45233,50.03557],[8.45354,50.03884],[8.45625,50.04273],[8.45912,50.04493],[8.46504,50.04807],[8.46714,50.0514],[8.45913,50.05316],[8.45598,50.05477],[8.45041,50.05914],[8.44103,50.05729],[8.43499,50.05717],[8.43279,50.05539],[8.42604,50.05341],[8.42178,50.04998],[8.41806,50.04897],[8.41007,50.04865],[8.40558,50.04985],[8.40148,50.05196],[8.39676,50.05735],[8.39259,50.05767],[8.38641,50.06041],[8.38158,50.06167],[8.37866,50.06363],[8.37708,50.06614],[8.37706,50.06886],[8.37861,50.07139],[8.38423,50.07709],[8.38591,50.08003],[8.38582,50.08207],[8.38258,50.0849],[8.38046,50.08867],[8.38133,50.09309],[8.37899,50.09772],[8.38034,50.10219],[8.37586,50.10257],[8.36823,50.10199],[8.36416,50.10311],[8.36044,50.10581],[8.35685,50.10627],[8.35315,50.10779],[8.35065,50.11011],[8.3487,50.11427],[8.34586,50.11786],[8.34534,50.12047],[8.35,50.12848],[8.34506,50.13072],[8.33783,50.12938],[8.33341,50.13018],[8.3284,50.13201],[8.32477,50.13532],[8.32343,50.14041],[8.32519,50.1442],[8.32712,50.1457],[8.32405,50.14964],[8.32195,50.15094],[8.31503,50.15175],[8.30749,50.15079],[8.30402,50.15148],[8.3008,50.14971],[8.29225,50.14788],[8.28779,50.14824],[8.28239,50.15072],[8.2759,50.15156],[8.26799,50.15029],[8.26246,50.15044],[8.25602,50.14915],[8.25027,50.14959],[8.24218,50.14817],[8.24118,50.14458],[8.23829,50.14216],[8.23122,50.13856],[8.22333,50.13625],[8.21567,50.13291],[8.20977,50.13196],[8.20243,50.1275],[8.19188,50.12428],[8.18449,50.12475],[8.18185,50.12569],[8.16555,50.12396],[8.16017,50.12436],[8.15342,50.11983],[8.15154,50.11742],[8.14835,50.11528],[8.1427,50.1136],[8.13202,50.10355],[8.11992,50.09818],[8.11739,50.09576],[8.11247,50.09372],[8.11429,50.09059],[8.11371,50.08653],[8.11141,50.08423],[8.10607,50.08148],[8.10166,50.0809],[8.09527,50.08221],[8.09149,50.08457],[8.08724,50.08583],[8.08157,50.08987],[8.07556,50.09501],[8.06532,50.09435],[8.05946,50.09152],[8.05621,50.08563],[8.05264,50.08371],[8.04282,50.08054],[8.03709,50.08035],[8.02761,50.07711],[8.02101,50.07685],[8.01621,50.07786],[8.01213,50.0797],[8.00578,50.08127],[7.9985,50.08105],[7.98389,50.08345],[7.97146,50.08741],[7.96775,50.09037],[7.96543,50.09548],[7.96587,50.10803],[7.95655,50.11168],[7.9509,50.1088],[7.94184,50.10801],[7.93732,50.10656],[7.92914,50.10583],[7.92459,50.10632],[7.91928,50.10912],[7.91286,50.11552],[7.90922,50.11831],[7.90086,50.12219],[7.89773,50.12158],[7.88918,50.11716],[7.88299,50.1165],[7.87898,50.11732],[7.87498,50.11946],[7.86815,50.12099],[7.86163,50.12566],[7.85994,50.12753],[7.85427,50.12828],[7.8451,50.12356],[7.84412,50.11521],[7.84201,50.11257],[7.83528,50.10999],[7.83458,50.10349],[7.83013,50.09803],[7.83076,50.09592],[7.83046,50.08974],[7.82723,50.0858],[7.82328,50.08421],[7.81845,50.08324],[7.8036,50.08454],[7.80075,50.08264],[7.79974,50.08036],[7.79621,50.07658],[7.78912,50.07323],[7.78443,50.06892],[7.78099,50.06727],[7.77416,50.06647],[7.77265,50.06154],[7.77346,50.05678],[7.77966,50.05111],[7.79221,50.04418],[7.80635,50.03862],[7.8087,50.03651],[7.82788,50.0228],[7.83336,50.01989],[7.84852,50.01481],[7.85233,50.01133],[7.85283,50.00848],[7.85156,50.00574],[7.84863,50.00336],[7.84687,49.9983],[7.8434,49.99562],[7.83811,49.99364],[7.83371,49.99328],[7.82683,49.99426],[7.81887,49.9973],[7.80957,49.99865],[7.8036,50.00035],[7.79818,50.00249],[7.79431,50.00534],[7.78958,50.00401],[7.78134,50.00307],[7.7711,49.9998],[7.76501,49.99974],[7.75717,50.00095],[7.75037,50.00123],[7.73514,50.00476],[7.7326,50.0048],[7.72724,50.00168],[7.73478,49.99872],[7.74066,49.99887],[7.75373,49.99564],[7.7572,49.99392],[7.76216,49.98792],[7.76764,49.98534],[7.76957,49.98268],[7.76969,49.97974],[7.76485,49.97373],[7.76452,49.97014],[7.76069,49.96614],[7.75823,49.96033],[7.75151,49.95607],[7.75658,49.95309],[7.75888,49.94903],[7.75715,49.94485],[7.75402,49.94277],[7.74986,49.94165],[7.73631,49.94083],[7.72675,49.94093],[7.71669,49.94156],[7.71272,49.94064],[7.70498,49.94057],[7.69581,49.9381],[7.69267,49.9334],[7.68901,49.93165],[7.68217,49.93113],[7.67308,49.92744],[7.66798,49.92443],[7.66254,49.92317],[7.65688,49.91902],[7.65368,49.91598],[7.65732,49.91394],[7.66434,49.90787],[7.66952,49.90063],[7.67149,49.89892],[7.6777,49.90122],[7.68186,49.90122],[7.68803,49.8991],[7.69063,49.89652],[7.6917,49.892],[7.69344,49.89093],[7.70107,49.8906],[7.70728,49.88913],[7.71019,49.88697],[7.71362,49.8828],[7.71385,49.87872],[7.71203,49.87624],[7.7089,49.87438],[7.69539,49.87112],[7.69094,49.87104],[7.6874,49.86811],[7.68276,49.86632],[7.67836,49.86218],[7.66813,49.85913],[7.6623,49.85858],[7.6476,49.84934],[7.64871,49.8472],[7.64853,49.84403],[7.64668,49.84142],[7.64339,49.83948],[7.63791,49.83822],[7.63165,49.8388],[7.62821,49.8404],[7.62594,49.84273],[7.62541,49.8468],[7.62725,49.84958],[7.62469,49.85435],[7.62169,49.85784],[7.62132,49.86055],[7.61668,49.86187],[7.61383,49.86397],[7.61243,49.86662],[7.61346,49.87073],[7.6164,49.87347],[7.60968,49.87847],[7.60801,49.88148],[7.60826,49.88668],[7.60513,49.88986],[7.60082,49.8957],[7.59347,49.90129],[7.59218,49.9042],[7.58563,49.90835],[7.58138,49.90838],[7.57359,49.90035],[7.56806,49.89777],[7.55001,49.8953],[7.54429,49.89588],[7.54272,49.89245],[7.54508,49.88242],[7.54346,49.87879],[7.54113,49.87692],[7.53781,49.87095],[7.53644,49.86311],[7.53728,49.86007],[7.54147,49.85941],[7.54567,49.85718],[7.54864,49.85673],[7.55528,49.85434],[7.56084,49.8529],[7.56366,49.85086],[7.56523,49.84692],[7.56504,49.83738],[7.56115,49.83231],[7.55748,49.83052],[7.55301,49.82984],[7.54572,49.8313],[7.53587,49.84048],[7.53235,49.84468],[7.5289,49.84335],[7.51263,49.84237],[7.50564,49.84136],[7.49808,49.83794],[7.50309,49.83644],[7.50976,49.83227],[7.51502,49.83113],[7.5183,49.82925],[7.5202,49.8267],[7.52044,49.82388],[7.51897,49.82121],[7.51594,49.81891],[7.51226,49.81769],[7.50572,49.81775],[7.50195,49.81566],[7.50253,49.81278],[7.50557,49.81006],[7.51712,49.80709],[7.52138,49.80463],[7.52485,49.80366],[7.52806,49.80163],[7.53051,49.79579],[7.5294,49.79081],[7.52537,49.78623],[7.51394,49.77873],[7.51472,49.77615],[7.52334,49.77094],[7.52709,49.76993],[7.5304,49.76787],[7.53252,49.76299],[7.52942,49.75679],[7.53215,49.75458],[7.54555,49.75344],[7.5506,49.75156],[7.55664,49.74828],[7.56132,49.7435],[7.56285,49.74054],[7.5627,49.73796],[7.56651,49.73601],[7.5713,49.73152],[7.57347,49.72807],[7.58303,49.72616],[7.58702,49.72745],[7.59328,49.72752],[7.59705,49.72631],[7.60076,49.72305],[7.60197,49.71909],[7.60803,49.71816],[7.61623,49.71279],[7.61799,49.71002],[7.61787,49.70704],[7.61473,49.70241],[7.61286,49.69781],[7.61451,49.69321],[7.61212,49.68947],[7.6079,49.68695],[7.60905,49.6844],[7.61616,49.68569],[7.62358,49.68442],[7.63383,49.68453],[7.64207,49.68685],[7.64818,49.69325],[7.65155,49.69482],[7.65764,49.69543],[7.66158,49.69459],[7.66477,49.69288],[7.66985,49.68889],[7.67344,49.68794],[7.6792,49.69324],[7.68485,49.69519],[7.68915,49.69519],[7.69454,49.69391],[7.69818,49.69421],[7.70312,49.69336],[7.70951,49.69432],[7.71374,49.69356],[7.71857,49.69139],[7.72069,49.68904],[7.72103,49.685],[7.71948,49.68121],[7.72191,49.67773],[7.72178,49.67327],[7.72531,49.67232],[7.72866,49.67343],[7.73965,49.67483],[7.74397,49.67425],[7.74759,49.67261],[7.75011,49.66991],[7.75332,49.66856],[7.76463,49.66782],[7.76947,49.66978],[7.77408,49.67047],[7.77868,49.66993],[7.78158,49.67063],[7.78775,49.67034],[7.79371,49.66817],[7.79631,49.66618],[7.79838,49.66133],[7.80433,49.65642],[7.81296,49.65602],[7.81682,49.65479],[7.82056,49.65142],[7.82202,49.64669],[7.82166,49.64378],[7.81871,49.64015],[7.81579,49.63835],[7.80865,49.63596],[7.8005,49.63458],[7.79589,49.63471],[7.78897,49.63649],[7.78418,49.63865],[7.77519,49.63729],[7.77293,49.63546],[7.76847,49.63366],[7.76235,49.62627],[7.76532,49.62395],[7.76673,49.62121],[7.76637,49.61832],[7.76365,49.61394],[7.75922,49.61109],[7.76132,49.60777]]],[[[7.51668,49.74429],[7.5116,49.74353],[7.50659,49.74374],[7.50232,49.74506],[7.49594,49.74841],[7.49297,49.751],[7.48368,49.74801],[7.47915,49.74542],[7.47594,49.74444],[7.47276,49.74162],[7.47995,49.73807],[7.48769,49.72854],[7.49138,49.72113],[7.49123,49.71769],[7.48744,49.71317],[7.48778,49.71142],[7.50247,49.71643],[7.50932,49.71828],[7.52328,49.72126],[7.52179,49.72615],[7.52259,49.72963],[7.52261,49.73925],[7.51829,49.74189],[7.51668,49.74429]]],[[[7.54078,49.60549],[7.54386,49.60412],[7.5498,49.60771],[7.56353,49.61247],[7.56919,49.61257],[7.57421,49.61353],[7.57874,49.61325],[7.58271,49.61181],[7.58621,49.60805],[7.58862,49.60077],[7.58633,49.59618],[7.58662,49.59383],[7.58261,49.58823],[7.58472,49.5858],[7.58518,49.58274],[7.58423,49.57865],[7.58835,49.57364],[7.59732,49.57496],[7.60123,49.57441],[7.61083,49.57537],[7.61692,49.5743],[7.62003,49.57244],[7.62184,49.56995],[7.62379,49.56455],[7.62191,49.55933],[7.63126,49.56247],[7.64417,49.56992],[7.65338,49.57129],[7.6516,49.57374],[7.64843,49.57584],[7.64682,49.57859],[7.64704,49.58153],[7.6516,49.58807],[7.64995,49.58981],[7.64826,49.59485],[7.64535,49.59541],[7.63707,49.59162],[7.63165,49.58971],[7.62463,49.58971],[7.61453,49.59359],[7.612,49.59574],[7.61088,49.59969],[7.6127,49.60459],[7.6167,49.60795],[7.62238,49.60972],[7.62694,49.61015],[7.63181,49.61398],[7.63497,49.61792],[7.6389,49.62008],[7.64348,49.6236],[7.63928,49.62975],[7.63965,49.63488],[7.6351,49.63918],[7.63349,49.64196],[7.62914,49.64179],[7.61921,49.64372],[7.61455,49.64099],[7.6127,49.63656],[7.61688,49.63215],[7.61768,49.6295],[7.61691,49.62685],[7.61373,49.62308],[7.61339,49.6182],[7.60937,49.61483],[7.60533,49.61369],[7.60092,49.61367],[7.58999,49.61517],[7.58513,49.61763],[7.58238,49.62236],[7.57992,49.62361],[7.57538,49.62822],[7.56871,49.63081],[7.56421,49.6339],[7.55964,49.63223],[7.54815,49.63015],[7.54346,49.6302],[7.53897,49.6314],[7.53355,49.63174],[7.5293,49.63081],[7.52685,49.62794],[7.52884,49.62462],[7.52962,49.62005],[7.53276,49.61826],[7.53588,49.61412],[7.53981,49.61009],[7.54078,49.60549]]]]}},{"type":"Feature","properties":{"level":"subregion","subregionId":"rheinhessen-pfalz","nameJa":"ラインヘッセン / プファルツ / ベルクシュトラーセ"},"geometry":{"type":"MultiPolygon","coordinates":[[[[8.30592,49.17413],[8.30904,49.18029],[8.31333,49.18316],[8.31722,49.18402],[8.32132,49.18401],[8.3277,49.1857],[8.33509,49.18617],[8.34146,49.1857],[8.34308,49.19156],[8.3452,49.19599],[8.34985,49.20121],[8.34696,49.20434],[8.34639,49.2084],[8.34941,49.2137],[8.3497,49.21633],[8.35381,49.22082],[8.35783,49.22238],[8.36288,49.22293],[8.36461,49.22765],[8.36248,49.23036],[8.36152,49.23552],[8.36006,49.23935],[8.36289,49.24497],[8.3658,49.24692],[8.37168,49.24819],[8.37579,49.24777],[8.37936,49.24637],[8.38436,49.24317],[8.39114,49.24189],[8.39731,49.24199],[8.40085,49.24423],[8.40708,49.2472],[8.43162,49.25768],[8.4398,49.26235],[8.44555,49.26688],[8.45405,49.27603],[8.45819,49.27911],[8.46518,49.28234],[8.4726,49.28453],[8.48196,49.28645],[8.48585,49.28863],[8.48894,49.29291],[8.48919,49.2962],[8.48715,49.30165],[8.4827,49.30583],[8.47811,49.30827],[8.47105,49.31029],[8.45829,49.31302],[8.45468,49.31501],[8.4517,49.31821],[8.4505,49.32168],[8.45167,49.32764],[8.45401,49.33075],[8.45756,49.33361],[8.46301,49.33694],[8.47071,49.34064],[8.47115,49.3467],[8.4674,49.3539],[8.46834,49.35805],[8.47268,49.36134],[8.47707,49.36254],[8.4859,49.36286],[8.49167,49.36248],[8.49126,49.36406],[8.48541,49.36649],[8.47665,49.36702],[8.4727,49.36628],[8.46833,49.3644],[8.46199,49.36388],[8.45319,49.36506],[8.449,49.36652],[8.44254,49.36375],[8.43827,49.36317],[8.43399,49.36372],[8.42635,49.36766],[8.42395,49.36984],[8.42251,49.37647],[8.41114,49.37372],[8.40675,49.37173],[8.4047,49.3677],[8.40128,49.36536],[8.39758,49.36001],[8.39159,49.35487],[8.3877,49.35223],[8.38061,49.34995],[8.37354,49.34991],[8.36816,49.34879],[8.36225,49.34928],[8.35892,49.35071],[8.35324,49.35602],[8.35074,49.36308],[8.35328,49.36812],[8.34639,49.37459],[8.34189,49.37601],[8.3393,49.37799],[8.33149,49.38948],[8.33136,49.39242],[8.33304,49.39515],[8.33625,49.39721],[8.34169,49.39873],[8.34948,49.40248],[8.35542,49.40651],[8.35637,49.40887],[8.35176,49.41281],[8.34881,49.41708],[8.34455,49.42156],[8.34002,49.42386],[8.33567,49.4249],[8.3325,49.4267],[8.33024,49.42929],[8.32488,49.43048],[8.32117,49.43212],[8.31258,49.44059],[8.31042,49.44492],[8.31003,49.44815],[8.31139,49.45081],[8.31421,49.45292],[8.32025,49.45442],[8.31912,49.45882],[8.31664,49.46144],[8.31058,49.46396],[8.3086,49.46642],[8.30572,49.47267],[8.29025,49.47097],[8.28405,49.47213],[8.28095,49.47411],[8.27625,49.47857],[8.2616,49.47939],[8.25772,49.48068],[8.2549,49.48284],[8.25358,49.48554],[8.25397,49.48837],[8.25661,49.49242],[8.2597,49.49419],[8.26479,49.49558],[8.26827,49.49557],[8.28351,49.49849],[8.29874,49.50044],[8.30264,49.50177],[8.30871,49.50201],[8.31102,49.50505],[8.31345,49.5065],[8.31316,49.51723],[8.31236,49.51965],[8.31303,49.52277],[8.31464,49.52469],[8.31518,49.52943],[8.31659,49.53196],[8.32296,49.5366],[8.32231,49.53933],[8.31493,49.54468],[8.31027,49.55515],[8.31053,49.55792],[8.31237,49.56041],[8.31548,49.56242],[8.31827,49.56654],[8.32077,49.56887],[8.32446,49.57038],[8.33094,49.57067],[8.33491,49.56948],[8.34083,49.56453],[8.34238,49.562],[8.3426,49.55825],[8.35006,49.55867],[8.35646,49.56117],[8.35748,49.56418],[8.36008,49.56649],[8.36386,49.56795],[8.36822,49.56834],[8.37247,49.56759],[8.37682,49.56556],[8.38588,49.56544],[8.38559,49.56886],[8.3872,49.57145],[8.39078,49.57378],[8.39523,49.57487],[8.4008,49.57478],[8.4086,49.57651],[8.42256,49.5743],[8.4239,49.57793],[8.42244,49.58339],[8.41477,49.59505],[8.41053,49.60342],[8.40414,49.60901],[8.39606,49.61315],[8.39285,49.61528],[8.38797,49.62109],[8.38339,49.62519],[8.38077,49.62939],[8.37575,49.64083],[8.3723,49.65304],[8.36963,49.65917],[8.36309,49.66628],[8.35639,49.67847],[8.35615,49.6828],[8.35716,49.69169],[8.35992,49.6959],[8.36336,49.69864],[8.375,49.70449],[8.38829,49.70928],[8.39471,49.71085],[8.4093,49.71359],[8.41933,49.71516],[8.43073,49.71856],[8.43821,49.72232],[8.44118,49.72486],[8.44632,49.73079],[8.43916,49.73245],[8.43442,49.73502],[8.43254,49.73884],[8.4352,49.74462],[8.43828,49.74674],[8.45118,49.75149],[8.45552,49.75556],[8.45798,49.7605],[8.44676,49.76335],[8.44305,49.76565],[8.43275,49.76596],[8.42415,49.76792],[8.41752,49.77248],[8.41446,49.77664],[8.41355,49.7821],[8.41207,49.78671],[8.40829,49.79352],[8.40337,49.80001],[8.39351,49.80998],[8.38259,49.81904],[8.37845,49.82482],[8.37774,49.82886],[8.3784,49.83325],[8.38356,49.8441],[8.38538,49.8509],[8.38433,49.85455],[8.37998,49.85898],[8.37456,49.86162],[8.37023,49.8628],[8.36126,49.8637],[8.35759,49.86506],[8.35272,49.86881],[8.34652,49.87482],[8.34401,49.88011],[8.34277,49.8844],[8.34258,49.88859],[8.34425,49.89498],[8.34559,49.8977],[8.35238,49.90592],[8.35362,49.90828],[8.35472,49.91321],[8.35344,49.92002],[8.34776,49.93023],[8.3429,49.94079],[8.34205,49.94907],[8.3345,49.9607],[8.32944,49.96672],[8.32234,49.97359],[8.30772,49.98411],[8.29037,49.99343],[8.2855,49.99711],[8.27756,50.00536],[8.27235,50.0103],[8.26455,50.0157],[8.24487,50.02744],[8.23634,50.03014],[8.22947,50.03142],[8.2222,50.03171],[8.21453,50.03253],[8.20536,50.03413],[8.19645,50.03499],[8.18635,50.03554],[8.17514,50.03426],[8.16483,50.03182],[8.15197,50.02804],[8.14496,50.02641],[8.13149,50.02474],[8.11143,50.01893],[8.10736,50.01727],[8.09943,50.01316],[8.09318,50.01071],[8.07957,50.0069],[8.07252,50.00592],[8.05008,50.00487],[8.03636,50.00231],[8.03027,50.00015],[8.00426,49.98957],[7.99295,49.98619],[7.9713,49.97866],[7.9674,49.97777],[7.95739,49.97697],[7.94694,49.97503],[7.93873,49.97407],[7.93328,49.9745],[7.92101,49.97437],[7.88727,49.97194],[7.87814,49.97326],[7.87223,49.97571],[7.86811,49.9786],[7.86386,49.9766],[7.86837,49.97274],[7.86946,49.97068],[7.87388,49.96742],[7.87665,49.96165],[7.88112,49.95993],[7.88333,49.95812],[7.88866,49.95616],[7.89445,49.95485],[7.89744,49.95279],[7.89897,49.95015],[7.89885,49.94434],[7.90072,49.94114],[7.90121,49.9381],[7.8993,49.93392],[7.89817,49.92944],[7.89889,49.92337],[7.89825,49.92089],[7.90315,49.91479],[7.90784,49.91087],[7.90863,49.90516],[7.91341,49.90118],[7.91455,49.89709],[7.91676,49.89331],[7.91729,49.88898],[7.91952,49.88426],[7.91946,49.88183],[7.92563,49.88001],[7.9282,49.87768],[7.92915,49.87488],[7.92782,49.87123],[7.92817,49.86827],[7.93162,49.86173],[7.93122,49.85865],[7.92978,49.85667],[7.93328,49.8516],[7.93343,49.84133],[7.93179,49.83862],[7.92863,49.83654],[7.92445,49.83545],[7.91781,49.836],[7.91286,49.83813],[7.90582,49.83734],[7.90009,49.8384],[7.89152,49.82957],[7.88587,49.82566],[7.88327,49.82126],[7.88399,49.81668],[7.88369,49.81104],[7.88052,49.80746],[7.87691,49.80597],[7.87224,49.80527],[7.86448,49.79778],[7.86448,49.79298],[7.8675,49.79025],[7.86861,49.78757],[7.86807,49.78482],[7.86596,49.7824],[7.85965,49.77855],[7.85779,49.77422],[7.85526,49.77234],[7.85967,49.76605],[7.86334,49.76347],[7.86672,49.75982],[7.86793,49.75722],[7.86998,49.75605],[7.87417,49.75713],[7.88262,49.75811],[7.8902,49.75841],[7.89445,49.75792],[7.89809,49.7564],[7.90556,49.74941],[7.91245,49.74648],[7.91904,49.74209],[7.92339,49.74277],[7.92774,49.74242],[7.93154,49.741],[7.93419,49.73874],[7.93602,49.73525],[7.94144,49.7314],[7.94593,49.72938],[7.95078,49.72999],[7.95479,49.72961],[7.96137,49.728],[7.96461,49.72613],[7.96685,49.72221],[7.96626,49.71943],[7.9624,49.71444],[7.9628,49.71143],[7.96132,49.70823],[7.96022,49.70319],[7.96184,49.69892],[7.96142,49.69597],[7.95754,49.69236],[7.95065,49.69063],[7.94207,49.68441],[7.93881,49.68333],[7.93277,49.67759],[7.93155,49.67501],[7.92607,49.66986],[7.92956,49.6658],[7.93021,49.66305],[7.9292,49.66034],[7.92497,49.65724],[7.91912,49.65531],[7.91298,49.65482],[7.90922,49.65311],[7.91051,49.64961],[7.90971,49.64641],[7.91062,49.64243],[7.91815,49.63909],[7.92066,49.6413],[7.92413,49.6428],[7.92821,49.64336],[7.93852,49.64359],[7.94557,49.64272],[7.94935,49.64132],[7.9616,49.63445],[7.96438,49.63217],[7.96557,49.6293],[7.97002,49.62326],[7.9756,49.62504],[7.98508,49.62628],[7.99166,49.62496],[8.00247,49.62555],[8.0082,49.6241],[8.01345,49.61954],[8.01519,49.61612],[8.02401,49.61354],[8.02836,49.61028],[8.02973,49.60637],[8.0278,49.60194],[8.03258,49.60288],[8.0363,49.60263],[8.04697,49.60465],[8.05722,49.60587],[8.06251,49.60499],[8.07495,49.6083],[8.08544,49.61011],[8.09408,49.61388],[8.10608,49.61532],[8.11042,49.61471],[8.11405,49.61304],[8.11692,49.60918],[8.11573,49.60474],[8.11825,49.60314],[8.12093,49.59979],[8.12131,49.59616],[8.1225,49.59441],[8.12718,49.59453],[8.13477,49.59268],[8.13904,49.58936],[8.13954,49.58425],[8.1375,49.58148],[8.13386,49.57952],[8.12856,49.57789],[8.12434,49.57763],[8.12028,49.57843],[8.11699,49.58017],[8.11446,49.58353],[8.10903,49.58307],[8.10157,49.57919],[8.09726,49.57774],[8.08961,49.57642],[8.09047,49.57207],[8.08914,49.56906],[8.08709,49.56726],[8.09319,49.56306],[8.09666,49.55802],[8.10134,49.55405],[8.10638,49.55544],[8.11042,49.55559],[8.11427,49.55478],[8.11851,49.55266],[8.12092,49.54876],[8.12044,49.54596],[8.11833,49.54348],[8.11435,49.54126],[8.10121,49.53539],[8.09758,49.53138],[8.08961,49.52811],[8.08842,49.5235],[8.08172,49.5191],[8.08405,49.51384],[8.09023,49.51282],[8.09331,49.51097],[8.0951,49.5085],[8.09488,49.50444],[8.09282,49.50206],[8.08642,49.49714],[8.08223,49.49104],[8.08306,49.48786],[8.0811,49.48377],[8.07591,49.47925],[8.07111,49.47717],[8.06646,49.47649],[8.0616,49.47657],[8.05527,49.47789],[8.05204,49.47957],[8.04999,49.48192],[8.04989,49.49298],[8.05186,49.4992],[8.04853,49.49937],[8.04437,49.49812],[8.03473,49.48888],[8.03113,49.48752],[8.02701,49.48712],[8.02188,49.48807],[8.01513,49.48703],[8.00432,49.48929],[7.99534,49.48622],[7.99263,49.48589],[7.98097,49.48068],[7.97515,49.47987],[7.96202,49.47502],[7.95242,49.47407],[7.95213,49.47106],[7.95346,49.46668],[7.95333,49.46414],[7.95133,49.46124],[7.95531,49.45567],[7.95971,49.4506],[7.9618,49.44534],[7.9664,49.44179],[7.97219,49.44194],[7.97785,49.44035],[7.98049,49.43828],[7.98177,49.43571],[7.98164,49.42989],[7.98748,49.4263],[7.99433,49.42409],[7.99714,49.42067],[8.00516,49.41618],[8.00712,49.41351],[8.00722,49.41035],[8.01092,49.40969],[8.01972,49.40567],[8.026,49.39955],[8.0326,49.40388],[8.03705,49.4054],[8.04361,49.40562],[8.05056,49.40648],[8.05556,49.40569],[8.06069,49.40309],[8.06258,49.40045],[8.06271,49.39754],[8.06107,49.39483],[8.05323,49.38724],[8.04954,49.38554],[8.05165,49.38159],[8.05189,49.37851],[8.05359,49.37708],[8.05827,49.37872],[8.0671,49.3798],[8.07407,49.37912],[8.08266,49.38126],[8.09087,49.38017],[8.09389,49.3782],[8.09575,49.37369],[8.09894,49.37005],[8.09906,49.36728],[8.09629,49.36357],[8.09285,49.36193],[8.08873,49.36127],[8.07669,49.36277],[8.0645,49.3595],[8.05806,49.3562],[8.04464,49.3531],[8.03469,49.35332],[8.02661,49.35665],[8.01952,49.35474],[8.01486,49.35221],[8.01165,49.34702],[8.00861,49.34528],[7.99952,49.34378],[7.99371,49.34191],[7.98976,49.3416],[7.98426,49.34237],[7.98047,49.3399],[7.97928,49.33519],[7.97553,49.33158],[7.9716,49.32957],[7.96619,49.32864],[7.96302,49.3259],[7.95953,49.32465],[7.95161,49.32329],[7.94799,49.32322],[7.94085,49.32089],[7.93889,49.31793],[7.93527,49.31448],[7.93145,49.31319],[7.92717,49.31295],[7.92307,49.31381],[7.91778,49.31596],[7.91345,49.31636],[7.90646,49.31563],[7.90113,49.3133],[7.89145,49.31175],[7.88709,49.31203],[7.8816,49.31323],[7.87594,49.31204],[7.87167,49.31219],[7.86778,49.31325],[7.86423,49.30975],[7.86871,49.30503],[7.8699,49.29893],[7.86769,49.29465],[7.86777,49.28857],[7.86946,49.28271],[7.86888,49.27971],[7.86647,49.27713],[7.85835,49.2735],[7.85385,49.27296],[7.84871,49.27389],[7.83747,49.27237],[7.83257,49.27027],[7.82848,49.26627],[7.82897,49.26193],[7.82705,49.25628],[7.82698,49.25283],[7.82579,49.24813],[7.82656,49.24588],[7.82892,49.24582],[7.83331,49.24891],[7.83735,49.25296],[7.84487,49.25569],[7.84916,49.25597],[7.87065,49.25188],[7.8779,49.2491],[7.88186,49.24498],[7.88865,49.24391],[7.89328,49.24234],[7.89815,49.24159],[7.90349,49.24427],[7.91175,49.24542],[7.91602,49.24472],[7.92172,49.24551],[7.92801,49.24468],[7.93447,49.24538],[7.93615,49.24696],[7.94436,49.2514],[7.94878,49.25528],[7.95916,49.25876],[7.96382,49.25914],[7.9672,49.26177],[7.97062,49.26309],[7.97974,49.26429],[7.98535,49.26598],[7.98934,49.27257],[7.99223,49.2746],[7.99609,49.27577],[8.00034,49.27589],[8.00583,49.27422],[8.01152,49.27326],[8.01507,49.27188],[8.0176,49.26973],[8.01873,49.26712],[8.0183,49.26443],[8.01599,49.26156],[8.01638,49.25719],[8.01421,49.25385],[8.01893,49.24892],[8.01941,49.24624],[8.01835,49.24363],[8.01371,49.23886],[8.01095,49.23694],[8.00545,49.23546],[7.99864,49.23286],[7.99106,49.23368],[7.98711,49.23201],[7.98319,49.23139],[7.97567,49.23259],[7.96473,49.23342],[7.9503,49.23248],[7.94813,49.22484],[7.94546,49.22256],[7.94173,49.22117],[7.93857,49.2182],[7.927,49.21294],[7.91815,49.21115],[7.92308,49.204],[7.92806,49.19973],[7.93352,49.19988],[7.93751,49.19874],[7.94487,49.19386],[7.94822,49.19041],[7.95079,49.18595],[7.95595,49.18547],[7.96303,49.18622],[7.96885,49.18511],[7.97289,49.18214],[7.97393,49.17956],[7.97507,49.17329],[7.98153,49.17337],[7.99189,49.16921],[7.99472,49.16717],[7.99628,49.16319],[7.99532,49.1605],[7.99289,49.15824],[7.98934,49.15676],[7.98377,49.15595],[7.9817,49.15326],[7.98096,49.14951],[7.97841,49.14708],[7.97199,49.1449],[7.96403,49.14006],[7.95991,49.13915],[7.95927,49.13645],[7.95695,49.13401],[7.95126,49.13192],[7.94789,49.12941],[7.94291,49.1277],[7.93661,49.12393],[7.93886,49.12213],[7.94135,49.12204],[7.94814,49.12024],[7.95104,49.11824],[7.95258,49.11567],[7.95252,49.1129],[7.94954,49.10928],[7.94708,49.10804],[7.94546,49.10463],[7.94668,49.10111],[7.94474,49.09708],[7.93886,49.09241],[7.9318,49.0897],[7.92787,49.08949],[7.92189,49.09018],[7.91626,49.08916],[7.91324,49.08928],[7.90538,49.08635],[7.89718,49.08584],[7.89727,49.08132],[7.8951,49.07791],[7.89468,49.07517],[7.89275,49.07182],[7.88888,49.06835],[7.88529,49.06403],[7.88474,49.0612],[7.88112,49.05762],[7.88048,49.05556],[7.88264,49.0524],[7.88904,49.05051],[7.89247,49.04872],[7.89533,49.04971],[7.90208,49.04982],[7.90607,49.04839],[7.90967,49.04538],[7.91312,49.04035],[7.91891,49.04154],[7.9229,49.04366],[7.9278,49.0505],[7.93117,49.05235],[7.93537,49.05318],[7.93973,49.05285],[7.94354,49.05143],[7.94901,49.04728],[7.95342,49.04588],[7.95689,49.04309],[7.96064,49.04249],[7.96403,49.04083],[7.96694,49.03639],[7.97195,49.03266],[7.97457,49.02726],[7.98315,49.02604],[7.98924,49.02812],[7.9947,49.02863],[7.99897,49.028],[8.0066,49.02574],[8.01094,49.02351],[8.01379,49.02106],[8.01866,49.02013],[8.02287,49.01813],[8.03015,49.01828],[8.03945,49.01546],[8.04777,49.0137],[8.0511,49.01247],[8.05723,49.00756],[8.06265,49.00473],[8.0659,48.99957],[8.06901,48.9999],[8.06806,49.0104],[8.07389,49.01684],[8.07446,49.01927],[8.0739,49.02421],[8.07499,49.02737],[8.07456,49.02937],[8.07633,49.03328],[8.07463,49.03748],[8.07442,49.04096],[8.07149,49.0484],[8.07057,49.05243],[8.07032,49.05892],[8.0731,49.06273],[8.0766,49.06439],[8.08785,49.06636],[8.09833,49.0656],[8.10548,49.06375],[8.11084,49.06055],[8.11345,49.05644],[8.1175,49.05495],[8.12374,49.05508],[8.13102,49.05461],[8.13857,49.05536],[8.14363,49.05491],[8.15075,49.05613],[8.15646,49.05547],[8.15974,49.05406],[8.16454,49.0555],[8.17135,49.05663],[8.1742,49.05802],[8.18409,49.06002],[8.18867,49.06409],[8.19435,49.06724],[8.20432,49.06977],[8.20606,49.07243],[8.20897,49.07431],[8.22023,49.07803],[8.22405,49.07835],[8.22988,49.08042],[8.23338,49.08052],[8.24136,49.08283],[8.24637,49.08514],[8.24997,49.08602],[8.25669,49.09047],[8.2589,49.09619],[8.25967,49.10174],[8.25913,49.10526],[8.25567,49.11073],[8.25299,49.10992],[8.24813,49.1062],[8.24438,49.10538],[8.23444,49.10491],[8.22824,49.1056],[8.22445,49.10665],[8.2205,49.10971],[8.21956,49.11234],[8.22103,49.11624],[8.22636,49.12161],[8.2291,49.12344],[8.23818,49.12547],[8.25008,49.12651],[8.2564,49.12492],[8.26388,49.12583],[8.26308,49.12858],[8.26044,49.13302],[8.25987,49.1357],[8.25791,49.13876],[8.25621,49.14623],[8.25691,49.14884],[8.25902,49.15111],[8.26372,49.15322],[8.26192,49.15982],[8.25895,49.16314],[8.25895,49.1674],[8.26106,49.16992],[8.26449,49.1717],[8.26905,49.17266],[8.29476,49.17474],[8.2989,49.17486],[8.30592,49.17413]]],[[[8.55982,49.76557],[8.55857,49.76329],[8.55474,49.76037],[8.55552,49.75625],[8.55414,49.75386],[8.55655,49.74916],[8.55647,49.73973],[8.5587,49.73402],[8.55833,49.73102],[8.55609,49.72838],[8.549,49.7242],[8.54721,49.72169],[8.54657,49.71723],[8.55329,49.70784],[8.5556,49.70571],[8.55684,49.70257],[8.55679,49.69895],[8.55562,49.69669],[8.55647,49.6926],[8.55944,49.68891],[8.56334,49.68727],[8.57199,49.681],[8.5738,49.6769],[8.57171,49.67286],[8.57455,49.66848],[8.57894,49.66691],[8.58187,49.66458],[8.58306,49.66168],[8.5834,49.65775],[8.58481,49.65568],[8.58873,49.65257],[8.58999,49.64809],[8.58908,49.64604],[8.59418,49.64025],[8.59596,49.6318],[8.59579,49.62063],[8.59779,49.61124],[8.60123,49.61149],[8.61372,49.61443],[8.63305,49.61752],[8.64404,49.61988],[8.64796,49.61982],[8.65264,49.61846],[8.66084,49.6203],[8.66513,49.61991],[8.66886,49.61847],[8.67146,49.61622],[8.67253,49.61349],[8.67278,49.60936],[8.67436,49.60773],[8.67809,49.60636],[8.68206,49.60356],[8.68896,49.6055],[8.69641,49.61489],[8.69546,49.6198],[8.69715,49.62229],[8.70212,49.6262],[8.70964,49.63059],[8.71386,49.63175],[8.71808,49.63173],[8.72601,49.63473],[8.72605,49.63881],[8.72975,49.64468],[8.72866,49.64677],[8.72887,49.64987],[8.73099,49.65611],[8.72837,49.6602],[8.72489,49.66292],[8.72345,49.66714],[8.72392,49.66869],[8.72063,49.68223],[8.71417,49.68567],[8.71243,49.68956],[8.70991,49.69132],[8.70733,49.69506],[8.70184,49.69754],[8.69843,49.69802],[8.6895,49.69722],[8.68544,49.69561],[8.68129,49.69526],[8.67723,49.69594],[8.67338,49.69787],[8.66988,49.69794],[8.66571,49.69907],[8.66258,49.70118],[8.66102,49.70393],[8.66127,49.70686],[8.6649,49.71354],[8.67029,49.71705],[8.67027,49.71923],[8.67417,49.72538],[8.67833,49.7281],[8.68605,49.7305],[8.68173,49.74189],[8.68293,49.74471],[8.68575,49.74699],[8.68915,49.74832],[8.69223,49.7508],[8.69871,49.7533],[8.70262,49.75395],[8.70549,49.75838],[8.70343,49.76083],[8.70219,49.76595],[8.70006,49.77094],[8.70028,49.7734],[8.70362,49.78134],[8.69846,49.78031],[8.69079,49.77744],[8.68764,49.77517],[8.68363,49.77392],[8.67691,49.77297],[8.67243,49.77345],[8.66862,49.77506],[8.66612,49.77752],[8.66554,49.78371],[8.66698,49.78699],[8.66261,49.79169],[8.66172,49.79394],[8.65699,49.79758],[8.64977,49.79612],[8.64933,49.79221],[8.64551,49.78699],[8.64271,49.78488],[8.61745,49.772],[8.62486,49.76239],[8.62607,49.75783],[8.62512,49.75281],[8.62123,49.7481],[8.61586,49.74577],[8.61155,49.7455],[8.60007,49.74763],[8.59201,49.75002],[8.58756,49.75278],[8.58619,49.75532],[8.58657,49.75862],[8.57047,49.76239],[8.5646,49.76494],[8.5624,49.76659],[8.55982,49.76557]]],[[[8.90302,49.73771],[8.90533,49.74167],[8.90804,49.7437],[8.91518,49.746],[8.91989,49.74869],[8.92151,49.75131],[8.92604,49.75408],[8.92769,49.75692],[8.92585,49.76197],[8.92562,49.76522],[8.92023,49.76835],[8.91893,49.77094],[8.91921,49.77366],[8.92279,49.78139],[8.9172,49.78449],[8.91559,49.78703],[8.90429,49.78868],[8.89959,49.79138],[8.89451,49.79168],[8.88832,49.7902],[8.88437,49.79025],[8.88015,49.79132],[8.87694,49.79339],[8.87311,49.79723],[8.8696,49.79803],[8.86518,49.79624],[8.86172,49.79221],[8.85472,49.78999],[8.85172,49.78338],[8.8455,49.77829],[8.84515,49.77562],[8.84082,49.76872],[8.84296,49.76448],[8.85861,49.76197],[8.86464,49.76187],[8.86846,49.7609],[8.87256,49.75796],[8.87421,49.75105],[8.87321,49.7449],[8.87689,49.74381],[8.88162,49.7439],[8.88816,49.74275],[8.89399,49.7396],[8.90302,49.73771]]],[[[8.95023,49.91706],[8.94831,49.91549],[8.94404,49.91392],[8.9343,49.91214],[8.92815,49.91286],[8.92355,49.91563],[8.915,49.91363],[8.90715,49.91105],[8.90319,49.91097],[8.89747,49.91208],[8.89321,49.91132],[8.88217,49.91141],[8.87584,49.90732],[8.86644,49.90504],[8.86409,49.89866],[8.85969,49.89263],[8.8567,49.89049],[8.85169,49.88842],[8.84479,49.88714],[8.83999,49.88422],[8.83968,49.88281],[8.84271,49.87879],[8.84732,49.87822],[8.85104,49.87654],[8.85341,49.87406],[8.85633,49.86886],[8.86346,49.86632],[8.86536,49.86459],[8.87589,49.86827],[8.87972,49.86866],[8.885,49.86797],[8.88858,49.86645],[8.89167,49.86285],[8.89195,49.86074],[8.89514,49.85822],[8.89668,49.85373],[8.90014,49.85173],[8.90431,49.84689],[8.91411,49.84599],[8.91815,49.84439],[8.92033,49.8426],[8.92696,49.84056],[8.92946,49.83814],[8.93113,49.82771],[8.93318,49.82547],[8.93343,49.82066],[8.93778,49.81521],[8.94269,49.81446],[8.94764,49.81477],[8.95416,49.8129],[8.9582,49.81329],[8.96467,49.81189],[8.97436,49.81902],[8.97864,49.82041],[8.98427,49.82119],[8.99084,49.82029],[8.99448,49.82249],[8.99943,49.82396],[9.00051,49.82653],[9.00774,49.83113],[9.0124,49.8349],[9.01179,49.83894],[9.0098,49.84265],[9.01044,49.8476],[9.01243,49.84993],[9.01749,49.85218],[9.02522,49.85263],[9.02925,49.85212],[9.03271,49.8507],[9.03617,49.84658],[9.04073,49.84754],[9.04302,49.8504],[9.0436,49.85546],[9.03576,49.85947],[9.0296,49.86637],[9.02635,49.86907],[9.0256,49.87359],[9.02156,49.87433],[9.01621,49.87619],[9.00984,49.87637],[9.00483,49.87873],[9.00255,49.88246],[9.00285,49.89049],[9.00007,49.89415],[8.99401,49.89349],[8.98945,49.89452],[8.98407,49.89685],[8.9808,49.90087],[8.98069,49.90261],[8.97615,49.90224],[8.97195,49.90288],[8.96661,49.90533],[8.96438,49.90751],[8.96364,49.91151],[8.95862,49.91556],[8.95711,49.91933],[8.95023,49.91706]]],[[[8.72564,49.85615],[8.72944,49.85283],[8.73444,49.85253],[8.74311,49.85059],[8.75053,49.84682],[8.76181,49.84897],[8.76517,49.84888],[8.7723,49.84987],[8.77757,49.84938],[8.7839,49.85038],[8.78902,49.85434],[8.79716,49.85706],[8.80106,49.86412],[8.80485,49.86781],[8.80487,49.87379],[8.8088,49.87805],[8.80629,49.88011],[8.80303,49.88093],[8.79818,49.8797],[8.79199,49.87996],[8.7407,49.89203],[8.73293,49.88782],[8.7272,49.88392],[8.72599,49.87706],[8.72747,49.87504],[8.72685,49.86997],[8.72829,49.86564],[8.72533,49.85748],[8.72564,49.85615]]],[[[8.75609,49.98892],[8.76119,49.98455],[8.7678,49.98462],[8.77395,49.98265],[8.79795,49.98844],[8.80106,49.992],[8.80972,50.00447],[8.81472,50.00704],[8.82643,50.00897],[8.81902,50.02701],[8.81411,50.02588],[8.8079,50.02621],[8.80421,50.02729],[8.80089,50.02946],[8.79673,50.03636],[8.77861,50.03939],[8.77459,50.03666],[8.76832,50.03454],[8.76063,50.02723],[8.75632,50.02533],[8.74669,50.02253],[8.75513,50.01394],[8.75589,50.01105],[8.75513,50.00832],[8.75633,50.00629],[8.75762,49.99939],[8.75583,49.99356],[8.75609,49.98892]]]]}},{"type":"Feature","properties":{"level":"subregion","subregionId":"franken","nameJa":"フランケン"},"geometry":{"type":"MultiPolygon","coordinates":[[[[9.12915,49.78767],[9.131,49.78536],[9.13134,49.78262],[9.12887,49.77885],[9.12559,49.77711],[9.11748,49.77448],[9.1135,49.77371],[9.111,49.76611],[9.10851,49.76244],[9.10698,49.75874],[9.11184,49.75677],[9.12446,49.75595],[9.13188,49.75361],[9.14023,49.7496],[9.1433,49.7452],[9.15063,49.7429],[9.16166,49.7462],[9.17163,49.74708],[9.17757,49.74579],[9.1805,49.74384],[9.18457,49.73914],[9.18897,49.73571],[9.19316,49.73351],[9.19788,49.73204],[9.21006,49.72925],[9.21595,49.72689],[9.22092,49.72278],[9.22423,49.71679],[9.22418,49.71408],[9.22259,49.71159],[9.21969,49.70964],[9.21525,49.70838],[9.2106,49.70838],[9.20443,49.7105],[9.19675,49.70959],[9.19009,49.70944],[9.18617,49.70993],[9.18074,49.70653],[9.17859,49.70448],[9.17329,49.70219],[9.16933,49.70163],[9.16532,49.70203],[9.15995,49.70435],[9.15349,49.71079],[9.15238,49.71699],[9.15314,49.72016],[9.14903,49.7251],[9.13928,49.7269],[9.13624,49.72388],[9.13507,49.71955],[9.13277,49.71711],[9.12919,49.71544],[9.12269,49.71477],[9.12254,49.71218],[9.12562,49.70616],[9.12479,49.70217],[9.12241,49.69995],[9.11894,49.69846],[9.10514,49.69692],[9.10329,49.69387],[9.09707,49.68932],[9.09347,49.68771],[9.09447,49.68426],[9.10668,49.6787],[9.10912,49.6761],[9.11068,49.67252],[9.11622,49.67173],[9.12818,49.66508],[9.12978,49.66261],[9.12986,49.65966],[9.13736,49.66102],[9.16623,49.65918],[9.17228,49.65855],[9.17538,49.65976],[9.18018,49.66023],[9.18504,49.65987],[9.18885,49.65865],[9.19167,49.65659],[9.19317,49.65209],[9.19572,49.65107],[9.20185,49.65096],[9.20492,49.65027],[9.20826,49.65267],[9.21216,49.65429],[9.21674,49.65473],[9.22281,49.6545],[9.22631,49.65525],[9.234,49.65842],[9.24158,49.65865],[9.2443,49.65987],[9.2494,49.66074],[9.25625,49.66085],[9.26909,49.65915],[9.27161,49.66332],[9.27462,49.66542],[9.27865,49.66659],[9.28307,49.66665],[9.28958,49.66422],[9.2968,49.66289],[9.30052,49.6612],[9.30292,49.65908],[9.30418,49.655],[9.31265,49.65347],[9.31768,49.65071],[9.3299,49.64724],[9.3367,49.64441],[9.34382,49.64433],[9.34738,49.64826],[9.35038,49.64991],[9.35928,49.65342],[9.36534,49.6538],[9.36916,49.65285],[9.37459,49.64998],[9.38052,49.64429],[9.38347,49.64291],[9.38834,49.64504],[9.39462,49.64599],[9.39972,49.64541],[9.40593,49.64539],[9.41011,49.64965],[9.41625,49.6538],[9.41943,49.65881],[9.41508,49.66044],[9.40921,49.66455],[9.40672,49.66826],[9.40699,49.67098],[9.4088,49.67344],[9.41233,49.67546],[9.41273,49.67724],[9.40645,49.67951],[9.39938,49.67707],[9.39558,49.67676],[9.38661,49.67716],[9.38295,49.6782],[9.37796,49.68119],[9.36943,49.68484],[9.36683,49.68739],[9.36603,49.68969],[9.35874,49.6967],[9.35677,49.701],[9.35733,49.70422],[9.35351,49.70882],[9.35221,49.7137],[9.3525,49.71795],[9.35423,49.72044],[9.35727,49.72233],[9.36292,49.72357],[9.36807,49.72639],[9.37333,49.72739],[9.37138,49.72879],[9.3634,49.73156],[9.35947,49.73113],[9.3462,49.73305],[9.34209,49.73409],[9.33608,49.7341],[9.32863,49.73191],[9.32456,49.73171],[9.32066,49.73247],[9.3156,49.73522],[9.31245,49.73512],[9.29991,49.73786],[9.29567,49.74048],[9.2886,49.7415],[9.27874,49.74235],[9.27352,49.7454],[9.26872,49.74524],[9.26115,49.74762],[9.25712,49.75023],[9.25121,49.75249],[9.24906,49.75499],[9.24859,49.75782],[9.24233,49.76007],[9.23344,49.76078],[9.22939,49.76198],[9.22639,49.76411],[9.22455,49.7671],[9.21681,49.76739],[9.21158,49.77004],[9.20913,49.77264],[9.20831,49.77566],[9.21001,49.77927],[9.20833,49.78583],[9.2091,49.78843],[9.21127,49.79067],[9.21449,49.79223],[9.21643,49.79756],[9.22139,49.80267],[9.22727,49.80466],[9.23256,49.80447],[9.245,49.8049],[9.24582,49.80983],[9.24387,49.81211],[9.24234,49.81713],[9.23661,49.8195],[9.2338,49.82154],[9.23237,49.82412],[9.23248,49.82932],[9.23442,49.83401],[9.23719,49.83697],[9.24036,49.83867],[9.24799,49.8395],[9.25008,49.84657],[9.25351,49.84999],[9.25912,49.85176],[9.25327,49.85558],[9.25173,49.85805],[9.25197,49.86263],[9.2453,49.86568],[9.24027,49.86453],[9.23787,49.85859],[9.23577,49.85626],[9.23054,49.85409],[9.22443,49.85355],[9.22249,49.85031],[9.21965,49.84825],[9.21582,49.84702],[9.21156,49.84683],[9.20749,49.84769],[9.19944,49.85059],[9.16853,49.85785],[9.16338,49.8604],[9.16065,49.86283],[9.15968,49.86576],[9.16357,49.88226],[9.16248,49.8881],[9.15901,49.8912],[9.15313,49.89438],[9.14853,49.89441],[9.14521,49.8952],[9.13813,49.89438],[9.1299,49.89272],[9.12564,49.88868],[9.12147,49.88637],[9.11899,49.88317],[9.11229,49.8803],[9.10789,49.88005],[9.10369,49.88092],[9.10034,49.88278],[9.09798,49.88518],[9.09657,49.88937],[9.09784,49.89213],[9.1045,49.89636],[9.10641,49.89986],[9.10926,49.90206],[9.10774,49.90623],[9.10838,49.90819],[9.1053,49.9132],[9.10615,49.91763],[9.10841,49.9212],[9.11192,49.92505],[9.11179,49.92942],[9.11521,49.93281],[9.11886,49.93415],[9.12303,49.93452],[9.12711,49.93388],[9.13668,49.92961],[9.1399,49.92755],[9.1428,49.92455],[9.14426,49.92073],[9.15147,49.92138],[9.16179,49.92343],[9.16696,49.92625],[9.17151,49.92716],[9.18102,49.92612],[9.18982,49.92724],[9.19462,49.92897],[9.20534,49.93073],[9.21184,49.93245],[9.21619,49.93466],[9.22094,49.93548],[9.23144,49.9356],[9.236,49.93446],[9.23592,49.94028],[9.23077,49.94289],[9.22409,49.94519],[9.22066,49.94951],[9.21628,49.95058],[9.21285,49.95285],[9.21136,49.95491],[9.20601,49.95498],[9.20206,49.95626],[9.19918,49.95843],[9.19758,49.96121],[9.19221,49.96433],[9.19081,49.96681],[9.19089,49.96944],[9.19263,49.97213],[9.19581,49.97415],[9.19998,49.97521],[9.20445,49.97513],[9.21114,49.97234],[9.218,49.97004],[9.22221,49.96624],[9.22562,49.96799],[9.23537,49.97056],[9.23881,49.97368],[9.23637,49.98159],[9.23744,49.9853],[9.23654,49.98892],[9.23646,49.99472],[9.23722,49.99709],[9.23575,50.00127],[9.23624,50.00387],[9.24116,50.00858],[9.23591,50.01382],[9.23363,50.02079],[9.23372,50.02771],[9.23537,50.03033],[9.23846,50.03234],[9.24675,50.03442],[9.25146,50.03927],[9.25118,50.04167],[9.25244,50.04445],[9.24899,50.04743],[9.24494,50.04826],[9.2403,50.05021],[9.23381,50.05209],[9.23002,50.05516],[9.22798,50.05586],[9.22258,50.05301],[9.21624,50.05216],[9.20777,50.05199],[9.20533,50.04913],[9.20025,50.04704],[9.19433,50.04647],[9.18999,50.04495],[9.1862,50.04163],[9.17919,50.03932],[9.1773,50.03745],[9.17718,50.03493],[9.17393,50.0279],[9.17687,50.02641],[9.18204,50.0225],[9.18454,50.0181],[9.18831,50.01735],[9.19166,50.01564],[9.19377,50.01325],[9.19449,50.00975],[9.19337,50.007],[9.19416,50.00003],[9.19498,49.99863],[9.19454,49.99397],[9.19235,49.99032],[9.18974,49.98809],[9.18602,49.98668],[9.18174,49.98628],[9.17465,49.98745],[9.17119,49.98892],[9.16785,49.99308],[9.16217,49.99576],[9.15902,49.99957],[9.15254,49.99958],[9.1448,50.00221],[9.13802,50.00329],[9.13112,50.00788],[9.12841,50.01031],[9.12697,50.01393],[9.11609,50.01239],[9.11185,50.01256],[9.10642,50.01467],[9.1042,50.01701],[9.10287,50.02121],[9.09822,50.01823],[9.09591,50.01572],[9.09147,50.01356],[9.08807,50.01286],[9.08537,50.01037],[9.08022,50.00779],[9.08428,50.00313],[9.08671,49.99732],[9.09529,49.99295],[9.10175,49.98914],[9.10559,49.98473],[9.1074,49.98061],[9.10663,49.97792],[9.10436,49.97561],[9.10091,49.97401],[9.0923,49.97337],[9.08709,49.97445],[9.08408,49.97093],[9.08448,49.96927],[9.08782,49.96523],[9.08835,49.96254],[9.0862,49.95874],[9.08123,49.95629],[9.07392,49.95513],[9.06572,49.95618],[9.05879,49.95609],[9.05182,49.95461],[9.04524,49.95545],[9.03051,49.95414],[9.02649,49.95498],[9.01911,49.94707],[9.0228,49.94535],[9.02499,49.94282],[9.02731,49.93425],[9.02931,49.93093],[9.02948,49.92756],[9.03102,49.9227],[9.02721,49.91694],[9.02342,49.91019],[9.02722,49.90825],[9.03003,49.90584],[9.03134,49.90135],[9.03505,49.89795],[9.03638,49.89542],[9.03748,49.89061],[9.03735,49.87928],[9.03954,49.87404],[9.03846,49.86965],[9.03347,49.86647],[9.03427,49.86366],[9.03385,49.86054],[9.03965,49.85632],[9.04129,49.85232],[9.04032,49.84961],[9.03618,49.84651],[9.03772,49.84264],[9.04117,49.84027],[9.049,49.84014],[9.05279,49.83868],[9.0554,49.83638],[9.05798,49.83272],[9.06372,49.83181],[9.0702,49.83329],[9.07171,49.83615],[9.07744,49.84178],[9.08355,49.84504],[9.08965,49.84584],[9.10219,49.84875],[9.11152,49.85279],[9.116,49.85338],[9.12051,49.85513],[9.12452,49.85544],[9.13034,49.85426],[9.13518,49.85409],[9.13946,49.85473],[9.14409,49.85418],[9.14899,49.85246],[9.15207,49.85026],[9.15352,49.84744],[9.15308,49.84448],[9.15101,49.84022],[9.14649,49.83278],[9.14173,49.82764],[9.13778,49.82074],[9.13638,49.81472],[9.13309,49.81139],[9.12399,49.80781],[9.12154,49.80613],[9.1162,49.80405],[9.10827,49.79804],[9.11392,49.79771],[9.12242,49.79655],[9.12605,49.79507],[9.12854,49.79282],[9.12915,49.78767]]],[[[9.52892,49.76261],[9.53469,49.76599],[9.53861,49.76699],[9.54485,49.76657],[9.54974,49.76403],[9.55243,49.76043],[9.55504,49.74765],[9.55705,49.74598],[9.56084,49.74462],[9.56651,49.7457],[9.5689,49.75041],[9.56673,49.75438],[9.561,49.75985],[9.55839,49.76509],[9.55762,49.77482],[9.55894,49.77742],[9.56344,49.78027],[9.56748,49.78107],[9.57169,49.78083],[9.58097,49.77808],[9.58745,49.77989],[9.59102,49.78007],[9.60153,49.78231],[9.60825,49.78333],[9.6204,49.78376],[9.63207,49.78604],[9.63857,49.78521],[9.64197,49.78335],[9.64398,49.78077],[9.64508,49.77503],[9.6466,49.77072],[9.64987,49.76711],[9.65297,49.76604],[9.65553,49.76722],[9.66495,49.76903],[9.672,49.76942],[9.67744,49.77106],[9.68431,49.77199],[9.691,49.77061],[9.69688,49.77152],[9.705,49.77356],[9.71048,49.77553],[9.71521,49.77587],[9.72181,49.77411],[9.72709,49.77339],[9.73273,49.77078],[9.73478,49.76843],[9.73654,49.76412],[9.74447,49.76341],[9.75098,49.76714],[9.75381,49.76814],[9.75331,49.77506],[9.75707,49.78067],[9.75383,49.78468],[9.75239,49.78924],[9.75009,49.79263],[9.74977,49.79518],[9.7506,49.80057],[9.75249,49.80308],[9.75571,49.80493],[9.75978,49.80585],[9.76856,49.80645],[9.77647,49.8055],[9.78281,49.80262],[9.78755,49.8036],[9.79262,49.80603],[9.79703,49.81019],[9.7983,49.81242],[9.80117,49.81454],[9.80153,49.81875],[9.80583,49.82366],[9.8095,49.82527],[9.81385,49.82583],[9.81991,49.8257],[9.82588,49.82369],[9.82995,49.82503],[9.8342,49.82522],[9.84017,49.82367],[9.84845,49.82397],[9.85435,49.82524],[9.85883,49.82508],[9.86829,49.82207],[9.87136,49.81993],[9.87285,49.81718],[9.8734,49.81223],[9.87779,49.80515],[9.87826,49.80238],[9.87708,49.7997],[9.87179,49.7964],[9.87283,49.79273],[9.87213,49.79007],[9.86997,49.78777],[9.86169,49.78468],[9.85495,49.78407],[9.85346,49.78199],[9.85232,49.77496],[9.85076,49.77268],[9.84684,49.76929],[9.842,49.76722],[9.84156,49.76437],[9.84693,49.76028],[9.84871,49.75795],[9.85162,49.75653],[9.85565,49.7608],[9.85917,49.76251],[9.8685,49.76321],[9.87264,49.76222],[9.87585,49.76027],[9.87764,49.75765],[9.87695,49.75319],[9.88207,49.74722],[9.88764,49.74448],[9.89517,49.7443],[9.90445,49.74565],[9.91159,49.74388],[9.91662,49.74087],[9.92203,49.73891],[9.9284,49.73732],[9.93292,49.73471],[9.93641,49.72863],[9.93725,49.72332],[9.93962,49.72042],[9.94598,49.71745],[9.94779,49.71491],[9.9483,49.71098],[9.95472,49.71171],[9.96149,49.71024],[9.96624,49.71099],[9.97523,49.71151],[9.97968,49.71111],[9.98352,49.7096],[9.98612,49.70722],[9.98683,49.7029],[9.98975,49.69861],[9.98909,49.69324],[9.98396,49.68932],[9.98108,49.6862],[9.97851,49.68168],[9.97972,49.67989],[9.98099,49.67387],[9.98532,49.66943],[9.98548,49.66658],[9.98393,49.66391],[9.97896,49.66097],[9.98776,49.66134],[9.99475,49.66335],[10.00115,49.66349],[10.0066,49.66132],[10.00877,49.65891],[10.00937,49.65631],[10.01244,49.64863],[10.01189,49.64532],[10.01606,49.64024],[10.02217,49.64187],[10.02633,49.64192],[10.03022,49.64096],[10.03493,49.63732],[10.04151,49.63534],[10.04419,49.63335],[10.04554,49.62846],[10.04897,49.6219],[10.04889,49.61901],[10.04706,49.61637],[10.04267,49.61292],[10.03713,49.60965],[10.03244,49.60851],[10.0332,49.60415],[10.03498,49.60111],[10.03871,49.60083],[10.04376,49.59892],[10.05063,49.59771],[10.05503,49.59392],[10.05903,49.59415],[10.0654,49.59252],[10.0696,49.59266],[10.07587,49.59488],[10.07932,49.59737],[10.08302,49.59859],[10.08855,49.60711],[10.09198,49.61004],[10.0952,49.61167],[10.0992,49.61258],[10.0991,49.61483],[10.10197,49.61872],[10.10574,49.6205],[10.11031,49.62111],[10.11783,49.62023],[10.12124,49.61876],[10.12633,49.61427],[10.13214,49.61163],[10.1406,49.61099],[10.14482,49.61005],[10.14925,49.60683],[10.15417,49.60073],[10.1552,49.5969],[10.15795,49.59387],[10.16454,49.59167],[10.16726,49.58854],[10.17184,49.5858],[10.17359,49.5835],[10.17861,49.58379],[10.18239,49.58297],[10.18547,49.58134],[10.19221,49.58054],[10.2039,49.58155],[10.20978,49.58033],[10.21559,49.57709],[10.21807,49.57493],[10.22027,49.56433],[10.21962,49.56147],[10.21729,49.559],[10.21066,49.5561],[10.20483,49.55539],[10.20031,49.55608],[10.1939,49.55533],[10.18798,49.55583],[10.18447,49.55694],[10.17793,49.56007],[10.16961,49.56101],[10.16837,49.55957],[10.16587,49.55301],[10.16583,49.54914],[10.16803,49.54413],[10.17314,49.53887],[10.17344,49.53497],[10.17144,49.53166],[10.16693,49.52828],[10.15886,49.52476],[10.15427,49.52364],[10.15712,49.51965],[10.16143,49.51681],[10.16373,49.51411],[10.16434,49.51096],[10.16613,49.50822],[10.16574,49.50409],[10.16242,49.49855],[10.15577,49.49548],[10.15064,49.49499],[10.14431,49.49293],[10.1363,49.49361],[10.13861,49.48956],[10.1385,49.48667],[10.13436,49.48248],[10.13503,49.47775],[10.1331,49.47513],[10.12767,49.47263],[10.12322,49.47233],[10.11844,49.47312],[10.11708,49.46801],[10.11343,49.46473],[10.10487,49.46276],[10.10221,49.45898],[10.09796,49.45701],[10.09659,49.45079],[10.09484,49.44798],[10.10205,49.44565],[10.10481,49.44412],[10.11174,49.43881],[10.11927,49.44069],[10.12369,49.44016],[10.12924,49.43814],[10.13298,49.43491],[10.13368,49.43208],[10.13647,49.4297],[10.1375,49.42479],[10.13985,49.42388],[10.14582,49.42416],[10.15184,49.42521],[10.15736,49.42462],[10.16693,49.42425],[10.16804,49.42619],[10.17125,49.42848],[10.18457,49.4322],[10.18872,49.43252],[10.19258,49.43426],[10.18942,49.44473],[10.18934,49.44885],[10.18815,49.45185],[10.18751,49.45677],[10.18215,49.463],[10.18144,49.46725],[10.17574,49.47381],[10.17435,49.47774],[10.17637,49.48423],[10.1791,49.48661],[10.18308,49.48807],[10.19195,49.48933],[10.19894,49.48981],[10.2023,49.48932],[10.20683,49.49111],[10.21111,49.49143],[10.21893,49.49043],[10.22231,49.48891],[10.23154,49.48815],[10.23617,49.48942],[10.24022,49.49221],[10.24403,49.49313],[10.2481,49.49309],[10.26095,49.48934],[10.2646,49.48931],[10.27138,49.48776],[10.27554,49.48979],[10.27997,49.49051],[10.2872,49.49386],[10.2874,49.4966],[10.28908,49.49918],[10.29214,49.50114],[10.30133,49.50405],[10.30575,49.50415],[10.31604,49.50283],[10.31865,49.50161],[10.32909,49.5022],[10.33351,49.50134],[10.33876,49.50217],[10.34473,49.50192],[10.35576,49.49866],[10.35915,49.49699],[10.36125,49.49472],[10.36988,49.49147],[10.37652,49.49324],[10.39366,49.4934],[10.39981,49.4916],[10.40248,49.48921],[10.40619,49.48306],[10.40649,49.47983],[10.41139,49.47642],[10.41282,49.47309],[10.41927,49.47141],[10.42163,49.46999],[10.42568,49.46942],[10.43191,49.46674],[10.43925,49.46583],[10.44665,49.46231],[10.45301,49.46221],[10.46271,49.46451],[10.4655,49.46644],[10.47238,49.46838],[10.4789,49.46815],[10.48411,49.46979],[10.48662,49.47282],[10.4898,49.47463],[10.49591,49.47559],[10.50384,49.47532],[10.5044,49.47795],[10.5072,49.48221],[10.51214,49.48485],[10.51635,49.4854],[10.5343,49.4838],[10.53816,49.48393],[10.54266,49.48308],[10.54621,49.48109],[10.55599,49.47319],[10.56317,49.47121],[10.56697,49.47178],[10.57055,49.4738],[10.57461,49.47478],[10.57894,49.47467],[10.58547,49.47287],[10.59336,49.47531],[10.59782,49.47523],[10.60187,49.47401],[10.60605,49.46998],[10.61519,49.46953],[10.61999,49.47014],[10.63001,49.46932],[10.63309,49.46822],[10.64022,49.4711],[10.64467,49.47161],[10.64906,49.47091],[10.65327,49.46866],[10.66402,49.46899],[10.6697,49.47198],[10.67884,49.47398],[10.68477,49.47698],[10.69163,49.47816],[10.68566,49.48463],[10.68505,49.48729],[10.68598,49.48991],[10.68886,49.49294],[10.69229,49.49444],[10.70019,49.49505],[10.7051,49.49654],[10.7094,49.50251],[10.71323,49.50524],[10.71324,49.51054],[10.71037,49.51426],[10.70545,49.51526],[10.70154,49.51528],[10.69655,49.51666],[10.68696,49.51699],[10.67671,49.51957],[10.67365,49.52157],[10.67201,49.52418],[10.67268,49.52835],[10.67759,49.5326],[10.66693,49.5325],[10.6615,49.53411],[10.65759,49.53807],[10.65726,49.54103],[10.65404,49.54265],[10.64703,49.54237],[10.6442,49.54022],[10.63861,49.53724],[10.6305,49.53477],[10.62316,49.53301],[10.6148,49.53309],[10.61095,49.53413],[10.60797,49.53603],[10.60601,49.53987],[10.60665,49.54255],[10.61126,49.54709],[10.60728,49.54887],[10.60341,49.54799],[10.59894,49.54821],[10.59044,49.55123],[10.58272,49.55102],[10.57891,49.55179],[10.57577,49.55339],[10.57105,49.55775],[10.56443,49.56034],[10.56242,49.56291],[10.56185,49.56633],[10.55792,49.56916],[10.55285,49.5673],[10.54749,49.56729],[10.54364,49.56661],[10.53676,49.56749],[10.53033,49.56602],[10.52599,49.56652],[10.52246,49.56799],[10.51919,49.56796],[10.51282,49.56994],[10.50587,49.56815],[10.49877,49.56844],[10.49239,49.57061],[10.48872,49.57116],[10.47399,49.57036],[10.46965,49.5713],[10.46512,49.5746],[10.46388,49.57899],[10.46493,49.58408],[10.46652,49.58668],[10.47068,49.59043],[10.47475,49.59295],[10.48069,49.59444],[10.48569,49.59658],[10.48946,49.59927],[10.49339,49.60037],[10.49984,49.6002],[10.50321,49.60259],[10.50107,49.60764],[10.50096,49.61579],[10.49873,49.61906],[10.49946,49.62328],[10.49788,49.62504],[10.49149,49.62721],[10.48676,49.63074],[10.47228,49.63079],[10.47001,49.6313],[10.46532,49.62998],[10.46115,49.63004],[10.45273,49.63284],[10.44192,49.63306],[10.43718,49.63422],[10.41476,49.63312],[10.40573,49.6331],[10.3917,49.63416],[10.38637,49.63603],[10.38242,49.6407],[10.38213,49.64341],[10.3792,49.65035],[10.37613,49.65208],[10.37056,49.65719],[10.36833,49.66055],[10.3682,49.66584],[10.36911,49.668],[10.36796,49.67197],[10.36541,49.67537],[10.36543,49.67818],[10.36936,49.68268],[10.37312,49.68425],[10.38187,49.68527],[10.38497,49.68508],[10.38711,49.68803],[10.38709,49.69084],[10.38272,49.69395],[10.3781,49.6922],[10.37289,49.69143],[10.36895,49.69176],[10.36491,49.69323],[10.35982,49.69392],[10.35515,49.69665],[10.35367,49.69922],[10.35379,49.7025],[10.35728,49.70655],[10.36111,49.70842],[10.37025,49.71151],[10.37392,49.71652],[10.37423,49.71963],[10.37777,49.72328],[10.3867,49.72663],[10.39287,49.72962],[10.39523,49.73167],[10.40073,49.73443],[10.40463,49.73531],[10.40875,49.73519],[10.41411,49.73325],[10.41761,49.73094],[10.42228,49.73144],[10.42459,49.736],[10.42749,49.73797],[10.42877,49.74099],[10.43239,49.74505],[10.4347,49.74663],[10.43631,49.75133],[10.43027,49.75277],[10.42709,49.75452],[10.42514,49.75692],[10.42469,49.75961],[10.42581,49.76221],[10.42904,49.76521],[10.43184,49.76996],[10.42867,49.77365],[10.42765,49.77795],[10.42868,49.78237],[10.42328,49.78732],[10.42222,49.7911],[10.42294,49.79417],[10.42483,49.7967],[10.42807,49.79856],[10.43197,49.79945],[10.43411,49.8029],[10.43956,49.80646],[10.44082,49.80883],[10.43806,49.81251],[10.43803,49.81515],[10.44115,49.81915],[10.44899,49.8224],[10.44983,49.82508],[10.45577,49.83243],[10.46191,49.83598],[10.45824,49.83731],[10.45542,49.83941],[10.4498,49.84172],[10.4476,49.84412],[10.44699,49.85147],[10.44911,49.85551],[10.44986,49.85865],[10.45348,49.86846],[10.45289,49.87216],[10.44812,49.87473],[10.44369,49.87509],[10.43988,49.87638],[10.43736,49.87825],[10.42623,49.87865],[10.42227,49.88015],[10.41856,49.88344],[10.41754,49.88611],[10.41904,49.89008],[10.42184,49.89214],[10.42773,49.89363],[10.43183,49.89335],[10.44226,49.89533],[10.44461,49.89751],[10.4484,49.89916],[10.45289,49.89968],[10.45733,49.899],[10.46196,49.89649],[10.4691,49.89518],[10.47091,49.89619],[10.46762,49.89877],[10.46653,49.90139],[10.46783,49.90533],[10.47048,49.90743],[10.47661,49.90927],[10.47532,49.91437],[10.47691,49.91698],[10.48069,49.91934],[10.47206,49.92123],[10.46565,49.92441],[10.46224,49.92913],[10.45435,49.93365],[10.45291,49.93637],[10.45406,49.94058],[10.45685,49.94282],[10.46201,49.9449],[10.46624,49.94522],[10.47216,49.94376],[10.47946,49.93956],[10.49029,49.93915],[10.49562,49.93787],[10.50237,49.93558],[10.51369,49.93256],[10.51818,49.93216],[10.52654,49.92984],[10.5291,49.93099],[10.53831,49.9326],[10.5457,49.93838],[10.55101,49.94047],[10.55668,49.9467],[10.56316,49.94975],[10.56738,49.95027],[10.5739,49.94912],[10.58199,49.95024],[10.58381,49.95297],[10.5867,49.95475],[10.59171,49.95595],[10.59752,49.95848],[10.60172,49.95871],[10.60751,49.95717],[10.61023,49.9551],[10.61303,49.95162],[10.61818,49.95057],[10.62656,49.9468],[10.63552,49.9444],[10.64428,49.94527],[10.65721,49.94412],[10.66683,49.94013],[10.67155,49.93525],[10.67906,49.93078],[10.68661,49.9284],[10.69502,49.92708],[10.69954,49.9272],[10.70411,49.92611],[10.71153,49.92206],[10.71591,49.9209],[10.73935,49.90837],[10.74783,49.90541],[10.75593,49.90337],[10.76282,49.90555],[10.76435,49.9074],[10.76963,49.90994],[10.77402,49.91034],[10.78095,49.90971],[10.78664,49.91072],[10.79734,49.91796],[10.8045,49.92099],[10.80856,49.92127],[10.8125,49.92059],[10.81645,49.91888],[10.82011,49.91849],[10.8298,49.9149],[10.83463,49.9125],[10.83749,49.9087],[10.8373,49.90587],[10.83542,49.9033],[10.82657,49.89851],[10.82825,49.89464],[10.833,49.89073],[10.83362,49.88774],[10.83308,49.8814],[10.8378,49.87739],[10.83849,49.87531],[10.84498,49.8733],[10.84957,49.87343],[10.85368,49.87242],[10.85808,49.86944],[10.86338,49.86731],[10.86648,49.8643],[10.87214,49.86339],[10.87593,49.8619],[10.88316,49.85568],[10.88749,49.85471],[10.8973,49.85119],[10.90073,49.84906],[10.90602,49.84864],[10.92637,49.84254],[10.92885,49.84309],[10.92912,49.84603],[10.93165,49.85039],[10.93498,49.85247],[10.93932,49.8535],[10.94741,49.85404],[10.95388,49.85263],[10.95978,49.84965],[10.95104,49.86205],[10.95088,49.86556],[10.94913,49.86825],[10.94928,49.87211],[10.95269,49.87605],[10.95141,49.88107],[10.95209,49.89129],[10.95056,49.8979],[10.94703,49.906],[10.94361,49.91091],[10.9381,49.91664],[10.92583,49.92501],[10.92022,49.92543],[10.91662,49.92694],[10.9072,49.92285],[10.90039,49.92115],[10.8863,49.92051],[10.88116,49.91647],[10.86977,49.91376],[10.86546,49.91383],[10.85914,49.91634],[10.84785,49.91612],[10.84366,49.91719],[10.84047,49.91926],[10.83881,49.92197],[10.83827,49.92799],[10.83943,49.93074],[10.84394,49.93459],[10.84472,49.93954],[10.84743,49.94183],[10.85132,49.94326],[10.85782,49.94369],[10.86397,49.9423],[10.87014,49.94026],[10.87577,49.94371],[10.8824,49.94565],[10.8852,49.94779],[10.89445,49.95062],[10.89677,49.95328],[10.89386,49.95618],[10.89209,49.9633],[10.88293,49.96259],[10.87677,49.96408],[10.87238,49.96639],[10.86872,49.96924],[10.8665,49.97399],[10.86303,49.97415],[10.85677,49.97309],[10.84939,49.96965],[10.84581,49.96872],[10.84315,49.96362],[10.8385,49.96004],[10.83266,49.95819],[10.82829,49.95829],[10.82432,49.95947],[10.82074,49.96212],[10.81551,49.96452],[10.81236,49.96518],[10.81002,49.96375],[10.80267,49.96113],[10.79443,49.9606],[10.78998,49.95877],[10.78593,49.95839],[10.78014,49.95962],[10.77485,49.96278],[10.76832,49.96348],[10.76325,49.96577],[10.76106,49.96816],[10.75736,49.96696],[10.75333,49.96344],[10.74925,49.96215],[10.73987,49.96234],[10.73159,49.96213],[10.72504,49.96132],[10.72072,49.96216],[10.71596,49.96511],[10.70783,49.9675],[10.70458,49.96929],[10.70261,49.97175],[10.70222,49.9745],[10.70444,49.97845],[10.70496,49.98161],[10.70701,49.98391],[10.71021,49.98558],[10.71746,49.98637],[10.71992,49.98741],[10.72931,49.98912],[10.73328,49.98927],[10.73911,49.99152],[10.74754,49.99302],[10.7508,49.99294],[10.75639,49.99465],[10.76478,50.00043],[10.7642,50.00383],[10.76661,50.00973],[10.76522,50.01334],[10.75456,50.01377],[10.74872,50.01046],[10.74481,50.00916],[10.73687,50.00831],[10.73242,50.00869],[10.72422,50.01196],[10.71612,50.00692],[10.70976,50.00619],[10.70708,50.0066],[10.69428,50.00502],[10.68955,50.00568],[10.68264,50.00789],[10.67799,50.01169],[10.67612,50.01598],[10.67181,50.01932],[10.67098,50.02207],[10.67233,50.02555],[10.66967,50.02785],[10.66828,50.03209],[10.66646,50.03477],[10.66569,50.03818],[10.66765,50.04215],[10.67075,50.04411],[10.67744,50.04682],[10.68347,50.04813],[10.68263,50.05292],[10.6837,50.05749],[10.68883,50.06265],[10.68615,50.06867],[10.68125,50.07116],[10.66889,50.07404],[10.66551,50.07554],[10.66114,50.0792],[10.65521,50.07832],[10.65082,50.07911],[10.6451,50.08102],[10.63149,50.0838],[10.62361,50.08637],[10.61649,50.0872],[10.60915,50.09055],[10.60467,50.09175],[10.60091,50.09373],[10.59593,50.09739],[10.59001,50.09925],[10.58403,50.10453],[10.58022,50.10623],[10.57765,50.10876],[10.57691,50.11173],[10.57782,50.1145],[10.57206,50.113],[10.5677,50.11296],[10.56394,50.11389],[10.55574,50.11456],[10.55229,50.11559],[10.54935,50.11481],[10.54416,50.11114],[10.54073,50.11038],[10.53397,50.10624],[10.52335,50.10261],[10.52103,50.09804],[10.5177,50.09619],[10.51353,50.09531],[10.50915,50.09553],[10.50081,50.09745],[10.49825,50.09675],[10.49555,50.09298],[10.49144,50.09072],[10.48683,50.08661],[10.48149,50.08459],[10.47565,50.08311],[10.47172,50.08116],[10.46362,50.07984],[10.45936,50.08024],[10.45348,50.07943],[10.4492,50.08014],[10.44534,50.0821],[10.44308,50.08222],[10.4372,50.0845],[10.41782,50.08501],[10.41305,50.08753],[10.40752,50.08676],[10.40367,50.08727],[10.3995,50.08906],[10.39723,50.09115],[10.39141,50.09379],[10.38842,50.09755],[10.38852,50.10039],[10.39178,50.10405],[10.39365,50.10497],[10.39805,50.11059],[10.40111,50.11277],[10.40413,50.11796],[10.409,50.12326],[10.41288,50.125],[10.41795,50.12576],[10.42562,50.12762],[10.43021,50.13164],[10.43412,50.1327],[10.43836,50.13274],[10.44418,50.13085],[10.45088,50.12997],[10.45501,50.12888],[10.45894,50.12654],[10.46659,50.12521],[10.47207,50.12474],[10.47779,50.12147],[10.48072,50.12163],[10.48265,50.12788],[10.48215,50.13436],[10.48451,50.13984],[10.48395,50.14287],[10.485,50.14562],[10.48763,50.14789],[10.49141,50.14933],[10.49615,50.14972],[10.49885,50.15092],[10.49919,50.15588],[10.50248,50.1609],[10.50315,50.16457],[10.50624,50.16968],[10.50974,50.17271],[10.51602,50.17612],[10.51411,50.17797],[10.50487,50.17907],[10.50148,50.18032],[10.4928,50.18495],[10.48609,50.18742],[10.46378,50.19382],[10.4519,50.20101],[10.44945,50.19983],[10.44914,50.19768],[10.44654,50.19327],[10.44074,50.18867],[10.4382,50.18585],[10.43891,50.18279],[10.43837,50.17758],[10.43383,50.17336],[10.43311,50.17137],[10.42994,50.16849],[10.42603,50.16253],[10.42326,50.16064],[10.42176,50.15667],[10.41585,50.15344],[10.40961,50.14731],[10.40361,50.1453],[10.40031,50.14282],[10.39333,50.14151],[10.38847,50.13914],[10.38448,50.13865],[10.3769,50.13927],[10.37083,50.13785],[10.36406,50.13847],[10.35871,50.14154],[10.35458,50.13786],[10.34326,50.12913],[10.34051,50.12638],[10.34073,50.12218],[10.33922,50.11971],[10.33374,50.11675],[10.33613,50.11404],[10.33678,50.1112],[10.33566,50.10843],[10.33206,50.10564],[10.33065,50.1027],[10.32808,50.10052],[10.32237,50.09878],[10.31961,50.09871],[10.31545,50.09614],[10.30856,50.09461],[10.30003,50.09156],[10.29741,50.08735],[10.29224,50.08518],[10.2811,50.08385],[10.27682,50.08476],[10.27208,50.08777],[10.26626,50.08617],[10.26211,50.0864],[10.25674,50.08856],[10.25029,50.08723],[10.24611,50.08763],[10.24246,50.08901],[10.23895,50.09274],[10.23393,50.0948],[10.22969,50.09319],[10.22608,50.09283],[10.2219,50.09132],[10.22141,50.08686],[10.22588,50.08314],[10.22815,50.07758],[10.22671,50.07265],[10.2226,50.06964],[10.21663,50.06851],[10.21252,50.069],[10.20555,50.07245],[10.20045,50.07156],[10.19819,50.07],[10.19668,50.06602],[10.19124,50.06252],[10.18838,50.05852],[10.18484,50.05686],[10.18046,50.0562],[10.1797,50.05434],[10.1831,50.04924],[10.18305,50.04489],[10.17872,50.04117],[10.17545,50.03692],[10.1706,50.03311],[10.16625,50.03145],[10.1545,50.02854],[10.15005,50.02528],[10.14601,50.02413],[10.1416,50.02408],[10.1375,50.02514],[10.12282,50.03231],[10.11983,50.03596],[10.10957,50.03911],[10.10525,50.04219],[10.09605,50.04297],[10.09252,50.04375],[10.08853,50.04194],[10.08452,50.04129],[10.07569,50.04183],[10.06395,50.04054],[10.06064,50.03708],[10.05696,50.03517],[10.04885,50.03306],[10.04461,50.03303],[10.03898,50.03485],[10.03655,50.03678],[10.02721,50.04053],[10.0209,50.03943],[10.01129,50.03675],[10.00521,50.03397],[10.00084,50.03367],[9.99453,50.03501],[9.99074,50.03686],[9.98806,50.03919],[9.98602,50.04323],[9.98594,50.04652],[9.98429,50.05033],[9.98484,50.05481],[9.98073,50.05794],[9.97471,50.05634],[9.97002,50.05635],[9.96575,50.0576],[9.95963,50.06206],[9.95824,50.06486],[9.9587,50.06778],[9.96094,50.07034],[9.96585,50.0725],[9.96842,50.07457],[9.9679,50.07633],[9.96928,50.08047],[9.97174,50.08258],[9.97718,50.08434],[9.98213,50.08451],[9.98376,50.08761],[9.98666,50.09023],[9.99009,50.0948],[9.99369,50.09637],[10.00225,50.097],[10.00294,50.09875],[10.00675,50.10316],[10.01119,50.1057],[10.01263,50.10833],[10.01177,50.11167],[10.01344,50.11536],[10.01277,50.1186],[10.01347,50.12097],[10.01127,50.12478],[10.0118,50.12751],[10.01683,50.13317],[10.02413,50.13598],[10.02863,50.13973],[10.03292,50.14092],[10.04233,50.14132],[10.04453,50.14101],[10.04998,50.13854],[10.05549,50.13214],[10.05906,50.12926],[10.06232,50.12257],[10.06635,50.12043],[10.07186,50.11848],[10.07514,50.1148],[10.07555,50.10999],[10.07411,50.10642],[10.07604,50.10497],[10.08293,50.10549],[10.08954,50.10493],[10.09209,50.10534],[10.09834,50.10988],[10.09857,50.11326],[10.09609,50.11625],[10.09466,50.12295],[10.09176,50.12649],[10.09131,50.12946],[10.09309,50.13588],[10.09788,50.14399],[10.09435,50.14699],[10.09137,50.14746],[10.08689,50.14944],[10.08007,50.15905],[10.07739,50.16119],[10.07311,50.16195],[10.06726,50.16415],[10.06406,50.16697],[10.0631,50.16951],[10.06355,50.17663],[10.0642,50.17811],[10.05236,50.18006],[10.04078,50.17969],[10.03796,50.17842],[10.03444,50.1751],[10.03295,50.17188],[10.03026,50.16974],[10.02604,50.16831],[10.0235,50.1643],[10.02245,50.16076],[10.01995,50.15792],[10.01663,50.15594],[10.00856,50.15287],[10.00423,50.15218],[9.99983,50.15263],[9.99458,50.15524],[9.99136,50.15939],[9.98745,50.16092],[9.98491,50.16335],[9.98411,50.16684],[9.98203,50.16948],[9.97819,50.17126],[9.97425,50.17495],[9.97354,50.17871],[9.97132,50.18002],[9.96876,50.17903],[9.96386,50.1753],[9.95934,50.16975],[9.95373,50.16779],[9.9473,50.16815],[9.94547,50.16687],[9.9362,50.16322],[9.92982,50.16287],[9.92514,50.16399],[9.92162,50.16564],[9.91636,50.17062],[9.90689,50.17203],[9.90217,50.17478],[9.89966,50.17928],[9.89772,50.18035],[9.89483,50.17933],[9.88886,50.17864],[9.88485,50.17931],[9.87965,50.18248],[9.87467,50.18328],[9.86234,50.17928],[9.85568,50.17928],[9.84913,50.18092],[9.84515,50.17999],[9.84419,50.17846],[9.84779,50.17396],[9.84849,50.16995],[9.85082,50.1657],[9.84964,50.15487],[9.84702,50.15031],[9.84377,50.14689],[9.84163,50.14343],[9.83832,50.14142],[9.83405,50.14043],[9.82899,50.14062],[9.82413,50.14214],[9.81966,50.14599],[9.80413,50.15259],[9.80176,50.15161],[9.80286,50.14902],[9.80239,50.14613],[9.80019,50.14359],[9.79545,50.14075],[9.79171,50.13994],[9.78503,50.13995],[9.78684,50.13383],[9.78626,50.13093],[9.78393,50.12842],[9.77858,50.12623],[9.78068,50.12236],[9.78116,50.11486],[9.7783,50.11099],[9.77465,50.1093],[9.77027,50.10868],[9.76535,50.10923],[9.7577,50.11267],[9.75169,50.11024],[9.7464,50.10966],[9.74467,50.10874],[9.74495,50.10553],[9.74644,50.10242],[9.74428,50.0977],[9.74406,50.09345],[9.74104,50.08818],[9.73608,50.08535],[9.73173,50.08471],[9.72651,50.08543],[9.71447,50.08603],[9.70925,50.08431],[9.7027,50.08413],[9.69874,50.08536],[9.69408,50.08849],[9.69112,50.08923],[9.68203,50.09413],[9.67266,50.09447],[9.66458,50.08952],[9.66044,50.08837],[9.65195,50.08809],[9.64609,50.0896],[9.64476,50.08633],[9.64273,50.08418],[9.63814,50.08131],[9.63766,50.07294],[9.63585,50.07023],[9.63128,50.06774],[9.62581,50.06212],[9.62261,50.06053],[9.61873,50.05976],[9.60786,50.05964],[9.60529,50.06003],[9.59555,50.05671],[9.58335,50.05676],[9.57736,50.05863],[9.57478,50.06098],[9.57424,50.06588],[9.56584,50.06405],[9.55592,50.06548],[9.55617,50.06308],[9.5606,50.06039],[9.56302,50.05774],[9.56537,50.05302],[9.56716,50.05158],[9.56915,50.04769],[9.57649,50.04355],[9.58039,50.04245],[9.59108,50.04198],[9.59942,50.0424],[9.62541,50.04649],[9.63786,50.04511],[9.64335,50.04265],[9.64964,50.04116],[9.65257,50.03896],[9.65421,50.03434],[9.65383,50.03205],[9.65543,50.02946],[9.65767,50.0291],[9.66438,50.03068],[9.67047,50.02958],[9.67358,50.02771],[9.67568,50.02386],[9.67509,50.02115],[9.67281,50.01802],[9.66847,50.01512],[9.66325,50.01338],[9.66316,50.00839],[9.66104,50.00598],[9.65079,50.00139],[9.63634,49.99974],[9.62929,50.00061],[9.62483,50.00018],[9.62005,49.99826],[9.62313,49.99289],[9.62593,49.99087],[9.62742,49.98847],[9.62857,49.98359],[9.62696,49.97996],[9.63483,49.97478],[9.63627,49.97304],[9.64215,49.97466],[9.64815,49.97399],[9.65803,49.97072],[9.66707,49.97104],[9.67139,49.97034],[9.67494,49.9686],[9.67771,49.96429],[9.68377,49.96091],[9.68901,49.95914],[9.69097,49.9576],[9.69605,49.95783],[9.70064,49.95682],[9.70454,49.95445],[9.70626,49.95204],[9.70651,49.94939],[9.70341,49.94521],[9.70172,49.94034],[9.69711,49.93509],[9.69602,49.9309],[9.69848,49.92569],[9.70239,49.92331],[9.70394,49.92083],[9.70277,49.91343],[9.69954,49.90826],[9.70218,49.89845],[9.70183,49.89456],[9.70035,49.89065],[9.70348,49.88785],[9.71381,49.88694],[9.72055,49.88675],[9.72869,49.88588],[9.7421,49.88642],[9.74833,49.88494],[9.75844,49.8774],[9.75981,49.87471],[9.75981,49.87077],[9.75815,49.8684],[9.75355,49.86503],[9.75364,49.85896],[9.74891,49.85147],[9.74711,49.84765],[9.74115,49.84165],[9.73165,49.83788],[9.72607,49.83461],[9.72176,49.83408],[9.71746,49.83467],[9.71026,49.83668],[9.70787,49.83799],[9.69964,49.83861],[9.6889,49.83777],[9.68183,49.83632],[9.67665,49.8345],[9.67236,49.83431],[9.66139,49.83624],[9.65825,49.83768],[9.64922,49.83828],[9.63741,49.84048],[9.63412,49.84205],[9.63012,49.84626],[9.62912,49.85003],[9.62523,49.85218],[9.61711,49.8599],[9.61392,49.86055],[9.60929,49.86329],[9.60783,49.86584],[9.60785,49.87124],[9.60522,49.87779],[9.60278,49.88193],[9.60351,49.88617],[9.6084,49.89056],[9.60615,49.89517],[9.60736,49.90114],[9.60027,49.90578],[9.595,49.91226],[9.59195,49.91299],[9.58684,49.91202],[9.58801,49.90852],[9.58809,49.90154],[9.58959,49.89776],[9.59585,49.89059],[9.60435,49.87678],[9.6067,49.87071],[9.60658,49.86735],[9.60328,49.86295],[9.5998,49.8612],[9.59555,49.86046],[9.59119,49.86084],[9.58539,49.86379],[9.58188,49.86495],[9.56935,49.86535],[9.56724,49.86581],[9.56324,49.86405],[9.55867,49.86356],[9.55418,49.86431],[9.54626,49.86684],[9.5439,49.86215],[9.54869,49.85883],[9.54968,49.85618],[9.54906,49.85349],[9.54692,49.84989],[9.54429,49.84789],[9.54,49.8462],[9.537,49.84195],[9.52957,49.83799],[9.52314,49.83672],[9.51872,49.83735],[9.51429,49.83924],[9.50516,49.83466],[9.50117,49.83107],[9.50029,49.82716],[9.5008,49.82312],[9.49918,49.82061],[9.49332,49.81679],[9.48506,49.81553],[9.47347,49.81731],[9.46019,49.81683],[9.4535,49.81781],[9.44677,49.82036],[9.44741,49.81608],[9.45334,49.81086],[9.46338,49.80798],[9.46745,49.8047],[9.46952,49.80033],[9.46873,49.78739],[9.4656,49.78142],[9.4714,49.77978],[9.47339,49.78227],[9.4782,49.78614],[9.48439,49.78788],[9.50019,49.78876],[9.50454,49.78784],[9.51058,49.78438],[9.51283,49.78079],[9.51255,49.77819],[9.51003,49.77099],[9.5104,49.76842],[9.51242,49.76551],[9.51699,49.76236],[9.52121,49.76125],[9.52892,49.76261]]],[[[9.65588,49.7543],[9.64867,49.75207],[9.6432,49.74984],[9.64226,49.74491],[9.6392,49.74255],[9.63886,49.73863],[9.63691,49.73539],[9.63186,49.73259],[9.628,49.73193],[9.6355,49.72621],[9.63675,49.7237],[9.63585,49.71981],[9.63297,49.71693],[9.63203,49.71254],[9.62791,49.70828],[9.62553,49.70384],[9.62619,49.70262],[9.63081,49.70011],[9.63245,49.69746],[9.63255,49.69327],[9.64241,49.69224],[9.65349,49.68718],[9.65671,49.68848],[9.66248,49.68927],[9.67609,49.69336],[9.67478,49.6962],[9.67842,49.71311],[9.68054,49.71561],[9.68398,49.71738],[9.68822,49.71815],[9.69467,49.71824],[9.70042,49.717],[9.7057,49.71714],[9.70949,49.71615],[9.71247,49.71433],[9.71908,49.70371],[9.71934,49.70199],[9.72512,49.69998],[9.72736,49.69778],[9.72823,49.6952],[9.7276,49.68879],[9.73571,49.68782],[9.73914,49.68817],[9.74198,49.69051],[9.7454,49.69189],[9.74974,49.69586],[9.75069,49.69767],[9.75073,49.70237],[9.75151,49.70711],[9.75334,49.70953],[9.75869,49.71224],[9.76142,49.71484],[9.7685,49.71896],[9.77812,49.72188],[9.78662,49.72189],[9.78922,49.72462],[9.79076,49.72787],[9.79388,49.73001],[9.79762,49.73109],[9.79643,49.73393],[9.797,49.73696],[9.79916,49.73956],[9.79549,49.74071],[9.78905,49.74136],[9.77907,49.7448],[9.77555,49.74787],[9.77088,49.74916],[9.76126,49.74965],[9.75429,49.74784],[9.7353,49.74545],[9.73105,49.74592],[9.72639,49.74466],[9.72379,49.74319],[9.71859,49.74208],[9.71199,49.73994],[9.70754,49.73944],[9.70188,49.73997],[9.69664,49.74177],[9.69184,49.7422],[9.68629,49.7449],[9.68413,49.74738],[9.67768,49.74899],[9.66265,49.75148],[9.65588,49.7543]]],[[[9.36456,49.77454],[9.36599,49.77555],[9.37224,49.77718],[9.37672,49.77679],[9.3806,49.77528],[9.38637,49.77116],[9.39138,49.77017],[9.39769,49.77417],[9.4037,49.77624],[9.40616,49.77801],[9.40267,49.78028],[9.40052,49.78298],[9.39816,49.78848],[9.3941,49.78977],[9.39111,49.79184],[9.38662,49.79653],[9.38178,49.80373],[9.37698,49.80676],[9.37423,49.8097],[9.37051,49.80945],[9.36622,49.81019],[9.36272,49.81197],[9.36023,49.81478],[9.3526,49.81811],[9.34891,49.81798],[9.34221,49.81312],[9.34668,49.81015],[9.3486,49.80641],[9.3538,49.80296],[9.35656,49.79872],[9.35659,49.78852],[9.35251,49.78333],[9.35241,49.78],[9.35387,49.7742],[9.35995,49.77218],[9.36456,49.77454]]],[[[9.15357,50.11785],[9.14872,50.11598],[9.1425,50.11595],[9.13876,50.11714],[9.12574,50.1235],[9.12152,50.12606],[9.11725,50.12661],[9.10818,50.12601],[9.09832,50.12639],[9.09532,50.12187],[9.09036,50.11847],[9.08582,50.11701],[9.08088,50.11641],[9.07644,50.11691],[9.07131,50.11936],[9.06487,50.11714],[9.05605,50.11658],[9.05245,50.11582],[9.04671,50.11586],[9.03727,50.11438],[9.02541,50.08718],[9.02365,50.08553],[9.02392,50.07615],[9.02198,50.07252],[9.02221,50.06799],[9.02095,50.06395],[9.02112,50.05865],[9.0223,50.05659],[9.02489,50.05588],[9.02904,50.05303],[9.03018,50.04842],[9.03175,50.04693],[9.03809,50.04585],[9.04446,50.04399],[9.05094,50.04468],[9.05496,50.0439],[9.05955,50.04102],[9.06387,50.04213],[9.06788,50.04226],[9.07618,50.04155],[9.08263,50.04201],[9.08701,50.04112],[9.09424,50.04082],[9.09978,50.04421],[9.10566,50.04603],[9.10313,50.04863],[9.10228,50.05137],[9.10413,50.05534],[9.11245,50.06148],[9.11492,50.06815],[9.11399,50.0705],[9.11445,50.0736],[9.12026,50.07904],[9.12323,50.08301],[9.12345,50.08578],[9.12515,50.08816],[9.12806,50.09],[9.13427,50.09252],[9.14177,50.09283],[9.14639,50.09508],[9.14633,50.1],[9.15021,50.10478],[9.15416,50.10729],[9.15635,50.11194],[9.15414,50.11489],[9.15357,50.11785]]],[[[9.9752,49.4809],[9.98053,49.48369],[9.98885,49.48561],[9.99473,49.48591],[9.99989,49.48539],[10.01002,49.48325],[10.01868,49.48583],[10.02204,49.48867],[10.02508,49.49328],[10.02844,49.50041],[10.03253,49.5033],[10.04102,49.50621],[10.04597,49.50697],[10.05207,49.51048],[10.05715,49.51662],[10.05712,49.5193],[10.05475,49.52119],[10.05071,49.52273],[10.04812,49.5251],[10.04739,49.5294],[10.04914,49.53209],[10.05282,49.53441],[10.06132,49.53749],[10.0651,49.54167],[10.06877,49.54299],[10.07612,49.54292],[10.08356,49.54358],[10.0845,49.54733],[10.08332,49.55037],[10.08308,49.55577],[10.07891,49.56292],[10.07847,49.56507],[10.07191,49.5672],[10.06437,49.56629],[10.05938,49.56768],[10.05377,49.56726],[10.04948,49.568],[10.046,49.56976],[10.04161,49.56832],[10.0368,49.56541],[10.03388,49.5647],[10.02901,49.56225],[10.02043,49.56008],[10.0165,49.55716],[10.01203,49.5557],[10.00401,49.54712],[9.99762,49.5454],[9.99443,49.54287],[9.98664,49.53896],[9.97706,49.53658],[9.97055,49.53707],[9.96289,49.53997],[9.95871,49.54246],[9.94893,49.5444],[9.94182,49.54268],[9.92958,49.54052],[9.92452,49.53819],[9.92507,49.53234],[9.92205,49.525],[9.91859,49.5224],[9.917,49.51786],[9.92011,49.51489],[9.92327,49.50982],[9.92357,49.50699],[9.92216,49.50429],[9.91605,49.49824],[9.91381,49.49338],[9.92638,49.48497],[9.9447,49.48147],[9.95181,49.48043],[9.95451,49.48072],[9.95788,49.48285],[9.96618,49.48419],[9.97025,49.48354],[9.9752,49.4809]]],[[[10.11095,49.32885],[10.11754,49.32757],[10.12056,49.32544],[10.12723,49.32495],[10.1305,49.32564],[10.13775,49.33082],[10.1416,49.33195],[10.14756,49.33177],[10.15834,49.33798],[10.16348,49.33911],[10.16269,49.34371],[10.16347,49.34643],[10.16625,49.34912],[10.16715,49.35138],[10.17427,49.35835],[10.17747,49.35991],[10.18275,49.36118],[10.18944,49.36119],[10.1952,49.35994],[10.19894,49.36027],[10.20649,49.36214],[10.21203,49.36124],[10.21684,49.36232],[10.21572,49.36571],[10.21047,49.36919],[10.20948,49.37196],[10.21111,49.37773],[10.21362,49.38073],[10.21422,49.38299],[10.21723,49.38605],[10.22179,49.39263],[10.22086,49.39679],[10.22227,49.39932],[10.21041,49.40084],[10.19702,49.40094],[10.18721,49.40331],[10.18442,49.40489],[10.179,49.40662],[10.17386,49.40686],[10.16456,49.40586],[10.15924,49.40675],[10.1544,49.40558],[10.15062,49.4039],[10.14647,49.40337],[10.13947,49.40432],[10.13871,49.40314],[10.14491,49.40205],[10.15154,49.39843],[10.15337,49.39586],[10.15353,49.39303],[10.15201,49.39038],[10.14903,49.38832],[10.14398,49.38649],[10.13937,49.38595],[10.12663,49.3879],[10.1215,49.38775],[10.11904,49.3865],[10.11214,49.38492],[10.1074,49.37885],[10.11399,49.37213],[10.11477,49.36926],[10.11304,49.36326],[10.11374,49.35791],[10.11278,49.35519],[10.10764,49.35164],[10.10679,49.34949],[10.10399,49.34695],[10.10328,49.34181],[10.1049,49.33842],[10.10865,49.33514],[10.11095,49.32885]]]]}},{"type":"Feature","properties":{"level":"subregion","subregionId":"baden-wuerttemberg","nameJa":"バーデン / ヴュルテンベルク"},"geometry":{"type":"MultiPolygon","coordinates":[[[[8.56689,47.59709],[8.57187,47.59665],[8.57468,47.59556],[8.58237,47.59618],[8.58533,47.59922],[8.59012,47.60122],[8.59283,47.60392],[8.59971,47.60829],[8.60356,47.61146],[8.60477,47.61356],[8.60418,47.61769],[8.59996,47.62335],[8.59737,47.62955],[8.59794,47.63237],[8.60007,47.63482],[8.60343,47.63652],[8.61244,47.63736],[8.61996,47.63893],[8.623,47.64073],[8.62606,47.6446],[8.62868,47.64946],[8.62807,47.65314],[8.61944,47.65921],[8.61234,47.66211],[8.60911,47.66397],[8.60722,47.66654],[8.60655,47.67203],[8.59817,47.67278],[8.59522,47.66926],[8.58569,47.66573],[8.58228,47.66401],[8.57813,47.66323],[8.57386,47.66362],[8.56716,47.66594],[8.5636,47.66987],[8.56142,47.67025],[8.5525,47.66899],[8.54671,47.66752],[8.53697,47.66372],[8.53347,47.66315],[8.52716,47.66036],[8.52931,47.65476],[8.52847,47.65077],[8.52617,47.64856],[8.52282,47.64708],[8.5169,47.64665],[8.51339,47.64742],[8.50714,47.64692],[8.50296,47.64736],[8.49704,47.64684],[8.48634,47.64666],[8.48049,47.64915],[8.47381,47.65047],[8.47025,47.65201],[8.46569,47.65696],[8.45929,47.65474],[8.45086,47.65503],[8.4464,47.65467],[8.44233,47.6555],[8.43683,47.65824],[8.43314,47.66135],[8.42368,47.66675],[8.4208,47.66673],[8.41516,47.66851],[8.41197,47.67213],[8.41178,47.67496],[8.41323,47.67761],[8.42054,47.68384],[8.41813,47.68807],[8.40905,47.69736],[8.40896,47.70176],[8.41108,47.70435],[8.41632,47.70823],[8.42574,47.71118],[8.43362,47.71611],[8.43885,47.71766],[8.44152,47.71771],[8.44347,47.72008],[8.44665,47.72178],[8.45054,47.72255],[8.455,47.72239],[8.45643,47.73022],[8.45319,47.73213],[8.45084,47.73609],[8.45135,47.73895],[8.45579,47.7428],[8.45595,47.74483],[8.45797,47.74901],[8.46385,47.75207],[8.46729,47.75479],[8.46777,47.75709],[8.47158,47.76289],[8.47371,47.76459],[8.48156,47.76835],[8.4846,47.77032],[8.4902,47.77155],[8.49598,47.77074],[8.49949,47.7724],[8.50928,47.77438],[8.51146,47.77816],[8.51544,47.78081],[8.52879,47.78583],[8.53089,47.78975],[8.52779,47.79177],[8.52357,47.79165],[8.51964,47.7925],[8.5152,47.79565],[8.51007,47.7984],[8.50748,47.80256],[8.50808,47.80556],[8.51025,47.80902],[8.51307,47.81108],[8.51365,47.81288],[8.5097,47.81824],[8.50933,47.82338],[8.50594,47.83024],[8.50153,47.82937],[8.49293,47.83021],[8.48893,47.83233],[8.48448,47.83123],[8.48012,47.83131],[8.47618,47.83255],[8.4733,47.83475],[8.47196,47.83754],[8.47319,47.8422],[8.47213,47.84645],[8.46721,47.84772],[8.46287,47.85017],[8.45388,47.85275],[8.44296,47.857],[8.43935,47.86068],[8.43967,47.86522],[8.43854,47.86785],[8.43887,47.87699],[8.42609,47.88186],[8.42242,47.88572],[8.42188,47.88993],[8.41934,47.8913],[8.41357,47.89588],[8.41143,47.90317],[8.40833,47.90505],[8.40155,47.90622],[8.3971,47.90886],[8.38997,47.91195],[8.38483,47.91312],[8.38039,47.91617],[8.37386,47.9185],[8.37051,47.92164],[8.36542,47.9222],[8.36046,47.9249],[8.35845,47.92844],[8.35134,47.9314],[8.34649,47.93553],[8.33714,47.93913],[8.33325,47.93943],[8.32281,47.9413],[8.31808,47.94388],[8.31646,47.94642],[8.31612,47.95006],[8.31411,47.95179],[8.30992,47.95102],[8.3044,47.95103],[8.30086,47.9521],[8.29732,47.95441],[8.29579,47.95704],[8.29587,47.96009],[8.29754,47.96266],[8.30054,47.96461],[8.30695,47.96575],[8.30912,47.96822],[8.3144,47.97037],[8.31805,47.9772],[8.31996,47.97861],[8.32136,47.98415],[8.3197,47.98849],[8.31439,47.99201],[8.3081,47.99298],[8.29943,47.99148],[8.29317,47.98831],[8.28863,47.98722],[8.28375,47.98721],[8.27973,47.98822],[8.27252,47.99142],[8.27037,47.99325],[8.26217,47.99221],[8.25559,47.99323],[8.24855,47.99614],[8.24178,47.99411],[8.23542,47.99436],[8.23099,47.99607],[8.22516,47.99741],[8.21904,47.99675],[8.21582,47.99361],[8.21479,47.99147],[8.20997,47.98794],[8.2044,47.9867],[8.19794,47.98761],[8.19464,47.9896],[8.19112,47.99357],[8.18233,47.99253],[8.17845,47.993],[8.17413,47.99495],[8.17182,47.99485],[8.16608,47.99636],[8.16199,47.99931],[8.15628,48.00137],[8.15147,48.00132],[8.1458,48.00317],[8.14169,48.00787],[8.13663,48.01029],[8.13431,48.01443],[8.1291,48.0161],[8.12644,48.01832],[8.12519,48.02173],[8.11972,48.02576],[8.1178,48.02804],[8.11759,48.03427],[8.12074,48.03791],[8.12857,48.04101],[8.12448,48.04519],[8.12424,48.04786],[8.12522,48.05226],[8.122,48.05351],[8.11527,48.05764],[8.11384,48.06173],[8.11495,48.06447],[8.11926,48.06867],[8.12354,48.07099],[8.12846,48.07258],[8.13279,48.07298],[8.14154,48.07109],[8.14816,48.06735],[8.15282,48.06782],[8.16056,48.0695],[8.16297,48.07298],[8.16663,48.07562],[8.16522,48.07724],[8.16123,48.07927],[8.15788,48.07916],[8.1537,48.08008],[8.15042,48.08205],[8.14859,48.08473],[8.14893,48.09024],[8.15353,48.098],[8.15347,48.09949],[8.15052,48.10194],[8.14934,48.10413],[8.14619,48.10668],[8.14353,48.11065],[8.1431,48.11265],[8.14003,48.11495],[8.13608,48.1161],[8.13238,48.11842],[8.13015,48.12102],[8.12783,48.12568],[8.12871,48.13171],[8.13059,48.1342],[8.13829,48.13898],[8.14192,48.14044],[8.1422,48.14321],[8.13971,48.14969],[8.13981,48.1551],[8.13759,48.15965],[8.13966,48.16369],[8.14856,48.16858],[8.15226,48.17174],[8.15625,48.17323],[8.16712,48.17441],[8.1716,48.17936],[8.1749,48.18127],[8.18121,48.18236],[8.18509,48.18173],[8.19162,48.17794],[8.20405,48.17144],[8.20574,48.16899],[8.2062,48.16615],[8.20979,48.16455],[8.21313,48.16067],[8.21575,48.15938],[8.22585,48.15841],[8.23209,48.16111],[8.23222,48.16459],[8.23409,48.16701],[8.23821,48.1692],[8.24452,48.1772],[8.24788,48.17898],[8.25202,48.17975],[8.25627,48.17937],[8.26624,48.17598],[8.26968,48.17576],[8.27727,48.17285],[8.28262,48.17171],[8.28407,48.17413],[8.29267,48.1816],[8.29884,48.1837],[8.30747,48.18911],[8.30995,48.19231],[8.31053,48.19617],[8.31016,48.20104],[8.31212,48.20364],[8.3129,48.20647],[8.31189,48.20912],[8.31183,48.2135],[8.30653,48.21491],[8.30176,48.21802],[8.29991,48.22186],[8.29679,48.22395],[8.29514,48.22628],[8.29429,48.23182],[8.29639,48.23635],[8.30075,48.24084],[8.29365,48.24366],[8.29113,48.24585],[8.29006,48.2499],[8.29132,48.25253],[8.29723,48.2583],[8.29363,48.26056],[8.29168,48.26295],[8.29138,48.26744],[8.28848,48.27243],[8.28711,48.27746],[8.28715,48.28374],[8.28959,48.28745],[8.29738,48.29132],[8.30542,48.29345],[8.30938,48.29363],[8.32249,48.29197],[8.32477,48.29648],[8.32974,48.29968],[8.32933,48.30252],[8.32664,48.30586],[8.32562,48.30982],[8.32343,48.31474],[8.32318,48.32679],[8.322,48.33023],[8.31764,48.33674],[8.31026,48.34163],[8.30786,48.34637],[8.30395,48.34906],[8.29937,48.35026],[8.2966,48.35213],[8.29123,48.35772],[8.28456,48.36023],[8.27551,48.36274],[8.26748,48.3636],[8.26207,48.36631],[8.25901,48.3699],[8.25888,48.37267],[8.26033,48.37527],[8.26393,48.37925],[8.25645,48.38143],[8.25048,48.38418],[8.24746,48.38782],[8.24759,48.39509],[8.24332,48.39698],[8.2402,48.40047],[8.23996,48.40319],[8.24276,48.40977],[8.24544,48.41174],[8.25454,48.41394],[8.2556,48.41839],[8.2596,48.42312],[8.25773,48.42614],[8.25738,48.42883],[8.25965,48.43257],[8.26369,48.43509],[8.26457,48.43731],[8.26439,48.44177],[8.26767,48.44636],[8.26868,48.44888],[8.2666,48.45289],[8.26648,48.45576],[8.26497,48.4579],[8.26463,48.46101],[8.26818,48.4702],[8.26866,48.47264],[8.27074,48.47521],[8.27534,48.47783],[8.27254,48.48173],[8.27128,48.48647],[8.26683,48.49049],[8.25553,48.49351],[8.25036,48.4927],[8.24023,48.49423],[8.23421,48.49734],[8.22972,48.49824],[8.22629,48.50004],[8.2226,48.50312],[8.21962,48.50831],[8.22003,48.51132],[8.22224,48.51426],[8.22038,48.51859],[8.21465,48.52275],[8.21348,48.52549],[8.21375,48.52949],[8.21636,48.53476],[8.21998,48.53779],[8.21632,48.541],[8.21488,48.54387],[8.21565,48.54878],[8.2181,48.55156],[8.21803,48.55603],[8.21986,48.55831],[8.22454,48.56221],[8.2285,48.56443],[8.23088,48.56915],[8.23493,48.57163],[8.23683,48.57603],[8.23577,48.58021],[8.23035,48.58113],[8.22297,48.58507],[8.22086,48.58729],[8.21969,48.59489],[8.22141,48.59884],[8.2261,48.60152],[8.23015,48.60215],[8.23676,48.60111],[8.24415,48.59844],[8.25861,48.58985],[8.26869,48.58858],[8.27556,48.58915],[8.28368,48.58734],[8.29144,48.58673],[8.29401,48.58744],[8.30046,48.58766],[8.3099,48.58895],[8.31869,48.5887],[8.32647,48.59184],[8.33023,48.59217],[8.33626,48.59462],[8.34163,48.59608],[8.34552,48.59781],[8.35251,48.59864],[8.35818,48.60087],[8.3582,48.60516],[8.3596,48.608],[8.36556,48.61127],[8.3682,48.61503],[8.37161,48.61672],[8.37578,48.61742],[8.38242,48.61958],[8.38491,48.6234],[8.38786,48.62531],[8.38843,48.6315],[8.39174,48.63515],[8.39547,48.6366],[8.40584,48.63894],[8.41437,48.64046],[8.41688,48.64276],[8.42036,48.6442],[8.43003,48.64481],[8.43114,48.64781],[8.43532,48.65112],[8.43658,48.65406],[8.44044,48.65705],[8.44487,48.65842],[8.44738,48.66187],[8.44614,48.66916],[8.4481,48.67982],[8.44839,48.68508],[8.44631,48.68934],[8.44649,48.69206],[8.44818,48.69454],[8.45113,48.69642],[8.45493,48.69745],[8.46215,48.69841],[8.46682,48.70037],[8.46028,48.7071],[8.4591,48.71288],[8.46032,48.71573],[8.46317,48.71802],[8.46717,48.71935],[8.4716,48.71969],[8.47569,48.72429],[8.47587,48.72932],[8.47522,48.7337],[8.47647,48.73654],[8.47977,48.74063],[8.48045,48.74328],[8.48251,48.74625],[8.485,48.75443],[8.48459,48.75649],[8.47715,48.76153],[8.4752,48.76234],[8.46939,48.76281],[8.46531,48.76422],[8.45989,48.76316],[8.45712,48.76128],[8.4531,48.76002],[8.44364,48.75885],[8.43947,48.75906],[8.43574,48.7603],[8.43298,48.76237],[8.4316,48.76498],[8.43182,48.76774],[8.43347,48.7704],[8.43332,48.77452],[8.43183,48.77762],[8.42742,48.7808],[8.42498,48.78612],[8.42552,48.79175],[8.41483,48.7934],[8.4113,48.79506],[8.40602,48.80015],[8.40481,48.80408],[8.40589,48.80668],[8.40833,48.80882],[8.40874,48.81193],[8.40466,48.81597],[8.4037,48.81839],[8.40459,48.82416],[8.40831,48.82773],[8.41227,48.82902],[8.41668,48.82916],[8.42081,48.82814],[8.42802,48.82431],[8.4318,48.82109],[8.43306,48.8185],[8.4325,48.81511],[8.43815,48.81315],[8.44147,48.81367],[8.44383,48.81773],[8.44688,48.81944],[8.457,48.82193],[8.46792,48.82177],[8.48031,48.81857],[8.48547,48.81979],[8.49427,48.81987],[8.50038,48.81861],[8.50362,48.81647],[8.50532,48.81394],[8.51606,48.81349],[8.51993,48.81228],[8.5237,48.80889],[8.5243,48.80609],[8.52321,48.80335],[8.51907,48.80038],[8.51707,48.79738],[8.52029,48.79286],[8.52814,48.78751],[8.53008,48.78495],[8.54134,48.78469],[8.54558,48.78611],[8.54864,48.7883],[8.5515,48.7923],[8.55421,48.79771],[8.55403,48.79989],[8.55588,48.80455],[8.56039,48.8096],[8.56573,48.81185],[8.57508,48.8143],[8.58422,48.81512],[8.5886,48.81445],[8.59218,48.81266],[8.59652,48.80767],[8.60339,48.80989],[8.6086,48.8104],[8.609,48.81224],[8.60719,48.8173],[8.60769,48.81997],[8.61106,48.82328],[8.61659,48.8249],[8.62065,48.82476],[8.63062,48.82299],[8.63629,48.81955],[8.64987,48.81407],[8.65335,48.81225],[8.6593,48.81237],[8.66555,48.8104],[8.66918,48.81137],[8.67292,48.81457],[8.67671,48.81582],[8.6856,48.81563],[8.68873,48.81628],[8.69576,48.8166],[8.70028,48.82007],[8.70446,48.82103],[8.71093,48.82025],[8.72065,48.81365],[8.7221,48.81073],[8.72161,48.80628],[8.72528,48.80074],[8.72897,48.79804],[8.7338,48.79966],[8.73808,48.80005],[8.74225,48.79931],[8.74995,48.79539],[8.75528,48.79152],[8.76004,48.78271],[8.76343,48.77955],[8.76844,48.77736],[8.78198,48.77435],[8.7856,48.77733],[8.78937,48.77895],[8.79381,48.77942],[8.80414,48.77784],[8.80684,48.77966],[8.81099,48.78087],[8.8167,48.78718],[8.82601,48.79196],[8.82777,48.79437],[8.83161,48.79667],[8.83807,48.79761],[8.84232,48.79675],[8.8457,48.79484],[8.84753,48.79268],[8.86771,48.79245],[8.86983,48.79501],[8.87356,48.79697],[8.88401,48.7999],[8.88794,48.80026],[8.89594,48.79832],[8.89996,48.80038],[8.90083,48.80181],[8.89663,48.80374],[8.89453,48.80609],[8.8939,48.80878],[8.89484,48.81144],[8.89721,48.81368],[8.90225,48.81549],[8.90081,48.81928],[8.89054,48.82194],[8.88753,48.82374],[8.88572,48.82614],[8.88586,48.83034],[8.88271,48.83238],[8.88118,48.83492],[8.88118,48.83764],[8.884,48.84125],[8.89438,48.84665],[8.89855,48.85266],[8.89898,48.85616],[8.9023,48.8604],[8.90768,48.86295],[8.91316,48.86359],[8.91641,48.8652],[8.92035,48.866],[8.92544,48.86558],[8.93119,48.866],[8.93729,48.86544],[8.9425,48.86222],[8.94851,48.85986],[8.95223,48.85672],[8.95714,48.85427],[8.95907,48.85172],[8.96017,48.84572],[8.95699,48.84112],[8.96008,48.83895],[8.96342,48.83502],[8.96501,48.83089],[8.96801,48.82896],[8.9717,48.83035],[8.9755,48.83082],[8.98086,48.83034],[8.98647,48.8318],[8.99073,48.83214],[8.99666,48.83059],[9.00035,48.82798],[9.00548,48.82725],[9.01338,48.82857],[9.01859,48.82899],[9.02537,48.82744],[9.02904,48.82717],[9.03375,48.82544],[9.0391,48.82041],[9.04105,48.8178],[9.04127,48.81488],[9.04024,48.81116],[9.03746,48.80808],[9.03639,48.8053],[9.03032,48.79948],[9.03925,48.79464],[9.04272,48.78991],[9.04226,48.78374],[9.04532,48.77762],[9.04968,48.77093],[9.04958,48.76707],[9.05146,48.76359],[9.05795,48.76088],[9.06075,48.75875],[9.06209,48.75607],[9.061,48.75194],[9.05661,48.74891],[9.04598,48.74717],[9.03953,48.74286],[9.04218,48.7406],[9.04791,48.74046],[9.05165,48.73909],[9.0543,48.73687],[9.05634,48.73303],[9.05897,48.73216],[9.06315,48.72842],[9.06974,48.72657],[9.07396,48.72299],[9.07459,48.721],[9.0839,48.71498],[9.09184,48.71179],[9.09514,48.70833],[9.09537,48.7049],[9.102,48.70119],[9.10385,48.69882],[9.10515,48.6947],[9.10483,48.69188],[9.1029,48.68936],[9.09727,48.68629],[9.0929,48.68542],[9.0878,48.68357],[9.08518,48.68077],[9.08533,48.67526],[9.08863,48.67393],[9.09316,48.67383],[9.09567,48.67608],[9.09939,48.67764],[9.10375,48.67809],[9.11596,48.67727],[9.11984,48.67608],[9.12366,48.67269],[9.13256,48.66922],[9.14039,48.66471],[9.14747,48.66288],[9.1548,48.65691],[9.15917,48.64851],[9.16595,48.64345],[9.16823,48.6386],[9.16774,48.63599],[9.16512,48.63264],[9.16576,48.62807],[9.16454,48.62531],[9.16179,48.62308],[9.14554,48.61876],[9.14399,48.61797],[9.14901,48.6125],[9.14963,48.60921],[9.14847,48.60645],[9.14398,48.6034],[9.13821,48.60192],[9.1311,48.60169],[9.12472,48.60043],[9.12051,48.60097],[9.11657,48.60269],[9.11422,48.60498],[9.11335,48.60767],[9.11407,48.61039],[9.11704,48.61382],[9.10949,48.61853],[9.10771,48.62271],[9.10505,48.62279],[9.0957,48.62161],[9.09596,48.61939],[9.09441,48.61614],[9.08941,48.61313],[9.08378,48.6125],[9.08125,48.61156],[9.08458,48.60916],[9.08616,48.60653],[9.08543,48.60235],[9.08271,48.59977],[9.07787,48.59795],[9.07541,48.59554],[9.07159,48.59396],[9.06156,48.59297],[9.05729,48.5936],[9.05241,48.59326],[9.04577,48.59046],[9.04072,48.58739],[9.03689,48.58235],[9.03205,48.5796],[9.02787,48.579],[9.02366,48.57953],[9.02009,48.5811],[9.01346,48.58638],[9.00603,48.58799],[8.99438,48.58714],[8.98873,48.58861],[8.98445,48.59144],[8.9805,48.59003],[8.97548,48.58955],[8.96656,48.58718],[8.95926,48.58689],[8.95418,48.58788],[8.94952,48.58716],[8.94678,48.58291],[8.94387,48.58065],[8.93902,48.57923],[8.93601,48.57759],[8.93426,48.57435],[8.92934,48.57145],[8.92117,48.57097],[8.9168,48.57219],[8.91141,48.57217],[8.90303,48.56645],[8.89903,48.56541],[8.8935,48.56568],[8.88996,48.56447],[8.88661,48.55299],[8.88641,48.54755],[8.88375,48.54404],[8.87557,48.54037],[8.86919,48.53979],[8.86649,48.5401],[8.85101,48.53718],[8.85108,48.53205],[8.85507,48.52878],[8.8558,48.52603],[8.85454,48.52276],[8.85586,48.52039],[8.85585,48.51558],[8.85394,48.51303],[8.85068,48.51116],[8.84524,48.50923],[8.84118,48.5052],[8.83544,48.50366],[8.83131,48.50394],[8.81986,48.50573],[8.81434,48.50818],[8.80566,48.50802],[8.80086,48.50908],[8.7979,48.51065],[8.79311,48.51458],[8.78989,48.51997],[8.78104,48.52131],[8.77185,48.52429],[8.76957,48.52367],[8.76836,48.5211],[8.76393,48.51796],[8.76502,48.51401],[8.76336,48.51007],[8.76053,48.50807],[8.75631,48.50684],[8.75576,48.5042],[8.76297,48.50324],[8.76803,48.50048],[8.7707,48.49537],[8.77649,48.48682],[8.77929,48.48543],[8.78563,48.48656],[8.78996,48.48589],[8.79351,48.48412],[8.79577,48.48177],[8.80091,48.47814],[8.80705,48.47562],[8.80911,48.47326],[8.81206,48.47177],[8.81556,48.46684],[8.81567,48.46404],[8.81417,48.46142],[8.80729,48.45698],[8.80117,48.45371],[8.79547,48.45224],[8.79023,48.45184],[8.78771,48.44932],[8.78394,48.44779],[8.78022,48.44731],[8.77602,48.44137],[8.76937,48.43769],[8.76877,48.43355],[8.76439,48.42808],[8.7649,48.42598],[8.76824,48.42237],[8.76814,48.41652],[8.77725,48.41563],[8.78457,48.4163],[8.79153,48.41631],[8.79727,48.41435],[8.80031,48.41057],[8.80139,48.407],[8.80672,48.40749],[8.81656,48.40665],[8.82795,48.40699],[8.83182,48.40647],[8.8377,48.41121],[8.84169,48.4122],[8.84618,48.4122],[8.8547,48.41368],[8.86291,48.41413],[8.86673,48.41329],[8.86981,48.41158],[8.87175,48.40923],[8.87251,48.40535],[8.86916,48.39928],[8.87597,48.39701],[8.87857,48.39823],[8.88449,48.39897],[8.88837,48.39821],[8.89274,48.39545],[8.89445,48.39273],[8.90235,48.39276],[8.90736,48.39404],[8.91156,48.39407],[8.92231,48.39246],[8.9272,48.39045],[8.93941,48.39005],[8.94904,48.38783],[8.952,48.38576],[8.9538,48.38093],[8.95784,48.38075],[8.96886,48.38455],[8.97282,48.38502],[8.97676,48.38449],[8.98498,48.38226],[8.99225,48.38234],[8.99819,48.38079],[9.00476,48.37576],[9.0081,48.37607],[9.01798,48.37449],[9.02313,48.37171],[9.03398,48.37079],[9.04089,48.37271],[9.04711,48.3731],[9.05181,48.37224],[9.05537,48.3705],[9.05812,48.3662],[9.0644,48.36613],[9.06838,48.36504],[9.07301,48.36282],[9.07636,48.36391],[9.08372,48.36366],[9.08837,48.36411],[9.09431,48.36654],[9.10433,48.36795],[9.10926,48.37031],[9.1129,48.37123],[9.11679,48.37122],[9.12433,48.37022],[9.12976,48.37123],[9.13603,48.37054],[9.13879,48.37102],[9.1456,48.37003],[9.14896,48.37023],[9.15673,48.36949],[9.16337,48.36943],[9.16873,48.36809],[9.17181,48.36636],[9.17373,48.364],[9.17421,48.36133],[9.17319,48.35873],[9.16722,48.35331],[9.17409,48.34446],[9.18105,48.34175],[9.18612,48.34036],[9.18896,48.33816],[9.1934,48.33672],[9.20168,48.33546],[9.2101,48.3325],[9.2134,48.33039],[9.21511,48.32756],[9.21671,48.32054],[9.21629,48.31724],[9.21428,48.31432],[9.21001,48.31143],[9.2018,48.30999],[9.19607,48.30844],[9.19163,48.30874],[9.18781,48.31019],[9.17834,48.31133],[9.1679,48.31118],[9.16262,48.31262],[9.16063,48.30643],[9.16427,48.30552],[9.17011,48.30212],[9.17344,48.29755],[9.17694,48.29399],[9.17811,48.29124],[9.18292,48.28619],[9.18395,48.28249],[9.18697,48.2809],[9.19523,48.28178],[9.19866,48.28392],[9.20279,48.28486],[9.20714,48.28463],[9.21541,48.28242],[9.21835,48.28067],[9.22015,48.27834],[9.22146,48.27143],[9.22117,48.26781],[9.2256,48.26689],[9.2355,48.26973],[9.23944,48.26977],[9.24505,48.26789],[9.24994,48.26809],[9.255,48.26922],[9.2614,48.27199],[9.26515,48.27446],[9.2684,48.27811],[9.2709,48.27959],[9.27442,48.28342],[9.28013,48.2851],[9.28451,48.28488],[9.28995,48.28247],[9.29381,48.27817],[9.295,48.27475],[9.29718,48.27298],[9.30104,48.26769],[9.30572,48.2661],[9.30953,48.26247],[9.31027,48.25909],[9.31195,48.25818],[9.32225,48.25832],[9.32834,48.25677],[9.33111,48.25472],[9.33637,48.24841],[9.34372,48.24465],[9.34621,48.24267],[9.34763,48.23964],[9.36207,48.22706],[9.36614,48.22424],[9.36751,48.22139],[9.3673,48.21863],[9.36854,48.21611],[9.373,48.21386],[9.37661,48.21021],[9.3778,48.20747],[9.37968,48.20626],[9.38204,48.20205],[9.38708,48.19831],[9.39183,48.19635],[9.39828,48.19675],[9.4031,48.19818],[9.40685,48.20051],[9.41202,48.20199],[9.41614,48.2019],[9.41991,48.20078],[9.42277,48.19879],[9.42446,48.19565],[9.43795,48.19491],[9.4405,48.20113],[9.44306,48.20338],[9.45651,48.20743],[9.46082,48.20716],[9.46614,48.20472],[9.46841,48.20068],[9.46777,48.19672],[9.48208,48.20175],[9.48636,48.20359],[9.48817,48.20713],[9.4911,48.20928],[9.49791,48.21246],[9.4984,48.21541],[9.49805,48.22135],[9.49902,48.22317],[9.49355,48.22534],[9.49125,48.22785],[9.49004,48.23264],[9.48994,48.23797],[9.49112,48.24087],[9.49396,48.24319],[9.50067,48.24501],[9.51314,48.25015],[9.51852,48.2512],[9.52653,48.25431],[9.52693,48.25719],[9.53035,48.2606],[9.53036,48.26322],[9.52744,48.26587],[9.52643,48.26804],[9.52186,48.26962],[9.51758,48.2725],[9.51632,48.27647],[9.51847,48.28026],[9.5215,48.28209],[9.52932,48.28404],[9.53198,48.28696],[9.53567,48.28877],[9.53891,48.28939],[9.54126,48.29118],[9.54517,48.29256],[9.54958,48.29276],[9.55376,48.29195],[9.55685,48.29339],[9.55457,48.30023],[9.55516,48.30648],[9.55081,48.30724],[9.54733,48.30891],[9.54509,48.31135],[9.54478,48.3156],[9.54665,48.31818],[9.54988,48.32006],[9.55119,48.32195],[9.55733,48.32812],[9.56234,48.33014],[9.56626,48.33037],[9.57474,48.32898],[9.57943,48.32688],[9.58041,48.32854],[9.58037,48.33313],[9.58149,48.33522],[9.58589,48.3394],[9.58896,48.34662],[9.59128,48.35017],[9.59067,48.35276],[9.59197,48.35621],[9.59026,48.36084],[9.59194,48.36553],[9.59417,48.36773],[9.59929,48.37025],[9.60376,48.37452],[9.59921,48.37737],[9.59461,48.3786],[9.59172,48.38059],[9.58999,48.38453],[9.58725,48.38614],[9.58485,48.39023],[9.58548,48.39316],[9.59002,48.39696],[9.59417,48.3981],[9.60137,48.39831],[9.60721,48.39794],[9.61136,48.39666],[9.62124,48.39576],[9.62156,48.39768],[9.62533,48.40155],[9.62592,48.40392],[9.62511,48.40984],[9.62712,48.41351],[9.63058,48.41652],[9.63666,48.4186],[9.63872,48.42432],[9.63636,48.42855],[9.63494,48.43562],[9.63246,48.43954],[9.63207,48.44272],[9.63027,48.44617],[9.62777,48.44892],[9.6268,48.45279],[9.62142,48.45754],[9.61721,48.46347],[9.61454,48.47058],[9.60661,48.47146],[9.59643,48.47474],[9.59383,48.47674],[9.59195,48.48037],[9.59175,48.48622],[9.58827,48.48938],[9.58751,48.49199],[9.58927,48.49598],[9.58961,48.49873],[9.58774,48.50167],[9.58773,48.50472],[9.5896,48.51029],[9.59116,48.51208],[9.58906,48.51435],[9.58879,48.51879],[9.5866,48.52395],[9.58336,48.52923],[9.58303,48.53223],[9.5851,48.53663],[9.57941,48.54231],[9.57839,48.54708],[9.57363,48.54773],[9.5701,48.54945],[9.56789,48.55197],[9.56735,48.55486],[9.56982,48.55887],[9.57015,48.56164],[9.57535,48.56687],[9.58233,48.57088],[9.5894,48.5715],[9.59362,48.57455],[9.59369,48.58081],[9.59637,48.59081],[9.59357,48.59383],[9.59271,48.59819],[9.59065,48.60084],[9.5902,48.60378],[9.59157,48.60658],[9.59593,48.61098],[9.59274,48.61673],[9.58879,48.61691],[9.5842,48.61848],[9.57779,48.6251],[9.55884,48.63025],[9.55573,48.63226],[9.55386,48.63636],[9.55594,48.64054],[9.55406,48.64473],[9.55485,48.64855],[9.55482,48.65556],[9.54915,48.65576],[9.5453,48.65688],[9.54093,48.66024],[9.52755,48.65941],[9.52373,48.66013],[9.51693,48.65933],[9.51084,48.66057],[9.50497,48.66409],[9.49922,48.66547],[9.4965,48.66742],[9.49502,48.66988],[9.49269,48.67705],[9.49191,48.68325],[9.49313,48.68671],[9.49049,48.68939],[9.48989,48.69226],[9.49106,48.69564],[9.49349,48.6983],[9.49324,48.70029],[9.49042,48.70506],[9.49017,48.70792],[9.49365,48.7123],[9.49173,48.71794],[9.49032,48.7248],[9.49174,48.72772],[9.49382,48.72947],[9.4979,48.73699],[9.50386,48.74162],[9.50633,48.74414],[9.51034,48.75029],[9.51086,48.75397],[9.51282,48.7564],[9.51796,48.75871],[9.52211,48.75902],[9.52613,48.75828],[9.53389,48.75569],[9.53818,48.75321],[9.54326,48.74723],[9.54498,48.74358],[9.54762,48.74058],[9.55251,48.74184],[9.55479,48.74496],[9.55806,48.74674],[9.5626,48.74765],[9.56892,48.75026],[9.58071,48.7501],[9.58208,48.75433],[9.58518,48.76018],[9.58545,48.76231],[9.5877,48.76606],[9.58757,48.77029],[9.58965,48.77289],[9.59522,48.77526],[9.59994,48.77597],[9.60394,48.77568],[9.6075,48.77444],[9.6145,48.76935],[9.62375,48.77306],[9.62445,48.77577],[9.62116,48.77998],[9.62097,48.78418],[9.62288,48.7867],[9.62745,48.78894],[9.63254,48.79326],[9.63801,48.79523],[9.64331,48.79642],[9.6444,48.79784],[9.64388,48.80084],[9.64492,48.80359],[9.64984,48.80693],[9.65173,48.80974],[9.65126,48.81317],[9.65282,48.81597],[9.65956,48.8221],[9.66566,48.82362],[9.67562,48.8232],[9.67851,48.82252],[9.68539,48.82331],[9.69487,48.82221],[9.6986,48.82318],[9.70657,48.82308],[9.71242,48.82072],[9.71588,48.81675],[9.7198,48.81424],[9.72389,48.81567],[9.72836,48.81613],[9.73379,48.81837],[9.739,48.81936],[9.75221,48.82312],[9.75596,48.82685],[9.75922,48.82843],[9.76638,48.82966],[9.76944,48.8336],[9.7693,48.83666],[9.76597,48.84191],[9.76331,48.84809],[9.76373,48.85093],[9.76581,48.85345],[9.76356,48.85555],[9.75951,48.85722],[9.75625,48.86162],[9.75261,48.86357],[9.75072,48.86595],[9.75042,48.86978],[9.74875,48.87411],[9.75077,48.87776],[9.75189,48.88163],[9.75116,48.88429],[9.74796,48.88773],[9.74686,48.8902],[9.74769,48.89573],[9.74551,48.89933],[9.74076,48.90217],[9.73427,48.9048],[9.73017,48.90584],[9.72352,48.90937],[9.72124,48.91172],[9.72023,48.91454],[9.71712,48.91526],[9.71154,48.91399],[9.70549,48.915],[9.70237,48.91684],[9.70054,48.91932],[9.69969,48.92511],[9.70047,48.92871],[9.69549,48.92769],[9.68828,48.92854],[9.6814,48.93306],[9.67905,48.93768],[9.67981,48.94057],[9.68399,48.94394],[9.69048,48.94617],[9.69558,48.94638],[9.69746,48.95046],[9.69389,48.95281],[9.69192,48.9553],[9.69157,48.96072],[9.69317,48.96396],[9.69029,48.96646],[9.68523,48.96832],[9.68057,48.96925],[9.67708,48.97106],[9.67161,48.97557],[9.66947,48.97955],[9.66973,48.98234],[9.67158,48.98485],[9.67533,48.98694],[9.67619,48.98934],[9.66611,48.9937],[9.65926,48.99387],[9.65349,48.9955],[9.64414,48.99675],[9.6404,48.9985],[9.63569,49.00387],[9.62262,49.00528],[9.61267,49.00572],[9.60867,49.00702],[9.60579,49.00926],[9.60454,49.01355],[9.60519,49.01606],[9.60841,49.02017],[9.61102,49.02194],[9.61353,49.02508],[9.61006,49.02892],[9.60998,49.03179],[9.61336,49.03582],[9.60935,49.03852],[9.60802,49.0412],[9.60835,49.044],[9.61028,49.0465],[9.61335,49.04825],[9.6147,49.05027],[9.61202,49.05169],[9.60849,49.05216],[9.60438,49.05408],[9.59894,49.0551],[9.59602,49.05632],[9.58972,49.05658],[9.57833,49.05478],[9.57563,49.05361],[9.57096,49.053],[9.56281,49.0541],[9.55544,49.05423],[9.5505,49.05629],[9.54594,49.05658],[9.54104,49.05765],[9.53779,49.05932],[9.53383,49.06393],[9.52651,49.06424],[9.52297,49.06587],[9.52066,49.06827],[9.52055,49.07339],[9.51926,49.077],[9.51147,49.07762],[9.50781,49.07921],[9.50539,49.08161],[9.5046,49.08445],[9.50618,49.08815],[9.50309,49.09107],[9.50241,49.09395],[9.50353,49.09677],[9.50716,49.10135],[9.50998,49.10365],[9.51395,49.10501],[9.52511,49.1062],[9.53125,49.10491],[9.53574,49.10205],[9.53969,49.10451],[9.53847,49.10869],[9.53924,49.11065],[9.53623,49.11342],[9.53572,49.11776],[9.5376,49.12041],[9.5439,49.12385],[9.54999,49.12487],[9.55593,49.12353],[9.56242,49.11862],[9.56792,49.12014],[9.57259,49.12062],[9.57652,49.12018],[9.57994,49.11885],[9.58782,49.11359],[9.59251,49.10818],[9.59796,49.10782],[9.60316,49.10567],[9.60939,49.1055],[9.6132,49.1089],[9.61134,49.11163],[9.61117,49.11464],[9.613,49.11916],[9.60789,49.12153],[9.60058,49.12015],[9.59276,49.12237],[9.5862,49.1289],[9.58494,49.133],[9.58736,49.13686],[9.59514,49.14008],[9.59923,49.1404],[9.6032,49.1397],[9.60767,49.13707],[9.61132,49.13655],[9.61747,49.1372],[9.62278,49.13661],[9.62748,49.1374],[9.6318,49.13708],[9.63558,49.13568],[9.63824,49.13342],[9.63935,49.13067],[9.63848,49.12734],[9.64539,49.12732],[9.65204,49.13105],[9.65467,49.13491],[9.66563,49.14021],[9.66773,49.14229],[9.66828,49.14457],[9.67273,49.14905],[9.67399,49.1531],[9.67295,49.15573],[9.67322,49.15854],[9.67512,49.16107],[9.67835,49.16292],[9.68651,49.16493],[9.68991,49.16707],[9.68969,49.17088],[9.69072,49.17369],[9.69322,49.17591],[9.69643,49.18148],[9.69622,49.18651],[9.69776,49.18926],[9.70083,49.19137],[9.70499,49.19253],[9.70914,49.19476],[9.72011,49.19586],[9.72987,49.19471],[9.74026,49.19424],[9.74453,49.19483],[9.74767,49.19778],[9.75044,49.20335],[9.75173,49.20831],[9.754,49.21142],[9.75133,49.21277],[9.74896,49.21535],[9.74881,49.21975],[9.75063,49.22214],[9.75548,49.22451],[9.76488,49.22471],[9.76555,49.22663],[9.76303,49.23554],[9.76508,49.24126],[9.76765,49.24337],[9.77101,49.24465],[9.77363,49.24828],[9.7763,49.25008],[9.78771,49.25449],[9.79827,49.25651],[9.80747,49.25781],[9.81191,49.25763],[9.82221,49.26319],[9.82693,49.265],[9.82618,49.2687],[9.82701,49.27508],[9.82917,49.27771],[9.83543,49.28235],[9.83923,49.28363],[9.8438,49.28409],[9.84616,49.28563],[9.85036,49.28684],[9.85531,49.28676],[9.86024,49.28998],[9.86027,49.29326],[9.85811,49.29616],[9.85838,49.30055],[9.85996,49.30249],[9.85953,49.30474],[9.85581,49.30787],[9.85488,49.31054],[9.85553,49.3161],[9.85355,49.31935],[9.85379,49.32212],[9.85564,49.32463],[9.85867,49.32644],[9.85832,49.33022],[9.85347,49.33442],[9.8476,49.34068],[9.84625,49.34332],[9.84667,49.34762],[9.84906,49.35006],[9.85578,49.35358],[9.85398,49.35612],[9.85381,49.36007],[9.86094,49.36822],[9.8667,49.37012],[9.87167,49.37248],[9.87582,49.3729],[9.8799,49.37228],[9.88726,49.36967],[9.89418,49.36981],[9.90004,49.36731],[9.91176,49.36809],[9.91701,49.36894],[9.92141,49.3683],[9.9264,49.36536],[9.92992,49.3603],[9.93342,49.35404],[9.93517,49.35224],[9.9399,49.35687],[9.94398,49.3585],[9.95265,49.36016],[9.95904,49.35961],[9.96122,49.3622],[9.96593,49.36451],[9.97051,49.37104],[9.97382,49.37307],[9.9781,49.37406],[9.98623,49.37356],[9.99287,49.372],[10.0003,49.37086],[10.01305,49.37012],[10.02015,49.37019],[10.02523,49.36908],[10.03945,49.36926],[10.04028,49.37143],[10.03744,49.37775],[10.03914,49.38155],[10.04622,49.38644],[10.04973,49.38799],[10.05388,49.38856],[10.06154,49.38863],[10.0669,49.38988],[10.07178,49.393],[10.0798,49.39435],[10.08506,49.39371],[10.09406,49.39361],[10.0969,49.39405],[10.10287,49.3933],[10.10611,49.39167],[10.11196,49.38502],[10.1219,49.38632],[10.1265,49.38741],[10.13057,49.38723],[10.13684,49.38596],[10.13968,49.38455],[10.14493,49.38447],[10.15223,49.38857],[10.1611,49.39038],[10.16163,49.39547],[10.15817,49.39625],[10.15256,49.40041],[10.15015,49.40703],[10.15162,49.41226],[10.14774,49.41472],[10.14418,49.42052],[10.1392,49.42489],[10.13753,49.43046],[10.13805,49.4331],[10.1337,49.43703],[10.12298,49.44066],[10.11882,49.44382],[10.1109,49.4437],[10.10726,49.44427],[10.10146,49.44651],[10.09912,49.44886],[10.09835,49.45162],[10.10028,49.45559],[10.10903,49.46015],[10.11572,49.46137],[10.12213,49.4639],[10.11933,49.46682],[10.11792,49.46976],[10.11818,49.47335],[10.11604,49.47856],[10.1105,49.48047],[10.10807,49.4828],[10.10462,49.48433],[10.10239,49.48657],[10.10169,49.49208],[10.10577,49.49827],[10.10921,49.50099],[10.11708,49.50376],[10.12075,49.50729],[10.12128,49.51102],[10.11739,49.51107],[10.11014,49.51277],[10.10569,49.51507],[10.09947,49.51479],[10.09204,49.51373],[10.08766,49.51421],[10.08392,49.51577],[10.08142,49.51817],[10.08058,49.52101],[10.08147,49.52448],[10.08383,49.52678],[10.08792,49.52847],[10.08956,49.53058],[10.08996,49.53392],[10.08646,49.53926],[10.08548,49.54218],[10.08374,49.5435],[10.06931,49.54474],[10.06645,49.54546],[10.0618,49.54516],[10.05713,49.5406],[10.05514,49.53607],[10.052,49.53407],[10.04495,49.53071],[10.04017,49.52903],[10.04555,49.52412],[10.05025,49.52099],[10.05194,49.51853],[10.05212,49.51584],[10.05072,49.51065],[10.04836,49.50848],[10.04495,49.50702],[10.04064,49.5063],[10.03635,49.50437],[10.03224,49.50369],[10.02832,49.50392],[10.02738,49.49846],[10.02504,49.49322],[10.02126,49.48781],[10.0166,49.48525],[10.01097,49.48382],[10.00366,49.48447],[10.00028,49.48592],[9.99214,49.48633],[9.98244,49.48429],[9.97774,49.48459],[9.97424,49.48572],[9.96589,49.4843],[9.95899,49.48378],[9.9529,49.48153],[9.94427,49.48164],[9.92761,49.48477],[9.92447,49.48621],[9.91797,49.49067],[9.91611,49.4946],[9.91637,49.49738],[9.91887,49.50145],[9.9221,49.50413],[9.92506,49.50861],[9.92145,49.5125],[9.91913,49.5172],[9.91941,49.52007],[9.92361,49.52406],[9.9257,49.5302],[9.92561,49.53379],[9.92694,49.53604],[9.92302,49.54056],[9.9225,49.54432],[9.92502,49.54838],[9.92679,49.54948],[9.92679,49.55176],[9.92474,49.55553],[9.92446,49.56104],[9.92086,49.56321],[9.91472,49.56179],[9.90831,49.56232],[9.90478,49.56397],[9.90194,49.56774],[9.90211,49.57057],[9.90611,49.57672],[9.90873,49.57865],[9.91536,49.58205],[9.91245,49.58581],[9.90478,49.58663],[9.89881,49.5883],[9.89485,49.58463],[9.88178,49.57987],[9.87585,49.57862],[9.87354,49.57403],[9.86469,49.5679],[9.86634,49.5597],[9.86542,49.55698],[9.8605,49.55349],[9.85735,49.54962],[9.85177,49.5477],[9.84549,49.54809],[9.84058,49.55062],[9.83034,49.55171],[9.82652,49.55324],[9.82395,49.55564],[9.82329,49.55996],[9.82509,49.56264],[9.831,49.56642],[9.83655,49.56871],[9.83909,49.57135],[9.84844,49.57772],[9.84706,49.58438],[9.84368,49.58874],[9.84319,49.59286],[9.84488,49.5954],[9.84792,49.59734],[9.85502,49.60038],[9.85947,49.60307],[9.86296,49.60708],[9.87269,49.61006],[9.86912,49.61371],[9.8676,49.61629],[9.86739,49.6212],[9.8638,49.62772],[9.85828,49.63457],[9.8549,49.64142],[9.85005,49.6439],[9.84006,49.64586],[9.83666,49.64778],[9.8333,49.65147],[9.83374,49.65632],[9.83238,49.66041],[9.82863,49.66202],[9.82642,49.6642],[9.82462,49.66955],[9.82495,49.67249],[9.82921,49.67801],[9.8321,49.67997],[9.83588,49.68121],[9.8408,49.68164],[9.84112,49.68322],[9.83754,49.68558],[9.83582,49.6883],[9.83609,49.69173],[9.8331,49.69755],[9.83181,49.70364],[9.8284,49.70627],[9.82351,49.70807],[9.81948,49.71071],[9.81471,49.71261],[9.81041,49.71357],[9.80722,49.71521],[9.8047,49.71775],[9.80026,49.72011],[9.79762,49.72384],[9.79785,49.7266],[9.79997,49.73084],[9.7916,49.73097],[9.78881,49.72638],[9.7863,49.72427],[9.77954,49.7225],[9.76854,49.71898],[9.76213,49.71531],[9.75717,49.71182],[9.75308,49.71009],[9.7513,49.70701],[9.7506,49.69852],[9.74812,49.69507],[9.74446,49.69315],[9.74026,49.69233],[9.73591,49.69264],[9.73208,49.69401],[9.72936,49.69624],[9.72677,49.6999],[9.72193,49.70204],[9.71906,49.7041],[9.71523,49.70943],[9.71399,49.7129],[9.71467,49.71635],[9.71379,49.72126],[9.7117,49.72604],[9.70976,49.72702],[9.70459,49.72514],[9.69842,49.72024],[9.69254,49.71839],[9.68232,49.71756],[9.67731,49.7162],[9.67792,49.71118],[9.67574,49.70054],[9.67345,49.69479],[9.66962,49.69151],[9.66257,49.6893],[9.65709,49.68887],[9.65299,49.68955],[9.64875,49.69174],[9.63706,49.69431],[9.63381,49.69641],[9.62863,49.7046],[9.62879,49.7072],[9.63235,49.7131],[9.63324,49.716],[9.63589,49.71834],[9.64078,49.72034],[9.64101,49.72314],[9.63763,49.72727],[9.63715,49.73016],[9.63848,49.73293],[9.64138,49.73514],[9.64572,49.73648],[9.64682,49.73891],[9.6446,49.74397],[9.6455,49.7469],[9.64158,49.75272],[9.6418,49.7553],[9.64616,49.76146],[9.64922,49.76481],[9.65176,49.76639],[9.64727,49.76965],[9.64617,49.77447],[9.64753,49.77722],[9.65136,49.78055],[9.65035,49.78383],[9.65081,49.78615],[9.64866,49.79137],[9.64538,49.79074],[9.63069,49.78591],[9.6203,49.78376],[9.60825,49.78333],[9.59428,49.78095],[9.58784,49.78119],[9.58398,49.78191],[9.58011,49.78393],[9.56938,49.78297],[9.56341,49.78138],[9.56045,49.77983],[9.55754,49.77605],[9.55724,49.7727],[9.55538,49.77007],[9.55207,49.76813],[9.54561,49.76715],[9.53786,49.76755],[9.52846,49.76258],[9.52186,49.76154],[9.51557,49.76318],[9.51235,49.76557],[9.51003,49.77099],[9.51302,49.78054],[9.51177,49.78335],[9.50464,49.78784],[9.4998,49.78889],[9.48344,49.78782],[9.47851,49.78654],[9.47323,49.78212],[9.47144,49.77964],[9.46996,49.77557],[9.46615,49.77247],[9.45938,49.77013],[9.45471,49.77018],[9.44956,49.77157],[9.44334,49.77577],[9.43739,49.78505],[9.43331,49.78819],[9.42524,49.78954],[9.42061,49.7886],[9.41564,49.78544],[9.40328,49.77611],[9.3958,49.77339],[9.38981,49.77229],[9.38572,49.77282],[9.38221,49.77429],[9.37916,49.77685],[9.37276,49.77893],[9.36879,49.77806],[9.36411,49.77428],[9.35768,49.77107],[9.35052,49.76894],[9.34298,49.76823],[9.32967,49.76952],[9.31747,49.76885],[9.31365,49.7666],[9.31325,49.7617],[9.31557,49.75732],[9.32155,49.75125],[9.32293,49.74858],[9.32285,49.74576],[9.31966,49.7421],[9.31597,49.7406],[9.30993,49.74016],[9.30345,49.74085],[9.29579,49.74052],[9.29629,49.73906],[9.30026,49.73766],[9.30785,49.73609],[9.3178,49.73349],[9.32273,49.73124],[9.32921,49.73195],[9.33591,49.73395],[9.34167,49.73406],[9.34768,49.73252],[9.3508,49.73055],[9.35252,49.72795],[9.35255,49.72513],[9.35091,49.72251],[9.3463,49.71943],[9.34416,49.71703],[9.34876,49.71535],[9.35118,49.71319],[9.35326,49.70751],[9.35737,49.70443],[9.36637,49.70361],[9.37166,49.70398],[9.38238,49.70743],[9.38236,49.71653],[9.38378,49.71908],[9.38834,49.72184],[9.39237,49.72258],[9.39654,49.7223],[9.40102,49.72063],[9.40571,49.7199],[9.40901,49.71855],[9.41205,49.71618],[9.41703,49.71077],[9.41804,49.70821],[9.41698,49.70246],[9.41937,49.69633],[9.4194,49.69072],[9.41866,49.68922],[9.41337,49.68395],[9.40949,49.68208],[9.40544,49.67766],[9.39983,49.67357],[9.39795,49.67076],[9.40977,49.66331],[9.41426,49.65859],[9.41508,49.65589],[9.41328,49.65196],[9.40719,49.64719],[9.40354,49.64587],[9.3994,49.64552],[9.39393,49.64626],[9.38746,49.64497],[9.3809,49.64577],[9.37186,49.65154],[9.36831,49.65535],[9.3675,49.65858],[9.36275,49.65494],[9.34837,49.64929],[9.34591,49.64716],[9.34236,49.64566],[9.33821,49.64513],[9.33406,49.64565],[9.32967,49.64734],[9.3176,49.65096],[9.31367,49.65363],[9.3046,49.65486],[9.30164,49.64992],[9.29607,49.64599],[9.29063,49.6438],[9.28884,49.64118],[9.28575,49.63916],[9.27862,49.63795],[9.27109,49.6342],[9.27197,49.62958],[9.27019,49.62652],[9.27513,49.62431],[9.27907,49.61825],[9.27883,49.61536],[9.27686,49.61277],[9.27347,49.61089],[9.26803,49.60894],[9.26483,49.60693],[9.263,49.60107],[9.25719,49.59573],[9.2534,49.59424],[9.24953,49.59373],[9.24648,49.58993],[9.24536,49.58584],[9.23932,49.58185],[9.23252,49.58033],[9.22911,49.58017],[9.21716,49.57753],[9.21072,49.57779],[9.20799,49.57691],[9.20044,49.57648],[9.19512,49.57528],[9.19109,49.57562],[9.18726,49.57682],[9.18313,49.57581],[9.17872,49.57583],[9.17336,49.57767],[9.16652,49.57721],[9.16223,49.57801],[9.15903,49.5795],[9.14942,49.57928],[9.14287,49.57815],[9.1386,49.57637],[9.13121,49.57587],[9.12237,49.57419],[9.11819,49.57418],[9.11264,49.57602],[9.10834,49.57922],[9.10316,49.57749],[9.0994,49.57091],[9.09636,49.56876],[9.09225,49.56758],[9.08776,49.56756],[9.08363,49.5687],[9.08054,49.57081],[9.07806,49.57469],[9.0732,49.57493],[9.07363,49.57051],[9.07234,49.56526],[9.07631,49.56089],[9.08553,49.55334],[9.08781,49.5502],[9.08788,49.54699],[9.08455,49.54308],[9.09263,49.5418],[9.09642,49.54064],[9.10177,49.53727],[9.10409,49.53339],[9.10359,49.53062],[9.09995,49.5272],[9.09613,49.52591],[9.09185,49.52568],[9.08326,49.52605],[9.0765,49.52574],[9.07084,49.52691],[9.06503,49.52955],[9.05668,49.52255],[9.05088,49.52023],[9.04936,49.51811],[9.04914,49.51452],[9.04712,49.51045],[9.04223,49.50651],[9.04186,49.50388],[9.04003,49.50136],[9.03686,49.49949],[9.0301,49.49826],[9.02112,49.49807],[9.01727,49.49888],[9.01206,49.50266],[9.00526,49.50404],[8.99551,49.50485],[8.98973,49.50636],[8.98583,49.51024],[8.97935,49.5092],[8.97428,49.50364],[8.97085,49.50229],[8.96624,49.50173],[8.95875,49.50291],[8.95196,49.50555],[8.95127,49.50276],[8.95435,49.49965],[8.95525,49.49698],[8.95455,49.49428],[8.95062,49.48904],[8.94751,49.48686],[8.94201,49.48522],[8.93986,49.4835],[8.93794,49.47981],[8.93468,49.47675],[8.93448,49.4739],[8.93201,49.47069],[8.93571,49.46558],[8.94135,49.46351],[8.94464,49.46106],[8.94637,49.45713],[8.94452,49.45321],[8.9397,49.45059],[8.92849,49.44954],[8.92622,49.44755],[8.92538,49.44376],[8.92173,49.44032],[8.9179,49.43904],[8.91149,49.43911],[8.90772,49.44048],[8.90287,49.44408],[8.90103,49.44338],[8.89946,49.43724],[8.89729,49.43368],[8.89529,49.42633],[8.89262,49.42135],[8.88772,49.41791],[8.87639,49.41404],[8.87192,49.41173],[8.86932,49.40854],[8.86285,49.40213],[8.85721,49.39856],[8.85104,49.3973],[8.84678,49.39785],[8.84179,49.40053],[8.83928,49.40421],[8.83594,49.40671],[8.82938,49.40816],[8.82653,49.40582],[8.82288,49.40438],[8.81867,49.40395],[8.81453,49.40459],[8.81107,49.40622],[8.80881,49.40857],[8.80739,49.41548],[8.80825,49.41816],[8.81058,49.42043],[8.81468,49.42225],[8.82101,49.42271],[8.82564,49.42181],[8.83033,49.4232],[8.83647,49.43031],[8.83711,49.43344],[8.83363,49.43851],[8.83312,49.44668],[8.83455,49.45038],[8.82618,49.46502],[8.82671,49.46777],[8.8288,49.47018],[8.83687,49.4746],[8.84088,49.47558],[8.84282,49.47727],[8.84986,49.48048],[8.85656,49.48047],[8.86047,49.47902],[8.86353,49.47638],[8.86459,49.47364],[8.86298,49.46676],[8.8682,49.46498],[8.87626,49.46665],[8.88982,49.47545],[8.89139,49.48004],[8.89456,49.48232],[8.89925,49.48453],[8.89982,49.48769],[8.89911,49.49053],[8.89975,49.49426],[8.89835,49.49911],[8.89952,49.50362],[8.89746,49.50318],[8.89113,49.50366],[8.8863,49.50564],[8.88292,49.50606],[8.87739,49.50553],[8.87322,49.50431],[8.86271,49.50322],[8.85723,49.50153],[8.85297,49.50131],[8.84843,49.50211],[8.84283,49.49962],[8.83483,49.49732],[8.82882,49.49756],[8.82531,49.49888],[8.81953,49.50355],[8.81819,49.50729],[8.82063,49.51326],[8.82032,49.5199],[8.82319,49.52371],[8.822,49.52453],[8.81147,49.5267],[8.80275,49.52195],[8.79498,49.51566],[8.78931,49.51412],[8.78519,49.51433],[8.77711,49.51773],[8.77249,49.51796],[8.76781,49.51623],[8.7637,49.51588],[8.75969,49.51653],[8.75506,49.51853],[8.75101,49.52175],[8.73889,49.52358],[8.73161,49.52621],[8.72688,49.52738],[8.7226,49.53099],[8.71896,49.53286],[8.71219,49.53401],[8.70828,49.53566],[8.70577,49.5382],[8.70403,49.5431],[8.70566,49.54796],[8.70385,49.55],[8.69823,49.55101],[8.69522,49.55273],[8.69242,49.55606],[8.69297,49.56063],[8.6916,49.56362],[8.68641,49.56878],[8.68315,49.58068],[8.68327,49.58469],[8.68587,49.58822],[8.68905,49.58984],[8.6962,49.59212],[8.698,49.59643],[8.69789,49.59958],[8.69566,49.60313],[8.68831,49.61004],[8.68819,49.61431],[8.69092,49.61788],[8.69378,49.61942],[8.6923,49.62369],[8.68451,49.6238],[8.67794,49.62592],[8.67452,49.62445],[8.67032,49.62373],[8.66606,49.6219],[8.65803,49.62027],[8.65058,49.6208],[8.64279,49.61972],[8.63296,49.61751],[8.61372,49.61443],[8.60082,49.61139],[8.59396,49.61092],[8.59372,49.60857],[8.58948,49.60452],[8.59105,49.60023],[8.59148,49.59529],[8.59435,49.59275],[8.59949,49.59188],[8.60297,49.5899],[8.6049,49.58717],[8.60873,49.57559],[8.60812,49.57059],[8.61168,49.56306],[8.6164,49.55648],[8.61747,49.55403],[8.61863,49.54721],[8.61788,49.54466],[8.61082,49.53861],[8.60704,49.53397],[8.60149,49.53169],[8.59672,49.53085],[8.59294,49.5254],[8.58849,49.5229],[8.58335,49.52186],[8.58147,49.51967],[8.58298,49.51587],[8.58252,49.51153],[8.58097,49.50907],[8.58283,49.50625],[8.58226,49.50226],[8.58005,49.49998],[8.56763,49.49378],[8.56077,49.49148],[8.55607,49.49067],[8.55105,49.48478],[8.54672,49.47743],[8.55134,49.47728],[8.55567,49.47625],[8.5615,49.47229],[8.56811,49.46446],[8.57098,49.46277],[8.57952,49.46029],[8.58362,49.45685],[8.58428,49.45395],[8.58311,49.45112],[8.57735,49.44362],[8.58204,49.44203],[8.58568,49.43898],[8.58691,49.43513],[8.5861,49.43234],[8.58116,49.42713],[8.57318,49.42363],[8.57157,49.42108],[8.56867,49.41914],[8.5628,49.41786],[8.54561,49.41742],[8.54126,49.41438],[8.53742,49.41332],[8.53325,49.41326],[8.52935,49.41422],[8.52476,49.4178],[8.52252,49.41813],[8.5162,49.41586],[8.51066,49.41328],[8.5049,49.41193],[8.49747,49.41134],[8.49552,49.4025],[8.49201,49.39901],[8.4882,49.39694],[8.4748,49.39105],[8.47044,49.38984],[8.46555,49.38732],[8.46369,49.38463],[8.46364,49.37803],[8.46616,49.3753],[8.47284,49.37337],[8.47801,49.37505],[8.48195,49.37775],[8.4857,49.37894],[8.48985,49.37915],[8.49556,49.37756],[8.49823,49.37547],[8.49951,49.37288],[8.49923,49.37017],[8.49681,49.36418],[8.49207,49.35718],[8.48637,49.35119],[8.47977,49.34596],[8.47092,49.34071],[8.46301,49.33694],[8.45756,49.33361],[8.45426,49.33095],[8.45157,49.32733],[8.4505,49.32171],[8.45199,49.31768],[8.45405,49.31546],[8.45857,49.31295],[8.47105,49.31029],[8.47811,49.30827],[8.4827,49.30583],[8.48715,49.30165],[8.48908,49.29715],[8.48896,49.2933],[8.48647,49.28925],[8.48219,49.28661],[8.47859,49.28546],[8.4726,49.28453],[8.46518,49.28234],[8.45819,49.27911],[8.45405,49.27603],[8.44555,49.26688],[8.4398,49.26235],[8.43164,49.25769],[8.40703,49.24718],[8.40069,49.24416],[8.39294,49.23833],[8.38759,49.23115],[8.38581,49.22662],[8.38484,49.2197],[8.39234,49.21974],[8.39619,49.21861],[8.39909,49.2166],[8.40063,49.21402],[8.40057,49.21126],[8.3985,49.20772],[8.39313,49.20273],[8.38523,49.19833],[8.38293,49.1901],[8.38115,49.18554],[8.36985,49.17077],[8.36768,49.1645],[8.36878,49.16074],[8.37202,49.15563],[8.37271,49.15198],[8.36738,49.12946],[8.36416,49.11672],[8.36037,49.10321],[8.35809,49.09778],[8.35461,49.09313],[8.34591,49.08462],[8.32818,49.07156],[8.32054,49.06496],[8.31644,49.06048],[8.30871,49.04996],[8.30414,49.04065],[8.30262,49.03523],[8.30019,49.02174],[8.29737,49.0135],[8.2931,49.00585],[8.2876,48.99843],[8.28419,48.99499],[8.27735,48.98994],[8.26128,48.98092],[8.23923,48.96926],[8.22793,48.96516],[8.20289,48.95979],[8.19866,48.95813],[8.19361,48.95396],[8.18739,48.94537],[8.17907,48.93443],[8.15575,48.91228],[8.14655,48.90229],[8.13519,48.88755],[8.12763,48.87611],[8.12147,48.86496],[8.11076,48.84206],[8.10765,48.83321],[8.10383,48.82012],[8.10117,48.81593],[8.09431,48.80835],[8.08704,48.80203],[8.07639,48.7947],[8.07223,48.79235],[8.06458,48.78969],[8.05965,48.78899],[8.05413,48.78939],[8.0491,48.79047],[8.04156,48.79075],[8.03541,48.78959],[8.03022,48.78733],[8.02655,48.78384],[8.02578,48.78207],[8.02355,48.7697],[8.02189,48.76699],[8.01711,48.76251],[8.01119,48.75989],[8.00777,48.75922],[7.99858,48.75901],[7.98668,48.76097],[7.98037,48.76088],[7.97559,48.7598],[7.97067,48.75682],[7.96891,48.75371],[7.96715,48.74673],[7.96707,48.74015],[7.96774,48.72982],[7.96683,48.72631],[7.9633,48.72153],[7.9246,48.69055],[7.89626,48.66724],[7.88998,48.6626],[7.88126,48.65845],[7.86173,48.65059],[7.8481,48.64691],[7.842,48.64373],[7.83804,48.63886],[7.83315,48.62524],[7.83032,48.61987],[7.80482,48.59258],[7.80214,48.58884],[7.80029,48.58404],[7.80025,48.57866],[7.80536,48.56107],[7.80557,48.55031],[7.80311,48.53722],[7.80659,48.52352],[7.80611,48.51638],[7.80394,48.51122],[7.80036,48.50657],[7.79534,48.50196],[7.79153,48.49998],[7.77194,48.49264],[7.76841,48.48982],[7.76708,48.48736],[7.7671,48.47491],[7.76602,48.46046],[7.76503,48.45656],[7.76173,48.44861],[7.7523,48.43261],[7.7358,48.40395],[7.73315,48.3972],[7.73164,48.3917],[7.7309,48.38366],[7.73187,48.37638],[7.73867,48.35466],[7.74517,48.33511],[7.74561,48.33255],[7.74345,48.32547],[7.73708,48.31961],[7.73163,48.31719],[7.71044,48.31161],[7.70346,48.30896],[7.6988,48.30619],[7.69357,48.30172],[7.69164,48.29909],[7.6892,48.29253],[7.68924,48.28079],[7.67989,48.25499],[7.66848,48.22552],[7.66524,48.22005],[7.661,48.21682],[7.64741,48.20997],[7.64412,48.20727],[7.62952,48.18371],[7.61518,48.17088],[7.60175,48.15918],[7.59936,48.15528],[7.59914,48.15015],[7.60057,48.14248],[7.6002,48.1388],[7.59878,48.13558],[7.59618,48.13261],[7.59222,48.13001],[7.58402,48.12695],[7.58056,48.12479],[7.57833,48.12229],[7.57709,48.1193],[7.57743,48.11473],[7.57937,48.10648],[7.57889,48.0998],[7.576,48.09391],[7.57161,48.08846],[7.56995,48.08479],[7.56917,48.08005],[7.56994,48.07525],[7.57338,48.05965],[7.57352,48.05077],[7.56918,48.03843],[7.56861,48.03548],[7.57166,48.03036],[7.60351,48.00519],[7.61019,47.99869],[7.61344,47.99469],[7.61851,47.9858],[7.62165,47.97651],[7.62195,47.97281],[7.62094,47.96898],[7.61708,47.96342],[7.60967,47.95433],[7.60454,47.94998],[7.58799,47.93712],[7.5839,47.93233],[7.58106,47.92682],[7.58072,47.91916],[7.58296,47.9032],[7.58237,47.89953],[7.57942,47.89451],[7.57499,47.8907],[7.5645,47.88614],[7.5589,47.88182],[7.55631,47.87753],[7.55554,47.87408],[7.55596,47.86695],[7.55761,47.86285],[7.56286,47.8538],[7.56362,47.84956],[7.56292,47.84269],[7.56003,47.83636],[7.55252,47.82725],[7.54889,47.82127],[7.54537,47.81155],[7.54108,47.80346],[7.53215,47.78778],[7.53021,47.78314],[7.52967,47.77808],[7.53071,47.77177],[7.53338,47.76604],[7.54599,47.74357],[7.54811,47.73947],[7.54853,47.73508],[7.5476,47.72982],[7.5437,47.72233],[7.54038,47.71853],[7.53496,47.71473],[7.51423,47.70308],[7.51231,47.70062],[7.51164,47.69699],[7.51238,47.69481],[7.51626,47.68976],[7.51888,47.6847],[7.51948,47.68037],[7.51901,47.67266],[7.51956,47.66812],[7.521,47.6641],[7.52473,47.66015],[7.53066,47.65477],[7.5379,47.64918],[7.54646,47.64448],[7.56082,47.63722],[7.56736,47.63174],[7.57035,47.62688],[7.57225,47.61961],[7.57423,47.61599],[7.58788,47.60776],[7.59145,47.60417],[7.59281,47.60081],[7.59224,47.59562],[7.58912,47.58996],[7.59915,47.58715],[7.60199,47.58538],[7.60371,47.58303],[7.60456,47.57789],[7.61022,47.57815],[7.61623,47.57775],[7.619,47.57689],[7.6279,47.5812],[7.63361,47.58553],[7.63658,47.58845],[7.64325,47.59143],[7.64789,47.59468],[7.65211,47.59548],[7.65645,47.59506],[7.6675,47.59183],[7.67019,47.58996],[7.67207,47.58513],[7.67729,47.58343],[7.68109,47.58003],[7.68261,47.57552],[7.68226,47.57288],[7.68051,47.5705],[7.67543,47.56705],[7.6719,47.56603],[7.65904,47.56436],[7.6515,47.56124],[7.64567,47.56111],[7.64139,47.56194],[7.63633,47.56394],[7.63418,47.56116],[7.6373,47.55995],[7.64272,47.55563],[7.64837,47.54887],[7.65132,47.54712],[7.65653,47.54602],[7.66025,47.54456],[7.66281,47.54221],[7.66613,47.53729],[7.66839,47.53569],[7.67387,47.53396],[7.68195,47.53257],[7.69207,47.53238],[7.69667,47.53288],[7.70665,47.53656],[7.71837,47.54146],[7.72185,47.54212],[7.74316,47.54359],[7.75098,47.5445],[7.75433,47.54573],[7.75996,47.5489],[7.77473,47.55249],[7.78247,47.55316],[7.7886,47.55469],[7.79598,47.55775],[7.79966,47.56264],[7.80249,47.56476],[7.8093,47.56795],[7.81239,47.5714],[7.81495,47.58076],[7.81708,47.58416],[7.82187,47.58693],[7.82601,47.58752],[7.8312,47.58682],[7.83475,47.58516],[7.83704,47.58301],[7.83966,47.58222],[7.84631,47.58226],[7.85569,47.58485],[7.85972,47.58702],[7.86877,47.58852],[7.8792,47.58843],[7.8848,47.58883],[7.89272,47.58706],[7.89668,47.58495],[7.90525,47.57855],[7.90988,47.57233],[7.91146,47.56771],[7.90781,47.56173],[7.90742,47.55956],[7.90852,47.55542],[7.91016,47.55249],[7.91363,47.5496],[7.91909,47.54731],[7.92639,47.54665],[7.93188,47.54689],[7.9409,47.54441],[7.9463,47.54418],[7.94921,47.54609],[7.95308,47.55396],[7.95587,47.55598],[7.9616,47.55734],[7.97426,47.55542],[7.98358,47.55531],[7.99503,47.55647],[8.0013,47.55626],[8.00751,47.55475],[8.01303,47.55183],[8.01873,47.55051],[8.02256,47.55059],[8.02681,47.55189],[8.03995,47.55353],[8.04758,47.556],[8.05879,47.56233],[8.06493,47.56372],[8.06927,47.56368],[8.07323,47.56246],[8.07858,47.55914],[8.08339,47.55752],[8.09107,47.55817],[8.0948,47.5597],[8.09884,47.56231],[8.10144,47.56636],[8.1027,47.57485],[8.10451,47.57821],[8.10943,47.5822],[8.1136,47.58356],[8.11759,47.58378],[8.1261,47.58329],[8.13625,47.58404],[8.13832,47.58623],[8.13859,47.58839],[8.14063,47.59115],[8.14733,47.59478],[8.15181,47.59552],[8.1563,47.59509],[8.16136,47.59373],[8.16512,47.59426],[8.16869,47.59616],[8.17321,47.60075],[8.17791,47.6029],[8.18265,47.60399],[8.1858,47.6058],[8.19391,47.61627],[8.19837,47.61917],[8.20345,47.62068],[8.20776,47.62101],[8.21238,47.62038],[8.2178,47.61847],[8.22154,47.6148],[8.22398,47.60715],[8.22506,47.60564],[8.22912,47.60538],[8.23644,47.61103],[8.24017,47.61231],[8.24668,47.61279],[8.25199,47.61407],[8.25636,47.61396],[8.26028,47.61266],[8.26496,47.60952],[8.26742,47.6095],[8.27924,47.61149],[8.28792,47.6105],[8.29362,47.60809],[8.29666,47.60437],[8.29667,47.60151],[8.29504,47.59516],[8.29548,47.59281],[8.29762,47.58952],[8.30367,47.58544],[8.30945,47.58395],[8.31411,47.58108],[8.31808,47.57698],[8.32313,47.57327],[8.32834,47.57128],[8.33174,47.57068],[8.33951,47.57037],[8.34719,47.57069],[8.3604,47.56996],[8.36546,47.56875],[8.37765,47.56733],[8.38135,47.56585],[8.3858,47.56671],[8.38789,47.57116],[8.38987,47.57335],[8.39478,47.57597],[8.40077,47.57645],[8.40456,47.57548],[8.41403,47.57153],[8.42838,47.56693],[8.43126,47.56657],[8.43867,47.56735],[8.44726,47.56998],[8.45635,47.57226],[8.46573,47.57258],[8.47453,47.57671],[8.47821,47.57759],[8.48676,47.57771],[8.49442,47.58124],[8.49413,47.58229],[8.48861,47.5878],[8.48275,47.58683],[8.48036,47.58575],[8.47414,47.58473],[8.4701,47.58516],[8.46659,47.58659],[8.4623,47.59015],[8.45981,47.5952],[8.45985,47.59789],[8.46134,47.60039],[8.46408,47.60234],[8.46817,47.60376],[8.47048,47.6059],[8.47484,47.6077],[8.47904,47.61183],[8.48199,47.61332],[8.48954,47.61474],[8.49439,47.61461],[8.50371,47.61707],[8.50823,47.61758],[8.5097,47.62046],[8.51486,47.62339],[8.51535,47.62654],[8.51712,47.62899],[8.52194,47.63141],[8.53044,47.63164],[8.53404,47.63062],[8.53685,47.62879],[8.5386,47.62612],[8.54398,47.62529],[8.55292,47.62479],[8.55822,47.62259],[8.56126,47.6199],[8.56296,47.61668],[8.56647,47.61247],[8.56622,47.60636],[8.56375,47.60285],[8.56162,47.60139],[8.56363,47.59871],[8.56689,47.59709]]],[[[8.64993,47.78157],[8.65018,47.78409],[8.65213,47.78666],[8.65543,47.78851],[8.65953,47.78933],[8.66379,47.789],[8.66693,47.78785],[8.67199,47.78712],[8.67869,47.78467],[8.6821,47.78114],[8.68421,47.77284],[8.6833,47.7706],[8.68511,47.76791],[8.68766,47.76192],[8.68787,47.75929],[8.69252,47.75626],[8.69761,47.7568],[8.70038,47.7597],[8.70515,47.7624],[8.71399,47.76436],[8.71808,47.76411],[8.72512,47.76189],[8.72793,47.75962],[8.73161,47.7548],[8.73148,47.75044],[8.72928,47.74791],[8.72371,47.74573],[8.71832,47.74046],[8.71439,47.73868],[8.71201,47.73107],[8.71205,47.72887],[8.71463,47.72638],[8.71669,47.72164],[8.72112,47.72118],[8.7276,47.71908],[8.73133,47.71607],[8.73225,47.71351],[8.73176,47.71009],[8.73001,47.70529],[8.72728,47.70155],[8.72391,47.69982],[8.71982,47.69911],[8.71373,47.70016],[8.70869,47.70423],[8.70704,47.70956],[8.70463,47.71457],[8.6989,47.71498],[8.69465,47.71308],[8.68808,47.71153],[8.68334,47.71177],[8.67768,47.71294],[8.67153,47.71218],[8.6645,47.71325],[8.6659,47.70802],[8.67134,47.70558],[8.67439,47.70206],[8.67459,47.69931],[8.67293,47.69615],[8.66999,47.694],[8.66579,47.69237],[8.65855,47.69132],[8.65959,47.68945],[8.66337,47.68596],[8.66934,47.6847],[8.67764,47.6873],[8.68827,47.69345],[8.69242,47.69421],[8.69668,47.6938],[8.70365,47.69075],[8.70931,47.68951],[8.71494,47.68966],[8.72028,47.69208],[8.72428,47.6929],[8.73398,47.69273],[8.74366,47.69097],[8.74884,47.69087],[8.75787,47.68926],[8.76598,47.68641],[8.76994,47.6844],[8.77264,47.68194],[8.78427,47.67699],[8.78942,47.67532],[8.79562,47.67561],[8.79396,47.67886],[8.79431,47.68201],[8.79714,47.68783],[8.79981,47.69001],[8.80978,47.69323],[8.80607,47.69646],[8.8009,47.69825],[8.7977,47.70219],[8.79205,47.70497],[8.78687,47.70456],[8.78253,47.70502],[8.77675,47.70672],[8.77414,47.70877],[8.77283,47.71132],[8.77254,47.71505],[8.77357,47.71782],[8.77612,47.72011],[8.78069,47.72175],[8.78611,47.72618],[8.793,47.72782],[8.80112,47.72675],[8.80499,47.7245],[8.812,47.72342],[8.81511,47.7213],[8.81842,47.71752],[8.8189,47.71289],[8.82399,47.71098],[8.83202,47.71274],[8.8365,47.7131],[8.84081,47.71218],[8.84437,47.71002],[8.84836,47.70374],[8.85091,47.70086],[8.85145,47.69816],[8.85038,47.69472],[8.85289,47.69004],[8.85057,47.68458],[8.85017,47.68152],[8.85976,47.68007],[8.86326,47.6789],[8.86743,47.67599],[8.8742,47.6674],[8.87572,47.66123],[8.87504,47.65621],[8.88379,47.65558],[8.88943,47.65427],[8.89372,47.65224],[8.89784,47.65285],[8.90173,47.6546],[8.90749,47.65551],[8.91244,47.65558],[8.91712,47.65785],[8.92432,47.65953],[8.92987,47.65909],[8.93788,47.65915],[8.93962,47.66174],[8.94233,47.66354],[8.94737,47.66542],[8.95072,47.66757],[8.95706,47.67032],[8.96173,47.67135],[8.97089,47.67205],[8.97335,47.67588],[8.9767,47.67803],[8.98265,47.67955],[8.99012,47.68205],[8.99805,47.68687],[9.00173,47.69121],[9.00546,47.69462],[9.00586,47.69672],[8.99923,47.7033],[8.9926,47.70692],[8.97694,47.71035],[8.97287,47.71162],[8.96466,47.7161],[8.95552,47.71994],[8.95008,47.72124],[8.94467,47.72336],[8.94121,47.72695],[8.94138,47.73123],[8.94354,47.73371],[8.94929,47.73603],[8.95822,47.73677],[8.96506,47.73581],[8.96861,47.73424],[8.97394,47.73447],[8.97845,47.73388],[8.98367,47.73236],[8.98788,47.73008],[8.9918,47.72891],[8.9982,47.72554],[9.00309,47.72403],[9.00617,47.72178],[9.01487,47.72],[9.0165,47.72353],[9.0193,47.72584],[9.02325,47.72719],[9.03209,47.72672],[9.03997,47.72315],[9.04575,47.72192],[9.05074,47.71826],[9.05139,47.71407],[9.04846,47.71035],[9.04185,47.70823],[9.04208,47.70285],[9.04094,47.70088],[9.04247,47.69894],[9.04329,47.69348],[9.04851,47.69209],[9.05388,47.68971],[9.06079,47.68878],[9.07165,47.68492],[9.07488,47.68494],[9.08112,47.68338],[9.09204,47.68608],[9.10273,47.6858],[9.11031,47.68465],[9.11396,47.68317],[9.11795,47.67937],[9.12491,47.67443],[9.1269,47.67097],[9.12785,47.6667],[9.13816,47.66434],[9.1425,47.66469],[9.14923,47.66692],[9.15538,47.66606],[9.16917,47.65631],[9.17056,47.65473],[9.17563,47.65401],[9.18213,47.65594],[9.18113,47.65942],[9.18221,47.66219],[9.1848,47.66445],[9.18848,47.66585],[9.19268,47.66617],[9.20715,47.66321],[9.21177,47.66515],[9.21762,47.66666],[9.21444,47.67032],[9.21085,47.67557],[9.21144,47.68222],[9.20756,47.68701],[9.19771,47.69518],[9.19716,47.69787],[9.19812,47.7005],[9.20173,47.70355],[9.19844,47.70752],[9.19542,47.70823],[9.19146,47.70769],[9.18573,47.70862],[9.18271,47.71035],[9.18083,47.7127],[9.17827,47.72143],[9.17801,47.7255],[9.17621,47.72764],[9.17337,47.73428],[9.17041,47.73566],[9.1651,47.73693],[9.15623,47.74172],[9.15183,47.74489],[9.14902,47.74864],[9.13816,47.74764],[9.13379,47.74863],[9.12635,47.75216],[9.11838,47.75823],[9.10893,47.76232],[9.10419,47.76312],[9.09727,47.76566],[9.09162,47.76689],[9.08072,47.77183],[9.07797,47.77373],[9.06955,47.77774],[9.06399,47.78245],[9.06096,47.78396],[9.056,47.78889],[9.05105,47.79148],[9.04804,47.79572],[9.04335,47.79784],[9.03691,47.80218],[9.03481,47.80439],[9.03402,47.80697],[9.03483,47.81019],[9.03693,47.81252],[9.0422,47.81519],[9.04802,47.81589],[9.05555,47.81414],[9.05897,47.81429],[9.06287,47.81345],[9.06602,47.81168],[9.07063,47.80732],[9.07594,47.80423],[9.08596,47.79922],[9.08779,47.7976],[9.09656,47.79451],[9.10327,47.79325],[9.10869,47.79086],[9.11079,47.78918],[9.11684,47.78635],[9.11976,47.78435],[9.12558,47.78165],[9.12785,47.77971],[9.13338,47.77276],[9.13902,47.76924],[9.14308,47.76822],[9.14995,47.76806],[9.15563,47.76684],[9.16553,47.76322],[9.17383,47.75968],[9.1834,47.75638],[9.19235,47.75095],[9.20645,47.7479],[9.21446,47.74538],[9.21972,47.74304],[9.22469,47.73954],[9.22632,47.73686],[9.22623,47.72885],[9.23033,47.71984],[9.23669,47.71404],[9.23927,47.71008],[9.2475,47.70416],[9.26342,47.6948],[9.26749,47.69313],[9.27417,47.6914],[9.28064,47.68829],[9.29124,47.68224],[9.30683,47.67623],[9.31042,47.67422],[9.32347,47.67226],[9.32716,47.6708],[9.33268,47.66698],[9.33692,47.66591],[9.34927,47.661],[9.35718,47.66047],[9.36451,47.66315],[9.37312,47.66495],[9.37861,47.66473],[9.38267,47.66535],[9.38757,47.66483],[9.39352,47.66751],[9.39835,47.66815],[9.40628,47.66787],[9.40942,47.66704],[9.41363,47.66723],[9.42082,47.66553],[9.42816,47.6614],[9.43397,47.65738],[9.43693,47.65656],[9.44237,47.657],[9.44613,47.65643],[9.45325,47.65426],[9.45661,47.65201],[9.45958,47.65108],[9.46298,47.64849],[9.4711,47.65056],[9.47558,47.65037],[9.48209,47.64888],[9.48513,47.6501],[9.48941,47.65059],[9.49362,47.64989],[9.50231,47.64523],[9.50499,47.64229],[9.51425,47.63389],[9.5161,47.63113],[9.51828,47.62374],[9.51827,47.62145],[9.52173,47.61778],[9.52547,47.61496],[9.5269,47.61279],[9.52786,47.6074],[9.5292,47.60404],[9.53328,47.6013],[9.53772,47.59692],[9.54303,47.59404],[9.55049,47.58769],[9.55355,47.58754],[9.55965,47.58491],[9.56571,47.58507],[9.57138,47.58425],[9.5787,47.58597],[9.58709,47.58676],[9.59469,47.587],[9.59889,47.58598],[9.6021,47.58388],[9.60383,47.58136],[9.60781,47.57249],[9.61782,47.56865],[9.62298,47.56864],[9.62844,47.56669],[9.63639,47.56624],[9.6425,47.56334],[9.64392,47.56143],[9.65135,47.5575],[9.6577,47.5565],[9.66708,47.55754],[9.67123,47.55706],[9.67479,47.55552],[9.67718,47.55316],[9.67803,47.55036],[9.67574,47.54511],[9.68074,47.54232],[9.6867,47.54367],[9.69125,47.5478],[9.69458,47.54946],[9.6986,47.55012],[9.70385,47.54941],[9.7085,47.55017],[9.71294,47.54953],[9.71996,47.5464],[9.72351,47.54333],[9.72918,47.53601],[9.73315,47.53374],[9.73689,47.53547],[9.73611,47.53794],[9.73585,47.54531],[9.73821,47.54954],[9.74015,47.55152],[9.74061,47.559],[9.73544,47.56251],[9.72897,47.56493],[9.72685,47.56727],[9.72667,47.57212],[9.72116,47.57539],[9.7166,47.57642],[9.71127,47.58077],[9.71028,47.58438],[9.71077,47.58667],[9.71607,47.59318],[9.72213,47.59686],[9.7262,47.60193],[9.73007,47.60453],[9.73046,47.60729],[9.72848,47.60913],[9.72369,47.60792],[9.71963,47.60803],[9.71199,47.60662],[9.70635,47.60358],[9.70217,47.60322],[9.69811,47.60399],[9.69481,47.60576],[9.69279,47.60827],[9.69139,47.61539],[9.69319,47.61929],[9.68796,47.62325],[9.6859,47.62708],[9.68724,47.63105],[9.69156,47.6339],[9.69554,47.63473],[9.70118,47.63411],[9.70587,47.63203],[9.70839,47.63175],[9.71735,47.63412],[9.72321,47.6332],[9.72648,47.63618],[9.73029,47.63808],[9.73172,47.64057],[9.73668,47.64546],[9.73918,47.64683],[9.74184,47.65238],[9.74426,47.65437],[9.74133,47.65764],[9.73929,47.66245],[9.73942,47.66542],[9.73785,47.66711],[9.73202,47.66985],[9.73034,47.67232],[9.73119,47.67847],[9.72582,47.68417],[9.7164,47.68552],[9.70941,47.68709],[9.70531,47.6865],[9.70105,47.68678],[9.69659,47.68858],[9.68596,47.68395],[9.68163,47.68381],[9.67546,47.68576],[9.66901,47.68599],[9.65802,47.68958],[9.65495,47.69144],[9.65316,47.69394],[9.6529,47.69672],[9.65636,47.70414],[9.65225,47.70452],[9.6469,47.70389],[9.64146,47.70502],[9.63042,47.70454],[9.62442,47.70643],[9.62038,47.71099],[9.61785,47.71218],[9.61472,47.71581],[9.60442,47.72111],[9.59813,47.72583],[9.5893,47.72719],[9.58171,47.73013],[9.576,47.73406],[9.57214,47.73525],[9.56911,47.73709],[9.5615,47.7341],[9.55527,47.73298],[9.55097,47.733],[9.54538,47.73384],[9.54078,47.73617],[9.53942,47.73768],[9.53425,47.73765],[9.53255,47.73547],[9.52933,47.73356],[9.52526,47.73266],[9.519,47.73347],[9.51654,47.73448],[9.51194,47.73397],[9.50333,47.73523],[9.49839,47.73741],[9.49593,47.74103],[9.49608,47.74371],[9.50088,47.75232],[9.4993,47.75417],[9.4952,47.7543],[9.49136,47.75542],[9.48845,47.75744],[9.48692,47.76006],[9.48375,47.76087],[9.47801,47.76406],[9.47214,47.76483],[9.46521,47.76471],[9.46071,47.76155],[9.45654,47.76072],[9.45024,47.76169],[9.44528,47.76381],[9.44282,47.76595],[9.44072,47.76997],[9.44063,47.77252],[9.43755,47.77521],[9.43666,47.77801],[9.43745,47.78081],[9.44158,47.78455],[9.44454,47.78602],[9.45172,47.78758],[9.45683,47.79161],[9.46003,47.79945],[9.46028,47.80166],[9.46297,47.80783],[9.46196,47.80956],[9.45681,47.81286],[9.45174,47.81347],[9.44836,47.81509],[9.44614,47.81745],[9.44544,47.82021],[9.44634,47.82294],[9.44869,47.82543],[9.4447,47.82686],[9.44187,47.82564],[9.4331,47.82412],[9.4298,47.82407],[9.42773,47.82212],[9.42393,47.82048],[9.41947,47.82005],[9.41263,47.82054],[9.40932,47.82158],[9.40627,47.82146],[9.39667,47.82256],[9.39198,47.82441],[9.38596,47.82554],[9.38274,47.82709],[9.37991,47.83086],[9.37184,47.83488],[9.36723,47.83798],[9.36077,47.84422],[9.35406,47.84832],[9.34758,47.85132],[9.34344,47.85459],[9.34208,47.85929],[9.33849,47.86207],[9.33005,47.86405],[9.32067,47.86715],[9.31609,47.86594],[9.31145,47.86216],[9.30555,47.86023],[9.30099,47.86017],[9.29049,47.86176],[9.28502,47.86529],[9.27829,47.86562],[9.27339,47.86802],[9.27114,47.87071],[9.27016,47.87994],[9.26682,47.88176],[9.25939,47.88211],[9.25586,47.8807],[9.2431,47.87786],[9.23904,47.8775],[9.23749,47.87579],[9.23886,47.87359],[9.2425,47.87063],[9.24349,47.86805],[9.24277,47.86296],[9.24097,47.85967],[9.23637,47.85685],[9.23022,47.85624],[9.22373,47.85857],[9.21896,47.85786],[9.21267,47.85514],[9.20954,47.85294],[9.20646,47.84912],[9.19819,47.84462],[9.19398,47.84403],[9.18788,47.84531],[9.18421,47.84769],[9.17311,47.84391],[9.16885,47.84341],[9.1637,47.84438],[9.15578,47.8451],[9.14501,47.84453],[9.13711,47.84704],[9.134,47.84882],[9.13171,47.8526],[9.13284,47.85661],[9.13841,47.86012],[9.13724,47.86612],[9.13855,47.86873],[9.14122,47.87081],[9.14588,47.87297],[9.14671,47.87634],[9.14893,47.87851],[9.14825,47.88108],[9.14958,47.88709],[9.14858,47.88957],[9.14894,47.89233],[9.15097,47.89492],[9.14697,47.8978],[9.13595,47.89796],[9.12945,47.89942],[9.11859,47.90436],[9.11136,47.90644],[9.10666,47.90731],[9.10306,47.9092],[9.09718,47.91428],[9.0909,47.91463],[9.08472,47.91632],[9.07454,47.91726],[9.06947,47.91963],[9.0672,47.92349],[9.0675,47.92658],[9.07059,47.93136],[9.07523,47.9341],[9.0794,47.93757],[9.08284,47.93938],[9.07752,47.94162],[9.07073,47.94224],[9.06468,47.94076],[9.06015,47.94033],[9.05178,47.93698],[9.048,47.93627],[9.03376,47.93655],[9.02706,47.93594],[9.02015,47.93763],[9.012,47.93686],[9.00654,47.93459],[8.99618,47.93367],[8.99021,47.935],[8.98412,47.93789],[8.97877,47.93751],[8.9789,47.93482],[8.97477,47.92961],[8.97127,47.928],[8.96498,47.92757],[8.96107,47.92868],[8.95331,47.93384],[8.94924,47.93104],[8.94475,47.92886],[8.93283,47.9247],[8.92358,47.92223],[8.9165,47.9211],[8.90536,47.91992],[8.90154,47.91714],[8.89832,47.91576],[8.89027,47.91384],[8.87978,47.91213],[8.87703,47.91036],[8.87169,47.9042],[8.86599,47.90058],[8.86089,47.89346],[8.85691,47.89098],[8.85592,47.88763],[8.85238,47.88325],[8.84967,47.88123],[8.84527,47.87981],[8.84085,47.87969],[8.8273,47.88141],[8.82361,47.88306],[8.82064,47.88582],[8.8198,47.88844],[8.82044,47.89109],[8.82337,47.89408],[8.82041,47.89814],[8.82191,47.90297],[8.82073,47.90527],[8.82092,47.90844],[8.82379,47.91181],[8.82357,47.91584],[8.82441,47.91875],[8.8206,47.92353],[8.82042,47.92734],[8.81653,47.92676],[8.81274,47.92189],[8.80816,47.91957],[8.80471,47.91892],[8.80163,47.91729],[8.79946,47.91351],[8.80116,47.91189],[8.80293,47.90796],[8.80267,47.90538],[8.79771,47.89857],[8.79497,47.89637],[8.79117,47.89507],[8.78692,47.89487],[8.78315,47.89559],[8.77378,47.89464],[8.76938,47.89191],[8.7654,47.89069],[8.7574,47.89047],[8.75199,47.8891],[8.74593,47.88673],[8.7405,47.88562],[8.73627,47.88581],[8.73249,47.88709],[8.72974,47.88926],[8.72795,47.89259],[8.72716,47.89734],[8.72581,47.90058],[8.72251,47.9009],[8.71469,47.89457],[8.71492,47.89115],[8.71332,47.88861],[8.70863,47.88601],[8.70463,47.88543],[8.69877,47.88654],[8.69486,47.88817],[8.6909,47.88818],[8.69046,47.88241],[8.69391,47.87905],[8.69489,47.87628],[8.69373,47.87264],[8.69595,47.86943],[8.69665,47.86587],[8.69427,47.86187],[8.68812,47.85905],[8.6856,47.85869],[8.68529,47.85455],[8.68302,47.85206],[8.67739,47.84993],[8.67283,47.84962],[8.66806,47.85016],[8.66176,47.84826],[8.65567,47.8491],[8.65245,47.8509],[8.65053,47.85337],[8.64494,47.85615],[8.64041,47.85487],[8.63692,47.85097],[8.63305,47.84453],[8.62895,47.84026],[8.62877,47.83248],[8.62651,47.82776],[8.6266,47.82388],[8.62341,47.81959],[8.62241,47.81577],[8.62045,47.81325],[8.61542,47.8103],[8.61726,47.80614],[8.6164,47.8035],[8.61391,47.80109],[8.61696,47.7981],[8.61922,47.7928],[8.61864,47.79001],[8.61583,47.78707],[8.61512,47.78354],[8.62046,47.77568],[8.62036,47.7717],[8.61931,47.7674],[8.62473,47.76355],[8.62764,47.75937],[8.63155,47.75831],[8.6337,47.76018],[8.64069,47.7637],[8.64446,47.76429],[8.64744,47.76678],[8.64819,47.76872],[8.65274,47.77313],[8.64952,47.77805],[8.64993,47.78157]]]]}},{"type":"Feature","properties":{"level":"subregion","subregionId":"ost","nameJa":"東部(ザーレ・ウンストルート / ザクセン)"},"geometry":{"type":"MultiPolygon","coordinates":[[[[13.86573,50.9276],[13.87171,50.92585],[13.8742,50.92378],[13.87584,50.92021],[13.87534,50.9174],[13.88242,50.91552],[13.88561,50.91908],[13.88982,50.92208],[13.89391,50.92329],[13.89985,50.92704],[13.9054,50.92854],[13.91891,50.92787],[13.92298,50.93054],[13.92709,50.93165],[13.93625,50.93274],[13.94417,50.93224],[13.94859,50.93059],[13.95643,50.9257],[13.95974,50.92004],[13.96495,50.91765],[13.96731,50.91572],[13.97198,50.91346],[13.97862,50.91183],[13.9859,50.90612],[13.99245,50.90245],[14.0001,50.9055],[13.99966,50.9078],[13.99401,50.91293],[13.99223,50.91604],[13.99207,50.92176],[13.98687,50.93012],[13.98721,50.93317],[13.99308,50.94002],[13.99853,50.9423],[14.00821,50.94231],[14.01444,50.94387],[14.02059,50.94841],[14.02456,50.95039],[14.04276,50.95411],[14.04968,50.95346],[14.0535,50.95692],[14.05369,50.96004],[14.04247,50.96233],[14.0392,50.96398],[14.0324,50.96425],[14.02667,50.96614],[14.02418,50.96839],[14.02158,50.97331],[14.01536,50.97529],[13.99316,50.97614],[13.98676,50.97823],[13.97853,50.97857],[13.97095,50.97779],[13.96588,50.97843],[13.96191,50.98001],[13.95929,50.98247],[13.95764,50.98698],[13.95762,50.9897],[13.96052,50.99331],[13.96402,50.9949],[13.9682,50.99556],[13.97676,50.99484],[13.9758,50.99891],[13.96826,51.00124],[13.96474,51.00297],[13.9619,51.00762],[13.95664,51.00968],[13.95345,51.01018],[13.94942,51.01202],[13.94579,51.01534],[13.9443,51.01799],[13.9453,51.02212],[13.94978,51.02521],[13.95763,51.02708],[13.95923,51.02928],[13.96284,51.03173],[13.96159,51.0405],[13.9624,51.04414],[13.96455,51.04697],[13.96344,51.04903],[13.96363,51.05208],[13.96575,51.05473],[13.96473,51.05828],[13.96551,51.06154],[13.95517,51.06923],[13.95312,51.07366],[13.94969,51.07374],[13.9417,51.07253],[13.93551,51.06625],[13.93211,51.06437],[13.92553,51.06343],[13.92117,51.06422],[13.90889,51.06866],[13.90254,51.06941],[13.89885,51.07123],[13.89664,51.07384],[13.89627,51.07678],[13.89847,51.08071],[13.90187,51.08292],[13.90723,51.08441],[13.90983,51.08878],[13.91088,51.09416],[13.90906,51.09836],[13.90364,51.09958],[13.89912,51.10329],[13.89896,51.10838],[13.89353,51.11197],[13.88782,51.11455],[13.87939,51.12436],[13.87506,51.12612],[13.87232,51.12856],[13.87129,51.13167],[13.87295,51.13548],[13.87577,51.13746],[13.87981,51.13888],[13.88737,51.14054],[13.88919,51.14273],[13.88827,51.14535],[13.88421,51.14964],[13.88098,51.15188],[13.87973,51.15393],[13.87386,51.15655],[13.86753,51.15641],[13.86362,51.15749],[13.85958,51.16056],[13.8562,51.168],[13.85753,51.17224],[13.86224,51.17514],[13.86313,51.18227],[13.87035,51.19305],[13.86498,51.19452],[13.8599,51.19507],[13.85217,51.19915],[13.84429,51.20026],[13.8372,51.20035],[13.83188,51.1995],[13.82691,51.19558],[13.82144,51.19421],[13.81741,51.19416],[13.8011,51.19582],[13.79411,51.19843],[13.79035,51.20191],[13.78433,51.20349],[13.78155,51.20558],[13.77835,51.21507],[13.77979,51.21786],[13.78383,51.222],[13.78749,51.22373],[13.79194,51.22443],[13.79888,51.2245],[13.80478,51.22823],[13.8123,51.22987],[13.81236,51.23582],[13.80955,51.23775],[13.80808,51.24033],[13.80827,51.24307],[13.81007,51.24557],[13.81405,51.24779],[13.81168,51.25328],[13.81246,51.25731],[13.8166,51.26043],[13.82441,51.26179],[13.82664,51.2646],[13.82712,51.2686],[13.82962,51.27112],[13.83579,51.27321],[13.8392,51.27332],[13.84795,51.27598],[13.85241,51.2762],[13.85667,51.27533],[13.86007,51.2735],[13.8621,51.271],[13.86396,51.26071],[13.86158,51.25425],[13.87058,51.25643],[13.87734,51.25594],[13.88147,51.25402],[13.8893,51.25402],[13.89332,51.25309],[13.89651,51.2513],[13.89897,51.24656],[13.90413,51.24561],[13.90792,51.2437],[13.91426,51.23669],[13.92126,51.23348],[13.9296,51.23184],[13.94754,51.23087],[13.94917,51.23189],[13.94771,51.23812],[13.94481,51.23974],[13.94232,51.24246],[13.9403,51.24753],[13.93889,51.25367],[13.93982,51.25642],[13.9352,51.26064],[13.93324,51.26486],[13.92904,51.2652],[13.9222,51.26737],[13.91917,51.2693],[13.91571,51.27647],[13.91164,51.2786],[13.90943,51.28131],[13.90772,51.28521],[13.90149,51.28613],[13.89829,51.28786],[13.89388,51.29307],[13.89338,51.2957],[13.89444,51.29826],[13.90938,51.30832],[13.9117,51.31048],[13.91018,51.31326],[13.91058,51.31617],[13.91278,51.31873],[13.91643,51.32054],[13.9222,51.32153],[13.93242,51.32018],[13.92946,51.3271],[13.92721,51.33052],[13.92373,51.33913],[13.91522,51.34107],[13.91202,51.34275],[13.90763,51.34776],[13.90723,51.35077],[13.90876,51.35451],[13.90638,51.36048],[13.89853,51.3607],[13.89455,51.36173],[13.89145,51.36361],[13.88885,51.36652],[13.88764,51.36952],[13.88369,51.37513],[13.87669,51.3753],[13.87003,51.37647],[13.86661,51.37797],[13.86321,51.38165],[13.85533,51.3815],[13.8394,51.38251],[13.83327,51.3838],[13.83258,51.37934],[13.83062,51.37684],[13.82312,51.37237],[13.81918,51.37126],[13.81486,51.37114],[13.80888,51.3727],[13.80327,51.37267],[13.79615,51.37129],[13.79146,51.3714],[13.78722,51.37267],[13.78402,51.37497],[13.78261,51.37759],[13.78184,51.3836],[13.77564,51.39751],[13.7647,51.40111],[13.76125,51.39679],[13.75585,51.38612],[13.75214,51.38339],[13.74491,51.38182],[13.74856,51.37832],[13.74905,51.37553],[13.74771,51.36831],[13.74468,51.36523],[13.74103,51.36364],[13.73668,51.36304],[13.72743,51.36467],[13.71792,51.36349],[13.71345,51.36366],[13.70624,51.36553],[13.69722,51.37023],[13.69129,51.37394],[13.68561,51.3716],[13.67873,51.37116],[13.67446,51.37232],[13.66849,51.37603],[13.66356,51.37144],[13.65761,51.36956],[13.64838,51.36999],[13.64243,51.36885],[13.63138,51.36865],[13.6169,51.37098],[13.60721,51.36961],[13.60273,51.37002],[13.59734,51.37255],[13.59016,51.37965],[13.58838,51.38451],[13.57542,51.38493],[13.56998,51.38563],[13.56329,51.38181],[13.55516,51.37937],[13.54658,51.37865],[13.54225,51.37911],[13.53775,51.381],[13.53201,51.38118],[13.52672,51.38331],[13.52456,51.38558],[13.52185,51.39325],[13.52118,51.40199],[13.51475,51.40202],[13.50896,51.40373],[13.49518,51.40548],[13.49144,51.40755],[13.47784,51.41018],[13.47096,51.41011],[13.46342,51.41169],[13.46105,51.4081],[13.45959,51.40325],[13.45708,51.4008],[13.45098,51.39876],[13.44411,51.39927],[13.44034,51.40098],[13.43793,51.40357],[13.43337,51.40139],[13.42579,51.40069],[13.41757,51.39336],[13.41312,51.39159],[13.41525,51.38915],[13.41738,51.38289],[13.41621,51.37286],[13.41519,51.37037],[13.41731,51.36727],[13.4173,51.36402],[13.41931,51.36238],[13.42334,51.36146],[13.42854,51.36162],[13.43625,51.36043],[13.44021,51.35859],[13.44688,51.35232],[13.44773,51.34824],[13.44621,51.34565],[13.44244,51.34207],[13.43853,51.34037],[13.42882,51.33891],[13.42394,51.33936],[13.40907,51.3429],[13.40178,51.34295],[13.39368,51.3436],[13.37899,51.34341],[13.37422,51.34421],[13.36932,51.3467],[13.36758,51.34912],[13.36488,51.35709],[13.36444,51.36062],[13.36277,51.36322],[13.36351,51.36858],[13.36022,51.37375],[13.35964,51.37766],[13.3596,51.38481],[13.36268,51.38857],[13.36642,51.39017],[13.37483,51.39083],[13.38181,51.39621],[13.37775,51.40032],[13.37847,51.40697],[13.37225,51.40626],[13.36792,51.40705],[13.36313,51.40998],[13.3607,51.41426],[13.35507,51.41599],[13.34242,51.42313],[13.33883,51.42666],[13.33795,51.429],[13.33402,51.43378],[13.33328,51.43733],[13.32081,51.43749],[13.32548,51.4328],[13.32604,51.43012],[13.32497,51.4275],[13.32071,51.42447],[13.31132,51.42223],[13.31051,51.42013],[13.30659,51.41715],[13.29386,51.41381],[13.28565,51.41059],[13.2855,51.40564],[13.28393,51.40313],[13.27912,51.40047],[13.27495,51.39979],[13.26344,51.40069],[13.26009,51.40038],[13.25802,51.39769],[13.25477,51.39554],[13.25042,51.3944],[13.24452,51.39391],[13.23784,51.39496],[13.22926,51.39551],[13.22269,51.39513],[13.21656,51.3966],[13.21271,51.39993],[13.21035,51.40442],[13.20669,51.40666],[13.20235,51.41107],[13.20006,51.41129],[13.20253,51.40494],[13.20103,51.40091],[13.19732,51.3974],[13.19068,51.39453],[13.19079,51.39232],[13.18923,51.38943],[13.18693,51.38766],[13.18698,51.38438],[13.18381,51.38087],[13.18235,51.37794],[13.18296,51.37512],[13.18824,51.37482],[13.19523,51.37326],[13.19978,51.37039],[13.20113,51.36644],[13.2,51.36382],[13.1974,51.36165],[13.19201,51.35853],[13.19727,51.35556],[13.19876,51.35115],[13.2008,51.34836],[13.20711,51.34554],[13.20907,51.34163],[13.20829,51.33892],[13.20236,51.32972],[13.2043,51.31779],[13.20584,51.31187],[13.21028,51.30245],[13.21265,51.2961],[13.2126,51.29345],[13.20785,51.28892],[13.20723,51.28563],[13.20765,51.27944],[13.20689,51.27752],[13.2116,51.27447],[13.21335,51.27189],[13.21339,51.26909],[13.21024,51.2641],[13.20748,51.2621],[13.20375,51.26087],[13.19425,51.26068],[13.19464,51.25606],[13.19661,51.25292],[13.19558,51.24712],[13.19941,51.24457],[13.2009,51.24194],[13.20068,51.23915],[13.19879,51.23662],[13.19537,51.23466],[13.1889,51.23363],[13.18352,51.23461],[13.17887,51.2327],[13.17167,51.2312],[13.1653,51.22869],[13.15804,51.22776],[13.14804,51.2284],[13.14497,51.22436],[13.13722,51.22121],[13.13293,51.22105],[13.12684,51.22219],[13.11861,51.22225],[13.10562,51.22278],[13.10286,51.21747],[13.10034,51.21524],[13.09669,51.21377],[13.09242,51.21326],[13.08815,51.21378],[13.0845,51.21526],[13.07885,51.21867],[13.07059,51.21563],[13.06488,51.21428],[13.05822,51.21453],[13.05108,51.21615],[13.04683,51.21384],[13.04717,51.20787],[13.04611,51.20497],[13.04326,51.20258],[13.03913,51.20113],[13.03157,51.19983],[13.02512,51.20034],[13.02121,51.20178],[13.01739,51.20627],[13.01224,51.20932],[13.0015,51.20843],[12.99724,51.20524],[12.99604,51.20248],[12.99397,51.18869],[12.99763,51.18239],[12.99848,51.17915],[12.99868,51.17324],[13.00093,51.17068],[13.00723,51.17052],[13.01115,51.16912],[13.01391,51.16687],[13.01498,51.1627],[13.01318,51.15812],[13.01068,51.1557],[13.01265,51.15081],[13.01135,51.14817],[13.00824,51.14586],[13.00824,51.14382],[13.01074,51.14017],[13.01019,51.13573],[13.01741,51.13406],[13.02409,51.1346],[13.02979,51.13365],[13.03451,51.1346],[13.04068,51.13403],[13.04483,51.13475],[13.0485,51.13785],[13.05543,51.14027],[13.06385,51.14052],[13.07063,51.14397],[13.07499,51.1447],[13.07945,51.14431],[13.08503,51.14166],[13.09129,51.14217],[13.10066,51.14196],[13.10364,51.14456],[13.11518,51.14949],[13.12593,51.15214],[13.13337,51.1511],[13.13689,51.14914],[13.13887,51.14646],[13.13919,51.14409],[13.14362,51.14454],[13.14632,51.14637],[13.15139,51.1522],[13.14771,51.1569],[13.14753,51.16199],[13.14188,51.16471],[13.13992,51.1686],[13.14067,51.1713],[13.14298,51.17363],[13.14762,51.17661],[13.15148,51.17786],[13.1558,51.17811],[13.17155,51.17715],[13.17678,51.18141],[13.18497,51.18436],[13.19215,51.18489],[13.19587,51.18631],[13.20031,51.18674],[13.20468,51.18606],[13.20963,51.18324],[13.21113,51.18057],[13.21097,51.17584],[13.21872,51.17564],[13.22418,51.17388],[13.2279,51.16968],[13.2334,51.16819],[13.23859,51.1653],[13.24316,51.16107],[13.24726,51.16008],[13.2505,51.1584],[13.25373,51.15316],[13.25359,51.15044],[13.25047,51.14375],[13.24941,51.13535],[13.2474,51.13225],[13.24922,51.12987],[13.24883,51.12491],[13.24941,51.12232],[13.24844,51.11958],[13.24588,51.11728],[13.23994,51.11539],[13.22714,51.11349],[13.22639,51.1047],[13.22419,51.10216],[13.22058,51.10037],[13.21615,51.09963],[13.21051,51.10012],[13.20675,51.1015],[13.20328,51.10494],[13.20251,51.10867],[13.20001,51.11074],[13.18786,51.10982],[13.17219,51.11408],[13.17037,51.11058],[13.16667,51.10798],[13.16518,51.10509],[13.16034,51.10225],[13.15268,51.10167],[13.15024,51.09852],[13.14679,51.09679],[13.14257,51.09601],[13.13485,51.09585],[13.13539,51.09121],[13.1332,51.08758],[13.12967,51.08386],[13.12446,51.0812],[13.11695,51.07988],[13.10777,51.07991],[13.10343,51.07602],[13.0979,51.07325],[13.09203,51.06842],[13.087,51.06365],[13.08168,51.06149],[13.08128,51.05857],[13.08433,51.05836],[13.09282,51.05933],[13.09888,51.05852],[13.10451,51.05464],[13.11073,51.05653],[13.11883,51.05604],[13.12616,51.05728],[13.13071,51.05694],[13.13468,51.05549],[13.13826,51.05166],[13.15058,51.04897],[13.15665,51.05433],[13.16005,51.05633],[13.16989,51.05827],[13.17401,51.05797],[13.17976,51.05551],[13.18586,51.05358],[13.19109,51.053],[13.1916,51.05467],[13.19746,51.06399],[13.20224,51.0667],[13.20641,51.06738],[13.21324,51.06754],[13.21924,51.06619],[13.22745,51.06737],[13.23364,51.0664],[13.23927,51.06385],[13.24458,51.05826],[13.24606,51.05398],[13.25268,51.05212],[13.25518,51.04997],[13.25736,51.04148],[13.25559,51.03783],[13.24979,51.03281],[13.24637,51.03085],[13.24034,51.02973],[13.24056,51.02392],[13.23974,51.0196],[13.23801,51.01699],[13.23482,51.01501],[13.22907,51.0126],[13.2363,51.0074],[13.24679,51.01322],[13.26546,51.02418],[13.27164,51.02874],[13.27687,51.03105],[13.28101,51.03152],[13.2944,51.03146],[13.30128,51.03401],[13.32589,51.03676],[13.33328,51.03964],[13.34007,51.04441],[13.34603,51.04657],[13.3603,51.04881],[13.36722,51.05063],[13.38286,51.05103],[13.38701,51.05029],[13.39202,51.04835],[13.39804,51.04417],[13.40131,51.04091],[13.40875,51.03813],[13.41125,51.0366],[13.41786,51.03534],[13.42364,51.03228],[13.43211,51.03109],[13.43748,51.02962],[13.44226,51.02694],[13.44578,51.02156],[13.44452,51.01717],[13.43779,51.01164],[13.43266,51.00848],[13.43166,51.00531],[13.429,51.00157],[13.42664,50.99661],[13.42684,50.99445],[13.43086,50.98763],[13.4365,50.98144],[13.44463,50.97923],[13.44758,50.97727],[13.44918,50.97476],[13.4492,50.97205],[13.44592,50.96819],[13.44518,50.96423],[13.44346,50.96196],[13.43927,50.95858],[13.43496,50.95677],[13.42941,50.9483],[13.42827,50.94362],[13.43693,50.94213],[13.44204,50.93984],[13.44446,50.93619],[13.44389,50.93286],[13.44857,50.92671],[13.4545,50.92412],[13.46585,50.92289],[13.47235,50.92383],[13.47973,50.92266],[13.49134,50.92292],[13.49674,50.92578],[13.50381,50.92778],[13.50757,50.92804],[13.52065,50.9277],[13.52645,50.9287],[13.53246,50.93041],[13.53272,50.93353],[13.53736,50.93751],[13.53714,50.94068],[13.53884,50.94337],[13.54273,50.94613],[13.54676,50.94723],[13.55691,50.94726],[13.56711,50.94518],[13.57359,50.94684],[13.58321,50.94739],[13.58356,50.94991],[13.58548,50.95227],[13.59468,50.95659],[13.60441,50.95917],[13.61084,50.96234],[13.61922,50.96413],[13.62228,50.96597],[13.63017,50.96789],[13.6337,50.96794],[13.64004,50.97184],[13.64288,50.97587],[13.64661,50.97765],[13.65213,50.97887],[13.65939,50.97911],[13.66383,50.97842],[13.6741,50.97413],[13.67656,50.97191],[13.67754,50.96927],[13.67664,50.96612],[13.67948,50.96383],[13.68101,50.96002],[13.6853,50.95397],[13.68892,50.95121],[13.69572,50.95098],[13.69942,50.94955],[13.70276,50.94606],[13.7033,50.94288],[13.70756,50.93851],[13.71129,50.93608],[13.71277,50.93357],[13.71269,50.93093],[13.71928,50.92622],[13.72067,50.92349],[13.72044,50.92025],[13.72124,50.9157],[13.71951,50.91319],[13.71483,50.90882],[13.71514,50.90657],[13.71817,50.90516],[13.72309,50.90166],[13.72522,50.89753],[13.72281,50.89111],[13.72323,50.88647],[13.72028,50.88282],[13.71639,50.88086],[13.70585,50.87759],[13.70134,50.87744],[13.70007,50.87467],[13.69674,50.87051],[13.68943,50.86617],[13.68292,50.8653],[13.68039,50.86393],[13.67445,50.86282],[13.66921,50.86327],[13.66894,50.85709],[13.66764,50.855],[13.66964,50.84794],[13.67287,50.84713],[13.67634,50.84507],[13.67871,50.84064],[13.68147,50.83793],[13.68248,50.83515],[13.69354,50.8274],[13.70049,50.82676],[13.70336,50.82596],[13.70854,50.8269],[13.71281,50.82648],[13.718,50.82406],[13.72187,50.81991],[13.7258,50.81811],[13.73598,50.81979],[13.74194,50.81893],[13.75021,50.81486],[13.7535,50.81378],[13.75652,50.81167],[13.75828,50.8089],[13.76437,50.81005],[13.77155,50.80924],[13.77854,50.81497],[13.78509,50.81631],[13.7959,50.81459],[13.79977,50.81307],[13.80284,50.81061],[13.80635,50.80918],[13.8103,50.8063],[13.8237,50.80572],[13.82302,50.80901],[13.82609,50.81327],[13.8256,50.82087],[13.82584,50.82572],[13.82881,50.8308],[13.8279,50.83464],[13.82304,50.83831],[13.82198,50.84336],[13.82334,50.84726],[13.82002,50.85483],[13.81751,50.86611],[13.8202,50.87052],[13.82009,50.87286],[13.81718,50.87674],[13.81382,50.88614],[13.81255,50.89165],[13.80956,50.89559],[13.8095,50.89942],[13.80674,50.90587],[13.79814,50.91305],[13.79089,50.91431],[13.78793,50.91626],[13.78538,50.92022],[13.78482,50.92389],[13.78542,50.92656],[13.78906,50.92984],[13.7933,50.93119],[13.7987,50.93577],[13.80219,50.93797],[13.81083,50.94002],[13.8195,50.93981],[13.82352,50.93874],[13.82721,50.93622],[13.83103,50.93644],[13.83593,50.94014],[13.8444,50.94325],[13.85087,50.94374],[13.85496,50.94275],[13.85816,50.94085],[13.86135,50.93689],[13.86145,50.93401],[13.8598,50.93139],[13.86201,50.92887],[13.86573,50.9276]]],[[[12.72149,50.81763],[12.7148,50.81634],[12.71033,50.81701],[12.70664,50.81875],[12.70374,50.8233],[12.69408,50.83214],[12.69037,50.83396],[12.68312,50.83372],[12.6765,50.82957],[12.67223,50.82845],[12.6681,50.82847],[12.66264,50.82668],[12.6563,50.82392],[12.65447,50.8203],[12.65767,50.81762],[12.65925,50.81478],[12.65894,50.812],[12.66048,50.81005],[12.66669,50.80634],[12.66856,50.80394],[12.66848,50.7999],[12.67012,50.79744],[12.67333,50.79709],[12.67751,50.79547],[12.68119,50.79283],[12.68386,50.78919],[12.68586,50.79102],[12.69035,50.79296],[12.69861,50.79425],[12.70549,50.79326],[12.70937,50.79389],[12.72354,50.79718],[12.73266,50.79742],[12.73802,50.79889],[12.75037,50.79984],[12.75966,50.80212],[12.76706,50.80265],[12.76889,50.80749],[12.76894,50.81134],[12.7674,50.8122],[12.75994,50.8139],[12.7556,50.81567],[12.74914,50.81955],[12.74758,50.82156],[12.74321,50.82244],[12.73607,50.8199],[12.72742,50.81778],[12.72149,50.81763]]],[[[12.8665,51.02498],[12.87105,51.02309],[12.87331,51.02082],[12.87372,51.01628],[12.87503,51.01337],[12.88974,51.01125],[12.89529,51.00823],[12.89914,51.00194],[12.90735,51.00018],[12.91203,50.99967],[12.91776,50.99809],[12.92018,50.99674],[12.92577,50.9959],[12.93328,50.99654],[12.93891,50.99581],[12.95095,50.99325],[12.95376,50.99701],[12.95555,51.00328],[12.9551,51.0082],[12.95744,51.01386],[12.95738,51.01589],[12.95291,51.01897],[12.95181,51.02166],[12.95061,51.02808],[12.95193,51.03252],[12.95476,51.0348],[12.95879,51.03619],[12.96336,51.03646],[12.96774,51.03558],[12.98043,51.03021],[12.98015,51.03414],[12.98149,51.03903],[12.98387,51.04203],[12.98681,51.04777],[12.98008,51.04707],[12.9758,51.04761],[12.96488,51.05068],[12.96082,51.05331],[12.95826,51.05635],[12.95595,51.06122],[12.95556,51.07011],[12.95323,51.06939],[12.95367,51.06598],[12.95157,51.06089],[12.94844,51.05868],[12.94234,51.05601],[12.93793,51.05541],[12.93351,51.05593],[12.92626,51.05815],[12.92188,51.05618],[12.92278,51.05152],[12.9207,51.04795],[12.9177,51.04604],[12.91379,51.04497],[12.90641,51.04397],[12.89674,51.04341],[12.89235,51.04439],[12.88896,51.0464],[12.88712,51.0491],[12.8874,51.05278],[12.88638,51.05599],[12.88357,51.0583],[12.87938,51.05983],[12.87455,51.05822],[12.87031,51.05806],[12.86627,51.0589],[12.863,51.0606],[12.85413,51.05726],[12.84801,51.0571],[12.84194,51.05449],[12.83912,51.05072],[12.84075,51.04829],[12.84804,51.04416],[12.85815,51.04263],[12.86381,51.03982],[12.86594,51.03685],[12.86794,51.03095],[12.8665,51.02498]]],[[[12.5016,51.06409],[12.50543,51.05911],[12.50582,51.05642],[12.50461,51.05382],[12.50181,51.05097],[12.5042,51.04649],[12.5045,51.03937],[12.50301,51.03509],[12.50901,51.02636],[12.50743,51.01737],[12.51251,51.01648],[12.51688,51.01844],[12.52301,51.02012],[12.52749,51.01987],[12.53146,51.01855],[12.53432,51.01637],[12.53733,51.0113],[12.53724,51.00861],[12.53425,51.00509],[12.5266,51.00152],[12.52847,50.99829],[12.53879,50.99641],[12.54379,50.99752],[12.55196,50.99744],[12.56248,50.99472],[12.56807,50.9917],[12.57148,50.9905],[12.57436,50.9884],[12.57754,50.98404],[12.5821,50.98228],[12.58407,50.98288],[12.58386,50.98572],[12.58533,50.98821],[12.58992,50.99092],[12.59609,50.99232],[12.60072,50.99257],[12.60488,50.99182],[12.6083,50.99013],[12.61089,50.98758],[12.61627,50.9842],[12.6174,50.9809],[12.62909,50.97891],[12.63342,50.97881],[12.64267,50.98171],[12.64698,50.98222],[12.65815,50.9821],[12.66196,50.98296],[12.66759,50.98754],[12.66355,50.99142],[12.66013,50.99882],[12.65725,51.00086],[12.65274,51.00259],[12.64933,51.00674],[12.64573,51.00899],[12.64354,51.01266],[12.64203,51.02399],[12.64442,51.0283],[12.64455,51.03008],[12.6409,51.03261],[12.63629,51.03415],[12.63274,51.03798],[12.63272,51.04097],[12.63393,51.04414],[12.6363,51.04652],[12.63632,51.04891],[12.63429,51.05248],[12.63285,51.05741],[12.63453,51.0613],[12.63787,51.06351],[12.64258,51.06881],[12.64783,51.0711],[12.65421,51.07126],[12.65948,51.06987],[12.66441,51.06957],[12.672,51.07146],[12.68314,51.07235],[12.69634,51.07151],[12.70034,51.0702],[12.70349,51.06768],[12.70632,51.06768],[12.70965,51.07042],[12.71895,51.07385],[12.7231,51.07763],[12.722,51.08155],[12.71646,51.0864],[12.70886,51.08794],[12.69971,51.09393],[12.69454,51.09684],[12.6929,51.09846],[12.68774,51.09657],[12.68324,51.09612],[12.67882,51.09682],[12.67519,51.09855],[12.67241,51.10245],[12.67311,51.10807],[12.67497,51.11078],[12.6603,51.11469],[12.65113,51.12114],[12.64717,51.12445],[12.63814,51.12877],[12.63676,51.13],[12.63017,51.12837],[12.62302,51.12896],[12.61779,51.13134],[12.6124,51.13211],[12.60896,51.13376],[12.60674,51.13609],[12.60606,51.13899],[12.59972,51.14287],[12.59483,51.14211],[12.58867,51.1397],[12.58036,51.13779],[12.57399,51.13781],[12.56814,51.14032],[12.56484,51.13958],[12.55553,51.13551],[12.55602,51.13347],[12.55944,51.12819],[12.56083,51.12097],[12.55966,51.11813],[12.55447,51.11485],[12.55062,51.11108],[12.55056,51.10872],[12.54795,51.10532],[12.54697,51.09919],[12.54458,51.097],[12.54941,51.09352],[12.55004,51.08943],[12.54702,51.0858],[12.53828,51.08281],[12.52902,51.08187],[12.52323,51.08292],[12.51998,51.08233],[12.51973,51.07658],[12.51763,51.07409],[12.51161,51.07139],[12.51019,51.06854],[12.50713,51.0662],[12.5016,51.06409]]],[[[12.58452,51.25114],[12.58961,51.25134],[12.59356,51.25044],[12.60008,51.24788],[12.60993,51.25923],[12.6078,51.26334],[12.60759,51.2661],[12.60906,51.2687],[12.619,51.27444],[12.61936,51.27806],[12.62358,51.28185],[12.63011,51.28335],[12.63924,51.28601],[12.6455,51.28607],[12.65851,51.28274],[12.6605,51.28508],[12.66378,51.28702],[12.66366,51.29082],[12.66257,51.29456],[12.66377,51.29736],[12.66991,51.30417],[12.67517,51.30733],[12.66929,51.30885],[12.6646,51.30856],[12.65669,51.30695],[12.65126,51.30754],[12.64618,51.30669],[12.63972,51.30746],[12.63125,51.30728],[12.62748,51.30808],[12.61873,51.30664],[12.61292,51.30694],[12.60738,51.30408],[12.6035,51.30308],[12.59726,51.30335],[12.59122,51.30471],[12.57651,51.30698],[12.57265,51.30882],[12.5698,51.3118],[12.56742,51.31564],[12.56497,51.31414],[12.55805,51.31275],[12.55574,51.31002],[12.55223,51.30829],[12.53953,51.30538],[12.53608,51.30241],[12.53716,51.2978],[12.53655,51.29494],[12.53419,51.29246],[12.52934,51.29006],[12.521,51.28733],[12.5149,51.28461],[12.51412,51.27043],[12.51631,51.26821],[12.51745,51.26511],[12.51751,51.25751],[12.5198,51.25741],[12.52217,51.26387],[12.52481,51.26623],[12.52872,51.26775],[12.53968,51.26883],[12.54703,51.26746],[12.55078,51.26732],[12.55708,51.26921],[12.56137,51.26946],[12.5655,51.2687],[12.5703,51.26579],[12.57566,51.26395],[12.57851,51.26191],[12.58006,51.25799],[12.57908,51.25536],[12.57605,51.25104],[12.58452,51.25114]]],[[[12.9578,51.35409],[12.95202,51.35132],[12.94329,51.35097],[12.93774,51.34983],[12.9311,51.35045],[12.92605,51.35264],[12.91823,51.35421],[12.91009,51.35394],[12.90927,51.3519],[12.90465,51.34858],[12.89866,51.3471],[12.89984,51.34473],[12.90036,51.33918],[12.90001,51.33378],[12.89848,51.32881],[12.89617,51.32542],[12.89297,51.32334],[12.88801,51.32213],[12.88595,51.32024],[12.87981,51.31807],[12.87685,51.31609],[12.87759,51.31071],[12.8756,51.30835],[12.87028,51.30601],[12.87179,51.30054],[12.89384,51.29026],[12.89585,51.288],[12.89624,51.28143],[12.89944,51.27853],[12.90476,51.27645],[12.90778,51.27415],[12.90904,51.27192],[12.91277,51.26955],[12.91413,51.26763],[12.92086,51.26582],[12.92346,51.26367],[12.92413,51.25836],[12.92593,51.25184],[12.92563,51.24913],[12.93024,51.24723],[12.94623,51.24835],[12.95096,51.24771],[12.95668,51.24505],[12.95952,51.24052],[12.9639,51.24255],[12.96855,51.2433],[12.97505,51.24305],[12.97701,51.24453],[12.98775,51.24901],[12.99433,51.2491],[12.99832,51.25345],[13.00236,51.2548],[13.00956,51.25536],[13.01125,51.25904],[13.01436,51.26107],[13.01848,51.26219],[13.02298,51.26224],[13.02781,51.26119],[13.0336,51.2609],[13.03934,51.25871],[13.042,51.25558],[13.04814,51.25508],[13.05107,51.25544],[13.06617,51.25904],[13.07291,51.2585],[13.07815,51.25656],[13.08286,51.25379],[13.08574,51.24957],[13.0985,51.24893],[13.09811,51.25253],[13.09409,51.25521],[13.09287,51.25772],[13.09293,51.26231],[13.0966,51.26582],[13.10055,51.26717],[13.10503,51.26745],[13.11145,51.26641],[13.12203,51.26971],[13.12837,51.2705],[13.13255,51.26974],[13.13764,51.26653],[13.14277,51.26808],[13.14991,51.26922],[13.161,51.26913],[13.1615,51.27021],[13.16093,51.2783],[13.16322,51.2817],[13.16339,51.28452],[13.15832,51.2895],[13.15253,51.29741],[13.15256,51.30006],[13.15432,51.30296],[13.15471,51.30658],[13.15702,51.30914],[13.16182,51.31203],[13.16026,51.31529],[13.16108,51.32185],[13.15788,51.32265],[13.15379,51.32149],[13.14514,51.32131],[13.14014,51.32264],[13.13139,51.32333],[13.11758,51.32668],[13.10965,51.32824],[13.10534,51.33223],[13.09445,51.33341],[13.09157,51.33439],[13.07887,51.33276],[13.07234,51.33277],[13.06522,51.33164],[13.0642,51.32735],[13.06198,51.32491],[13.05843,51.32319],[13.04853,51.32114],[13.0441,51.32135],[13.04012,51.3226],[13.03096,51.33009],[13.02772,51.33582],[13.02537,51.33823],[13.01282,51.34294],[13.00989,51.34563],[13.00493,51.34749],[12.99864,51.34687],[12.99386,51.34774],[12.98837,51.34963],[12.98296,51.34982],[12.97876,51.35105],[12.97517,51.35376],[12.96405,51.35475],[12.9578,51.35409]]],[[[13.46202,51.7006],[13.46042,51.70382],[13.45996,51.70986],[13.45452,51.7187],[13.45474,51.72633],[13.45058,51.72849],[13.44612,51.72938],[13.4374,51.72916],[13.43137,51.73083],[13.42764,51.73459],[13.4214,51.73571],[13.4184,51.73531],[13.41199,51.7362],[13.40385,51.74016],[13.4018,51.74253],[13.4013,51.74521],[13.40436,51.75307],[13.40731,51.75605],[13.39888,51.75642],[13.39498,51.75776],[13.39134,51.7612],[13.38847,51.7663],[13.37847,51.77193],[13.35639,51.77203],[13.3523,51.77302],[13.3491,51.77489],[13.34725,51.77736],[13.34752,51.78141],[13.34904,51.78426],[13.33895,51.78718],[13.331,51.78836],[13.32595,51.78981],[13.3196,51.79052],[13.31264,51.78713],[13.31037,51.78483],[13.3056,51.78201],[13.3007,51.77997],[13.29244,51.77523],[13.29772,51.76905],[13.30273,51.76605],[13.30643,51.7616],[13.31125,51.7614],[13.31601,51.7635],[13.32339,51.76458],[13.32943,51.76333],[13.33245,51.76146],[13.33418,51.75903],[13.33521,51.75336],[13.33336,51.74938],[13.32743,51.74646],[13.32831,51.73816],[13.33441,51.73657],[13.33877,51.73347],[13.34241,51.72377],[13.34224,51.72102],[13.34041,51.71601],[13.34428,51.71311],[13.34786,51.70876],[13.3489,51.70609],[13.34825,51.70337],[13.34444,51.69904],[13.34661,51.69614],[13.34685,51.69311],[13.34205,51.68548],[13.33089,51.67767],[13.32877,51.67259],[13.32863,51.66931],[13.3298,51.66262],[13.33404,51.65866],[13.34311,51.65916],[13.34878,51.66067],[13.3582,51.66161],[13.37279,51.66352],[13.39237,51.66516],[13.39743,51.66614],[13.40474,51.66859],[13.4049,51.67171],[13.40643,51.67415],[13.40926,51.67609],[13.41302,51.67727],[13.42663,51.67974],[13.43339,51.68241],[13.43832,51.68976],[13.44098,51.69192],[13.44301,51.69598],[13.44622,51.69793],[13.45254,51.69972],[13.45775,51.69968],[13.46202,51.7006]]],[[[12.78915,51.74935],[12.79569,51.75305],[12.79992,51.75406],[12.80444,51.75399],[12.80857,51.75285],[12.8127,51.74955],[12.81346,51.74678],[12.81246,51.74404],[12.8082,51.74008],[12.80422,51.73463],[12.80298,51.73162],[12.80283,51.72748],[12.80452,51.72465],[12.80864,51.72161],[12.81909,51.71762],[12.832,51.71414],[12.83926,51.71175],[12.84372,51.70811],[12.84706,51.7078],[12.85285,51.71487],[12.85929,51.71821],[12.86639,51.71859],[12.87314,51.71586],[12.88193,51.71852],[12.88942,51.71889],[12.8933,51.72135],[12.9007,51.7233],[12.9058,51.7281],[12.91142,51.73077],[12.917,51.73531],[12.92493,51.74048],[12.93079,51.74188],[12.935,51.74165],[12.95271,51.73842],[12.95628,51.73668],[12.96076,51.732],[12.96834,51.73124],[12.96824,51.73548],[12.96966,51.73801],[12.97429,51.74077],[12.98058,51.74157],[12.98653,51.74073],[12.98522,51.74667],[12.9863,51.75021],[12.9885,51.75267],[12.98434,51.75481],[12.98215,51.75712],[12.98147,51.75977],[12.98345,51.76357],[12.98751,51.76591],[12.99119,51.76965],[12.99263,51.77249],[12.99761,51.77559],[13.00218,51.77638],[13.00824,51.77589],[13.01449,51.77281],[13.0201,51.77073],[13.02241,51.76842],[13.02316,51.76594],[13.03287,51.76404],[13.03915,51.76427],[13.05458,51.76075],[13.05961,51.76106],[13.0626,51.76535],[13.06691,51.76911],[13.07024,51.77432],[13.07313,51.77757],[13.07657,51.77941],[13.08089,51.78028],[13.088,51.77994],[13.09199,51.77869],[13.09646,51.7758],[13.09784,51.77302],[13.09734,51.77013],[13.09382,51.76333],[13.08902,51.75865],[13.09997,51.76065],[13.10492,51.76009],[13.11187,51.75661],[13.12078,51.75443],[13.12178,51.75531],[13.12341,51.76202],[13.12737,51.76542],[13.13372,51.76687],[13.14028,51.76588],[13.1458,51.76303],[13.1498,51.75937],[13.15577,51.76456],[13.15453,51.76913],[13.15592,51.77158],[13.15954,51.77441],[13.16208,51.77912],[13.1648,51.78137],[13.16854,51.78276],[13.16997,51.78704],[13.1657,51.78882],[13.16344,51.79103],[13.16109,51.79718],[13.16289,51.80196],[13.15943,51.80756],[13.15391,51.81455],[13.15073,51.81727],[13.14866,51.82038],[13.14482,51.8224],[13.14271,51.82501],[13.1421,51.82857],[13.13714,51.83211],[13.13511,51.83433],[13.13292,51.83869],[13.12751,51.84565],[13.12581,51.8517],[13.12903,51.85564],[13.13303,51.85727],[13.15073,51.85962],[13.1514,51.8644],[13.15093,51.86893],[13.14954,51.87232],[13.1463,51.873],[13.14253,51.87498],[13.1389,51.87949],[13.13238,51.88239],[13.12446,51.88295],[13.11915,51.8828],[13.11714,51.87887],[13.11409,51.87702],[13.10093,51.8736],[13.09623,51.87303],[13.08496,51.87394],[13.08146,51.87096],[13.07515,51.86901],[13.06156,51.86883],[13.0418,51.87131],[13.03734,51.8745],[13.03653,51.87869],[13.0393,51.88238],[13.039,51.88555],[13.04036,51.88823],[13.04326,51.89038],[13.04834,51.89187],[13.04538,51.90044],[13.03425,51.9011],[13.02278,51.90319],[13.01857,51.90207],[13.01412,51.90203],[13.00978,51.90293],[12.98859,51.9043],[12.98511,51.90427],[12.97903,51.90597],[12.97546,51.90946],[12.97511,51.91222],[12.97649,51.91977],[12.9662,51.92206],[12.96244,51.92358],[12.95922,51.92721],[12.95914,51.92998],[12.9605,51.9348],[12.94738,51.93539],[12.93674,51.93716],[12.93179,51.93709],[12.92205,51.93928],[12.91844,51.93933],[12.9175,51.93537],[12.91472,51.93299],[12.91064,51.93149],[12.90085,51.92957],[12.89626,51.92976],[12.89216,51.93104],[12.88816,51.93468],[12.87403,51.93397],[12.86266,51.93485],[12.8529,51.93498],[12.85178,51.92639],[12.85861,51.9235],[12.87307,51.92147],[12.87715,51.92011],[12.88232,51.91536],[12.88483,51.90919],[12.89925,51.90717],[12.90254,51.90545],[12.90562,51.90219],[12.90845,51.89564],[12.9084,51.8929],[12.9067,51.89037],[12.88999,51.88175],[12.88591,51.87996],[12.88134,51.87943],[12.87477,51.88076],[12.87059,51.88417],[12.86988,51.88615],[12.85663,51.88295],[12.85653,51.87728],[12.8545,51.87425],[12.86012,51.87177],[12.86371,51.868],[12.86498,51.8612],[12.87019,51.85933],[12.87998,51.85707],[12.88347,51.85505],[12.88535,51.85234],[12.88457,51.84798],[12.88001,51.84382],[12.87386,51.84019],[12.871,51.83751],[12.87257,51.83616],[12.87703,51.83535],[12.88041,51.83361],[12.88546,51.8296],[12.88688,51.82581],[12.88168,51.8167],[12.87897,51.81455],[12.87301,51.81285],[12.8686,51.81297],[12.8615,51.81421],[12.85487,51.81627],[12.84794,51.81325],[12.84123,51.81205],[12.83661,51.81263],[12.83273,51.81429],[12.8304,51.81657],[12.82065,51.81598],[12.81664,51.81661],[12.81278,51.81834],[12.80951,51.81762],[12.80548,51.81515],[12.80899,51.81291],[12.81108,51.80915],[12.8105,51.8065],[12.80709,51.80079],[12.8018,51.79656],[12.79806,51.79499],[12.80341,51.79111],[12.80784,51.78181],[12.81133,51.77538],[12.81056,51.77146],[12.80821,51.76925],[12.7995,51.76543],[12.78569,51.76418],[12.7812,51.76123],[12.77728,51.75628],[12.77742,51.75388],[12.78249,51.7512],[12.78915,51.74935]]],[[[14.83799,50.90928],[14.84408,50.91347],[14.84706,50.91868],[14.84636,50.92252],[14.84259,50.92575],[14.83286,50.92907],[14.82868,50.93145],[14.82581,50.9354],[14.82353,50.9412],[14.82226,50.94813],[14.81877,50.95185],[14.81423,50.9584],[14.81148,50.96439],[14.8096,50.96704],[14.79481,50.97097],[14.78698,50.96919],[14.78639,50.96515],[14.78253,50.96134],[14.76869,50.95601],[14.7675,50.95162],[14.76327,50.94675],[14.76077,50.94506],[14.7557,50.93988],[14.74629,50.93586],[14.73652,50.93307],[14.72755,50.93194],[14.7227,50.93085],[14.71472,50.9303],[14.72139,50.92552],[14.72293,50.92118],[14.72077,50.91626],[14.71763,50.91365],[14.71894,50.90898],[14.72239,50.9063],[14.72788,50.90832],[14.73234,50.9084],[14.73915,50.90599],[14.74247,50.90548],[14.75055,50.90635],[14.75393,50.90604],[14.75675,50.90783],[14.76118,50.90894],[14.76678,50.90884],[14.77376,50.90666],[14.78294,50.90678],[14.78684,50.90869],[14.79185,50.91338],[14.79572,50.9147],[14.80226,50.91472],[14.80616,50.91344],[14.80877,50.91155],[14.81799,50.90865],[14.82508,50.90514],[14.82928,50.90556],[14.83799,50.90928]]],[[[14.87864,50.99306],[14.88858,50.99203],[14.89216,50.99077],[14.89481,50.98879],[14.89773,50.98423],[14.89781,50.98152],[14.90528,50.97452],[14.90661,50.9723],[14.91793,50.97415],[14.9196,50.97621],[14.91833,50.98196],[14.92023,50.988],[14.91958,50.99086],[14.92067,50.99342],[14.92316,50.99556],[14.92824,50.99742],[14.9349,51.0063],[14.93593,51.00953],[14.93781,51.01139],[14.93999,51.02158],[14.94319,51.02492],[14.9474,51.02809],[14.94914,51.03119],[14.94938,51.03471],[14.95167,51.03762],[14.95125,51.03986],[14.9526,51.04295],[14.95512,51.04556],[14.96451,51.05011],[14.96433,51.05492],[14.96259,51.0558],[14.95165,51.05676],[14.94402,51.05559],[14.93961,51.05652],[14.93615,51.05847],[14.93397,51.06182],[14.92796,51.05973],[14.9236,51.05882],[14.92245,51.05767],[14.9226,51.05418],[14.91927,51.0505],[14.92141,51.04783],[14.92161,51.04128],[14.91689,51.03475],[14.90948,51.0301],[14.90474,51.02902],[14.90163,51.02661],[14.89916,51.02286],[14.88832,51.01383],[14.88302,51.00421],[14.87978,51.00238],[14.8718,50.99933],[14.87332,50.99507],[14.87864,50.99306]]],[[[14.33955,51.21997],[14.33987,51.21758],[14.33859,51.215],[14.33582,51.21275],[14.33154,51.21066],[14.33044,51.20622],[14.32771,51.20304],[14.32549,51.19829],[14.32521,51.19573],[14.32913,51.19405],[14.33145,51.1916],[14.33208,51.18877],[14.33097,51.1861],[14.33329,51.181],[14.33694,51.18],[14.34581,51.17991],[14.35796,51.1809],[14.36221,51.18],[14.36558,51.17813],[14.36755,51.1756],[14.36693,51.16984],[14.36396,51.16694],[14.3626,51.16355],[14.37135,51.1644],[14.37745,51.16711],[14.38182,51.16811],[14.38866,51.16741],[14.39639,51.16497],[14.40773,51.16285],[14.41131,51.16113],[14.41356,51.15868],[14.41413,51.15586],[14.41126,51.14707],[14.42012,51.13748],[14.42662,51.14005],[14.42889,51.14198],[14.43377,51.14391],[14.4353,51.1464],[14.44152,51.14949],[14.44667,51.15538],[14.45029,51.15758],[14.45809,51.16046],[14.46257,51.16091],[14.47005,51.16074],[14.47693,51.1649],[14.48515,51.16802],[14.4842,51.16994],[14.4843,51.17377],[14.48136,51.17877],[14.48204,51.18147],[14.48505,51.18459],[14.49238,51.18692],[14.49169,51.19269],[14.48874,51.19549],[14.48833,51.19946],[14.49267,51.20442],[14.48812,51.2082],[14.48122,51.2102],[14.47606,51.21471],[14.47419,51.21723],[14.47409,51.22051],[14.46899,51.2224],[14.45718,51.22983],[14.45196,51.23107],[14.44589,51.22519],[14.44246,51.22316],[14.43802,51.22218],[14.432,51.22239],[14.42868,51.22343],[14.42374,51.2194],[14.41946,51.21808],[14.41405,51.21792],[14.41003,51.21896],[14.40138,51.21839],[14.39683,51.21895],[14.39254,51.2209],[14.38361,51.2225],[14.38026,51.22434],[14.37347,51.22198],[14.36722,51.22173],[14.35859,51.22384],[14.3541,51.22245],[14.34804,51.22208],[14.34301,51.22255],[14.33955,51.21997]]],[[[14.08912,51.22697],[14.09179,51.22542],[14.09419,51.2219],[14.09448,51.21603],[14.09299,51.21063],[14.09327,51.20382],[14.09439,51.20158],[14.09802,51.1988],[14.10448,51.18983],[14.10476,51.18718],[14.1035,51.18465],[14.10103,51.18265],[14.10072,51.17854],[14.10207,51.17758],[14.11349,51.17573],[14.11861,51.17691],[14.12624,51.17578],[14.13626,51.17917],[14.14092,51.18186],[14.14382,51.18621],[14.14845,51.18813],[14.15261,51.1926],[14.15849,51.19558],[14.1618,51.19931],[14.16675,51.20171],[14.16986,51.20614],[14.16861,51.21028],[14.1652,51.21424],[14.16481,51.21679],[14.166,51.22019],[14.17048,51.22328],[14.17189,51.22592],[14.16689,51.22834],[14.16228,51.23501],[14.1622,51.24047],[14.15997,51.24441],[14.15497,51.24653],[14.15001,51.25033],[14.14634,51.25169],[14.14137,51.24789],[14.13481,51.24647],[14.12852,51.24703],[14.12518,51.24848],[14.11205,51.24563],[14.10442,51.24272],[14.103,51.23589],[14.101,51.23338],[14.09766,51.2314],[14.09335,51.23041],[14.08912,51.2304],[14.08912,51.22697]]],[[[11.50022,50.94826],[11.50181,50.94498],[11.5057,50.94257],[11.50752,50.93989],[11.50751,50.93697],[11.50356,50.93286],[11.506,50.92816],[11.50598,50.92504],[11.50472,50.92296],[11.50749,50.91828],[11.50784,50.91537],[11.50649,50.91059],[11.50449,50.90774],[11.51394,50.90378],[11.51926,50.90453],[11.52395,50.90376],[11.52973,50.90193],[11.5371,50.90025],[11.54096,50.89638],[11.5508,50.89402],[11.5584,50.88864],[11.55969,50.88569],[11.55979,50.88167],[11.56142,50.87953],[11.56135,50.87527],[11.55913,50.87278],[11.55343,50.87052],[11.54952,50.86998],[11.5419,50.87028],[11.53152,50.86974],[11.52665,50.86347],[11.54138,50.86156],[11.54737,50.85958],[11.55602,50.85825],[11.56265,50.85627],[11.59422,50.85982],[11.60477,50.86135],[11.61299,50.86412],[11.61103,50.86601],[11.61009,50.86994],[11.6114,50.87247],[11.61581,50.87528],[11.61857,50.8761],[11.6285,50.87724],[11.63426,50.87657],[11.63759,50.87818],[11.64154,50.87901],[11.64866,50.87945],[11.65567,50.87937],[11.66398,50.88108],[11.66211,50.88457],[11.65983,50.89166],[11.6562,50.89226],[11.65252,50.89402],[11.64978,50.89801],[11.65025,50.90091],[11.65296,50.90429],[11.66041,50.90999],[11.66683,50.9118],[11.66694,50.91541],[11.67042,50.9208],[11.66988,50.92626],[11.66841,50.92871],[11.66704,50.9389],[11.66879,50.94193],[11.66944,50.94574],[11.67145,50.94823],[11.68424,50.95823],[11.69041,50.9599],[11.697,50.95908],[11.70217,50.95549],[11.70769,50.95287],[11.71216,50.94815],[11.71594,50.94703],[11.71962,50.94813],[11.72556,50.94844],[11.7293,50.94768],[11.73258,50.94819],[11.73584,50.95016],[11.73858,50.95351],[11.73867,50.95534],[11.73602,50.95832],[11.73603,50.96259],[11.74004,50.96618],[11.73849,50.96853],[11.72837,50.97204],[11.72463,50.97251],[11.71817,50.97073],[11.71588,50.96567],[11.71006,50.9612],[11.70614,50.96011],[11.70187,50.96001],[11.69783,50.96091],[11.69461,50.96269],[11.69266,50.96509],[11.69225,50.96778],[11.69295,50.97252],[11.6919,50.97781],[11.69444,50.98259],[11.69055,50.98318],[11.68698,50.98485],[11.68469,50.98726],[11.68435,50.99143],[11.68625,50.99397],[11.68955,50.99585],[11.69535,50.99765],[11.70396,50.99755],[11.70979,50.99959],[11.71536,51.00034],[11.71793,51.00168],[11.71948,51.00568],[11.71491,51.00896],[11.713,51.01203],[11.71395,51.01688],[11.70734,51.02181],[11.70636,51.0259],[11.70782,51.02853],[11.71176,51.03275],[11.71086,51.03647],[11.71192,51.03927],[11.71464,51.04159],[11.72082,51.04337],[11.72538,51.04316],[11.73056,51.04166],[11.735,51.04695],[11.73819,51.04873],[11.74221,51.04965],[11.75199,51.04864],[11.75124,51.05354],[11.75313,51.05694],[11.75172,51.05837],[11.74445,51.06191],[11.73669,51.06438],[11.7323,51.06837],[11.72698,51.06852],[11.72119,51.07095],[11.71708,51.07083],[11.71287,51.07168],[11.70827,51.07464],[11.70702,51.0773],[11.70832,51.08136],[11.71321,51.08547],[11.7188,51.08742],[11.73401,51.08984],[11.73786,51.0924],[11.74224,51.09341],[11.74688,51.09324],[11.75104,51.09192],[11.75401,51.08966],[11.75788,51.08507],[11.77038,51.08071],[11.7755,51.08039],[11.77929,51.07898],[11.7885,51.08078],[11.79623,51.08],[11.79982,51.07847],[11.80732,51.07754],[11.8106,51.07568],[11.81268,51.07329],[11.81766,51.07425],[11.82047,51.07693],[11.82099,51.08111],[11.82556,51.08462],[11.83021,51.08572],[11.83605,51.08568],[11.84005,51.08446],[11.84301,51.08238],[11.84449,51.07975],[11.84428,51.07401],[11.84756,51.06879],[11.84716,51.06425],[11.84892,51.06066],[11.84865,51.0579],[11.84618,51.05441],[11.85231,51.05192],[11.85895,51.05233],[11.86311,51.05119],[11.86884,51.05257],[11.87132,51.05535],[11.87459,51.05708],[11.87454,51.06185],[11.87918,51.06724],[11.88456,51.0694],[11.88882,51.06965],[11.89344,51.06879],[11.90019,51.06871],[11.90882,51.07003],[11.91621,51.0733],[11.91893,51.07744],[11.91934,51.08108],[11.91539,51.08591],[11.91549,51.08996],[11.91405,51.09423],[11.91515,51.09687],[11.92093,51.10046],[11.91101,51.11484],[11.91026,51.11761],[11.91172,51.12101],[11.91138,51.12538],[11.91313,51.12849],[11.91318,51.1329],[11.90468,51.1329],[11.89997,51.1339],[11.89656,51.13558],[11.89387,51.13926],[11.89385,51.14368],[11.89693,51.14777],[11.89968,51.14914],[11.90349,51.15379],[11.90776,51.15784],[11.91094,51.15938],[11.91763,51.16085],[11.92069,51.16272],[11.92702,51.1639],[11.93859,51.16376],[11.95693,51.15806],[11.96109,51.15642],[11.97417,51.15596],[11.97912,51.1564],[11.99045,51.15828],[11.99947,51.16133],[12.01254,51.1662],[12.00808,51.17071],[12.00305,51.17372],[12.00162,51.17618],[12.00175,51.17921],[12.00538,51.18457],[12.00671,51.18783],[12.00937,51.18999],[12.01832,51.19418],[12.02121,51.19808],[12.02594,51.20128],[12.03276,51.20452],[12.03749,51.2056],[12.0356,51.20852],[12.0287,51.21024],[12.02293,51.2161],[12.01545,51.21654],[12.01156,51.21819],[12.00793,51.22289],[12.00795,51.22551],[12.01074,51.229],[12.01775,51.23265],[12.02311,51.23797],[12.02576,51.24229],[12.02898,51.24427],[12.03726,51.24565],[12.04157,51.24508],[12.04697,51.24215],[12.05009,51.24147],[12.05408,51.23924],[12.06624,51.23894],[12.07127,51.24056],[12.07503,51.24805],[12.06923,51.25019],[12.06763,51.25163],[12.06098,51.25305],[12.05737,51.25451],[12.05415,51.25797],[12.05303,51.26145],[12.0551,51.2658],[12.05927,51.26845],[12.06018,51.27033],[12.05633,51.27215],[12.05358,51.27449],[12.05253,51.27732],[12.05444,51.28148],[12.05705,51.2837],[12.0617,51.28553],[12.06197,51.2873],[12.05708,51.28912],[12.05327,51.28716],[12.04893,51.28643],[12.04075,51.28609],[12.01587,51.28008],[12.0118,51.27891],[12.00746,51.27867],[12.0033,51.27947],[11.99893,51.28191],[11.98869,51.28091],[11.98669,51.27836],[11.98204,51.27586],[11.97782,51.275],[11.97012,51.27509],[11.96816,51.27293],[11.9646,51.27122],[11.96027,51.27049],[11.94293,51.27139],[11.92615,51.27022],[11.92638,51.26328],[11.92795,51.2573],[11.92642,51.24495],[11.922,51.23918],[11.9186,51.23714],[11.90775,51.23425],[11.90325,51.23434],[11.89462,51.237],[11.8876,51.24128],[11.88569,51.24417],[11.88002,51.24405],[11.87418,51.24564],[11.87145,51.2477],[11.87011,51.25025],[11.86834,51.25876],[11.86683,51.26292],[11.86128,51.26634],[11.8599,51.2693],[11.85451,51.26914],[11.85004,51.27011],[11.84643,51.27227],[11.83679,51.27479],[11.83199,51.27548],[11.8285,51.27712],[11.82625,51.27947],[11.82555,51.28218],[11.82652,51.28485],[11.83076,51.28797],[11.83002,51.29251],[11.83111,51.29514],[11.83638,51.29852],[11.83668,51.30087],[11.8391,51.30394],[11.84319,51.30592],[11.84273,51.30937],[11.84354,51.31509],[11.84675,51.32831],[11.85089,51.33181],[11.85516,51.33301],[11.86402,51.33422],[11.87205,51.33863],[11.87784,51.34062],[11.89317,51.34309],[11.89968,51.34439],[11.90122,51.34722],[11.90404,51.3498],[11.9082,51.35154],[11.91337,51.35223],[11.91591,51.35415],[11.91975,51.3555],[11.91425,51.37361],[11.91159,51.37514],[11.90951,51.37773],[11.90924,51.38064],[11.91083,51.38337],[11.91473,51.3858],[11.91261,51.3894],[11.90793,51.39502],[11.90728,51.39877],[11.90836,51.40298],[11.91336,51.41056],[11.91424,51.41442],[11.9217,51.42526],[11.92697,51.43208],[11.92812,51.43493],[11.93091,51.43869],[11.92788,51.44009],[11.92558,51.4424],[11.92482,51.44507],[11.9257,51.44773],[11.92939,51.45068],[11.9301,51.45235],[11.92723,51.45491],[11.92395,51.45925],[11.92342,51.46122],[11.92037,51.46167],[11.91214,51.46524],[11.90917,51.46459],[11.8974,51.46391],[11.89136,51.46535],[11.88751,51.46859],[11.8862,51.47261],[11.87892,51.47452],[11.87579,51.47612],[11.87128,51.47972],[11.86962,51.48377],[11.87297,51.48921],[11.87866,51.4918],[11.87598,51.4952],[11.87552,51.49829],[11.86914,51.50263],[11.86455,51.50744],[11.86392,51.51034],[11.86518,51.51315],[11.86813,51.51542],[11.87746,51.51981],[11.87613,51.52307],[11.87638,51.52692],[11.87937,51.53052],[11.87978,51.53457],[11.86984,51.53349],[11.86398,51.53213],[11.85584,51.53231],[11.84481,51.52888],[11.84039,51.52838],[11.836,51.52896],[11.82537,51.53265],[11.82271,51.53499],[11.82172,51.53779],[11.82267,51.54171],[11.82241,51.54604],[11.82356,51.54855],[11.82213,51.55291],[11.82354,51.55688],[11.82827,51.56077],[11.82963,51.56546],[11.83136,51.56819],[11.83003,51.57195],[11.82413,51.57444],[11.81986,51.57389],[11.81338,51.57507],[11.81015,51.57705],[11.80816,51.58184],[11.79857,51.5825],[11.79471,51.58323],[11.78788,51.58203],[11.78286,51.58194],[11.7772,51.58327],[11.77195,51.58215],[11.76546,51.58256],[11.76179,51.58406],[11.75658,51.58917],[11.75543,51.59238],[11.75554,51.59533],[11.75719,51.59796],[11.76033,51.59999],[11.76466,51.60114],[11.76538,51.60287],[11.76348,51.60928],[11.75656,51.6109],[11.73524,51.60696],[11.73271,51.60341],[11.73151,51.59563],[11.72967,51.59326],[11.72658,51.59146],[11.7182,51.58922],[11.70972,51.58597],[11.70599,51.58391],[11.70495,51.58107],[11.69985,51.57457],[11.69539,51.57141],[11.69152,51.56992],[11.68703,51.56948],[11.67539,51.56992],[11.6695,51.57215],[11.6667,51.57607],[11.66706,51.58071],[11.65829,51.58184],[11.65306,51.58459],[11.64654,51.58375],[11.63972,51.58503],[11.63499,51.58927],[11.62065,51.59011],[11.61657,51.59144],[11.61365,51.59366],[11.61239,51.59786],[11.61331,51.60005],[11.60894,51.60005],[11.60165,51.60174],[11.5914,51.60064],[11.58514,51.59883],[11.57818,51.59619],[11.57612,51.59374],[11.56953,51.59128],[11.56817,51.5862],[11.56561,51.58367],[11.56164,51.58198],[11.55725,51.58143],[11.55262,51.58196],[11.54279,51.58519],[11.5367,51.58243],[11.53124,51.5819],[11.5309,51.57985],[11.52855,51.5771],[11.52254,51.57349],[11.52037,51.56738],[11.51966,51.56085],[11.52036,51.55742],[11.51907,51.55474],[11.51624,51.55258],[11.51249,51.55129],[11.5109,51.54788],[11.50029,51.54149],[11.50045,51.53595],[11.49981,51.53423],[11.50579,51.53208],[11.50818,51.52959],[11.50977,51.52618],[11.51399,51.52422],[11.51635,51.52173],[11.51695,51.51886],[11.5144,51.51487],[11.51082,51.51303],[11.50442,51.51225],[11.49966,51.51044],[11.49486,51.50996],[11.48869,51.51048],[11.48419,51.50854],[11.47042,51.5041],[11.46414,51.50309],[11.46384,51.50183],[11.47165,51.50109],[11.47536,51.49974],[11.4794,51.49622],[11.48074,51.49372],[11.48073,51.49094],[11.48692,51.48944],[11.48982,51.48726],[11.49113,51.48455],[11.49096,51.48197],[11.49685,51.47926],[11.50074,51.4749],[11.50119,51.4721],[11.4999,51.46942],[11.49706,51.46724],[11.49024,51.46378],[11.48607,51.46285],[11.4782,51.46226],[11.47163,51.46384],[11.46864,51.46613],[11.46737,51.46897],[11.46544,51.48025],[11.45883,51.4805],[11.45196,51.482],[11.4484,51.48427],[11.44458,51.48558],[11.43828,51.4888],[11.42828,51.4907],[11.4233,51.49096],[11.41172,51.49401],[11.40836,51.49568],[11.40622,51.49801],[11.40589,51.502],[11.40997,51.50607],[11.40384,51.50917],[11.40098,51.51283],[11.40034,51.51598],[11.4012,51.51857],[11.40352,51.5208],[11.41324,51.52642],[11.411,51.52936],[11.41029,51.53472],[11.40487,51.54178],[11.39962,51.54028],[11.39387,51.53953],[11.3864,51.53935],[11.38187,51.53979],[11.37797,51.5413],[11.37533,51.54364],[11.37435,51.54644],[11.37521,51.54925],[11.37872,51.55224],[11.37342,51.55596],[11.37171,51.56058],[11.36817,51.56142],[11.35937,51.5594],[11.35536,51.55921],[11.34921,51.56018],[11.34435,51.56015],[11.33835,51.55902],[11.33691,51.55688],[11.34278,51.55084],[11.34336,51.54806],[11.34176,51.54238],[11.34001,51.53989],[11.33552,51.53691],[11.33289,51.53602],[11.33163,51.53288],[11.32975,51.53121],[11.33359,51.52778],[11.33608,51.52457],[11.34024,51.52085],[11.34732,51.51869],[11.34952,51.5167],[11.35494,51.51624],[11.35893,51.5146],[11.36228,51.51],[11.36786,51.5094],[11.37156,51.50796],[11.3768,51.5024],[11.37792,51.49954],[11.37608,51.49374],[11.37407,51.49145],[11.37533,51.48689],[11.37462,51.48394],[11.37025,51.48033],[11.36864,51.47762],[11.36569,51.47569],[11.36183,51.47456],[11.35682,51.47423],[11.35558,51.47122],[11.35081,51.46296],[11.34553,51.46004],[11.34286,51.45954],[11.33976,51.45621],[11.33748,51.45112],[11.33851,51.44755],[11.33781,51.44494],[11.33564,51.44267],[11.3315,51.44078],[11.32259,51.4319],[11.31707,51.42482],[11.32375,51.42267],[11.32706,51.41914],[11.32726,51.41639],[11.32581,51.4138],[11.32133,51.41037],[11.32892,51.4],[11.33083,51.39036],[11.33916,51.38924],[11.34326,51.38749],[11.34768,51.3846],[11.35184,51.38543],[11.35608,51.38525],[11.36168,51.38314],[11.365,51.38308],[11.3737,51.38538],[11.38065,51.38596],[11.38994,51.38396],[11.3931,51.382],[11.39484,51.37944],[11.39429,51.37532],[11.39135,51.37263],[11.38988,51.36816],[11.39216,51.36278],[11.39169,51.36077],[11.39342,51.35764],[11.39302,51.35424],[11.39597,51.35169],[11.39923,51.34664],[11.39949,51.34486],[11.40283,51.34341],[11.40571,51.34088],[11.41185,51.33797],[11.41366,51.33317],[11.42075,51.33146],[11.42529,51.32821],[11.42771,51.32478],[11.4369,51.31901],[11.44362,51.31632],[11.44609,51.31199],[11.45164,51.31189],[11.45599,51.31044],[11.46522,51.30532],[11.46766,51.30158],[11.46729,51.29887],[11.46534,51.29645],[11.46006,51.29405],[11.45444,51.28641],[11.45392,51.28319],[11.45175,51.27813],[11.4496,51.27576],[11.4462,51.27407],[11.44194,51.27329],[11.43728,51.26888],[11.43816,51.26536],[11.43727,51.26277],[11.43193,51.2577],[11.42603,51.25561],[11.42213,51.25342],[11.42063,51.2504],[11.4166,51.24492],[11.41147,51.24071],[11.40764,51.23878],[11.4033,51.23768],[11.40176,51.23641],[11.4031,51.23275],[11.40275,51.23093],[11.41067,51.2304],[11.41476,51.22961],[11.4229,51.22992],[11.43085,51.23336],[11.43492,51.23411],[11.44082,51.23375],[11.44711,51.23079],[11.45191,51.23071],[11.45837,51.22887],[11.4653,51.22945],[11.47431,51.22889],[11.48009,51.23067],[11.48456,51.23061],[11.49219,51.22934],[11.49601,51.2278],[11.49966,51.22386],[11.50236,51.22547],[11.50704,51.2266],[11.51489,51.2268],[11.52261,51.2302],[11.52694,51.23105],[11.53163,51.23076],[11.53184,51.23304],[11.5361,51.23722],[11.53708,51.24041],[11.53382,51.24505],[11.53431,51.24793],[11.53888,51.2524],[11.54739,51.25711],[11.55634,51.26009],[11.56547,51.2596],[11.57417,51.2604],[11.57868,51.2597],[11.58648,51.2567],[11.59252,51.25502],[11.59585,51.25309],[11.59773,51.25051],[11.5978,51.24738],[11.60027,51.24323],[11.6004,51.24045],[11.60496,51.2404],[11.61086,51.23901],[11.61462,51.23735],[11.61703,51.23488],[11.6177,51.23205],[11.62019,51.23047],[11.62278,51.22658],[11.63499,51.22372],[11.63906,51.22063],[11.63999,51.218],[11.63841,51.21412],[11.63447,51.21111],[11.6359,51.20656],[11.63877,51.20281],[11.63882,51.20013],[11.63603,51.19654],[11.63262,51.19493],[11.61929,51.19218],[11.61496,51.19206],[11.61087,51.19295],[11.6015,51.1978],[11.59754,51.19313],[11.59184,51.18967],[11.59078,51.18549],[11.58651,51.18092],[11.583,51.17901],[11.57857,51.17814],[11.56395,51.17763],[11.55353,51.17628],[11.54716,51.17737],[11.54413,51.17897],[11.53925,51.17883],[11.53318,51.17949],[11.52789,51.17906],[11.52684,51.17462],[11.52504,51.17219],[11.52194,51.17033],[11.51798,51.16933],[11.50409,51.16925],[11.49653,51.16826],[11.4911,51.16852],[11.48557,51.16799],[11.48197,51.1664],[11.47499,51.16575],[11.47265,51.16089],[11.47477,51.15908],[11.47602,51.15617],[11.47526,51.1532],[11.47217,51.15028],[11.4653,51.14792],[11.45116,51.14666],[11.4587,51.13586],[11.45879,51.1323],[11.45996,51.13018],[11.4627,51.12938],[11.47135,51.12861],[11.47704,51.13102],[11.48124,51.13127],[11.48913,51.12935],[11.49729,51.12556],[11.50027,51.12158],[11.50382,51.11855],[11.50455,51.11561],[11.50338,51.1128],[11.5039,51.1101],[11.50141,51.10609],[11.49572,51.10369],[11.49114,51.10345],[11.4847,51.10534],[11.47952,51.10477],[11.47641,51.10051],[11.47285,51.09894],[11.46566,51.09775],[11.45696,51.09685],[11.45016,51.09455],[11.44585,51.09254],[11.44142,51.09177],[11.43687,51.09216],[11.4314,51.09473],[11.42951,51.09737],[11.42907,51.10316],[11.42249,51.10339],[11.41666,51.10554],[11.413,51.10905],[11.40885,51.10932],[11.40601,51.10751],[11.40444,51.10196],[11.40239,51.09971],[11.39645,51.09678],[11.39251,51.09591],[11.39124,51.09215],[11.38924,51.0898],[11.38531,51.08781],[11.38529,51.07904],[11.38332,51.07667],[11.37819,51.0742],[11.37358,51.07024],[11.36863,51.06907],[11.36631,51.06623],[11.36256,51.0637],[11.35759,51.06165],[11.35178,51.06053],[11.34862,51.05882],[11.34572,51.05234],[11.3469,51.04731],[11.34884,51.04662],[11.35618,51.04953],[11.36424,51.04964],[11.37895,51.05156],[11.38761,51.0505],[11.39097,51.04871],[11.39342,51.04488],[11.39462,51.03666],[11.3941,51.02995],[11.39104,51.02642],[11.38663,51.0242],[11.3722,51.01996],[11.36337,51.01916],[11.35319,51.02146],[11.35017,51.02144],[11.34473,51.02017],[11.34045,51.02015],[11.33483,51.02098],[11.33076,51.02259],[11.32585,51.02543],[11.31919,51.02523],[11.31513,51.02636],[11.30724,51.02575],[11.30181,51.02666],[11.29749,51.0282],[11.29452,51.03051],[11.28632,51.03187],[11.2789,51.02856],[11.27433,51.0279],[11.26973,51.02846],[11.26513,51.03063],[11.25645,51.03312],[11.25071,51.0367],[11.24926,51.03653],[11.24754,51.03047],[11.24584,51.02795],[11.24277,51.02602],[11.23878,51.02494],[11.23234,51.02525],[11.22984,51.02597],[11.21724,51.03257],[11.2109,51.03024],[11.20497,51.0305],[11.20161,51.02989],[11.20014,51.02809],[11.19465,51.02491],[11.18931,51.02384],[11.18211,51.02388],[11.17476,51.02556],[11.17161,51.02071],[11.16848,51.01865],[11.16433,51.01753],[11.15524,51.01734],[11.14686,51.01812],[11.14416,51.0158],[11.1403,51.01437],[11.13587,51.01397],[11.13154,51.01469],[11.12798,51.0164],[11.12574,51.01885],[11.12484,51.02212],[11.12111,51.02328],[11.11736,51.02549],[11.11219,51.03034],[11.107,51.03401],[11.1038,51.03556],[11.1006,51.03976],[11.09851,51.05091],[11.09495,51.0531],[11.09302,51.05548],[11.09328,51.06011],[11.09183,51.06206],[11.09147,51.06526],[11.08679,51.06618],[11.08328,51.06817],[11.08134,51.07089],[11.08129,51.07371],[11.07675,51.07439],[11.07111,51.07745],[11.0665,51.07931],[11.05345,51.07826],[11.04684,51.07975],[11.0421,51.07992],[11.04063,51.07209],[11.03698,51.06865],[11.03093,51.06705],[11.02406,51.06737],[11.01967,51.06198],[11.01612,51.06051],[11.01196,51.05996],[10.99991,51.06039],[10.99555,51.0616],[10.99236,51.06383],[10.99058,51.06832],[10.98002,51.06539],[10.97601,51.06484],[10.97536,51.06179],[10.97799,51.05595],[10.97953,51.05433],[10.98234,51.04884],[10.98196,51.04615],[10.98005,51.04374],[10.97685,51.04194],[10.96982,51.04031],[10.96552,51.03997],[10.95958,51.03792],[10.95459,51.0373],[10.94877,51.03564],[10.94343,51.03325],[10.93836,51.03227],[10.93226,51.02988],[10.9297,51.02779],[10.92893,51.02549],[10.92591,51.02211],[10.92071,51.01986],[10.91651,51.01951],[10.91021,51.02094],[10.90606,51.02103],[10.90176,51.0222],[10.89753,51.02483],[10.89314,51.02457],[10.88633,51.02517],[10.88123,51.02731],[10.87648,51.02808],[10.87018,51.02802],[10.86289,51.02653],[10.85555,51.02584],[10.85789,51.01341],[10.85929,51.01101],[10.86161,51.00367],[10.86398,51.00063],[10.87174,51.00008],[10.87584,51.00054],[10.88016,51.00004],[10.88387,50.99855],[10.88808,50.99356],[10.88811,50.99059],[10.88624,50.98787],[10.88072,50.98313],[10.87239,50.97943],[10.8633,50.97729],[10.86581,50.96998],[10.86577,50.96513],[10.87165,50.96155],[10.87271,50.95974],[10.876,50.95918],[10.88182,50.9609],[10.88866,50.96052],[10.89248,50.95887],[10.89494,50.95641],[10.89648,50.95114],[10.89717,50.94493],[10.90047,50.94157],[10.91712,50.94082],[10.92798,50.94286],[10.93513,50.94471],[10.93928,50.9444],[10.94476,50.94309],[10.95039,50.94015],[10.95239,50.93771],[10.95543,50.93624],[10.96017,50.93168],[10.96286,50.92462],[10.96115,50.92077],[10.94891,50.91403],[10.93183,50.90955],[10.93243,50.90408],[10.93462,50.90042],[10.93618,50.89497],[10.94312,50.89344],[10.94769,50.89105],[10.95351,50.89166],[10.95988,50.89035],[10.96295,50.89037],[10.96809,50.89253],[10.97372,50.89331],[10.97466,50.89535],[10.97786,50.89791],[10.98031,50.90185],[10.98319,50.90387],[10.98706,50.90507],[10.99359,50.90612],[10.9979,50.90591],[11.00177,50.90469],[11.00462,50.90268],[11.01196,50.90328],[11.01814,50.90509],[11.04009,50.90731],[11.05955,50.90827],[11.06634,50.91178],[11.07471,50.91251],[11.0815,50.9108],[11.09097,50.91196],[11.09561,50.91294],[11.11009,50.91314],[11.1085,50.91772],[11.10907,50.92035],[11.1126,50.92362],[11.11946,50.92531],[11.1273,50.92792],[11.13669,50.92781],[11.14139,50.92613],[11.15006,50.92455],[11.15996,50.92536],[11.16399,50.92479],[11.17052,50.92148],[11.17413,50.92044],[11.18416,50.92185],[11.19231,50.92122],[11.19601,50.92222],[11.2006,50.92606],[11.20407,50.92751],[11.21261,50.92867],[11.2171,50.92813],[11.22232,50.92539],[11.22625,50.92156],[11.23104,50.91867],[11.23374,50.91328],[11.2384,50.91334],[11.24247,50.9145],[11.24983,50.91536],[11.26147,50.91474],[11.26659,50.91275],[11.2685,50.9137],[11.26868,50.91725],[11.27173,50.92088],[11.27534,50.92244],[11.28181,50.92292],[11.28589,50.92192],[11.29281,50.91791],[11.29845,50.91703],[11.30345,50.91756],[11.31004,50.91944],[11.31986,50.91918],[11.32253,50.92299],[11.33203,50.92668],[11.32904,50.92987],[11.32788,50.93309],[11.32911,50.93694],[11.33532,50.94088],[11.33958,50.9418],[11.34519,50.94157],[11.34897,50.94045],[11.35186,50.93855],[11.35359,50.93574],[11.35576,50.93578],[11.35837,50.93805],[11.36182,50.93959],[11.36755,50.94065],[11.3694,50.94276],[11.373,50.94465],[11.38153,50.94624],[11.38732,50.94934],[11.39135,50.95309],[11.39785,50.95525],[11.40186,50.96375],[11.39327,50.9704],[11.39215,50.97302],[11.39389,50.98117],[11.397,50.98617],[11.39973,50.98866],[11.40384,50.99022],[11.41003,50.99087],[11.41195,50.99269],[11.4176,50.99482],[11.43445,50.99749],[11.44269,50.99945],[11.45208,51.00442],[11.45636,51.00882],[11.46195,51.01059],[11.45829,51.01918],[11.45981,51.02334],[11.46284,51.02549],[11.46835,51.0271],[11.4754,51.02672],[11.47895,51.02534],[11.48767,51.02598],[11.49973,51.03362],[11.5018,51.03613],[11.50831,51.04015],[11.51344,51.04462],[11.5239,51.04875],[11.52806,51.04928],[11.53333,51.04856],[11.53959,51.04858],[11.54407,51.04768],[11.55243,51.04322],[11.55859,51.04141],[11.56575,51.04159],[11.57203,51.03886],[11.57404,51.03652],[11.574,51.03193],[11.57802,51.02234],[11.57663,51.01831],[11.57381,51.01619],[11.56776,51.01463],[11.55338,51.01394],[11.54497,51.01571],[11.54319,51.01428],[11.54243,51.00859],[11.54041,51.00603],[11.53698,51.00417],[11.52646,51.00186],[11.52306,50.99979],[11.51285,50.99718],[11.49911,50.99166],[11.49348,50.99154],[11.48373,50.98747],[11.47959,50.98677],[11.47679,50.98501],[11.48256,50.97134],[11.48449,50.96885],[11.48493,50.96611],[11.49294,50.96518],[11.49678,50.96366],[11.50007,50.95993],[11.50039,50.9547],[11.49938,50.95204],[11.50022,50.94826]]],[[[11.21602,50.66046],[11.2214,50.66268],[11.22579,50.66303],[11.23187,50.66453],[11.23591,50.66461],[11.2473,50.66229],[11.25071,50.66051],[11.25279,50.65804],[11.25314,50.65483],[11.2581,50.65004],[11.25988,50.6473],[11.25939,50.64326],[11.26319,50.64138],[11.26917,50.63711],[11.27563,50.63853],[11.27901,50.63832],[11.282,50.64154],[11.28411,50.64582],[11.28776,50.65091],[11.28861,50.6555],[11.28822,50.65924],[11.28183,50.66462],[11.28071,50.66766],[11.28112,50.67171],[11.28259,50.67425],[11.28543,50.67627],[11.29473,50.67914],[11.29512,50.68352],[11.29815,50.68702],[11.30165,50.68854],[11.31081,50.6903],[11.31055,50.69301],[11.31227,50.69588],[11.31223,50.69882],[11.30821,50.70163],[11.3066,50.70636],[11.3029,50.70899],[11.29327,50.70877],[11.29034,50.70783],[11.28163,50.70747],[11.2772,50.70432],[11.27202,50.70253],[11.26507,50.70243],[11.2587,50.70547],[11.24623,50.70436],[11.23631,50.70627],[11.23124,50.70879],[11.22533,50.70958],[11.21931,50.71286],[11.21386,50.7126],[11.20706,50.70713],[11.20195,50.7055],[11.21382,50.6992],[11.21623,50.69692],[11.21695,50.69287],[11.2147,50.68915],[11.21168,50.68712],[11.20549,50.68579],[11.1989,50.68696],[11.19314,50.68689],[11.18446,50.6857],[11.18316,50.68227],[11.18443,50.68035],[11.18602,50.67492],[11.18517,50.6721],[11.19844,50.66643],[11.20564,50.66186],[11.21371,50.66017],[11.21602,50.66046]]],[[[11.55546,50.77666],[11.55058,50.77928],[11.5481,50.7829],[11.53801,50.78419],[11.53156,50.78628],[11.51042,50.78215],[11.50551,50.78241],[11.48693,50.77713],[11.48636,50.77361],[11.4874,50.76823],[11.49256,50.76648],[11.4955,50.76464],[11.50574,50.76407],[11.51177,50.76283],[11.51827,50.76363],[11.52343,50.76646],[11.52913,50.7673],[11.5352,50.77099],[11.54134,50.77275],[11.54564,50.77338],[11.55617,50.77391],[11.55546,50.77666]]],[[[10.80868,51.10365],[10.80701,51.10907],[10.80422,51.11269],[10.80366,51.11646],[10.8059,51.12005],[10.80475,51.1219],[10.80132,51.1236],[10.79669,51.12378],[10.788,51.12654],[10.78417,51.13025],[10.78041,51.13899],[10.76196,51.13724],[10.75546,51.13477],[10.75247,51.13305],[10.74074,51.12967],[10.74273,51.12475],[10.74447,51.12271],[10.74518,51.11846],[10.74226,51.11394],[10.74219,51.11176],[10.74602,51.11131],[10.75222,51.10951],[10.75659,51.10575],[10.76147,51.10479],[10.76501,51.10304],[10.76859,51.09909],[10.77093,51.09312],[10.7768,51.09423],[10.78307,51.0943],[10.79042,51.0959],[10.81021,51.098],[10.80868,51.10365]]],[[[11.37418,51.21988],[11.37171,51.21559],[11.36685,51.21229],[11.36307,51.21051],[11.35846,51.20967],[11.35533,51.20808],[11.35011,51.20136],[11.34839,51.20012],[11.34578,51.18815],[11.34035,51.17687],[11.34972,51.17385],[11.36463,51.16704],[11.37499,51.16488],[11.37863,51.16322],[11.38281,51.15807],[11.38817,51.15778],[11.39356,51.15576],[11.40197,51.15784],[11.41079,51.15828],[11.41402,51.16005],[11.42339,51.16148],[11.42599,51.16339],[11.43457,51.16648],[11.43562,51.17118],[11.43881,51.17493],[11.44297,51.17717],[11.44658,51.1818],[11.44724,51.18397],[11.44984,51.1866],[11.45229,51.19256],[11.45047,51.19453],[11.4493,51.19913],[11.44648,51.2053],[11.44599,51.20804],[11.43488,51.21147],[11.4287,51.2124],[11.41496,51.20827],[11.40234,51.20709],[11.39802,51.20753],[11.39428,51.20895],[11.39091,51.21245],[11.38992,51.21739],[11.38388,51.219],[11.37418,51.21988]]],[[[10.95233,51.66113],[10.95536,51.66335],[10.9595,51.66473],[10.96418,51.66497],[10.96931,51.66405],[10.97518,51.66451],[10.97664,51.6671],[10.97967,51.6693],[10.98363,51.67082],[10.98887,51.67168],[11.01426,51.67892],[11.02407,51.67896],[11.03035,51.67696],[11.03525,51.67224],[11.03851,51.67366],[11.04194,51.67694],[11.04576,51.67863],[11.05034,51.67923],[11.06135,51.67878],[11.07119,51.67575],[11.07559,51.67792],[11.08019,51.67877],[11.08512,51.67852],[11.09256,51.67927],[11.10291,51.67749],[11.10601,51.67625],[11.1106,51.6757],[11.11416,51.67445],[11.11987,51.67056],[11.12196,51.66564],[11.12724,51.66576],[11.13275,51.66842],[11.13958,51.66876],[11.14276,51.6697],[11.14718,51.67333],[11.15031,51.67431],[11.15171,51.67623],[11.15041,51.67978],[11.15083,51.6829],[11.15388,51.68633],[11.15776,51.68893],[11.15619,51.69176],[11.15557,51.69598],[11.15237,51.69955],[11.15186,51.70266],[11.15312,51.70763],[11.15483,51.70989],[11.16085,51.7152],[11.16213,51.71717],[11.16141,51.72492],[11.16369,51.73205],[11.15691,51.73369],[11.15323,51.737],[11.15244,51.74008],[11.15304,51.74251],[11.15552,51.74609],[11.15725,51.75204],[11.15962,51.75461],[11.16345,51.75637],[11.1681,51.75702],[11.18632,51.75718],[11.19504,51.75821],[11.21595,51.75612],[11.21738,51.75888],[11.22197,51.76224],[11.22739,51.7648],[11.23131,51.76773],[11.23088,51.77206],[11.23322,51.7773],[11.24063,51.78269],[11.24682,51.78481],[11.2536,51.79166],[11.25257,51.79404],[11.25276,51.79835],[11.23678,51.80431],[11.23384,51.80626],[11.23038,51.80597],[11.22539,51.8067],[11.20957,51.81168],[11.20472,51.8159],[11.19938,51.81666],[11.1931,51.81681],[11.18507,51.81618],[11.17969,51.81797],[11.17293,51.81898],[11.16948,51.82083],[11.16695,51.82563],[11.15347,51.83232],[11.15068,51.83489],[11.14835,51.83939],[11.1487,51.843],[11.13959,51.84489],[11.13486,51.84423],[11.11919,51.84543],[11.10824,51.83913],[11.10694,51.83734],[11.1011,51.83267],[11.0955,51.83],[11.08666,51.82799],[11.08201,51.82782],[11.07762,51.8288],[11.07123,51.83228],[11.06239,51.83593],[11.05776,51.83836],[11.05748,51.83437],[11.05443,51.82834],[11.0492,51.82522],[11.04268,51.81789],[11.03918,51.8161],[11.03323,51.81518],[11.03068,51.81206],[11.02733,51.81046],[11.01933,51.80885],[11.01502,51.80483],[11.01125,51.80354],[11.0117,51.80166],[11.01501,51.7971],[11.01811,51.79398],[11.01871,51.7912],[11.01755,51.78849],[11.01223,51.784],[11.01642,51.78224],[11.01997,51.78259],[11.0246,51.78198],[11.02988,51.77909],[11.03415,51.77258],[11.03392,51.76995],[11.03172,51.76609],[11.02938,51.76395],[11.02596,51.76246],[11.02129,51.7617],[11.01011,51.76353],[11.01038,51.75802],[11.00772,51.75156],[11.00467,51.74954],[10.99839,51.74819],[10.99245,51.74904],[10.98432,51.74554],[10.98246,51.74202],[10.97957,51.73978],[10.97223,51.73797],[10.96746,51.73834],[10.96255,51.74035],[10.9545,51.73931],[10.95002,51.73971],[10.94612,51.74114],[10.93767,51.7466],[10.93468,51.75286],[10.9289,51.75202],[10.92399,51.75254],[10.9196,51.7542],[10.91224,51.75188],[10.90981,51.74951],[10.90644,51.748],[10.9008,51.74723],[10.89627,51.74133],[10.89014,51.73706],[10.8868,51.73264],[10.88733,51.73016],[10.89617,51.72638],[10.90037,51.72695],[10.9049,51.72653],[10.9097,51.72496],[10.91234,51.72294],[10.91394,51.71804],[10.91188,51.70987],[10.91265,51.70816],[10.91307,51.70108],[10.9117,51.69844],[10.90882,51.69632],[10.90151,51.69301],[10.89606,51.69196],[10.8964,51.68883],[10.90102,51.68869],[10.90485,51.68756],[10.9093,51.68461],[10.91175,51.67896],[10.91496,51.67886],[10.92469,51.67987],[10.93108,51.67861],[10.93528,51.67537],[10.93586,51.67086],[10.93214,51.66691],[10.93503,51.66374],[10.94881,51.66252],[10.95233,51.66113]]],[[[11.61329,50.79395],[11.6199,50.79627],[11.62517,50.7964],[11.6314,50.79538],[11.63326,50.80115],[11.63508,50.80382],[11.6397,50.80632],[11.64107,50.80867],[11.63988,50.81114],[11.63685,50.81201],[11.62548,50.8115],[11.61658,50.81225],[11.61138,50.81374],[11.60214,50.81255],[11.59863,50.80793],[11.60392,50.80219],[11.60655,50.80012],[11.60848,50.79479],[11.61329,50.79395]]],[[[11.69449,51.73961],[11.69747,51.73698],[11.69829,51.73434],[11.69749,51.73169],[11.69518,51.72941],[11.68524,51.72436],[11.67733,51.724],[11.6728,51.72265],[11.66956,51.71887],[11.66923,51.71497],[11.67094,51.71109],[11.67056,51.70836],[11.66856,51.70592],[11.66524,51.70412],[11.65803,51.70224],[11.65115,51.70188],[11.64691,51.70306],[11.64361,51.70506],[11.63968,51.70371],[11.62948,51.70339],[11.6296,51.70036],[11.62798,51.69783],[11.62306,51.69517],[11.61849,51.69451],[11.61059,51.69124],[11.61237,51.68587],[11.6119,51.68028],[11.60689,51.67481],[11.60409,51.67303],[11.60357,51.6685],[11.60451,51.6645],[11.62006,51.66133],[11.62423,51.65943],[11.62654,51.65726],[11.6276,51.65296],[11.63264,51.653],[11.63831,51.65435],[11.64288,51.6542],[11.66403,51.65054],[11.67674,51.64908],[11.6853,51.6496],[11.69261,51.64828],[11.70495,51.64431],[11.70951,51.64079],[11.7107,51.63703],[11.71618,51.63463],[11.71873,51.63222],[11.71987,51.62907],[11.73332,51.6296],[11.74526,51.62886],[11.74737,51.63122],[11.75144,51.63326],[11.75233,51.63631],[11.75005,51.64065],[11.75082,51.64347],[11.75506,51.64681],[11.7616,51.64807],[11.78062,51.64591],[11.79017,51.6452],[11.79905,51.64271],[11.80328,51.64536],[11.81142,51.64841],[11.81898,51.64912],[11.82283,51.65165],[11.82709,51.65265],[11.83165,51.65256],[11.83748,51.65045],[11.84794,51.6509],[11.85426,51.65019],[11.85407,51.65431],[11.85194,51.65882],[11.85275,51.66135],[11.85546,51.66427],[11.85884,51.66992],[11.8653,51.67535],[11.86241,51.67822],[11.85793,51.67874],[11.84996,51.68072],[11.84455,51.68407],[11.84289,51.68656],[11.84282,51.68924],[11.84696,51.70407],[11.84708,51.70644],[11.84909,51.70927],[11.85556,51.71469],[11.8587,51.7184],[11.85635,51.72304],[11.8569,51.73547],[11.85882,51.73802],[11.86423,51.74052],[11.86665,51.74089],[11.86781,51.74483],[11.87022,51.74726],[11.87616,51.74936],[11.88309,51.74961],[11.88457,51.75081],[11.88864,51.75687],[11.89175,51.75887],[11.89585,51.75999],[11.9027,51.76027],[11.90421,51.76326],[11.89631,51.76345],[11.8912,51.76514],[11.88209,51.76532],[11.87818,51.76629],[11.87407,51.76827],[11.86986,51.77228],[11.86949,51.77528],[11.8716,51.77858],[11.86644,51.78268],[11.85902,51.78498],[11.8558,51.78885],[11.85537,51.79634],[11.84259,51.79813],[11.83494,51.79687],[11.82814,51.79769],[11.82132,51.79584],[11.81498,51.79663],[11.81157,51.79831],[11.80956,51.80042],[11.80362,51.80053],[11.79012,51.80156],[11.7859,51.80291],[11.78291,51.80519],[11.7816,51.8107],[11.7834,51.81638],[11.78825,51.82155],[11.78841,51.82406],[11.77609,51.82103],[11.77006,51.82061],[11.76199,51.81823],[11.75823,51.81614],[11.75428,51.81513],[11.74793,51.81541],[11.73969,51.81733],[11.73631,51.8192],[11.73434,51.82172],[11.73428,51.82592],[11.73152,51.83013],[11.732,51.83376],[11.72306,51.83369],[11.7161,51.8349],[11.71071,51.83752],[11.70585,51.84213],[11.70321,51.84355],[11.69977,51.84723],[11.69119,51.84188],[11.6823,51.83203],[11.6936,51.82358],[11.69495,51.81931],[11.69267,51.81352],[11.68877,51.80718],[11.68881,51.80506],[11.68692,51.80047],[11.68221,51.79221],[11.67917,51.78991],[11.67489,51.78858],[11.66817,51.78806],[11.66591,51.78518],[11.66282,51.78356],[11.65231,51.77319],[11.65094,51.76792],[11.64706,51.76345],[11.65164,51.7623],[11.65905,51.76378],[11.66351,51.76313],[11.6685,51.76058],[11.67429,51.76353],[11.68077,51.76444],[11.69287,51.76328],[11.69634,51.76201],[11.70231,51.75782],[11.70357,51.75499],[11.70272,51.74931],[11.70104,51.74661],[11.6947,51.74335],[11.69449,51.73961]]],[[[11.71309,50.9067],[11.71799,50.90052],[11.71881,50.89786],[11.71802,50.89519],[11.71596,50.89309],[11.71798,50.89167],[11.72187,50.89122],[11.73001,50.89284],[11.737,50.89483],[11.74414,50.89532],[11.74342,50.89947],[11.74093,50.90342],[11.74086,50.90811],[11.74207,50.91092],[11.74201,50.91433],[11.74076,50.91716],[11.74126,50.91979],[11.744,50.92406],[11.74047,50.9249],[11.73159,50.92971],[11.72565,50.92694],[11.72352,50.92391],[11.72046,50.92215],[11.7166,50.92119],[11.70564,50.92002],[11.70668,50.91864],[11.70879,50.91211],[11.71309,50.9067]]],[[[12.25001,51.04459],[12.24617,51.04593],[12.24343,51.04822],[12.24069,51.05592],[12.2317,51.05532],[12.22437,51.05323],[12.2251,51.04815],[12.22301,51.04425],[12.21786,51.04171],[12.21041,51.04083],[12.20109,51.04031],[12.19724,51.03662],[12.1909,51.03414],[12.18432,51.03354],[12.17833,51.03536],[12.1757,51.03764],[12.17297,51.04439],[12.16973,51.04561],[12.16585,51.04933],[12.16527,51.05202],[12.16825,51.05656],[12.16905,51.06038],[12.16781,51.06353],[12.16839,51.06828],[12.16976,51.07144],[12.16719,51.07461],[12.16697,51.07854],[12.16928,51.08147],[12.16256,51.08534],[12.16014,51.08798],[12.15623,51.09059],[12.15026,51.09759],[12.14971,51.1003],[12.1508,51.10294],[12.15511,51.10596],[12.15917,51.10693],[12.16488,51.10674],[12.17014,51.10761],[12.17822,51.10685],[12.18193,51.10759],[12.17945,51.11054],[12.17156,51.1149],[12.16641,51.11649],[12.1566,51.1216],[12.15448,51.12396],[12.1543,51.12824],[12.14975,51.13009],[12.14318,51.128],[12.13614,51.1286],[12.13104,51.1275],[12.1268,51.11956],[12.1245,51.11729],[12.12103,51.11571],[12.11689,51.11505],[12.10967,51.11628],[12.10146,51.11626],[12.10243,51.10789],[12.10103,51.10517],[12.09805,51.103],[12.09361,51.10147],[12.084,51.09937],[12.08028,51.09698],[12.07215,51.09408],[12.06352,51.09312],[12.05688,51.09337],[12.05433,51.08938],[12.04667,51.08562],[12.0403,51.08488],[12.0353,51.08585],[12.02766,51.08951],[12.01973,51.09013],[12.01467,51.08964],[12.01198,51.08778],[12.01749,51.07987],[12.02312,51.07363],[12.02572,51.06655],[12.02504,51.06374],[12.02269,51.06131],[12.01861,51.05906],[12.02752,51.05589],[12.03567,51.05058],[12.03733,51.04755],[12.04215,51.04145],[12.04315,51.03881],[12.04252,51.03612],[12.04036,51.03378],[12.03497,51.0316],[12.03015,51.03069],[12.02512,51.02637],[12.01723,51.02064],[12.01362,51.01908],[12.00933,51.01849],[12.00058,51.02002],[11.99289,51.01635],[11.98356,51.01568],[11.97683,51.01667],[11.97696,51.01336],[11.97479,51.00992],[11.97534,51.00506],[11.9742,51.00252],[11.96868,50.99917],[11.96977,50.99458],[11.97429,50.9904],[11.98487,50.99098],[11.98915,50.99165],[11.99578,50.99072],[11.99978,50.98856],[12.00398,50.9876],[12.00717,50.9857],[12.01071,50.98245],[12.01238,50.97961],[12.01081,50.9748],[12.01101,50.97002],[12.01412,50.96872],[12.02404,50.96966],[12.03385,50.97209],[12.04059,50.97183],[12.04765,50.96928],[12.0553,50.9687],[12.06489,50.97128],[12.0762,50.97471],[12.07619,50.9796],[12.07858,50.98452],[12.08689,50.99144],[12.08957,50.99279],[12.09365,50.99819],[12.09855,51.00173],[12.09682,51.00589],[12.09809,51.01176],[12.101,51.01532],[12.10025,51.02051],[12.09616,51.02461],[12.096,51.02765],[12.09784,51.03045],[12.10883,51.03745],[12.11321,51.03817],[12.1177,51.03776],[12.12381,51.03589],[12.13369,51.02721],[12.13884,51.02715],[12.14313,51.02594],[12.14718,51.02251],[12.15338,51.02204],[12.15685,51.02061],[12.16333,51.01627],[12.1674,51.0144],[12.17031,51.00982],[12.17256,51.00814],[12.17468,51.00466],[12.17949,51.00229],[12.18309,50.99839],[12.18815,50.99516],[12.19562,50.99475],[12.19977,50.99341],[12.20272,50.99113],[12.20524,50.98727],[12.20577,50.9847],[12.20469,50.98194],[12.20487,50.97795],[12.20297,50.97492],[12.20482,50.97243],[12.2101,50.97209],[12.22389,50.97312],[12.23226,50.97273],[12.23673,50.97197],[12.2445,50.97988],[12.24749,50.9817],[12.25513,50.98479],[12.26219,50.98916],[12.26537,50.9917],[12.26697,50.99469],[12.27563,51.00408],[12.27776,51.00581],[12.27704,51.00781],[12.27075,51.01058],[12.26884,51.01295],[12.26044,51.01081],[12.25608,51.01072],[12.25199,51.01166],[12.24727,51.01432],[12.2403,51.02068],[12.23854,51.02443],[12.24025,51.02898],[12.24099,51.03509],[12.24302,51.03774],[12.24647,51.04027],[12.25083,51.04167],[12.25001,51.04459]]]]}}]}