{"type":"FeatureCollection","features":[{"type":"Feature","geometry":{"type":"MultiPolygon","coordinates":[[[[8.39747,49.24197],[8.39294,49.23833],[8.39082,49.23609],[8.38759,49.23115],[8.38581,49.22662],[8.38502,49.22261],[8.3848,49.21963],[8.38718,49.21971],[8.38934,49.22061],[8.39134,49.22321],[8.39277,49.22449],[8.3951,49.22534],[8.39853,49.22575],[8.40321,49.22466],[8.40525,49.22056],[8.40235,49.21367],[8.3985,49.20772],[8.39313,49.20273],[8.38624,49.19826],[8.38502,49.1983],[8.38295,49.19016],[8.38121,49.18569],[8.38002,49.18395],[8.36984,49.17076],[8.36843,49.16805],[8.36762,49.16425],[8.36874,49.16081],[8.37202,49.15563],[8.37271,49.15198],[8.36738,49.12946],[8.36416,49.11672],[8.36037,49.10321],[8.35809,49.09778],[8.35461,49.09313],[8.34997,49.0884],[8.34591,49.08462],[8.34204,49.08164],[8.33127,49.07389],[8.32818,49.07156],[8.32395,49.06805],[8.32054,49.06496],[8.31644,49.06048],[8.31169,49.05431],[8.30871,49.04996],[8.30621,49.04537],[8.30414,49.04065],[8.30262,49.03523],[8.30019,49.02174],[8.29866,49.01682],[8.29737,49.0135],[8.2931,49.00585],[8.2876,48.99843],[8.28419,48.99499],[8.27988,48.99156],[8.27735,48.98994],[8.26128,48.98092],[8.25548,48.97792],[8.23923,48.96926],[8.23263,48.96657],[8.22793,48.96516],[8.20289,48.95979],[8.19866,48.95813],[8.19639,48.9565],[8.19361,48.95396],[8.19177,48.95163],[8.18739,48.94537],[8.17919,48.93459],[8.17763,48.93294],[8.16952,48.92545],[8.15576,48.91229],[8.14655,48.90229],[8.14083,48.89502],[8.13519,48.88755],[8.13036,48.88052],[8.12763,48.87611],[8.12147,48.86496],[8.11565,48.85262],[8.11076,48.84206],[8.10765,48.83321],[8.10592,48.82661],[8.10383,48.82012],[8.10117,48.81593],[8.09431,48.80835],[8.08704,48.80203],[8.08413,48.79984],[8.07639,48.7947],[8.07223,48.79235],[8.06837,48.79075],[8.06471,48.78973],[8.06154,48.78912],[8.05887,48.78892],[8.05413,48.78939],[8.0491,48.79047],[8.04467,48.79083],[8.04156,48.79075],[8.03506,48.78953],[8.03028,48.78737],[8.02877,48.78634],[8.02648,48.78389],[8.0258,48.78216],[8.02355,48.7697],[8.02189,48.76699],[8.01972,48.76463],[8.01711,48.76251],[8.01433,48.76102],[8.01119,48.75989],[8.00777,48.75922],[8.00148,48.75885],[7.99858,48.75901],[7.98668,48.76097],[7.98468,48.76115],[7.98037,48.76088],[7.97559,48.7598],[7.97201,48.75812],[7.97073,48.75692],[7.96891,48.75371],[7.96715,48.74673],[7.967,48.74547],[7.96707,48.74015],[7.96774,48.72982],[7.96698,48.72628],[7.9633,48.72153],[7.9246,48.69055],[7.89626,48.66724],[7.88998,48.6626],[7.88126,48.65845],[7.86173,48.65059],[7.8481,48.64691],[7.84478,48.64539],[7.842,48.64373],[7.83974,48.64128],[7.83804,48.63886],[7.83611,48.63409],[7.83315,48.62524],[7.83032,48.61987],[7.80482,48.59258],[7.80214,48.58884],[7.80029,48.58404],[7.80025,48.57866],[7.80536,48.56107],[7.80557,48.55031],[7.80306,48.53697],[7.80659,48.52354],[7.80676,48.52017],[7.80611,48.51638],[7.80394,48.51122],[7.80041,48.50664],[7.79715,48.50351],[7.79509,48.50183],[7.79153,48.49998],[7.77147,48.49246],[7.7682,48.48966],[7.76695,48.48713],[7.7671,48.47494],[7.76653,48.46516],[7.76602,48.46046],[7.76504,48.45661],[7.76285,48.45103],[7.76167,48.4485],[7.7523,48.43261],[7.74484,48.41955],[7.7358,48.40395],[7.73315,48.3972],[7.73164,48.3917],[7.7309,48.38366],[7.73187,48.37638],[7.73476,48.36691],[7.73867,48.35466],[7.74517,48.33511],[7.74561,48.33255],[7.74464,48.32781],[7.74345,48.32547],[7.73984,48.32173],[7.73708,48.31961],[7.73163,48.31719],[7.71044,48.31161],[7.70622,48.31021],[7.70346,48.30896],[7.6988,48.30619],[7.69357,48.30172],[7.69164,48.29909],[7.68977,48.29507],[7.6892,48.29253],[7.68924,48.28079],[7.67989,48.25499],[7.66848,48.22552],[7.6657,48.22048],[7.66439,48.21922],[7.66098,48.21681],[7.64741,48.20997],[7.64412,48.20727],[7.64187,48.20401],[7.63708,48.19578],[7.62952,48.18371],[7.61518,48.17088],[7.60622,48.16318],[7.60175,48.15918],[7.6006,48.15772],[7.59936,48.15528],[7.59891,48.15278],[7.59914,48.15015],[7.60057,48.14248],[7.6002,48.1388],[7.59878,48.13558],[7.59638,48.13284],[7.59432,48.13128],[7.59189,48.12989],[7.58402,48.12695],[7.58056,48.12479],[7.57833,48.12229],[7.57698,48.11906],[7.57741,48.11479],[7.57937,48.10648],[7.57901,48.09979],[7.576,48.09391],[7.57161,48.08846],[7.56995,48.08479],[7.56917,48.08005],[7.56994,48.07525],[7.57338,48.05965],[7.57352,48.05077],[7.56918,48.03843],[7.56853,48.03518],[7.57006,48.0322],[7.57166,48.03036],[7.57795,48.02533],[7.59024,48.01569],[7.60351,48.00519],[7.60688,48.00214],[7.61019,47.99869],[7.61344,47.99469],[7.61611,47.99047],[7.61851,47.9858],[7.62165,47.97651],[7.62195,47.97281],[7.62094,47.96898],[7.6171,47.96345],[7.61155,47.95649],[7.60956,47.95423],[7.60454,47.94998],[7.59156,47.94007],[7.58799,47.93712],[7.58581,47.93485],[7.5839,47.93233],[7.58247,47.92986],[7.58106,47.92682],[7.58055,47.92415],[7.58072,47.91916],[7.58235,47.908],[7.58293,47.90342],[7.58279,47.90137],[7.58224,47.8993],[7.57978,47.89489],[7.57842,47.89343],[7.57489,47.89065],[7.57259,47.88939],[7.5645,47.88614],[7.56245,47.88492],[7.5589,47.88182],[7.55698,47.87903],[7.55631,47.87753],[7.55554,47.87408],[7.55544,47.87071],[7.55596,47.86695],[7.55761,47.86285],[7.56126,47.8571],[7.56286,47.8538],[7.56362,47.84956],[7.56357,47.84682],[7.56292,47.84269],[7.56216,47.84044],[7.56003,47.83636],[7.5578,47.8333],[7.55252,47.82725],[7.55118,47.82538],[7.54889,47.82127],[7.54763,47.81802],[7.54688,47.81522],[7.54537,47.81155],[7.54108,47.80346],[7.53215,47.78778],[7.53021,47.78314],[7.52985,47.78126],[7.52967,47.77808],[7.53017,47.77367],[7.53071,47.77177],[7.53338,47.76604],[7.53985,47.75435],[7.54599,47.74357],[7.54811,47.73947],[7.54853,47.73508],[7.5476,47.72982],[7.54565,47.72538],[7.5437,47.72233],[7.54038,47.71853],[7.53815,47.71673],[7.53496,47.71473],[7.51377,47.70282],[7.51217,47.70045],[7.51159,47.69676],[7.51231,47.69491],[7.51626,47.68976],[7.51888,47.6847],[7.51948,47.68037],[7.51901,47.67266],[7.51956,47.66812],[7.52108,47.66385],[7.52467,47.6602],[7.53066,47.65477],[7.5379,47.64918],[7.54646,47.64448],[7.56082,47.63722],[7.56412,47.63486],[7.56736,47.63174],[7.57035,47.62688],[7.57225,47.61961],[7.5743,47.61583],[7.58786,47.60778],[7.59145,47.60417],[7.59304,47.60083],[7.59224,47.59562],[7.58904,47.58988],[7.5986,47.58744],[7.60494,47.58483],[7.60407,47.58139],[7.60539,47.57987],[7.60451,47.57779],[7.61006,47.57815],[7.61549,47.57798],[7.61757,47.57756],[7.61907,47.57683],[7.6205,47.57737],[7.6279,47.5812],[7.63361,47.58553],[7.63658,47.58845],[7.63952,47.59034],[7.6432,47.59132],[7.64192,47.59304],[7.64193,47.59422],[7.64582,47.59697],[7.65123,47.59571],[7.65554,47.59531],[7.66205,47.59367],[7.66726,47.59204],[7.67505,47.59204],[7.67565,47.59314],[7.67748,47.59494],[7.68285,47.59849],[7.68458,47.59885],[7.68811,47.59874],[7.69165,47.59955],[7.68993,47.59744],[7.68496,47.59664],[7.6836,47.59604],[7.67968,47.59237],[7.67749,47.59128],[7.67175,47.58736],[7.67204,47.58509],[7.68072,47.58269],[7.68185,47.57755],[7.68374,47.57666],[7.68374,47.57399],[7.68586,47.57301],[7.68887,47.57241],[7.68953,47.5715],[7.68704,47.56804],[7.68597,47.56562],[7.68337,47.56845],[7.68344,47.57118],[7.68135,47.57056],[7.6783,47.56903],[7.67769,47.56773],[7.67522,47.56545],[7.67722,47.56503],[7.67737,47.56385],[7.67572,47.56349],[7.67234,47.56377],[7.67232,47.56552],[7.67016,47.56588],[7.66548,47.56499],[7.66439,47.56532],[7.65887,47.56435],[7.65681,47.563],[7.6564,47.56227],[7.65471,47.56243],[7.64816,47.55988],[7.64431,47.56145],[7.64135,47.5612],[7.63897,47.56284],[7.63623,47.56401],[7.6341,47.56111],[7.63709,47.56009],[7.64019,47.55804],[7.64272,47.55563],[7.64862,47.54857],[7.65152,47.547],[7.65383,47.54639],[7.65835,47.54603],[7.6614,47.54484],[7.66278,47.54297],[7.66367,47.54037],[7.66602,47.53727],[7.66865,47.53551],[7.67376,47.53399],[7.67866,47.53287],[7.68195,47.53257],[7.69207,47.53238],[7.69698,47.5329],[7.69953,47.53384],[7.70373,47.53589],[7.70665,47.53656],[7.71137,47.53859],[7.71378,47.5394],[7.71768,47.54126],[7.71968,47.54197],[7.73143,47.54272],[7.74316,47.54359],[7.75129,47.54453],[7.75449,47.54576],[7.75673,47.54785],[7.75785,47.54838],[7.76502,47.55022],[7.77048,47.5515],[7.77287,47.55233],[7.78274,47.55317],[7.78625,47.55435],[7.78869,47.55466],[7.79173,47.55635],[7.79606,47.55769],[7.79948,47.56264],[7.80249,47.56476],[7.8093,47.56795],[7.81051,47.5689],[7.81239,47.5714],[7.81341,47.57455],[7.81395,47.57789],[7.81495,47.58076],[7.81811,47.5864],[7.81931,47.58731],[7.82378,47.58796],[7.83129,47.58696],[7.83367,47.58626],[7.83471,47.58549],[7.83712,47.58287],[7.84001,47.58211],[7.84619,47.58224],[7.84939,47.58283],[7.85556,47.58481],[7.85938,47.58697],[7.86184,47.58771],[7.86877,47.58852],[7.87416,47.58857],[7.87889,47.58844],[7.88402,47.58896],[7.88708,47.58857],[7.89289,47.58712],[7.89668,47.58495],[7.9009,47.5817],[7.90372,47.58027],[7.90514,47.57873],[7.90988,47.57232],[7.91137,47.56971],[7.91154,47.56776],[7.91106,47.56582],[7.90762,47.56151],[7.90739,47.55969],[7.90852,47.55542],[7.91028,47.55226],[7.91362,47.54959],[7.9163,47.54806],[7.91897,47.54732],[7.92614,47.54667],[7.93109,47.54702],[7.93312,47.54678],[7.93641,47.54597],[7.94086,47.54435],[7.94453,47.54389],[7.94653,47.5442],[7.94914,47.546],[7.94992,47.54698],[7.95121,47.5498],[7.95245,47.55462],[7.95542,47.55712],[7.95781,47.55795],[7.96004,47.55828],[7.96977,47.55594],[7.97426,47.55542],[7.97944,47.55521],[7.98358,47.55531],[7.98803,47.55593],[7.99503,47.55647],[8.0013,47.55626],[8.0076,47.55486],[8.01303,47.55183],[8.01548,47.55105],[8.01872,47.55045],[8.02286,47.55058],[8.02652,47.55186],[8.03411,47.55258],[8.03995,47.55353],[8.04286,47.55427],[8.04758,47.556],[8.05014,47.55763],[8.05287,47.55891],[8.05763,47.56181],[8.05895,47.56323],[8.06005,47.56358],[8.06312,47.56329],[8.06612,47.56426],[8.06833,47.56458],[8.07134,47.56411],[8.07589,47.56068],[8.07858,47.55914],[8.08357,47.55744],[8.08792,47.55755],[8.09112,47.55811],[8.0948,47.55968],[8.09889,47.56225],[8.10021,47.56384],[8.10144,47.56636],[8.10235,47.57053],[8.10257,47.57487],[8.10418,47.57789],[8.10576,47.57954],[8.10917,47.58218],[8.11138,47.58321],[8.11579,47.58391],[8.12258,47.58341],[8.1261,47.58329],[8.12834,47.58354],[8.13405,47.58362],[8.13641,47.58405],[8.13835,47.58618],[8.13758,47.58879],[8.13795,47.5903],[8.13922,47.59138],[8.14228,47.59226],[8.14729,47.59498],[8.15153,47.59563],[8.15296,47.59565],[8.15658,47.59501],[8.16156,47.59365],[8.16555,47.59431],[8.16855,47.59605],[8.16987,47.59712],[8.17228,47.60007],[8.17531,47.60231],[8.18301,47.60406],[8.18606,47.60594],[8.18895,47.60966],[8.19111,47.613],[8.19391,47.61627],[8.19767,47.61889],[8.19883,47.61946],[8.20342,47.62077],[8.20776,47.62101],[8.21224,47.6204],[8.21696,47.61899],[8.22024,47.61705],[8.22099,47.61606],[8.22294,47.61162],[8.22405,47.60685],[8.22509,47.60555],[8.22735,47.60502],[8.22935,47.6054],[8.23524,47.61027],[8.2369,47.61206],[8.23803,47.61267],[8.23996,47.61285],[8.24126,47.61241],[8.24639,47.61275],[8.2541,47.6148],[8.25924,47.61517],[8.26077,47.61408],[8.2631,47.61034],[8.26511,47.60942],[8.26718,47.60947],[8.27246,47.61023],[8.27637,47.61115],[8.27982,47.61162],[8.28434,47.61118],[8.28792,47.6105],[8.29033,47.60968],[8.29558,47.60742],[8.29747,47.60574],[8.29768,47.60494],[8.2953,47.59684],[8.29504,47.59516],[8.29548,47.59281],[8.29765,47.58947],[8.30084,47.58673],[8.3034,47.58555],[8.30871,47.58432],[8.31029,47.58365],[8.31411,47.58108],[8.31808,47.57698],[8.32313,47.57327],[8.32589,47.57204],[8.32834,47.57128],[8.33174,47.57068],[8.33951,47.57037],[8.3445,47.57071],[8.34719,47.57069],[8.3604,47.56996],[8.36546,47.56875],[8.37367,47.56803],[8.37772,47.56744],[8.38135,47.56585],[8.38292,47.56549],[8.38446,47.56581],[8.38596,47.56678],[8.38782,47.57109],[8.38987,47.57335],[8.39438,47.57644],[8.39604,47.57701],[8.39889,47.57716],[8.40125,47.57663],[8.40515,47.57532],[8.41407,47.57151],[8.42189,47.56889],[8.42838,47.56693],[8.43165,47.56652],[8.43859,47.56733],[8.44726,47.56998],[8.45589,47.57235],[8.45734,47.57244],[8.46227,47.57203],[8.4661,47.57263],[8.47159,47.57515],[8.47409,47.57661],[8.47722,47.57791],[8.48014,47.57781],[8.48397,47.57725],[8.48693,47.57772],[8.48944,47.57937],[8.49223,47.58058],[8.49455,47.5812],[8.49408,47.58252],[8.48862,47.58785],[8.48701,47.58735],[8.48305,47.58697],[8.48138,47.58541],[8.47948,47.58545],[8.47344,47.58448],[8.46995,47.58467],[8.46917,47.58399],[8.46694,47.5842],[8.46481,47.58804],[8.46042,47.58831],[8.46123,47.59257],[8.45925,47.59584],[8.45705,47.59728],[8.45643,47.59965],[8.4566,47.60236],[8.46008,47.60203],[8.46307,47.60228],[8.46811,47.60366],[8.46814,47.60539],[8.46989,47.60534],[8.47138,47.60689],[8.47028,47.60847],[8.47375,47.60842],[8.47499,47.6077],[8.47792,47.61084],[8.47845,47.61211],[8.47793,47.61358],[8.47914,47.61516],[8.48324,47.61364],[8.48466,47.61472],[8.48668,47.61433],[8.48878,47.61505],[8.49307,47.6145],[8.4945,47.61455],[8.50187,47.61652],[8.50295,47.61717],[8.50825,47.61751],[8.50817,47.62223],[8.50731,47.62385],[8.51068,47.62329],[8.51494,47.62336],[8.51502,47.62458],[8.51281,47.62493],[8.51261,47.62559],[8.51504,47.62696],[8.51488,47.63091],[8.51645,47.63195],[8.51574,47.63244],[8.51553,47.63392],[8.51747,47.63439],[8.52082,47.63447],[8.52144,47.63352],[8.52573,47.63177],[8.5296,47.63176],[8.53159,47.63205],[8.53558,47.631],[8.53877,47.63083],[8.53928,47.62826],[8.53856,47.62609],[8.54304,47.62696],[8.54414,47.62522],[8.54736,47.62552],[8.54939,47.62512],[8.55071,47.6253],[8.55294,47.62479],[8.55734,47.62456],[8.55828,47.62387],[8.55925,47.62162],[8.56083,47.62095],[8.56188,47.61932],[8.5628,47.61677],[8.56775,47.61693],[8.5693,47.61727],[8.57034,47.61557],[8.57016,47.61412],[8.57104,47.61249],[8.57429,47.61227],[8.57425,47.61153],[8.57272,47.61089],[8.56977,47.6108],[8.56641,47.60987],[8.5664,47.60683],[8.56606,47.60537],[8.56359,47.60267],[8.56147,47.60138],[8.56378,47.59849],[8.56649,47.5971],[8.56877,47.598],[8.57142,47.59816],[8.57466,47.59552],[8.57708,47.59682],[8.58236,47.59613],[8.58335,47.59744],[8.5878,47.60178],[8.59025,47.60119],[8.5914,47.60223],[8.59269,47.60616],[8.5956,47.60554],[8.59647,47.60652],[8.59971,47.60829],[8.60378,47.61163],[8.60476,47.61347],[8.60496,47.61598],[8.60425,47.61759],[8.59996,47.62335],[8.59879,47.62544],[8.59739,47.62896],[8.59671,47.63179],[8.59654,47.63628],[8.59531,47.63997],[8.59526,47.64249],[8.59718,47.6441],[8.601,47.64551],[8.60268,47.64758],[8.60386,47.65099],[8.60587,47.65239],[8.60732,47.6525],[8.61096,47.65092],[8.61269,47.64935],[8.61372,47.64706],[8.61393,47.64441],[8.61187,47.64237],[8.60978,47.64176],[8.60502,47.64168],[8.60347,47.64101],[8.60279,47.63947],[8.60497,47.63743],[8.60652,47.63706],[8.61231,47.63734],[8.61675,47.63801],[8.6202,47.63899],[8.62329,47.6409],[8.62602,47.64453],[8.6288,47.64965],[8.62883,47.65202],[8.62799,47.65331],[8.62413,47.65623],[8.61944,47.65921],[8.6145,47.66153],[8.61282,47.66076],[8.60896,47.66342],[8.60797,47.66465],[8.60585,47.67001],[8.60665,47.67213],[8.60165,47.67272],[8.59807,47.67281],[8.59602,47.66934],[8.59548,47.66944],[8.59383,47.66706],[8.59127,47.66761],[8.586,47.66585],[8.57983,47.66248],[8.57805,47.6617],[8.57546,47.6626],[8.57363,47.66276],[8.57147,47.66447],[8.5692,47.66415],[8.56622,47.6656],[8.56463,47.66533],[8.56328,47.66789],[8.56365,47.66994],[8.56115,47.6703],[8.55956,47.67016],[8.55684,47.66933],[8.55455,47.66941],[8.5524,47.66901],[8.54937,47.66733],[8.54716,47.66706],[8.5467,47.66759],[8.54227,47.66526],[8.54005,47.66507],[8.53911,47.66333],[8.54091,47.65907],[8.54,47.6577],[8.53532,47.65915],[8.53377,47.65992],[8.53424,47.6616],[8.53338,47.66321],[8.52981,47.66129],[8.52701,47.66039],[8.528,47.65764],[8.52998,47.65697],[8.52896,47.65573],[8.53175,47.65181],[8.5335,47.65034],[8.53333,47.64797],[8.53202,47.64607],[8.52271,47.64498],[8.52028,47.64535],[8.51333,47.6475],[8.5106,47.64721],[8.50864,47.64664],[8.50296,47.64736],[8.49967,47.6473],[8.49935,47.64637],[8.49526,47.6465],[8.49311,47.64706],[8.49374,47.64479],[8.49346,47.64311],[8.48984,47.64238],[8.48888,47.64416],[8.48734,47.6451],[8.48517,47.64391],[8.48271,47.6442],[8.48146,47.64582],[8.4822,47.64722],[8.48083,47.64816],[8.48052,47.64923],[8.47613,47.6501],[8.47376,47.64982],[8.4728,47.64909],[8.47376,47.64701],[8.47602,47.64662],[8.47745,47.64593],[8.47768,47.64467],[8.47437,47.64317],[8.47112,47.64234],[8.47197,47.64092],[8.47512,47.64098],[8.47789,47.63971],[8.47419,47.63928],[8.4735,47.6383],[8.47017,47.63911],[8.46747,47.64129],[8.46615,47.64278],[8.46506,47.64608],[8.46377,47.64856],[8.46588,47.65265],[8.46718,47.65608],[8.46563,47.65704],[8.46363,47.6563],[8.46034,47.65401],[8.45739,47.65269],[8.45655,47.65346],[8.45366,47.65484],[8.45045,47.65508],[8.44509,47.65378],[8.44136,47.65593],[8.43903,47.65654],[8.43882,47.65732],[8.43677,47.65739],[8.4349,47.65976],[8.43315,47.66135],[8.42687,47.66507],[8.42507,47.66552],[8.42368,47.66681],[8.4179,47.66648],[8.41423,47.66611],[8.41236,47.66627],[8.40765,47.67214],[8.40603,47.67326],[8.40557,47.67451],[8.40711,47.67731],[8.40852,47.67872],[8.4117,47.67925],[8.41604,47.67963],[8.41772,47.68113],[8.41844,47.68278],[8.42067,47.68386],[8.41879,47.68617],[8.41817,47.68825],[8.41214,47.69426],[8.40887,47.69538],[8.4064,47.69547],[8.40532,47.69775],[8.40443,47.69806],[8.40857,47.70238],[8.41548,47.7078],[8.41671,47.70992],[8.41921,47.71016],[8.42014,47.70947],[8.42536,47.71165],[8.42588,47.71113],[8.43056,47.7141],[8.43147,47.71441],[8.43474,47.71723],[8.43673,47.71823],[8.43842,47.71844],[8.44155,47.71767],[8.44188,47.7185],[8.44023,47.71976],[8.44261,47.72171],[8.44524,47.72296],[8.44711,47.72312],[8.45506,47.72231],[8.45546,47.72316],[8.45411,47.72368],[8.45467,47.72722],[8.457,47.72883],[8.4564,47.73037],[8.45285,47.73043],[8.45139,47.7334],[8.44968,47.73817],[8.45076,47.74023],[8.45291,47.74159],[8.45585,47.74278],[8.45526,47.74438],[8.45634,47.74574],[8.45614,47.74798],[8.45784,47.75018],[8.46385,47.75207],[8.46635,47.75356],[8.46742,47.75491],[8.46764,47.75687],[8.46985,47.76065],[8.47158,47.76289],[8.47371,47.76459],[8.48204,47.76858],[8.48316,47.76991],[8.48727,47.77248],[8.48903,47.77327],[8.49019,47.77199],[8.49603,47.77069],[8.4981,47.77183],[8.49834,47.7725],[8.50214,47.77361],[8.50338,47.77313],[8.50528,47.77399],[8.5093,47.77431],[8.51011,47.77619],[8.512,47.77911],[8.5149,47.78063],[8.52163,47.78318],[8.52402,47.78393],[8.52898,47.78588],[8.53058,47.78802],[8.53094,47.78984],[8.52785,47.79179],[8.525,47.79151],[8.52294,47.79171],[8.51807,47.79139],[8.51599,47.79299],[8.5152,47.79573],[8.51244,47.79703],[8.50963,47.79804],[8.50849,47.79654],[8.50583,47.79583],[8.50358,47.79579],[8.50292,47.79693],[8.49737,47.79647],[8.4919,47.7968],[8.49612,47.80091],[8.49799,47.8017],[8.50122,47.80258],[8.50306,47.80376],[8.50461,47.80396],[8.50795,47.80503],[8.50981,47.80903],[8.51325,47.81115],[8.51371,47.81301],[8.51241,47.81541],[8.51119,47.81661],[8.5096,47.81741],[8.50877,47.81854],[8.50828,47.82098],[8.50942,47.82346],[8.50877,47.82507],[8.50709,47.82644],[8.50651,47.82954],[8.50592,47.83033],[8.50362,47.82984],[8.50121,47.82849],[8.49715,47.82808],[8.4959,47.82896],[8.49603,47.82967],[8.49113,47.83032],[8.48892,47.83239],[8.48442,47.83106],[8.48393,47.83017],[8.47802,47.83023],[8.47611,47.83084],[8.47264,47.82934],[8.47036,47.83141],[8.47015,47.83408],[8.47026,47.83772],[8.47213,47.84],[8.47331,47.84224],[8.47207,47.84672],[8.46894,47.84648],[8.46259,47.85035],[8.45395,47.85272],[8.45109,47.85407],[8.44372,47.85657],[8.44184,47.85582],[8.43903,47.85364],[8.43747,47.85502],[8.43761,47.8569],[8.43536,47.85905],[8.43402,47.85983],[8.43626,47.86128],[8.43786,47.86176],[8.4387,47.8638],[8.43973,47.86522],[8.43882,47.86582],[8.43686,47.86557],[8.43608,47.8672],[8.43765,47.86832],[8.43758,47.86991],[8.43897,47.87048],[8.43795,47.87144],[8.43735,47.87412],[8.4394,47.87494],[8.43844,47.87588],[8.43892,47.87701],[8.43468,47.87712],[8.43504,47.8786],[8.43202,47.87942],[8.42915,47.88073],[8.42739,47.88039],[8.42573,47.8808],[8.42372,47.88186],[8.42202,47.8832],[8.42129,47.88495],[8.42222,47.88638],[8.41987,47.88761],[8.41924,47.88866],[8.42184,47.88924],[8.42194,47.88999],[8.41957,47.89109],[8.41726,47.89322],[8.41538,47.89418],[8.41294,47.8945],[8.40692,47.89478],[8.40555,47.89525],[8.40525,47.8965],[8.40806,47.89765],[8.40998,47.89791],[8.4121,47.89927],[8.41258,47.9011],[8.41138,47.9033],[8.40827,47.90511],[8.40519,47.90553],[8.40239,47.90536],[8.40011,47.90568],[8.39736,47.90756],[8.39688,47.9091],[8.39014,47.9119],[8.38757,47.91246],[8.38353,47.91227],[8.38463,47.91318],[8.38019,47.91374],[8.37828,47.91527],[8.3804,47.91623],[8.37602,47.91755],[8.37103,47.91955],[8.36948,47.92085],[8.37052,47.92171],[8.36473,47.92176],[8.36259,47.92275],[8.36198,47.92381],[8.35615,47.92594],[8.35848,47.92853],[8.35668,47.92943],[8.35235,47.93052],[8.34983,47.9319],[8.34907,47.93362],[8.34626,47.93572],[8.3442,47.93599],[8.34206,47.9373],[8.3393,47.93774],[8.33863,47.93868],[8.33699,47.9392],[8.33587,47.93892],[8.32814,47.94043],[8.3223,47.94123],[8.31768,47.94349],[8.31448,47.94352],[8.31449,47.94599],[8.31643,47.94649],[8.31615,47.95021],[8.31406,47.95187],[8.31013,47.95104],[8.30774,47.95084],[8.30274,47.94981],[8.30096,47.95209],[8.2918,47.95196],[8.28213,47.95087],[8.27575,47.95224],[8.27294,47.95186],[8.26987,47.95305],[8.27129,47.95357],[8.27391,47.95695],[8.27491,47.95874],[8.27688,47.9596],[8.28105,47.95845],[8.28774,47.96112],[8.29078,47.96095],[8.29327,47.95827],[8.29568,47.95869],[8.29393,47.96277],[8.29628,47.96291],[8.30048,47.96668],[8.30247,47.96672],[8.30698,47.96571],[8.30595,47.97066],[8.30918,47.97021],[8.31306,47.97002],[8.31457,47.97039],[8.31622,47.97282],[8.31606,47.97432],[8.31434,47.97675],[8.32014,47.97868],[8.32141,47.98423],[8.3207,47.98555],[8.31967,47.98867],[8.31408,47.99223],[8.31022,47.99298],[8.30805,47.99305],[8.3032,47.99208],[8.30211,47.99124],[8.29929,47.99151],[8.29688,47.9905],[8.29474,47.98852],[8.28863,47.98722],[8.28237,47.98702],[8.27814,47.98893],[8.27204,47.99142],[8.27039,47.99332],[8.26785,47.99283],[8.26547,47.99275],[8.26015,47.99161],[8.25673,47.9921],[8.25451,47.99185],[8.25339,47.99297],[8.2531,47.99464],[8.24846,47.99619],[8.2395,47.99322],[8.23515,47.99423],[8.23118,47.99607],[8.22944,47.99614],[8.2248,47.99754],[8.22068,47.99743],[8.21866,47.99664],[8.21563,47.99344],[8.21565,47.99173],[8.21442,47.98903],[8.21193,47.98907],[8.21008,47.98778],[8.20614,47.98692],[8.20315,47.98493],[8.20147,47.9842],[8.19921,47.98382],[8.19653,47.98377],[8.1959,47.985],[8.19397,47.98674],[8.19429,47.98993],[8.19196,47.9932],[8.19101,47.99366],[8.18375,47.99258],[8.18081,47.99234],[8.17767,47.99251],[8.17417,47.99499],[8.17124,47.9947],[8.1663,47.99349],[8.16458,47.99233],[8.16153,47.99383],[8.16119,47.99642],[8.16362,47.9982],[8.16183,47.99947],[8.15848,48.00025],[8.15629,48.00143],[8.14861,48.00109],[8.14747,48.0014],[8.14645,48.00266],[8.14468,48.00346],[8.14171,48.0079],[8.13917,48.00873],[8.13604,48.00932],[8.13311,48.01284],[8.13435,48.01458],[8.13179,48.01465],[8.12741,48.01529],[8.12624,48.0163],[8.12569,48.01771],[8.12397,48.01974],[8.12524,48.02174],[8.12388,48.02239],[8.12259,48.0242],[8.11958,48.0257],[8.11679,48.02577],[8.11507,48.02639],[8.11453,48.02885],[8.11733,48.0302],[8.11735,48.03355],[8.11589,48.03585],[8.11987,48.03772],[8.12587,48.04019],[8.1287,48.04097],[8.12544,48.04269],[8.12422,48.04543],[8.12424,48.04786],[8.12528,48.05234],[8.12206,48.05346],[8.11874,48.05526],[8.11414,48.05588],[8.11191,48.05736],[8.11295,48.05832],[8.11165,48.06034],[8.10959,48.06237],[8.10988,48.06364],[8.11124,48.06457],[8.11512,48.0655],[8.11755,48.06667],[8.11767,48.06829],[8.12195,48.07025],[8.12238,48.07188],[8.12562,48.07152],[8.1279,48.07311],[8.13071,48.07369],[8.13377,48.07353],[8.13811,48.07175],[8.14038,48.07201],[8.14344,48.07063],[8.14599,48.06841],[8.14819,48.0673],[8.15054,48.06777],[8.15279,48.06777],[8.15401,48.0695],[8.15751,48.06895],[8.16064,48.06949],[8.16244,48.07257],[8.16456,48.07436],[8.16678,48.07564],[8.16506,48.07743],[8.16128,48.0793],[8.15899,48.07726],[8.156,48.07761],[8.15648,48.07912],[8.15415,48.07882],[8.1523,48.08039],[8.14539,48.08538],[8.14798,48.08566],[8.14632,48.08736],[8.14875,48.08826],[8.14833,48.08919],[8.15011,48.09275],[8.15115,48.09329],[8.14954,48.09442],[8.15205,48.09488],[8.15181,48.09722],[8.15366,48.09806],[8.15348,48.09963],[8.15039,48.1005],[8.14911,48.10267],[8.14947,48.10408],[8.14801,48.10405],[8.14492,48.10852],[8.14268,48.11037],[8.14319,48.11271],[8.14004,48.11499],[8.13627,48.11555],[8.13446,48.11712],[8.13269,48.11782],[8.13015,48.12102],[8.12903,48.12327],[8.12715,48.12561],[8.12835,48.12955],[8.12743,48.13088],[8.12537,48.13169],[8.12589,48.13332],[8.12883,48.1355],[8.13244,48.13566],[8.13489,48.13641],[8.13807,48.13889],[8.14207,48.14047],[8.14224,48.14341],[8.14099,48.14559],[8.14037,48.148],[8.13909,48.14959],[8.14013,48.15284],[8.13989,48.15505],[8.13637,48.15731],[8.13483,48.1586],[8.13603,48.16169],[8.1363,48.16386],[8.13984,48.16432],[8.14363,48.16593],[8.1484,48.1685],[8.15146,48.17129],[8.1546,48.17331],[8.16234,48.17373],[8.16727,48.17441],[8.1685,48.17519],[8.17176,48.1801],[8.17694,48.18203],[8.18033,48.18392],[8.18608,48.18285],[8.1892,48.17958],[8.19194,48.17772],[8.19466,48.17992],[8.19573,48.17753],[8.19819,48.17657],[8.19755,48.17463],[8.19898,48.17402],[8.20378,48.17273],[8.20576,48.1725],[8.20695,48.17282],[8.20862,48.1703],[8.20814,48.16911],[8.20585,48.16832],[8.20616,48.1661],[8.20892,48.16504],[8.21056,48.16656],[8.21244,48.16688],[8.21395,48.16539],[8.21435,48.16326],[8.21307,48.1606],[8.21617,48.15917],[8.22593,48.15837],[8.23023,48.16109],[8.23214,48.16104],[8.2308,48.16377],[8.23206,48.16609],[8.23394,48.16702],[8.23157,48.16902],[8.23832,48.16915],[8.23926,48.17039],[8.23764,48.1725],[8.24009,48.17335],[8.24204,48.17344],[8.24264,48.17503],[8.24007,48.17447],[8.23913,48.17555],[8.23892,48.17778],[8.23657,48.17933],[8.23781,48.18033],[8.23988,48.18087],[8.24182,48.1806],[8.24348,48.18136],[8.24289,48.18354],[8.24138,48.18631],[8.24247,48.18695],[8.24476,48.18541],[8.24803,48.18418],[8.25215,48.18294],[8.25279,48.1821],[8.25643,48.18052],[8.26016,48.17773],[8.26378,48.1772],[8.26625,48.1759],[8.27223,48.17577],[8.2735,48.17442],[8.27709,48.1729],[8.28083,48.17191],[8.28273,48.17167],[8.28391,48.17397],[8.2869,48.17681],[8.29054,48.17983],[8.29314,48.18368],[8.2972,48.18323],[8.29911,48.18376],[8.30349,48.18628],[8.30756,48.18918],[8.30911,48.1906],[8.30994,48.19223],[8.31059,48.19604],[8.30914,48.19843],[8.30901,48.19985],[8.30997,48.20137],[8.31231,48.2037],[8.31295,48.20641],[8.31153,48.20909],[8.31221,48.21171],[8.31185,48.2136],[8.30962,48.21422],[8.3045,48.21509],[8.29834,48.21772],[8.30077,48.2201],[8.29983,48.22208],[8.29638,48.22141],[8.29578,48.22462],[8.29288,48.22445],[8.2923,48.22593],[8.295,48.22711],[8.29427,48.23173],[8.29485,48.23391],[8.29639,48.23635],[8.30086,48.2409],[8.29885,48.24199],[8.29463,48.24289],[8.29117,48.24323],[8.28919,48.24686],[8.28719,48.24766],[8.28952,48.24986],[8.29168,48.25315],[8.29359,48.25458],[8.29752,48.25859],[8.29344,48.25917],[8.29041,48.25984],[8.28679,48.26145],[8.28936,48.26226],[8.29123,48.26588],[8.29143,48.26772],[8.28964,48.27082],[8.28823,48.27166],[8.28758,48.27306],[8.28807,48.27524],[8.28688,48.2772],[8.28723,48.28067],[8.28699,48.28335],[8.28429,48.2819],[8.28248,48.28054],[8.28124,48.28078],[8.27936,48.28364],[8.27731,48.28522],[8.27683,48.28713],[8.2788,48.29021],[8.28151,48.28902],[8.28433,48.28896],[8.28556,48.28931],[8.28681,48.2907],[8.28847,48.29111],[8.29001,48.29095],[8.29245,48.28919],[8.29368,48.28943],[8.2954,48.29056],[8.29819,48.29164],[8.30207,48.29234],[8.30425,48.29356],[8.30589,48.29401],[8.30904,48.29383],[8.31323,48.29296],[8.32262,48.29193],[8.32462,48.29655],[8.323,48.29819],[8.32279,48.29927],[8.32658,48.29901],[8.32981,48.29963],[8.32936,48.30072],[8.32941,48.3026],[8.32669,48.30577],[8.32512,48.30868],[8.32568,48.30983],[8.32394,48.3112],[8.32384,48.31351],[8.32329,48.31455],[8.32348,48.31591],[8.32283,48.31766],[8.32355,48.31831],[8.32321,48.32116],[8.32241,48.32307],[8.32322,48.32571],[8.32321,48.3269],[8.32232,48.32845],[8.32209,48.33037],[8.31938,48.33356],[8.31751,48.33699],[8.31356,48.33987],[8.30885,48.34142],[8.30696,48.34315],[8.30797,48.3446],[8.30794,48.34646],[8.30399,48.34909],[8.29991,48.34904],[8.29924,48.34877],[8.29736,48.35138],[8.29294,48.35573],[8.2914,48.3577],[8.28757,48.35827],[8.28443,48.36041],[8.27511,48.36285],[8.27215,48.36077],[8.26901,48.35922],[8.26712,48.36157],[8.26789,48.36202],[8.26636,48.36419],[8.26449,48.36516],[8.26163,48.3658],[8.26021,48.36675],[8.25919,48.36578],[8.25604,48.36429],[8.25412,48.36231],[8.25138,48.36484],[8.25253,48.36791],[8.25337,48.36918],[8.25176,48.36957],[8.25489,48.37142],[8.25929,48.37591],[8.26111,48.3759],[8.26401,48.37928],[8.26095,48.37978],[8.2598,48.3805],[8.25854,48.37994],[8.25515,48.38035],[8.25519,48.38211],[8.25302,48.38299],[8.25079,48.38244],[8.25029,48.38411],[8.2475,48.38534],[8.24789,48.38706],[8.24657,48.38917],[8.24743,48.39072],[8.24715,48.3925],[8.24764,48.39514],[8.24414,48.39649],[8.24134,48.39674],[8.23574,48.40006],[8.23302,48.40119],[8.23424,48.40309],[8.24135,48.40581],[8.24112,48.41136],[8.24352,48.41226],[8.24624,48.41384],[8.25216,48.41317],[8.25463,48.41393],[8.25518,48.41834],[8.25808,48.42118],[8.2597,48.42318],[8.25917,48.42417],[8.25733,48.42566],[8.25529,48.4258],[8.25404,48.42842],[8.25452,48.43159],[8.25398,48.43395],[8.25596,48.43456],[8.25809,48.43373],[8.26102,48.43342],[8.26386,48.43516],[8.26463,48.43718],[8.26319,48.43997],[8.26554,48.44372],[8.2677,48.44643],[8.26877,48.44897],[8.26628,48.45291],[8.26659,48.45569],[8.26468,48.45663],[8.26474,48.45832],[8.26416,48.46286],[8.26585,48.46347],[8.26826,48.47041],[8.26699,48.47296],[8.26928,48.47421],[8.2678,48.47711],[8.26973,48.4784],[8.27378,48.47687],[8.27544,48.47786],[8.27244,48.4816],[8.27129,48.48659],[8.26892,48.4882],[8.26675,48.49064],[8.26171,48.49195],[8.25766,48.49319],[8.25545,48.49355],[8.24965,48.4924],[8.24667,48.49249],[8.24356,48.49392],[8.24137,48.49219],[8.24011,48.49323],[8.23984,48.49434],[8.23521,48.49576],[8.23426,48.49738],[8.23082,48.4979],[8.22835,48.49776],[8.22664,48.49976],[8.22245,48.50306],[8.22123,48.50531],[8.21883,48.50795],[8.21858,48.51121],[8.22078,48.51226],[8.22236,48.51437],[8.22039,48.51864],[8.21935,48.51973],[8.21336,48.5218],[8.21104,48.52193],[8.21252,48.52316],[8.21377,48.52781],[8.2132,48.52894],[8.21535,48.53302],[8.2153,48.53505],[8.2166,48.53593],[8.21868,48.53659],[8.22009,48.53783],[8.21944,48.53882],[8.21667,48.53986],[8.21467,48.54222],[8.21469,48.54421],[8.21521,48.54758],[8.21434,48.54924],[8.21815,48.55149],[8.21586,48.55234],[8.21435,48.55367],[8.21311,48.55572],[8.21268,48.55828],[8.21575,48.5585],[8.21988,48.55911],[8.22209,48.55971],[8.22427,48.56225],[8.22853,48.56435],[8.22872,48.56706],[8.22943,48.56904],[8.23265,48.57032],[8.23512,48.57169],[8.23573,48.57375],[8.23683,48.57603],[8.23692,48.57783],[8.2358,48.58025],[8.22839,48.58009],[8.22752,48.58277],[8.22387,48.58446],[8.22079,48.58631],[8.22014,48.58722],[8.22004,48.59309],[8.21921,48.59578],[8.21707,48.59777],[8.21317,48.59844],[8.20931,48.59999],[8.2075,48.6018],[8.20705,48.60286],[8.20958,48.60466],[8.21637,48.60552],[8.22201,48.60323],[8.22403,48.60206],[8.22797,48.60254],[8.23186,48.6023],[8.23676,48.60111],[8.24415,48.59844],[8.25365,48.59275],[8.25544,48.59215],[8.25705,48.59063],[8.25885,48.58972],[8.26175,48.58916],[8.2639,48.58927],[8.266,48.58874],[8.26888,48.58854],[8.2713,48.58904],[8.27556,48.58915],[8.27886,48.5886],[8.28368,48.58734],[8.29149,48.58669],[8.29354,48.5874],[8.2984,48.58782],[8.30045,48.58762],[8.30227,48.58837],[8.30632,48.5883],[8.30962,48.58965],[8.31249,48.58885],[8.31415,48.58896],[8.31536,48.59015],[8.31881,48.58864],[8.3209,48.58932],[8.32303,48.59182],[8.32438,48.59211],[8.33045,48.5921],[8.33361,48.59318],[8.33574,48.59468],[8.34123,48.59586],[8.34194,48.59728],[8.34634,48.59805],[8.35266,48.59863],[8.35386,48.59934],[8.35684,48.60003],[8.35832,48.60092],[8.35841,48.60291],[8.35439,48.60345],[8.35225,48.60423],[8.35237,48.60513],[8.35098,48.60713],[8.34927,48.60834],[8.34944,48.60957],[8.35172,48.60882],[8.35395,48.6098],[8.35938,48.60987],[8.3656,48.61124],[8.36439,48.61332],[8.36436,48.61515],[8.36918,48.61572],[8.37095,48.61696],[8.37377,48.61745],[8.37601,48.6174],[8.38283,48.61971],[8.3819,48.62044],[8.38173,48.62218],[8.3879,48.62526],[8.38654,48.62762],[8.38835,48.62848],[8.38631,48.63021],[8.38591,48.63215],[8.38669,48.63366],[8.38934,48.63669],[8.39262,48.63585],[8.40578,48.63893],[8.4144,48.64043],[8.41378,48.64219],[8.41598,48.6453],[8.41715,48.64633],[8.42223,48.64455],[8.42506,48.64471],[8.42997,48.64462],[8.43018,48.64593],[8.43133,48.64837],[8.43328,48.65],[8.43537,48.65108],[8.43615,48.65342],[8.43565,48.65586],[8.43337,48.657],[8.43026,48.6581],[8.43115,48.65905],[8.43073,48.66024],[8.43266,48.66064],[8.43795,48.66111],[8.44028,48.6596],[8.44375,48.658],[8.44513,48.65849],[8.44752,48.66205],[8.44771,48.66388],[8.44721,48.66484],[8.44541,48.66608],[8.44717,48.67351],[8.4481,48.67982],[8.44843,48.68525],[8.44692,48.68784],[8.44326,48.69258],[8.43928,48.69506],[8.44194,48.69672],[8.44815,48.69968],[8.44983,48.70002],[8.45291,48.69773],[8.45876,48.69752],[8.462,48.69834],[8.46457,48.69955],[8.46701,48.70035],[8.4644,48.7024],[8.46233,48.70471],[8.46025,48.70636],[8.45909,48.71184],[8.45827,48.71713],[8.46039,48.71897],[8.46208,48.71933],[8.47175,48.71966],[8.47341,48.72198],[8.47586,48.72443],[8.47588,48.72911],[8.4749,48.73415],[8.47361,48.73523],[8.47634,48.73667],[8.47815,48.7381],[8.47982,48.74066],[8.48023,48.74319],[8.48251,48.74625],[8.48383,48.75051],[8.48394,48.75349],[8.48514,48.7545],[8.48456,48.7567],[8.48159,48.7575],[8.48015,48.75925],[8.47715,48.76153],[8.47512,48.76241],[8.47129,48.76239],[8.46948,48.76266],[8.46515,48.76431],[8.46241,48.76409],[8.45956,48.76306],[8.45848,48.76156],[8.45679,48.76019],[8.45298,48.75987],[8.44871,48.75979],[8.44645,48.75931],[8.44472,48.75856],[8.44293,48.75712],[8.4428,48.75253],[8.43994,48.75127],[8.43549,48.74842],[8.42877,48.74584],[8.42229,48.7436],[8.42152,48.74514],[8.42124,48.75141],[8.42062,48.7528],[8.42085,48.75443],[8.42193,48.75548],[8.4258,48.7569],[8.42662,48.75791],[8.42831,48.75886],[8.42901,48.7607],[8.42999,48.76197],[8.43004,48.76497],[8.43135,48.76763],[8.43353,48.77032],[8.43188,48.77252],[8.43339,48.77449],[8.43194,48.77601],[8.43187,48.77766],[8.42805,48.77928],[8.42723,48.78117],[8.42564,48.78258],[8.42597,48.78463],[8.42485,48.78605],[8.42429,48.78818],[8.42581,48.79173],[8.42238,48.79167],[8.41933,48.79287],[8.41566,48.79283],[8.41127,48.79482],[8.40772,48.79861],[8.40486,48.80015],[8.4032,48.80062],[8.39967,48.80265],[8.39682,48.80267],[8.39476,48.80349],[8.39046,48.80385],[8.39267,48.80523],[8.39487,48.80602],[8.39626,48.8105],[8.40019,48.80956],[8.4076,48.80881],[8.40847,48.80886],[8.40906,48.81093],[8.40871,48.81214],[8.40411,48.81618],[8.40354,48.8192],[8.40417,48.82228],[8.40156,48.82316],[8.39545,48.82428],[8.3897,48.82495],[8.38724,48.82728],[8.38474,48.82904],[8.38251,48.83012],[8.37937,48.83092],[8.38079,48.83302],[8.38238,48.83308],[8.38774,48.83455],[8.39034,48.83347],[8.39245,48.83523],[8.39582,48.83206],[8.4019,48.83112],[8.40389,48.83045],[8.40854,48.83037],[8.40829,48.83176],[8.41034,48.83156],[8.41152,48.83013],[8.41711,48.83073],[8.41662,48.83537],[8.41859,48.8331],[8.42036,48.82919],[8.42129,48.82816],[8.42385,48.82633],[8.42483,48.82686],[8.43052,48.82232],[8.43472,48.81932],[8.43242,48.81505],[8.43422,48.81421],[8.43834,48.81307],[8.44156,48.81365],[8.44236,48.81859],[8.44424,48.81982],[8.44688,48.82095],[8.45168,48.82036],[8.45806,48.82257],[8.46328,48.82168],[8.46884,48.82202],[8.47234,48.8207],[8.47574,48.82005],[8.47733,48.81872],[8.48066,48.81853],[8.48239,48.8196],[8.48467,48.82004],[8.48977,48.81966],[8.49357,48.82018],[8.48922,48.82267],[8.48408,48.82393],[8.48172,48.82548],[8.47893,48.82797],[8.47665,48.83069],[8.47509,48.83357],[8.47476,48.83548],[8.4749,48.83834],[8.47538,48.84023],[8.47256,48.84179],[8.46886,48.8445],[8.46753,48.8452],[8.47039,48.84635],[8.47694,48.84818],[8.48644,48.84859],[8.49072,48.85097],[8.49165,48.85254],[8.49308,48.85382],[8.49492,48.85479],[8.49692,48.85533],[8.50188,48.85838],[8.50585,48.85831],[8.50936,48.86035],[8.51077,48.86166],[8.51723,48.86563],[8.51987,48.86856],[8.51979,48.8691],[8.52211,48.8745],[8.52382,48.87692],[8.52638,48.87966],[8.52235,48.88103],[8.51914,48.8838],[8.51771,48.88589],[8.51618,48.8874],[8.51767,48.88794],[8.51763,48.89203],[8.51661,48.89492],[8.5174,48.89662],[8.51809,48.89963],[8.51929,48.89923],[8.52028,48.90039],[8.52226,48.90089],[8.52326,48.89978],[8.52495,48.9022],[8.52824,48.90288],[8.53006,48.90429],[8.53265,48.90522],[8.53392,48.90351],[8.53976,48.90891],[8.54129,48.90986],[8.54097,48.91097],[8.54372,48.91394],[8.54226,48.91418],[8.54464,48.91729],[8.54342,48.91853],[8.54744,48.91841],[8.54857,48.92014],[8.55273,48.92008],[8.55388,48.92033],[8.55358,48.92226],[8.55422,48.92681],[8.55407,48.92777],[8.54726,48.92757],[8.54232,48.92694],[8.53587,48.92695],[8.53516,48.92927],[8.54084,48.93138],[8.54122,48.93455],[8.54186,48.93552],[8.5402,48.93856],[8.53871,48.94029],[8.5396,48.94281],[8.53643,48.94409],[8.53732,48.94844],[8.53815,48.95057],[8.53984,48.95339],[8.54269,48.95229],[8.54502,48.95547],[8.54913,48.95321],[8.55157,48.9559],[8.55457,48.95819],[8.55417,48.9606],[8.55637,48.96242],[8.55922,48.96386],[8.55966,48.96485],[8.55934,48.96653],[8.56027,48.96733],[8.55901,48.96882],[8.55724,48.97017],[8.55856,48.97129],[8.56061,48.97218],[8.56283,48.97469],[8.56508,48.97477],[8.56768,48.97567],[8.56973,48.97736],[8.56874,48.97875],[8.56952,48.98126],[8.57173,48.98103],[8.57316,48.98258],[8.5727,48.98536],[8.57455,48.98824],[8.57686,48.98969],[8.57807,48.98908],[8.57971,48.98974],[8.586,48.98875],[8.58913,48.987],[8.59618,48.98635],[8.59605,48.98563],[8.60172,48.98554],[8.6043,48.98609],[8.60602,48.98719],[8.60717,48.98844],[8.61461,48.992],[8.6165,48.99249],[8.62526,48.99353],[8.62732,48.99347],[8.62976,48.99262],[8.63335,48.99205],[8.63497,48.99045],[8.63927,48.98957],[8.64164,48.98951],[8.64784,48.99021],[8.64755,48.99252],[8.64761,49.00235],[8.64865,49.00232],[8.64961,49.00364],[8.65172,49.00366],[8.65351,49.00321],[8.65398,49.00436],[8.65856,49.0069],[8.66074,49.00759],[8.66533,49.00221],[8.66705,48.99728],[8.66809,48.99593],[8.6719,48.99336],[8.67603,48.993],[8.68232,48.99471],[8.68347,48.99238],[8.6871,48.99259],[8.69193,48.99412],[8.69552,48.99449],[8.69569,48.99512],[8.69839,48.99606],[8.70131,48.99626],[8.70353,48.99563],[8.70438,48.99353],[8.70698,48.99421],[8.70899,48.99213],[8.71049,48.9891],[8.7126,48.98862],[8.71461,48.989],[8.71699,48.98994],[8.72001,48.99062],[8.72365,48.99016],[8.72342,48.99154],[8.72676,48.99304],[8.73459,48.9947],[8.73258,48.99661],[8.73101,48.99717],[8.73291,48.99875],[8.73567,48.99999],[8.73687,49.00138],[8.73907,49.0018],[8.73805,49.00336],[8.73672,49.00407],[8.73455,49.00651],[8.73638,49.00699],[8.73578,49.01143],[8.73388,49.01409],[8.72975,49.01624],[8.73068,49.01902],[8.73224,49.01854],[8.73278,49.01936],[8.73274,49.02176],[8.73348,49.0225],[8.73296,49.02546],[8.73332,49.02671],[8.73265,49.02726],[8.7341,49.02822],[8.74153,49.03018],[8.74451,49.03192],[8.74359,49.03261],[8.74461,49.03336],[8.7447,49.0347],[8.74391,49.037],[8.74896,49.03951],[8.7514,49.04205],[8.75504,49.04512],[8.75851,49.04502],[8.75917,49.04631],[8.76102,49.04602],[8.76038,49.0446],[8.75966,49.04104],[8.76437,49.0408],[8.76802,49.04202],[8.77206,49.04256],[8.7711,49.04078],[8.77689,49.04228],[8.77741,49.04417],[8.77889,49.04595],[8.78101,49.04544],[8.78437,49.04623],[8.78632,49.04505],[8.79005,49.04554],[8.79315,49.04519],[8.79672,49.04541],[8.79824,49.04468],[8.80063,49.0444],[8.80369,49.04334],[8.80541,49.04225],[8.80611,49.04101],[8.80765,49.04006],[8.80199,49.03805],[8.80311,49.03638],[8.80842,49.03499],[8.81259,49.03346],[8.81563,49.03461],[8.81996,49.03679],[8.82249,49.03749],[8.82446,49.03725],[8.82748,49.03601],[8.8295,49.03627],[8.83255,49.03733],[8.83883,49.03817],[8.83633,49.04024],[8.83569,49.04207],[8.83663,49.04338],[8.83634,49.04502],[8.83423,49.04627],[8.83523,49.0499],[8.83738,49.05087],[8.83894,49.05223],[8.84019,49.05521],[8.83975,49.05703],[8.84187,49.05884],[8.84161,49.0599],[8.84045,49.0605],[8.83621,49.0608],[8.83559,49.06217],[8.83986,49.06219],[8.84838,49.06192],[8.85389,49.06212],[8.85954,49.0615],[8.86747,49.06133],[8.87335,49.05982],[8.87556,49.05981],[8.87712,49.05932],[8.87779,49.05848],[8.88003,49.06037],[8.87861,49.06071],[8.87791,49.06166],[8.8794,49.06416],[8.87672,49.06809],[8.87631,49.06956],[8.87289,49.06951],[8.86831,49.07025],[8.86432,49.07157],[8.86896,49.07244],[8.87485,49.07491],[8.8748,49.07638],[8.87115,49.07694],[8.86743,49.07664],[8.86716,49.07718],[8.86922,49.07798],[8.87197,49.07863],[8.8787,49.07919],[8.87914,49.08002],[8.88381,49.08089],[8.8911,49.08126],[8.89146,49.08269],[8.89329,49.08458],[8.89248,49.08735],[8.8924,49.08967],[8.89312,49.09106],[8.89197,49.09198],[8.89194,49.09453],[8.89061,49.09461],[8.89061,49.09586],[8.89416,49.0954],[8.89417,49.09786],[8.89187,49.09947],[8.89196,49.10135],[8.89117,49.10211],[8.89093,49.10505],[8.89013,49.1072],[8.8912,49.10738],[8.89033,49.10882],[8.89174,49.10967],[8.89064,49.11048],[8.89153,49.11148],[8.88981,49.11519],[8.88749,49.11734],[8.8855,49.11724],[8.8847,49.1167],[8.88294,49.11751],[8.88176,49.11914],[8.87996,49.11766],[8.87763,49.1185],[8.87753,49.11978],[8.87643,49.12403],[8.87398,49.12352],[8.87346,49.1254],[8.87478,49.12743],[8.87359,49.12778],[8.87447,49.1289],[8.8697,49.13198],[8.86173,49.12999],[8.85932,49.1261],[8.85706,49.12589],[8.84731,49.12683],[8.84163,49.12708],[8.8375,49.12704],[8.82851,49.12549],[8.82643,49.12659],[8.82595,49.12755],[8.8281,49.12882],[8.83126,49.12951],[8.8269,49.13266],[8.82753,49.13516],[8.83124,49.13881],[8.83106,49.13978],[8.83781,49.13991],[8.83745,49.14605],[8.83557,49.14855],[8.83912,49.14984],[8.84216,49.15022],[8.8328,49.1561],[8.83339,49.15662],[8.83082,49.1596],[8.83227,49.16089],[8.83287,49.16234],[8.82794,49.16153],[8.82578,49.16059],[8.82357,49.15901],[8.82227,49.15695],[8.81769,49.15779],[8.81606,49.16159],[8.81724,49.16466],[8.81616,49.16531],[8.81758,49.16786],[8.82002,49.16853],[8.82028,49.17011],[8.81877,49.1721],[8.81941,49.17423],[8.82029,49.17552],[8.82357,49.17694],[8.82408,49.17793],[8.82096,49.17852],[8.82129,49.1791],[8.82395,49.17928],[8.82343,49.18416],[8.82535,49.1859],[8.8259,49.18793],[8.82531,49.19067],[8.82455,49.19133],[8.82228,49.19171],[8.82001,49.19385],[8.81823,49.1945],[8.8214,49.19488],[8.82405,49.19418],[8.82469,49.19354],[8.82845,49.19282],[8.83022,49.19209],[8.83195,49.19077],[8.83317,49.18807],[8.83692,49.18809],[8.83933,49.18746],[8.84155,49.18635],[8.84265,49.18463],[8.84749,49.18204],[8.8496,49.18139],[8.85561,49.17782],[8.85728,49.17747],[8.86085,49.17604],[8.8635,49.17445],[8.86531,49.17559],[8.8671,49.17439],[8.87001,49.17589],[8.87285,49.17439],[8.87336,49.17509],[8.87797,49.17838],[8.87611,49.17913],[8.88284,49.17943],[8.88753,49.18074],[8.89609,49.18203],[8.89353,49.18578],[8.89276,49.18803],[8.89268,49.19055],[8.89375,49.19372],[8.89151,49.19453],[8.88999,49.19572],[8.88797,49.19663],[8.88815,49.19861],[8.8861,49.2005],[8.88654,49.20246],[8.89013,49.2022],[8.89677,49.20273],[8.90135,49.20377],[8.90755,49.20578],[8.91366,49.20526],[8.92025,49.20733],[8.92276,49.20743],[8.92644,49.20845],[8.92791,49.2074],[8.93178,49.20927],[8.94075,49.21098],[8.95263,49.21262],[8.95725,49.21306],[8.95876,49.21394],[8.96091,49.21626],[8.96253,49.21732],[8.95935,49.22011],[8.95955,49.22066],[8.96293,49.2207],[8.96464,49.2264],[8.96543,49.22788],[8.96911,49.22738],[8.97006,49.22693],[8.97246,49.22723],[8.97247,49.22851],[8.9739,49.22899],[8.97493,49.22847],[8.97702,49.22884],[8.98117,49.23148],[8.9842,49.23216],[8.98464,49.23471],[8.98571,49.2348],[8.98598,49.23621],[8.98848,49.23648],[8.98792,49.2374],[8.99038,49.23788],[8.98911,49.24062],[9.0042,49.24143],[9.00559,49.24202],[9.00756,49.2462],[9.01066,49.24913],[9.00916,49.25102],[9.00303,49.24997],[9.00128,49.25206],[8.99768,49.25366],[9.00081,49.25555],[9.00271,49.2586],[9.00242,49.25983],[8.99879,49.26267],[8.99758,49.26518],[9.00126,49.26526],[9.00273,49.26461],[9.00636,49.26187],[9.00977,49.26111],[9.01513,49.25533],[9.01828,49.25649],[9.02058,49.25672],[9.02163,49.25912],[9.01783,49.25937],[9.01533,49.26162],[9.01683,49.26239],[9.01896,49.26566],[9.0216,49.26558],[9.03168,49.26942],[9.03247,49.27058],[9.03201,49.27152],[9.03446,49.27406],[9.03655,49.27445],[9.03621,49.27618],[9.03716,49.27695],[9.04046,49.278],[9.0422,49.27816],[9.04175,49.28252],[9.03672,49.28429],[9.0375,49.28587],[9.03424,49.28651],[9.03307,49.28607],[9.03132,49.28648],[9.03102,49.28453],[9.0273,49.28508],[9.02742,49.2879],[9.02832,49.29043],[9.02709,49.29193],[9.02597,49.29158],[9.02448,49.29327],[9.02302,49.2906],[9.02253,49.29345],[9.0211,49.29494],[9.02155,49.2986],[9.0246,49.29905],[9.0278,49.2971],[9.02822,49.29638],[9.0339,49.29595],[9.03547,49.29513],[9.04133,49.29457],[9.04913,49.29286],[9.04999,49.29213],[9.04855,49.29016],[9.0502,49.28649],[9.05447,49.28484],[9.05619,49.28446],[9.06285,49.28444],[9.06566,49.28273],[9.06822,49.28003],[9.0687,49.27897],[9.07154,49.27823],[9.07441,49.27877],[9.07825,49.27886],[9.08381,49.2799],[9.0901,49.27954],[9.0943,49.27954],[9.09571,49.27897],[9.09851,49.27964],[9.1073,49.27909],[9.10934,49.27837],[9.11439,49.27794],[9.11694,49.27642],[9.11584,49.27529],[9.11505,49.27237],[9.12089,49.27171],[9.12652,49.27281],[9.13201,49.2728],[9.14824,49.27422],[9.15075,49.274],[9.15434,49.27959],[9.15475,49.28275],[9.15444,49.28415],[9.15303,49.28518],[9.15132,49.28566],[9.14571,49.28653],[9.1428,49.28681],[9.13727,49.28651],[9.13469,49.28752],[9.13276,49.289],[9.13119,49.29081],[9.13091,49.29223],[9.13125,49.29417],[9.1322,49.29542],[9.13379,49.29616],[9.13563,49.29629],[9.13736,49.29592],[9.14309,49.29277],[9.14568,49.29254],[9.14853,49.29371],[9.15148,49.29647],[9.15673,49.29504],[9.15825,49.2975],[9.15874,49.29961],[9.15873,49.30179],[9.15816,49.30428],[9.15616,49.30855],[9.15488,49.30986],[9.15542,49.31123],[9.15731,49.31216],[9.15918,49.32354],[9.16177,49.323],[9.1621,49.32891],[9.16834,49.32642],[9.17343,49.3235],[9.17671,49.32418],[9.1829,49.32579],[9.18441,49.32541],[9.1871,49.32575],[9.19149,49.32724],[9.1928,49.32746],[9.19788,49.32688],[9.19924,49.32576],[9.20578,49.324],[9.20823,49.32058],[9.21022,49.31624],[9.21126,49.31482],[9.21541,49.31375],[9.21735,49.31289],[9.21777,49.31164],[9.21992,49.3108],[9.22077,49.30773],[9.2261,49.30886],[9.2251,49.31008],[9.22498,49.31166],[9.23085,49.31003],[9.2336,49.30595],[9.24019,49.30231],[9.24105,49.30098],[9.24103,49.29864],[9.24185,49.29732],[9.24354,49.29793],[9.24498,49.29944],[9.24721,49.29957],[9.24833,49.29901],[9.2519,49.29802],[9.2508,49.30175],[9.25345,49.30243],[9.25798,49.30322],[9.25791,49.30435],[9.26192,49.30621],[9.26033,49.30801],[9.26106,49.31295],[9.26187,49.3139],[9.2637,49.31439],[9.26254,49.31859],[9.2679,49.3274],[9.26918,49.32844],[9.26913,49.33032],[9.27044,49.33096],[9.27281,49.33],[9.27789,49.33026],[9.28062,49.33002],[9.28746,49.32993],[9.28864,49.3324],[9.28886,49.33521],[9.29221,49.33969],[9.29338,49.34187],[9.29297,49.34432],[9.29467,49.34754],[9.29614,49.34839],[9.30113,49.35026],[9.30336,49.35166],[9.30533,49.35246],[9.30664,49.35365],[9.31188,49.35602],[9.31533,49.35708],[9.31399,49.35897],[9.31189,49.36052],[9.3107,49.36196],[9.31025,49.36379],[9.31004,49.37063],[9.30902,49.37164],[9.30952,49.37312],[9.3097,49.37563],[9.31034,49.37717],[9.31203,49.37888],[9.31381,49.38001],[9.31599,49.38091],[9.31746,49.38424],[9.31997,49.38448],[9.32042,49.38545],[9.32417,49.38532],[9.32843,49.38754],[9.33029,49.3879],[9.33281,49.38746],[9.33513,49.38524],[9.33719,49.38522],[9.33869,49.3847],[9.34001,49.38333],[9.34357,49.38083],[9.34412,49.37918],[9.34733,49.37639],[9.35102,49.37472],[9.3543,49.37287],[9.35567,49.37035],[9.35403,49.36971],[9.35386,49.36761],[9.35524,49.36644],[9.35803,49.3684],[9.36047,49.36645],[9.3674,49.3671],[9.3703,49.36645],[9.3714,49.36529],[9.37316,49.36483],[9.37505,49.36331],[9.37788,49.36323],[9.3846,49.36556],[9.38681,49.36588],[9.39548,49.36545],[9.39839,49.36569],[9.39888,49.36644],[9.40576,49.36498],[9.40488,49.36417],[9.40882,49.36178],[9.41158,49.3615],[9.41287,49.36008],[9.41573,49.35908],[9.41755,49.36038],[9.42108,49.35766],[9.42309,49.35897],[9.42498,49.35889],[9.42693,49.35706],[9.43397,49.36089],[9.44049,49.36371],[9.44349,49.36434],[9.44321,49.367],[9.44047,49.36626],[9.44015,49.36713],[9.445,49.36921],[9.44255,49.3726],[9.45084,49.3766],[9.44936,49.38014],[9.44686,49.38116],[9.445,49.38303],[9.44669,49.38388],[9.44585,49.38622],[9.44571,49.38834],[9.44627,49.39066],[9.45091,49.39289],[9.45311,49.39345],[9.45545,49.39359],[9.45828,49.3933],[9.46001,49.394],[9.46468,49.39695],[9.46672,49.39445],[9.46818,49.39322],[9.47145,49.3923],[9.47076,49.39011],[9.47052,49.38743],[9.47422,49.38789],[9.47546,49.38515],[9.47757,49.38524],[9.48239,49.38392],[9.48413,49.38422],[9.48589,49.38376],[9.48692,49.38285],[9.48925,49.38201],[9.49736,49.38081],[9.49988,49.38059],[9.50031,49.37907],[9.50208,49.37868],[9.50439,49.37884],[9.50317,49.37748],[9.50617,49.37662],[9.50759,49.37536],[9.51091,49.37564],[9.51299,49.37541],[9.51854,49.37896],[9.52008,49.381],[9.52529,49.38058],[9.52699,49.38084],[9.52837,49.38182],[9.53257,49.38166],[9.53614,49.37985],[9.54074,49.37968],[9.54447,49.37783],[9.55012,49.37694],[9.55472,49.37696],[9.55657,49.37741],[9.55947,49.37656],[9.56192,49.37773],[9.56427,49.37814],[9.56626,49.37607],[9.56873,49.37582],[9.56941,49.37623],[9.57141,49.37531],[9.57307,49.37704],[9.5749,49.38002],[9.57616,49.3831],[9.57401,49.38365],[9.57508,49.38485],[9.58073,49.38668],[9.58738,49.38948],[9.59383,49.39181],[9.59168,49.39394],[9.58893,49.39325],[9.59038,49.40092],[9.58608,49.39937],[9.5832,49.40213],[9.58001,49.4004],[9.57861,49.39848],[9.57646,49.3976],[9.57598,49.39861],[9.5778,49.39925],[9.57849,49.40078],[9.57971,49.40155],[9.57807,49.40304],[9.57779,49.40484],[9.5765,49.40516],[9.57695,49.40625],[9.57444,49.40757],[9.57484,49.40848],[9.57409,49.41005],[9.57066,49.41187],[9.57343,49.41356],[9.57218,49.41503],[9.57006,49.41602],[9.57098,49.41697],[9.57696,49.41847],[9.57999,49.4196],[9.58848,49.42165],[9.5911,49.42198],[9.5935,49.4231],[9.59512,49.42231],[9.59643,49.42346],[9.60025,49.42564],[9.60382,49.42658],[9.6064,49.4258],[9.60865,49.42673],[9.61164,49.42749],[9.61903,49.43009],[9.62166,49.42872],[9.62382,49.42874],[9.623,49.42572],[9.62941,49.42633],[9.62952,49.42711],[9.63223,49.42888],[9.63567,49.4286],[9.63771,49.42967],[9.64008,49.43005],[9.64226,49.42967],[9.63888,49.42422],[9.63965,49.42273],[9.64037,49.41973],[9.63821,49.41714],[9.63811,49.41342],[9.64567,49.41496],[9.65341,49.41615],[9.65439,49.4139],[9.65843,49.41353],[9.65885,49.41284],[9.66431,49.41336],[9.6689,49.41483],[9.67172,49.41479],[9.67152,49.40697],[9.67653,49.40822],[9.68229,49.40847],[9.68052,49.41132],[9.6806,49.41365],[9.68488,49.41169],[9.68684,49.40955],[9.69484,49.41414],[9.69642,49.41456],[9.69715,49.41628],[9.70178,49.41799],[9.7042,49.4174],[9.7052,49.41785],[9.70623,49.4165],[9.70953,49.41517],[9.71049,49.41426],[9.71183,49.41085],[9.71233,49.40781],[9.70937,49.40501],[9.71009,49.40264],[9.71173,49.40087],[9.7122,49.39877],[9.72005,49.39786],[9.72566,49.39838],[9.73129,49.39825],[9.74068,49.39907],[9.74189,49.39627],[9.74813,49.39426],[9.75128,49.39537],[9.75102,49.39862],[9.75388,49.4001],[9.75724,49.40283],[9.75842,49.40092],[9.75752,49.39821],[9.75895,49.39741],[9.76127,49.39783],[9.76356,49.39707],[9.76795,49.39875],[9.76963,49.39789],[9.77459,49.39356],[9.77783,49.39576],[9.77989,49.39656],[9.78432,49.39968],[9.78567,49.40013],[9.78766,49.40308],[9.78961,49.40497],[9.78865,49.4064],[9.79245,49.4076],[9.8,49.4076],[9.80117,49.40595],[9.80493,49.40414],[9.80341,49.40356],[9.80249,49.39796],[9.80068,49.39765],[9.80079,49.39507],[9.80338,49.39618],[9.80623,49.39353],[9.80807,49.39088],[9.81125,49.38845],[9.81466,49.38939],[9.81897,49.39147],[9.82088,49.38993],[9.83043,49.39447],[9.83192,49.39167],[9.83627,49.38922],[9.8348,49.38842],[9.83848,49.38628],[9.84076,49.38309],[9.84217,49.38314],[9.84561,49.38133],[9.84434,49.38019],[9.84487,49.37913],[9.84662,49.3798],[9.84778,49.3786],[9.84656,49.37801],[9.84648,49.37587],[9.84577,49.37377],[9.84766,49.37247],[9.84459,49.3718],[9.84187,49.3706],[9.8441,49.36891],[9.84744,49.36915],[9.85172,49.36975],[9.85247,49.36804],[9.85556,49.36837],[9.85802,49.36915],[9.86345,49.36995],[9.86673,49.37009],[9.86882,49.37366],[9.87507,49.37372],[9.8764,49.37439],[9.87806,49.37435],[9.8799,49.37226],[9.88461,49.37024],[9.88729,49.36964],[9.89063,49.37005],[9.89224,49.37469],[9.89425,49.37448],[9.89434,49.37304],[9.89548,49.37209],[9.89485,49.36964],[9.8984,49.36882],[9.90009,49.36722],[9.90556,49.36777],[9.91151,49.36802],[9.91389,49.37009],[9.91071,49.37274],[9.91659,49.37399],[9.91678,49.37323],[9.92396,49.37338],[9.9239,49.37219],[9.925,49.37113],[9.92867,49.37041],[9.93068,49.36892],[9.92857,49.36532],[9.92707,49.36417],[9.92853,49.36162],[9.93212,49.36055],[9.93398,49.35924],[9.93395,49.35816],[9.93107,49.35762],[9.93355,49.35389],[9.93386,49.35241],[9.93525,49.3522],[9.93615,49.35293],[9.93633,49.35443],[9.93836,49.35551],[9.94065,49.35826],[9.94417,49.36004],[9.94728,49.35888],[9.95521,49.36095],[9.95727,49.36065],[9.95913,49.35954],[9.96229,49.3638],[9.96597,49.36448],[9.96544,49.36548],[9.96713,49.36663],[9.96852,49.36837],[9.97224,49.3741],[9.97382,49.37466],[9.97336,49.37574],[9.97751,49.37754],[9.97972,49.37609],[9.98009,49.37453],[9.98373,49.37358],[9.98804,49.37427],[9.98889,49.37293],[9.99283,49.37294],[9.99284,49.37194],[10.0002,49.3724],[10.00036,49.37077],[10.00483,49.37074],[10.00651,49.37023],[10.00911,49.37028],[10.01179,49.37112],[10.0128,49.37007],[10.01446,49.37083],[10.02001,49.37155],[10.02082,49.36994],[10.02558,49.369],[10.03996,49.36927],[10.03981,49.37058],[10.04041,49.37146],[10.03931,49.37368],[10.03613,49.37705],[10.03494,49.37947],[10.03217,49.38128],[10.03406,49.38207],[10.0313,49.3832],[10.03247,49.38466],[10.03694,49.38434],[10.04115,49.38309],[10.04083,49.38492],[10.04435,49.38478],[10.04426,49.38614],[10.05063,49.38945],[10.05509,49.38848],[10.06144,49.38861],[10.06482,49.3892],[10.06693,49.38986],[10.06788,49.39262],[10.07188,49.39317],[10.07927,49.39441],[10.08255,49.39446],[10.08544,49.39356],[10.09368,49.39359],[10.09916,49.3946],[10.10602,49.39516],[10.10831,49.39488],[10.11337,49.39311],[10.11149,49.39199],[10.11006,49.39169],[10.10788,49.3897],[10.10907,49.38785],[10.11182,49.38837],[10.11197,49.38491],[10.11852,49.38623],[10.12169,49.38624],[10.12169,49.38786],[10.12661,49.3879],[10.13659,49.38622],[10.13982,49.38587],[10.13969,49.3845],[10.14229,49.38476],[10.14492,49.38441],[10.1464,49.38743],[10.14993,49.38732],[10.15181,49.38922],[10.1563,49.3895],[10.15677,49.39074],[10.1583,49.39103],[10.15988,49.39016],[10.16121,49.39036],[10.1607,49.39414],[10.1617,49.39549],[10.1583,49.39603],[10.15426,49.39707],[10.15425,49.39866],[10.1499,49.39957],[10.14645,49.40169],[10.14269,49.4026],[10.13864,49.4031],[10.13936,49.40437],[10.14206,49.40397],[10.14963,49.40197],[10.15222,49.40102],[10.15136,49.40361],[10.15142,49.40487],[10.1496,49.40666],[10.14983,49.40901],[10.14809,49.41137],[10.15089,49.41089],[10.15168,49.41229],[10.14804,49.41398],[10.14682,49.41533],[10.14634,49.41695],[10.14413,49.42064],[10.14129,49.42293],[10.13942,49.42386],[10.13743,49.42472],[10.13801,49.42628],[10.13807,49.42867],[10.13362,49.43201],[10.1348,49.43328],[10.13811,49.43312],[10.13448,49.43476],[10.13371,49.43715],[10.13193,49.43782],[10.12887,49.4384],[10.1261,49.43927],[10.12263,49.44072],[10.11878,49.4439],[10.1179,49.44314],[10.11664,49.44383],[10.1138,49.44382],[10.11063,49.4425],[10.11274,49.43913],[10.11176,49.43875],[10.10597,49.44303],[10.10571,49.44482],[10.09935,49.44645],[10.09474,49.4479],[10.09729,49.45158],[10.09694,49.45255],[10.09724,49.45429],[10.09802,49.45487],[10.09705,49.45589],[10.09783,49.45701],[10.09998,49.45668],[10.10649,49.45851],[10.10823,49.46021],[10.10651,49.46087],[10.10483,49.46278],[10.10654,49.46325],[10.10871,49.46201],[10.11045,49.46237],[10.11448,49.4625],[10.11584,49.4613],[10.12225,49.46391],[10.12186,49.46486],[10.11792,49.46759],[10.11764,49.46967],[10.11833,49.47317],[10.11512,49.47396],[10.11663,49.47617],[10.11576,49.4763],[10.11609,49.47858],[10.11071,49.47762],[10.1081,49.48285],[10.10339,49.48416],[10.10338,49.48499],[10.10124,49.48564],[10.10162,49.49005],[10.10001,49.49067],[10.09999,49.49173],[10.10126,49.49398],[10.10259,49.49498],[10.10458,49.49579],[10.10388,49.49696],[10.10981,49.50169],[10.11447,49.5026],[10.11712,49.50374],[10.11536,49.50696],[10.12086,49.50727],[10.12046,49.50924],[10.12147,49.50945],[10.12132,49.51105],[10.11451,49.51019],[10.11353,49.51221],[10.10848,49.51148],[10.10572,49.51511],[10.10011,49.51371],[10.09931,49.51485],[10.09537,49.51415],[10.09043,49.51299],[10.08906,49.51319],[10.08415,49.51176],[10.08315,49.51285],[10.08135,49.51368],[10.08335,49.5144],[10.08033,49.51778],[10.07906,49.51733],[10.07689,49.51988],[10.08064,49.5212],[10.07879,49.52386],[10.08028,49.52425],[10.07861,49.52732],[10.08112,49.52795],[10.08797,49.52845],[10.08774,49.53054],[10.0896,49.53052],[10.08866,49.53372],[10.09008,49.53404],[10.08649,49.53917],[10.08552,49.54221],[10.08384,49.54221],[10.08372,49.54356],[10.07952,49.54345],[10.07614,49.54284],[10.0759,49.54441],[10.0724,49.54449],[10.06871,49.54483],[10.06635,49.54554],[10.06143,49.54514],[10.06173,49.54165],[10.05711,49.54068],[10.05861,49.53929],[10.06137,49.53747],[10.05889,49.53698],[10.0588,49.53613],[10.05276,49.53453],[10.05115,49.53341],[10.04943,49.53323],[10.0451,49.53076],[10.04002,49.52901],[10.04188,49.52706],[10.04381,49.5263],[10.04552,49.52405],[10.05079,49.52082],[10.05489,49.52117],[10.0549,49.51977],[10.05718,49.51932],[10.05731,49.51683],[10.05615,49.51495],[10.05152,49.51442],[10.0524,49.51067],[10.04624,49.50698],[10.04069,49.50636],[10.03697,49.50446],[10.03353,49.50365],[10.03137,49.50358],[10.02818,49.50399],[10.02741,49.49853],[10.02504,49.49322],[10.02198,49.48858],[10.02026,49.48665],[10.01891,49.48591],[10.01399,49.48451],[10.01012,49.48321],[10.00328,49.48442],[10.00038,49.48595],[9.99776,49.48554],[9.99716,49.48635],[9.99263,49.48572],[9.99201,49.4864],[9.98629,49.48505],[9.9828,49.48405],[9.97793,49.48361],[9.97521,49.48085],[9.97354,49.4819],[9.9757,49.48525],[9.97402,49.48582],[9.97001,49.48543],[9.96589,49.4843],[9.96069,49.48382],[9.95897,49.48385],[9.95464,49.4807],[9.95188,49.48036],[9.94869,49.4816],[9.94451,49.48147],[9.94087,49.48233],[9.93395,49.48361],[9.92656,49.48484],[9.91374,49.49325],[9.91446,49.4956],[9.91624,49.49574],[9.91605,49.49954],[9.91781,49.4996],[9.91801,49.50067],[9.91934,49.50202],[9.92224,49.50414],[9.92513,49.50865],[9.92346,49.5099],[9.92138,49.51259],[9.92017,49.51504],[9.91696,49.5178],[9.91719,49.51993],[9.9184,49.52238],[9.92123,49.52377],[9.92381,49.52412],[9.92457,49.5273],[9.92451,49.52838],[9.92323,49.52903],[9.92576,49.53019],[9.92482,49.53135],[9.92563,49.53387],[9.92487,49.53495],[9.92705,49.53608],[9.9244,49.53823],[9.92345,49.53983],[9.92155,49.54113],[9.92281,49.54214],[9.92018,49.54513],[9.92248,49.54579],[9.92072,49.55101],[9.92164,49.55142],[9.9244,49.54883],[9.92531,49.54958],[9.92696,49.54952],[9.92685,49.55164],[9.92579,49.55372],[9.92391,49.55294],[9.92178,49.55283],[9.92073,49.5534],[9.92099,49.55473],[9.92453,49.55714],[9.92283,49.55816],[9.92466,49.55954],[9.92448,49.56117],[9.92143,49.5622],[9.92085,49.56328],[9.91545,49.56179],[9.91123,49.56138],[9.90638,49.56205],[9.89907,49.56108],[9.89821,49.56238],[9.89799,49.56478],[9.89888,49.56575],[9.89945,49.56788],[9.90128,49.56898],[9.90152,49.57147],[9.90223,49.57256],[9.90398,49.57311],[9.90614,49.57709],[9.90682,49.57775],[9.91079,49.57963],[9.91572,49.58223],[9.91154,49.58378],[9.91244,49.58591],[9.90803,49.58674],[9.90733,49.58485],[9.9028,49.58639],[9.90149,49.58598],[9.89879,49.58835],[9.89666,49.58537],[9.89352,49.58352],[9.89159,49.58351],[9.88984,49.58241],[9.88724,49.5824],[9.88609,49.58076],[9.87573,49.57863],[9.87386,49.5741],[9.87406,49.57169],[9.86937,49.57129],[9.86974,49.569],[9.86455,49.56788],[9.865,49.56548],[9.86648,49.55998],[9.86664,49.55746],[9.86529,49.55654],[9.86581,49.55546],[9.86447,49.55512],[9.86458,49.55374],[9.86046,49.55351],[9.8608,49.55059],[9.8596,49.54877],[9.86023,49.54737],[9.85931,49.54604],[9.85578,49.54578],[9.85458,49.54625],[9.85223,49.54538],[9.84991,49.54577],[9.84773,49.54665],[9.84728,49.54753],[9.8432,49.54765],[9.84056,49.55069],[9.83308,49.55123],[9.83083,49.55159],[9.82804,49.55159],[9.82621,49.55321],[9.81799,49.55589],[9.81869,49.55731],[9.818,49.55861],[9.81442,49.55718],[9.81154,49.55568],[9.81023,49.55732],[9.81647,49.55976],[9.81605,49.56029],[9.81949,49.56106],[9.82756,49.5643],[9.83095,49.5664],[9.837,49.5689],[9.83573,49.57027],[9.84166,49.57277],[9.84056,49.57448],[9.84491,49.57556],[9.84787,49.57705],[9.8485,49.57771],[9.84679,49.57999],[9.84846,49.58038],[9.84708,49.58274],[9.84714,49.58455],[9.84565,49.58671],[9.8432,49.58823],[9.84133,49.59033],[9.84096,49.5913],[9.84293,49.59329],[9.84105,49.59514],[9.8441,49.5957],[9.84392,49.59685],[9.84587,49.59792],[9.84931,49.59777],[9.8549,49.60031],[9.85946,49.60298],[9.85942,49.60541],[9.85761,49.60719],[9.85967,49.6069],[9.85997,49.60851],[9.86414,49.60794],[9.86427,49.60853],[9.87043,49.60894],[9.87032,49.60985],[9.87281,49.61008],[9.87204,49.61173],[9.86805,49.61117],[9.86754,49.61225],[9.86921,49.61249],[9.8674,49.61648],[9.86754,49.62104],[9.86676,49.62148],[9.86412,49.62146],[9.8639,49.62379],[9.86566,49.62413],[9.86303,49.62754],[9.86386,49.62791],[9.86058,49.63218],[9.85772,49.63241],[9.85877,49.63396],[9.85697,49.63468],[9.85753,49.63716],[9.85665,49.63881],[9.85581,49.6388],[9.85493,49.64154],[9.85261,49.64289],[9.85012,49.64315],[9.85,49.64395],[9.84781,49.64416],[9.84528,49.64378],[9.84457,49.64504],[9.84227,49.64512],[9.84188,49.64429],[9.83788,49.64588],[9.83675,49.64533],[9.83467,49.64629],[9.83604,49.64841],[9.83316,49.64965],[9.83006,49.65174],[9.83026,49.65299],[9.82956,49.65435],[9.83106,49.65496],[9.83284,49.65459],[9.83381,49.65628],[9.83196,49.65744],[9.83152,49.65894],[9.8294,49.6597],[9.8325,49.66042],[9.82918,49.66134],[9.82749,49.66133],[9.82578,49.66234],[9.8251,49.66357],[9.82389,49.66314],[9.82236,49.66471],[9.822,49.66625],[9.82561,49.66754],[9.82396,49.67018],[9.82342,49.67317],[9.82544,49.67329],[9.82564,49.67531],[9.82757,49.67544],[9.82908,49.67782],[9.82893,49.67867],[9.83087,49.67921],[9.82995,49.68101],[9.84093,49.68162],[9.84117,49.68342],[9.83866,49.68286],[9.83706,49.68323],[9.83629,49.68539],[9.83251,49.68733],[9.83116,49.68656],[9.83003,49.68771],[9.83189,49.68873],[9.8337,49.69053],[9.83615,49.69174],[9.833,49.6935],[9.83446,49.6944],[9.83235,49.69575],[9.83368,49.69673],[9.83179,49.6982],[9.83292,49.69921],[9.8318,49.7038],[9.82816,49.70645],[9.82503,49.70493],[9.82336,49.70467],[9.82268,49.70743],[9.82355,49.7077],[9.82143,49.70973],[9.81961,49.71066],[9.81488,49.71254],[9.80888,49.71375],[9.80676,49.71538],[9.8048,49.71777],[9.80361,49.71846],[9.79923,49.71904],[9.79651,49.72071],[9.79571,49.72343],[9.79607,49.72709],[9.79775,49.7284],[9.80024,49.72955],[9.79999,49.73094],[9.79768,49.73107],[9.79373,49.73136],[9.79144,49.73095],[9.78992,49.72857],[9.78931,49.72465],[9.78676,49.72185],[9.77919,49.7225],[9.77582,49.72119],[9.7716,49.72011],[9.76854,49.71898],[9.76213,49.71531],[9.7593,49.71349],[9.75864,49.71214],[9.75295,49.71012],[9.75131,49.70709],[9.75072,49.70232],[9.75079,49.69784],[9.74989,49.69586],[9.74554,49.69354],[9.74544,49.69186],[9.74209,49.69172],[9.74185,49.69061],[9.73877,49.69004],[9.73942,49.68819],[9.73608,49.68774],[9.73197,49.68843],[9.72851,49.68838],[9.72755,49.68873],[9.72753,49.69148],[9.72879,49.69677],[9.72835,49.69819],[9.72663,49.70008],[9.72435,49.70121],[9.71929,49.70194],[9.71943,49.70342],[9.71738,49.70675],[9.71523,49.70943],[9.71324,49.71389],[9.7142,49.71416],[9.71474,49.71656],[9.7135,49.71684],[9.71416,49.71973],[9.71394,49.72115],[9.71172,49.72272],[9.71183,49.7261],[9.71114,49.72699],[9.70972,49.72706],[9.70726,49.72564],[9.70673,49.72486],[9.70453,49.72517],[9.70274,49.7221],[9.70072,49.72215],[9.70134,49.72035],[9.70038,49.71696],[9.69827,49.71782],[9.69589,49.71922],[9.69137,49.71799],[9.68936,49.7183],[9.68242,49.71759],[9.67719,49.7162],[9.67786,49.71428],[9.67792,49.71118],[9.67725,49.70701],[9.67623,49.7037],[9.67574,49.70054],[9.67409,49.69672],[9.67615,49.69335],[9.66669,49.69054],[9.66261,49.68922],[9.65543,49.68859],[9.6535,49.68714],[9.65046,49.68815],[9.65132,49.69022],[9.64819,49.69088],[9.64888,49.69174],[9.64497,49.69109],[9.64304,49.69324],[9.63541,49.69288],[9.63246,49.69319],[9.63276,49.6957],[9.63228,49.69879],[9.63046,49.70156],[9.62613,49.7026],[9.62545,49.70374],[9.62642,49.70626],[9.62766,49.70824],[9.63097,49.71012],[9.63223,49.71279],[9.63233,49.71571],[9.63305,49.71707],[9.63465,49.71869],[9.63926,49.71971],[9.64087,49.72034],[9.63866,49.72213],[9.6411,49.72318],[9.63893,49.72555],[9.63774,49.72548],[9.63536,49.72792],[9.6336,49.72782],[9.63199,49.72924],[9.62772,49.73196],[9.63039,49.7322],[9.63656,49.73165],[9.63824,49.73423],[9.63806,49.73711],[9.6387,49.73754],[9.64586,49.73647],[9.64694,49.73915],[9.64559,49.73974],[9.64305,49.73977],[9.639,49.74051],[9.63906,49.74252],[9.64455,49.74393],[9.64555,49.74691],[9.64358,49.74847],[9.64315,49.74988],[9.63851,49.75292],[9.63795,49.75385],[9.64282,49.7571],[9.64415,49.75837],[9.64616,49.76146],[9.64939,49.765],[9.65187,49.76637],[9.64977,49.76708],[9.64755,49.7692],[9.6465,49.77069],[9.64599,49.77419],[9.64496,49.77516],[9.64509,49.77736],[9.64432,49.77861],[9.64617,49.77917],[9.64697,49.77846],[9.65051,49.7794],[9.65142,49.78056],[9.65045,49.78278],[9.64973,49.78545],[9.65094,49.78619],[9.64913,49.7897],[9.64874,49.79148],[9.64555,49.79079],[9.6352,49.78757],[9.63069,49.78591],[9.6203,49.78376],[9.60825,49.78333],[9.60161,49.78232],[9.5975,49.78149],[9.59132,49.78004],[9.59002,49.78122],[9.58576,49.77951],[9.58108,49.77803],[9.57635,49.77905],[9.57759,49.7803],[9.57629,49.78289],[9.58014,49.78317],[9.58006,49.78403],[9.5761,49.78383],[9.56938,49.78297],[9.56533,49.78205],[9.56341,49.78138],[9.56016,49.77969],[9.55828,49.77769],[9.5576,49.77618],[9.55751,49.77386],[9.55839,49.76509],[9.55957,49.76178],[9.561,49.75985],[9.56673,49.75438],[9.56783,49.75302],[9.56893,49.75059],[9.56885,49.74871],[9.5667,49.74577],[9.56457,49.74478],[9.56106,49.74457],[9.55961,49.74482],[9.55694,49.74603],[9.55506,49.74752],[9.55406,49.75098],[9.554,49.75327],[9.55311,49.75828],[9.55243,49.76043],[9.55008,49.76386],[9.54785,49.76574],[9.54503,49.76697],[9.54219,49.76767],[9.53763,49.76756],[9.53483,49.76626],[9.52871,49.76252],[9.52584,49.76158],[9.52139,49.76119],[9.51725,49.7622],[9.51451,49.76379],[9.51234,49.76558],[9.51042,49.76817],[9.51003,49.77099],[9.51084,49.77388],[9.51272,49.77845],[9.51308,49.7808],[9.51167,49.78359],[9.509,49.78558],[9.5047,49.78789],[9.50146,49.78877],[9.4998,49.78889],[9.48344,49.78782],[9.4799,49.7872],[9.47825,49.78644],[9.47326,49.78216],[9.4715,49.77973],[9.46999,49.77507],[9.46876,49.77379],[9.46437,49.77156],[9.45963,49.76976],[9.45582,49.76966],[9.44956,49.77157],[9.44632,49.77304],[9.44334,49.77577],[9.43887,49.78294],[9.43739,49.78505],[9.43485,49.78738],[9.43302,49.78835],[9.42863,49.78933],[9.42511,49.78955],[9.42282,49.78932],[9.42028,49.78851],[9.4158,49.78555],[9.40627,49.77805],[9.4037,49.77624],[9.4019,49.77551],[9.39716,49.77414],[9.39574,49.77322],[9.39323,49.77076],[9.39155,49.77012],[9.3886,49.77039],[9.38655,49.77103],[9.38305,49.7733],[9.37908,49.77692],[9.37697,49.77798],[9.37261,49.77898],[9.37003,49.77871],[9.36891,49.77815],[9.36411,49.77428],[9.36002,49.77208],[9.35768,49.77107],[9.35104,49.76901],[9.34814,49.76855],[9.3433,49.7682],[9.34101,49.7683],[9.32964,49.76952],[9.32183,49.76936],[9.31713,49.76883],[9.31464,49.76775],[9.31345,49.76643],[9.3131,49.76448],[9.31325,49.7617],[9.31453,49.75873],[9.31557,49.75732],[9.31924,49.75379],[9.32155,49.75125],[9.3234,49.7482],[9.3238,49.7457],[9.32312,49.7438],[9.32229,49.74283],[9.31922,49.741],[9.31767,49.74045],[9.31403,49.74008],[9.30993,49.74016],[9.30345,49.74085],[9.29979,49.74093],[9.29567,49.74053],[9.2963,49.73892],[9.30008,49.7377],[9.30803,49.73605],[9.31177,49.73471],[9.3159,49.73524],[9.31998,49.73224],[9.32287,49.73117],[9.32932,49.73195],[9.33573,49.73412],[9.34171,49.7342],[9.3462,49.73305],[9.35182,49.73237],[9.35887,49.73078],[9.3634,49.73161],[9.36599,49.73092],[9.37164,49.72869],[9.37421,49.728],[9.37348,49.72738],[9.36834,49.72657],[9.3665,49.72607],[9.36295,49.72352],[9.35798,49.72307],[9.35118,49.72197],[9.34942,49.72153],[9.34548,49.71877],[9.34403,49.71861],[9.34411,49.71699],[9.34757,49.71619],[9.35083,49.71617],[9.35223,49.71648],[9.35184,49.7119],[9.35311,49.71175],[9.35321,49.70744],[9.35653,49.70567],[9.35741,49.70429],[9.36626,49.7036],[9.37207,49.704],[9.38058,49.70669],[9.38253,49.70746],[9.38314,49.70924],[9.38243,49.71155],[9.38217,49.71635],[9.38303,49.71925],[9.3826,49.72169],[9.38137,49.72516],[9.38016,49.72612],[9.38294,49.72682],[9.38676,49.72841],[9.38565,49.73091],[9.3899,49.72983],[9.3949,49.72917],[9.39996,49.72884],[9.4012,49.72483],[9.40107,49.72056],[9.4042,49.72022],[9.40793,49.72146],[9.41006,49.71776],[9.41193,49.71631],[9.4153,49.71247],[9.41868,49.7119],[9.42039,49.70857],[9.42031,49.70663],[9.41764,49.70584],[9.41759,49.70423],[9.41687,49.7024],[9.41874,49.69773],[9.42231,49.69608],[9.41926,49.69381],[9.42079,49.6922],[9.42009,49.69019],[9.41544,49.68612],[9.41399,49.68434],[9.41336,49.68296],[9.41026,49.68168],[9.40924,49.68204],[9.40639,49.67958],[9.40942,49.67812],[9.41278,49.6773],[9.41247,49.67547],[9.40997,49.67539],[9.40538,49.67579],[9.40148,49.67485],[9.40001,49.67379],[9.39808,49.67148],[9.39789,49.67066],[9.40236,49.66812],[9.40508,49.66602],[9.40754,49.6645],[9.41092,49.66351],[9.41233,49.66262],[9.41204,49.66079],[9.41635,49.65988],[9.4195,49.65885],[9.41745,49.65586],[9.41644,49.65388],[9.41011,49.64965],[9.40771,49.64674],[9.406,49.64531],[9.40501,49.64572],[9.39978,49.64532],[9.39378,49.64631],[9.38815,49.64499],[9.38357,49.64283],[9.38045,49.64422],[9.37886,49.64649],[9.37433,49.65019],[9.37189,49.65125],[9.36746,49.65609],[9.36758,49.65875],[9.36565,49.6566],[9.36394,49.65534],[9.36184,49.65461],[9.35466,49.65167],[9.35316,49.65063],[9.35017,49.65043],[9.3487,49.64953],[9.34594,49.64696],[9.34388,49.6443],[9.3369,49.6443],[9.32984,49.64727],[9.32432,49.64878],[9.32172,49.64965],[9.31761,49.65067],[9.31361,49.65371],[9.31054,49.65395],[9.30408,49.65494],[9.30432,49.65379],[9.30649,49.6508],[9.30547,49.65008],[9.2993,49.64856],[9.29866,49.64744],[9.29633,49.64595],[9.29295,49.64487],[9.29049,49.64377],[9.28745,49.63854],[9.28558,49.63605],[9.28158,49.63737],[9.27842,49.63799],[9.27072,49.63402],[9.27482,49.63095],[9.2701,49.62649],[9.27437,49.62511],[9.27651,49.62338],[9.27805,49.62033],[9.28403,49.61686],[9.28502,49.6148],[9.28054,49.61343],[9.26803,49.60894],[9.26458,49.60682],[9.26395,49.60564],[9.26508,49.60348],[9.26497,49.60202],[9.26354,49.60121],[9.26,49.59846],[9.26021,49.59439],[9.25904,49.59328],[9.25507,49.59414],[9.24946,49.5938],[9.24831,49.59166],[9.24644,49.59002],[9.24897,49.58762],[9.24894,49.58452],[9.24548,49.58455],[9.24189,49.58326],[9.24065,49.58201],[9.2387,49.58129],[9.23502,49.58087],[9.23127,49.57983],[9.22916,49.58023],[9.22821,49.57931],[9.22655,49.5788],[9.22441,49.57921],[9.22293,49.57788],[9.21971,49.57824],[9.21518,49.57682],[9.21365,49.57654],[9.21072,49.57782],[9.20655,49.57618],[9.20297,49.57671],[9.20056,49.57654],[9.19794,49.57523],[9.19441,49.57404],[9.1873,49.57689],[9.18343,49.57574],[9.18237,49.57426],[9.1808,49.57375],[9.17861,49.57554],[9.17541,49.57596],[9.17328,49.57776],[9.16977,49.5774],[9.165,49.57545],[9.16302,49.5775],[9.15889,49.57959],[9.1495,49.57929],[9.14281,49.57817],[9.13799,49.57576],[9.13121,49.57587],[9.1258,49.57495],[9.12051,49.57356],[9.11771,49.57368],[9.11388,49.57468],[9.11017,49.57804],[9.10827,49.5793],[9.10301,49.57746],[9.10038,49.57227],[9.10006,49.56335],[9.09971,49.56147],[9.09893,49.56055],[9.09472,49.56056],[9.09231,49.56133],[9.08916,49.5608],[9.08263,49.56179],[9.08099,49.56494],[9.08117,49.56959],[9.07804,49.5748],[9.07445,49.57517],[9.07307,49.57494],[9.07361,49.57186],[9.07357,49.57023],[9.07292,49.56701],[9.07221,49.56525],[9.07447,49.56368],[9.0763,49.56091],[9.07978,49.55815],[9.08199,49.55705],[9.08288,49.55492],[9.08555,49.55377],[9.08806,49.55024],[9.08809,49.5473],[9.08725,49.54454],[9.08651,49.54378],[9.08439,49.54302],[9.0885,49.54202],[9.0932,49.54191],[9.09621,49.54098],[9.09962,49.53859],[9.10449,49.53812],[9.10523,49.53583],[9.10871,49.53654],[9.11377,49.53463],[9.11495,49.53386],[9.11516,49.53126],[9.11775,49.52793],[9.12027,49.52742],[9.12033,49.52597],[9.12173,49.52472],[9.12646,49.52161],[9.12403,49.52045],[9.12374,49.51894],[9.12641,49.51695],[9.12387,49.51611],[9.11953,49.51221],[9.11735,49.51268],[9.10759,49.50989],[9.10613,49.5098],[9.10497,49.5111],[9.10515,49.51283],[9.10615,49.5151],[9.10496,49.51756],[9.10162,49.51974],[9.09955,49.52619],[9.0929,49.52554],[9.08744,49.52599],[9.08343,49.52609],[9.07886,49.52494],[9.07423,49.52627],[9.06972,49.52695],[9.06657,49.52898],[9.06495,49.52961],[9.0635,49.52859],[9.05761,49.52321],[9.05551,49.52165],[9.05149,49.5206],[9.05055,49.52007],[9.0494,49.51827],[9.04901,49.51664],[9.04958,49.51365],[9.0482,49.51216],[9.04741,49.51046],[9.04218,49.50651],[9.04211,49.50463],[9.04255,49.50159],[9.04076,49.49907],[9.03843,49.4991],[9.03017,49.49827],[9.02383,49.49799],[9.02052,49.49803],[9.01603,49.49778],[9.01308,49.49842],[9.01251,49.49908],[9.01371,49.50074],[9.01218,49.50267],[9.01077,49.50229],[9.00817,49.50234],[9.00508,49.50418],[8.99954,49.50439],[8.99777,49.5049],[8.99226,49.50338],[8.98758,49.50569],[8.98583,49.51033],[8.98183,49.50987],[8.97918,49.50918],[8.97777,49.50796],[8.97742,49.50537],[8.97659,49.50486],[8.97747,49.50341],[8.97493,49.50329],[8.968,49.5016],[8.96502,49.50179],[8.9635,49.50148],[8.95875,49.50291],[8.95183,49.50563],[8.95122,49.50271],[8.95411,49.50014],[8.95773,49.49549],[8.95522,49.493],[8.95199,49.49173],[8.95171,49.48918],[8.9506,49.48779],[8.95086,49.48646],[8.95233,49.48484],[8.95453,49.48384],[8.95464,49.48201],[8.95378,49.48155],[8.95167,49.48326],[8.94838,49.48479],[8.94348,49.48575],[8.94169,49.48513],[8.93979,49.48349],[8.93958,49.48093],[8.93797,49.47984],[8.93457,49.4767],[8.9347,49.47262],[8.93389,49.47165],[8.93188,49.47064],[8.93419,49.46713],[8.93569,49.46554],[8.93792,49.46514],[8.94033,49.46534],[8.94148,49.46487],[8.94164,49.46318],[8.94692,49.45972],[8.94837,49.45804],[8.95035,49.45499],[8.94904,49.45447],[8.94571,49.45244],[8.94176,49.45078],[8.94007,49.45032],[8.9359,49.44999],[8.93106,49.44993],[8.92833,49.44954],[8.92614,49.44752],[8.92552,49.44261],[8.92474,49.4413],[8.91941,49.43937],[8.91257,49.43761],[8.90921,49.43785],[8.90651,49.43926],[8.90464,49.44144],[8.90465,49.44328],[8.9028,49.44415],[8.90095,49.44337],[8.9006,49.44126],[8.89942,49.43717],[8.89729,49.43368],[8.89507,49.42554],[8.89446,49.42491],[8.89321,49.42187],[8.89239,49.42091],[8.88853,49.41831],[8.88546,49.41665],[8.88513,49.41707],[8.87636,49.41404],[8.87334,49.41282],[8.87198,49.41181],[8.86932,49.40854],[8.86695,49.40641],[8.86285,49.40213],[8.85464,49.39663],[8.85176,49.39554],[8.85027,49.3954],[8.8473,49.39588],[8.84567,49.39654],[8.84336,49.39818],[8.8413,49.40095],[8.83928,49.40421],[8.83763,49.40579],[8.83594,49.40671],[8.83188,49.40819],[8.82932,49.40818],[8.82809,49.40698],[8.82751,49.40213],[8.82644,49.40009],[8.82242,49.39555],[8.8208,49.39606],[8.81784,49.39608],[8.81655,49.39668],[8.81461,49.39685],[8.81409,49.39839],[8.80839,49.40199],[8.80354,49.40357],[8.80728,49.40545],[8.80829,49.40642],[8.80429,49.40689],[8.80324,49.408],[8.80149,49.41089],[8.80579,49.41013],[8.80742,49.41068],[8.80834,49.41251],[8.80647,49.41357],[8.80592,49.41571],[8.80659,49.4192],[8.80979,49.42025],[8.81086,49.42126],[8.81273,49.42152],[8.81369,49.42233],[8.81664,49.42318],[8.81933,49.42329],[8.82499,49.42182],[8.8279,49.42232],[8.8305,49.42323],[8.83352,49.42731],[8.83479,49.42767],[8.83645,49.43022],[8.83715,49.43352],[8.83665,49.43438],[8.83262,49.43672],[8.8334,49.43813],[8.83378,49.44096],[8.83301,49.44602],[8.83312,49.44715],[8.83461,49.45038],[8.83251,49.4527],[8.83241,49.45494],[8.82873,49.46092],[8.82352,49.46268],[8.82513,49.46483],[8.8254,49.46701],[8.8266,49.46935],[8.82825,49.47087],[8.83237,49.47195],[8.83408,49.47301],[8.83687,49.47534],[8.84097,49.47556],[8.8426,49.47715],[8.84857,49.48054],[8.849,49.48166],[8.85193,49.48359],[8.86004,49.48079],[8.86128,49.47848],[8.86634,49.47459],[8.86324,49.4697],[8.86292,49.46668],[8.86572,49.46595],[8.86824,49.46489],[8.87649,49.46669],[8.8825,49.47093],[8.8899,49.47546],[8.89029,49.47944],[8.89296,49.48158],[8.89936,49.48455],[8.89917,49.4852],[8.89989,49.48763],[8.89856,49.49051],[8.89995,49.49321],[8.89976,49.49437],[8.89717,49.49657],[8.89683,49.49761],[8.89909,49.50072],[8.89957,49.50366],[8.89594,49.50265],[8.89243,49.50291],[8.886,49.5058],[8.88266,49.5061],[8.87758,49.50556],[8.87326,49.50423],[8.8625,49.50322],[8.85678,49.50123],[8.85222,49.50126],[8.8485,49.50217],[8.84682,49.50047],[8.84487,49.50069],[8.84455,49.4984],[8.84178,49.49827],[8.83945,49.49878],[8.84001,49.49747],[8.83958,49.49616],[8.83826,49.4944],[8.83905,49.49377],[8.83386,49.49068],[8.8324,49.49252],[8.83118,49.49209],[8.83004,49.49443],[8.82593,49.4978],[8.82355,49.50012],[8.81819,49.50444],[8.81696,49.50579],[8.81692,49.50696],[8.81832,49.50844],[8.8191,49.50994],[8.81868,49.51176],[8.81952,49.51289],[8.82078,49.51328],[8.82024,49.51621],[8.82025,49.51824],[8.81898,49.51959],[8.81866,49.52122],[8.81979,49.52286],[8.82331,49.52374],[8.82187,49.52464],[8.81645,49.52555],[8.81532,49.52505],[8.81523,49.52385],[8.8114,49.52677],[8.80921,49.52568],[8.80275,49.52195],[8.80046,49.51972],[8.79813,49.51851],[8.79662,49.51534],[8.79722,49.51327],[8.7962,49.51231],[8.79179,49.51427],[8.78745,49.51401],[8.78185,49.51466],[8.77909,49.51708],[8.77678,49.51787],[8.77212,49.51798],[8.77072,49.51652],[8.76646,49.51474],[8.75937,49.51652],[8.75506,49.51853],[8.75093,49.52184],[8.74871,49.52243],[8.74684,49.52237],[8.74043,49.52319],[8.73904,49.52264],[8.73723,49.51929],[8.73234,49.51848],[8.73052,49.51869],[8.72771,49.51834],[8.72669,49.52099],[8.72431,49.52112],[8.7249,49.52264],[8.72761,49.52277],[8.73077,49.52141],[8.73551,49.52132],[8.73595,49.52485],[8.73279,49.52522],[8.73177,49.5262],[8.72978,49.52515],[8.72461,49.52589],[8.72256,49.52748],[8.72123,49.52914],[8.72262,49.53111],[8.71869,49.53301],[8.71521,49.53358],[8.71396,49.53202],[8.71234,49.53171],[8.71009,49.53224],[8.70957,49.53373],[8.70701,49.53635],[8.70513,49.53625],[8.70265,49.53533],[8.70348,49.53837],[8.70521,49.53927],[8.70507,49.54076],[8.70403,49.54187],[8.70385,49.54471],[8.70579,49.54797],[8.70388,49.55003],[8.69862,49.549],[8.69736,49.55014],[8.69691,49.55146],[8.69482,49.55309],[8.69369,49.55352],[8.69112,49.55605],[8.69198,49.55864],[8.69199,49.56016],[8.6931,49.56073],[8.69154,49.56377],[8.68701,49.56745],[8.68633,49.56897],[8.68431,49.57022],[8.68586,49.57102],[8.68424,49.57221],[8.68398,49.57357],[8.68528,49.5744],[8.68467,49.57556],[8.68099,49.57555],[8.68128,49.57701],[8.68384,49.57737],[8.68315,49.58057],[8.68302,49.58841],[8.68348,49.58975],[8.68759,49.59121],[8.69107,49.59033],[8.69181,49.59142],[8.69633,49.5921],[8.69701,49.59485],[8.69812,49.59644],[8.69676,49.59656],[8.698,49.59976],[8.69552,49.60336],[8.69288,49.60289],[8.69152,49.60474],[8.69244,49.60651],[8.69057,49.60735],[8.68914,49.60555],[8.68531,49.60398],[8.68213,49.60347],[8.68038,49.60466],[8.68,49.60709],[8.67632,49.60802],[8.67451,49.60756],[8.67281,49.60916],[8.67214,49.61119],[8.67299,49.61334],[8.67734,49.61353],[8.67803,49.60988],[8.67779,49.609],[8.68011,49.60858],[8.68122,49.60919],[8.68388,49.60848],[8.68637,49.60848],[8.6878,49.61042],[8.68689,49.61321],[8.68476,49.61303],[8.68491,49.61104],[8.68438,49.61005],[8.67929,49.61186],[8.67888,49.61387],[8.67965,49.61471],[8.68318,49.61632],[8.68484,49.61422],[8.68839,49.61462],[8.68693,49.61635],[8.69035,49.61893],[8.69384,49.61935],[8.69228,49.62048],[8.69372,49.62223],[8.69231,49.62374],[8.69009,49.62352],[8.68662,49.62272],[8.67944,49.62567],[8.67793,49.62595],[8.67658,49.6245],[8.67031,49.6238],[8.66605,49.62133],[8.66366,49.62158],[8.66197,49.62133],[8.65574,49.61937],[8.65398,49.61839],[8.65261,49.61838],[8.65042,49.62088],[8.64288,49.61974],[8.63296,49.61751],[8.62023,49.61558],[8.61372,49.61443],[8.60106,49.61145],[8.59777,49.61114],[8.59389,49.61095],[8.5953,49.60547],[8.58932,49.60451],[8.59106,49.60034],[8.59073,49.59674],[8.59154,49.59512],[8.59407,49.59277],[8.60023,49.59348],[8.60323,49.59329],[8.60435,49.58876],[8.60732,49.57985],[8.60887,49.5756],[8.60807,49.57029],[8.61085,49.56448],[8.61168,49.56306],[8.6164,49.55648],[8.61764,49.55405],[8.61755,49.5519],[8.61847,49.54848],[8.6213,49.54501],[8.61695,49.54243],[8.61662,49.54135],[8.61333,49.54112],[8.6109,49.53872],[8.60939,49.53644],[8.60693,49.53354],[8.60657,49.53175],[8.60824,49.53101],[8.60725,49.52847],[8.60407,49.53022],[8.60132,49.53138],[8.59791,49.53146],[8.59656,49.5308],[8.59309,49.52538],[8.59275,49.52323],[8.5913,49.52128],[8.58582,49.5224],[8.58319,49.52185],[8.58138,49.51978],[8.58338,49.51942],[8.58276,49.51386],[8.58551,49.51257],[8.58321,49.51193],[8.58088,49.50913],[8.58247,49.50823],[8.58766,49.50177],[8.57642,49.4983],[8.5726,49.49646],[8.5747,49.49368],[8.56853,49.49255],[8.56471,49.4933],[8.56099,49.49124],[8.55593,49.49072],[8.55108,49.48483],[8.54828,49.48047],[8.54665,49.47738],[8.55012,49.47741],[8.55296,49.47712],[8.55624,49.4761],[8.55813,49.47504],[8.5615,49.47229],[8.56836,49.46417],[8.57107,49.4627],[8.57432,49.4619],[8.58243,49.45963],[8.58489,49.4605],[8.59007,49.45954],[8.58596,49.45479],[8.57726,49.44358],[8.58509,49.44136],[8.58763,49.4336],[8.58291,49.42893],[8.58457,49.42817],[8.58289,49.42647],[8.57957,49.42624],[8.57776,49.42532],[8.57314,49.42365],[8.5736,49.41997],[8.57313,49.4181],[8.57352,49.41584],[8.57098,49.41595],[8.5697,49.41646],[8.56492,49.41735],[8.56489,49.41804],[8.56009,49.41784],[8.54511,49.41741],[8.54464,49.41448],[8.53876,49.41198],[8.53363,49.41241],[8.53147,49.41134],[8.52641,49.41291],[8.52465,49.41309],[8.52516,49.4162],[8.52476,49.41788],[8.5226,49.4182],[8.52217,49.41741],[8.51933,49.41603],[8.51597,49.41587],[8.51082,49.41332],[8.5052,49.412],[8.50339,49.41104],[8.50287,49.41187],[8.49732,49.41135],[8.49672,49.40947],[8.496,49.40439],[8.49619,49.40214],[8.49421,49.40021],[8.4882,49.39694],[8.4748,49.39105],[8.47044,49.38984],[8.46538,49.38725],[8.46353,49.38443],[8.4637,49.38191],[8.46334,49.3804],[8.46354,49.37805],[8.46452,49.37639],[8.46633,49.37517],[8.47154,49.37329],[8.47323,49.37336],[8.47822,49.3751],[8.48186,49.37786],[8.48553,49.38104],[8.48832,49.38384],[8.49378,49.3872],[8.49549,49.38785],[8.5004,49.38901],[8.50136,49.38358],[8.50137,49.38044],[8.50092,49.37636],[8.49976,49.37148],[8.49681,49.36418],[8.4951,49.36123],[8.49207,49.35718],[8.48927,49.35401],[8.48637,49.35119],[8.48329,49.34859],[8.47977,49.34596],[8.47517,49.34307],[8.47092,49.34071],[8.46301,49.33694],[8.45756,49.33361],[8.45426,49.33095],[8.45263,49.32912],[8.45157,49.32733],[8.4508,49.32503],[8.4505,49.32171],[8.45127,49.31898],[8.45199,49.31768],[8.45405,49.31546],[8.4558,49.31421],[8.45857,49.31295],[8.46175,49.31212],[8.47105,49.31029],[8.47502,49.30932],[8.47811,49.30827],[8.4827,49.30583],[8.48508,49.30393],[8.48715,49.30165],[8.48888,49.29761],[8.48921,49.29613],[8.48907,49.29312],[8.48727,49.29003],[8.4858,49.28858],[8.48226,49.28654],[8.47859,49.28546],[8.4726,49.28453],[8.46931,49.28375],[8.46518,49.28234],[8.46085,49.2805],[8.45819,49.27911],[8.45405,49.27603],[8.44802,49.26933],[8.44555,49.26688],[8.4398,49.26235],[8.43602,49.25993],[8.43162,49.25768],[8.42625,49.25536],[8.41307,49.24982],[8.40708,49.2472],[8.40069,49.24416],[8.39747,49.24197]],[[8.68371,49.61911],[8.68007,49.61866],[8.68012,49.62029],[8.68405,49.62022],[8.68371,49.61911]]],[[[8.71192,47.70103],[8.70847,47.70401],[8.70701,47.70974],[8.705,47.71213],[8.70463,47.71331],[8.70155,47.71518],[8.69855,47.71497],[8.69742,47.71382],[8.68971,47.71177],[8.68959,47.71076],[8.69038,47.70946],[8.68615,47.70867],[8.68406,47.70869],[8.68008,47.71043],[8.6816,47.71226],[8.67731,47.71303],[8.67389,47.71252],[8.67228,47.71103],[8.67079,47.71072],[8.6667,47.71268],[8.66432,47.71332],[8.66588,47.70793],[8.67384,47.70479],[8.67652,47.69784],[8.67403,47.69791],[8.67425,47.69612],[8.66975,47.69367],[8.66809,47.6933],[8.6683,47.69218],[8.66462,47.69206],[8.65847,47.69134],[8.65959,47.69057],[8.65954,47.68943],[8.66192,47.68835],[8.66385,47.68803],[8.66335,47.68589],[8.66611,47.6856],[8.66955,47.68461],[8.67756,47.68725],[8.6815,47.68972],[8.68403,47.69094],[8.68722,47.69352],[8.68789,47.69454],[8.68971,47.69548],[8.69193,47.69513],[8.69808,47.69342],[8.70159,47.69194],[8.70365,47.69075],[8.70666,47.68981],[8.70931,47.68951],[8.71512,47.68965],[8.71772,47.69074],[8.71674,47.69236],[8.71749,47.69272],[8.71741,47.69497],[8.71531,47.6951],[8.71109,47.69622],[8.71192,47.70103]]],[[[9.12858,47.84682],[9.12652,47.8483],[9.12683,47.84953],[9.12878,47.85167],[9.12887,47.85373],[9.12595,47.85471],[9.12257,47.85646],[9.11949,47.85736],[9.11779,47.85893],[9.12123,47.85958],[9.12105,47.86063],[9.12183,47.86155],[9.12579,47.86174],[9.12606,47.86073],[9.12932,47.86155],[9.12999,47.86247],[9.13163,47.86322],[9.13241,47.8623],[9.13511,47.86106],[9.13734,47.85961],[9.13855,47.86014],[9.13877,47.86138],[9.13059,47.86536],[9.13392,47.86813],[9.13817,47.87017],[9.14042,47.87024],[9.14349,47.87201],[9.14391,47.87305],[9.14593,47.87294],[9.14515,47.8757],[9.14655,47.87765],[9.149,47.87852],[9.14791,47.88002],[9.14809,47.88133],[9.14917,47.88446],[9.14693,47.88513],[9.14699,47.88756],[9.14837,47.88676],[9.14967,47.88703],[9.14888,47.88849],[9.1465,47.88921],[9.14628,47.89144],[9.14707,47.89402],[9.14806,47.8945],[9.1511,47.89498],[9.14687,47.8979],[9.14193,47.89811],[9.13927,47.89751],[9.13652,47.89744],[9.13286,47.89887],[9.12819,47.89841],[9.12755,47.89979],[9.12621,47.90089],[9.12341,47.90213],[9.12159,47.90218],[9.12143,47.903],[9.11838,47.90448],[9.11366,47.9055],[9.11088,47.90664],[9.10943,47.90578],[9.10771,47.9065],[9.10461,47.90572],[9.10175,47.91063],[9.09894,47.91185],[9.09724,47.91432],[9.09458,47.91363],[9.08481,47.91629],[9.07629,47.91698],[9.07605,47.91634],[9.07229,47.91688],[9.06834,47.91606],[9.06683,47.91612],[9.06558,47.91773],[9.06668,47.9216],[9.0675,47.92659],[9.06916,47.92936],[9.06961,47.93106],[9.07149,47.93246],[9.07523,47.9341],[9.07734,47.93559],[9.0794,47.93786],[9.08311,47.93941],[9.07764,47.9416],[9.0741,47.94224],[9.07073,47.94224],[9.06637,47.94137],[9.0633,47.93994],[9.06012,47.94037],[9.05893,47.93944],[9.05618,47.93913],[9.0494,47.93549],[9.04495,47.93635],[9.0389,47.93633],[9.03396,47.93654],[9.02509,47.93554],[9.02335,47.9365],[9.01991,47.93774],[9.01205,47.93692],[9.00823,47.93448],[9.00261,47.9343],[8.99928,47.9339],[8.99517,47.93263],[8.984,47.93797],[8.98157,47.93811],[8.97871,47.93753],[8.98065,47.9355],[8.9755,47.93011],[8.97654,47.92617],[8.98045,47.92461],[8.9732,47.9223],[8.97039,47.92387],[8.96484,47.9242],[8.96146,47.92725],[8.95986,47.92943],[8.95672,47.93142],[8.95291,47.93411],[8.95134,47.93205],[8.94475,47.92886],[8.93792,47.92666],[8.93283,47.9247],[8.92972,47.92393],[8.92363,47.9221],[8.91883,47.92198],[8.91766,47.92102],[8.91548,47.92056],[8.91204,47.92063],[8.90517,47.91993],[8.90344,47.91876],[8.90448,47.91721],[8.9029,47.91552],[8.90003,47.91467],[8.89809,47.91539],[8.89535,47.91528],[8.89354,47.91487],[8.89035,47.91366],[8.88803,47.91357],[8.87959,47.91211],[8.87707,47.91046],[8.87634,47.90866],[8.87332,47.90658],[8.87187,47.90433],[8.8688,47.9021],[8.86568,47.90043],[8.86365,47.89782],[8.86445,47.89316],[8.86301,47.89247],[8.85939,47.89161],[8.85757,47.89185],[8.85675,47.89081],[8.8575,47.88996],[8.85912,47.88958],[8.85367,47.88539],[8.85231,47.88183],[8.8472,47.88029],[8.84533,47.87798],[8.84293,47.87919],[8.84054,47.87973],[8.82687,47.8813],[8.82572,47.88161],[8.81765,47.88716],[8.8197,47.88926],[8.82034,47.89202],[8.82345,47.89406],[8.81948,47.89612],[8.8188,47.89719],[8.81867,47.89907],[8.82198,47.90294],[8.82068,47.90336],[8.81986,47.90532],[8.82061,47.90665],[8.81904,47.90818],[8.81903,47.91015],[8.82029,47.91104],[8.8223,47.91124],[8.82391,47.91185],[8.82415,47.9134],[8.82246,47.91507],[8.82242,47.91611],[8.82369,47.91694],[8.82451,47.9187],[8.82325,47.91947],[8.82185,47.92162],[8.81978,47.92399],[8.82053,47.92745],[8.81658,47.92684],[8.81622,47.92527],[8.81474,47.92426],[8.81328,47.92191],[8.80793,47.91924],[8.80454,47.91895],[8.80137,47.91716],[8.80031,47.91587],[8.79932,47.91362],[8.80117,47.91228],[8.80262,47.90905],[8.80432,47.90708],[8.80323,47.90528],[8.80164,47.90371],[8.80111,47.90218],[8.79887,47.901],[8.79784,47.89838],[8.79809,47.8971],[8.7993,47.89593],[8.80129,47.89497],[8.80155,47.89313],[8.80031,47.89044],[8.80146,47.88924],[8.80341,47.88848],[8.80687,47.88771],[8.8095,47.88653],[8.80869,47.88609],[8.80192,47.88767],[8.79683,47.89069],[8.79271,47.89224],[8.78996,47.89271],[8.7869,47.89467],[8.7833,47.89563],[8.78274,47.89488],[8.7788,47.89543],[8.77363,47.89464],[8.76963,47.89188],[8.76448,47.89026],[8.76004,47.89064],[8.75733,47.89053],[8.75207,47.88913],[8.74593,47.88673],[8.74223,47.88587],[8.73964,47.88473],[8.73563,47.88455],[8.73318,47.88504],[8.73154,47.88687],[8.7302,47.88781],[8.72795,47.89259],[8.72772,47.89521],[8.72716,47.89734],[8.7258,47.90068],[8.7244,47.90157],[8.72247,47.90093],[8.72198,47.89971],[8.71975,47.89887],[8.71875,47.89756],[8.71464,47.89458],[8.71745,47.88996],[8.7167,47.888],[8.71099,47.88511],[8.71078,47.88322],[8.70867,47.88026],[8.7072,47.87977],[8.70312,47.88398],[8.6989,47.88648],[8.69469,47.88826],[8.69075,47.8882],[8.691,47.88447],[8.69039,47.88231],[8.69684,47.8766],[8.69478,47.87557],[8.69499,47.87333],[8.69366,47.87256],[8.69481,47.87089],[8.6975,47.86947],[8.69772,47.86798],[8.69646,47.86778],[8.6977,47.86558],[8.69817,47.86384],[8.69621,47.86285],[8.69602,47.86046],[8.68994,47.85973],[8.68887,47.85863],[8.68554,47.85875],[8.68902,47.85631],[8.69182,47.85254],[8.68807,47.85141],[8.68725,47.85239],[8.67824,47.84956],[8.67465,47.84983],[8.67196,47.84871],[8.67,47.84908],[8.66812,47.85022],[8.66744,47.84822],[8.66589,47.8479],[8.66293,47.84839],[8.65509,47.84625],[8.65586,47.84854],[8.65266,47.85032],[8.65173,47.84972],[8.65047,47.85099],[8.65053,47.85349],[8.64638,47.85533],[8.64491,47.85625],[8.64015,47.85481],[8.63669,47.85072],[8.63761,47.84902],[8.63489,47.84784],[8.63565,47.84606],[8.63424,47.84582],[8.63161,47.8431],[8.63028,47.84228],[8.62878,47.84004],[8.6285,47.83594],[8.62906,47.83246],[8.62639,47.82763],[8.62707,47.82237],[8.6233,47.81958],[8.62283,47.81798],[8.62572,47.81416],[8.62322,47.81334],[8.6212,47.81345],[8.61995,47.81289],[8.61831,47.81011],[8.61534,47.81031],[8.6176,47.808],[8.61896,47.80559],[8.61772,47.80325],[8.61383,47.80108],[8.61574,47.79947],[8.61862,47.79833],[8.61884,47.79749],[8.61782,47.79594],[8.62041,47.79549],[8.62206,47.79466],[8.62043,47.7908],[8.62041,47.78876],[8.61807,47.7874],[8.61568,47.78706],[8.61501,47.7849],[8.61512,47.78323],[8.61756,47.78029],[8.6184,47.77986],[8.61884,47.77794],[8.62317,47.77717],[8.62098,47.77186],[8.61926,47.77009],[8.61927,47.76733],[8.62492,47.76377],[8.62599,47.76163],[8.62768,47.75926],[8.63153,47.75825],[8.63325,47.76013],[8.63666,47.76163],[8.63995,47.76408],[8.64136,47.76428],[8.64239,47.76515],[8.64465,47.76428],[8.64767,47.76697],[8.64556,47.7685],[8.64906,47.77006],[8.65303,47.77336],[8.65122,47.7743],[8.64802,47.77394],[8.64822,47.77568],[8.64913,47.77756],[8.64996,47.78129],[8.64934,47.78397],[8.64788,47.78479],[8.6455,47.78685],[8.64555,47.79021],[8.64651,47.79287],[8.64654,47.79467],[8.64877,47.79471],[8.64877,47.79716],[8.64943,47.79849],[8.6548,47.80009],[8.65701,47.80037],[8.65824,47.79817],[8.66021,47.79598],[8.66001,47.79405],[8.65861,47.79325],[8.65742,47.79161],[8.66178,47.79163],[8.66504,47.79018],[8.66718,47.78771],[8.66977,47.78738],[8.67111,47.7877],[8.67615,47.78569],[8.67834,47.78686],[8.68092,47.78667],[8.6801,47.78509],[8.68173,47.78427],[8.68157,47.7835],[8.68294,47.78047],[8.68247,47.77866],[8.68279,47.77716],[8.68516,47.77541],[8.68825,47.77365],[8.68628,47.77194],[8.68321,47.77051],[8.68504,47.76805],[8.68804,47.76169],[8.68755,47.76032],[8.68789,47.75911],[8.69263,47.75616],[8.69495,47.75595],[8.6958,47.75675],[8.69768,47.75678],[8.69899,47.75974],[8.70135,47.76086],[8.70181,47.76044],[8.70686,47.76371],[8.70945,47.76327],[8.71171,47.76487],[8.71418,47.7655],[8.7175,47.76424],[8.71865,47.76462],[8.72091,47.76322],[8.72186,47.76425],[8.72357,47.76374],[8.72298,47.76283],[8.72611,47.7627],[8.73066,47.75959],[8.72885,47.75788],[8.73527,47.75499],[8.73619,47.75393],[8.73979,47.75309],[8.74108,47.75185],[8.74045,47.74956],[8.74148,47.74807],[8.74051,47.74776],[8.7394,47.74642],[8.73423,47.7467],[8.73107,47.74581],[8.72795,47.74624],[8.72664,47.74507],[8.72351,47.74574],[8.72153,47.74386],[8.72012,47.74108],[8.71434,47.7387],[8.71467,47.73708],[8.71297,47.73459],[8.71195,47.73086],[8.71127,47.73007],[8.71212,47.72871],[8.71364,47.72795],[8.71555,47.72493],[8.71816,47.72143],[8.72117,47.72177],[8.72333,47.72122],[8.72443,47.72003],[8.72864,47.7189],[8.73042,47.71905],[8.73321,47.71837],[8.73629,47.71615],[8.73499,47.71528],[8.73193,47.71146],[8.73198,47.7102],[8.73047,47.70814],[8.73118,47.70766],[8.72903,47.70331],[8.7264,47.69667],[8.72666,47.69536],[8.72798,47.69268],[8.73322,47.69276],[8.73587,47.6924],[8.73922,47.69163],[8.74366,47.69097],[8.74884,47.69087],[8.75396,47.69018],[8.75787,47.68926],[8.76598,47.68641],[8.76994,47.6844],[8.77291,47.68169],[8.77754,47.67985],[8.78421,47.67701],[8.78964,47.67524],[8.79208,47.675],[8.79571,47.6756],[8.79345,47.67927],[8.79334,47.67993],[8.79606,47.68579],[8.79653,47.68778],[8.79977,47.69173],[8.80294,47.69232],[8.80581,47.69158],[8.80993,47.69326],[8.80618,47.69644],[8.80317,47.69628],[8.7978,47.69734],[8.79853,47.69938],[8.79772,47.70231],[8.79194,47.70505],[8.78707,47.70454],[8.78253,47.70502],[8.77958,47.70562],[8.77468,47.70579],[8.77153,47.70682],[8.7695,47.70672],[8.76959,47.70902],[8.77125,47.71005],[8.77126,47.71203],[8.77281,47.71319],[8.77089,47.7149],[8.77031,47.71903],[8.7721,47.71846],[8.77482,47.71934],[8.777,47.72076],[8.77613,47.72273],[8.7808,47.72172],[8.78224,47.72329],[8.78239,47.72432],[8.78379,47.725],[8.78357,47.72614],[8.78505,47.72718],[8.78649,47.7263],[8.78849,47.72783],[8.79055,47.72733],[8.79182,47.72891],[8.799,47.72728],[8.79904,47.7286],[8.79644,47.73467],[8.79942,47.73538],[8.79913,47.7361],[8.80427,47.73666],[8.80494,47.7381],[8.80644,47.73831],[8.80747,47.73706],[8.80701,47.73454],[8.80847,47.73108],[8.8124,47.73043],[8.81092,47.72968],[8.81114,47.72812],[8.80491,47.72569],[8.80493,47.72447],[8.80762,47.72464],[8.81265,47.72388],[8.81859,47.71765],[8.825,47.71894],[8.82618,47.71791],[8.82516,47.71698],[8.81883,47.71351],[8.81885,47.71287],[8.82294,47.71216],[8.82266,47.71138],[8.82413,47.71092],[8.82982,47.71199],[8.8307,47.71348],[8.83326,47.71458],[8.83392,47.71374],[8.83527,47.71376],[8.84051,47.71278],[8.84095,47.71209],[8.84302,47.71226],[8.84557,47.71103],[8.84611,47.7071],[8.84852,47.70349],[8.85317,47.70469],[8.85566,47.70472],[8.86109,47.70403],[8.86585,47.70537],[8.86834,47.70548],[8.86941,47.70444],[8.87138,47.70496],[8.87275,47.70406],[8.87196,47.703],[8.8697,47.70171],[8.87113,47.70004],[8.87356,47.6986],[8.87601,47.69674],[8.87453,47.6944],[8.87154,47.69361],[8.86694,47.69411],[8.86459,47.6926],[8.86293,47.69243],[8.86239,47.69327],[8.86463,47.6947],[8.86614,47.69649],[8.86335,47.69869],[8.86246,47.69749],[8.85998,47.69646],[8.85993,47.698],[8.85815,47.69875],[8.85433,47.69729],[8.85132,47.69766],[8.85029,47.69449],[8.85196,47.69416],[8.85454,47.69455],[8.8572,47.69284],[8.85608,47.68909],[8.8532,47.68799],[8.85294,47.68617],[8.85099,47.68571],[8.85051,47.68451],[8.85067,47.68283],[8.85009,47.68148],[8.8508,47.68097],[8.85388,47.68092],[8.85679,47.68025],[8.86033,47.68059],[8.86381,47.67867],[8.86743,47.67599],[8.87069,47.67161],[8.87345,47.67046],[8.87536,47.66261],[8.87605,47.66072],[8.87533,47.65987],[8.875,47.65597],[8.87881,47.65646],[8.87979,47.6556],[8.88353,47.65575],[8.88965,47.6543],[8.89366,47.65218],[8.8956,47.65223],[8.89747,47.65273],[8.90162,47.65477],[8.90796,47.65557],[8.91083,47.65521],[8.91241,47.65554],[8.91491,47.65726],[8.92117,47.65894],[8.92481,47.65975],[8.92765,47.66014],[8.93012,47.65897],[8.93635,47.65924],[8.9379,47.6591],[8.93832,47.66088],[8.93909,47.66167],[8.94233,47.66354],[8.94733,47.66537],[8.95032,47.66768],[8.95226,47.66815],[8.957,47.67041],[8.96192,47.67139],[8.96543,47.67131],[8.96965,47.67211],[8.97092,47.67202],[8.97227,47.67482],[8.97431,47.67684],[8.97718,47.67835],[8.98255,47.67946],[8.98533,47.68078],[8.9859,47.68136],[8.99068,47.68214],[8.99159,47.68334],[8.99579,47.68507],[8.99686,47.68645],[8.99829,47.68695],[9.00052,47.68958],[9.00167,47.69149],[9.00392,47.69284],[9.00567,47.69482],[9.0059,47.69682],[9.00101,47.70142],[8.99915,47.70336],[8.99669,47.70504],[8.99233,47.70705],[8.98703,47.70807],[8.98088,47.70961],[8.97694,47.71035],[8.9728,47.71154],[8.96841,47.71416],[8.96466,47.7161],[8.962,47.71711],[8.9554,47.71999],[8.95302,47.72084],[8.95027,47.72116],[8.94666,47.72249],[8.94539,47.72266],[8.94264,47.72395],[8.94057,47.72654],[8.93983,47.72806],[8.93973,47.72981],[8.94037,47.73217],[8.9422,47.73371],[8.94549,47.73487],[8.94721,47.73573],[8.94942,47.73618],[8.95263,47.73623],[8.95588,47.73659],[8.95655,47.73694],[8.96069,47.73717],[8.96181,47.73628],[8.96431,47.73646],[8.96857,47.73528],[8.9687,47.73415],[8.97059,47.73397],[8.97353,47.73507],[8.97535,47.73501],[8.97873,47.7338],[8.98367,47.73236],[8.98787,47.73005],[8.9922,47.72903],[8.99453,47.72723],[8.99859,47.72677],[8.99816,47.72552],[8.99992,47.72523],[9.00407,47.72595],[9.00506,47.7247],[9.00557,47.72319],[9.00772,47.72334],[9.00798,47.72278],[9.00506,47.72253],[9.00615,47.72174],[9.0083,47.72177],[9.00976,47.72079],[9.01337,47.71992],[9.01493,47.71997],[9.01558,47.72181],[9.0141,47.72324],[9.01224,47.7243],[9.0083,47.72739],[9.00266,47.72985],[9.00149,47.73086],[9.00052,47.73289],[8.99915,47.73368],[8.99109,47.73445],[8.98781,47.73557],[8.98634,47.73659],[8.98556,47.73852],[8.98385,47.73912],[8.98318,47.74023],[8.98398,47.74198],[8.9867,47.74314],[8.98986,47.74347],[8.99475,47.74289],[8.99708,47.74196],[8.99934,47.7402],[9.00153,47.73771],[9.00548,47.73605],[9.00759,47.73584],[9.01074,47.73436],[9.01447,47.73211],[9.01696,47.73119],[9.01901,47.73089],[9.01994,47.72996],[9.02306,47.72837],[9.02647,47.72791],[9.02914,47.72707],[9.03339,47.72687],[9.03602,47.72601],[9.03736,47.72394],[9.03982,47.72317],[9.04275,47.72283],[9.04575,47.72192],[9.05102,47.71961],[9.05369,47.71901],[9.0582,47.71735],[9.06598,47.71484],[9.0685,47.7127],[9.07248,47.71205],[9.07568,47.71071],[9.08351,47.70824],[9.08688,47.70791],[9.09183,47.70701],[9.09402,47.7059],[9.09428,47.70472],[9.09801,47.70261],[9.09956,47.70207],[9.10106,47.70002],[9.10221,47.69927],[9.10309,47.69769],[9.1056,47.69618],[9.10653,47.69525],[9.10653,47.69349],[9.10789,47.69097],[9.10423,47.69133],[9.10309,47.69013],[9.10258,47.6881],[9.09897,47.68758],[9.09727,47.68789],[9.09378,47.6892],[9.09234,47.68907],[9.09043,47.68808],[9.08783,47.68805],[9.0847,47.68917],[9.08152,47.69073],[9.07787,47.69428],[9.07535,47.69536],[9.07313,47.69742],[9.07193,47.69811],[9.0686,47.69884],[9.0665,47.69867],[9.0627,47.70144],[9.0604,47.70341],[9.05708,47.70417],[9.05621,47.70244],[9.05388,47.70232],[9.05178,47.70318],[9.0482,47.70715],[9.04174,47.7083],[9.04166,47.70696],[9.04253,47.70545],[9.04461,47.70403],[9.04322,47.70336],[9.04395,47.70254],[9.04291,47.70155],[9.04086,47.7009],[9.04362,47.69879],[9.04396,47.69739],[9.04248,47.69468],[9.04333,47.69337],[9.04665,47.69236],[9.04851,47.69209],[9.05296,47.69055],[9.05383,47.68968],[9.05525,47.69019],[9.06079,47.68878],[9.06386,47.68762],[9.06808,47.6865],[9.06993,47.68533],[9.0718,47.68484],[9.07442,47.68501],[9.07989,47.68412],[9.08114,47.6833],[9.08442,47.68406],[9.08536,47.68493],[9.08753,47.68505],[9.09262,47.68639],[9.09512,47.68645],[9.09746,47.68572],[9.10548,47.68606],[9.10563,47.68513],[9.10913,47.68488],[9.11313,47.68502],[9.114,47.68426],[9.11468,47.6826],[9.11736,47.68034],[9.11804,47.67913],[9.12131,47.67698],[9.12425,47.67545],[9.12589,47.67386],[9.12593,47.67271],[9.12687,47.67126],[9.12707,47.66927],[9.12817,47.66713],[9.12781,47.66661],[9.13078,47.66598],[9.13342,47.66583],[9.13836,47.66426],[9.14001,47.66417],[9.14259,47.66466],[9.14653,47.66718],[9.14974,47.66759],[9.15197,47.66726],[9.15788,47.66592],[9.15949,47.66428],[9.16016,47.6623],[9.1694,47.65618],[9.17049,47.65471],[9.17203,47.65537],[9.17535,47.65576],[9.17581,47.65394],[9.18219,47.65589],[9.18128,47.65651],[9.18109,47.65776],[9.17886,47.65722],[9.17855,47.65782],[9.17877,47.66064],[9.18012,47.66069],[9.17972,47.66288],[9.179,47.66341],[9.17895,47.66518],[9.17744,47.66601],[9.17843,47.66699],[9.17998,47.66649],[9.18254,47.6664],[9.1874,47.66682],[9.18926,47.6668],[9.19372,47.66613],[9.19908,47.66497],[9.20074,47.66499],[9.20278,47.66409],[9.20726,47.66316],[9.2086,47.66339],[9.21142,47.66506],[9.21776,47.66667],[9.21632,47.66854],[9.21444,47.67032],[9.2106,47.67555],[9.21041,47.67777],[9.21081,47.67982],[9.21184,47.68077],[9.21141,47.68244],[9.20916,47.68453],[9.2076,47.6871],[9.20258,47.69109],[9.19744,47.69387],[9.19172,47.69627],[9.18871,47.6972],[9.18621,47.69923],[9.18603,47.70088],[9.18529,47.70208],[9.18154,47.7035],[9.17961,47.70515],[9.17929,47.70659],[9.18019,47.70838],[9.17946,47.70962],[9.18102,47.71164],[9.17992,47.71683],[9.17909,47.71838],[9.17827,47.72143],[9.17803,47.7256],[9.17628,47.7275],[9.17441,47.73113],[9.1747,47.7323],[9.17332,47.73441],[9.17043,47.73571],[9.1686,47.73583],[9.1651,47.73693],[9.16161,47.73851],[9.15623,47.74172],[9.15183,47.74489],[9.14976,47.74706],[9.14907,47.74871],[9.14684,47.74889],[9.14541,47.74804],[9.13801,47.74746],[9.13628,47.74711],[9.13299,47.74896],[9.12985,47.75021],[9.12635,47.75216],[9.11829,47.7583],[9.11601,47.75958],[9.11299,47.76037],[9.11124,47.76147],[9.10909,47.76226],[9.10411,47.763],[9.10119,47.76435],[9.0973,47.76565],[9.0946,47.76623],[9.09233,47.76641],[9.08334,47.77082],[9.08072,47.77183],[9.07811,47.77363],[9.075,47.77485],[9.07394,47.77588],[9.0697,47.77764],[9.06634,47.77985],[9.06481,47.7812],[9.06408,47.78245],[9.06169,47.78338],[9.06,47.7847],[9.05752,47.7876],[9.05602,47.78891],[9.05269,47.7904],[9.05021,47.79198],[9.04916,47.79321],[9.04817,47.79572],[9.04327,47.79755],[9.04147,47.79953],[9.03925,47.80094],[9.0346,47.8021],[9.0321,47.80356],[9.03099,47.8047],[9.03053,47.80652],[9.03117,47.80753],[9.03262,47.8083],[9.03424,47.80837],[9.03363,47.80949],[9.03391,47.81141],[9.03504,47.8126],[9.03688,47.81362],[9.03948,47.81389],[9.03949,47.81504],[9.03832,47.81666],[9.03954,47.81748],[9.04576,47.81648],[9.05285,47.81505],[9.0554,47.8141],[9.05866,47.81487],[9.06214,47.81473],[9.06534,47.81283],[9.06798,47.80948],[9.07053,47.8073],[9.07396,47.80573],[9.07594,47.80423],[9.08624,47.79908],[9.08776,47.79754],[9.09093,47.79656],[9.09645,47.79456],[9.1009,47.79384],[9.10372,47.79317],[9.10907,47.79081],[9.11084,47.78904],[9.1143,47.78741],[9.11708,47.78636],[9.11965,47.78436],[9.12443,47.78236],[9.12621,47.78126],[9.12785,47.77971],[9.1301,47.77639],[9.13347,47.77262],[9.13537,47.77172],[9.13931,47.76902],[9.14286,47.76823],[9.14581,47.76803],[9.14893,47.76816],[9.15167,47.76788],[9.15578,47.76679],[9.16005,47.76532],[9.16397,47.7635],[9.1643,47.76374],[9.17383,47.75968],[9.17767,47.75827],[9.17996,47.75833],[9.18198,47.75729],[9.18825,47.75326],[9.19127,47.75205],[9.19241,47.75085],[9.19437,47.75047],[9.19672,47.75049],[9.19888,47.74958],[9.20085,47.74925],[9.20482,47.74812],[9.20645,47.7479],[9.21446,47.74538],[9.21983,47.74299],[9.2225,47.74113],[9.22477,47.7403],[9.22598,47.73884],[9.22702,47.73541],[9.22596,47.73324],[9.22643,47.7298],[9.22616,47.72874],[9.22716,47.72713],[9.22857,47.72691],[9.22771,47.7256],[9.22846,47.72346],[9.23033,47.71984],[9.23236,47.71786],[9.2351,47.71577],[9.23669,47.71404],[9.23808,47.71123],[9.23927,47.71008],[9.24414,47.70644],[9.2475,47.70416],[9.25615,47.69892],[9.26342,47.6948],[9.26749,47.69313],[9.27173,47.69197],[9.27224,47.69232],[9.27512,47.6914],[9.2758,47.69055],[9.28048,47.6884],[9.28217,47.68724],[9.28593,47.68542],[9.29116,47.6822],[9.29601,47.68071],[9.29831,47.67952],[9.30237,47.67806],[9.30367,47.67722],[9.30665,47.67633],[9.31042,47.67422],[9.3127,47.67348],[9.31491,47.67399],[9.31666,47.67332],[9.32137,47.67276],[9.32403,47.67215],[9.32716,47.6708],[9.3303,47.66879],[9.33258,47.66697],[9.33388,47.66643],[9.33644,47.66658],[9.3385,47.66534],[9.34236,47.66356],[9.34931,47.66095],[9.35125,47.6611],[9.35719,47.66043],[9.35885,47.66173],[9.36114,47.6619],[9.36448,47.66337],[9.36737,47.66356],[9.36901,47.66501],[9.37129,47.66477],[9.37414,47.66569],[9.37648,47.66469],[9.37796,47.66526],[9.37869,47.6647],[9.38279,47.66557],[9.38525,47.66534],[9.38625,47.66561],[9.38755,47.66478],[9.38816,47.66665],[9.39269,47.66784],[9.39423,47.66754],[9.39879,47.6684],[9.40163,47.66787],[9.40389,47.66827],[9.4074,47.66813],[9.40933,47.66701],[9.41096,47.6673],[9.41453,47.66724],[9.42215,47.6654],[9.42332,47.66407],[9.42598,47.66224],[9.42791,47.66158],[9.43419,47.65719],[9.43695,47.65653],[9.44069,47.65703],[9.4446,47.65695],[9.44723,47.65607],[9.45386,47.65422],[9.45599,47.65292],[9.45652,47.652],[9.46009,47.6516],[9.46102,47.65109],[9.46299,47.64842],[9.46521,47.64845],[9.46669,47.64963],[9.47039,47.65052],[9.47067,47.65112],[9.47494,47.65102],[9.4792,47.64918],[9.48123,47.64934],[9.48212,47.64885],[9.48603,47.6507],[9.4883,47.65141],[9.49116,47.65067],[9.492,47.65085],[9.49422,47.65008],[9.49528,47.65013],[9.49607,47.64876],[9.49795,47.6474],[9.50111,47.64629],[9.50308,47.64457],[9.505,47.64228],[9.5081,47.63961],[9.50953,47.63795],[9.51097,47.63716],[9.51188,47.63545],[9.51506,47.63496],[9.51619,47.63324],[9.51671,47.63145],[9.51628,47.62891],[9.51711,47.62741],[9.51834,47.62354],[9.51816,47.62143],[9.52057,47.61965],[9.52167,47.6177],[9.5245,47.6158],[9.52746,47.61534],[9.52658,47.61327],[9.52793,47.61016],[9.5282,47.60823],[9.52776,47.60725],[9.52929,47.60382],[9.53071,47.60258],[9.53271,47.60216],[9.53614,47.5986],[9.53665,47.59714],[9.53793,47.59685],[9.54067,47.59533],[9.54266,47.5946],[9.54451,47.5927],[9.54599,47.59175],[9.55034,47.58768],[9.55133,47.58955],[9.55252,47.58814],[9.55406,47.58928],[9.55345,47.59066],[9.55595,47.59018],[9.55396,47.58754],[9.55611,47.5869],[9.55809,47.58935],[9.56016,47.58985],[9.56138,47.58889],[9.56059,47.58664],[9.55876,47.58593],[9.55965,47.58482],[9.56555,47.58509],[9.57197,47.58417],[9.57358,47.58444],[9.57766,47.58614],[9.58325,47.58602],[9.5871,47.58679],[9.59139,47.58692],[9.59174,47.58771],[9.59555,47.58809],[9.5989,47.58702],[9.60105,47.58555],[9.60208,47.58434],[9.60589,47.5857],[9.60811,47.58251],[9.61135,47.58373],[9.61406,47.58115],[9.61976,47.58323],[9.61981,47.58443],[9.62072,47.58516],[9.62016,47.58679],[9.62091,47.58845],[9.62634,47.59249],[9.63139,47.59312],[9.6331,47.59406],[9.63571,47.59321],[9.63927,47.59074],[9.642,47.58965],[9.64421,47.59029],[9.64521,47.59192],[9.64486,47.59256],[9.64269,47.5935],[9.64227,47.59565],[9.64088,47.59692],[9.64097,47.5991],[9.63998,47.60117],[9.63789,47.60218],[9.63597,47.60246],[9.63769,47.60439],[9.6394,47.6039],[9.64184,47.6037],[9.64676,47.60402],[9.64764,47.6052],[9.65382,47.60558],[9.65335,47.60761],[9.65423,47.60793],[9.65771,47.61172],[9.67144,47.61137],[9.67646,47.60839],[9.67754,47.6068],[9.6781,47.6049],[9.68389,47.60456],[9.68687,47.60612],[9.68898,47.60762],[9.69215,47.61042],[9.69258,47.61204],[9.69129,47.61218],[9.69148,47.61338],[9.6892,47.61449],[9.68879,47.61681],[9.69079,47.61785],[9.69099,47.61878],[9.69328,47.61933],[9.69242,47.62052],[9.69126,47.62038],[9.68993,47.62191],[9.686,47.62191],[9.68528,47.62587],[9.68239,47.62763],[9.68385,47.63074],[9.68868,47.63322],[9.68859,47.63557],[9.69096,47.63543],[9.69469,47.63458],[9.69621,47.63497],[9.69913,47.6366],[9.70036,47.63634],[9.70417,47.6327],[9.7061,47.6319],[9.70869,47.6317],[9.71087,47.63221],[9.71232,47.63305],[9.71416,47.63591],[9.71548,47.63645],[9.71994,47.63706],[9.72085,47.63679],[9.72101,47.63428],[9.72328,47.63315],[9.72457,47.63396],[9.72336,47.63633],[9.72416,47.63757],[9.72697,47.63844],[9.72931,47.63766],[9.73038,47.63809],[9.73204,47.64154],[9.7343,47.64257],[9.73371,47.64519],[9.7348,47.646],[9.73802,47.64636],[9.73935,47.64686],[9.74039,47.64832],[9.74034,47.65039],[9.73973,47.65201],[9.74246,47.65284],[9.74434,47.65439],[9.7412,47.65747],[9.74039,47.66015],[9.73753,47.66045],[9.73895,47.66252],[9.73953,47.66537],[9.73837,47.66565],[9.7379,47.66713],[9.73549,47.66697],[9.73279,47.6678],[9.73039,47.66707],[9.72969,47.67289],[9.73045,47.67665],[9.73128,47.67845],[9.73089,47.67909],[9.72839,47.67923],[9.72784,47.68047],[9.72878,47.68111],[9.72696,47.68262],[9.72588,47.68421],[9.72352,47.68429],[9.72019,47.68519],[9.71659,47.6853],[9.71419,47.68616],[9.70958,47.68712],[9.70856,47.68712],[9.70494,47.68627],[9.7067,47.68515],[9.70336,47.68235],[9.7009,47.68597],[9.69999,47.6863],[9.69656,47.68864],[9.69509,47.68853],[9.69325,47.68764],[9.69206,47.68645],[9.68996,47.68528],[9.68437,47.68269],[9.6824,47.68254],[9.67545,47.68585],[9.67127,47.68597],[9.66928,47.68556],[9.66801,47.68437],[9.66633,47.68362],[9.66444,47.68341],[9.66274,47.68395],[9.66267,47.68486],[9.66408,47.68557],[9.66205,47.68873],[9.65671,47.68908],[9.65227,47.69123],[9.65142,47.6937],[9.65165,47.69465],[9.65645,47.70422],[9.65472,47.70552],[9.65286,47.70431],[9.64941,47.70407],[9.64963,47.70257],[9.64726,47.70286],[9.6456,47.70235],[9.64141,47.70507],[9.63917,47.70482],[9.63507,47.70494],[9.63226,47.70427],[9.63072,47.70342],[9.6302,47.70205],[9.62784,47.70128],[9.6256,47.70132],[9.62377,47.70182],[9.62324,47.70303],[9.62478,47.70315],[9.62408,47.7066],[9.62225,47.70827],[9.62055,47.70893],[9.62046,47.711],[9.61723,47.71122],[9.6155,47.7104],[9.61291,47.71122],[9.61277,47.7129],[9.61331,47.71472],[9.61516,47.71505],[9.61475,47.71583],[9.61192,47.71693],[9.61121,47.71804],[9.6043,47.72101],[9.60296,47.72022],[9.6006,47.72206],[9.60213,47.72344],[9.59945,47.72489],[9.5981,47.72596],[9.59174,47.72677],[9.58942,47.72621],[9.58669,47.72826],[9.58457,47.72881],[9.5811,47.73041],[9.57962,47.7295],[9.57973,47.73168],[9.57574,47.73424],[9.57332,47.73412],[9.56917,47.73714],[9.56825,47.73639],[9.56656,47.73641],[9.5662,47.73556],[9.56791,47.73482],[9.56506,47.73191],[9.56422,47.73146],[9.56192,47.73169],[9.56031,47.73343],[9.55887,47.73381],[9.55742,47.73277],[9.55097,47.733],[9.54022,47.73438],[9.53869,47.73487],[9.54012,47.73693],[9.53937,47.7378],[9.53423,47.73768],[9.53352,47.73653],[9.53744,47.73693],[9.53779,47.73526],[9.53543,47.73459],[9.53412,47.73526],[9.53271,47.73525],[9.5308,47.73358],[9.52783,47.73365],[9.52695,47.73128],[9.52565,47.73152],[9.52502,47.73035],[9.52347,47.73036],[9.52437,47.73175],[9.5218,47.73183],[9.51721,47.73313],[9.51685,47.73454],[9.51426,47.73269],[9.51311,47.73378],[9.51154,47.73354],[9.50825,47.7346],[9.50596,47.73494],[9.50241,47.73446],[9.50067,47.73381],[9.49993,47.7328],[9.49871,47.73283],[9.49784,47.73398],[9.49657,47.73419],[9.49658,47.73545],[9.49553,47.73665],[9.49277,47.73736],[9.49325,47.73887],[9.49452,47.73952],[9.49441,47.7414],[9.49506,47.74264],[9.49533,47.74476],[9.49671,47.74472],[9.49896,47.7484],[9.49811,47.75082],[9.50111,47.75078],[9.50093,47.75234],[9.49932,47.75261],[9.49936,47.75422],[9.49677,47.75416],[9.49628,47.75237],[9.49289,47.75263],[9.49161,47.75119],[9.48866,47.75348],[9.48392,47.75379],[9.48644,47.75749],[9.48695,47.76015],[9.48482,47.76023],[9.48156,47.7617],[9.47969,47.76354],[9.47818,47.76404],[9.47214,47.76483],[9.46518,47.76474],[9.46629,47.76311],[9.46466,47.76072],[9.46346,47.76106],[9.46144,47.75919],[9.45925,47.75899],[9.45958,47.75698],[9.45693,47.75594],[9.45513,47.75587],[9.45221,47.7567],[9.45266,47.7591],[9.4474,47.76029],[9.44948,47.76209],[9.4467,47.7631],[9.4441,47.76136],[9.44196,47.76456],[9.44227,47.76645],[9.44198,47.76761],[9.43982,47.76964],[9.44063,47.77043],[9.44078,47.77243],[9.43761,47.77314],[9.43548,47.77296],[9.43358,47.77355],[9.43459,47.77474],[9.43362,47.77544],[9.4353,47.77833],[9.43522,47.78],[9.43679,47.78208],[9.44052,47.78362],[9.44108,47.78472],[9.4428,47.78535],[9.44435,47.78653],[9.44754,47.7867],[9.45189,47.7876],[9.45325,47.78857],[9.45535,47.79074],[9.45703,47.79165],[9.45789,47.79436],[9.45868,47.79588],[9.45902,47.79769],[9.46006,47.79932],[9.45794,47.79989],[9.45745,47.80118],[9.45881,47.80118],[9.45907,47.80219],[9.46058,47.80212],[9.46179,47.80424],[9.45971,47.80503],[9.45973,47.80613],[9.46306,47.80789],[9.46202,47.80957],[9.45957,47.81063],[9.4574,47.81209],[9.45693,47.81288],[9.45355,47.81178],[9.45156,47.81276],[9.44976,47.81249],[9.44859,47.81172],[9.44683,47.8121],[9.44468,47.81107],[9.443,47.8118],[9.43828,47.81038],[9.43594,47.81042],[9.43595,47.81124],[9.43812,47.81149],[9.43835,47.81261],[9.4403,47.81272],[9.43879,47.81469],[9.43965,47.81498],[9.43878,47.81632],[9.43686,47.81629],[9.43816,47.81899],[9.43895,47.81861],[9.44198,47.82042],[9.44561,47.82194],[9.44591,47.82292],[9.44887,47.82548],[9.44469,47.8269],[9.44162,47.8248],[9.44045,47.82272],[9.43838,47.82516],[9.43328,47.82412],[9.42975,47.8241],[9.42741,47.82145],[9.42292,47.81809],[9.41949,47.82016],[9.4161,47.82027],[9.4135,47.81979],[9.40941,47.8216],[9.40605,47.82081],[9.40563,47.82152],[9.40207,47.8222],[9.39942,47.82162],[9.40269,47.81931],[9.40419,47.81721],[9.40044,47.81914],[9.39645,47.81962],[9.3943,47.82109],[9.39491,47.8222],[9.39356,47.8238],[9.39185,47.82448],[9.38706,47.82523],[9.38561,47.82393],[9.38168,47.82382],[9.37882,47.82618],[9.37946,47.82804],[9.37994,47.83096],[9.37747,47.83215],[9.37526,47.83366],[9.37195,47.83466],[9.36723,47.83798],[9.36477,47.84069],[9.36077,47.84422],[9.35406,47.84832],[9.34758,47.85132],[9.33926,47.8574],[9.34214,47.85939],[9.33836,47.86218],[9.33308,47.8634],[9.33021,47.86341],[9.32845,47.86392],[9.32769,47.86516],[9.32618,47.86408],[9.3249,47.86617],[9.32064,47.86719],[9.31777,47.86528],[9.31606,47.866],[9.31178,47.86205],[9.30542,47.86],[9.30607,47.85795],[9.30199,47.85871],[9.2992,47.86053],[9.29297,47.86127],[9.29031,47.85915],[9.28831,47.85883],[9.28395,47.86077],[9.28362,47.86235],[9.28564,47.86365],[9.28504,47.86533],[9.27664,47.86387],[9.27619,47.86657],[9.27365,47.86769],[9.27232,47.86869],[9.27077,47.87125],[9.27029,47.87623],[9.271,47.87741],[9.27016,47.88006],[9.26847,47.88121],[9.26656,47.88186],[9.26271,47.88223],[9.25924,47.88212],[9.25576,47.88059],[9.25338,47.8803],[9.25101,47.87941],[9.24904,47.87929],[9.24701,47.87866],[9.2431,47.87786],[9.23891,47.87751],[9.23743,47.87579],[9.23869,47.87508],[9.2388,47.87353],[9.24506,47.86967],[9.25055,47.87029],[9.25083,47.86672],[9.24969,47.86565],[9.24403,47.86578],[9.24275,47.86497],[9.2434,47.86283],[9.24687,47.86056],[9.2455,47.85965],[9.24317,47.86154],[9.24196,47.86122],[9.24373,47.85765],[9.24325,47.8567],[9.24183,47.8558],[9.24228,47.85481],[9.23854,47.85274],[9.23402,47.85479],[9.23193,47.85553],[9.22637,47.85668],[9.22367,47.85868],[9.21893,47.85789],[9.21754,47.85681],[9.21263,47.85516],[9.21156,47.85393],[9.20951,47.85298],[9.20914,47.85167],[9.20689,47.84933],[9.20682,47.8479],[9.20309,47.84756],[9.20484,47.84551],[9.20157,47.84487],[9.19682,47.84231],[9.19247,47.84194],[9.19183,47.84057],[9.18959,47.84105],[9.18583,47.84656],[9.18421,47.8478],[9.17597,47.84506],[9.17469,47.84154],[9.16979,47.84103],[9.16567,47.84158],[9.16637,47.84334],[9.16342,47.84454],[9.15732,47.8448],[9.15556,47.84518],[9.15133,47.84504],[9.14954,47.84406],[9.14079,47.84495],[9.13957,47.84646],[9.1344,47.84751],[9.12858,47.84682]]],[[[9.20029,47.70614],[9.19834,47.70762],[9.19534,47.70828],[9.19129,47.70754],[9.18975,47.70586],[9.18781,47.70558],[9.18832,47.70396],[9.18903,47.70364],[9.19263,47.70369],[9.19425,47.70287],[9.1986,47.70243],[9.20034,47.70254],[9.20183,47.70358],[9.20029,47.70614]]]]},"properties":{"idApp":923016,"aopId":"baden","name":"Baden","nameJa":"バーデン","kind":"regional","tags":[],"rank":0},"bbox":[7.51159,47.53238,10.1617,49.79148]},{"type":"Feature","geometry":{"type":"MultiPolygon","coordinates":[[[[8.49357,48.82018],[8.49528,48.81977],[8.50107,48.81919],[8.50327,48.81822],[8.50525,48.81385],[8.51308,48.8138],[8.51663,48.81349],[8.5198,48.81288],[8.52505,48.81022],[8.52846,48.80785],[8.52839,48.80545],[8.53299,48.80385],[8.53084,48.80145],[8.52738,48.80062],[8.51888,48.80032],[8.51695,48.79725],[8.52042,48.79268],[8.52844,48.7875],[8.53001,48.78489],[8.53233,48.78473],[8.53458,48.78503],[8.53782,48.78451],[8.54123,48.78467],[8.54333,48.78511],[8.54558,48.78611],[8.54869,48.78834],[8.55155,48.7922],[8.55204,48.79433],[8.55425,48.79765],[8.5536,48.80031],[8.55497,48.80226],[8.55577,48.80458],[8.55698,48.80598],[8.55837,48.80918],[8.55968,48.81027],[8.56356,48.81082],[8.56602,48.81213],[8.56864,48.81245],[8.57161,48.81356],[8.57339,48.81386],[8.57897,48.81582],[8.57922,48.81455],[8.58089,48.8148],[8.58581,48.81688],[8.5879,48.81866],[8.58943,48.81571],[8.5951,48.81211],[8.59414,48.81022],[8.59503,48.80865],[8.59654,48.80762],[8.59822,48.8086],[8.60319,48.81004],[8.60538,48.81019],[8.60708,48.80989],[8.60875,48.81041],[8.60905,48.81241],[8.60682,48.81759],[8.60772,48.821],[8.60957,48.82381],[8.61049,48.82591],[8.61213,48.82741],[8.61799,48.8285],[8.61891,48.82666],[8.62051,48.8251],[8.62204,48.82444],[8.62987,48.82327],[8.63271,48.82241],[8.63629,48.81944],[8.64485,48.81601],[8.6476,48.81451],[8.65049,48.81409],[8.65221,48.81327],[8.65337,48.81217],[8.65834,48.81248],[8.66297,48.81344],[8.66409,48.81097],[8.66566,48.81033],[8.66958,48.81147],[8.67031,48.81319],[8.67349,48.81525],[8.67771,48.81677],[8.6807,48.81604],[8.68554,48.81556],[8.68848,48.81627],[8.69579,48.81657],[8.69707,48.82338],[8.69821,48.82427],[8.70004,48.82488],[8.69566,48.82591],[8.69277,48.82612],[8.69361,48.82706],[8.69702,48.828],[8.69806,48.82872],[8.69733,48.82993],[8.69416,48.83247],[8.69324,48.83438],[8.69103,48.83527],[8.68462,48.83493],[8.68073,48.83519],[8.67702,48.83745],[8.67434,48.84027],[8.67134,48.84144],[8.66914,48.84144],[8.66743,48.84052],[8.66796,48.83954],[8.6662,48.8388],[8.66687,48.83643],[8.65891,48.83497],[8.6562,48.83783],[8.65237,48.8382],[8.64948,48.84094],[8.64572,48.84211],[8.64048,48.843],[8.63429,48.84536],[8.6321,48.84669],[8.63018,48.84833],[8.62941,48.85244],[8.62887,48.85359],[8.6257,48.85351],[8.62577,48.85408],[8.63129,48.85527],[8.63468,48.85545],[8.63856,48.85651],[8.63997,48.85745],[8.64093,48.85941],[8.63991,48.86122],[8.63967,48.86301],[8.64109,48.86434],[8.64488,48.86483],[8.64713,48.86703],[8.64801,48.87048],[8.64871,48.87145],[8.64873,48.8732],[8.64757,48.8746],[8.64757,48.87609],[8.64832,48.87701],[8.64876,48.87878],[8.64814,48.88044],[8.646,48.88243],[8.64395,48.88478],[8.644,48.88878],[8.64331,48.89226],[8.63881,48.89775],[8.63763,48.89895],[8.63604,48.89965],[8.63303,48.89932],[8.63002,48.90374],[8.62916,48.90643],[8.62889,48.90828],[8.63169,48.91459],[8.63659,48.91513],[8.64139,48.91705],[8.6444,48.91747],[8.64768,48.92018],[8.64921,48.92013],[8.6527,48.9181],[8.65274,48.91718],[8.65835,48.9125],[8.6644,48.90951],[8.67772,48.90989],[8.67817,48.91175],[8.6822,48.9146],[8.68609,48.9167],[8.69015,48.91978],[8.69345,48.92106],[8.69493,48.92192],[8.6942,48.92312],[8.69709,48.92337],[8.69985,48.92401],[8.70064,48.92457],[8.70854,48.92464],[8.71535,48.92392],[8.71689,48.92278],[8.71896,48.92268],[8.72157,48.92466],[8.72201,48.92567],[8.72487,48.92649],[8.7252,48.92958],[8.7299,48.92834],[8.73155,48.92737],[8.73505,48.92685],[8.73756,48.92704],[8.74069,48.92798],[8.74563,48.92774],[8.74675,48.92816],[8.74875,48.92616],[8.75594,48.92465],[8.75881,48.92308],[8.76151,48.92035],[8.76441,48.91796],[8.76462,48.91694],[8.76052,48.91574],[8.76048,48.91311],[8.76266,48.91117],[8.76441,48.90846],[8.76313,48.90846],[8.76215,48.90599],[8.76395,48.90606],[8.76171,48.90359],[8.7573,48.89951],[8.7765,48.8923],[8.77664,48.89088],[8.77531,48.88862],[8.7764,48.88607],[8.78994,48.88852],[8.79117,48.89079],[8.79308,48.89118],[8.79315,48.8877],[8.79366,48.88597],[8.7916,48.88395],[8.79169,48.88238],[8.79278,48.87958],[8.79277,48.87607],[8.79222,48.87268],[8.79307,48.86986],[8.79549,48.86762],[8.79502,48.86691],[8.8021,48.86428],[8.80861,48.8625],[8.80788,48.86025],[8.80689,48.85871],[8.79726,48.85646],[8.79055,48.85531],[8.78785,48.85427],[8.78303,48.85393],[8.78133,48.85417],[8.78009,48.85349],[8.77846,48.85353],[8.77583,48.85251],[8.77674,48.85024],[8.7725,48.84692],[8.77137,48.84634],[8.7697,48.8477],[8.769,48.84532],[8.76804,48.84389],[8.76963,48.84163],[8.77018,48.8403],[8.76957,48.83822],[8.77004,48.83695],[8.76938,48.83463],[8.76822,48.83481],[8.76563,48.83428],[8.76381,48.83347],[8.76018,48.83309],[8.75663,48.83372],[8.75283,48.83532],[8.75121,48.83569],[8.74781,48.83566],[8.74582,48.83629],[8.74571,48.83719],[8.74676,48.83917],[8.74834,48.84123],[8.74775,48.84229],[8.74447,48.84285],[8.7407,48.84384],[8.73889,48.84519],[8.73417,48.84471],[8.73206,48.84383],[8.73541,48.84275],[8.73479,48.84074],[8.73513,48.8389],[8.73931,48.84085],[8.74382,48.83956],[8.74166,48.83704],[8.74115,48.83446],[8.7421,48.8342],[8.74439,48.83233],[8.74985,48.83008],[8.74844,48.82749],[8.74441,48.82432],[8.74212,48.82274],[8.7328,48.8232],[8.73089,48.82287],[8.72411,48.81992],[8.72111,48.82395],[8.71788,48.82549],[8.71917,48.8266],[8.71747,48.82786],[8.71661,48.8303],[8.71178,48.8336],[8.71027,48.83535],[8.7068,48.83617],[8.70704,48.83744],[8.70918,48.83974],[8.70484,48.83914],[8.70337,48.83945],[8.69816,48.83799],[8.70077,48.83674],[8.70354,48.83411],[8.7053,48.83305],[8.71067,48.83077],[8.71298,48.8294],[8.71414,48.82791],[8.71422,48.82648],[8.71298,48.82482],[8.71459,48.82284],[8.71513,48.8209],[8.715,48.8182],[8.71602,48.81645],[8.72072,48.81448],[8.72228,48.81299],[8.72242,48.81115],[8.72154,48.806],[8.72284,48.80363],[8.72528,48.80074],[8.72902,48.79797],[8.73049,48.79844],[8.7375,48.80264],[8.73966,48.80339],[8.74058,48.80326],[8.74304,48.80165],[8.74292,48.80045],[8.74552,48.79764],[8.75034,48.79535],[8.75112,48.79429],[8.75229,48.79389],[8.7559,48.79132],[8.75652,48.78951],[8.76003,48.78272],[8.76093,48.78154],[8.76322,48.7796],[8.76384,48.77994],[8.7688,48.77715],[8.78208,48.7743],[8.78367,48.77559],[8.78343,48.77624],[8.7849,48.77743],[8.79098,48.78],[8.7955,48.78002],[8.79684,48.7798],[8.79817,48.77863],[8.80221,48.77862],[8.80418,48.77778],[8.80659,48.77965],[8.8078,48.78145],[8.81113,48.78086],[8.81606,48.78678],[8.81833,48.78826],[8.82608,48.79196],[8.82777,48.79478],[8.82977,48.79571],[8.83098,48.79724],[8.83307,48.79789],[8.83794,48.7988],[8.84241,48.79943],[8.84287,48.79815],[8.84386,48.79811],[8.84476,48.7955],[8.84605,48.79502],[8.84748,48.79262],[8.85008,48.793],[8.85611,48.79246],[8.86056,48.7927],[8.86777,48.79242],[8.86973,48.79526],[8.87257,48.79665],[8.87895,48.79869],[8.88162,48.79913],[8.884,48.80128],[8.88686,48.80243],[8.88961,48.80082],[8.89271,48.79957],[8.89457,48.79851],[8.8961,48.79826],[8.89786,48.79879],[8.90015,48.8005],[8.90088,48.8018],[8.89797,48.80179],[8.89439,48.80313],[8.89155,48.80351],[8.8915,48.806],[8.89101,48.80719],[8.8925,48.81074],[8.89275,48.8131],[8.89404,48.81321],[8.89914,48.81497],[8.89981,48.81566],[8.90241,48.8155],[8.9008,48.81938],[8.89017,48.8219],[8.8888,48.82086],[8.88878,48.81987],[8.88617,48.81895],[8.88474,48.82036],[8.88338,48.81994],[8.87722,48.82056],[8.8776,48.81818],[8.87433,48.81613],[8.87187,48.81746],[8.8742,48.81977],[8.87313,48.82097],[8.87293,48.82254],[8.87636,48.82175],[8.87732,48.82358],[8.87491,48.82426],[8.8754,48.82545],[8.88102,48.82746],[8.88035,48.8282],[8.88272,48.82946],[8.88592,48.83036],[8.88334,48.83149],[8.87718,48.83315],[8.87864,48.83534],[8.873,48.83623],[8.87303,48.83692],[8.88337,48.8422],[8.88461,48.84158],[8.88865,48.84358],[8.89482,48.84687],[8.89867,48.8528],[8.89882,48.85599],[8.89979,48.85781],[8.90235,48.86043],[8.90527,48.8623],[8.90926,48.86339],[8.91318,48.86352],[8.91608,48.86523],[8.91947,48.86656],[8.9226,48.8666],[8.92553,48.8655],[8.92909,48.86562],[8.9288,48.86656],[8.93121,48.86737],[8.93419,48.86768],[8.93802,48.86639],[8.94223,48.86373],[8.94247,48.86217],[8.94501,48.86164],[8.94851,48.85986],[8.95258,48.85642],[8.95749,48.8555],[8.95826,48.85311],[8.95961,48.85129],[8.95954,48.84881],[8.96124,48.84668],[8.95894,48.8428],[8.95685,48.8411],[8.95998,48.83907],[8.96347,48.83496],[8.9649,48.83092],[8.9659,48.82981],[8.96818,48.82886],[8.9699,48.83069],[8.97083,48.83251],[8.97272,48.83147],[8.97471,48.83102],[8.98112,48.83029],[8.98293,48.83057],[8.98508,48.83142],[8.98796,48.83325],[8.99006,48.83283],[8.99186,48.83334],[8.99417,48.83296],[8.99544,48.83238],[8.99771,48.82999],[9.00032,48.82794],[9.005,48.82842],[9.00564,48.82717],[9.01327,48.82856],[9.0214,48.82946],[9.02153,48.82863],[9.02407,48.82936],[9.02528,48.82742],[9.03079,48.82786],[9.03123,48.82649],[9.03639,48.8257],[9.03632,48.82417],[9.03843,48.82345],[9.03724,48.82161],[9.04067,48.82111],[9.0431,48.82113],[9.04389,48.81729],[9.04644,48.81476],[9.04061,48.8134],[9.04095,48.81162],[9.04238,48.80934],[9.03742,48.80813],[9.03679,48.8052],[9.03449,48.80337],[9.03022,48.79943],[9.03872,48.79516],[9.03995,48.79411],[9.04338,48.7893],[9.04359,48.78754],[9.04241,48.7858],[9.04222,48.78348],[9.04389,48.78072],[9.04532,48.77762],[9.04731,48.7751],[9.04929,48.77184],[9.0506,48.77117],[9.04946,48.76705],[9.05075,48.76522],[9.05139,48.76352],[9.05434,48.76222],[9.05797,48.76103],[9.06266,48.75905],[9.06544,48.75698],[9.068,48.75658],[9.06416,48.75487],[9.06281,48.75275],[9.06216,48.75023],[9.06298,48.74879],[9.06807,48.74927],[9.06795,48.74718],[9.06295,48.74668],[9.0594,48.74664],[9.05605,48.74716],[9.05392,48.74796],[9.05034,48.74805],[9.04745,48.74779],[9.04614,48.74728],[9.03938,48.74279],[9.03899,48.74132],[9.0404,48.7407],[9.0424,48.74056],[9.04537,48.74124],[9.0482,48.74057],[9.05075,48.74067],[9.05236,48.74038],[9.05475,48.73827],[9.05414,48.73742],[9.05612,48.73309],[9.06294,48.73413],[9.06553,48.73412],[9.06694,48.73448],[9.06754,48.7331],[9.06727,48.73092],[9.06656,48.73014],[9.06383,48.72923],[9.06314,48.72834],[9.0735,48.72578],[9.07839,48.72386],[9.07457,48.72088],[9.07895,48.71791],[9.08381,48.71503],[9.09065,48.7124],[9.09342,48.71155],[9.10472,48.70908],[9.10381,48.70852],[9.09526,48.70483],[9.09723,48.70364],[9.09991,48.70259],[9.10219,48.70441],[9.10676,48.70093],[9.10831,48.69824],[9.10712,48.69716],[9.10425,48.69819],[9.10429,48.69674],[9.10654,48.69615],[9.1081,48.69427],[9.11225,48.69127],[9.11004,48.68969],[9.10941,48.68871],[9.10747,48.68722],[9.10443,48.68778],[9.10038,48.68784],[9.0995,48.68689],[9.09476,48.68557],[9.09247,48.6854],[9.08761,48.68351],[9.08493,48.68051],[9.08557,48.67923],[9.08515,48.6777],[9.08529,48.67523],[9.08761,48.67462],[9.08861,48.67389],[9.09016,48.67461],[9.09316,48.67376],[9.09428,48.67498],[9.09361,48.67607],[9.08952,48.67691],[9.09316,48.67801],[9.0944,48.68003],[9.09593,48.68067],[9.09888,48.67888],[9.10065,48.67878],[9.1074,48.67762],[9.11509,48.67743],[9.11508,48.67875],[9.11745,48.67895],[9.12131,48.67694],[9.12664,48.67695],[9.12783,48.67662],[9.12473,48.67475],[9.12367,48.67257],[9.128,48.67073],[9.13217,48.67004],[9.13483,48.66749],[9.13828,48.66599],[9.14024,48.66471],[9.14197,48.66619],[9.14357,48.66495],[9.14554,48.66433],[9.14962,48.66137],[9.15067,48.66017],[9.15266,48.65916],[9.15458,48.65766],[9.15545,48.6561],[9.15555,48.65485],[9.15681,48.65343],[9.1571,48.65176],[9.15917,48.64851],[9.16245,48.64585],[9.16477,48.64473],[9.16602,48.64375],[9.16761,48.64073],[9.16877,48.63765],[9.17082,48.63667],[9.17237,48.63447],[9.17416,48.63337],[9.17411,48.63278],[9.17058,48.63289],[9.16797,48.63422],[9.16563,48.63351],[9.16504,48.63256],[9.16548,48.63044],[9.16781,48.6255],[9.16713,48.62451],[9.16169,48.62246],[9.15344,48.62089],[9.14807,48.61938],[9.14541,48.61879],[9.14386,48.61793],[9.14721,48.61491],[9.1492,48.61254],[9.14994,48.60873],[9.14984,48.60726],[9.15123,48.60406],[9.14541,48.60375],[9.14336,48.60304],[9.14053,48.6026],[9.13978,48.60188],[9.13725,48.6013],[9.13336,48.60174],[9.13102,48.60174],[9.12762,48.60057],[9.12329,48.60025],[9.12148,48.60037],[9.11803,48.60189],[9.11291,48.60334],[9.11045,48.60526],[9.11047,48.60591],[9.11271,48.60712],[9.11191,48.60775],[9.1142,48.61148],[9.11536,48.61182],[9.11713,48.61388],[9.11391,48.61607],[9.11198,48.61655],[9.10828,48.61625],[9.10735,48.6173],[9.10782,48.61873],[9.10746,48.62072],[9.10777,48.62281],[9.10528,48.62281],[9.09661,48.62188],[9.09562,48.62167],[9.09653,48.61764],[9.09516,48.61728],[9.0956,48.6159],[9.09235,48.61434],[9.09048,48.61154],[9.08721,48.61232],[9.08494,48.61167],[9.08372,48.61258],[9.08114,48.61155],[9.08598,48.60853],[9.0871,48.60557],[9.08935,48.60398],[9.08958,48.60309],[9.08638,48.60126],[9.08531,48.60214],[9.08331,48.6001],[9.08563,48.59999],[9.08314,48.59798],[9.08152,48.59739],[9.0779,48.59804],[9.07834,48.59503],[9.07908,48.59362],[9.07839,48.59166],[9.07915,48.58877],[9.07617,48.58882],[9.07426,48.58942],[9.07204,48.59175],[9.06981,48.59334],[9.06795,48.59348],[9.06472,48.59317],[9.0577,48.59127],[9.05711,48.59369],[9.05205,48.59324],[9.05102,48.59239],[9.04525,48.59027],[9.04488,48.58902],[9.04054,48.58738],[9.03819,48.58432],[9.03802,48.58203],[9.03608,48.58012],[9.0348,48.57685],[9.03104,48.57847],[9.02745,48.57883],[9.02562,48.57864],[9.02235,48.57977],[9.02011,48.58082],[9.01728,48.58363],[9.01605,48.5843],[9.01341,48.58646],[9.00935,48.58684],[9.00604,48.58805],[9.00397,48.58805],[8.99971,48.58671],[8.99763,48.58731],[8.99397,48.5844],[8.99272,48.58438],[8.99165,48.58557],[8.9885,48.5861],[8.98605,48.58732],[8.98454,48.58753],[8.98447,48.58967],[8.98572,48.59103],[8.98454,48.5915],[8.98286,48.5901],[8.98281,48.5877],[8.98153,48.58866],[8.97887,48.5899],[8.97517,48.58953],[8.97098,48.588],[8.96656,48.58718],[8.96229,48.58705],[8.95911,48.58672],[8.95739,48.58689],[8.95499,48.5836],[8.95317,48.58415],[8.95514,48.58703],[8.95409,48.58796],[8.95175,48.58789],[8.94922,48.5871],[8.94795,48.58598],[8.94784,48.58437],[8.94887,48.58021],[8.94675,48.5803],[8.94508,48.57981],[8.94389,48.57805],[8.94234,48.5782],[8.94137,48.57759],[8.93883,48.57924],[8.9357,48.57742],[8.93693,48.57664],[8.93659,48.57576],[8.93752,48.57431],[8.93941,48.574],[8.9396,48.57128],[8.94281,48.56913],[8.94575,48.56865],[8.9452,48.56754],[8.93655,48.56558],[8.93224,48.56435],[8.93167,48.56755],[8.92977,48.56743],[8.92831,48.56918],[8.92586,48.56912],[8.9242,48.57089],[8.9192,48.57002],[8.919,48.57108],[8.91702,48.57222],[8.91449,48.57101],[8.91131,48.57222],[8.90868,48.57056],[8.90943,48.56994],[8.90627,48.56834],[8.90149,48.56526],[8.89961,48.56486],[8.89789,48.56349],[8.89359,48.56574],[8.8919,48.56359],[8.88981,48.56447],[8.88841,48.56081],[8.88969,48.56031],[8.8888,48.55911],[8.88732,48.55549],[8.88663,48.55305],[8.88657,48.54947],[8.88725,48.54419],[8.8856,48.54387],[8.88696,48.5418],[8.88344,48.54081],[8.88087,48.54262],[8.87968,48.54217],[8.88039,48.54014],[8.87702,48.53906],[8.8739,48.54016],[8.86974,48.53969],[8.8669,48.5398],[8.86624,48.54019],[8.85095,48.5372],[8.85297,48.53308],[8.8512,48.53292],[8.85103,48.53203],[8.85629,48.52967],[8.85852,48.52945],[8.85868,48.52833],[8.86141,48.52854],[8.85997,48.52652],[8.85759,48.52521],[8.85449,48.52276],[8.85726,48.52034],[8.85595,48.51896],[8.85842,48.51675],[8.86188,48.51736],[8.86368,48.51738],[8.86494,48.51624],[8.85775,48.51399],[8.85153,48.51101],[8.84815,48.5105],[8.84493,48.50911],[8.8483,48.50667],[8.84906,48.50496],[8.84856,48.5021],[8.84669,48.50008],[8.83907,48.49901],[8.83385,48.50021],[8.83559,48.50321],[8.82643,48.50492],[8.82283,48.50543],[8.81948,48.50562],[8.81428,48.5056],[8.81428,48.50828],[8.80908,48.50806],[8.80377,48.50758],[8.80392,48.50838],[8.80076,48.50899],[8.79998,48.50845],[8.79814,48.51011],[8.79643,48.51025],[8.79626,48.51236],[8.79381,48.51282],[8.79277,48.51373],[8.79231,48.51565],[8.79107,48.51827],[8.78986,48.52007],[8.78483,48.52089],[8.78104,48.52131],[8.77727,48.52236],[8.77183,48.52433],[8.77135,48.52348],[8.76953,48.52369],[8.7689,48.52184],[8.77067,48.52139],[8.77184,48.51946],[8.76813,48.5188],[8.76605,48.51913],[8.76584,48.51799],[8.76381,48.51799],[8.76572,48.51275],[8.76387,48.50943],[8.76146,48.50587],[8.75858,48.50615],[8.75618,48.50685],[8.75571,48.50414],[8.75958,48.50376],[8.76143,48.50392],[8.76534,48.50354],[8.76858,48.50191],[8.76985,48.49691],[8.77089,48.49501],[8.77231,48.49525],[8.77315,48.49138],[8.7767,48.48653],[8.77828,48.48716],[8.77931,48.48537],[8.78271,48.48639],[8.785,48.48746],[8.78842,48.48655],[8.79223,48.48577],[8.79283,48.48454],[8.7953,48.48484],[8.79565,48.48179],[8.79853,48.48182],[8.80087,48.47812],[8.8069,48.47901],[8.80764,48.47701],[8.80669,48.47663],[8.80896,48.4733],[8.81305,48.47384],[8.81419,48.47082],[8.81455,48.4686],[8.81602,48.46879],[8.81598,48.46988],[8.81829,48.47019],[8.81894,48.46862],[8.82133,48.46922],[8.82405,48.46507],[8.82893,48.46269],[8.82587,48.46187],[8.82523,48.46304],[8.81782,48.46236],[8.81825,48.46071],[8.80963,48.45878],[8.81018,48.45583],[8.80827,48.4554],[8.80764,48.45653],[8.80467,48.45598],[8.80524,48.45448],[8.79311,48.4517],[8.7925,48.45214],[8.79019,48.45187],[8.78865,48.44926],[8.78991,48.44819],[8.78745,48.44705],[8.78479,48.44761],[8.7801,48.44737],[8.77785,48.4446],[8.78067,48.44403],[8.78235,48.44079],[8.78043,48.44105],[8.77911,48.43964],[8.77679,48.43803],[8.77534,48.4378],[8.77248,48.43921],[8.77003,48.43851],[8.76932,48.43776],[8.77014,48.43568],[8.76943,48.43391],[8.7657,48.4304],[8.76429,48.42796],[8.76494,48.42577],[8.76871,48.42561],[8.76985,48.42479],[8.77037,48.42259],[8.77147,48.42176],[8.77433,48.42215],[8.77796,48.42079],[8.77671,48.4198],[8.77423,48.41926],[8.77086,48.41909],[8.76961,48.41794],[8.76725,48.41687],[8.76828,48.41644],[8.77406,48.41628],[8.7777,48.41552],[8.78438,48.4163],[8.79134,48.41645],[8.79461,48.4174],[8.79591,48.41598],[8.79961,48.41301],[8.80136,48.40693],[8.80693,48.40769],[8.80958,48.4072],[8.81423,48.40741],[8.81677,48.40656],[8.82814,48.40701],[8.83184,48.40639],[8.83316,48.40719],[8.83468,48.40972],[8.83561,48.41058],[8.83886,48.41241],[8.84258,48.41226],[8.84605,48.41286],[8.8465,48.41214],[8.8569,48.41416],[8.85738,48.41364],[8.86275,48.4146],[8.86546,48.41547],[8.86768,48.41546],[8.86988,48.41683],[8.87304,48.41751],[8.86956,48.4143],[8.87112,48.41318],[8.87116,48.412],[8.87278,48.41235],[8.87465,48.40872],[8.87226,48.40718],[8.87369,48.40597],[8.87304,48.40508],[8.87389,48.40433],[8.87369,48.4029],[8.87194,48.40164],[8.86933,48.40067],[8.8691,48.39919],[8.87124,48.39822],[8.87374,48.39807],[8.87599,48.39696],[8.87908,48.39865],[8.88208,48.39971],[8.88691,48.39978],[8.89077,48.39952],[8.89442,48.39269],[8.89665,48.39357],[8.89886,48.39291],[8.90241,48.39273],[8.90926,48.39483],[8.9138,48.39361],[8.91985,48.39273],[8.92132,48.39322],[8.92407,48.3924],[8.92723,48.39036],[8.93066,48.39034],[8.93604,48.39079],[8.93654,48.39008],[8.94028,48.39013],[8.94242,48.39044],[8.94309,48.38907],[8.94889,48.38904],[8.94989,48.38853],[8.95055,48.38691],[8.95279,48.38604],[8.95375,48.3827],[8.95371,48.38084],[8.95792,48.38071],[8.95805,48.38126],[8.96229,48.38192],[8.96772,48.38424],[8.96973,48.38487],[8.97248,48.38508],[8.97548,48.38488],[8.97927,48.38373],[8.98533,48.38216],[8.98983,48.38224],[8.99205,48.38475],[8.99328,48.38842],[8.99918,48.38802],[9.00081,48.38712],[8.99918,48.38481],[8.99868,48.38259],[8.99944,48.37991],[9.00189,48.37813],[9.00308,48.3766],[9.00468,48.37573],[9.00723,48.37613],[9.00979,48.37728],[9.01308,48.37511],[9.0206,48.37428],[9.02344,48.37453],[9.02275,48.3731],[9.02317,48.37163],[9.02646,48.37141],[9.02924,48.3719],[9.03065,48.3712],[9.03431,48.37072],[9.03688,48.37121],[9.0384,48.37213],[9.04153,48.37303],[9.04449,48.37294],[9.04596,48.37327],[9.04951,48.37274],[9.05569,48.37239],[9.05857,48.37279],[9.06722,48.37565],[9.06935,48.3765],[9.07174,48.37664],[9.06858,48.37473],[9.06671,48.3726],[9.06448,48.3719],[9.06188,48.37152],[9.0583,48.37181],[9.06009,48.3695],[9.05952,48.36866],[9.05803,48.36819],[9.05808,48.36613],[9.06083,48.3662],[9.07259,48.36769],[9.07078,48.36352],[9.07306,48.36277],[9.07868,48.36491],[9.08206,48.36463],[9.08381,48.36358],[9.08875,48.36414],[9.08866,48.36456],[9.08488,48.36502],[9.0836,48.36773],[9.08732,48.36759],[9.09032,48.36977],[9.09733,48.37116],[9.0968,48.37004],[9.09316,48.36752],[9.09757,48.36676],[9.09959,48.36732],[9.10466,48.36797],[9.10689,48.36902],[9.10663,48.37045],[9.10769,48.37253],[9.10958,48.37394],[9.11142,48.37346],[9.11468,48.37361],[9.11719,48.37214],[9.11918,48.37206],[9.11942,48.37064],[9.12177,48.37156],[9.12443,48.37016],[9.13033,48.37149],[9.12948,48.3729],[9.13285,48.37352],[9.13386,48.37168],[9.13572,48.37048],[9.1381,48.37155],[9.14553,48.37082],[9.14555,48.37],[9.14894,48.37043],[9.15206,48.36983],[9.15506,48.37028],[9.15674,48.36946],[9.15821,48.37072],[9.16618,48.36873],[9.17231,48.3692],[9.17557,48.36798],[9.17926,48.3676],[9.17995,48.36607],[9.17928,48.36499],[9.1782,48.35997],[9.17736,48.35933],[9.17313,48.35779],[9.17059,48.35646],[9.16859,48.35434],[9.16708,48.35329],[9.16878,48.3507],[9.1701,48.34967],[9.17412,48.34437],[9.17842,48.3432],[9.18082,48.34177],[9.18753,48.34322],[9.18893,48.34084],[9.18852,48.33983],[9.18906,48.33802],[9.1938,48.33659],[9.19678,48.33754],[9.19721,48.33591],[9.20136,48.33641],[9.20424,48.33445],[9.20681,48.33466],[9.20752,48.33323],[9.20956,48.33377],[9.21258,48.33311],[9.21511,48.33469],[9.21552,48.33754],[9.2205,48.33857],[9.22177,48.33676],[9.21961,48.33624],[9.21954,48.33481],[9.21714,48.33222],[9.21805,48.33172],[9.21573,48.33041],[9.21487,48.32778],[9.21639,48.32243],[9.21705,48.32111],[9.2165,48.31921],[9.21657,48.31678],[9.21566,48.3152],[9.2135,48.31373],[9.21061,48.30738],[9.2093,48.30727],[9.20688,48.30984],[9.2045,48.31042],[9.20182,48.31002],[9.20002,48.30926],[9.19929,48.30815],[9.1948,48.3083],[9.19057,48.30821],[9.18765,48.31033],[9.18404,48.31088],[9.18174,48.31085],[9.17826,48.31141],[9.17309,48.31095],[9.16785,48.31103],[9.16254,48.31268],[9.16147,48.31167],[9.16202,48.30868],[9.16053,48.30641],[9.16411,48.30571],[9.16747,48.30403],[9.172,48.30345],[9.17145,48.29992],[9.17325,48.29776],[9.17713,48.29405],[9.17812,48.29111],[9.1804,48.28904],[9.18374,48.28545],[9.18386,48.28243],[9.18703,48.28084],[9.19046,48.28158],[9.19356,48.28151],[9.19526,48.28174],[9.19626,48.28381],[9.19816,48.28567],[9.20109,48.28806],[9.20261,48.28672],[9.20669,48.28663],[9.20837,48.28603],[9.20905,48.28405],[9.21112,48.28339],[9.21448,48.2836],[9.2174,48.28202],[9.22101,48.27812],[9.22045,48.27667],[9.22117,48.273],[9.22164,48.27227],[9.22085,48.26857],[9.22117,48.2677],[9.22358,48.26678],[9.22591,48.26688],[9.22923,48.26811],[9.23127,48.26843],[9.23419,48.26982],[9.23662,48.27025],[9.24164,48.27026],[9.24513,48.2678],[9.24983,48.26807],[9.25513,48.2692],[9.25788,48.27105],[9.26181,48.27209],[9.26507,48.27437],[9.26694,48.27646],[9.26738,48.27844],[9.27097,48.27958],[9.27155,48.28097],[9.27066,48.28362],[9.2689,48.28538],[9.26679,48.28852],[9.26989,48.28906],[9.27268,48.28616],[9.27443,48.28479],[9.2761,48.28421],[9.27823,48.2848],[9.27893,48.28606],[9.28294,48.28532],[9.28799,48.2851],[9.29151,48.28523],[9.29232,48.28362],[9.29159,48.28049],[9.29304,48.2801],[9.29469,48.27806],[9.29437,48.27643],[9.29499,48.27468],[9.29946,48.27141],[9.29851,48.27064],[9.30105,48.2676],[9.30487,48.26653],[9.30597,48.26741],[9.30691,48.26581],[9.30894,48.26594],[9.30952,48.26426],[9.31024,48.25899],[9.31201,48.25812],[9.31437,48.25825],[9.31891,48.25805],[9.32232,48.25885],[9.33051,48.25622],[9.3325,48.25257],[9.3351,48.24948],[9.33637,48.24841],[9.34138,48.24566],[9.34619,48.24386],[9.34817,48.24341],[9.3505,48.24132],[9.34975,48.24004],[9.34757,48.2395],[9.36234,48.22682],[9.36478,48.2268],[9.36641,48.22567],[9.36736,48.22269],[9.36773,48.21954],[9.36723,48.21867],[9.36928,48.21726],[9.36853,48.21602],[9.37192,48.21562],[9.37424,48.21259],[9.37703,48.21008],[9.37768,48.20751],[9.38109,48.20659],[9.38463,48.20609],[9.38436,48.20542],[9.3819,48.20421],[9.38367,48.20273],[9.38196,48.20205],[9.38474,48.20117],[9.38694,48.19833],[9.38843,48.19886],[9.38916,48.19774],[9.39193,48.19627],[9.39361,48.19639],[9.39494,48.19718],[9.3962,48.19643],[9.3981,48.1967],[9.40363,48.19834],[9.40473,48.19965],[9.41086,48.20214],[9.41397,48.20248],[9.4186,48.20177],[9.42127,48.20281],[9.42473,48.20189],[9.42659,48.20051],[9.42716,48.19936],[9.42459,48.19638],[9.42444,48.19552],[9.4381,48.19488],[9.43938,48.19792],[9.43957,48.20006],[9.43875,48.20189],[9.43969,48.20416],[9.44102,48.20489],[9.44985,48.20517],[9.45313,48.20726],[9.45649,48.20795],[9.46441,48.20902],[9.46405,48.20805],[9.46689,48.20462],[9.46893,48.20291],[9.47075,48.20223],[9.47097,48.20135],[9.46811,48.19881],[9.46771,48.19649],[9.4698,48.19803],[9.47243,48.19837],[9.47766,48.20027],[9.47926,48.20126],[9.48236,48.20177],[9.48668,48.20373],[9.48351,48.20615],[9.48425,48.2075],[9.48724,48.20787],[9.49232,48.20981],[9.49437,48.21043],[9.49807,48.21252],[9.4984,48.2153],[9.49832,48.21759],[9.49343,48.21837],[9.4947,48.2201],[9.49815,48.22199],[9.4991,48.22319],[9.49528,48.22419],[9.49273,48.22542],[9.49076,48.22863],[9.49005,48.23271],[9.49034,48.23525],[9.48916,48.24028],[9.4901,48.24223],[9.49179,48.24319],[9.49371,48.2433],[9.49759,48.24456],[9.50077,48.24495],[9.50369,48.24633],[9.51319,48.25016],[9.51874,48.25123],[9.52092,48.2523],[9.52575,48.2537],[9.52658,48.2543],[9.5226,48.25544],[9.52196,48.25657],[9.52585,48.25849],[9.52677,48.25966],[9.52846,48.26048],[9.53051,48.26067],[9.53037,48.26343],[9.52733,48.26266],[9.52373,48.26138],[9.52042,48.26088],[9.51946,48.26174],[9.52446,48.26364],[9.52376,48.26492],[9.52454,48.26598],[9.5268,48.26654],[9.52647,48.26811],[9.52492,48.2689],[9.5227,48.26842],[9.51855,48.2669],[9.51706,48.26769],[9.51597,48.2689],[9.51396,48.26914],[9.50653,48.26902],[9.50728,48.27198],[9.50714,48.27379],[9.50778,48.27463],[9.5059,48.27584],[9.50592,48.27844],[9.50752,48.2806],[9.5088,48.28123],[9.51212,48.2811],[9.51437,48.28042],[9.51724,48.28176],[9.52129,48.28197],[9.52349,48.28424],[9.52499,48.28422],[9.52699,48.28331],[9.52788,48.28411],[9.52943,48.28405],[9.53288,48.28837],[9.53447,48.2892],[9.53647,48.28947],[9.53895,48.28934],[9.54179,48.29187],[9.54546,48.29275],[9.54926,48.293],[9.55387,48.2919],[9.55579,48.29252],[9.557,48.29346],[9.55648,48.29588],[9.55366,48.29718],[9.55152,48.30009],[9.55341,48.30196],[9.55485,48.3015],[9.55476,48.30411],[9.55554,48.30533],[9.55519,48.30654],[9.55075,48.30711],[9.54411,48.30776],[9.545,48.30864],[9.54375,48.30989],[9.53883,48.31229],[9.53609,48.31226],[9.53517,48.31343],[9.53361,48.31381],[9.53299,48.3153],[9.53418,48.31678],[9.53437,48.31842],[9.53783,48.31824],[9.54072,48.31893],[9.5421,48.3202],[9.5459,48.31945],[9.54996,48.32005],[9.54981,48.32212],[9.55246,48.32301],[9.55573,48.32657],[9.5559,48.32795],[9.55714,48.32825],[9.55845,48.32937],[9.55627,48.33135],[9.55758,48.33257],[9.56118,48.33186],[9.56371,48.33081],[9.56747,48.33084],[9.56806,48.33003],[9.57031,48.32967],[9.57546,48.32948],[9.57602,48.32838],[9.57953,48.3268],[9.58051,48.32869],[9.57948,48.3298],[9.57944,48.33194],[9.58032,48.33287],[9.58122,48.33515],[9.58609,48.33955],[9.58777,48.34439],[9.58895,48.34683],[9.5909,48.34855],[9.59135,48.35031],[9.59008,48.35222],[9.58998,48.3539],[9.59127,48.35477],[9.59206,48.35633],[9.58831,48.35736],[9.58883,48.35906],[9.59113,48.36323],[9.58814,48.3642],[9.58783,48.36641],[9.58972,48.36578],[9.59327,48.36717],[9.59441,48.3689],[9.5963,48.36883],[9.59576,48.37034],[9.59923,48.37014],[9.59924,48.37246],[9.60128,48.37237],[9.6036,48.37369],[9.60383,48.37461],[9.60079,48.37624],[9.59933,48.37737],[9.59246,48.37628],[9.58464,48.37685],[9.58272,48.37739],[9.58186,48.37942],[9.58553,48.38046],[9.5898,48.38089],[9.58952,48.38349],[9.59005,48.38456],[9.58666,48.38624],[9.58335,48.38854],[9.58338,48.38981],[9.58149,48.39062],[9.58058,48.39219],[9.58093,48.39461],[9.58258,48.39538],[9.58622,48.39538],[9.5883,48.39596],[9.58872,48.39703],[9.59281,48.39828],[9.59796,48.39818],[9.60137,48.39831],[9.60751,48.39811],[9.61138,48.39659],[9.61651,48.39646],[9.62133,48.39572],[9.62179,48.40171],[9.62547,48.40156],[9.62592,48.40375],[9.62499,48.40943],[9.62371,48.41418],[9.62848,48.4145],[9.62625,48.41783],[9.62947,48.41827],[9.63386,48.41803],[9.63675,48.41858],[9.637,48.42063],[9.63814,48.42206],[9.63878,48.42445],[9.63778,48.4262],[9.6362,48.42782],[9.63611,48.4307],[9.63536,48.43238],[9.63495,48.43575],[9.63218,48.43952],[9.63217,48.4428],[9.63038,48.44601],[9.62852,48.44794],[9.62704,48.44896],[9.62645,48.45026],[9.62699,48.4517],[9.62679,48.45305],[9.62553,48.4544],[9.62117,48.45744],[9.61966,48.4606],[9.61695,48.46341],[9.61652,48.46569],[9.61546,48.46771],[9.61454,48.4707],[9.60674,48.47143],[9.60297,48.4723],[9.59369,48.47557],[9.59017,48.47734],[9.59079,48.47863],[9.59248,48.47945],[9.59104,48.48137],[9.59211,48.48395],[9.59178,48.48625],[9.58964,48.48768],[9.58269,48.48998],[9.5832,48.49065],[9.58556,48.48991],[9.5858,48.49268],[9.58749,48.49446],[9.58837,48.49631],[9.58944,48.49609],[9.58964,48.49896],[9.58798,48.49977],[9.58406,48.49989],[9.58022,48.50342],[9.58666,48.50466],[9.58826,48.50584],[9.58879,48.50795],[9.58775,48.50908],[9.59124,48.51207],[9.58954,48.51319],[9.58763,48.5132],[9.58687,48.51498],[9.58886,48.51866],[9.5881,48.51918],[9.58813,48.52065],[9.58566,48.52295],[9.58663,48.52424],[9.58448,48.52756],[9.58235,48.52906],[9.58198,48.53282],[9.5846,48.53499],[9.58517,48.53674],[9.58316,48.53886],[9.58054,48.54114],[9.57677,48.54249],[9.57761,48.54349],[9.57848,48.5471],[9.57459,48.54636],[9.57205,48.54611],[9.56563,48.54705],[9.56331,48.54783],[9.56163,48.54902],[9.5607,48.55208],[9.56425,48.556],[9.56624,48.55733],[9.56997,48.55893],[9.56963,48.55995],[9.56709,48.5614],[9.5697,48.5627],[9.57189,48.56451],[9.57397,48.56544],[9.5737,48.56703],[9.57818,48.56843],[9.57862,48.56964],[9.57817,48.57225],[9.58203,48.57216],[9.584,48.57246],[9.58951,48.57146],[9.59214,48.57276],[9.59367,48.57456],[9.59258,48.57814],[9.59386,48.5793],[9.59312,48.58121],[9.59448,48.58277],[9.59545,48.5861],[9.59557,48.58812],[9.59644,48.59088],[9.5952,48.59206],[9.59362,48.59252],[9.59216,48.59418],[9.59272,48.59614],[9.59282,48.59817],[9.58943,48.60193],[9.58794,48.60466],[9.58936,48.60543],[9.58858,48.6063],[9.59046,48.60751],[9.59215,48.60712],[9.59346,48.60821],[9.59392,48.60933],[9.59535,48.61002],[9.59604,48.61106],[9.59567,48.6121],[9.59322,48.61403],[9.59402,48.61474],[9.59277,48.61677],[9.58759,48.61672],[9.58619,48.61763],[9.58426,48.61789],[9.58275,48.61875],[9.58094,48.62076],[9.58047,48.62293],[9.57782,48.62514],[9.57431,48.62525],[9.57172,48.62666],[9.56838,48.62764],[9.55978,48.62985],[9.55051,48.63058],[9.54508,48.63025],[9.54119,48.63093],[9.53832,48.63056],[9.53477,48.6329],[9.53496,48.63481],[9.54057,48.6366],[9.54366,48.63778],[9.55033,48.63906],[9.55338,48.64005],[9.55604,48.64058],[9.55554,48.64192],[9.55324,48.64218],[9.55069,48.64297],[9.55078,48.64666],[9.55246,48.64678],[9.55244,48.64816],[9.55489,48.6484],[9.5542,48.65033],[9.55514,48.65136],[9.55486,48.65562],[9.55172,48.65561],[9.54922,48.65514],[9.54613,48.65636],[9.54292,48.65644],[9.54423,48.65757],[9.54176,48.65914],[9.54095,48.6603],[9.53876,48.65987],[9.5319,48.65975],[9.52677,48.65775],[9.52375,48.65762],[9.52365,48.66019],[9.51965,48.65958],[9.51917,48.65849],[9.5171,48.65879],[9.51557,48.65848],[9.51418,48.65719],[9.5087,48.65641],[9.50873,48.65761],[9.51065,48.65942],[9.50759,48.6603],[9.50834,48.66142],[9.5077,48.66279],[9.50635,48.66241],[9.50512,48.6641],[9.50307,48.66321],[9.49995,48.66636],[9.49794,48.66605],[9.49599,48.66519],[9.49206,48.66625],[9.49332,48.66821],[9.49105,48.66892],[9.49525,48.66963],[9.49404,48.6728],[9.49374,48.67431],[9.49221,48.67495],[9.49199,48.67694],[9.49122,48.67767],[9.49294,48.67872],[9.49269,48.68033],[9.4886,48.68073],[9.48924,48.68355],[9.48874,48.68445],[9.49338,48.68651],[9.48822,48.6869],[9.48927,48.68862],[9.48928,48.69281],[9.49041,48.69391],[9.49015,48.69678],[9.49212,48.69673],[9.49237,48.69828],[9.49361,48.69839],[9.49325,48.70043],[9.49117,48.70152],[9.49172,48.70311],[9.48773,48.70337],[9.48694,48.70467],[9.48465,48.70617],[9.48401,48.70766],[9.48643,48.70958],[9.49216,48.71192],[9.49384,48.71232],[9.49174,48.71785],[9.49144,48.72066],[9.49019,48.72305],[9.48691,48.72495],[9.48704,48.72687],[9.48968,48.72839],[9.49396,48.72948],[9.49474,48.73183],[9.49658,48.73491],[9.49724,48.7373],[9.50059,48.73895],[9.50386,48.74162],[9.50633,48.74414],[9.51055,48.75062],[9.5031,48.75394],[9.50721,48.75625],[9.50457,48.75883],[9.50704,48.76047],[9.50967,48.75924],[9.51654,48.76227],[9.51773,48.76228],[9.51799,48.76072],[9.5194,48.76068],[9.52487,48.75938],[9.52893,48.75696],[9.52898,48.75852],[9.53168,48.75756],[9.53421,48.75711],[9.53375,48.75606],[9.53639,48.75405],[9.5417,48.75192],[9.54146,48.74883],[9.54314,48.74742],[9.5444,48.74537],[9.54491,48.74347],[9.54763,48.74051],[9.55034,48.74157],[9.55254,48.7418],[9.55248,48.74519],[9.55389,48.74551],[9.55573,48.74781],[9.55653,48.74746],[9.561,48.74827],[9.56251,48.74755],[9.56464,48.74991],[9.56731,48.75192],[9.56975,48.75031],[9.57378,48.75043],[9.57729,48.74988],[9.58085,48.75008],[9.58199,48.75172],[9.58197,48.75417],[9.58151,48.75585],[9.58347,48.7567],[9.58528,48.76035],[9.58465,48.76245],[9.58689,48.76465],[9.58776,48.76606],[9.58646,48.76632],[9.58473,48.76417],[9.58199,48.76448],[9.57966,48.76524],[9.57684,48.76857],[9.57292,48.77034],[9.57108,48.77171],[9.57202,48.77268],[9.57103,48.77635],[9.5724,48.77869],[9.57399,48.7802],[9.57934,48.78006],[9.58552,48.78136],[9.58839,48.78107],[9.59196,48.77888],[9.59359,48.77653],[9.59653,48.77541],[9.59936,48.77661],[9.60596,48.77542],[9.60829,48.77403],[9.61453,48.76929],[9.61587,48.7697],[9.61615,48.77133],[9.62087,48.77189],[9.62263,48.77278],[9.62295,48.77427],[9.62613,48.77342],[9.6266,48.77438],[9.62137,48.77592],[9.62276,48.77802],[9.61972,48.77845],[9.61906,48.77951],[9.61958,48.78221],[9.6195,48.78674],[9.61998,48.78821],[9.62322,48.78837],[9.62771,48.78899],[9.62876,48.78983],[9.62764,48.79076],[9.6283,48.79255],[9.63086,48.793],[9.63327,48.79395],[9.63493,48.79412],[9.63493,48.79614],[9.63633,48.79633],[9.63899,48.79544],[9.64145,48.79561],[9.64317,48.79623],[9.64211,48.79774],[9.64446,48.79784],[9.64384,48.79992],[9.64379,48.8025],[9.64212,48.8029],[9.64231,48.80552],[9.64476,48.80576],[9.64675,48.80764],[9.64998,48.80695],[9.65084,48.80784],[9.64933,48.80874],[9.65179,48.80977],[9.64804,48.81149],[9.64534,48.81435],[9.6451,48.81565],[9.64128,48.81903],[9.64209,48.81969],[9.64534,48.81919],[9.64935,48.81964],[9.65502,48.81764],[9.65682,48.82],[9.65712,48.82205],[9.65651,48.82421],[9.65896,48.82529],[9.66147,48.82356],[9.66346,48.82411],[9.67085,48.82318],[9.67397,48.82449],[9.67576,48.82435],[9.67749,48.82354],[9.67843,48.82247],[9.68016,48.82481],[9.6827,48.82445],[9.6865,48.82311],[9.6919,48.82266],[9.69477,48.82215],[9.69524,48.82309],[9.69458,48.82529],[9.69957,48.82567],[9.7011,48.82322],[9.70345,48.82323],[9.703,48.82667],[9.70235,48.8274],[9.70407,48.82798],[9.70643,48.82796],[9.7079,48.82856],[9.71055,48.82828],[9.71162,48.82591],[9.71184,48.82363],[9.71314,48.82159],[9.7147,48.82183],[9.71682,48.82142],[9.71609,48.82013],[9.71361,48.82031],[9.71404,48.81891],[9.71602,48.81657],[9.71979,48.8142],[9.72377,48.81592],[9.72829,48.81606],[9.73004,48.8172],[9.7316,48.81749],[9.7335,48.81906],[9.73724,48.81894],[9.73925,48.81938],[9.7412,48.82066],[9.74677,48.82137],[9.75068,48.82287],[9.75234,48.8231],[9.75468,48.82574],[9.75479,48.8276],[9.75676,48.82776],[9.75868,48.82875],[9.76276,48.8291],[9.76233,48.83047],[9.76438,48.83103],[9.76489,48.82981],[9.76641,48.82963],[9.76641,48.83132],[9.76274,48.83258],[9.76365,48.83328],[9.76616,48.83228],[9.76893,48.83272],[9.76963,48.83384],[9.7693,48.83686],[9.76674,48.83709],[9.76586,48.83788],[9.76837,48.83888],[9.76601,48.84179],[9.76486,48.84511],[9.76318,48.84588],[9.76099,48.84599],[9.75846,48.84667],[9.75747,48.84741],[9.75339,48.84854],[9.7535,48.85014],[9.75731,48.8531],[9.76163,48.8536],[9.76594,48.8535],[9.76381,48.85548],[9.76073,48.8557],[9.75724,48.85822],[9.75634,48.86161],[9.75465,48.8612],[9.75273,48.86278],[9.75138,48.863],[9.74975,48.86636],[9.7505,48.86973],[9.74477,48.87208],[9.74317,48.87334],[9.74145,48.87399],[9.74216,48.87555],[9.751,48.87795],[9.75196,48.88186],[9.75111,48.8845],[9.74919,48.88651],[9.74247,48.88897],[9.73794,48.89003],[9.73764,48.89191],[9.74117,48.89119],[9.74434,48.89233],[9.74724,48.89289],[9.74691,48.89387],[9.74778,48.89581],[9.74533,48.89963],[9.74091,48.90213],[9.73819,48.90292],[9.73437,48.90479],[9.73025,48.90554],[9.72708,48.90756],[9.72507,48.90849],[9.71998,48.90758],[9.71608,48.90807],[9.71622,48.90889],[9.71967,48.91179],[9.72075,48.91313],[9.72024,48.91464],[9.71711,48.9153],[9.71169,48.91262],[9.70932,48.91232],[9.70843,48.91067],[9.70631,48.90929],[9.70379,48.91128],[9.7017,48.91185],[9.701,48.91325],[9.69881,48.91633],[9.69733,48.91731],[9.69764,48.9185],[9.69945,48.91956],[9.70031,48.92213],[9.69966,48.92497],[9.70052,48.92875],[9.69579,48.92747],[9.69165,48.9278],[9.68618,48.92628],[9.68553,48.92865],[9.6861,48.92909],[9.68409,48.93043],[9.68367,48.93164],[9.67975,48.93304],[9.67922,48.93451],[9.67959,48.93568],[9.67712,48.93864],[9.67353,48.93987],[9.67684,48.9421],[9.6768,48.94407],[9.67826,48.94444],[9.68034,48.94418],[9.68468,48.94418],[9.68667,48.94478],[9.68763,48.94659],[9.69063,48.94714],[9.69572,48.94633],[9.69753,48.95052],[9.69637,48.95136],[9.68787,48.95262],[9.68779,48.95423],[9.69173,48.95879],[9.69073,48.96046],[9.69095,48.96239],[9.69331,48.96402],[9.69004,48.96668],[9.68548,48.96825],[9.68313,48.96869],[9.67988,48.96829],[9.67732,48.96707],[9.67621,48.96521],[9.67395,48.96495],[9.67229,48.96302],[9.66912,48.96283],[9.6684,48.96207],[9.66682,48.96201],[9.66442,48.96642],[9.66277,48.96696],[9.6565,48.96624],[9.65192,48.96684],[9.65215,48.96769],[9.65624,48.96775],[9.65915,48.96833],[9.66438,48.96854],[9.67107,48.96979],[9.67409,48.97113],[9.67658,48.97156],[9.67497,48.97335],[9.67161,48.97401],[9.67146,48.9753],[9.66951,48.97905],[9.66666,48.98158],[9.66584,48.98292],[9.66562,48.98454],[9.66365,48.98615],[9.66418,48.98728],[9.66637,48.9877],[9.66816,48.98654],[9.66986,48.98664],[9.67119,48.98738],[9.67314,48.98744],[9.67547,48.98696],[9.67628,48.98957],[9.67353,48.98926],[9.67175,48.98991],[9.67236,48.99071],[9.67074,48.9921],[9.66885,48.99245],[9.66609,48.9938],[9.66273,48.99389],[9.65876,48.99374],[9.65586,48.99268],[9.65456,48.99327],[9.65562,48.99457],[9.6533,48.99562],[9.65184,48.99573],[9.65076,48.99505],[9.64966,48.99622],[9.64555,48.99415],[9.64033,48.99708],[9.63862,48.99909],[9.63855,49.00036],[9.63724,49.00277],[9.63563,49.00395],[9.63291,49.00407],[9.62722,49.00481],[9.62477,49.00484],[9.62276,49.0053],[9.62038,49.00525],[9.61634,49.00553],[9.61328,49.00298],[9.60936,49.00359],[9.60027,49.00408],[9.60183,49.00546],[9.59803,49.00668],[9.59853,49.00868],[9.60089,49.00971],[9.60253,49.01092],[9.60107,49.01292],[9.60197,49.01412],[9.60496,49.01471],[9.60498,49.01652],[9.60697,49.01844],[9.60635,49.01922],[9.61105,49.02187],[9.61169,49.02328],[9.61362,49.02505],[9.61143,49.02516],[9.61018,49.02604],[9.60785,49.02912],[9.60487,49.03209],[9.60625,49.03378],[9.61253,49.03518],[9.61347,49.03586],[9.60661,49.03925],[9.6035,49.04051],[9.59768,49.04142],[9.59753,49.04252],[9.59576,49.04578],[9.59862,49.04677],[9.60274,49.04708],[9.60812,49.04817],[9.61355,49.0483],[9.61481,49.04955],[9.61474,49.05039],[9.61198,49.05175],[9.6032,49.05179],[9.60437,49.05416],[9.59975,49.05484],[9.59772,49.05544],[9.59608,49.05636],[9.59354,49.05574],[9.59021,49.05581],[9.58961,49.05668],[9.58155,49.05507],[9.57855,49.05489],[9.5773,49.05378],[9.57671,49.05237],[9.57556,49.05196],[9.57543,49.04939],[9.57303,49.04753],[9.57113,49.04715],[9.56943,49.05058],[9.56946,49.05175],[9.56797,49.05342],[9.5627,49.05416],[9.55974,49.05364],[9.55626,49.05392],[9.55435,49.05455],[9.55227,49.05452],[9.55053,49.05638],[9.54857,49.05658],[9.54626,49.0561],[9.54463,49.05632],[9.54353,49.05712],[9.5417,49.0574],[9.53759,49.05712],[9.53526,49.05764],[9.53346,49.0586],[9.53473,49.06031],[9.53541,49.06257],[9.5351,49.06352],[9.53383,49.06396],[9.53022,49.06344],[9.5273,49.06376],[9.52203,49.06503],[9.52119,49.06699],[9.5178,49.06855],[9.51968,49.07139],[9.52067,49.07349],[9.51995,49.07512],[9.51818,49.07567],[9.51931,49.07705],[9.51838,49.07743],[9.51552,49.07689],[9.51176,49.07665],[9.50877,49.07611],[9.50744,49.07525],[9.50311,49.07716],[9.50088,49.079],[9.50175,49.08066],[9.50045,49.08166],[9.50332,49.08456],[9.50625,49.08813],[9.50484,49.08847],[9.50366,49.08754],[9.502,49.08761],[9.49938,49.08847],[9.50042,49.09001],[9.49831,49.09187],[9.49741,49.09701],[9.49853,49.09799],[9.50118,49.09801],[9.50535,49.09843],[9.50614,49.09919],[9.50258,49.10295],[9.50733,49.1033],[9.51037,49.10407],[9.51327,49.10576],[9.51594,49.10513],[9.52006,49.10543],[9.52395,49.10743],[9.52749,49.10855],[9.52993,49.10782],[9.53168,49.10463],[9.53582,49.10196],[9.53978,49.10452],[9.53732,49.10764],[9.53929,49.11065],[9.53566,49.11195],[9.53142,49.11532],[9.53298,49.11677],[9.53296,49.11814],[9.53123,49.11861],[9.53201,49.12101],[9.5333,49.12219],[9.5367,49.12363],[9.54144,49.12251],[9.54142,49.12392],[9.54375,49.12592],[9.54167,49.12775],[9.5452,49.12989],[9.54715,49.13018],[9.54643,49.13255],[9.55356,49.13335],[9.55666,49.13191],[9.56087,49.13251],[9.56084,49.13086],[9.56419,49.1315],[9.56747,49.12983],[9.56602,49.12922],[9.56757,49.12783],[9.56904,49.12752],[9.57217,49.12413],[9.56994,49.12321],[9.5664,49.12289],[9.56202,49.12542],[9.56062,49.12476],[9.56051,49.12118],[9.55986,49.12],[9.5625,49.11855],[9.56808,49.12021],[9.57023,49.1204],[9.5708,49.12161],[9.5724,49.12206],[9.57801,49.12201],[9.57788,49.11981],[9.58041,49.11862],[9.58124,49.11928],[9.58335,49.11796],[9.58263,49.11672],[9.58508,49.11706],[9.59543,49.11353],[9.59304,49.1123],[9.58884,49.11175],[9.59254,49.10811],[9.60598,49.10759],[9.60327,49.10557],[9.60948,49.10547],[9.61118,49.10755],[9.6133,49.10889],[9.60972,49.11344],[9.6113,49.11468],[9.61173,49.11651],[9.61085,49.11875],[9.61311,49.11925],[9.60798,49.12157],[9.60765,49.12001],[9.60477,49.12003],[9.60442,49.1191],[9.60254,49.11872],[9.5994,49.11942],[9.59798,49.12049],[9.59373,49.12186],[9.59073,49.12208],[9.58899,49.12343],[9.58925,49.12608],[9.58819,49.1272],[9.58519,49.12745],[9.58412,49.12877],[9.58493,49.13178],[9.5816,49.13202],[9.57958,49.13331],[9.58345,49.13531],[9.5866,49.13747],[9.59209,49.13909],[9.59204,49.14099],[9.6012,49.14139],[9.60253,49.14407],[9.60458,49.14574],[9.60501,49.14678],[9.60649,49.14739],[9.60647,49.14867],[9.60456,49.14971],[9.60341,49.15084],[9.60599,49.15228],[9.60703,49.14985],[9.61009,49.14961],[9.61085,49.14629],[9.61002,49.13997],[9.60706,49.13993],[9.60712,49.13835],[9.60772,49.13698],[9.6115,49.1365],[9.61746,49.13741],[9.6227,49.13654],[9.62629,49.1373],[9.63075,49.13892],[9.63426,49.13876],[9.63558,49.13773],[9.6398,49.138],[9.64213,49.13714],[9.64382,49.13556],[9.64266,49.13282],[9.64146,49.13156],[9.63836,49.12723],[9.64527,49.12725],[9.64631,49.12966],[9.64986,49.12957],[9.65056,49.13106],[9.65207,49.13101],[9.65251,49.13389],[9.65022,49.13643],[9.65015,49.13778],[9.64815,49.14326],[9.64956,49.1453],[9.65259,49.14654],[9.65488,49.14316],[9.65265,49.14274],[9.6525,49.13783],[9.6548,49.13695],[9.65457,49.13598],[9.65695,49.13616],[9.65908,49.13686],[9.6659,49.14034],[9.66796,49.14251],[9.66599,49.14353],[9.66604,49.14515],[9.66957,49.14649],[9.67057,49.14843],[9.67281,49.14905],[9.67286,49.15036],[9.67414,49.15347],[9.67293,49.15468],[9.67152,49.15532],[9.672,49.15761],[9.67071,49.15861],[9.67328,49.16123],[9.67431,49.16191],[9.67663,49.16217],[9.68186,49.16432],[9.68473,49.16446],[9.68689,49.16501],[9.69005,49.16712],[9.69026,49.16818],[9.6894,49.17112],[9.68823,49.17184],[9.68905,49.17344],[9.68822,49.17465],[9.68901,49.17575],[9.6934,49.17599],[9.69433,49.17751],[9.69341,49.17917],[9.69699,49.18056],[9.6964,49.18158],[9.69623,49.18427],[9.69517,49.18726],[9.69679,49.18987],[9.69986,49.19086],[9.70032,49.19218],[9.70497,49.19248],[9.70521,49.1941],[9.7096,49.19646],[9.71275,49.19556],[9.71377,49.19696],[9.71657,49.19517],[9.71824,49.19559],[9.71702,49.19806],[9.72337,49.19875],[9.72408,49.1956],[9.72979,49.19471],[9.74021,49.19417],[9.74473,49.19484],[9.74763,49.1977],[9.74889,49.19993],[9.74882,49.2034],[9.75067,49.20354],[9.75139,49.20601],[9.75079,49.20781],[9.75411,49.21139],[9.74879,49.21196],[9.74743,49.21834],[9.74854,49.2188],[9.74792,49.22067],[9.74571,49.22201],[9.73962,49.22284],[9.73847,49.22353],[9.73627,49.22391],[9.73332,49.22401],[9.73472,49.22538],[9.73649,49.22643],[9.73865,49.22649],[9.74091,49.22591],[9.74215,49.22641],[9.74432,49.22535],[9.74595,49.22332],[9.74862,49.22446],[9.75219,49.22391],[9.75632,49.225],[9.76213,49.22496],[9.76499,49.22463],[9.76563,49.22685],[9.76463,49.23113],[9.76283,49.23531],[9.76306,49.23771],[9.76411,49.2389],[9.7644,49.24179],[9.76384,49.24287],[9.7612,49.24433],[9.75832,49.24463],[9.75767,49.24565],[9.75966,49.24581],[9.76377,49.2478],[9.766,49.24864],[9.76835,49.24698],[9.77111,49.24465],[9.77272,49.24729],[9.77521,49.25006],[9.77854,49.25087],[9.7805,49.25341],[9.78198,49.25216],[9.78311,49.25304],[9.78523,49.25332],[9.78821,49.25534],[9.79121,49.2551],[9.79813,49.25649],[9.80746,49.25791],[9.81212,49.25759],[9.81514,49.2587],[9.81467,49.25968],[9.8194,49.26161],[9.81922,49.26206],[9.82704,49.26501],[9.82626,49.26763],[9.82483,49.26923],[9.82644,49.26964],[9.82688,49.27143],[9.82533,49.27251],[9.82574,49.27649],[9.82185,49.27923],[9.81995,49.28004],[9.82434,49.28102],[9.82999,49.27818],[9.8327,49.28033],[9.83478,49.28344],[9.83442,49.28466],[9.83595,49.28529],[9.83481,49.28667],[9.83699,49.28795],[9.84024,49.28373],[9.84373,49.28402],[9.84235,49.28583],[9.84535,49.28704],[9.84629,49.28674],[9.85229,49.28738],[9.85543,49.28671],[9.85795,49.28799],[9.85799,49.2897],[9.8604,49.29002],[9.86028,49.2935],[9.85441,49.29364],[9.85405,49.29543],[9.85424,49.30107],[9.85336,49.30224],[9.85522,49.30304],[9.85827,49.30322],[9.86009,49.3025],[9.85959,49.30476],[9.85645,49.30554],[9.85744,49.30615],[9.85563,49.30711],[9.85444,49.30683],[9.84815,49.30697],[9.8446,49.30778],[9.84153,49.30793],[9.84071,49.30877],[9.84511,49.30971],[9.84496,49.31036],[9.85277,49.31084],[9.85203,49.3118],[9.85531,49.31266],[9.85293,49.31433],[9.85558,49.3161],[9.8517,49.31612],[9.85161,49.3176],[9.84743,49.32051],[9.84682,49.32181],[9.84834,49.32391],[9.85064,49.32544],[9.8543,49.32592],[9.85505,49.32531],[9.85884,49.32647],[9.85832,49.33039],[9.85353,49.33434],[9.85178,49.33667],[9.84908,49.33675],[9.84987,49.33847],[9.84715,49.34072],[9.84698,49.34221],[9.84443,49.34549],[9.84351,49.34538],[9.84341,49.35026],[9.84529,49.34997],[9.84752,49.35025],[9.84968,49.35108],[9.85349,49.35185],[9.85601,49.35374],[9.85238,49.35542],[9.85178,49.35796],[9.85178,49.36025],[9.85275,49.36373],[9.85766,49.36393],[9.85556,49.36837],[9.85802,49.36915],[9.86345,49.36995],[9.86673,49.37009],[9.86882,49.37366],[9.87507,49.37372],[9.8764,49.37439],[9.87806,49.37435],[9.8799,49.37226],[9.88461,49.37024],[9.88729,49.36964],[9.89063,49.37005],[9.89224,49.37469],[9.89425,49.37448],[9.89434,49.37304],[9.89548,49.37209],[9.89485,49.36964],[9.8984,49.36882],[9.90009,49.36722],[9.90556,49.36777],[9.91151,49.36802],[9.91389,49.37009],[9.91071,49.37274],[9.91659,49.37399],[9.91678,49.37323],[9.92396,49.37338],[9.9239,49.37219],[9.925,49.37113],[9.92867,49.37041],[9.93068,49.36892],[9.92857,49.36532],[9.92707,49.36417],[9.92853,49.36162],[9.93212,49.36055],[9.93398,49.35924],[9.93395,49.35816],[9.93107,49.35762],[9.93355,49.35389],[9.93386,49.35241],[9.93525,49.3522],[9.93615,49.35293],[9.93633,49.35443],[9.93836,49.35551],[9.94065,49.35826],[9.94417,49.36004],[9.94728,49.35888],[9.95521,49.36095],[9.95727,49.36065],[9.95913,49.35954],[9.96229,49.3638],[9.96597,49.36448],[9.96544,49.36548],[9.96713,49.36663],[9.96852,49.36837],[9.97224,49.3741],[9.97382,49.37466],[9.97336,49.37574],[9.97751,49.37754],[9.97972,49.37609],[9.98009,49.37453],[9.98373,49.37358],[9.98804,49.37427],[9.98889,49.37293],[9.99283,49.37294],[9.99284,49.37194],[10.0002,49.3724],[10.00036,49.37077],[10.00483,49.37074],[10.00651,49.37023],[10.00911,49.37028],[10.01179,49.37112],[10.0128,49.37007],[10.01446,49.37083],[10.02001,49.37155],[10.02082,49.36994],[10.02558,49.369],[10.03996,49.36927],[10.03981,49.37058],[10.04041,49.37146],[10.03931,49.37368],[10.03613,49.37705],[10.03494,49.37947],[10.03217,49.38128],[10.03406,49.38207],[10.0313,49.3832],[10.03247,49.38466],[10.03694,49.38434],[10.04115,49.38309],[10.04083,49.38492],[10.04435,49.38478],[10.04426,49.38614],[10.05063,49.38945],[10.05509,49.38848],[10.06144,49.38861],[10.06482,49.3892],[10.06693,49.38986],[10.06788,49.39262],[10.07188,49.39317],[10.07927,49.39441],[10.08255,49.39446],[10.08544,49.39356],[10.09368,49.39359],[10.09916,49.3946],[10.10602,49.39516],[10.10831,49.39488],[10.11337,49.39311],[10.11149,49.39199],[10.11006,49.39169],[10.10788,49.3897],[10.10907,49.38785],[10.11182,49.38837],[10.11197,49.38491],[10.11852,49.38623],[10.12169,49.38624],[10.12169,49.38786],[10.12661,49.3879],[10.13659,49.38622],[10.13982,49.38587],[10.13969,49.3845],[10.14229,49.38476],[10.14492,49.38441],[10.1464,49.38743],[10.14993,49.38732],[10.15181,49.38922],[10.1563,49.3895],[10.15677,49.39074],[10.1583,49.39103],[10.15988,49.39016],[10.16121,49.39036],[10.1607,49.39414],[10.1617,49.39549],[10.1583,49.39603],[10.15426,49.39707],[10.15425,49.39866],[10.1499,49.39957],[10.14645,49.40169],[10.14269,49.4026],[10.13864,49.4031],[10.13936,49.40437],[10.14206,49.40397],[10.14963,49.40197],[10.15222,49.40102],[10.15136,49.40361],[10.15142,49.40487],[10.1496,49.40666],[10.14983,49.40901],[10.14809,49.41137],[10.15089,49.41089],[10.15168,49.41229],[10.14804,49.41398],[10.14682,49.41533],[10.14634,49.41695],[10.14413,49.42064],[10.14129,49.42293],[10.13942,49.42386],[10.13743,49.42472],[10.13801,49.42628],[10.13807,49.42867],[10.13362,49.43201],[10.1348,49.43328],[10.13811,49.43312],[10.13448,49.43476],[10.13371,49.43715],[10.13193,49.43782],[10.12887,49.4384],[10.1261,49.43927],[10.12263,49.44072],[10.11878,49.4439],[10.1179,49.44314],[10.11664,49.44383],[10.1138,49.44382],[10.11063,49.4425],[10.11274,49.43913],[10.11176,49.43875],[10.10597,49.44303],[10.10571,49.44482],[10.09935,49.44645],[10.09474,49.4479],[10.09729,49.45158],[10.09694,49.45255],[10.09724,49.45429],[10.09802,49.45487],[10.09705,49.45589],[10.09783,49.45701],[10.09998,49.45668],[10.10649,49.45851],[10.10823,49.46021],[10.10651,49.46087],[10.10483,49.46278],[10.10654,49.46325],[10.10871,49.46201],[10.11045,49.46237],[10.11448,49.4625],[10.11584,49.4613],[10.12225,49.46391],[10.12186,49.46486],[10.11792,49.46759],[10.11764,49.46967],[10.11833,49.47317],[10.11512,49.47396],[10.11663,49.47617],[10.11576,49.4763],[10.11609,49.47858],[10.11071,49.47762],[10.1081,49.48285],[10.10339,49.48416],[10.10338,49.48499],[10.10124,49.48564],[10.10162,49.49005],[10.10001,49.49067],[10.09999,49.49173],[10.10126,49.49398],[10.10259,49.49498],[10.10458,49.49579],[10.10388,49.49696],[10.10981,49.50169],[10.11447,49.5026],[10.11712,49.50374],[10.11536,49.50696],[10.12086,49.50727],[10.12046,49.50924],[10.12147,49.50945],[10.12132,49.51105],[10.11451,49.51019],[10.11353,49.51221],[10.10848,49.51148],[10.10572,49.51511],[10.10011,49.51371],[10.09931,49.51485],[10.09537,49.51415],[10.09043,49.51299],[10.08906,49.51319],[10.08415,49.51176],[10.08315,49.51285],[10.08135,49.51368],[10.08335,49.5144],[10.08033,49.51778],[10.07906,49.51733],[10.07689,49.51988],[10.08064,49.5212],[10.07879,49.52386],[10.08028,49.52425],[10.07861,49.52732],[10.08112,49.52795],[10.08797,49.52845],[10.08774,49.53054],[10.0896,49.53052],[10.08866,49.53372],[10.09008,49.53404],[10.08649,49.53917],[10.08552,49.54221],[10.08384,49.54221],[10.08372,49.54356],[10.07952,49.54345],[10.07614,49.54284],[10.0759,49.54441],[10.0724,49.54449],[10.06871,49.54483],[10.06635,49.54554],[10.06143,49.54514],[10.06173,49.54165],[10.05711,49.54068],[10.05861,49.53929],[10.06137,49.53747],[10.05889,49.53698],[10.0588,49.53613],[10.05276,49.53453],[10.05115,49.53341],[10.04943,49.53323],[10.0451,49.53076],[10.04002,49.52901],[10.04188,49.52706],[10.04381,49.5263],[10.04552,49.52405],[10.05079,49.52082],[10.05489,49.52117],[10.0549,49.51977],[10.05718,49.51932],[10.05731,49.51683],[10.05615,49.51495],[10.05152,49.51442],[10.0524,49.51067],[10.04624,49.50698],[10.04069,49.50636],[10.03697,49.50446],[10.03353,49.50365],[10.03137,49.50358],[10.02818,49.50399],[10.02741,49.49853],[10.02504,49.49322],[10.02198,49.48858],[10.02026,49.48665],[10.01891,49.48591],[10.01399,49.48451],[10.01012,49.48321],[10.00328,49.48442],[10.00038,49.48595],[9.99776,49.48554],[9.99716,49.48635],[9.99263,49.48572],[9.99201,49.4864],[9.98629,49.48505],[9.9828,49.48405],[9.97793,49.48361],[9.97521,49.48085],[9.97354,49.4819],[9.9757,49.48525],[9.97402,49.48582],[9.97001,49.48543],[9.96589,49.4843],[9.96069,49.48382],[9.95897,49.48385],[9.95464,49.4807],[9.95188,49.48036],[9.94869,49.4816],[9.94451,49.48147],[9.94087,49.48233],[9.93395,49.48361],[9.92656,49.48484],[9.91374,49.49325],[9.91446,49.4956],[9.91624,49.49574],[9.91605,49.49954],[9.91781,49.4996],[9.91801,49.50067],[9.91934,49.50202],[9.92224,49.50414],[9.92513,49.50865],[9.92346,49.5099],[9.92138,49.51259],[9.92017,49.51504],[9.91696,49.5178],[9.91719,49.51993],[9.9184,49.52238],[9.92123,49.52377],[9.92381,49.52412],[9.92457,49.5273],[9.92451,49.52838],[9.92323,49.52903],[9.92576,49.53019],[9.92482,49.53135],[9.92563,49.53387],[9.92487,49.53495],[9.92705,49.53608],[9.9244,49.53823],[9.92345,49.53983],[9.92155,49.54113],[9.92281,49.54214],[9.92018,49.54513],[9.92248,49.54579],[9.92072,49.55101],[9.92164,49.55142],[9.9244,49.54883],[9.92531,49.54958],[9.92696,49.54952],[9.92685,49.55164],[9.92579,49.55372],[9.92391,49.55294],[9.92178,49.55283],[9.92073,49.5534],[9.92099,49.55473],[9.92453,49.55714],[9.92283,49.55816],[9.92466,49.55954],[9.92448,49.56117],[9.92143,49.5622],[9.92085,49.56328],[9.91545,49.56179],[9.91123,49.56138],[9.90638,49.56205],[9.89907,49.56108],[9.89821,49.56238],[9.89799,49.56478],[9.89888,49.56575],[9.89945,49.56788],[9.90128,49.56898],[9.90152,49.57147],[9.90223,49.57256],[9.90398,49.57311],[9.90614,49.57709],[9.90682,49.57775],[9.91079,49.57963],[9.91572,49.58223],[9.91154,49.58378],[9.91244,49.58591],[9.90803,49.58674],[9.90733,49.58485],[9.9028,49.58639],[9.90149,49.58598],[9.89879,49.58835],[9.89666,49.58537],[9.89352,49.58352],[9.89159,49.58351],[9.88984,49.58241],[9.88724,49.5824],[9.88609,49.58076],[9.87573,49.57863],[9.87386,49.5741],[9.87406,49.57169],[9.86937,49.57129],[9.86974,49.569],[9.86455,49.56788],[9.865,49.56548],[9.86648,49.55998],[9.86664,49.55746],[9.86529,49.55654],[9.86581,49.55546],[9.86447,49.55512],[9.86458,49.55374],[9.86046,49.55351],[9.8608,49.55059],[9.8596,49.54877],[9.86023,49.54737],[9.85931,49.54604],[9.85578,49.54578],[9.85458,49.54625],[9.85223,49.54538],[9.84991,49.54577],[9.84773,49.54665],[9.84728,49.54753],[9.8432,49.54765],[9.84056,49.55069],[9.83308,49.55123],[9.83083,49.55159],[9.82804,49.55159],[9.82621,49.55321],[9.81799,49.55589],[9.81869,49.55731],[9.818,49.55861],[9.81442,49.55718],[9.81154,49.55568],[9.81023,49.55732],[9.81647,49.55976],[9.81605,49.56029],[9.81949,49.56106],[9.82756,49.5643],[9.83095,49.5664],[9.837,49.5689],[9.83573,49.57027],[9.84166,49.57277],[9.84056,49.57448],[9.84491,49.57556],[9.84787,49.57705],[9.8485,49.57771],[9.84679,49.57999],[9.84846,49.58038],[9.84708,49.58274],[9.84714,49.58455],[9.84565,49.58671],[9.8432,49.58823],[9.84133,49.59033],[9.84096,49.5913],[9.84293,49.59329],[9.84105,49.59514],[9.8441,49.5957],[9.84392,49.59685],[9.84587,49.59792],[9.84931,49.59777],[9.8549,49.60031],[9.85946,49.60298],[9.85942,49.60541],[9.85761,49.60719],[9.85967,49.6069],[9.85997,49.60851],[9.86414,49.60794],[9.86427,49.60853],[9.87043,49.60894],[9.87032,49.60985],[9.87281,49.61008],[9.87204,49.61173],[9.86805,49.61117],[9.86754,49.61225],[9.86921,49.61249],[9.8674,49.61648],[9.86754,49.62104],[9.86676,49.62148],[9.86412,49.62146],[9.8639,49.62379],[9.86566,49.62413],[9.86303,49.62754],[9.86386,49.62791],[9.86058,49.63218],[9.85772,49.63241],[9.85877,49.63396],[9.85697,49.63468],[9.85753,49.63716],[9.85665,49.63881],[9.85581,49.6388],[9.85493,49.64154],[9.85261,49.64289],[9.85012,49.64315],[9.85,49.64395],[9.84781,49.64416],[9.84528,49.64378],[9.84457,49.64504],[9.84227,49.64512],[9.84188,49.64429],[9.83788,49.64588],[9.83675,49.64533],[9.83467,49.64629],[9.83604,49.64841],[9.83316,49.64965],[9.83006,49.65174],[9.83026,49.65299],[9.82956,49.65435],[9.83106,49.65496],[9.83284,49.65459],[9.83381,49.65628],[9.83196,49.65744],[9.83152,49.65894],[9.8294,49.6597],[9.8325,49.66042],[9.82918,49.66134],[9.82749,49.66133],[9.82578,49.66234],[9.8251,49.66357],[9.82389,49.66314],[9.82236,49.66471],[9.822,49.66625],[9.82561,49.66754],[9.82396,49.67018],[9.82342,49.67317],[9.82544,49.67329],[9.82564,49.67531],[9.82757,49.67544],[9.82908,49.67782],[9.82893,49.67867],[9.83087,49.67921],[9.82995,49.68101],[9.84093,49.68162],[9.84117,49.68342],[9.83866,49.68286],[9.83706,49.68323],[9.83629,49.68539],[9.83251,49.68733],[9.83116,49.68656],[9.83003,49.68771],[9.83189,49.68873],[9.8337,49.69053],[9.83615,49.69174],[9.833,49.6935],[9.83446,49.6944],[9.83235,49.69575],[9.83368,49.69673],[9.83179,49.6982],[9.83292,49.69921],[9.8318,49.7038],[9.82816,49.70645],[9.82503,49.70493],[9.82336,49.70467],[9.82268,49.70743],[9.82355,49.7077],[9.82143,49.70973],[9.81961,49.71066],[9.81488,49.71254],[9.80888,49.71375],[9.80676,49.71538],[9.8048,49.71777],[9.80361,49.71846],[9.79923,49.71904],[9.79651,49.72071],[9.79571,49.72343],[9.79607,49.72709],[9.79775,49.7284],[9.80024,49.72955],[9.79999,49.73094],[9.79768,49.73107],[9.79373,49.73136],[9.79144,49.73095],[9.78992,49.72857],[9.78931,49.72465],[9.78676,49.72185],[9.77919,49.7225],[9.77582,49.72119],[9.7716,49.72011],[9.76854,49.71898],[9.76213,49.71531],[9.7593,49.71349],[9.75864,49.71214],[9.75295,49.71012],[9.75131,49.70709],[9.75072,49.70232],[9.75079,49.69784],[9.74989,49.69586],[9.74554,49.69354],[9.74544,49.69186],[9.74209,49.69172],[9.74185,49.69061],[9.73877,49.69004],[9.73942,49.68819],[9.73608,49.68774],[9.73197,49.68843],[9.72851,49.68838],[9.72755,49.68873],[9.72753,49.69148],[9.72879,49.69677],[9.72835,49.69819],[9.72663,49.70008],[9.72435,49.70121],[9.71929,49.70194],[9.71943,49.70342],[9.71738,49.70675],[9.71523,49.70943],[9.71324,49.71389],[9.7142,49.71416],[9.71474,49.71656],[9.7135,49.71684],[9.71416,49.71973],[9.71394,49.72115],[9.71172,49.72272],[9.71183,49.7261],[9.71114,49.72699],[9.70972,49.72706],[9.70726,49.72564],[9.70673,49.72486],[9.70453,49.72517],[9.70274,49.7221],[9.70072,49.72215],[9.70134,49.72035],[9.70038,49.71696],[9.69827,49.71782],[9.69589,49.71922],[9.69137,49.71799],[9.68936,49.7183],[9.68242,49.71759],[9.67719,49.7162],[9.67786,49.71428],[9.67792,49.71118],[9.67725,49.70701],[9.67623,49.7037],[9.67574,49.70054],[9.67409,49.69672],[9.67615,49.69335],[9.66669,49.69054],[9.66261,49.68922],[9.65543,49.68859],[9.6535,49.68714],[9.65046,49.68815],[9.65132,49.69022],[9.64819,49.69088],[9.64888,49.69174],[9.64497,49.69109],[9.64304,49.69324],[9.63541,49.69288],[9.63246,49.69319],[9.63276,49.6957],[9.63228,49.69879],[9.63046,49.70156],[9.62613,49.7026],[9.62545,49.70374],[9.62642,49.70626],[9.62766,49.70824],[9.63097,49.71012],[9.63223,49.71279],[9.63233,49.71571],[9.63305,49.71707],[9.63465,49.71869],[9.63926,49.71971],[9.64087,49.72034],[9.63866,49.72213],[9.6411,49.72318],[9.63893,49.72555],[9.63774,49.72548],[9.63536,49.72792],[9.6336,49.72782],[9.63199,49.72924],[9.62772,49.73196],[9.63039,49.7322],[9.63656,49.73165],[9.63824,49.73423],[9.63806,49.73711],[9.6387,49.73754],[9.64586,49.73647],[9.64694,49.73915],[9.64559,49.73974],[9.64305,49.73977],[9.639,49.74051],[9.63906,49.74252],[9.64455,49.74393],[9.64555,49.74691],[9.64358,49.74847],[9.64315,49.74988],[9.63851,49.75292],[9.63795,49.75385],[9.64282,49.7571],[9.64415,49.75837],[9.64616,49.76146],[9.64939,49.765],[9.65187,49.76637],[9.64977,49.76708],[9.64755,49.7692],[9.6465,49.77069],[9.64599,49.77419],[9.64496,49.77516],[9.64509,49.77736],[9.64432,49.77861],[9.64617,49.77917],[9.64697,49.77846],[9.65051,49.7794],[9.65142,49.78056],[9.65045,49.78278],[9.64973,49.78545],[9.65094,49.78619],[9.64913,49.7897],[9.64874,49.79148],[9.64555,49.79079],[9.6352,49.78757],[9.63069,49.78591],[9.6203,49.78376],[9.60825,49.78333],[9.60161,49.78232],[9.5975,49.78149],[9.59132,49.78004],[9.59002,49.78122],[9.58576,49.77951],[9.58108,49.77803],[9.57635,49.77905],[9.57759,49.7803],[9.57629,49.78289],[9.58014,49.78317],[9.58006,49.78403],[9.5761,49.78383],[9.56938,49.78297],[9.56533,49.78205],[9.56341,49.78138],[9.56016,49.77969],[9.55828,49.77769],[9.5576,49.77618],[9.55751,49.77386],[9.55839,49.76509],[9.55957,49.76178],[9.561,49.75985],[9.56673,49.75438],[9.56783,49.75302],[9.56893,49.75059],[9.56885,49.74871],[9.5667,49.74577],[9.56457,49.74478],[9.56106,49.74457],[9.55961,49.74482],[9.55694,49.74603],[9.55506,49.74752],[9.55406,49.75098],[9.554,49.75327],[9.55311,49.75828],[9.55243,49.76043],[9.55008,49.76386],[9.54785,49.76574],[9.54503,49.76697],[9.54219,49.76767],[9.53763,49.76756],[9.53483,49.76626],[9.52871,49.76252],[9.52584,49.76158],[9.52139,49.76119],[9.51725,49.7622],[9.51451,49.76379],[9.51234,49.76558],[9.51042,49.76817],[9.51003,49.77099],[9.51084,49.77388],[9.51272,49.77845],[9.51308,49.7808],[9.51167,49.78359],[9.509,49.78558],[9.5047,49.78789],[9.50146,49.78877],[9.4998,49.78889],[9.48344,49.78782],[9.4799,49.7872],[9.47825,49.78644],[9.47326,49.78216],[9.4715,49.77973],[9.46999,49.77507],[9.46876,49.77379],[9.46437,49.77156],[9.45963,49.76976],[9.45582,49.76966],[9.44956,49.77157],[9.44632,49.77304],[9.44334,49.77577],[9.43887,49.78294],[9.43739,49.78505],[9.43485,49.78738],[9.43302,49.78835],[9.42863,49.78933],[9.42511,49.78955],[9.42282,49.78932],[9.42028,49.78851],[9.4158,49.78555],[9.40627,49.77805],[9.4037,49.77624],[9.4019,49.77551],[9.39716,49.77414],[9.39574,49.77322],[9.39323,49.77076],[9.39155,49.77012],[9.3886,49.77039],[9.38655,49.77103],[9.38305,49.7733],[9.37908,49.77692],[9.37697,49.77798],[9.37261,49.77898],[9.37003,49.77871],[9.36891,49.77815],[9.36411,49.77428],[9.36002,49.77208],[9.35768,49.77107],[9.35104,49.76901],[9.34814,49.76855],[9.3433,49.7682],[9.34101,49.7683],[9.32964,49.76952],[9.32183,49.76936],[9.31713,49.76883],[9.31464,49.76775],[9.31345,49.76643],[9.3131,49.76448],[9.31325,49.7617],[9.31453,49.75873],[9.31557,49.75732],[9.31924,49.75379],[9.32155,49.75125],[9.3234,49.7482],[9.3238,49.7457],[9.32312,49.7438],[9.32229,49.74283],[9.31922,49.741],[9.31767,49.74045],[9.31403,49.74008],[9.30993,49.74016],[9.30345,49.74085],[9.29979,49.74093],[9.29567,49.74053],[9.2963,49.73892],[9.30008,49.7377],[9.30803,49.73605],[9.31177,49.73471],[9.3159,49.73524],[9.31998,49.73224],[9.32287,49.73117],[9.32932,49.73195],[9.33573,49.73412],[9.34171,49.7342],[9.3462,49.73305],[9.35182,49.73237],[9.35887,49.73078],[9.3634,49.73161],[9.36599,49.73092],[9.37164,49.72869],[9.37421,49.728],[9.37348,49.72738],[9.36834,49.72657],[9.3665,49.72607],[9.36295,49.72352],[9.35798,49.72307],[9.35118,49.72197],[9.34942,49.72153],[9.34548,49.71877],[9.34403,49.71861],[9.34411,49.71699],[9.34757,49.71619],[9.35083,49.71617],[9.35223,49.71648],[9.35184,49.7119],[9.35311,49.71175],[9.35321,49.70744],[9.35653,49.70567],[9.35741,49.70429],[9.36626,49.7036],[9.37207,49.704],[9.38058,49.70669],[9.38253,49.70746],[9.38314,49.70924],[9.38243,49.71155],[9.38217,49.71635],[9.38303,49.71925],[9.3826,49.72169],[9.38137,49.72516],[9.38016,49.72612],[9.38294,49.72682],[9.38676,49.72841],[9.38565,49.73091],[9.3899,49.72983],[9.3949,49.72917],[9.39996,49.72884],[9.4012,49.72483],[9.40107,49.72056],[9.4042,49.72022],[9.40793,49.72146],[9.41006,49.71776],[9.41193,49.71631],[9.4153,49.71247],[9.41868,49.7119],[9.42039,49.70857],[9.42031,49.70663],[9.41764,49.70584],[9.41759,49.70423],[9.41687,49.7024],[9.41874,49.69773],[9.42231,49.69608],[9.41926,49.69381],[9.42079,49.6922],[9.42009,49.69019],[9.41544,49.68612],[9.41399,49.68434],[9.41336,49.68296],[9.41026,49.68168],[9.40924,49.68204],[9.40639,49.67958],[9.40942,49.67812],[9.41278,49.6773],[9.41247,49.67547],[9.40997,49.67539],[9.40538,49.67579],[9.40148,49.67485],[9.40001,49.67379],[9.39808,49.67148],[9.39789,49.67066],[9.40236,49.66812],[9.40508,49.66602],[9.40754,49.6645],[9.41092,49.66351],[9.41233,49.66262],[9.41204,49.66079],[9.41635,49.65988],[9.4195,49.65885],[9.41745,49.65586],[9.41644,49.65388],[9.41011,49.64965],[9.40771,49.64674],[9.406,49.64531],[9.40501,49.64572],[9.39978,49.64532],[9.39378,49.64631],[9.38815,49.64499],[9.38357,49.64283],[9.38045,49.64422],[9.37886,49.64649],[9.37433,49.65019],[9.37189,49.65125],[9.36746,49.65609],[9.36758,49.65875],[9.36565,49.6566],[9.36394,49.65534],[9.36184,49.65461],[9.35466,49.65167],[9.35316,49.65063],[9.35017,49.65043],[9.3487,49.64953],[9.34594,49.64696],[9.34388,49.6443],[9.3369,49.6443],[9.32984,49.64727],[9.32432,49.64878],[9.32172,49.64965],[9.31761,49.65067],[9.31361,49.65371],[9.31054,49.65395],[9.30408,49.65494],[9.30432,49.65379],[9.30649,49.6508],[9.30547,49.65008],[9.2993,49.64856],[9.29866,49.64744],[9.29633,49.64595],[9.29295,49.64487],[9.29049,49.64377],[9.28745,49.63854],[9.28558,49.63605],[9.28158,49.63737],[9.27842,49.63799],[9.27072,49.63402],[9.27482,49.63095],[9.2701,49.62649],[9.27437,49.62511],[9.27651,49.62338],[9.27805,49.62033],[9.28403,49.61686],[9.28502,49.6148],[9.28054,49.61343],[9.26803,49.60894],[9.26458,49.60682],[9.26395,49.60564],[9.26508,49.60348],[9.26497,49.60202],[9.26354,49.60121],[9.26,49.59846],[9.26021,49.59439],[9.25904,49.59328],[9.25507,49.59414],[9.24946,49.5938],[9.24831,49.59166],[9.24644,49.59002],[9.24897,49.58762],[9.24894,49.58452],[9.24548,49.58455],[9.24189,49.58326],[9.24065,49.58201],[9.2387,49.58129],[9.23502,49.58087],[9.23127,49.57983],[9.22916,49.58023],[9.22821,49.57931],[9.22655,49.5788],[9.22441,49.57921],[9.22293,49.57788],[9.21971,49.57824],[9.21518,49.57682],[9.21365,49.57654],[9.21072,49.57782],[9.20655,49.57618],[9.20297,49.57671],[9.20056,49.57654],[9.19794,49.57523],[9.19441,49.57404],[9.1873,49.57689],[9.18343,49.57574],[9.18237,49.57426],[9.1808,49.57375],[9.17861,49.57554],[9.17541,49.57596],[9.17328,49.57776],[9.16977,49.5774],[9.165,49.57545],[9.16302,49.5775],[9.15889,49.57959],[9.1495,49.57929],[9.14281,49.57817],[9.13799,49.57576],[9.13121,49.57587],[9.1258,49.57495],[9.12051,49.57356],[9.11771,49.57368],[9.11388,49.57468],[9.11017,49.57804],[9.10827,49.5793],[9.10301,49.57746],[9.10038,49.57227],[9.10006,49.56335],[9.09971,49.56147],[9.09893,49.56055],[9.09472,49.56056],[9.09231,49.56133],[9.08916,49.5608],[9.08263,49.56179],[9.08099,49.56494],[9.08117,49.56959],[9.07804,49.5748],[9.07445,49.57517],[9.07307,49.57494],[9.07361,49.57186],[9.07357,49.57023],[9.07292,49.56701],[9.07221,49.56525],[9.07447,49.56368],[9.0763,49.56091],[9.07978,49.55815],[9.08199,49.55705],[9.08288,49.55492],[9.08555,49.55377],[9.08806,49.55024],[9.08809,49.5473],[9.08725,49.54454],[9.08651,49.54378],[9.08439,49.54302],[9.0885,49.54202],[9.0932,49.54191],[9.09621,49.54098],[9.09962,49.53859],[9.10449,49.53812],[9.10523,49.53583],[9.10871,49.53654],[9.11377,49.53463],[9.11495,49.53386],[9.11516,49.53126],[9.11775,49.52793],[9.12027,49.52742],[9.12033,49.52597],[9.12173,49.52472],[9.12646,49.52161],[9.12403,49.52045],[9.12374,49.51894],[9.12641,49.51695],[9.12387,49.51611],[9.11953,49.51221],[9.11735,49.51268],[9.10759,49.50989],[9.10613,49.5098],[9.10497,49.5111],[9.10515,49.51283],[9.10615,49.5151],[9.10496,49.51756],[9.10162,49.51974],[9.09955,49.52619],[9.0929,49.52554],[9.08744,49.52599],[9.08343,49.52609],[9.07886,49.52494],[9.07423,49.52627],[9.06972,49.52695],[9.06657,49.52898],[9.06495,49.52961],[9.0635,49.52859],[9.05761,49.52321],[9.05551,49.52165],[9.05149,49.5206],[9.05055,49.52007],[9.0494,49.51827],[9.04901,49.51664],[9.04958,49.51365],[9.0482,49.51216],[9.04741,49.51046],[9.04218,49.50651],[9.04211,49.50463],[9.04255,49.50159],[9.04076,49.49907],[9.03843,49.4991],[9.03017,49.49827],[9.02383,49.49799],[9.02052,49.49803],[9.01603,49.49778],[9.01308,49.49842],[9.01251,49.49908],[9.01371,49.50074],[9.01218,49.50267],[9.01077,49.50229],[9.00817,49.50234],[9.00508,49.50418],[8.99954,49.50439],[8.99777,49.5049],[8.99226,49.50338],[8.98758,49.50569],[8.98583,49.51033],[8.98183,49.50987],[8.97918,49.50918],[8.97777,49.50796],[8.97742,49.50537],[8.97659,49.50486],[8.97747,49.50341],[8.97493,49.50329],[8.968,49.5016],[8.96502,49.50179],[8.9635,49.50148],[8.95875,49.50291],[8.95183,49.50563],[8.95122,49.50271],[8.95411,49.50014],[8.95773,49.49549],[8.95522,49.493],[8.95199,49.49173],[8.95171,49.48918],[8.9506,49.48779],[8.95086,49.48646],[8.95233,49.48484],[8.95453,49.48384],[8.95464,49.48201],[8.95378,49.48155],[8.95167,49.48326],[8.94838,49.48479],[8.94348,49.48575],[8.94169,49.48513],[8.93979,49.48349],[8.93958,49.48093],[8.93797,49.47984],[8.93457,49.4767],[8.9347,49.47262],[8.93389,49.47165],[8.93188,49.47064],[8.93419,49.46713],[8.93569,49.46554],[8.93792,49.46514],[8.94033,49.46534],[8.94148,49.46487],[8.94164,49.46318],[8.94692,49.45972],[8.94837,49.45804],[8.95035,49.45499],[8.94904,49.45447],[8.94571,49.45244],[8.94176,49.45078],[8.94007,49.45032],[8.9359,49.44999],[8.93106,49.44993],[8.92833,49.44954],[8.92614,49.44752],[8.92552,49.44261],[8.92474,49.4413],[8.91941,49.43937],[8.91257,49.43761],[8.90921,49.43785],[8.90651,49.43926],[8.90464,49.44144],[8.90465,49.44328],[8.9028,49.44415],[8.90095,49.44337],[8.9006,49.44126],[8.89942,49.43717],[8.89729,49.43368],[8.89507,49.42554],[8.89446,49.42491],[8.89321,49.42187],[8.89239,49.42091],[8.88853,49.41831],[8.88546,49.41665],[8.88513,49.41707],[8.87636,49.41404],[8.87334,49.41282],[8.87198,49.41181],[8.86932,49.40854],[8.86695,49.40641],[8.86285,49.40213],[8.85464,49.39663],[8.85176,49.39554],[8.85027,49.3954],[8.8473,49.39588],[8.84567,49.39654],[8.84336,49.39818],[8.8413,49.40095],[8.83928,49.40421],[8.83763,49.40579],[8.83594,49.40671],[8.83188,49.40819],[8.82932,49.40818],[8.82809,49.40698],[8.82751,49.40213],[8.82644,49.40009],[8.82242,49.39555],[8.8208,49.39606],[8.81784,49.39608],[8.81655,49.39668],[8.81461,49.39685],[8.81409,49.39839],[8.80839,49.40199],[8.80354,49.40357],[8.80728,49.40545],[8.80829,49.40642],[8.80429,49.40689],[8.80324,49.408],[8.80149,49.41089],[8.80579,49.41013],[8.80742,49.41068],[8.80834,49.41251],[8.80647,49.41357],[8.80592,49.41571],[8.80659,49.4192],[8.80979,49.42025],[8.81086,49.42126],[8.81273,49.42152],[8.81369,49.42233],[8.81664,49.42318],[8.81933,49.42329],[8.82499,49.42182],[8.8279,49.42232],[8.8305,49.42323],[8.83352,49.42731],[8.83479,49.42767],[8.83645,49.43022],[8.83715,49.43352],[8.83665,49.43438],[8.83262,49.43672],[8.8334,49.43813],[8.83378,49.44096],[8.83301,49.44602],[8.83312,49.44715],[8.83461,49.45038],[8.83251,49.4527],[8.83241,49.45494],[8.82873,49.46092],[8.82352,49.46268],[8.82513,49.46483],[8.8254,49.46701],[8.8266,49.46935],[8.82825,49.47087],[8.83237,49.47195],[8.83408,49.47301],[8.83687,49.47534],[8.84097,49.47556],[8.8426,49.47715],[8.84857,49.48054],[8.849,49.48166],[8.85193,49.48359],[8.86004,49.48079],[8.86128,49.47848],[8.86634,49.47459],[8.86324,49.4697],[8.86292,49.46668],[8.86572,49.46595],[8.86824,49.46489],[8.87649,49.46669],[8.8825,49.47093],[8.8899,49.47546],[8.89029,49.47944],[8.89296,49.48158],[8.89936,49.48455],[8.89917,49.4852],[8.89989,49.48763],[8.89856,49.49051],[8.89995,49.49321],[8.89976,49.49437],[8.89717,49.49657],[8.89683,49.49761],[8.89909,49.50072],[8.89957,49.50366],[8.89594,49.50265],[8.89243,49.50291],[8.886,49.5058],[8.88266,49.5061],[8.87758,49.50556],[8.87326,49.50423],[8.8625,49.50322],[8.85678,49.50123],[8.85222,49.50126],[8.8485,49.50217],[8.84682,49.50047],[8.84487,49.50069],[8.84455,49.4984],[8.84178,49.49827],[8.83945,49.49878],[8.84001,49.49747],[8.83958,49.49616],[8.83826,49.4944],[8.83905,49.49377],[8.83386,49.49068],[8.8324,49.49252],[8.83118,49.49209],[8.83004,49.49443],[8.82593,49.4978],[8.82355,49.50012],[8.81819,49.50444],[8.81696,49.50579],[8.81692,49.50696],[8.81832,49.50844],[8.8191,49.50994],[8.81868,49.51176],[8.81952,49.51289],[8.82078,49.51328],[8.82024,49.51621],[8.82025,49.51824],[8.81898,49.51959],[8.81866,49.52122],[8.81979,49.52286],[8.82331,49.52374],[8.82187,49.52464],[8.81645,49.52555],[8.81532,49.52505],[8.81523,49.52385],[8.8114,49.52677],[8.80921,49.52568],[8.80275,49.52195],[8.80046,49.51972],[8.79813,49.51851],[8.79662,49.51534],[8.79722,49.51327],[8.7962,49.51231],[8.79179,49.51427],[8.78745,49.51401],[8.78185,49.51466],[8.77909,49.51708],[8.77678,49.51787],[8.77212,49.51798],[8.77072,49.51652],[8.76646,49.51474],[8.75937,49.51652],[8.75506,49.51853],[8.75093,49.52184],[8.74871,49.52243],[8.74684,49.52237],[8.74043,49.52319],[8.73904,49.52264],[8.73723,49.51929],[8.73234,49.51848],[8.73052,49.51869],[8.72771,49.51834],[8.72669,49.52099],[8.72431,49.52112],[8.7249,49.52264],[8.72761,49.52277],[8.73077,49.52141],[8.73551,49.52132],[8.73595,49.52485],[8.73279,49.52522],[8.73177,49.5262],[8.72978,49.52515],[8.72461,49.52589],[8.72256,49.52748],[8.72123,49.52914],[8.72262,49.53111],[8.71869,49.53301],[8.71521,49.53358],[8.71396,49.53202],[8.71234,49.53171],[8.71009,49.53224],[8.70957,49.53373],[8.70701,49.53635],[8.70513,49.53625],[8.70265,49.53533],[8.70348,49.53837],[8.70521,49.53927],[8.70507,49.54076],[8.70403,49.54187],[8.70385,49.54471],[8.70579,49.54797],[8.70388,49.55003],[8.69862,49.549],[8.69736,49.55014],[8.69691,49.55146],[8.69482,49.55309],[8.69369,49.55352],[8.69112,49.55605],[8.69198,49.55864],[8.69199,49.56016],[8.6931,49.56073],[8.69154,49.56377],[8.68701,49.56745],[8.68633,49.56897],[8.68431,49.57022],[8.68586,49.57102],[8.68424,49.57221],[8.68398,49.57357],[8.68528,49.5744],[8.68467,49.57556],[8.68099,49.57555],[8.68128,49.57701],[8.68384,49.57737],[8.68315,49.58057],[8.68302,49.58841],[8.68348,49.58975],[8.68759,49.59121],[8.69107,49.59033],[8.69181,49.59142],[8.69633,49.5921],[8.69701,49.59485],[8.69812,49.59644],[8.69676,49.59656],[8.698,49.59976],[8.69552,49.60336],[8.69288,49.60289],[8.69152,49.60474],[8.69244,49.60651],[8.69057,49.60735],[8.68914,49.60555],[8.68531,49.60398],[8.68213,49.60347],[8.68038,49.60466],[8.68,49.60709],[8.67632,49.60802],[8.67451,49.60756],[8.67281,49.60916],[8.67214,49.61119],[8.67299,49.61334],[8.67734,49.61353],[8.67803,49.60988],[8.67779,49.609],[8.68011,49.60858],[8.68122,49.60919],[8.68388,49.60848],[8.68637,49.60848],[8.6878,49.61042],[8.68689,49.61321],[8.68476,49.61303],[8.68491,49.61104],[8.68438,49.61005],[8.67929,49.61186],[8.67888,49.61387],[8.67965,49.61471],[8.68318,49.61632],[8.68484,49.61422],[8.68839,49.61462],[8.68693,49.61635],[8.69035,49.61893],[8.69384,49.61935],[8.69228,49.62048],[8.69372,49.62223],[8.69231,49.62374],[8.69009,49.62352],[8.68662,49.62272],[8.67944,49.62567],[8.67793,49.62595],[8.67658,49.6245],[8.67031,49.6238],[8.66605,49.62133],[8.66366,49.62158],[8.66197,49.62133],[8.65574,49.61937],[8.65398,49.61839],[8.65261,49.61838],[8.65042,49.62088],[8.64288,49.61974],[8.63296,49.61751],[8.62023,49.61558],[8.61372,49.61443],[8.60106,49.61145],[8.59777,49.61114],[8.59389,49.61095],[8.5953,49.60547],[8.58932,49.60451],[8.59106,49.60034],[8.59073,49.59674],[8.59154,49.59512],[8.59407,49.59277],[8.60023,49.59348],[8.60323,49.59329],[8.60435,49.58876],[8.60732,49.57985],[8.60887,49.5756],[8.60807,49.57029],[8.61085,49.56448],[8.61168,49.56306],[8.6164,49.55648],[8.61764,49.55405],[8.61755,49.5519],[8.61847,49.54848],[8.6213,49.54501],[8.61695,49.54243],[8.61662,49.54135],[8.61333,49.54112],[8.6109,49.53872],[8.60939,49.53644],[8.60693,49.53354],[8.60657,49.53175],[8.60824,49.53101],[8.60725,49.52847],[8.60407,49.53022],[8.60132,49.53138],[8.59791,49.53146],[8.59656,49.5308],[8.59309,49.52538],[8.59275,49.52323],[8.5913,49.52128],[8.58582,49.5224],[8.58319,49.52185],[8.58138,49.51978],[8.58338,49.51942],[8.58276,49.51386],[8.58551,49.51257],[8.58321,49.51193],[8.58088,49.50913],[8.58247,49.50823],[8.58766,49.50177],[8.57642,49.4983],[8.5726,49.49646],[8.5747,49.49368],[8.56853,49.49255],[8.56471,49.4933],[8.56099,49.49124],[8.55593,49.49072],[8.55108,49.48483],[8.54828,49.48047],[8.54665,49.47738],[8.55012,49.47741],[8.55296,49.47712],[8.55624,49.4761],[8.55813,49.47504],[8.5615,49.47229],[8.56836,49.46417],[8.57107,49.4627],[8.57432,49.4619],[8.58243,49.45963],[8.58489,49.4605],[8.59007,49.45954],[8.58596,49.45479],[8.57726,49.44358],[8.58509,49.44136],[8.58763,49.4336],[8.58291,49.42893],[8.58457,49.42817],[8.58289,49.42647],[8.59042,49.4274],[8.59223,49.42943],[8.60086,49.42592],[8.60152,49.4281],[8.61023,49.42465],[8.61493,49.4277],[8.62549,49.43921],[8.62831,49.44296],[8.63613,49.44171],[8.63953,49.44082],[8.64294,49.43926],[8.64631,49.43709],[8.64885,49.43771],[8.65503,49.43996],[8.65652,49.43862],[8.66247,49.44005],[8.66942,49.44138],[8.67359,49.44032],[8.675,49.44136],[8.67958,49.44252],[8.68027,49.44358],[8.68261,49.44385],[8.68651,49.44324],[8.69006,49.44332],[8.69275,49.44422],[8.69816,49.44496],[8.70402,49.44604],[8.7066,49.44592],[8.70974,49.44638],[8.70952,49.44783],[8.71269,49.45132],[8.71517,49.4524],[8.71814,49.45213],[8.72151,49.45024],[8.72297,49.44871],[8.72747,49.44822],[8.73515,49.44884],[8.73782,49.44886],[8.73968,49.4466],[8.74605,49.44711],[8.74594,49.44857],[8.74463,49.45022],[8.74629,49.45329],[8.74597,49.45556],[8.74412,49.45621],[8.74188,49.45639],[8.74164,49.45749],[8.7456,49.45948],[8.75069,49.45891],[8.75486,49.45959],[8.7568,49.45819],[8.75776,49.45673],[8.76327,49.45649],[8.76794,49.45427],[8.76608,49.4528],[8.76183,49.45067],[8.76183,49.44811],[8.76481,49.44623],[8.76617,49.44412],[8.76647,49.43738],[8.77039,49.43579],[8.77373,49.4353],[8.77782,49.43297],[8.78696,49.43264],[8.78929,49.43031],[8.79121,49.42305],[8.78965,49.41962],[8.7895,49.41791],[8.79056,49.4145],[8.79289,49.41184],[8.79413,49.40729],[8.79374,49.40529],[8.79012,49.40251],[8.78584,49.40142],[8.78141,49.40163],[8.77792,49.40238],[8.77729,49.40059],[8.77557,49.3972],[8.7756,49.39556],[8.77667,49.39456],[8.7753,49.39309],[8.77517,49.39145],[8.77361,49.38973],[8.76874,49.38703],[8.7633,49.38819],[8.76295,49.38629],[8.76639,49.38202],[8.7689,49.37918],[8.76359,49.37893],[8.75502,49.37741],[8.75018,49.37552],[8.74935,49.37381],[8.74567,49.37309],[8.744,49.37306],[8.74059,49.37487],[8.73748,49.37426],[8.7359,49.37301],[8.73008,49.37196],[8.72753,49.37366],[8.72584,49.37534],[8.72408,49.37368],[8.72557,49.37006],[8.73013,49.368],[8.72809,49.36633],[8.72676,49.36198],[8.72584,49.36044],[8.72551,49.3589],[8.72416,49.35745],[8.71962,49.35727],[8.71923,49.35634],[8.71549,49.35615],[8.71103,49.35522],[8.70968,49.3564],[8.70785,49.35702],[8.70248,49.35684],[8.70009,49.35779],[8.69764,49.35826],[8.69316,49.35832],[8.68719,49.35883],[8.68691,49.35985],[8.68201,49.35989],[8.68199,49.36051],[8.67639,49.36022],[8.67396,49.36129],[8.67357,49.3576],[8.66767,49.35828],[8.66437,49.35754],[8.66518,49.3537],[8.66203,49.35426],[8.66212,49.35487],[8.6572,49.35524],[8.6551,49.35331],[8.65169,49.35383],[8.65339,49.35637],[8.65445,49.35612],[8.6564,49.3593],[8.65505,49.35917],[8.65672,49.36242],[8.65004,49.36612],[8.65084,49.36728],[8.64555,49.37111],[8.64217,49.36896],[8.64025,49.36991],[8.63729,49.36288],[8.63678,49.36057],[8.63387,49.35618],[8.63401,49.35238],[8.62568,49.35216],[8.62038,49.35412],[8.62452,49.35908],[8.62036,49.36027],[8.61454,49.36279],[8.61077,49.36416],[8.60778,49.36496],[8.60132,49.36597],[8.60483,49.3704],[8.60621,49.37004],[8.60726,49.37474],[8.60731,49.37697],[8.6176,49.37936],[8.62424,49.38069],[8.62374,49.38166],[8.62965,49.38511],[8.63178,49.38573],[8.63194,49.38691],[8.63438,49.38737],[8.63984,49.38643],[8.64761,49.38854],[8.64347,49.39351],[8.63587,49.3923],[8.63483,49.40097],[8.63458,49.40417],[8.63399,49.40678],[8.6317,49.41259],[8.63075,49.41353],[8.62278,49.4089],[8.6165,49.40744],[8.61278,49.40627],[8.61156,49.40539],[8.60864,49.40711],[8.60359,49.40906],[8.59986,49.40971],[8.59436,49.41036],[8.58495,49.41119],[8.58312,49.41087],[8.57491,49.41278],[8.57352,49.41584],[8.57098,49.41595],[8.5697,49.41646],[8.56492,49.41735],[8.56489,49.41804],[8.56009,49.41784],[8.54511,49.41741],[8.54464,49.41448],[8.53876,49.41198],[8.53363,49.41241],[8.53147,49.41134],[8.52641,49.41291],[8.52465,49.41309],[8.52516,49.4162],[8.52476,49.41788],[8.5226,49.4182],[8.52217,49.41741],[8.51933,49.41603],[8.51597,49.41587],[8.51082,49.41332],[8.5052,49.412],[8.50339,49.41104],[8.50287,49.41187],[8.49732,49.41135],[8.49672,49.40947],[8.496,49.40439],[8.49619,49.40214],[8.49421,49.40021],[8.4882,49.39694],[8.4748,49.39105],[8.47044,49.38984],[8.46538,49.38725],[8.46353,49.38443],[8.4637,49.38191],[8.46334,49.3804],[8.46354,49.37805],[8.46452,49.37639],[8.46633,49.37517],[8.47154,49.37329],[8.47323,49.37336],[8.47822,49.3751],[8.48186,49.37786],[8.48553,49.38104],[8.48832,49.38384],[8.49378,49.3872],[8.49549,49.38785],[8.5004,49.38901],[8.50136,49.38358],[8.50137,49.38044],[8.50092,49.37636],[8.49976,49.37148],[8.49681,49.36418],[8.4951,49.36123],[8.49207,49.35718],[8.48927,49.35401],[8.48637,49.35119],[8.48329,49.34859],[8.47977,49.34596],[8.47517,49.34307],[8.47092,49.34071],[8.46301,49.33694],[8.45756,49.33361],[8.45426,49.33095],[8.45263,49.32912],[8.45157,49.32733],[8.4508,49.32503],[8.4505,49.32171],[8.45127,49.31898],[8.45199,49.31768],[8.45405,49.31546],[8.4558,49.31421],[8.45857,49.31295],[8.46175,49.31212],[8.47105,49.31029],[8.47502,49.30932],[8.47811,49.30827],[8.4827,49.30583],[8.48508,49.30393],[8.48715,49.30165],[8.48888,49.29761],[8.48921,49.29613],[8.48907,49.29312],[8.48727,49.29003],[8.49138,49.28876],[8.49572,49.28721],[8.4973,49.28598],[8.50125,49.28424],[8.50446,49.28335],[8.50556,49.2822],[8.51057,49.27974],[8.51338,49.27872],[8.51661,49.27811],[8.52024,49.27684],[8.52189,49.27523],[8.52321,49.26839],[8.52498,49.26849],[8.52551,49.26539],[8.52882,49.26714],[8.53832,49.26435],[8.54295,49.26275],[8.54476,49.26478],[8.54809,49.26967],[8.56147,49.26601],[8.57497,49.26213],[8.57038,49.25495],[8.57608,49.2532],[8.61427,49.24209],[8.6144,49.24105],[8.62064,49.24235],[8.62358,49.24326],[8.62643,49.24349],[8.63417,49.24117],[8.63993,49.23763],[8.64229,49.23536],[8.64447,49.23876],[8.64695,49.24036],[8.65423,49.23924],[8.65877,49.23749],[8.65926,49.23336],[8.66177,49.23346],[8.66253,49.2326],[8.66422,49.2324],[8.66603,49.23284],[8.67007,49.23287],[8.6694,49.23136],[8.67406,49.23141],[8.67514,49.22973],[8.68178,49.22917],[8.68381,49.22844],[8.68672,49.2293],[8.69123,49.22949],[8.69167,49.23005],[8.69495,49.23149],[8.69661,49.2293],[8.69788,49.22823],[8.70142,49.2268],[8.70574,49.22978],[8.70758,49.2319],[8.71695,49.23509],[8.71794,49.23615],[8.72114,49.23728],[8.72554,49.23737],[8.72884,49.23165],[8.72885,49.22883],[8.72945,49.22809],[8.73606,49.23002],[8.737,49.22802],[8.73892,49.22738],[8.73896,49.2261],[8.74403,49.2251],[8.74648,49.22386],[8.74825,49.22147],[8.74998,49.22],[8.75087,49.21749],[8.74788,49.21673],[8.75049,49.21091],[8.753,49.20641],[8.75606,49.20604],[8.75896,49.2042],[8.76095,49.20344],[8.76537,49.20244],[8.7688,49.20235],[8.77219,49.20333],[8.77576,49.20121],[8.77952,49.19993],[8.7841,49.19802],[8.78687,49.19866],[8.78961,49.19877],[8.7921,49.19937],[8.79382,49.20067],[8.79917,49.1982],[8.80164,49.19794],[8.80608,49.19845],[8.80936,49.19906],[8.81184,49.20022],[8.81338,49.20179],[8.81506,49.2003],[8.81588,49.1986],[8.81596,49.19632],[8.81823,49.1945],[8.82001,49.19385],[8.82228,49.19171],[8.82455,49.19133],[8.82531,49.19067],[8.8259,49.18793],[8.82535,49.1859],[8.82343,49.18416],[8.82395,49.17928],[8.82129,49.1791],[8.82096,49.17852],[8.82408,49.17793],[8.82357,49.17694],[8.82029,49.17552],[8.81941,49.17423],[8.81877,49.1721],[8.82028,49.17011],[8.82002,49.16853],[8.81758,49.16786],[8.81616,49.16531],[8.81724,49.16466],[8.81606,49.16159],[8.81769,49.15779],[8.82227,49.15695],[8.82357,49.15901],[8.82578,49.16059],[8.82794,49.16153],[8.83287,49.16234],[8.83227,49.16089],[8.83082,49.1596],[8.83339,49.15662],[8.8328,49.1561],[8.84216,49.15022],[8.83912,49.14984],[8.83557,49.14855],[8.83745,49.14605],[8.83781,49.13991],[8.83106,49.13978],[8.83124,49.13881],[8.82753,49.13516],[8.8269,49.13266],[8.83126,49.12951],[8.8281,49.12882],[8.82595,49.12755],[8.82643,49.12659],[8.82851,49.12549],[8.8375,49.12704],[8.84163,49.12708],[8.84731,49.12683],[8.85706,49.12589],[8.85932,49.1261],[8.86173,49.12999],[8.8697,49.13198],[8.87447,49.1289],[8.87359,49.12778],[8.87478,49.12743],[8.87346,49.1254],[8.87398,49.12352],[8.87643,49.12403],[8.87753,49.11978],[8.87763,49.1185],[8.87996,49.11766],[8.88176,49.11914],[8.88294,49.11751],[8.8847,49.1167],[8.8855,49.11724],[8.88749,49.11734],[8.88981,49.11519],[8.89153,49.11148],[8.89064,49.11048],[8.89174,49.10967],[8.89033,49.10882],[8.8912,49.10738],[8.89013,49.1072],[8.89093,49.10505],[8.89117,49.10211],[8.89196,49.10135],[8.89187,49.09947],[8.89417,49.09786],[8.89416,49.0954],[8.89061,49.09586],[8.89061,49.09461],[8.89194,49.09453],[8.89197,49.09198],[8.89312,49.09106],[8.8924,49.08967],[8.89248,49.08735],[8.89329,49.08458],[8.89146,49.08269],[8.8911,49.08126],[8.88381,49.08089],[8.87914,49.08002],[8.8787,49.07919],[8.87197,49.07863],[8.86922,49.07798],[8.86716,49.07718],[8.86743,49.07664],[8.87115,49.07694],[8.8748,49.07638],[8.87485,49.07491],[8.86896,49.07244],[8.86432,49.07157],[8.86831,49.07025],[8.87289,49.06951],[8.87631,49.06956],[8.87672,49.06809],[8.8794,49.06416],[8.87791,49.06166],[8.87861,49.06071],[8.88003,49.06037],[8.87779,49.05848],[8.87712,49.05932],[8.87556,49.05981],[8.87335,49.05982],[8.86747,49.06133],[8.85954,49.0615],[8.85389,49.06212],[8.84838,49.06192],[8.83986,49.06219],[8.83559,49.06217],[8.83621,49.0608],[8.84045,49.0605],[8.84161,49.0599],[8.84187,49.05884],[8.83975,49.05703],[8.84019,49.05521],[8.83894,49.05223],[8.83738,49.05087],[8.83523,49.0499],[8.83423,49.04627],[8.83634,49.04502],[8.83663,49.04338],[8.83569,49.04207],[8.83633,49.04024],[8.83883,49.03817],[8.83255,49.03733],[8.8295,49.03627],[8.82748,49.03601],[8.82446,49.03725],[8.82249,49.03749],[8.81996,49.03679],[8.81563,49.03461],[8.81259,49.03346],[8.80842,49.03499],[8.80311,49.03638],[8.80199,49.03805],[8.80765,49.04006],[8.80611,49.04101],[8.80541,49.04225],[8.80369,49.04334],[8.80063,49.0444],[8.79824,49.04468],[8.79672,49.04541],[8.79315,49.04519],[8.79005,49.04554],[8.78632,49.04505],[8.78437,49.04623],[8.78101,49.04544],[8.77889,49.04595],[8.77741,49.04417],[8.77689,49.04228],[8.7711,49.04078],[8.77206,49.04256],[8.76802,49.04202],[8.76437,49.0408],[8.75966,49.04104],[8.76038,49.0446],[8.76102,49.04602],[8.75917,49.04631],[8.75851,49.04502],[8.75504,49.04512],[8.7514,49.04205],[8.74896,49.03951],[8.74391,49.037],[8.7447,49.0347],[8.74461,49.03336],[8.74359,49.03261],[8.74451,49.03192],[8.74153,49.03018],[8.7341,49.02822],[8.73265,49.02726],[8.73332,49.02671],[8.73296,49.02546],[8.73348,49.0225],[8.73274,49.02176],[8.73278,49.01936],[8.73224,49.01854],[8.73068,49.01902],[8.72975,49.01624],[8.73388,49.01409],[8.73578,49.01143],[8.73638,49.00699],[8.73455,49.00651],[8.73672,49.00407],[8.73805,49.00336],[8.73907,49.0018],[8.73687,49.00138],[8.73567,48.99999],[8.73291,48.99875],[8.73101,48.99717],[8.73258,48.99661],[8.73459,48.9947],[8.72676,48.99304],[8.72342,48.99154],[8.72365,48.99016],[8.72001,48.99062],[8.71699,48.98994],[8.71461,48.989],[8.7126,48.98862],[8.71049,48.9891],[8.70899,48.99213],[8.70698,48.99421],[8.70438,48.99353],[8.70353,48.99563],[8.70131,48.99626],[8.69839,48.99606],[8.69569,48.99512],[8.69552,48.99449],[8.69193,48.99412],[8.6871,48.99259],[8.68347,48.99238],[8.68232,48.99471],[8.67603,48.993],[8.6719,48.99336],[8.66809,48.99593],[8.66705,48.99728],[8.66533,49.00221],[8.66074,49.00759],[8.65856,49.0069],[8.65398,49.00436],[8.65351,49.00321],[8.65172,49.00366],[8.64961,49.00364],[8.64865,49.00232],[8.64761,49.00235],[8.64755,48.99252],[8.64784,48.99021],[8.64164,48.98951],[8.63927,48.98957],[8.63497,48.99045],[8.63335,48.99205],[8.62976,48.99262],[8.62732,48.99347],[8.62526,48.99353],[8.6165,48.99249],[8.61461,48.992],[8.60717,48.98844],[8.60602,48.98719],[8.6043,48.98609],[8.60172,48.98554],[8.59605,48.98563],[8.59618,48.98635],[8.58913,48.987],[8.586,48.98875],[8.57971,48.98974],[8.57807,48.98908],[8.57686,48.98969],[8.57455,48.98824],[8.5727,48.98536],[8.57316,48.98258],[8.57173,48.98103],[8.56952,48.98126],[8.56874,48.97875],[8.56973,48.97736],[8.56768,48.97567],[8.56508,48.97477],[8.56283,48.97469],[8.56061,48.97218],[8.55856,48.97129],[8.55724,48.97017],[8.55901,48.96882],[8.56027,48.96733],[8.55934,48.96653],[8.55966,48.96485],[8.55922,48.96386],[8.55637,48.96242],[8.55417,48.9606],[8.55457,48.95819],[8.55157,48.9559],[8.54913,48.95321],[8.54502,48.95547],[8.54269,48.95229],[8.53984,48.95339],[8.53815,48.95057],[8.53732,48.94844],[8.53643,48.94409],[8.5396,48.94281],[8.53871,48.94029],[8.5402,48.93856],[8.54186,48.93552],[8.54122,48.93455],[8.54084,48.93138],[8.53516,48.92927],[8.53587,48.92695],[8.54232,48.92694],[8.54726,48.92757],[8.55407,48.92777],[8.55422,48.92681],[8.55358,48.92226],[8.55388,48.92033],[8.55273,48.92008],[8.54857,48.92014],[8.54744,48.91841],[8.54342,48.91853],[8.54464,48.91729],[8.54226,48.91418],[8.54372,48.91394],[8.54097,48.91097],[8.54129,48.90986],[8.53976,48.90891],[8.53392,48.90351],[8.53265,48.90522],[8.53006,48.90429],[8.52824,48.90288],[8.52495,48.9022],[8.52326,48.89978],[8.52226,48.90089],[8.52028,48.90039],[8.51929,48.89923],[8.51809,48.89963],[8.5174,48.89662],[8.51661,48.89492],[8.51763,48.89203],[8.51767,48.88794],[8.51618,48.8874],[8.51771,48.88589],[8.51914,48.8838],[8.52235,48.88103],[8.52638,48.87966],[8.52382,48.87692],[8.52211,48.8745],[8.51979,48.8691],[8.51987,48.86856],[8.51723,48.86563],[8.51077,48.86166],[8.50936,48.86035],[8.50585,48.85831],[8.50188,48.85838],[8.49692,48.85533],[8.49492,48.85479],[8.49308,48.85382],[8.49165,48.85254],[8.49072,48.85097],[8.48644,48.84859],[8.47694,48.84818],[8.47039,48.84635],[8.46753,48.8452],[8.46886,48.8445],[8.47256,48.84179],[8.47538,48.84023],[8.4749,48.83834],[8.47476,48.83548],[8.47509,48.83357],[8.47665,48.83069],[8.47893,48.82797],[8.48172,48.82548],[8.48408,48.82393],[8.48922,48.82267],[8.49357,48.82018]],[[8.68371,49.61911],[8.68007,49.61866],[8.68012,49.62029],[8.68405,49.62022],[8.68371,49.61911]]],[[[9.07053,47.8073],[9.07396,47.80573],[9.07594,47.80423],[9.08624,47.79908],[9.08776,47.79754],[9.09093,47.79656],[9.09645,47.79456],[9.1009,47.79384],[9.10372,47.79317],[9.10907,47.79081],[9.11084,47.78904],[9.1143,47.78741],[9.11708,47.78636],[9.11965,47.78436],[9.12443,47.78236],[9.12621,47.78126],[9.12785,47.77971],[9.1301,47.77639],[9.13347,47.77262],[9.13537,47.77172],[9.13931,47.76902],[9.14286,47.76823],[9.14581,47.76803],[9.14893,47.76816],[9.15167,47.76788],[9.15578,47.76679],[9.16005,47.76532],[9.16397,47.7635],[9.1643,47.76374],[9.17383,47.75968],[9.17767,47.75827],[9.17996,47.75833],[9.18198,47.75729],[9.18825,47.75326],[9.19127,47.75205],[9.19241,47.75085],[9.19437,47.75047],[9.19672,47.75049],[9.19888,47.74958],[9.20085,47.74925],[9.20482,47.74812],[9.20645,47.7479],[9.21446,47.74538],[9.21983,47.74299],[9.2225,47.74113],[9.22477,47.7403],[9.22598,47.73884],[9.22702,47.73541],[9.22596,47.73324],[9.22643,47.7298],[9.22616,47.72874],[9.22716,47.72713],[9.22857,47.72691],[9.22771,47.7256],[9.22846,47.72346],[9.23033,47.71984],[9.23236,47.71786],[9.2351,47.71577],[9.23669,47.71404],[9.23808,47.71123],[9.23927,47.71008],[9.24414,47.70644],[9.2475,47.70416],[9.25615,47.69892],[9.26342,47.6948],[9.26749,47.69313],[9.27173,47.69197],[9.27224,47.69232],[9.27512,47.6914],[9.2758,47.69055],[9.28048,47.6884],[9.28217,47.68724],[9.28593,47.68542],[9.29116,47.6822],[9.29601,47.68071],[9.29831,47.67952],[9.30237,47.67806],[9.30367,47.67722],[9.30665,47.67633],[9.31042,47.67422],[9.3127,47.67348],[9.31491,47.67399],[9.31666,47.67332],[9.32137,47.67276],[9.32403,47.67215],[9.32716,47.6708],[9.3303,47.66879],[9.33258,47.66697],[9.33388,47.66643],[9.33644,47.66658],[9.3385,47.66534],[9.34236,47.66356],[9.34931,47.66095],[9.35125,47.6611],[9.35719,47.66043],[9.35885,47.66173],[9.36114,47.6619],[9.36448,47.66337],[9.36737,47.66356],[9.36901,47.66501],[9.37129,47.66477],[9.37414,47.66569],[9.37648,47.66469],[9.37796,47.66526],[9.37869,47.6647],[9.38279,47.66557],[9.38525,47.66534],[9.38625,47.66561],[9.38755,47.66478],[9.38816,47.66665],[9.39269,47.66784],[9.39423,47.66754],[9.39879,47.6684],[9.40163,47.66787],[9.40389,47.66827],[9.4074,47.66813],[9.40933,47.66701],[9.41096,47.6673],[9.41453,47.66724],[9.42215,47.6654],[9.42332,47.66407],[9.42598,47.66224],[9.42791,47.66158],[9.43419,47.65719],[9.43695,47.65653],[9.44069,47.65703],[9.4446,47.65695],[9.44723,47.65607],[9.45386,47.65422],[9.45599,47.65292],[9.45652,47.652],[9.46009,47.6516],[9.46102,47.65109],[9.46299,47.64842],[9.46521,47.64845],[9.46669,47.64963],[9.47039,47.65052],[9.47067,47.65112],[9.47494,47.65102],[9.4792,47.64918],[9.48123,47.64934],[9.48212,47.64885],[9.48603,47.6507],[9.4883,47.65141],[9.49116,47.65067],[9.492,47.65085],[9.49422,47.65008],[9.49528,47.65013],[9.49607,47.64876],[9.49795,47.6474],[9.50111,47.64629],[9.50308,47.64457],[9.505,47.64228],[9.5081,47.63961],[9.50953,47.63795],[9.51097,47.63716],[9.51188,47.63545],[9.51506,47.63496],[9.51619,47.63324],[9.51671,47.63145],[9.51628,47.62891],[9.51711,47.62741],[9.51834,47.62354],[9.51816,47.62143],[9.52057,47.61965],[9.52167,47.6177],[9.5245,47.6158],[9.52746,47.61534],[9.52658,47.61327],[9.52793,47.61016],[9.5282,47.60823],[9.52776,47.60725],[9.52929,47.60382],[9.53071,47.60258],[9.53271,47.60216],[9.53614,47.5986],[9.53665,47.59714],[9.53793,47.59685],[9.54067,47.59533],[9.54266,47.5946],[9.54451,47.5927],[9.54599,47.59175],[9.55034,47.58768],[9.55133,47.58955],[9.55252,47.58814],[9.55406,47.58928],[9.55345,47.59066],[9.55595,47.59018],[9.55396,47.58754],[9.55611,47.5869],[9.55809,47.58935],[9.56016,47.58985],[9.56138,47.58889],[9.56059,47.58664],[9.55876,47.58593],[9.55965,47.58482],[9.56555,47.58509],[9.57197,47.58417],[9.57358,47.58444],[9.57766,47.58614],[9.58325,47.58602],[9.5871,47.58679],[9.59139,47.58692],[9.59174,47.58771],[9.59555,47.58809],[9.5989,47.58702],[9.60105,47.58555],[9.60208,47.58434],[9.60383,47.58136],[9.60506,47.5782],[9.60698,47.57644],[9.60643,47.57412],[9.60792,47.57233],[9.61822,47.5685],[9.61937,47.57001],[9.62067,47.5705],[9.62534,47.57058],[9.62717,47.57108],[9.6286,47.57067],[9.63061,47.56931],[9.62851,47.5666],[9.63019,47.56628],[9.63044,47.56716],[9.63242,47.56741],[9.63705,47.56606],[9.63861,47.56693],[9.64244,47.56469],[9.64396,47.56126],[9.6492,47.55843],[9.65156,47.55738],[9.65531,47.55693],[9.65784,47.5564],[9.66065,47.55666],[9.66668,47.55762],[9.67038,47.55741],[9.67252,47.55776],[9.67472,47.55699],[9.67716,47.55736],[9.67951,47.5568],[9.68075,47.55399],[9.6828,47.55244],[9.68112,47.5485],[9.67749,47.54732],[9.67576,47.54594],[9.67569,47.54507],[9.67771,47.54438],[9.68078,47.54226],[9.68222,47.54263],[9.68155,47.54367],[9.68493,47.54452],[9.68517,47.54329],[9.6867,47.54362],[9.68638,47.54473],[9.69009,47.54657],[9.69151,47.54834],[9.69058,47.54906],[9.69192,47.54995],[9.69462,47.54981],[9.70062,47.55122],[9.70213,47.5509],[9.7021,47.54987],[9.70379,47.54937],[9.70462,47.55009],[9.71268,47.55069],[9.71484,47.54878],[9.71694,47.54772],[9.72015,47.54655],[9.72351,47.54333],[9.72935,47.53577],[9.73321,47.53368],[9.73523,47.53401],[9.73657,47.53491],[9.73676,47.53613],[9.7361,47.53767],[9.73623,47.54032],[9.73584,47.54372],[9.73513,47.54588],[9.73525,47.54674],[9.73775,47.54861],[9.73822,47.5505],[9.74031,47.55154],[9.74066,47.55354],[9.74047,47.55522],[9.74065,47.55915],[9.73517,47.5627],[9.73399,47.56236],[9.73302,47.56097],[9.73008,47.56049],[9.72914,47.56161],[9.72671,47.56281],[9.72758,47.56385],[9.72524,47.56877],[9.72674,47.57213],[9.7246,47.57211],[9.72346,47.57281],[9.72229,47.57495],[9.72114,47.57545],[9.71825,47.57568],[9.71503,47.57691],[9.71241,47.57953],[9.71128,47.57992],[9.70776,47.57891],[9.70566,47.57939],[9.7066,47.5825],[9.7104,47.58499],[9.70815,47.58698],[9.71317,47.59052],[9.71376,47.58988],[9.71552,47.5927],[9.71728,47.59444],[9.72021,47.5955],[9.7223,47.59697],[9.72602,47.60196],[9.73021,47.60459],[9.7305,47.60738],[9.72854,47.60916],[9.72692,47.60672],[9.72268,47.60778],[9.71959,47.6081],[9.71796,47.60781],[9.71511,47.60587],[9.71202,47.60668],[9.71148,47.60475],[9.70939,47.60346],[9.7095,47.60262],[9.70629,47.60181],[9.70306,47.6021],[9.70141,47.60318],[9.69905,47.60282],[9.69458,47.60466],[9.69504,47.60532],[9.6927,47.6071],[9.69215,47.61042],[9.69258,47.61204],[9.69129,47.61218],[9.69148,47.61338],[9.6892,47.61449],[9.68879,47.61681],[9.69079,47.61785],[9.69099,47.61878],[9.69328,47.61933],[9.69242,47.62052],[9.69126,47.62038],[9.68993,47.62191],[9.686,47.62191],[9.68528,47.62587],[9.68239,47.62763],[9.68385,47.63074],[9.68868,47.63322],[9.68859,47.63557],[9.69096,47.63543],[9.69469,47.63458],[9.69621,47.63497],[9.69913,47.6366],[9.70036,47.63634],[9.70417,47.6327],[9.7061,47.6319],[9.70869,47.6317],[9.71087,47.63221],[9.71232,47.63305],[9.71416,47.63591],[9.71548,47.63645],[9.71994,47.63706],[9.72085,47.63679],[9.72101,47.63428],[9.72328,47.63315],[9.72457,47.63396],[9.72336,47.63633],[9.72416,47.63757],[9.72697,47.63844],[9.72931,47.63766],[9.73038,47.63809],[9.73204,47.64154],[9.7343,47.64257],[9.73371,47.64519],[9.7348,47.646],[9.73802,47.64636],[9.73935,47.64686],[9.74039,47.64832],[9.74034,47.65039],[9.73973,47.65201],[9.74246,47.65284],[9.74434,47.65439],[9.7412,47.65747],[9.74039,47.66015],[9.73753,47.66045],[9.73895,47.66252],[9.73953,47.66537],[9.73837,47.66565],[9.7379,47.66713],[9.73549,47.66697],[9.73279,47.6678],[9.73039,47.66707],[9.72969,47.67289],[9.73045,47.67665],[9.73128,47.67845],[9.73089,47.67909],[9.72839,47.67923],[9.72784,47.68047],[9.72878,47.68111],[9.72696,47.68262],[9.72588,47.68421],[9.72352,47.68429],[9.72019,47.68519],[9.71659,47.6853],[9.71419,47.68616],[9.70958,47.68712],[9.70856,47.68712],[9.70494,47.68627],[9.7067,47.68515],[9.70336,47.68235],[9.7009,47.68597],[9.69999,47.6863],[9.69656,47.68864],[9.69509,47.68853],[9.69325,47.68764],[9.69206,47.68645],[9.68996,47.68528],[9.68437,47.68269],[9.6824,47.68254],[9.67545,47.68585],[9.67127,47.68597],[9.66928,47.68556],[9.66801,47.68437],[9.66633,47.68362],[9.66444,47.68341],[9.66274,47.68395],[9.66267,47.68486],[9.66408,47.68557],[9.66205,47.68873],[9.65671,47.68908],[9.65227,47.69123],[9.65142,47.6937],[9.65165,47.69465],[9.65645,47.70422],[9.65472,47.70552],[9.65286,47.70431],[9.64941,47.70407],[9.64963,47.70257],[9.64726,47.70286],[9.6456,47.70235],[9.64141,47.70507],[9.63917,47.70482],[9.63507,47.70494],[9.63226,47.70427],[9.63072,47.70342],[9.6302,47.70205],[9.62784,47.70128],[9.6256,47.70132],[9.62377,47.70182],[9.62324,47.70303],[9.62478,47.70315],[9.62408,47.7066],[9.62225,47.70827],[9.62055,47.70893],[9.62046,47.711],[9.61723,47.71122],[9.6155,47.7104],[9.61291,47.71122],[9.61277,47.7129],[9.61331,47.71472],[9.61516,47.71505],[9.61475,47.71583],[9.61192,47.71693],[9.61121,47.71804],[9.6043,47.72101],[9.60296,47.72022],[9.6006,47.72206],[9.60213,47.72344],[9.59945,47.72489],[9.5981,47.72596],[9.59174,47.72677],[9.58942,47.72621],[9.58669,47.72826],[9.58457,47.72881],[9.5811,47.73041],[9.57962,47.7295],[9.57973,47.73168],[9.57574,47.73424],[9.57332,47.73412],[9.56917,47.73714],[9.56825,47.73639],[9.56656,47.73641],[9.5662,47.73556],[9.56791,47.73482],[9.56506,47.73191],[9.56422,47.73146],[9.56192,47.73169],[9.56031,47.73343],[9.55887,47.73381],[9.55742,47.73277],[9.55097,47.733],[9.54022,47.73438],[9.53869,47.73487],[9.54012,47.73693],[9.53937,47.7378],[9.53423,47.73768],[9.53352,47.73653],[9.53744,47.73693],[9.53779,47.73526],[9.53543,47.73459],[9.53412,47.73526],[9.53271,47.73525],[9.5308,47.73358],[9.52783,47.73365],[9.52695,47.73128],[9.52565,47.73152],[9.52502,47.73035],[9.52347,47.73036],[9.52437,47.73175],[9.5218,47.73183],[9.51721,47.73313],[9.51685,47.73454],[9.51426,47.73269],[9.51311,47.73378],[9.51154,47.73354],[9.50825,47.7346],[9.50596,47.73494],[9.50241,47.73446],[9.50067,47.73381],[9.49993,47.7328],[9.49871,47.73283],[9.49784,47.73398],[9.49657,47.73419],[9.49658,47.73545],[9.49553,47.73665],[9.49277,47.73736],[9.49325,47.73887],[9.49452,47.73952],[9.49441,47.7414],[9.49506,47.74264],[9.49533,47.74476],[9.49671,47.74472],[9.49896,47.7484],[9.49811,47.75082],[9.50111,47.75078],[9.50093,47.75234],[9.49932,47.75261],[9.49936,47.75422],[9.49677,47.75416],[9.49628,47.75237],[9.49289,47.75263],[9.49161,47.75119],[9.48866,47.75348],[9.48392,47.75379],[9.48644,47.75749],[9.48695,47.76015],[9.48482,47.76023],[9.48156,47.7617],[9.47969,47.76354],[9.47818,47.76404],[9.47214,47.76483],[9.46518,47.76474],[9.46629,47.76311],[9.46466,47.76072],[9.46346,47.76106],[9.46144,47.75919],[9.45925,47.75899],[9.45958,47.75698],[9.45693,47.75594],[9.45513,47.75587],[9.45221,47.7567],[9.45266,47.7591],[9.4474,47.76029],[9.44948,47.76209],[9.4467,47.7631],[9.4441,47.76136],[9.44196,47.76456],[9.44227,47.76645],[9.44198,47.76761],[9.43982,47.76964],[9.44063,47.77043],[9.44078,47.77243],[9.43761,47.77314],[9.43548,47.77296],[9.43358,47.77355],[9.43459,47.77474],[9.43362,47.77544],[9.4353,47.77833],[9.43522,47.78],[9.43679,47.78208],[9.44052,47.78362],[9.44108,47.78472],[9.4428,47.78535],[9.44435,47.78653],[9.44754,47.7867],[9.45189,47.7876],[9.45325,47.78857],[9.45535,47.79074],[9.45703,47.79165],[9.45789,47.79436],[9.45868,47.79588],[9.45902,47.79769],[9.46006,47.79932],[9.45794,47.79989],[9.45745,47.80118],[9.45881,47.80118],[9.45907,47.80219],[9.46058,47.80212],[9.46179,47.80424],[9.45971,47.80503],[9.45973,47.80613],[9.46306,47.80789],[9.46202,47.80957],[9.45957,47.81063],[9.4574,47.81209],[9.45693,47.81288],[9.45355,47.81178],[9.45156,47.81276],[9.44976,47.81249],[9.44859,47.81172],[9.44683,47.8121],[9.44468,47.81107],[9.443,47.8118],[9.43828,47.81038],[9.43594,47.81042],[9.43595,47.81124],[9.43812,47.81149],[9.43835,47.81261],[9.4403,47.81272],[9.43879,47.81469],[9.43965,47.81498],[9.43878,47.81632],[9.43686,47.81629],[9.43816,47.81899],[9.43895,47.81861],[9.44198,47.82042],[9.44561,47.82194],[9.44591,47.82292],[9.44887,47.82548],[9.44469,47.8269],[9.44162,47.8248],[9.44045,47.82272],[9.43838,47.82516],[9.43328,47.82412],[9.42975,47.8241],[9.42741,47.82145],[9.42292,47.81809],[9.41949,47.82016],[9.4161,47.82027],[9.4135,47.81979],[9.40941,47.8216],[9.40605,47.82081],[9.40563,47.82152],[9.40207,47.8222],[9.39942,47.82162],[9.40269,47.81931],[9.40419,47.81721],[9.40044,47.81914],[9.39645,47.81962],[9.3943,47.82109],[9.39491,47.8222],[9.39356,47.8238],[9.39185,47.82448],[9.38706,47.82523],[9.38561,47.82393],[9.38168,47.82382],[9.37882,47.82618],[9.37946,47.82804],[9.37994,47.83096],[9.37747,47.83215],[9.37526,47.83366],[9.37195,47.83466],[9.36723,47.83798],[9.36477,47.84069],[9.36077,47.84422],[9.35406,47.84832],[9.34758,47.85132],[9.33926,47.8574],[9.34214,47.85939],[9.33836,47.86218],[9.33308,47.8634],[9.33021,47.86341],[9.32845,47.86392],[9.32769,47.86516],[9.32618,47.86408],[9.3249,47.86617],[9.32064,47.86719],[9.31777,47.86528],[9.31606,47.866],[9.31178,47.86205],[9.30542,47.86],[9.30607,47.85795],[9.30199,47.85871],[9.2992,47.86053],[9.29297,47.86127],[9.29031,47.85915],[9.28831,47.85883],[9.28395,47.86077],[9.28362,47.86235],[9.28564,47.86365],[9.28504,47.86533],[9.27664,47.86387],[9.27619,47.86657],[9.27365,47.86769],[9.27232,47.86869],[9.27077,47.87125],[9.27029,47.87623],[9.271,47.87741],[9.27016,47.88006],[9.26847,47.88121],[9.26656,47.88186],[9.26271,47.88223],[9.25924,47.88212],[9.25576,47.88059],[9.25338,47.8803],[9.25101,47.87941],[9.24904,47.87929],[9.24701,47.87866],[9.2431,47.87786],[9.23891,47.87751],[9.23743,47.87579],[9.23869,47.87508],[9.2388,47.87353],[9.24506,47.86967],[9.25055,47.87029],[9.25083,47.86672],[9.24969,47.86565],[9.24403,47.86578],[9.24275,47.86497],[9.2434,47.86283],[9.24687,47.86056],[9.2455,47.85965],[9.24317,47.86154],[9.24196,47.86122],[9.24373,47.85765],[9.24325,47.8567],[9.24183,47.8558],[9.24228,47.85481],[9.23854,47.85274],[9.23402,47.85479],[9.23193,47.85553],[9.22637,47.85668],[9.22367,47.85868],[9.21893,47.85789],[9.21754,47.85681],[9.21263,47.85516],[9.21156,47.85393],[9.20951,47.85298],[9.20914,47.85167],[9.20689,47.84933],[9.20682,47.8479],[9.20309,47.84756],[9.20484,47.84551],[9.20157,47.84487],[9.19682,47.84231],[9.19247,47.84194],[9.19183,47.84057],[9.18959,47.84105],[9.18583,47.84656],[9.18421,47.8478],[9.17597,47.84506],[9.17469,47.84154],[9.16979,47.84103],[9.16567,47.84158],[9.16637,47.84334],[9.16342,47.84454],[9.15732,47.8448],[9.15556,47.84518],[9.15133,47.84504],[9.14954,47.84406],[9.14079,47.84495],[9.13957,47.84646],[9.1344,47.84751],[9.12858,47.84682],[9.12229,47.84507],[9.12038,47.84109],[9.1186,47.84225],[9.11711,47.84162],[9.11391,47.84148],[9.11206,47.84273],[9.11173,47.84388],[9.1093,47.84449],[9.10746,47.84207],[9.10344,47.84162],[9.10139,47.84365],[9.09861,47.84432],[9.09805,47.84638],[9.09524,47.84618],[9.09282,47.84781],[9.09201,47.85043],[9.08876,47.85025],[9.0869,47.85183],[9.08602,47.85449],[9.08658,47.85564],[9.08517,47.85602],[9.08474,47.85784],[9.08172,47.85658],[9.08037,47.85859],[9.07622,47.85882],[9.0752,47.85917],[9.06951,47.85828],[9.06571,47.85572],[9.06563,47.85428],[9.06877,47.85175],[9.06709,47.85098],[9.0668,47.84932],[9.06917,47.84685],[9.07162,47.84647],[9.07206,47.84577],[9.07119,47.84251],[9.07325,47.84305],[9.07535,47.84308],[9.07684,47.84208],[9.07641,47.8413],[9.07423,47.84182],[9.07218,47.84145],[9.07024,47.83951],[9.07041,47.83686],[9.07179,47.83766],[9.07316,47.83431],[9.07634,47.8327],[9.07869,47.83231],[9.07978,47.83132],[9.07983,47.82932],[9.08344,47.82516],[9.08107,47.82584],[9.07768,47.8232],[9.07781,47.82226],[9.07683,47.82099],[9.07679,47.81903],[9.07796,47.81847],[9.0809,47.81919],[9.08026,47.81743],[9.08319,47.8143],[9.08225,47.81312],[9.08013,47.81295],[9.08096,47.8118],[9.07868,47.81184],[9.07693,47.8123],[9.07652,47.81088],[9.07485,47.81001],[9.07468,47.80866],[9.07169,47.80807],[9.07053,47.8073]]]]},"properties":{"idApp":923017,"aopId":"wuerttemberg","name":"Württemberg","nameJa":"ヴュルテンベルク","kind":"regional","tags":[],"rank":0},"bbox":[8.4505,47.53368,10.1617,49.79148]},{"type":"Feature","geometry":{"type":"MultiPolygon","coordinates":[[[[9.03608,49.8465],[9.03741,49.84455],[9.03765,49.84256],[9.04144,49.84008],[9.04323,49.84406],[9.04544,49.84227],[9.04919,49.84241],[9.05314,49.8458],[9.05952,49.84703],[9.06066,49.84506],[9.05678,49.84352],[9.0548,49.84295],[9.05419,49.84059],[9.05284,49.84],[9.05387,49.8391],[9.05841,49.84139],[9.0598,49.84072],[9.05837,49.83973],[9.05924,49.83874],[9.05623,49.83462],[9.05805,49.83259],[9.06396,49.83176],[9.07021,49.83325],[9.07128,49.83629],[9.07441,49.83825],[9.07725,49.84194],[9.08075,49.84366],[9.08473,49.84751],[9.08853,49.84787],[9.09001,49.84581],[9.10204,49.8487],[9.11399,49.85408],[9.11602,49.85334],[9.11763,49.85799],[9.12236,49.856],[9.12761,49.85505],[9.1307,49.85414],[9.13546,49.85408],[9.13968,49.85551],[9.1435,49.85486],[9.14617,49.85341],[9.14812,49.85469],[9.15028,49.85367],[9.15149,49.85483],[9.15582,49.85411],[9.15487,49.84947],[9.15376,49.84589],[9.15101,49.84022],[9.14649,49.83278],[9.14173,49.82764],[9.13931,49.82418],[9.13778,49.82074],[9.13721,49.8187],[9.13595,49.8109],[9.13262,49.81063],[9.12818,49.80974],[9.12365,49.80766],[9.12215,49.80619],[9.11581,49.80391],[9.10814,49.79798],[9.11425,49.79789],[9.11549,49.7973],[9.12531,49.79636],[9.1289,49.79583],[9.13167,49.79493],[9.12938,49.79416],[9.12999,49.79042],[9.12908,49.78769],[9.13449,49.78329],[9.13448,49.78225],[9.13345,49.781],[9.13078,49.77974],[9.12724,49.77648],[9.1234,49.77657],[9.12151,49.77565],[9.1197,49.77547],[9.11788,49.77388],[9.11336,49.77373],[9.11185,49.76955],[9.11358,49.76789],[9.11312,49.76693],[9.11103,49.76646],[9.10855,49.76253],[9.10691,49.75866],[9.11229,49.75659],[9.12434,49.75598],[9.12783,49.75523],[9.13188,49.75361],[9.14493,49.7476],[9.14321,49.74512],[9.14834,49.74326],[9.15081,49.74285],[9.16153,49.74618],[9.16985,49.74707],[9.17077,49.74704],[9.17227,49.75061],[9.17483,49.75075],[9.17524,49.75555],[9.17717,49.75553],[9.17712,49.75452],[9.17788,49.75021],[9.18004,49.7449],[9.18157,49.7425],[9.18457,49.73914],[9.18897,49.73571],[9.19316,49.73351],[9.19788,49.73204],[9.20995,49.72928],[9.21447,49.72764],[9.21651,49.72662],[9.21947,49.72436],[9.22094,49.72276],[9.22341,49.71846],[9.22501,49.7171],[9.22888,49.71508],[9.22237,49.71135],[9.22043,49.70972],[9.21322,49.70761],[9.21106,49.70737],[9.20428,49.7106],[9.20127,49.71059],[9.19701,49.7095],[9.19009,49.70944],[9.18615,49.70996],[9.18576,49.70898],[9.18078,49.70664],[9.17821,49.70264],[9.17556,49.70314],[9.17313,49.70184],[9.16548,49.70131],[9.15806,49.70539],[9.15809,49.70636],[9.15491,49.70921],[9.15252,49.71043],[9.15272,49.71508],[9.15215,49.71714],[9.15327,49.72021],[9.14902,49.72517],[9.14787,49.72448],[9.14558,49.72552],[9.13918,49.72695],[9.13727,49.7256],[9.1363,49.72404],[9.13575,49.72184],[9.1352,49.71774],[9.13401,49.71619],[9.13013,49.71468],[9.12254,49.71484],[9.12252,49.71198],[9.12523,49.70726],[9.12706,49.70726],[9.12813,49.70299],[9.12763,49.70164],[9.12611,49.69998],[9.12408,49.69956],[9.12201,49.69867],[9.11912,49.69795],[9.11342,49.69788],[9.1051,49.69695],[9.10587,49.69088],[9.10037,49.69202],[9.0988,49.69085],[9.10051,49.68922],[9.09967,49.68754],[9.10157,49.68672],[9.10388,49.68686],[9.10425,49.68505],[9.10674,49.68391],[9.11563,49.68295],[9.11318,49.67847],[9.1125,49.678],[9.10751,49.67925],[9.1008,49.68249],[9.09773,49.68374],[9.09596,49.68493],[9.09456,49.68769],[9.09336,49.68771],[9.09483,49.68513],[9.0944,49.68415],[9.1097,49.67758],[9.11151,49.67598],[9.1118,49.6745],[9.10963,49.6731],[9.11057,49.67251],[9.11384,49.67334],[9.12019,49.67006],[9.12137,49.66802],[9.12524,49.66751],[9.1318,49.66461],[9.12974,49.65959],[9.13173,49.66067],[9.13736,49.66102],[9.16623,49.65918],[9.17222,49.6585],[9.17397,49.66052],[9.19758,49.65942],[9.19804,49.65567],[9.19774,49.65329],[9.1984,49.65282],[9.19311,49.65201],[9.19578,49.65102],[9.19955,49.6511],[9.20307,49.65254],[9.20497,49.6502],[9.20626,49.65091],[9.20603,49.65299],[9.2105,49.65457],[9.21383,49.65485],[9.2232,49.65447],[9.22602,49.65515],[9.23523,49.65911],[9.23964,49.65955],[9.24152,49.6586],[9.24195,49.65964],[9.24948,49.66087],[9.25061,49.66186],[9.25253,49.66057],[9.25582,49.66106],[9.26273,49.65996],[9.26611,49.65969],[9.26915,49.65906],[9.27061,49.66195],[9.26897,49.66321],[9.26992,49.66462],[9.27522,49.66678],[9.27365,49.66794],[9.27767,49.66947],[9.28116,49.66953],[9.28784,49.66793],[9.28965,49.66409],[9.29665,49.66295],[9.30247,49.66053],[9.30388,49.65868],[9.30408,49.65494],[9.31054,49.65395],[9.31361,49.65371],[9.31761,49.65067],[9.32172,49.64965],[9.32432,49.64878],[9.32984,49.64727],[9.3369,49.6443],[9.34388,49.6443],[9.34594,49.64696],[9.3487,49.64953],[9.35017,49.65043],[9.35316,49.65063],[9.35466,49.65167],[9.36184,49.65461],[9.36394,49.65534],[9.36565,49.6566],[9.36758,49.65875],[9.36746,49.65609],[9.37189,49.65125],[9.37433,49.65019],[9.37886,49.64649],[9.38045,49.64422],[9.38357,49.64283],[9.38815,49.64499],[9.39378,49.64631],[9.39978,49.64532],[9.40501,49.64572],[9.406,49.64531],[9.40771,49.64674],[9.41011,49.64965],[9.41644,49.65388],[9.41745,49.65586],[9.4195,49.65885],[9.41635,49.65988],[9.41204,49.66079],[9.41233,49.66262],[9.41092,49.66351],[9.40754,49.6645],[9.40508,49.66602],[9.40236,49.66812],[9.39789,49.67066],[9.39808,49.67148],[9.40001,49.67379],[9.40148,49.67485],[9.40538,49.67579],[9.40997,49.67539],[9.41247,49.67547],[9.41278,49.6773],[9.40942,49.67812],[9.40639,49.67958],[9.40539,49.67889],[9.40229,49.67797],[9.40003,49.67658],[9.39008,49.67698],[9.38537,49.6765],[9.37803,49.68115],[9.37187,49.6837],[9.36894,49.68367],[9.3655,49.68672],[9.36505,49.6882],[9.36649,49.68833],[9.36598,49.68995],[9.35866,49.6966],[9.3558,49.7026],[9.35741,49.70429],[9.35653,49.70567],[9.35321,49.70744],[9.35311,49.71175],[9.35184,49.7119],[9.35223,49.71648],[9.35083,49.71617],[9.34757,49.71619],[9.34411,49.71699],[9.34403,49.71861],[9.34548,49.71877],[9.34942,49.72153],[9.35118,49.72197],[9.35798,49.72307],[9.36295,49.72352],[9.3665,49.72607],[9.36834,49.72657],[9.37348,49.72738],[9.37421,49.728],[9.37164,49.72869],[9.36599,49.73092],[9.3634,49.73161],[9.35887,49.73078],[9.35182,49.73237],[9.3462,49.73305],[9.34171,49.7342],[9.33573,49.73412],[9.32932,49.73195],[9.32287,49.73117],[9.31998,49.73224],[9.3159,49.73524],[9.31177,49.73471],[9.30803,49.73605],[9.30008,49.7377],[9.2963,49.73892],[9.29567,49.74053],[9.29352,49.74054],[9.2886,49.7415],[9.28507,49.74183],[9.28068,49.74146],[9.27827,49.74043],[9.27689,49.73947],[9.27246,49.73521],[9.27088,49.73328],[9.26856,49.72954],[9.26614,49.72389],[9.26281,49.72448],[9.26226,49.72378],[9.26184,49.725],[9.26599,49.73743],[9.26835,49.7401],[9.26819,49.74184],[9.274,49.74491],[9.27351,49.74548],[9.26227,49.74402],[9.26428,49.74596],[9.26393,49.74665],[9.26175,49.74722],[9.25711,49.75027],[9.24569,49.75213],[9.24754,49.75412],[9.24864,49.75787],[9.2425,49.75889],[9.24224,49.76017],[9.23673,49.76062],[9.23565,49.75823],[9.23317,49.75865],[9.23225,49.75508],[9.22861,49.75505],[9.22567,49.75307],[9.22301,49.75499],[9.22176,49.76136],[9.2269,49.76308],[9.22442,49.76734],[9.22252,49.76623],[9.21796,49.76528],[9.21318,49.76387],[9.21278,49.76736],[9.21101,49.77068],[9.20819,49.77032],[9.20486,49.77676],[9.20847,49.77797],[9.21013,49.77927],[9.20834,49.7851],[9.20563,49.78557],[9.20669,49.78666],[9.2063,49.78873],[9.20751,49.79049],[9.21454,49.79222],[9.21505,49.79551],[9.21588,49.79536],[9.2152,49.79806],[9.21893,49.80017],[9.2186,49.80257],[9.22091,49.80236],[9.22191,49.80457],[9.22521,49.8054],[9.22875,49.80522],[9.23291,49.80438],[9.24509,49.80488],[9.24512,49.8065],[9.24607,49.80882],[9.24582,49.81],[9.24396,49.81188],[9.2423,49.8162],[9.24239,49.81723],[9.23952,49.81849],[9.23233,49.81894],[9.2289,49.8213],[9.23046,49.82348],[9.23238,49.82456],[9.23244,49.82929],[9.2338,49.83233],[9.23423,49.834],[9.23567,49.83539],[9.23541,49.83664],[9.23722,49.83808],[9.2386,49.84018],[9.24813,49.83943],[9.24918,49.84187],[9.25021,49.84885],[9.25218,49.85126],[9.25652,49.85124],[9.25925,49.85172],[9.25882,49.85277],[9.25276,49.8545],[9.24539,49.85936],[9.24746,49.86091],[9.2523,49.86204],[9.25194,49.86275],[9.24597,49.86497],[9.24527,49.86579],[9.24012,49.86452],[9.23899,49.86297],[9.2375,49.85577],[9.23211,49.85373],[9.2287,49.85273],[9.22668,49.85381],[9.22434,49.85357],[9.22238,49.84971],[9.22168,49.84947],[9.22496,49.84534],[9.22095,49.84384],[9.21808,49.84143],[9.21304,49.84586],[9.19952,49.85057],[9.17436,49.85653],[9.16818,49.85745],[9.16521,49.85627],[9.1662,49.85921],[9.16002,49.86014],[9.16015,49.86131],[9.15808,49.8617],[9.16038,49.86862],[9.16357,49.88226],[9.16359,49.8846],[9.1624,49.88841],[9.15915,49.89112],[9.15315,49.89442],[9.15123,49.89341],[9.14856,49.89276],[9.14684,49.8934],[9.14531,49.89525],[9.14394,49.89406],[9.14002,49.89304],[9.13788,49.89443],[9.12987,49.89275],[9.1317,49.89044],[9.12989,49.89082],[9.12715,49.89019],[9.12773,49.88961],[9.12106,49.88616],[9.12267,49.88469],[9.11953,49.88263],[9.11339,49.88052],[9.10451,49.87494],[9.09998,49.87644],[9.09871,49.87458],[9.09507,49.87428],[9.0949,49.87509],[9.09661,49.87822],[9.09761,49.8779],[9.09945,49.88069],[9.10007,49.88239],[9.09894,49.88437],[9.09539,49.88666],[9.09461,49.88977],[9.09379,49.89116],[9.09851,49.89353],[9.10077,49.89439],[9.10463,49.89639],[9.10559,49.89861],[9.10391,49.9006],[9.1054,49.90159],[9.1066,49.90085],[9.10937,49.90207],[9.10512,49.90711],[9.10848,49.90822],[9.10559,49.91237],[9.10309,49.91532],[9.10329,49.91712],[9.1045,49.91704],[9.10509,49.91827],[9.10439,49.9193],[9.1082,49.91951],[9.10542,49.923],[9.11198,49.92504],[9.10724,49.93086],[9.10929,49.93161],[9.10838,49.93275],[9.11233,49.93417],[9.11044,49.93639],[9.11494,49.93841],[9.12355,49.93568],[9.13668,49.92961],[9.1399,49.92755],[9.14279,49.92481],[9.14385,49.92236],[9.14421,49.92061],[9.15135,49.92136],[9.15669,49.9222],[9.16201,49.92346],[9.16475,49.92515],[9.16652,49.9271],[9.1676,49.92894],[9.16869,49.93167],[9.17088,49.93017],[9.1726,49.92857],[9.17664,49.9266],[9.17901,49.92611],[9.18087,49.9261],[9.19039,49.92731],[9.1907,49.92883],[9.19753,49.92932],[9.20534,49.93073],[9.21191,49.93244],[9.21573,49.93469],[9.2201,49.93588],[9.22242,49.93542],[9.23409,49.9358],[9.23606,49.93439],[9.2378,49.9348],[9.23505,49.93779],[9.23599,49.94038],[9.23045,49.94305],[9.22685,49.94366],[9.22454,49.94455],[9.22152,49.94751],[9.22049,49.94776],[9.22071,49.94953],[9.21807,49.94971],[9.2159,49.95058],[9.21238,49.95298],[9.21144,49.95491],[9.20767,49.95384],[9.19996,49.95364],[9.19774,49.95404],[9.19523,49.95381],[9.19484,49.95466],[9.1966,49.95497],[9.19721,49.95574],[9.19939,49.9566],[9.19794,49.95795],[9.19819,49.96027],[9.19754,49.96135],[9.1935,49.96014],[9.19119,49.95991],[9.18925,49.96014],[9.18599,49.95962],[9.18582,49.96059],[9.1869,49.9619],[9.18475,49.96249],[9.18321,49.96219],[9.18081,49.96284],[9.18321,49.96501],[9.18253,49.96615],[9.18353,49.9677],[9.18595,49.9691],[9.19153,49.97054],[9.19275,49.97284],[9.19426,49.97417],[9.19441,49.97705],[9.19305,49.97919],[9.20235,49.97987],[9.20311,49.97753],[9.20561,49.97551],[9.20972,49.97697],[9.2115,49.97709],[9.21012,49.97453],[9.2109,49.97237],[9.21668,49.97428],[9.21978,49.97462],[9.22186,49.97423],[9.2196,49.9705],[9.22063,49.96918],[9.22023,49.96752],[9.22226,49.9662],[9.22528,49.96801],[9.23563,49.9706],[9.23895,49.97377],[9.23559,49.98307],[9.2371,49.98393],[9.23752,49.98548],[9.23654,49.98882],[9.23646,49.99488],[9.23731,49.99705],[9.23569,49.99846],[9.23643,49.9993],[9.23422,50.00068],[9.23408,50.00135],[9.2363,50.00501],[9.2375,50.00546],[9.23899,50.00746],[9.23878,50.00837],[9.24128,50.00861],[9.23981,50.01061],[9.23677,50.01099],[9.23583,50.01284],[9.23538,50.01496],[9.23363,50.02079],[9.23374,50.02496],[9.2326,50.02842],[9.23689,50.03288],[9.24412,50.03359],[9.2471,50.03452],[9.24709,50.03583],[9.24793,50.03679],[9.25153,50.03922],[9.25078,50.04272],[9.25252,50.04448],[9.251,50.04494],[9.25089,50.04586],[9.24879,50.04762],[9.24521,50.04787],[9.24066,50.05016],[9.23762,50.04842],[9.23536,50.05128],[9.23085,50.05388],[9.23,50.05528],[9.22815,50.056],[9.22828,50.05328],[9.22672,50.05203],[9.22224,50.05182],[9.22016,50.05269],[9.2165,50.05216],[9.21196,50.05209],[9.21092,50.05156],[9.20775,50.05202],[9.20809,50.04955],[9.20026,50.0469],[9.1941,50.04647],[9.19371,50.04481],[9.19148,50.04563],[9.18975,50.04486],[9.18774,50.04308],[9.18992,50.03954],[9.1869,50.03999],[9.18261,50.03913],[9.17905,50.03933],[9.17723,50.03744],[9.17829,50.03658],[9.17702,50.03491],[9.1793,50.0328],[9.17603,50.03286],[9.1738,50.02763],[9.17624,50.02756],[9.1798,50.02398],[9.18182,50.02312],[9.18244,50.02206],[9.18733,50.02033],[9.1843,50.01882],[9.18449,50.01807],[9.18686,50.0184],[9.19144,50.01772],[9.19706,50.01408],[9.19429,50.01112],[9.19489,50.00873],[9.1933,50.00698],[9.19427,50.00443],[9.1934,50.00353],[9.19404,50.00155],[9.19402,50.00012],[9.19599,49.99764],[9.19613,49.99587],[9.19489,49.99537],[9.19507,49.99284],[9.19333,49.9923],[9.19478,49.99137],[9.19443,49.98679],[9.19372,49.9859],[9.19392,49.98445],[9.18765,49.98212],[9.18474,49.98229],[9.18362,49.98365],[9.17754,49.987],[9.17129,49.98772],[9.16871,49.98915],[9.16787,49.99091],[9.16794,49.99315],[9.16352,49.99505],[9.16074,49.99562],[9.15899,49.99642],[9.15907,49.99961],[9.15577,49.9988],[9.15191,49.99926],[9.15039,50.00021],[9.14552,50.00033],[9.14479,50.00226],[9.14311,50.00188],[9.13767,50.00223],[9.1351,50.00288],[9.13423,50.00385],[9.13527,50.00456],[9.1334,50.00693],[9.13161,50.00752],[9.13226,50.00511],[9.13066,50.00488],[9.12869,50.00863],[9.12697,50.01405],[9.11872,50.01285],[9.11673,50.01081],[9.11664,50.00904],[9.11352,50.00713],[9.10977,50.00598],[9.10777,50.00643],[9.10874,50.00908],[9.10799,50.01045],[9.10349,50.01226],[9.10171,50.01387],[9.10211,50.01663],[9.10318,50.01717],[9.10352,50.01934],[9.10289,50.0213],[9.10152,50.02084],[9.09995,50.01915],[9.09819,50.01827],[9.0971,50.01606],[9.09117,50.01343],[9.08804,50.01292],[9.08573,50.0104],[9.08008,50.00775],[9.08424,50.0032],[9.08637,50.00001],[9.08662,49.99732],[9.0888,49.99725],[9.09139,49.99468],[9.09514,49.99303],[9.099,49.9909],[9.10493,49.98914],[9.10349,49.98763],[9.1037,49.9862],[9.10903,49.98552],[9.10718,49.98177],[9.11197,49.98163],[9.10871,49.97874],[9.10902,49.97801],[9.10722,49.97706],[9.10788,49.97469],[9.10421,49.97384],[9.10094,49.97349],[9.09306,49.97324],[9.09183,49.97332],[9.08694,49.97451],[9.08402,49.97093],[9.08581,49.97043],[9.08441,49.96913],[9.08526,49.96802],[9.08908,49.96506],[9.09191,49.96394],[9.09561,49.96163],[9.09645,49.95814],[9.09309,49.95574],[9.08935,49.95869],[9.08373,49.95621],[9.07718,49.95577],[9.07308,49.95417],[9.07236,49.95494],[9.0654,49.95625],[9.05888,49.95615],[9.05592,49.9547],[9.05323,49.95424],[9.0449,49.95551],[9.04134,49.95514],[9.03925,49.95448],[9.03707,49.95469],[9.0365,49.95402],[9.03398,49.95294],[9.02637,49.95509],[9.02077,49.94921],[9.01904,49.94705],[9.0238,49.94568],[9.02535,49.94565],[9.02578,49.94342],[9.02549,49.94119],[9.02589,49.93874],[9.02742,49.93391],[9.02948,49.93191],[9.02943,49.92742],[9.03061,49.92586],[9.03226,49.92469],[9.02999,49.92034],[9.02733,49.91708],[9.02646,49.91441],[9.02465,49.91272],[9.02336,49.91014],[9.02462,49.90932],[9.02713,49.90993],[9.02954,49.90905],[9.03188,49.90936],[9.03133,49.90715],[9.02995,49.90588],[9.03124,49.90564],[9.03251,49.90446],[9.03107,49.90395],[9.0326,49.9016],[9.03124,49.9013],[9.03338,49.89949],[9.03555,49.89932],[9.03544,49.89724],[9.03634,49.89561],[9.03748,49.89061],[9.03728,49.8848],[9.03771,49.88241],[9.03723,49.87926],[9.03843,49.87622],[9.03974,49.87521],[9.04402,49.87263],[9.04556,49.86985],[9.04846,49.869],[9.04885,49.86807],[9.05045,49.86757],[9.05008,49.86631],[9.04607,49.86649],[9.04346,49.86791],[9.04209,49.86641],[9.03831,49.86564],[9.03658,49.86728],[9.03334,49.86647],[9.0343,49.86385],[9.03404,49.8621],[9.03379,49.86044],[9.03825,49.8575],[9.04092,49.85691],[9.0437,49.85554],[9.04268,49.85444],[9.04245,49.85287],[9.04311,49.85034],[9.04164,49.84955],[9.04077,49.84748],[9.03791,49.8471],[9.03608,49.8465]],[[9.17338,49.82091],[9.16706,49.82299],[9.16381,49.82631],[9.16056,49.8271],[9.1616,49.82986],[9.16382,49.83213],[9.1695,49.83466],[9.17361,49.83622],[9.18547,49.83596],[9.18887,49.83318],[9.19663,49.8301],[9.19845,49.82856],[9.19228,49.82492],[9.18998,49.8165],[9.18732,49.81554],[9.18777,49.81297],[9.18377,49.81174],[9.17892,49.81427],[9.17338,49.82091]]],[[[9.4715,49.77973],[9.47326,49.78216],[9.47825,49.78644],[9.4799,49.7872],[9.48344,49.78782],[9.4998,49.78889],[9.50146,49.78877],[9.5047,49.78789],[9.509,49.78558],[9.51167,49.78359],[9.51308,49.7808],[9.51272,49.77845],[9.51084,49.77388],[9.51003,49.77099],[9.51042,49.76817],[9.51234,49.76558],[9.51451,49.76379],[9.51725,49.7622],[9.52139,49.76119],[9.52584,49.76158],[9.52871,49.76252],[9.53483,49.76626],[9.53763,49.76756],[9.54219,49.76767],[9.54503,49.76697],[9.54785,49.76574],[9.55008,49.76386],[9.55243,49.76043],[9.55311,49.75828],[9.554,49.75327],[9.55406,49.75098],[9.55506,49.74752],[9.55694,49.74603],[9.55961,49.74482],[9.56106,49.74457],[9.56457,49.74478],[9.5667,49.74577],[9.56885,49.74871],[9.56893,49.75059],[9.56783,49.75302],[9.56673,49.75438],[9.561,49.75985],[9.55957,49.76178],[9.55839,49.76509],[9.55751,49.77386],[9.5576,49.77618],[9.55828,49.77769],[9.56016,49.77969],[9.56341,49.78138],[9.56533,49.78205],[9.56938,49.78297],[9.5761,49.78383],[9.58006,49.78403],[9.58014,49.78317],[9.57629,49.78289],[9.57759,49.7803],[9.57635,49.77905],[9.58108,49.77803],[9.58576,49.77951],[9.59002,49.78122],[9.59132,49.78004],[9.5975,49.78149],[9.60161,49.78232],[9.60825,49.78333],[9.6203,49.78376],[9.63069,49.78591],[9.6352,49.78757],[9.64555,49.79079],[9.64874,49.79148],[9.64913,49.7897],[9.65094,49.78619],[9.64973,49.78545],[9.65045,49.78278],[9.65142,49.78056],[9.65051,49.7794],[9.64697,49.77846],[9.64617,49.77917],[9.64432,49.77861],[9.64509,49.77736],[9.64496,49.77516],[9.64599,49.77419],[9.6465,49.77069],[9.64755,49.7692],[9.64977,49.76708],[9.65187,49.76637],[9.6558,49.76741],[9.66495,49.76903],[9.672,49.76942],[9.67455,49.76987],[9.67501,49.77117],[9.67995,49.77311],[9.68114,49.77163],[9.68527,49.7729],[9.68908,49.77273],[9.6903,49.77195],[9.69111,49.77053],[9.69677,49.77149],[9.70486,49.77352],[9.70778,49.77462],[9.70753,49.77513],[9.71229,49.7771],[9.71438,49.77696],[9.722,49.77402],[9.72635,49.77358],[9.73022,49.77423],[9.731,49.7718],[9.73304,49.77181],[9.73437,49.76943],[9.73563,49.7696],[9.7352,49.7675],[9.73562,49.76493],[9.73664,49.76398],[9.74451,49.76338],[9.74775,49.76654],[9.74909,49.76594],[9.7494,49.76815],[9.75397,49.76815],[9.75299,49.7757],[9.75717,49.78073],[9.75368,49.78459],[9.75251,49.78915],[9.74902,49.7937],[9.74995,49.79598],[9.75024,49.79818],[9.74981,49.80029],[9.75045,49.80215],[9.75309,49.80429],[9.75671,49.80557],[9.76907,49.8067],[9.77161,49.80595],[9.77669,49.80648],[9.77919,49.80443],[9.78198,49.80489],[9.78288,49.80252],[9.78763,49.80359],[9.78828,49.8048],[9.78657,49.80505],[9.78686,49.80607],[9.79142,49.80551],[9.7929,49.80612],[9.7942,49.80839],[9.79535,49.8081],[9.79719,49.81036],[9.79776,49.81386],[9.79923,49.81462],[9.80129,49.81455],[9.80127,49.81949],[9.80419,49.82219],[9.80223,49.82306],[9.80443,49.8249],[9.81059,49.82586],[9.81769,49.82579],[9.82219,49.82694],[9.82341,49.82527],[9.82587,49.82365],[9.82666,49.82565],[9.83377,49.82625],[9.84027,49.82354],[9.84815,49.82394],[9.85803,49.82627],[9.86044,49.82583],[9.86373,49.82324],[9.86637,49.82294],[9.87102,49.82411],[9.8724,49.82225],[9.87338,49.81992],[9.87283,49.81481],[9.8734,49.81223],[9.87565,49.80796],[9.87729,49.80602],[9.87984,49.80353],[9.8835,49.79851],[9.88174,49.7971],[9.87802,49.79908],[9.87503,49.79687],[9.87167,49.7964],[9.87231,49.79467],[9.87483,49.79509],[9.87825,49.79708],[9.88254,49.79471],[9.8816,49.7919],[9.8821,49.78941],[9.87901,49.78805],[9.87575,49.78788],[9.87328,49.78632],[9.8723,49.78672],[9.86934,49.78612],[9.87028,49.78533],[9.86679,49.78445],[9.86631,49.78612],[9.86413,49.78538],[9.86514,49.78434],[9.86131,49.78454],[9.85477,49.78409],[9.85349,49.78212],[9.85292,49.77925],[9.85253,49.77541],[9.85371,49.77228],[9.85297,49.77126],[9.85073,49.77082],[9.8487,49.7712],[9.84769,49.76849],[9.84815,49.76717],[9.84344,49.76735],[9.84185,49.76723],[9.84151,49.76411],[9.84379,49.76415],[9.84445,49.7618],[9.85191,49.76146],[9.84875,49.7578],[9.85169,49.75647],[9.85523,49.76065],[9.86011,49.76398],[9.86141,49.76563],[9.86478,49.76317],[9.86986,49.76531],[9.87447,49.76645],[9.87846,49.76751],[9.88677,49.76814],[9.89159,49.76727],[9.89627,49.76738],[9.89534,49.76608],[9.89362,49.76492],[9.89143,49.76213],[9.8891,49.75968],[9.88597,49.75839],[9.88483,49.75744],[9.88068,49.75615],[9.87683,49.75309],[9.88211,49.74713],[9.88546,49.746],[9.88758,49.74442],[9.88983,49.74504],[9.8905,49.74447],[9.895,49.74428],[9.89837,49.74474],[9.90246,49.74757],[9.9049,49.7461],[9.91167,49.74395],[9.91662,49.74087],[9.92188,49.73896],[9.9285,49.73743],[9.93173,49.73558],[9.93557,49.73504],[9.93511,49.73029],[9.93942,49.72756],[9.93696,49.7268],[9.9393,49.72413],[9.93718,49.72321],[9.93981,49.72018],[9.94366,49.72108],[9.94722,49.71764],[9.94807,49.71389],[9.94826,49.71091],[9.9524,49.71155],[9.95288,49.7142],[9.95659,49.71419],[9.95832,49.71384],[9.95926,49.71199],[9.96124,49.71232],[9.96157,49.71016],[9.96603,49.71098],[9.97244,49.71116],[9.98001,49.71252],[9.98238,49.71344],[9.98407,49.71104],[9.98606,49.71057],[9.99012,49.70412],[9.98676,49.70282],[9.99239,49.69528],[9.98968,49.69509],[9.99028,49.69295],[9.98894,49.69306],[9.98853,49.6912],[9.99206,49.69134],[9.99116,49.68984],[9.99248,49.68979],[9.99169,49.68795],[9.98863,49.68685],[9.98721,49.6897],[9.98394,49.68937],[9.98554,49.68654],[9.98099,49.68619],[9.9812,49.68352],[9.9825,49.68191],[9.97842,49.68168],[9.97966,49.68016],[9.98106,49.67353],[9.98505,49.67375],[9.98671,49.67188],[9.98747,49.67044],[9.98552,49.67021],[9.98854,49.66542],[9.98557,49.66452],[9.98565,49.66376],[9.9788,49.66098],[9.98011,49.66002],[9.98285,49.66097],[9.98785,49.66209],[9.98797,49.6613],[9.99188,49.66237],[9.99117,49.66321],[9.99363,49.66387],[9.99629,49.66541],[9.99825,49.66273],[10.00121,49.6639],[10.00251,49.66247],[10.00436,49.66384],[10.00631,49.6625],[10.00719,49.663],[10.0093,49.66103],[10.01172,49.65657],[10.0093,49.65595],[10.01122,49.65119],[10.0124,49.64973],[10.01563,49.65132],[10.01626,49.65031],[10.01519,49.64927],[10.01636,49.6459],[10.01174,49.64524],[10.01609,49.64014],[10.01791,49.64065],[10.02344,49.64302],[10.02542,49.64424],[10.03041,49.64601],[10.03362,49.64153],[10.03247,49.64028],[10.03491,49.63728],[10.03542,49.63808],[10.03767,49.63735],[10.03725,49.63666],[10.04837,49.63662],[10.04636,49.63409],[10.0466,49.62849],[10.04546,49.62826],[10.04696,49.62484],[10.04909,49.62537],[10.0498,49.62333],[10.04892,49.61498],[10.04456,49.61479],[10.04494,49.61303],[10.04151,49.61226],[10.04005,49.61152],[10.04175,49.6105],[10.03904,49.60901],[10.03899,49.6082],[10.03226,49.60853],[10.03316,49.60422],[10.03484,49.60113],[10.03879,49.60184],[10.03906,49.60073],[10.04309,49.60114],[10.04369,49.59889],[10.05031,49.59994],[10.05159,49.59747],[10.05406,49.59727],[10.05496,49.59385],[10.06367,49.59461],[10.06517,49.5938],[10.06546,49.59243],[10.06961,49.59263],[10.07118,49.59363],[10.07306,49.59356],[10.07592,49.59486],[10.07473,49.5964],[10.08303,49.59852],[10.0825,49.6023],[10.08636,49.60264],[10.08583,49.60526],[10.08733,49.60535],[10.08686,49.60883],[10.09054,49.60864],[10.0899,49.61106],[10.09928,49.61252],[10.09761,49.61714],[10.10068,49.61751],[10.09973,49.6192],[10.10258,49.61955],[10.10251,49.62042],[10.11275,49.62175],[10.11353,49.62077],[10.11782,49.62214],[10.12663,49.61399],[10.12967,49.61471],[10.13211,49.6116],[10.13723,49.61248],[10.13735,49.61095],[10.14199,49.61207],[10.14313,49.61192],[10.14406,49.61059],[10.1484,49.61179],[10.15019,49.60902],[10.14873,49.60844],[10.14994,49.60539],[10.15167,49.60346],[10.15373,49.60347],[10.15518,49.59685],[10.15633,49.5959],[10.15783,49.59386],[10.15936,49.59479],[10.16269,49.59344],[10.16869,49.59055],[10.16714,49.58854],[10.17152,49.58625],[10.17288,49.58489],[10.17354,49.58347],[10.17496,49.58421],[10.17821,49.58518],[10.18186,49.58553],[10.18202,49.58369],[10.18536,49.58307],[10.18548,49.58128],[10.18897,49.58125],[10.19227,49.58195],[10.1922,49.58051],[10.19464,49.58131],[10.19734,49.58084],[10.20261,49.58155],[10.20636,49.58176],[10.21314,49.58124],[10.21288,49.57824],[10.21568,49.57802],[10.21984,49.57836],[10.22106,49.57362],[10.21893,49.57026],[10.22007,49.57012],[10.21941,49.5676],[10.21989,49.56571],[10.22091,49.56593],[10.22334,49.5615],[10.22475,49.55979],[10.21776,49.55753],[10.21328,49.55727],[10.21097,49.55378],[10.20816,49.55452],[10.20809,49.55338],[10.2022,49.55395],[10.2022,49.55582],[10.20008,49.55613],[10.19911,49.55499],[10.18999,49.55559],[10.18915,49.55276],[10.19169,49.55229],[10.19082,49.5511],[10.18615,49.55165],[10.18607,49.5507],[10.18363,49.55111],[10.1844,49.55315],[10.18419,49.55677],[10.18231,49.5583],[10.17883,49.55865],[10.17796,49.5601],[10.17335,49.56032],[10.1716,49.56126],[10.16949,49.56102],[10.16832,49.55958],[10.16941,49.55859],[10.1696,49.55673],[10.16736,49.55681],[10.16854,49.55365],[10.1657,49.55287],[10.1658,49.54922],[10.16722,49.54551],[10.16803,49.54413],[10.17038,49.54171],[10.17161,49.54257],[10.17306,49.54234],[10.17457,49.54143],[10.17814,49.54288],[10.17998,49.53984],[10.17705,49.53919],[10.1771,49.53854],[10.17872,49.53741],[10.17235,49.53319],[10.17342,49.5318],[10.17136,49.5316],[10.17144,49.53038],[10.16947,49.53018],[10.16951,49.52865],[10.16233,49.52676],[10.16302,49.52579],[10.16074,49.52517],[10.16082,49.52429],[10.15691,49.52428],[10.1541,49.52363],[10.15613,49.52073],[10.15741,49.52054],[10.15722,49.51949],[10.15933,49.5197],[10.16004,49.51764],[10.16204,49.51803],[10.16587,49.51383],[10.16386,49.5138],[10.16436,49.51071],[10.16785,49.51064],[10.17056,49.50592],[10.16856,49.50509],[10.16471,49.5028],[10.16619,49.50097],[10.16359,49.49846],[10.16351,49.49766],[10.16084,49.49579],[10.15853,49.49653],[10.15843,49.49514],[10.15521,49.49459],[10.15323,49.49508],[10.15062,49.49502],[10.15066,49.4933],[10.14863,49.49339],[10.14873,49.4919],[10.14613,49.4916],[10.14625,49.48997],[10.14253,49.48967],[10.14198,49.49081],[10.13898,49.49143],[10.13703,49.49393],[10.13619,49.4936],[10.13797,49.49098],[10.14121,49.49003],[10.14071,49.48886],[10.13925,49.4886],[10.14028,49.48447],[10.1343,49.48251],[10.13789,49.48049],[10.13719,49.47853],[10.13786,49.47582],[10.13405,49.47547],[10.13468,49.47242],[10.12986,49.47084],[10.12518,49.47111],[10.12509,49.47191],[10.11833,49.47317],[10.11764,49.46967],[10.11792,49.46759],[10.12186,49.46486],[10.12225,49.46391],[10.11584,49.4613],[10.11448,49.4625],[10.11045,49.46237],[10.10871,49.46201],[10.10654,49.46325],[10.10483,49.46278],[10.10651,49.46087],[10.10823,49.46021],[10.10649,49.45851],[10.09998,49.45668],[10.09783,49.45701],[10.09705,49.45589],[10.09802,49.45487],[10.09724,49.45429],[10.09694,49.45255],[10.09729,49.45158],[10.09474,49.4479],[10.09935,49.44645],[10.10571,49.44482],[10.10597,49.44303],[10.11176,49.43875],[10.11274,49.43913],[10.11063,49.4425],[10.1138,49.44382],[10.11664,49.44383],[10.1179,49.44314],[10.11878,49.4439],[10.12263,49.44072],[10.1261,49.43927],[10.12887,49.4384],[10.13193,49.43782],[10.13371,49.43715],[10.13448,49.43476],[10.13811,49.43312],[10.1348,49.43328],[10.13362,49.43201],[10.13807,49.42867],[10.13801,49.42628],[10.13743,49.42472],[10.13942,49.42386],[10.14072,49.42453],[10.14193,49.42393],[10.14594,49.42415],[10.15279,49.42603],[10.15473,49.42488],[10.15714,49.42463],[10.16696,49.42422],[10.16802,49.42669],[10.16992,49.4283],[10.18454,49.43228],[10.18929,49.43255],[10.18883,49.43427],[10.19275,49.43428],[10.19085,49.43951],[10.19022,49.44316],[10.18908,49.44294],[10.18936,49.44923],[10.18577,49.44955],[10.1841,49.45261],[10.18839,49.45401],[10.18747,49.457],[10.1844,49.45959],[10.18365,49.46138],[10.18163,49.46144],[10.17922,49.46081],[10.17826,49.46295],[10.17923,49.46433],[10.18051,49.46517],[10.17999,49.46645],[10.18151,49.46733],[10.17968,49.46907],[10.17765,49.47219],[10.17567,49.47248],[10.17385,49.47217],[10.17264,49.47288],[10.1698,49.47199],[10.16844,49.4745],[10.17288,49.47563],[10.17155,49.47916],[10.17548,49.48044],[10.17489,49.48207],[10.17518,49.48338],[10.17619,49.48457],[10.17918,49.48694],[10.17832,49.4883],[10.18108,49.48894],[10.1807,49.4897],[10.18418,49.49008],[10.1849,49.49181],[10.18595,49.48831],[10.18994,49.48864],[10.19408,49.48997],[10.19512,49.48954],[10.19798,49.49149],[10.20017,49.49139],[10.20231,49.48928],[10.20515,49.49203],[10.20968,49.49184],[10.21404,49.49102],[10.21842,49.49101],[10.22175,49.49031],[10.22245,49.4888],[10.22666,49.48834],[10.23171,49.48812],[10.23167,49.48922],[10.23614,49.48934],[10.23367,49.49328],[10.23626,49.49456],[10.24214,49.4959],[10.24226,49.49749],[10.24545,49.49737],[10.24653,49.49699],[10.24857,49.49301],[10.2525,49.49401],[10.25387,49.49114],[10.2578,49.49123],[10.25846,49.4905],[10.26041,49.49094],[10.26091,49.48931],[10.26564,49.48958],[10.2682,49.48895],[10.26968,49.48776],[10.27116,49.48762],[10.27202,49.48971],[10.27989,49.49042],[10.28107,49.4915],[10.28403,49.4929],[10.28539,49.49291],[10.28725,49.49385],[10.28612,49.49549],[10.28777,49.49743],[10.28642,49.50006],[10.29651,49.50237],[10.2953,49.50263],[10.29701,49.50486],[10.29573,49.50534],[10.29636,49.50634],[10.29274,49.50649],[10.29286,49.50837],[10.29735,49.509],[10.3004,49.50714],[10.30523,49.50719],[10.30547,49.5061],[10.30822,49.50578],[10.30892,49.50345],[10.3169,49.50421],[10.31869,49.50154],[10.32156,49.5019],[10.32861,49.50228],[10.33343,49.50233],[10.33361,49.50128],[10.33593,49.50164],[10.3359,49.50288],[10.33877,49.50223],[10.34725,49.50206],[10.34806,49.50085],[10.35168,49.50077],[10.35268,49.49925],[10.35497,49.49923],[10.35881,49.49866],[10.35909,49.49706],[10.36182,49.49657],[10.3613,49.49456],[10.36995,49.49141],[10.37452,49.4928],[10.37576,49.49538],[10.37805,49.49436],[10.38227,49.49304],[10.38682,49.49314],[10.39287,49.49351],[10.39865,49.49333],[10.40476,49.49341],[10.40226,49.49019],[10.40314,49.48785],[10.40472,49.48611],[10.40632,49.48308],[10.40642,49.47982],[10.41044,49.4795],[10.41294,49.47276],[10.41631,49.47417],[10.42158,49.46996],[10.42411,49.47087],[10.42501,49.46991],[10.42731,49.47009],[10.42768,49.46876],[10.4302,49.46715],[10.43186,49.46671],[10.43533,49.46673],[10.43935,49.46602],[10.44271,49.46407],[10.44692,49.46217],[10.44983,49.46183],[10.45287,49.46217],[10.45579,49.46299],[10.45937,49.46356],[10.46315,49.46464],[10.46443,49.46633],[10.46646,49.46755],[10.46722,49.46709],[10.4701,49.46819],[10.47306,49.46848],[10.47914,49.46812],[10.48432,49.46983],[10.48929,49.47655],[10.49308,49.47657],[10.4987,49.47523],[10.50083,49.47564],[10.50391,49.47526],[10.5043,49.47839],[10.50576,49.47985],[10.50603,49.48112],[10.50438,49.4811],[10.50316,49.48236],[10.50704,49.48446],[10.50787,49.48378],[10.51193,49.48505],[10.51018,49.48595],[10.51045,49.48663],[10.51737,49.48537],[10.51777,49.48609],[10.52336,49.48459],[10.52945,49.48425],[10.53482,49.48375],[10.53318,49.48485],[10.53067,49.48758],[10.52983,49.48975],[10.52994,49.49123],[10.53509,49.48892],[10.53688,49.48898],[10.54014,49.48818],[10.5423,49.48661],[10.54281,49.48565],[10.5443,49.48537],[10.54478,49.48347],[10.54757,49.48372],[10.5472,49.48177],[10.54627,49.48083],[10.55198,49.4761],[10.55478,49.47629],[10.55598,49.47717],[10.5568,49.48068],[10.5585,49.48038],[10.5616,49.47915],[10.56189,49.4775],[10.56511,49.47741],[10.56544,49.4762],[10.56192,49.47517],[10.55925,49.47541],[10.55702,49.47455],[10.55606,49.47304],[10.55904,49.47189],[10.56335,49.47117],[10.56708,49.47177],[10.57125,49.4744],[10.57194,49.47505],[10.58046,49.47487],[10.58132,49.47399],[10.5856,49.4728],[10.58725,49.47309],[10.58739,49.47493],[10.58932,49.47498],[10.58912,49.47627],[10.58715,49.47887],[10.5909,49.48068],[10.59474,49.48148],[10.59644,49.48256],[10.59375,49.48271],[10.59179,49.48321],[10.59195,49.48447],[10.58784,49.48655],[10.59097,49.48825],[10.59519,49.48949],[10.59875,49.48812],[10.60461,49.48721],[10.60677,49.48599],[10.61122,49.48506],[10.61244,49.48375],[10.61086,49.48316],[10.61037,49.48125],[10.60735,49.48157],[10.60617,49.47957],[10.60519,49.47919],[10.60657,49.47615],[10.60681,49.47334],[10.60605,49.47296],[10.60704,49.47157],[10.60604,49.46988],[10.61043,49.46942],[10.615,49.47027],[10.61544,49.46948],[10.62345,49.4708],[10.6244,49.46957],[10.62691,49.4698],[10.63036,49.47074],[10.6309,49.46986],[10.63229,49.46962],[10.63313,49.46814],[10.63617,49.46923],[10.63682,49.47003],[10.63335,49.4715],[10.6342,49.47373],[10.6385,49.47233],[10.63783,49.47562],[10.63913,49.47542],[10.64023,49.47697],[10.64497,49.47643],[10.64468,49.47436],[10.64684,49.47401],[10.64568,49.47224],[10.64874,49.4715],[10.65013,49.47074],[10.65306,49.47071],[10.6533,49.46857],[10.65797,49.46861],[10.65836,49.47146],[10.66007,49.47129],[10.66399,49.46892],[10.66565,49.47193],[10.66679,49.47289],[10.67293,49.47238],[10.6762,49.47349],[10.67709,49.47446],[10.6787,49.47386],[10.67926,49.4757],[10.67804,49.47744],[10.6858,49.47769],[10.68811,49.47727],[10.69,49.47747],[10.6917,49.47816],[10.69038,49.47924],[10.68885,49.47963],[10.68918,49.48144],[10.68499,49.48201],[10.68293,49.48261],[10.6833,49.4887],[10.68394,49.48946],[10.68632,49.49035],[10.68652,49.49126],[10.68356,49.49203],[10.68037,49.49417],[10.68451,49.4964],[10.68546,49.49602],[10.68758,49.49724],[10.69167,49.49816],[10.69317,49.49664],[10.6947,49.49679],[10.69605,49.49927],[10.6988,49.49902],[10.69723,49.49669],[10.69838,49.4949],[10.70049,49.49506],[10.70522,49.49655],[10.70455,49.49825],[10.70722,49.49902],[10.70673,49.50006],[10.70835,49.50027],[10.70867,49.50387],[10.71333,49.50519],[10.71354,49.50611],[10.71205,49.50641],[10.7131,49.50832],[10.71327,49.51083],[10.71131,49.51135],[10.7106,49.51256],[10.71044,49.51434],[10.70722,49.51459],[10.70541,49.51532],[10.70153,49.51514],[10.69654,49.51521],[10.69655,49.51675],[10.68785,49.51685],[10.68381,49.51679],[10.68253,49.51839],[10.67516,49.51691],[10.67443,49.51797],[10.67022,49.51822],[10.66875,49.51958],[10.66826,49.52091],[10.66511,49.52312],[10.66451,49.52488],[10.67007,49.52702],[10.67145,49.52906],[10.67488,49.53091],[10.67786,49.53197],[10.6776,49.5327],[10.66737,49.53239],[10.66785,49.53135],[10.67099,49.53059],[10.66802,49.52852],[10.66479,49.5269],[10.65915,49.52923],[10.66184,49.53152],[10.66066,49.53208],[10.66014,49.53316],[10.65847,49.53414],[10.65976,49.53537],[10.65647,49.53903],[10.65731,49.54113],[10.65391,49.54273],[10.64661,49.54235],[10.64723,49.5404],[10.64413,49.53898],[10.6416,49.53909],[10.64118,49.53836],[10.64217,49.53738],[10.64004,49.53641],[10.63829,49.53484],[10.6363,49.53491],[10.63383,49.53617],[10.63186,49.53259],[10.62891,49.53445],[10.62561,49.53346],[10.62268,49.53286],[10.6174,49.53297],[10.61701,49.53194],[10.61405,49.5322],[10.61121,49.53304],[10.60944,49.532],[10.60748,49.53139],[10.60791,49.52926],[10.60638,49.52842],[10.60118,49.52936],[10.60224,49.53129],[10.60022,49.53202],[10.60029,49.53445],[10.60378,49.53664],[10.6035,49.53917],[10.60503,49.53934],[10.60653,49.54228],[10.6072,49.54593],[10.61135,49.54657],[10.61129,49.54718],[10.60743,49.5489],[10.606,49.54602],[10.60104,49.54624],[10.60086,49.5471],[10.59642,49.54726],[10.59476,49.54801],[10.59411,49.55013],[10.59046,49.55046],[10.59035,49.55131],[10.58293,49.55091],[10.57891,49.54894],[10.57791,49.55059],[10.57518,49.55061],[10.57478,49.5543],[10.57223,49.55583],[10.57112,49.55777],[10.56987,49.55485],[10.56381,49.55834],[10.56575,49.55923],[10.56145,49.56263],[10.56122,49.56373],[10.5621,49.56445],[10.56071,49.56576],[10.56188,49.56646],[10.55793,49.56921],[10.5547,49.5669],[10.55032,49.56545],[10.54765,49.56734],[10.5471,49.56641],[10.54425,49.5667],[10.54086,49.56514],[10.53752,49.56615],[10.53841,49.56695],[10.53678,49.56754],[10.53671,49.56527],[10.53617,49.56422],[10.53362,49.56495],[10.53263,49.56394],[10.52748,49.5662],[10.52631,49.56504],[10.52245,49.56804],[10.5162,49.56767],[10.51336,49.56841],[10.51281,49.57002],[10.50506,49.56772],[10.49877,49.56844],[10.49559,49.5694],[10.49238,49.57069],[10.48885,49.57117],[10.48304,49.57088],[10.48062,49.57008],[10.47948,49.57065],[10.47294,49.57014],[10.4742,49.56642],[10.47095,49.56617],[10.47135,49.56789],[10.47065,49.56965],[10.46755,49.56896],[10.46766,49.57062],[10.46641,49.57262],[10.46488,49.57298],[10.46504,49.5748],[10.46245,49.57467],[10.46155,49.57634],[10.46094,49.57858],[10.46383,49.57934],[10.46494,49.58128],[10.46467,49.58695],[10.46557,49.58798],[10.46873,49.58827],[10.46884,49.58965],[10.47008,49.59126],[10.47275,49.59161],[10.47416,49.59357],[10.47793,49.59445],[10.48096,49.59442],[10.48608,49.59674],[10.48747,49.59834],[10.49046,49.60056],[10.49405,49.60084],[10.49989,49.60016],[10.49972,49.60159],[10.50336,49.60261],[10.50228,49.60591],[10.4992,49.60516],[10.50037,49.60673],[10.49801,49.61001],[10.49963,49.61033],[10.49989,49.61202],[10.50147,49.61233],[10.50062,49.61375],[10.50109,49.61566],[10.49849,49.6171],[10.49863,49.61847],[10.49542,49.61868],[10.49546,49.61937],[10.49862,49.61917],[10.49864,49.62076],[10.49777,49.62179],[10.49956,49.62336],[10.49769,49.62527],[10.49454,49.6265],[10.49086,49.62678],[10.48688,49.62955],[10.48681,49.63084],[10.47186,49.63059],[10.47,49.63133],[10.46507,49.62816],[10.46233,49.62864],[10.45889,49.63056],[10.45743,49.628],[10.45393,49.62614],[10.45415,49.62751],[10.45282,49.62773],[10.45333,49.62901],[10.45106,49.62942],[10.45564,49.63173],[10.45258,49.63292],[10.44176,49.6329],[10.4371,49.63431],[10.4148,49.63312],[10.40795,49.63338],[10.40573,49.6331],[10.40148,49.63333],[10.39672,49.63394],[10.39179,49.63404],[10.38955,49.63385],[10.38801,49.63426],[10.385,49.63627],[10.38493,49.6372],[10.38346,49.6387],[10.38173,49.64191],[10.3822,49.64353],[10.38041,49.64633],[10.38003,49.64895],[10.37918,49.65045],[10.37628,49.65193],[10.37202,49.65617],[10.37022,49.65711],[10.3692,49.65885],[10.36765,49.66056],[10.36619,49.66153],[10.36836,49.66357],[10.36378,49.66451],[10.36284,49.66588],[10.36494,49.66717],[10.36817,49.66705],[10.36917,49.66798],[10.36797,49.66927],[10.36763,49.67068],[10.36802,49.67201],[10.36556,49.67427],[10.36186,49.6769],[10.35911,49.67649],[10.35856,49.67801],[10.36016,49.68093],[10.36277,49.68092],[10.36302,49.67964],[10.36754,49.68112],[10.36794,49.682],[10.36684,49.68319],[10.36776,49.68384],[10.36795,49.68635],[10.37345,49.68688],[10.37331,49.68855],[10.37554,49.68931],[10.37775,49.68801],[10.37547,49.6859],[10.37542,49.68455],[10.37999,49.68518],[10.38272,49.68533],[10.38509,49.68501],[10.38718,49.68806],[10.38675,49.6888],[10.38717,49.69083],[10.38365,49.69082],[10.381,49.69182],[10.38273,49.6926],[10.3827,49.69404],[10.37774,49.69198],[10.37627,49.69091],[10.37544,49.69174],[10.37286,49.69074],[10.36622,49.69008],[10.36494,49.69326],[10.36291,49.69304],[10.36339,49.69121],[10.36193,49.69101],[10.35895,49.6924],[10.35807,49.69315],[10.35388,49.693],[10.35359,49.69388],[10.35591,49.694],[10.35564,49.69496],[10.35296,49.69504],[10.3457,49.69484],[10.34103,49.69563],[10.33938,49.69781],[10.33695,49.69824],[10.33637,49.69745],[10.33295,49.69831],[10.33601,49.69988],[10.33891,49.70286],[10.33867,49.70416],[10.3421,49.7045],[10.34358,49.70034],[10.34828,49.70085],[10.35098,49.69971],[10.35257,49.69997],[10.35357,49.70086],[10.35048,49.70218],[10.35238,49.70288],[10.35152,49.70361],[10.35541,49.70491],[10.35433,49.70617],[10.3578,49.70685],[10.36093,49.70837],[10.36468,49.70948],[10.37028,49.71149],[10.37148,49.71385],[10.37248,49.71355],[10.37404,49.71674],[10.37234,49.71833],[10.37306,49.71988],[10.37472,49.72136],[10.37519,49.7224],[10.37677,49.72309],[10.3867,49.72663],[10.3888,49.72791],[10.39285,49.72954],[10.39425,49.73171],[10.39768,49.73272],[10.39931,49.73523],[10.40117,49.73476],[10.40374,49.73516],[10.40735,49.73643],[10.4081,49.73868],[10.40995,49.74037],[10.4121,49.74167],[10.41033,49.74223],[10.41197,49.74331],[10.41696,49.74122],[10.41869,49.74196],[10.41998,49.74497],[10.42174,49.7451],[10.42085,49.74267],[10.41953,49.74027],[10.41787,49.73445],[10.41637,49.7325],[10.41624,49.73133],[10.41763,49.73089],[10.41829,49.73197],[10.42237,49.73139],[10.42286,49.73256],[10.42203,49.73435],[10.42536,49.73786],[10.42755,49.73795],[10.42783,49.74147],[10.43059,49.74251],[10.43053,49.7443],[10.43483,49.74664],[10.4355,49.75004],[10.43642,49.75139],[10.4331,49.75217],[10.4222,49.75441],[10.4229,49.75994],[10.42919,49.76531],[10.42844,49.7673],[10.43076,49.76759],[10.43063,49.76946],[10.43195,49.77001],[10.43159,49.77132],[10.42602,49.77135],[10.42442,49.7716],[10.42185,49.77277],[10.42008,49.77517],[10.42644,49.77844],[10.42805,49.77891],[10.42874,49.78248],[10.41969,49.79031],[10.42263,49.79237],[10.42254,49.7961],[10.42679,49.79847],[10.42692,49.79918],[10.42952,49.79999],[10.43209,49.79944],[10.43314,49.80041],[10.43342,49.80154],[10.43256,49.80216],[10.42957,49.80281],[10.43341,49.80543],[10.43972,49.80645],[10.44093,49.80901],[10.43979,49.80973],[10.43794,49.80973],[10.43677,49.81055],[10.43697,49.81496],[10.44056,49.81878],[10.44074,49.81972],[10.44392,49.82119],[10.44415,49.82257],[10.44641,49.82326],[10.44776,49.8214],[10.44896,49.82218],[10.44794,49.82346],[10.45244,49.82783],[10.4548,49.83148],[10.45373,49.83215],[10.45873,49.83421],[10.45771,49.835],[10.46109,49.83542],[10.462,49.83599],[10.45948,49.83672],[10.45643,49.8381],[10.45542,49.83946],[10.44918,49.84131],[10.44861,49.84226],[10.44513,49.84347],[10.44392,49.84356],[10.44288,49.84209],[10.44065,49.84276],[10.44104,49.84458],[10.43991,49.84496],[10.44048,49.84612],[10.44186,49.8462],[10.44699,49.8482],[10.44756,49.84882],[10.44444,49.84918],[10.44805,49.85415],[10.44926,49.85554],[10.44978,49.85851],[10.45051,49.85979],[10.45176,49.86319],[10.45188,49.8648],[10.45274,49.86799],[10.45362,49.86854],[10.45264,49.87084],[10.45295,49.87218],[10.45094,49.87155],[10.44719,49.87124],[10.44812,49.87478],[10.44686,49.87483],[10.44595,49.87257],[10.44332,49.8722],[10.43987,49.87578],[10.43727,49.87674],[10.43729,49.87836],[10.43342,49.8787],[10.43154,49.87794],[10.43403,49.87559],[10.43146,49.87567],[10.42966,49.87436],[10.42822,49.87476],[10.42701,49.87364],[10.42579,49.87397],[10.42447,49.87318],[10.4237,49.87192],[10.41655,49.87292],[10.41781,49.87435],[10.41949,49.87832],[10.42148,49.87932],[10.42015,49.88185],[10.4166,49.88103],[10.41735,49.88339],[10.41508,49.88226],[10.41517,49.88106],[10.41194,49.87949],[10.40735,49.87899],[10.4074,49.87994],[10.40524,49.88043],[10.40684,49.88296],[10.41037,49.88278],[10.41311,49.88372],[10.41327,49.88505],[10.41172,49.88491],[10.41297,49.88682],[10.4118,49.88735],[10.41064,49.88631],[10.41015,49.88405],[10.40767,49.88364],[10.40534,49.8839],[10.40469,49.8848],[10.40178,49.88395],[10.40137,49.88439],[10.40336,49.88561],[10.40505,49.88609],[10.40595,49.88695],[10.40839,49.88823],[10.40954,49.891],[10.41266,49.89336],[10.41444,49.897],[10.41913,49.89787],[10.41994,49.8992],[10.42305,49.89852],[10.425,49.89695],[10.42766,49.8968],[10.43138,49.89747],[10.43249,49.89828],[10.43587,49.89866],[10.43421,49.89654],[10.43453,49.89496],[10.43393,49.8944],[10.43123,49.89409],[10.43201,49.89328],[10.43434,49.8936],[10.43595,49.89441],[10.44042,49.89467],[10.44231,49.89531],[10.44393,49.8971],[10.44266,49.89852],[10.44405,49.90002],[10.44077,49.90183],[10.44077,49.90276],[10.446,49.90102],[10.44771,49.9012],[10.44821,49.90264],[10.44744,49.90441],[10.44901,49.90648],[10.45062,49.90633],[10.45156,49.90763],[10.452,49.91132],[10.456,49.91139],[10.45591,49.91001],[10.46043,49.9114],[10.46358,49.90983],[10.46528,49.91042],[10.46666,49.90846],[10.47242,49.90845],[10.47672,49.90921],[10.47651,49.90964],[10.47257,49.90973],[10.46913,49.9094],[10.46977,49.91047],[10.46719,49.91166],[10.46759,49.91232],[10.46635,49.91394],[10.46403,49.91359],[10.46351,49.91504],[10.46862,49.91617],[10.47126,49.9162],[10.46996,49.9179],[10.4711,49.91835],[10.4728,49.91776],[10.4732,49.91896],[10.47623,49.91804],[10.47631,49.91894],[10.48081,49.91935],[10.48131,49.92036],[10.4774,49.91959],[10.47365,49.92097],[10.46803,49.92038],[10.46697,49.92165],[10.46784,49.92311],[10.46335,49.92175],[10.46476,49.92068],[10.46256,49.91945],[10.46176,49.9183],[10.45714,49.91788],[10.46004,49.91969],[10.45917,49.92103],[10.45938,49.9229],[10.46172,49.92477],[10.46366,49.92695],[10.46248,49.92767],[10.46052,49.9255],[10.45821,49.92342],[10.45479,49.92568],[10.45759,49.92721],[10.45921,49.92699],[10.461,49.92793],[10.4623,49.92922],[10.45993,49.9306],[10.4595,49.92846],[10.45302,49.93006],[10.45058,49.92937],[10.44715,49.92928],[10.44489,49.92989],[10.44036,49.93214],[10.44069,49.93363],[10.4449,49.93339],[10.44472,49.93172],[10.4466,49.93213],[10.44723,49.93433],[10.45278,49.93364],[10.44901,49.93981],[10.45009,49.94157],[10.44651,49.94192],[10.44072,49.94462],[10.44368,49.94459],[10.4437,49.94599],[10.4408,49.94555],[10.43892,49.94679],[10.43921,49.94766],[10.43426,49.94967],[10.43628,49.9503],[10.43862,49.95023],[10.44033,49.95214],[10.44315,49.95285],[10.44389,49.95349],[10.44839,49.95425],[10.45009,49.95422],[10.45235,49.95613],[10.45066,49.95703],[10.45426,49.9575],[10.45546,49.95721],[10.45602,49.95335],[10.45698,49.95266],[10.45744,49.95521],[10.45945,49.95442],[10.46374,49.95456],[10.4646,49.95296],[10.46589,49.95209],[10.46522,49.95088],[10.46612,49.9471],[10.46998,49.94568],[10.47637,49.9408],[10.47962,49.93947],[10.49024,49.93927],[10.49562,49.93787],[10.50237,49.93558],[10.51416,49.93243],[10.51901,49.93234],[10.52204,49.93095],[10.52647,49.92978],[10.52864,49.931],[10.53508,49.93236],[10.53841,49.93254],[10.54076,49.93423],[10.54399,49.93716],[10.54285,49.938],[10.54621,49.93934],[10.54918,49.93972],[10.55113,49.94047],[10.5521,49.94216],[10.5538,49.94341],[10.55701,49.94732],[10.563,49.94984],[10.56821,49.95092],[10.57104,49.95048],[10.57237,49.94945],[10.57409,49.94905],[10.57775,49.94983],[10.58203,49.95021],[10.58248,49.95154],[10.58107,49.95398],[10.58171,49.95602],[10.58477,49.9558],[10.58618,49.95659],[10.58876,49.95589],[10.59161,49.95586],[10.59127,49.95751],[10.59203,49.95875],[10.59381,49.95903],[10.59615,49.9613],[10.60053,49.96064],[10.60717,49.96172],[10.61009,49.96058],[10.6098,49.9599],[10.60702,49.95881],[10.61032,49.95593],[10.61155,49.95278],[10.61314,49.95149],[10.61796,49.95066],[10.6239,49.94817],[10.62663,49.94672],[10.62895,49.94634],[10.63294,49.94471],[10.63585,49.94435],[10.64157,49.94492],[10.6454,49.94562],[10.64854,49.94495],[10.65174,49.94485],[10.65682,49.94435],[10.65909,49.94351],[10.66426,49.94119],[10.66655,49.94074],[10.66771,49.94114],[10.66957,49.93928],[10.67045,49.93611],[10.6714,49.93534],[10.67906,49.93078],[10.68661,49.9284],[10.69509,49.92704],[10.70088,49.92745],[10.70521,49.92566],[10.70718,49.92435],[10.71197,49.92183],[10.7142,49.92311],[10.71798,49.92114],[10.71895,49.91907],[10.72397,49.91627],[10.72717,49.91488],[10.7349,49.9105],[10.73845,49.90944],[10.73956,49.90817],[10.74567,49.90652],[10.74792,49.90527],[10.75351,49.90429],[10.75589,49.90331],[10.75654,49.90463],[10.7628,49.90547],[10.76262,49.90677],[10.76385,49.90703],[10.76372,49.91066],[10.7666,49.91273],[10.76856,49.91156],[10.77386,49.91069],[10.77782,49.90976],[10.78051,49.91035],[10.78113,49.90968],[10.78339,49.91036],[10.78682,49.91071],[10.78808,49.91161],[10.78771,49.91261],[10.78937,49.91301],[10.78923,49.9139],[10.79274,49.91446],[10.79341,49.91562],[10.79648,49.9174],[10.79767,49.9189],[10.79918,49.91868],[10.80194,49.92251],[10.8009,49.92347],[10.80471,49.92385],[10.80891,49.92321],[10.80912,49.9221],[10.81406,49.92003],[10.81628,49.91886],[10.81691,49.91982],[10.81899,49.91937],[10.81958,49.91853],[10.82184,49.91818],[10.82565,49.91605],[10.83032,49.9171],[10.83249,49.91637],[10.83285,49.91462],[10.83009,49.91463],[10.83809,49.91106],[10.84052,49.91025],[10.84736,49.90842],[10.84598,49.90646],[10.84364,49.90417],[10.84016,49.9045],[10.8396,49.90288],[10.83604,49.90272],[10.83271,49.90164],[10.82968,49.89974],[10.82771,49.89937],[10.82642,49.89844],[10.82835,49.89439],[10.82956,49.89462],[10.83118,49.89269],[10.83359,49.89338],[10.8357,49.89322],[10.83598,49.89099],[10.8346,49.89003],[10.83669,49.88682],[10.83297,49.88588],[10.83307,49.88112],[10.83577,49.88051],[10.83706,49.88145],[10.83622,49.88267],[10.83959,49.88395],[10.84401,49.88262],[10.83842,49.87942],[10.83959,49.87737],[10.83842,49.87529],[10.84281,49.87562],[10.84569,49.87544],[10.84496,49.87327],[10.85038,49.87629],[10.8551,49.87416],[10.85442,49.87204],[10.85569,49.87135],[10.85923,49.87134],[10.85811,49.86934],[10.86035,49.86855],[10.86397,49.86854],[10.86657,49.86816],[10.86797,49.86698],[10.8663,49.86518],[10.86648,49.86422],[10.86879,49.86379],[10.86987,49.8647],[10.87261,49.86401],[10.87478,49.86288],[10.87706,49.8612],[10.87853,49.85969],[10.88445,49.86121],[10.88601,49.86133],[10.88152,49.85852],[10.88174,49.8565],[10.88306,49.85567],[10.88578,49.85661],[10.88685,49.85627],[10.88721,49.85471],[10.89459,49.85196],[10.90066,49.85187],[10.90137,49.85139],[10.90069,49.84903],[10.90431,49.84946],[10.91084,49.84683],[10.91348,49.84652],[10.9265,49.84247],[10.92915,49.84315],[10.92703,49.84603],[10.92855,49.84651],[10.93001,49.8477],[10.92838,49.85081],[10.93728,49.85445],[10.94226,49.85454],[10.94252,49.85348],[10.94528,49.85392],[10.94483,49.85491],[10.94671,49.85582],[10.95114,49.85599],[10.95245,49.85496],[10.95445,49.85245],[10.95778,49.85002],[10.96,49.84959],[10.95064,49.86211],[10.95098,49.86552],[10.9495,49.86745],[10.94754,49.86842],[10.94759,49.87039],[10.94691,49.87119],[10.94892,49.87257],[10.95227,49.87537],[10.95285,49.87625],[10.95281,49.87826],[10.95111,49.88083],[10.95205,49.8875],[10.95209,49.89129],[10.95117,49.89599],[10.95056,49.8979],[10.94793,49.90419],[10.94703,49.906],[10.94361,49.91091],[10.94067,49.91436],[10.9381,49.91664],[10.93437,49.91938],[10.93143,49.92116],[10.92969,49.92259],[10.92581,49.92507],[10.91931,49.92478],[10.91655,49.92702],[10.91347,49.92544],[10.9072,49.92285],[10.90039,49.92115],[10.89347,49.92075],[10.88641,49.92066],[10.88611,49.91932],[10.88457,49.91876],[10.88145,49.91642],[10.87881,49.91558],[10.87976,49.91466],[10.87601,49.91304],[10.87405,49.91499],[10.868,49.91241],[10.8666,49.91266],[10.86282,49.91449],[10.86018,49.91477],[10.85903,49.91644],[10.85429,49.91609],[10.84803,49.91597],[10.84195,49.91685],[10.83779,49.91543],[10.83542,49.91625],[10.83452,49.91747],[10.83627,49.91817],[10.83204,49.9191],[10.83105,49.92088],[10.83305,49.92251],[10.83587,49.92148],[10.83782,49.92143],[10.8379,49.92283],[10.83903,49.92495],[10.83785,49.9251],[10.8373,49.92673],[10.83772,49.92854],[10.84162,49.93356],[10.844,49.93457],[10.8428,49.93613],[10.84359,49.93842],[10.84157,49.93967],[10.8454,49.94131],[10.84613,49.94233],[10.8453,49.94426],[10.84616,49.94557],[10.84611,49.9466],[10.84454,49.94952],[10.841,49.95023],[10.83721,49.94876],[10.83525,49.94741],[10.83213,49.94707],[10.82958,49.94971],[10.83229,49.94993],[10.83199,49.9517],[10.83785,49.95417],[10.83629,49.95635],[10.83545,49.95507],[10.83394,49.9546],[10.83276,49.95591],[10.83054,49.9559],[10.82871,49.95356],[10.82736,49.95384],[10.825,49.95341],[10.82264,49.95489],[10.82646,49.95658],[10.82039,49.95775],[10.81865,49.96025],[10.82092,49.96207],[10.81664,49.96256],[10.81543,49.96465],[10.81256,49.96531],[10.81131,49.96373],[10.8062,49.96266],[10.8059,49.9607],[10.80156,49.96015],[10.79934,49.96058],[10.79443,49.96064],[10.79324,49.95992],[10.79334,49.95848],[10.78305,49.95834],[10.78064,49.95913],[10.77474,49.96289],[10.7693,49.96328],[10.76505,49.9632],[10.76369,49.96537],[10.76263,49.96612],[10.76112,49.96824],[10.75856,49.9692],[10.75784,49.96841],[10.75769,49.96569],[10.75624,49.9657],[10.7559,49.96422],[10.75429,49.96397],[10.75451,49.96228],[10.75079,49.96192],[10.74522,49.96193],[10.7441,49.96123],[10.74168,49.96129],[10.73986,49.9624],[10.73739,49.962],[10.73146,49.96216],[10.72747,49.96122],[10.72889,49.96075],[10.72734,49.95964],[10.72439,49.95874],[10.72303,49.95702],[10.72099,49.95629],[10.72308,49.95516],[10.72048,49.95376],[10.71879,49.95441],[10.71707,49.95576],[10.71623,49.95742],[10.71664,49.95927],[10.71795,49.96252],[10.71723,49.96424],[10.71576,49.9653],[10.7108,49.96676],[10.70487,49.96628],[10.70216,49.96788],[10.7029,49.96858],[10.70092,49.97108],[10.70122,49.97434],[10.7006,49.97565],[10.69807,49.97648],[10.69861,49.97736],[10.70323,49.97667],[10.70445,49.97831],[10.70371,49.97922],[10.70372,49.98114],[10.7047,49.98411],[10.70135,49.98502],[10.70139,49.98637],[10.70249,49.98744],[10.70127,49.98866],[10.70373,49.98904],[10.70613,49.98857],[10.71025,49.98685],[10.7149,49.98721],[10.71741,49.9863],[10.71788,49.98877],[10.71939,49.98934],[10.721,49.98842],[10.72316,49.98803],[10.72466,49.98844],[10.72931,49.98912],[10.73384,49.98929],[10.73367,49.99033],[10.73504,49.9913],[10.73868,49.99262],[10.74065,49.99171],[10.74944,49.99353],[10.75097,49.99286],[10.75669,49.99472],[10.75809,49.99589],[10.7587,49.9971],[10.76039,49.99805],[10.76296,49.9988],[10.76259,49.99954],[10.76483,50.00042],[10.76392,50.00223],[10.76396,50.00385],[10.76585,50.00718],[10.76668,50.00977],[10.76578,50.01103],[10.76525,50.01342],[10.76393,50.01397],[10.75968,50.01315],[10.75605,50.01383],[10.75449,50.0138],[10.75314,50.01279],[10.75055,50.0117],[10.75052,50.0097],[10.74662,50.00867],[10.7434,50.00856],[10.74056,50.00895],[10.73687,50.00758],[10.73318,50.00734],[10.73206,50.00616],[10.72952,50.00503],[10.72803,50.00722],[10.72647,50.01188],[10.72403,50.012],[10.72089,50.00998],[10.71963,50.00665],[10.70941,50.00597],[10.70686,50.00668],[10.7021,50.00617],[10.69969,50.00565],[10.69151,50.00444],[10.68879,50.0059],[10.68404,50.0073],[10.68214,50.00616],[10.67898,50.00673],[10.67901,50.00771],[10.6803,50.00921],[10.67897,50.01097],[10.67554,50.01314],[10.67525,50.01373],[10.67617,50.01599],[10.67356,50.01653],[10.66354,50.02224],[10.67243,50.02552],[10.66943,50.02766],[10.66835,50.03045],[10.66839,50.03205],[10.66644,50.03368],[10.66627,50.03589],[10.66455,50.03672],[10.6639,50.03844],[10.66122,50.03789],[10.65971,50.04044],[10.66259,50.04106],[10.66367,50.04236],[10.66582,50.04231],[10.66843,50.04315],[10.67025,50.04426],[10.67302,50.04482],[10.67732,50.04679],[10.68079,50.04776],[10.68358,50.04808],[10.68364,50.0494],[10.68192,50.0511],[10.6813,50.0537],[10.68299,50.05411],[10.6826,50.05514],[10.68326,50.05604],[10.68379,50.05833],[10.68896,50.06273],[10.68616,50.06874],[10.68357,50.06973],[10.68137,50.07119],[10.67936,50.06937],[10.67702,50.07103],[10.67794,50.07191],[10.67481,50.07272],[10.67236,50.0729],[10.67213,50.07355],[10.66577,50.07366],[10.66396,50.07581],[10.66216,50.07679],[10.6628,50.07851],[10.66118,50.07924],[10.65556,50.07691],[10.65323,50.07839],[10.64516,50.08101],[10.63149,50.0838],[10.62343,50.08644],[10.61549,50.08714],[10.60897,50.09067],[10.603,50.09208],[10.60212,50.09307],[10.60043,50.09384],[10.59894,50.09576],[10.59694,50.09618],[10.59596,50.09742],[10.59198,50.09778],[10.58952,50.09926],[10.5875,50.10148],[10.58596,50.10214],[10.58413,50.10455],[10.57914,50.10649],[10.57778,50.10789],[10.57646,50.11165],[10.57799,50.11463],[10.56846,50.11185],[10.56573,50.11248],[10.56375,50.11398],[10.55548,50.1144],[10.55226,50.11566],[10.5495,50.11499],[10.54885,50.11242],[10.54952,50.11064],[10.54434,50.11086],[10.54073,50.11042],[10.53982,50.10848],[10.53893,50.10788],[10.5364,50.10773],[10.53636,50.10679],[10.5321,50.1044],[10.5309,50.10528],[10.5266,50.10301],[10.5256,50.10374],[10.52334,50.1027],[10.5257,50.10107],[10.52336,50.09958],[10.52446,50.09891],[10.52111,50.09749],[10.52235,50.09591],[10.52481,50.09668],[10.52657,50.09228],[10.5204,50.09242],[10.51985,50.09416],[10.51501,50.09461],[10.50873,50.09336],[10.50828,50.09533],[10.5062,50.09512],[10.5061,50.09645],[10.50145,50.0957],[10.50074,50.09752],[10.4982,50.09677],[10.49862,50.09515],[10.49695,50.09469],[10.49745,50.09255],[10.49403,50.09124],[10.49143,50.09078],[10.49122,50.08811],[10.48989,50.08781],[10.48941,50.08688],[10.48635,50.08595],[10.48358,50.08569],[10.48328,50.08504],[10.47512,50.08298],[10.47627,50.08131],[10.47364,50.08118],[10.46968,50.08033],[10.46686,50.08039],[10.46039,50.07848],[10.45937,50.08028],[10.45638,50.07946],[10.45357,50.07921],[10.45288,50.0775],[10.44908,50.07885],[10.44538,50.08213],[10.43993,50.08212],[10.43712,50.08461],[10.42498,50.08467],[10.42646,50.08331],[10.4213,50.08441],[10.41875,50.08401],[10.4146,50.08584],[10.41306,50.08758],[10.4109,50.08703],[10.40932,50.08581],[10.40504,50.08559],[10.40263,50.08766],[10.40082,50.0883],[10.39741,50.088],[10.39731,50.09123],[10.39574,50.09203],[10.38405,50.09171],[10.38316,50.08974],[10.37938,50.09078],[10.37774,50.09249],[10.38006,50.0931],[10.37911,50.1027],[10.38661,50.10326],[10.38641,50.10476],[10.3937,50.10494],[10.39403,50.1074],[10.39596,50.10744],[10.39782,50.11079],[10.40111,50.11265],[10.4015,50.11398],[10.40363,50.11592],[10.40456,50.12013],[10.40651,50.12042],[10.40658,50.12139],[10.40574,50.12588],[10.409,50.12597],[10.41157,50.1249],[10.41838,50.12581],[10.41884,50.12782],[10.42073,50.12753],[10.42238,50.1278],[10.42561,50.12754],[10.42556,50.12841],[10.42785,50.13028],[10.42826,50.13261],[10.42938,50.13471],[10.4321,50.13433],[10.43522,50.13439],[10.44168,50.13627],[10.44357,50.13546],[10.44447,50.13425],[10.44461,50.13295],[10.44366,50.13183],[10.44415,50.13081],[10.4469,50.13117],[10.4479,50.13006],[10.45237,50.13241],[10.45373,50.13112],[10.45262,50.13047],[10.45922,50.12635],[10.46192,50.12696],[10.46308,50.12788],[10.46511,50.12689],[10.46664,50.12516],[10.47566,50.12536],[10.47775,50.12141],[10.47905,50.12115],[10.48076,50.12161],[10.48001,50.12469],[10.48199,50.12525],[10.48092,50.12646],[10.48278,50.12801],[10.48229,50.13247],[10.48112,50.13238],[10.48026,50.13513],[10.48148,50.13522],[10.48099,50.1372],[10.48376,50.13734],[10.48335,50.13972],[10.48457,50.13977],[10.48372,50.14229],[10.4845,50.14534],[10.48419,50.1473],[10.49475,50.15162],[10.4963,50.14968],[10.49889,50.15083],[10.49692,50.15268],[10.49625,50.1538],[10.49905,50.15446],[10.49798,50.15676],[10.50055,50.15815],[10.50139,50.16009],[10.50265,50.16098],[10.50298,50.16248],[10.50291,50.16561],[10.50468,50.16703],[10.50447,50.16841],[10.50588,50.1706],[10.50836,50.17122],[10.50951,50.17272],[10.51259,50.17439],[10.51485,50.17498],[10.51614,50.17618],[10.51404,50.17808],[10.50418,50.17904],[10.50301,50.1795],[10.4928,50.18495],[10.48613,50.18741],[10.46368,50.19372],[10.45184,50.20109],[10.44947,50.20004],[10.45226,50.19638],[10.45054,50.19671],[10.44766,50.19558],[10.44775,50.19429],[10.4466,50.19267],[10.44429,50.19135],[10.44076,50.1887],[10.4381,50.18578],[10.43892,50.1829],[10.43869,50.17918],[10.44142,50.17919],[10.44119,50.17562],[10.43847,50.17515],[10.43951,50.17408],[10.43373,50.17336],[10.43255,50.16881],[10.42992,50.16857],[10.4304,50.16669],[10.42814,50.16638],[10.42896,50.16347],[10.42725,50.1633],[10.42322,50.16065],[10.42371,50.15967],[10.42345,50.15705],[10.42211,50.15673],[10.42253,50.15538],[10.41578,50.15347],[10.41602,50.15221],[10.41352,50.15121],[10.41003,50.14744],[10.40996,50.14655],[10.40706,50.14612],[10.40517,50.14538],[10.40355,50.14532],[10.40018,50.1415],[10.39699,50.1413],[10.39331,50.14154],[10.39297,50.14039],[10.3947,50.13874],[10.39219,50.13801],[10.38688,50.1376],[10.3828,50.13857],[10.38196,50.13768],[10.37992,50.13781],[10.38045,50.13915],[10.37662,50.13931],[10.37394,50.13854],[10.37293,50.13726],[10.37258,50.13512],[10.36817,50.13384],[10.36491,50.13311],[10.36475,50.13444],[10.36329,50.13572],[10.36153,50.13964],[10.35864,50.14163],[10.3563,50.14004],[10.35479,50.13807],[10.35268,50.13635],[10.34633,50.13161],[10.34295,50.12888],[10.34308,50.12696],[10.34041,50.12636],[10.34057,50.12521],[10.34327,50.12562],[10.34443,50.12217],[10.33969,50.12026],[10.34188,50.11848],[10.33361,50.11674],[10.33809,50.11223],[10.34062,50.11026],[10.34174,50.11054],[10.34621,50.1157],[10.34812,50.11491],[10.34509,50.11132],[10.34889,50.10881],[10.34324,50.10682],[10.34209,50.10526],[10.33764,50.10233],[10.33715,50.10281],[10.34049,50.10535],[10.33992,50.10615],[10.33209,50.10574],[10.33153,50.10383],[10.32837,50.09978],[10.33007,50.09891],[10.32802,50.09759],[10.32496,50.09663],[10.32357,50.09725],[10.32245,50.09676],[10.31939,50.09753],[10.31952,50.09874],[10.31562,50.09607],[10.31509,50.09474],[10.31032,50.09489],[10.30848,50.09466],[10.30489,50.09332],[10.30496,50.09128],[10.3,50.09161],[10.30036,50.08755],[10.29919,50.08541],[10.29753,50.08404],[10.29363,50.08361],[10.28825,50.08491],[10.28922,50.08319],[10.28734,50.08055],[10.28308,50.07913],[10.28553,50.07814],[10.28398,50.0767],[10.2856,50.07492],[10.28632,50.06751],[10.2838,50.06731],[10.27801,50.06932],[10.27865,50.07271],[10.27837,50.07537],[10.27793,50.07619],[10.27788,50.07934],[10.28105,50.07889],[10.28208,50.07987],[10.27786,50.08038],[10.27805,50.08289],[10.27209,50.08782],[10.26984,50.08658],[10.26801,50.08294],[10.26921,50.08094],[10.261,50.07905],[10.26028,50.07967],[10.26196,50.08086],[10.26301,50.08363],[10.25842,50.08528],[10.25878,50.08638],[10.2563,50.08692],[10.25674,50.08862],[10.25427,50.08782],[10.25018,50.08498],[10.24835,50.08321],[10.24712,50.08059],[10.24747,50.07893],[10.24952,50.07731],[10.24618,50.07726],[10.24192,50.07839],[10.23915,50.07846],[10.23739,50.07902],[10.23894,50.0829],[10.2378,50.0833],[10.23878,50.08538],[10.23655,50.08808],[10.23689,50.08882],[10.23872,50.08978],[10.23948,50.09106],[10.239,50.09276],[10.23604,50.09238],[10.23479,50.09484],[10.23391,50.09483],[10.2334,50.09333],[10.22864,50.0926],[10.22597,50.09286],[10.22386,50.09183],[10.22184,50.09135],[10.22259,50.08992],[10.22174,50.08911],[10.22267,50.08815],[10.22135,50.08685],[10.22526,50.08624],[10.22705,50.08626],[10.2297,50.08689],[10.22934,50.08476],[10.22598,50.08287],[10.22667,50.08037],[10.22812,50.07862],[10.22841,50.07643],[10.22698,50.07282],[10.22739,50.07132],[10.22624,50.0707],[10.2276,50.06935],[10.22597,50.06822],[10.22595,50.06661],[10.22411,50.06578],[10.21654,50.06718],[10.21076,50.06904],[10.20899,50.07043],[10.20545,50.07255],[10.20042,50.07159],[10.20091,50.0704],[10.19809,50.06999],[10.19812,50.06482],[10.19506,50.06472],[10.1949,50.06274],[10.1912,50.06256],[10.19156,50.06111],[10.18945,50.05884],[10.18978,50.05752],[10.18875,50.05638],[10.18944,50.05569],[10.18719,50.05453],[10.18617,50.05461],[10.18313,50.05574],[10.18033,50.05623],[10.17963,50.05422],[10.18028,50.05284],[10.1836,50.04911],[10.18741,50.04453],[10.18736,50.04264],[10.18564,50.04158],[10.18058,50.04191],[10.17852,50.04112],[10.17657,50.03828],[10.17643,50.03717],[10.17326,50.03539],[10.17295,50.03444],[10.17069,50.03315],[10.16964,50.03214],[10.16045,50.03028],[10.1578,50.02932],[10.15625,50.02791],[10.15438,50.02856],[10.1534,50.02773],[10.15233,50.02534],[10.15048,50.02386],[10.14822,50.02283],[10.14485,50.02082],[10.1402,50.02042],[10.13764,50.0196],[10.13976,50.02285],[10.1332,50.02564],[10.13496,50.02666],[10.13274,50.02701],[10.13085,50.02808],[10.13084,50.02872],[10.12118,50.03275],[10.11992,50.03598],[10.1148,50.0355],[10.11435,50.03773],[10.11153,50.03767],[10.109,50.03947],[10.10473,50.04074],[10.10522,50.0423],[10.10258,50.04211],[10.09976,50.04295],[10.09821,50.04165],[10.09494,50.04177],[10.09252,50.04379],[10.09236,50.04226],[10.08452,50.04129],[10.07569,50.04183],[10.06571,50.04063],[10.06394,50.04059],[10.06386,50.03654],[10.05921,50.03642],[10.05949,50.03465],[10.05274,50.03414],[10.05283,50.0328],[10.05006,50.03241],[10.05014,50.03151],[10.04462,50.03153],[10.0448,50.02967],[10.04348,50.02968],[10.04329,50.03191],[10.03955,50.03378],[10.03658,50.03687],[10.03327,50.03773],[10.02715,50.04059],[10.02549,50.04024],[10.02153,50.03795],[10.02053,50.03945],[10.01089,50.03664],[10.01085,50.03413],[10.00612,50.03278],[10.00129,50.03276],[10.00089,50.03379],[9.99366,50.0341],[9.99279,50.03603],[9.99051,50.03681],[9.98681,50.03759],[9.98712,50.04125],[9.9855,50.04113],[9.986,50.04668],[9.98431,50.04912],[9.9813,50.04973],[9.98111,50.05117],[9.9848,50.05252],[9.98487,50.05504],[9.98291,50.05469],[9.98072,50.05802],[9.97257,50.05555],[9.97222,50.05432],[9.96634,50.05624],[9.96572,50.05438],[9.96401,50.05472],[9.9645,50.05591],[9.96349,50.05624],[9.96526,50.05787],[9.95916,50.06213],[9.95714,50.06565],[9.95764,50.06913],[9.95932,50.07077],[9.96599,50.07249],[9.96847,50.07451],[9.96653,50.07687],[9.96647,50.07822],[9.96857,50.07918],[9.96756,50.08071],[9.96908,50.08138],[9.96959,50.08453],[9.97179,50.08444],[9.98222,50.08448],[9.98276,50.08474],[9.98271,50.08723],[9.98667,50.09013],[9.98601,50.09208],[9.98742,50.09229],[9.98876,50.09374],[9.98944,50.09643],[9.9924,50.09702],[9.99433,50.09647],[9.99996,50.09734],[10.00229,50.09696],[10.00207,50.0979],[10.00342,50.10004],[10.00497,50.10084],[10.00612,50.10382],[10.00911,50.10448],[10.01137,50.10578],[10.01277,50.10858],[10.01076,50.1096],[10.01044,50.11092],[10.01103,50.11256],[10.01352,50.11537],[10.01286,50.11764],[10.01184,50.11961],[10.01353,50.12098],[10.01074,50.12227],[10.00755,50.12564],[10.01475,50.13052],[10.01952,50.13709],[10.0242,50.13595],[10.02735,50.13974],[10.03117,50.14103],[10.03144,50.14187],[10.03568,50.14105],[10.03795,50.14103],[10.03781,50.14276],[10.04447,50.14322],[10.04686,50.1429],[10.0486,50.14406],[10.05052,50.14423],[10.05216,50.14272],[10.05189,50.14006],[10.05114,50.13744],[10.05178,50.13613],[10.05577,50.13184],[10.05707,50.13211],[10.06007,50.1283],[10.05986,50.12739],[10.0609,50.12534],[10.06258,50.12557],[10.06333,50.12438],[10.0623,50.12244],[10.06664,50.12027],[10.06832,50.1209],[10.0702,50.11991],[10.07635,50.11502],[10.07536,50.11266],[10.07678,50.11222],[10.07664,50.11013],[10.07499,50.10869],[10.07581,50.10713],[10.074,50.10637],[10.07612,50.10488],[10.08277,50.1055],[10.09022,50.10487],[10.09227,50.10536],[10.09434,50.10713],[10.09848,50.10995],[10.09861,50.11335],[10.09511,50.11709],[10.09559,50.11936],[10.09465,50.12311],[10.08994,50.12824],[10.09198,50.13114],[10.09127,50.13177],[10.09303,50.13426],[10.09198,50.13447],[10.09225,50.13652],[10.09455,50.13838],[10.09482,50.1392],[10.09729,50.14213],[10.09794,50.144],[10.09618,50.14417],[10.09439,50.14704],[10.08852,50.14767],[10.08888,50.14842],[10.08659,50.14874],[10.08488,50.15002],[10.08418,50.15114],[10.08378,50.15403],[10.08255,50.15521],[10.08007,50.15905],[10.07771,50.16115],[10.07497,50.16091],[10.0725,50.16216],[10.06961,50.16314],[10.06413,50.16262],[10.06516,50.16578],[10.06145,50.16744],[10.06241,50.16882],[10.06338,50.17156],[10.06217,50.17274],[10.06346,50.17401],[10.06348,50.1768],[10.06432,50.1782],[10.05938,50.17913],[10.05645,50.17887],[10.05367,50.17946],[10.05218,50.18017],[10.04851,50.18024],[10.04543,50.17982],[10.04265,50.18007],[10.04051,50.17966],[10.03765,50.17829],[10.03421,50.17488],[10.03749,50.16939],[10.03272,50.1675],[10.02586,50.16831],[10.02337,50.1641],[10.02416,50.16042],[10.02121,50.15948],[10.0218,50.15817],[10.02037,50.15559],[10.0176,50.15394],[10.01544,50.15471],[10.01382,50.15409],[10.01333,50.15511],[10.00769,50.15216],[10.00272,50.15211],[9.99814,50.15122],[9.99301,50.14904],[9.98634,50.15018],[9.98929,50.15506],[9.99098,50.15703],[9.99266,50.15845],[9.99147,50.15938],[9.98849,50.16003],[9.98537,50.16009],[9.97963,50.16174],[9.98419,50.16696],[9.98191,50.16964],[9.98066,50.17037],[9.97854,50.16807],[9.97609,50.16858],[9.97418,50.17005],[9.97188,50.17294],[9.97409,50.17556],[9.97356,50.17881],[9.97125,50.18009],[9.96849,50.17893],[9.9637,50.17518],[9.96214,50.17271],[9.96109,50.16999],[9.9584,50.16924],[9.95572,50.16697],[9.95207,50.16543],[9.95022,50.16532],[9.94791,50.16454],[9.94727,50.16819],[9.9459,50.16704],[9.93561,50.16282],[9.93006,50.16261],[9.9263,50.16371],[9.92241,50.16376],[9.92301,50.16502],[9.91839,50.16689],[9.91731,50.16851],[9.91853,50.16921],[9.91621,50.17075],[9.91175,50.1713],[9.90567,50.17155],[9.90115,50.17459],[9.90087,50.17686],[9.89907,50.17799],[9.89969,50.17937],[9.89767,50.18042],[9.89517,50.1794],[9.88669,50.17769],[9.88348,50.17777],[9.87968,50.18251],[9.87628,50.18235],[9.87467,50.18332],[9.87366,50.18232],[9.86905,50.18165],[9.86884,50.17471],[9.86622,50.17271],[9.86472,50.17365],[9.86183,50.17309],[9.86063,50.17447],[9.85919,50.17467],[9.85858,50.17634],[9.85821,50.17941],[9.85532,50.17897],[9.85178,50.17956],[9.8503,50.17935],[9.84906,50.181],[9.84499,50.17998],[9.84413,50.1785],[9.84721,50.17729],[9.84855,50.16959],[9.85307,50.17003],[9.85516,50.16596],[9.85036,50.16326],[9.85017,50.16163],[9.85196,50.16222],[9.85072,50.15866],[9.84943,50.15739],[9.85005,50.15623],[9.85007,50.15286],[9.84819,50.15224],[9.84804,50.15098],[9.84548,50.14897],[9.84352,50.14659],[9.84462,50.14411],[9.84349,50.14262],[9.83895,50.14014],[9.83625,50.14017],[9.83649,50.13942],[9.8329,50.13931],[9.8321,50.14039],[9.82862,50.13987],[9.8282,50.1408],[9.82665,50.14088],[9.82538,50.14161],[9.82351,50.14172],[9.81937,50.14632],[9.80775,50.15108],[9.8069,50.15114],[9.80411,50.15268],[9.80168,50.15161],[9.80414,50.14691],[9.80472,50.14492],[9.80126,50.14411],[9.7992,50.14296],[9.79947,50.14104],[9.79366,50.13903],[9.79244,50.13894],[9.78964,50.13994],[9.7846,50.13996],[9.7858,50.13884],[9.78616,50.13588],[9.7877,50.13246],[9.78896,50.13128],[9.78569,50.12991],[9.78533,50.12864],[9.78314,50.12739],[9.7785,50.12628],[9.78053,50.12406],[9.78118,50.11662],[9.78221,50.11506],[9.7814,50.11246],[9.78186,50.11041],[9.78543,50.11045],[9.78506,50.11328],[9.78602,50.11459],[9.78938,50.11549],[9.79564,50.11537],[9.79947,50.11479],[9.802,50.1148],[9.80074,50.11099],[9.80199,50.10935],[9.80101,50.10671],[9.79898,50.10612],[9.80214,50.10359],[9.80561,50.10148],[9.80618,50.09941],[9.80715,50.09833],[9.80408,50.0972],[9.80622,50.09249],[9.79517,50.09209],[9.78983,50.0938],[9.78815,50.09379],[9.78424,50.09645],[9.78503,50.09772],[9.77267,50.10292],[9.77004,50.10495],[9.76917,50.10647],[9.76915,50.10874],[9.76466,50.10909],[9.75765,50.11273],[9.75059,50.10954],[9.74629,50.10971],[9.74454,50.10869],[9.74492,50.10543],[9.74692,50.10283],[9.74896,50.10142],[9.74581,50.09836],[9.74416,50.09763],[9.74427,50.09355],[9.73932,50.08466],[9.73801,50.08341],[9.731,50.08139],[9.72693,50.08143],[9.72589,50.08176],[9.72632,50.08554],[9.72286,50.08567],[9.71801,50.08556],[9.71782,50.08606],[9.71442,50.08606],[9.713,50.08579],[9.71188,50.08399],[9.71319,50.08191],[9.70748,50.07971],[9.70664,50.07735],[9.70815,50.07442],[9.70672,50.07323],[9.70333,50.07276],[9.70402,50.07493],[9.70347,50.07758],[9.70245,50.0792],[9.7016,50.084],[9.69841,50.08539],[9.69417,50.08849],[9.68817,50.08534],[9.68489,50.08814],[9.68543,50.09069],[9.68731,50.09159],[9.68405,50.09296],[9.682,50.09423],[9.67247,50.0945],[9.66896,50.09231],[9.67016,50.09179],[9.66671,50.09083],[9.66762,50.08955],[9.66457,50.0891],[9.66367,50.08761],[9.65902,50.08817],[9.65611,50.08829],[9.65575,50.08705],[9.6533,50.08753],[9.65328,50.08675],[9.64608,50.08969],[9.64549,50.08923],[9.64765,50.08798],[9.64494,50.08627],[9.64482,50.08445],[9.64173,50.08357],[9.64116,50.08217],[9.63809,50.08138],[9.63901,50.0802],[9.63739,50.07643],[9.63837,50.07637],[9.64116,50.07404],[9.64287,50.07391],[9.64709,50.0743],[9.64798,50.07351],[9.6465,50.07211],[9.64322,50.07179],[9.63113,50.06774],[9.62628,50.0624],[9.62652,50.06066],[9.62493,50.06059],[9.62066,50.05956],[9.61408,50.05985],[9.6074,50.05945],[9.60516,50.06009],[9.60009,50.0583],[9.59641,50.05645],[9.59268,50.05577],[9.58824,50.05701],[9.58775,50.05638],[9.58463,50.05572],[9.58181,50.05404],[9.57972,50.05407],[9.57736,50.05464],[9.57797,50.05603],[9.58208,50.05676],[9.57699,50.05767],[9.57325,50.06071],[9.57253,50.0635],[9.57441,50.06603],[9.57032,50.06495],[9.57052,50.06255],[9.56548,50.0601],[9.56412,50.06261],[9.55879,50.06471],[9.5584,50.06542],[9.55583,50.06551],[9.55551,50.06467],[9.55623,50.06288],[9.55725,50.06207],[9.56151,50.06093],[9.56223,50.05874],[9.56302,50.05774],[9.56552,50.05271],[9.56762,50.05153],[9.56928,50.04983],[9.56911,50.04758],[9.57676,50.0434],[9.58074,50.04235],[9.59101,50.04198],[9.59936,50.0424],[9.6276,50.04703],[9.62946,50.04607],[9.63389,50.04556],[9.63815,50.0456],[9.64333,50.04262],[9.64215,50.04431],[9.64813,50.04531],[9.65093,50.04232],[9.65228,50.04055],[9.65375,50.03727],[9.65424,50.03415],[9.65373,50.0321],[9.65627,50.03046],[9.6554,50.02938],[9.65767,50.02906],[9.66516,50.03401],[9.6675,50.0338],[9.67114,50.03391],[9.67251,50.03423],[9.6738,50.03534],[9.67466,50.03486],[9.67142,50.03094],[9.67947,50.02113],[9.67396,50.01969],[9.67463,50.01893],[9.66857,50.01503],[9.66318,50.0134],[9.66421,50.01137],[9.66354,50.00955],[9.66497,50.00832],[9.66794,50.00727],[9.66659,50.00583],[9.65832,50.00406],[9.65499,50.00366],[9.65285,50.00069],[9.65087,49.9999],[9.64572,50.00066],[9.64159,50.00053],[9.63764,49.99984],[9.63688,49.99793],[9.63449,49.99969],[9.62891,50.00069],[9.62489,50.00024],[9.62354,49.99823],[9.61987,49.99825],[9.62328,49.99262],[9.62684,49.991],[9.62703,49.98937],[9.62846,49.98937],[9.62906,49.98787],[9.62761,49.98664],[9.6295,49.98517],[9.62982,49.98363],[9.63156,49.98287],[9.63096,49.98133],[9.62744,49.98076],[9.6269,49.97995],[9.62877,49.97939],[9.63135,49.97679],[9.63461,49.97591],[9.63624,49.97299],[9.63934,49.97472],[9.64807,49.97621],[9.65037,49.97304],[9.65177,49.9731],[9.65824,49.97062],[9.66415,49.97086],[9.66553,49.9722],[9.67822,49.97314],[9.67877,49.96805],[9.67766,49.96423],[9.67894,49.96428],[9.67961,49.96278],[9.68238,49.96238],[9.68342,49.96097],[9.686,49.9618],[9.68762,49.95992],[9.68938,49.96057],[9.69033,49.95938],[9.69091,49.95755],[9.69715,49.95808],[9.69762,49.95646],[9.69945,49.95671],[9.70271,49.95663],[9.70255,49.95581],[9.70555,49.95612],[9.70715,49.95569],[9.71165,49.95253],[9.71612,49.94603],[9.70494,49.94606],[9.70328,49.94521],[9.70265,49.94309],[9.70276,49.93982],[9.7006,49.9391],[9.7008,49.93517],[9.69692,49.93503],[9.69601,49.93098],[9.69617,49.92946],[9.69844,49.9296],[9.69843,49.92567],[9.70087,49.92571],[9.7045,49.92388],[9.70485,49.92296],[9.70833,49.92248],[9.70871,49.91855],[9.70319,49.91656],[9.70288,49.91349],[9.70326,49.91177],[9.70132,49.91127],[9.69942,49.9081],[9.70161,49.89992],[9.70508,49.89676],[9.70201,49.89648],[9.70191,49.89362],[9.70024,49.89224],[9.70033,49.89051],[9.7026,49.88816],[9.7038,49.88768],[9.71163,49.88708],[9.71417,49.88799],[9.71539,49.8865],[9.71703,49.88713],[9.72869,49.88588],[9.73938,49.88626],[9.73929,49.88748],[9.74238,49.88739],[9.74304,49.88886],[9.74749,49.88784],[9.74815,49.8904],[9.75102,49.88982],[9.7496,49.88732],[9.75072,49.8866],[9.7503,49.8835],[9.75884,49.87737],[9.76,49.87451],[9.76029,49.87073],[9.76377,49.87031],[9.76309,49.86936],[9.75962,49.86848],[9.75596,49.86686],[9.75343,49.86497],[9.75338,49.86259],[9.7546,49.86016],[9.74899,49.8516],[9.74816,49.84873],[9.74385,49.8443],[9.74411,49.84358],[9.74228,49.84252],[9.73755,49.83872],[9.73494,49.83953],[9.73172,49.83797],[9.73306,49.83702],[9.72861,49.83478],[9.72969,49.83382],[9.72715,49.83214],[9.72428,49.83368],[9.72201,49.8337],[9.71847,49.83442],[9.71721,49.83392],[9.71613,49.83515],[9.71001,49.8367],[9.70792,49.83803],[9.704,49.83749],[9.70168,49.83851],[9.69935,49.83864],[9.69427,49.83787],[9.69213,49.83777],[9.69099,49.83676],[9.68865,49.83782],[9.68139,49.83623],[9.68208,49.8352],[9.67892,49.83447],[9.67254,49.83399],[9.67044,49.83427],[9.66863,49.83511],[9.6655,49.83552],[9.66087,49.83528],[9.65805,49.83783],[9.64936,49.83825],[9.63231,49.84125],[9.63346,49.84264],[9.62985,49.84607],[9.62924,49.85],[9.6266,49.84986],[9.62643,49.85129],[9.6214,49.85562],[9.62007,49.85628],[9.61924,49.8577],[9.61715,49.85993],[9.61365,49.85834],[9.60855,49.85882],[9.6034,49.86159],[9.60691,49.86545],[9.60784,49.86691],[9.60788,49.87117],[9.60527,49.87766],[9.60029,49.88544],[9.60029,49.88692],[9.60358,49.88873],[9.60796,49.88941],[9.60849,49.89067],[9.60653,49.89409],[9.60507,49.89407],[9.60743,49.90124],[9.60021,49.90565],[9.59496,49.91237],[9.59171,49.91306],[9.58672,49.91202],[9.58745,49.91112],[9.58801,49.90852],[9.58786,49.90502],[9.58809,49.90154],[9.58959,49.89776],[9.59585,49.89059],[9.60152,49.8811],[9.60435,49.87678],[9.6067,49.87071],[9.60674,49.86767],[9.60601,49.86578],[9.60121,49.86036],[9.59966,49.8576],[9.5982,49.85414],[9.59761,49.85087],[9.59268,49.85034],[9.59214,49.85165],[9.59066,49.85352],[9.58043,49.85512],[9.58096,49.85687],[9.58329,49.8606],[9.58475,49.86027],[9.5857,49.8628],[9.58535,49.8639],[9.582,49.86498],[9.57861,49.86454],[9.57592,49.86534],[9.56891,49.86536],[9.56723,49.86584],[9.56664,49.86464],[9.5615,49.86194],[9.54612,49.86691],[9.54383,49.86218],[9.54737,49.86247],[9.55038,49.8623],[9.55137,49.86189],[9.55223,49.85447],[9.54912,49.85397],[9.5449,49.84578],[9.54112,49.84675],[9.53995,49.84622],[9.54427,49.84461],[9.543,49.84251],[9.53984,49.84061],[9.53408,49.84055],[9.53147,49.83911],[9.52973,49.83684],[9.52693,49.8356],[9.52654,49.83464],[9.52055,49.83654],[9.51736,49.83777],[9.51429,49.83933],[9.5123,49.83838],[9.50662,49.83508],[9.50492,49.83461],[9.50111,49.83107],[9.50167,49.82895],[9.50024,49.82716],[9.50114,49.82639],[9.50165,49.82471],[9.50128,49.82316],[9.49913,49.82039],[9.4952,49.8178],[9.49411,49.8162],[9.48631,49.81545],[9.48432,49.81548],[9.478,49.81683],[9.47347,49.81731],[9.46811,49.81686],[9.46262,49.817],[9.46019,49.81683],[9.45263,49.81774],[9.44963,49.81881],[9.44807,49.82105],[9.4466,49.82031],[9.44739,49.81596],[9.44957,49.81444],[9.45339,49.81076],[9.45933,49.80933],[9.46174,49.80856],[9.46445,49.80847],[9.46653,49.80775],[9.46764,49.8063],[9.46821,49.80258],[9.46962,49.80077],[9.46981,49.79807],[9.46909,49.79606],[9.46876,49.79084],[9.47001,49.78874],[9.46689,49.78469],[9.46552,49.78132],[9.4715,49.77973]],[[9.98774,49.83911],[9.98654,49.83993],[9.9891,49.84077],[9.99392,49.84315],[9.99492,49.8443],[9.99469,49.84622],[9.99857,49.84653],[9.99689,49.85116],[9.99674,49.85252],[9.99434,49.85541],[9.99802,49.85764],[9.99904,49.85696],[10.00042,49.85729],[9.99921,49.85989],[9.99754,49.85989],[9.99624,49.86288],[9.99476,49.86501],[9.98954,49.86716],[9.98787,49.86958],[9.9898,49.87132],[9.98775,49.87426],[9.98553,49.88006],[9.98781,49.8807],[9.98455,49.88488],[9.98476,49.88815],[9.98284,49.88962],[9.97807,49.89054],[9.97808,49.89134],[9.97398,49.89123],[9.97114,49.89207],[9.96788,49.89195],[9.96231,49.89325],[9.96034,49.89272],[9.95686,49.88302],[9.95346,49.88321],[9.95073,49.8839],[9.94292,49.88381],[9.93901,49.88534],[9.93876,49.88631],[9.94149,49.88774],[9.93862,49.88959],[9.93586,49.88998],[9.93361,49.89382],[9.93081,49.89386],[9.92926,49.89266],[9.92496,49.89679],[9.92018,49.90265],[9.91983,49.90493],[9.91783,49.90771],[9.91893,49.91014],[9.92051,49.91215],[9.92027,49.91343],[9.91826,49.91478],[9.91531,49.9146],[9.9154,49.91856],[9.91647,49.92113],[9.91806,49.92249],[9.91676,49.92434],[9.91375,49.92593],[9.91258,49.92761],[9.91219,49.93052],[9.91372,49.93418],[9.91712,49.93598],[9.91826,49.93738],[9.92546,49.94135],[9.93274,49.94399],[9.9358,49.94661],[9.93801,49.94695],[9.93937,49.94885],[9.94532,49.94706],[9.94991,49.94752],[9.94954,49.94625],[9.95349,49.93858],[9.94968,49.93495],[9.94827,49.92917],[9.94832,49.92675],[9.94924,49.92549],[9.94614,49.92424],[9.9419,49.92451],[9.94081,49.92407],[9.94173,49.92289],[9.94493,49.9204],[9.94565,49.91783],[9.94541,49.91396],[9.94573,49.91325],[9.9427,49.91155],[9.94374,49.91106],[9.94656,49.91186],[9.94826,49.91268],[9.95012,49.91028],[9.95359,49.9089],[9.95623,49.90979],[9.95986,49.91155],[9.96289,49.91374],[9.96751,49.91534],[9.97161,49.91777],[9.97455,49.91858],[9.97722,49.91817],[9.9798,49.91868],[9.97941,49.91939],[9.98266,49.91991],[9.9856,49.92003],[9.98748,49.92255],[9.99344,49.92588],[9.99183,49.92641],[9.99169,49.92887],[9.9929,49.93063],[9.99138,49.93349],[9.99645,49.93508],[9.99643,49.93686],[10.00889,49.93731],[10.02131,49.93986],[10.01941,49.94179],[10.01582,49.94123],[10.01026,49.94317],[10.01164,49.94497],[10.0114,49.94988],[10.0141,49.9519],[10.01743,49.95088],[10.02053,49.95061],[10.02243,49.94947],[10.02867,49.94937],[10.03092,49.9522],[10.03123,49.95026],[10.03267,49.95043],[10.03292,49.95258],[10.03624,49.95281],[10.0441,49.95362],[10.04462,49.95248],[10.04267,49.95228],[10.04387,49.94919],[10.04661,49.94928],[10.04937,49.94856],[10.04883,49.94764],[10.05132,49.94736],[10.05334,49.94766],[10.0538,49.94638],[10.05504,49.94657],[10.0563,49.94289],[10.06156,49.94359],[10.06282,49.93747],[10.06509,49.93771],[10.06535,49.93616],[10.07035,49.9353],[10.06987,49.93122],[10.06259,49.93035],[10.06178,49.92908],[10.05865,49.9276],[10.05897,49.92603],[10.05849,49.92385],[10.05694,49.92363],[10.0575,49.92171],[10.05619,49.92156],[10.05465,49.92552],[10.0505,49.92522],[10.05109,49.92244],[10.04851,49.92213],[10.05315,49.91157],[10.04803,49.91121],[10.0485,49.91007],[10.04565,49.90947],[10.04494,49.91115],[10.04019,49.9104],[10.03958,49.90935],[10.03632,49.90746],[10.03733,49.90386],[10.03206,49.90385],[10.03371,49.89935],[10.03579,49.89925],[10.03752,49.89334],[10.0398,49.89342],[10.04019,49.89077],[10.04354,49.89089],[10.04357,49.88924],[10.04655,49.88944],[10.04659,49.88663],[10.05749,49.88729],[10.05705,49.88664],[10.06525,49.88682],[10.06537,49.88592],[10.0683,49.88554],[10.07248,49.88533],[10.07224,49.88683],[10.08101,49.88842],[10.08815,49.8886],[10.08719,49.88965],[10.09097,49.89018],[10.09094,49.89133],[10.09174,49.89246],[10.09812,49.89247],[10.0982,49.89179],[10.1038,49.89104],[10.104,49.88944],[10.10648,49.88818],[10.1099,49.8889],[10.11113,49.88736],[10.10959,49.88703],[10.10893,49.88592],[10.11012,49.88419],[10.10564,49.88303],[10.10643,49.88082],[10.10775,49.881],[10.1088,49.87871],[10.10446,49.8781],[10.10593,49.87454],[10.10262,49.874],[10.10352,49.87125],[10.10234,49.86937],[10.10282,49.86679],[10.10065,49.8665],[10.10099,49.86569],[10.09691,49.86515],[10.09825,49.85935],[10.09552,49.85901],[10.09594,49.85718],[10.09101,49.85666],[10.09151,49.85444],[10.08221,49.85331],[10.08276,49.84808],[10.08328,49.84113],[10.08734,49.84177],[10.08771,49.83868],[10.0863,49.83879],[10.08662,49.83731],[10.08337,49.83402],[10.08502,49.83312],[10.07991,49.8307],[10.07686,49.82973],[10.07533,49.82895],[10.07004,49.82824],[10.06748,49.82711],[10.06852,49.82616],[10.06531,49.82535],[10.06353,49.82561],[10.05565,49.82486],[10.05659,49.82354],[10.05398,49.82371],[10.05106,49.82298],[10.04945,49.82363],[10.05096,49.82068],[10.05055,49.81897],[10.04342,49.81406],[10.04038,49.80877],[10.03397,49.80911],[10.0321,49.81002],[10.03281,49.80727],[10.02083,49.80506],[10.01328,49.80425],[10.01003,49.80348],[10.00759,49.80422],[10.00943,49.80751],[10.0055,49.80857],[10.00429,49.81278],[10.00396,49.81513],[10.00397,49.81931],[10.00096,49.81806],[9.99954,49.82029],[9.99479,49.82369],[9.99048,49.8233],[9.9871,49.82691],[9.98817,49.83035],[9.99006,49.83391],[9.99,49.83604],[9.98774,49.83911]],[[10.06259,49.77524],[10.06424,49.77704],[10.07097,49.77765],[10.07121,49.77843],[10.07476,49.77895],[10.07445,49.77984],[10.0819,49.78014],[10.09008,49.78144],[10.09221,49.78153],[10.0908,49.77688],[10.09567,49.77836],[10.09306,49.77634],[10.09243,49.77518],[10.09358,49.77345],[10.0953,49.77353],[10.09985,49.77466],[10.10044,49.7724],[10.10219,49.77258],[10.10309,49.76887],[10.10462,49.76618],[10.10161,49.76201],[10.09986,49.75753],[10.09606,49.75807],[10.09666,49.75283],[10.09405,49.75263],[10.09119,49.74897],[10.09179,49.74611],[10.09104,49.74422],[10.09504,49.74369],[10.09831,49.74297],[10.10082,49.74367],[10.10156,49.74266],[10.10111,49.73764],[10.1031,49.73837],[10.10274,49.73688],[10.10809,49.73701],[10.10722,49.73336],[10.10935,49.73398],[10.11193,49.73103],[10.11235,49.72612],[10.11137,49.72353],[10.10916,49.72253],[10.1065,49.72268],[10.1054,49.72325],[10.10527,49.72074],[10.09987,49.72082],[10.1001,49.7197],[10.0975,49.71971],[10.09764,49.71848],[10.09372,49.71831],[10.08915,49.71863],[10.08585,49.71804],[10.06585,49.71907],[10.06593,49.72229],[10.05771,49.72259],[10.05769,49.72494],[10.05609,49.72504],[10.05262,49.72694],[10.05095,49.72897],[10.05046,49.73231],[10.05093,49.73571],[10.04981,49.73818],[10.04751,49.74051],[10.05078,49.74133],[10.04731,49.74527],[10.04665,49.74657],[10.04051,49.74661],[10.03998,49.74786],[10.04361,49.7481],[10.04316,49.74961],[10.0461,49.75022],[10.04597,49.7516],[10.05228,49.75273],[10.05184,49.75437],[10.05639,49.75466],[10.05621,49.75566],[10.06155,49.75822],[10.05935,49.75982],[10.05841,49.7623],[10.05653,49.7634],[10.05929,49.76543],[10.05868,49.76608],[10.05622,49.76708],[10.05754,49.76778],[10.05619,49.76909],[10.05364,49.77323],[10.05932,49.77695],[10.06259,49.77524]],[[10.26627,50.05397],[10.26738,50.05467],[10.27216,50.05579],[10.27498,50.05035],[10.2782,50.05091],[10.27878,50.05058],[10.27961,50.04808],[10.28214,50.04503],[10.28334,50.04525],[10.28404,50.0434],[10.28525,50.04322],[10.28608,50.03945],[10.28897,50.03945],[10.28972,50.03834],[10.29251,50.03855],[10.29826,50.03678],[10.30036,50.03893],[10.30246,50.04027],[10.30442,50.04072],[10.30718,50.04087],[10.30871,50.03947],[10.31104,50.03606],[10.31042,50.03502],[10.31292,50.03245],[10.31428,50.03271],[10.31551,50.03131],[10.31683,50.03065],[10.31824,50.03101],[10.32034,50.02954],[10.32379,50.02637],[10.32531,50.0244],[10.32835,50.02196],[10.33181,50.02063],[10.33615,50.01964],[10.33971,50.01905],[10.34036,50.0205],[10.3475,50.01896],[10.34845,50.01993],[10.35531,50.01863],[10.35577,50.01811],[10.35889,50.01749],[10.35923,50.01624],[10.3652,50.01701],[10.36813,50.017],[10.37152,50.01648],[10.37501,50.01506],[10.37759,50.01443],[10.38109,50.01421],[10.38419,50.01463],[10.38321,50.01709],[10.38409,50.01835],[10.38362,50.02018],[10.38664,50.02159],[10.38568,50.02394],[10.3874,50.02434],[10.38488,50.0266],[10.38623,50.02737],[10.39043,50.02523],[10.39342,50.02494],[10.39505,50.02439],[10.3958,50.02208],[10.39863,50.02381],[10.39856,50.02492],[10.40073,50.02639],[10.40169,50.02644],[10.40158,50.02866],[10.40107,50.03024],[10.39886,50.03331],[10.4002,50.0379],[10.39845,50.04046],[10.39804,50.04224],[10.39682,50.04322],[10.39935,50.04749],[10.40347,50.05147],[10.40506,50.05333],[10.40716,50.05732],[10.40475,50.0607],[10.40353,50.0641],[10.40479,50.06503],[10.40656,50.06554],[10.40905,50.0669],[10.41632,50.06613],[10.41725,50.06868],[10.41976,50.07045],[10.421,50.07229],[10.4212,50.07372],[10.42278,50.07389],[10.42297,50.07264],[10.42516,50.07098],[10.42748,50.06821],[10.42779,50.06623],[10.42883,50.06564],[10.43435,50.06355],[10.43634,50.06018],[10.43757,50.05953],[10.43605,50.05765],[10.43646,50.05705],[10.43924,50.05599],[10.44341,50.05332],[10.44571,50.05319],[10.44919,50.05226],[10.45055,50.05162],[10.45214,50.05021],[10.45252,50.04931],[10.45625,50.0482],[10.45625,50.04702],[10.45493,50.04614],[10.45757,50.04513],[10.45721,50.04335],[10.45383,50.04332],[10.45263,50.04165],[10.45534,50.04111],[10.45419,50.04043],[10.45405,50.03883],[10.45482,50.03765],[10.45406,50.03577],[10.45442,50.03405],[10.4593,50.03168],[10.46204,50.0263],[10.47231,50.02156],[10.46975,50.01824],[10.46541,50.01643],[10.46231,50.01607],[10.459,50.01615],[10.45449,50.01667],[10.45253,50.01641],[10.45367,50.01494],[10.45126,50.01409],[10.45162,50.01098],[10.45252,50.00917],[10.45215,50.0086],[10.45348,50.00716],[10.44755,50.00705],[10.45053,50.00185],[10.4523,50.00212],[10.45339,50.00088],[10.45239,50.00035],[10.43342,49.99964],[10.42639,49.9998],[10.42513,49.99954],[10.41254,49.99885],[10.41433,49.99752],[10.41255,49.99658],[10.41013,49.99596],[10.40626,49.99673],[10.40387,49.99207],[10.40175,49.99115],[10.3988,49.99063],[10.39776,49.99244],[10.39543,49.99146],[10.39403,49.99315],[10.39291,49.99312],[10.39154,49.99813],[10.38863,49.99796],[10.38337,49.99712],[10.38374,49.99612],[10.37778,49.99459],[10.37936,49.99295],[10.37701,49.99169],[10.37398,49.9907],[10.37489,49.98971],[10.37192,49.98905],[10.37071,49.98844],[10.37075,49.98675],[10.37231,49.98394],[10.37428,49.984],[10.37558,49.98143],[10.37271,49.98117],[10.37512,49.97794],[10.37665,49.9752],[10.37714,49.97364],[10.37713,49.97094],[10.37964,49.96828],[10.38247,49.96696],[10.38468,49.96287],[10.38308,49.96267],[10.3801,49.96682],[10.37825,49.96477],[10.37472,49.96449],[10.37299,49.96185],[10.37258,49.96056],[10.36612,49.96095],[10.36461,49.96133],[10.36242,49.95351],[10.35438,49.95633],[10.35132,49.96076],[10.34066,49.966],[10.33563,49.96756],[10.3258,49.96546],[10.32294,49.96593],[10.32155,49.96658],[10.32186,49.96828],[10.32522,49.97122],[10.31255,49.97621],[10.30995,49.97583],[10.31064,49.97435],[10.30946,49.96914],[10.30667,49.96811],[10.29684,49.96778],[10.29478,49.96841],[10.29208,49.97049],[10.29016,49.97121],[10.28649,49.97423],[10.28445,49.97665],[10.28371,49.97956],[10.26531,49.97657],[10.2617,49.97696],[10.26118,49.97895],[10.25702,49.97956],[10.2552,49.97898],[10.25587,49.97829],[10.25141,49.9756],[10.24963,49.97706],[10.24811,49.97636],[10.24315,49.98069],[10.23977,49.97855],[10.23643,49.98132],[10.2397,49.9836],[10.23696,49.98497],[10.23965,49.98509],[10.23693,49.99042],[10.23672,49.99513],[10.2267,49.99798],[10.22462,49.99468],[10.22109,49.99444],[10.22186,49.99286],[10.22162,49.9918],[10.22051,49.99093],[10.21749,49.98991],[10.21584,49.98874],[10.21219,49.98744],[10.21172,49.98687],[10.21213,49.9853],[10.20953,49.98452],[10.20887,49.98247],[10.20989,49.9806],[10.20977,49.97973],[10.20764,49.97589],[10.20704,49.97606],[10.20548,49.97121],[10.19932,49.9708],[10.19984,49.9679],[10.19538,49.9673],[10.1902,49.97016],[10.19305,49.97183],[10.19093,49.97375],[10.19035,49.97474],[10.18304,49.97396],[10.18338,49.97623],[10.1845,49.97725],[10.18474,49.97971],[10.18365,49.9809],[10.18151,49.9817],[10.17896,49.98169],[10.1741,49.98289],[10.17293,49.98776],[10.17313,49.98912],[10.17532,49.99217],[10.17837,49.98981],[10.18016,49.98749],[10.18219,49.98604],[10.18801,49.98488],[10.1924,49.98488],[10.19368,49.98528],[10.19468,49.98713],[10.19852,49.9895],[10.19924,49.99113],[10.19859,49.99352],[10.19718,49.99521],[10.19258,49.99804],[10.19131,49.99948],[10.19099,50.00126],[10.18748,50.00355],[10.18649,50.00566],[10.19,50.00871],[10.19388,50.00788],[10.1973,50.00778],[10.20237,50.01165],[10.19855,50.01281],[10.19969,50.01384],[10.20333,50.01317],[10.20847,50.01156],[10.21069,50.00943],[10.21277,50.00984],[10.21566,50.00957],[10.22493,50.01214],[10.22831,50.01338],[10.23211,50.01507],[10.23676,50.01562],[10.23932,50.01559],[10.24503,50.01492],[10.24845,50.01564],[10.25038,50.01674],[10.24866,50.01802],[10.24908,50.01936],[10.24738,50.02172],[10.24353,50.02187],[10.24047,50.0215],[10.24109,50.02293],[10.23996,50.02571],[10.24027,50.02834],[10.24357,50.03223],[10.24216,50.03461],[10.24168,50.0361],[10.2419,50.04029],[10.24367,50.04153],[10.24507,50.04323],[10.24856,50.04381],[10.24934,50.04534],[10.25197,50.04675],[10.25354,50.04894],[10.25697,50.05071],[10.25981,50.05131],[10.26627,50.05397]],[[10.37262,49.5647],[10.37408,49.56362],[10.37686,49.56565],[10.38064,49.56733],[10.38156,49.56691],[10.38364,49.5684],[10.38902,49.56918],[10.39569,49.57092],[10.39746,49.57067],[10.40268,49.57219],[10.40818,49.57188],[10.40857,49.57336],[10.4148,49.57543],[10.41661,49.5739],[10.41914,49.57415],[10.42048,49.56957],[10.41969,49.56762],[10.4217,49.56457],[10.41512,49.56596],[10.41182,49.56777],[10.40613,49.56876],[10.40527,49.56759],[10.4015,49.56838],[10.39875,49.56809],[10.39897,49.56718],[10.39693,49.56671],[10.39473,49.56556],[10.39366,49.56637],[10.38555,49.56253],[10.38457,49.56345],[10.38254,49.56254],[10.38386,49.56124],[10.38183,49.56006],[10.37956,49.55931],[10.38085,49.55591],[10.38313,49.55253],[10.38045,49.55201],[10.37724,49.55279],[10.37351,49.55229],[10.36981,49.55497],[10.36911,49.55689],[10.36538,49.55649],[10.36504,49.55763],[10.36789,49.55766],[10.36789,49.5593],[10.37477,49.55955],[10.37628,49.55897],[10.37673,49.56137],[10.37403,49.56195],[10.37172,49.56421],[10.37262,49.5647]],[[10.44739,49.86487],[10.43526,49.85939],[10.42894,49.85963],[10.4298,49.86188],[10.42724,49.86418],[10.42773,49.86612],[10.44025,49.8672],[10.4421,49.86609],[10.44496,49.86608],[10.44739,49.86487]],[[10.4524,50.19473],[10.45415,50.19595],[10.45542,50.19373],[10.45871,50.19159],[10.4556,50.19155],[10.45365,50.19296],[10.4524,50.19473]]],[[[9.64315,49.74988],[9.64358,49.74847],[9.64555,49.74691],[9.64455,49.74393],[9.63906,49.74252],[9.639,49.74051],[9.64305,49.73977],[9.64559,49.73974],[9.64694,49.73915],[9.64586,49.73647],[9.6387,49.73754],[9.63806,49.73711],[9.63824,49.73423],[9.63656,49.73165],[9.63039,49.7322],[9.62772,49.73196],[9.63199,49.72924],[9.6336,49.72782],[9.63536,49.72792],[9.63774,49.72548],[9.63893,49.72555],[9.6411,49.72318],[9.63866,49.72213],[9.64087,49.72034],[9.63926,49.71971],[9.63465,49.71869],[9.63305,49.71707],[9.63233,49.71571],[9.63223,49.71279],[9.63097,49.71012],[9.62766,49.70824],[9.62642,49.70626],[9.62545,49.70374],[9.62613,49.7026],[9.63046,49.70156],[9.63228,49.69879],[9.63276,49.6957],[9.63246,49.69319],[9.63541,49.69288],[9.64304,49.69324],[9.64497,49.69109],[9.64888,49.69174],[9.64819,49.69088],[9.65132,49.69022],[9.65046,49.68815],[9.6535,49.68714],[9.65543,49.68859],[9.66261,49.68922],[9.66669,49.69054],[9.67615,49.69335],[9.67409,49.69672],[9.67574,49.70054],[9.67623,49.7037],[9.67725,49.70701],[9.67792,49.71118],[9.67786,49.71428],[9.67719,49.7162],[9.68242,49.71759],[9.68936,49.7183],[9.69137,49.71799],[9.69589,49.71922],[9.69827,49.71782],[9.70038,49.71696],[9.70134,49.72035],[9.70072,49.72215],[9.70274,49.7221],[9.70453,49.72517],[9.70673,49.72486],[9.70726,49.72564],[9.70972,49.72706],[9.71114,49.72699],[9.71183,49.7261],[9.71172,49.72272],[9.71394,49.72115],[9.71416,49.71973],[9.7135,49.71684],[9.71474,49.71656],[9.7142,49.71416],[9.71324,49.71389],[9.71523,49.70943],[9.71738,49.70675],[9.71943,49.70342],[9.71929,49.70194],[9.72435,49.70121],[9.72663,49.70008],[9.72835,49.69819],[9.72879,49.69677],[9.72753,49.69148],[9.72755,49.68873],[9.72851,49.68838],[9.73197,49.68843],[9.73608,49.68774],[9.73942,49.68819],[9.73877,49.69004],[9.74185,49.69061],[9.74209,49.69172],[9.74544,49.69186],[9.74554,49.69354],[9.74989,49.69586],[9.75079,49.69784],[9.75072,49.70232],[9.75131,49.70709],[9.75295,49.71012],[9.75864,49.71214],[9.7593,49.71349],[9.76213,49.71531],[9.76854,49.71898],[9.7716,49.72011],[9.77582,49.72119],[9.77919,49.7225],[9.78676,49.72185],[9.78931,49.72465],[9.78992,49.72857],[9.79144,49.73095],[9.79373,49.73136],[9.79768,49.73107],[9.79502,49.73555],[9.79934,49.73961],[9.79564,49.74069],[9.79213,49.74109],[9.78684,49.74027],[9.78512,49.74275],[9.77654,49.7455],[9.77552,49.74798],[9.7706,49.74924],[9.76724,49.74939],[9.76243,49.74886],[9.76115,49.74971],[9.75859,49.7492],[9.75549,49.74757],[9.7531,49.74778],[9.73535,49.74525],[9.7308,49.74599],[9.72643,49.74472],[9.72723,49.74279],[9.72174,49.7406],[9.71827,49.74211],[9.71412,49.74071],[9.71492,49.73914],[9.71219,49.73864],[9.70607,49.73882],[9.7043,49.73983],[9.70387,49.73813],[9.70147,49.73707],[9.70032,49.73966],[9.69882,49.73953],[9.69666,49.7418],[9.6927,49.741],[9.69236,49.74172],[9.68849,49.7415],[9.68844,49.74353],[9.68588,49.74436],[9.68529,49.74596],[9.68392,49.74575],[9.6841,49.74747],[9.67808,49.74836],[9.67756,49.74911],[9.66566,49.75114],[9.66295,49.75056],[9.66044,49.75217],[9.65835,49.75136],[9.65699,49.75398],[9.64876,49.7521],[9.64315,49.74988]]],[[[9.40627,49.77805],[9.40431,49.77928],[9.40061,49.7802],[9.39987,49.78094],[9.40044,49.7823],[9.40019,49.78448],[9.39819,49.7885],[9.39305,49.78981],[9.38662,49.79653],[9.38168,49.80393],[9.37699,49.80658],[9.37424,49.80975],[9.3704,49.8093],[9.36565,49.80768],[9.36057,49.80995],[9.36054,49.81467],[9.35789,49.81462],[9.35639,49.8167],[9.35242,49.81821],[9.34874,49.81799],[9.3425,49.81375],[9.34214,49.81309],[9.34822,49.80958],[9.34853,49.8064],[9.35203,49.80558],[9.35571,49.80013],[9.35803,49.79945],[9.35706,49.79766],[9.3564,49.79317],[9.35706,49.79171],[9.35844,49.7905],[9.35239,49.78321],[9.35239,49.78007],[9.35298,49.77823],[9.35415,49.77709],[9.35366,49.77594],[9.35383,49.77412],[9.35792,49.7732],[9.36002,49.77208],[9.36411,49.77428],[9.36891,49.77815],[9.37003,49.77871],[9.37261,49.77898],[9.37697,49.77798],[9.37908,49.77692],[9.38305,49.7733],[9.38655,49.77103],[9.3886,49.77039],[9.39155,49.77012],[9.39323,49.77076],[9.39574,49.77322],[9.39716,49.77414],[9.4019,49.77551],[9.4037,49.77624],[9.40627,49.77805]]],[[[9.02562,50.07524],[9.02185,50.07252],[9.02184,50.07007],[9.02346,50.06965],[9.0225,50.06859],[9.02095,50.064],[9.02112,50.05865],[9.02201,50.05666],[9.02663,50.05652],[9.0295,50.05552],[9.03171,50.05388],[9.03143,50.05045],[9.0321,50.04952],[9.03006,50.04839],[9.03196,50.04673],[9.03482,50.0478],[9.03967,50.04587],[9.04048,50.04468],[9.04365,50.04509],[9.04448,50.04394],[9.04747,50.0446],[9.05225,50.04504],[9.05662,50.0442],[9.05812,50.043],[9.05954,50.04096],[9.06449,50.04255],[9.07663,50.04151],[9.08105,50.04258],[9.08701,50.04112],[9.09079,50.04078],[9.09441,50.0408],[9.10077,50.04496],[9.10411,50.04538],[9.1059,50.04611],[9.10184,50.04756],[9.10251,50.05422],[9.10587,50.05673],[9.11106,50.06006],[9.11257,50.06148],[9.11431,50.06542],[9.11497,50.06809],[9.11376,50.0703],[9.11435,50.07439],[9.1206,50.07931],[9.11877,50.0803],[9.12111,50.08101],[9.12329,50.083],[9.12247,50.0837],[9.12276,50.08868],[9.12409,50.08936],[9.12524,50.08864],[9.1326,50.09194],[9.13416,50.09319],[9.13444,50.09453],[9.13805,50.09483],[9.14034,50.0945],[9.14176,50.09278],[9.14284,50.09378],[9.14645,50.09503],[9.14583,50.09591],[9.14337,50.09698],[9.14836,50.10246],[9.14999,50.10488],[9.15437,50.10739],[9.15641,50.11195],[9.15391,50.11465],[9.15361,50.11793],[9.15067,50.11633],[9.14496,50.11411],[9.13907,50.11627],[9.13879,50.11727],[9.13709,50.118],[9.12579,50.12347],[9.12152,50.12606],[9.1202,50.12649],[9.11746,50.12662],[9.10818,50.12601],[9.1037,50.12602],[9.09823,50.12642],[9.0947,50.12024],[9.09266,50.12015],[9.09169,50.11853],[9.08931,50.1168],[9.08535,50.11702],[9.07949,50.11603],[9.07727,50.11593],[9.07421,50.11735],[9.07133,50.11944],[9.06534,50.11703],[9.05899,50.11662],[9.0563,50.11667],[9.05304,50.11565],[9.04671,50.11586],[9.03702,50.11437],[9.02547,50.08676],[9.02347,50.08544],[9.02358,50.07835],[9.02562,50.07524]]],[[[9.9244,49.53823],[9.92705,49.53608],[9.92487,49.53495],[9.92563,49.53387],[9.92482,49.53135],[9.92576,49.53019],[9.92323,49.52903],[9.92451,49.52838],[9.92457,49.5273],[9.92381,49.52412],[9.92123,49.52377],[9.9184,49.52238],[9.91719,49.51993],[9.91696,49.5178],[9.92017,49.51504],[9.92138,49.51259],[9.92346,49.5099],[9.92513,49.50865],[9.92224,49.50414],[9.91934,49.50202],[9.91801,49.50067],[9.91781,49.4996],[9.91605,49.49954],[9.91624,49.49574],[9.91446,49.4956],[9.91374,49.49325],[9.92656,49.48484],[9.93395,49.48361],[9.94087,49.48233],[9.94451,49.48147],[9.94869,49.4816],[9.95188,49.48036],[9.95464,49.4807],[9.95897,49.48385],[9.96069,49.48382],[9.96589,49.4843],[9.97001,49.48543],[9.97402,49.48582],[9.9757,49.48525],[9.97354,49.4819],[9.97521,49.48085],[9.97793,49.48361],[9.9828,49.48405],[9.98629,49.48505],[9.99201,49.4864],[9.99263,49.48572],[9.99716,49.48635],[9.99776,49.48554],[10.00038,49.48595],[10.00328,49.48442],[10.01012,49.48321],[10.01399,49.48451],[10.01891,49.48591],[10.02026,49.48665],[10.02198,49.48858],[10.02504,49.49322],[10.02741,49.49853],[10.02818,49.50399],[10.03137,49.50358],[10.03353,49.50365],[10.03697,49.50446],[10.04069,49.50636],[10.04624,49.50698],[10.0524,49.51067],[10.05152,49.51442],[10.05615,49.51495],[10.05731,49.51683],[10.05718,49.51932],[10.0549,49.51977],[10.05489,49.52117],[10.05079,49.52082],[10.04552,49.52405],[10.04381,49.5263],[10.04188,49.52706],[10.04002,49.52901],[10.0451,49.53076],[10.04943,49.53323],[10.05115,49.53341],[10.05276,49.53453],[10.0588,49.53613],[10.05889,49.53698],[10.06137,49.53747],[10.05861,49.53929],[10.05711,49.54068],[10.06173,49.54165],[10.06143,49.54514],[10.06635,49.54554],[10.06871,49.54483],[10.0724,49.54449],[10.0759,49.54441],[10.07614,49.54284],[10.07952,49.54345],[10.08372,49.54356],[10.08455,49.54731],[10.08311,49.54731],[10.08227,49.55173],[10.0835,49.55177],[10.08308,49.55602],[10.08069,49.55722],[10.08142,49.55899],[10.0803,49.56093],[10.07925,49.56112],[10.07664,49.56345],[10.07855,49.56515],[10.076,49.5658],[10.07451,49.56467],[10.07188,49.56726],[10.0653,49.56527],[10.06549,49.5638],[10.06386,49.56366],[10.06377,49.56247],[10.06092,49.56251],[10.06123,49.56634],[10.05942,49.56603],[10.05941,49.56776],[10.05025,49.56678],[10.04995,49.56788],[10.04677,49.56738],[10.04597,49.56982],[10.04334,49.56869],[10.04159,49.56836],[10.04238,49.56677],[10.04024,49.56554],[10.03405,49.56483],[10.03486,49.56199],[10.03037,49.56158],[10.03031,49.5627],[10.02001,49.55997],[10.02114,49.55801],[10.01204,49.55579],[10.01261,49.55431],[10.00795,49.55163],[10.00891,49.55005],[10.00688,49.54956],[10.00851,49.54629],[10.0021,49.5444],[10.00066,49.54581],[9.99759,49.54543],[9.99825,49.54478],[9.98664,49.53896],[9.97279,49.53529],[9.97257,49.53603],[9.96989,49.53582],[9.96842,49.53753],[9.96546,49.53761],[9.9666,49.53902],[9.96358,49.53932],[9.95861,49.54256],[9.95283,49.54318],[9.95239,49.54383],[9.94905,49.54389],[9.94887,49.5445],[9.94196,49.54269],[9.9386,49.54238],[9.92906,49.54041],[9.92976,49.539],[9.9244,49.53823]]],[[[10.11197,49.38491],[10.10855,49.3806],[10.10732,49.37878],[10.10837,49.37746],[10.11084,49.37552],[10.11741,49.36902],[10.11739,49.36699],[10.11367,49.36641],[10.11303,49.36336],[10.11337,49.35994],[10.11806,49.35968],[10.11815,49.35815],[10.12459,49.35702],[10.12456,49.35614],[10.12285,49.35604],[10.12372,49.35082],[10.12163,49.35036],[10.11879,49.35018],[10.11874,49.35106],[10.11329,49.35209],[10.10762,49.3517],[10.10909,49.34846],[10.10758,49.34748],[10.10394,49.34697],[10.10433,49.34394],[10.10296,49.34378],[10.10328,49.34164],[10.10455,49.34116],[10.10485,49.33841],[10.10904,49.33788],[10.10861,49.33605],[10.11309,49.33578],[10.11284,49.33235],[10.11043,49.33256],[10.10924,49.33184],[10.1105,49.32887],[10.11421,49.32962],[10.11491,49.32855],[10.11747,49.32912],[10.11832,49.32845],[10.12059,49.32535],[10.12366,49.32491],[10.12676,49.32604],[10.12742,49.3249],[10.13067,49.32565],[10.13025,49.32762],[10.13406,49.3278],[10.1326,49.33052],[10.14382,49.33246],[10.1454,49.33283],[10.1476,49.33173],[10.1489,49.33297],[10.15297,49.33485],[10.15449,49.33581],[10.15422,49.33683],[10.15768,49.338],[10.16358,49.3391],[10.16378,49.34004],[10.16173,49.34609],[10.16263,49.34706],[10.16628,49.34905],[10.16626,49.35189],[10.16932,49.35344],[10.17185,49.35564],[10.17014,49.35686],[10.17281,49.35837],[10.17452,49.35849],[10.17693,49.36107],[10.17842,49.36015],[10.18066,49.36263],[10.18311,49.36154],[10.18586,49.36112],[10.19083,49.36201],[10.19284,49.36045],[10.19414,49.36088],[10.19522,49.35985],[10.19926,49.3603],[10.19979,49.36136],[10.20185,49.36323],[10.20709,49.3648],[10.21196,49.36219],[10.21209,49.36114],[10.21701,49.36233],[10.21578,49.36572],[10.21087,49.3666],[10.20621,49.36772],[10.20459,49.36857],[10.20713,49.36952],[10.20772,49.37073],[10.20709,49.37137],[10.20747,49.37563],[10.21064,49.3754],[10.21081,49.37715],[10.21191,49.37933],[10.21362,49.38061],[10.21378,49.3835],[10.21723,49.38605],[10.22188,49.39268],[10.21872,49.39752],[10.21946,49.39857],[10.22137,49.39846],[10.22239,49.3994],[10.21687,49.39979],[10.21472,49.40043],[10.21229,49.40032],[10.2103,49.40089],[10.20817,49.40076],[10.19945,49.40077],[10.19592,49.40022],[10.1946,49.40117],[10.19208,49.40103],[10.19251,49.40239],[10.18856,49.40221],[10.18586,49.40372],[10.18417,49.40353],[10.18422,49.40507],[10.179,49.40665],[10.17427,49.40512],[10.17367,49.40693],[10.16123,49.40532],[10.1593,49.40681],[10.15759,49.40575],[10.15438,49.40561],[10.15614,49.40356],[10.15567,49.40203],[10.15222,49.40102],[10.14963,49.40197],[10.14206,49.40397],[10.13936,49.40437],[10.13864,49.4031],[10.14269,49.4026],[10.14645,49.40169],[10.1499,49.39957],[10.15425,49.39866],[10.15426,49.39707],[10.1583,49.39603],[10.1617,49.39549],[10.1607,49.39414],[10.16121,49.39036],[10.15988,49.39016],[10.1583,49.39103],[10.15677,49.39074],[10.1563,49.3895],[10.15181,49.38922],[10.14993,49.38732],[10.1464,49.38743],[10.14492,49.38441],[10.14229,49.38476],[10.13969,49.3845],[10.13982,49.38587],[10.13659,49.38622],[10.12661,49.3879],[10.12169,49.38786],[10.12169,49.38624],[10.11852,49.38623],[10.11197,49.38491]]],[[[10.46004,49.89802],[10.46199,49.89634],[10.46921,49.89513],[10.47096,49.89616],[10.46004,49.89802]]],[[[10.45245,49.94353],[10.45422,49.94386],[10.45791,49.94328],[10.46013,49.94457],[10.45877,49.94494],[10.45915,49.94656],[10.45035,49.94706],[10.45284,49.9443],[10.45245,49.94353]]],[[[10.85408,49.94647],[10.85519,49.94514],[10.85584,49.94354],[10.8596,49.94401],[10.86053,49.94515],[10.86403,49.94575],[10.86574,49.9412],[10.87025,49.9402],[10.87201,49.94119],[10.87237,49.94274],[10.8752,49.94368],[10.87628,49.94462],[10.88034,49.9447],[10.88263,49.94574],[10.88295,49.94909],[10.89253,49.94947],[10.89431,49.95049],[10.89701,49.95309],[10.89421,49.9537],[10.89311,49.95478],[10.89233,49.95836],[10.89344,49.95938],[10.8921,49.96339],[10.87732,49.96194],[10.87585,49.96466],[10.8744,49.96532],[10.87187,49.96577],[10.87074,49.96787],[10.8676,49.9677],[10.8654,49.96896],[10.86431,49.96913],[10.86438,49.97116],[10.86675,49.97161],[10.86662,49.974],[10.86559,49.97443],[10.86323,49.97422],[10.86085,49.9727],[10.85845,49.97248],[10.85675,49.97313],[10.8552,49.97133],[10.85236,49.97144],[10.84857,49.96883],[10.84566,49.96877],[10.84281,49.96257],[10.83999,49.96121],[10.84582,49.95834],[10.8494,49.95513],[10.85139,49.9497],[10.85339,49.9478],[10.85408,49.94647]]]]},"properties":{"idApp":923013,"aopId":"franken","name":"Franken","nameJa":"フランケン","kind":"regional","tags":[],"rank":0},"bbox":[9.01904,49.3249,10.96,50.20109]},{"type":"Feature","geometry":{"type":"MultiPolygon","coordinates":[[[[13.08993,51.05896],[13.09392,51.06033],[13.10143,51.05877],[13.10236,51.0571],[13.10448,51.05454],[13.11796,51.05906],[13.11887,51.05598],[13.12344,51.0569],[13.13413,51.06135],[13.13505,51.06007],[13.13541,51.05754],[13.13755,51.05458],[13.13824,51.05156],[13.14943,51.04964],[13.15068,51.0489],[13.15185,51.0498],[13.15355,51.05203],[13.15541,51.05284],[13.1551,51.05415],[13.15703,51.05448],[13.16036,51.05685],[13.16795,51.05808],[13.16745,51.05901],[13.17084,51.06106],[13.17357,51.06134],[13.17835,51.05846],[13.18007,51.05768],[13.17963,51.05552],[13.183,51.05638],[13.18559,51.05647],[13.18552,51.0544],[13.186,51.05347],[13.19118,51.05296],[13.19146,51.05444],[13.19641,51.06257],[13.19167,51.06273],[13.19438,51.06395],[13.19437,51.06576],[13.19679,51.06639],[13.20011,51.06878],[13.20246,51.0684],[13.20533,51.06752],[13.20832,51.06734],[13.21253,51.06763],[13.21619,51.0673],[13.21928,51.06609],[13.22185,51.06628],[13.2262,51.0676],[13.22945,51.06795],[13.23302,51.06691],[13.23604,51.06526],[13.23888,51.06445],[13.24209,51.06449],[13.24284,51.06094],[13.24249,51.05986],[13.24387,51.05896],[13.24639,51.05823],[13.24667,51.05661],[13.246,51.05395],[13.25159,51.05401],[13.25462,51.05462],[13.25609,51.05261],[13.26129,51.05218],[13.26143,51.05143],[13.26642,51.05146],[13.2666,51.0493],[13.2609,51.04868],[13.25609,51.04561],[13.25815,51.04464],[13.25874,51.04355],[13.2573,51.04143],[13.26011,51.04019],[13.26062,51.03915],[13.25506,51.03717],[13.25224,51.03552],[13.25004,51.03285],[13.24301,51.02868],[13.2426,51.028],[13.24022,51.02976],[13.23886,51.02876],[13.24222,51.02653],[13.24055,51.02468],[13.23997,51.02136],[13.23996,51.01764],[13.23859,51.01657],[13.2289,51.01256],[13.2364,51.0073],[13.24673,51.01319],[13.26546,51.02418],[13.26752,51.02549],[13.2716,51.02871],[13.27404,51.03013],[13.27654,51.03104],[13.27923,51.03148],[13.2827,51.03157],[13.29457,51.03143],[13.30005,51.03372],[13.30231,51.03426],[13.31425,51.0355],[13.32013,51.03599],[13.32589,51.03676],[13.32997,51.03803],[13.33328,51.03964],[13.3356,51.04113],[13.34007,51.04441],[13.34318,51.04597],[13.34457,51.04634],[13.35159,51.0475],[13.36007,51.04877],[13.36372,51.04982],[13.36586,51.05083],[13.37545,51.05068],[13.38343,51.0512],[13.38718,51.05179],[13.38838,51.05116],[13.38902,51.04943],[13.39154,51.04916],[13.39464,51.04672],[13.39544,51.04545],[13.40001,51.04403],[13.40023,51.04174],[13.4015,51.04073],[13.40685,51.03877],[13.40999,51.03845],[13.41395,51.03839],[13.41135,51.03649],[13.41779,51.03718],[13.41917,51.03541],[13.42189,51.0342],[13.42138,51.03298],[13.42394,51.03217],[13.42598,51.03409],[13.42948,51.03138],[13.4305,51.03184],[13.4348,51.03015],[13.43515,51.0324],[13.43843,51.02958],[13.44132,51.02882],[13.44389,51.02465],[13.44596,51.02256],[13.44771,51.023],[13.44838,51.0222],[13.45017,51.02149],[13.44699,51.02043],[13.44514,51.01738],[13.44075,51.01412],[13.43779,51.01164],[13.43261,51.00849],[13.43357,51.00798],[13.429,51.00157],[13.42652,50.9964],[13.42685,50.99425],[13.42999,50.98957],[13.43086,50.98763],[13.43673,50.98118],[13.43839,50.98053],[13.44108,50.98182],[13.4428,50.98204],[13.44775,50.98154],[13.45033,50.98164],[13.45445,50.98134],[13.46079,50.98236],[13.46666,50.98361],[13.47191,50.98381],[13.47389,50.98331],[13.47513,50.98505],[13.47685,50.98459],[13.47469,50.9819],[13.47609,50.98162],[13.47485,50.98031],[13.47449,50.97826],[13.47366,50.97717],[13.46459,50.97247],[13.46533,50.971],[13.46279,50.96797],[13.4583,50.96955],[13.45326,50.96789],[13.44578,50.96815],[13.44554,50.9661],[13.45011,50.96493],[13.44789,50.96465],[13.44519,50.96258],[13.44157,50.96067],[13.43999,50.9591],[13.43828,50.95577],[13.43477,50.9568],[13.43169,50.95156],[13.43475,50.95075],[13.43352,50.94983],[13.42935,50.94833],[13.4304,50.9463],[13.42814,50.94355],[13.43069,50.94286],[13.43688,50.94226],[13.44226,50.94333],[13.44555,50.94258],[13.45295,50.94253],[13.45535,50.94229],[13.4544,50.94012],[13.44814,50.9393],[13.4476,50.93792],[13.44918,50.93527],[13.44792,50.93396],[13.44375,50.93279],[13.44624,50.92995],[13.44886,50.93057],[13.45003,50.92941],[13.44738,50.9285],[13.44852,50.92669],[13.45182,50.92586],[13.45274,50.92478],[13.45473,50.92402],[13.45814,50.9235],[13.46287,50.9232],[13.46587,50.92281],[13.46955,50.92402],[13.46667,50.92534],[13.46789,50.92588],[13.47125,50.92515],[13.47121,50.92399],[13.47338,50.92374],[13.4765,50.92466],[13.47972,50.92262],[13.48157,50.92377],[13.48343,50.92289],[13.4918,50.92291],[13.49231,50.92616],[13.49884,50.92625],[13.50353,50.92781],[13.50454,50.92867],[13.5057,50.92805],[13.50918,50.92794],[13.50979,50.92902],[13.51206,50.9277],[13.5167,50.92787],[13.52083,50.92766],[13.52222,50.92987],[13.52338,50.92803],[13.5267,50.92873],[13.52647,50.92976],[13.53251,50.93037],[13.53208,50.93182],[13.52497,50.93143],[13.5249,50.93275],[13.53197,50.93293],[13.53362,50.93577],[13.52872,50.93582],[13.52782,50.93775],[13.53637,50.93693],[13.53742,50.9375],[13.53617,50.93839],[13.52812,50.93882],[13.53016,50.94166],[13.53255,50.94148],[13.53859,50.94295],[13.53974,50.94421],[13.53842,50.94579],[13.54296,50.94725],[13.54655,50.94779],[13.55212,50.94717],[13.55727,50.94741],[13.55921,50.94713],[13.56319,50.94564],[13.5674,50.94513],[13.56966,50.94545],[13.57329,50.94688],[13.57323,50.94811],[13.57629,50.94893],[13.57833,50.94894],[13.58062,50.94691],[13.58326,50.94735],[13.58292,50.94898],[13.58139,50.95083],[13.58052,50.95289],[13.58765,50.95452],[13.59174,50.95481],[13.59377,50.95637],[13.59766,50.9576],[13.60453,50.95913],[13.61108,50.96249],[13.61399,50.9631],[13.61469,50.96557],[13.61915,50.96406],[13.61987,50.96461],[13.61847,50.96611],[13.61965,50.96673],[13.62218,50.96687],[13.6241,50.9679],[13.6249,50.96668],[13.63134,50.96831],[13.63367,50.96787],[13.63184,50.97127],[13.63548,50.97213],[13.63892,50.97073],[13.64022,50.97198],[13.63602,50.97466],[13.63447,50.97654],[13.63533,50.98234],[13.63614,50.98299],[13.63916,50.98367],[13.64369,50.98214],[13.6411,50.97723],[13.64271,50.97655],[13.64628,50.9779],[13.64924,50.97818],[13.65128,50.9792],[13.6531,50.98098],[13.65354,50.97935],[13.65597,50.97897],[13.65901,50.97925],[13.66391,50.97852],[13.67228,50.97503],[13.67872,50.97768],[13.67844,50.97895],[13.67926,50.98122],[13.68304,50.98071],[13.68235,50.98358],[13.68536,50.98336],[13.68786,50.98357],[13.68938,50.98412],[13.6907,50.98531],[13.69052,50.98621],[13.69412,50.98684],[13.69584,50.98555],[13.70086,50.9843],[13.70286,50.98229],[13.70352,50.98041],[13.70488,50.97928],[13.70198,50.97783],[13.7021,50.97619],[13.69668,50.97476],[13.69772,50.97285],[13.6895,50.97199],[13.68932,50.97101],[13.68715,50.97083],[13.68745,50.97284],[13.68391,50.97247],[13.68149,50.97249],[13.68157,50.96912],[13.67874,50.96694],[13.67657,50.96609],[13.67988,50.96374],[13.68075,50.96214],[13.68094,50.95985],[13.68524,50.95401],[13.6889,50.95117],[13.69454,50.95429],[13.69581,50.95341],[13.69364,50.95216],[13.69692,50.95085],[13.7018,50.95299],[13.70115,50.95187],[13.70206,50.95003],[13.70304,50.94666],[13.70319,50.9428],[13.70778,50.93829],[13.71622,50.93433],[13.71549,50.93305],[13.71263,50.93091],[13.71595,50.93025],[13.71558,50.92906],[13.7178,50.92879],[13.71756,50.92765],[13.72038,50.92691],[13.72129,50.92462],[13.72034,50.92042],[13.72366,50.92012],[13.72441,50.92065],[13.72759,50.91982],[13.72687,50.91834],[13.72966,50.9183],[13.72722,50.91631],[13.72333,50.91465],[13.72477,50.9137],[13.72168,50.91255],[13.71726,50.91167],[13.71651,50.91007],[13.71553,50.91008],[13.71466,50.90859],[13.71509,50.90654],[13.71931,50.90535],[13.72005,50.90342],[13.72318,50.90243],[13.72572,50.9005],[13.72858,50.89894],[13.72827,50.89714],[13.72607,50.89651],[13.72453,50.89505],[13.72402,50.89254],[13.72272,50.8911],[13.72402,50.88861],[13.72391,50.88706],[13.722,50.88462],[13.72028,50.88028],[13.71738,50.88058],[13.713,50.88022],[13.71029,50.87867],[13.70557,50.87734],[13.70132,50.87751],[13.70114,50.87423],[13.69804,50.87303],[13.69855,50.87047],[13.6969,50.86903],[13.6944,50.86877],[13.69272,50.86783],[13.68824,50.86353],[13.68576,50.86245],[13.6829,50.86534],[13.68158,50.86314],[13.68661,50.86118],[13.68619,50.86005],[13.68148,50.86209],[13.68063,50.86072],[13.67792,50.85912],[13.67576,50.85981],[13.67365,50.86223],[13.67133,50.86314],[13.66903,50.86331],[13.66894,50.86041],[13.66957,50.85858],[13.66904,50.85574],[13.66752,50.85497],[13.66763,50.85329],[13.67081,50.85415],[13.67324,50.85338],[13.6725,50.85247],[13.67065,50.85297],[13.66786,50.85242],[13.66881,50.85093],[13.66848,50.85],[13.6695,50.84795],[13.67506,50.84916],[13.67773,50.84872],[13.67604,50.84601],[13.6777,50.84392],[13.67875,50.84042],[13.68426,50.83552],[13.68244,50.83502],[13.68755,50.83145],[13.6909,50.82995],[13.69347,50.82734],[13.70097,50.82686],[13.70334,50.82592],[13.70605,50.82734],[13.70778,50.82951],[13.70951,50.82702],[13.71269,50.83002],[13.7194,50.82766],[13.7182,50.82536],[13.71874,50.82327],[13.71992,50.82188],[13.72328,50.82057],[13.72191,50.81977],[13.7259,50.81804],[13.73055,50.81911],[13.73635,50.81997],[13.73896,50.81992],[13.74236,50.81887],[13.74998,50.81498],[13.75448,50.81365],[13.75684,50.8118],[13.7582,50.8088],[13.76307,50.81074],[13.76734,50.80995],[13.76944,50.80927],[13.77174,50.80921],[13.77431,50.81099],[13.77496,50.81259],[13.77614,50.81408],[13.77642,50.81575],[13.77961,50.81785],[13.78235,50.81901],[13.78367,50.8174],[13.78767,50.81805],[13.78901,50.81944],[13.79084,50.8193],[13.7914,50.81508],[13.79589,50.81472],[13.8011,50.81498],[13.7997,50.81323],[13.80282,50.81056],[13.80617,50.80949],[13.81033,50.80623],[13.81306,50.80641],[13.82377,50.80568],[13.82317,50.80634],[13.82159,50.8101],[13.82211,50.81154],[13.82353,50.8125],[13.82624,50.81327],[13.82582,50.81548],[13.8256,50.82095],[13.82577,50.82402],[13.8245,50.82515],[13.82652,50.82728],[13.82768,50.82946],[13.82899,50.83096],[13.82786,50.83485],[13.82689,50.83552],[13.82346,50.83583],[13.82292,50.83624],[13.82176,50.83891],[13.82037,50.84011],[13.82199,50.84217],[13.82164,50.84414],[13.82326,50.84574],[13.82338,50.84752],[13.82211,50.84867],[13.82194,50.85022],[13.82002,50.85483],[13.81946,50.85874],[13.818,50.85945],[13.81863,50.86141],[13.81851,50.86294],[13.81677,50.86387],[13.81583,50.86535],[13.81403,50.86664],[13.81584,50.86774],[13.81623,50.86932],[13.81775,50.8712],[13.82035,50.87059],[13.82009,50.87306],[13.81794,50.8731],[13.81696,50.87777],[13.81627,50.88019],[13.81382,50.88614],[13.81253,50.89181],[13.81086,50.8938],[13.80771,50.89579],[13.80734,50.89735],[13.8096,50.89957],[13.809,50.90134],[13.80662,50.90612],[13.80083,50.91098],[13.79864,50.91172],[13.79817,50.91308],[13.78998,50.91224],[13.78624,50.91864],[13.78427,50.9196],[13.78269,50.92084],[13.78526,50.92233],[13.7798,50.92329],[13.77972,50.92455],[13.77788,50.92674],[13.77939,50.92934],[13.7788,50.93096],[13.77896,50.93315],[13.78177,50.93467],[13.78611,50.93248],[13.7884,50.93238],[13.79351,50.9312],[13.79867,50.93576],[13.80056,50.93701],[13.80183,50.93911],[13.80383,50.93862],[13.81061,50.94002],[13.81757,50.93996],[13.82236,50.94209],[13.82305,50.93957],[13.82503,50.93979],[13.82718,50.93614],[13.83095,50.93632],[13.83001,50.93782],[13.83614,50.94034],[13.83849,50.94084],[13.84149,50.94211],[13.84448,50.94385],[13.84816,50.94524],[13.84891,50.9459],[13.84854,50.94789],[13.85032,50.94873],[13.85071,50.94951],[13.85327,50.94886],[13.85516,50.94985],[13.85725,50.94838],[13.85553,50.94643],[13.85566,50.94499],[13.85779,50.94531],[13.85898,50.94402],[13.86167,50.94317],[13.86437,50.94315],[13.86531,50.94125],[13.85924,50.94069],[13.85914,50.93974],[13.86177,50.93932],[13.86284,50.93846],[13.86276,50.93743],[13.86349,50.93495],[13.8649,50.93353],[13.86528,50.93225],[13.86305,50.93103],[13.85967,50.93132],[13.86209,50.92875],[13.86539,50.92765],[13.86514,50.92933],[13.87643,50.92361],[13.87509,50.9222],[13.87744,50.91986],[13.87702,50.91894],[13.87526,50.91733],[13.87767,50.91623],[13.87955,50.91605],[13.88122,50.91641],[13.88252,50.91546],[13.88444,50.91709],[13.88468,50.91939],[13.88736,50.92046],[13.89082,50.92302],[13.893,50.92433],[13.89409,50.92329],[13.89566,50.92413],[13.8938,50.92537],[13.89595,50.92583],[13.89727,50.92686],[13.89761,50.92809],[13.90084,50.92907],[13.901,50.92807],[13.90231,50.92773],[13.90579,50.92936],[13.90823,50.92978],[13.91004,50.92857],[13.91372,50.92781],[13.91895,50.92783],[13.91955,50.92908],[13.92059,50.92913],[13.92076,50.93136],[13.92245,50.93165],[13.9215,50.93311],[13.92321,50.9348],[13.9252,50.93167],[13.9291,50.93177],[13.93624,50.93283],[13.94237,50.93252],[13.94618,50.93368],[13.94778,50.93163],[13.94952,50.93001],[13.95403,50.92722],[13.95705,50.92623],[13.95843,50.92516],[13.9594,50.92287],[13.95855,50.92224],[13.95977,50.9199],[13.96219,50.91885],[13.96498,50.91838],[13.96731,50.91565],[13.96951,50.91482],[13.97182,50.91346],[13.97396,50.91397],[13.9752,50.91543],[13.97956,50.91445],[13.9788,50.9136],[13.97915,50.91149],[13.98211,50.9094],[13.98345,50.90758],[13.98564,50.90626],[13.99109,50.90384],[13.9925,50.90233],[13.99926,50.9053],[14.00026,50.9055],[13.9996,50.90813],[13.99407,50.91282],[13.99223,50.91604],[13.99166,50.91924],[13.99225,50.92156],[13.98907,50.92329],[13.98984,50.9258],[13.98875,50.92713],[13.98644,50.92796],[13.98502,50.92947],[13.98336,50.93035],[13.98473,50.93243],[13.98825,50.93472],[13.99221,50.93929],[13.98953,50.94098],[13.98862,50.94197],[13.98229,50.94334],[13.98241,50.94187],[13.97922,50.9428],[13.97871,50.94159],[13.9761,50.94178],[13.9707,50.94137],[13.96942,50.9384],[13.96548,50.93643],[13.95996,50.9347],[13.95891,50.93637],[13.95912,50.93737],[13.95688,50.9382],[13.95923,50.94191],[13.96171,50.93998],[13.96266,50.94106],[13.96433,50.94555],[13.96614,50.94593],[13.96714,50.95208],[13.97364,50.94929],[13.97651,50.95441],[13.97992,50.95181],[13.98738,50.94703],[13.99032,50.94849],[13.99344,50.94709],[13.99763,50.94458],[14.00057,50.94343],[14.00408,50.94243],[14.00821,50.94231],[14.0115,50.94272],[14.01475,50.94398],[14.02053,50.94837],[14.02442,50.95056],[14.03382,50.95223],[14.04261,50.9542],[14.04492,50.95502],[14.04971,50.95341],[14.05106,50.95533],[14.05083,50.95707],[14.05367,50.95698],[14.05374,50.96007],[14.04831,50.95998],[14.04853,50.96131],[14.04311,50.96043],[14.042,50.96255],[14.03961,50.96261],[14.03915,50.96408],[14.03653,50.96425],[14.03672,50.96284],[14.03908,50.96165],[14.04006,50.95948],[14.037,50.95889],[14.03514,50.96058],[14.03311,50.96185],[14.03251,50.963],[14.03011,50.96321],[14.02818,50.96126],[14.02526,50.96207],[14.01937,50.96092],[14.01851,50.96192],[14.02376,50.96309],[14.02177,50.96566],[14.02432,50.96808],[14.02238,50.96924],[14.02227,50.97032],[14.02323,50.97155],[14.02152,50.97341],[14.01988,50.97405],[14.01498,50.9754],[13.99174,50.97598],[13.98878,50.97763],[13.98682,50.97829],[13.98408,50.97854],[13.98218,50.97831],[13.98326,50.97711],[13.98639,50.97599],[13.98954,50.97399],[13.99023,50.97249],[13.98426,50.97588],[13.9817,50.9759],[13.98065,50.97852],[13.97831,50.97859],[13.97809,50.97764],[13.97551,50.97801],[13.97111,50.97778],[13.96687,50.97818],[13.96353,50.97777],[13.95837,50.98291],[13.95797,50.98441],[13.95852,50.98538],[13.95596,50.98617],[13.95159,50.98867],[13.95039,50.99274],[13.95164,50.99449],[13.95719,50.996],[13.96291,50.9967],[13.96718,50.99632],[13.9736,50.99495],[13.97694,50.99481],[13.97587,50.99889],[13.97177,50.99859],[13.97132,51.00061],[13.96809,51.00096],[13.96618,51.00212],[13.96196,51.00335],[13.96084,51.00435],[13.96219,51.00531],[13.96198,51.00763],[13.9591,51.00805],[13.95692,51.00964],[13.95329,51.00859],[13.94702,51.0117],[13.94787,51.01299],[13.94749,51.014],[13.94359,51.01433],[13.93843,51.01503],[13.9393,51.01968],[13.94059,51.02219],[13.94465,51.02538],[13.94894,51.02647],[13.95396,51.02611],[13.958,51.02717],[13.95736,51.0283],[13.95969,51.03091],[13.9612,51.03162],[13.96297,51.03174],[13.963,51.03253],[13.96159,51.0405],[13.96223,51.04438],[13.96463,51.04689],[13.95854,51.05007],[13.96027,51.05227],[13.96131,51.05185],[13.96585,51.05478],[13.96555,51.05616],[13.96374,51.05767],[13.96149,51.06106],[13.9656,51.0616],[13.96356,51.06305],[13.95794,51.06311],[13.95794,51.06439],[13.95624,51.06585],[13.95741,51.06644],[13.95902,51.06551],[13.96057,51.06557],[13.95546,51.06879],[13.95462,51.06975],[13.95268,51.0699],[13.9523,51.07208],[13.95384,51.07146],[13.95313,51.07376],[13.94987,51.07377],[13.94147,51.07252],[13.9368,51.06769],[13.93866,51.06697],[13.93762,51.06582],[13.93894,51.06524],[13.94044,51.06622],[13.9432,51.06512],[13.94183,51.06261],[13.93519,51.06232],[13.93064,51.06185],[13.92832,51.06089],[13.92289,51.05985],[13.92221,51.06113],[13.92381,51.06257],[13.92268,51.06317],[13.91966,51.06223],[13.91793,51.0633],[13.92009,51.06467],[13.91497,51.06621],[13.91233,51.06726],[13.91132,51.06821],[13.90912,51.06865],[13.90551,51.06861],[13.89967,51.07015],[13.89363,51.06996],[13.8882,51.07098],[13.88493,51.07195],[13.88406,51.07255],[13.88485,51.07363],[13.88734,51.07306],[13.8884,51.07363],[13.89105,51.0767],[13.89234,51.07734],[13.89721,51.07878],[13.89649,51.0809],[13.89651,51.08268],[13.89218,51.0833],[13.89624,51.0875],[13.90136,51.08849],[13.90086,51.08677],[13.89811,51.0859],[13.90398,51.08352],[13.90757,51.08449],[13.90575,51.08523],[13.90597,51.0874],[13.90709,51.08863],[13.91002,51.0889],[13.91095,51.09423],[13.90884,51.09636],[13.90912,51.09839],[13.90383,51.09836],[13.89991,51.10227],[13.89561,51.10408],[13.89905,51.10837],[13.89478,51.10979],[13.89386,51.11188],[13.88944,51.11205],[13.88502,51.11802],[13.87938,51.12442],[13.87435,51.12621],[13.87229,51.12787],[13.86967,51.13614],[13.87438,51.13769],[13.87704,51.138],[13.87981,51.13888],[13.88348,51.13931],[13.88761,51.14059],[13.88927,51.14276],[13.88758,51.14377],[13.88833,51.14536],[13.8874,51.14599],[13.88458,51.14618],[13.88415,51.14715],[13.88437,51.14958],[13.88309,51.15012],[13.88068,51.15034],[13.88044,51.15163],[13.87852,51.15254],[13.87981,51.15397],[13.8753,51.15514],[13.87386,51.15661],[13.8703,51.15618],[13.86792,51.15525],[13.86405,51.1561],[13.86276,51.15718],[13.86113,51.15744],[13.8604,51.15828],[13.85807,51.15908],[13.85787,51.16107],[13.85687,51.16228],[13.85516,51.16593],[13.8587,51.16306],[13.85612,51.16769],[13.85406,51.16757],[13.85431,51.16941],[13.8521,51.17004],[13.85177,51.17358],[13.85278,51.1745],[13.85761,51.17402],[13.86242,51.17518],[13.86331,51.18367],[13.8643,51.184],[13.86483,51.1854],[13.86619,51.18664],[13.87003,51.19225],[13.87042,51.19309],[13.86704,51.19351],[13.86508,51.19453],[13.86211,51.19415],[13.85989,51.195],[13.8575,51.1948],[13.85386,51.19622],[13.85434,51.19826],[13.85246,51.19916],[13.85003,51.1982],[13.84438,51.20029],[13.8419,51.19906],[13.83957,51.19738],[13.83615,51.19765],[13.83702,51.20043],[13.83153,51.19945],[13.83016,51.1946],[13.8291,51.19507],[13.82491,51.195],[13.82099,51.1938],[13.81461,51.1944],[13.8011,51.19582],[13.79457,51.1977],[13.79038,51.20194],[13.78827,51.20106],[13.78441,51.20178],[13.77948,51.20333],[13.77754,51.20495],[13.77946,51.20685],[13.78028,51.21023],[13.76574,51.21234],[13.76424,51.21357],[13.76074,51.21542],[13.77379,51.21738],[13.77996,51.21785],[13.78245,51.22077],[13.78364,51.22642],[13.78353,51.22799],[13.7856,51.22818],[13.79176,51.22523],[13.79527,51.22421],[13.79916,51.22449],[13.80256,51.22667],[13.80208,51.23006],[13.80463,51.23014],[13.81235,51.22984],[13.81088,51.23152],[13.81107,51.23332],[13.81292,51.23461],[13.81244,51.2358],[13.80891,51.2374],[13.80625,51.2368],[13.80522,51.23753],[13.80149,51.23624],[13.80035,51.23708],[13.80156,51.23822],[13.7982,51.23974],[13.79815,51.24225],[13.80069,51.24372],[13.80055,51.24513],[13.79635,51.24584],[13.7967,51.24813],[13.7984,51.24794],[13.79869,51.2502],[13.80924,51.24686],[13.8142,51.2478],[13.81295,51.25076],[13.80889,51.25761],[13.8132,51.259],[13.81731,51.26073],[13.8214,51.26284],[13.82456,51.26174],[13.82669,51.26461],[13.82631,51.26708],[13.82182,51.26628],[13.82095,51.26698],[13.81877,51.2668],[13.81125,51.26861],[13.80902,51.26955],[13.80562,51.27184],[13.80349,51.27235],[13.81275,51.27647],[13.80381,51.27979],[13.8108,51.28117],[13.81726,51.28194],[13.82,51.2784],[13.82262,51.27835],[13.82493,51.27774],[13.83111,51.27494],[13.83315,51.27419],[13.83768,51.27328],[13.83962,51.2733],[13.84612,51.27555],[13.84606,51.27643],[13.86074,51.2764],[13.86304,51.2746],[13.86191,51.2731],[13.86294,51.26592],[13.86881,51.2667],[13.87258,51.26686],[13.86328,51.26272],[13.86515,51.26176],[13.86149,51.25414],[13.86778,51.25583],[13.86924,51.25712],[13.88155,51.26322],[13.8871,51.26183],[13.88655,51.25783],[13.88151,51.25394],[13.88863,51.25414],[13.89864,51.25281],[13.89889,51.24651],[13.90677,51.24535],[13.91029,51.24565],[13.91021,51.2406],[13.91393,51.23778],[13.91415,51.23665],[13.917,51.23588],[13.92134,51.2334],[13.92534,51.23299],[13.92712,51.23363],[13.92968,51.23176],[13.93681,51.23176],[13.93913,51.23075],[13.94266,51.23208],[13.94763,51.23082],[13.94924,51.23188],[13.94769,51.23362],[13.94917,51.23498],[13.94763,51.23834],[13.94529,51.23884],[13.9425,51.2373],[13.93782,51.24013],[13.93582,51.24269],[13.93687,51.24487],[13.939,51.24495],[13.94032,51.24424],[13.94186,51.24485],[13.94005,51.24726],[13.94014,51.24897],[13.9386,51.25382],[13.93852,51.25607],[13.93992,51.25651],[13.93802,51.25885],[13.93673,51.25845],[13.93431,51.25922],[13.9332,51.26111],[13.93147,51.26159],[13.93252,51.26297],[13.93329,51.26489],[13.92996,51.26471],[13.92503,51.2665],[13.92107,51.2669],[13.91985,51.26796],[13.91549,51.26906],[13.91374,51.26914],[13.91174,51.2713],[13.91281,51.27245],[13.91733,51.27396],[13.91558,51.27671],[13.90951,51.27646],[13.91011,51.28011],[13.90775,51.28526],[13.90031,51.28502],[13.89539,51.29112],[13.8937,51.29255],[13.8929,51.29786],[13.88968,51.29826],[13.89008,51.29966],[13.89285,51.2996],[13.89348,51.30089],[13.89958,51.30158],[13.90369,51.3047],[13.90982,51.3086],[13.9097,51.30941],[13.91177,51.31044],[13.90048,51.31497],[13.89941,51.31826],[13.90802,51.31864],[13.91571,51.32057],[13.92324,51.32183],[13.93263,51.32012],[13.92949,51.32705],[13.92721,51.33052],[13.92514,51.33487],[13.92375,51.33923],[13.91794,51.34037],[13.91228,51.34108],[13.9087,51.34207],[13.90983,51.34366],[13.91013,51.34493],[13.90501,51.35039],[13.90871,51.35343],[13.9088,51.35469],[13.90634,51.36061],[13.90582,51.36133],[13.89762,51.35806],[13.89384,51.35872],[13.89088,51.36069],[13.89002,51.36539],[13.887,51.36678],[13.88772,51.3676],[13.88776,51.36943],[13.88469,51.37052],[13.88546,51.37285],[13.88368,51.37521],[13.8804,51.37507],[13.87669,51.3753],[13.87008,51.37634],[13.86828,51.37691],[13.8644,51.37938],[13.86334,51.38045],[13.86325,51.38176],[13.85548,51.38149],[13.84994,51.38202],[13.8394,51.38251],[13.83319,51.38384],[13.83258,51.38292],[13.83543,51.38204],[13.836,51.38044],[13.83591,51.37763],[13.83531,51.37679],[13.83111,51.37655],[13.82909,51.37581],[13.82649,51.37437],[13.81897,51.3695],[13.81403,51.37066],[13.8088,51.37282],[13.80342,51.3727],[13.80055,51.37221],[13.79502,51.37085],[13.78794,51.37091],[13.78253,51.36967],[13.78496,51.37417],[13.78408,51.37474],[13.7798,51.37571],[13.78145,51.3773],[13.78268,51.37788],[13.782,51.38044],[13.78184,51.3836],[13.77561,51.39767],[13.76455,51.40118],[13.76132,51.39691],[13.7569,51.38779],[13.75563,51.38464],[13.75409,51.38465],[13.75325,51.38232],[13.75101,51.38031],[13.74474,51.38187],[13.74684,51.3804],[13.74957,51.37929],[13.74821,51.36944],[13.7476,51.36781],[13.74533,51.36561],[13.73911,51.3612],[13.733,51.36335],[13.72735,51.36471],[13.72482,51.36416],[13.72218,51.364],[13.72014,51.36349],[13.71339,51.3635],[13.70624,51.36553],[13.69722,51.37023],[13.69125,51.37401],[13.68793,51.37244],[13.68276,51.36762],[13.67868,51.36968],[13.67668,51.3712],[13.67359,51.37268],[13.6684,51.37613],[13.66657,51.37435],[13.66439,51.37127],[13.66145,51.36897],[13.66003,51.36947],[13.65181,51.36949],[13.64842,51.37007],[13.64271,51.36871],[13.6382,51.36889],[13.6321,51.36853],[13.62947,51.36886],[13.62475,51.36987],[13.62233,51.37],[13.61723,51.37106],[13.61668,51.36976],[13.61134,51.37021],[13.60851,51.36962],[13.60329,51.36941],[13.59874,51.36893],[13.59406,51.36936],[13.59576,51.37453],[13.59134,51.37514],[13.59201,51.37777],[13.58765,51.38183],[13.58985,51.38423],[13.58812,51.38459],[13.58284,51.38453],[13.57542,51.38493],[13.56996,51.38567],[13.56958,51.3851],[13.56626,51.38383],[13.56458,51.38199],[13.55957,51.38064],[13.55627,51.37904],[13.55082,51.37925],[13.54691,51.37189],[13.54614,51.36917],[13.54263,51.36932],[13.54085,51.37285],[13.53976,51.37365],[13.53777,51.37716],[13.53777,51.38105],[13.53228,51.38068],[13.52697,51.38127],[13.52312,51.38103],[13.52486,51.38427],[13.52276,51.39156],[13.52185,51.39325],[13.52122,51.40206],[13.5148,51.40187],[13.51279,51.40199],[13.50898,51.40379],[13.50552,51.40392],[13.50274,51.40471],[13.50003,51.40392],[13.49439,51.40292],[13.49135,51.40768],[13.47768,51.41023],[13.4711,51.40993],[13.46328,51.41175],[13.46114,51.40828],[13.45891,51.39974],[13.45326,51.39787],[13.45174,51.39792],[13.44993,51.39929],[13.44876,51.39835],[13.45012,51.3964],[13.44503,51.3973],[13.4435,51.39846],[13.44203,51.39754],[13.44018,51.39935],[13.44033,51.40013],[13.43804,51.40091],[13.43793,51.40368],[13.43063,51.39985],[13.42889,51.39849],[13.42477,51.39432],[13.4226,51.39127],[13.42121,51.39153],[13.42365,51.39467],[13.42758,51.3989],[13.42564,51.40074],[13.41584,51.39156],[13.41302,51.39162],[13.41572,51.38967],[13.41568,51.38724],[13.41886,51.38705],[13.41755,51.38499],[13.4178,51.38342],[13.41699,51.3815],[13.41694,51.37778],[13.4163,51.3749],[13.41621,51.37286],[13.41513,51.37037],[13.41743,51.36928],[13.4178,51.36736],[13.41717,51.36404],[13.42022,51.36356],[13.41935,51.36226],[13.42366,51.36138],[13.42828,51.36165],[13.43711,51.36049],[13.44053,51.35857],[13.44372,51.3549],[13.44569,51.35537],[13.44784,51.35215],[13.45028,51.35159],[13.44959,51.34913],[13.44124,51.34054],[13.43373,51.33964],[13.42564,51.33815],[13.42265,51.33978],[13.40913,51.34289],[13.40553,51.34342],[13.40416,51.34242],[13.39689,51.34341],[13.39605,51.3422],[13.39214,51.34279],[13.39321,51.34372],[13.37908,51.3434],[13.36926,51.34477],[13.3663,51.35242],[13.36488,51.35709],[13.36451,51.36062],[13.36255,51.36294],[13.36243,51.36675],[13.36361,51.36861],[13.36281,51.36988],[13.36065,51.37083],[13.35964,51.37766],[13.3594,51.38421],[13.35878,51.39028],[13.3616,51.39064],[13.36164,51.3931],[13.36724,51.39272],[13.36931,51.39174],[13.3726,51.39261],[13.37349,51.39053],[13.37497,51.39083],[13.37383,51.39273],[13.37735,51.39239],[13.37659,51.3954],[13.38089,51.39529],[13.38189,51.39622],[13.38009,51.3973],[13.37585,51.39756],[13.37555,51.39895],[13.37759,51.40287],[13.37854,51.40705],[13.37368,51.40597],[13.37346,51.40477],[13.37057,51.40402],[13.36915,51.40602],[13.3681,51.40572],[13.36462,51.40592],[13.36187,51.40976],[13.36183,51.41212],[13.36075,51.41429],[13.35802,51.41432],[13.34226,51.42322],[13.3404,51.42508],[13.33862,51.42494],[13.33765,51.42705],[13.3362,51.4288],[13.33795,51.42916],[13.33423,51.43316],[13.33341,51.43532],[13.33335,51.43744],[13.32032,51.4375],[13.3222,51.43674],[13.32402,51.4347],[13.32576,51.43365],[13.32621,51.43225],[13.32633,51.42908],[13.32834,51.42664],[13.3215,51.42436],[13.31588,51.42328],[13.31363,51.42318],[13.31129,51.42228],[13.31125,51.42015],[13.309,51.41771],[13.30192,51.41568],[13.29386,51.41381],[13.28667,51.41138],[13.28553,51.41053],[13.28571,51.4031],[13.28635,51.39929],[13.28023,51.3992],[13.27464,51.39977],[13.27206,51.39951],[13.26958,51.40041],[13.26652,51.40042],[13.26339,51.40075],[13.25998,51.4004],[13.25919,51.39939],[13.25909,51.39533],[13.26377,51.39446],[13.26366,51.39099],[13.27004,51.3905],[13.26854,51.38479],[13.26372,51.38495],[13.26264,51.38831],[13.25607,51.39209],[13.25052,51.39273],[13.25065,51.39411],[13.2479,51.3943],[13.24666,51.39344],[13.24346,51.39319],[13.24066,51.39425],[13.23773,51.39504],[13.22951,51.3955],[13.22108,51.39488],[13.21731,51.39506],[13.21503,51.39598],[13.21355,51.39725],[13.21268,51.39913],[13.21213,51.4015],[13.21015,51.40474],[13.20782,51.40424],[13.2046,51.40934],[13.20357,51.4095],[13.20234,51.41116],[13.1999,51.41132],[13.2023,51.40602],[13.20466,51.40566],[13.20506,51.40479],[13.20363,51.40398],[13.20333,51.40026],[13.20138,51.40036],[13.19884,51.39924],[13.20141,51.39752],[13.20133,51.39499],[13.19735,51.39633],[13.19063,51.39455],[13.19131,51.39241],[13.1905,51.39144],[13.19142,51.38871],[13.18687,51.3877],[13.18766,51.38643],[13.18718,51.3843],[13.18829,51.38233],[13.18359,51.38078],[13.18222,51.3777],[13.18289,51.3751],[13.18596,51.37526],[13.19687,51.37314],[13.20065,51.36964],[13.20296,51.36815],[13.20662,51.36918],[13.20831,51.36692],[13.20624,51.36676],[13.20461,51.36608],[13.20446,51.36453],[13.20296,51.36274],[13.19786,51.36203],[13.19193,51.35853],[13.19961,51.35726],[13.20149,51.35658],[13.20163,51.35587],[13.20433,51.35576],[13.20448,51.35343],[13.20197,51.35323],[13.20166,51.3511],[13.19865,51.35104],[13.19972,51.34901],[13.20073,51.34834],[13.20536,51.34784],[13.20606,51.34656],[13.20831,51.34556],[13.21103,51.34333],[13.20491,51.33348],[13.20224,51.32958],[13.20331,51.3247],[13.20428,51.31792],[13.2063,51.31293],[13.20817,51.31322],[13.20871,51.31187],[13.20577,51.31161],[13.21027,51.30249],[13.21162,51.29817],[13.21442,51.29349],[13.2135,51.28853],[13.21072,51.28848],[13.20769,51.28889],[13.20723,51.28579],[13.20777,51.28015],[13.20983,51.27818],[13.2068,51.27748],[13.21072,51.27523],[13.21232,51.27392],[13.21664,51.26918],[13.21314,51.26844],[13.21351,51.26618],[13.21144,51.26594],[13.21134,51.26503],[13.20871,51.26401],[13.2088,51.25992],[13.2049,51.25951],[13.20333,51.26081],[13.20232,51.25924],[13.19686,51.25867],[13.19624,51.26105],[13.19407,51.26068],[13.19466,51.2558],[13.19959,51.25302],[13.20071,51.25162],[13.19944,51.25079],[13.19663,51.25021],[13.19541,51.24813],[13.19556,51.24701],[13.20075,51.24644],[13.20071,51.24531],[13.20193,51.24376],[13.20416,51.2436],[13.20534,51.24276],[13.20697,51.2404],[13.20327,51.23762],[13.20264,51.23821],[13.19795,51.236],[13.20158,51.23285],[13.19803,51.22989],[13.19399,51.23316],[13.19075,51.23195],[13.18922,51.23361],[13.18733,51.23323],[13.18351,51.23466],[13.18161,51.23327],[13.17111,51.23108],[13.17353,51.22891],[13.17174,51.22834],[13.16239,51.22845],[13.16251,51.22753],[13.15675,51.22775],[13.15093,51.22836],[13.14798,51.22843],[13.14767,51.22216],[13.14741,51.221],[13.14267,51.22323],[13.14241,51.2212],[13.13713,51.2205],[13.13538,51.21934],[13.13423,51.22077],[13.12646,51.22227],[13.12484,51.2207],[13.12199,51.22066],[13.11832,51.22127],[13.11821,51.22238],[13.10866,51.2226],[13.10694,51.22142],[13.10378,51.22322],[13.10338,51.22254],[13.10464,51.21775],[13.10706,51.2152],[13.10868,51.21491],[13.1105,51.21387],[13.10928,51.21282],[13.10498,51.21285],[13.10287,51.21352],[13.10013,51.21344],[13.09338,51.21199],[13.0884,51.21133],[13.08659,51.21258],[13.08708,51.21389],[13.07852,51.21887],[13.07476,51.21629],[13.07408,51.21716],[13.07002,51.21423],[13.06819,51.21524],[13.06398,51.21319],[13.05102,51.2162],[13.04918,51.2148],[13.04667,51.21385],[13.04679,51.21164],[13.04809,51.21041],[13.04657,51.21013],[13.0481,51.20567],[13.04702,51.20356],[13.04412,51.20155],[13.04017,51.20135],[13.03529,51.20031],[13.03121,51.19969],[13.02378,51.20031],[13.02103,51.19991],[13.01826,51.20008],[13.01637,51.2023],[13.01592,51.20338],[13.01778,51.20523],[13.01746,51.20642],[13.01195,51.2095],[13.00915,51.2086],[13.00448,51.20871],[13.00149,51.20848],[12.99965,51.20595],[12.9971,51.20525],[12.99605,51.20257],[12.99393,51.18839],[12.99567,51.18588],[12.9964,51.18383],[12.99792,51.18244],[12.99848,51.17915],[12.99843,51.17506],[12.99869,51.17297],[13.0009,51.17064],[13.00268,51.17232],[13.00553,51.17183],[13.00676,51.17355],[13.01193,51.17323],[13.01727,51.17031],[13.0244,51.16559],[13.02196,51.16493],[13.01993,51.16347],[13.01724,51.16327],[13.01495,51.1625],[13.01389,51.16034],[13.01427,51.15835],[13.01573,51.15732],[13.01513,51.15552],[13.0129,51.15607],[13.0106,51.15569],[13.01229,51.15382],[13.01305,51.15208],[13.0129,51.14922],[13.01345,51.14808],[13.00809,51.14583],[13.0082,51.14368],[13.00916,51.14252],[13.01124,51.14111],[13.01489,51.14038],[13.01634,51.13964],[13.01448,51.13865],[13.01704,51.13705],[13.01008,51.13565],[13.01378,51.13461],[13.01651,51.13536],[13.01745,51.13401],[13.02169,51.13481],[13.02633,51.13446],[13.02771,51.13385],[13.0298,51.13362],[13.03492,51.13494],[13.03721,51.13494],[13.04079,51.13397],[13.04507,51.13477],[13.04717,51.13658],[13.04407,51.13746],[13.04237,51.14038],[13.04333,51.14141],[13.04511,51.14134],[13.04885,51.13988],[13.05672,51.14035],[13.05902,51.14147],[13.06167,51.14208],[13.06228,51.14027],[13.06388,51.14049],[13.06386,51.14265],[13.06749,51.14251],[13.06673,51.14463],[13.06639,51.14929],[13.06831,51.1526],[13.07486,51.15053],[13.07862,51.15049],[13.0787,51.14884],[13.0835,51.14852],[13.08508,51.14156],[13.09111,51.14217],[13.10119,51.14195],[13.10234,51.14432],[13.1045,51.14718],[13.10478,51.14874],[13.10787,51.14825],[13.10902,51.14649],[13.11352,51.14885],[13.11478,51.15066],[13.11653,51.1521],[13.1194,51.1502],[13.12368,51.15261],[13.12488,51.15382],[13.12919,51.15257],[13.13146,51.15161],[13.13538,51.15422],[13.1393,51.14623],[13.1391,51.14398],[13.1439,51.14455],[13.14623,51.14625],[13.14886,51.14989],[13.1515,51.15225],[13.14601,51.15759],[13.14764,51.15888],[13.14606,51.16108],[13.14777,51.16193],[13.14022,51.1635],[13.13935,51.16945],[13.13681,51.17],[13.13532,51.17334],[13.13851,51.17421],[13.14494,51.17464],[13.14493,51.17958],[13.14469,51.18082],[13.15221,51.17869],[13.15709,51.17799],[13.17209,51.17712],[13.1714,51.18009],[13.16928,51.18004],[13.17033,51.18378],[13.16757,51.18387],[13.16938,51.1857],[13.16812,51.18749],[13.16967,51.18831],[13.1729,51.18559],[13.18105,51.18248],[13.18501,51.18726],[13.18405,51.18845],[13.18923,51.18959],[13.1904,51.18749],[13.19054,51.18523],[13.19211,51.18483],[13.19288,51.18945],[13.19568,51.18807],[13.19747,51.18661],[13.19971,51.1884],[13.20249,51.18654],[13.20577,51.18529],[13.20753,51.18608],[13.2078,51.1869],[13.21227,51.18692],[13.21421,51.18263],[13.21147,51.1819],[13.21209,51.18014],[13.21112,51.17993],[13.21092,51.17574],[13.22506,51.17567],[13.22556,51.17285],[13.22916,51.17191],[13.22788,51.16962],[13.23294,51.16847],[13.23401,51.16942],[13.23627,51.16906],[13.23666,51.16606],[13.24071,51.16458],[13.2411,51.16314],[13.24334,51.16087],[13.24505,51.16186],[13.24524,51.16322],[13.24915,51.16284],[13.2501,51.16378],[13.25384,51.16255],[13.25196,51.15963],[13.25362,51.15695],[13.25301,51.15469],[13.25694,51.15447],[13.25607,51.1529],[13.25771,51.15038],[13.2555,51.14922],[13.25203,51.14819],[13.2531,51.14627],[13.25154,51.14606],[13.25051,51.14394],[13.25044,51.1414],[13.2545,51.14156],[13.25552,51.14119],[13.25879,51.1416],[13.25882,51.14039],[13.24934,51.13776],[13.24967,51.13356],[13.24733,51.13226],[13.24852,51.13118],[13.24954,51.12927],[13.25072,51.12855],[13.2523,51.12521],[13.24873,51.12485],[13.25076,51.11833],[13.24642,51.11744],[13.24633,51.11408],[13.23766,51.11246],[13.2375,51.11533],[13.23299,51.11386],[13.23008,51.11407],[13.22696,51.11348],[13.22652,51.10938],[13.22704,51.10634],[13.22622,51.10262],[13.22849,51.10224],[13.2307,51.10418],[13.23163,51.10647],[13.23787,51.10704],[13.24042,51.10669],[13.24218,51.10726],[13.24145,51.11082],[13.24374,51.11166],[13.24944,51.11152],[13.25122,51.11088],[13.25111,51.10902],[13.24951,51.10887],[13.25078,51.10467],[13.25343,51.105],[13.25433,51.10304],[13.25367,51.10027],[13.25406,51.09912],[13.2553,51.09869],[13.25525,51.09715],[13.25733,51.09577],[13.25528,51.09438],[13.2585,51.09193],[13.25833,51.08984],[13.25548,51.09017],[13.25558,51.09105],[13.25347,51.09117],[13.25381,51.09265],[13.25092,51.09301],[13.24107,51.09134],[13.23528,51.09216],[13.22742,51.09357],[13.21894,51.09657],[13.21323,51.09978],[13.20769,51.09724],[13.20415,51.09794],[13.20438,51.09996],[13.20188,51.09999],[13.20037,51.10632],[13.20291,51.10697],[13.20256,51.10869],[13.20027,51.10908],[13.20004,51.11084],[13.19018,51.10986],[13.18465,51.10961],[13.18025,51.11205],[13.17213,51.11413],[13.17121,51.11187],[13.17205,51.10938],[13.16663,51.108],[13.16987,51.10643],[13.16613,51.10592],[13.1677,51.10405],[13.15659,51.10116],[13.15266,51.10171],[13.15332,51.09818],[13.14955,51.09674],[13.14828,51.09531],[13.14624,51.09484],[13.14523,51.09572],[13.1437,51.09601],[13.14104,51.09574],[13.13779,51.09389],[13.13764,51.09521],[13.13567,51.09702],[13.13475,51.09576],[13.13535,51.09251],[13.13634,51.09076],[13.13503,51.08982],[13.13534,51.08846],[13.13936,51.08777],[13.13756,51.08586],[13.13373,51.08686],[13.13152,51.08647],[13.12877,51.08156],[13.12107,51.08066],[13.11317,51.07888],[13.11259,51.08003],[13.10739,51.07991],[13.10724,51.07793],[13.0979,51.07325],[13.09212,51.0685],[13.08503,51.06146],[13.08348,51.06212],[13.08151,51.06146],[13.08123,51.05848],[13.08414,51.05834],[13.08993,51.05896]]],[[[12.66945,50.81622],[12.67087,50.81593],[12.66951,50.81317],[12.66727,50.81362],[12.66352,50.81311],[12.65888,50.81198],[12.66152,50.81039],[12.66045,50.81],[12.66295,50.80872],[12.67008,50.80442],[12.67004,50.80092],[12.66839,50.79981],[12.66981,50.79747],[12.67655,50.80008],[12.67833,50.80048],[12.68357,50.79914],[12.685,50.7999],[12.68687,50.79752],[12.68898,50.79677],[12.6869,50.79444],[12.68245,50.79541],[12.68014,50.79505],[12.67884,50.79444],[12.68116,50.79325],[12.68385,50.78913],[12.68588,50.79143],[12.68897,50.7924],[12.69035,50.79335],[12.69228,50.79317],[12.69576,50.79384],[12.69837,50.79498],[12.69883,50.79447],[12.70438,50.7942],[12.70557,50.79317],[12.7072,50.79348],[12.70778,50.79445],[12.70968,50.79393],[12.71414,50.79544],[12.71582,50.79522],[12.72023,50.79642],[12.71897,50.79756],[12.72046,50.79898],[12.72327,50.79778],[12.72782,50.79713],[12.7326,50.79735],[12.73501,50.79797],[12.73356,50.79926],[12.73362,50.80126],[12.73681,50.80153],[12.73859,50.80285],[12.74239,50.79916],[12.75023,50.79981],[12.75522,50.80096],[12.76059,50.80252],[12.76351,50.80232],[12.76721,50.80263],[12.76805,50.805],[12.76714,50.80523],[12.76913,50.80776],[12.76899,50.81144],[12.76729,50.8123],[12.76471,50.81268],[12.76282,50.81339],[12.76096,50.81328],[12.75534,50.81578],[12.75343,50.81719],[12.74832,50.8182],[12.74765,50.82164],[12.74581,50.82218],[12.74297,50.82249],[12.73868,50.82125],[12.73959,50.82027],[12.73584,50.8197],[12.73191,50.81886],[12.72724,50.81753],[12.72191,50.81778],[12.72055,50.81627],[12.72102,50.81522],[12.71624,50.81329],[12.71676,50.81244],[12.71413,50.81158],[12.71021,50.81076],[12.70739,50.81052],[12.70352,50.81077],[12.7001,50.81135],[12.70044,50.81373],[12.69975,50.81603],[12.70249,50.81602],[12.70183,50.8185],[12.7034,50.81944],[12.70311,50.82021],[12.70464,50.82092],[12.70291,50.82279],[12.70371,50.82353],[12.70197,50.8254],[12.70028,50.82647],[12.69785,50.82676],[12.69757,50.82958],[12.69526,50.83081],[12.69398,50.83236],[12.69015,50.83407],[12.68864,50.83294],[12.68499,50.83391],[12.68286,50.83372],[12.67903,50.83111],[12.67979,50.82896],[12.67934,50.82727],[12.67995,50.82584],[12.67928,50.82521],[12.68031,50.82238],[12.67693,50.82237],[12.67357,50.82139],[12.67218,50.82307],[12.6698,50.82529],[12.67074,50.82598],[12.66789,50.82851],[12.66227,50.82655],[12.66069,50.82551],[12.66014,50.82423],[12.65867,50.82516],[12.65625,50.82394],[12.65612,50.82299],[12.65762,50.82195],[12.6577,50.82115],[12.65434,50.82027],[12.65594,50.81896],[12.66295,50.81755],[12.66369,50.81816],[12.66564,50.81834],[12.66802,50.81756],[12.66945,50.81622]]],[[[12.9698,51.03462],[12.97542,51.03229],[12.97564,51.03422],[12.9775,51.0344],[12.97822,51.03031],[12.98052,51.03018],[12.97976,51.0344],[12.98139,51.03658],[12.98122,51.03952],[12.97995,51.04142],[12.98391,51.042],[12.98398,51.04467],[12.98691,51.0467],[12.98685,51.04784],[12.98312,51.04732],[12.98056,51.04669],[12.97885,51.04678],[12.97409,51.04808],[12.97293,51.04861],[12.96828,51.04979],[12.96385,51.05015],[12.9622,51.05148],[12.95984,51.05456],[12.95746,51.05537],[12.95777,51.05758],[12.95611,51.05766],[12.95554,51.07046],[12.95315,51.06938],[12.95401,51.06548],[12.9531,51.06411],[12.95269,51.06174],[12.95264,51.05853],[12.94648,51.05799],[12.94739,51.0561],[12.94313,51.05398],[12.94048,51.05397],[12.93449,51.05335],[12.93069,51.05165],[12.92956,51.05451],[12.92985,51.05746],[12.92612,51.0582],[12.92182,51.05619],[12.92301,51.05451],[12.92321,51.05243],[12.92245,51.05075],[12.92469,51.04525],[12.91391,51.04429],[12.91061,51.0448],[12.90664,51.04398],[12.90243,51.04379],[12.89671,51.04278],[12.89214,51.04254],[12.88283,51.04294],[12.88017,51.04378],[12.87702,51.04354],[12.87561,51.04461],[12.87874,51.04648],[12.8839,51.04802],[12.88356,51.04991],[12.88547,51.05051],[12.88747,51.05276],[12.88562,51.05474],[12.88645,51.05611],[12.88335,51.05849],[12.87938,51.05987],[12.87312,51.05279],[12.86964,51.0521],[12.86658,51.05504],[12.86295,51.0607],[12.85938,51.05893],[12.85553,51.0576],[12.85082,51.05545],[12.84795,51.05714],[12.84441,51.05449],[12.84311,51.05504],[12.8419,51.0545],[12.84131,51.05298],[12.84679,51.05149],[12.84599,51.05032],[12.84035,51.05191],[12.83904,51.05071],[12.84204,51.0503],[12.8407,51.04827],[12.84492,51.04765],[12.84756,51.04576],[12.84635,51.04488],[12.84817,51.04409],[12.85085,51.04391],[12.85222,51.04319],[12.85557,51.043],[12.85689,51.04361],[12.85915,51.0438],[12.86021,51.04297],[12.86444,51.0416],[12.86406,51.03952],[12.86702,51.03853],[12.86764,51.03723],[12.86747,51.0353],[12.86607,51.03472],[12.86718,51.03269],[12.86928,51.03164],[12.86815,51.02952],[12.86644,51.02496],[12.86966,51.02499],[12.87213,51.02309],[12.87594,51.02251],[12.87558,51.0188],[12.87362,51.01619],[12.875,51.01333],[12.87932,51.01313],[12.88184,51.01214],[12.88516,51.01233],[12.89193,51.01092],[12.89284,51.00963],[12.89537,51.01023],[12.89912,51.00188],[12.90225,51.00168],[12.90735,51.00018],[12.91203,50.99967],[12.91767,50.99831],[12.92179,50.99786],[12.92015,50.99671],[12.92356,50.99688],[12.92577,50.99586],[12.92586,50.99751],[12.93891,50.99581],[12.95108,50.9932],[12.95373,50.99694],[12.95498,50.99979],[12.95555,51.00328],[12.95545,51.00592],[12.95478,51.00821],[12.95744,51.01386],[12.95743,51.01591],[12.95226,51.01678],[12.95152,51.02478],[12.95057,51.02649],[12.95061,51.02886],[12.95121,51.03271],[12.95198,51.03414],[12.95069,51.03603],[12.95671,51.03694],[12.95781,51.03862],[12.96288,51.04028],[12.96516,51.03699],[12.9698,51.03462]]],[[[12.53977,51.00783],[12.54018,51.00573],[12.53348,51.00473],[12.52645,51.00149],[12.52755,50.9989],[12.52835,50.99828],[12.53124,50.99817],[12.53562,50.99675],[12.53877,50.99638],[12.54181,50.99747],[12.54359,50.99779],[12.54666,50.99747],[12.54893,50.99769],[12.5509,50.99829],[12.55576,50.99749],[12.5558,50.99626],[12.56244,50.99494],[12.56788,50.99181],[12.57278,50.99024],[12.57412,50.98928],[12.57585,50.98602],[12.57763,50.9839],[12.58218,50.98222],[12.58408,50.98281],[12.57929,50.98514],[12.58102,50.98923],[12.58413,50.98974],[12.5857,50.99037],[12.59162,50.99133],[12.5916,50.99285],[12.59351,50.99307],[12.594,50.9918],[12.59623,50.99302],[12.59842,50.99249],[12.60119,50.99273],[12.60169,50.99535],[12.60499,50.99663],[12.60753,50.99673],[12.60803,50.99553],[12.60783,50.99269],[12.60731,50.99082],[12.6086,50.99025],[12.61071,50.98761],[12.61249,50.9873],[12.61643,50.98528],[12.61757,50.98343],[12.61735,50.98079],[12.62568,50.97963],[12.62909,50.97891],[12.63366,50.97879],[12.64087,50.98109],[12.63954,50.98326],[12.64143,50.98361],[12.64954,50.98199],[12.6546,50.98236],[12.65821,50.98204],[12.66245,50.98307],[12.66625,50.98579],[12.66768,50.98752],[12.66491,50.98808],[12.66219,50.99476],[12.66013,50.99882],[12.65934,50.99983],[12.65765,51.0007],[12.6519,51.00232],[12.65142,51.00377],[12.64956,51.00518],[12.64933,51.00683],[12.64601,51.00868],[12.64349,51.0097],[12.6426,51.01079],[12.64377,51.01484],[12.64259,51.01846],[12.64169,51.02402],[12.64455,51.02847],[12.6446,51.03017],[12.64196,51.03166],[12.64096,51.03262],[12.63846,51.03306],[12.63576,51.03242],[12.63676,51.03392],[12.63049,51.03499],[12.62839,51.03427],[12.62654,51.03653],[12.6234,51.03912],[12.62222,51.04069],[12.62654,51.04088],[12.62626,51.04284],[12.62949,51.04265],[12.63315,51.04192],[12.63339,51.04294],[12.63226,51.04392],[12.63296,51.04521],[12.63647,51.04658],[12.63633,51.04911],[12.63432,51.0524],[12.63319,51.05578],[12.63187,51.05742],[12.62812,51.05735],[12.6273,51.06096],[12.62745,51.06319],[12.63141,51.06477],[12.63445,51.06417],[12.63548,51.06358],[12.6374,51.06441],[12.63801,51.06353],[12.64147,51.06799],[12.6448,51.07046],[12.64649,51.07283],[12.64828,51.07354],[12.654,51.07146],[12.65982,51.06976],[12.66477,51.06954],[12.6679,51.07024],[12.66692,51.07149],[12.67745,51.07172],[12.67871,51.07428],[12.68363,51.07224],[12.69509,51.07173],[12.70357,51.07027],[12.7035,51.06759],[12.70666,51.06767],[12.7072,51.07122],[12.7088,51.07131],[12.70914,51.07376],[12.70985,51.07464],[12.71327,51.07174],[12.71939,51.074],[12.72324,51.07772],[12.72199,51.08166],[12.72079,51.08256],[12.71575,51.08535],[12.71654,51.08642],[12.71128,51.0855],[12.70525,51.09056],[12.70446,51.08988],[12.69979,51.09386],[12.69395,51.097],[12.6929,51.09853],[12.68873,51.09676],[12.67746,51.09393],[12.672,51.10174],[12.67271,51.10594],[12.67228,51.10731],[12.6751,51.11088],[12.66535,51.1134],[12.65478,51.11582],[12.65552,51.11823],[12.65122,51.12106],[12.64717,51.12445],[12.6417,51.12703],[12.63648,51.12884],[12.63676,51.13007],[12.63166,51.1286],[12.62552,51.12635],[12.62276,51.12662],[12.62063,51.12866],[12.61954,51.13064],[12.61775,51.13139],[12.61468,51.12894],[12.60668,51.13359],[12.60402,51.13667],[12.60612,51.1391],[12.59961,51.14297],[12.59497,51.14216],[12.59192,51.14102],[12.59167,51.13906],[12.58523,51.13783],[12.58477,51.13916],[12.57665,51.13639],[12.56942,51.13712],[12.56809,51.1404],[12.56498,51.13964],[12.55541,51.1355],[12.55848,51.13307],[12.55599,51.13321],[12.55784,51.13027],[12.56168,51.13154],[12.56394,51.12988],[12.56299,51.1262],[12.55961,51.12772],[12.56012,51.12374],[12.56452,51.12327],[12.56463,51.11808],[12.56714,51.11565],[12.56051,51.11417],[12.55837,51.11419],[12.55754,51.11528],[12.55435,51.11485],[12.55244,51.1121],[12.55055,51.11109],[12.55144,51.10835],[12.54784,51.10532],[12.54945,51.10412],[12.54786,51.10267],[12.54949,51.10174],[12.54873,51.09968],[12.54579,51.09746],[12.54451,51.097],[12.54788,51.09567],[12.55117,51.09321],[12.55252,51.09269],[12.55311,51.09136],[12.55677,51.09028],[12.5489,51.08604],[12.54295,51.08405],[12.53817,51.0828],[12.52797,51.08162],[12.52499,51.08081],[12.5231,51.08299],[12.51988,51.08233],[12.51933,51.08141],[12.52269,51.07925],[12.52577,51.07686],[12.52206,51.07395],[12.51974,51.07361],[12.5142,51.07231],[12.51155,51.07142],[12.5112,51.07033],[12.51224,51.06798],[12.51184,51.06652],[12.50786,51.06534],[12.50281,51.06491],[12.50152,51.06408],[12.50446,51.06079],[12.50641,51.05756],[12.50748,51.05402],[12.50858,51.05306],[12.50468,51.05207],[12.50193,51.05173],[12.50177,51.05092],[12.50394,51.04746],[12.50474,51.04489],[12.50377,51.04351],[12.50392,51.0418],[12.50479,51.04093],[12.50491,51.0396],[12.50289,51.0349],[12.50605,51.0303],[12.50798,51.0289],[12.51202,51.027],[12.51245,51.02642],[12.50933,51.02545],[12.50975,51.02361],[12.50856,51.0234],[12.509,51.02211],[12.50728,51.02005],[12.50739,51.01728],[12.5107,51.01642],[12.51283,51.01647],[12.5151,51.01715],[12.51633,51.01822],[12.51437,51.02688],[12.51816,51.02735],[12.51891,51.02488],[12.5189,51.02286],[12.53149,51.02543],[12.53885,51.02425],[12.53781,51.02198],[12.53961,51.02172],[12.53924,51.02041],[12.53664,51.01994],[12.53591,51.01909],[12.53611,51.01599],[12.53477,51.01563],[12.53561,51.01407],[12.53877,51.01076],[12.53977,51.00783]]],[[[12.56114,51.30913],[12.55697,51.30899],[12.54717,51.30725],[12.539,51.30525],[12.53944,51.30381],[12.53739,51.30388],[12.53591,51.30227],[12.53664,51.29935],[12.53923,51.29708],[12.54332,51.29879],[12.54442,51.29623],[12.53771,51.29421],[12.53199,51.29122],[12.5292,51.29002],[12.52042,51.28714],[12.51729,51.28448],[12.51468,51.28463],[12.5141,51.27013],[12.51795,51.26939],[12.51742,51.2646],[12.51747,51.25743],[12.51994,51.25738],[12.52292,51.26738],[12.53723,51.26868],[12.53781,51.26979],[12.54733,51.26737],[12.5509,51.2673],[12.55476,51.26861],[12.55638,51.27004],[12.56097,51.27098],[12.56463,51.27308],[12.56581,51.27281],[12.56801,51.26988],[12.56835,51.26838],[12.57004,51.26746],[12.57024,51.26578],[12.57302,51.26503],[12.57603,51.26385],[12.58154,51.26292],[12.58189,51.26348],[12.5868,51.26422],[12.58821,51.26378],[12.5888,51.26244],[12.58635,51.26257],[12.58456,51.25609],[12.57854,51.25491],[12.57593,51.25092],[12.58407,51.25112],[12.59232,51.25218],[12.59328,51.25093],[12.59637,51.24897],[12.59863,51.24872],[12.60018,51.24781],[12.60199,51.25035],[12.60397,51.25231],[12.61006,51.25932],[12.60864,51.26199],[12.60562,51.26323],[12.60578,51.26522],[12.60672,51.26758],[12.60892,51.26891],[12.61066,51.27083],[12.61512,51.27183],[12.61906,51.27444],[12.61843,51.27636],[12.62004,51.27931],[12.62315,51.28227],[12.62327,51.2843],[12.62598,51.28443],[12.62977,51.28321],[12.62983,51.28449],[12.6316,51.28446],[12.6319,51.2859],[12.63573,51.28488],[12.6358,51.28586],[12.63218,51.28697],[12.63496,51.28964],[12.64108,51.28753],[12.65079,51.28461],[12.65854,51.2827],[12.65766,51.28598],[12.66172,51.28588],[12.66219,51.2869],[12.66396,51.28709],[12.66366,51.29106],[12.65697,51.29107],[12.65769,51.29415],[12.65961,51.29375],[12.66099,51.295],[12.66061,51.29669],[12.66138,51.29753],[12.66484,51.29841],[12.66698,51.30139],[12.67167,51.30584],[12.67248,51.30552],[12.67536,51.30743],[12.67419,51.30824],[12.66929,51.30885],[12.6643,51.30855],[12.66098,51.30752],[12.65815,51.30705],[12.65373,51.30335],[12.65127,51.30758],[12.64517,51.30616],[12.63944,51.30756],[12.63486,51.30728],[12.63449,51.30584],[12.63223,51.3055],[12.63122,51.3017],[12.62685,51.3034],[12.62702,51.30619],[12.62887,51.30665],[12.62757,51.30813],[12.62431,51.30691],[12.62232,51.3072],[12.62014,51.30665],[12.61659,51.30659],[12.61289,51.30701],[12.61097,51.3065],[12.60972,51.30454],[12.61154,51.30274],[12.60926,51.29927],[12.60828,51.29977],[12.61028,51.30259],[12.60884,51.30313],[12.60617,51.30019],[12.60076,51.30217],[12.59977,51.30159],[12.5973,51.30344],[12.59144,51.30467],[12.58337,51.30589],[12.57735,51.30669],[12.57724,51.30591],[12.57427,51.30654],[12.57064,51.30782],[12.57079,51.31073],[12.57001,51.31145],[12.56741,51.31573],[12.56248,51.31236],[12.55805,51.31281],[12.55918,51.31084],[12.56114,51.30913]]],[[[13.06342,51.3223],[13.05384,51.32247],[13.05355,51.31823],[13.03873,51.31748],[13.03933,51.31479],[13.03787,51.31444],[13.03652,51.31541],[13.03621,51.32623],[13.03275,51.32694],[13.02772,51.33582],[13.02528,51.33835],[13.00857,51.34426],[13.00987,51.34576],[13.00457,51.34763],[13.00213,51.3449],[12.98788,51.3498],[12.98799,51.34841],[12.98318,51.34873],[12.9832,51.34696],[12.97864,51.34726],[12.97585,51.34555],[12.97516,51.35388],[12.96414,51.35476],[12.95776,51.35412],[12.9587,51.35205],[12.95351,51.35085],[12.94309,51.351],[12.93967,51.35014],[12.93649,51.34908],[12.93691,51.34773],[12.92903,51.34757],[12.92856,51.35156],[12.92581,51.35276],[12.91783,51.35429],[12.91006,51.35398],[12.91026,51.35086],[12.90797,51.34885],[12.90279,51.34584],[12.90077,51.34767],[12.89845,51.34707],[12.90034,51.34489],[12.89978,51.34158],[12.90208,51.34106],[12.89996,51.33761],[12.90023,51.333],[12.89904,51.33192],[12.89854,51.32891],[12.89713,51.32659],[12.89953,51.32537],[12.90288,51.3248],[12.90789,51.32212],[12.90534,51.32198],[12.9017,51.32235],[12.89999,51.32169],[12.8965,51.3215],[12.89322,51.32078],[12.89108,51.32069],[12.88987,51.32005],[12.88799,51.32217],[12.88676,51.32077],[12.88387,51.31853],[12.87978,51.3181],[12.87851,51.31651],[12.87679,51.3161],[12.88231,51.31353],[12.87586,51.30791],[12.87313,51.30681],[12.87156,51.3055],[12.87011,51.30601],[12.87179,51.30045],[12.87375,51.29944],[12.88748,51.29343],[12.88844,51.29293],[12.89176,51.29301],[12.89213,51.29117],[12.89925,51.28814],[12.89629,51.28533],[12.89622,51.28116],[12.89751,51.2806],[12.8996,51.28139],[12.90044,51.28023],[12.8994,51.27845],[12.90189,51.27748],[12.90797,51.2775],[12.91226,51.2773],[12.91237,51.27529],[12.91119,51.27529],[12.9089,51.27196],[12.91452,51.27076],[12.91405,51.2676],[12.91764,51.2673],[12.91805,51.26827],[12.92206,51.26812],[12.92276,51.26688],[12.92575,51.26999],[12.92697,51.2699],[12.92871,51.26746],[12.92702,51.26733],[12.92713,51.26585],[12.92947,51.26628],[12.92909,51.26513],[12.9302,51.26278],[12.93139,51.26278],[12.93158,51.2612],[12.92974,51.26095],[12.93031,51.25833],[12.92725,51.25782],[12.924,51.2582],[12.92578,51.25244],[12.92597,51.25091],[12.92556,51.24912],[12.9298,51.24847],[12.93024,51.24718],[12.93576,51.24826],[12.93749,51.24764],[12.94315,51.24806],[12.94418,51.2486],[12.94896,51.24887],[12.95478,51.24613],[12.95701,51.24598],[12.95817,51.24377],[12.96063,51.24372],[12.95948,51.24043],[12.96369,51.24265],[12.96421,51.24469],[12.96757,51.24428],[12.96734,51.24348],[12.97284,51.24297],[12.97505,51.24301],[12.97519,51.24558],[12.98145,51.24609],[12.98272,51.24939],[12.98485,51.25004],[12.99435,51.24903],[12.99443,51.251],[12.99507,51.25244],[12.99876,51.25475],[13.00961,51.25533],[13.00912,51.26298],[13.01067,51.2663],[13.01798,51.26244],[13.01969,51.26387],[13.02204,51.26251],[13.02796,51.26114],[13.03338,51.26103],[13.03835,51.26173],[13.04001,51.26347],[13.04094,51.26315],[13.04193,51.25548],[13.04846,51.25505],[13.05083,51.25539],[13.06673,51.25933],[13.07026,51.26337],[13.07339,51.26294],[13.07285,51.26155],[13.07585,51.26083],[13.07537,51.25752],[13.07968,51.25709],[13.08041,51.25509],[13.08377,51.25509],[13.08626,51.25072],[13.08566,51.24945],[13.09866,51.2489],[13.09815,51.25256],[13.09102,51.25512],[13.09284,51.25846],[13.08944,51.25876],[13.08815,51.2613],[13.09004,51.26206],[13.09027,51.26407],[13.09237,51.26492],[13.09609,51.26551],[13.09638,51.26941],[13.09876,51.26848],[13.10276,51.26803],[13.11158,51.26636],[13.11261,51.26755],[13.11571,51.26734],[13.11934,51.26854],[13.12243,51.27008],[13.12544,51.27094],[13.12745,51.27282],[13.13091,51.27358],[13.13725,51.26759],[13.13767,51.26642],[13.1407,51.26742],[13.14052,51.26898],[13.14381,51.26933],[13.14461,51.26824],[13.14658,51.26887],[13.14401,51.27082],[13.14511,51.27106],[13.14825,51.26944],[13.15396,51.26891],[13.1611,51.26911],[13.16158,51.27036],[13.16044,51.28074],[13.1634,51.28175],[13.16342,51.2848],[13.16143,51.28718],[13.15943,51.28815],[13.15661,51.28882],[13.15748,51.29108],[13.15529,51.29141],[13.15571,51.29362],[13.14881,51.29439],[13.14395,51.29579],[13.14448,51.29821],[13.15016,51.30018],[13.1541,51.30244],[13.15444,51.30313],[13.15251,51.30656],[13.15498,51.30726],[13.15486,51.30923],[13.15911,51.31027],[13.15922,51.31088],[13.16191,51.31204],[13.16098,51.31363],[13.15993,51.31335],[13.16036,51.31918],[13.16115,51.32206],[13.16046,51.32443],[13.15766,51.32138],[13.15623,51.32105],[13.15038,51.32066],[13.14946,51.3214],[13.14301,51.32104],[13.14085,51.32188],[13.13999,51.32275],[13.1315,51.3233],[13.11922,51.32621],[13.11703,51.32681],[13.12006,51.3207],[13.12155,51.32088],[13.12247,51.31824],[13.12067,51.31594],[13.1186,51.32104],[13.11513,51.3204],[13.11342,51.32344],[13.11024,51.32083],[13.10962,51.32229],[13.10727,51.32164],[13.10591,51.32374],[13.10079,51.32269],[13.09946,51.32475],[13.10134,51.32492],[13.09908,51.32802],[13.10588,51.32923],[13.10541,51.33231],[13.09382,51.3333],[13.09147,51.33446],[13.07843,51.33257],[13.07581,51.33296],[13.07247,51.33279],[13.06507,51.33164],[13.06342,51.3223]]],[[[13.3346,51.75582],[13.33635,51.75067],[13.33663,51.74616],[13.32725,51.74645],[13.32827,51.7381],[13.33803,51.73599],[13.3411,51.72796],[13.34125,51.72599],[13.34313,51.72337],[13.34034,51.71596],[13.34088,51.71542],[13.34839,51.71561],[13.3486,51.71395],[13.3475,51.71398],[13.34862,51.71175],[13.34557,51.7108],[13.34883,51.70814],[13.35105,51.70795],[13.34932,51.70543],[13.35071,51.70469],[13.35077,51.70231],[13.35174,51.70059],[13.35058,51.6995],[13.34514,51.70047],[13.34429,51.69923],[13.34631,51.69838],[13.34586,51.69734],[13.34803,51.69619],[13.34774,51.69406],[13.34223,51.68541],[13.33414,51.6801],[13.33074,51.67759],[13.32996,51.67479],[13.32863,51.67255],[13.32862,51.66939],[13.32987,51.66225],[13.33185,51.66136],[13.33409,51.65854],[13.34344,51.65918],[13.34864,51.66066],[13.3582,51.66161],[13.36401,51.6623],[13.37279,51.66352],[13.39237,51.66516],[13.3977,51.66618],[13.40115,51.66785],[13.40482,51.66854],[13.40461,51.67309],[13.40664,51.67515],[13.40626,51.67604],[13.42721,51.67984],[13.42657,51.68221],[13.42839,51.68195],[13.43361,51.68242],[13.43733,51.68776],[13.43761,51.68951],[13.43909,51.69138],[13.44104,51.69191],[13.43942,51.69374],[13.43906,51.69579],[13.44152,51.69785],[13.44383,51.69743],[13.44468,51.69853],[13.44713,51.69823],[13.44686,51.69933],[13.44823,51.69981],[13.45069,51.69996],[13.45813,51.69965],[13.46214,51.70049],[13.46073,51.70166],[13.46052,51.70252],[13.45995,51.71011],[13.45584,51.71681],[13.44591,51.71667],[13.44627,51.72181],[13.45039,51.72154],[13.45456,51.72237],[13.45396,51.72431],[13.45541,51.72459],[13.45479,51.72636],[13.45229,51.7265],[13.45045,51.72862],[13.44581,51.72945],[13.44145,51.72926],[13.43653,51.72837],[13.42915,51.72885],[13.42767,51.73265],[13.42765,51.73469],[13.42136,51.73575],[13.41592,51.73477],[13.41463,51.73368],[13.40721,51.73421],[13.40631,51.7366],[13.409,51.73772],[13.40793,51.73819],[13.39644,51.73514],[13.39327,51.73493],[13.39266,51.73544],[13.39312,51.73907],[13.39766,51.73939],[13.4001,51.7431],[13.39707,51.74394],[13.40264,51.74802],[13.40341,51.7504],[13.40355,51.75254],[13.40743,51.75612],[13.40439,51.75587],[13.39756,51.75638],[13.39401,51.75689],[13.39118,51.75814],[13.39086,51.75886],[13.39093,51.76289],[13.38831,51.76655],[13.38369,51.76929],[13.37825,51.77207],[13.37167,51.77215],[13.36782,51.77196],[13.35938,51.77188],[13.34503,51.77226],[13.34547,51.77577],[13.34721,51.78085],[13.34913,51.78435],[13.33903,51.78717],[13.331,51.78836],[13.32595,51.78981],[13.31946,51.79056],[13.31521,51.78828],[13.31237,51.78705],[13.3107,51.78502],[13.3056,51.78201],[13.30294,51.78076],[13.30069,51.78005],[13.29929,51.77901],[13.29658,51.77775],[13.2962,51.77645],[13.29402,51.77542],[13.29228,51.77519],[13.29706,51.77058],[13.2977,51.76896],[13.30068,51.76694],[13.30271,51.76816],[13.30456,51.7672],[13.30391,51.76643],[13.30754,51.76506],[13.30624,51.76265],[13.3064,51.76149],[13.31147,51.76137],[13.31382,51.76243],[13.31416,51.76381],[13.31835,51.76439],[13.3209,51.76444],[13.32269,51.76501],[13.32548,51.76527],[13.33066,51.76484],[13.33294,51.76382],[13.33297,51.76194],[13.33426,51.76066],[13.3346,51.75582]]],[[[12.8244,51.77347],[12.82434,51.77295],[12.82135,51.7722],[12.82034,51.77129],[12.81669,51.77071],[12.81697,51.76998],[12.806,51.76826],[12.80117,51.76603],[12.79971,51.76494],[12.79737,51.76446],[12.79196,51.76497],[12.78915,51.76479],[12.78543,51.76415],[12.78127,51.7613],[12.77853,51.75853],[12.77713,51.75606],[12.7774,51.75374],[12.78236,51.75124],[12.78919,51.7493],[12.79145,51.75081],[12.79903,51.75508],[12.80216,51.75624],[12.80683,51.75628],[12.81206,51.75548],[12.8205,51.75352],[12.82178,51.75397],[12.82339,51.75203],[12.82339,51.74998],[12.82128,51.74819],[12.8138,51.74437],[12.81146,51.74293],[12.8082,51.74008],[12.80552,51.73667],[12.80422,51.73463],[12.80298,51.73162],[12.80261,51.7295],[12.80283,51.72748],[12.80452,51.72465],[12.80625,51.72305],[12.80864,51.72161],[12.81518,51.71896],[12.81909,51.71762],[12.83189,51.71417],[12.83671,51.71276],[12.83921,51.71182],[12.8413,51.71064],[12.84373,51.70804],[12.84662,51.70873],[12.84718,51.70775],[12.84995,51.71065],[12.85064,51.71478],[12.85349,51.71509],[12.85893,51.71887],[12.85917,51.72121],[12.85798,51.72308],[12.85662,51.72373],[12.86061,51.72916],[12.86482,51.7268],[12.8655,51.72532],[12.86733,51.7263],[12.86963,51.72498],[12.87288,51.72572],[12.87453,51.72573],[12.87627,51.72458],[12.87631,51.72222],[12.8752,51.72143],[12.8728,51.72109],[12.87319,51.71576],[12.87704,51.71684],[12.88175,51.71936],[12.88392,51.71866],[12.88957,51.71888],[12.89109,51.71953],[12.89452,51.72264],[12.89801,51.72341],[12.90069,51.72323],[12.90092,51.72472],[12.90269,51.72472],[12.90446,51.72647],[12.90519,51.73158],[12.9079,51.73175],[12.90948,51.73092],[12.91157,51.73073],[12.91693,51.73526],[12.92611,51.74145],[12.92789,51.74168],[12.92969,51.7428],[12.93389,51.74184],[12.95523,51.73813],[12.96081,51.7319],[12.96849,51.7312],[12.96764,51.74203],[12.97088,51.74211],[12.97115,51.74499],[12.9727,51.74479],[12.97343,51.74266],[12.97658,51.74221],[12.976,51.74347],[12.97849,51.74299],[12.97848,51.74195],[12.98667,51.74068],[12.98638,51.74332],[12.98532,51.74359],[12.98469,51.74873],[12.98581,51.74868],[12.98545,51.75091],[12.98678,51.75057],[12.98859,51.75271],[12.98569,51.754],[12.98363,51.75434],[12.9844,51.75612],[12.97736,51.75719],[12.97868,51.75903],[12.97711,51.76024],[12.97431,51.75975],[12.97382,51.76237],[12.97701,51.76265],[12.98351,51.7659],[12.98673,51.76559],[12.98755,51.76587],[12.9859,51.76828],[12.99124,51.76959],[12.99182,51.77111],[12.99194,51.77423],[12.9907,51.77516],[12.9939,51.77561],[12.99674,51.77673],[12.9988,51.77683],[13.01235,51.77565],[13.01445,51.77278],[13.02022,51.77447],[13.02482,51.77496],[13.02609,51.77535],[13.02389,51.76728],[13.02312,51.76586],[13.02616,51.76539],[13.02847,51.76472],[13.03166,51.76458],[13.03298,51.76396],[13.03698,51.76414],[13.03908,51.76532],[13.04263,51.76569],[13.04523,51.76501],[13.04492,51.76338],[13.04665,51.76235],[13.05131,51.76172],[13.05449,51.7607],[13.05833,51.7614],[13.05976,51.76101],[13.0625,51.76527],[13.06691,51.76911],[13.06942,51.77214],[13.07055,51.77516],[13.07148,51.77573],[13.06673,51.77902],[13.07104,51.77953],[13.07399,51.7803],[13.07652,51.78019],[13.08055,51.78063],[13.0842,51.78023],[13.08937,51.78008],[13.09309,51.77812],[13.09735,51.77718],[13.10094,51.77725],[13.10107,51.77678],[13.0984,51.7714],[13.09724,51.76994],[13.09382,51.76333],[13.08891,51.75861],[13.08998,51.75782],[13.09155,51.75821],[13.09126,51.75947],[13.09396,51.75902],[13.09441,51.76052],[13.09692,51.76071],[13.09812,51.76218],[13.10157,51.76299],[13.10262,51.76224],[13.101,51.76153],[13.10065,51.76062],[13.10479,51.76022],[13.10672,51.76075],[13.10873,51.7606],[13.11049,51.75717],[13.112,51.75653],[13.11577,51.75691],[13.11745,51.75616],[13.11826,51.75474],[13.12089,51.75438],[13.12202,51.75551],[13.12353,51.76388],[13.12839,51.76859],[13.13599,51.76894],[13.13899,51.76683],[13.14157,51.76573],[13.14299,51.76455],[13.14647,51.7629],[13.1482,51.76119],[13.14826,51.76005],[13.14984,51.75932],[13.15355,51.76378],[13.15524,51.76351],[13.15583,51.76457],[13.14748,51.76664],[13.15172,51.77023],[13.15757,51.77296],[13.1598,51.77459],[13.16098,51.77665],[13.16131,51.78063],[13.15957,51.7809],[13.15951,51.78309],[13.16141,51.78338],[13.16871,51.78277],[13.1701,51.78702],[13.15799,51.78845],[13.16084,51.79098],[13.16081,51.79184],[13.16269,51.79307],[13.15847,51.79761],[13.1607,51.79718],[13.16131,51.79804],[13.15996,51.79969],[13.16066,51.80067],[13.16301,51.80202],[13.16187,51.8039],[13.15934,51.80721],[13.15938,51.80782],[13.15568,51.81177],[13.15368,51.81491],[13.14875,51.81676],[13.14753,51.81794],[13.14981,51.81934],[13.14852,51.82054],[13.14667,51.82007],[13.1459,51.82123],[13.14209,51.82065],[13.13914,51.82469],[13.14251,51.8263],[13.14216,51.82859],[13.13946,51.82863],[13.13919,51.83104],[13.13555,51.8328],[13.13561,51.83377],[13.13358,51.83699],[13.13308,51.83866],[13.13167,51.83986],[13.12953,51.84351],[13.12739,51.84562],[13.12354,51.85459],[13.12348,51.85782],[13.13422,51.85755],[13.14337,51.8585],[13.14445,51.85915],[13.15091,51.85961],[13.15141,51.86432],[13.15093,51.86893],[13.1496,51.87233],[13.14223,51.87256],[13.14137,51.8762],[13.1397,51.87626],[13.13895,51.87951],[13.13203,51.87955],[13.13233,51.88249],[13.12694,51.88261],[13.12446,51.88295],[13.11907,51.88283],[13.11871,51.87693],[13.11361,51.87686],[13.11355,51.8747],[13.10866,51.87469],[13.10701,51.87541],[13.10112,51.87363],[13.09624,51.87288],[13.085,51.87402],[13.0847,51.87222],[13.08322,51.87234],[13.08055,51.86748],[13.07848,51.86764],[13.07724,51.86849],[13.07546,51.86885],[13.07076,51.869],[13.06156,51.86883],[13.05627,51.86923],[13.04936,51.87024],[13.04409,51.87012],[13.03924,51.87091],[13.03603,51.87292],[13.02955,51.87853],[13.02916,51.88104],[13.03729,51.88026],[13.03944,51.88247],[13.03843,51.88806],[13.03757,51.89088],[13.04087,51.89094],[13.04854,51.89186],[13.04612,51.8974],[13.04541,51.90051],[13.04379,51.90076],[13.04,51.9006],[13.03425,51.9011],[13.02277,51.90323],[13.02178,51.89685],[13.01933,51.89865],[13.01795,51.90019],[13.01583,51.90141],[13.00974,51.90302],[13.0033,51.90322],[12.99819,51.90369],[12.98896,51.90428],[12.98499,51.90413],[12.97882,51.90284],[12.97266,51.90088],[12.9743,51.90791],[12.97654,51.91986],[12.97093,51.92135],[12.96546,51.92201],[12.95597,51.92266],[12.95777,51.92525],[12.96057,51.93491],[12.94746,51.93538],[12.9362,51.93725],[12.93568,51.93615],[12.92511,51.93835],[12.9217,51.93941],[12.91837,51.93936],[12.91852,51.93616],[12.91746,51.93269],[12.91529,51.93273],[12.91271,51.93193],[12.89606,51.92841],[12.89042,51.92838],[12.88817,51.93477],[12.88296,51.93419],[12.87403,51.93397],[12.86266,51.93485],[12.85904,51.9347],[12.85273,51.93501],[12.85249,51.93091],[12.85173,51.92638],[12.85468,51.92601],[12.85594,51.92419],[12.85842,51.92352],[12.86411,51.92285],[12.8688,51.92185],[12.87858,51.9213],[12.87915,51.91874],[12.88054,51.91819],[12.88232,51.91536],[12.88484,51.90908],[12.89279,51.90809],[12.89785,51.90823],[12.90248,51.90863],[12.90372,51.90422],[12.90554,51.90235],[12.90679,51.89988],[12.907,51.8981],[12.90936,51.89455],[12.90913,51.89234],[12.90721,51.88966],[12.90673,51.88819],[12.90412,51.8871],[12.90173,51.88781],[12.89053,51.88203],[12.88607,51.87924],[12.8908,51.87741],[12.89067,51.87572],[12.89122,51.87426],[12.88564,51.87614],[12.88164,51.87608],[12.88084,51.87468],[12.87856,51.87585],[12.87482,51.87615],[12.8679,51.87782],[12.86991,51.88626],[12.86075,51.88373],[12.85867,51.88403],[12.8577,51.88305],[12.85646,51.8829],[12.85647,51.87998],[12.85703,51.87813],[12.85872,51.87688],[12.85435,51.87423],[12.85607,51.8732],[12.85938,51.87387],[12.86206,51.87346],[12.86389,51.8706],[12.86402,51.86532],[12.86478,51.86334],[12.86495,51.86108],[12.86992,51.85941],[12.88545,51.85604],[12.88443,51.85485],[12.8852,51.85357],[12.88632,51.85365],[12.88716,51.85127],[12.88573,51.84871],[12.88001,51.84382],[12.87345,51.83995],[12.87241,51.83851],[12.87089,51.83749],[12.87217,51.83621],[12.87617,51.8378],[12.88109,51.83304],[12.88327,51.83135],[12.88838,51.82837],[12.89005,51.82761],[12.88757,51.82424],[12.88377,51.82117],[12.87929,51.81106],[12.87276,51.81197],[12.86889,51.81293],[12.86138,51.81406],[12.85899,51.81522],[12.85484,51.81631],[12.85332,51.81484],[12.85144,51.81477],[12.85228,51.81267],[12.8502,51.81266],[12.85109,51.81137],[12.84781,51.81159],[12.84887,51.81362],[12.8407,51.81126],[12.83842,51.80958],[12.83564,51.8096],[12.83378,51.81044],[12.83229,51.81195],[12.83037,51.81668],[12.81934,51.81579],[12.81726,51.81534],[12.81569,51.81445],[12.81425,51.81727],[12.81272,51.81844],[12.80911,51.81754],[12.80538,51.81513],[12.8078,51.81377],[12.81326,51.81161],[12.80822,51.80229],[12.80771,51.80059],[12.80737,51.79619],[12.80518,51.79626],[12.80455,51.79901],[12.80336,51.79748],[12.80145,51.79623],[12.79788,51.79501],[12.80132,51.79355],[12.80378,51.79208],[12.80579,51.79158],[12.80406,51.78858],[12.80541,51.78792],[12.80616,51.78553],[12.80796,51.78152],[12.81054,51.78049],[12.81019,51.7779],[12.81058,51.77695],[12.81353,51.77521],[12.81733,51.77512],[12.81863,51.77667],[12.8201,51.77728],[12.82249,51.77698],[12.82353,51.77611],[12.8244,51.77347]]],[[[14.80134,50.96914],[14.79726,50.97015],[14.79481,50.97104],[14.79193,50.97067],[14.79097,50.96971],[14.78692,50.96922],[14.78754,50.96744],[14.78759,50.96575],[14.78693,50.96447],[14.78396,50.96289],[14.78234,50.96081],[14.78086,50.95963],[14.77553,50.9588],[14.77319,50.9576],[14.76864,50.95603],[14.77031,50.95449],[14.76781,50.952],[14.76323,50.94652],[14.76076,50.94513],[14.75872,50.9427],[14.75624,50.94019],[14.7544,50.93883],[14.74883,50.93734],[14.74918,50.93644],[14.75122,50.93504],[14.75077,50.93345],[14.74838,50.93182],[14.74716,50.93335],[14.74455,50.93539],[14.73663,50.93309],[14.73164,50.93215],[14.72775,50.93195],[14.72487,50.93124],[14.71988,50.92931],[14.71556,50.93152],[14.71408,50.93108],[14.71475,50.93022],[14.71873,50.92765],[14.72311,50.92442],[14.72411,50.92321],[14.72682,50.92384],[14.72905,50.92391],[14.73143,50.92044],[14.72485,50.91983],[14.722,50.919],[14.7234,50.91773],[14.71748,50.91366],[14.7176,50.91089],[14.71883,50.90906],[14.72238,50.90626],[14.72878,50.91087],[14.73484,50.91093],[14.73587,50.90973],[14.73953,50.91012],[14.74007,50.90793],[14.73914,50.90589],[14.74275,50.90542],[14.74825,50.90622],[14.7503,50.90914],[14.7535,50.90794],[14.75393,50.90599],[14.7581,50.91037],[14.76351,50.90898],[14.76728,50.90911],[14.77389,50.90658],[14.77616,50.90663],[14.77597,50.90742],[14.7829,50.90672],[14.78433,50.90793],[14.78695,50.90868],[14.78834,50.91109],[14.78982,50.91198],[14.79084,50.91323],[14.79276,50.91892],[14.79867,50.91836],[14.79929,50.91935],[14.80102,50.91928],[14.80148,50.9173],[14.80471,50.91786],[14.8064,50.91426],[14.80746,50.91345],[14.80882,50.91145],[14.8113,50.91088],[14.81497,50.90955],[14.81817,50.90883],[14.82046,50.90728],[14.82399,50.90583],[14.82514,50.90504],[14.82966,50.90559],[14.8356,50.90788],[14.84039,50.91067],[14.84416,50.91343],[14.84618,50.91638],[14.84601,50.91767],[14.84715,50.91873],[14.84576,50.92171],[14.84642,50.92262],[14.8423,50.926],[14.83893,50.92612],[14.836,50.92816],[14.83319,50.92889],[14.82565,50.93291],[14.82674,50.93375],[14.82583,50.93512],[14.82566,50.93736],[14.82319,50.9418],[14.82172,50.94095],[14.82041,50.94176],[14.82337,50.9434],[14.82222,50.9484],[14.81884,50.95174],[14.8166,50.95543],[14.81339,50.95946],[14.81355,50.9604],[14.81155,50.96429],[14.80954,50.96718],[14.80134,50.96914]]],[[[14.89613,50.9866],[14.89852,50.98671],[14.89881,50.98407],[14.89771,50.98137],[14.9054,50.97444],[14.90656,50.97218],[14.91813,50.97415],[14.91964,50.97624],[14.91867,50.97803],[14.91919,50.97911],[14.91839,50.98101],[14.9183,50.98256],[14.91915,50.98639],[14.92029,50.98793],[14.91985,50.98867],[14.91749,50.98998],[14.91695,50.99447],[14.9176,50.99573],[14.92037,50.99785],[14.92288,50.99751],[14.92422,50.99673],[14.92616,50.99677],[14.9284,50.99745],[14.92998,50.99961],[14.93068,51.0016],[14.93264,51.00305],[14.93358,51.00474],[14.93489,51.00615],[14.93431,51.0077],[14.93636,51.01024],[14.93799,51.01146],[14.93931,51.01702],[14.93827,51.01783],[14.93583,51.0181],[14.93502,51.01951],[14.93541,51.02055],[14.93876,51.02169],[14.93925,51.02359],[14.9424,51.02371],[14.94033,51.02622],[14.94536,51.02639],[14.94766,51.02828],[14.94761,51.03001],[14.94917,51.03098],[14.94672,51.03193],[14.94837,51.03314],[14.9487,51.03453],[14.95173,51.03751],[14.94811,51.03931],[14.94969,51.04133],[14.94862,51.04227],[14.95053,51.04351],[14.95136,51.04232],[14.9532,51.04355],[14.95281,51.04418],[14.95421,51.0469],[14.95718,51.0468],[14.9599,51.04768],[14.96044,51.04912],[14.96139,51.04972],[14.96466,51.05012],[14.96456,51.05146],[14.96307,51.05421],[14.9644,51.05499],[14.96246,51.05589],[14.95922,51.05594],[14.95177,51.05681],[14.95017,51.05332],[14.94687,51.05255],[14.94287,51.05296],[14.93917,51.05295],[14.93258,51.05458],[14.93231,51.05717],[14.93405,51.06188],[14.93252,51.06193],[14.93008,51.06076],[14.92876,51.05884],[14.92346,51.05884],[14.9224,51.0577],[14.92828,51.05682],[14.92744,51.0547],[14.92621,51.05309],[14.92453,51.05215],[14.91917,51.05049],[14.92206,51.0475],[14.92185,51.04125],[14.91706,51.03468],[14.91268,51.03203],[14.90965,51.02921],[14.90453,51.02904],[14.90154,51.0266],[14.90065,51.0241],[14.8953,51.01976],[14.88794,51.01351],[14.88806,51.00968],[14.88524,51.00857],[14.88614,51.00478],[14.87161,50.99929],[14.87334,50.99493],[14.87893,50.99294],[14.8939,50.99176],[14.89613,50.9866]]],[[[14.41517,51.15592],[14.41304,51.15328],[14.4112,51.14694],[14.41614,51.14172],[14.41938,51.13927],[14.42011,51.13735],[14.42705,51.14022],[14.42844,51.14275],[14.43381,51.14387],[14.43198,51.14706],[14.43342,51.14865],[14.44152,51.14943],[14.44095,51.15067],[14.44267,51.15097],[14.44202,51.15335],[14.4448,51.15299],[14.44406,51.15406],[14.44326,51.15703],[14.44594,51.15765],[14.44665,51.15668],[14.44874,51.15665],[14.4512,51.15925],[14.45286,51.15845],[14.45522,51.15943],[14.4561,51.16108],[14.46849,51.16069],[14.47028,51.16071],[14.47681,51.16485],[14.48007,51.16612],[14.48289,51.16684],[14.48523,51.16789],[14.48464,51.16841],[14.4765,51.17056],[14.47808,51.17287],[14.48136,51.17192],[14.48445,51.17266],[14.48433,51.17395],[14.48344,51.17494],[14.47907,51.17635],[14.47657,51.17806],[14.4777,51.1801],[14.47716,51.18201],[14.47532,51.18183],[14.47351,51.18325],[14.48334,51.18307],[14.48411,51.18549],[14.4866,51.18543],[14.48749,51.18735],[14.48987,51.18661],[14.49252,51.18687],[14.49225,51.18946],[14.49094,51.19131],[14.49177,51.19266],[14.48854,51.19311],[14.48708,51.19449],[14.48668,51.19753],[14.485,51.1986],[14.48567,51.19992],[14.48847,51.20113],[14.48683,51.20218],[14.4884,51.20293],[14.49071,51.20247],[14.49102,51.20343],[14.49279,51.20443],[14.4876,51.20732],[14.48824,51.20822],[14.48262,51.20812],[14.48255,51.20948],[14.47694,51.20948],[14.47836,51.21324],[14.47648,51.21356],[14.47292,51.21486],[14.4736,51.21665],[14.4717,51.21727],[14.47184,51.21856],[14.47415,51.22053],[14.47182,51.22061],[14.4567,51.23014],[14.45166,51.23115],[14.45115,51.2287],[14.44866,51.22812],[14.44741,51.22731],[14.4444,51.2226],[14.44357,51.22231],[14.43968,51.2224],[14.43854,51.22205],[14.4352,51.22203],[14.4324,51.21497],[14.42879,51.21506],[14.42721,51.21657],[14.42361,51.216],[14.42323,51.21697],[14.42593,51.21747],[14.42738,51.21892],[14.42988,51.21893],[14.4301,51.22098],[14.4323,51.22183],[14.42861,51.22351],[14.42737,51.22229],[14.4279,51.22113],[14.426,51.22091],[14.42665,51.21974],[14.4248,51.21808],[14.42071,51.21736],[14.41873,51.218],[14.41724,51.2171],[14.41018,51.218],[14.40982,51.21906],[14.40477,51.21874],[14.40301,51.21678],[14.4013,51.21605],[14.39204,51.21897],[14.39247,51.221],[14.39052,51.22139],[14.38702,51.2193],[14.3855,51.22153],[14.38297,51.2226],[14.38026,51.22444],[14.3742,51.22211],[14.37179,51.21909],[14.375,51.2177],[14.37356,51.21542],[14.37077,51.21732],[14.36509,51.21892],[14.36752,51.2198],[14.36248,51.22316],[14.35859,51.22387],[14.35377,51.22062],[14.35016,51.22235],[14.34668,51.22082],[14.34289,51.22261],[14.33949,51.22003],[14.3404,51.21826],[14.34382,51.21688],[14.34183,51.21543],[14.34278,51.21444],[14.33844,51.21489],[14.33964,51.2137],[14.33775,51.21332],[14.33329,51.21167],[14.33145,51.21064],[14.33095,51.20737],[14.33029,51.20577],[14.32771,51.20304],[14.32549,51.19829],[14.32515,51.1957],[14.32969,51.19449],[14.33536,51.19332],[14.33506,51.19145],[14.33383,51.18904],[14.33088,51.18604],[14.33337,51.18209],[14.33323,51.18097],[14.33673,51.18095],[14.3371,51.17989],[14.34631,51.1799],[14.34805,51.18116],[14.35228,51.18043],[14.35253,51.18224],[14.35462,51.18217],[14.35473,51.18349],[14.35785,51.18382],[14.35827,51.18589],[14.36349,51.18612],[14.36581,51.18571],[14.37058,51.18432],[14.36875,51.17818],[14.36992,51.17694],[14.36813,51.17438],[14.36743,51.17084],[14.36574,51.16739],[14.36378,51.1669],[14.36252,51.16343],[14.37145,51.16441],[14.37164,51.16536],[14.3743,51.16527],[14.37862,51.16801],[14.37676,51.16825],[14.37922,51.16975],[14.38078,51.16939],[14.38149,51.17015],[14.38613,51.16979],[14.38908,51.17059],[14.39244,51.1692],[14.39139,51.16618],[14.39698,51.16481],[14.39918,51.16491],[14.4011,51.16399],[14.40328,51.16354],[14.40681,51.164],[14.40826,51.16352],[14.40965,51.16393],[14.40955,51.16164],[14.41216,51.1612],[14.41234,51.16289],[14.41639,51.16317],[14.41698,51.16208],[14.41811,51.16197],[14.41759,51.15896],[14.41558,51.15774],[14.41517,51.15592]]],[[[14.11035,51.17596],[14.11118,51.17715],[14.1134,51.17568],[14.11432,51.17652],[14.11443,51.17801],[14.11688,51.17944],[14.12623,51.17573],[14.12758,51.17668],[14.1366,51.17926],[14.14096,51.18184],[14.14144,51.18569],[14.14551,51.18724],[14.14634,51.18799],[14.14858,51.18813],[14.15098,51.19105],[14.15306,51.19438],[14.15586,51.19422],[14.15874,51.19568],[14.16023,51.19763],[14.162,51.20135],[14.16672,51.20155],[14.16593,51.20494],[14.17001,51.20617],[14.16855,51.21048],[14.16764,51.21146],[14.16439,51.21271],[14.16307,51.21481],[14.1635,51.21593],[14.16504,51.21707],[14.16533,51.22074],[14.16424,51.22232],[14.16618,51.2242],[14.17066,51.22331],[14.17196,51.22596],[14.16749,51.22753],[14.16465,51.2281],[14.1642,51.23047],[14.16351,51.23169],[14.16459,51.23238],[14.16296,51.23404],[14.16047,51.23411],[14.1623,51.24039],[14.15887,51.2413],[14.16002,51.24448],[14.15502,51.24634],[14.1498,51.25051],[14.1464,51.25179],[14.14661,51.24639],[14.14551,51.24588],[14.14083,51.24533],[14.14087,51.24628],[14.138,51.24707],[14.1377,51.24557],[14.1358,51.24563],[14.13389,51.24514],[14.13177,51.24598],[14.12799,51.24668],[14.12586,51.2477],[14.12513,51.24854],[14.12334,51.2483],[14.125,51.24613],[14.1213,51.24549],[14.11986,51.24713],[14.11882,51.24649],[14.11712,51.24659],[14.11471,51.24588],[14.11184,51.24566],[14.10862,51.24453],[14.10419,51.24265],[14.10306,51.23597],[14.09946,51.23081],[14.09648,51.22996],[14.08897,51.23047],[14.08907,51.2269],[14.09315,51.22482],[14.09443,51.22264],[14.09408,51.21772],[14.09537,51.21566],[14.09374,51.21416],[14.09299,51.21075],[14.09327,51.20382],[14.09427,51.20163],[14.09689,51.20031],[14.09921,51.19705],[14.10778,51.18569],[14.10098,51.18269],[14.10218,51.17915],[14.10064,51.17848],[14.10222,51.17746],[14.11035,51.17596]]]]},"properties":{"idApp":923019,"aopId":"sachsen","name":"Sachsen","nameJa":"ザクセン","kind":"regional","tags":[],"rank":0},"bbox":[12.50152,50.78913,14.96466,51.93941]},{"type":"Feature","geometry":{"type":"MultiPolygon","coordinates":[[[[11.14156,50.92601],[11.15047,50.92447],[11.16156,50.92563],[11.16471,50.92501],[11.17076,50.92132],[11.17434,50.92036],[11.18399,50.922],[11.19253,50.92118],[11.19632,50.92229],[11.1979,50.92347],[11.19689,50.92681],[11.2075,50.92809],[11.21753,50.92956],[11.22076,50.9303],[11.22177,50.92639],[11.22316,50.92646],[11.22285,50.92471],[11.22605,50.92172],[11.23229,50.9182],[11.23372,50.9132],[11.2357,50.91295],[11.23827,50.91329],[11.24217,50.91467],[11.24628,50.91474],[11.24983,50.91548],[11.25307,50.91539],[11.25514,50.91564],[11.25735,50.915],[11.26003,50.91494],[11.26214,50.91524],[11.26359,50.91475],[11.26664,50.91267],[11.26858,50.91371],[11.26852,50.9154],[11.26716,50.9159],[11.26694,50.917],[11.26757,50.92022],[11.26473,50.92095],[11.26107,50.92064],[11.2592,50.92182],[11.26153,50.93762],[11.26834,50.93942],[11.26827,50.93544],[11.27297,50.93547],[11.27496,50.93328],[11.27744,50.92932],[11.27859,50.92663],[11.28217,50.92706],[11.28317,50.92805],[11.28649,50.92673],[11.28698,50.92232],[11.28946,50.91964],[11.29184,50.91886],[11.29282,50.91785],[11.29599,50.91834],[11.29854,50.91697],[11.30027,50.91731],[11.29803,50.91844],[11.29706,50.92019],[11.2985,50.9214],[11.29546,50.92249],[11.29625,50.92315],[11.30088,50.92114],[11.30122,50.91895],[11.30343,50.91752],[11.30559,50.91942],[11.30853,50.91925],[11.31017,50.92001],[11.31305,50.91939],[11.31536,50.91968],[11.31987,50.9191],[11.31917,50.92036],[11.32131,50.9223],[11.32096,50.92306],[11.33211,50.92667],[11.32983,50.92798],[11.32703,50.93463],[11.32667,50.938],[11.32871,50.93829],[11.3289,50.93911],[11.33262,50.93946],[11.33229,50.94257],[11.34054,50.94258],[11.34303,50.94173],[11.34859,50.94189],[11.35426,50.94135],[11.35356,50.93566],[11.35608,50.93578],[11.35662,50.93934],[11.35967,50.93946],[11.36011,50.9404],[11.36428,50.93999],[11.36759,50.94061],[11.36896,50.94265],[11.3718,50.94489],[11.37398,50.94628],[11.37573,50.94527],[11.3776,50.94685],[11.37902,50.94615],[11.38153,50.94618],[11.38143,50.94751],[11.38277,50.94777],[11.38392,50.94712],[11.38713,50.94919],[11.39203,50.954],[11.39428,50.95538],[11.39804,50.95524],[11.402,50.96405],[11.39826,50.96461],[11.39759,50.96744],[11.39417,50.96801],[11.39365,50.9671],[11.38844,50.96712],[11.38817,50.97187],[11.39203,50.97248],[11.39266,50.97691],[11.39393,50.9813],[11.3962,50.98393],[11.39437,50.98674],[11.39286,50.98957],[11.41006,50.99084],[11.4099,50.99214],[11.41177,50.99309],[11.41189,50.99392],[11.43445,50.99749],[11.44323,50.99958],[11.44276,51.00102],[11.44763,51.00241],[11.44821,51.002],[11.45238,51.00459],[11.44876,51.00551],[11.44614,51.01022],[11.45542,51.01269],[11.45961,51.01306],[11.46129,51.01028],[11.46213,51.01063],[11.45714,51.02122],[11.4559,51.02326],[11.45383,51.02348],[11.45531,51.02533],[11.45812,51.02609],[11.46547,51.02637],[11.46792,51.0276],[11.46928,51.02984],[11.46862,51.03122],[11.46582,51.03294],[11.46569,51.03392],[11.46762,51.03444],[11.47169,51.03406],[11.47447,51.03197],[11.4753,51.02981],[11.47509,51.02817],[11.47757,51.02585],[11.47907,51.02527],[11.48105,51.02525],[11.48353,51.02629],[11.48557,51.02565],[11.4878,51.02597],[11.48894,51.02698],[11.4893,51.02845],[11.48877,51.02944],[11.49085,51.02964],[11.49162,51.02847],[11.50007,51.03382],[11.497,51.03792],[11.50326,51.037],[11.50862,51.04033],[11.50755,51.04203],[11.50547,51.04216],[11.50474,51.04336],[11.50585,51.04383],[11.5025,51.04597],[11.4998,51.04512],[11.498,51.04573],[11.49385,51.04588],[11.49075,51.04894],[11.48068,51.04733],[11.4764,51.04546],[11.47168,51.04842],[11.47222,51.04996],[11.46978,51.05382],[11.46768,51.0614],[11.46916,51.06121],[11.46951,51.06287],[11.4681,51.0631],[11.46248,51.0743],[11.49216,51.07104],[11.49332,51.06889],[11.49818,51.05893],[11.50003,51.05369],[11.5015,51.05215],[11.50305,51.05216],[11.50428,51.05292],[11.5053,51.05072],[11.50818,51.05231],[11.51191,51.04861],[11.5112,51.04686],[11.51347,51.04448],[11.52549,51.04955],[11.52698,51.05002],[11.52915,51.04931],[11.53153,51.04924],[11.53333,51.04849],[11.53605,51.04842],[11.53783,51.04888],[11.54081,51.05221],[11.5389,51.05296],[11.5407,51.05427],[11.54222,51.05422],[11.54646,51.04738],[11.54597,51.04665],[11.55276,51.04303],[11.55511,51.04427],[11.55816,51.04134],[11.55906,51.04293],[11.55845,51.04422],[11.56005,51.04478],[11.56221,51.04495],[11.56406,51.04179],[11.56816,51.04275],[11.56984,51.04014],[11.57155,51.04055],[11.57206,51.03974],[11.58033,51.04083],[11.58155,51.03827],[11.578,51.03735],[11.57933,51.03273],[11.57386,51.03184],[11.57777,51.02341],[11.57971,51.02208],[11.58473,51.02148],[11.5812,51.01633],[11.57981,51.01482],[11.58035,51.014],[11.57873,51.01348],[11.57639,51.0118],[11.57008,51.01102],[11.5663,51.01465],[11.55673,51.014],[11.55595,51.01313],[11.54487,51.01576],[11.54304,51.0142],[11.54281,51.01051],[11.54458,51.00556],[11.52643,51.00189],[11.52664,51.00089],[11.5218,50.99932],[11.51566,50.99797],[11.5167,50.99614],[11.51406,50.99565],[11.51241,50.99714],[11.50514,50.99431],[11.50594,50.99325],[11.49792,50.98981],[11.5036,50.9867],[11.50373,50.98589],[11.50129,50.98531],[11.49738,50.98928],[11.49623,50.98884],[11.4935,50.99159],[11.49313,50.99013],[11.48989,50.98934],[11.48932,50.99],[11.48392,50.98743],[11.48483,50.98686],[11.48245,50.98546],[11.47941,50.9868],[11.47661,50.98492],[11.48094,50.97573],[11.48264,50.97562],[11.48246,50.97138],[11.48506,50.97145],[11.48482,50.96602],[11.49381,50.96523],[11.50459,50.96514],[11.5049,50.9631],[11.502,50.96129],[11.50013,50.95731],[11.50066,50.95362],[11.49986,50.95345],[11.49929,50.95187],[11.49963,50.94992],[11.50081,50.94661],[11.502,50.94467],[11.50942,50.94602],[11.51313,50.94751],[11.51328,50.94672],[11.51988,50.94758],[11.52099,50.94547],[11.52501,50.94594],[11.5276,50.94585],[11.53049,50.94611],[11.53352,50.94277],[11.53545,50.94203],[11.53399,50.94025],[11.53333,50.9387],[11.53115,50.93863],[11.52588,50.93986],[11.5235,50.94016],[11.51974,50.93933],[11.51608,50.93889],[11.5158,50.93586],[11.50748,50.9358],[11.50775,50.93349],[11.50341,50.93282],[11.50451,50.93061],[11.506,50.92857],[11.50657,50.92705],[11.50643,50.92493],[11.50681,50.92306],[11.50459,50.92292],[11.50532,50.9212],[11.50754,50.91854],[11.50862,50.91861],[11.50965,50.91529],[11.50709,50.91362],[11.50677,50.91069],[11.50436,50.90764],[11.50481,50.90624],[11.50705,50.90696],[11.511,50.9063],[11.51394,50.90373],[11.52192,50.90592],[11.5232,50.90389],[11.52983,50.90188],[11.535,50.90151],[11.53965,50.90177],[11.54073,50.90129],[11.54007,50.89829],[11.54171,50.89783],[11.54092,50.8963],[11.54464,50.89539],[11.54709,50.89674],[11.55039,50.89604],[11.554,50.89683],[11.55511,50.89537],[11.55236,50.8932],[11.55441,50.89136],[11.55853,50.89039],[11.55856,50.88906],[11.56024,50.8887],[11.56168,50.88703],[11.55933,50.8835],[11.55973,50.88167],[11.56188,50.88021],[11.56356,50.87665],[11.56341,50.87397],[11.56047,50.87406],[11.56037,50.87209],[11.55962,50.87156],[11.54953,50.86987],[11.54209,50.87027],[11.53791,50.8698],[11.53385,50.87023],[11.5313,50.86972],[11.52957,50.86819],[11.53083,50.86585],[11.52971,50.86477],[11.52655,50.86344],[11.52718,50.86233],[11.52904,50.86294],[11.53506,50.86265],[11.53512,50.86214],[11.53944,50.86171],[11.53989,50.86232],[11.54306,50.86241],[11.5421,50.86131],[11.54583,50.86062],[11.54752,50.85944],[11.55345,50.85852],[11.55899,50.85937],[11.55963,50.85699],[11.56293,50.85619],[11.59419,50.85982],[11.60477,50.86135],[11.61307,50.86411],[11.61109,50.86573],[11.60717,50.8696],[11.60824,50.87251],[11.61069,50.8722],[11.61071,50.87314],[11.60881,50.87373],[11.60877,50.87554],[11.61657,50.87546],[11.6188,50.87633],[11.62333,50.87653],[11.6258,50.87778],[11.63432,50.87653],[11.63836,50.87876],[11.64328,50.88071],[11.64451,50.879],[11.64664,50.88052],[11.64703,50.88306],[11.64808,50.88305],[11.64777,50.88114],[11.6484,50.88043],[11.65019,50.8817],[11.65149,50.88075],[11.65025,50.87961],[11.65189,50.87907],[11.65474,50.88051],[11.65581,50.8793],[11.65985,50.88037],[11.66407,50.88107],[11.66194,50.8843],[11.66102,50.8852],[11.66212,50.88614],[11.66104,50.88773],[11.65987,50.89169],[11.65322,50.89175],[11.64899,50.8912],[11.64738,50.89574],[11.64608,50.89739],[11.64614,50.89961],[11.6466,50.90141],[11.64932,50.90163],[11.65159,50.90265],[11.65274,50.90414],[11.65744,50.9073],[11.65744,50.90929],[11.65652,50.91005],[11.65766,50.91131],[11.66688,50.91177],[11.66348,50.91457],[11.66735,50.91601],[11.6679,50.91748],[11.6627,50.91787],[11.66215,50.91915],[11.67059,50.92084],[11.66992,50.9262],[11.66841,50.92871],[11.66687,50.93821],[11.66563,50.93844],[11.66628,50.94063],[11.66892,50.94199],[11.66916,50.94521],[11.67009,50.94715],[11.67961,50.95459],[11.68221,50.95675],[11.6823,50.95792],[11.68815,50.96268],[11.68837,50.96406],[11.69097,50.96437],[11.69216,50.96719],[11.693,50.97288],[11.69004,50.973],[11.69242,50.97581],[11.68745,50.975],[11.68257,50.97594],[11.68702,50.97806],[11.68859,50.98025],[11.69292,50.981],[11.6946,50.9826],[11.68849,50.98263],[11.6822,50.98487],[11.67878,50.98426],[11.67871,50.9883],[11.68046,50.99052],[11.68003,50.99155],[11.67727,50.99369],[11.68097,50.99242],[11.68139,50.99505],[11.68118,50.99694],[11.6854,50.99569],[11.68456,50.99696],[11.68599,50.99739],[11.68746,50.99591],[11.68889,50.99697],[11.69253,50.99664],[11.69246,50.99777],[11.69576,50.99856],[11.6912,51.00035],[11.69192,51.00295],[11.69433,51.00122],[11.698,51.0011],[11.70054,51.00022],[11.704,50.9975],[11.70636,50.99888],[11.70794,50.99934],[11.71554,51.00035],[11.71799,51.00166],[11.71688,51.0035],[11.71959,51.00566],[11.71791,51.00581],[11.7152,51.00822],[11.71435,51.00993],[11.71225,51.01065],[11.71132,51.01225],[11.70835,51.01246],[11.70485,51.01331],[11.70621,51.01454],[11.7111,51.01619],[11.71269,51.01619],[11.71407,51.01693],[11.7126,51.01847],[11.7087,51.01928],[11.70693,51.01882],[11.70418,51.02091],[11.69932,51.02284],[11.70152,51.0236],[11.70689,51.02753],[11.71205,51.03306],[11.70962,51.03434],[11.70956,51.03569],[11.70509,51.03551],[11.70469,51.03675],[11.7023,51.03682],[11.70208,51.04108],[11.69908,51.04231],[11.69872,51.04373],[11.70067,51.04339],[11.70694,51.04543],[11.70664,51.04595],[11.70835,51.04748],[11.70982,51.04739],[11.70989,51.04891],[11.7134,51.04954],[11.71499,51.04777],[11.71726,51.04298],[11.71878,51.04329],[11.71856,51.04461],[11.72102,51.04475],[11.73067,51.04159],[11.73361,51.04544],[11.73213,51.04734],[11.7311,51.04976],[11.73409,51.04956],[11.7361,51.0499],[11.73559,51.05109],[11.73955,51.052],[11.74571,51.05099],[11.74655,51.05032],[11.74909,51.05035],[11.75016,51.04957],[11.75031,51.04851],[11.75211,51.04862],[11.75132,51.05184],[11.7462,51.05195],[11.74553,51.05416],[11.74849,51.0542],[11.75325,51.05699],[11.75155,51.05855],[11.74468,51.06181],[11.73916,51.0631],[11.73715,51.06314],[11.73648,51.06428],[11.7323,51.06842],[11.72469,51.06791],[11.72196,51.06873],[11.72117,51.07102],[11.71365,51.07052],[11.71227,51.06883],[11.71091,51.06904],[11.70985,51.06814],[11.70189,51.06899],[11.70081,51.0694],[11.70061,51.07223],[11.70187,51.07373],[11.69968,51.07481],[11.70097,51.07554],[11.69971,51.0766],[11.70171,51.07796],[11.70165,51.07868],[11.70362,51.07956],[11.70554,51.07936],[11.70589,51.08175],[11.708,51.08216],[11.71088,51.08333],[11.71205,51.08459],[11.71229,51.08709],[11.71571,51.08698],[11.72907,51.08888],[11.7339,51.08973],[11.7338,51.0913],[11.73715,51.09206],[11.73685,51.09553],[11.73906,51.09565],[11.73947,51.09371],[11.7465,51.09468],[11.74836,51.09424],[11.74715,51.09653],[11.75069,51.09711],[11.75461,51.08886],[11.75799,51.0849],[11.76547,51.08244],[11.76752,51.08448],[11.77029,51.08067],[11.77754,51.08202],[11.77938,51.0789],[11.79273,51.08178],[11.79372,51.08046],[11.79744,51.08113],[11.79974,51.07844],[11.8081,51.0813],[11.81069,51.08044],[11.80853,51.07913],[11.81263,51.07318],[11.81807,51.07433],[11.81728,51.07572],[11.82053,51.07692],[11.81928,51.07829],[11.8202,51.07876],[11.818,51.08254],[11.82084,51.08268],[11.82404,51.08385],[11.824,51.08456],[11.82702,51.08513],[11.82835,51.0858],[11.82976,51.08557],[11.83277,51.08593],[11.83908,51.08811],[11.83964,51.08708],[11.84165,51.08769],[11.8419,51.08626],[11.84316,51.08431],[11.84559,51.08304],[11.84954,51.07927],[11.84386,51.07623],[11.84459,51.07456],[11.84422,51.07387],[11.84634,51.07055],[11.84764,51.07064],[11.85109,51.07171],[11.85232,51.07033],[11.85053,51.06734],[11.85151,51.06656],[11.84707,51.0642],[11.84808,51.06251],[11.85153,51.06284],[11.85356,51.0625],[11.85332,51.06042],[11.85391,51.05929],[11.84941,51.05719],[11.84995,51.05653],[11.84682,51.05552],[11.8461,51.05435],[11.84868,51.05362],[11.85,51.05409],[11.85226,51.05186],[11.85636,51.05287],[11.86026,51.05476],[11.86152,51.05235],[11.8631,51.05115],[11.8647,51.05238],[11.86885,51.05252],[11.8681,51.0542],[11.87474,51.05706],[11.87454,51.05906],[11.87155,51.05835],[11.87133,51.05937],[11.86803,51.0603],[11.86908,51.06124],[11.8676,51.0634],[11.8695,51.06347],[11.87017,51.06596],[11.87131,51.06541],[11.87716,51.06509],[11.87728,51.06694],[11.87589,51.06913],[11.87767,51.06979],[11.88045,51.06991],[11.88398,51.07147],[11.88577,51.07168],[11.89001,51.07115],[11.89178,51.06935],[11.89328,51.06875],[11.89725,51.06973],[11.89718,51.07122],[11.90025,51.06867],[11.90516,51.07004],[11.90896,51.06997],[11.91315,51.07158],[11.91226,51.07236],[11.91399,51.0735],[11.91538,51.07279],[11.9164,51.07339],[11.9181,51.07713],[11.9191,51.07751],[11.91937,51.08131],[11.91549,51.08271],[11.91599,51.08473],[11.91506,51.0859],[11.91555,51.0901],[11.91307,51.09432],[11.91299,51.09775],[11.9211,51.10046],[11.91555,51.10782],[11.91405,51.11012],[11.91105,51.11156],[11.91138,51.11261],[11.91266,51.1131],[11.90785,51.11612],[11.90631,51.11732],[11.90833,51.12032],[11.91183,51.12101],[11.91137,51.12378],[11.90893,51.12549],[11.91058,51.12652],[11.91131,51.12847],[11.91329,51.12856],[11.91323,51.13295],[11.91042,51.13221],[11.9088,51.1329],[11.90499,51.13284],[11.90003,51.13375],[11.89975,51.13271],[11.89361,51.1337],[11.89096,51.13429],[11.89072,51.13671],[11.89301,51.13729],[11.89281,51.13965],[11.89383,51.1397],[11.89388,51.14211],[11.88902,51.14187],[11.88664,51.14043],[11.88451,51.13983],[11.88226,51.13967],[11.88271,51.14228],[11.88544,51.14449],[11.88639,51.14648],[11.89071,51.14821],[11.89986,51.14913],[11.90342,51.15372],[11.90812,51.15841],[11.91183,51.15969],[11.91766,51.16082],[11.91649,51.16349],[11.91675,51.16542],[11.92668,51.16697],[11.92711,51.16446],[11.9281,51.16378],[11.93612,51.16396],[11.94483,51.16331],[11.94492,51.16152],[11.94815,51.16148],[11.94825,51.16056],[11.95398,51.16053],[11.95385,51.15839],[11.9608,51.15782],[11.96121,51.15631],[11.97016,51.15597],[11.97417,51.15596],[11.97912,51.1564],[11.98204,51.15704],[11.991,51.15836],[11.99338,51.15944],[11.99947,51.16133],[12.00349,51.16298],[12.01273,51.16624],[12.00784,51.17096],[12.00439,51.17092],[12.00441,51.17158],[12.0013,51.17155],[12.00157,51.18122],[12.00352,51.18171],[12.00555,51.18479],[12.00491,51.18652],[12.00628,51.189],[12.01308,51.19152],[12.01832,51.1941],[12.01395,51.19681],[12.01112,51.19829],[12.01828,51.19873],[12.02378,51.19936],[12.02366,51.20058],[12.02958,51.20291],[12.02909,51.20404],[12.03767,51.20556],[12.03576,51.2085],[12.03375,51.20804],[12.02849,51.20763],[12.02598,51.21241],[12.02293,51.21616],[12.01706,51.21597],[12.01121,51.21706],[12.00833,51.22187],[12.003,51.22333],[12.00527,51.22545],[12.00339,51.2255],[11.99994,51.2246],[11.99901,51.22573],[12.0022,51.22696],[12.00761,51.22798],[12.00938,51.2285],[12.0154,51.23136],[12.01775,51.23265],[12.01973,51.23419],[12.02071,51.23571],[12.02319,51.23794],[12.02408,51.23972],[12.02343,51.24356],[12.02384,51.24423],[12.02575,51.24482],[12.02963,51.24491],[12.03575,51.24561],[12.03882,51.24698],[12.03894,51.24971],[12.04107,51.24892],[12.04811,51.24796],[12.04673,51.24658],[12.04745,51.24525],[12.04693,51.24212],[12.05408,51.24174],[12.05415,51.23913],[12.0667,51.23893],[12.06689,51.24037],[12.07131,51.24054],[12.07136,51.24351],[12.07326,51.24381],[12.07376,51.24719],[12.0751,51.24806],[12.07073,51.24869],[12.06631,51.25021],[12.06759,51.25173],[12.06481,51.25244],[12.05257,51.25396],[12.05159,51.25391],[12.05389,51.25901],[12.05256,51.25994],[12.04618,51.26154],[12.04488,51.26278],[12.04978,51.2638],[12.05309,51.26605],[12.05602,51.26643],[12.05942,51.26852],[12.06025,51.27037],[12.0596,51.27087],[12.05508,51.27098],[12.0532,51.27148],[12.05292,51.27269],[12.05324,51.27501],[12.05239,51.27582],[12.0484,51.277],[12.04764,51.27788],[12.04862,51.27977],[12.04962,51.28042],[12.0552,51.28208],[12.05666,51.28467],[12.0582,51.28514],[12.06183,51.28549],[12.06201,51.28738],[12.05822,51.28883],[12.05643,51.28871],[12.0555,51.28795],[12.05571,51.28656],[12.05335,51.2861],[12.04896,51.28643],[12.04075,51.28609],[12.03567,51.28511],[12.03074,51.28371],[12.01622,51.28016],[12.00908,51.2779],[12.00571,51.27702],[12.00198,51.27661],[12.00136,51.27995],[11.99892,51.28202],[11.99364,51.2817],[11.98865,51.28094],[11.98992,51.27793],[11.98429,51.27694],[11.98458,51.27396],[11.97876,51.27366],[11.97909,51.27503],[11.97239,51.27449],[11.97225,51.27548],[11.97009,51.27513],[11.96916,51.27318],[11.96888,51.26963],[11.95593,51.27065],[11.95206,51.27104],[11.94293,51.27139],[11.93996,51.27129],[11.92562,51.27018],[11.92663,51.26879],[11.92638,51.26328],[11.92713,51.25967],[11.92925,51.25503],[11.92722,51.25432],[11.92793,51.2516],[11.92695,51.25049],[11.9268,51.24895],[11.92766,51.24779],[11.92768,51.24608],[11.92461,51.24276],[11.92331,51.24088],[11.92317,51.23824],[11.92353,51.23637],[11.91361,51.23611],[11.91404,51.23379],[11.89925,51.23335],[11.89892,51.23565],[11.89345,51.2355],[11.89257,51.23841],[11.88881,51.23853],[11.88806,51.24019],[11.88569,51.24424],[11.87874,51.24389],[11.87329,51.24288],[11.86999,51.24944],[11.87033,51.24996],[11.86829,51.25899],[11.86614,51.26184],[11.86689,51.26294],[11.86307,51.2618],[11.8611,51.26551],[11.85998,51.26937],[11.84697,51.2686],[11.84644,51.27233],[11.84292,51.27236],[11.84295,51.27319],[11.83783,51.27321],[11.83717,51.27476],[11.83543,51.27452],[11.83564,51.27349],[11.82895,51.27148],[11.82727,51.27179],[11.82323,51.2716],[11.82317,51.27241],[11.81851,51.27789],[11.81672,51.27912],[11.81737,51.27961],[11.82143,51.27867],[11.82174,51.27949],[11.81871,51.28697],[11.82269,51.28765],[11.82579,51.28733],[11.82806,51.28787],[11.83092,51.28799],[11.82868,51.29818],[11.83643,51.29849],[11.83612,51.30059],[11.83817,51.30316],[11.83677,51.30353],[11.83981,51.30643],[11.84333,51.30593],[11.84271,51.30925],[11.84354,51.31509],[11.84482,51.3198],[11.84725,51.33205],[11.85789,51.33334],[11.86454,51.33429],[11.86429,51.33652],[11.87031,51.33712],[11.87032,51.33943],[11.87355,51.33925],[11.87373,51.34151],[11.87994,51.34192],[11.8801,51.34082],[11.89333,51.34313],[11.8966,51.34328],[11.89962,51.34421],[11.89916,51.34693],[11.90198,51.34787],[11.90139,51.34958],[11.90564,51.35104],[11.90923,51.35181],[11.9134,51.3522],[11.9127,51.35435],[11.91992,51.3555],[11.91819,51.36118],[11.91496,51.37048],[11.91431,51.37362],[11.9098,51.37377],[11.90966,51.3756],[11.90685,51.37531],[11.90591,51.37766],[11.90353,51.38186],[11.91491,51.38583],[11.91268,51.38931],[11.91039,51.39229],[11.90719,51.39556],[11.90685,51.39707],[11.90836,51.40298],[11.91336,51.41056],[11.91424,51.41442],[11.91579,51.41653],[11.9217,51.42526],[11.92697,51.43208],[11.92812,51.43493],[11.93098,51.4387],[11.92815,51.43945],[11.92651,51.43952],[11.92226,51.43912],[11.91983,51.43975],[11.91602,51.44177],[11.91478,51.44294],[11.91453,51.44437],[11.91507,51.44646],[11.91597,51.44715],[11.92149,51.4499],[11.9249,51.45046],[11.92796,51.45045],[11.92958,51.45075],[11.93019,51.45246],[11.92715,51.45491],[11.92592,51.45692],[11.92411,51.45674],[11.92403,51.45854],[11.92325,51.46031],[11.92349,51.46124],[11.9212,51.46103],[11.91706,51.46139],[11.91733,51.46279],[11.91545,51.46306],[11.91428,51.46454],[11.91209,51.46528],[11.9095,51.46461],[11.88832,51.46315],[11.88698,51.46467],[11.88777,51.46739],[11.88624,51.47264],[11.8836,51.47235],[11.88277,51.47372],[11.88105,51.47358],[11.87192,51.47488],[11.87178,51.47717],[11.87409,51.4778],[11.86825,51.47906],[11.86517,51.48447],[11.86417,51.48679],[11.86777,51.48657],[11.86996,51.48669],[11.87141,51.48727],[11.86983,51.48821],[11.86713,51.48894],[11.86352,51.48909],[11.86288,51.4927],[11.86742,51.49282],[11.87882,51.4918],[11.87396,51.4974],[11.87559,51.49842],[11.87252,51.50075],[11.86902,51.50256],[11.86131,51.51049],[11.85841,51.5127],[11.85705,51.51463],[11.86989,51.51612],[11.87028,51.5173],[11.87291,51.51764],[11.8731,51.51849],[11.87754,51.51977],[11.87528,51.52227],[11.8763,51.52229],[11.87627,51.53113],[11.87955,51.53059],[11.87982,51.53467],[11.87461,51.53363],[11.86979,51.53356],[11.86763,51.53305],[11.86517,51.53189],[11.86198,51.53161],[11.85703,51.53243],[11.85554,51.53231],[11.8484,51.53016],[11.84534,51.52893],[11.84078,51.52788],[11.83599,51.52873],[11.83195,51.5306],[11.82866,51.53129],[11.82535,51.53128],[11.82264,51.53189],[11.82131,51.53303],[11.82014,51.53491],[11.81987,51.53615],[11.82034,51.53768],[11.82223,51.53985],[11.82269,51.54162],[11.82225,51.54391],[11.82241,51.54604],[11.82369,51.54876],[11.82323,51.55046],[11.8205,51.55383],[11.82046,51.55546],[11.82193,51.55708],[11.82619,51.55886],[11.82856,51.56101],[11.82955,51.56534],[11.83153,51.56841],[11.83132,51.57062],[11.82992,51.57211],[11.82743,51.57342],[11.82413,51.57448],[11.82259,51.57327],[11.81936,51.5723],[11.81734,51.57138],[11.80797,51.56905],[11.80719,51.56982],[11.80365,51.57028],[11.79607,51.57345],[11.80077,51.57626],[11.8018,51.57812],[11.80444,51.57791],[11.80808,51.58033],[11.80825,51.58187],[11.80527,51.58163],[11.80226,51.5825],[11.7985,51.58226],[11.79463,51.58332],[11.79104,51.58288],[11.78636,51.58045],[11.7832,51.58001],[11.78137,51.58023],[11.77906,51.58286],[11.77708,51.58333],[11.7757,51.58312],[11.76872,51.58025],[11.76477,51.58104],[11.76338,51.58175],[11.76042,51.58505],[11.75863,51.58665],[11.75646,51.58914],[11.75543,51.59238],[11.75525,51.59719],[11.75674,51.59958],[11.75893,51.60072],[11.76481,51.60112],[11.76545,51.60294],[11.76415,51.60503],[11.76421,51.6064],[11.76366,51.60927],[11.76297,51.60903],[11.75917,51.60979],[11.75648,51.61099],[11.74362,51.60867],[11.73507,51.60695],[11.73335,51.60363],[11.73254,51.60333],[11.73164,51.59489],[11.72875,51.59113],[11.72709,51.59159],[11.71829,51.58926],[11.7151,51.58783],[11.70953,51.58593],[11.70967,51.58521],[11.70594,51.58393],[11.70618,51.58272],[11.7003,51.57478],[11.69882,51.573],[11.69754,51.57317],[11.69718,51.57167],[11.69254,51.56841],[11.68566,51.56953],[11.67564,51.56976],[11.67573,51.56835],[11.6703,51.56487],[11.66531,51.56777],[11.66712,51.58077],[11.66298,51.58031],[11.66293,51.58123],[11.65336,51.5823],[11.65304,51.58466],[11.63951,51.58254],[11.63603,51.5829],[11.63225,51.58257],[11.63196,51.58427],[11.63658,51.58564],[11.63502,51.58938],[11.62411,51.58983],[11.61853,51.58985],[11.61628,51.59061],[11.6146,51.59065],[11.61273,51.59263],[11.61041,51.59257],[11.6098,51.59372],[11.60926,51.59661],[11.60985,51.59738],[11.61293,51.59926],[11.61347,51.60012],[11.60849,51.59994],[11.60634,51.60039],[11.60324,51.60154],[11.60126,51.60181],[11.59715,51.60115],[11.59085,51.60059],[11.59101,51.59965],[11.58712,51.59895],[11.58509,51.59886],[11.58481,51.59676],[11.57814,51.59622],[11.57646,51.59255],[11.57524,51.59122],[11.56937,51.5913],[11.56774,51.58323],[11.56431,51.58297],[11.56509,51.58101],[11.56121,51.58135],[11.55784,51.58131],[11.55407,51.58162],[11.55173,51.58216],[11.54668,51.58405],[11.54277,51.58523],[11.54362,51.57997],[11.54341,51.57829],[11.53922,51.57833],[11.53952,51.58003],[11.53657,51.58103],[11.53364,51.58075],[11.53359,51.58216],[11.53117,51.58192],[11.53087,51.57618],[11.52611,51.57579],[11.52609,51.57236],[11.52233,51.57346],[11.52038,51.56744],[11.51962,51.56049],[11.52037,51.55915],[11.52332,51.55603],[11.52085,51.55474],[11.51609,51.55178],[11.51245,51.55131],[11.51367,51.54935],[11.513,51.54843],[11.51307,51.54658],[11.51129,51.54294],[11.50543,51.54492],[11.50523,51.54094],[11.50013,51.54147],[11.5006,51.53557],[11.49974,51.53421],[11.50271,51.53398],[11.50744,51.5319],[11.50777,51.53046],[11.50915,51.52962],[11.50998,51.52783],[11.50877,51.52741],[11.50988,51.526],[11.5129,51.52691],[11.51716,51.52682],[11.51813,51.5239],[11.51957,51.52185],[11.51785,51.52081],[11.52049,51.51737],[11.52,51.51622],[11.5215,51.51569],[11.52029,51.5141],[11.51821,51.51389],[11.5168,51.51235],[11.51344,51.51109],[11.5106,51.51105],[11.50671,51.51181],[11.50524,51.5112],[11.50427,51.51228],[11.49785,51.5095],[11.49613,51.50937],[11.49059,51.5106],[11.48847,51.51049],[11.48434,51.50859],[11.4717,51.50435],[11.46817,51.50353],[11.46676,51.50384],[11.464,51.50309],[11.46379,51.50174],[11.46685,51.50148],[11.47651,51.50169],[11.47652,51.50007],[11.4784,51.4971],[11.48151,51.49638],[11.48061,51.49091],[11.48624,51.49071],[11.48834,51.48958],[11.49119,51.49009],[11.49207,51.49153],[11.49509,51.49098],[11.49382,51.48883],[11.49265,51.48772],[11.49313,51.4851],[11.49272,51.48372],[11.491,51.48319],[11.49091,51.4819],[11.49979,51.47825],[11.49864,51.4774],[11.50328,51.47244],[11.50206,51.46899],[11.50229,51.46705],[11.49407,51.46613],[11.49186,51.46205],[11.48696,51.46252],[11.48622,51.46294],[11.48158,51.46249],[11.4816,51.46111],[11.47754,51.4604],[11.47826,51.45301],[11.47516,51.45322],[11.46959,51.45235],[11.46789,51.4581],[11.46824,51.46413],[11.46746,51.46806],[11.46689,51.47354],[11.46536,51.48061],[11.46378,51.48065],[11.4624,51.48002],[11.45937,51.47993],[11.45932,51.48055],[11.45346,51.48113],[11.44796,51.48095],[11.44724,51.48172],[11.44923,51.48377],[11.44827,51.48438],[11.44474,51.48548],[11.44217,51.487],[11.43795,51.48896],[11.4314,51.49002],[11.42849,51.49065],[11.42558,51.49074],[11.42317,51.49033],[11.41982,51.4919],[11.41494,51.49333],[11.41067,51.49303],[11.4072,51.49418],[11.40504,51.49516],[11.40214,51.4955],[11.40012,51.49608],[11.39841,51.49728],[11.39618,51.49815],[11.3962,51.49901],[11.40306,51.50052],[11.40514,51.50079],[11.40684,51.50368],[11.40424,51.50643],[11.406,51.50686],[11.41009,51.50609],[11.40915,51.50723],[11.4043,51.50791],[11.40287,51.50903],[11.40155,51.5088],[11.39914,51.51074],[11.39928,51.51209],[11.40107,51.51308],[11.40048,51.51476],[11.3984,51.51631],[11.39778,51.5173],[11.39799,51.51868],[11.40052,51.52039],[11.40073,51.52117],[11.40232,51.52166],[11.40584,51.52195],[11.40635,51.52316],[11.40979,51.52426],[11.4129,51.5258],[11.41331,51.52639],[11.4121,51.52765],[11.41036,51.52856],[11.41065,51.53016],[11.41061,51.53359],[11.41025,51.53496],[11.40752,51.53767],[11.40528,51.54084],[11.40491,51.54188],[11.40323,51.54157],[11.39971,51.54014],[11.39387,51.53953],[11.38923,51.53968],[11.38103,51.53271],[11.38025,51.53129],[11.38041,51.52977],[11.38156,51.527],[11.38176,51.52562],[11.38121,51.52101],[11.38078,51.51952],[11.37846,51.51764],[11.37738,51.51381],[11.3752,51.51067],[11.37993,51.5108],[11.38094,51.51008],[11.37877,51.5072],[11.37499,51.50408],[11.37819,51.50404],[11.38091,51.50533],[11.38213,51.50354],[11.38526,51.49712],[11.38235,51.49693],[11.37661,51.49597],[11.37747,51.49446],[11.38079,51.49142],[11.37393,51.4914],[11.37399,51.48977],[11.37787,51.4891],[11.38109,51.48944],[11.38664,51.48634],[11.37909,51.48171],[11.37715,51.48221],[11.37565,51.47989],[11.37349,51.48037],[11.37035,51.48056],[11.37194,51.4772],[11.37166,51.47449],[11.3567,51.4743],[11.35563,51.47129],[11.35212,51.46508],[11.35223,51.45665],[11.34556,51.45751],[11.34268,51.45955],[11.3398,51.45629],[11.33881,51.45427],[11.33836,51.45128],[11.3374,51.45108],[11.33805,51.44935],[11.34061,51.44913],[11.34007,51.44795],[11.33876,51.44785],[11.33815,51.4443],[11.34279,51.44398],[11.34191,51.4418],[11.33117,51.44072],[11.32263,51.43194],[11.31699,51.42477],[11.32344,51.42332],[11.32726,51.42223],[11.3298,51.42179],[11.33221,51.42051],[11.33491,51.41951],[11.32814,51.41525],[11.32126,51.41037],[11.32219,51.40961],[11.32905,51.40002],[11.3308,51.39027],[11.33411,51.3897],[11.34054,51.39242],[11.34296,51.38921],[11.34266,51.38776],[11.34767,51.38456],[11.34903,51.38664],[11.35069,51.38761],[11.35743,51.38977],[11.35847,51.38625],[11.35929,51.385],[11.36174,51.38306],[11.36536,51.38307],[11.3656,51.38605],[11.3684,51.38778],[11.36976,51.38632],[11.37012,51.38508],[11.37221,51.38495],[11.37261,51.3858],[11.37662,51.38551],[11.37832,51.38724],[11.38206,51.38613],[11.3896,51.38419],[11.39325,51.3839],[11.39382,51.38131],[11.39685,51.38133],[11.39761,51.37715],[11.39657,51.37507],[11.39594,51.37293],[11.39115,51.37255],[11.39017,51.37041],[11.38984,51.36799],[11.39042,51.36668],[11.39283,51.36526],[11.39246,51.36246],[11.39164,51.36077],[11.39311,51.3595],[11.39416,51.35681],[11.39314,51.35576],[11.39297,51.3541],[11.39461,51.35409],[11.39526,51.35246],[11.3964,51.35216],[11.39694,51.34961],[11.40098,51.34944],[11.40107,51.34835],[11.40003,51.34656],[11.40061,51.34579],[11.39944,51.34484],[11.40248,51.34374],[11.40406,51.34259],[11.40635,51.34177],[11.40566,51.34084],[11.40899,51.34008],[11.41184,51.34114],[11.41204,51.34249],[11.41727,51.34236],[11.42047,51.34246],[11.42369,51.34219],[11.42881,51.34283],[11.42826,51.34078],[11.42887,51.33981],[11.4263,51.33622],[11.42351,51.33648],[11.4188,51.33574],[11.41412,51.33415],[11.41359,51.33313],[11.41823,51.33224],[11.422,51.33115],[11.42805,51.32791],[11.42576,51.32729],[11.42783,51.32458],[11.43104,51.32293],[11.43479,51.32205],[11.43424,51.32042],[11.43702,51.31892],[11.44489,51.31716],[11.44741,51.31606],[11.44654,51.31424],[11.44599,51.31196],[11.44978,51.31378],[11.46302,51.30665],[11.46713,51.30462],[11.46873,51.303],[11.4731,51.30018],[11.474,51.29838],[11.47258,51.29788],[11.47386,51.29457],[11.46779,51.28839],[11.46248,51.29051],[11.45988,51.29405],[11.45887,51.29298],[11.458,51.2909],[11.45524,51.28776],[11.45439,51.28639],[11.45419,51.28294],[11.45304,51.28191],[11.45232,51.27999],[11.45611,51.2772],[11.44995,51.27338],[11.44678,51.27112],[11.44174,51.27331],[11.43703,51.26865],[11.44128,51.26696],[11.43875,51.2637],[11.43952,51.26338],[11.43668,51.26069],[11.43544,51.26102],[11.43139,51.25698],[11.43245,51.25651],[11.42929,51.25468],[11.42578,51.2556],[11.42181,51.25324],[11.42267,51.25291],[11.41835,51.24761],[11.41997,51.24636],[11.41357,51.24298],[11.41263,51.24106],[11.40764,51.23878],[11.40311,51.23766],[11.40157,51.23627],[11.40499,51.23525],[11.40267,51.23087],[11.40549,51.23081],[11.40777,51.23028],[11.40966,51.23041],[11.4148,51.23152],[11.41494,51.22952],[11.41911,51.22964],[11.42148,51.23024],[11.42314,51.22988],[11.4269,51.23117],[11.42963,51.23323],[11.43048,51.23482],[11.43192,51.23574],[11.4331,51.23563],[11.43487,51.23429],[11.4371,51.2341],[11.43997,51.23434],[11.4429,51.23378],[11.44647,51.23195],[11.44714,51.2307],[11.45162,51.23077],[11.45556,51.22999],[11.45838,51.23022],[11.45846,51.22878],[11.46192,51.22883],[11.46458,51.22992],[11.46884,51.22935],[11.47158,51.22972],[11.47432,51.22885],[11.47646,51.23269],[11.48099,51.23184],[11.48147,51.23431],[11.48101,51.23548],[11.48314,51.23636],[11.48554,51.23545],[11.48479,51.23299],[11.48754,51.23279],[11.48778,51.22979],[11.49274,51.23088],[11.49678,51.2311],[11.49972,51.23084],[11.50014,51.22951],[11.50044,51.22613],[11.49901,51.22462],[11.49966,51.2238],[11.50514,51.22755],[11.50819,51.22663],[11.50979,51.22817],[11.51144,51.2287],[11.5119,51.22724],[11.51351,51.22666],[11.51507,51.22679],[11.5149,51.22775],[11.51897,51.22911],[11.51944,51.22857],[11.5233,51.23079],[11.52679,51.23198],[11.53167,51.23071],[11.52349,51.23529],[11.52991,51.23585],[11.52983,51.23635],[11.53628,51.23727],[11.53716,51.24065],[11.52865,51.23958],[11.52736,51.24288],[11.52053,51.24247],[11.52267,51.24667],[11.53142,51.24872],[11.53367,51.24914],[11.53206,51.25104],[11.5375,51.25102],[11.53743,51.25246],[11.54069,51.25349],[11.54253,51.25437],[11.54673,51.2569],[11.54919,51.25789],[11.55046,51.25797],[11.55001,51.26008],[11.55741,51.26016],[11.56007,51.26094],[11.56178,51.25993],[11.56569,51.25957],[11.5705,51.26014],[11.57365,51.26114],[11.57654,51.2614],[11.5819,51.25971],[11.58151,51.2585],[11.58378,51.2583],[11.58648,51.2567],[11.58904,51.25582],[11.59285,51.25555],[11.59516,51.25618],[11.5957,51.25527],[11.59838,51.25485],[11.59771,51.25383],[11.60083,51.24996],[11.59774,51.24738],[11.60235,51.24386],[11.60183,51.24259],[11.59982,51.24103],[11.60038,51.2404],[11.60814,51.24139],[11.60831,51.23947],[11.61679,51.23995],[11.61815,51.23737],[11.62015,51.23538],[11.61995,51.23354],[11.61764,51.23203],[11.62339,51.23],[11.62344,51.22869],[11.62219,51.22699],[11.62293,51.22643],[11.62856,51.22539],[11.63252,51.22536],[11.63229,51.22455],[11.63989,51.22407],[11.64508,51.22556],[11.64709,51.22593],[11.64839,51.2242],[11.64368,51.22173],[11.64251,51.22085],[11.64264,51.2192],[11.6421,51.21817],[11.64022,51.21647],[11.64041,51.21446],[11.6364,51.21259],[11.63618,51.21134],[11.63429,51.2111],[11.63599,51.20627],[11.64015,51.2071],[11.64092,51.20605],[11.643,51.20643],[11.64488,51.20443],[11.64166,51.20289],[11.64132,51.20147],[11.63922,51.19899],[11.6387,51.19739],[11.63659,51.19699],[11.63731,51.19559],[11.63163,51.19404],[11.63161,51.19475],[11.6225,51.19303],[11.62119,51.19183],[11.61323,51.19149],[11.6054,51.19576],[11.60361,51.19635],[11.60144,51.19792],[11.5984,51.19474],[11.59987,51.19261],[11.59849,51.19098],[11.59673,51.1899],[11.59179,51.18972],[11.59189,51.18621],[11.58811,51.18294],[11.58714,51.18009],[11.58354,51.1785],[11.57876,51.17783],[11.57487,51.17828],[11.56955,51.1776],[11.56402,51.17763],[11.5565,51.1766],[11.55094,51.17447],[11.5442,51.179],[11.54212,51.17828],[11.5384,51.17894],[11.53321,51.17949],[11.53038,51.17951],[11.52775,51.17907],[11.52698,51.1776],[11.52895,51.17465],[11.53162,51.1717],[11.53028,51.16998],[11.52531,51.16924],[11.50931,51.16915],[11.50409,51.16925],[11.49653,51.16826],[11.4911,51.16852],[11.48555,51.16802],[11.48526,51.16559],[11.47495,51.16583],[11.47498,51.16381],[11.47423,51.16259],[11.47262,51.16175],[11.47256,51.16092],[11.47524,51.16084],[11.47928,51.15878],[11.4772,51.15457],[11.47499,51.15141],[11.47405,51.15179],[11.47193,51.14818],[11.46781,51.14867],[11.46734,51.14788],[11.45901,51.1474],[11.451,51.14667],[11.45904,51.13594],[11.45874,51.13229],[11.45992,51.13222],[11.45988,51.13016],[11.46283,51.13022],[11.46284,51.12929],[11.46708,51.12914],[11.47111,51.12845],[11.47188,51.1305],[11.47456,51.13082],[11.47752,51.13334],[11.47923,51.13241],[11.48406,51.13208],[11.48445,51.1307],[11.49078,51.12883],[11.49151,51.12811],[11.49409,51.12709],[11.50001,51.12606],[11.50022,51.12156],[11.50242,51.12073],[11.50738,51.11929],[11.5047,51.11587],[11.50598,51.11541],[11.50332,51.1128],[11.50833,51.1124],[11.51222,51.11966],[11.51177,51.12213],[11.50676,51.12703],[11.5089,51.12766],[11.50557,51.13092],[11.50758,51.13136],[11.50711,51.13525],[11.50782,51.13639],[11.50047,51.13891],[11.50431,51.14348],[11.50456,51.14163],[11.5077,51.14442],[11.504,51.1466],[11.50812,51.14873],[11.50608,51.15379],[11.50668,51.15629],[11.50998,51.15575],[11.51345,51.15569],[11.51556,51.15602],[11.52404,51.15576],[11.53008,51.15585],[11.53113,51.1521],[11.53663,51.15166],[11.53636,51.15235],[11.54803,51.15349],[11.55305,51.15244],[11.55572,51.15024],[11.55979,51.15181],[11.56319,51.1522],[11.57143,51.15639],[11.57514,51.15033],[11.57511,51.14908],[11.57391,51.14673],[11.57366,51.1452],[11.57464,51.14366],[11.57656,51.14227],[11.57808,51.13976],[11.57655,51.13366],[11.57873,51.13375],[11.58268,51.1331],[11.58718,51.13324],[11.59527,51.13449],[11.60025,51.13676],[11.60246,51.1386],[11.60305,51.13988],[11.60527,51.14074],[11.60638,51.13952],[11.60779,51.13383],[11.61001,51.13452],[11.61004,51.13312],[11.61122,51.12833],[11.61051,51.12418],[11.60803,51.12278],[11.60238,51.1169],[11.60167,51.11387],[11.58955,51.11528],[11.57846,51.11809],[11.57166,51.11936],[11.56835,51.1184],[11.56374,51.11307],[11.56195,51.11132],[11.56037,51.11208],[11.55824,51.10895],[11.55521,51.10932],[11.55651,51.11126],[11.55028,51.11225],[11.5499,51.11148],[11.54782,51.1117],[11.54762,51.1092],[11.54683,51.10609],[11.54607,51.10463],[11.54564,51.10245],[11.53724,51.10328],[11.53176,51.10407],[11.5233,51.10486],[11.51208,51.10797],[11.51106,51.10384],[11.51059,51.10297],[11.5082,51.10354],[11.50485,51.10394],[11.50462,51.10243],[11.49529,51.1024],[11.48522,51.10253],[11.48461,51.10544],[11.47949,51.10483],[11.48015,51.09988],[11.46575,51.09776],[11.46066,51.09718],[11.45674,51.09691],[11.45048,51.09468],[11.44585,51.09235],[11.43418,51.08961],[11.4336,51.0907],[11.43019,51.09154],[11.4275,51.09162],[11.42768,51.09392],[11.42828,51.09399],[11.42929,51.09707],[11.42911,51.10323],[11.41923,51.10326],[11.41563,51.10474],[11.41417,51.10835],[11.41291,51.10913],[11.40879,51.10936],[11.40811,51.10728],[11.40585,51.1075],[11.40441,51.1012],[11.40474,51.0996],[11.39931,51.09815],[11.39947,51.09687],[11.3924,51.09595],[11.39176,51.09427],[11.39361,51.08906],[11.38515,51.08779],[11.38511,51.0835],[11.39299,51.07792],[11.38657,51.07697],[11.3782,51.07428],[11.37983,51.07011],[11.36933,51.06851],[11.36854,51.06909],[11.36616,51.06477],[11.36416,51.065],[11.36348,51.06277],[11.36163,51.06338],[11.3582,51.06174],[11.35471,51.06098],[11.35179,51.0606],[11.35284,51.05922],[11.34845,51.05884],[11.34739,51.05505],[11.3456,51.05219],[11.34696,51.04704],[11.34882,51.04766],[11.34895,51.04657],[11.35285,51.04826],[11.35272,51.04897],[11.36336,51.05083],[11.36438,51.04955],[11.36763,51.05015],[11.3688,51.05076],[11.37345,51.05058],[11.3743,51.05231],[11.38128,51.05248],[11.38186,51.05133],[11.38615,51.05162],[11.3865,51.05084],[11.39126,51.05098],[11.39298,51.04788],[11.39462,51.03666],[11.39418,51.0272],[11.38857,51.02525],[11.38882,51.02458],[11.37839,51.02201],[11.37884,51.02111],[11.37327,51.02007],[11.3607,51.01873],[11.36013,51.01959],[11.35286,51.02158],[11.35003,51.02145],[11.34504,51.02007],[11.33902,51.01977],[11.33822,51.0206],[11.33545,51.02044],[11.33312,51.01962],[11.32805,51.02499],[11.32554,51.02551],[11.32433,51.02416],[11.3207,51.02175],[11.31514,51.0264],[11.30799,51.02236],[11.30485,51.01912],[11.30411,51.02084],[11.30593,51.0236],[11.30466,51.02638],[11.3022,51.02574],[11.30359,51.02233],[11.30061,51.02195],[11.29951,51.02436],[11.29662,51.02339],[11.29516,51.02476],[11.29645,51.02607],[11.29896,51.02679],[11.29449,51.03057],[11.29085,51.03105],[11.28625,51.03191],[11.28255,51.03003],[11.27853,51.02826],[11.27536,51.02594],[11.27133,51.02596],[11.26511,51.03069],[11.25835,51.03241],[11.25326,51.03159],[11.25181,51.0336],[11.25415,51.03394],[11.25379,51.03488],[11.25216,51.03455],[11.25069,51.03677],[11.24917,51.03654],[11.2491,51.03457],[11.24767,51.03197],[11.24769,51.02884],[11.24654,51.0276],[11.24394,51.02923],[11.24109,51.0249],[11.24137,51.0235],[11.23659,51.02174],[11.23542,51.02195],[11.23359,51.02503],[11.23065,51.02566],[11.22835,51.02541],[11.22778,51.02606],[11.22435,51.02507],[11.22483,51.02632],[11.22646,51.02796],[11.22298,51.02949],[11.22078,51.03128],[11.2173,51.03263],[11.21745,51.03036],[11.2125,51.02876],[11.20829,51.02678],[11.20741,51.02908],[11.20571,51.02887],[11.20478,51.03056],[11.20123,51.02983],[11.20185,51.02793],[11.20082,51.02599],[11.19715,51.02598],[11.19641,51.02438],[11.19167,51.0243],[11.19091,51.02385],[11.18381,51.0238],[11.18395,51.02292],[11.17992,51.02371],[11.17978,51.02433],[11.17542,51.02566],[11.17459,51.02557],[11.17066,51.01873],[11.16959,51.01741],[11.15524,51.01734],[11.1498,51.01758],[11.14687,51.01819],[11.14722,51.01725],[11.14888,51.01621],[11.14941,51.01527],[11.14361,51.01436],[11.13977,51.01402],[11.14048,51.01104],[11.13931,51.01085],[11.12316,51.00911],[11.12141,51.01252],[11.12396,51.01315],[11.12369,51.01384],[11.12663,51.0144],[11.12478,51.02243],[11.11994,51.02308],[11.11186,51.03064],[11.1103,51.0308],[11.10826,51.03304],[11.10677,51.03421],[11.10156,51.03386],[11.10009,51.04292],[11.09845,51.05125],[11.08797,51.05145],[11.09333,51.06011],[11.08912,51.06074],[11.08964,51.06349],[11.0911,51.06405],[11.09153,51.06528],[11.08601,51.06461],[11.08105,51.06544],[11.0786,51.06831],[11.07943,51.07148],[11.08134,51.07377],[11.07298,51.07476],[11.07312,51.07572],[11.07117,51.07584],[11.07123,51.07745],[11.06642,51.07755],[11.06644,51.07941],[11.0466,51.07755],[11.04678,51.07985],[11.04195,51.07995],[11.03971,51.06522],[11.03747,51.06564],[11.03727,51.06423],[11.03605,51.06409],[11.03581,51.06282],[11.03333,51.06286],[11.03335,51.06448],[11.03115,51.06561],[11.0283,51.06625],[11.02627,51.06737],[11.02395,51.0674],[11.02296,51.06647],[11.0228,51.06286],[11.02156,51.06143],[11.01988,51.06036],[11.01601,51.0594],[11.00797,51.06026],[10.99899,51.06023],[10.99513,51.05922],[10.99218,51.05887],[10.99059,51.06844],[10.98011,51.0654],[10.97596,51.06487],[10.97693,51.06193],[10.97524,51.06172],[10.97601,51.05988],[10.97733,51.06014],[10.97784,51.05609],[10.97961,51.05598],[10.98041,51.05211],[10.98462,51.05265],[10.98593,51.04577],[10.98666,51.04328],[10.98006,51.04252],[10.98039,51.04108],[10.97563,51.04067],[10.97224,51.04099],[10.97089,51.0403],[10.96563,51.04006],[10.96549,51.03865],[10.95454,51.03729],[10.95225,51.03653],[10.95072,51.03494],[10.94878,51.03569],[10.94832,51.03429],[10.94596,51.03453],[10.94563,51.03316],[10.9436,51.0324],[10.93834,51.0323],[10.93833,51.03042],[10.93641,51.03048],[10.93216,51.0299],[10.93138,51.02823],[10.92957,51.02782],[10.92871,51.02428],[10.92755,51.02382],[10.92989,51.01762],[10.92724,51.01661],[10.92591,51.01515],[10.92423,51.01527],[10.92158,51.01471],[10.9208,51.0156],[10.9169,51.01511],[10.91609,51.01575],[10.91332,51.015],[10.91137,51.01646],[10.91012,51.01823],[10.91122,51.01983],[10.91032,51.02096],[10.90528,51.02073],[10.90025,51.02282],[10.89758,51.02488],[10.89594,51.02439],[10.88232,51.02524],[10.88118,51.02743],[10.87665,51.02808],[10.86982,51.02802],[10.86299,51.02654],[10.85535,51.02584],[10.85787,51.01344],[10.85929,51.01101],[10.86014,51.00788],[10.86161,51.00367],[10.86396,51.00059],[10.86574,51.00108],[10.86638,51.00023],[10.87098,51.00088],[10.87186,51.00002],[10.87985,51.00121],[10.88011,51.00032],[10.88373,51.00067],[10.88444,50.99906],[10.88921,50.99235],[10.89158,50.98996],[10.88713,50.98823],[10.88576,50.98744],[10.88121,50.98339],[10.87974,50.98238],[10.87671,50.98147],[10.87239,50.97943],[10.86311,50.97727],[10.86521,50.97142],[10.86614,50.97138],[10.86704,50.96822],[10.86558,50.96742],[10.86577,50.96489],[10.87288,50.96501],[10.87269,50.95965],[10.87635,50.95912],[10.87771,50.96342],[10.88058,50.96209],[10.88466,50.96101],[10.8939,50.96051],[10.89517,50.95646],[10.89648,50.95114],[10.89721,50.94456],[10.89931,50.94477],[10.90049,50.94148],[10.90452,50.94143],[10.91256,50.94097],[10.91679,50.94226],[10.91741,50.94074],[10.9284,50.94294],[10.92769,50.94472],[10.92915,50.94579],[10.9385,50.94687],[10.94195,50.9436],[10.94543,50.94317],[10.94764,50.9418],[10.95023,50.94173],[10.95233,50.93763],[10.95789,50.93528],[10.95772,50.93394],[10.95949,50.93419],[10.96091,50.93012],[10.96178,50.92871],[10.9629,50.92514],[10.96367,50.92401],[10.96463,50.92027],[10.96323,50.92032],[10.95788,50.91821],[10.95605,50.918],[10.94901,50.91406],[10.94286,50.91225],[10.93167,50.90953],[10.9324,50.90414],[10.93335,50.9022],[10.93447,50.90215],[10.93528,50.89751],[10.93617,50.89487],[10.93969,50.89403],[10.94411,50.8942],[10.94771,50.89097],[10.94933,50.8912],[10.9616,50.89429],[10.95998,50.89027],[10.96327,50.89037],[10.96448,50.89385],[10.97165,50.89293],[10.97371,50.89322],[10.96966,50.89568],[10.97804,50.89796],[10.98018,50.90199],[10.98009,50.90422],[10.98628,50.90534],[10.9897,50.9053],[10.99257,50.90641],[10.99672,50.90711],[10.9965,50.90775],[11.00206,50.90794],[11.00349,50.90416],[11.00465,50.90258],[11.00816,50.90281],[11.01257,50.90336],[11.01444,50.90471],[11.04009,50.90731],[11.04845,50.90767],[11.06011,50.9083],[11.05965,50.91168],[11.06653,50.91196],[11.07209,50.91242],[11.07702,50.91316],[11.0816,50.91071],[11.0907,50.91192],[11.09558,50.91304],[11.11026,50.91311],[11.10699,50.92112],[11.10597,50.92666],[11.11182,50.92996],[11.11726,50.92603],[11.11943,50.92526],[11.12013,50.92762],[11.12435,50.92706],[11.12825,50.92859],[11.13299,50.92806],[11.1373,50.92982],[11.14156,50.92601]],[[11.65738,51.08645],[11.65586,51.08954],[11.65694,51.08959],[11.65835,51.08862],[11.66155,51.08952],[11.66166,51.0886],[11.66511,51.08853],[11.66942,51.08958],[11.67113,51.088],[11.67362,51.08885],[11.6749,51.08872],[11.67545,51.08753],[11.67357,51.08567],[11.67417,51.08504],[11.67715,51.08627],[11.67825,51.08582],[11.6801,51.08216],[11.68129,51.08177],[11.68549,51.08138],[11.68451,51.08024],[11.68634,51.07942],[11.68393,51.07704],[11.68527,51.07639],[11.6865,51.07715],[11.68925,51.07695],[11.68816,51.07541],[11.68917,51.07433],[11.68753,51.07315],[11.68792,51.07121],[11.68509,51.06929],[11.6878,51.0665],[11.68672,51.06567],[11.68857,51.06391],[11.68828,51.06187],[11.68301,51.06115],[11.68011,51.06188],[11.67796,51.06049],[11.6711,51.06084],[11.67232,51.05854],[11.66948,51.0578],[11.66584,51.05596],[11.66621,51.05469],[11.66361,51.05425],[11.6641,51.05256],[11.65673,51.0526],[11.65217,51.05214],[11.65143,51.05446],[11.64934,51.0544],[11.64694,51.05679],[11.64374,51.05654],[11.64324,51.05733],[11.63389,51.05591],[11.63329,51.05786],[11.62896,51.05697],[11.62604,51.06192],[11.62501,51.06634],[11.63171,51.06787],[11.63458,51.06922],[11.63769,51.06938],[11.63828,51.0685],[11.64065,51.0687],[11.64127,51.07175],[11.64219,51.07199],[11.64366,51.07475],[11.65732,51.07551],[11.6584,51.08037],[11.65648,51.08067],[11.65651,51.08381],[11.65601,51.08527],[11.65781,51.08552],[11.65738,51.08645]],[[11.55771,50.97299],[11.55666,50.97584],[11.55226,50.98172],[11.54732,50.98906],[11.54687,50.99004],[11.5522,50.99119],[11.55134,50.99323],[11.57128,50.99619],[11.57138,50.9974],[11.57361,50.99702],[11.57663,51.00002],[11.57559,51.00187],[11.58269,51.00349],[11.59654,51.00424],[11.59833,51.00442],[11.60513,51.00564],[11.60306,51.00896],[11.60232,51.01346],[11.60157,51.01434],[11.60466,51.01477],[11.61116,51.01461],[11.61082,51.01564],[11.61455,51.016],[11.6143,51.01917],[11.62299,51.02059],[11.62361,51.01709],[11.62946,51.01834],[11.63144,51.01782],[11.63505,51.01294],[11.63773,51.01231],[11.64144,51.00853],[11.64318,51.00562],[11.64367,51.00388],[11.64856,51.00123],[11.64669,50.99985],[11.648,50.99764],[11.65102,50.99692],[11.65487,50.99663],[11.65579,50.99547],[11.65873,50.99379],[11.65715,50.99321],[11.65536,50.99129],[11.65603,50.99012],[11.64816,50.98994],[11.64267,50.98825],[11.64021,50.9879],[11.63521,50.9868],[11.63528,50.98528],[11.62715,50.98588],[11.62176,50.98608],[11.62282,50.98452],[11.6243,50.98475],[11.62609,50.98307],[11.62526,50.98186],[11.62091,50.9823],[11.6207,50.98125],[11.62155,50.98058],[11.62113,50.97851],[11.61767,50.97661],[11.61726,50.97683],[11.61413,50.97465],[11.60589,50.97185],[11.59838,50.97063],[11.59492,50.97133],[11.59281,50.97492],[11.58775,50.97262],[11.58581,50.97232],[11.58473,50.97323],[11.58064,50.97327],[11.58164,50.97082],[11.5713,50.96812],[11.56967,50.96707],[11.56644,50.96592],[11.56428,50.96882],[11.56325,50.96976],[11.56194,50.96946],[11.55983,50.97193],[11.55894,50.97162],[11.55771,50.97299]],[[11.56321,51.07636],[11.56095,51.08116],[11.55953,51.08299],[11.57057,51.08517],[11.57792,51.08732],[11.59871,51.08973],[11.60275,51.08123],[11.59622,51.078],[11.59393,51.07704],[11.59046,51.07689],[11.58913,51.07623],[11.58884,51.07533],[11.58704,51.07418],[11.58445,51.07361],[11.58386,51.07264],[11.58223,51.07213],[11.57946,51.07199],[11.57893,51.07149],[11.57608,51.07081],[11.57628,51.07],[11.57831,51.06955],[11.57655,51.06866],[11.57382,51.06797],[11.57217,51.0687],[11.57262,51.07003],[11.57142,51.07047],[11.57043,51.06912],[11.57941,51.06351],[11.58103,51.06393],[11.58692,51.05748],[11.58983,51.05364],[11.5912,51.0527],[11.59507,51.05476],[11.59526,51.05073],[11.58962,51.04816],[11.59055,51.04758],[11.58595,51.04531],[11.5797,51.04369],[11.57835,51.04689],[11.57175,51.05324],[11.57033,51.05608],[11.56827,51.05778],[11.56546,51.05684],[11.5639,51.05936],[11.5621,51.05873],[11.56103,51.06111],[11.56329,51.06252],[11.55887,51.06332],[11.5574,51.06239],[11.55588,51.06364],[11.55802,51.06469],[11.55865,51.06562],[11.56041,51.06623],[11.55989,51.0669],[11.5643,51.06862],[11.56659,51.06756],[11.56843,51.06875],[11.56616,51.07006],[11.56984,51.0717],[11.56521,51.074],[11.56321,51.07636]],[[11.52835,51.08524],[11.52845,51.08847],[11.5314,51.08843],[11.53221,51.0924],[11.53885,51.09222],[11.54193,51.09445],[11.54761,51.09338],[11.5477,51.09103],[11.55492,51.09102],[11.55496,51.08994],[11.55847,51.08983],[11.55856,51.08277],[11.55218,51.08071],[11.53797,51.07758],[11.52885,51.07669],[11.52677,51.08524],[11.52835,51.08524]],[[11.5615,51.44357],[11.57592,51.4448],[11.57617,51.4437],[11.57519,51.4429],[11.5759,51.4417],[11.57911,51.44253],[11.59871,51.44341],[11.60046,51.44362],[11.60443,51.44708],[11.60604,51.44738],[11.60514,51.4528],[11.60813,51.45361],[11.61071,51.45494],[11.61988,51.45785],[11.63322,51.46111],[11.63307,51.4595],[11.63503,51.46008],[11.63718,51.45942],[11.63972,51.45785],[11.64191,51.45873],[11.64355,51.4558],[11.64394,51.45347],[11.64695,51.45282],[11.65032,51.45179],[11.65109,51.44851],[11.6525,51.44753],[11.65631,51.4491],[11.65888,51.44961],[11.66364,51.44992],[11.66678,51.45058],[11.66855,51.45057],[11.67238,51.44633],[11.67184,51.44598],[11.67247,51.44378],[11.67386,51.44252],[11.67599,51.44286],[11.67763,51.44179],[11.67641,51.44034],[11.67439,51.4394],[11.67287,51.43538],[11.67558,51.43317],[11.68424,51.43172],[11.68742,51.42889],[11.68769,51.42756],[11.68957,51.4252],[11.69031,51.42327],[11.71096,51.42463],[11.71613,51.4254],[11.71975,51.41913],[11.71949,51.41797],[11.71174,51.41593],[11.71603,51.409],[11.71354,51.40792],[11.70494,51.40502],[11.70346,51.405],[11.71039,51.39392],[11.71387,51.39003],[11.71528,51.38528],[11.71782,51.38221],[11.72051,51.37772],[11.72369,51.37139],[11.72736,51.36725],[11.72207,51.36591],[11.71618,51.36521],[11.7099,51.36301],[11.70475,51.36043],[11.70615,51.35891],[11.69939,51.35801],[11.69921,51.35321],[11.70161,51.34807],[11.70086,51.3479],[11.70221,51.34458],[11.70123,51.34425],[11.70197,51.34186],[11.70081,51.34144],[11.70157,51.33985],[11.69954,51.33961],[11.69969,51.33708],[11.69792,51.33681],[11.69924,51.33467],[11.69785,51.33436],[11.69764,51.33292],[11.6963,51.33206],[11.69165,51.33045],[11.68989,51.32925],[11.68929,51.32821],[11.68751,51.32808],[11.68301,51.32686],[11.68445,51.32426],[11.68012,51.32284],[11.67848,51.3218],[11.67892,51.32104],[11.67547,51.32022],[11.66638,51.31893],[11.66147,51.31865],[11.65138,51.31738],[11.64209,51.31711],[11.63816,51.31758],[11.63758,51.31578],[11.63564,51.31617],[11.6349,51.31422],[11.63044,51.31555],[11.6311,51.31742],[11.62317,51.32003],[11.62094,51.31574],[11.6183,51.31641],[11.61675,51.3184],[11.61663,51.32036],[11.61721,51.32185],[11.61518,51.32381],[11.61024,51.33107],[11.61168,51.33142],[11.61127,51.33329],[11.60963,51.33688],[11.605,51.33606],[11.60391,51.33867],[11.59997,51.33787],[11.59947,51.33861],[11.60191,51.33905],[11.59849,51.3407],[11.60691,51.34156],[11.60434,51.34187],[11.60044,51.34289],[11.59922,51.34468],[11.59583,51.34741],[11.59523,51.34882],[11.59981,51.35019],[11.59945,51.35128],[11.60302,51.35164],[11.60283,51.35286],[11.60813,51.35379],[11.60734,51.35616],[11.6178,51.35733],[11.61782,51.35808],[11.62514,51.35899],[11.63781,51.36156],[11.63677,51.36263],[11.64864,51.36588],[11.643,51.37291],[11.64124,51.3802],[11.64007,51.38169],[11.64031,51.38259],[11.63802,51.38403],[11.63694,51.38399],[11.63704,51.38574],[11.63588,51.38799],[11.63377,51.39292],[11.6315,51.39725],[11.63119,51.39919],[11.62286,51.40161],[11.60879,51.40282],[11.59378,51.40325],[11.58933,51.40305],[11.58554,51.40687],[11.58193,51.40953],[11.57189,51.40962],[11.56419,51.40987],[11.55662,51.41059],[11.55613,51.4118],[11.55191,51.41219],[11.54766,51.4118],[11.54799,51.41306],[11.53369,51.41412],[11.53097,51.41602],[11.52747,51.41632],[11.52411,51.4197],[11.52458,51.42373],[11.5241,51.42463],[11.52537,51.42551],[11.52899,51.42633],[11.53334,51.42704],[11.53297,51.42802],[11.5334,51.43005],[11.53569,51.43202],[11.53863,51.43328],[11.5465,51.43483],[11.54307,51.43649],[11.54462,51.43781],[11.54996,51.43772],[11.5509,51.44029],[11.55286,51.44109],[11.55516,51.44146],[11.5615,51.44357]],[[11.50698,51.48989],[11.50452,51.49234],[11.5053,51.49343],[11.51006,51.49404],[11.50935,51.49615],[11.51383,51.49505],[11.51326,51.4931],[11.51402,51.49102],[11.51245,51.49077],[11.51314,51.48747],[11.50799,51.48899],[11.50698,51.48989]]],[[[11.22366,50.70946],[11.21942,50.7129],[11.2151,50.71142],[11.21373,50.71264],[11.20509,50.70521],[11.20187,50.70553],[11.20181,50.7048],[11.20815,50.70354],[11.20865,50.70175],[11.21071,50.70056],[11.21254,50.70048],[11.21702,50.69736],[11.22107,50.69794],[11.22532,50.69422],[11.22469,50.69367],[11.22211,50.69386],[11.21715,50.69337],[11.2181,50.69201],[11.21596,50.69102],[11.21834,50.68544],[11.22058,50.68464],[11.21866,50.68249],[11.21617,50.68151],[11.21523,50.67933],[11.20794,50.68125],[11.20982,50.68302],[11.20429,50.68336],[11.20007,50.68261],[11.19815,50.6851],[11.19955,50.68573],[11.19893,50.687],[11.19622,50.68633],[11.19489,50.68562],[11.19305,50.68694],[11.19194,50.68652],[11.19188,50.68527],[11.18885,50.68459],[11.18853,50.68645],[11.18608,50.68628],[11.18434,50.68569],[11.1854,50.68461],[11.18401,50.68372],[11.18306,50.68232],[11.18537,50.6803],[11.18468,50.67852],[11.18652,50.67712],[11.18731,50.6758],[11.1893,50.67458],[11.18803,50.6737],[11.18522,50.67248],[11.18509,50.672],[11.18857,50.67026],[11.19376,50.66956],[11.19367,50.66816],[11.19517,50.66729],[11.20068,50.66689],[11.20208,50.66393],[11.20601,50.66163],[11.21421,50.66006],[11.21566,50.66023],[11.2157,50.66275],[11.21691,50.66315],[11.22155,50.66292],[11.22588,50.66296],[11.22798,50.66355],[11.23267,50.66609],[11.23477,50.66659],[11.23712,50.66483],[11.23932,50.66391],[11.24437,50.66299],[11.24734,50.66291],[11.24896,50.66344],[11.24979,50.66467],[11.24969,50.66621],[11.24784,50.66901],[11.24853,50.67019],[11.25214,50.66836],[11.25561,50.6684],[11.25709,50.6693],[11.25962,50.66868],[11.26066,50.66348],[11.25958,50.66266],[11.25667,50.66131],[11.25672,50.66066],[11.25506,50.65993],[11.25541,50.65851],[11.25416,50.65761],[11.25541,50.65608],[11.25306,50.6547],[11.25644,50.65126],[11.26158,50.64814],[11.2593,50.64326],[11.26323,50.64163],[11.2645,50.64028],[11.26916,50.63707],[11.27222,50.63933],[11.27903,50.63827],[11.27936,50.63933],[11.282,50.64154],[11.28316,50.64342],[11.28401,50.64615],[11.28543,50.64732],[11.28691,50.65043],[11.28794,50.65101],[11.28862,50.65543],[11.28825,50.65938],[11.28212,50.66411],[11.27826,50.66373],[11.28112,50.66957],[11.27815,50.67132],[11.28107,50.67417],[11.28195,50.67536],[11.29179,50.67838],[11.29105,50.67917],[11.29484,50.67912],[11.29484,50.6823],[11.2956,50.68723],[11.29062,50.68769],[11.29052,50.68976],[11.29509,50.69044],[11.30387,50.68895],[11.306,50.68971],[11.31086,50.69028],[11.31001,50.69198],[11.30805,50.69191],[11.30824,50.69392],[11.30991,50.69539],[11.31241,50.69596],[11.31266,50.69776],[11.31225,50.69889],[11.30719,50.70202],[11.30575,50.7035],[11.30667,50.70646],[11.30264,50.70918],[11.30133,50.70891],[11.29944,50.70688],[11.2973,50.70919],[11.29332,50.70883],[11.28983,50.70648],[11.28795,50.70753],[11.28613,50.70642],[11.28402,50.70751],[11.28168,50.70756],[11.28094,50.70567],[11.27463,50.70339],[11.27377,50.7023],[11.26415,50.69881],[11.26187,50.70047],[11.25871,50.70554],[11.25731,50.70573],[11.25657,50.70397],[11.25511,50.70501],[11.25153,50.70496],[11.24765,50.70402],[11.24114,50.70503],[11.23622,50.70618],[11.23124,50.70883],[11.22366,50.70946]]],[[[11.52965,50.7857],[11.52645,50.78463],[11.52319,50.78448],[11.50911,50.7818],[11.50535,50.78247],[11.48677,50.77712],[11.48636,50.77361],[11.48747,50.76786],[11.49121,50.76783],[11.49293,50.76625],[11.4959,50.76594],[11.4956,50.76451],[11.50562,50.76409],[11.51177,50.7628],[11.51388,50.76409],[11.51637,50.76336],[11.51831,50.76359],[11.5202,50.76563],[11.52022,50.76857],[11.52461,50.76664],[11.52947,50.76734],[11.52793,50.76903],[11.53329,50.77181],[11.53852,50.77157],[11.54095,50.77421],[11.54445,50.77389],[11.54625,50.77333],[11.5496,50.77352],[11.55432,50.7735],[11.55634,50.77391],[11.55548,50.77672],[11.54814,50.78028],[11.5482,50.78292],[11.54494,50.78219],[11.5449,50.78338],[11.54168,50.78282],[11.54056,50.78394],[11.53617,50.78413],[11.53436,50.7855],[11.53151,50.78632],[11.52965,50.7857]]],[[[10.77285,51.09348],[10.77656,51.09432],[10.78347,51.09429],[10.79029,51.09589],[10.80987,51.09799],[10.81042,51.09796],[10.80699,51.1092],[10.80269,51.1143],[10.80374,51.11471],[10.80067,51.11742],[10.80192,51.11872],[10.80405,51.11991],[10.80605,51.12007],[10.80465,51.12208],[10.80263,51.12185],[10.80134,51.12364],[10.79925,51.12129],[10.79756,51.1202],[10.79253,51.12516],[10.78642,51.12497],[10.78043,51.13905],[10.77818,51.13874],[10.76148,51.1372],[10.75575,51.1349],[10.75257,51.13295],[10.74062,51.12966],[10.74174,51.12772],[10.74263,51.12482],[10.74444,51.12467],[10.74543,51.11844],[10.74363,51.11496],[10.74213,51.11388],[10.74214,51.11168],[10.74573,51.11138],[10.75396,51.10925],[10.75743,51.10717],[10.75655,51.10571],[10.75898,51.10536],[10.76341,51.10616],[10.76702,51.10091],[10.76817,51.10099],[10.76984,51.09541],[10.77092,51.09304],[10.77285,51.09348]]],[[[11.3573,51.20867],[11.35516,51.20805],[11.34969,51.20057],[11.34819,51.20004],[11.3458,51.18818],[11.34026,51.17677],[11.34963,51.17389],[11.36463,51.16704],[11.36796,51.16606],[11.37465,51.16507],[11.37997,51.16473],[11.38088,51.16436],[11.3817,51.15847],[11.38286,51.15802],[11.39166,51.15786],[11.39159,51.15692],[11.39359,51.15567],[11.39809,51.15666],[11.39811,51.15786],[11.41081,51.15825],[11.41079,51.1607],[11.41862,51.16097],[11.41982,51.16149],[11.4234,51.16143],[11.42339,51.16267],[11.43462,51.16645],[11.43404,51.16932],[11.4374,51.1733],[11.43418,51.17325],[11.43262,51.17383],[11.43476,51.17477],[11.4373,51.17475],[11.44308,51.17718],[11.44413,51.18036],[11.44659,51.18174],[11.44433,51.18358],[11.44984,51.1865],[11.44756,51.18715],[11.44865,51.18978],[11.45176,51.19017],[11.4524,51.19248],[11.45069,51.19344],[11.44902,51.19627],[11.44989,51.19667],[11.44926,51.19939],[11.44768,51.19984],[11.44772,51.20366],[11.44568,51.20388],[11.44505,51.20449],[11.44605,51.20814],[11.43495,51.21145],[11.43095,51.21248],[11.42827,51.21241],[11.41511,51.20818],[11.405,51.20737],[11.40807,51.20369],[11.40593,51.20362],[11.40589,51.2027],[11.40114,51.20361],[11.40194,51.20615],[11.3977,51.2062],[11.39598,51.20401],[11.39142,51.20353],[11.39031,51.20706],[11.38798,51.20887],[11.3911,51.21065],[11.38985,51.21274],[11.39099,51.21648],[11.38983,51.21751],[11.38388,51.219],[11.37409,51.21992],[11.37359,51.21622],[11.37155,51.21477],[11.36852,51.21389],[11.36809,51.21281],[11.36868,51.2118],[11.37038,51.21075],[11.36923,51.20907],[11.36455,51.20849],[11.36025,51.21002],[11.35831,51.20967],[11.3573,51.20867]],[[11.44677,51.1945],[11.44538,51.19399],[11.44395,51.19736],[11.43967,51.19767],[11.43939,51.19977],[11.44202,51.19976],[11.44301,51.19932],[11.44661,51.19888],[11.44735,51.19625],[11.44677,51.1945]]],[[[11.34435,51.56015],[11.33828,51.55905],[11.33774,51.55755],[11.33684,51.55686],[11.33812,51.55584],[11.33932,51.55416],[11.34216,51.55531],[11.3463,51.55153],[11.34303,51.55029],[11.34342,51.54826],[11.34251,51.54503],[11.34246,51.54379],[11.34134,51.54142],[11.33971,51.53948],[11.33723,51.53784],[11.33622,51.53651],[11.33648,51.53489],[11.33281,51.53604],[11.33244,51.5325],[11.32962,51.53119],[11.33088,51.52923],[11.33169,51.52943],[11.33706,51.5249],[11.33606,51.5245],[11.33808,51.52321],[11.33984,51.52323],[11.34021,51.52079],[11.34368,51.52035],[11.34549,51.52252],[11.34679,51.52199],[11.34577,51.51997],[11.35123,51.51947],[11.34924,51.51818],[11.34949,51.51667],[11.35512,51.51794],[11.35924,51.51976],[11.3605,51.51734],[11.36203,51.51247],[11.36224,51.50993],[11.36378,51.50984],[11.36762,51.51335],[11.36923,51.51366],[11.37323,51.51338],[11.374,51.51452],[11.37228,51.51483],[11.36972,51.51763],[11.37346,51.51899],[11.37541,51.51866],[11.37493,51.52085],[11.37753,51.52084],[11.37821,51.52572],[11.37674,51.5296],[11.37686,51.53253],[11.37844,51.53437],[11.38414,51.53911],[11.37888,51.53962],[11.37595,51.53915],[11.37393,51.54052],[11.3711,51.54146],[11.36894,51.54149],[11.36624,51.54015],[11.3646,51.54032],[11.36319,51.54133],[11.36169,51.54325],[11.36197,51.54497],[11.36389,51.54642],[11.36426,51.54764],[11.36719,51.54847],[11.36974,51.54988],[11.37065,51.54877],[11.37324,51.54777],[11.37547,51.54948],[11.37659,51.55158],[11.37884,51.55228],[11.37698,51.55376],[11.37335,51.5531],[11.37067,51.55309],[11.36807,51.55225],[11.36416,51.55157],[11.36002,51.55059],[11.35924,51.55139],[11.35977,51.55264],[11.36281,51.55428],[11.36346,51.55507],[11.36601,51.55612],[11.36887,51.55933],[11.37177,51.56067],[11.368,51.56148],[11.36637,51.56125],[11.35953,51.55932],[11.35646,51.5589],[11.34921,51.56018],[11.34435,51.56015]]],[[[10.93207,51.66692],[10.93504,51.66587],[10.93503,51.66362],[10.94304,51.66295],[10.9479,51.66441],[10.95238,51.66107],[10.95689,51.66479],[10.95885,51.66498],[10.95958,51.66654],[10.96056,51.66714],[10.9627,51.66691],[10.96406,51.66571],[10.96654,51.66464],[10.96931,51.66399],[10.97526,51.66449],[10.97621,51.66663],[10.97633,51.66868],[10.97536,51.67013],[10.97735,51.67036],[10.98011,51.66999],[10.98209,51.67017],[10.98334,51.67212],[10.98696,51.67143],[10.98856,51.6716],[10.99456,51.67307],[10.99653,51.67383],[11.01585,51.67958],[11.01944,51.6789],[11.02587,51.67916],[11.02685,51.67846],[11.03099,51.67702],[11.0323,51.6759],[11.03324,51.67398],[11.03531,51.67214],[11.03872,51.67373],[11.04173,51.67705],[11.04447,51.67905],[11.0485,51.67936],[11.05309,51.67911],[11.05465,51.67881],[11.06125,51.67998],[11.06284,51.67971],[11.06501,51.67746],[11.06748,51.67717],[11.06965,51.67591],[11.07126,51.67572],[11.07287,51.67661],[11.07254,51.67786],[11.07409,51.67905],[11.07708,51.67918],[11.08512,51.67852],[11.08682,51.67861],[11.09319,51.68008],[11.09466,51.67993],[11.09721,51.67842],[11.10326,51.67763],[11.106,51.67619],[11.10984,51.67589],[11.11186,51.67641],[11.11364,51.67633],[11.11518,51.67539],[11.11624,51.67303],[11.12013,51.67198],[11.12132,51.67068],[11.12188,51.66882],[11.12121,51.66638],[11.12199,51.66555],[11.12409,51.66525],[11.12751,51.66578],[11.12606,51.66703],[11.12545,51.66841],[11.12589,51.66994],[11.13482,51.67005],[11.13606,51.66932],[11.13972,51.66871],[11.14277,51.66966],[11.14357,51.67243],[11.14555,51.67323],[11.15043,51.67429],[11.1516,51.6752],[11.15177,51.67627],[11.14961,51.67875],[11.15058,51.68058],[11.1497,51.68231],[11.15121,51.68466],[11.15786,51.68883],[11.15618,51.69],[11.15579,51.69114],[11.15629,51.69407],[11.15557,51.69606],[11.15429,51.69731],[11.14983,51.70023],[11.1495,51.7017],[11.15261,51.70443],[11.15273,51.70578],[11.15219,51.70756],[11.16085,51.7152],[11.16213,51.71717],[11.16239,51.71877],[11.16121,51.72025],[11.1615,51.72308],[11.16084,51.72456],[11.16251,51.72735],[11.16235,51.72923],[11.16325,51.72994],[11.16376,51.73209],[11.16049,51.73219],[11.15601,51.73156],[11.15505,51.73467],[11.15323,51.737],[11.15186,51.74138],[11.15421,51.74407],[11.15552,51.74609],[11.15636,51.74829],[11.1579,51.75728],[11.1634,51.75738],[11.16828,51.75702],[11.18611,51.75718],[11.19417,51.75829],[11.19713,51.75811],[11.20042,51.75747],[11.20218,51.75758],[11.20487,51.75716],[11.2088,51.75697],[11.21115,51.75648],[11.216,51.75608],[11.21652,51.75957],[11.22016,51.7608],[11.2215,51.76202],[11.22739,51.7648],[11.23166,51.76799],[11.22594,51.76868],[11.22826,51.77246],[11.22828,51.77372],[11.23151,51.77337],[11.23173,51.77535],[11.2344,51.77903],[11.23553,51.779],[11.23725,51.78174],[11.23927,51.78143],[11.24264,51.78496],[11.24701,51.78481],[11.25371,51.79171],[11.25256,51.79378],[11.25281,51.7985],[11.23657,51.80437],[11.23395,51.8063],[11.23044,51.80509],[11.22463,51.80555],[11.22458,51.80707],[11.21056,51.81121],[11.20652,51.81274],[11.20352,51.81296],[11.20619,51.81444],[11.20464,51.81602],[11.19912,51.8167],[11.19722,51.81657],[11.19337,51.81688],[11.19196,51.81519],[11.18061,51.81419],[11.18106,51.81611],[11.17971,51.81805],[11.17369,51.81839],[11.16724,51.81798],[11.16637,51.82067],[11.1652,51.82096],[11.16522,51.8228],[11.16709,51.82559],[11.16455,51.82513],[11.16444,51.82715],[11.15673,51.8309],[11.14931,51.83368],[11.14999,51.83671],[11.14724,51.84021],[11.14879,51.84307],[11.14512,51.84388],[11.14435,51.84162],[11.13971,51.84186],[11.13962,51.84492],[11.13518,51.84403],[11.12527,51.84504],[11.12303,51.84472],[11.11903,51.84553],[11.10785,51.83891],[11.10849,51.83812],[11.10376,51.83481],[11.10132,51.83151],[11.09877,51.83174],[11.09634,51.82962],[11.09532,51.82772],[11.09337,51.82797],[11.09043,51.82917],[11.08687,51.82725],[11.08341,51.82677],[11.07947,51.82753],[11.07123,51.83228],[11.06239,51.83593],[11.05767,51.83844],[11.05807,51.83565],[11.05531,51.82968],[11.05567,51.82846],[11.05426,51.82517],[11.04907,51.82522],[11.04649,51.82194],[11.04265,51.8176],[11.03944,51.81476],[11.0357,51.81538],[11.03495,51.81447],[11.03316,51.81522],[11.03149,51.80894],[11.02602,51.81024],[11.01891,51.80878],[11.01895,51.8049],[11.01485,51.80405],[11.0111,51.80354],[11.01162,51.80177],[11.01525,51.79677],[11.0178,51.79951],[11.02379,51.79694],[11.01939,51.79359],[11.02215,51.79224],[11.01874,51.78961],[11.01982,51.78787],[11.01688,51.78597],[11.01694,51.78497],[11.01417,51.78596],[11.01213,51.78395],[11.01425,51.78268],[11.01637,51.78221],[11.01728,51.78407],[11.01901,51.78434],[11.0201,51.78351],[11.02278,51.78287],[11.02227,51.78533],[11.02218,51.78756],[11.02511,51.7877],[11.02541,51.7871],[11.02865,51.78711],[11.02859,51.78636],[11.03282,51.78606],[11.03344,51.78712],[11.03789,51.78776],[11.03816,51.78584],[11.03749,51.78341],[11.03548,51.78045],[11.03125,51.77859],[11.03138,51.77634],[11.03376,51.77626],[11.03449,51.77017],[11.03256,51.76787],[11.03262,51.76485],[11.02902,51.76333],[11.02527,51.76226],[11.02549,51.76157],[11.02015,51.76139],[11.01002,51.76358],[11.00928,51.76266],[11.01276,51.76188],[11.01354,51.75837],[11.0094,51.75623],[11.01231,51.75486],[11.01279,51.75296],[11.01471,51.75348],[11.0158,51.75218],[11.01299,51.75112],[11.01356,51.74891],[11.0152,51.74805],[11.01204,51.74734],[11.01093,51.74479],[11.0081,51.74407],[11.002,51.74021],[11.00071,51.74067],[10.99964,51.7435],[10.9981,51.74575],[10.99862,51.74644],[10.99453,51.74756],[10.99234,51.7491],[10.98987,51.74807],[10.98963,51.74651],[10.98646,51.74648],[10.98413,51.74547],[10.98351,51.74471],[10.98329,51.74128],[10.98263,51.74029],[10.98031,51.73932],[10.97005,51.7374],[10.96583,51.73716],[10.96483,51.7376],[10.96456,51.73907],[10.96253,51.74042],[10.95946,51.74027],[10.95647,51.73919],[10.94871,51.7386],[10.94682,51.73798],[10.9465,51.73995],[10.94448,51.74132],[10.94422,51.7426],[10.94327,51.7433],[10.94109,51.74383],[10.93789,51.74625],[10.93417,51.7498],[10.93633,51.75079],[10.93467,51.75294],[10.92525,51.75123],[10.92392,51.75226],[10.91961,51.75428],[10.91825,51.75366],[10.91666,51.75164],[10.91221,51.75191],[10.91169,51.74899],[10.909,51.74802],[10.90493,51.74734],[10.90073,51.74728],[10.89927,51.74644],[10.89964,51.74488],[10.9014,51.74467],[10.90072,51.74295],[10.89687,51.74109],[10.89331,51.73991],[10.88992,51.73688],[10.88987,51.7345],[10.88899,51.73343],[10.88668,51.73261],[10.88755,51.73109],[10.88723,51.73017],[10.8906,51.72964],[10.89181,51.72779],[10.89444,51.7284],[10.89617,51.72632],[10.89955,51.72693],[10.90118,51.72752],[10.90599,51.72626],[10.90922,51.72623],[10.91116,51.72576],[10.91259,51.72474],[10.91686,51.72475],[10.91651,51.72282],[10.91435,51.72083],[10.91369,51.71976],[10.91402,51.71866],[10.91531,51.71728],[10.91319,51.71593],[10.91343,51.71293],[10.912,51.71139],[10.91184,51.70977],[10.9129,51.70842],[10.91322,51.70677],[10.9126,51.70575],[10.91254,51.70415],[10.91421,51.70306],[10.91781,51.70205],[10.91971,51.70109],[10.9202,51.69896],[10.92786,51.69946],[10.931,51.69936],[10.93347,51.6989],[10.93649,51.69768],[10.94096,51.69628],[10.94009,51.69436],[10.93508,51.69375],[10.9306,51.69344],[10.92574,51.6936],[10.92346,51.69426],[10.91948,51.69484],[10.91322,51.69518],[10.9057,51.69524],[10.90389,51.69326],[10.8959,51.69196],[10.89631,51.68883],[10.90469,51.69098],[10.90656,51.69181],[10.91037,51.69225],[10.91133,51.68725],[10.90985,51.68808],[10.90888,51.68687],[10.90708,51.68618],[10.91052,51.68536],[10.91258,51.68434],[10.91353,51.68245],[10.91249,51.68062],[10.91093,51.67984],[10.91179,51.67885],[10.9146,51.67884],[10.9292,51.68053],[10.93358,51.6807],[10.93908,51.68],[10.94264,51.6801],[10.94926,51.68153],[10.95087,51.67968],[10.94411,51.67775],[10.93997,51.67706],[10.94068,51.67434],[10.94012,51.67313],[10.93606,51.6724],[10.93692,51.67059],[10.93935,51.67115],[10.94144,51.67091],[10.94239,51.67002],[10.94166,51.6692],[10.93738,51.66733],[10.93452,51.66734],[10.93207,51.66692]]],[[[11.63985,50.80631],[11.64117,50.80877],[11.63987,50.81126],[11.63655,50.8121],[11.63381,50.81208],[11.62548,50.8115],[11.62075,50.81203],[11.61735,50.81178],[11.61135,50.81383],[11.6017,50.81249],[11.60316,50.80993],[11.60262,50.80838],[11.59895,50.80894],[11.59855,50.8078],[11.60419,50.8019],[11.60748,50.80158],[11.61105,50.79962],[11.61018,50.79731],[11.60796,50.79577],[11.60849,50.79468],[11.61336,50.79391],[11.61644,50.79566],[11.62003,50.79638],[11.62517,50.7964],[11.62841,50.79601],[11.63142,50.7953],[11.63032,50.79854],[11.63309,50.79897],[11.63103,50.80317],[11.63394,50.80435],[11.63985,50.80631]]],[[[11.62933,51.69068],[11.62657,51.68989],[11.6259,51.69073],[11.62209,51.69068],[11.61833,51.69454],[11.61473,51.69252],[11.61043,51.69122],[11.61206,51.68806],[11.61237,51.68587],[11.61221,51.68181],[11.61289,51.6817],[11.61262,51.67665],[11.60825,51.67657],[11.60828,51.67288],[11.60391,51.67299],[11.60354,51.66825],[11.60424,51.66819],[11.60447,51.66441],[11.60879,51.66368],[11.62014,51.6614],[11.62724,51.65823],[11.62757,51.65286],[11.63305,51.653],[11.63264,51.65659],[11.63976,51.6547],[11.65617,51.65204],[11.66403,51.65054],[11.67727,51.64902],[11.67812,51.65104],[11.68461,51.65059],[11.68862,51.65013],[11.68831,51.64881],[11.69237,51.64854],[11.69685,51.64676],[11.70358,51.64492],[11.70543,51.64456],[11.70766,51.64246],[11.70864,51.64269],[11.7111,51.6398],[11.71052,51.63868],[11.71066,51.63696],[11.71597,51.63489],[11.71848,51.63509],[11.71976,51.62904],[11.72523,51.63006],[11.72528,51.6292],[11.73317,51.62961],[11.73943,51.62933],[11.74536,51.62882],[11.74802,51.63232],[11.75161,51.63328],[11.7524,51.63636],[11.75093,51.63812],[11.74634,51.6404],[11.74506,51.64153],[11.74473,51.64322],[11.74567,51.6454],[11.74793,51.64667],[11.75137,51.64753],[11.75465,51.64958],[11.75595,51.65114],[11.75878,51.65149],[11.76093,51.65055],[11.76206,51.65123],[11.76358,51.65076],[11.76378,51.64837],[11.76561,51.64757],[11.77618,51.64637],[11.77649,51.64841],[11.78032,51.64841],[11.78055,51.64588],[11.78565,51.64659],[11.78576,51.64547],[11.78994,51.64541],[11.79911,51.64266],[11.80299,51.64539],[11.80619,51.64638],[11.80583,51.64712],[11.80902,51.64753],[11.80864,51.6488],[11.81892,51.64904],[11.81707,51.65058],[11.81964,51.65323],[11.82362,51.65836],[11.83421,51.6553],[11.83589,51.65442],[11.83847,51.65174],[11.83757,51.65033],[11.84781,51.65091],[11.85444,51.65014],[11.85406,51.65456],[11.8494,51.65458],[11.8513,51.66141],[11.8528,51.66139],[11.85537,51.66414],[11.85781,51.6683],[11.85508,51.66894],[11.85696,51.67345],[11.85983,51.67163],[11.86236,51.6723],[11.86299,51.67459],[11.86544,51.67539],[11.86399,51.67705],[11.86235,51.6783],[11.8577,51.67872],[11.85515,51.67959],[11.85063,51.67984],[11.84751,51.68125],[11.84732,51.68228],[11.84129,51.68283],[11.83824,51.68336],[11.83938,51.68688],[11.84025,51.68785],[11.84274,51.68819],[11.84623,51.7017],[11.84689,51.70379],[11.84669,51.71006],[11.85141,51.71072],[11.85071,51.71242],[11.85541,51.71443],[11.85529,51.71692],[11.85878,51.71838],[11.85606,51.71873],[11.85694,51.7317],[11.85503,51.7394],[11.86113,51.74046],[11.86039,51.74147],[11.86674,51.74086],[11.86833,51.74941],[11.88323,51.74959],[11.88442,51.75063],[11.89068,51.76043],[11.89589,51.76013],[11.90288,51.76024],[11.9043,51.76335],[11.89104,51.7633],[11.89109,51.76524],[11.87791,51.76524],[11.8777,51.76652],[11.87432,51.76622],[11.87388,51.76855],[11.87237,51.76952],[11.86722,51.76917],[11.86678,51.7723],[11.8636,51.77265],[11.86388,51.77389],[11.86507,51.77496],[11.87173,51.77865],[11.86614,51.78292],[11.86426,51.78276],[11.85853,51.78133],[11.84896,51.77975],[11.85085,51.78481],[11.85111,51.78682],[11.85509,51.78594],[11.8555,51.78795],[11.85584,51.79375],[11.85539,51.79646],[11.8467,51.79775],[11.842,51.79819],[11.83856,51.7941],[11.83354,51.79702],[11.82823,51.79775],[11.82747,51.79381],[11.82708,51.78993],[11.82658,51.7875],[11.81965,51.78821],[11.82021,51.78983],[11.81698,51.79013],[11.81478,51.79134],[11.8128,51.79192],[11.81337,51.79378],[11.8125,51.79726],[11.80975,51.79778],[11.80953,51.80051],[11.80379,51.80052],[11.79593,51.80118],[11.78912,51.80145],[11.78098,51.80369],[11.78208,51.80608],[11.78135,51.80965],[11.78181,51.81161],[11.78313,51.81363],[11.78324,51.81653],[11.78413,51.81827],[11.78706,51.82025],[11.78838,51.82165],[11.78845,51.82419],[11.77622,51.82096],[11.76947,51.82058],[11.7698,51.81913],[11.76921,51.81614],[11.76508,51.81649],[11.76319,51.81802],[11.76193,51.81825],[11.7601,51.81708],[11.75982,51.81513],[11.76011,51.81301],[11.75882,51.8117],[11.7566,51.81119],[11.74507,51.81636],[11.74267,51.81461],[11.73206,51.81556],[11.73438,51.82587],[11.73082,51.82762],[11.73206,51.83385],[11.72941,51.83412],[11.72685,51.83394],[11.7242,51.83313],[11.71994,51.83409],[11.71606,51.8347],[11.71071,51.83752],[11.70654,51.84073],[11.70606,51.84202],[11.70132,51.84211],[11.70061,51.8433],[11.70052,51.84542],[11.70095,51.84644],[11.69966,51.84735],[11.69123,51.84193],[11.6822,51.83192],[11.69195,51.82501],[11.69676,51.82222],[11.69349,51.81611],[11.69421,51.81584],[11.69051,51.81027],[11.68858,51.80684],[11.68986,51.80659],[11.68692,51.80047],[11.68361,51.79474],[11.68304,51.79347],[11.68494,51.79273],[11.68626,51.79091],[11.68227,51.79234],[11.67909,51.78752],[11.67379,51.78846],[11.67312,51.78729],[11.66814,51.78809],[11.66715,51.78353],[11.66249,51.78348],[11.65203,51.77291],[11.65399,51.7714],[11.64696,51.76338],[11.65154,51.76225],[11.65711,51.76626],[11.65802,51.76565],[11.66023,51.76691],[11.6685,51.76048],[11.67582,51.76465],[11.68566,51.76424],[11.69032,51.76365],[11.69211,51.76522],[11.69518,51.76341],[11.69851,51.76047],[11.69992,51.76007],[11.70597,51.75966],[11.70784,51.75935],[11.70975,51.75847],[11.71092,51.75612],[11.70993,51.7537],[11.70636,51.75277],[11.70298,51.7523],[11.70281,51.75085],[11.70351,51.75041],[11.70813,51.75006],[11.71236,51.74831],[11.71243,51.74711],[11.7117,51.74485],[11.7087,51.74225],[11.70631,51.74163],[11.70427,51.74168],[11.70072,51.74402],[11.6984,51.74442],[11.69585,51.74393],[11.69453,51.74329],[11.69348,51.74155],[11.69435,51.7397],[11.69607,51.73926],[11.70108,51.7395],[11.70328,51.73902],[11.70624,51.73671],[11.70582,51.73485],[11.70388,51.73292],[11.70602,51.73246],[11.70808,51.73296],[11.71113,51.73482],[11.71501,51.73418],[11.71534,51.73294],[11.71319,51.72939],[11.71018,51.72962],[11.70347,51.73073],[11.70048,51.7295],[11.69985,51.72743],[11.69682,51.72642],[11.69172,51.72787],[11.69051,51.72719],[11.68811,51.72492],[11.68593,51.7238],[11.682,51.72351],[11.67696,51.72406],[11.67414,51.72352],[11.67259,51.72256],[11.66958,51.71892],[11.6689,51.71673],[11.66917,51.71516],[11.67034,51.71277],[11.67205,51.71111],[11.67453,51.70952],[11.67622,51.70658],[11.67758,51.70553],[11.68154,51.70336],[11.68484,51.69942],[11.68693,51.69813],[11.68871,51.69911],[11.68986,51.70208],[11.69156,51.70273],[11.69315,51.70207],[11.69392,51.70051],[11.69347,51.69959],[11.69087,51.69816],[11.68971,51.69648],[11.69148,51.69478],[11.69273,51.69268],[11.6945,51.69255],[11.69708,51.69305],[11.70103,51.69296],[11.70396,51.69253],[11.70738,51.69157],[11.70969,51.69037],[11.7108,51.68876],[11.71157,51.68649],[11.71299,51.68442],[11.71462,51.68319],[11.71721,51.68184],[11.71862,51.6815],[11.72316,51.68111],[11.72514,51.68036],[11.72316,51.67715],[11.72411,51.67518],[11.72605,51.67467],[11.73085,51.6762],[11.73273,51.67618],[11.7337,51.6751],[11.73192,51.67296],[11.73243,51.67135],[11.73373,51.66983],[11.73172,51.6692],[11.72592,51.66522],[11.72871,51.66357],[11.72269,51.658],[11.72396,51.65613],[11.71917,51.65488],[11.71734,51.65839],[11.71005,51.65729],[11.70873,51.66054],[11.70638,51.66519],[11.70724,51.66631],[11.70501,51.66891],[11.71012,51.67034],[11.71059,51.67181],[11.70866,51.6724],[11.71065,51.67576],[11.71086,51.67729],[11.70694,51.67722],[11.70372,51.67847],[11.69943,51.67884],[11.69919,51.67964],[11.69656,51.67927],[11.69637,51.68108],[11.69427,51.681],[11.69373,51.68294],[11.69079,51.68279],[11.69046,51.68129],[11.68587,51.68133],[11.68505,51.67844],[11.6789,51.67819],[11.67894,51.6774],[11.6734,51.67635],[11.67262,51.67753],[11.67077,51.67727],[11.67011,51.68024],[11.66728,51.68001],[11.6657,51.67843],[11.66158,51.67873],[11.66158,51.67544],[11.65432,51.67574],[11.6539,51.67885],[11.64613,51.68616],[11.64309,51.69028],[11.64737,51.69122],[11.65177,51.69272],[11.66021,51.69635],[11.65707,51.69776],[11.66447,51.70114],[11.66046,51.7032],[11.65263,51.69983],[11.64809,51.70177],[11.64365,51.70515],[11.64079,51.70399],[11.64022,51.70247],[11.64021,51.70064],[11.63528,51.70082],[11.63068,51.70399],[11.62942,51.70341],[11.63365,51.70032],[11.63471,51.70057],[11.63473,51.69429],[11.62673,51.6947],[11.62933,51.69068]]],[[[11.71364,50.91986],[11.7133,50.92113],[11.71069,50.92055],[11.70555,50.92004],[11.70921,50.91888],[11.70664,50.91818],[11.70875,50.91216],[11.71743,50.90123],[11.71965,50.90052],[11.72272,50.90046],[11.72067,50.89776],[11.72001,50.89599],[11.7181,50.89428],[11.71584,50.89304],[11.71813,50.89153],[11.72236,50.89116],[11.73042,50.89292],[11.73191,50.89509],[11.73703,50.89745],[11.73802,50.89748],[11.7383,50.89565],[11.74069,50.89465],[11.74425,50.89531],[11.74345,50.8972],[11.74342,50.89981],[11.7418,50.90052],[11.74012,50.90399],[11.74109,50.90563],[11.74072,50.908],[11.74214,50.91083],[11.74122,50.91326],[11.74207,50.91433],[11.73961,50.91547],[11.73797,50.9172],[11.74113,50.92075],[11.74405,50.92272],[11.74408,50.92407],[11.74067,50.92464],[11.73294,50.92863],[11.73157,50.92981],[11.72796,50.92757],[11.72562,50.92698],[11.72802,50.92536],[11.72511,50.92412],[11.72489,50.92308],[11.72123,50.92076],[11.71698,50.9195],[11.71633,50.92067],[11.71364,50.91986]]],[[[11.71646,50.96849],[11.7167,50.96724],[11.71596,50.9648],[11.70896,50.96031],[11.70733,50.95703],[11.70215,50.95541],[11.70641,50.95358],[11.70959,50.9526],[11.71088,50.95127],[11.7106,50.94926],[11.7123,50.94803],[11.71444,50.94783],[11.71592,50.94699],[11.71768,50.94783],[11.72478,50.94894],[11.72935,50.94761],[11.73261,50.94816],[11.73306,50.94956],[11.73608,50.95023],[11.73878,50.95371],[11.7387,50.95547],[11.73682,50.95662],[11.73511,50.95931],[11.73558,50.95974],[11.73372,50.96364],[11.7402,50.96621],[11.73842,50.96868],[11.73407,50.97044],[11.73025,50.97065],[11.72833,50.97213],[11.72429,50.97256],[11.72269,50.97229],[11.71793,50.97068],[11.71646,50.96849]]],[[[11.98946,51.01468],[11.98583,51.01583],[11.98383,51.01558],[11.9816,51.01466],[11.97725,51.01724],[11.97677,51.01668],[11.97835,51.01504],[11.98008,51.01435],[11.98031,51.01235],[11.9763,51.01224],[11.9747,51.00983],[11.97522,51.00682],[11.97793,51.00531],[11.97864,51.0037],[11.978,51.00199],[11.97696,51.00197],[11.97577,50.99917],[11.97263,50.99986],[11.96853,50.99916],[11.96843,50.99746],[11.96987,50.99433],[11.97291,50.99434],[11.97398,50.9925],[11.97424,50.99032],[11.97972,50.99157],[11.98052,50.99071],[11.98444,50.99094],[11.9965,50.99316],[11.99776,50.99262],[11.99787,50.99154],[11.99886,50.99036],[11.99934,50.98863],[12.00657,50.99102],[12.00772,50.98984],[12.00686,50.98621],[12.00866,50.98394],[12.0112,50.98419],[12.01431,50.9839],[12.01368,50.98239],[12.01434,50.98207],[12.01719,50.97906],[12.01706,50.97657],[12.0148,50.97643],[12.01459,50.97578],[12.01066,50.97469],[12.01058,50.97221],[12.01096,50.97],[12.01386,50.97008],[12.01413,50.96867],[12.01883,50.96969],[12.02102,50.96912],[12.02379,50.9696],[12.03006,50.97112],[12.0343,50.97238],[12.03749,50.97294],[12.03969,50.97274],[12.04238,50.9717],[12.0441,50.97045],[12.04778,50.96922],[12.05174,50.96926],[12.05536,50.96861],[12.05919,50.97007],[12.06263,50.971],[12.06509,50.97127],[12.07191,50.9735],[12.07265,50.97412],[12.07632,50.97468],[12.07689,50.97659],[12.07626,50.97838],[12.07503,50.97828],[12.07566,50.98089],[12.07827,50.98344],[12.07882,50.98588],[12.08437,50.9888],[12.0836,50.99029],[12.08453,50.99078],[12.08447,50.99214],[12.08958,50.99272],[12.08983,50.99482],[12.09191,50.99515],[12.09271,50.99675],[12.09289,50.99868],[12.09449,50.99951],[12.09487,51.00042],[12.09258,51.00041],[12.09128,51.00136],[12.0922,51.00228],[12.09398,51.00134],[12.09797,51.00086],[12.09865,51.00159],[12.09598,51.00202],[12.09642,51.00346],[12.09748,51.00346],[12.09599,51.00628],[12.09702,51.00675],[12.09802,51.00935],[12.09751,51.01108],[12.09627,51.01325],[12.10012,51.01437],[12.10121,51.0155],[12.10147,51.01717],[12.10029,51.02056],[12.09756,51.02203],[12.09716,51.02301],[12.09536,51.02396],[12.0947,51.02525],[12.09122,51.02642],[12.09264,51.02762],[12.09266,51.02946],[12.09401,51.03004],[12.09948,51.03151],[12.1035,51.03401],[12.10245,51.03482],[12.10207,51.0374],[12.10378,51.04157],[12.10644,51.04376],[12.10999,51.04212],[12.112,51.0401],[12.11512,51.03846],[12.11794,51.03806],[12.12053,51.03679],[12.12315,51.03646],[12.12687,51.03437],[12.12831,51.03188],[12.13192,51.03189],[12.13229,51.03061],[12.13193,51.02803],[12.13388,51.0271],[12.13654,51.02844],[12.13735,51.03076],[12.13957,51.03189],[12.14188,51.03121],[12.14131,51.0301],[12.14492,51.02654],[12.14577,51.02637],[12.14715,51.02247],[12.14864,51.02319],[12.15033,51.0249],[12.14994,51.02753],[12.15183,51.02742],[12.15835,51.02943],[12.15923,51.02747],[12.15872,51.02405],[12.15904,51.02138],[12.15824,51.02115],[12.15859,51.01923],[12.16339,51.01978],[12.16311,51.01633],[12.16757,51.01822],[12.16711,51.01899],[12.1706,51.02028],[12.16935,51.01542],[12.17021,51.00985],[12.17117,51.00967],[12.17289,51.00816],[12.17484,51.00434],[12.17858,51.00441],[12.18029,51.00308],[12.18128,51.00051],[12.18302,50.99833],[12.18819,50.9951],[12.19295,50.995],[12.19354,50.99559],[12.20211,50.99625],[12.20562,50.99602],[12.20715,50.99509],[12.20568,50.9938],[12.20381,50.9891],[12.20843,50.98865],[12.2068,50.98435],[12.20565,50.98357],[12.20455,50.9818],[12.20483,50.98005],[12.20743,50.97745],[12.20286,50.97487],[12.20478,50.9724],[12.20619,50.97234],[12.20746,50.9715],[12.20963,50.97207],[12.21944,50.97254],[12.22892,50.97409],[12.22866,50.97259],[12.23153,50.97375],[12.23449,50.97245],[12.23678,50.97189],[12.23865,50.97309],[12.23989,50.97568],[12.24248,50.97721],[12.24443,50.98022],[12.2477,50.98228],[12.25005,50.98248],[12.25334,50.98411],[12.25526,50.98479],[12.25771,50.98649],[12.26219,50.98916],[12.26559,50.99186],[12.26686,50.99457],[12.27577,51.00423],[12.2779,51.0058],[12.27708,51.00785],[12.27339,51.00864],[12.27058,51.01019],[12.2689,51.01303],[12.26433,51.01128],[12.26389,51.0118],[12.26106,51.01045],[12.25941,51.00897],[12.25627,51.01016],[12.25152,51.00895],[12.25001,51.00998],[12.24932,51.01172],[12.24954,51.01294],[12.24701,51.01331],[12.24559,51.01454],[12.24586,51.01582],[12.24306,51.0177],[12.24255,51.01886],[12.24006,51.01917],[12.2386,51.02028],[12.23994,51.02121],[12.23767,51.02586],[12.23769,51.02714],[12.23926,51.02785],[12.24036,51.02898],[12.24008,51.03045],[12.23893,51.03132],[12.23929,51.03231],[12.2407,51.0329],[12.24013,51.03427],[12.23753,51.03282],[12.23624,51.03696],[12.23846,51.03681],[12.24395,51.03839],[12.2433,51.04031],[12.24418,51.04272],[12.25098,51.04167],[12.25046,51.04447],[12.24496,51.04451],[12.24186,51.04495],[12.24234,51.0507],[12.24219,51.05282],[12.24069,51.05602],[12.2317,51.05532],[12.2296,51.05495],[12.22432,51.05325],[12.22605,51.05057],[12.22472,51.05017],[12.2285,51.04488],[12.2268,51.04476],[12.22429,51.04371],[12.22552,51.04039],[12.22083,51.04021],[12.22077,51.04115],[12.21639,51.04133],[12.21388,51.0412],[12.212,51.04054],[12.2087,51.04091],[12.20414,51.04072],[12.20105,51.04034],[12.20073,51.03884],[12.1999,51.03807],[12.1948,51.03527],[12.19366,51.03529],[12.19223,51.03352],[12.1878,51.02908],[12.18243,51.02895],[12.17527,51.02853],[12.17373,51.02951],[12.17388,51.03379],[12.17446,51.03603],[12.17468,51.04135],[12.17301,51.04441],[12.1705,51.04421],[12.17008,51.04481],[12.16458,51.04429],[12.16444,51.0456],[12.16346,51.04719],[12.16731,51.04766],[12.16265,51.05264],[12.16607,51.05421],[12.16509,51.05529],[12.1683,51.05649],[12.16817,51.05789],[12.16675,51.05942],[12.16911,51.0604],[12.16708,51.06435],[12.16823,51.06586],[12.16793,51.06834],[12.16991,51.07069],[12.16979,51.0716],[12.16786,51.0736],[12.16406,51.07423],[12.16119,51.07745],[12.16414,51.07978],[12.16939,51.0815],[12.16709,51.08273],[12.16592,51.08382],[12.16454,51.08412],[12.1608,51.08612],[12.16018,51.08801],[12.15841,51.08814],[12.15154,51.09577],[12.15042,51.09715],[12.14728,51.1025],[12.1512,51.1034],[12.15203,51.10484],[12.14677,51.1112],[12.15015,51.11257],[12.15153,51.11181],[12.15258,51.11222],[12.15843,51.10773],[12.16149,51.10901],[12.16461,51.10667],[12.1676,51.109],[12.17149,51.10962],[12.17368,51.10725],[12.17524,51.10859],[12.18027,51.10619],[12.18203,51.10763],[12.1782,51.10969],[12.17948,51.11067],[12.17123,51.11509],[12.17053,51.11441],[12.15771,51.12088],[12.15624,51.12009],[12.1498,51.12342],[12.15439,51.12832],[12.14944,51.13022],[12.14538,51.12674],[12.14304,51.12559],[12.13987,51.12509],[12.13846,51.12672],[12.13597,51.12868],[12.13091,51.1275],[12.13013,51.12526],[12.12852,51.12345],[12.12751,51.12141],[12.1277,51.11757],[12.12802,51.11627],[12.11984,51.11473],[12.115,51.11395],[12.1099,51.11418],[12.10962,51.11638],[12.10128,51.11629],[12.10254,51.10874],[12.10322,51.10577],[12.0968,51.10232],[12.09327,51.1014],[12.08346,51.09925],[12.084,51.09722],[12.07871,51.09638],[12.07454,51.09522],[12.07523,51.09306],[12.06654,51.09276],[12.06539,51.09325],[12.06141,51.0927],[12.06002,51.09287],[12.05888,51.09391],[12.05683,51.0934],[12.05754,51.0914],[12.05647,51.08998],[12.05505,51.08938],[12.0551,51.08746],[12.05019,51.08741],[12.0493,51.08525],[12.04727,51.08518],[12.04709,51.08413],[12.04543,51.08402],[12.04622,51.08209],[12.04048,51.08205],[12.03851,51.08254],[12.03843,51.08347],[12.03709,51.08403],[12.03742,51.08534],[12.03279,51.08572],[12.0311,51.08835],[12.02788,51.08947],[12.02511,51.08995],[12.02229,51.08972],[12.01952,51.0902],[12.01558,51.08999],[12.01444,51.08959],[12.01183,51.08771],[12.01745,51.07991],[12.02309,51.07367],[12.02549,51.06794],[12.02587,51.06592],[12.02751,51.06372],[12.02519,51.06227],[12.02009,51.05996],[12.01845,51.059],[12.02224,51.05794],[12.02313,51.05838],[12.02453,51.05713],[12.02763,51.05763],[12.02982,51.05391],[12.0377,51.05648],[12.03852,51.05589],[12.04092,51.05673],[12.04407,51.05359],[12.03569,51.05083],[12.03718,51.04761],[12.03896,51.04592],[12.0405,51.0431],[12.04306,51.0418],[12.04653,51.04226],[12.05122,51.03371],[12.04971,51.03313],[12.04733,51.03343],[12.04413,51.03344],[12.03983,51.0325],[12.0299,51.03066],[12.0265,51.02806],[12.02656,51.02638],[12.02756,51.02543],[12.02188,51.02448],[12.0217,51.02238],[12.01869,51.02186],[12.01702,51.01812],[12.01489,51.01666],[12.0127,51.01448],[12.01066,51.01306],[12.00522,51.013],[12.00239,51.01513],[12.00237,51.01717],[12.00422,51.01926],[12.00049,51.02007],[11.99948,51.01865],[11.99702,51.01841],[11.99561,51.01671],[11.99597,51.015],[11.99037,51.01585],[11.98946,51.01468]]]]},"properties":{"idApp":923018,"aopId":"saale-unstrut","name":"Saale-Unstrut","nameJa":"ザーレ・ウンストルート","kind":"regional","tags":[],"rank":0},"bbox":[10.74062,50.63707,12.2779,51.84735]},{"type":"Feature","geometry":{"type":"Polygon","coordinates":[[[7.40802,50.27287],[7.41032,50.27064],[7.41158,50.27128],[7.41487,50.26831],[7.41267,50.26718],[7.4099,50.26524],[7.41161,50.26239],[7.4061,50.26051],[7.40961,50.25705],[7.40784,50.25642],[7.41033,50.2542],[7.41323,50.25259],[7.41449,50.25315],[7.41539,50.25132],[7.4184,50.25006],[7.41792,50.24683],[7.41357,50.24491],[7.41443,50.24436],[7.4122,50.24222],[7.40815,50.23965],[7.40844,50.23864],[7.40443,50.23127],[7.40116,50.23098],[7.39883,50.22918],[7.39661,50.23198],[7.39472,50.23212],[7.392,50.23185],[7.39279,50.22986],[7.39481,50.22795],[7.39341,50.22533],[7.39264,50.22461],[7.38858,50.22228],[7.38502,50.21935],[7.38251,50.2168],[7.37756,50.21076],[7.37584,50.20929],[7.37179,50.21067],[7.36607,50.21292],[7.36702,50.21419],[7.36445,50.21529],[7.36701,50.21807],[7.36463,50.21712],[7.36339,50.2181],[7.36136,50.21682],[7.35665,50.21434],[7.35487,50.21216],[7.3537,50.21182],[7.34995,50.20729],[7.35156,50.20443],[7.34998,50.20351],[7.3472,50.20372],[7.34782,50.20248],[7.3496,50.2025],[7.35105,50.20196],[7.3517,50.20044],[7.35058,50.20017],[7.34987,50.19735],[7.34785,50.19948],[7.34536,50.2008],[7.34308,50.20035],[7.3416,50.19895],[7.33764,50.19875],[7.33453,50.20081],[7.32999,50.19992],[7.32915,50.20067],[7.32565,50.19846],[7.32557,50.20069],[7.32272,50.19867],[7.31731,50.19938],[7.31279,50.19884],[7.31091,50.19981],[7.30498,50.20375],[7.30258,50.2044],[7.30068,50.20677],[7.29829,50.20573],[7.29952,50.20474],[7.29889,50.2035],[7.28822,50.20088],[7.28535,50.19835],[7.28476,50.19716],[7.28604,50.19583],[7.28507,50.19486],[7.28592,50.19336],[7.2838,50.19226],[7.28346,50.19006],[7.28103,50.19032],[7.27925,50.19178],[7.27732,50.19128],[7.27808,50.19017],[7.27531,50.1888],[7.27622,50.18812],[7.27769,50.18875],[7.28181,50.1881],[7.28109,50.1857],[7.27912,50.18591],[7.27523,50.18488],[7.27312,50.18299],[7.27406,50.18212],[7.27415,50.18063],[7.27225,50.18049],[7.27004,50.17933],[7.27325,50.17884],[7.27009,50.17452],[7.26875,50.17407],[7.26532,50.17532],[7.26294,50.17649],[7.26153,50.17637],[7.26024,50.1751],[7.25952,50.17364],[7.25943,50.17168],[7.25796,50.1714],[7.25515,50.17417],[7.25749,50.17754],[7.25648,50.17785],[7.25439,50.17722],[7.25193,50.17479],[7.25213,50.17156],[7.24859,50.17267],[7.24787,50.17366],[7.24487,50.17295],[7.24418,50.17531],[7.24576,50.17601],[7.24324,50.17673],[7.24238,50.17617],[7.24231,50.1743],[7.24344,50.17299],[7.24077,50.1721],[7.24059,50.17305],[7.2384,50.1737],[7.23665,50.17269],[7.23217,50.17211],[7.23032,50.17296],[7.22686,50.17179],[7.22535,50.17404],[7.2265,50.17519],[7.2252,50.17615],[7.22552,50.17766],[7.22309,50.17995],[7.22254,50.18121],[7.21982,50.18107],[7.21913,50.18232],[7.21636,50.18329],[7.21562,50.18451],[7.21507,50.18957],[7.21251,50.18909],[7.21259,50.18852],[7.2073,50.18763],[7.20587,50.18954],[7.20236,50.1893],[7.20103,50.18974],[7.19477,50.19268],[7.19124,50.19233],[7.19563,50.18983],[7.19667,50.18801],[7.1875,50.18501],[7.18777,50.1828],[7.18581,50.18249],[7.1848,50.18328],[7.18233,50.18192],[7.18025,50.18174],[7.17739,50.1828],[7.17429,50.18161],[7.17363,50.18311],[7.16559,50.18363],[7.16534,50.17979],[7.16442,50.17973],[7.16459,50.18184],[7.16296,50.18331],[7.16192,50.18209],[7.15968,50.18087],[7.1571,50.18035],[7.15775,50.17867],[7.15605,50.17775],[7.15644,50.17718],[7.15386,50.17557],[7.15106,50.1753],[7.15014,50.17236],[7.15049,50.17065],[7.14598,50.16688],[7.1467,50.16554],[7.14504,50.16335],[7.14538,50.16219],[7.14472,50.16044],[7.14556,50.15995],[7.14344,50.15899],[7.14208,50.15971],[7.13969,50.15947],[7.13951,50.16157],[7.13664,50.16267],[7.13666,50.16408],[7.13841,50.16346],[7.13931,50.16442],[7.13762,50.16566],[7.13727,50.168],[7.13367,50.16897],[7.13076,50.17079],[7.13028,50.17187],[7.12813,50.17427],[7.12709,50.17493],[7.11992,50.17718],[7.11823,50.17834],[7.11755,50.17939],[7.11477,50.17721],[7.11107,50.17618],[7.10804,50.17477],[7.11158,50.17289],[7.11084,50.1721],[7.11233,50.17125],[7.11063,50.16961],[7.11032,50.16828],[7.11188,50.16756],[7.11245,50.16616],[7.11386,50.16734],[7.11595,50.16835],[7.11839,50.16847],[7.11917,50.16689],[7.11776,50.16638],[7.1181,50.16477],[7.12097,50.16425],[7.11775,50.16235],[7.11853,50.16108],[7.12165,50.16116],[7.12584,50.16048],[7.12435,50.15828],[7.12623,50.15795],[7.13078,50.15992],[7.13016,50.15588],[7.13121,50.15469],[7.13347,50.15412],[7.13656,50.15445],[7.13806,50.15218],[7.13678,50.15228],[7.13278,50.14919],[7.13831,50.14381],[7.13513,50.14225],[7.13266,50.1427],[7.1284,50.13993],[7.12915,50.13939],[7.1256,50.13773],[7.12656,50.136],[7.13338,50.13316],[7.13317,50.13187],[7.14118,50.12807],[7.13914,50.12676],[7.1337,50.12281],[7.1308,50.12136],[7.12971,50.12041],[7.12988,50.11773],[7.13115,50.11443],[7.12846,50.11418],[7.12542,50.11476],[7.12304,50.11433],[7.11933,50.11255],[7.11766,50.11216],[7.11455,50.11259],[7.11305,50.11245],[7.10983,50.11329],[7.1108,50.11491],[7.10939,50.1163],[7.10677,50.11677],[7.10615,50.11765],[7.10148,50.1165],[7.09611,50.11701],[7.08964,50.11572],[7.08273,50.11251],[7.08193,50.11379],[7.07593,50.11069],[7.07474,50.10949],[7.07485,50.10844],[7.07909,50.10726],[7.07839,50.10651],[7.07458,50.10615],[7.07093,50.10485],[7.06857,50.10466],[7.07274,50.10296],[7.07313,50.10069],[7.07637,50.0982],[7.07865,50.09796],[7.08243,50.09927],[7.08274,50.09828],[7.08835,50.0945],[7.08944,50.09275],[7.09806,50.08692],[7.09718,50.08557],[7.09501,50.08485],[7.09425,50.08582],[7.09174,50.08552],[7.08926,50.08604],[7.08767,50.08364],[7.08562,50.0811],[7.08422,50.08035],[7.08254,50.07719],[7.08023,50.07419],[7.07995,50.07088],[7.08211,50.0689],[7.08457,50.06784],[7.08518,50.06609],[7.08159,50.06576],[7.07966,50.06615],[7.07622,50.06577],[7.07235,50.06447],[7.07082,50.0645],[7.06893,50.06516],[7.068,50.06618],[7.06776,50.06743],[7.06213,50.06903],[7.05973,50.06778],[7.05077,50.0605],[7.04576,50.05834],[7.04437,50.05505],[7.04024,50.05292],[7.03495,50.04597],[7.02481,50.05119],[7.02438,50.05309],[7.01977,50.05078],[7.01435,50.04478],[7.00764,50.04211],[7.00533,50.04188],[6.98888,50.03825],[6.98035,50.03744],[6.9781,50.0364],[6.9754,50.03735],[6.97449,50.03816],[6.97333,50.04073],[6.9699,50.0411],[6.96754,50.04195],[6.96427,50.04464],[6.96244,50.04409],[6.96421,50.04261],[6.96463,50.04061],[6.96308,50.03814],[6.96408,50.0375],[6.96305,50.03594],[6.95857,50.03539],[6.95228,50.03307],[6.94821,50.03087],[6.94848,50.02949],[6.94632,50.02925],[6.94399,50.02858],[6.94517,50.03073],[6.94031,50.02899],[6.93614,50.02826],[6.9322,50.02846],[6.91947,50.03146],[6.91088,50.03026],[6.91047,50.03156],[6.90737,50.02999],[6.90934,50.02832],[6.91177,50.02796],[6.9119,50.02606],[6.91136,50.02522],[6.90779,50.02347],[6.9064,50.02114],[6.90693,50.01988],[6.90599,50.01906],[6.90373,50.01809],[6.90186,50.01789],[6.90261,50.01924],[6.90443,50.02088],[6.904,50.02266],[6.9024,50.02421],[6.90167,50.0273],[6.89983,50.0307],[6.89749,50.02854],[6.89305,50.02653],[6.8909,50.02492],[6.8842,50.02238],[6.88168,50.023],[6.87516,50.02142],[6.8729,50.01982],[6.87329,50.01623],[6.87259,50.0144],[6.87676,50.01432],[6.88655,50.01141],[6.87939,50.00979],[6.87239,50.00644],[6.87329,50.00877],[6.87,50.00938],[6.86597,50.00853],[6.86593,50.0041],[6.86183,49.99985],[6.86096,49.9992],[6.85665,49.99797],[6.85563,49.99596],[6.84882,49.99663],[6.84227,50.00222],[6.82841,50.0006],[6.82675,49.99926],[6.82451,49.99841],[6.82194,49.99783],[6.81816,49.99795],[6.80939,49.99931],[6.80812,49.99933],[6.80565,50.00017],[6.79747,49.99805],[6.7952,49.99685],[6.79533,49.99626],[6.79788,49.99632],[6.79934,49.99597],[6.80126,49.99403],[6.80274,49.99379],[6.80538,49.9943],[6.80506,49.99289],[6.80219,49.99308],[6.79961,49.99264],[6.79972,49.99049],[6.80429,49.99104],[6.8058,49.99056],[6.8074,49.99088],[6.80866,49.98995],[6.81133,49.99024],[6.81488,49.99022],[6.82069,49.99203],[6.82609,49.99049],[6.83502,49.9905],[6.83559,49.98853],[6.83109,49.98664],[6.83496,49.98539],[6.83825,49.98299],[6.83926,49.98165],[6.83464,49.97956],[6.83464,49.97584],[6.83746,49.97427],[6.83944,49.97558],[6.84177,49.97633],[6.84291,49.9757],[6.84916,49.9714],[6.85596,49.96443],[6.86146,49.95932],[6.85251,49.96121],[6.84748,49.96248],[6.84088,49.95983],[6.83264,49.95794],[6.83214,49.95861],[6.82982,49.95837],[6.82602,49.95873],[6.82421,49.95848],[6.82404,49.95654],[6.82232,49.95613],[6.81949,49.95655],[6.81483,49.95554],[6.80822,49.95144],[6.80532,49.95059],[6.80472,49.95103],[6.80195,49.95048],[6.79924,49.95053],[6.79713,49.9513],[6.79323,49.95129],[6.79176,49.94833],[6.79384,49.94726],[6.79393,49.94613],[6.79187,49.94407],[6.79362,49.9427],[6.794,49.9416],[6.79604,49.94195],[6.7974,49.94159],[6.79809,49.93937],[6.79989,49.93852],[6.79998,49.93738],[6.79876,49.93646],[6.79588,49.93308],[6.79447,49.93293],[6.79506,49.93031],[6.79367,49.92831],[6.79646,49.92701],[6.80402,49.92714],[6.80775,49.92821],[6.81158,49.92956],[6.81264,49.93167],[6.81588,49.93312],[6.81805,49.93276],[6.82057,49.93478],[6.82225,49.9343],[6.82336,49.9331],[6.8259,49.93223],[6.82543,49.93088],[6.82881,49.92913],[6.83099,49.92952],[6.8342,49.92853],[6.83419,49.93455],[6.83549,49.93551],[6.83818,49.93994],[6.83819,49.94174],[6.84125,49.94262],[6.84577,49.94474],[6.8484,49.94556],[6.85398,49.94694],[6.86221,49.9519],[6.86515,49.95487],[6.86559,49.95715],[6.86672,49.9578],[6.87172,49.95934],[6.87535,49.95965],[6.87808,49.96039],[6.88174,49.9602],[6.88324,49.96208],[6.88545,49.96403],[6.88999,49.96271],[6.8921,49.96439],[6.89601,49.9668],[6.89261,49.96912],[6.89667,49.97144],[6.9006,49.96945],[6.90342,49.97157],[6.90569,49.97062],[6.91287,49.96919],[6.91346,49.96877],[6.9138,49.96651],[6.91434,49.96572],[6.91645,49.96474],[6.9188,49.96513],[6.92046,49.966],[6.92666,49.96222],[6.92928,49.95891],[6.93163,49.95794],[6.93433,49.95512],[6.92782,49.95174],[6.92277,49.94939],[6.92413,49.94674],[6.92301,49.94659],[6.92335,49.94484],[6.91988,49.94422],[6.92078,49.94278],[6.92373,49.94361],[6.92479,49.94182],[6.9232,49.94002],[6.92666,49.93922],[6.90834,49.92428],[6.90459,49.92249],[6.90268,49.92106],[6.89582,49.92048],[6.8982,49.92373],[6.89743,49.926],[6.89161,49.92978],[6.88991,49.92969],[6.88653,49.92719],[6.88001,49.92326],[6.8691,49.91568],[6.86719,49.917],[6.8663,49.9164],[6.86155,49.91832],[6.85802,49.91701],[6.85068,49.91675],[6.84971,49.91811],[6.84652,49.92],[6.84556,49.9209],[6.84058,49.91855],[6.83051,49.91522],[6.82711,49.91466],[6.82509,49.91479],[6.82139,49.91287],[6.8186,49.91305],[6.81229,49.91237],[6.81289,49.91421],[6.81127,49.91536],[6.81111,49.91655],[6.80918,49.91725],[6.80685,49.91761],[6.80384,49.91768],[6.80227,49.91704],[6.7986,49.91868],[6.7939,49.91886],[6.79397,49.91838],[6.79695,49.91743],[6.79846,49.91534],[6.79688,49.91346],[6.8,49.91252],[6.80376,49.91302],[6.80452,49.90822],[6.80727,49.908],[6.80763,49.9072],[6.80707,49.90482],[6.80995,49.9015],[6.80718,49.89914],[6.80833,49.89726],[6.80471,49.89494],[6.7992,49.89488],[6.79104,49.89778],[6.7869,49.89713],[6.78439,49.89745],[6.78013,49.89639],[6.77775,49.89603],[6.77249,49.89448],[6.76996,49.89332],[6.76451,49.89173],[6.76297,49.89151],[6.76329,49.887],[6.76454,49.88455],[6.76303,49.88402],[6.75978,49.87982],[6.76036,49.87881],[6.75949,49.87495],[6.75208,49.86852],[6.74659,49.8682],[6.74141,49.86604],[6.73934,49.86722],[6.73298,49.86405],[6.73261,49.86455],[6.72692,49.86367],[6.72574,49.86436],[6.72998,49.86972],[6.72546,49.87526],[6.73207,49.87943],[6.72386,49.88118],[6.72236,49.88076],[6.71236,49.87609],[6.71077,49.87524],[6.71077,49.87448],[6.7086,49.87234],[6.70896,49.87046],[6.70469,49.86837],[6.69828,49.86683],[6.69699,49.86629],[6.69589,49.86496],[6.69324,49.8644],[6.69107,49.86296],[6.69059,49.85952],[6.69131,49.85891],[6.69003,49.85619],[6.68785,49.85606],[6.67958,49.85436],[6.67351,49.85337],[6.67365,49.85211],[6.67172,49.85004],[6.67148,49.84732],[6.67233,49.84428],[6.66996,49.84093],[6.6692,49.8372],[6.66744,49.83571],[6.66471,49.83075],[6.66412,49.82905],[6.66507,49.82822],[6.66701,49.82781],[6.66312,49.82447],[6.66168,49.82432],[6.66025,49.82342],[6.65994,49.82249],[6.66224,49.81933],[6.66072,49.81468],[6.65953,49.81254],[6.65719,49.81003],[6.65613,49.80929],[6.65064,49.80671],[6.64715,49.80528],[6.64058,49.80413],[6.63885,49.80407],[6.63547,49.8028],[6.63716,49.80175],[6.63652,49.80053],[6.63726,49.79976],[6.63618,49.7969],[6.63364,49.79626],[6.63343,49.79426],[6.63203,49.79364],[6.63247,49.79111],[6.6313,49.79096],[6.63061,49.78898],[6.6322,49.78663],[6.63263,49.78493],[6.62917,49.78504],[6.62596,49.78432],[6.62334,49.78345],[6.6211,49.78314],[6.60909,49.78345],[6.60659,49.78377],[6.60349,49.78473],[6.60046,49.78475],[6.59775,49.78517],[6.59496,49.78375],[6.59666,49.78274],[6.60033,49.78154],[6.60223,49.77938],[6.60047,49.779],[6.5979,49.77794],[6.59381,49.77959],[6.59033,49.78015],[6.58929,49.77669],[6.59236,49.7769],[6.59529,49.77534],[6.59406,49.77368],[6.59379,49.77242],[6.59677,49.77205],[6.60479,49.77026],[6.60933,49.77048],[6.61272,49.76824],[6.61213,49.76698],[6.61297,49.76527],[6.61891,49.76443],[6.6156,49.7622],[6.61006,49.76129],[6.60685,49.76056],[6.60111,49.75756],[6.60319,49.75585],[6.59957,49.75479],[6.59554,49.75473],[6.58839,49.75591],[6.58421,49.75622],[6.58244,49.75677],[6.57876,49.75729],[6.5759,49.75701],[6.57389,49.75584],[6.57279,49.75406],[6.57018,49.75092],[6.56728,49.74948],[6.56369,49.74619],[6.5629,49.74683],[6.56046,49.74523],[6.55969,49.74268],[6.55423,49.73976],[6.55158,49.73974],[6.55056,49.74019],[6.54923,49.74304],[6.54701,49.74225],[6.54664,49.74292],[6.53845,49.73936],[6.53569,49.73882],[6.54153,49.74347],[6.54008,49.74425],[6.5416,49.74564],[6.54436,49.74431],[6.54717,49.74563],[6.54636,49.74709],[6.54776,49.74804],[6.54538,49.7495],[6.54641,49.75045],[6.54496,49.75135],[6.54656,49.75334],[6.54392,49.75602],[6.53935,49.75559],[6.53953,49.75505],[6.5374,49.75293],[6.53653,49.75072],[6.53343,49.7517],[6.53632,49.7554],[6.5337,49.75683],[6.53659,49.76172],[6.53495,49.76219],[6.53553,49.76342],[6.53235,49.76445],[6.52967,49.76491],[6.52711,49.76912],[6.52938,49.77361],[6.52705,49.77591],[6.5295,49.77734],[6.53152,49.77795],[6.53393,49.77939],[6.53786,49.77997],[6.54301,49.78146],[6.54818,49.78691],[6.55125,49.7854],[6.5538,49.78772],[6.55761,49.78838],[6.56262,49.79046],[6.5641,49.79224],[6.56659,49.79355],[6.56818,49.79565],[6.56882,49.79749],[6.56715,49.79844],[6.56935,49.80022],[6.56706,49.80183],[6.56357,49.79954],[6.56233,49.79991],[6.56345,49.80187],[6.569,49.80674],[6.56711,49.80736],[6.57077,49.80887],[6.56755,49.81491],[6.56936,49.8268],[6.56843,49.82756],[6.56474,49.8259],[6.5618,49.82501],[6.55888,49.82795],[6.55366,49.82522],[6.54915,49.82677],[6.54847,49.82789],[6.54516,49.828],[6.54383,49.82935],[6.54636,49.83079],[6.54338,49.83275],[6.53957,49.83028],[6.53661,49.83194],[6.53348,49.8323],[6.53314,49.83528],[6.53165,49.83769],[6.52992,49.83883],[6.52812,49.83859],[6.52758,49.84128],[6.52257,49.8418],[6.51769,49.84184],[6.5121,49.83977],[6.50944,49.83808],[6.50401,49.83907],[6.50137,49.837],[6.49279,49.83256],[6.49133,49.83155],[6.49169,49.8307],[6.48429,49.82663],[6.48578,49.82586],[6.48731,49.82648],[6.48921,49.82501],[6.48317,49.82193],[6.48171,49.82252],[6.48086,49.82197],[6.47852,49.82306],[6.47643,49.82293],[6.47496,49.82127],[6.48,49.81902],[6.48142,49.81784],[6.48416,49.81422],[6.4858,49.81313],[6.48878,49.81187],[6.49147,49.81142],[6.4931,49.8115],[6.49586,49.81234],[6.50106,49.81038],[6.50497,49.80961],[6.50702,49.80782],[6.51012,49.80249],[6.51138,49.80179],[6.51395,49.80277],[6.51643,49.80532],[6.51812,49.80838],[6.5183,49.81093],[6.51898,49.81233],[6.52019,49.81314],[6.52165,49.81317],[6.52689,49.81129],[6.52931,49.80939],[6.53077,49.80558],[6.52974,49.80425],[6.52627,49.80213],[6.52326,49.79942],[6.521,49.79699],[6.51906,49.79596],[6.51672,49.79524],[6.51385,49.7939],[6.51086,49.79315],[6.50792,49.79192],[6.50603,49.79013],[6.50593,49.78878],[6.50705,49.78745],[6.50997,49.78592],[6.51353,49.78502],[6.51634,49.78369],[6.51676,49.78184],[6.51559,49.78051],[6.51098,49.77703],[6.50976,49.77416],[6.51027,49.77332],[6.5126,49.77246],[6.51755,49.76874],[6.51811,49.7673],[6.51786,49.765],[6.51853,49.76307],[6.51843,49.76169],[6.51566,49.75911],[6.51252,49.75754],[6.50425,49.7552],[6.50166,49.75359],[6.5005,49.75214],[6.50061,49.74861],[6.50267,49.74561],[6.50189,49.74349],[6.50242,49.73931],[6.50186,49.73719],[6.50163,49.73471],[6.50195,49.73325],[6.50307,49.73148],[6.5072,49.72863],[6.51134,49.72735],[6.51623,49.72506],[6.51715,49.72421],[6.51653,49.72276],[6.51425,49.72147],[6.51164,49.72109],[6.50999,49.72189],[6.5055,49.72557],[6.50257,49.72671],[6.50101,49.72686],[6.49729,49.72652],[6.49598,49.72596],[6.49509,49.72468],[6.49618,49.72309],[6.49924,49.72082],[6.50604,49.71682],[6.50677,49.71571],[6.50702,49.71264],[6.50449,49.71297],[6.50249,49.71272],[6.49985,49.71176],[6.4962,49.70968],[6.49332,49.70759],[6.49137,49.70566],[6.48666,49.70212],[6.48226,49.69818],[6.47933,49.69642],[6.47582,49.69582],[6.4733,49.69501],[6.47031,49.69364],[6.46789,49.69299],[6.46429,49.69255],[6.46152,49.69196],[6.45805,49.69007],[6.45544,49.68657],[6.45189,49.68281],[6.44731,49.67825],[6.4405,49.67407],[6.43502,49.67167],[6.43067,49.66947],[6.42822,49.66687],[6.42659,49.66477],[6.42596,49.66264],[6.4266,49.66124],[6.42892,49.66033],[6.43415,49.66061],[6.43656,49.66039],[6.4397,49.65876],[6.4408,49.65592],[6.43943,49.65237],[6.4347,49.64467],[6.42895,49.63647],[6.427,49.63311],[6.4259,49.62979],[6.42366,49.62586],[6.42233,49.62126],[6.42057,49.61899],[6.41857,49.61728],[6.41364,49.61521],[6.41105,49.61382],[6.40869,49.61119],[6.40552,49.60869],[6.40231,49.60445],[6.39984,49.60272],[6.39528,49.60082],[6.39238,49.60034],[6.38718,49.60015],[6.38463,49.59928],[6.38089,49.59685],[6.37598,49.59292],[6.37442,49.5911],[6.37396,49.58876],[6.37465,49.58677],[6.37731,49.58411],[6.38146,49.58138],[6.38214,49.58007],[6.38205,49.57842],[6.38096,49.57718],[6.37831,49.5764],[6.37692,49.57647],[6.37438,49.57728],[6.37238,49.57835],[6.37038,49.5789],[6.36768,49.57864],[6.36342,49.57722],[6.35962,49.57537],[6.35785,49.57382],[6.35751,49.57226],[6.35901,49.5703],[6.36496,49.56722],[6.37381,49.56288],[6.38006,49.55951],[6.3814,49.55841],[6.38225,49.5561],[6.38155,49.55393],[6.38005,49.5511],[6.37766,49.54816],[6.37386,49.54594],[6.37022,49.5431],[6.36704,49.53984],[6.3619,49.53702],[6.35985,49.53527],[6.35788,49.53303],[6.35695,49.53088],[6.35767,49.52753],[6.35952,49.52264],[6.36154,49.51781],[6.36558,49.50921],[6.3673,49.50382],[6.36769,49.50126],[6.36703,49.49722],[6.36729,49.49414],[6.3687,49.48959],[6.36873,49.48708],[6.36768,49.48136],[6.3674,49.47884],[6.36775,49.47225],[6.36711,49.46951],[6.3714,49.46862],[6.37136,49.46676],[6.37398,49.46617],[6.37501,49.46413],[6.37958,49.46451],[6.37991,49.46622],[6.38637,49.46536],[6.38905,49.46438],[6.39341,49.46405],[6.39655,49.46456],[6.40234,49.4665],[6.40359,49.46592],[6.40842,49.46777],[6.41235,49.47014],[6.41461,49.47099],[6.4173,49.47314],[6.41808,49.47425],[6.42044,49.47642],[6.42606,49.47556],[6.42747,49.47643],[6.42913,49.47624],[6.4347,49.47268],[6.43335,49.47177],[6.43808,49.46816],[6.44055,49.46671],[6.44315,49.46817],[6.44517,49.4672],[6.45083,49.46571],[6.45169,49.46426],[6.45414,49.46381],[6.45566,49.46268],[6.46277,49.46503],[6.46461,49.46637],[6.46559,49.46469],[6.46865,49.46447],[6.47144,49.46157],[6.47753,49.45815],[6.48151,49.45441],[6.48466,49.45261],[6.48811,49.45557],[6.48915,49.45607],[6.48377,49.45913],[6.48545,49.46137],[6.48897,49.46298],[6.48818,49.46373],[6.49078,49.4648],[6.48632,49.46908],[6.48793,49.46931],[6.48715,49.4718],[6.48521,49.4715],[6.48694,49.47355],[6.4861,49.47491],[6.48789,49.47532],[6.48852,49.47607],[6.49119,49.47748],[6.4929,49.47893],[6.49584,49.47941],[6.49664,49.48055],[6.49814,49.48442],[6.49503,49.48594],[6.49082,49.48664],[6.49542,49.48804],[6.49226,49.4926],[6.48876,49.49681],[6.48528,49.49887],[6.48573,49.50019],[6.48826,49.50097],[6.4896,49.50272],[6.49184,49.5035],[6.49627,49.50242],[6.50047,49.50395],[6.50027,49.50549],[6.4977,49.5074],[6.49645,49.50964],[6.49679,49.51123],[6.49684,49.51401],[6.49643,49.51598],[6.49206,49.52111],[6.48713,49.51978],[6.48375,49.51915],[6.48292,49.52058],[6.48133,49.5212],[6.4795,49.51998],[6.47737,49.5206],[6.47152,49.52085],[6.46707,49.52002],[6.46493,49.5212],[6.46235,49.52184],[6.4609,49.5195],[6.44721,49.52309],[6.44839,49.5247],[6.44884,49.52792],[6.45277,49.52983],[6.45807,49.52872],[6.45989,49.53127],[6.46088,49.53173],[6.46708,49.52984],[6.46817,49.53122],[6.47127,49.53093],[6.47787,49.53112],[6.47802,49.53186],[6.47328,49.53348],[6.47349,49.5351],[6.47205,49.53543],[6.47066,49.53797],[6.46791,49.53924],[6.46964,49.54073],[6.4681,49.54089],[6.46921,49.54241],[6.46701,49.54301],[6.46792,49.54437],[6.47154,49.54361],[6.47675,49.54167],[6.47999,49.53993],[6.48183,49.53847],[6.48371,49.53559],[6.48568,49.53377],[6.4873,49.53287],[6.49412,49.53062],[6.49751,49.53111],[6.49929,49.53036],[6.50058,49.53228],[6.50756,49.53527],[6.50955,49.53544],[6.51114,49.53433],[6.51358,49.53513],[6.51493,49.53508],[6.51467,49.53654],[6.51344,49.53807],[6.51243,49.53834],[6.5116,49.54037],[6.50969,49.54132],[6.50824,49.54367],[6.50724,49.54663],[6.50719,49.54865],[6.51074,49.54953],[6.51173,49.55066],[6.51423,49.55193],[6.51629,49.55261],[6.51611,49.55525],[6.5195,49.55576],[6.52293,49.55654],[6.52378,49.55771],[6.52632,49.55933],[6.52573,49.56009],[6.52646,49.56102],[6.53165,49.56425],[6.52559,49.5682],[6.52014,49.56888],[6.52273,49.57237],[6.51802,49.57328],[6.51406,49.57144],[6.51108,49.57377],[6.50734,49.57466],[6.51052,49.57789],[6.50889,49.58104],[6.51503,49.58396],[6.51511,49.58557],[6.51588,49.58609],[6.51506,49.58779],[6.51851,49.58613],[6.51947,49.58644],[6.52266,49.58853],[6.52419,49.59085],[6.52699,49.59146],[6.52813,49.59375],[6.53085,49.59353],[6.53191,49.59436],[6.53242,49.5957],[6.53372,49.59703],[6.53735,49.59858],[6.53845,49.59856],[6.54399,49.59669],[6.54675,49.59674],[6.5472,49.59574],[6.55128,49.59272],[6.55139,49.59201],[6.55334,49.59121],[6.55297,49.58899],[6.55698,49.58622],[6.55598,49.58399],[6.5538,49.58385],[6.55459,49.58259],[6.55306,49.58213],[6.54996,49.57915],[6.54986,49.57767],[6.54867,49.57647],[6.54672,49.57251],[6.54392,49.57084],[6.54138,49.57032],[6.53941,49.56767],[6.53522,49.56567],[6.53461,49.56474],[6.54047,49.56327],[6.53998,49.56126],[6.54096,49.5596],[6.53824,49.55875],[6.53872,49.55777],[6.54126,49.55844],[6.54102,49.55648],[6.54146,49.5543],[6.54355,49.55198],[6.54822,49.55548],[6.55193,49.55634],[6.55115,49.55219],[6.553,49.55208],[6.55344,49.5532],[6.55497,49.55337],[6.55606,49.55496],[6.55918,49.55497],[6.55991,49.55725],[6.56181,49.55792],[6.56652,49.56006],[6.56928,49.55994],[6.56763,49.55664],[6.56893,49.55625],[6.57237,49.5582],[6.57501,49.55883],[6.57564,49.55958],[6.57899,49.56114],[6.58093,49.56044],[6.58445,49.56166],[6.58345,49.56492],[6.58846,49.56547],[6.59365,49.56727],[6.59895,49.56868],[6.60257,49.5692],[6.60597,49.56915],[6.60944,49.5683],[6.61131,49.5673],[6.61204,49.56581],[6.61135,49.56447],[6.60901,49.56278],[6.59871,49.55968],[6.59606,49.55755],[6.59542,49.55587],[6.59588,49.55385],[6.5982,49.55204],[6.60405,49.54945],[6.60924,49.55068],[6.61293,49.54968],[6.61526,49.54598],[6.61632,49.5476],[6.63092,49.55101],[6.635,49.54941],[6.63739,49.5467],[6.63857,49.54689],[6.64009,49.54874],[6.64357,49.5499],[6.64603,49.54991],[6.65043,49.54951],[6.65247,49.55116],[6.65351,49.55393],[6.65098,49.55636],[6.64914,49.55619],[6.64785,49.55768],[6.64769,49.55948],[6.65265,49.56111],[6.65344,49.56318],[6.65353,49.56556],[6.65031,49.57062],[6.64889,49.57726],[6.6505,49.58248],[6.64783,49.58307],[6.64671,49.58436],[6.64565,49.58409],[6.64088,49.5855],[6.63952,49.58654],[6.64003,49.58725],[6.63769,49.58811],[6.63469,49.59037],[6.63185,49.58902],[6.6304,49.58915],[6.62957,49.58992],[6.63148,49.59148],[6.63024,49.59366],[6.62738,49.593],[6.6275,49.59217],[6.626,49.59137],[6.6235,49.59252],[6.62253,49.5941],[6.62136,49.59369],[6.61938,49.59504],[6.62463,49.59706],[6.62624,49.59509],[6.62898,49.59668],[6.63176,49.59776],[6.63413,49.59769],[6.63576,49.59656],[6.63972,49.59777],[6.64226,49.60046],[6.64826,49.60223],[6.64583,49.6033],[6.64449,49.6035],[6.64389,49.60451],[6.64481,49.60562],[6.64082,49.60596],[6.64045,49.60944],[6.64361,49.61073],[6.64776,49.6105],[6.64837,49.61099],[6.65364,49.6096],[6.6519,49.61136],[6.65231,49.6127],[6.64783,49.61512],[6.65336,49.61659],[6.65242,49.61782],[6.65026,49.61783],[6.6515,49.62115],[6.64805,49.62116],[6.64459,49.62243],[6.64915,49.62382],[6.64967,49.62512],[6.6469,49.62765],[6.64983,49.62942],[6.64767,49.62991],[6.64477,49.6324],[6.64248,49.63068],[6.64029,49.63166],[6.64479,49.63417],[6.65048,49.63539],[6.65377,49.63894],[6.65636,49.64064],[6.66426,49.64676],[6.66696,49.64971],[6.67334,49.65208],[6.67864,49.65448],[6.6806,49.65619],[6.68262,49.65874],[6.68673,49.66196],[6.68706,49.66249],[6.68779,49.66645],[6.68895,49.66994],[6.69061,49.66918],[6.69281,49.66904],[6.6944,49.66767],[6.69964,49.66627],[6.70597,49.66244],[6.7079,49.66349],[6.71028,49.66273],[6.71839,49.66313],[6.71933,49.66437],[6.72356,49.66674],[6.72327,49.66814],[6.72108,49.66981],[6.72082,49.67307],[6.71863,49.67572],[6.71906,49.67624],[6.72342,49.67557],[6.727,49.67564],[6.72877,49.67688],[6.72909,49.67786],[6.72887,49.68089],[6.73008,49.68293],[6.72914,49.68585],[6.72976,49.68729],[6.72925,49.68953],[6.72804,49.69085],[6.72511,49.69188],[6.72455,49.69314],[6.72535,49.69389],[6.72771,49.695],[6.72777,49.6962],[6.72651,49.69853],[6.72264,49.6975],[6.71706,49.69673],[6.71259,49.6955],[6.70574,49.69825],[6.69463,49.7006],[6.69427,49.70364],[6.69349,49.70508],[6.69416,49.7069],[6.70189,49.71714],[6.70549,49.71783],[6.70634,49.71914],[6.71326,49.71704],[6.71476,49.71715],[6.71676,49.71989],[6.7208,49.72199],[6.72462,49.72224],[6.72828,49.72421],[6.73522,49.72739],[6.73701,49.72525],[6.73788,49.7233],[6.73749,49.72249],[6.73525,49.72137],[6.73355,49.72112],[6.73158,49.7188],[6.73274,49.71693],[6.73543,49.71576],[6.73457,49.71428],[6.73486,49.71346],[6.73672,49.71211],[6.73728,49.71066],[6.74172,49.71175],[6.74415,49.71065],[6.74127,49.71051],[6.73819,49.70686],[6.74103,49.70687],[6.74291,49.70599],[6.74655,49.70623],[6.74901,49.70593],[6.75186,49.70434],[6.75073,49.69893],[6.7543,49.6987],[6.75763,49.69794],[6.75951,49.69809],[6.76352,49.70082],[6.76504,49.70239],[6.76474,49.70519],[6.7666,49.70468],[6.76978,49.70453],[6.76639,49.70664],[6.76643,49.70891],[6.7684,49.70932],[6.76859,49.71102],[6.77081,49.71151],[6.77112,49.71246],[6.76945,49.71359],[6.76894,49.71477],[6.76934,49.71717],[6.77055,49.71719],[6.7726,49.71821],[6.77285,49.71925],[6.77139,49.72024],[6.77146,49.72156],[6.76966,49.72286],[6.76996,49.72376],[6.76766,49.72635],[6.76959,49.72789],[6.77164,49.72886],[6.7762,49.72739],[6.78255,49.72881],[6.7869,49.72812],[6.79013,49.73106],[6.78906,49.73247],[6.78827,49.7365],[6.78871,49.73896],[6.78829,49.74022],[6.78569,49.74197],[6.78725,49.74439],[6.78496,49.75111],[6.78701,49.75141],[6.78861,49.75761],[6.79047,49.75804],[6.79384,49.75672],[6.79822,49.75367],[6.79995,49.75282],[6.80439,49.75287],[6.80836,49.75247],[6.80949,49.75163],[6.81327,49.75152],[6.81664,49.74996],[6.81709,49.74772],[6.81841,49.74787],[6.82325,49.74931],[6.82346,49.74839],[6.82702,49.74698],[6.83022,49.74641],[6.83087,49.74746],[6.83208,49.74729],[6.84679,49.75061],[6.84831,49.74958],[6.85483,49.74987],[6.85928,49.75084],[6.86303,49.7512],[6.86733,49.74973],[6.87019,49.75053],[6.86861,49.75318],[6.87236,49.75478],[6.87065,49.7565],[6.87274,49.75758],[6.87245,49.75859],[6.87007,49.76185],[6.87024,49.76313],[6.86937,49.76455],[6.86574,49.76844],[6.86739,49.76897],[6.86673,49.7707],[6.8649,49.77117],[6.86563,49.774],[6.86774,49.7734],[6.86903,49.77499],[6.86604,49.7768],[6.86612,49.78017],[6.87025,49.78106],[6.87537,49.77963],[6.87875,49.78335],[6.881,49.78468],[6.88319,49.78303],[6.88393,49.78439],[6.88684,49.78659],[6.88996,49.78669],[6.89279,49.78728],[6.89598,49.78843],[6.89557,49.78942],[6.89779,49.79123],[6.90085,49.79123],[6.90223,49.79237],[6.90172,49.79378],[6.89944,49.79617],[6.9029,49.79964],[6.9033,49.80046],[6.90285,49.80229],[6.89748,49.80411],[6.89758,49.80577],[6.90117,49.80523],[6.90488,49.80332],[6.90738,49.80335],[6.90969,49.8039],[6.91157,49.80576],[6.91266,49.80744],[6.91454,49.80655],[6.91659,49.80628],[6.91991,49.8038],[6.92369,49.80305],[6.92543,49.80376],[6.92787,49.80381],[6.93366,49.8048],[6.93513,49.8058],[6.93712,49.80634],[6.93857,49.80519],[6.94221,49.80469],[6.94601,49.80609],[6.94906,49.80872],[6.94904,49.81017],[6.9458,49.8118],[6.94731,49.81406],[6.95022,49.81557],[6.94843,49.81815],[6.95149,49.8186],[6.95064,49.81955],[6.95201,49.82074],[6.95166,49.82258],[6.95093,49.82374],[6.94682,49.82709],[6.94388,49.82778],[6.95095,49.83279],[6.95808,49.83169],[6.96268,49.83374],[6.9661,49.83365],[6.97042,49.83735],[6.98245,49.84189],[6.98625,49.83216],[6.98753,49.82985],[6.98994,49.82809],[6.99255,49.82696],[6.99653,49.82624],[6.99892,49.82636],[7.00371,49.82754],[7.0075,49.82907],[7.02489,49.83217],[7.03262,49.83518],[7.03709,49.83668],[7.03642,49.83806],[7.0393,49.83888],[7.03825,49.84],[7.03708,49.84447],[7.03452,49.84668],[7.03038,49.84841],[7.03046,49.85006],[7.02702,49.85143],[7.02432,49.85208],[7.02308,49.85302],[7.02408,49.85394],[7.02536,49.85389],[7.0276,49.85584],[7.02932,49.85834],[7.03269,49.85989],[7.0314,49.86084],[7.04035,49.86357],[7.04128,49.8645],[7.04375,49.86515],[7.04329,49.86692],[7.05146,49.86303],[7.05394,49.86531],[7.05633,49.86474],[7.05889,49.86601],[7.06006,49.86409],[7.05723,49.8615],[7.0546,49.86011],[7.05124,49.85757],[7.06538,49.84192],[7.0662,49.84063],[7.06759,49.84088],[7.06839,49.84219],[7.07339,49.84652],[7.07253,49.84749],[7.0753,49.84943],[7.07774,49.85253],[7.07764,49.8556],[7.07591,49.85711],[7.07525,49.85878],[7.07548,49.86008],[7.07451,49.86332],[7.07073,49.86726],[7.07038,49.86908],[7.06869,49.87299],[7.06686,49.87431],[7.06609,49.87832],[7.06672,49.87936],[7.06671,49.88088],[7.06436,49.88166],[7.05987,49.88135],[7.05777,49.88243],[7.05498,49.8829],[7.0523,49.885],[7.05286,49.88599],[7.05647,49.88771],[7.05174,49.89179],[7.05367,49.89338],[7.05533,49.89378],[7.05722,49.89675],[7.06263,49.8972],[7.06412,49.89835],[7.06683,49.90245],[7.07004,49.90354],[7.07147,49.89923],[7.07208,49.90028],[7.07429,49.89992],[7.07607,49.90122],[7.07837,49.89991],[7.0891,49.90027],[7.08506,49.89545],[7.08675,49.89513],[7.08607,49.89289],[7.08833,49.89225],[7.08944,49.89362],[7.08952,49.89574],[7.09226,49.89742],[7.09725,49.89883],[7.09776,49.89792],[7.10119,49.89481],[7.10281,49.89623],[7.10189,49.89722],[7.10188,49.89983],[7.10125,49.90066],[7.09893,49.90229],[7.10437,49.90594],[7.10472,49.90934],[7.10665,49.9131],[7.10913,49.91172],[7.12031,49.90825],[7.12357,49.90952],[7.12464,49.91059],[7.12706,49.9108],[7.12741,49.90985],[7.12988,49.90918],[7.13199,49.90801],[7.13607,49.90697],[7.14017,49.90656],[7.14152,49.90377],[7.14251,49.90338],[7.15042,49.90412],[7.15084,49.9029],[7.15308,49.90259],[7.15437,49.90545],[7.15157,49.90734],[7.14919,49.90757],[7.14515,49.90711],[7.14306,49.90726],[7.14325,49.90908],[7.13549,49.91014],[7.13691,49.91135],[7.13493,49.91176],[7.13646,49.91269],[7.13674,49.91378],[7.13859,49.9152],[7.14262,49.91588],[7.14447,49.91578],[7.14515,49.91454],[7.14662,49.91387],[7.14772,49.91631],[7.14762,49.91826],[7.14531,49.9193],[7.14871,49.92119],[7.15235,49.92191],[7.15481,49.92194],[7.15423,49.92381],[7.15584,49.92514],[7.15286,49.92821],[7.15519,49.93124],[7.15309,49.93238],[7.15502,49.93423],[7.16134,49.93734],[7.16297,49.94182],[7.16981,49.93766],[7.17311,49.93908],[7.17139,49.94273],[7.17354,49.94607],[7.17738,49.94684],[7.17873,49.94669],[7.1794,49.94453],[7.1809,49.94341],[7.1812,49.94199],[7.18259,49.94122],[7.18552,49.94145],[7.18666,49.94205],[7.18785,49.94145],[7.19644,49.94667],[7.20094,49.94665],[7.20383,49.94639],[7.20625,49.94715],[7.20677,49.94847],[7.21061,49.94754],[7.21203,49.95336],[7.21419,49.95428],[7.21426,49.95667],[7.21316,49.96241],[7.20772,49.96231],[7.20693,49.96248],[7.20503,49.9647],[7.20268,49.96632],[7.20689,49.96651],[7.21556,49.96731],[7.21618,49.96636],[7.22664,49.96335],[7.23068,49.96319],[7.23255,49.96119],[7.23582,49.96258],[7.24003,49.9599],[7.24295,49.95936],[7.25315,49.96182],[7.25197,49.96262],[7.25155,49.96422],[7.24955,49.96543],[7.24845,49.96705],[7.24988,49.96764],[7.25085,49.9661],[7.2519,49.96567],[7.25358,49.96665],[7.2529,49.96729],[7.2534,49.9686],[7.25518,49.96828],[7.25574,49.96945],[7.25841,49.96993],[7.26087,49.96875],[7.26448,49.96773],[7.26427,49.96893],[7.26222,49.96942],[7.25964,49.97136],[7.26033,49.97212],[7.26083,49.9752],[7.26052,49.97629],[7.2568,49.97803],[7.26017,49.98201],[7.25633,49.98266],[7.25491,49.98341],[7.25154,49.98345],[7.24737,49.9843],[7.24553,49.98612],[7.24499,49.9883],[7.24553,49.9896],[7.24742,49.99077],[7.2485,49.99331],[7.25001,49.99456],[7.25252,49.99444],[7.25203,49.99583],[7.25019,49.99671],[7.2546,50.00076],[7.25491,50.00335],[7.25385,50.00513],[7.25289,50.00563],[7.25128,50.00915],[7.25358,50.00983],[7.25396,50.01233],[7.25769,50.01398],[7.25781,50.0167],[7.26514,50.02116],[7.26418,50.02267],[7.2658,50.02346],[7.26441,50.02871],[7.26187,50.02907],[7.26114,50.03174],[7.25861,50.03254],[7.25737,50.03352],[7.25422,50.03159],[7.25671,50.03076],[7.25581,50.02816],[7.25835,50.02777],[7.25767,50.02609],[7.25953,50.02601],[7.25845,50.02388],[7.25837,50.02256],[7.25757,50.02164],[7.25499,50.02151],[7.25347,50.02059],[7.25199,50.02164],[7.24983,50.02048],[7.24575,50.02263],[7.24591,50.02383],[7.24452,50.02541],[7.24563,50.02586],[7.24226,50.02694],[7.24238,50.02785],[7.24518,50.02797],[7.24679,50.02873],[7.24887,50.02889],[7.24744,50.03007],[7.24808,50.03176],[7.25103,50.03544],[7.25138,50.0363],[7.23936,50.04147],[7.23556,50.04267],[7.23024,50.04312],[7.23047,50.04648],[7.22922,50.0466],[7.22512,50.0459],[7.22168,50.04592],[7.22122,50.04769],[7.22002,50.04773],[7.21822,50.04681],[7.21808,50.0493],[7.21681,50.04843],[7.21274,50.04819],[7.21322,50.0489],[7.21189,50.05005],[7.21525,50.05382],[7.21518,50.05473],[7.21228,50.05481],[7.21198,50.05568],[7.21432,50.05755],[7.21483,50.05981],[7.2173,50.06212],[7.21403,50.06382],[7.21216,50.06421],[7.21354,50.06724],[7.21326,50.06851],[7.2137,50.07027],[7.21118,50.06952],[7.20994,50.07177],[7.21237,50.07249],[7.21339,50.07533],[7.216,50.07602],[7.21814,50.07563],[7.22103,50.07553],[7.22007,50.07662],[7.22266,50.07831],[7.22594,50.07834],[7.22563,50.08018],[7.2275,50.08217],[7.22875,50.08119],[7.22753,50.07948],[7.22879,50.07846],[7.23176,50.07946],[7.23308,50.0789],[7.23601,50.07881],[7.24042,50.08104],[7.24391,50.08062],[7.24598,50.08101],[7.24804,50.08063],[7.24824,50.08157],[7.2462,50.08375],[7.24695,50.08632],[7.24422,50.08795],[7.24541,50.08834],[7.24449,50.09087],[7.24587,50.09213],[7.24627,50.09349],[7.24786,50.095],[7.2516,50.09706],[7.25245,50.09894],[7.25958,50.09931],[7.2591,50.10037],[7.26001,50.10364],[7.27706,50.10773],[7.27813,50.10953],[7.28277,50.11069],[7.28438,50.11202],[7.28354,50.11304],[7.28405,50.11518],[7.28716,50.11718],[7.28726,50.11823],[7.28998,50.11996],[7.29328,50.11903],[7.30004,50.12387],[7.30385,50.12824],[7.31213,50.13203],[7.31446,50.13332],[7.31422,50.13426],[7.31087,50.13382],[7.30945,50.13559],[7.30836,50.13598],[7.30674,50.13749],[7.30433,50.1382],[7.30448,50.14003],[7.30379,50.14192],[7.30648,50.1434],[7.31251,50.14594],[7.31691,50.14659],[7.32408,50.14995],[7.32927,50.15068],[7.33048,50.15049],[7.33346,50.15239],[7.33749,50.15585],[7.33557,50.1569],[7.33553,50.15752],[7.33826,50.15776],[7.3402,50.15932],[7.34527,50.16024],[7.35209,50.16329],[7.348,50.16644],[7.34993,50.1679],[7.35252,50.16791],[7.35446,50.16893],[7.35551,50.17051],[7.35779,50.17072],[7.35831,50.16943],[7.36276,50.16916],[7.36459,50.16944],[7.36611,50.17122],[7.36924,50.17183],[7.36862,50.17258],[7.37267,50.17516],[7.37439,50.17598],[7.3738,50.17708],[7.37805,50.17843],[7.37795,50.17737],[7.37943,50.17613],[7.38191,50.17745],[7.3824,50.17621],[7.38428,50.17582],[7.38809,50.17895],[7.38605,50.181],[7.38576,50.18264],[7.39088,50.18499],[7.39416,50.18696],[7.40202,50.1897],[7.40533,50.19288],[7.41007,50.19479],[7.41241,50.19529],[7.41451,50.19298],[7.41767,50.19333],[7.42196,50.19296],[7.42542,50.19452],[7.42426,50.19506],[7.42325,50.19893],[7.42122,50.19928],[7.42015,50.20073],[7.42082,50.20141],[7.42306,50.20196],[7.42239,50.20289],[7.42342,50.20385],[7.42822,50.20563],[7.43043,50.20695],[7.4279,50.20812],[7.42785,50.21166],[7.42893,50.21206],[7.4278,50.21318],[7.43151,50.21343],[7.43193,50.21064],[7.43353,50.21073],[7.43871,50.20854],[7.44117,50.20966],[7.44388,50.21037],[7.44728,50.21304],[7.44993,50.21465],[7.45022,50.21369],[7.44812,50.21137],[7.4476,50.20887],[7.44944,50.20789],[7.4516,50.20623],[7.45004,50.20368],[7.44575,50.19982],[7.44694,50.19906],[7.44916,50.20051],[7.45219,50.20182],[7.45409,50.20355],[7.45684,50.20506],[7.45675,50.20357],[7.45598,50.20108],[7.45889,50.19882],[7.46265,50.20091],[7.46878,50.20123],[7.47188,50.20475],[7.4742,50.20536],[7.47552,50.20626],[7.47629,50.20754],[7.47659,50.20974],[7.47896,50.21211],[7.47876,50.21352],[7.47622,50.21471],[7.47692,50.21529],[7.47413,50.21737],[7.47062,50.21765],[7.4679,50.2185],[7.46392,50.21823],[7.4611,50.21896],[7.45958,50.22194],[7.45722,50.22474],[7.45826,50.22522],[7.4634,50.22519],[7.46979,50.2286],[7.47257,50.22924],[7.47445,50.23119],[7.47679,50.23165],[7.48071,50.23086],[7.48317,50.23447],[7.48418,50.23399],[7.48688,50.23552],[7.49241,50.23704],[7.49644,50.23747],[7.4979,50.23678],[7.50047,50.23771],[7.50143,50.2375],[7.50245,50.2395],[7.50027,50.24038],[7.49922,50.24413],[7.49733,50.24403],[7.5036,50.24674],[7.5045,50.24827],[7.50645,50.24902],[7.50848,50.24912],[7.5119,50.25028],[7.51415,50.2491],[7.51529,50.2502],[7.51552,50.25369],[7.52021,50.25578],[7.52012,50.25709],[7.52235,50.25832],[7.52349,50.25983],[7.52316,50.26088],[7.52455,50.26256],[7.52771,50.26534],[7.52875,50.26758],[7.53194,50.2686],[7.53245,50.27078],[7.53233,50.27264],[7.52949,50.27654],[7.52717,50.27691],[7.52573,50.2778],[7.52561,50.27894],[7.52714,50.27996],[7.52679,50.28185],[7.52752,50.28367],[7.52555,50.28565],[7.52591,50.28716],[7.52684,50.28844],[7.53169,50.28825],[7.53276,50.28571],[7.53684,50.28538],[7.53964,50.28582],[7.54154,50.28782],[7.54678,50.2894],[7.54765,50.28812],[7.55054,50.28703],[7.55585,50.28296],[7.5577,50.28338],[7.56017,50.28356],[7.56747,50.28757],[7.56947,50.28903],[7.57322,50.29114],[7.57417,50.29232],[7.57434,50.29467],[7.57694,50.29594],[7.58222,50.29582],[7.58423,50.2969],[7.58661,50.29753],[7.5884,50.29549],[7.58906,50.29413],[7.59166,50.29316],[7.5938,50.29185],[7.59662,50.29247],[7.59784,50.29099],[7.60174,50.29338],[7.60548,50.29379],[7.60121,50.29792],[7.59635,50.30303],[7.59386,50.30659],[7.59133,50.31083],[7.59032,50.31378],[7.58902,50.32037],[7.58935,50.32343],[7.59055,50.32567],[7.59768,50.32537],[7.61848,50.32537],[7.63025,50.32333],[7.63763,50.32497],[7.64028,50.32715],[7.64263,50.32721],[7.64532,50.32647],[7.64744,50.32509],[7.65023,50.32441],[7.65219,50.32469],[7.65773,50.32799],[7.65903,50.32934],[7.65864,50.33137],[7.65968,50.33225],[7.66146,50.33257],[7.66289,50.33439],[7.6642,50.33778],[7.66655,50.33947],[7.66507,50.34085],[7.66634,50.34122],[7.66714,50.34538],[7.67117,50.3464],[7.67143,50.34763],[7.67403,50.34834],[7.67822,50.35089],[7.68147,50.35316],[7.6825,50.35527],[7.6824,50.36002],[7.68887,50.36013],[7.68995,50.36075],[7.69099,50.36258],[7.69596,50.36619],[7.69307,50.3659],[7.68819,50.36741],[7.68692,50.3687],[7.68484,50.36901],[7.68508,50.37192],[7.68647,50.37354],[7.66684,50.379],[7.66731,50.38014],[7.66599,50.38138],[7.66405,50.38153],[7.65983,50.38154],[7.65747,50.38212],[7.65599,50.38197],[7.65376,50.38105],[7.64876,50.38012],[7.64895,50.37883],[7.64403,50.37813],[7.64605,50.37611],[7.64491,50.37439],[7.6434,50.3733],[7.6386,50.37386],[7.6379,50.37496],[7.63624,50.37575],[7.63199,50.37644],[7.63139,50.37471],[7.62766,50.3749],[7.62333,50.37482],[7.62349,50.37292],[7.62063,50.37156],[7.61931,50.37192],[7.61734,50.37447],[7.61268,50.37523],[7.61398,50.37827],[7.61457,50.3807],[7.61333,50.38271],[7.61074,50.38558],[7.60823,50.38791],[7.60302,50.39184],[7.59769,50.39468],[7.59618,50.3957],[7.59213,50.39775],[7.58791,50.39967],[7.58329,50.40201],[7.57577,50.40678],[7.57118,50.41032],[7.56283,50.40431],[7.55779,50.40126],[7.55172,50.39776],[7.54941,50.39663],[7.54648,50.39561],[7.54249,50.39505],[7.54037,50.39427],[7.53685,50.39226],[7.53784,50.39154],[7.53822,50.39022],[7.5361,50.38471],[7.5264,50.38154],[7.52337,50.38129],[7.51856,50.38197],[7.51625,50.38142],[7.51212,50.38175],[7.51016,50.37933],[7.5086,50.37803],[7.50797,50.37677],[7.49054,50.36599],[7.48638,50.36328],[7.48487,50.36311],[7.48948,50.36031],[7.48917,50.35928],[7.48962,50.35787],[7.49103,50.35628],[7.48728,50.35442],[7.49088,50.35171],[7.49008,50.35126],[7.48237,50.3477],[7.48373,50.34624],[7.4818,50.3457],[7.48249,50.34392],[7.48475,50.34432],[7.48749,50.33868],[7.4891,50.33916],[7.48998,50.33829],[7.48927,50.33726],[7.49006,50.33628],[7.48709,50.3331],[7.48065,50.3302],[7.47971,50.3308],[7.47552,50.3297],[7.47526,50.33062],[7.47325,50.33161],[7.46913,50.33251],[7.46663,50.32982],[7.46383,50.33054],[7.46455,50.33156],[7.46061,50.33306],[7.45957,50.33269],[7.45768,50.33448],[7.45741,50.34129],[7.45411,50.34075],[7.44932,50.34034],[7.44333,50.34033],[7.43722,50.34049],[7.43083,50.34085],[7.4263,50.34049],[7.4256,50.33935],[7.42159,50.33863],[7.41935,50.33713],[7.41645,50.33473],[7.41261,50.33115],[7.40859,50.32783],[7.4092,50.32613],[7.40911,50.3202],[7.41566,50.32295],[7.415,50.3205],[7.41645,50.31935],[7.41687,50.31818],[7.41918,50.3172],[7.42008,50.31629],[7.41766,50.31225],[7.4173,50.30952],[7.41332,50.30821],[7.40936,50.30599],[7.4104,50.30239],[7.41178,50.30112],[7.41372,50.30134],[7.41537,50.2997],[7.41555,50.29876],[7.41144,50.29797],[7.40865,50.2984],[7.40642,50.29815],[7.40435,50.29929],[7.40214,50.29753],[7.39669,50.29177],[7.39869,50.29087],[7.39525,50.28931],[7.39423,50.28799],[7.39547,50.28634],[7.39455,50.28544],[7.39638,50.28477],[7.39909,50.28541],[7.4,50.28353],[7.3958,50.28295],[7.39437,50.282],[7.39575,50.27975],[7.39757,50.27966],[7.39906,50.28029],[7.40037,50.27959],[7.4013,50.27721],[7.40431,50.27787],[7.40491,50.27553],[7.40647,50.27564],[7.40733,50.27493],[7.40719,50.27353],[7.40802,50.27287]],[[6.51138,49.64563],[6.51157,49.64453],[6.5157,49.64475],[6.52163,49.64337],[6.5225,49.63905],[6.52405,49.63812],[6.52653,49.63747],[6.52916,49.63639],[6.52845,49.63434],[6.52841,49.63158],[6.52965,49.62903],[6.52638,49.62697],[6.52067,49.62138],[6.51928,49.62088],[6.51501,49.62215],[6.50882,49.62299],[6.50901,49.62419],[6.50587,49.6244],[6.5052,49.62528],[6.50081,49.62529],[6.49667,49.62696],[6.49747,49.62833],[6.49485,49.6284],[6.49423,49.62763],[6.4914,49.62859],[6.48895,49.62875],[6.4865,49.6293],[6.48437,49.62678],[6.48227,49.62822],[6.48435,49.63146],[6.48664,49.63577],[6.49014,49.63456],[6.48916,49.63894],[6.49442,49.6448],[6.49444,49.64588],[6.49744,49.64558],[6.49855,49.64452],[6.50399,49.64478],[6.51138,49.64563]]]},"properties":{"idApp":923001,"aopId":"mosel","name":"Mosel","nameJa":"モーゼル","kind":"regional","tags":[],"rank":0},"bbox":[6.35695,49.45261,7.69596,50.41032]},{"type":"Feature","geometry":{"type":"MultiPolygon","coordinates":[[[[7.91049,49.64245],[7.91369,49.64256],[7.91599,49.64204],[7.9156,49.64019],[7.91822,49.63902],[7.92486,49.64547],[7.9259,49.64465],[7.92909,49.64328],[7.93257,49.64346],[7.93409,49.64328],[7.93691,49.64396],[7.93918,49.64399],[7.94117,49.64315],[7.9447,49.643],[7.94914,49.64173],[7.95105,49.64013],[7.95439,49.63858],[7.95792,49.63645],[7.95826,49.63567],[7.9617,49.63463],[7.96541,49.63254],[7.96852,49.63116],[7.96551,49.62932],[7.96814,49.6289],[7.97155,49.62912],[7.97285,49.62821],[7.96708,49.62695],[7.97001,49.62321],[7.97274,49.6244],[7.97478,49.62492],[7.98915,49.62703],[7.99179,49.62486],[8.00893,49.62609],[8.00775,49.62543],[8.00855,49.62389],[8.00954,49.62411],[8.01196,49.62095],[8.01407,49.61968],[8.01434,49.61773],[8.01632,49.61724],[8.01515,49.61604],[8.02066,49.6146],[8.02156,49.61552],[8.02591,49.61402],[8.02659,49.6118],[8.02804,49.61201],[8.03113,49.6096],[8.03474,49.60906],[8.03622,49.60508],[8.03269,49.60454],[8.02966,49.60355],[8.02741,49.60241],[8.02778,49.60189],[8.0313,49.60306],[8.03611,49.6033],[8.03641,49.60258],[8.04017,49.60354],[8.04232,49.60356],[8.04682,49.60463],[8.0613,49.60659],[8.06262,49.60492],[8.07677,49.60899],[8.07723,49.6084],[8.0802,49.61064],[8.08249,49.60969],[8.08449,49.61137],[8.08548,49.61008],[8.0874,49.6111],[8.09411,49.614],[8.10124,49.61523],[8.10185,49.6147],[8.10556,49.61579],[8.11081,49.6179],[8.1111,49.61927],[8.11271,49.61881],[8.11549,49.61896],[8.11553,49.62035],[8.11839,49.61728],[8.12415,49.61351],[8.12729,49.61466],[8.12896,49.6134],[8.12613,49.61225],[8.12795,49.61019],[8.11564,49.6047],[8.11807,49.60335],[8.12354,49.5971],[8.12119,49.5961],[8.12249,49.59441],[8.12777,49.59648],[8.13052,49.5937],[8.13955,49.59554],[8.14141,49.59132],[8.13983,49.59104],[8.13978,49.58422],[8.14063,49.58164],[8.13113,49.57866],[8.1315,49.57653],[8.12923,49.57651],[8.12817,49.5739],[8.12664,49.57357],[8.12699,49.57213],[8.12497,49.57156],[8.1257,49.57031],[8.12317,49.56927],[8.12636,49.56372],[8.12344,49.56317],[8.12371,49.56485],[8.12167,49.56676],[8.11886,49.56621],[8.11759,49.56702],[8.11474,49.56749],[8.11412,49.56939],[8.1155,49.57157],[8.11519,49.57245],[8.11627,49.57379],[8.1162,49.57918],[8.11457,49.58346],[8.11201,49.58354],[8.1086,49.58301],[8.1033,49.58042],[8.10327,49.57914],[8.10427,49.5782],[8.09907,49.57805],[8.08952,49.57643],[8.09031,49.57379],[8.09289,49.57406],[8.09232,49.57058],[8.09406,49.57054],[8.09366,49.56713],[8.08694,49.56724],[8.0881,49.56615],[8.0942,49.56278],[8.09461,49.56131],[8.09672,49.55786],[8.09888,49.55652],[8.10138,49.55396],[8.11176,49.55716],[8.11439,49.55471],[8.12506,49.55297],[8.12695,49.5518],[8.12536,49.55094],[8.12551,49.54951],[8.12437,49.54686],[8.12165,49.54394],[8.11748,49.54287],[8.11435,49.54126],[8.10665,49.53774],[8.10793,49.53619],[8.10243,49.53539],[8.10111,49.53541],[8.10115,49.53363],[8.09973,49.53156],[8.09724,49.5311],[8.08955,49.52812],[8.09175,49.52533],[8.09013,49.52476],[8.09126,49.52335],[8.08483,49.52092],[8.08157,49.51905],[8.08402,49.5138],[8.09189,49.51399],[8.09672,49.5199],[8.09887,49.52103],[8.10233,49.52141],[8.10303,49.52338],[8.10415,49.52514],[8.10681,49.52775],[8.11295,49.53228],[8.11596,49.53411],[8.11705,49.53401],[8.11508,49.53205],[8.11308,49.5313],[8.10813,49.52778],[8.1067,49.52623],[8.10459,49.52464],[8.10305,49.52086],[8.1068,49.51992],[8.10667,49.51872],[8.10512,49.51727],[8.10619,49.5159],[8.10762,49.51507],[8.10824,49.51327],[8.10682,49.51274],[8.10298,49.51273],[8.10223,49.51214],[8.09724,49.5134],[8.09715,49.51203],[8.09622,49.5107],[8.09666,49.50859],[8.09909,49.50697],[8.09927,49.50554],[8.09781,49.50419],[8.09276,49.50201],[8.08642,49.49714],[8.08505,49.49542],[8.08215,49.49102],[8.08325,49.48833],[8.08217,49.48235],[8.07883,49.4822],[8.0757,49.4785],[8.07253,49.47767],[8.06783,49.47531],[8.06809,49.47659],[8.06175,49.47645],[8.05737,49.47733],[8.05281,49.47745],[8.05312,49.47599],[8.052,49.47489],[8.05017,49.47491],[8.04646,49.47983],[8.04774,49.48365],[8.04999,49.48652],[8.0498,49.49055],[8.03988,49.4849],[8.03145,49.48251],[8.02961,49.4809],[8.02794,49.4828],[8.02852,49.48442],[8.02428,49.4864],[8.0219,49.48814],[8.01472,49.48679],[8.0098,49.48649],[8.00605,49.48549],[8.00704,49.48817],[8.00626,49.48945],[8.00393,49.48928],[7.99512,49.48612],[7.99249,49.48591],[7.98115,49.4805],[7.97476,49.47984],[7.96218,49.47488],[7.95226,49.47408],[7.9521,49.47116],[7.95279,49.46834],[7.95367,49.46663],[7.95518,49.4658],[7.95603,49.46402],[7.95302,49.46273],[7.95126,49.46123],[7.95247,49.46015],[7.95552,49.45534],[7.95757,49.45402],[7.95776,49.45239],[7.96028,49.45161],[7.96103,49.45096],[7.96057,49.44864],[7.96151,49.44684],[7.96173,49.44531],[7.96259,49.44453],[7.96619,49.44317],[7.96635,49.44172],[7.97111,49.44202],[7.97125,49.44328],[7.9733,49.44521],[7.97447,49.44463],[7.974,49.44221],[7.97689,49.44207],[7.97982,49.44066],[7.98167,49.44127],[7.98617,49.44488],[7.98331,49.44679],[7.98066,49.44965],[7.98238,49.45031],[7.98462,49.44782],[7.98665,49.44639],[7.98817,49.44601],[7.9915,49.44785],[7.99386,49.44971],[7.99386,49.45075],[7.99542,49.45146],[7.99554,49.44932],[7.9933,49.4475],[7.99847,49.44624],[7.99876,49.44328],[7.99232,49.44453],[7.9913,49.44389],[7.99258,49.44305],[7.99555,49.44243],[7.99506,49.44179],[7.99255,49.44194],[7.98995,49.4428],[7.98618,49.43984],[7.98721,49.43933],[7.98917,49.43964],[7.98958,49.43836],[7.98696,49.43809],[7.98453,49.43878],[7.98304,49.43775],[7.98627,49.4364],[7.98683,49.43492],[7.98992,49.43536],[7.99246,49.43605],[7.99602,49.4377],[8.00121,49.43984],[8.00232,49.43853],[7.99842,49.43693],[7.99678,49.4358],[7.99696,49.43478],[8.00203,49.435],[8.00256,49.43401],[7.99655,49.43281],[7.99276,49.43276],[7.98967,49.43376],[7.98647,49.43389],[7.98127,49.43257],[7.98154,49.4299],[7.98487,49.42983],[7.98647,49.42915],[7.98844,49.42956],[7.98721,49.42634],[7.98922,49.42699],[7.99182,49.42831],[7.99281,49.42939],[7.99417,49.42864],[7.99751,49.42975],[8.00132,49.43007],[8.00087,49.42891],[7.99535,49.42353],[7.99724,49.42231],[7.997,49.42069],[8.00154,49.42023],[8.0012,49.41846],[8.00386,49.41708],[8.00697,49.41585],[8.00844,49.41484],[8.0084,49.41321],[8.00715,49.41031],[8.00788,49.41008],[8.01031,49.41108],[8.01218,49.4114],[8.01389,49.41085],[8.01523,49.40958],[8.01579,49.40753],[8.01647,49.40681],[8.02172,49.4059],[8.02298,49.40495],[8.02355,49.40376],[8.02352,49.4014],[8.02517,49.40083],[8.02598,49.39947],[8.02769,49.40009],[8.02984,49.40282],[8.03701,49.40557],[8.04187,49.4059],[8.04378,49.40558],[8.04644,49.40635],[8.05056,49.40648],[8.05556,49.40569],[8.0635,49.40271],[8.06705,49.39866],[8.06187,49.39563],[8.0525,49.38632],[8.04938,49.38552],[8.05077,49.3831],[8.05216,49.38263],[8.05169,49.38023],[8.05322,49.37938],[8.05187,49.37838],[8.05361,49.37702],[8.05794,49.37882],[8.06373,49.37937],[8.06641,49.38015],[8.06993,49.37965],[8.07011,49.38071],[8.07166,49.38067],[8.07216,49.37914],[8.07443,49.37909],[8.08016,49.38073],[8.08122,49.38154],[8.0799,49.38313],[8.08106,49.38475],[8.08106,49.38708],[8.08274,49.38924],[8.0888,49.39134],[8.09251,49.39208],[8.09644,49.39323],[8.10036,49.39218],[8.09863,49.38851],[8.0974,49.38702],[8.09919,49.38689],[8.09947,49.38469],[8.1002,49.3845],[8.09987,49.38087],[8.09818,49.38009],[8.09694,49.37869],[8.09618,49.37698],[8.09569,49.37368],[8.09741,49.37361],[8.09741,49.3724],[8.10666,49.36954],[8.10352,49.36491],[8.10218,49.36431],[8.0982,49.36383],[8.09593,49.36189],[8.09072,49.36021],[8.08716,49.36128],[8.08308,49.36167],[8.08067,49.36261],[8.0762,49.36281],[8.06892,49.36073],[8.06796,49.35986],[8.06435,49.35951],[8.05893,49.35644],[8.05576,49.35551],[8.05188,49.35497],[8.05022,49.35299],[8.04586,49.35283],[8.04256,49.35322],[8.0399,49.35326],[8.03611,49.35244],[8.03393,49.35268],[8.03224,49.35343],[8.02821,49.35633],[8.02663,49.3567],[8.02469,49.355],[8.02333,49.3545],[8.01945,49.35479],[8.01678,49.353],[8.01472,49.35223],[8.01394,49.35102],[8.01469,49.34974],[8.0142,49.34875],[8.01063,49.3456],[8.0087,49.34462],[8.00407,49.3443],[7.99956,49.34379],[7.99651,49.3428],[7.99334,49.33951],[7.9909,49.33911],[7.9896,49.33972],[7.98789,49.34148],[7.9864,49.34211],[7.9841,49.34242],[7.98043,49.33992],[7.98088,49.33784],[7.98006,49.33659],[7.98021,49.33541],[7.98147,49.33389],[7.97946,49.33307],[7.97719,49.33341],[7.97659,49.33237],[7.97233,49.3292],[7.96983,49.32845],[7.96737,49.32894],[7.96613,49.32865],[7.96429,49.32641],[7.96239,49.32537],[7.95885,49.32443],[7.95527,49.3242],[7.95107,49.32294],[7.94781,49.32328],[7.94433,49.32198],[7.9408,49.32094],[7.93932,49.32001],[7.93891,49.31696],[7.93943,49.31502],[7.93716,49.31307],[7.93767,49.31054],[7.93672,49.30898],[7.93327,49.30979],[7.92721,49.30995],[7.92435,49.31269],[7.92009,49.31534],[7.91794,49.31595],[7.91333,49.31637],[7.90919,49.3163],[7.90642,49.31564],[7.9021,49.31351],[7.90005,49.31299],[7.89515,49.31252],[7.89311,49.3117],[7.88719,49.31172],[7.88359,49.31317],[7.88132,49.31326],[7.87365,49.31134],[7.87126,49.31125],[7.86881,49.31303],[7.86765,49.31332],[7.86411,49.30967],[7.866,49.30726],[7.86912,49.30546],[7.87167,49.30356],[7.86972,49.30185],[7.87022,49.29941],[7.86899,49.29664],[7.86757,49.29456],[7.86737,49.29303],[7.86804,49.29069],[7.86765,49.28856],[7.86863,49.28654],[7.86866,49.28482],[7.87207,49.28311],[7.87054,49.28134],[7.86954,49.27912],[7.86793,49.27759],[7.85614,49.27232],[7.85148,49.27224],[7.84854,49.27398],[7.83707,49.27232],[7.83221,49.27012],[7.82834,49.26616],[7.8284,49.26444],[7.82955,49.2611],[7.82877,49.25939],[7.82762,49.2586],[7.82705,49.2564],[7.82697,49.25259],[7.82605,49.25083],[7.82645,49.24988],[7.82571,49.24804],[7.82655,49.24581],[7.82885,49.24575],[7.82857,49.24827],[7.83317,49.24869],[7.83386,49.25059],[7.83747,49.25326],[7.84076,49.25414],[7.84193,49.25532],[7.84919,49.25735],[7.85085,49.2562],[7.85372,49.25496],[7.85881,49.25418],[7.86583,49.25279],[7.86758,49.25271],[7.87133,49.25189],[7.8733,49.25051],[7.8775,49.24966],[7.87863,49.24901],[7.88101,49.24661],[7.88181,49.24491],[7.88511,49.24405],[7.88783,49.24418],[7.89151,49.24346],[7.89343,49.24222],[7.89831,49.24154],[7.90006,49.24208],[7.90049,49.2446],[7.91212,49.24563],[7.91592,49.24467],[7.92027,49.24588],[7.92813,49.24463],[7.93153,49.24541],[7.93447,49.24532],[7.93528,49.24667],[7.93958,49.24875],[7.94455,49.25147],[7.94563,49.25299],[7.95024,49.25673],[7.9542,49.25676],[7.95662,49.25881],[7.96395,49.25911],[7.96797,49.26269],[7.97217,49.26413],[7.975,49.26349],[7.97781,49.26516],[7.97976,49.26425],[7.98224,49.2668],[7.98551,49.26597],[7.98819,49.27085],[7.98703,49.27457],[7.98446,49.27676],[7.98435,49.27834],[7.9865,49.28043],[7.98697,49.28382],[7.99147,49.28255],[7.99484,49.28195],[7.99865,49.28069],[8.00237,49.28115],[8.00458,49.27979],[8.00735,49.2793],[8.00901,49.27844],[8.00599,49.2741],[8.00862,49.27366],[8.00943,49.2752],[8.0117,49.2768],[8.01437,49.27766],[8.01602,49.27725],[8.01703,49.27859],[8.01411,49.27942],[8.01452,49.28033],[8.01812,49.28093],[8.02005,49.28259],[8.02233,49.28228],[8.02482,49.28133],[8.02665,49.27977],[8.02864,49.2767],[8.03201,49.2743],[8.04376,49.27115],[8.04096,49.26959],[8.03348,49.26984],[8.02985,49.26914],[8.02809,49.27024],[8.02484,49.27112],[8.02161,49.26889],[8.02188,49.2678],[8.02067,49.263],[8.01803,49.26176],[8.01592,49.26169],[8.01832,49.25917],[8.02322,49.25819],[8.02396,49.25715],[8.02408,49.25567],[8.01904,49.25446],[8.01482,49.25499],[8.01414,49.25383],[8.0167,49.25238],[8.01713,49.25112],[8.02179,49.25152],[8.02434,49.24604],[8.0205,49.24249],[8.01717,49.24233],[8.01496,49.2409],[8.01208,49.2359],[8.01036,49.2352],[8.00851,49.23609],[8.00506,49.2354],[8.00397,49.23383],[7.99877,49.23086],[7.99677,49.23064],[7.99493,49.23217],[7.991,49.23374],[7.9868,49.23172],[7.98813,49.23038],[7.98843,49.229],[7.9895,49.22807],[7.98619,49.22774],[7.9833,49.22675],[7.98161,49.22671],[7.97907,49.22934],[7.97824,49.23115],[7.97701,49.23243],[7.97549,49.23263],[7.97225,49.2313],[7.97022,49.23318],[7.96485,49.23342],[7.96015,49.23332],[7.95969,49.23171],[7.96159,49.2306],[7.96053,49.22983],[7.95509,49.23286],[7.95018,49.23249],[7.94866,49.23085],[7.95034,49.22888],[7.94882,49.22616],[7.95098,49.22313],[7.95063,49.22211],[7.94773,49.21991],[7.94414,49.22119],[7.94163,49.22118],[7.93893,49.2182],[7.92872,49.2136],[7.92733,49.21233],[7.92158,49.21226],[7.91797,49.21112],[7.92303,49.20404],[7.92803,49.1997],[7.93286,49.20203],[7.9426,49.1955],[7.94496,49.19376],[7.94635,49.19215],[7.94769,49.19154],[7.94933,49.18916],[7.94936,49.18684],[7.95096,49.18581],[7.95618,49.18544],[7.95992,49.18591],[7.96217,49.18675],[7.96432,49.18865],[7.96623,49.18873],[7.9721,49.18792],[7.97291,49.18662],[7.97468,49.18495],[7.97739,49.1833],[7.98173,49.18348],[7.98212,49.18257],[7.97755,49.18126],[7.97717,49.1803],[7.97389,49.1784],[7.97419,49.17702],[7.97532,49.17603],[7.97451,49.17495],[7.97509,49.17312],[7.97901,49.17425],[7.98455,49.17414],[7.9851,49.17253],[7.98779,49.17053],[7.99137,49.16952],[7.99409,49.17064],[7.99461,49.17205],[8.00127,49.17367],[7.99884,49.1709],[7.99897,49.16818],[7.99842,49.16717],[8.00161,49.16635],[8.0016,49.1673],[8.00376,49.16769],[8.00465,49.16648],[8.00697,49.16445],[8.01137,49.16357],[8.01178,49.16262],[8.01151,49.16095],[8.01053,49.15916],[8.00946,49.15955],[8.00596,49.15865],[8.00589,49.15807],[8.00758,49.15685],[8.00986,49.15578],[8.00851,49.15392],[8.00694,49.1543],[8.00399,49.15626],[8.00245,49.1582],[8.00057,49.15877],[7.99357,49.15741],[7.9908,49.15623],[7.9873,49.15637],[7.98377,49.15602],[7.98248,49.15535],[7.98178,49.15357],[7.98182,49.15202],[7.98253,49.15033],[7.98464,49.14749],[7.98399,49.14579],[7.98275,49.14424],[7.97864,49.14463],[7.9774,49.14543],[7.97323,49.14527],[7.97184,49.14488],[7.96985,49.14318],[7.96625,49.14111],[7.96573,49.13997],[7.95988,49.1392],[7.96044,49.13593],[7.95652,49.13232],[7.95727,49.13157],[7.95517,49.13104],[7.95423,49.13177],[7.95123,49.13195],[7.95105,49.13016],[7.95003,49.12916],[7.94666,49.12734],[7.94453,49.12837],[7.94293,49.12776],[7.94172,49.12659],[7.94305,49.1258],[7.94657,49.12546],[7.94654,49.12344],[7.93814,49.12485],[7.93649,49.12389],[7.93875,49.12213],[7.94188,49.12223],[7.94394,49.12139],[7.9483,49.12167],[7.95079,49.12163],[7.95175,49.12111],[7.95442,49.12186],[7.95508,49.12105],[7.95695,49.12078],[7.95898,49.11969],[7.964,49.11937],[7.96396,49.11651],[7.96646,49.11326],[7.96583,49.11086],[7.96682,49.11003],[7.96633,49.1079],[7.96335,49.10848],[7.95882,49.1099],[7.95353,49.11077],[7.95089,49.1088],[7.94701,49.10805],[7.94737,49.10632],[7.94601,49.10621],[7.94536,49.10442],[7.9505,49.09959],[7.9482,49.09822],[7.9463,49.09809],[7.94285,49.09565],[7.94091,49.09456],[7.93885,49.09177],[7.93272,49.08986],[7.92964,49.08925],[7.92659,49.08734],[7.92456,49.08813],[7.92398,49.09029],[7.92237,49.09023],[7.91842,49.08941],[7.91626,49.0883],[7.91501,49.08842],[7.91312,49.08933],[7.91167,49.08902],[7.91091,49.08795],[7.90787,49.08734],[7.91185,49.08619],[7.91362,49.08652],[7.91532,49.08573],[7.91225,49.08413],[7.91192,49.08332],[7.90683,49.08395],[7.89921,49.08412],[7.89822,49.08606],[7.89706,49.08585],[7.89779,49.08242],[7.89738,49.0812],[7.89501,49.07784],[7.89492,49.07535],[7.89275,49.07182],[7.8912,49.07019],[7.88888,49.06835],[7.88753,49.06626],[7.88523,49.0641],[7.88484,49.06041],[7.8844,49.0592],[7.88097,49.05758],[7.88041,49.05536],[7.88105,49.05357],[7.88281,49.05223],[7.88578,49.05128],[7.88866,49.05106],[7.89239,49.04866],[7.89362,49.04955],[7.89199,49.05288],[7.89341,49.05498],[7.89504,49.05467],[7.89927,49.05603],[7.90278,49.05665],[7.908,49.04692],[7.909,49.04893],[7.91159,49.04867],[7.9117,49.04658],[7.91041,49.0441],[7.91236,49.04214],[7.91377,49.04193],[7.91311,49.04024],[7.91894,49.04151],[7.92074,49.04304],[7.92304,49.04367],[7.92434,49.04579],[7.92545,49.0468],[7.92648,49.04985],[7.92884,49.05172],[7.93116,49.05428],[7.93095,49.05668],[7.93175,49.05805],[7.93565,49.05765],[7.9402,49.05635],[7.94085,49.05439],[7.9429,49.05519],[7.94543,49.05545],[7.94593,49.05493],[7.94612,49.05177],[7.94565,49.04975],[7.94963,49.04859],[7.94902,49.0472],[7.9531,49.04613],[7.9548,49.04603],[7.95737,49.04488],[7.95686,49.04306],[7.9644,49.04288],[7.96653,49.04154],[7.96734,49.0386],[7.96685,49.0364],[7.96916,49.03554],[7.97153,49.03611],[7.97206,49.03432],[7.97351,49.03256],[7.97377,49.0315],[7.97255,49.03086],[7.97435,49.02972],[7.97453,49.02719],[7.97585,49.02669],[7.97825,49.0273],[7.98141,49.02593],[7.98331,49.02603],[7.98632,49.02743],[7.98853,49.02791],[7.98897,49.02869],[7.99094,49.02834],[7.99403,49.02899],[7.99633,49.02905],[7.99721,49.02826],[8.00056,49.02825],[8.00158,49.02707],[8.00664,49.02578],[8.00865,49.02474],[8.01029,49.02569],[8.01293,49.02424],[8.01276,49.02164],[8.01379,49.02103],[8.01777,49.02046],[8.01829,49.02147],[8.0209,49.02044],[8.02067,49.01915],[8.02281,49.01809],[8.02539,49.01849],[8.02899,49.01857],[8.03102,49.01887],[8.03149,49.01822],[8.03339,49.01835],[8.03394,49.01702],[8.0398,49.01535],[8.04205,49.01557],[8.04222,49.01483],[8.04456,49.01477],[8.04512,49.01401],[8.04678,49.0139],[8.04819,49.01439],[8.05004,49.01383],[8.05355,49.01065],[8.05526,49.01029],[8.05582,49.0087],[8.05736,49.00742],[8.06017,49.00685],[8.06191,49.00595],[8.06393,49.00553],[8.06485,49.00358],[8.06444,49.00129],[8.06592,48.99949],[8.06841,48.99932],[8.0691,49.00072],[8.0685,49.00559],[8.06639,49.00749],[8.06623,49.00939],[8.06668,49.01079],[8.07147,49.01387],[8.07239,49.01546],[8.07402,49.01687],[8.07446,49.01917],[8.07441,49.02097],[8.0736,49.02438],[8.07506,49.02729],[8.07415,49.03007],[8.07426,49.03201],[8.07645,49.03335],[8.0746,49.03746],[8.07451,49.04096],[8.0734,49.04317],[8.07143,49.04855],[8.07151,49.05044],[8.06984,49.05418],[8.07061,49.05454],[8.07024,49.05726],[8.06983,49.06268],[8.07189,49.06354],[8.07908,49.06495],[8.08279,49.06549],[8.08796,49.06649],[8.0898,49.06649],[8.09407,49.06586],[8.09836,49.06568],[8.10368,49.06433],[8.10705,49.0643],[8.10854,49.06187],[8.11283,49.06219],[8.11341,49.05638],[8.11745,49.05653],[8.1176,49.05485],[8.12358,49.05509],[8.13092,49.05462],[8.13857,49.05546],[8.14396,49.05485],[8.15065,49.05629],[8.15645,49.05585],[8.1598,49.05398],[8.16435,49.05547],[8.1712,49.05655],[8.1736,49.058],[8.17825,49.05899],[8.18426,49.06003],[8.18858,49.06404],[8.19435,49.06724],[8.197,49.06819],[8.20436,49.06975],[8.20422,49.07169],[8.20573,49.0722],[8.20984,49.07519],[8.21254,49.07531],[8.21562,49.07629],[8.21664,49.07786],[8.21821,49.07851],[8.22011,49.07812],[8.22407,49.07832],[8.22572,49.07964],[8.22773,49.08027],[8.2296,49.08137],[8.23073,49.08145],[8.23339,49.08044],[8.23474,49.08077],[8.23667,49.0822],[8.2414,49.08277],[8.24243,49.08373],[8.24487,49.08435],[8.24559,49.08533],[8.24746,49.0853],[8.2502,49.08607],[8.25058,49.08705],[8.25315,49.08783],[8.25496,49.08988],[8.25677,49.09042],[8.25674,49.09334],[8.25785,49.09388],[8.25888,49.09606],[8.25968,49.1018],[8.25923,49.10529],[8.25565,49.11083],[8.25294,49.10994],[8.25136,49.10674],[8.24939,49.10534],[8.24458,49.10411],[8.24397,49.10544],[8.23999,49.10496],[8.23511,49.10484],[8.23298,49.10506],[8.23149,49.10469],[8.23072,49.10555],[8.22409,49.10547],[8.22089,49.10645],[8.21629,49.10548],[8.21638,49.10208],[8.21085,49.10173],[8.20926,49.10311],[8.20456,49.10441],[8.19999,49.10351],[8.19856,49.10234],[8.19638,49.10254],[8.19467,49.10191],[8.19159,49.10328],[8.18567,49.10153],[8.18626,49.10035],[8.18357,49.10039],[8.18158,49.10106],[8.17883,49.10154],[8.17103,49.10208],[8.16945,49.10303],[8.17019,49.1046],[8.17127,49.10525],[8.17004,49.10685],[8.16728,49.10753],[8.16857,49.10889],[8.16531,49.11021],[8.16742,49.1131],[8.16795,49.11715],[8.16906,49.1169],[8.16808,49.12264],[8.17077,49.12281],[8.17047,49.12464],[8.1749,49.12533],[8.17437,49.12748],[8.17536,49.12746],[8.17736,49.12524],[8.17681,49.12342],[8.17875,49.12367],[8.17879,49.12086],[8.18222,49.12098],[8.19127,49.11931],[8.19145,49.11859],[8.18955,49.11807],[8.19043,49.11609],[8.19283,49.11494],[8.19615,49.11398],[8.19784,49.11301],[8.19809,49.11214],[8.20161,49.11083],[8.20371,49.1109],[8.20545,49.11046],[8.20861,49.11021],[8.21063,49.10906],[8.2108,49.11183],[8.20986,49.11664],[8.21489,49.11655],[8.21751,49.11604],[8.21884,49.1182],[8.22263,49.1176],[8.22269,49.11998],[8.22501,49.11972],[8.22485,49.12394],[8.22376,49.12706],[8.2256,49.12737],[8.23012,49.12398],[8.23807,49.12546],[8.24814,49.12646],[8.25305,49.12781],[8.25538,49.1277],[8.2565,49.12483],[8.26404,49.12583],[8.26314,49.12848],[8.26038,49.13313],[8.25995,49.13574],[8.25794,49.13867],[8.25701,49.14173],[8.2566,49.14447],[8.25534,49.14603],[8.25583,49.15094],[8.2639,49.15321],[8.26185,49.1601],[8.25779,49.15918],[8.25534,49.17004],[8.26024,49.17087],[8.25947,49.173],[8.26198,49.17334],[8.26265,49.1714],[8.26889,49.17265],[8.29476,49.17474],[8.29583,49.17519],[8.30607,49.17409],[8.30965,49.18201],[8.31164,49.18489],[8.3122,49.18687],[8.3137,49.18602],[8.3164,49.18525],[8.31855,49.18403],[8.32166,49.18399],[8.32139,49.18533],[8.32272,49.18602],[8.32525,49.18621],[8.32885,49.18577],[8.33509,49.18617],[8.3416,49.18567],[8.3428,49.18945],[8.34289,49.19159],[8.34412,49.19351],[8.34509,49.19602],[8.34993,49.20124],[8.34834,49.20275],[8.34477,49.20182],[8.34342,49.20316],[8.33976,49.20356],[8.34368,49.20596],[8.34284,49.20728],[8.34346,49.20905],[8.34486,49.20976],[8.34722,49.20981],[8.34945,49.21368],[8.34935,49.2169],[8.35255,49.21992],[8.35402,49.22272],[8.35861,49.2226],[8.36293,49.2229],[8.36037,49.22557],[8.36469,49.22761],[8.36322,49.22888],[8.3621,49.2311],[8.36147,49.23591],[8.35842,49.2373],[8.35819,49.23877],[8.36151,49.24301],[8.35945,49.24491],[8.35937,49.24581],[8.3577,49.24948],[8.35758,49.25192],[8.35861,49.25417],[8.36054,49.25549],[8.36391,49.25606],[8.36927,49.25535],[8.37457,49.25128],[8.38186,49.24436],[8.38467,49.24301],[8.39144,49.24183],[8.39747,49.24197],[8.40069,49.24416],[8.40708,49.2472],[8.41307,49.24982],[8.42625,49.25536],[8.43162,49.25768],[8.43602,49.25993],[8.4398,49.26235],[8.44555,49.26688],[8.44802,49.26933],[8.45405,49.27603],[8.45819,49.27911],[8.46085,49.2805],[8.46518,49.28234],[8.46931,49.28375],[8.4726,49.28453],[8.47859,49.28546],[8.48226,49.28654],[8.4858,49.28858],[8.48727,49.29003],[8.48907,49.29312],[8.48921,49.29613],[8.48888,49.29761],[8.48715,49.30165],[8.48508,49.30393],[8.4827,49.30583],[8.47811,49.30827],[8.47502,49.30932],[8.47105,49.31029],[8.46175,49.31212],[8.45857,49.31295],[8.4558,49.31421],[8.45405,49.31546],[8.45199,49.31768],[8.45127,49.31898],[8.4505,49.32171],[8.4508,49.32503],[8.45157,49.32733],[8.45263,49.32912],[8.45426,49.33095],[8.45756,49.33361],[8.46301,49.33694],[8.47092,49.34071],[8.4715,49.34522],[8.47117,49.3466],[8.46752,49.35305],[8.46715,49.35541],[8.46757,49.35694],[8.46918,49.35928],[8.47268,49.36134],[8.4761,49.36241],[8.47831,49.36272],[8.4859,49.36286],[8.4918,49.36245],[8.49126,49.36417],[8.4886,49.36543],[8.48541,49.36649],[8.48124,49.36704],[8.47665,49.36702],[8.47258,49.36629],[8.47064,49.36531],[8.46675,49.36105],[8.46381,49.36321],[8.45804,49.3648],[8.4505,49.36501],[8.44895,49.3666],[8.4448,49.36461],[8.44294,49.36186],[8.44255,49.35938],[8.44336,49.35734],[8.44582,49.35499],[8.44408,49.3537],[8.44197,49.35125],[8.43936,49.35211],[8.43708,49.35228],[8.43735,49.35531],[8.43374,49.35585],[8.4354,49.36083],[8.42989,49.36066],[8.42899,49.36648],[8.42397,49.36627],[8.42328,49.36881],[8.42254,49.37657],[8.41956,49.37554],[8.41114,49.37372],[8.40676,49.37185],[8.40828,49.36924],[8.40571,49.3682],[8.40096,49.36517],[8.39767,49.36008],[8.39362,49.35687],[8.39159,49.35487],[8.38899,49.35299],[8.38764,49.35153],[8.3837,49.35096],[8.38009,49.34771],[8.37542,49.34198],[8.38546,49.33769],[8.40305,49.33066],[8.40693,49.32885],[8.40734,49.32545],[8.40302,49.324],[8.40345,49.32241],[8.40134,49.32158],[8.40137,49.32068],[8.39966,49.31969],[8.4016,49.31641],[8.40444,49.31269],[8.40352,49.30534],[8.39251,49.30271],[8.39294,49.30205],[8.37338,49.29761],[8.37474,49.29521],[8.3726,49.29465],[8.37405,49.29212],[8.36954,49.29051],[8.36266,49.28551],[8.35714,49.28252],[8.35633,49.28355],[8.3536,49.28271],[8.34953,49.28784],[8.34759,49.2874],[8.34775,49.28884],[8.34397,49.28876],[8.33886,49.2904],[8.33908,49.29156],[8.33184,49.29263],[8.32979,49.29259],[8.3272,49.29774],[8.32449,49.29719],[8.32144,49.29699],[8.31965,49.29726],[8.31724,49.29624],[8.31423,49.29831],[8.31841,49.29967],[8.32432,49.30045],[8.31741,49.30812],[8.31736,49.31094],[8.31443,49.31145],[8.31455,49.31491],[8.3174,49.31513],[8.31741,49.31612],[8.32584,49.31971],[8.32903,49.31964],[8.3331,49.32056],[8.3431,49.32986],[8.35189,49.33322],[8.35114,49.33454],[8.35238,49.33526],[8.3546,49.33358],[8.36262,49.33635],[8.36129,49.33817],[8.36301,49.33869],[8.36219,49.34004],[8.36603,49.34259],[8.3719,49.34508],[8.37585,49.34449],[8.37866,49.34733],[8.37968,49.34945],[8.37314,49.34996],[8.3625,49.3474],[8.36079,49.34881],[8.35278,49.35607],[8.35227,49.3596],[8.34905,49.36379],[8.35345,49.36816],[8.34959,49.37132],[8.34648,49.37459],[8.34154,49.37355],[8.33783,49.38033],[8.32687,49.39552],[8.33335,49.39796],[8.33413,49.39672],[8.34161,49.39869],[8.34948,49.40248],[8.35578,49.40675],[8.35444,49.40774],[8.35649,49.40888],[8.35547,49.41025],[8.35167,49.41262],[8.34881,49.41708],[8.34435,49.42178],[8.3397,49.42403],[8.33967,49.4231],[8.33554,49.42226],[8.334,49.4239],[8.33034,49.42935],[8.32872,49.42997],[8.32532,49.42917],[8.32085,49.43217],[8.31547,49.43771],[8.3122,49.44068],[8.31146,49.44351],[8.31016,49.44489],[8.30991,49.44726],[8.30863,49.45048],[8.30759,49.45148],[8.30734,49.45307],[8.31877,49.45517],[8.32043,49.45439],[8.31905,49.45911],[8.31808,49.45907],[8.31668,49.46147],[8.31164,49.46013],[8.30967,49.46407],[8.3057,49.4728],[8.29602,49.47164],[8.28804,49.47051],[8.28361,49.47032],[8.28205,49.4728],[8.28038,49.47472],[8.27622,49.47864],[8.27119,49.47876],[8.26375,49.47915],[8.26014,49.47884],[8.2567,49.4782],[8.25436,49.47746],[8.25286,49.47882],[8.25087,49.47992],[8.25265,49.48069],[8.24946,49.48292],[8.24777,49.48601],[8.25443,49.48911],[8.25299,49.49095],[8.24639,49.48996],[8.24189,49.48944],[8.23942,49.48893],[8.23879,49.49208],[8.24509,49.49217],[8.2473,49.49282],[8.24909,49.49402],[8.25292,49.49388],[8.2534,49.49293],[8.25546,49.49275],[8.25709,49.49318],[8.26189,49.49503],[8.26548,49.49668],[8.27057,49.49821],[8.27093,49.49651],[8.26867,49.49551],[8.28343,49.49849],[8.28492,49.4985],[8.29142,49.49968],[8.29924,49.50049],[8.30267,49.50242],[8.30872,49.50195],[8.30874,49.50608],[8.3123,49.50613],[8.31364,49.50651],[8.31315,49.51752],[8.30967,49.51861],[8.30867,49.51942],[8.30829,49.52076],[8.30936,49.52303],[8.312,49.52416],[8.3148,49.52476],[8.31511,49.52756],[8.31056,49.52907],[8.31202,49.53327],[8.31735,49.53294],[8.31777,49.53405],[8.31907,49.53382],[8.32148,49.53579],[8.32309,49.53661],[8.32233,49.53942],[8.31988,49.54008],[8.32016,49.54126],[8.31484,49.54447],[8.31367,49.5455],[8.31286,49.54976],[8.31001,49.55524],[8.30774,49.55534],[8.30872,49.55703],[8.30772,49.55884],[8.3114,49.55991],[8.31543,49.56237],[8.31749,49.56448],[8.31722,49.56794],[8.31755,49.57086],[8.31882,49.57276],[8.321,49.57471],[8.32281,49.57706],[8.3232,49.57812],[8.32342,49.58137],[8.32463,49.58217],[8.32882,49.58264],[8.33141,49.58246],[8.33267,49.58286],[8.33405,49.58135],[8.33792,49.58158],[8.33876,49.56608],[8.3426,49.56639],[8.34257,49.55815],[8.35053,49.55869],[8.35058,49.56066],[8.3565,49.56115],[8.355,49.56497],[8.3546,49.56796],[8.35636,49.56823],[8.35618,49.56934],[8.35889,49.56936],[8.35766,49.57107],[8.36083,49.57134],[8.363,49.5697],[8.36929,49.56959],[8.37682,49.56547],[8.38594,49.5654],[8.38386,49.56809],[8.38146,49.56958],[8.38553,49.57043],[8.39235,49.57518],[8.40138,49.57475],[8.40215,49.57598],[8.40404,49.5758],[8.40425,49.57857],[8.40476,49.57911],[8.40093,49.5809],[8.40205,49.58243],[8.40606,49.58095],[8.40672,49.58179],[8.41353,49.57689],[8.41495,49.57523],[8.4172,49.5757],[8.41923,49.5754],[8.4227,49.57419],[8.4239,49.57784],[8.42387,49.57974],[8.42244,49.58339],[8.41477,49.59505],[8.40685,49.59356],[8.40518,49.59367],[8.40207,49.5985],[8.39857,49.59936],[8.39632,49.59813],[8.3931,49.60083],[8.39062,49.60207],[8.38648,49.60365],[8.38436,49.60285],[8.37826,49.60511],[8.37471,49.60407],[8.37366,49.60444],[8.37273,49.60282],[8.36912,49.60418],[8.36697,49.60305],[8.36252,49.60218],[8.36131,49.60389],[8.36115,49.60652],[8.35678,49.60667],[8.35548,49.60722],[8.35199,49.60762],[8.35148,49.60633],[8.34967,49.60641],[8.34297,49.59508],[8.33764,49.59722],[8.33582,49.5985],[8.33136,49.60018],[8.3284,49.59749],[8.32267,49.59469],[8.31547,49.59367],[8.31166,49.5933],[8.30729,49.59232],[8.29743,49.59107],[8.29412,49.59034],[8.28746,49.58943],[8.28802,49.58784],[8.28312,49.58693],[8.27804,49.5868],[8.27744,49.58778],[8.26798,49.58638],[8.266,49.58685],[8.26387,49.58673],[8.26329,49.58879],[8.25706,49.58827],[8.2562,49.59126],[8.25386,49.59087],[8.25347,49.59185],[8.25034,49.59097],[8.24964,49.59015],[8.24742,49.59063],[8.24105,49.58998],[8.23303,49.58807],[8.23079,49.59153],[8.22927,49.59115],[8.22684,49.59463],[8.22421,49.59746],[8.22363,49.59858],[8.22889,49.60064],[8.22518,49.60403],[8.22298,49.6034],[8.2202,49.60757],[8.21891,49.61004],[8.2118,49.61069],[8.21035,49.61276],[8.20898,49.6124],[8.20693,49.61614],[8.20805,49.61641],[8.20718,49.61779],[8.20874,49.61823],[8.20797,49.61952],[8.20698,49.61935],[8.20648,49.62117],[8.2052,49.62154],[8.20055,49.62101],[8.19995,49.62252],[8.19758,49.62248],[8.19745,49.62434],[8.19243,49.62416],[8.19143,49.62761],[8.18893,49.6278],[8.18373,49.62749],[8.18328,49.62885],[8.17937,49.62766],[8.17528,49.62726],[8.17034,49.62623],[8.1671,49.62531],[8.16415,49.62389],[8.16138,49.6235],[8.16086,49.6243],[8.1541,49.62299],[8.15238,49.62687],[8.15291,49.63005],[8.1564,49.63886],[8.15762,49.64108],[8.16104,49.64058],[8.16102,49.64304],[8.15841,49.64371],[8.15829,49.64446],[8.15568,49.64398],[8.15641,49.64749],[8.15819,49.6473],[8.15784,49.64987],[8.15639,49.65467],[8.1545,49.65808],[8.15203,49.65755],[8.15024,49.66124],[8.14568,49.66099],[8.13241,49.6735],[8.12087,49.67069],[8.11719,49.67834],[8.11935,49.67928],[8.11849,49.68117],[8.11103,49.67829],[8.10917,49.68143],[8.11034,49.6817],[8.10853,49.68565],[8.10381,49.69285],[8.0985,49.69145],[8.09977,49.68953],[8.08383,49.68385],[8.07964,49.683],[8.08009,49.68229],[8.07356,49.68224],[8.06189,49.68183],[8.05476,49.68028],[8.05048,49.68878],[8.04737,49.68914],[8.0464,49.68834],[8.04323,49.68831],[8.03814,49.69028],[8.03968,49.69232],[8.04252,49.69517],[8.04466,49.69614],[8.05079,49.6982],[8.05711,49.69929],[8.05125,49.70214],[8.04953,49.7016],[8.04748,49.70371],[8.04455,49.70241],[8.04294,49.70428],[8.03983,49.70313],[8.03832,49.70568],[8.03396,49.70755],[8.032,49.70655],[8.03044,49.70665],[8.028,49.70792],[8.02329,49.70812],[8.02319,49.70911],[8.01906,49.70834],[8.01848,49.71089],[8.01536,49.70948],[8.01185,49.70757],[8.00889,49.70693],[8.00293,49.70349],[8.00581,49.70097],[8.00822,49.69767],[8.00687,49.69738],[8.00887,49.6948],[8.00513,49.69356],[8.00705,49.68716],[8.00616,49.68294],[7.99822,49.68173],[7.99346,49.68155],[7.99139,49.67773],[7.98838,49.67498],[7.98204,49.67432],[7.97763,49.67339],[7.97502,49.67311],[7.97595,49.67467],[7.9754,49.67656],[7.97555,49.67885],[7.97492,49.68045],[7.97085,49.68447],[7.97038,49.68582],[7.96803,49.68718],[7.96523,49.68626],[7.96369,49.68877],[7.96062,49.68984],[7.96565,49.69117],[7.96049,49.69231],[7.95043,49.69062],[7.94205,49.68402],[7.93864,49.68333],[7.93546,49.67971],[7.93285,49.67776],[7.93202,49.67492],[7.92822,49.67236],[7.92784,49.67142],[7.92595,49.66985],[7.92715,49.66828],[7.92926,49.6688],[7.93023,49.66761],[7.9343,49.6669],[7.94333,49.66686],[7.94723,49.66873],[7.95018,49.66808],[7.94742,49.66601],[7.9461,49.66459],[7.94443,49.66209],[7.94158,49.6603],[7.93853,49.65909],[7.93676,49.65789],[7.93464,49.65734],[7.93149,49.65729],[7.92212,49.65644],[7.91859,49.65477],[7.91272,49.65485],[7.90912,49.6531],[7.90921,49.65228],[7.91119,49.65016],[7.91312,49.64913],[7.90956,49.64626],[7.91049,49.64245]]],[[[8.04412,49.49805],[8.03775,49.49166],[8.04313,49.48936],[8.04704,49.48995],[8.04944,49.49099],[8.05192,49.49928],[8.04833,49.49939],[8.04412,49.49805]]]]},"properties":{"idApp":923011,"aopId":"pfalz","name":"Pfalz","nameJa":"プファルツ","kind":"regional","tags":[],"rank":0},"bbox":[7.82571,48.99932,8.4918,49.71089]},{"type":"Feature","geometry":{"type":"Polygon","coordinates":[[[7.91748,49.7433],[7.91897,49.74202],[7.92158,49.74258],[7.92881,49.74913],[7.93129,49.75054],[7.93738,49.75362],[7.94079,49.75464],[7.94861,49.75575],[7.94885,49.7516],[7.9497,49.75027],[7.94853,49.74922],[7.95054,49.74754],[7.94865,49.7459],[7.93995,49.74179],[7.93767,49.73991],[7.93539,49.73863],[7.93517,49.73645],[7.93605,49.73514],[7.94109,49.73803],[7.94229,49.74019],[7.94371,49.7396],[7.94264,49.7386],[7.94399,49.7365],[7.94181,49.73314],[7.9414,49.7313],[7.94602,49.7293],[7.95349,49.73051],[7.95549,49.72932],[7.96445,49.72756],[7.97053,49.72087],[7.97115,49.71959],[7.97089,49.71787],[7.97218,49.71755],[7.97589,49.71793],[7.97308,49.71659],[7.97031,49.71665],[7.96716,49.71839],[7.9644,49.7173],[7.96222,49.71421],[7.96453,49.71272],[7.96516,49.71192],[7.96237,49.70959],[7.96114,49.70809],[7.96022,49.70325],[7.96032,49.70173],[7.96619,49.70031],[7.96906,49.70025],[7.96904,49.69947],[7.96578,49.69901],[7.97317,49.69767],[7.97674,49.69781],[7.98209,49.6973],[7.98447,49.69731],[7.98622,49.69683],[7.99053,49.6983],[7.99455,49.69893],[7.99672,49.70048],[8.00293,49.70349],[8.00889,49.70693],[8.01185,49.70757],[8.01536,49.70948],[8.01848,49.71089],[8.01906,49.70834],[8.02319,49.70911],[8.02329,49.70812],[8.028,49.70792],[8.03044,49.70665],[8.032,49.70655],[8.03396,49.70755],[8.03832,49.70568],[8.03983,49.70313],[8.04294,49.70428],[8.04455,49.70241],[8.04748,49.70371],[8.04953,49.7016],[8.05125,49.70214],[8.05711,49.69929],[8.05933,49.69513],[8.07333,49.698],[8.07592,49.69842],[8.07653,49.69642],[8.08084,49.69686],[8.081,49.69579],[8.08471,49.69656],[8.08519,49.69554],[8.08962,49.69658],[8.09058,49.69523],[8.09813,49.69765],[8.10236,49.69828],[8.10565,49.69336],[8.10381,49.69285],[8.10853,49.68565],[8.11034,49.6817],[8.10917,49.68143],[8.11103,49.67829],[8.11849,49.68117],[8.11935,49.67928],[8.11719,49.67834],[8.12087,49.67069],[8.13241,49.6735],[8.14568,49.66099],[8.15024,49.66124],[8.15203,49.65755],[8.1545,49.65808],[8.15639,49.65467],[8.15784,49.64987],[8.15819,49.6473],[8.15641,49.64749],[8.15568,49.64398],[8.15829,49.64446],[8.15841,49.64371],[8.16102,49.64304],[8.16104,49.64058],[8.15762,49.64108],[8.1564,49.63886],[8.15291,49.63005],[8.15238,49.62687],[8.1541,49.62299],[8.16086,49.6243],[8.16138,49.6235],[8.16415,49.62389],[8.1671,49.62531],[8.17034,49.62623],[8.17528,49.62726],[8.17937,49.62766],[8.18328,49.62885],[8.18373,49.62749],[8.18893,49.6278],[8.19143,49.62761],[8.19243,49.62416],[8.19745,49.62434],[8.19758,49.62248],[8.19995,49.62252],[8.20055,49.62101],[8.2052,49.62154],[8.20648,49.62117],[8.20698,49.61935],[8.20797,49.61952],[8.20874,49.61823],[8.20718,49.61779],[8.20805,49.61641],[8.20693,49.61614],[8.20898,49.6124],[8.21035,49.61276],[8.2118,49.61069],[8.21891,49.61004],[8.2202,49.60757],[8.22298,49.6034],[8.22518,49.60403],[8.22889,49.60064],[8.22363,49.59858],[8.22421,49.59746],[8.22684,49.59463],[8.22927,49.59115],[8.23079,49.59153],[8.23303,49.58807],[8.24105,49.58998],[8.24742,49.59063],[8.24964,49.59015],[8.25034,49.59097],[8.25347,49.59185],[8.25386,49.59087],[8.2562,49.59126],[8.25706,49.58827],[8.26329,49.58879],[8.26387,49.58673],[8.266,49.58685],[8.26798,49.58638],[8.27744,49.58778],[8.27804,49.5868],[8.28312,49.58693],[8.28802,49.58784],[8.28746,49.58943],[8.29412,49.59034],[8.29743,49.59107],[8.30729,49.59232],[8.31166,49.5933],[8.31547,49.59367],[8.32267,49.59469],[8.3284,49.59749],[8.33136,49.60018],[8.33582,49.5985],[8.33764,49.59722],[8.34297,49.59508],[8.34967,49.60641],[8.35148,49.60633],[8.35199,49.60762],[8.35548,49.60722],[8.35678,49.60667],[8.36115,49.60652],[8.36131,49.60389],[8.36252,49.60218],[8.36697,49.60305],[8.36912,49.60418],[8.37273,49.60282],[8.37366,49.60444],[8.37471,49.60407],[8.37826,49.60511],[8.38436,49.60285],[8.38648,49.60365],[8.39062,49.60207],[8.3931,49.60083],[8.39632,49.59813],[8.39857,49.59936],[8.40207,49.5985],[8.40518,49.59367],[8.40685,49.59356],[8.41477,49.59505],[8.41347,49.59724],[8.41224,49.6005],[8.41053,49.60342],[8.4078,49.60633],[8.40414,49.60901],[8.39606,49.61315],[8.39285,49.61528],[8.3912,49.61694],[8.38775,49.62138],[8.38601,49.6221],[8.38339,49.62519],[8.38083,49.6293],[8.37939,49.63227],[8.37793,49.63601],[8.37576,49.6408],[8.37441,49.64531],[8.3723,49.65304],[8.36963,49.65917],[8.36309,49.66628],[8.35949,49.67281],[8.35649,49.67799],[8.3561,49.67972],[8.35616,49.68289],[8.35692,49.69088],[8.35727,49.69214],[8.35982,49.69595],[8.36336,49.69864],[8.36529,49.69975],[8.36926,49.70156],[8.375,49.70449],[8.38152,49.70704],[8.38829,49.70928],[8.39471,49.71085],[8.4093,49.71359],[8.41933,49.71516],[8.42763,49.71745],[8.43073,49.71856],[8.43596,49.72099],[8.43821,49.72232],[8.44118,49.72486],[8.44514,49.7292],[8.44638,49.7308],[8.44439,49.73157],[8.44183,49.73199],[8.43846,49.73145],[8.42353,49.72653],[8.42215,49.72627],[8.41988,49.72765],[8.41699,49.72898],[8.40958,49.73197],[8.40777,49.73472],[8.41213,49.73455],[8.41713,49.73475],[8.42519,49.73539],[8.42457,49.73602],[8.42994,49.73655],[8.43391,49.74256],[8.43385,49.74603],[8.44156,49.74777],[8.44138,49.74942],[8.44666,49.74961],[8.44669,49.75138],[8.45126,49.75147],[8.4512,49.75225],[8.45582,49.75578],[8.45806,49.76059],[8.44319,49.7641],[8.4431,49.76572],[8.43898,49.76571],[8.43266,49.76597],[8.4292,49.76645],[8.42415,49.76792],[8.42071,49.76983],[8.41755,49.77246],[8.41488,49.77583],[8.41421,49.77712],[8.41366,49.77971],[8.41355,49.7821],[8.41207,49.78671],[8.40829,49.79352],[8.40337,49.80001],[8.40006,49.80367],[8.39351,49.80998],[8.38554,49.81651],[8.38259,49.81904],[8.37961,49.82256],[8.37845,49.82482],[8.37774,49.82886],[8.3784,49.83325],[8.37953,49.83605],[8.38356,49.8441],[8.3851,49.84822],[8.38538,49.8509],[8.38433,49.85455],[8.38279,49.85672],[8.37998,49.85898],[8.37726,49.8605],[8.37456,49.86162],[8.37035,49.86277],[8.36325,49.86338],[8.36063,49.86374],[8.35752,49.8649],[8.35272,49.86881],[8.34652,49.87482],[8.34401,49.88011],[8.34277,49.8844],[8.34258,49.88859],[8.34356,49.89287],[8.34425,49.89498],[8.34559,49.8977],[8.34901,49.90224],[8.35238,49.90592],[8.35362,49.90828],[8.35472,49.91321],[8.3546,49.91584],[8.35344,49.92002],[8.35165,49.92344],[8.34776,49.93023],[8.34303,49.94051],[8.34277,49.94165],[8.34216,49.94904],[8.34096,49.95108],[8.3345,49.9607],[8.32944,49.96672],[8.32528,49.97099],[8.32234,49.97359],[8.30772,49.98411],[8.29661,49.98993],[8.29021,49.99352],[8.28824,49.99513],[8.28559,49.99702],[8.27756,50.00536],[8.27235,50.0103],[8.26455,50.0157],[8.25482,50.02156],[8.24456,50.02763],[8.2364,50.03013],[8.23269,50.031],[8.22947,50.03142],[8.2222,50.03171],[8.21813,50.03203],[8.21453,50.03253],[8.20536,50.03413],[8.19645,50.03499],[8.18635,50.03554],[8.18095,50.03521],[8.17514,50.03426],[8.16483,50.03182],[8.15197,50.02804],[8.14496,50.02641],[8.13149,50.02474],[8.12845,50.02398],[8.11143,50.01893],[8.10736,50.01727],[8.09943,50.01316],[8.09318,50.01071],[8.07957,50.0069],[8.07252,50.00592],[8.05434,50.00513],[8.05008,50.00487],[8.04599,50.00435],[8.03636,50.00231],[8.03027,50.00015],[8.00584,49.99014],[8.00426,49.98957],[7.99295,49.98619],[7.97638,49.98039],[7.9713,49.97866],[7.9674,49.97777],[7.95739,49.97697],[7.95212,49.97623],[7.94694,49.97503],[7.94296,49.97483],[7.93953,49.97408],[7.93659,49.97385],[7.93328,49.9745],[7.92607,49.97456],[7.92104,49.97437],[7.88726,49.97184],[7.87806,49.97313],[7.87223,49.97571],[7.86804,49.97868],[7.86373,49.97657],[7.86644,49.97447],[7.87147,49.97237],[7.86941,49.97066],[7.87662,49.96874],[7.87568,49.96764],[7.8739,49.96743],[7.87523,49.96409],[7.87695,49.96338],[7.8766,49.96163],[7.88178,49.96209],[7.88259,49.96037],[7.88157,49.95997],[7.88323,49.95811],[7.88642,49.959],[7.88848,49.95615],[7.89598,49.9575],[7.89886,49.95379],[7.89926,49.95153],[7.89885,49.94434],[7.89947,49.94277],[7.90304,49.94059],[7.90253,49.93879],[7.90031,49.93595],[7.89931,49.93396],[7.89824,49.9305],[7.89817,49.92944],[7.89891,49.9232],[7.89814,49.92089],[7.89874,49.91982],[7.90072,49.91831],[7.9013,49.91672],[7.90309,49.91476],[7.9049,49.914],[7.91014,49.91229],[7.91068,49.91036],[7.908,49.90752],[7.90789,49.90635],[7.90863,49.90505],[7.9101,49.90419],[7.9126,49.9038],[7.91385,49.9026],[7.91384,49.90036],[7.91455,49.89709],[7.91676,49.89331],[7.91729,49.88898],[7.91821,49.88669],[7.9201,49.88454],[7.92041,49.88299],[7.91941,49.88179],[7.93052,49.88085],[7.93483,49.87857],[7.9335,49.87764],[7.93452,49.87708],[7.93295,49.876],[7.93264,49.87413],[7.92775,49.87133],[7.92925,49.86983],[7.92809,49.86815],[7.93097,49.86336],[7.94013,49.8629],[7.94472,49.86421],[7.94859,49.86437],[7.95122,49.86518],[7.95459,49.86251],[7.95127,49.86142],[7.94632,49.86114],[7.94313,49.86055],[7.93851,49.8607],[7.93515,49.85889],[7.93352,49.85769],[7.93136,49.85732],[7.92968,49.85663],[7.93032,49.85557],[7.93273,49.85531],[7.93344,49.85059],[7.93325,49.84868],[7.93362,49.84205],[7.9344,49.83958],[7.9358,49.83829],[7.92759,49.83368],[7.92556,49.83238],[7.92454,49.8326],[7.91276,49.83822],[7.9023,49.83669],[7.89999,49.83852],[7.89157,49.8296],[7.8855,49.8254],[7.88711,49.82442],[7.88314,49.82119],[7.88344,49.8186],[7.88565,49.81533],[7.88351,49.81451],[7.88422,49.8134],[7.88776,49.81041],[7.89234,49.81177],[7.89448,49.80898],[7.88802,49.80714],[7.87199,49.80526],[7.86431,49.79764],[7.86444,49.79285],[7.87083,49.78764],[7.8688,49.78397],[7.86414,49.78126],[7.86247,49.78053],[7.86168,49.77911],[7.85956,49.77855],[7.85939,49.77527],[7.85821,49.77419],[7.85509,49.77233],[7.85672,49.76988],[7.85991,49.76575],[7.86195,49.76579],[7.86397,49.76269],[7.86669,49.7599],[7.86795,49.75709],[7.87005,49.75599],[7.87396,49.75711],[7.88262,49.75811],[7.88733,49.75804],[7.89589,49.7606],[7.89786,49.76197],[7.89973,49.76204],[7.89978,49.76124],[7.8977,49.76012],[7.89707,49.75893],[7.89875,49.75801],[7.8977,49.75728],[7.89983,49.75518],[7.90159,49.75257],[7.90406,49.75325],[7.90544,49.75226],[7.90461,49.75053],[7.90553,49.74931],[7.91236,49.74653],[7.91748,49.7433]]]},"properties":{"idApp":923010,"aopId":"rheinhessen","name":"Rheinhessen","nameJa":"ラインヘッセン","kind":"regional","tags":[],"rank":0},"bbox":[7.85509,49.58638,8.45806,50.03554]},{"type":"Feature","geometry":{"type":"MultiPolygon","coordinates":[[[[7.45889,50.19882],[7.46267,50.19709],[7.46234,50.19565],[7.463,50.1934],[7.46374,50.19283],[7.46418,50.19119],[7.46628,50.19099],[7.46661,50.18861],[7.46914,50.18752],[7.4692,50.18667],[7.47163,50.18499],[7.47612,50.18354],[7.47786,50.184],[7.48264,50.18375],[7.48396,50.18295],[7.48562,50.18289],[7.48872,50.18407],[7.48851,50.18483],[7.49197,50.18639],[7.49417,50.18785],[7.49687,50.18806],[7.49918,50.18969],[7.50195,50.19041],[7.5029,50.1918],[7.50723,50.19213],[7.511,50.19117],[7.51213,50.19016],[7.51418,50.19133],[7.51626,50.19164],[7.51617,50.19306],[7.51699,50.19401],[7.52146,50.19465],[7.52375,50.19523],[7.52573,50.19656],[7.52793,50.19606],[7.53014,50.19889],[7.53256,50.19942],[7.5345,50.20045],[7.53637,50.20197],[7.53802,50.20229],[7.53765,50.20513],[7.54356,50.20902],[7.54574,50.20975],[7.54776,50.21157],[7.55668,50.20795],[7.56233,50.20442],[7.56381,50.20373],[7.56918,50.20365],[7.57285,50.20239],[7.57555,50.1989],[7.58385,50.19754],[7.5868,50.19633],[7.58978,50.19245],[7.59108,50.19159],[7.59086,50.19075],[7.59413,50.18436],[7.59513,50.18362],[7.5909,50.18001],[7.59157,50.17802],[7.58972,50.17364],[7.59275,50.16979],[7.60147,50.16795],[7.60298,50.16413],[7.60641,50.1634],[7.61875,50.1657],[7.62413,50.16551],[7.62698,50.16658],[7.62818,50.16608],[7.63284,50.16574],[7.63453,50.16603],[7.63423,50.16415],[7.63492,50.16291],[7.63634,50.16247],[7.63899,50.16062],[7.63885,50.15948],[7.64141,50.15933],[7.64378,50.15756],[7.64823,50.15659],[7.64965,50.15499],[7.65293,50.15368],[7.65628,50.15094],[7.65724,50.14989],[7.65782,50.14589],[7.65856,50.14294],[7.65468,50.14265],[7.65177,50.14284],[7.64806,50.14176],[7.64029,50.14096],[7.63762,50.13927],[7.63588,50.13861],[7.63775,50.13791],[7.64082,50.13739],[7.64005,50.13639],[7.64127,50.13563],[7.64302,50.1359],[7.6439,50.13436],[7.64614,50.13314],[7.64824,50.13351],[7.65024,50.13454],[7.65208,50.13386],[7.64921,50.13219],[7.64675,50.12987],[7.64288,50.12837],[7.64178,50.12685],[7.64165,50.12495],[7.63723,50.12031],[7.64005,50.12017],[7.64125,50.11885],[7.64412,50.11887],[7.64637,50.11988],[7.65247,50.12154],[7.65415,50.12169],[7.65566,50.11967],[7.65204,50.1178],[7.64984,50.11707],[7.64751,50.11533],[7.64551,50.11499],[7.64019,50.11578],[7.63859,50.11726],[7.6377,50.11669],[7.6181,50.11042],[7.60056,50.10243],[7.59759,50.10088],[7.60339,50.09885],[7.6069,50.09537],[7.62445,50.08505],[7.62663,50.08513],[7.62505,50.08659],[7.63012,50.08834],[7.63142,50.08767],[7.63355,50.08823],[7.63363,50.08912],[7.63858,50.08991],[7.63937,50.09091],[7.6409,50.09165],[7.64569,50.09242],[7.64884,50.09204],[7.65159,50.09006],[7.65475,50.09072],[7.656,50.09158],[7.65857,50.09058],[7.65617,50.08907],[7.65145,50.08739],[7.65313,50.08623],[7.65328,50.08492],[7.65535,50.0848],[7.65672,50.08609],[7.66149,50.08848],[7.66382,50.08539],[7.66337,50.0847],[7.66439,50.08264],[7.66616,50.08201],[7.66495,50.08003],[7.66598,50.07905],[7.66606,50.07713],[7.66393,50.07539],[7.6599,50.0735],[7.65716,50.07169],[7.65465,50.07097],[7.65528,50.0696],[7.64879,50.07116],[7.64457,50.06484],[7.63371,50.06429],[7.63832,50.04838],[7.63915,50.04673],[7.65824,50.03619],[7.66641,50.03185],[7.66722,50.03116],[7.67372,50.03078],[7.68293,50.02862],[7.68477,50.03017],[7.68518,50.03147],[7.69162,50.03213],[7.69496,50.03002],[7.69289,50.02966],[7.69084,50.02512],[7.69519,50.02292],[7.69507,50.02138],[7.6969,50.01784],[7.69668,50.01705],[7.69899,50.01637],[7.70004,50.01532],[7.69973,50.01284],[7.70096,50.01298],[7.7026,50.01143],[7.70934,50.0089],[7.71455,50.01005],[7.71585,50.0093],[7.71724,50.00593],[7.7255,50.00248],[7.72791,50.00331],[7.72968,50.00646],[7.7324,50.00482],[7.73487,50.00484],[7.73842,50.00396],[7.7435,50.00299],[7.75265,50.00065],[7.7556,50.00046],[7.75729,50.00098],[7.76267,50.00032],[7.76719,49.99893],[7.77168,49.99927],[7.77407,50.00066],[7.78105,50.00305],[7.78978,50.00403],[7.79426,50.00541],[7.79829,50.00241],[7.80309,50.00052],[7.8036,49.99993],[7.80641,49.99992],[7.80897,49.99859],[7.81898,49.99727],[7.82308,49.99606],[7.82773,49.99353],[7.83155,49.99355],[7.83561,49.99255],[7.83861,49.99309],[7.84064,49.99447],[7.84448,49.9957],[7.84533,49.99706],[7.84775,49.99821],[7.84783,50.00003],[7.84901,50.0014],[7.84861,50.0035],[7.851,50.00453],[7.85215,49.99996],[7.85369,49.99688],[7.85262,49.99697],[7.85194,49.99522],[7.85291,49.98987],[7.85617,49.98695],[7.8592,49.98651],[7.86016,49.98179],[7.8644,49.98268],[7.86269,49.98824],[7.86131,49.99503],[7.85902,49.99977],[7.85855,50.00233],[7.85873,50.00492],[7.85721,50.00819],[7.8545,50.01084],[7.85056,50.01394],[7.84844,50.015],[7.83603,50.01892],[7.83336,50.01989],[7.82788,50.0228],[7.8087,50.03651],[7.80588,50.03934],[7.80168,50.04054],[7.79221,50.04418],[7.78471,50.04841],[7.77966,50.05111],[7.77336,50.05687],[7.77249,50.05847],[7.77265,50.06161],[7.774,50.06654],[7.78218,50.06661],[7.78758,50.06928],[7.78653,50.07118],[7.7888,50.07312],[7.79363,50.07496],[7.79621,50.07658],[7.79433,50.07695],[7.79073,50.077],[7.79096,50.07801],[7.79287,50.07837],[7.79442,50.07929],[7.80419,50.08652],[7.80418,50.09032],[7.80671,50.0928],[7.80689,50.09368],[7.81027,50.09431],[7.81222,50.09608],[7.81237,50.09698],[7.81436,50.09846],[7.81753,50.09734],[7.81949,50.09538],[7.81949,50.09726],[7.82261,50.10024],[7.82437,50.1008],[7.82714,50.10002],[7.82515,50.09868],[7.82573,50.09703],[7.82491,50.09642],[7.82769,50.09582],[7.82923,50.09649],[7.83022,50.09569],[7.82857,50.09343],[7.83006,50.09318],[7.83172,50.09551],[7.8316,50.09772],[7.83007,50.09803],[7.83133,50.0995],[7.83628,50.09933],[7.83725,50.09971],[7.83854,50.10166],[7.83458,50.10371],[7.83548,50.10456],[7.83457,50.1061],[7.83772,50.10732],[7.83754,50.10853],[7.83523,50.11002],[7.83847,50.10995],[7.8412,50.1117],[7.84309,50.11166],[7.84442,50.11563],[7.84492,50.1235],[7.84124,50.1279],[7.84063,50.12951],[7.84058,50.13121],[7.83847,50.13052],[7.83458,50.12698],[7.82921,50.1227],[7.82926,50.12113],[7.82734,50.11838],[7.82535,50.11737],[7.82699,50.11654],[7.82622,50.11522],[7.82994,50.1149],[7.8304,50.11396],[7.82922,50.11331],[7.82896,50.11207],[7.82602,50.11122],[7.82398,50.10951],[7.82448,50.10828],[7.82153,50.10815],[7.82026,50.10684],[7.81851,50.10615],[7.81743,50.10638],[7.81625,50.10487],[7.81372,50.10301],[7.80757,50.10341],[7.8091,50.10419],[7.80454,50.10664],[7.80182,50.10527],[7.80014,50.10504],[7.79456,50.10272],[7.79207,50.1023],[7.78774,50.09962],[7.78615,50.10228],[7.78503,50.10173],[7.78253,50.1037],[7.78245,50.10682],[7.78002,50.10657],[7.78036,50.10814],[7.78164,50.10882],[7.78103,50.11037],[7.78178,50.11075],[7.77825,50.11763],[7.77994,50.11809],[7.78105,50.11945],[7.78357,50.12023],[7.7876,50.12497],[7.78811,50.12636],[7.78937,50.12706],[7.78949,50.1309],[7.79355,50.13507],[7.79665,50.13714],[7.79825,50.13715],[7.79829,50.13887],[7.79707,50.14184],[7.79233,50.1439],[7.7918,50.14474],[7.78887,50.14636],[7.78677,50.1457],[7.78502,50.14574],[7.77571,50.14857],[7.77469,50.14628],[7.77295,50.14687],[7.77217,50.14629],[7.77329,50.145],[7.77086,50.14444],[7.77085,50.1426],[7.76922,50.14198],[7.76938,50.14096],[7.76226,50.1362],[7.7605,50.1353],[7.75807,50.13772],[7.75609,50.13851],[7.7557,50.14083],[7.75363,50.14124],[7.75301,50.14453],[7.75065,50.14488],[7.74957,50.14602],[7.7517,50.14674],[7.75399,50.14813],[7.75226,50.14835],[7.75352,50.14974],[7.75204,50.14987],[7.75248,50.15158],[7.75375,50.15342],[7.75534,50.15468],[7.75663,50.15695],[7.75665,50.15844],[7.75492,50.15997],[7.75566,50.16203],[7.75231,50.1625],[7.75111,50.16465],[7.74725,50.16555],[7.7464,50.16509],[7.74636,50.16341],[7.74414,50.16268],[7.73872,50.16032],[7.73281,50.15879],[7.73166,50.15879],[7.72894,50.16025],[7.72363,50.15986],[7.72242,50.16161],[7.72059,50.16275],[7.72276,50.1656],[7.72425,50.16616],[7.7252,50.1682],[7.72942,50.1709],[7.73125,50.17175],[7.73438,50.17245],[7.73708,50.17385],[7.73764,50.1751],[7.73948,50.17531],[7.7405,50.17681],[7.75173,50.18023],[7.7556,50.18252],[7.75739,50.18312],[7.7581,50.18449],[7.76231,50.18661],[7.76534,50.18992],[7.76423,50.19062],[7.76193,50.19064],[7.7609,50.1917],[7.7584,50.19255],[7.75488,50.19011],[7.7507,50.19104],[7.75035,50.1915],[7.74736,50.19181],[7.74653,50.19121],[7.74276,50.19162],[7.74267,50.1907],[7.73636,50.1883],[7.73497,50.18743],[7.73159,50.18628],[7.72914,50.18765],[7.72942,50.18468],[7.72283,50.1847],[7.72022,50.18721],[7.71746,50.18714],[7.71419,50.18615],[7.71547,50.18488],[7.71516,50.18203],[7.71366,50.18143],[7.7109,50.18184],[7.70852,50.18131],[7.70585,50.18229],[7.70454,50.18334],[7.70294,50.18318],[7.70067,50.18402],[7.70286,50.18616],[7.70337,50.18729],[7.70792,50.19076],[7.71035,50.19175],[7.71256,50.19386],[7.70963,50.19393],[7.7074,50.19331],[7.70634,50.19507],[7.70547,50.19506],[7.70369,50.19246],[7.69925,50.19179],[7.69812,50.18977],[7.69556,50.18817],[7.69097,50.18262],[7.69022,50.18206],[7.69165,50.18115],[7.68587,50.17808],[7.68326,50.17573],[7.68343,50.1744],[7.67979,50.17446],[7.67997,50.17748],[7.67838,50.17839],[7.67485,50.17684],[7.67456,50.1755],[7.67066,50.17592],[7.66959,50.17859],[7.67161,50.17975],[7.67557,50.18311],[7.67879,50.18447],[7.67596,50.18524],[7.67456,50.18768],[7.6763,50.19061],[7.67458,50.19094],[7.67404,50.19253],[7.67654,50.19349],[7.67472,50.19403],[7.67181,50.1961],[7.67406,50.19763],[7.67476,50.19902],[7.67332,50.20042],[7.67039,50.19894],[7.66916,50.19994],[7.66743,50.19918],[7.66585,50.19976],[7.66521,50.20172],[7.66285,50.20271],[7.66229,50.20162],[7.66098,50.20172],[7.6589,50.19921],[7.6575,50.19817],[7.65293,50.1995],[7.65178,50.20096],[7.65282,50.20223],[7.65201,50.20458],[7.65008,50.206],[7.64883,50.20748],[7.64701,50.20766],[7.64746,50.20993],[7.64961,50.21065],[7.64939,50.2135],[7.65475,50.21549],[7.66079,50.21624],[7.66025,50.21732],[7.66421,50.21706],[7.66466,50.21936],[7.66663,50.2192],[7.66668,50.22047],[7.67041,50.22038],[7.67048,50.22227],[7.67377,50.22217],[7.67607,50.21948],[7.67259,50.21855],[7.67061,50.21932],[7.66838,50.21938],[7.6665,50.21793],[7.66652,50.21623],[7.6693,50.21519],[7.6694,50.21474],[7.67231,50.21441],[7.677,50.21602],[7.67764,50.21741],[7.67906,50.21771],[7.67757,50.21918],[7.68168,50.21799],[7.68279,50.21871],[7.68637,50.21842],[7.68707,50.2172],[7.68963,50.21928],[7.68941,50.22064],[7.6871,50.22289],[7.6869,50.22528],[7.68465,50.22482],[7.68246,50.22578],[7.68402,50.22865],[7.6855,50.22922],[7.68891,50.22927],[7.69265,50.22837],[7.69412,50.22911],[7.6985,50.22744],[7.6998,50.22618],[7.70234,50.22637],[7.70699,50.22707],[7.70964,50.22586],[7.71448,50.22478],[7.71842,50.2233],[7.72104,50.22491],[7.72471,50.2264],[7.7265,50.22686],[7.72759,50.22778],[7.72682,50.22949],[7.73399,50.23063],[7.73423,50.23113],[7.7266,50.23244],[7.72218,50.23373],[7.71666,50.23706],[7.71478,50.23779],[7.71259,50.24113],[7.71017,50.24051],[7.70707,50.24058],[7.70421,50.24108],[7.70005,50.24017],[7.69506,50.23797],[7.69501,50.24117],[7.69323,50.24179],[7.69078,50.24125],[7.68944,50.23981],[7.68759,50.24165],[7.68783,50.24329],[7.68545,50.24396],[7.68618,50.24664],[7.6849,50.24783],[7.68513,50.24842],[7.68824,50.24697],[7.68941,50.2479],[7.69375,50.2474],[7.69642,50.24805],[7.69442,50.24984],[7.69426,50.25072],[7.69177,50.25116],[7.6891,50.25103],[7.68805,50.25253],[7.68539,50.25365],[7.68523,50.25505],[7.68723,50.25494],[7.68982,50.25569],[7.69298,50.25594],[7.69575,50.25737],[7.697,50.25649],[7.698,50.25835],[7.69986,50.2582],[7.70216,50.25965],[7.70593,50.26295],[7.7052,50.26527],[7.70299,50.2664],[7.70303,50.26869],[7.70453,50.26761],[7.70701,50.26769],[7.708,50.26858],[7.7106,50.26898],[7.71094,50.26603],[7.71554,50.2652],[7.72,50.26698],[7.72441,50.26997],[7.72569,50.26872],[7.7315,50.27188],[7.73096,50.27351],[7.7334,50.27443],[7.73316,50.27514],[7.73092,50.27487],[7.73061,50.27646],[7.72879,50.27877],[7.72913,50.2819],[7.72477,50.28143],[7.72485,50.28244],[7.72268,50.2847],[7.72144,50.28321],[7.71927,50.28208],[7.71831,50.28073],[7.7155,50.27968],[7.71363,50.27997],[7.70692,50.27803],[7.70543,50.28063],[7.70399,50.2816],[7.70064,50.28228],[7.70084,50.28383],[7.6986,50.2842],[7.69667,50.2828],[7.69203,50.28256],[7.6899,50.28473],[7.68725,50.28495],[7.68994,50.28664],[7.69714,50.28811],[7.69742,50.28885],[7.69536,50.29097],[7.69915,50.29094],[7.70163,50.2918],[7.70411,50.29172],[7.7057,50.29212],[7.70478,50.29336],[7.70351,50.2938],[7.70247,50.29512],[7.7015,50.29466],[7.69857,50.2965],[7.69763,50.29781],[7.69915,50.29948],[7.70252,50.30069],[7.70487,50.30072],[7.70655,50.29913],[7.70968,50.29828],[7.71238,50.29946],[7.71426,50.29966],[7.7175,50.29792],[7.71887,50.29651],[7.7251,50.29375],[7.73494,50.28902],[7.74112,50.28614],[7.73937,50.28285],[7.74137,50.28191],[7.74017,50.28033],[7.73765,50.27824],[7.7365,50.27668],[7.7372,50.27513],[7.73851,50.27384],[7.74339,50.27728],[7.74458,50.27908],[7.74468,50.28001],[7.74247,50.28054],[7.74326,50.28193],[7.74479,50.28242],[7.74753,50.28658],[7.74946,50.28713],[7.75158,50.29107],[7.75402,50.29271],[7.75259,50.29466],[7.75239,50.29572],[7.74936,50.29786],[7.74449,50.29728],[7.74099,50.2955],[7.74189,50.29416],[7.73975,50.28937],[7.73685,50.28994],[7.73532,50.29129],[7.73553,50.29184],[7.73092,50.29825],[7.73371,50.2984],[7.73589,50.29902],[7.73968,50.30164],[7.7438,50.30369],[7.75135,50.30654],[7.75417,50.30669],[7.7557,50.30713],[7.76102,50.30685],[7.7663,50.30909],[7.76929,50.30894],[7.77093,50.30936],[7.77387,50.31148],[7.77474,50.31046],[7.77886,50.31109],[7.7804,50.31059],[7.78067,50.30861],[7.78033,50.30766],[7.78297,50.30605],[7.78619,50.30634],[7.78797,50.30466],[7.78468,50.30292],[7.78404,50.30065],[7.78206,50.29907],[7.7792,50.29744],[7.77701,50.2965],[7.77421,50.29419],[7.77097,50.29253],[7.77105,50.29104],[7.77285,50.28997],[7.77557,50.29005],[7.77849,50.28969],[7.78118,50.29162],[7.78677,50.29193],[7.78832,50.29086],[7.79014,50.29095],[7.79292,50.2919],[7.79384,50.29033],[7.79804,50.28843],[7.79973,50.28816],[7.80073,50.28683],[7.80219,50.2866],[7.80241,50.28529],[7.80412,50.28567],[7.8039,50.2865],[7.80518,50.28811],[7.8037,50.28995],[7.80482,50.29173],[7.80375,50.29278],[7.8053,50.29343],[7.80739,50.29212],[7.80935,50.29172],[7.81014,50.2926],[7.80936,50.29391],[7.81174,50.29491],[7.81636,50.29391],[7.81628,50.29534],[7.81711,50.29737],[7.81358,50.29867],[7.81997,50.30491],[7.82302,50.30332],[7.82297,50.30236],[7.82445,50.30001],[7.82671,50.30049],[7.82945,50.29959],[7.83012,50.30313],[7.83151,50.30279],[7.83267,50.30331],[7.83314,50.30763],[7.83482,50.31051],[7.83609,50.31133],[7.83802,50.31141],[7.84052,50.30905],[7.84385,50.30819],[7.84824,50.30856],[7.84966,50.3098],[7.84991,50.31207],[7.85321,50.31123],[7.85473,50.3134],[7.8562,50.31409],[7.8571,50.31584],[7.86162,50.31564],[7.86446,50.31641],[7.86672,50.31795],[7.86727,50.321],[7.86815,50.32264],[7.87153,50.32257],[7.87345,50.32493],[7.87325,50.329],[7.87154,50.33148],[7.86891,50.33244],[7.86499,50.33329],[7.8629,50.33444],[7.85682,50.33463],[7.85416,50.33652],[7.85421,50.3379],[7.86076,50.33907],[7.86205,50.34014],[7.86205,50.34274],[7.86424,50.34349],[7.86596,50.34323],[7.86759,50.34429],[7.86678,50.34617],[7.8616,50.34473],[7.86195,50.34316],[7.8615,50.34164],[7.85832,50.34245],[7.85754,50.342],[7.85469,50.34444],[7.85121,50.34277],[7.84904,50.34108],[7.84441,50.33937],[7.84205,50.33752],[7.83968,50.33666],[7.84065,50.33275],[7.84519,50.33281],[7.8453,50.33074],[7.84689,50.32983],[7.84663,50.32889],[7.84323,50.32765],[7.84213,50.32889],[7.84328,50.33019],[7.84055,50.33004],[7.83915,50.33064],[7.83865,50.32878],[7.83623,50.32525],[7.83643,50.32333],[7.82923,50.32225],[7.83003,50.32372],[7.82966,50.32487],[7.83238,50.32669],[7.8314,50.32723],[7.83194,50.32829],[7.829,50.32897],[7.82771,50.33068],[7.8197,50.33607],[7.82055,50.33857],[7.82336,50.33898],[7.823,50.34015],[7.81873,50.34194],[7.81542,50.34196],[7.81362,50.3434],[7.81445,50.34714],[7.81086,50.34664],[7.80966,50.34821],[7.80811,50.34796],[7.80467,50.34588],[7.80224,50.34631],[7.80054,50.34557],[7.79785,50.34634],[7.79528,50.34504],[7.79561,50.3428],[7.79421,50.34166],[7.79663,50.34114],[7.79654,50.34002],[7.79492,50.33976],[7.79264,50.33708],[7.7945,50.33468],[7.79422,50.33315],[7.79167,50.33101],[7.79304,50.32955],[7.79222,50.32861],[7.78923,50.32922],[7.7876,50.32572],[7.78617,50.32569],[7.78594,50.32448],[7.78496,50.32402],[7.78269,50.32404],[7.78226,50.32279],[7.78357,50.32166],[7.78138,50.32162],[7.77984,50.32063],[7.77503,50.3194],[7.77312,50.31834],[7.77248,50.31915],[7.77368,50.32042],[7.77319,50.32183],[7.77146,50.3223],[7.77366,50.32342],[7.77259,50.32506],[7.77416,50.32646],[7.77518,50.32653],[7.77467,50.32895],[7.77262,50.32964],[7.77018,50.32897],[7.76787,50.33143],[7.77014,50.3327],[7.77244,50.33353],[7.77299,50.33614],[7.77379,50.33793],[7.77543,50.33775],[7.77632,50.33844],[7.77863,50.33838],[7.77565,50.34016],[7.7759,50.34129],[7.7799,50.3437],[7.77767,50.34543],[7.77468,50.34429],[7.77166,50.34188],[7.77175,50.34344],[7.77386,50.34491],[7.77316,50.34563],[7.7768,50.35002],[7.78147,50.35249],[7.78044,50.35467],[7.78311,50.35356],[7.78557,50.35429],[7.78706,50.35368],[7.78968,50.3546],[7.78891,50.35566],[7.79303,50.36024],[7.79024,50.36107],[7.78872,50.362],[7.78687,50.36213],[7.78453,50.36111],[7.7809,50.35845],[7.77745,50.35751],[7.77709,50.3554],[7.77564,50.35408],[7.77104,50.35318],[7.76949,50.35223],[7.76498,50.35385],[7.76272,50.35282],[7.76134,50.35362],[7.75919,50.35272],[7.75898,50.35033],[7.7549,50.35033],[7.75744,50.34788],[7.75833,50.34565],[7.75954,50.3442],[7.75786,50.34306],[7.75642,50.34362],[7.75531,50.34209],[7.75426,50.34423],[7.75243,50.34223],[7.75379,50.34137],[7.75442,50.34029],[7.75449,50.3371],[7.75057,50.3372],[7.75039,50.33577],[7.74904,50.33547],[7.74643,50.33401],[7.74188,50.33287],[7.74503,50.33652],[7.7465,50.3374],[7.74384,50.33844],[7.74499,50.34226],[7.74838,50.34731],[7.74759,50.34756],[7.74886,50.34967],[7.75188,50.35207],[7.75311,50.35339],[7.75451,50.35665],[7.753,50.35811],[7.74244,50.36082],[7.74151,50.36229],[7.74192,50.36404],[7.74343,50.36373],[7.7447,50.36454],[7.74106,50.36485],[7.74043,50.3657],[7.73816,50.36629],[7.73672,50.36728],[7.73541,50.36733],[7.73334,50.36619],[7.73234,50.36431],[7.73261,50.36342],[7.72869,50.36455],[7.72623,50.36563],[7.72744,50.36788],[7.72408,50.36844],[7.72142,50.36559],[7.7198,50.36541],[7.71911,50.3646],[7.71563,50.36385],[7.71258,50.36271],[7.71045,50.3612],[7.70736,50.3606],[7.69942,50.35812],[7.69897,50.3574],[7.70211,50.35721],[7.70266,50.35682],[7.69819,50.35426],[7.69873,50.35258],[7.69769,50.35166],[7.69563,50.35225],[7.69539,50.35354],[7.69613,50.35437],[7.69547,50.35557],[7.69254,50.35657],[7.69242,50.35748],[7.68887,50.36013],[7.68995,50.36075],[7.69099,50.36258],[7.69596,50.36619],[7.69307,50.3659],[7.68819,50.36741],[7.68692,50.3687],[7.68484,50.36901],[7.68508,50.37192],[7.68647,50.37354],[7.66684,50.379],[7.66731,50.38014],[7.66599,50.38138],[7.66405,50.38153],[7.66358,50.38375],[7.6621,50.38426],[7.6613,50.38336],[7.65988,50.38344],[7.65958,50.38504],[7.65684,50.38365],[7.65468,50.38309],[7.64853,50.38376],[7.64903,50.38639],[7.6462,50.38713],[7.64653,50.38785],[7.64452,50.38899],[7.64463,50.39092],[7.64409,50.3919],[7.64518,50.39303],[7.64771,50.3931],[7.64676,50.39527],[7.64721,50.39831],[7.65008,50.3999],[7.6545,50.39958],[7.65832,50.39886],[7.66055,50.39983],[7.6629,50.39924],[7.66637,50.39956],[7.66959,50.40135],[7.67269,50.40138],[7.6743,50.40056],[7.67947,50.40341],[7.68099,50.40561],[7.67508,50.40825],[7.6721,50.41134],[7.66949,50.41335],[7.67081,50.41534],[7.67037,50.41595],[7.66829,50.41577],[7.66826,50.41824],[7.67117,50.41991],[7.67038,50.4207],[7.67314,50.42133],[7.66851,50.42305],[7.67079,50.42388],[7.67549,50.42457],[7.67497,50.42578],[7.66817,50.4249],[7.66559,50.42406],[7.664,50.42511],[7.65985,50.42567],[7.65837,50.42646],[7.65722,50.42772],[7.65346,50.42919],[7.65232,50.43086],[7.64983,50.42958],[7.6494,50.42833],[7.64753,50.42594],[7.64416,50.42243],[7.64304,50.42183],[7.64151,50.42244],[7.63938,50.42248],[7.63561,50.42096],[7.63515,50.42047],[7.63446,50.41774],[7.63581,50.41596],[7.63446,50.41538],[7.63212,50.41258],[7.62918,50.41164],[7.6278,50.41079],[7.62766,50.4094],[7.62617,50.40769],[7.62473,50.40811],[7.62387,50.40577],[7.61905,50.40683],[7.61763,50.40847],[7.61577,50.40828],[7.61424,50.40938],[7.61118,50.40893],[7.60879,50.40768],[7.60934,50.40547],[7.60649,50.40487],[7.6023,50.40719],[7.59427,50.40994],[7.59054,50.4064],[7.59306,50.40598],[7.59788,50.40463],[7.59981,50.40382],[7.60388,50.40161],[7.60602,50.40012],[7.60974,50.39801],[7.61211,50.39595],[7.61446,50.39327],[7.61817,50.38553],[7.61828,50.38454],[7.61751,50.38246],[7.61457,50.3807],[7.61333,50.38271],[7.61074,50.38558],[7.60823,50.38791],[7.60302,50.39184],[7.59769,50.39468],[7.59618,50.3957],[7.59213,50.39775],[7.58791,50.39967],[7.58329,50.40201],[7.57577,50.40678],[7.57118,50.41032],[7.56283,50.40431],[7.55779,50.40126],[7.55172,50.39776],[7.54941,50.39663],[7.54648,50.39561],[7.54249,50.39505],[7.54037,50.39427],[7.53685,50.39226],[7.53784,50.39154],[7.53822,50.39022],[7.5361,50.38471],[7.5264,50.38154],[7.52337,50.38129],[7.51856,50.38197],[7.51625,50.38142],[7.51212,50.38175],[7.51016,50.37933],[7.5086,50.37803],[7.50797,50.37677],[7.49054,50.36599],[7.48638,50.36328],[7.48487,50.36311],[7.48948,50.36031],[7.48917,50.35928],[7.48962,50.35787],[7.49103,50.35628],[7.48728,50.35442],[7.49088,50.35171],[7.49008,50.35126],[7.49313,50.34801],[7.49474,50.34888],[7.4969,50.34714],[7.49681,50.34445],[7.49558,50.3437],[7.4956,50.34247],[7.4936,50.34052],[7.49607,50.33912],[7.49705,50.33791],[7.49948,50.3367],[7.50003,50.33528],[7.50256,50.33272],[7.50184,50.33158],[7.50276,50.33037],[7.50653,50.32926],[7.50884,50.32993],[7.51091,50.33373],[7.51035,50.33613],[7.51397,50.33794],[7.51475,50.33774],[7.51622,50.3333],[7.51885,50.33398],[7.51836,50.3353],[7.52192,50.33665],[7.52312,50.33597],[7.5248,50.33652],[7.52641,50.33508],[7.53043,50.33406],[7.52988,50.33312],[7.53195,50.33289],[7.53317,50.33076],[7.53256,50.32971],[7.53352,50.32734],[7.53164,50.32659],[7.53465,50.32272],[7.53208,50.32168],[7.52919,50.31964],[7.52145,50.31212],[7.51787,50.30996],[7.5157,50.30913],[7.51708,50.30763],[7.51799,50.30451],[7.51753,50.30208],[7.51671,50.30119],[7.51815,50.29964],[7.51822,50.29754],[7.52,50.2972],[7.52118,50.29615],[7.52156,50.29386],[7.52478,50.2924],[7.5274,50.29002],[7.52684,50.28844],[7.53169,50.28825],[7.53276,50.28571],[7.53684,50.28538],[7.53964,50.28582],[7.54154,50.28782],[7.54678,50.2894],[7.54765,50.28812],[7.55054,50.28703],[7.55585,50.28296],[7.5577,50.28338],[7.55822,50.28093],[7.56039,50.28125],[7.56082,50.27903],[7.55756,50.27777],[7.55159,50.27849],[7.55068,50.27657],[7.54738,50.27428],[7.54536,50.27368],[7.54279,50.27347],[7.54197,50.2729],[7.54174,50.27091],[7.5404,50.2694],[7.53875,50.2684],[7.53579,50.26773],[7.53446,50.26674],[7.5311,50.26351],[7.53058,50.26248],[7.52531,50.26087],[7.52349,50.25983],[7.52235,50.25832],[7.52012,50.25709],[7.52021,50.25578],[7.51552,50.25369],[7.51529,50.2502],[7.51415,50.2491],[7.51265,50.24804],[7.51186,50.24679],[7.51031,50.24312],[7.50967,50.24077],[7.50969,50.23829],[7.51047,50.23588],[7.5094,50.2354],[7.50933,50.23319],[7.50828,50.2313],[7.50191,50.22947],[7.49285,50.22605],[7.48994,50.22241],[7.48782,50.22128],[7.48772,50.21924],[7.48604,50.21769],[7.4866,50.21575],[7.48239,50.21442],[7.48067,50.21519],[7.47692,50.21529],[7.47622,50.21471],[7.47876,50.21352],[7.47896,50.21211],[7.47659,50.20974],[7.47629,50.20754],[7.47552,50.20626],[7.4742,50.20536],[7.47188,50.20475],[7.46878,50.20123],[7.46265,50.20091],[7.45889,50.19882]],[[7.65023,50.32441],[7.65219,50.32469],[7.65773,50.32799],[7.65903,50.32934],[7.65864,50.33137],[7.65968,50.33225],[7.66438,50.33024],[7.66245,50.32785],[7.66611,50.32719],[7.66752,50.32895],[7.66976,50.33098],[7.67259,50.33294],[7.67723,50.33542],[7.67738,50.33736],[7.68033,50.33908],[7.68304,50.33879],[7.68687,50.33674],[7.6887,50.33602],[7.6915,50.33542],[7.69445,50.33535],[7.69537,50.33481],[7.70377,50.333],[7.7033,50.33002],[7.71233,50.32479],[7.71416,50.32477],[7.71539,50.32604],[7.72067,50.32219],[7.71772,50.31988],[7.71801,50.31861],[7.72058,50.31676],[7.71997,50.31568],[7.71541,50.31431],[7.71124,50.3137],[7.70746,50.31154],[7.69902,50.31019],[7.69683,50.30923],[7.69169,50.30951],[7.68083,50.30802],[7.67955,50.30701],[7.67823,50.30744],[7.67543,50.30715],[7.67699,50.30878],[7.6703,50.30772],[7.66709,50.30781],[7.6651,50.30957],[7.66329,50.30969],[7.66252,50.31136],[7.66133,50.31148],[7.66107,50.30954],[7.65979,50.30901],[7.65261,50.30995],[7.64818,50.3124],[7.64969,50.31547],[7.6507,50.31676],[7.64503,50.31739],[7.64613,50.32023],[7.65023,50.32441]]],[[[7.11008,50.37398],[7.11078,50.37551],[7.11608,50.37638],[7.12083,50.37844],[7.11957,50.37889],[7.11889,50.37999],[7.1191,50.38181],[7.1166,50.3823],[7.11484,50.38414],[7.11219,50.38595],[7.11203,50.38725],[7.10967,50.38844],[7.10587,50.38925],[7.10348,50.39123],[7.10147,50.39201],[7.0997,50.39432],[7.09826,50.39287],[7.09503,50.39102],[7.09743,50.39093],[7.08953,50.38717],[7.08906,50.38598],[7.09309,50.38557],[7.09154,50.38481],[7.09161,50.38348],[7.09386,50.38191],[7.10732,50.37739],[7.10729,50.37515],[7.11008,50.37398]]],[[[7.38791,50.44641],[7.39202,50.44483],[7.39539,50.44389],[7.39967,50.44332],[7.40377,50.4431],[7.4091,50.44318],[7.40867,50.44863],[7.40329,50.4489],[7.40342,50.45059],[7.40097,50.45585],[7.39997,50.46381],[7.40213,50.4686],[7.40095,50.47093],[7.40643,50.47904],[7.40582,50.48056],[7.4026,50.48327],[7.39866,50.48526],[7.39837,50.48629],[7.39925,50.49004],[7.39634,50.49454],[7.39263,50.49462],[7.39032,50.49398],[7.38649,50.49614],[7.3869,50.49761],[7.38327,50.50036],[7.38522,50.50464],[7.39031,50.50612],[7.38982,50.50768],[7.39404,50.50875],[7.39737,50.50877],[7.40204,50.51123],[7.3994,50.51209],[7.39882,50.51345],[7.39943,50.51503],[7.39765,50.51553],[7.39667,50.51752],[7.39335,50.51896],[7.39231,50.52128],[7.39353,50.52229],[7.39367,50.52348],[7.38798,50.52746],[7.38721,50.52908],[7.38714,50.53248],[7.3836,50.5349],[7.37977,50.53623],[7.37997,50.53793],[7.37731,50.53984],[7.37705,50.54181],[7.37865,50.54588],[7.37877,50.54807],[7.37625,50.55109],[7.37798,50.55312],[7.37773,50.55451],[7.37859,50.5555],[7.37644,50.55634],[7.3779,50.55722],[7.37789,50.559],[7.38535,50.5606],[7.38452,50.5619],[7.38422,50.56368],[7.38564,50.56498],[7.38442,50.56592],[7.38401,50.56785],[7.38596,50.56902],[7.38693,50.57059],[7.39117,50.5716],[7.38737,50.57263],[7.38585,50.57334],[7.38494,50.57475],[7.38544,50.57617],[7.38666,50.57633],[7.39002,50.57559],[7.39215,50.57599],[7.39289,50.5779],[7.39173,50.57873],[7.38791,50.57832],[7.38485,50.57837],[7.38203,50.57926],[7.38072,50.579],[7.37679,50.57895],[7.37392,50.57818],[7.3688,50.57376],[7.36754,50.57356],[7.36485,50.57455],[7.36067,50.57501],[7.35729,50.57623],[7.35619,50.57698],[7.35313,50.5752],[7.34522,50.57545],[7.34546,50.57416],[7.34281,50.57433],[7.34264,50.57518],[7.33945,50.57463],[7.33637,50.57837],[7.3325,50.57909],[7.32957,50.57816],[7.32696,50.58098],[7.32757,50.58209],[7.32632,50.58417],[7.32686,50.58515],[7.32581,50.58624],[7.32443,50.58655],[7.3239,50.5883],[7.32264,50.58979],[7.3238,50.59083],[7.32637,50.59108],[7.32659,50.59049],[7.32977,50.59021],[7.33287,50.58914],[7.33365,50.59079],[7.33604,50.59198],[7.3335,50.59274],[7.33432,50.59354],[7.33479,50.59594],[7.33031,50.59742],[7.32906,50.59568],[7.3254,50.59615],[7.32496,50.59908],[7.32324,50.60036],[7.32774,50.60346],[7.33036,50.60447],[7.32901,50.6051],[7.32516,50.60621],[7.32142,50.60675],[7.31672,50.608],[7.31304,50.60952],[7.3116,50.60976],[7.31221,50.61235],[7.31107,50.61706],[7.30667,50.61648],[7.30414,50.61647],[7.30169,50.61436],[7.30015,50.61373],[7.2985,50.6143],[7.29238,50.61505],[7.28909,50.61494],[7.28657,50.61522],[7.28449,50.61458],[7.28384,50.61291],[7.28252,50.61138],[7.28306,50.61013],[7.28287,50.6085],[7.27943,50.60381],[7.27823,50.60256],[7.27795,50.60009],[7.27852,50.59834],[7.27694,50.59739],[7.27332,50.59674],[7.27136,50.59762],[7.26704,50.5977],[7.26439,50.59703],[7.26383,50.59553],[7.26228,50.59501],[7.26034,50.59502],[7.25989,50.59391],[7.26089,50.59239],[7.25984,50.59175],[7.25718,50.59152],[7.25626,50.59023],[7.25473,50.58921],[7.25505,50.58752],[7.25117,50.58586],[7.25204,50.58517],[7.2501,50.58337],[7.24845,50.58329],[7.24941,50.58206],[7.24848,50.57898],[7.25261,50.57841],[7.25696,50.57735],[7.2621,50.57552],[7.2643,50.57455],[7.26832,50.57206],[7.26998,50.5706],[7.27387,50.56643],[7.2763,50.56356],[7.27749,50.56171],[7.27872,50.55888],[7.28139,50.54966],[7.28465,50.54367],[7.29169,50.52964],[7.29527,50.52323],[7.29717,50.51947],[7.29881,50.51709],[7.30323,50.51164],[7.30504,50.50967],[7.31404,50.50133],[7.31912,50.49694],[7.32176,50.4943],[7.3263,50.49076],[7.32927,50.48927],[7.33201,50.48723],[7.34042,50.48058],[7.34238,50.47811],[7.34713,50.47429],[7.34792,50.47191],[7.34946,50.46972],[7.35414,50.4661],[7.35592,50.4667],[7.35757,50.46508],[7.36831,50.45703],[7.37208,50.45487],[7.37826,50.45103],[7.38174,50.44913],[7.38791,50.44641]],[[7.2861,50.586],[7.29163,50.58918],[7.29388,50.58791],[7.29463,50.58618],[7.29647,50.58494],[7.29568,50.5794],[7.29229,50.58159],[7.28889,50.58202],[7.28738,50.581],[7.28352,50.58039],[7.28481,50.57736],[7.28359,50.57606],[7.28041,50.57496],[7.28023,50.57346],[7.27872,50.57221],[7.27644,50.57446],[7.27601,50.57596],[7.27472,50.57692],[7.27332,50.57528],[7.27006,50.57741],[7.26596,50.57957],[7.26455,50.58091],[7.26479,50.58202],[7.26852,50.58329],[7.27289,50.58109],[7.27919,50.58202],[7.2861,50.586]]],[[[7.28685,50.62428],[7.28895,50.6243],[7.30292,50.62759],[7.30916,50.62968],[7.31375,50.63078],[7.31515,50.63072],[7.31639,50.6351],[7.31484,50.6362],[7.31463,50.6386],[7.31646,50.63871],[7.31874,50.64059],[7.32218,50.64172],[7.32415,50.64043],[7.33059,50.6396],[7.33348,50.6384],[7.33548,50.64084],[7.33805,50.64224],[7.35055,50.64627],[7.35898,50.64949],[7.35856,50.65216],[7.35766,50.65492],[7.35566,50.65536],[7.35517,50.66168],[7.35649,50.66368],[7.35582,50.66523],[7.36295,50.6712],[7.36363,50.67231],[7.36542,50.67297],[7.36932,50.67255],[7.36999,50.67797],[7.36742,50.6795],[7.36618,50.6807],[7.37185,50.6811],[7.37206,50.68211],[7.36736,50.68549],[7.36512,50.68761],[7.36721,50.68933],[7.36712,50.69065],[7.36464,50.69224],[7.36634,50.69383],[7.36831,50.69709],[7.36741,50.69722],[7.36018,50.69711],[7.35801,50.69776],[7.35381,50.69848],[7.34931,50.69629],[7.34153,50.69725],[7.33471,50.70097],[7.33279,50.70058],[7.32675,50.71],[7.31964,50.71228],[7.32006,50.7137],[7.31671,50.71481],[7.31493,50.71873],[7.31226,50.71825],[7.31031,50.71829],[7.3092,50.71993],[7.30692,50.72071],[7.30806,50.72231],[7.30349,50.72269],[7.29942,50.72476],[7.29776,50.72424],[7.29528,50.72574],[7.29279,50.72881],[7.29086,50.72956],[7.28943,50.73149],[7.28964,50.73372],[7.28397,50.73247],[7.28244,50.7337],[7.27147,50.73413],[7.26887,50.73522],[7.26233,50.73464],[7.25927,50.73503],[7.25606,50.7363],[7.2542,50.73796],[7.25089,50.73728],[7.24844,50.73825],[7.24741,50.73916],[7.24272,50.74134],[7.24069,50.74405],[7.24108,50.74574],[7.23958,50.74699],[7.23781,50.7478],[7.23931,50.74472],[7.23398,50.74554],[7.23214,50.74466],[7.23057,50.74464],[7.23005,50.74363],[7.22056,50.74442],[7.21957,50.74289],[7.21339,50.74297],[7.20704,50.73946],[7.20458,50.74232],[7.20363,50.74458],[7.19915,50.74574],[7.19858,50.74756],[7.19617,50.74601],[7.19496,50.74377],[7.19281,50.74419],[7.19221,50.74699],[7.18808,50.74842],[7.18411,50.74872],[7.18259,50.75173],[7.17943,50.75151],[7.1782,50.75097],[7.17611,50.75263],[7.17199,50.75244],[7.16524,50.75569],[7.16299,50.75637],[7.16052,50.75561],[7.15598,50.75468],[7.15472,50.75629],[7.15249,50.76004],[7.14519,50.76245],[7.14381,50.76429],[7.14515,50.76506],[7.13973,50.76906],[7.13539,50.77107],[7.13461,50.7706],[7.13221,50.77185],[7.12716,50.77337],[7.12527,50.77444],[7.12122,50.77246],[7.11487,50.77166],[7.1116,50.77072],[7.10858,50.76837],[7.10676,50.76348],[7.10512,50.76263],[7.1011,50.76166],[7.09743,50.76167],[7.09417,50.76237],[7.09172,50.76325],[7.08312,50.76743],[7.07822,50.76882],[7.07694,50.76858],[7.07558,50.76748],[7.06599,50.77111],[7.05653,50.76426],[7.05474,50.76512],[7.05244,50.76424],[7.05128,50.76493],[7.04873,50.76423],[7.04571,50.76243],[7.04154,50.75956],[7.04014,50.76037],[7.03655,50.75765],[7.0386,50.75641],[7.03702,50.75519],[7.04036,50.75321],[7.03707,50.75084],[7.03846,50.74994],[7.03466,50.74591],[7.03641,50.74328],[7.03587,50.74132],[7.03574,50.73851],[7.03411,50.73498],[7.03311,50.73383],[7.03151,50.73084],[7.03156,50.72896],[7.02979,50.72607],[7.03226,50.7256],[7.03303,50.72418],[7.03541,50.72276],[7.04028,50.71922],[7.03383,50.71623],[7.02892,50.71315],[7.02349,50.70472],[7.02741,50.70256],[7.02808,50.70098],[7.02959,50.69878],[7.03232,50.69907],[7.03319,50.69764],[7.03036,50.69469],[7.03149,50.69418],[7.03224,50.69253],[7.03659,50.69088],[7.036,50.68958],[7.03926,50.68874],[7.03865,50.68789],[7.037,50.68821],[7.03734,50.68677],[7.03555,50.68662],[7.03291,50.68086],[7.03126,50.68012],[7.03134,50.67784],[7.03501,50.67692],[7.04073,50.67623],[7.04429,50.67428],[7.04374,50.6726],[7.04131,50.66838],[7.04004,50.66734],[7.03987,50.66599],[7.04092,50.66397],[7.03775,50.66181],[7.03457,50.66215],[7.0303,50.66399],[7.02707,50.66561],[7.02493,50.66513],[7.02434,50.66201],[7.02688,50.65495],[7.03248,50.6543],[7.03612,50.64993],[7.04531,50.64426],[7.04756,50.64197],[7.05066,50.63963],[7.06001,50.63888],[7.05802,50.63689],[7.05629,50.63425],[7.0561,50.63187],[7.06403,50.63226],[7.06712,50.63257],[7.06892,50.63311],[7.06877,50.63551],[7.07511,50.6373],[7.07538,50.63827],[7.07465,50.63958],[7.07543,50.6417],[7.07666,50.64276],[7.08035,50.64411],[7.08173,50.64413],[7.08284,50.64595],[7.08732,50.64827],[7.0912,50.65053],[7.09393,50.65142],[7.09753,50.65364],[7.09886,50.65547],[7.10366,50.65759],[7.10534,50.65969],[7.10622,50.659],[7.12059,50.6567],[7.12403,50.65507],[7.12231,50.65361],[7.1256,50.65116],[7.12805,50.64726],[7.1318,50.64818],[7.13832,50.64891],[7.13928,50.65013],[7.14162,50.65057],[7.14754,50.65261],[7.15272,50.6535],[7.15643,50.65468],[7.16134,50.65459],[7.16244,50.65346],[7.16763,50.6526],[7.16969,50.65189],[7.17345,50.65112],[7.17532,50.65108],[7.17754,50.65253],[7.17892,50.65202],[7.18117,50.65229],[7.18615,50.65019],[7.18705,50.64884],[7.18886,50.64848],[7.18873,50.64767],[7.19415,50.64267],[7.1952,50.64272],[7.19726,50.64567],[7.199,50.64678],[7.19849,50.64821],[7.20379,50.64966],[7.20462,50.64865],[7.21087,50.64954],[7.21208,50.64552],[7.21197,50.63943],[7.21145,50.63404],[7.21153,50.63008],[7.2124,50.6234],[7.21145,50.6234],[7.2118,50.62098],[7.2113,50.61893],[7.21359,50.61255],[7.21428,50.60576],[7.21416,50.60335],[7.2136,50.60179],[7.21055,50.59724],[7.20998,50.59475],[7.21055,50.59245],[7.21236,50.59019],[7.21714,50.58661],[7.2201,50.58486],[7.2229,50.58362],[7.22856,50.58868],[7.2271,50.59143],[7.22958,50.59219],[7.2318,50.59111],[7.23167,50.59346],[7.2342,50.59422],[7.23589,50.59411],[7.2382,50.59494],[7.23606,50.59676],[7.2382,50.59761],[7.2352,50.59977],[7.23893,50.59982],[7.24034,50.60074],[7.24221,50.60055],[7.24357,50.60269],[7.24474,50.60365],[7.24708,50.60456],[7.24682,50.60511],[7.2518,50.60647],[7.25106,50.6074],[7.25734,50.60889],[7.25885,50.61053],[7.25999,50.61108],[7.26227,50.61099],[7.26552,50.61272],[7.26958,50.61604],[7.26999,50.61777],[7.27244,50.61942],[7.2734,50.62204],[7.2782,50.62275],[7.2822,50.6227],[7.28685,50.62428]]],[[[7.68269,50.2056],[7.67872,50.20463],[7.6742,50.20516],[7.67394,50.20454],[7.67844,50.20152],[7.67977,50.19962],[7.68511,50.20087],[7.68666,50.20156],[7.68619,50.20276],[7.68425,50.20401],[7.68269,50.2056]]],[[[7.67483,50.20678],[7.67924,50.20571],[7.68151,50.2067],[7.6817,50.20772],[7.68431,50.20895],[7.6812,50.21175],[7.67715,50.21139],[7.67483,50.20678]]],[[[7.80366,50.10703],[7.8064,50.10764],[7.80616,50.10875],[7.79993,50.10693],[7.80133,50.10572],[7.80366,50.10703]]]]},"properties":{"idApp":923006,"aopId":"mittelrhein","name":"Mittelrhein","nameJa":"ミッテルライン","kind":"regional","tags":[],"rank":0},"bbox":[7.02349,49.98179,7.87345,50.77444]},{"type":"Feature","geometry":{"type":"MultiPolygon","coordinates":[[[[7.7324,50.00482],[7.72692,50.0015],[7.72986,50.00136],[7.73463,49.99869],[7.7361,49.99942],[7.73923,49.99981],[7.7435,49.99814],[7.74609,49.99814],[7.74808,49.99701],[7.7506,49.99621],[7.75471,49.99615],[7.75636,49.99559],[7.75838,49.994],[7.75931,49.99267],[7.75925,49.99168],[7.76157,49.98931],[7.76121,49.98856],[7.7623,49.98779],[7.76752,49.98851],[7.76808,49.98585],[7.77063,49.98208],[7.77061,49.98122],[7.76941,49.97839],[7.76529,49.97442],[7.76471,49.97357],[7.76463,49.96903],[7.76603,49.96664],[7.76972,49.96512],[7.76228,49.96467],[7.76054,49.96608],[7.7583,49.95946],[7.75137,49.95603],[7.75468,49.95415],[7.76208,49.95023],[7.76427,49.94982],[7.76391,49.94765],[7.76505,49.94589],[7.76746,49.94459],[7.76457,49.94437],[7.76141,49.94379],[7.76233,49.94212],[7.7567,49.94085],[7.75249,49.94096],[7.74973,49.94158],[7.74554,49.94155],[7.74094,49.941],[7.73631,49.94083],[7.72936,49.94111],[7.7263,49.94068],[7.72375,49.94125],[7.72081,49.94118],[7.71935,49.94163],[7.71644,49.94158],[7.71466,49.94075],[7.71173,49.94003],[7.71026,49.94064],[7.70496,49.94061],[7.704,49.93993],[7.69811,49.93905],[7.69548,49.93798],[7.69822,49.93681],[7.70403,49.93705],[7.70828,49.93504],[7.71722,49.93366],[7.72525,49.93304],[7.72726,49.93272],[7.72771,49.93074],[7.71702,49.93179],[7.71116,49.93169],[7.69608,49.93068],[7.69292,49.93111],[7.68875,49.93111],[7.68674,49.93019],[7.68352,49.92958],[7.68203,49.93118],[7.6763,49.92834],[7.67295,49.92748],[7.67096,49.92629],[7.6691,49.92465],[7.66518,49.92352],[7.6624,49.92321],[7.65693,49.91907],[7.6536,49.91596],[7.65733,49.91417],[7.66029,49.91081],[7.66278,49.91004],[7.66952,49.90063],[7.6714,49.89885],[7.67258,49.90096],[7.67365,49.90142],[7.67768,49.90142],[7.67784,49.90445],[7.68191,49.90269],[7.68322,49.90116],[7.6881,49.89927],[7.69075,49.89714],[7.69172,49.8928],[7.69163,49.89191],[7.69323,49.89092],[7.69478,49.89145],[7.69817,49.89039],[7.70682,49.89257],[7.71076,49.88623],[7.71664,49.87981],[7.71823,49.87745],[7.71731,49.87544],[7.7154,49.87413],[7.71249,49.87288],[7.71133,49.87386],[7.70851,49.87381],[7.70343,49.87325],[7.69264,49.87021],[7.69086,49.87109],[7.68693,49.86739],[7.68276,49.86638],[7.68192,49.86472],[7.67814,49.86202],[7.67678,49.86159],[7.67503,49.8598],[7.67221,49.8604],[7.66929,49.85937],[7.66556,49.85774],[7.6638,49.85898],[7.66191,49.85851],[7.65736,49.85548],[7.64758,49.84938],[7.65028,49.84908],[7.65146,49.84714],[7.64869,49.84504],[7.64901,49.84085],[7.64707,49.84043],[7.64516,49.83885],[7.64037,49.83869],[7.62766,49.83179],[7.62406,49.83402],[7.62653,49.83585],[7.62401,49.8378],[7.62431,49.8387],[7.62347,49.84013],[7.62407,49.84103],[7.62328,49.84171],[7.62346,49.84313],[7.62198,49.84442],[7.62731,49.84958],[7.62569,49.84976],[7.62501,49.85111],[7.62479,49.85431],[7.62135,49.85456],[7.62143,49.86057],[7.61816,49.86106],[7.60731,49.86213],[7.60583,49.8643],[7.60644,49.86608],[7.60832,49.86868],[7.60971,49.86921],[7.61128,49.87136],[7.61518,49.87227],[7.6165,49.87352],[7.60954,49.87833],[7.60778,49.88146],[7.60829,49.88702],[7.60647,49.88766],[7.60278,49.89373],[7.60086,49.89442],[7.60072,49.89597],[7.59197,49.90211],[7.5922,49.90438],[7.58553,49.90844],[7.58119,49.9084],[7.57627,49.9035],[7.57371,49.90021],[7.57132,49.89889],[7.56811,49.89769],[7.56237,49.89685],[7.5603,49.89694],[7.55911,49.896],[7.55508,49.89606],[7.55107,49.89536],[7.54743,49.89515],[7.54417,49.89595],[7.54258,49.89214],[7.54465,49.8844],[7.54673,49.88298],[7.54673,49.88065],[7.54098,49.8769],[7.53944,49.87275],[7.53768,49.87091],[7.53738,49.86668],[7.53637,49.86288],[7.53723,49.86004],[7.5428,49.86111],[7.54572,49.85715],[7.54626,49.85841],[7.54765,49.85822],[7.55233,49.85522],[7.55564,49.85422],[7.5584,49.85417],[7.56272,49.85521],[7.5656,49.8539],[7.56597,49.85157],[7.56768,49.84971],[7.56658,49.84854],[7.5648,49.84535],[7.56507,49.84402],[7.56485,49.84105],[7.56549,49.83875],[7.5643,49.83509],[7.56307,49.8344],[7.56169,49.83263],[7.56251,49.83131],[7.55732,49.82662],[7.55564,49.82833],[7.55383,49.8283],[7.55348,49.82915],[7.54704,49.83077],[7.54297,49.83202],[7.54171,49.83339],[7.54126,49.83555],[7.53579,49.84039],[7.53422,49.84346],[7.53357,49.84566],[7.52827,49.84117],[7.52266,49.8431],[7.51272,49.84238],[7.50538,49.84133],[7.50322,49.8405],[7.50082,49.83879],[7.49786,49.83793],[7.50184,49.8376],[7.50692,49.83361],[7.51021,49.83206],[7.51914,49.83575],[7.52199,49.83496],[7.52433,49.83332],[7.52465,49.83105],[7.52392,49.82934],[7.52374,49.8277],[7.52285,49.82634],[7.52328,49.82408],[7.5214,49.82259],[7.51945,49.82188],[7.51732,49.81936],[7.51468,49.81769],[7.50884,49.81699],[7.50571,49.81779],[7.50507,49.81665],[7.50182,49.81564],[7.50258,49.81252],[7.50543,49.8112],[7.50555,49.80995],[7.51307,49.8081],[7.5185,49.8069],[7.52126,49.80462],[7.52388,49.80405],[7.52865,49.8046],[7.53077,49.80505],[7.53273,49.80501],[7.52986,49.80054],[7.52992,49.79764],[7.53087,49.79567],[7.53003,49.79291],[7.53008,49.79104],[7.52787,49.78892],[7.52703,49.78644],[7.52393,49.78545],[7.51839,49.78166],[7.5138,49.77868],[7.51472,49.77605],[7.5185,49.77423],[7.52156,49.77183],[7.52334,49.7709],[7.52638,49.77026],[7.52833,49.7708],[7.53156,49.76717],[7.53298,49.76212],[7.53226,49.76013],[7.53118,49.75982],[7.52933,49.75673],[7.53229,49.75448],[7.54557,49.75366],[7.5506,49.75156],[7.5578,49.74796],[7.55805,49.74663],[7.55924,49.74511],[7.56149,49.74492],[7.56438,49.74641],[7.56557,49.74544],[7.56543,49.74444],[7.56333,49.74268],[7.56264,49.73787],[7.56635,49.73615],[7.57014,49.73281],[7.57298,49.73107],[7.5722,49.72932],[7.57359,49.72791],[7.5753,49.72713],[7.58126,49.72839],[7.58306,49.72611],[7.58609,49.72729],[7.59233,49.72898],[7.60839,49.73205],[7.60943,49.72953],[7.60436,49.72753],[7.60566,49.72595],[7.60113,49.72174],[7.60194,49.71905],[7.6058,49.71884],[7.61064,49.71972],[7.61049,49.71742],[7.61235,49.7154],[7.61601,49.71314],[7.61873,49.71357],[7.62055,49.7106],[7.62365,49.71089],[7.62538,49.71035],[7.62701,49.70678],[7.61659,49.70515],[7.61476,49.7025],[7.61393,49.69995],[7.6128,49.69781],[7.61529,49.69603],[7.61586,49.69135],[7.60777,49.68691],[7.60905,49.68431],[7.61915,49.68644],[7.62367,49.68435],[7.62862,49.68478],[7.63085,49.68438],[7.63421,49.68454],[7.64258,49.68699],[7.64422,49.68829],[7.64502,49.69029],[7.6495,49.69481],[7.65285,49.69868],[7.6577,49.7016],[7.65941,49.70114],[7.66072,49.69942],[7.661,49.69817],[7.66255,49.69499],[7.66538,49.69234],[7.66997,49.68879],[7.67134,49.68794],[7.67359,49.68791],[7.67733,49.69166],[7.67964,49.69446],[7.68164,49.6984],[7.68455,49.70238],[7.68687,49.70485],[7.68896,49.70668],[7.69207,49.70501],[7.69054,49.69892],[7.69211,49.6983],[7.68961,49.69753],[7.69144,49.69661],[7.69168,49.6954],[7.69097,49.69474],[7.6946,49.69387],[7.702,49.69478],[7.70312,49.69332],[7.70397,49.69473],[7.7052,49.69568],[7.70859,49.69504],[7.71019,49.69602],[7.71218,49.69396],[7.71876,49.69189],[7.72375,49.69078],[7.72951,49.69224],[7.72531,49.68762],[7.72125,49.68391],[7.71993,49.68316],[7.71941,49.68111],[7.72197,49.67797],[7.7225,49.67641],[7.72172,49.67319],[7.72537,49.67228],[7.73186,49.67472],[7.73369,49.67373],[7.74113,49.67585],[7.74192,49.67708],[7.74601,49.67682],[7.74652,49.67322],[7.74841,49.67325],[7.74987,49.67274],[7.75063,49.67176],[7.75015,49.66978],[7.75358,49.66845],[7.75553,49.66923],[7.75443,49.6701],[7.75517,49.67277],[7.75602,49.67326],[7.75781,49.67257],[7.76019,49.66978],[7.76047,49.66797],[7.7648,49.66779],[7.76657,49.66849],[7.76638,49.67072],[7.76806,49.67161],[7.76521,49.67604],[7.76368,49.67708],[7.76384,49.6785],[7.7648,49.67935],[7.7634,49.68077],[7.76129,49.68052],[7.7591,49.68268],[7.76016,49.6862],[7.76364,49.68868],[7.76376,49.68955],[7.76264,49.69072],[7.76064,49.69095],[7.75604,49.69271],[7.75648,49.6934],[7.75506,49.69484],[7.75308,49.69788],[7.75204,49.69763],[7.75137,49.70087],[7.74692,49.70222],[7.74561,49.70327],[7.75609,49.70736],[7.76044,49.70859],[7.76451,49.70886],[7.76529,49.70783],[7.76718,49.70868],[7.77103,49.70799],[7.7782,49.70997],[7.78006,49.71101],[7.77993,49.71248],[7.78136,49.71481],[7.78006,49.71619],[7.78274,49.71637],[7.78701,49.71793],[7.78959,49.71792],[7.79362,49.71917],[7.78766,49.72257],[7.7908,49.72359],[7.79356,49.72415],[7.79596,49.72217],[7.79787,49.72167],[7.79989,49.72162],[7.79453,49.71966],[7.79521,49.71865],[7.80043,49.72074],[7.80204,49.7195],[7.80018,49.71809],[7.80109,49.7166],[7.79828,49.71516],[7.79564,49.71291],[7.79472,49.71042],[7.79499,49.70953],[7.79428,49.70825],[7.79502,49.70714],[7.79697,49.70555],[7.80002,49.70553],[7.79732,49.70283],[7.78718,49.6952],[7.78889,49.69351],[7.78637,49.69236],[7.78477,49.68798],[7.77699,49.68234],[7.77533,49.67689],[7.77676,49.67321],[7.77608,49.6719],[7.77646,49.67102],[7.77847,49.66987],[7.78173,49.67099],[7.78933,49.67048],[7.79055,49.66932],[7.79191,49.67007],[7.79704,49.66824],[7.79835,49.66561],[7.79734,49.66451],[7.79936,49.66262],[7.79829,49.66135],[7.80147,49.65974],[7.80275,49.6582],[7.80263,49.65717],[7.80438,49.65637],[7.80855,49.65663],[7.81013,49.65716],[7.81082,49.65621],[7.81366,49.65703],[7.8162,49.6562],[7.81799,49.65692],[7.82105,49.65523],[7.82235,49.65269],[7.82253,49.65137],[7.82113,49.64898],[7.82139,49.64828],[7.82647,49.64497],[7.82607,49.64321],[7.81963,49.64132],[7.81719,49.63782],[7.81296,49.63751],[7.81085,49.63577],[7.80506,49.63567],[7.79806,49.63358],[7.79178,49.63596],[7.78879,49.63532],[7.78666,49.63746],[7.78466,49.63726],[7.78412,49.63873],[7.78217,49.63869],[7.78189,49.63708],[7.78054,49.63696],[7.77899,49.63784],[7.77524,49.63736],[7.77493,49.63617],[7.77257,49.63513],[7.76823,49.6336],[7.76545,49.63027],[7.76466,49.6288],[7.76228,49.62626],[7.76345,49.62547],[7.76603,49.6256],[7.76779,49.62531],[7.76905,49.62372],[7.76555,49.61667],[7.76705,49.61581],[7.75907,49.61104],[7.76117,49.60776],[7.7636,49.60808],[7.7671,49.60774],[7.76942,49.60656],[7.77035,49.60498],[7.77422,49.60433],[7.77566,49.60487],[7.77778,49.60382],[7.77847,49.6045],[7.78027,49.60432],[7.78756,49.60689],[7.79227,49.60703],[7.79882,49.6095],[7.80269,49.6115],[7.80696,49.61288],[7.80786,49.614],[7.81091,49.61466],[7.81704,49.61318],[7.81856,49.61243],[7.82182,49.60847],[7.82283,49.60561],[7.82176,49.60337],[7.82174,49.60106],[7.8244,49.60093],[7.82777,49.60153],[7.83143,49.60096],[7.83364,49.60089],[7.83538,49.60137],[7.83658,49.60236],[7.84087,49.60266],[7.84471,49.60393],[7.85176,49.60658],[7.86432,49.61595],[7.86638,49.61808],[7.86706,49.61968],[7.86647,49.62503],[7.86389,49.6274],[7.86165,49.62808],[7.86033,49.62938],[7.87178,49.62655],[7.87463,49.62862],[7.87468,49.62985],[7.87783,49.62933],[7.88016,49.63058],[7.88129,49.62931],[7.88291,49.6287],[7.88161,49.62693],[7.88617,49.62482],[7.88757,49.62223],[7.88303,49.61757],[7.88147,49.61531],[7.88223,49.61324],[7.88477,49.60992],[7.89457,49.60676],[7.89353,49.60205],[7.89955,49.60325],[7.9024,49.60212],[7.90487,49.60308],[7.91001,49.60354],[7.90628,49.60893],[7.90856,49.61015],[7.9109,49.60968],[7.91192,49.611],[7.9242,49.60621],[7.93003,49.60469],[7.93266,49.60292],[7.93757,49.60302],[7.94103,49.60383],[7.94291,49.60399],[7.94352,49.6057],[7.93966,49.60614],[7.93551,49.60569],[7.93149,49.60831],[7.92783,49.60977],[7.92474,49.60985],[7.92109,49.6122],[7.91773,49.61276],[7.91414,49.61474],[7.91229,49.61491],[7.91051,49.61399],[7.90719,49.61691],[7.90452,49.6177],[7.9031,49.61622],[7.89974,49.61622],[7.89515,49.61794],[7.89193,49.62082],[7.89157,49.62293],[7.89233,49.62368],[7.89132,49.62482],[7.89101,49.62987],[7.89263,49.62994],[7.89264,49.63197],[7.8986,49.63588],[7.89665,49.63618],[7.8988,49.6373],[7.90555,49.63973],[7.90794,49.64034],[7.91025,49.64055],[7.91049,49.64245],[7.90956,49.64626],[7.90625,49.64608],[7.90281,49.64693],[7.90135,49.6458],[7.89864,49.64489],[7.89541,49.64416],[7.89339,49.64288],[7.89283,49.64366],[7.89048,49.64248],[7.88878,49.64271],[7.88678,49.64105],[7.8852,49.64109],[7.88319,49.63952],[7.88181,49.64052],[7.8798,49.63824],[7.87848,49.6372],[7.87798,49.63268],[7.8729,49.63333],[7.86982,49.63457],[7.86864,49.63609],[7.86807,49.63776],[7.87278,49.6388],[7.87509,49.64205],[7.87401,49.6429],[7.87101,49.64246],[7.86849,49.64466],[7.86815,49.64577],[7.85868,49.64527],[7.85781,49.64829],[7.85608,49.64899],[7.85298,49.65257],[7.85435,49.65436],[7.85494,49.65597],[7.85439,49.65822],[7.85421,49.66129],[7.86014,49.66335],[7.86291,49.6636],[7.86476,49.66287],[7.86394,49.66208],[7.86737,49.66178],[7.86829,49.66294],[7.8728,49.66163],[7.87426,49.66409],[7.88124,49.66711],[7.88413,49.66864],[7.88615,49.66715],[7.88758,49.66727],[7.88687,49.66901],[7.89065,49.66949],[7.89289,49.67237],[7.88946,49.67415],[7.89057,49.67545],[7.89447,49.67839],[7.90283,49.67922],[7.90549,49.68021],[7.9067,49.68139],[7.90845,49.6857],[7.90862,49.68795],[7.90796,49.69415],[7.90666,49.69588],[7.90402,49.69595],[7.90196,49.69398],[7.89925,49.69353],[7.89621,49.69489],[7.89316,49.69717],[7.89835,49.70088],[7.89748,49.70252],[7.90057,49.70604],[7.90014,49.70723],[7.89548,49.70702],[7.89597,49.70983],[7.89206,49.70978],[7.89246,49.71298],[7.89608,49.71231],[7.89744,49.71283],[7.89997,49.71308],[7.90223,49.71251],[7.90069,49.715],[7.90227,49.71587],[7.89983,49.71781],[7.90469,49.7188],[7.90427,49.71966],[7.90934,49.72093],[7.90899,49.72304],[7.9115,49.7247],[7.91465,49.72612],[7.91036,49.72817],[7.90798,49.72777],[7.90866,49.72984],[7.9153,49.73516],[7.91124,49.73773],[7.91506,49.74194],[7.91748,49.7433],[7.91236,49.74653],[7.90553,49.74931],[7.90461,49.75053],[7.90544,49.75226],[7.90406,49.75325],[7.90159,49.75257],[7.89983,49.75518],[7.8977,49.75728],[7.89875,49.75801],[7.89707,49.75893],[7.8977,49.76012],[7.89978,49.76124],[7.89973,49.76204],[7.89786,49.76197],[7.89589,49.7606],[7.88733,49.75804],[7.88262,49.75811],[7.87396,49.75711],[7.87005,49.75599],[7.86795,49.75709],[7.86669,49.7599],[7.86397,49.76269],[7.86195,49.76579],[7.85991,49.76575],[7.85672,49.76988],[7.85509,49.77233],[7.85821,49.77419],[7.85939,49.77527],[7.85956,49.77855],[7.86168,49.77911],[7.86247,49.78053],[7.86414,49.78126],[7.8688,49.78397],[7.87083,49.78764],[7.86444,49.79285],[7.86431,49.79764],[7.87199,49.80526],[7.88802,49.80714],[7.89448,49.80898],[7.89234,49.81177],[7.88776,49.81041],[7.88422,49.8134],[7.88351,49.81451],[7.88565,49.81533],[7.88344,49.8186],[7.88314,49.82119],[7.88711,49.82442],[7.8855,49.8254],[7.89157,49.8296],[7.89999,49.83852],[7.9023,49.83669],[7.91276,49.83822],[7.92454,49.8326],[7.92556,49.83238],[7.92759,49.83368],[7.9358,49.83829],[7.9344,49.83958],[7.93362,49.84205],[7.93325,49.84868],[7.93344,49.85059],[7.93273,49.85531],[7.93032,49.85557],[7.92968,49.85663],[7.93136,49.85732],[7.93352,49.85769],[7.93515,49.85889],[7.93851,49.8607],[7.94313,49.86055],[7.94632,49.86114],[7.95127,49.86142],[7.95459,49.86251],[7.95122,49.86518],[7.94859,49.86437],[7.94472,49.86421],[7.94013,49.8629],[7.93097,49.86336],[7.92809,49.86815],[7.92925,49.86983],[7.92775,49.87133],[7.93264,49.87413],[7.93295,49.876],[7.93452,49.87708],[7.9335,49.87764],[7.93483,49.87857],[7.93052,49.88085],[7.91941,49.88179],[7.92041,49.88299],[7.9201,49.88454],[7.91821,49.88669],[7.91729,49.88898],[7.91676,49.89331],[7.91455,49.89709],[7.91384,49.90036],[7.91385,49.9026],[7.9126,49.9038],[7.9101,49.90419],[7.90863,49.90505],[7.90789,49.90635],[7.908,49.90752],[7.91068,49.91036],[7.91014,49.91229],[7.9049,49.914],[7.90309,49.91476],[7.9013,49.91672],[7.90072,49.91831],[7.89874,49.91982],[7.91447,49.92031],[7.92072,49.91876],[7.92362,49.91828],[7.9291,49.91858],[7.92909,49.91995],[7.94171,49.92089],[7.94134,49.91874],[7.94548,49.91932],[7.94684,49.91483],[7.94468,49.91266],[7.95279,49.91302],[7.954,49.91412],[7.9606,49.91323],[7.96206,49.91644],[7.96905,49.91478],[7.97259,49.91484],[7.97346,49.91419],[7.97586,49.91489],[7.98458,49.91875],[7.9897,49.91882],[7.99102,49.91925],[7.99239,49.92053],[7.99857,49.92158],[7.99829,49.92268],[8.00121,49.92324],[8.0038,49.92432],[8.00141,49.92626],[7.99967,49.92541],[7.99843,49.92687],[7.99504,49.92476],[7.99191,49.92371],[7.98843,49.92981],[7.98502,49.93363],[7.98251,49.93168],[7.97923,49.93166],[7.97561,49.93008],[7.97351,49.9304],[7.97154,49.93151],[7.96877,49.93227],[7.96098,49.93315],[7.95878,49.9308],[7.95203,49.95182],[7.96663,49.95358],[7.97121,49.95437],[7.98331,49.95584],[7.98439,49.9565],[7.9829,49.96405],[7.98257,49.9665],[7.9847,49.96669],[7.98438,49.96858],[7.9832,49.96845],[7.98092,49.97519],[7.97638,49.98039],[7.9713,49.97866],[7.9674,49.97777],[7.95739,49.97697],[7.95212,49.97623],[7.94694,49.97503],[7.94296,49.97483],[7.93953,49.97408],[7.93659,49.97385],[7.93328,49.9745],[7.92607,49.97456],[7.92104,49.97437],[7.88726,49.97184],[7.87806,49.97313],[7.87223,49.97571],[7.86804,49.97868],[7.86606,49.98045],[7.8644,49.98268],[7.86016,49.98179],[7.8592,49.98651],[7.85617,49.98695],[7.85291,49.98987],[7.85194,49.99522],[7.85262,49.99697],[7.85369,49.99688],[7.85215,49.99996],[7.851,50.00453],[7.84861,50.0035],[7.84901,50.0014],[7.84783,50.00003],[7.84775,49.99821],[7.84533,49.99706],[7.84448,49.9957],[7.84064,49.99447],[7.83861,49.99309],[7.83561,49.99255],[7.83155,49.99355],[7.82773,49.99353],[7.82308,49.99606],[7.81898,49.99727],[7.80897,49.99859],[7.80641,49.99992],[7.8036,49.99993],[7.80309,50.00052],[7.79829,50.00241],[7.79426,50.00541],[7.78978,50.00403],[7.78105,50.00305],[7.77407,50.00066],[7.77168,49.99927],[7.76719,49.99893],[7.76267,50.00032],[7.75729,50.00098],[7.7556,50.00046],[7.75265,50.00065],[7.7435,50.00299],[7.73842,50.00396],[7.73487,50.00484],[7.7324,50.00482]],[[7.77192,49.76822],[7.77273,49.77087],[7.77389,49.77066],[7.77731,49.77107],[7.77917,49.77042],[7.7796,49.76965],[7.7821,49.76847],[7.78497,49.76805],[7.78709,49.76543],[7.78905,49.76474],[7.79034,49.76367],[7.79223,49.76372],[7.79365,49.76196],[7.79229,49.76033],[7.79364,49.75868],[7.79682,49.75704],[7.79761,49.75366],[7.78999,49.75339],[7.78946,49.75569],[7.78799,49.75556],[7.78517,49.75271],[7.78309,49.75187],[7.78044,49.75124],[7.7798,49.75346],[7.77713,49.75266],[7.77441,49.75252],[7.77366,49.75752],[7.77672,49.75662],[7.77229,49.7643],[7.76843,49.76306],[7.76521,49.76554],[7.76853,49.7675],[7.77192,49.76822]],[[7.67711,49.75686],[7.67767,49.75812],[7.68235,49.75934],[7.68471,49.75269],[7.6839,49.74993],[7.68771,49.75057],[7.68473,49.74714],[7.68431,49.74307],[7.67898,49.7437],[7.67624,49.74285],[7.66887,49.73832],[7.66582,49.73896],[7.66196,49.73917],[7.65727,49.73892],[7.64722,49.73769],[7.63777,49.73641],[7.62874,49.73386],[7.62937,49.73743],[7.63189,49.74223],[7.6353,49.7461],[7.63458,49.74716],[7.63641,49.75101],[7.64318,49.75595],[7.64788,49.758],[7.6514,49.75557],[7.65266,49.75311],[7.65116,49.75226],[7.65137,49.74944],[7.65424,49.7472],[7.66496,49.74829],[7.6673,49.74935],[7.66925,49.75223],[7.67264,49.75443],[7.67462,49.75465],[7.67711,49.75686]],[[7.8418,49.68712],[7.84334,49.68972],[7.8447,49.69262],[7.85013,49.69417],[7.85117,49.69393],[7.85544,49.69388],[7.85876,49.69471],[7.86618,49.69484],[7.86618,49.69132],[7.87275,49.69199],[7.87554,49.69342],[7.88046,49.69104],[7.88186,49.69],[7.88331,49.68763],[7.8812,49.6871],[7.8795,49.68558],[7.88246,49.68493],[7.88479,49.68539],[7.8868,49.68354],[7.88466,49.68059],[7.8821,49.68173],[7.88006,49.68144],[7.87574,49.68177],[7.87569,49.67986],[7.87264,49.68008],[7.87187,49.67944],[7.86877,49.67965],[7.86909,49.67863],[7.86337,49.67717],[7.86098,49.6759],[7.85979,49.67337],[7.85768,49.67523],[7.85507,49.67398],[7.84956,49.67198],[7.84452,49.67551],[7.84076,49.68075],[7.839,49.68394],[7.8418,49.68712]]],[[[7.64229,49.56899],[7.64418,49.57021],[7.64589,49.57064],[7.65384,49.57143],[7.65584,49.57107],[7.6551,49.57276],[7.65061,49.57384],[7.64814,49.57371],[7.64163,49.57397],[7.6393,49.575],[7.64071,49.57706],[7.64412,49.58091],[7.64941,49.58439],[7.64971,49.58636],[7.65167,49.58805],[7.64971,49.58863],[7.64972,49.58947],[7.64828,49.59493],[7.6453,49.59545],[7.64521,49.59464],[7.64128,49.59394],[7.63726,49.59169],[7.63375,49.59033],[7.63595,49.58903],[7.63621,49.58819],[7.63458,49.58696],[7.63083,49.58699],[7.62789,49.58825],[7.61618,49.5928],[7.61491,49.59149],[7.61415,49.58999],[7.60497,49.58849],[7.60426,49.5902],[7.60889,49.59296],[7.60881,49.59425],[7.60727,49.59659],[7.60715,49.59742],[7.60819,49.59899],[7.61132,49.60079],[7.61202,49.60259],[7.61118,49.60456],[7.61109,49.60602],[7.61197,49.60752],[7.6135,49.60875],[7.61549,49.61179],[7.61555,49.61353],[7.60842,49.61272],[7.589,49.61517],[7.58636,49.61442],[7.58381,49.61896],[7.58247,49.62235],[7.57981,49.62303],[7.57696,49.62588],[7.57734,49.62658],[7.57577,49.62746],[7.57536,49.62832],[7.57301,49.62929],[7.56858,49.6307],[7.56418,49.63397],[7.55913,49.63182],[7.55536,49.63174],[7.5511,49.63083],[7.54865,49.62954],[7.54639,49.62911],[7.53862,49.63152],[7.53314,49.63177],[7.52896,49.63074],[7.52964,49.63011],[7.52675,49.62803],[7.53223,49.62559],[7.53368,49.6246],[7.52993,49.62379],[7.52865,49.62237],[7.53084,49.62145],[7.52958,49.61997],[7.53111,49.61913],[7.53386,49.61857],[7.53537,49.61789],[7.53571,49.61421],[7.53807,49.61346],[7.5397,49.61366],[7.54033,49.61235],[7.54001,49.61055],[7.54014,49.60717],[7.54141,49.60382],[7.54416,49.60414],[7.54385,49.60477],[7.55071,49.60816],[7.55233,49.6083],[7.55413,49.60985],[7.55678,49.6102],[7.56393,49.61282],[7.56492,49.61408],[7.56838,49.6133],[7.56921,49.61252],[7.576,49.61411],[7.58662,49.61394],[7.58705,49.61314],[7.58646,49.61104],[7.58679,49.60876],[7.58615,49.60768],[7.5887,49.60169],[7.58844,49.59784],[7.58627,49.59626],[7.58766,49.59358],[7.58766,49.59146],[7.58334,49.58951],[7.58255,49.58823],[7.58592,49.58622],[7.58657,49.58257],[7.58414,49.58048],[7.58421,49.57842],[7.58588,49.57605],[7.58769,49.57519],[7.5883,49.57355],[7.59064,49.57379],[7.59785,49.57577],[7.60156,49.57431],[7.6065,49.57467],[7.614,49.57888],[7.61962,49.57933],[7.62002,49.57698],[7.62172,49.5754],[7.62273,49.57322],[7.62193,49.56928],[7.62397,49.56467],[7.62352,49.56162],[7.6217,49.5592],[7.62539,49.56051],[7.62694,49.56173],[7.63004,49.56123],[7.63031,49.56265],[7.6329,49.56327],[7.64229,49.56899]]],[[[7.61629,49.61367],[7.61629,49.6087],[7.61854,49.60855],[7.62213,49.6097],[7.62711,49.61013],[7.62955,49.61264],[7.63196,49.61396],[7.63372,49.6165],[7.63441,49.61805],[7.63657,49.61996],[7.63902,49.62006],[7.63881,49.62094],[7.64362,49.62359],[7.63887,49.62987],[7.6384,49.63092],[7.63971,49.63384],[7.63967,49.63502],[7.63719,49.63772],[7.63324,49.63954],[7.63353,49.642],[7.62945,49.64133],[7.62813,49.64194],[7.62441,49.64055],[7.62311,49.64108],[7.62434,49.64215],[7.62161,49.64374],[7.61902,49.64374],[7.61449,49.641],[7.61424,49.63794],[7.61261,49.63654],[7.61537,49.63407],[7.61684,49.63229],[7.61976,49.62956],[7.62133,49.62625],[7.61504,49.62485],[7.61356,49.62289],[7.61864,49.62278],[7.62099,49.62214],[7.62218,49.62111],[7.62248,49.61944],[7.62125,49.61735],[7.62004,49.61657],[7.61622,49.61502],[7.61629,49.61367]]],[[[7.49331,49.7205],[7.49125,49.71928],[7.49235,49.71817],[7.4949,49.71916],[7.49664,49.71718],[7.49506,49.71614],[7.4873,49.71317],[7.48778,49.71129],[7.50241,49.71641],[7.50932,49.71828],[7.52341,49.72126],[7.52137,49.72261],[7.52239,49.72448],[7.52103,49.72489],[7.51317,49.72354],[7.51606,49.72685],[7.51951,49.72682],[7.51942,49.72785],[7.52278,49.72984],[7.52279,49.73481],[7.52136,49.73518],[7.52271,49.73923],[7.51832,49.74099],[7.51676,49.74434],[7.51508,49.74337],[7.51012,49.74359],[7.50656,49.74298],[7.50526,49.74324],[7.50112,49.74508],[7.49999,49.74666],[7.49662,49.74759],[7.49291,49.7511],[7.4838,49.74805],[7.48076,49.74623],[7.48224,49.74579],[7.47572,49.74446],[7.47265,49.74156],[7.4806,49.7379],[7.48252,49.73592],[7.48295,49.73383],[7.4857,49.7311],[7.48769,49.72854],[7.49081,49.72277],[7.49331,49.7205]]]]},"properties":{"idApp":923008,"aopId":"nahe","name":"Nahe","nameJa":"ナーエ","kind":"regional","tags":[],"rank":0},"bbox":[7.47265,49.5592,8.0038,50.00541]},{"type":"Feature","geometry":{"type":"Polygon","coordinates":[[[7.86804,49.97868],[7.87223,49.97571],[7.87806,49.97313],[7.88726,49.97184],[7.92104,49.97437],[7.92607,49.97456],[7.93328,49.9745],[7.93659,49.97385],[7.93953,49.97408],[7.94296,49.97483],[7.94694,49.97503],[7.95212,49.97623],[7.95739,49.97697],[7.9674,49.97777],[7.9713,49.97866],[7.97638,49.98039],[7.99295,49.98619],[8.00426,49.98957],[8.00584,49.99014],[8.03027,50.00015],[8.03636,50.00231],[8.04599,50.00435],[8.05008,50.00487],[8.05434,50.00513],[8.07252,50.00592],[8.07957,50.0069],[8.09318,50.01071],[8.09943,50.01316],[8.10736,50.01727],[8.11143,50.01893],[8.12845,50.02398],[8.13149,50.02474],[8.14496,50.02641],[8.15197,50.02804],[8.16483,50.03182],[8.17514,50.03426],[8.18095,50.03521],[8.18635,50.03554],[8.19645,50.03499],[8.20536,50.03413],[8.21453,50.03253],[8.21813,50.03203],[8.2222,50.03171],[8.22947,50.03142],[8.23269,50.031],[8.2364,50.03013],[8.24456,50.02763],[8.25482,50.02156],[8.26455,50.0157],[8.27235,50.0103],[8.27756,50.00536],[8.28559,49.99702],[8.28824,49.99513],[8.29316,49.99452],[8.2975,49.99463],[8.29973,49.99521],[8.30504,49.99726],[8.31262,50.00062],[8.31542,50.00167],[8.31862,50.00195],[8.32096,50.00176],[8.33064,50.00054],[8.33705,49.99987],[8.34625,49.99934],[8.35159,49.99966],[8.35434,50.00004],[8.36143,50.00178],[8.36465,50.00232],[8.36966,50.00226],[8.37411,50.00181],[8.39579,49.99729],[8.40216,49.99651],[8.40738,49.99687],[8.41216,49.99813],[8.41613,50.00049],[8.42443,50.00705],[8.42894,50.00962],[8.43307,50.01126],[8.43865,50.01321],[8.45309,50.01899],[8.45256,50.01971],[8.44674,50.02441],[8.44841,50.02601],[8.4498,50.02884],[8.45301,50.03247],[8.45306,50.03305],[8.45113,50.03578],[8.45285,50.03736],[8.45124,50.0382],[8.4524,50.04044],[8.45511,50.04045],[8.45519,50.04158],[8.45832,50.04512],[8.46214,50.04601],[8.4653,50.04823],[8.46724,50.05149],[8.45747,50.05338],[8.45505,50.05552],[8.45359,50.05725],[8.45011,50.05933],[8.44741,50.05749],[8.44447,50.05819],[8.44235,50.05711],[8.43497,50.05721],[8.43518,50.05371],[8.42615,50.05356],[8.42624,50.0523],[8.42432,50.04963],[8.4225,50.04833],[8.41921,50.04894],[8.4186,50.04825],[8.41489,50.04883],[8.41285,50.04573],[8.40683,50.0477],[8.40769,50.04903],[8.40156,50.05167],[8.39979,50.05064],[8.39735,50.05177],[8.39631,50.05273],[8.39971,50.05395],[8.39679,50.05739],[8.39002,50.05747],[8.38648,50.06042],[8.38465,50.06014],[8.38066,50.05403],[8.37708,50.054],[8.37305,50.05153],[8.37056,50.05068],[8.36608,50.04999],[8.36555,50.05086],[8.36301,50.05061],[8.36148,50.05109],[8.35947,50.05313],[8.3629,50.05411],[8.3586,50.05801],[8.36037,50.05927],[8.35504,50.06203],[8.35456,50.06358],[8.35633,50.06486],[8.35484,50.06629],[8.36505,50.07141],[8.36557,50.07038],[8.36881,50.06839],[8.37182,50.06681],[8.37315,50.06781],[8.37494,50.06746],[8.38421,50.07706],[8.38606,50.08023],[8.38586,50.08217],[8.38249,50.08476],[8.38138,50.0868],[8.37997,50.08837],[8.37963,50.09161],[8.3814,50.09309],[8.37886,50.09467],[8.37743,50.09694],[8.37931,50.0992],[8.38041,50.10228],[8.37546,50.10261],[8.37285,50.10054],[8.37044,50.10054],[8.36504,50.09856],[8.36266,50.0982],[8.36204,50.1021],[8.36101,50.10358],[8.36054,50.10583],[8.35921,50.10576],[8.35554,50.10411],[8.35357,50.10485],[8.35203,50.10806],[8.34792,50.11416],[8.34874,50.11438],[8.34433,50.11944],[8.34469,50.12202],[8.34863,50.12525],[8.35008,50.12855],[8.34914,50.12946],[8.34523,50.13077],[8.34393,50.12857],[8.33692,50.12823],[8.33566,50.12953],[8.33008,50.1313],[8.32961,50.13021],[8.32659,50.13046],[8.32489,50.13273],[8.32363,50.1353],[8.32423,50.13775],[8.32208,50.13785],[8.31821,50.13756],[8.31689,50.13964],[8.3212,50.1426],[8.32546,50.145],[8.32727,50.14573],[8.32388,50.14987],[8.32178,50.15106],[8.3152,50.15179],[8.31093,50.1493],[8.30689,50.14992],[8.30588,50.15097],[8.30404,50.15154],[8.30205,50.14959],[8.29701,50.14888],[8.29493,50.14807],[8.28332,50.14725],[8.28246,50.15075],[8.27766,50.15035],[8.27579,50.15162],[8.26814,50.15018],[8.26242,50.15047],[8.25879,50.14933],[8.25427,50.1487],[8.25339,50.14937],[8.25026,50.14962],[8.24986,50.14831],[8.24565,50.14839],[8.24503,50.14899],[8.24214,50.14822],[8.24237,50.1442],[8.23859,50.14105],[8.23533,50.14101],[8.23152,50.13853],[8.22333,50.13625],[8.22027,50.13471],[8.21926,50.1345],[8.218,50.1331],[8.20955,50.13195],[8.20263,50.12745],[8.1962,50.12556],[8.19142,50.12325],[8.18531,50.12107],[8.18375,50.12183],[8.18782,50.12417],[8.18648,50.12438],[8.18444,50.12294],[8.18139,50.12235],[8.18002,50.12446],[8.18175,50.12581],[8.17001,50.12446],[8.16556,50.12384],[8.15998,50.1244],[8.15334,50.11979],[8.15274,50.11923],[8.15118,50.11607],[8.14752,50.1144],[8.14453,50.11423],[8.1425,50.11355],[8.13468,50.10577],[8.132,50.10338],[8.11944,50.09797],[8.11779,50.09515],[8.11233,50.09375],[8.11512,50.08963],[8.11744,50.0907],[8.12005,50.09027],[8.12289,50.09119],[8.12675,50.09101],[8.13037,50.09234],[8.13808,50.08772],[8.1354,50.08602],[8.13349,50.08376],[8.13235,50.08138],[8.13047,50.08127],[8.12914,50.08259],[8.12511,50.08373],[8.12152,50.08379],[8.11864,50.08433],[8.11454,50.08439],[8.11052,50.08373],[8.11038,50.08019],[8.11148,50.07852],[8.11081,50.07693],[8.10765,50.077],[8.10721,50.07437],[8.10607,50.07437],[8.10577,50.07581],[8.10395,50.07567],[8.10209,50.0762],[8.09739,50.0803],[8.09167,50.08456],[8.08912,50.08413],[8.08157,50.08987],[8.07555,50.09507],[8.06987,50.09392],[8.06851,50.09483],[8.06487,50.0943],[8.05929,50.09147],[8.05857,50.09001],[8.05942,50.08768],[8.06194,50.08534],[8.05908,50.08474],[8.05435,50.08443],[8.04461,50.08101],[8.0426,50.07984],[8.03698,50.08041],[8.03468,50.07981],[8.02645,50.07647],[8.02841,50.07509],[8.02524,50.07428],[8.02382,50.07578],[8.02068,50.07606],[8.01824,50.07757],[8.01561,50.07776],[8.01107,50.07601],[8.01245,50.0738],[8.01222,50.07266],[8.01017,50.0712],[8.00927,50.06952],[8.00629,50.06664],[8.00617,50.06599],[8.00062,50.06528],[7.99208,50.07153],[7.9896,50.07161],[7.98892,50.07259],[7.9909,50.0728],[7.99426,50.07373],[7.99662,50.07536],[8.00494,50.07613],[8.012,50.07984],[8.00578,50.0813],[8.00111,50.08062],[7.98389,50.08345],[7.96941,50.08791],[7.96537,50.09389],[7.96592,50.10817],[7.95616,50.11183],[7.95528,50.10998],[7.95371,50.10913],[7.9502,50.1081],[7.94682,50.10826],[7.94498,50.10786],[7.94189,50.10806],[7.93834,50.10564],[7.93327,50.10649],[7.93264,50.10554],[7.92903,50.10322],[7.92735,50.10303],[7.92443,50.10353],[7.92316,50.10223],[7.92036,50.10368],[7.92062,50.10543],[7.91976,50.1089],[7.91293,50.11548],[7.9114,50.11643],[7.90916,50.1184],[7.90765,50.119],[7.90322,50.12155],[7.90073,50.12225],[7.89744,50.12153],[7.8964,50.1204],[7.89166,50.11824],[7.89075,50.11691],[7.88671,50.11566],[7.88637,50.11481],[7.88472,50.11438],[7.88263,50.11611],[7.88134,50.11668],[7.87871,50.11556],[7.87733,50.11748],[7.87528,50.11945],[7.87222,50.11935],[7.86933,50.11992],[7.8684,50.1209],[7.86539,50.12085],[7.86545,50.1228],[7.86426,50.12415],[7.86045,50.12611],[7.85998,50.12763],[7.85402,50.12833],[7.84492,50.1235],[7.84442,50.11563],[7.84309,50.11166],[7.8412,50.1117],[7.83847,50.10995],[7.83523,50.11002],[7.83754,50.10853],[7.83772,50.10732],[7.83457,50.1061],[7.83548,50.10456],[7.83458,50.10371],[7.83854,50.10166],[7.83725,50.09971],[7.83628,50.09933],[7.83133,50.0995],[7.83007,50.09803],[7.8316,50.09772],[7.83172,50.09551],[7.83006,50.09318],[7.83143,50.09275],[7.83487,50.09529],[7.83675,50.09443],[7.83333,50.09227],[7.83617,50.09091],[7.8351,50.08998],[7.83923,50.08748],[7.83804,50.08504],[7.83719,50.08413],[7.83448,50.0832],[7.83319,50.08317],[7.83156,50.08181],[7.82718,50.08157],[7.82209,50.08401],[7.82075,50.08139],[7.81862,50.0807],[7.81675,50.08068],[7.81464,50.08342],[7.80852,50.08439],[7.80748,50.08422],[7.80346,50.08458],[7.80064,50.08259],[7.79987,50.0805],[7.79621,50.07658],[7.79363,50.07496],[7.7888,50.07312],[7.78653,50.07118],[7.78758,50.06928],[7.78218,50.06661],[7.774,50.06654],[7.77265,50.06161],[7.77249,50.05847],[7.77336,50.05687],[7.77966,50.05111],[7.78471,50.04841],[7.79221,50.04418],[7.80168,50.04054],[7.80588,50.03934],[7.8087,50.03651],[7.82788,50.0228],[7.83336,50.01989],[7.83603,50.01892],[7.84844,50.015],[7.85056,50.01394],[7.8545,50.01084],[7.85721,50.00819],[7.85873,50.00492],[7.85855,50.00233],[7.85902,49.99977],[7.86131,49.99503],[7.86269,49.98824],[7.8644,49.98268],[7.86606,49.98045],[7.86804,49.97868]]]},"properties":{"idApp":923007,"aopId":"rheingau","name":"Rheingau","nameJa":"ラインガウ","kind":"regional","tags":[],"rank":0},"bbox":[7.77249,49.97184,8.46724,50.15179]},{"type":"Feature","geometry":{"type":"MultiPolygon","coordinates":[[[[8.69231,49.62374],[8.69336,49.62462],[8.69824,49.62488],[8.70081,49.62445],[8.70168,49.62822],[8.70689,49.62873],[8.70741,49.62937],[8.71269,49.6333],[8.71545,49.63402],[8.71824,49.63169],[8.72278,49.63395],[8.72607,49.63467],[8.72512,49.63818],[8.72794,49.64141],[8.72673,49.64254],[8.72983,49.64462],[8.72807,49.64601],[8.72666,49.64601],[8.7234,49.64969],[8.72674,49.64937],[8.72906,49.64993],[8.73059,49.65405],[8.7298,49.65548],[8.73112,49.65623],[8.72832,49.66031],[8.72138,49.66526],[8.72083,49.66729],[8.72405,49.66886],[8.72117,49.68057],[8.72056,49.68253],[8.7173,49.68236],[8.71322,49.68135],[8.71251,49.68955],[8.71014,49.69066],[8.70734,49.69513],[8.70345,49.69603],[8.70178,49.69765],[8.69811,49.69807],[8.6894,49.69724],[8.68188,49.693],[8.67937,49.69436],[8.6763,49.69461],[8.67542,49.69619],[8.67341,49.6979],[8.67167,49.69662],[8.66262,49.69913],[8.65929,49.69849],[8.65573,49.7013],[8.65793,49.70311],[8.65682,49.70454],[8.65985,49.70508],[8.66283,49.7092],[8.66341,49.71354],[8.66618,49.71445],[8.66644,49.71607],[8.67032,49.71699],[8.66783,49.71752],[8.66809,49.71896],[8.6725,49.72256],[8.6736,49.72518],[8.67704,49.72757],[8.67947,49.72857],[8.68442,49.72967],[8.68619,49.73053],[8.68585,49.73255],[8.68477,49.73391],[8.68288,49.73533],[8.68232,49.73654],[8.68365,49.73743],[8.6813,49.73944],[8.68138,49.74284],[8.67983,49.74401],[8.68517,49.74711],[8.68913,49.74825],[8.68954,49.74952],[8.69114,49.75062],[8.69587,49.75214],[8.70131,49.75462],[8.70279,49.75392],[8.70557,49.75844],[8.70349,49.76067],[8.70226,49.764],[8.70219,49.76588],[8.69994,49.77083],[8.70001,49.77264],[8.70162,49.77709],[8.70372,49.78147],[8.6981,49.78024],[8.69958,49.77834],[8.69836,49.7779],[8.69386,49.77874],[8.69051,49.77734],[8.69493,49.77415],[8.69362,49.77341],[8.68691,49.77455],[8.67559,49.7726],[8.67297,49.77304],[8.66406,49.776],[8.66237,49.77741],[8.66295,49.77963],[8.66555,49.78144],[8.6654,49.78341],[8.66707,49.7871],[8.66621,49.78872],[8.66115,49.78809],[8.65898,49.78844],[8.66107,49.7901],[8.65997,49.79152],[8.65632,49.79208],[8.66181,49.79404],[8.65696,49.79764],[8.65462,49.79655],[8.65183,49.79682],[8.6513,49.79584],[8.64969,49.79612],[8.65035,49.79165],[8.64707,49.78984],[8.64559,49.78635],[8.62604,49.77643],[8.61729,49.77195],[8.62499,49.76247],[8.62607,49.75783],[8.62533,49.75277],[8.62034,49.74672],[8.61652,49.74392],[8.61012,49.74564],[8.60007,49.74763],[8.59702,49.7489],[8.58976,49.75033],[8.58789,49.7503],[8.58758,49.75151],[8.58582,49.75231],[8.58395,49.75492],[8.58258,49.7553],[8.5867,49.75871],[8.57052,49.76237],[8.56434,49.76505],[8.56241,49.76667],[8.56,49.76606],[8.56154,49.76508],[8.55468,49.76038],[8.55605,49.75934],[8.5555,49.75349],[8.55404,49.75379],[8.55673,49.74929],[8.55646,49.73938],[8.55864,49.73839],[8.55801,49.73558],[8.55966,49.73295],[8.55927,49.72879],[8.55562,49.72807],[8.55249,49.72644],[8.54872,49.72404],[8.54707,49.7215],[8.54652,49.71709],[8.54878,49.71451],[8.5535,49.70753],[8.55702,49.70597],[8.55739,49.7039],[8.55681,49.70168],[8.55713,49.69774],[8.55775,49.69687],[8.55548,49.69657],[8.55642,49.69267],[8.55829,49.69011],[8.55936,49.68982],[8.55965,49.68867],[8.56381,49.68858],[8.56507,49.68733],[8.56548,49.68551],[8.56788,49.68487],[8.5682,49.68353],[8.56995,49.68249],[8.58048,49.68379],[8.58408,49.67995],[8.5789,49.67741],[8.57427,49.67418],[8.57164,49.67285],[8.57266,49.6719],[8.57455,49.6684],[8.58341,49.66563],[8.58183,49.66498],[8.58315,49.6622],[8.58339,49.6575],[8.58459,49.6559],[8.58731,49.65387],[8.59097,49.6532],[8.59455,49.6533],[8.58898,49.64597],[8.59438,49.64041],[8.59588,49.63266],[8.59596,49.63154],[8.5957,49.62177],[8.59579,49.62063],[8.59777,49.61114],[8.60106,49.61145],[8.61372,49.61443],[8.62023,49.61558],[8.63296,49.61751],[8.64288,49.61974],[8.65042,49.62088],[8.65261,49.61838],[8.65398,49.61839],[8.65574,49.61937],[8.66197,49.62133],[8.66366,49.62158],[8.66605,49.62133],[8.67031,49.6238],[8.67658,49.6245],[8.67793,49.62595],[8.67944,49.62567],[8.68662,49.62272],[8.69009,49.62352],[8.69231,49.62374]]],[[[8.68371,49.61911],[8.68405,49.62022],[8.68012,49.62029],[8.68007,49.61866],[8.68371,49.61911]]],[[[8.69384,49.61935],[8.69035,49.61893],[8.68693,49.61635],[8.68839,49.61462],[8.68484,49.61422],[8.68318,49.61632],[8.67965,49.61471],[8.67888,49.61387],[8.67929,49.61186],[8.68438,49.61005],[8.68491,49.61104],[8.68476,49.61303],[8.68689,49.61321],[8.6878,49.61042],[8.68637,49.60848],[8.68388,49.60848],[8.68122,49.60919],[8.68011,49.60858],[8.67779,49.609],[8.67803,49.60988],[8.67734,49.61353],[8.67299,49.61334],[8.67214,49.61119],[8.67281,49.60916],[8.67451,49.60756],[8.67632,49.60802],[8.68,49.60709],[8.68038,49.60466],[8.68213,49.60347],[8.68531,49.60398],[8.68914,49.60555],[8.69057,49.60735],[8.69244,49.61032],[8.69647,49.61491],[8.69384,49.61935]]],[[[8.89428,49.73945],[8.89728,49.73999],[8.89996,49.73793],[8.90311,49.73767],[8.90433,49.74018],[8.90148,49.74191],[8.898,49.74521],[8.90062,49.74603],[8.90321,49.74294],[8.9042,49.74328],[8.90285,49.74521],[8.90439,49.74565],[8.90539,49.74465],[8.90885,49.74575],[8.91176,49.74491],[8.91355,49.74675],[8.91543,49.74601],[8.92018,49.74886],[8.91929,49.74961],[8.92098,49.75069],[8.91847,49.75338],[8.92073,49.75493],[8.92624,49.75411],[8.92784,49.75716],[8.92735,49.75969],[8.92541,49.7613],[8.92574,49.7652],[8.92175,49.76523],[8.92123,49.76867],[8.91539,49.76975],[8.91566,49.77155],[8.91845,49.77137],[8.92049,49.77722],[8.91792,49.77806],[8.91808,49.77942],[8.92259,49.77928],[8.92292,49.78137],[8.91758,49.78288],[8.91566,49.78715],[8.90934,49.78803],[8.9066,49.78701],[8.89831,49.78914],[8.89955,49.79149],[8.8945,49.79171],[8.88966,49.7893],[8.8876,49.79021],[8.8818,49.7882],[8.87454,49.78841],[8.87384,49.79069],[8.87394,49.79224],[8.87554,49.79549],[8.873,49.79733],[8.86969,49.7981],[8.86872,49.79677],[8.86515,49.79627],[8.86593,49.79274],[8.86385,49.79175],[8.85952,49.79123],[8.85747,49.78957],[8.85459,49.79002],[8.85352,49.78765],[8.85588,49.78734],[8.85409,49.78486],[8.85107,49.78273],[8.84742,49.78051],[8.8453,49.77807],[8.84729,49.77719],[8.84575,49.77419],[8.84278,49.77259],[8.84163,49.7692],[8.84076,49.76872],[8.84308,49.76744],[8.84291,49.76437],[8.85026,49.7635],[8.85427,49.76255],[8.85845,49.76199],[8.86289,49.76199],[8.86832,49.76604],[8.87097,49.76755],[8.87686,49.76847],[8.87653,49.76744],[8.87494,49.76675],[8.87451,49.76515],[8.87484,49.76406],[8.87306,49.75727],[8.87377,49.75524],[8.87421,49.75099],[8.87402,49.74756],[8.87314,49.74481],[8.87718,49.74372],[8.87877,49.74429],[8.88319,49.7437],[8.88639,49.74481],[8.88842,49.74376],[8.8913,49.74095],[8.89428,49.73945]]],[[[9.03404,49.8621],[9.02984,49.86616],[9.02536,49.86904],[9.02315,49.86957],[9.0257,49.87365],[9.02178,49.87425],[9.01622,49.87622],[9.01252,49.87561],[9.01452,49.87226],[9.01207,49.87213],[9.01071,49.87053],[9.00827,49.87037],[9.00643,49.86959],[9.00141,49.87376],[8.99949,49.87744],[8.99771,49.87805],[8.99549,49.87813],[8.99518,49.87952],[8.99295,49.88089],[8.99716,49.88304],[9.00313,49.8854],[9.00285,49.89079],[9.00007,49.89421],[8.99144,49.89223],[8.98995,49.89447],[8.98076,49.89798],[8.97991,49.89902],[8.98074,49.90265],[8.97884,49.90239],[8.97819,49.89958],[8.97306,49.89966],[8.96921,49.90406],[8.96761,49.90318],[8.96041,49.90919],[8.96158,49.90968],[8.96371,49.91157],[8.95747,49.91614],[8.95719,49.91948],[8.95052,49.91729],[8.95165,49.91466],[8.94836,49.91372],[8.94381,49.91272],[8.94399,49.91404],[8.92728,49.91063],[8.92352,49.91572],[8.91474,49.91358],[8.91247,49.9119],[8.91107,49.91215],[8.90993,49.90785],[8.90049,49.90849],[8.90106,49.91142],[8.8974,49.91213],[8.89357,49.91122],[8.88205,49.91144],[8.87575,49.90646],[8.87314,49.90579],[8.87149,49.90652],[8.86629,49.90502],[8.8649,49.90061],[8.86401,49.89854],[8.86196,49.89518],[8.85969,49.89263],[8.8567,49.89049],[8.85169,49.88842],[8.84794,49.88755],[8.84484,49.88722],[8.8454,49.88423],[8.83987,49.88422],[8.8395,49.88295],[8.84257,49.88262],[8.84287,49.88136],[8.84265,49.87876],[8.8448,49.87918],[8.84478,49.88044],[8.84952,49.88099],[8.8565,49.86855],[8.86328,49.86967],[8.86538,49.86447],[8.87528,49.86818],[8.87984,49.86955],[8.88369,49.86973],[8.88289,49.86826],[8.89156,49.86727],[8.89337,49.86446],[8.89186,49.86072],[8.89716,49.85712],[8.89661,49.85371],[8.90016,49.85201],[8.90434,49.84679],[8.9186,49.84581],[8.92025,49.84258],[8.92404,49.8429],[8.9314,49.84043],[8.93029,49.83578],[8.93015,49.83182],[8.93158,49.83208],[8.93308,49.82838],[8.93107,49.82771],[8.93559,49.82651],[8.93597,49.82328],[8.93402,49.82344],[8.93337,49.82065],[8.93726,49.81921],[8.93616,49.81759],[8.93781,49.8151],[8.94308,49.8144],[8.94494,49.81627],[8.94698,49.81718],[8.94821,49.8188],[8.95277,49.81706],[8.95414,49.81287],[8.95708,49.81364],[8.96,49.81336],[8.96479,49.81182],[8.96695,49.81241],[8.96723,49.81378],[8.97136,49.81648],[8.97111,49.81831],[8.97393,49.81964],[8.98399,49.82128],[8.98724,49.82115],[8.99082,49.82021],[8.99407,49.82255],[8.99947,49.82394],[8.99952,49.82599],[9.00254,49.8284],[9.00775,49.83113],[9.01256,49.83499],[9.01181,49.83903],[9.00842,49.84305],[9.01001,49.84442],[9.00797,49.845],[9.00569,49.8469],[9.00659,49.85059],[9.00527,49.8507],[9.00501,49.85566],[9.00844,49.85499],[9.014,49.85435],[9.01798,49.8527],[9.02125,49.85316],[9.02273,49.85244],[9.02637,49.85358],[9.02815,49.85449],[9.02867,49.85571],[9.0333,49.85251],[9.0362,49.85098],[9.03554,49.84968],[9.03606,49.84824],[9.03608,49.8465],[9.03791,49.8471],[9.04077,49.84748],[9.04164,49.84955],[9.04311,49.85034],[9.04245,49.85287],[9.04268,49.85444],[9.0437,49.85554],[9.04092,49.85691],[9.03825,49.8575],[9.03379,49.86044],[9.03404,49.8621]]],[[[8.78042,49.8499],[8.78399,49.85033],[8.79002,49.85535],[8.79187,49.85654],[8.79475,49.85598],[8.79747,49.85718],[8.79513,49.85945],[8.80068,49.86197],[8.79983,49.86287],[8.80106,49.86562],[8.80114,49.86787],[8.80499,49.86784],[8.8046,49.8746],[8.80262,49.87497],[8.80895,49.87809],[8.80622,49.88021],[8.80471,49.87963],[8.80302,49.88098],[8.79638,49.87893],[8.74016,49.89216],[8.73828,49.88983],[8.73546,49.88898],[8.73296,49.88785],[8.7296,49.88538],[8.72705,49.88386],[8.72639,49.88236],[8.72744,49.87912],[8.72593,49.87706],[8.72886,49.87487],[8.72872,49.87263],[8.72678,49.86998],[8.73083,49.86841],[8.73089,49.86544],[8.72913,49.86297],[8.72704,49.86306],[8.72521,49.85714],[8.72582,49.85572],[8.7297,49.85261],[8.73113,49.8532],[8.7323,49.85259],[8.73658,49.85266],[8.7381,49.85228],[8.73899,49.85117],[8.74432,49.85056],[8.74544,49.84967],[8.74949,49.84804],[8.75057,49.84672],[8.76508,49.84974],[8.76537,49.84884],[8.77231,49.85011],[8.7775,49.84932],[8.78042,49.8499]]],[[[8.75614,49.98884],[8.75704,49.98756],[8.76089,49.98637],[8.7611,49.98449],[8.76572,49.98552],[8.77418,49.98254],[8.79839,49.98855],[8.79658,49.99085],[8.80137,49.99219],[8.80991,50.0052],[8.81092,50.00662],[8.81537,50.00824],[8.81899,50.00753],[8.82663,50.00898],[8.81889,50.02733],[8.81387,50.02474],[8.80547,50.02681],[8.79956,50.02899],[8.79925,50.03252],[8.79669,50.03648],[8.78331,50.03876],[8.7821,50.03748],[8.77856,50.03944],[8.77493,50.03662],[8.76812,50.0345],[8.7609,50.02713],[8.75632,50.02533],[8.74652,50.02251],[8.75582,50.01354],[8.75841,50.01522],[8.75933,50.01437],[8.75608,50.01132],[8.75505,50.00824],[8.75627,50.00655],[8.75765,50.00005],[8.75757,49.99838],[8.75583,49.99351],[8.75565,49.98954],[8.75614,49.98884]]]]},"properties":{"idApp":923012,"aopId":"hessische-bergstrasse","name":"Hessische Bergstraße","nameJa":"ヘシッシェ・ベルクシュトラーセ","kind":"regional","tags":[],"rank":0},"bbox":[8.54652,49.60347,9.0437,50.03944]},{"type":"Feature","geometry":{"type":"Polygon","coordinates":[[[7.01324,50.49884],[7.01642,50.4997],[7.01979,50.49989],[7.02114,50.49914],[7.02123,50.4977],[7.03867,50.49674],[7.04394,50.49538],[7.05118,50.49699],[7.05345,50.49827],[7.05431,50.49999],[7.05778,50.50098],[7.05971,50.50208],[7.06728,50.50296],[7.06914,50.50145],[7.074,50.50106],[7.07424,50.49873],[7.07518,50.49864],[7.07571,50.49699],[7.07695,50.4964],[7.07981,50.4967],[7.08017,50.49533],[7.08171,50.49465],[7.07891,50.49103],[7.07268,50.49041],[7.06755,50.4893],[7.06681,50.48488],[7.06474,50.48136],[7.06748,50.48058],[7.07201,50.48002],[7.07403,50.48021],[7.07627,50.47937],[7.07854,50.47916],[7.084,50.48068],[7.08667,50.4783],[7.09079,50.4772],[7.0936,50.47685],[7.09678,50.4771],[7.0965,50.47773],[7.09925,50.47815],[7.10157,50.47786],[7.10261,50.48221],[7.10581,50.48503],[7.10831,50.48649],[7.10931,50.48848],[7.1136,50.49248],[7.11756,50.49455],[7.12482,50.50215],[7.12857,50.50393],[7.1387,50.50412],[7.14315,50.50614],[7.1481,50.51219],[7.15754,50.51168],[7.15087,50.51304],[7.15341,50.51487],[7.15593,50.51269],[7.15917,50.51495],[7.16143,50.51571],[7.16249,50.515],[7.16494,50.51581],[7.17009,50.51909],[7.16971,50.52005],[7.17363,50.52118],[7.17833,50.52472],[7.18711,50.52678],[7.18773,50.5342],[7.19069,50.53542],[7.20077,50.53698],[7.20302,50.54301],[7.20873,50.54478],[7.20588,50.54639],[7.20273,50.54977],[7.20351,50.55117],[7.19782,50.55683],[7.1994,50.55934],[7.20383,50.56367],[7.19867,50.56484],[7.20116,50.5654],[7.20089,50.56707],[7.1997,50.56819],[7.1977,50.568],[7.19672,50.56703],[7.19465,50.56708],[7.19213,50.56875],[7.19377,50.56911],[7.18932,50.57061],[7.18354,50.5708],[7.18126,50.57146],[7.18191,50.57345],[7.18056,50.57326],[7.18032,50.57445],[7.17882,50.57631],[7.17673,50.5767],[7.17455,50.57775],[7.17291,50.57944],[7.17101,50.57934],[7.16889,50.58122],[7.16909,50.58243],[7.17244,50.58585],[7.17165,50.58763],[7.16671,50.59133],[7.16604,50.59225],[7.16391,50.59342],[7.16342,50.59506],[7.16582,50.59565],[7.16509,50.59922],[7.15572,50.59889],[7.15342,50.59949],[7.14785,50.60029],[7.13981,50.60064],[7.14,50.60176],[7.13543,50.60217],[7.1356,50.60297],[7.13123,50.60368],[7.12585,50.60636],[7.12516,50.60828],[7.12143,50.61053],[7.11939,50.61231],[7.11512,50.61179],[7.11182,50.60926],[7.11279,50.60821],[7.11265,50.60571],[7.11028,50.60255],[7.1119,50.60195],[7.10532,50.59665],[7.10472,50.59239],[7.1038,50.59132],[7.10004,50.58909],[7.09509,50.58744],[7.09527,50.58637],[7.09081,50.58591],[7.08743,50.58601],[7.08487,50.58644],[7.08548,50.58818],[7.07251,50.59206],[7.07148,50.59306],[7.06903,50.59274],[7.06824,50.59379],[7.06646,50.59758],[7.06635,50.6007],[7.05925,50.60037],[7.05907,50.6038],[7.05613,50.60624],[7.05508,50.60492],[7.0515,50.60343],[7.05118,50.60461],[7.04919,50.60434],[7.04901,50.60321],[7.04681,50.60186],[7.03528,50.59436],[7.03197,50.58997],[7.02237,50.5827],[7.01591,50.57699],[7.01024,50.57291],[6.9981,50.56505],[6.99964,50.56138],[7.00307,50.55813],[7.00431,50.55793],[7.0036,50.55482],[7.00476,50.5517],[7.00611,50.55104],[7.00387,50.54834],[7.00693,50.54706],[7.0056,50.54491],[7.00061,50.54619],[6.99897,50.54545],[6.99493,50.54555],[6.99474,50.54428],[6.9931,50.54476],[6.99019,50.54133],[6.98605,50.53973],[6.98144,50.53528],[6.98232,50.53031],[6.98075,50.52731],[6.97689,50.52565],[6.97502,50.52365],[6.97013,50.52299],[6.96974,50.52173],[6.96771,50.5207],[6.96549,50.52151],[6.96275,50.52166],[6.95744,50.51974],[6.95595,50.5178],[6.95168,50.51634],[6.94892,50.51234],[6.94472,50.51298],[6.94326,50.51203],[6.94117,50.51147],[6.941,50.50997],[6.94279,50.50604],[6.94883,50.50693],[6.95008,50.50498],[6.95044,50.50221],[6.95215,50.50082],[6.9541,50.50043],[6.9588,50.50067],[6.96074,50.49857],[6.9579,50.49764],[6.95525,50.4976],[6.95577,50.49576],[6.95418,50.49545],[6.95271,50.49417],[6.95253,50.4925],[6.94826,50.48825],[6.94767,50.48649],[6.94563,50.48545],[6.94167,50.48485],[6.93955,50.48398],[6.93765,50.48177],[6.93911,50.48003],[6.93902,50.47734],[6.95069,50.4791],[6.95602,50.48063],[6.95955,50.478],[6.96635,50.47697],[6.96829,50.47653],[6.9742,50.47251],[6.97249,50.47039],[6.97205,50.46742],[6.96899,50.46482],[6.97554,50.46156],[6.97479,50.46009],[6.9756,50.45781],[6.97963,50.45645],[6.98148,50.45795],[6.98303,50.4608],[6.98464,50.46203],[6.99096,50.45865],[6.99375,50.46108],[6.99372,50.46343],[6.99494,50.46478],[6.99241,50.46462],[6.99149,50.46586],[6.99162,50.4677],[6.99331,50.46791],[6.99456,50.4714],[6.99715,50.47193],[6.99888,50.47403],[6.99723,50.47455],[6.99825,50.47546],[6.99754,50.47692],[6.999,50.4774],[6.99719,50.48232],[6.99473,50.4826],[6.99475,50.48429],[6.99372,50.48603],[6.99514,50.48917],[6.99805,50.4926],[6.99983,50.49324],[7.00123,50.49512],[7.00417,50.49684],[7.0065,50.49664],[7.01072,50.49911],[7.01324,50.49884]]]},"properties":{"idApp":923005,"aopId":"ahr","name":"Ahr","nameJa":"アール","kind":"regional","tags":[],"rank":0},"bbox":[6.93765,50.45645,7.20873,50.61231]},{"type":"Feature","geometry":{"type":"Polygon","coordinates":[[[9.87447,49.76645],[9.87846,49.76751],[9.88677,49.76814],[9.89159,49.76727],[9.89627,49.76738],[9.89534,49.76608],[9.89362,49.76492],[9.89143,49.76213],[9.8891,49.75968],[9.88597,49.75839],[9.88483,49.75744],[9.88068,49.75615],[9.87683,49.75309],[9.88211,49.74713],[9.88546,49.746],[9.88758,49.74442],[9.88983,49.74504],[9.8905,49.74447],[9.895,49.74428],[9.89837,49.74474],[9.90246,49.74757],[9.9049,49.7461],[9.91167,49.74395],[9.91662,49.74087],[9.92188,49.73896],[9.9285,49.73743],[9.93173,49.73558],[9.93557,49.73504],[9.93511,49.73029],[9.93942,49.72756],[9.93696,49.7268],[9.9393,49.72413],[9.93718,49.72321],[9.93981,49.72018],[9.94366,49.72108],[9.94722,49.71764],[9.94807,49.71389],[9.94826,49.71091],[9.9524,49.71155],[9.95288,49.7142],[9.95659,49.71419],[9.95832,49.71384],[9.95926,49.71199],[9.96124,49.71232],[9.96157,49.71016],[9.96603,49.71098],[9.97244,49.71116],[9.98001,49.71252],[9.98238,49.71344],[9.98208,49.71527],[9.9835,49.71642],[9.98583,49.72014],[9.98551,49.72263],[9.97879,49.72271],[9.97744,49.72484],[9.97407,49.72797],[9.97303,49.72946],[9.97372,49.73197],[9.97953,49.73226],[9.98077,49.7331],[9.98027,49.73586],[9.98168,49.73644],[9.98563,49.737],[9.98485,49.74303],[9.9856,49.74416],[9.98446,49.74759],[9.98291,49.74992],[9.97994,49.75327],[9.97772,49.75743],[9.97459,49.76061],[9.97181,49.7619],[9.97,49.76234],[9.96527,49.76268],[9.95756,49.76428],[9.95479,49.76504],[9.95314,49.76582],[9.95375,49.76737],[9.95975,49.76594],[9.96181,49.77075],[9.96387,49.77218],[9.96612,49.77219],[9.96863,49.77292],[9.97044,49.7721],[9.97365,49.77355],[9.97555,49.77229],[9.98015,49.77143],[9.9795,49.77485],[9.978,49.77493],[9.97655,49.77747],[9.97572,49.78112],[9.97448,49.78185],[9.9761,49.78363],[9.97962,49.78428],[9.98348,49.78836],[9.9855,49.78916],[9.98539,49.79019],[9.98889,49.79008],[9.99461,49.78929],[9.99826,49.78751],[9.9999,49.78756],[10.00386,49.79294],[10.0054,49.79269],[10.00925,49.79588],[10.00727,49.80041],[10.0144,49.8021],[10.01328,49.80425],[10.01003,49.80348],[10.00759,49.80422],[10.00943,49.80751],[10.0055,49.80857],[10.00429,49.81278],[10.00396,49.81513],[10.00397,49.81931],[10.00096,49.81806],[9.99954,49.82029],[9.99479,49.82369],[9.99048,49.8233],[9.9871,49.82691],[9.98817,49.83035],[9.99006,49.83391],[9.99,49.83604],[9.98774,49.83911],[9.98258,49.83666],[9.98106,49.83765],[9.98001,49.83929],[9.97737,49.83826],[9.97541,49.83912],[9.97206,49.83968],[9.96312,49.83901],[9.95546,49.83722],[9.95039,49.83674],[9.94924,49.83616],[9.95153,49.83477],[9.94684,49.83337],[9.94176,49.83331],[9.9418,49.834],[9.93804,49.83386],[9.93737,49.83571],[9.93382,49.83533],[9.93225,49.83806],[9.92881,49.84208],[9.92551,49.84111],[9.92207,49.84464],[9.92004,49.84466],[9.92075,49.8434],[9.92006,49.84286],[9.918,49.84387],[9.91335,49.84525],[9.90961,49.84412],[9.90968,49.84139],[9.90917,49.84047],[9.90923,49.83561],[9.90878,49.82905],[9.90716,49.82525],[9.90476,49.82554],[9.90471,49.82428],[9.89999,49.82476],[9.90035,49.82573],[9.89673,49.82601],[9.89466,49.82711],[9.88602,49.82449],[9.88809,49.82223],[9.8872,49.82123],[9.88322,49.82055],[9.87968,49.82229],[9.8769,49.82307],[9.8724,49.82225],[9.87338,49.81992],[9.87283,49.81481],[9.8734,49.81223],[9.87565,49.80796],[9.87729,49.80602],[9.87984,49.80353],[9.8835,49.79851],[9.88174,49.7971],[9.87802,49.79908],[9.87503,49.79687],[9.87167,49.7964],[9.87231,49.79467],[9.87483,49.79509],[9.87825,49.79708],[9.88254,49.79471],[9.88416,49.79311],[9.88924,49.79095],[9.89645,49.78905],[9.89905,49.78598],[9.90304,49.78416],[9.90604,49.78233],[9.90969,49.77894],[9.91204,49.77606],[9.91022,49.77568],[9.90825,49.77657],[9.90634,49.77692],[9.90604,49.77768],[9.90323,49.77735],[9.90036,49.77914],[9.89987,49.78114],[9.89673,49.77992],[9.89405,49.78013],[9.89274,49.77797],[9.89369,49.77768],[9.89031,49.77591],[9.88469,49.77423],[9.881,49.77369],[9.8745,49.77161],[9.87663,49.77012],[9.87684,49.76886],[9.87447,49.76645]]]},"properties":{"idApp":923014,"aopId":"wuerzburger-stein-berg","name":"Würzburger Stein-Berg","nameJa":"ヴュルツブルガー・シュタイン・ベルク","kind":"vineyard","tags":[],"rank":2},"bbox":[9.87167,49.71016,10.0144,49.84525]},{"type":"Feature","geometry":{"type":"Polygon","coordinates":[[[7.40802,50.27287],[7.41107,50.27505],[7.41262,50.2748],[7.41298,50.27682],[7.41665,50.27931],[7.4206,50.28165],[7.42197,50.28114],[7.42534,50.28397],[7.42622,50.28563],[7.42976,50.28606],[7.43089,50.28572],[7.43457,50.28576],[7.43826,50.28746],[7.44068,50.28805],[7.44299,50.28788],[7.44751,50.29022],[7.44726,50.28877],[7.45117,50.2899],[7.45774,50.28825],[7.46268,50.29315],[7.46389,50.29604],[7.46377,50.29977],[7.46245,50.30581],[7.46254,50.30849],[7.46321,50.31189],[7.46481,50.31424],[7.46735,50.31643],[7.47382,50.31991],[7.47546,50.32048],[7.47852,50.32096],[7.48382,50.32065],[7.48781,50.31933],[7.49091,50.3171],[7.49854,50.31041],[7.50153,50.30851],[7.50562,50.30751],[7.50752,50.30742],[7.51173,50.30791],[7.5157,50.30913],[7.51787,50.30996],[7.52145,50.31212],[7.52919,50.31964],[7.53208,50.32168],[7.53465,50.32272],[7.53164,50.32659],[7.53352,50.32734],[7.53256,50.32971],[7.53317,50.33076],[7.53195,50.33289],[7.52988,50.33312],[7.53043,50.33406],[7.52641,50.33508],[7.5248,50.33652],[7.52312,50.33597],[7.52192,50.33665],[7.51836,50.3353],[7.51885,50.33398],[7.51622,50.3333],[7.51475,50.33774],[7.51397,50.33794],[7.51035,50.33613],[7.51091,50.33373],[7.50884,50.32993],[7.50653,50.32926],[7.50276,50.33037],[7.50184,50.33158],[7.50256,50.33272],[7.50003,50.33528],[7.49948,50.3367],[7.49705,50.33791],[7.49607,50.33912],[7.4936,50.34052],[7.4956,50.34247],[7.49558,50.3437],[7.49681,50.34445],[7.4969,50.34714],[7.49474,50.34888],[7.49313,50.34801],[7.49008,50.35126],[7.48237,50.3477],[7.48373,50.34624],[7.4818,50.3457],[7.48249,50.34392],[7.48475,50.34432],[7.48749,50.33868],[7.4891,50.33916],[7.48998,50.33829],[7.48927,50.33726],[7.49006,50.33628],[7.48709,50.3331],[7.48065,50.3302],[7.47971,50.3308],[7.47552,50.3297],[7.47526,50.33062],[7.47325,50.33161],[7.46913,50.33251],[7.46663,50.32982],[7.46383,50.33054],[7.46455,50.33156],[7.46061,50.33306],[7.45957,50.33269],[7.45768,50.33448],[7.45741,50.34129],[7.45411,50.34075],[7.44932,50.34034],[7.44333,50.34033],[7.43722,50.34049],[7.43083,50.34085],[7.4263,50.34049],[7.4256,50.33935],[7.42159,50.33863],[7.41935,50.33713],[7.41645,50.33473],[7.41261,50.33115],[7.40859,50.32783],[7.4092,50.32613],[7.40911,50.3202],[7.41566,50.32295],[7.415,50.3205],[7.41645,50.31935],[7.41687,50.31818],[7.41918,50.3172],[7.42008,50.31629],[7.41766,50.31225],[7.4173,50.30952],[7.41332,50.30821],[7.40936,50.30599],[7.4104,50.30239],[7.41178,50.30112],[7.41372,50.30134],[7.41537,50.2997],[7.41555,50.29876],[7.41144,50.29797],[7.40865,50.2984],[7.40642,50.29815],[7.40435,50.29929],[7.40214,50.29753],[7.39669,50.29177],[7.39869,50.29087],[7.39525,50.28931],[7.39423,50.28799],[7.39547,50.28634],[7.39455,50.28544],[7.39638,50.28477],[7.39909,50.28541],[7.4,50.28353],[7.3958,50.28295],[7.39437,50.282],[7.39575,50.27975],[7.39757,50.27966],[7.39906,50.28029],[7.40037,50.27959],[7.4013,50.27721],[7.40431,50.27787],[7.40491,50.27553],[7.40647,50.27564],[7.40733,50.27493],[7.40719,50.27353],[7.40802,50.27287]]]},"properties":{"idApp":923004,"aopId":"uhlen-roth-lay","name":"Uhlen Roth Lay","nameJa":"ウーレン・ロート・ライ","kind":"vineyard","tags":[],"rank":2},"bbox":[7.39423,50.27287,7.53465,50.35126]},{"type":"Feature","geometry":{"type":"Polygon","coordinates":[[[9.26226,49.72378],[9.25876,49.71646],[9.25964,49.7158],[9.25858,49.71361],[9.2591,49.70703],[9.2639,49.70492],[9.26582,49.70665],[9.26731,49.70519],[9.26869,49.7064],[9.27224,49.70523],[9.2796,49.70346],[9.28564,49.70325],[9.28874,49.70346],[9.29144,49.70603],[9.29466,49.70707],[9.29702,49.70742],[9.30886,49.70779],[9.31382,49.70918],[9.31624,49.70834],[9.31895,49.70918],[9.31492,49.71098],[9.31616,49.71329],[9.31595,49.71507],[9.31758,49.71585],[9.31841,49.71774],[9.33093,49.71652],[9.33901,49.71818],[9.34116,49.71935],[9.33938,49.72043],[9.3465,49.72692],[9.34864,49.72498],[9.35268,49.72446],[9.35618,49.72508],[9.35638,49.72573],[9.35182,49.73237],[9.3462,49.73305],[9.34171,49.7342],[9.33573,49.73412],[9.32932,49.73195],[9.32287,49.73117],[9.31998,49.73224],[9.3159,49.73524],[9.31177,49.73471],[9.30803,49.73605],[9.30008,49.7377],[9.2963,49.73892],[9.29567,49.74053],[9.29352,49.74054],[9.2886,49.7415],[9.28507,49.74183],[9.28068,49.74146],[9.27827,49.74043],[9.27689,49.73947],[9.27246,49.73521],[9.27088,49.73328],[9.26856,49.72954],[9.26614,49.72389],[9.26281,49.72448],[9.26226,49.72378]]]},"properties":{"idApp":923015,"aopId":"buergstadter-berg","name":"Bürgstadter Berg","nameJa":"ビュルクシュタッター・ベルク","kind":"vineyard","tags":[],"rank":2},"bbox":[9.25858,49.70325,9.35638,49.74183]},{"type":"Feature","geometry":{"type":"Polygon","coordinates":[[[7.61134,49.78826],[7.61185,49.79062],[7.61384,49.79064],[7.61376,49.79142],[7.60606,49.79264],[7.60324,49.79454],[7.60823,49.79918],[7.6071,49.80242],[7.60923,49.80266],[7.60914,49.80509],[7.61307,49.80687],[7.61478,49.80647],[7.61569,49.80903],[7.6158,49.81042],[7.61809,49.81194],[7.61881,49.81463],[7.61682,49.81978],[7.61751,49.82185],[7.62142,49.82264],[7.6235,49.82523],[7.62343,49.82667],[7.62227,49.82876],[7.61731,49.82824],[7.61514,49.83224],[7.61373,49.83187],[7.60765,49.82873],[7.60805,49.82687],[7.60392,49.82498],[7.59975,49.82195],[7.59775,49.82175],[7.59396,49.82278],[7.58873,49.82333],[7.58387,49.82482],[7.58348,49.82592],[7.58082,49.82417],[7.57935,49.82354],[7.57415,49.82246],[7.5731,49.82181],[7.56908,49.82221],[7.56766,49.82194],[7.56684,49.82277],[7.5597,49.82305],[7.56245,49.82044],[7.56197,49.81779],[7.56285,49.81514],[7.56556,49.81561],[7.57539,49.81576],[7.57227,49.81031],[7.56928,49.80832],[7.56986,49.80333],[7.56901,49.79805],[7.57104,49.79688],[7.572,49.79457],[7.57472,49.79373],[7.578,49.7942],[7.58011,49.79352],[7.5789,49.79235],[7.58536,49.79127],[7.5868,49.79053],[7.58769,49.79127],[7.58946,49.78952],[7.59125,49.78986],[7.59253,49.78894],[7.59405,49.78891],[7.59627,49.78985],[7.59673,49.79134],[7.61134,49.78826]]]},"properties":{"idApp":923009,"aopId":"monzinger-niederberg","name":"Monzinger Niederberg","nameJa":"モンツィンガー・ニーダーベルク","kind":"vineyard","tags":[],"rank":2},"bbox":[7.5597,49.78826,7.6235,49.83224]},{"type":"Feature","geometry":{"type":"Polygon","coordinates":[[[7.5157,50.30913],[7.51787,50.30996],[7.52145,50.31212],[7.52919,50.31964],[7.53208,50.32168],[7.53465,50.32272],[7.53164,50.32659],[7.53352,50.32734],[7.53256,50.32971],[7.53317,50.33076],[7.53195,50.33289],[7.52988,50.33312],[7.53043,50.33406],[7.52641,50.33508],[7.5248,50.33652],[7.52312,50.33597],[7.52192,50.33665],[7.51836,50.3353],[7.51885,50.33398],[7.51622,50.3333],[7.51475,50.33774],[7.51397,50.33794],[7.51035,50.33613],[7.51091,50.33373],[7.50884,50.32993],[7.50653,50.32926],[7.50276,50.33037],[7.50205,50.32907],[7.49916,50.32815],[7.48986,50.32184],[7.48781,50.31933],[7.49091,50.3171],[7.49854,50.31041],[7.50153,50.30851],[7.50562,50.30751],[7.50752,50.30742],[7.51173,50.30791],[7.5157,50.30913]]]},"properties":{"idApp":923002,"aopId":"uhlen-blaufuesser-lay","name":"Uhlen Blaufüsser Lay","nameJa":"ウーレン・ブラウフューサー・ライ","kind":"vineyard","tags":[],"rank":2},"bbox":[7.48781,50.30742,7.53465,50.33794]},{"type":"Feature","geometry":{"type":"Polygon","coordinates":[[[7.5157,50.30913],[7.51787,50.30996],[7.52145,50.31212],[7.52919,50.31964],[7.53208,50.32168],[7.53465,50.32272],[7.53164,50.32659],[7.53352,50.32734],[7.53256,50.32971],[7.53317,50.33076],[7.53195,50.33289],[7.52988,50.33312],[7.53043,50.33406],[7.52641,50.33508],[7.5248,50.33652],[7.52312,50.33597],[7.52192,50.33665],[7.51836,50.3353],[7.51885,50.33398],[7.51622,50.3333],[7.51475,50.33774],[7.51397,50.33794],[7.51035,50.33613],[7.51091,50.33373],[7.50884,50.32993],[7.50653,50.32926],[7.50276,50.33037],[7.50205,50.32907],[7.49916,50.32815],[7.48986,50.32184],[7.48781,50.31933],[7.49091,50.3171],[7.49854,50.31041],[7.50153,50.30851],[7.50562,50.30751],[7.50752,50.30742],[7.51173,50.30791],[7.5157,50.30913]]]},"properties":{"idApp":923003,"aopId":"uhlen-laubach","name":"Uhlen Laubach","nameJa":"ウーレン・ラウバッハ","kind":"vineyard","tags":[],"rank":2},"bbox":[7.48781,50.30742,7.53465,50.33794]}]}