{"type":"FeatureCollection","features":[{"type":"Feature","properties":{"level":"region","regionId":"languedoc-roussillon","nameJa":"ラングドック・ルーション"},"geometry":{"type":"MultiPolygon","coordinates":[[[[4.50394,43.5803],[4.50424,43.57545],[4.50319,43.57297],[4.49771,43.56872],[4.49647,43.56485],[4.49382,43.56058],[4.48998,43.55763],[4.48654,43.55665],[4.48284,43.55665],[4.47883,43.55762],[4.47444,43.55748],[4.47115,43.55839],[4.46426,43.5616],[4.46194,43.56399],[4.46069,43.56763],[4.45623,43.57382],[4.4532,43.57905],[4.45302,43.58174],[4.45526,43.5854],[4.46193,43.5906],[4.46562,43.59722],[4.4681,43.59999],[4.47428,43.60427],[4.47519,43.60708],[4.47415,43.61017],[4.46922,43.6143],[4.46661,43.61521],[4.46263,43.61499],[4.45391,43.61131],[4.44682,43.61011],[4.44266,43.61018],[4.43899,43.61124],[4.43239,43.61582],[4.42804,43.61997],[4.42695,43.62248],[4.42717,43.62512],[4.42868,43.62753],[4.43277,43.63115],[4.43473,43.63409],[4.43718,43.64205],[4.44056,43.64889],[4.44385,43.65312],[4.44703,43.65869],[4.45094,43.66392],[4.45413,43.66646],[4.45907,43.66839],[4.46916,43.66955],[4.4755,43.67123],[4.47768,43.67303],[4.47851,43.67671],[4.47604,43.68195],[4.47652,43.68683],[4.48075,43.69373],[4.48589,43.69886],[4.48494,43.6998],[4.47103,43.70569],[4.46426,43.70899],[4.45722,43.71176],[4.45146,43.7166],[4.44954,43.72071],[4.44697,43.7234],[4.44627,43.72585],[4.44596,43.73306],[4.44306,43.73996],[4.44119,43.74626],[4.43742,43.74963],[4.43485,43.75473],[4.42962,43.75925],[4.42778,43.76219],[4.42161,43.76865],[4.41876,43.77338],[4.41623,43.77424],[4.40847,43.77293],[4.40484,43.77341],[4.39723,43.77781],[4.39155,43.7847],[4.38573,43.78544],[4.38266,43.78711],[4.37839,43.79234],[4.3775,43.79499],[4.37802,43.7977],[4.37989,43.80007],[4.38625,43.8039],[4.38882,43.80773],[4.3914,43.80977],[4.39833,43.81354],[4.40075,43.81586],[4.40688,43.81867],[4.41019,43.82187],[4.41462,43.82369],[4.41656,43.82859],[4.41859,43.83089],[4.42165,43.83247],[4.42717,43.83307],[4.44942,43.83081],[4.44454,43.83417],[4.44059,43.83614],[4.43406,43.84106],[4.43222,43.84351],[4.43117,43.85158],[4.42548,43.85224],[4.42189,43.85386],[4.41956,43.85643],[4.41779,43.86021],[4.41796,43.86347],[4.42042,43.86693],[4.41855,43.87183],[4.41888,43.87507],[4.42576,43.89225],[4.4257,43.89629],[4.42139,43.89571],[4.41383,43.89604],[4.4087,43.89831],[4.40633,43.90232],[4.40676,43.90524],[4.40834,43.90756],[4.40699,43.90952],[4.40732,43.91467],[4.40201,43.91567],[4.39387,43.92261],[4.39094,43.92269],[4.38744,43.91912],[4.38417,43.91795],[4.37643,43.91796],[4.37816,43.9132],[4.37755,43.91045],[4.37554,43.90806],[4.37244,43.9064],[4.3687,43.90572],[4.36511,43.90596],[4.35702,43.90763],[4.35476,43.90716],[4.348,43.90745],[4.34514,43.90831],[4.3416,43.90661],[4.3412,43.90297],[4.33832,43.89905],[4.3338,43.8968],[4.32923,43.89545],[4.32363,43.89513],[4.30448,43.8995],[4.2892,43.90505],[4.28499,43.90793],[4.27941,43.90633],[4.26984,43.90753],[4.26759,43.90324],[4.26306,43.90035],[4.26024,43.89975],[4.25852,43.89758],[4.25537,43.89572],[4.2491,43.89426],[4.24823,43.89236],[4.24871,43.88959],[4.24791,43.88695],[4.24425,43.88277],[4.24219,43.87851],[4.24008,43.8761],[4.23692,43.87434],[4.23615,43.86982],[4.23654,43.86372],[4.23799,43.85779],[4.23915,43.85719],[4.26703,43.85296],[4.27382,43.85225],[4.27698,43.85105],[4.28391,43.84433],[4.28447,43.84016],[4.28733,43.83808],[4.29222,43.83168],[4.29268,43.8241],[4.29113,43.81993],[4.29499,43.8198],[4.30067,43.81754],[4.30484,43.81343],[4.30824,43.8091],[4.30969,43.80613],[4.31261,43.80373],[4.31604,43.79981],[4.32247,43.79973],[4.32574,43.79854],[4.32819,43.79657],[4.33199,43.79128],[4.33203,43.78686],[4.33052,43.78459],[4.33567,43.77589],[4.33831,43.77368],[4.34317,43.75709],[4.35086,43.75746],[4.35704,43.7564],[4.36201,43.75291],[4.36489,43.75283],[4.37078,43.75036],[4.37338,43.74706],[4.38189,43.74158],[4.38364,43.73887],[4.38372,43.73587],[4.38232,43.73055],[4.38388,43.72001],[4.38292,43.71773],[4.3862,43.70384],[4.38463,43.70001],[4.38052,43.69736],[4.37511,43.6967],[4.34842,43.69918],[4.34699,43.69846],[4.34644,43.69279],[4.33973,43.68041],[4.3444,43.66939],[4.34718,43.66508],[4.35197,43.65581],[4.35178,43.65278],[4.3499,43.65007],[4.34761,43.64852],[4.3459,43.64421],[4.34336,43.64233],[4.33582,43.64058],[4.33042,43.64149],[4.32758,43.64325],[4.32533,43.64629],[4.32239,43.65567],[4.32182,43.66191],[4.32441,43.66759],[4.32437,43.66922],[4.32032,43.67475],[4.31913,43.68421],[4.31927,43.68571],[4.31191,43.69237],[4.31045,43.69522],[4.30967,43.6991],[4.30648,43.70162],[4.30164,43.70368],[4.29706,43.70631],[4.29035,43.71107],[4.28577,43.71584],[4.2823,43.71604],[4.27427,43.71546],[4.26071,43.71663],[4.2561,43.7133],[4.25345,43.70862],[4.25291,43.70511],[4.25142,43.70184],[4.24522,43.69514],[4.24623,43.68642],[4.25303,43.68454],[4.25579,43.68243],[4.26008,43.67521],[4.26363,43.66732],[4.26552,43.66224],[4.26522,43.65913],[4.26387,43.65584],[4.2605,43.6509],[4.25628,43.64148],[4.25432,43.63954],[4.25397,43.63741],[4.25033,43.62768],[4.24583,43.62222],[4.24048,43.62047],[4.23656,43.62069],[4.23308,43.62201],[4.22572,43.62769],[4.22229,43.63094],[4.20545,43.64564],[4.19944,43.64764],[4.19511,43.65078],[4.19153,43.64937],[4.19098,43.64677],[4.19216,43.64194],[4.19072,43.63884],[4.18824,43.63593],[4.18333,43.62851],[4.18067,43.62545],[4.17274,43.6144],[4.1684,43.60875],[4.15563,43.59981],[4.14994,43.59819],[4.14987,43.59202],[4.14856,43.58924],[4.14585,43.58707],[4.14219,43.58586],[4.13817,43.58581],[4.1307,43.58699],[4.12481,43.58896],[4.11889,43.58825],[4.10335,43.58522],[4.09922,43.5854],[4.09559,43.58667],[4.08981,43.59009],[4.08786,43.59266],[4.08748,43.59558],[4.08916,43.59956],[4.09203,43.60319],[4.09341,43.60706],[4.08487,43.61132],[4.07683,43.60656],[4.07335,43.6034],[4.07014,43.602],[4.06145,43.60097],[4.0577,43.60161],[4.05341,43.60437],[4.05119,43.61044],[4.05161,43.61497],[4.04833,43.62041],[4.04779,43.6232],[4.03967,43.62302],[4.03479,43.62457],[4.02914,43.62873],[4.02655,43.63282],[4.02435,43.63499],[4.01937,43.63652],[4.01575,43.63839],[4.01097,43.63984],[4.00458,43.64491],[4.00193,43.648],[3.99199,43.65091],[3.98933,43.65282],[3.98783,43.65532],[3.98772,43.65805],[3.98901,43.66062],[3.99138,43.66268],[3.99396,43.66658],[3.9975,43.6684],[4.01431,43.67333],[4.01823,43.67332],[4.02192,43.67216],[4.02303,43.67428],[4.02778,43.67731],[4.04654,43.68298],[4.05238,43.68455],[4.05622,43.68453],[4.06304,43.68242],[4.06673,43.67885],[4.06867,43.67455],[4.07312,43.67374],[4.07699,43.67096],[4.07817,43.66844],[4.07802,43.66269],[4.08026,43.66222],[4.08917,43.65784],[4.09391,43.65889],[4.1037,43.66309],[4.10753,43.66595],[4.11343,43.66708],[4.11801,43.66624],[4.12069,43.66491],[4.12317,43.66237],[4.12654,43.65414],[4.13056,43.65284],[4.13319,43.65069],[4.13458,43.64606],[4.13343,43.64215],[4.13571,43.64167],[4.13827,43.64549],[4.14373,43.65062],[4.15051,43.65513],[4.15677,43.65862],[4.15972,43.66244],[4.15928,43.66912],[4.15508,43.68016],[4.15602,43.68385],[4.15811,43.68654],[4.16349,43.69012],[4.1646,43.69502],[4.16644,43.69967],[4.16378,43.70322],[4.16327,43.70711],[4.15947,43.71059],[4.15379,43.71481],[4.1509,43.71359],[4.14115,43.7112],[4.13503,43.71116],[4.13126,43.71217],[4.12739,43.71547],[4.12661,43.71833],[4.12753,43.72214],[4.12803,43.72845],[4.1268,43.736],[4.12248,43.73825],[4.12081,43.74062],[4.12044,43.74329],[4.12196,43.74666],[4.12235,43.75162],[4.12584,43.75755],[4.13004,43.76162],[4.13593,43.76562],[4.1401,43.76737],[4.14313,43.76788],[4.13947,43.77141],[4.13773,43.77436],[4.13724,43.7798],[4.13911,43.78438],[4.14435,43.78939],[4.14922,43.79115],[4.15287,43.79115],[4.16206,43.78963],[4.16671,43.78752],[4.16973,43.78354],[4.17228,43.78154],[4.17396,43.77792],[4.17637,43.77617],[4.17788,43.77367],[4.1796,43.76828],[4.17897,43.7654],[4.17635,43.76208],[4.18486,43.76211],[4.18822,43.76072],[4.1937,43.7573],[4.19912,43.7527],[4.20317,43.75053],[4.20919,43.75059],[4.2129,43.75165],[4.21769,43.75191],[4.22508,43.75433],[4.23401,43.75792],[4.23075,43.76473],[4.23251,43.77007],[4.23532,43.77199],[4.24129,43.77308],[4.2541,43.7835],[4.25925,43.78522],[4.26155,43.78746],[4.26489,43.78892],[4.26827,43.78934],[4.27308,43.79403],[4.27582,43.79927],[4.27394,43.80509],[4.27445,43.80904],[4.2764,43.8113],[4.2821,43.81571],[4.28293,43.81796],[4.27824,43.8181],[4.26838,43.81493],[4.26298,43.81503],[4.25653,43.81812],[4.25262,43.81899],[4.24401,43.81792],[4.23974,43.81899],[4.23519,43.81664],[4.23001,43.81496],[4.23057,43.81282],[4.23321,43.81005],[4.23496,43.80533],[4.23363,43.80119],[4.22933,43.7983],[4.22372,43.79697],[4.21976,43.7972],[4.21625,43.79855],[4.21375,43.8008],[4.20635,43.81046],[4.19716,43.8145],[4.18979,43.81654],[4.18704,43.81823],[4.18034,43.81951],[4.17191,43.81948],[4.16523,43.82011],[4.1619,43.82139],[4.15947,43.82349],[4.1583,43.82609],[4.15867,43.82951],[4.16189,43.83336],[4.17758,43.84386],[4.18234,43.84826],[4.18384,43.85137],[4.18752,43.86231],[4.19243,43.86974],[4.19232,43.8739],[4.19642,43.87834],[4.20019,43.87981],[4.20339,43.88012],[4.2087,43.88696],[4.20003,43.89358],[4.19475,43.89442],[4.18359,43.89697],[4.17971,43.89646],[4.17442,43.89732],[4.17113,43.8992],[4.16499,43.899],[4.15754,43.90169],[4.15508,43.90366],[4.15378,43.90614],[4.15433,43.91009],[4.15865,43.91796],[4.16118,43.92039],[4.158,43.92177],[4.1519,43.92166],[4.14719,43.92395],[4.14241,43.93058],[4.14083,43.93397],[4.13632,43.93694],[4.1325,43.94146],[4.12479,43.94599],[4.11799,43.94293],[4.11238,43.94296],[4.1014,43.94697],[4.10024,43.94373],[4.10086,43.94031],[4.09988,43.93746],[4.09675,43.93467],[4.09499,43.9316],[4.09227,43.92975],[4.08613,43.92773],[4.07972,43.92737],[4.06719,43.92882],[4.06601,43.92639],[4.06656,43.92148],[4.06381,43.91711],[4.06308,43.91212],[4.06052,43.90978],[4.05346,43.90573],[4.04765,43.90491],[4.04253,43.90648],[4.03769,43.90454],[4.03404,43.90166],[4.0301,43.90051],[4.02462,43.90054],[4.01821,43.89837],[4.01077,43.89738],[4.00729,43.89757],[4.00287,43.89926],[3.99825,43.89934],[3.98947,43.89763],[3.98379,43.89766],[3.98036,43.89857],[3.97668,43.90139],[3.97084,43.90026],[3.9641,43.90165],[3.95699,43.90118],[3.95606,43.89901],[3.95201,43.89492],[3.94703,43.89306],[3.94328,43.89305],[3.93027,43.89496],[3.92755,43.89586],[3.92656,43.89175],[3.92419,43.88953],[3.92083,43.88813],[3.91468,43.88798],[3.91133,43.88908],[3.90841,43.88391],[3.90376,43.87985],[3.89768,43.8778],[3.88924,43.87859],[3.88176,43.87817],[3.8762,43.87847],[3.86945,43.87704],[3.8605,43.8768],[3.85693,43.87708],[3.85361,43.87476],[3.85125,43.87215],[3.84822,43.87051],[3.84456,43.8698],[3.83806,43.87062],[3.83084,43.8665],[3.83646,43.8625],[3.84028,43.86063],[3.84218,43.85843],[3.84311,43.85518],[3.84225,43.85072],[3.83807,43.8456],[3.83723,43.84181],[3.83522,43.83965],[3.83787,43.83021],[3.8376,43.82595],[3.84417,43.82455],[3.84857,43.82091],[3.84978,43.81831],[3.84893,43.81427],[3.84146,43.80803],[3.84081,43.80126],[3.8397,43.79833],[3.83754,43.79607],[3.83439,43.79456],[3.8284,43.79413],[3.8247,43.79526],[3.82125,43.79835],[3.81774,43.79972],[3.81494,43.79971],[3.81357,43.79593],[3.81085,43.79185],[3.80611,43.78923],[3.80237,43.78846],[3.79485,43.78789],[3.79151,43.78835],[3.78426,43.78648],[3.783,43.78194],[3.78266,43.77736],[3.78057,43.77353],[3.7783,43.77131],[3.77732,43.7683],[3.77519,43.76621],[3.7694,43.76334],[3.764,43.76198],[3.76063,43.76043],[3.75781,43.75801],[3.75413,43.75679],[3.74865,43.75654],[3.74976,43.75402],[3.75312,43.7534],[3.75953,43.75333],[3.76298,43.75187],[3.76872,43.74755],[3.77036,43.7452],[3.77073,43.74258],[3.76805,43.73218],[3.76493,43.72888],[3.75797,43.72627],[3.75331,43.72622],[3.74997,43.72726],[3.74731,43.72586],[3.74338,43.72513],[3.73938,43.72559],[3.73598,43.72719],[3.73354,43.72994],[3.72809,43.73167],[3.71927,43.73772],[3.71641,43.73554],[3.71172,43.72894],[3.70492,43.72542],[3.70153,43.71925],[3.69769,43.71641],[3.69423,43.71553],[3.69057,43.71564],[3.6824,43.717],[3.67857,43.71723],[3.67539,43.71835],[3.67093,43.72151],[3.66913,43.72535],[3.67047,43.72931],[3.67295,43.73137],[3.67624,43.7326],[3.67618,43.73569],[3.67502,43.73851],[3.67572,43.74287],[3.67788,43.74549],[3.67465,43.74966],[3.67355,43.75229],[3.67459,43.75631],[3.67883,43.75945],[3.68085,43.7618],[3.68736,43.767],[3.68015,43.76921],[3.67751,43.77132],[3.67622,43.77402],[3.67647,43.77688],[3.67911,43.78027],[3.67594,43.78395],[3.67177,43.78608],[3.66841,43.78977],[3.66681,43.7936],[3.66745,43.79939],[3.66656,43.80262],[3.66728,43.80552],[3.67096,43.80943],[3.67203,43.81165],[3.6765,43.81475],[3.68231,43.81596],[3.68367,43.821],[3.68623,43.82303],[3.68964,43.82423],[3.69342,43.82442],[3.69901,43.8232],[3.70338,43.82427],[3.70673,43.82417],[3.71031,43.82598],[3.71383,43.82651],[3.72203,43.82488],[3.7244,43.82675],[3.72238,43.83081],[3.72311,43.83371],[3.72713,43.83807],[3.72955,43.84196],[3.73093,43.84611],[3.7337,43.84893],[3.73711,43.8507],[3.74142,43.85129],[3.74793,43.8579],[3.75141,43.85993],[3.76139,43.86913],[3.76309,43.8781],[3.75678,43.8794],[3.74965,43.87882],[3.7473,43.87792],[3.73825,43.8768],[3.73029,43.87895],[3.72767,43.88092],[3.72608,43.88598],[3.72363,43.88884],[3.72301,43.89122],[3.71909,43.89485],[3.71691,43.90101],[3.71835,43.90516],[3.72091,43.90719],[3.72125,43.91051],[3.71281,43.91069],[3.7059,43.91301],[3.70087,43.91241],[3.6978,43.91058],[3.69322,43.90668],[3.68421,43.90285],[3.68069,43.90236],[3.6732,43.89732],[3.66631,43.89508],[3.66853,43.88538],[3.66755,43.88246],[3.66502,43.88008],[3.65684,43.87731],[3.65043,43.87345],[3.6396,43.87053],[3.63084,43.86492],[3.62231,43.86231],[3.61845,43.8597],[3.61517,43.85864],[3.61015,43.85571],[3.6024,43.85397],[3.59638,43.85009],[3.59282,43.84901],[3.58448,43.84804],[3.5811,43.84818],[3.5767,43.83945],[3.5726,43.83589],[3.56368,43.83315],[3.56129,43.82862],[3.56596,43.82721],[3.56865,43.82541],[3.57026,43.82303],[3.56992,43.81707],[3.56668,43.81357],[3.55767,43.811],[3.55344,43.80615],[3.54789,43.80365],[3.54559,43.7983],[3.54348,43.79578],[3.54021,43.7941],[3.53909,43.79119],[3.54103,43.78755],[3.54344,43.78572],[3.54774,43.78868],[3.5532,43.7899],[3.55946,43.78836],[3.56353,43.78979],[3.56716,43.79008],[3.57068,43.78939],[3.57778,43.78596],[3.58255,43.78295],[3.58763,43.77773],[3.58874,43.77512],[3.58873,43.77156],[3.58772,43.768],[3.58425,43.76329],[3.58234,43.76177],[3.5832,43.7554],[3.58264,43.75247],[3.58052,43.74994],[3.57486,43.74714],[3.56698,43.74424],[3.56294,43.74377],[3.56049,43.74251],[3.55094,43.72726],[3.55148,43.72053],[3.54851,43.71682],[3.54511,43.71533],[3.54119,43.71492],[3.53569,43.71643],[3.52517,43.72482],[3.52327,43.72716],[3.51792,43.73123],[3.51647,43.73428],[3.50989,43.73795],[3.50832,43.73968],[3.50147,43.74294],[3.49492,43.74849],[3.48928,43.75139],[3.4872,43.75528],[3.47402,43.76252],[3.47172,43.76514],[3.47024,43.76831],[3.46578,43.76706],[3.4602,43.76774],[3.45717,43.76941],[3.45456,43.77238],[3.45037,43.77437],[3.4464,43.77521],[3.44243,43.7774],[3.43901,43.77357],[3.43592,43.7711],[3.43266,43.7697],[3.42892,43.76928],[3.42285,43.77099],[3.40843,43.76591],[3.40532,43.76119],[3.39979,43.75682],[3.3954,43.75497],[3.39342,43.75309],[3.38687,43.75044],[3.38297,43.75015],[3.3776,43.7518],[3.37324,43.75557],[3.36726,43.75942],[3.36576,43.76329],[3.3675,43.77105],[3.3667,43.77717],[3.36772,43.78048],[3.37055,43.78545],[3.37543,43.78872],[3.37592,43.78985],[3.37546,43.79565],[3.37593,43.8004],[3.36893,43.80395],[3.36623,43.80773],[3.36617,43.81195],[3.36859,43.82017],[3.37206,43.82336],[3.3766,43.82469],[3.37577,43.83058],[3.3701,43.85152],[3.36646,43.85098],[3.36046,43.849],[3.35901,43.84794],[3.35202,43.84506],[3.3482,43.84444],[3.34239,43.84212],[3.33943,43.83782],[3.33112,43.82942],[3.32628,43.82752],[3.31763,43.82812],[3.31013,43.8315],[3.30635,43.83047],[3.30514,43.82787],[3.30272,43.82569],[3.29935,43.82433],[3.29553,43.82401],[3.29184,43.82476],[3.28844,43.82672],[3.28591,43.82989],[3.27478,43.82586],[3.2706,43.82574],[3.26814,43.8248],[3.26378,43.82037],[3.26109,43.81856],[3.25774,43.81753],[3.25409,43.81495],[3.24605,43.81354],[3.24527,43.81217],[3.24531,43.80668],[3.24412,43.80402],[3.24335,43.79938],[3.24189,43.79605],[3.24256,43.7928],[3.25159,43.78572],[3.25716,43.77839],[3.26011,43.77667],[3.26267,43.7735],[3.26683,43.76976],[3.28396,43.76489],[3.28785,43.76295],[3.29449,43.7566],[3.3002,43.75251],[3.30132,43.74986],[3.30097,43.74709],[3.29782,43.74266],[3.29313,43.74028],[3.28639,43.74037],[3.28259,43.73912],[3.28008,43.73646],[3.27637,43.73483],[3.27126,43.73411],[3.26594,43.73485],[3.26298,43.73591],[3.25894,43.7332],[3.25274,43.73202],[3.25274,43.72955],[3.25437,43.72464],[3.25295,43.71569],[3.25834,43.71287],[3.26077,43.7105],[3.26173,43.70627],[3.26115,43.70411],[3.2585,43.70009],[3.249,43.69318],[3.24771,43.69129],[3.24764,43.68331],[3.25193,43.68005],[3.25301,43.67385],[3.25431,43.67105],[3.25423,43.6683],[3.25129,43.66346],[3.25597,43.66065],[3.26204,43.65872],[3.26658,43.65585],[3.26866,43.65329],[3.26914,43.65033],[3.26479,43.63791],[3.2646,43.63293],[3.26625,43.63094],[3.27052,43.62845],[3.27271,43.62637],[3.27485,43.62166],[3.27487,43.61792],[3.27685,43.61346],[3.27636,43.61121],[3.27873,43.60747],[3.28424,43.60338],[3.28711,43.59839],[3.28691,43.59555],[3.2839,43.59193],[3.2772,43.58973],[3.27219,43.58694],[3.27119,43.58131],[3.26672,43.57611],[3.26121,43.57449],[3.25545,43.57546],[3.24008,43.58204],[3.23587,43.58505],[3.22469,43.57945],[3.21904,43.57892],[3.21546,43.5799],[3.21267,43.58181],[3.20594,43.5917],[3.20115,43.59374],[3.1933,43.59438],[3.18088,43.59679],[3.17544,43.59341],[3.17175,43.59226],[3.16596,43.59139],[3.15822,43.59108],[3.15358,43.58964],[3.1459,43.58548],[3.14576,43.58023],[3.1432,43.57566],[3.14032,43.5735],[3.13596,43.57154],[3.12949,43.57119],[3.12316,43.56692],[3.10998,43.56193],[3.10208,43.56122],[3.09469,43.55887],[3.08222,43.55625],[3.07548,43.55612],[3.06471,43.55527],[3.05956,43.55682],[3.05716,43.55891],[3.0549,43.5638],[3.04747,43.56283],[3.03804,43.56076],[3.0326,43.56052],[3.02773,43.56126],[3.02609,43.55907],[3.02172,43.55661],[3.01644,43.55462],[3.00578,43.5535],[3.00186,43.55425],[2.99801,43.55587],[2.99466,43.55885],[2.98078,43.55706],[2.9748,43.55698],[2.97218,43.55596],[2.96635,43.54886],[2.96065,43.54455],[2.95633,43.54061],[2.95165,43.53752],[2.94363,43.53482],[2.93953,43.53465],[2.93868,43.53359],[2.93852,43.52953],[2.9372,43.52707],[2.93251,43.52339],[2.93001,43.51838],[2.92814,43.51609],[2.92296,43.51313],[2.91841,43.51119],[2.91264,43.5109],[2.90993,43.51164],[2.90711,43.51088],[2.89755,43.50996],[2.89037,43.51038],[2.88205,43.5097],[2.88173,43.50559],[2.88021,43.50286],[2.87732,43.50079],[2.87237,43.49904],[2.86823,43.49862],[2.86266,43.49966],[2.85972,43.49514],[2.86064,43.492],[2.85988,43.48844],[2.86643,43.48776],[2.87589,43.4804],[2.87682,43.47779],[2.8749,43.47166],[2.87687,43.46944],[2.87817,43.46452],[2.87713,43.46145],[2.87067,43.45482],[2.86825,43.45041],[2.86583,43.44112],[2.86644,43.43707],[2.86429,43.43295],[2.85438,43.42381],[2.86077,43.41924],[2.86258,43.41526],[2.86192,43.41247],[2.85984,43.41008],[2.85668,43.40845],[2.85291,43.40783],[2.84552,43.40816],[2.83802,43.40942],[2.82964,43.41339],[2.82698,43.41255],[2.82143,43.41228],[2.81402,43.41299],[2.80919,43.4153],[2.80617,43.41911],[2.79905,43.41996],[2.7957,43.42143],[2.79341,43.42374],[2.7908,43.42859],[2.79012,43.43162],[2.78587,43.43279],[2.78209,43.43565],[2.77668,43.43871],[2.77356,43.43691],[2.77406,43.43406],[2.77347,43.4295],[2.77009,43.42447],[2.7649,43.42128],[2.76024,43.41719],[2.75922,43.41329],[2.76432,43.4068],[2.76812,43.40436],[2.76991,43.40188],[2.77026,43.39909],[2.76913,43.3964],[2.76308,43.39046],[2.76072,43.38589],[2.75838,43.38388],[2.75521,43.38261],[2.74825,43.38254],[2.74174,43.37672],[2.73487,43.37411],[2.72469,43.37379],[2.72003,43.37457],[2.71513,43.37691],[2.71228,43.37733],[2.70774,43.37987],[2.70616,43.38244],[2.70585,43.38546],[2.70369,43.38722],[2.69881,43.38631],[2.68492,43.38981],[2.68033,43.3894],[2.67502,43.39107],[2.67004,43.38894],[2.66528,43.38785],[2.66229,43.3859],[2.65866,43.38462],[2.65223,43.38383],[2.64555,43.38545],[2.63956,43.38561],[2.63637,43.387],[2.63412,43.38915],[2.6317,43.39922],[2.62801,43.40124],[2.62579,43.40344],[2.62485,43.4061],[2.62557,43.41123],[2.62248,43.41398],[2.61868,43.42108],[2.61004,43.42523],[2.60628,43.42896],[2.59971,43.4333],[2.59711,43.43299],[2.59232,43.43],[2.58781,43.42858],[2.58201,43.42424],[2.57845,43.42311],[2.57355,43.42294],[2.57049,43.42373],[2.56585,43.42271],[2.5734,43.41967],[2.57811,43.41591],[2.57975,43.41228],[2.58253,43.40836],[2.58238,43.4056],[2.58084,43.40308],[2.57812,43.40116],[2.57274,43.39999],[2.56909,43.40037],[2.5598,43.39332],[2.55535,43.38802],[2.55497,43.38499],[2.55128,43.3784],[2.55264,43.3763],[2.55288,43.37261],[2.55455,43.36976],[2.55406,43.36579],[2.54926,43.36067],[2.54806,43.35732],[2.54439,43.35353],[2.54139,43.35186],[2.53777,43.35113],[2.53405,43.35145],[2.53038,43.35299],[2.52442,43.35399],[2.52147,43.356],[2.51824,43.36263],[2.51827,43.37034],[2.50395,43.37589],[2.50112,43.37803],[2.49973,43.38084],[2.50001,43.38382],[2.50326,43.38834],[2.50833,43.39073],[2.50911,43.39307],[2.51291,43.39706],[2.5155,43.3986],[2.51331,43.40055],[2.51178,43.40366],[2.50884,43.40372],[2.50608,43.4013],[2.49701,43.39772],[2.48897,43.39584],[2.48189,43.39235],[2.4767,43.39189],[2.47294,43.39287],[2.46767,43.39673],[2.45941,43.39776],[2.45607,43.39712],[2.45468,43.39405],[2.45259,43.39191],[2.45099,43.38812],[2.44686,43.3839],[2.44155,43.37768],[2.43809,43.37593],[2.4291,43.37433],[2.42586,43.37413],[2.42011,43.37249],[2.41316,43.37303],[2.41034,43.37245],[2.40637,43.36921],[2.40242,43.36819],[2.39827,43.36792],[2.39247,43.36954],[2.38596,43.36909],[2.38283,43.36968],[2.37943,43.3671],[2.37038,43.36293],[2.36526,43.36242],[2.36083,43.3633],[2.35353,43.35882],[2.34735,43.35801],[2.33302,43.35954],[2.32873,43.35769],[2.32476,43.35725],[2.31921,43.3588],[2.31666,43.36105],[2.31495,43.36659],[2.31175,43.36903],[2.30089,43.36702],[2.30398,43.3628],[2.30348,43.35813],[2.30381,43.35154],[2.30294,43.34864],[2.30103,43.34634],[2.2981,43.3447],[2.29457,43.34396],[2.28759,43.34365],[2.28374,43.3446],[2.27971,43.3477],[2.27807,43.35018],[2.27356,43.34895],[2.26957,43.34925],[2.26552,43.35105],[2.26322,43.3451],[2.26119,43.34178],[2.26079,43.33712],[2.25885,43.33117],[2.25651,43.32899],[2.25139,43.32666],[2.24891,43.32296],[2.24573,43.32127],[2.24191,43.32062],[2.23805,43.32111],[2.23296,43.3227],[2.23032,43.32447],[2.22873,43.32683],[2.22857,43.33136],[2.22171,43.33778],[2.21607,43.33987],[2.21292,43.33933],[2.209,43.33971],[2.20376,43.3428],[2.2009,43.34344],[2.19188,43.3429],[2.18932,43.34327],[2.18467,43.33768],[2.18222,43.32964],[2.17982,43.32736],[2.17334,43.32472],[2.17173,43.32329],[2.17693,43.31846],[2.18202,43.31928],[2.1859,43.31872],[2.18916,43.31708],[2.19125,43.31463],[2.19219,43.31029],[2.19131,43.30759],[2.18912,43.30533],[2.18593,43.30383],[2.17881,43.30369],[2.17374,43.30159],[2.17082,43.2991],[2.1671,43.29747],[2.1632,43.297],[2.16749,43.29088],[2.17021,43.28288],[2.17353,43.27658],[2.17412,43.27172],[2.17301,43.26892],[2.17048,43.26667],[2.16695,43.26533],[2.16014,43.2643],[2.15339,43.26496],[2.15064,43.26471],[2.1358,43.26684],[2.13334,43.26021],[2.13162,43.25782],[2.13409,43.25663],[2.13862,43.25244],[2.14038,43.2499],[2.14065,43.24705],[2.13939,43.24434],[2.13496,43.24139],[2.13129,43.23783],[2.12852,43.23678],[2.12662,43.23484],[2.12038,43.23206],[2.11227,43.23113],[2.1084,43.23193],[2.10401,43.23454],[2.10188,43.23716],[2.09462,43.23769],[2.08871,43.23928],[2.0852,43.23884],[2.07581,43.23352],[2.07039,43.23082],[2.06692,43.22543],[2.06702,43.22275],[2.06587,43.21877],[2.06403,43.21653],[2.05925,43.21262],[2.05753,43.20777],[2.05372,43.20455],[2.05006,43.20354],[2.04442,43.20397],[2.03418,43.20632],[2.0314,43.20744],[2.02725,43.20733],[2.02204,43.2087],[2.01929,43.20796],[2.01205,43.20762],[2.00774,43.20834],[1.99925,43.21213],[1.99414,43.21486],[1.99244,43.21909],[1.99371,43.22519],[1.99228,43.22958],[1.98943,43.23616],[1.98999,43.24059],[1.98826,43.24194],[1.98543,43.24213],[1.97734,43.24474],[1.97465,43.24657],[1.97277,43.25134],[1.96608,43.24638],[1.96249,43.24507],[1.95258,43.24445],[1.94419,43.24612],[1.94262,43.24133],[1.94343,43.23849],[1.94676,43.23517],[1.94727,43.23246],[1.94614,43.22945],[1.9466,43.22192],[1.95213,43.22017],[1.95807,43.21764],[1.96368,43.21443],[1.96568,43.212],[1.96594,43.20776],[1.96224,43.2037],[1.9645,43.19897],[1.96265,43.19364],[1.96539,43.19093],[1.97048,43.18926],[1.97402,43.18513],[1.97833,43.18164],[1.97985,43.1789],[1.97996,43.17611],[1.98118,43.17396],[1.98559,43.17421],[1.98933,43.17339],[1.99232,43.17155],[1.99442,43.16757],[1.9939,43.16472],[1.99201,43.16232],[1.99404,43.15927],[1.99297,43.15004],[1.99189,43.14749],[1.98815,43.14461],[1.98486,43.13987],[1.98482,43.13715],[1.97874,43.12826],[1.98131,43.12449],[1.98531,43.12148],[1.98953,43.12068],[1.99959,43.12104],[2.00746,43.12057],[2.01466,43.11744],[2.02262,43.11657],[2.0294,43.1137],[2.03162,43.11149],[2.03254,43.10882],[2.03203,43.10608],[2.02825,43.1024],[2.03501,43.10019],[2.03768,43.0982],[2.04019,43.09408],[2.04282,43.09266],[2.04984,43.09153],[2.05288,43.08954],[2.05608,43.09283],[2.05943,43.09436],[2.06528,43.09458],[2.0688,43.09331],[2.07419,43.09011],[2.07605,43.08784],[2.07667,43.08522],[2.07416,43.08032],[2.0732,43.07222],[2.07583,43.06929],[2.07658,43.0653],[2.07561,43.05904],[2.074,43.05648],[2.06912,43.05314],[2.06907,43.05063],[2.06428,43.04345],[2.06961,43.03982],[2.07362,43.03892],[2.07777,43.03888],[2.08058,43.03809],[2.08705,43.0383],[2.0902,43.0398],[2.09476,43.04062],[2.10114,43.03928],[2.10785,43.03931],[2.11113,43.03786],[2.11339,43.03559],[2.11428,43.03285],[2.113,43.02756],[2.11116,43.02499],[2.10811,43.02316],[2.0995,43.02135],[2.09586,43.01695],[2.09348,43.01496],[2.09565,43.01042],[2.0949,43.00763],[2.09275,43.00527],[2.08972,43.00376],[2.08805,42.9975],[2.08835,42.99172],[2.09055,42.98888],[2.09104,42.98636],[2.09316,42.98343],[2.09323,42.97905],[2.09131,42.97647],[2.08627,42.97413],[2.08139,42.97377],[2.08052,42.97273],[2.08164,42.96733],[2.0823,42.96103],[2.0792,42.95309],[2.0772,42.95037],[2.07852,42.94752],[2.08161,42.94516],[2.08297,42.94293],[2.08811,42.94207],[2.0912,42.94304],[2.10757,42.94532],[2.11036,42.94519],[2.11785,42.94808],[2.1218,42.94845],[2.1256,42.94763],[2.12865,42.94576],[2.1313,42.94134],[2.13151,42.93856],[2.13027,42.93592],[2.12525,42.93083],[2.11653,42.92486],[2.11405,42.92168],[2.11559,42.91589],[2.11831,42.91925],[2.12101,42.92124],[2.12452,42.92233],[2.12968,42.92258],[2.13548,42.92018],[2.14139,42.91915],[2.1493,42.9155],[2.1528,42.91078],[2.15674,42.90865],[2.16413,42.90593],[2.17125,42.89947],[2.17789,42.89823],[2.18067,42.89657],[2.18603,42.8982],[2.19089,42.90531],[2.19573,42.9074],[2.19948,42.90753],[2.20338,42.90667],[2.21079,42.90838],[2.21434,42.90822],[2.21841,42.90977],[2.22157,42.90996],[2.2276,42.91143],[2.23339,42.91062],[2.23687,42.90929],[2.23938,42.90976],[2.24417,42.91234],[2.24505,42.91441],[2.24425,42.91744],[2.2454,42.9227],[2.24435,42.92654],[2.24541,42.92919],[2.24772,42.93136],[2.25097,42.93273],[2.25713,42.9339],[2.26253,42.93357],[2.26663,42.93174],[2.2825,42.92636],[2.28761,42.9222],[2.29183,42.91706],[2.3006,42.90959],[2.30698,42.91417],[2.30855,42.91681],[2.30453,42.92362],[2.30407,42.92648],[2.30694,42.9311],[2.3067,42.93522],[2.30835,42.93776],[2.31119,42.93966],[2.31479,42.94061],[2.32094,42.93986],[2.32569,42.93686],[2.33008,42.93491],[2.33494,42.93423],[2.33799,42.93564],[2.34318,42.93639],[2.34515,42.93755],[2.35026,42.93855],[2.35694,42.93774],[2.35376,42.94592],[2.35399,42.94847],[2.35594,42.95537],[2.35642,42.96041],[2.35817,42.96305],[2.36303,42.96555],[2.37885,42.96976],[2.37829,42.97258],[2.37461,42.97694],[2.36817,42.97901],[2.3643,42.98242],[2.36188,42.9827],[2.35143,42.98058],[2.34392,42.98031],[2.34075,42.98062],[2.33037,42.978],[2.32388,42.97257],[2.31845,42.97068],[2.31462,42.97074],[2.31112,42.97189],[2.30797,42.9741],[2.30149,42.97264],[2.2968,42.97297],[2.29334,42.97422],[2.29081,42.97636],[2.28944,42.97899],[2.28965,42.98491],[2.28613,42.98726],[2.28474,42.9899],[2.28484,42.99275],[2.28642,42.99535],[2.29094,42.99808],[2.2916,43.00191],[2.2953,43.0064],[2.30464,43.01359],[2.31023,43.01502],[2.31589,43.01382],[2.31987,43.01188],[2.32742,43.01079],[2.33069,43.0088],[2.33301,43.00565],[2.33515,43.00499],[2.33915,43.00542],[2.34281,43.00491],[2.348,43.00686],[2.3533,43.00652],[2.35324,43.00867],[2.35158,43.01165],[2.34456,43.01417],[2.33435,43.01573],[2.32869,43.01621],[2.32324,43.01894],[2.3206,43.02117],[2.3181,43.02719],[2.31674,43.03336],[2.31734,43.03619],[2.31983,43.03917],[2.32294,43.04082],[2.32665,43.04148],[2.33532,43.04209],[2.33963,43.0431],[2.3436,43.0429],[2.35877,43.03993],[2.36395,43.03796],[2.37131,43.03646],[2.38243,43.03617],[2.3863,43.03541],[2.39267,43.03868],[2.39264,43.04613],[2.39449,43.04928],[2.39506,43.05266],[2.39631,43.05437],[2.3862,43.05856],[2.37882,43.06016],[2.36817,43.06703],[2.36663,43.07012],[2.36736,43.07759],[2.37013,43.08656],[2.37485,43.0912],[2.38029,43.09397],[2.38375,43.09467],[2.389,43.09393],[2.39486,43.09113],[2.3988,43.08783],[2.40222,43.08372],[2.4105,43.08236],[2.41475,43.08255],[2.41814,43.08162],[2.42084,43.07985],[2.42751,43.07273],[2.43081,43.06714],[2.44035,43.06284],[2.44533,43.05738],[2.44973,43.05346],[2.4584,43.05244],[2.46602,43.05014],[2.46955,43.04757],[2.47103,43.04469],[2.47018,43.03556],[2.46627,43.03095],[2.47114,43.03114],[2.48065,43.03491],[2.48456,43.03548],[2.49066,43.03423],[2.5009,43.03295],[2.50403,43.03121],[2.50598,43.02871],[2.50783,43.02273],[2.50772,43.02018],[2.5036,43.01241],[2.50144,43.01036],[2.50103,43.00738],[2.50272,43.00266],[2.53474,42.98689],[2.55453,42.98062],[2.55809,42.97738],[2.5588,42.97461],[2.55802,42.97185],[2.54883,42.95616],[2.53636,42.94591],[2.52727,42.93922],[2.52277,42.93481],[2.52115,42.92629],[2.52157,42.92445],[2.52793,42.92014],[2.53611,42.91886],[2.542,42.91909],[2.56695,42.93215],[2.57071,42.93279],[2.5745,42.93232],[2.5839,42.92952],[2.5866,42.92766],[2.58816,42.92519],[2.59024,42.91847],[2.58957,42.91554],[2.5858,42.91211],[2.58021,42.90945],[2.57686,42.90854],[2.56813,42.90931],[2.55055,42.90177],[2.54681,42.9013],[2.53836,42.90149],[2.5296,42.9036],[2.53065,42.90026],[2.53017,42.8958],[2.52719,42.89164],[2.5255,42.88127],[2.52632,42.8774],[2.52795,42.87602],[2.53116,42.8713],[2.53183,42.86653],[2.5306,42.8635],[2.52444,42.85817],[2.52055,42.85245],[2.51416,42.84961],[2.51037,42.84973],[2.50604,42.85107],[2.50191,42.85156],[2.49367,42.84711],[2.48227,42.84477],[2.47421,42.84008],[2.47015,42.83902],[2.46194,42.8383],[2.45245,42.83696],[2.44332,42.8373],[2.43568,42.83935],[2.42229,42.84092],[2.41962,42.84068],[2.41133,42.8418],[2.40136,42.84387],[2.39701,42.8455],[2.38262,42.84865],[2.37647,42.84706],[2.36751,42.84571],[2.36487,42.8457],[2.35982,42.8444],[2.35411,42.84442],[2.34978,42.84221],[2.34148,42.84101],[2.3368,42.84104],[2.33022,42.83809],[2.32739,42.83737],[2.32389,42.83413],[2.32314,42.83131],[2.32073,42.82855],[2.31914,42.82403],[2.32602,42.82325],[2.32918,42.82195],[2.33219,42.81864],[2.33375,42.81361],[2.33345,42.80229],[2.33573,42.80171],[2.34984,42.80114],[2.36059,42.80016],[2.36447,42.79852],[2.37311,42.79855],[2.37836,42.79777],[2.38376,42.79822],[2.38795,42.79759],[2.39399,42.79473],[2.40009,42.79398],[2.40994,42.79524],[2.41527,42.79403],[2.41792,42.79208],[2.41937,42.78953],[2.41961,42.78505],[2.42342,42.77675],[2.42551,42.77484],[2.42657,42.77213],[2.42614,42.76931],[2.42216,42.76419],[2.41657,42.76106],[2.41328,42.7574],[2.40938,42.75482],[2.40622,42.7493],[2.40645,42.74659],[2.40558,42.74156],[2.40641,42.73511],[2.40596,42.73141],[2.40418,42.72875],[2.40111,42.72683],[2.39289,42.724],[2.38911,42.72049],[2.38166,42.71664],[2.37935,42.71486],[2.37144,42.71087],[2.36626,42.70662],[2.36314,42.70522],[2.3631,42.70389],[2.3658,42.70162],[2.369,42.69698],[2.37313,42.69457],[2.37601,42.69121],[2.37665,42.68784],[2.38494,42.68739],[2.38929,42.6876],[2.39891,42.68622],[2.40611,42.68458],[2.41346,42.68024],[2.4158,42.68125],[2.41757,42.68537],[2.41771,42.69242],[2.41928,42.69514],[2.42755,42.70345],[2.4342,42.70778],[2.4383,42.70937],[2.44486,42.71416],[2.44992,42.71709],[2.45509,42.71918],[2.4587,42.71955],[2.46222,42.7189],[2.46606,42.71699],[2.46804,42.71456],[2.4689,42.70994],[2.46754,42.70456],[2.47079,42.7016],[2.4783,42.69778],[2.48295,42.69448],[2.48459,42.69184],[2.48413,42.68753],[2.48043,42.68416],[2.46942,42.68001],[2.46002,42.67199],[2.46732,42.66336],[2.46963,42.65746],[2.4729,42.6549],[2.47826,42.64686],[2.47783,42.64258],[2.47521,42.63932],[2.47214,42.63674],[2.46766,42.63175],[2.47048,42.62882],[2.47524,42.62106],[2.47592,42.61767],[2.4747,42.61415],[2.47151,42.61017],[2.46966,42.60625],[2.46713,42.60405],[2.46378,42.6028],[2.46198,42.59581],[2.4633,42.59299],[2.46352,42.58832],[2.46299,42.58481],[2.46357,42.58244],[2.46157,42.57692],[2.46104,42.57202],[2.45951,42.56833],[2.46124,42.56631],[2.46312,42.56023],[2.46266,42.55758],[2.46833,42.54944],[2.46956,42.54514],[2.46929,42.54223],[2.46716,42.53883],[2.46537,42.53427],[2.4683,42.53117],[2.47213,42.5249],[2.47522,42.52665],[2.47903,42.52747],[2.48435,42.52673],[2.49757,42.52966],[2.50045,42.5315],[2.50276,42.53429],[2.5042,42.53744],[2.50611,42.53916],[2.50471,42.54555],[2.50597,42.55108],[2.50286,42.55465],[2.49775,42.56188],[2.49579,42.5663],[2.49562,42.56891],[2.49695,42.57228],[2.49607,42.57524],[2.49793,42.57937],[2.50084,42.58135],[2.50455,42.58232],[2.50848,42.58211],[2.5118,42.58103],[2.52202,42.5829],[2.52536,42.58274],[2.53262,42.58106],[2.52988,42.59006],[2.53056,42.59307],[2.53285,42.59561],[2.53648,42.59756],[2.53953,42.59812],[2.53597,42.60434],[2.53525,42.60761],[2.53552,42.61248],[2.53726,42.61514],[2.54029,42.61706],[2.54544,42.61848],[2.55483,42.61962],[2.55868,42.61937],[2.56261,42.61799],[2.56584,42.61771],[2.57535,42.6185],[2.57536,42.62188],[2.57686,42.62437],[2.57948,42.62627],[2.58286,42.62733],[2.58896,42.62819],[2.59421,42.62766],[2.60114,42.62959],[2.60529,42.62994],[2.60832,42.62937],[2.61999,42.62926],[2.62348,42.62819],[2.6265,42.62594],[2.63247,42.61589],[2.63236,42.61078],[2.62954,42.60746],[2.62391,42.60448],[2.62002,42.60346],[2.6155,42.60382],[2.61227,42.60156],[2.61658,42.59736],[2.61714,42.59574],[2.62,42.59467],[2.62347,42.59209],[2.62541,42.58949],[2.63218,42.58624],[2.63534,42.58619],[2.63804,42.5893],[2.64141,42.5908],[2.64864,42.59202],[2.65228,42.59156],[2.65542,42.59013],[2.6576,42.58793],[2.66046,42.58289],[2.6624,42.58058],[2.66402,42.5736],[2.66882,42.57151],[2.67863,42.57042],[2.68904,42.57229],[2.69292,42.57184],[2.69623,42.57029],[2.69844,42.56789],[2.69931,42.56456],[2.69831,42.56105],[2.69497,42.55795],[2.68995,42.55662],[2.68699,42.55676],[2.68681,42.55437],[2.68521,42.55185],[2.68227,42.54976],[2.68298,42.54417],[2.6817,42.5393],[2.68004,42.53699],[2.67558,42.53395],[2.66862,42.53125],[2.6613,42.52945],[2.65668,42.52899],[2.65008,42.52684],[2.65052,42.52193],[2.65215,42.51835],[2.65856,42.51473],[2.66051,42.5123],[2.66105,42.5095],[2.66009,42.50675],[2.65724,42.5023],[2.66281,42.49289],[2.66466,42.4847],[2.66273,42.47933],[2.65994,42.47671],[2.65975,42.47406],[2.66378,42.46897],[2.66495,42.46556],[2.66443,42.46115],[2.66066,42.45703],[2.65818,42.45096],[2.6595,42.44659],[2.6587,42.44379],[2.65383,42.4369],[2.65083,42.43366],[2.64992,42.43101],[2.65074,42.42589],[2.65602,42.4248],[2.6638,42.4245],[2.66732,42.42345],[2.67092,42.42022],[2.67159,42.41405],[2.67281,42.40975],[2.67251,42.40767],[2.67392,42.4049],[2.6829,42.40688],[2.68904,42.40611],[2.69326,42.40666],[2.69636,42.40953],[2.70388,42.41206],[2.71031,42.41587],[2.71407,42.41915],[2.71738,42.42099],[2.72466,42.42279],[2.73041,42.42265],[2.73544,42.42392],[2.73933,42.42363],[2.74825,42.42538],[2.7532,42.42487],[2.7576,42.42221],[2.7597,42.4188],[2.76437,42.41636],[2.77055,42.41167],[2.77844,42.41244],[2.7824,42.41574],[2.78592,42.41705],[2.79218,42.41827],[2.80052,42.41843],[2.80185,42.4198],[2.80093,42.42241],[2.80276,42.42779],[2.8052,42.42985],[2.80997,42.4318],[2.8118,42.43494],[2.81662,42.43832],[2.82018,42.43919],[2.82718,42.43916],[2.83179,42.44493],[2.83349,42.44823],[2.83389,42.45179],[2.83727,42.4562],[2.84059,42.45786],[2.84535,42.45866],[2.84647,42.46033],[2.84517,42.46318],[2.84526,42.46593],[2.85009,42.4732],[2.853,42.47491],[2.85777,42.47578],[2.86151,42.47894],[2.86308,42.4874],[2.86558,42.49079],[2.87293,42.49467],[2.87878,42.49515],[2.88241,42.494],[2.88531,42.49198],[2.88882,42.49149],[2.89432,42.49205],[2.90142,42.49091],[2.90739,42.48799],[2.91265,42.48715],[2.91592,42.48551],[2.92139,42.48001],[2.93243,42.47458],[2.93471,42.47447],[2.93946,42.47779],[2.94265,42.479],[2.94621,42.47928],[2.94965,42.47858],[2.95814,42.47492],[2.96731,42.46563],[2.97091,42.46593],[2.97547,42.46738],[2.97987,42.46751],[2.98514,42.47196],[2.99097,42.4735],[2.99756,42.47342],[3.00142,42.47212],[3.00347,42.4706],[3.00755,42.46931],[3.0132,42.46662],[3.01689,42.46935],[3.02059,42.47082],[3.02618,42.47217],[3.03087,42.47388],[3.03447,42.47392],[3.03927,42.47218],[3.04144,42.47006],[3.04697,42.45927],[3.04731,42.45712],[3.05041,42.45454],[3.05846,42.44578],[3.06495,42.44321],[3.06781,42.4406],[3.06995,42.43607],[3.07537,42.43397],[3.0805,42.42847],[3.08539,42.42581],[3.09646,42.42505],[3.10241,42.42652],[3.10431,42.42923],[3.10859,42.43349],[3.11161,42.43497],[3.11693,42.43603],[3.12065,42.43611],[3.12536,42.43494],[3.13594,42.43543],[3.14007,42.43389],[3.1447,42.43323],[3.15112,42.43465],[3.1573,42.43426],[3.16131,42.43544],[3.16888,42.4353],[3.17215,42.43459],[3.17741,42.43922],[3.17606,42.44129],[3.17196,42.44351],[3.16958,42.44603],[3.16877,42.44842],[3.16631,42.45178],[3.16627,42.45757],[3.16305,42.46028],[3.16227,42.46526],[3.15708,42.46932],[3.15535,42.47199],[3.15573,42.47634],[3.1548,42.47764],[3.14644,42.4789],[3.14253,42.48052],[3.13835,42.48088],[3.13349,42.48334],[3.13175,42.48598],[3.13157,42.48892],[3.13293,42.492],[3.13304,42.49541],[3.13535,42.5005],[3.13151,42.5044],[3.13119,42.50725],[3.13239,42.50999],[3.13855,42.51597],[3.13027,42.51832],[3.12279,42.52155],[3.11626,42.52166],[3.11236,42.5227],[3.10757,42.52558],[3.1011,42.52499],[3.09417,42.52512],[3.08797,42.52706],[3.0791,42.53318],[3.07504,42.53398],[3.07213,42.53538],[3.06847,42.53588],[3.06235,42.53567],[3.05853,42.53665],[3.05559,42.5387],[3.05208,42.54328],[3.04944,42.55045],[3.04632,42.56954],[3.04492,42.58701],[3.04511,42.58955],[3.04418,42.59367],[3.04307,42.6021],[3.04165,42.60541],[3.04016,42.61804],[3.03666,42.62651],[3.03567,42.63372],[3.0353,42.64234],[3.03561,42.65628],[3.03417,42.66307],[3.03602,42.68368],[3.03642,42.69004],[3.0378,42.69907],[3.03908,42.70155],[3.03841,42.70562],[3.04027,42.7163],[3.03986,42.71867],[3.04044,42.72299],[3.03533,42.72176],[3.03136,42.71949],[3.02945,42.7165],[3.02689,42.7146],[3.02358,42.71352],[3.01997,42.71341],[3.01242,42.71519],[3.0086,42.71477],[3.00622,42.71283],[3.00288,42.71154],[2.99914,42.71128],[2.99555,42.71208],[2.99005,42.71443],[2.9869,42.71463],[2.97771,42.71287],[2.97304,42.71305],[2.96728,42.71573],[2.96238,42.71723],[2.95864,42.72052],[2.95724,42.72417],[2.95511,42.72453],[2.9473,42.72321],[2.94525,42.72061],[2.94219,42.71897],[2.93564,42.71779],[2.932,42.71817],[2.92755,42.72052],[2.92587,42.72294],[2.92506,42.72829],[2.92662,42.73265],[2.92966,42.73541],[2.93277,42.73669],[2.93628,42.73706],[2.94125,42.73606],[2.94628,42.73834],[2.95018,42.73882],[2.9557,42.73735],[2.95898,42.73435],[2.96038,42.73083],[2.96588,42.73264],[2.97168,42.73798],[2.97422,42.73926],[2.97255,42.752],[2.97473,42.75573],[2.98159,42.76223],[2.97797,42.76611],[2.97708,42.76873],[2.97752,42.7713],[2.97554,42.77574],[2.97693,42.78074],[2.99042,42.79657],[2.99263,42.79885],[3.00196,42.82395],[3.00974,42.84408],[3.0133,42.84715],[3.01668,42.84819],[3.02033,42.84823],[3.02375,42.84728],[3.04339,42.83821],[3.04456,42.84625],[3.04614,42.85247],[3.04657,42.85627],[3.05023,42.86926],[3.0502,42.87815],[3.05195,42.88311],[3.05312,42.88459],[3.05217,42.8888],[3.05403,42.89618],[3.05647,42.90336],[3.05771,42.90849],[3.06053,42.91741],[3.05988,42.91951],[3.05576,42.92313],[3.05455,42.92558],[3.04394,42.92913],[3.04099,42.93116],[3.03942,42.93391],[3.03886,42.94025],[3.04055,42.94839],[3.04427,42.96378],[3.04956,42.98084],[3.05527,42.99651],[3.05788,43.00262],[3.06204,43.00919],[3.0647,43.0111],[3.06998,43.0123],[3.0797,43.01229],[3.0826,43.01172],[3.08004,43.02191],[3.07244,43.02529],[3.07014,43.02921],[3.07051,43.03207],[3.07243,43.03595],[3.08149,43.05107],[3.08486,43.0576],[3.08842,43.06304],[3.10382,43.08539],[3.11167,43.09465],[3.11766,43.10299],[3.12218,43.10767],[3.12678,43.10961],[3.13246,43.11052],[3.13085,43.11277],[3.13096,43.1172],[3.13541,43.12296],[3.1439,43.13268],[3.14863,43.13704],[3.15165,43.13843],[3.1523,43.14108],[3.15427,43.14394],[3.16433,43.1539],[3.17475,43.16364],[3.18133,43.16877],[3.18341,43.16966],[3.18939,43.17485],[3.19152,43.17596],[3.19445,43.17947],[3.20733,43.1901],[3.22229,43.20162],[3.22434,43.20349],[3.2322,43.209],[3.24188,43.21371],[3.24694,43.21718],[3.25671,43.22489],[3.26844,43.23269],[3.27119,43.23409],[3.27391,43.23838],[3.27788,43.24143],[3.27776,43.24482],[3.27915,43.24727],[3.28191,43.24955],[3.28846,43.25237],[3.29313,43.25329],[3.29873,43.25599],[3.304,43.25655],[3.30742,43.25629],[3.31253,43.25433],[3.327,43.26141],[3.33568,43.26538],[3.34495,43.26926],[3.3429,43.27377],[3.3379,43.27999],[3.33565,43.28154],[3.33329,43.28466],[3.33201,43.28984],[3.33068,43.29207],[3.3275,43.29459],[3.32403,43.29604],[3.31847,43.29645],[3.31201,43.29292],[3.30836,43.29199],[3.30451,43.29216],[3.30073,43.29353],[3.29815,43.29576],[3.29575,43.30183],[3.29351,43.30479],[3.29019,43.30594],[3.28651,43.30402],[3.28269,43.30333],[3.27704,43.30443],[3.27295,43.30825],[3.26294,43.31037],[3.25883,43.31319],[3.25752,43.31722],[3.25847,43.31992],[3.26213,43.32293],[3.26731,43.33023],[3.27575,43.33465],[3.28069,43.33568],[3.28407,43.33929],[3.2928,43.34346],[3.29887,43.34395],[3.30592,43.34274],[3.3105,43.34509],[3.31585,43.34576],[3.32373,43.34426],[3.33498,43.33976],[3.33895,43.33567],[3.34566,43.33236],[3.35417,43.33687],[3.36046,43.33801],[3.3661,43.33693],[3.37059,43.33487],[3.37826,43.33307],[3.38468,43.33567],[3.38771,43.33834],[3.38957,43.34363],[3.39107,43.3458],[3.38737,43.3498],[3.38328,43.35311],[3.37775,43.35599],[3.37234,43.3607],[3.36935,43.36523],[3.36897,43.36785],[3.37064,43.37163],[3.37264,43.37368],[3.37597,43.37535],[3.38042,43.37608],[3.38908,43.37428],[3.39461,43.37612],[3.40208,43.37625],[3.40551,43.37709],[3.4094,43.38014],[3.41301,43.38147],[3.42024,43.38269],[3.4292,43.38322],[3.43145,43.38389],[3.44037,43.38418],[3.44153,43.38848],[3.43879,43.39302],[3.43869,43.39573],[3.43712,43.39904],[3.43398,43.40149],[3.43038,43.40668],[3.42756,43.40897],[3.42639,43.41174],[3.42579,43.418],[3.42816,43.42198],[3.43208,43.42424],[3.43713,43.42548],[3.4427,43.42487],[3.44553,43.42351],[3.45199,43.42379],[3.45578,43.42236],[3.45936,43.42417],[3.46494,43.42476],[3.47075,43.42269],[3.47308,43.42037],[3.47366,43.41546],[3.47619,43.40947],[3.48034,43.40852],[3.48316,43.4067],[3.48484,43.40424],[3.48635,43.39882],[3.48623,43.39443],[3.48708,43.39201],[3.48947,43.39212],[3.49473,43.39502],[3.49869,43.3953],[3.50247,43.39442],[3.50565,43.39243],[3.50935,43.38725],[3.51216,43.38488],[3.51331,43.38208],[3.51284,43.37917],[3.51083,43.37663],[3.5058,43.37263],[3.50159,43.37024],[3.50211,43.36707],[3.49996,43.35865],[3.49821,43.35631],[3.49303,43.35279],[3.49511,43.34808],[3.50049,43.34339],[3.50384,43.33685],[3.5121,43.33193],[3.51728,43.33185],[3.52081,43.33079],[3.52352,43.32883],[3.525,43.32626],[3.52503,43.32346],[3.52111,43.31593],[3.52865,43.31379],[3.53118,43.31183],[3.53933,43.30248],[3.54882,43.31079],[3.55601,43.31649],[3.56617,43.32625],[3.57455,43.33333],[3.60266,43.35593],[3.61629,43.3654],[3.62538,43.37221],[3.63782,43.38062],[3.64724,43.3864],[3.65423,43.38959],[3.66516,43.3928],[3.67109,43.39206],[3.67338,43.39092],[3.67655,43.39104],[3.67994,43.39224],[3.68557,43.39251],[3.69006,43.39208],[3.69824,43.39347],[3.70367,43.3931],[3.71204,43.3962],[3.72746,43.3982],[3.72569,43.40448],[3.72684,43.40721],[3.73065,43.41232],[3.73329,43.41678],[3.73609,43.41855],[3.74289,43.4194],[3.74659,43.42095],[3.75172,43.42504],[3.75473,43.42625],[3.77261,43.43091],[3.77672,43.43134],[3.78014,43.43338],[3.79074,43.43796],[3.79624,43.44067],[3.80133,43.44394],[3.80886,43.45032],[3.8176,43.45725],[3.82338,43.46408],[3.83472,43.47465],[3.84384,43.48152],[3.85207,43.48702],[3.8698,43.49774],[3.89229,43.51004],[3.90447,43.51589],[3.91331,43.51947],[3.91644,43.52004],[3.91965,43.52174],[3.92666,43.52427],[3.93024,43.525],[3.93565,43.52419],[3.93819,43.52834],[3.94271,43.5306],[3.94748,43.53187],[3.96304,43.53825],[3.97891,43.54297],[3.9821,43.54358],[3.98492,43.54536],[3.99752,43.54908],[4.00492,43.55094],[4.00945,43.55253],[4.0312,43.55585],[4.04447,43.55707],[4.05539,43.55752],[4.06583,43.55732],[4.07474,43.55649],[4.0792,43.55552],[4.09115,43.55561],[4.1039,43.55362],[4.11143,43.55132],[4.12159,43.54699],[4.12766,43.54346],[4.13119,43.54022],[4.13577,43.53453],[4.1372,43.53151],[4.13633,43.52737],[4.13246,43.52427],[4.12483,43.52187],[4.12279,43.51947],[4.12269,43.51538],[4.11996,43.51161],[4.1167,43.51003],[4.1111,43.50907],[4.11429,43.50127],[4.11646,43.49758],[4.1206,43.49232],[4.1246,43.48907],[4.1302,43.48578],[4.1346,43.48376],[4.14386,43.48052],[4.15724,43.47672],[4.16252,43.47487],[4.17066,43.47141],[4.19006,43.46674],[4.20347,43.46461],[4.21105,43.46372],[4.23003,43.4606],[4.24202,43.46029],[4.25621,43.45922],[4.26325,43.45924],[4.27361,43.45839],[4.27995,43.45835],[4.28473,43.45773],[4.29126,43.45808],[4.30519,43.45743],[4.32356,43.45696],[4.33032,43.45631],[4.33316,43.45662],[4.34013,43.4562],[4.35617,43.45474],[4.36344,43.45473],[4.37598,43.45389],[4.38943,43.45228],[4.39541,43.45051],[4.40056,43.44781],[4.40357,43.44758],[4.40717,43.44871],[4.41236,43.44931],[4.42724,43.44835],[4.43224,43.45021],[4.43462,43.452],[4.4424,43.45516],[4.44529,43.45555],[4.44889,43.45738],[4.45319,43.45811],[4.46394,43.45846],[4.47675,43.45824],[4.49791,43.45703],[4.51218,43.4557],[4.52046,43.45456],[4.53635,43.4516],[4.55019,43.44765],[4.56202,43.44297],[4.57302,43.43704],[4.57913,43.43252],[4.58244,43.42925],[4.5871,43.42284],[4.59038,43.41513],[4.59149,43.41019],[4.59124,43.40681],[4.59697,43.40583],[4.61286,43.41438],[4.6163,43.41507],[4.62036,43.4174],[4.6187,43.42117],[4.61907,43.42914],[4.61656,43.43187],[4.61613,43.43772],[4.61528,43.44132],[4.61614,43.44425],[4.62105,43.44792],[4.62014,43.45549],[4.62333,43.4607],[4.62081,43.46614],[4.62105,43.46906],[4.62286,43.47168],[4.62754,43.47573],[4.63069,43.47708],[4.6414,43.48411],[4.64439,43.48533],[4.64167,43.49328],[4.64221,43.49808],[4.64064,43.50216],[4.63603,43.50561],[4.63326,43.51227],[4.63375,43.51892],[4.63787,43.52579],[4.64119,43.53024],[4.64286,43.53445],[4.64217,43.53719],[4.63402,43.54189],[4.62976,43.54726],[4.62912,43.54961],[4.62541,43.55533],[4.62381,43.5601],[4.6247,43.57027],[4.62353,43.57364],[4.61435,43.57198],[4.60741,43.57027],[4.60102,43.56988],[4.59545,43.56879],[4.58765,43.56632],[4.57813,43.56572],[4.57217,43.56686],[4.56509,43.5676],[4.5582,43.57075],[4.54855,43.5727],[4.53522,43.57096],[4.53155,43.57149],[4.51309,43.5801],[4.50394,43.5803]]],[[[3.92418,43.90041],[3.92444,43.90402],[3.92632,43.9087],[3.92436,43.91482],[3.92542,43.91752],[3.92867,43.9209],[3.93062,43.92607],[3.93325,43.92853],[3.93488,43.93456],[3.93816,43.93939],[3.93785,43.94172],[3.93551,43.94661],[3.93318,43.95003],[3.93245,43.95292],[3.93274,43.95648],[3.93498,43.96077],[3.92951,43.96392],[3.92644,43.96857],[3.92,43.9689],[3.91445,43.97172],[3.90693,43.97291],[3.90046,43.9715],[3.89629,43.97183],[3.88601,43.97588],[3.88231,43.97833],[3.87876,43.97722],[3.87336,43.97663],[3.86687,43.97772],[3.86378,43.97932],[3.8605,43.98278],[3.8519,43.98507],[3.84983,43.98007],[3.8458,43.9771],[3.84018,43.97623],[3.83647,43.97699],[3.83168,43.97979],[3.82841,43.98316],[3.82121,43.98107],[3.81761,43.98129],[3.81105,43.9833],[3.80614,43.98704],[3.80468,43.99143],[3.79754,43.99455],[3.79778,43.99196],[3.79647,43.98906],[3.7914,43.9828],[3.78902,43.9762],[3.78836,43.97172],[3.78627,43.96954],[3.78323,43.96805],[3.77751,43.96713],[3.76986,43.96884],[3.76317,43.96774],[3.75733,43.96904],[3.75382,43.97228],[3.75218,43.9727],[3.74936,43.96991],[3.74373,43.96824],[3.73971,43.96856],[3.7343,43.97125],[3.73165,43.97181],[3.72687,43.97049],[3.72398,43.96607],[3.71681,43.96078],[3.71787,43.95512],[3.71765,43.95015],[3.71835,43.94448],[3.723,43.94068],[3.72394,43.93718],[3.7348,43.9376],[3.73984,43.93669],[3.74282,43.93491],[3.74464,43.93244],[3.7464,43.92823],[3.74643,43.9257],[3.75013,43.92485],[3.75903,43.92515],[3.76315,43.92608],[3.77238,43.92684],[3.77606,43.92625],[3.77916,43.9247],[3.78214,43.92183],[3.78331,43.91721],[3.78793,43.90996],[3.78816,43.90718],[3.7855,43.90108],[3.78526,43.89913],[3.7831,43.89476],[3.78019,43.89197],[3.7781,43.88766],[3.78937,43.88803],[3.79947,43.89111],[3.80928,43.89997],[3.81951,43.91066],[3.82359,43.91663],[3.82648,43.91849],[3.83356,43.91962],[3.86219,43.9235],[3.86579,43.92466],[3.86952,43.92476],[3.87303,43.92385],[3.88107,43.91931],[3.88983,43.91329],[3.92384,43.90065],[3.92418,43.90041]]]]}},{"type":"Feature","properties":{"level":"subregion","subregionId":"aude","nameJa":"オード(西ラングドック)"},"geometry":{"type":"Polygon","coordinates":[[[2.05342,43.0897],[2.05608,43.09283],[2.05943,43.09436],[2.06528,43.09458],[2.0688,43.09331],[2.07419,43.09011],[2.07605,43.08784],[2.07667,43.08522],[2.07416,43.08032],[2.0732,43.07222],[2.07583,43.06929],[2.07658,43.0653],[2.07561,43.05904],[2.074,43.05648],[2.06912,43.05314],[2.06907,43.05063],[2.06762,43.04807],[2.06424,43.04438],[2.06428,43.04343],[2.06954,43.03985],[2.07362,43.03892],[2.07777,43.03888],[2.08058,43.03809],[2.08705,43.0383],[2.0902,43.0398],[2.09476,43.04062],[2.10114,43.03928],[2.10785,43.03931],[2.11113,43.03786],[2.11339,43.03559],[2.11428,43.03285],[2.113,43.02756],[2.11116,43.02499],[2.10811,43.02316],[2.0995,43.02135],[2.09586,43.01695],[2.09348,43.01496],[2.09565,43.01042],[2.0949,43.00763],[2.09275,43.00527],[2.08972,43.00376],[2.08805,42.9975],[2.08835,42.99172],[2.09055,42.98888],[2.09104,42.98636],[2.09316,42.98343],[2.09323,42.97905],[2.09131,42.97647],[2.08627,42.97413],[2.08139,42.97377],[2.08052,42.97273],[2.08164,42.96733],[2.0823,42.96103],[2.0792,42.95309],[2.0772,42.95037],[2.07852,42.94752],[2.08161,42.94516],[2.08297,42.94293],[2.08811,42.94207],[2.0912,42.94304],[2.10757,42.94532],[2.11036,42.94519],[2.11785,42.94808],[2.1218,42.94845],[2.1256,42.94763],[2.12865,42.94576],[2.1313,42.94134],[2.13151,42.93856],[2.13027,42.93592],[2.12525,42.93083],[2.11653,42.92486],[2.11405,42.92168],[2.11559,42.91589],[2.11942,42.92026],[2.12241,42.92182],[2.12737,42.92271],[2.1328,42.92172],[2.13548,42.92018],[2.14139,42.91915],[2.1493,42.9155],[2.1528,42.91078],[2.15674,42.90865],[2.16413,42.90593],[2.17125,42.89947],[2.17789,42.89823],[2.18067,42.89657],[2.18603,42.8982],[2.19089,42.90531],[2.19573,42.9074],[2.19948,42.90753],[2.20338,42.90667],[2.21079,42.90838],[2.21434,42.90822],[2.21841,42.90977],[2.22157,42.90996],[2.2276,42.91143],[2.23339,42.91062],[2.23687,42.90929],[2.23938,42.90976],[2.24417,42.91234],[2.24505,42.91441],[2.24425,42.91744],[2.2454,42.9227],[2.24435,42.92654],[2.24541,42.92919],[2.24772,42.93136],[2.25097,42.93273],[2.25713,42.9339],[2.26253,42.93357],[2.26663,42.93174],[2.2825,42.92636],[2.28761,42.9222],[2.29183,42.91706],[2.3006,42.90959],[2.30698,42.91417],[2.30855,42.91681],[2.30453,42.92362],[2.30407,42.92648],[2.30694,42.9311],[2.3067,42.93522],[2.30835,42.93776],[2.31119,42.93966],[2.31479,42.94061],[2.32094,42.93986],[2.32569,42.93686],[2.33008,42.93491],[2.33494,42.93423],[2.33799,42.93564],[2.34318,42.93639],[2.34515,42.93755],[2.35026,42.93855],[2.35694,42.93774],[2.35376,42.94592],[2.35399,42.94847],[2.35594,42.95537],[2.35642,42.96041],[2.35817,42.96305],[2.36303,42.96555],[2.37885,42.96976],[2.37829,42.97258],[2.37461,42.97694],[2.36817,42.97901],[2.3643,42.98242],[2.36188,42.9827],[2.35143,42.98058],[2.34392,42.98031],[2.34075,42.98062],[2.33037,42.978],[2.32388,42.97257],[2.31845,42.97068],[2.31462,42.97074],[2.31112,42.97189],[2.30797,42.9741],[2.30149,42.97264],[2.2968,42.97297],[2.29334,42.97422],[2.29081,42.97636],[2.28944,42.97899],[2.28965,42.98491],[2.28613,42.98726],[2.28474,42.9899],[2.28484,42.99275],[2.28642,42.99535],[2.29094,42.99808],[2.2916,43.00191],[2.2953,43.0064],[2.30464,43.01359],[2.31023,43.01502],[2.31589,43.01382],[2.31987,43.01188],[2.32742,43.01079],[2.33069,43.0088],[2.33301,43.00565],[2.33515,43.00499],[2.33915,43.00542],[2.34281,43.00491],[2.348,43.00686],[2.3533,43.00652],[2.35324,43.00867],[2.35158,43.01165],[2.34456,43.01417],[2.33435,43.01573],[2.32869,43.01621],[2.32324,43.01894],[2.3206,43.02117],[2.3181,43.02719],[2.31674,43.03336],[2.31734,43.03619],[2.31983,43.03917],[2.32294,43.04082],[2.32665,43.04148],[2.33532,43.04209],[2.33963,43.0431],[2.3436,43.0429],[2.35877,43.03993],[2.36395,43.03796],[2.37131,43.03646],[2.38243,43.03617],[2.3863,43.03541],[2.39267,43.03868],[2.39264,43.04613],[2.39449,43.04928],[2.39506,43.05266],[2.39631,43.05437],[2.3862,43.05856],[2.37882,43.06016],[2.36817,43.06703],[2.36663,43.07012],[2.36736,43.07759],[2.37013,43.08656],[2.37485,43.0912],[2.38029,43.09397],[2.38375,43.09467],[2.389,43.09393],[2.39486,43.09113],[2.3988,43.08783],[2.40222,43.08372],[2.4105,43.08236],[2.41475,43.08255],[2.41814,43.08162],[2.42084,43.07985],[2.42751,43.07273],[2.43081,43.06714],[2.44035,43.06284],[2.44533,43.05738],[2.44973,43.05346],[2.4584,43.05244],[2.46602,43.05014],[2.46955,43.04757],[2.47103,43.04469],[2.47018,43.03556],[2.46627,43.03095],[2.47114,43.03114],[2.48065,43.03491],[2.48456,43.03548],[2.49066,43.03423],[2.5009,43.03295],[2.50403,43.03121],[2.50598,43.02871],[2.50783,43.02273],[2.50772,43.02018],[2.5036,43.01241],[2.50144,43.01036],[2.50103,43.00738],[2.50272,43.00266],[2.53474,42.98689],[2.55453,42.98062],[2.55809,42.97738],[2.5588,42.97461],[2.55802,42.97185],[2.54883,42.95616],[2.53636,42.94591],[2.52727,42.93922],[2.52277,42.93481],[2.52115,42.92629],[2.52157,42.92445],[2.52793,42.92014],[2.53611,42.91886],[2.542,42.91909],[2.56695,42.93215],[2.57071,42.93279],[2.5745,42.93232],[2.5839,42.92952],[2.5866,42.92766],[2.58816,42.92519],[2.59024,42.91847],[2.58957,42.91554],[2.5858,42.91211],[2.58021,42.90945],[2.57686,42.90854],[2.56813,42.90931],[2.55055,42.90177],[2.54681,42.9013],[2.53836,42.90149],[2.5296,42.9036],[2.53065,42.90026],[2.53017,42.8958],[2.52719,42.89164],[2.5255,42.88127],[2.52632,42.8774],[2.52795,42.87602],[2.53116,42.8713],[2.53183,42.86653],[2.5306,42.8635],[2.52451,42.85822],[2.51948,42.85048],[2.51809,42.84727],[2.51594,42.84537],[2.51662,42.84249],[2.52116,42.84414],[2.52525,42.84435],[2.53016,42.84353],[2.5359,42.84513],[2.54547,42.8452],[2.55087,42.84402],[2.55556,42.84546],[2.56226,42.84504],[2.56537,42.84393],[2.572,42.84339],[2.58081,42.84168],[2.59778,42.83665],[2.60435,42.83599],[2.61136,42.8359],[2.62828,42.83663],[2.63815,42.8342],[2.66401,42.83636],[2.66796,42.83543],[2.67686,42.83183],[2.68046,42.83079],[2.68878,42.83124],[2.69577,42.83053],[2.70221,42.83142],[2.70848,42.83382],[2.71253,42.8346],[2.71723,42.83388],[2.72745,42.83443],[2.73349,42.83563],[2.7375,42.8358],[2.74247,42.83894],[2.74603,42.8422],[2.75408,42.85151],[2.75552,42.85697],[2.76207,42.87346],[2.76334,42.87479],[2.78776,42.89498],[2.79236,42.89648],[2.81005,42.89853],[2.81777,42.90045],[2.82342,42.90538],[2.8292,42.90824],[2.83369,42.90931],[2.83847,42.91285],[2.84776,42.91477],[2.85259,42.91423],[2.85805,42.9162],[2.86416,42.91637],[2.86904,42.91464],[2.87461,42.91053],[2.87646,42.90854],[2.88011,42.90194],[2.88193,42.90032],[2.88832,42.89828],[2.90485,42.89594],[2.90815,42.8943],[2.91299,42.88896],[2.91723,42.88513],[2.92458,42.8831],[2.93249,42.88014],[2.9476,42.87603],[2.97665,42.87018],[2.98435,42.86727],[2.99272,42.86243],[3.01259,42.85233],[3.03981,42.84002],[3.04339,42.83821],[3.04456,42.84625],[3.04614,42.85247],[3.04657,42.85627],[3.05023,42.86926],[3.0502,42.87815],[3.05195,42.88311],[3.05312,42.88459],[3.05217,42.8888],[3.05403,42.89618],[3.05647,42.90336],[3.05771,42.90849],[3.06053,42.91741],[3.05988,42.91951],[3.05576,42.92313],[3.05455,42.92558],[3.04394,42.92913],[3.04099,42.93116],[3.03942,42.93391],[3.03886,42.94025],[3.04055,42.94839],[3.04427,42.96378],[3.04956,42.98084],[3.05489,42.99554],[3.05788,43.00262],[3.06204,43.00919],[3.0647,43.0111],[3.06998,43.0123],[3.0797,43.01229],[3.0826,43.01172],[3.08004,43.02191],[3.07244,43.02529],[3.07014,43.02921],[3.07051,43.03207],[3.07243,43.03595],[3.08149,43.05107],[3.08486,43.0576],[3.08842,43.06304],[3.10382,43.08539],[3.11167,43.09465],[3.11766,43.10299],[3.12218,43.10767],[3.12678,43.10961],[3.13246,43.11052],[3.13085,43.11277],[3.13096,43.1172],[3.13541,43.12296],[3.1439,43.13268],[3.14863,43.13704],[3.15165,43.13843],[3.1523,43.14108],[3.15427,43.14394],[3.16433,43.1539],[3.17474,43.16363],[3.18111,43.16862],[3.18169,43.17028],[3.17988,43.17405],[3.18037,43.17687],[3.18195,43.17939],[3.17982,43.18394],[3.18005,43.1872],[3.18158,43.18982],[3.18611,43.19246],[3.19348,43.19283],[3.19045,43.19661],[3.18992,43.201],[3.19294,43.20566],[3.19352,43.20934],[3.1928,43.21348],[3.1939,43.21961],[3.19357,43.22749],[3.19399,43.22897],[3.19232,43.23498],[3.18881,43.23798],[3.18111,43.23687],[3.17698,43.23544],[3.17287,43.23495],[3.16798,43.23608],[3.16022,43.23622],[3.15366,43.23561],[3.1503,43.23666],[3.14237,43.24304],[3.13716,43.24411],[3.1322,43.24378],[3.12872,43.2447],[3.12571,43.24642],[3.118,43.24326],[3.11385,43.24302],[3.10943,43.23829],[3.10597,43.23701],[3.10211,43.23681],[3.09685,43.2384],[3.08751,43.23777],[3.08119,43.23871],[3.08208,43.23633],[3.08182,43.23284],[3.08555,43.2324],[3.09014,43.23006],[3.09187,43.22761],[3.09221,43.22486],[3.09047,43.21948],[3.09094,43.21613],[3.08962,43.21341],[3.08697,43.21128],[3.08116,43.20862],[3.07756,43.20774],[3.07378,43.20792],[3.06898,43.21009],[3.06603,43.21352],[3.06007,43.21751],[3.05825,43.2199],[3.05424,43.2223],[3.04861,43.22487],[3.04661,43.22517],[3.03777,43.22836],[3.03494,43.23013],[3.03276,43.23316],[3.03207,43.23734],[3.02757,43.23748],[3.02277,43.2361],[3.01798,43.23583],[3.01306,43.23668],[3.0101,43.23546],[3.00335,43.23464],[2.99691,43.23435],[2.99451,43.23236],[2.98959,43.23039],[2.98704,43.228],[2.98386,43.22659],[2.97726,43.22647],[2.97544,43.22287],[2.96971,43.21997],[2.96795,43.21688],[2.96538,43.21485],[2.96196,43.21367],[2.95641,43.21276],[2.94851,43.213],[2.94482,43.21186],[2.94082,43.21179],[2.93477,43.21344],[2.92708,43.21715],[2.92178,43.21875],[2.91682,43.21548],[2.91319,43.21475],[2.90946,43.21507],[2.90485,43.21737],[2.90309,43.2198],[2.90182,43.22489],[2.90303,43.22894],[2.90548,43.23108],[2.90883,43.23238],[2.91243,43.23266],[2.91226,43.23547],[2.90851,43.23994],[2.90783,43.24277],[2.90857,43.25314],[2.91389,43.25866],[2.91373,43.26118],[2.909,43.26726],[2.90847,43.28236],[2.90568,43.28544],[2.90483,43.28808],[2.90537,43.29077],[2.90723,43.29313],[2.91015,43.29483],[2.91434,43.29585],[2.91804,43.29561],[2.92135,43.29438],[2.92404,43.29201],[2.92734,43.3037],[2.93084,43.30663],[2.94131,43.31062],[2.94576,43.31185],[2.9384,43.3155],[2.93614,43.31816],[2.93553,43.32047],[2.93293,43.32128],[2.929,43.32389],[2.92737,43.32641],[2.92717,43.32919],[2.92852,43.33195],[2.92715,43.33902],[2.92272,43.34304],[2.91861,43.34362],[2.90881,43.34667],[2.90201,43.34787],[2.89394,43.35064],[2.89132,43.35263],[2.88993,43.3552],[2.889,43.36022],[2.89013,43.36555],[2.87574,43.37253],[2.87356,43.37492],[2.87168,43.3814],[2.87281,43.38586],[2.8755,43.38923],[2.87811,43.3909],[2.87743,43.39367],[2.87505,43.39609],[2.87302,43.39957],[2.87305,43.40583],[2.86644,43.41083],[2.86202,43.40725],[2.85823,43.40642],[2.85277,43.40676],[2.84899,43.40834],[2.84385,43.4084],[2.83802,43.40942],[2.82964,43.41339],[2.82698,43.41255],[2.82143,43.41228],[2.81402,43.41299],[2.80919,43.4153],[2.80617,43.41911],[2.79905,43.41996],[2.7957,43.42143],[2.79341,43.42374],[2.7908,43.42859],[2.79012,43.43162],[2.78587,43.43279],[2.78209,43.43565],[2.77668,43.43871],[2.77356,43.43691],[2.77406,43.43406],[2.77347,43.4295],[2.77009,43.42447],[2.7649,43.42128],[2.76024,43.41719],[2.75922,43.41329],[2.76432,43.4068],[2.76812,43.40436],[2.76991,43.40188],[2.77026,43.39909],[2.76913,43.3964],[2.76308,43.39046],[2.76072,43.38589],[2.75838,43.38388],[2.75521,43.38261],[2.74825,43.38254],[2.74174,43.37672],[2.73487,43.37411],[2.72469,43.37379],[2.72003,43.37457],[2.71513,43.37691],[2.71228,43.37733],[2.70774,43.37987],[2.70616,43.38244],[2.70585,43.38546],[2.70369,43.38722],[2.69881,43.38631],[2.68492,43.38981],[2.68033,43.3894],[2.67502,43.39107],[2.67004,43.38894],[2.66528,43.38785],[2.66229,43.3859],[2.65866,43.38462],[2.65223,43.38383],[2.64555,43.38545],[2.63956,43.38561],[2.63637,43.387],[2.63412,43.38915],[2.6317,43.39922],[2.62801,43.40124],[2.62579,43.40344],[2.62485,43.4061],[2.62557,43.41123],[2.62248,43.41398],[2.61868,43.42108],[2.61004,43.42523],[2.60628,43.42896],[2.59971,43.4333],[2.59711,43.43299],[2.59232,43.43],[2.58781,43.42858],[2.58201,43.42424],[2.57845,43.42311],[2.57355,43.42294],[2.57049,43.42373],[2.56585,43.42271],[2.5734,43.41967],[2.57811,43.41591],[2.57975,43.41228],[2.58253,43.40836],[2.58238,43.4056],[2.58084,43.40308],[2.57812,43.40116],[2.57274,43.39999],[2.56909,43.40037],[2.5598,43.39332],[2.55535,43.38802],[2.55497,43.38499],[2.55128,43.3784],[2.55264,43.3763],[2.55288,43.37261],[2.55455,43.36976],[2.55406,43.36579],[2.54926,43.36067],[2.54806,43.35732],[2.54439,43.35353],[2.54139,43.35186],[2.53777,43.35113],[2.53405,43.35145],[2.53038,43.35299],[2.52442,43.35399],[2.52147,43.356],[2.51824,43.36263],[2.51827,43.37034],[2.50395,43.37589],[2.50112,43.37803],[2.49973,43.38084],[2.50001,43.38382],[2.50326,43.38834],[2.50833,43.39073],[2.50911,43.39307],[2.51291,43.39706],[2.5155,43.3986],[2.51331,43.40055],[2.51178,43.40366],[2.50884,43.40372],[2.50608,43.4013],[2.49701,43.39772],[2.48897,43.39584],[2.48189,43.39235],[2.4767,43.39189],[2.47294,43.39287],[2.46767,43.39673],[2.45941,43.39776],[2.45607,43.39712],[2.45468,43.39405],[2.45259,43.39191],[2.45099,43.38812],[2.44686,43.3839],[2.44155,43.37768],[2.43809,43.37593],[2.4291,43.37433],[2.42586,43.37413],[2.42011,43.37249],[2.41316,43.37303],[2.41034,43.37245],[2.40637,43.36921],[2.40242,43.36819],[2.39827,43.36792],[2.39247,43.36954],[2.38596,43.36909],[2.38283,43.36968],[2.37943,43.3671],[2.37038,43.36293],[2.36526,43.36242],[2.36083,43.3633],[2.35353,43.35882],[2.34735,43.35801],[2.33302,43.35954],[2.32873,43.35769],[2.32476,43.35725],[2.31921,43.3588],[2.31666,43.36105],[2.31495,43.36659],[2.31175,43.36903],[2.30089,43.36702],[2.30398,43.3628],[2.30348,43.35813],[2.30381,43.35154],[2.30294,43.34864],[2.30103,43.34634],[2.2981,43.3447],[2.29457,43.34396],[2.28759,43.34365],[2.28374,43.3446],[2.27971,43.3477],[2.27807,43.35018],[2.27356,43.34895],[2.26957,43.34925],[2.26552,43.35105],[2.26322,43.3451],[2.26119,43.34178],[2.26079,43.33712],[2.25885,43.33117],[2.25651,43.32899],[2.25139,43.32666],[2.24891,43.32296],[2.24573,43.32127],[2.24191,43.32062],[2.23805,43.32111],[2.23296,43.3227],[2.23032,43.32447],[2.22873,43.32683],[2.22857,43.33136],[2.22171,43.33778],[2.21607,43.33987],[2.21292,43.33933],[2.209,43.33971],[2.20376,43.3428],[2.2009,43.34344],[2.19188,43.3429],[2.18932,43.34327],[2.18467,43.33768],[2.18222,43.32964],[2.17982,43.32736],[2.17334,43.32472],[2.17173,43.32329],[2.17693,43.31846],[2.18202,43.31928],[2.1859,43.31872],[2.18916,43.31708],[2.19125,43.31463],[2.19219,43.31029],[2.19131,43.30759],[2.18912,43.30533],[2.18593,43.30383],[2.17881,43.30369],[2.17374,43.30159],[2.17082,43.2991],[2.1671,43.29747],[2.1632,43.297],[2.16749,43.29088],[2.17021,43.28288],[2.17353,43.27658],[2.17412,43.27172],[2.17301,43.26892],[2.17048,43.26667],[2.16695,43.26533],[2.16014,43.2643],[2.15339,43.26496],[2.15064,43.26471],[2.1358,43.26684],[2.13334,43.26021],[2.13162,43.25782],[2.13409,43.25663],[2.13862,43.25244],[2.14038,43.2499],[2.14065,43.24705],[2.13939,43.24434],[2.13496,43.24139],[2.13129,43.23783],[2.12852,43.23678],[2.12662,43.23484],[2.12038,43.23206],[2.11227,43.23113],[2.1084,43.23193],[2.10401,43.23454],[2.10188,43.23716],[2.09462,43.23769],[2.08871,43.23928],[2.0852,43.23884],[2.07581,43.23352],[2.07039,43.23082],[2.06692,43.22543],[2.06702,43.22275],[2.06587,43.21877],[2.06403,43.21653],[2.05925,43.21262],[2.05753,43.20777],[2.05372,43.20455],[2.05006,43.20354],[2.04442,43.20397],[2.03418,43.20632],[2.0314,43.20744],[2.02725,43.20733],[2.02204,43.2087],[2.01929,43.20796],[2.01205,43.20762],[2.00774,43.20834],[1.99925,43.21213],[1.99414,43.21486],[1.99244,43.21909],[1.99371,43.22519],[1.99228,43.22958],[1.98943,43.23616],[1.98999,43.24059],[1.98826,43.24194],[1.98543,43.24213],[1.97734,43.24474],[1.97465,43.24657],[1.97277,43.25134],[1.96608,43.24638],[1.96249,43.24507],[1.95258,43.24445],[1.94419,43.24612],[1.94262,43.24133],[1.94343,43.23849],[1.94676,43.23517],[1.94727,43.23246],[1.94614,43.22945],[1.9466,43.22192],[1.95213,43.22017],[1.95807,43.21764],[1.96368,43.21443],[1.96568,43.212],[1.96594,43.20776],[1.96224,43.2037],[1.9645,43.19897],[1.96265,43.19364],[1.96539,43.19093],[1.97048,43.18926],[1.97402,43.18513],[1.97833,43.18164],[1.97985,43.1789],[1.97996,43.17611],[1.98118,43.17396],[1.98559,43.17421],[1.98933,43.17339],[1.99232,43.17155],[1.99442,43.16757],[1.9939,43.16472],[1.99201,43.16232],[1.99404,43.15927],[1.99297,43.15004],[1.99189,43.14749],[1.98815,43.14461],[1.98486,43.13987],[1.98482,43.13715],[1.97874,43.12826],[1.98131,43.12449],[1.98531,43.12148],[1.98953,43.12068],[1.99959,43.12104],[2.00746,43.12057],[2.01466,43.11744],[2.02262,43.11657],[2.0294,43.1137],[2.03162,43.11149],[2.03254,43.10882],[2.03203,43.10608],[2.02825,43.1024],[2.03501,43.10019],[2.03768,43.0982],[2.04019,43.09408],[2.04282,43.09266],[2.04984,43.09153],[2.05342,43.0897]]]}},{"type":"Feature","properties":{"level":"subregion","subregionId":"herault-gard","nameJa":"エロー / ガール(東ラングドック)"},"geometry":{"type":"MultiPolygon","coordinates":[[[[3.32835,43.60069],[3.32693,43.59842],[3.32399,43.59644],[3.31867,43.5949],[3.31107,43.58967],[3.30874,43.58535],[3.30582,43.58302],[3.3112,43.57804],[3.31261,43.57564],[3.3126,43.5723],[3.31394,43.56753],[3.31253,43.56307],[3.31045,43.56006],[3.31626,43.55817],[3.32688,43.55842],[3.33425,43.55711],[3.34131,43.55493],[3.34657,43.55176],[3.35018,43.54679],[3.3543,43.54295],[3.3568,43.53517],[3.3605,43.53152],[3.36579,43.53149],[3.36974,43.5303],[3.37478,43.52773],[3.37731,43.52551],[3.38442,43.52102],[3.38744,43.51769],[3.39409,43.51313],[3.39952,43.51077],[3.40285,43.50768],[3.40582,43.50363],[3.41067,43.50308],[3.41586,43.50012],[3.42458,43.50336],[3.43161,43.50475],[3.43525,43.50452],[3.44052,43.50192],[3.44452,43.50512],[3.44563,43.50771],[3.44854,43.51051],[3.44927,43.51323],[3.45294,43.51645],[3.45575,43.52154],[3.45802,43.52408],[3.46667,43.52821],[3.47459,43.53011],[3.47816,43.53187],[3.47803,43.53674],[3.47991,43.54085],[3.47968,43.5457],[3.48026,43.54794],[3.48485,43.55336],[3.48135,43.55631],[3.48001,43.56018],[3.47639,43.56577],[3.47621,43.56978],[3.47778,43.57223],[3.48027,43.57398],[3.47793,43.57808],[3.47758,43.5823],[3.47267,43.58453],[3.46337,43.58506],[3.46006,43.58633],[3.45609,43.58937],[3.45154,43.58929],[3.44827,43.58789],[3.43576,43.58604],[3.43047,43.58764],[3.42649,43.59215],[3.42375,43.59356],[3.41942,43.59429],[3.415,43.5961],[3.40922,43.60095],[3.40727,43.60509],[3.39939,43.60652],[3.39635,43.6081],[3.39194,43.60861],[3.38363,43.60553],[3.37505,43.60371],[3.36275,43.60286],[3.35598,43.60029],[3.35236,43.60021],[3.34896,43.60108],[3.34029,43.60485],[3.33748,43.60772],[3.33182,43.6064],[3.32835,43.60069]]],[[[3.408,43.76565],[3.40532,43.76119],[3.39979,43.75682],[3.39541,43.75498],[3.39156,43.75212],[3.38448,43.74948],[3.38047,43.74916],[3.37255,43.7455],[3.36841,43.74229],[3.36928,43.73887],[3.36858,43.7361],[3.36418,43.73216],[3.36627,43.72484],[3.36728,43.71805],[3.36611,43.71541],[3.36365,43.71328],[3.35906,43.71129],[3.35486,43.71056],[3.34737,43.70747],[3.34707,43.70432],[3.34242,43.69932],[3.3419,43.69175],[3.34796,43.68969],[3.35233,43.6868],[3.35493,43.68349],[3.35811,43.68247],[3.36163,43.68287],[3.36765,43.68133],[3.37095,43.68172],[3.37617,43.68068],[3.38176,43.67756],[3.38423,43.67533],[3.3853,43.67256],[3.38455,43.66916],[3.39177,43.6642],[3.39682,43.66662],[3.40496,43.6688],[3.40924,43.66912],[3.41494,43.67037],[3.41845,43.67018],[3.42208,43.66899],[3.42753,43.66585],[3.43137,43.66153],[3.43828,43.65818],[3.44176,43.65567],[3.44544,43.64928],[3.44721,43.64791],[3.45127,43.64204],[3.45895,43.64113],[3.46199,43.6398],[3.4657,43.6371],[3.4714,43.63628],[3.47542,43.63319],[3.47938,43.62268],[3.48034,43.62114],[3.48416,43.61951],[3.48692,43.61722],[3.49072,43.61694],[3.49451,43.61773],[3.49656,43.62093],[3.49949,43.62271],[3.50555,43.62514],[3.50854,43.62761],[3.51188,43.62914],[3.51578,43.62959],[3.52044,43.62861],[3.5351,43.637],[3.54023,43.63787],[3.5452,43.63702],[3.54837,43.63536],[3.55089,43.63156],[3.54942,43.62578],[3.5509,43.62254],[3.55403,43.62094],[3.5606,43.62093],[3.56793,43.61973],[3.57148,43.61815],[3.57507,43.61757],[3.58195,43.61538],[3.58499,43.61381],[3.59022,43.61255],[3.59797,43.61299],[3.61192,43.62183],[3.61752,43.62294],[3.61935,43.62529],[3.61942,43.63096],[3.62084,43.63674],[3.61952,43.64095],[3.61953,43.64545],[3.62295,43.64989],[3.62442,43.65294],[3.62345,43.65547],[3.62398,43.65844],[3.62612,43.661],[3.62935,43.66287],[3.62708,43.66658],[3.62745,43.67139],[3.62865,43.67348],[3.62903,43.67881],[3.62851,43.68337],[3.63008,43.68593],[3.63287,43.68787],[3.63838,43.68901],[3.64213,43.68842],[3.64529,43.68683],[3.64871,43.68329],[3.65316,43.68326],[3.65828,43.68136],[3.66221,43.6779],[3.66745,43.67793],[3.67358,43.67664],[3.67869,43.67336],[3.68138,43.67803],[3.68546,43.68069],[3.69511,43.68201],[3.69903,43.6833],[3.70253,43.68346],[3.70572,43.68548],[3.70781,43.68795],[3.71075,43.68961],[3.71431,43.69037],[3.7191,43.69049],[3.72321,43.68974],[3.7287,43.68778],[3.73135,43.68599],[3.73294,43.68362],[3.73357,43.67824],[3.73282,43.67589],[3.73671,43.67335],[3.74264,43.67141],[3.74481,43.6692],[3.74758,43.66402],[3.75321,43.66244],[3.75785,43.66378],[3.75946,43.66558],[3.75772,43.67105],[3.75911,43.6809],[3.76087,43.68356],[3.76395,43.68548],[3.76817,43.68645],[3.77843,43.68522],[3.78193,43.68401],[3.78747,43.67973],[3.79183,43.67962],[3.79788,43.67715],[3.79956,43.67904],[3.79943,43.68235],[3.80048,43.68564],[3.79801,43.68725],[3.79234,43.68962],[3.78892,43.69024],[3.78564,43.69199],[3.78362,43.69456],[3.78319,43.6975],[3.78406,43.70232],[3.7873,43.70582],[3.79074,43.70714],[3.79461,43.7074],[3.80607,43.70516],[3.80828,43.70793],[3.81068,43.70942],[3.81235,43.71334],[3.81449,43.71551],[3.81951,43.71776],[3.8252,43.71816],[3.82904,43.7176],[3.83423,43.72244],[3.84007,43.72654],[3.85165,43.72905],[3.85801,43.72794],[3.86066,43.72909],[3.86456,43.73247],[3.86721,43.73392],[3.86601,43.73933],[3.86403,43.74113],[3.86251,43.74462],[3.8628,43.74767],[3.86439,43.7501],[3.86758,43.75253],[3.86662,43.7547],[3.86684,43.75768],[3.8707,43.76195],[3.87386,43.76328],[3.87747,43.76369],[3.88308,43.76234],[3.88575,43.7604],[3.88721,43.75787],[3.88726,43.75512],[3.8859,43.75255],[3.88354,43.75067],[3.88682,43.74827],[3.88957,43.74473],[3.89292,43.74355],[3.89561,43.74142],[3.89699,43.73724],[3.89593,43.73445],[3.89345,43.73218],[3.88923,43.73064],[3.89066,43.72854],[3.89399,43.72965],[3.9,43.72928],[3.90307,43.73122],[3.90798,43.73234],[3.9126,43.73251],[3.90968,43.73981],[3.9068,43.74228],[3.90462,43.74637],[3.90504,43.74926],[3.90699,43.75179],[3.91125,43.75424],[3.9126,43.75791],[3.91249,43.76017],[3.91388,43.76451],[3.91988,43.77151],[3.91735,43.77498],[3.91704,43.77775],[3.91819,43.78041],[3.92063,43.78255],[3.92666,43.78524],[3.92911,43.78792],[3.92711,43.79182],[3.92707,43.79718],[3.92611,43.80069],[3.92425,43.80368],[3.92429,43.80648],[3.92579,43.80906],[3.92894,43.81134],[3.93248,43.81242],[3.93631,43.81244],[3.93986,43.81141],[3.94254,43.80953],[3.94835,43.80958],[3.95413,43.80891],[3.95664,43.81283],[3.95926,43.81564],[3.95992,43.81944],[3.96201,43.822],[3.96649,43.82434],[3.96921,43.82492],[3.97268,43.82744],[3.96919,43.8336],[3.97036,43.83763],[3.97365,43.84113],[3.97274,43.84257],[3.96678,43.84236],[3.96122,43.84394],[3.95868,43.8462],[3.95758,43.849],[3.95959,43.85458],[3.96217,43.85669],[3.9676,43.85815],[3.97114,43.85833],[3.97529,43.86104],[3.97214,43.86392],[3.96822,43.86593],[3.96627,43.86845],[3.96583,43.87132],[3.96812,43.87531],[3.96991,43.87669],[3.96855,43.8793],[3.9648,43.87903],[3.96135,43.87976],[3.95808,43.88141],[3.95453,43.88036],[3.94728,43.88079],[3.94687,43.87793],[3.93962,43.87041],[3.94029,43.86639],[3.93906,43.86378],[3.93658,43.86168],[3.93321,43.86042],[3.92838,43.85977],[3.92595,43.85531],[3.92232,43.85163],[3.91878,43.85035],[3.91292,43.85052],[3.90823,43.85305],[3.90659,43.85565],[3.90593,43.86056],[3.90779,43.86511],[3.90366,43.87013],[3.9028,43.87263],[3.89616,43.87231],[3.89042,43.87423],[3.88781,43.87434],[3.88161,43.8725],[3.87803,43.87073],[3.87447,43.87017],[3.87048,43.87048],[3.86249,43.86744],[3.86506,43.86505],[3.86626,43.86205],[3.86598,43.8595],[3.8723,43.85746],[3.87531,43.85306],[3.879,43.85179],[3.88148,43.84978],[3.88276,43.84724],[3.88263,43.8441],[3.88085,43.84144],[3.87776,43.83953],[3.87301,43.83842],[3.86946,43.83428],[3.86663,43.83274],[3.86393,43.82888],[3.86583,43.82498],[3.86525,43.82227],[3.86333,43.81991],[3.85855,43.81758],[3.85652,43.81501],[3.85359,43.81316],[3.85146,43.8104],[3.84801,43.80797],[3.8466,43.79917],[3.84498,43.79655],[3.84207,43.79458],[3.83784,43.79306],[3.82321,43.79067],[3.81786,43.78869],[3.81539,43.78841],[3.81393,43.78652],[3.8168,43.78319],[3.81667,43.77896],[3.8133,43.77549],[3.80979,43.77423],[3.8017,43.77344],[3.79743,43.77171],[3.79056,43.7709],[3.78554,43.76719],[3.78697,43.76126],[3.79133,43.75963],[3.79368,43.75733],[3.79462,43.75429],[3.79963,43.7533],[3.8059,43.75513],[3.80965,43.7548],[3.81295,43.75347],[3.81531,43.75134],[3.81822,43.74546],[3.81718,43.73898],[3.81563,43.73647],[3.81006,43.73331],[3.8056,43.73228],[3.79952,43.73179],[3.79592,43.73208],[3.79227,43.73343],[3.78474,43.73989],[3.78133,43.73906],[3.77923,43.73739],[3.77385,43.7347],[3.76789,43.72946],[3.75966,43.7266],[3.75521,43.72606],[3.74997,43.72726],[3.74731,43.72586],[3.74338,43.72513],[3.73938,43.72559],[3.73598,43.72719],[3.73354,43.72994],[3.72809,43.73167],[3.71927,43.73772],[3.71641,43.73554],[3.71172,43.72894],[3.70492,43.72542],[3.70153,43.71925],[3.69769,43.71641],[3.69423,43.71553],[3.69057,43.71564],[3.6824,43.717],[3.67857,43.71723],[3.67539,43.71835],[3.67093,43.72151],[3.66913,43.72535],[3.67047,43.72931],[3.67295,43.73137],[3.67624,43.7326],[3.67618,43.73569],[3.67502,43.73851],[3.67572,43.74287],[3.67788,43.74549],[3.67465,43.74966],[3.67355,43.75229],[3.67459,43.75631],[3.67883,43.75945],[3.68085,43.7618],[3.68736,43.767],[3.68015,43.76921],[3.67751,43.77132],[3.67622,43.77402],[3.67647,43.77688],[3.67911,43.78027],[3.67594,43.78395],[3.67177,43.78608],[3.66841,43.78977],[3.66681,43.7936],[3.66745,43.79939],[3.66656,43.80262],[3.66728,43.80552],[3.67096,43.80943],[3.67203,43.81165],[3.6765,43.81475],[3.68231,43.81596],[3.68367,43.821],[3.68623,43.82303],[3.68964,43.82423],[3.69342,43.82442],[3.69901,43.8232],[3.70338,43.82427],[3.70673,43.82417],[3.71031,43.82598],[3.71383,43.82651],[3.72203,43.82488],[3.7244,43.82675],[3.72238,43.83081],[3.72311,43.83371],[3.72713,43.83807],[3.72955,43.84196],[3.73093,43.84611],[3.7337,43.84893],[3.73711,43.8507],[3.74142,43.85129],[3.74793,43.8579],[3.75141,43.85993],[3.76139,43.86913],[3.76309,43.8781],[3.75678,43.8794],[3.74965,43.87882],[3.7473,43.87792],[3.73825,43.8768],[3.73029,43.87895],[3.72767,43.88092],[3.72608,43.88598],[3.72363,43.88884],[3.72301,43.89122],[3.71909,43.89485],[3.71691,43.90101],[3.71835,43.90516],[3.72091,43.90719],[3.72125,43.91051],[3.71281,43.91069],[3.7059,43.91301],[3.70087,43.91241],[3.6978,43.91058],[3.69322,43.90668],[3.68421,43.90285],[3.68069,43.90236],[3.6732,43.89732],[3.66631,43.89508],[3.66853,43.88538],[3.66755,43.88246],[3.66502,43.88008],[3.65684,43.87731],[3.65043,43.87345],[3.6396,43.87053],[3.63084,43.86492],[3.62231,43.86231],[3.61845,43.8597],[3.61517,43.85864],[3.61015,43.85571],[3.6024,43.85397],[3.59638,43.85009],[3.59282,43.84901],[3.58448,43.84804],[3.5811,43.84818],[3.5767,43.83945],[3.5726,43.83589],[3.56368,43.83315],[3.56129,43.82862],[3.56596,43.82721],[3.56865,43.82541],[3.57026,43.82303],[3.56992,43.81707],[3.56668,43.81357],[3.55767,43.811],[3.55344,43.80615],[3.54789,43.80365],[3.54559,43.7983],[3.54348,43.79578],[3.54021,43.7941],[3.53909,43.79119],[3.54103,43.78755],[3.54344,43.78572],[3.54774,43.78868],[3.5532,43.7899],[3.55946,43.78836],[3.56353,43.78979],[3.56716,43.79008],[3.57068,43.78939],[3.57778,43.78596],[3.58255,43.78295],[3.58763,43.77773],[3.58874,43.77512],[3.58873,43.77156],[3.58772,43.768],[3.58425,43.76329],[3.58234,43.76177],[3.5832,43.7554],[3.58264,43.75247],[3.58052,43.74994],[3.57486,43.74714],[3.56698,43.74424],[3.56294,43.74377],[3.56049,43.74251],[3.55094,43.72726],[3.55148,43.72053],[3.54851,43.71682],[3.54511,43.71533],[3.54119,43.71492],[3.53569,43.71643],[3.52517,43.72482],[3.52327,43.72716],[3.51792,43.73123],[3.51647,43.73428],[3.50989,43.73795],[3.50832,43.73968],[3.50147,43.74294],[3.49492,43.74849],[3.48928,43.75139],[3.4872,43.75528],[3.47402,43.76252],[3.47172,43.76514],[3.47024,43.76831],[3.46578,43.76706],[3.4602,43.76774],[3.45717,43.76941],[3.45456,43.77238],[3.45037,43.77437],[3.4464,43.77521],[3.44243,43.7774],[3.43901,43.77357],[3.43592,43.7711],[3.43266,43.7697],[3.42892,43.76928],[3.42285,43.77099],[3.408,43.76565]]],[[[3.7781,43.88766],[3.78937,43.88803],[3.79947,43.89111],[3.80928,43.89997],[3.81951,43.91066],[3.82159,43.91332],[3.82442,43.9187],[3.82895,43.92446],[3.82629,43.92741],[3.82557,43.93142],[3.827,43.93471],[3.82672,43.93652],[3.8204,43.94228],[3.81404,43.94142],[3.80996,43.94187],[3.80599,43.94384],[3.80364,43.9434],[3.79769,43.94369],[3.79409,43.94491],[3.78876,43.95041],[3.78684,43.95454],[3.78636,43.95961],[3.78764,43.96676],[3.7839,43.96742],[3.77502,43.96733],[3.76986,43.96884],[3.76317,43.96774],[3.75733,43.96904],[3.75382,43.97228],[3.75218,43.9727],[3.74936,43.96991],[3.74373,43.96824],[3.73971,43.96856],[3.7343,43.97125],[3.73165,43.97181],[3.72687,43.97049],[3.72398,43.96607],[3.71681,43.96078],[3.71787,43.95512],[3.71765,43.95015],[3.71835,43.94448],[3.723,43.94068],[3.72394,43.93718],[3.7348,43.9376],[3.73984,43.93669],[3.74282,43.93491],[3.74464,43.93244],[3.7464,43.92823],[3.74643,43.9257],[3.75013,43.92485],[3.75903,43.92515],[3.76315,43.92608],[3.77238,43.92684],[3.77606,43.92625],[3.77916,43.9247],[3.78214,43.92183],[3.78331,43.91721],[3.78793,43.90996],[3.78816,43.90718],[3.7855,43.90108],[3.78526,43.89913],[3.7831,43.89476],[3.78019,43.89197],[3.7781,43.88766]]],[[[3.10192,43.42541],[3.10347,43.42689],[3.10833,43.42879],[3.11381,43.4285],[3.12051,43.42575],[3.12971,43.42405],[3.13333,43.42282],[3.13678,43.41928],[3.13713,43.41571],[3.1399,43.41519],[3.14487,43.42002],[3.14644,43.42306],[3.15165,43.42761],[3.15367,43.4304],[3.15643,43.43239],[3.16041,43.43402],[3.16493,43.43487],[3.17202,43.44187],[3.17675,43.44364],[3.17396,43.44751],[3.17368,43.45132],[3.1702,43.45289],[3.16802,43.45516],[3.16538,43.46208],[3.15715,43.46521],[3.15452,43.46713],[3.15306,43.46963],[3.15293,43.47308],[3.15648,43.4774],[3.15564,43.47959],[3.15623,43.48295],[3.1548,43.48771],[3.15602,43.49037],[3.15853,43.49249],[3.16216,43.49414],[3.16589,43.49927],[3.17288,43.50335],[3.18064,43.5051],[3.18903,43.50528],[3.1955,43.50636],[3.20048,43.50583],[3.20456,43.50682],[3.20854,43.50669],[3.21379,43.50551],[3.21643,43.50428],[3.22282,43.50363],[3.22319,43.5098],[3.22589,43.51326],[3.22889,43.51474],[3.22915,43.51823],[3.2283,43.52095],[3.22876,43.52365],[3.23188,43.52701],[3.23515,43.52833],[3.2415,43.52829],[3.24327,43.53131],[3.24803,43.53442],[3.24508,43.53729],[3.24318,43.54262],[3.24311,43.5487],[3.24462,43.55148],[3.2505,43.55535],[3.24966,43.56095],[3.25033,43.5637],[3.2547,43.56756],[3.26388,43.57088],[3.25913,43.57384],[3.25022,43.57769],[3.24688,43.57701],[3.23989,43.57096],[3.23638,43.56972],[3.23035,43.56992],[3.21922,43.56744],[3.21319,43.56771],[3.208,43.56649],[3.20399,43.56683],[3.20052,43.56831],[3.19711,43.57146],[3.18923,43.5666],[3.18519,43.56341],[3.17527,43.56184],[3.17053,43.55988],[3.16084,43.55704],[3.15657,43.55481],[3.15191,43.55115],[3.14715,43.54933],[3.14209,43.54836],[3.13163,43.54787],[3.12819,43.54562],[3.1242,43.54481],[3.11858,43.54559],[3.11373,43.54212],[3.11,43.5408],[3.10163,43.54072],[3.09982,43.53929],[3.0949,43.53761],[3.09132,43.53759],[3.08651,43.53927],[3.08418,43.54096],[3.08194,43.54451],[3.08197,43.54801],[3.08705,43.55693],[3.08379,43.55628],[3.07548,43.55612],[3.06471,43.55527],[3.05956,43.55682],[3.05716,43.55891],[3.0549,43.5638],[3.04747,43.56283],[3.03804,43.56076],[3.0326,43.56052],[3.02772,43.56126],[3.02437,43.55781],[3.01644,43.55462],[3.00578,43.5535],[3.00186,43.55425],[2.99801,43.55587],[2.99466,43.55885],[2.98078,43.55706],[2.9748,43.55698],[2.97218,43.55596],[2.96635,43.54886],[2.96065,43.54455],[2.95633,43.54061],[2.95165,43.53752],[2.94363,43.53482],[2.93953,43.53465],[2.93868,43.53359],[2.93852,43.52953],[2.9372,43.52707],[2.93251,43.52339],[2.93001,43.51838],[2.92814,43.51609],[2.92296,43.51313],[2.91841,43.51119],[2.91264,43.5109],[2.90993,43.51164],[2.90711,43.51088],[2.89755,43.50996],[2.89037,43.51038],[2.88205,43.5097],[2.88173,43.50559],[2.88021,43.50286],[2.87732,43.50079],[2.87237,43.49904],[2.86823,43.49862],[2.86266,43.49966],[2.85972,43.49514],[2.86064,43.492],[2.85988,43.48844],[2.86643,43.48776],[2.87589,43.4804],[2.87682,43.47779],[2.8749,43.47166],[2.87687,43.46944],[2.87817,43.46452],[2.87713,43.46145],[2.87067,43.45482],[2.86825,43.45041],[2.86583,43.44112],[2.86644,43.43707],[2.86429,43.43295],[2.85438,43.42381],[2.86227,43.41819],[2.86384,43.41546],[2.86372,43.41229],[2.87068,43.40685],[2.87189,43.40432],[2.87187,43.40069],[2.87558,43.39484],[2.87544,43.39099],[2.87449,43.38921],[2.86821,43.38458],[2.86843,43.38223],[2.87035,43.37799],[2.86951,43.37361],[2.87654,43.37199],[2.886,43.36746],[2.88877,43.36408],[2.88911,43.35686],[2.88793,43.35431],[2.8893,43.35168],[2.90201,43.34787],[2.90881,43.34667],[2.91386,43.34487],[2.92235,43.34265],[2.92585,43.3403],[2.92753,43.33728],[2.92765,43.33258],[2.92572,43.32987],[2.92144,43.32606],[2.92599,43.32374],[2.93019,43.32268],[2.93401,43.32012],[2.93634,43.31641],[2.94563,43.31203],[2.95756,43.31236],[2.96862,43.31431],[2.98014,43.31746],[2.99048,43.31876],[2.99103,43.32181],[2.9938,43.32544],[3.00186,43.33032],[3.0091,43.33295],[3.01294,43.33562],[3.02352,43.34077],[3.02545,43.34133],[3.0266,43.34696],[3.02871,43.34927],[3.03184,43.35083],[3.03839,43.35119],[3.04475,43.35287],[3.04954,43.35548],[3.05343,43.35587],[3.06201,43.35436],[3.06586,43.35677],[3.06995,43.35747],[3.07441,43.35697],[3.08531,43.35774],[3.08898,43.35728],[3.09214,43.35586],[3.09522,43.35311],[3.10186,43.35539],[3.10719,43.35913],[3.10832,43.36455],[3.09506,43.36668],[3.09211,43.36782],[3.0865,43.36888],[3.0803,43.37428],[3.07518,43.38296],[3.07149,43.38448],[3.06835,43.38803],[3.06577,43.39394],[3.06056,43.39708],[3.05844,43.40033],[3.05238,43.4012],[3.04877,43.40342],[3.04636,43.40639],[3.04567,43.40919],[3.04747,43.41321],[3.05029,43.41518],[3.05587,43.4163],[3.06107,43.41558],[3.06857,43.41936],[3.07241,43.41992],[3.07606,43.41939],[3.08143,43.42031],[3.08411,43.42219],[3.08794,43.42325],[3.09784,43.42393],[3.10192,43.42541]]],[[[4.50394,43.5803],[4.50424,43.57545],[4.50319,43.57297],[4.49771,43.56872],[4.49647,43.56485],[4.49382,43.56058],[4.48998,43.55763],[4.48654,43.55665],[4.48284,43.55665],[4.47883,43.55762],[4.47444,43.55748],[4.47115,43.55839],[4.46426,43.5616],[4.46194,43.56399],[4.46069,43.56763],[4.45623,43.57382],[4.4532,43.57905],[4.45302,43.58174],[4.45526,43.5854],[4.46193,43.5906],[4.46562,43.59722],[4.4681,43.59999],[4.47428,43.60427],[4.47519,43.60708],[4.47415,43.61017],[4.46922,43.6143],[4.46661,43.61521],[4.46263,43.61499],[4.45391,43.61131],[4.44682,43.61011],[4.44266,43.61018],[4.43899,43.61124],[4.43239,43.61582],[4.42804,43.61997],[4.42695,43.62248],[4.42717,43.62512],[4.42868,43.62753],[4.43277,43.63115],[4.43473,43.63409],[4.43718,43.64205],[4.44056,43.64889],[4.44385,43.65312],[4.44703,43.65869],[4.45094,43.66392],[4.45413,43.66646],[4.45907,43.66839],[4.46916,43.66955],[4.4755,43.67123],[4.47768,43.67303],[4.47851,43.67671],[4.47604,43.68195],[4.47652,43.68683],[4.48075,43.69373],[4.48589,43.69886],[4.48494,43.6998],[4.47103,43.70569],[4.46426,43.70899],[4.45722,43.71176],[4.45146,43.7166],[4.44954,43.72071],[4.44697,43.7234],[4.44627,43.72585],[4.44596,43.73306],[4.44306,43.73996],[4.44119,43.74626],[4.43742,43.74963],[4.43485,43.75473],[4.42962,43.75925],[4.42778,43.76219],[4.42436,43.76532],[4.41796,43.77399],[4.41288,43.77368],[4.40502,43.77136],[4.40744,43.76614],[4.40928,43.75826],[4.40852,43.75554],[4.40602,43.75115],[4.4026,43.74658],[4.39845,43.74344],[4.39099,43.74169],[4.38563,43.74237],[4.38233,43.73051],[4.38388,43.72001],[4.38292,43.71773],[4.3862,43.70384],[4.38463,43.70001],[4.38052,43.69736],[4.37511,43.6967],[4.34842,43.69918],[4.34699,43.69846],[4.34644,43.69279],[4.33973,43.68041],[4.3444,43.66939],[4.34718,43.66508],[4.35197,43.65581],[4.35178,43.65278],[4.3499,43.65007],[4.34761,43.64852],[4.3459,43.64421],[4.34336,43.64233],[4.33582,43.64058],[4.33042,43.64149],[4.32758,43.64325],[4.32533,43.64629],[4.32239,43.65567],[4.32182,43.66191],[4.32441,43.66759],[4.32437,43.66922],[4.32032,43.67475],[4.31913,43.68421],[4.31927,43.68571],[4.31191,43.69237],[4.31045,43.69522],[4.30967,43.6991],[4.30648,43.70162],[4.30164,43.70368],[4.29706,43.70631],[4.29035,43.71107],[4.28577,43.71584],[4.2823,43.71604],[4.27427,43.71546],[4.26071,43.71663],[4.2561,43.7133],[4.25345,43.70862],[4.25291,43.70511],[4.25142,43.70184],[4.24522,43.69514],[4.24623,43.68642],[4.25303,43.68454],[4.25579,43.68243],[4.26008,43.67521],[4.26363,43.66732],[4.26552,43.66224],[4.26522,43.65913],[4.26387,43.65584],[4.2605,43.6509],[4.25628,43.64148],[4.25432,43.63954],[4.25397,43.63741],[4.25033,43.62768],[4.24583,43.62222],[4.24048,43.62047],[4.23656,43.62069],[4.23308,43.62201],[4.22572,43.62769],[4.22229,43.63094],[4.20545,43.64564],[4.19944,43.64764],[4.19511,43.65078],[4.19153,43.64937],[4.19098,43.64677],[4.19216,43.64194],[4.19072,43.63884],[4.18824,43.63593],[4.18333,43.62851],[4.18067,43.62545],[4.17274,43.6144],[4.1684,43.60875],[4.15563,43.59981],[4.14994,43.59819],[4.14987,43.59202],[4.14856,43.58924],[4.14585,43.58707],[4.14219,43.58586],[4.13817,43.58581],[4.1307,43.58699],[4.12481,43.58896],[4.11889,43.58825],[4.10335,43.58522],[4.09922,43.5854],[4.09559,43.58667],[4.08981,43.59009],[4.08786,43.59266],[4.08748,43.59558],[4.08916,43.59956],[4.09203,43.60319],[4.09341,43.60706],[4.08487,43.61132],[4.07683,43.60656],[4.07335,43.6034],[4.07014,43.602],[4.06145,43.60097],[4.0577,43.60161],[4.05341,43.60437],[4.05119,43.61044],[4.05161,43.61497],[4.04833,43.62041],[4.04779,43.6232],[4.03967,43.62302],[4.03479,43.62457],[4.02914,43.62873],[4.02655,43.63282],[4.02435,43.63499],[4.01937,43.63652],[4.01576,43.63839],[4.01099,43.63983],[4.00701,43.64314],[3.99248,43.63695],[3.98746,43.63403],[3.9827,43.63237],[3.97943,43.6302],[3.97384,43.62823],[3.97156,43.62659],[3.97036,43.62367],[3.96795,43.62109],[3.96311,43.61909],[3.9518,43.61715],[3.94485,43.61647],[3.93953,43.61386],[3.93541,43.60625],[3.9393,43.60034],[3.93957,43.59752],[3.93839,43.59453],[3.93597,43.59133],[3.93241,43.58887],[3.93324,43.58634],[3.94018,43.58285],[3.94309,43.57945],[3.94932,43.57856],[3.95558,43.57457],[3.95931,43.57302],[3.96766,43.56589],[3.96926,43.56302],[3.97149,43.55255],[3.97057,43.54974],[3.96822,43.54741],[3.96481,43.54594],[3.93549,43.53864],[3.93038,43.53904],[3.90736,43.5455],[3.90197,43.54193],[3.89579,43.54049],[3.89246,43.54029],[3.88309,43.54103],[3.87992,43.54246],[3.87332,43.54745],[3.86924,43.54811],[3.86525,43.54967],[3.86006,43.54721],[3.85614,43.54707],[3.85246,43.54806],[3.84864,43.55128],[3.84706,43.55582],[3.84084,43.55496],[3.83724,43.55511],[3.83278,43.55692],[3.8299,43.55627],[3.82607,43.55363],[3.82399,43.55135],[3.82042,43.54958],[3.81604,43.54339],[3.81692,43.5389],[3.81625,43.53596],[3.81401,43.53346],[3.81046,43.53155],[3.8093,43.52897],[3.80132,43.52155],[3.79666,43.51849],[3.79069,43.5174],[3.7863,43.51496],[3.78029,43.51399],[3.7756,43.51504],[3.77217,43.51443],[3.7758,43.51077],[3.77635,43.50785],[3.77412,43.50377],[3.76467,43.49798],[3.7581,43.49475],[3.75371,43.49363],[3.75087,43.4882],[3.74765,43.48473],[3.73841,43.47925],[3.7349,43.47548],[3.73063,43.47193],[3.72584,43.46987],[3.72398,43.46591],[3.71853,43.46142],[3.7138,43.45579],[3.70941,43.44658],[3.70528,43.44342],[3.70417,43.44057],[3.70212,43.43842],[3.69618,43.43569],[3.67283,43.43032],[3.59648,43.39097],[3.59257,43.39036],[3.58866,43.39093],[3.5691,43.39727],[3.56265,43.40116],[3.5605,43.40314],[3.55009,43.40947],[3.54853,43.41219],[3.54752,43.41857],[3.55053,43.42395],[3.55839,43.42808],[3.55945,43.43256],[3.56263,43.43519],[3.56288,43.43692],[3.55832,43.43771],[3.55726,43.43406],[3.55523,43.43188],[3.55227,43.43037],[3.54673,43.4287],[3.54092,43.42906],[3.53426,43.42885],[3.52971,43.43055],[3.52598,43.43267],[3.52265,43.43346],[3.51836,43.43651],[3.51686,43.43934],[3.51555,43.44416],[3.51564,43.45098],[3.51833,43.45558],[3.51384,43.45795],[3.50709,43.45763],[3.50352,43.45893],[3.50096,43.46116],[3.49929,43.46484],[3.49526,43.46315],[3.48887,43.463],[3.49028,43.45801],[3.48933,43.45543],[3.48484,43.45136],[3.48131,43.44984],[3.47369,43.4483],[3.47009,43.44873],[3.46696,43.45008],[3.46317,43.4533],[3.46018,43.45398],[3.45436,43.45323],[3.44769,43.45084],[3.44241,43.44492],[3.44446,43.44184],[3.44397,43.43769],[3.44044,43.43441],[3.43694,43.43328],[3.43069,43.43348],[3.42991,43.43028],[3.43285,43.42544],[3.43903,43.42554],[3.44553,43.42351],[3.45199,43.42379],[3.45578,43.42236],[3.45936,43.42417],[3.46494,43.42476],[3.47075,43.42269],[3.47308,43.42037],[3.47366,43.41546],[3.47619,43.40947],[3.48034,43.40852],[3.48316,43.4067],[3.48484,43.40424],[3.48635,43.39882],[3.48623,43.39443],[3.48708,43.39201],[3.48947,43.39212],[3.49473,43.39502],[3.49869,43.3953],[3.50247,43.39442],[3.5059,43.3922],[3.50935,43.38725],[3.51216,43.38488],[3.51331,43.38208],[3.51284,43.37917],[3.51083,43.37663],[3.5058,43.37263],[3.50159,43.37024],[3.50211,43.36707],[3.49996,43.35865],[3.49821,43.35631],[3.49303,43.35279],[3.49511,43.34808],[3.50049,43.34339],[3.50384,43.33685],[3.5121,43.33193],[3.51728,43.33185],[3.52081,43.33079],[3.52352,43.32883],[3.525,43.32626],[3.52503,43.32346],[3.52111,43.31593],[3.52865,43.31379],[3.53118,43.31183],[3.53933,43.30248],[3.54882,43.31079],[3.55601,43.31649],[3.56617,43.32625],[3.57455,43.33333],[3.60266,43.35593],[3.61629,43.3654],[3.62538,43.37221],[3.63782,43.38062],[3.64724,43.3864],[3.65423,43.38959],[3.66516,43.3928],[3.67109,43.39206],[3.67338,43.39092],[3.67655,43.39104],[3.67994,43.39224],[3.68557,43.39251],[3.69006,43.39208],[3.69824,43.39347],[3.70367,43.3931],[3.71204,43.3962],[3.72746,43.3982],[3.72569,43.40448],[3.72684,43.40721],[3.73065,43.41232],[3.73329,43.41678],[3.73609,43.41855],[3.74289,43.4194],[3.74659,43.42095],[3.75172,43.42504],[3.75473,43.42625],[3.77261,43.43091],[3.77672,43.43134],[3.78014,43.43338],[3.79074,43.43796],[3.79624,43.44067],[3.80133,43.44394],[3.80886,43.45032],[3.8176,43.45725],[3.82338,43.46408],[3.83472,43.47465],[3.84384,43.48152],[3.85207,43.48702],[3.8698,43.49774],[3.89229,43.51004],[3.90447,43.51589],[3.91331,43.51947],[3.91644,43.52004],[3.91965,43.52174],[3.92666,43.52427],[3.93024,43.525],[3.93565,43.52419],[3.93819,43.52834],[3.94271,43.5306],[3.94748,43.53187],[3.96304,43.53825],[3.97891,43.54297],[3.9821,43.54358],[3.98492,43.54536],[3.99752,43.54908],[4.00492,43.55094],[4.00945,43.55253],[4.0312,43.55585],[4.04447,43.55707],[4.05539,43.55752],[4.06583,43.55732],[4.07474,43.55649],[4.0792,43.55552],[4.09115,43.55561],[4.1039,43.55362],[4.11143,43.55132],[4.12159,43.54699],[4.12766,43.54346],[4.13119,43.54022],[4.13577,43.53453],[4.1372,43.53151],[4.13633,43.52737],[4.13246,43.52427],[4.12483,43.52187],[4.12279,43.51947],[4.12269,43.51538],[4.11996,43.51161],[4.1167,43.51003],[4.1111,43.50907],[4.11429,43.50127],[4.11646,43.49758],[4.1206,43.49232],[4.1246,43.48907],[4.1302,43.48578],[4.1346,43.48376],[4.14386,43.48052],[4.15724,43.47672],[4.16252,43.47487],[4.17066,43.47141],[4.19006,43.46674],[4.20347,43.46461],[4.21105,43.46372],[4.23003,43.4606],[4.24202,43.46029],[4.25621,43.45922],[4.26325,43.45924],[4.27361,43.45839],[4.27995,43.45835],[4.28473,43.45773],[4.29126,43.45808],[4.30519,43.45743],[4.32356,43.45696],[4.33032,43.45631],[4.33316,43.45662],[4.34013,43.4562],[4.35617,43.45474],[4.36344,43.45473],[4.37598,43.45389],[4.38943,43.45228],[4.39541,43.45051],[4.40056,43.44781],[4.40357,43.44758],[4.40717,43.44871],[4.41236,43.44931],[4.42724,43.44835],[4.43224,43.45021],[4.43462,43.452],[4.4424,43.45516],[4.44529,43.45555],[4.44889,43.45738],[4.45319,43.45811],[4.46394,43.45846],[4.47675,43.45824],[4.49791,43.45703],[4.51218,43.4557],[4.52046,43.45456],[4.53635,43.4516],[4.55019,43.44765],[4.56202,43.44297],[4.57302,43.43704],[4.57913,43.43252],[4.58244,43.42925],[4.5871,43.42284],[4.59038,43.41513],[4.59149,43.41019],[4.59124,43.40681],[4.59697,43.40583],[4.61286,43.41438],[4.6163,43.41507],[4.62036,43.4174],[4.6187,43.42117],[4.61907,43.42914],[4.61656,43.43187],[4.61613,43.43772],[4.61528,43.44132],[4.61614,43.44425],[4.62105,43.44792],[4.62014,43.45549],[4.62333,43.4607],[4.62081,43.46614],[4.62105,43.46906],[4.62286,43.47168],[4.62754,43.47573],[4.63069,43.47708],[4.6414,43.48411],[4.64439,43.48533],[4.64167,43.49328],[4.64221,43.49808],[4.64064,43.50216],[4.63603,43.50561],[4.63326,43.51227],[4.63375,43.51892],[4.63787,43.52579],[4.64119,43.53024],[4.64286,43.53445],[4.64217,43.53719],[4.63402,43.54189],[4.62976,43.54726],[4.62912,43.54961],[4.62541,43.55533],[4.62381,43.5601],[4.6247,43.57027],[4.62353,43.57364],[4.61435,43.57198],[4.60741,43.57027],[4.60102,43.56988],[4.59545,43.56879],[4.58765,43.56632],[4.57813,43.56572],[4.57217,43.56686],[4.56509,43.5676],[4.5582,43.57075],[4.54855,43.5727],[4.53522,43.57096],[4.53155,43.57149],[4.51309,43.5801],[4.50394,43.5803]]],[[[4.06743,43.68831],[4.06792,43.6868],[4.06732,43.68174],[4.06783,43.67596],[4.07625,43.67839],[4.08118,43.68048],[4.08661,43.68086],[4.09293,43.68262],[4.09543,43.68495],[4.09877,43.68631],[4.10256,43.68665],[4.10759,43.68555],[4.11153,43.6862],[4.11407,43.68954],[4.11706,43.69105],[4.12139,43.69214],[4.12535,43.69219],[4.13188,43.69039],[4.13662,43.69214],[4.14199,43.69556],[4.14767,43.69633],[4.15499,43.69523],[4.15822,43.69701],[4.15856,43.69952],[4.15645,43.70466],[4.15153,43.70112],[4.14594,43.69955],[4.14193,43.69615],[4.13666,43.6944],[4.13149,43.69374],[4.12755,43.69396],[4.12405,43.69529],[4.12154,43.69751],[4.12042,43.70037],[4.11455,43.70396],[4.11267,43.70645],[4.11111,43.71061],[4.11037,43.71867],[4.1083,43.7199],[4.10446,43.72576],[4.10047,43.7245],[4.09721,43.72433],[4.09265,43.72287],[4.09161,43.71794],[4.09596,43.71714],[4.10152,43.71432],[4.10505,43.71019],[4.10438,43.70506],[4.10215,43.70267],[4.09676,43.70069],[4.09453,43.69776],[4.0916,43.69584],[4.08582,43.69461],[4.08316,43.69142],[4.07952,43.6888],[4.076,43.68777],[4.06743,43.68831]]],[[[3.30635,43.83047],[3.30514,43.82787],[3.30272,43.82569],[3.29935,43.82433],[3.29553,43.82401],[3.29184,43.82476],[3.28844,43.82672],[3.28591,43.82989],[3.27478,43.82586],[3.2706,43.82574],[3.26814,43.8248],[3.26378,43.82037],[3.26109,43.81856],[3.25774,43.81753],[3.25409,43.81495],[3.24605,43.81354],[3.24527,43.81217],[3.24531,43.80668],[3.24412,43.80402],[3.24335,43.79938],[3.24189,43.79605],[3.24256,43.7928],[3.25159,43.78572],[3.25716,43.77839],[3.26011,43.77667],[3.26267,43.7735],[3.26683,43.76976],[3.28396,43.76489],[3.28785,43.76295],[3.29599,43.75552],[3.30538,43.75287],[3.31006,43.75913],[3.31302,43.76085],[3.31665,43.76165],[3.32138,43.76134],[3.32449,43.76022],[3.33167,43.76058],[3.3406,43.75882],[3.35308,43.76125],[3.36152,43.76096],[3.36623,43.76546],[3.3675,43.77105],[3.3667,43.77717],[3.36772,43.78048],[3.37055,43.78545],[3.37543,43.78872],[3.37592,43.78985],[3.37546,43.79565],[3.37593,43.8004],[3.36893,43.80395],[3.36623,43.80773],[3.36617,43.81195],[3.36859,43.82017],[3.37206,43.82336],[3.3766,43.82469],[3.37577,43.83058],[3.3701,43.85152],[3.36646,43.85098],[3.36046,43.849],[3.35901,43.84794],[3.35202,43.84506],[3.3482,43.84444],[3.34239,43.84212],[3.33943,43.83782],[3.33112,43.82942],[3.32628,43.82752],[3.31763,43.82812],[3.31013,43.8315],[3.30635,43.83047]]],[[[3.28422,43.61754],[3.28531,43.61801],[3.289,43.62365],[3.29159,43.6255],[3.29671,43.62673],[3.29892,43.62662],[3.30348,43.62788],[3.30703,43.63001],[3.31371,43.63173],[3.3187,43.6358],[3.32244,43.63699],[3.32652,43.63698],[3.33361,43.63549],[3.33497,43.63719],[3.33958,43.63961],[3.33588,43.64594],[3.33526,43.64902],[3.33187,43.65178],[3.32824,43.65956],[3.32664,43.66807],[3.32039,43.67156],[3.31554,43.67194],[3.3087,43.67147],[3.30506,43.67268],[3.29494,43.67404],[3.28858,43.67613],[3.28127,43.6746],[3.27755,43.67499],[3.27116,43.6779],[3.26718,43.68083],[3.26218,43.68292],[3.25536,43.6875],[3.24787,43.68859],[3.24764,43.68331],[3.25193,43.68005],[3.25301,43.67385],[3.25431,43.67105],[3.25423,43.6683],[3.25129,43.66346],[3.25597,43.66065],[3.26204,43.65872],[3.26658,43.65585],[3.26866,43.65329],[3.26914,43.65033],[3.26479,43.63791],[3.2646,43.63293],[3.26625,43.63094],[3.27052,43.62845],[3.27271,43.62637],[3.27485,43.62166],[3.27487,43.61803],[3.27599,43.6173],[3.28214,43.61682],[3.28422,43.61754]]]]}},{"type":"Feature","properties":{"level":"subregion","subregionId":"roussillon","nameJa":"ルーション"},"geometry":{"type":"Polygon","coordinates":[[[3.0082,42.71452],[3.00288,42.71154],[2.99914,42.71128],[2.99555,42.71208],[2.99005,42.71443],[2.9869,42.71463],[2.97771,42.71287],[2.97304,42.71305],[2.96728,42.71573],[2.96238,42.71723],[2.95864,42.72052],[2.95724,42.72417],[2.95511,42.72453],[2.9473,42.72321],[2.94525,42.72061],[2.94219,42.71897],[2.93564,42.71779],[2.932,42.71817],[2.92755,42.72052],[2.92587,42.72294],[2.92506,42.72829],[2.92662,42.73265],[2.92966,42.73541],[2.93277,42.73669],[2.93628,42.73706],[2.94125,42.73606],[2.94628,42.73834],[2.95018,42.73882],[2.9557,42.73735],[2.95898,42.73435],[2.96038,42.73083],[2.96588,42.73264],[2.97168,42.73798],[2.97422,42.73926],[2.97255,42.752],[2.97473,42.75573],[2.98159,42.76223],[2.97797,42.76611],[2.97708,42.76873],[2.97752,42.7713],[2.97554,42.77574],[2.97693,42.78074],[2.99042,42.79657],[2.99263,42.79885],[3.00196,42.82395],[3.00974,42.84408],[3.0133,42.84715],[3.01668,42.84819],[3.02033,42.84823],[3.02375,42.84728],[3.04339,42.83821],[3.04456,42.84625],[3.04614,42.85247],[3.04657,42.85627],[3.05023,42.86926],[3.0502,42.87815],[3.05195,42.88311],[3.05312,42.88459],[3.05217,42.8888],[3.05403,42.89618],[3.05647,42.90336],[3.05771,42.90849],[3.06053,42.91741],[3.05988,42.91951],[3.05576,42.92313],[3.05455,42.92558],[3.04394,42.92913],[3.04099,42.93116],[3.03942,42.93391],[3.03886,42.94025],[3.04055,42.94839],[3.04427,42.96378],[3.0495,42.98076],[3.04061,42.98219],[3.03257,42.98616],[3.02741,42.98404],[3.02385,42.9837],[3.01881,42.98497],[3.01325,42.98851],[3.0102,42.98916],[3.00452,42.98905],[3.00066,42.99],[2.99621,42.99251],[2.98992,42.99421],[2.98788,42.99529],[2.97317,42.9857],[2.96551,42.97983],[2.9626,42.97686],[2.95504,42.96694],[2.93996,42.95343],[2.92985,42.93282],[2.91787,42.92256],[2.91403,42.91886],[2.91173,42.90207],[2.91028,42.89981],[2.90748,42.89776],[2.90406,42.89672],[2.90037,42.89668],[2.88813,42.89831],[2.88303,42.89999],[2.88024,42.90211],[2.87546,42.91011],[2.8717,42.91227],[2.86526,42.91846],[2.85499,42.91526],[2.84835,42.91555],[2.8426,42.91381],[2.8347,42.91237],[2.83185,42.90995],[2.82647,42.90679],[2.82218,42.90516],[2.81896,42.9026],[2.81346,42.90111],[2.80958,42.90157],[2.80626,42.90311],[2.799,42.91067],[2.79369,42.9141],[2.77689,42.9178],[2.77524,42.91861],[2.77205,42.92225],[2.7718,42.92517],[2.77314,42.92792],[2.78311,42.94001],[2.78783,42.94613],[2.7963,42.95545],[2.80038,42.96154],[2.80295,42.96459],[2.79887,42.97345],[2.79709,42.97989],[2.79773,42.98369],[2.77814,43.00436],[2.7606,43.00294],[2.75698,43.00241],[2.75046,43.00008],[2.7467,42.99607],[2.7441,42.99418],[2.7285,42.98615],[2.72442,42.98552],[2.71605,42.98555],[2.71752,42.98126],[2.7186,42.97436],[2.71937,42.97232],[2.72236,42.97085],[2.72604,42.96636],[2.72637,42.96352],[2.72546,42.95767],[2.72649,42.9518],[2.72464,42.94756],[2.71992,42.94433],[2.71703,42.93979],[2.71336,42.93701],[2.71011,42.93583],[2.70474,42.93584],[2.70026,42.93731],[2.69572,42.93742],[2.69244,42.93863],[2.69,42.94064],[2.68837,42.94352],[2.68471,42.943],[2.67927,42.93857],[2.67237,42.93374],[2.66875,42.93267],[2.66413,42.93284],[2.66935,42.92536],[2.67543,42.91802],[2.67742,42.91389],[2.67798,42.91098],[2.67584,42.9069],[2.66319,42.89518],[2.67345,42.89358],[2.67673,42.89189],[2.68214,42.88442],[2.68225,42.88173],[2.68109,42.87897],[2.68641,42.87193],[2.68787,42.86494],[2.68763,42.86226],[2.68502,42.85794],[2.68012,42.85437],[2.6654,42.83815],[2.65977,42.83614],[2.63801,42.83429],[2.62817,42.83663],[2.61136,42.8359],[2.60431,42.83626],[2.59455,42.8376],[2.58333,42.84077],[2.58139,42.84169],[2.57261,42.84334],[2.56551,42.84399],[2.56226,42.84504],[2.55155,42.84672],[2.54763,42.84536],[2.5358,42.84524],[2.53097,42.84396],[2.51933,42.84437],[2.51425,42.84628],[2.50898,42.85005],[2.50191,42.85156],[2.49367,42.84711],[2.48227,42.84477],[2.47421,42.84008],[2.47015,42.83902],[2.46194,42.8383],[2.45245,42.83696],[2.44332,42.8373],[2.43568,42.83935],[2.42229,42.84092],[2.41962,42.84068],[2.41133,42.8418],[2.40136,42.84387],[2.39701,42.8455],[2.38262,42.84865],[2.37647,42.84706],[2.36751,42.84571],[2.36487,42.8457],[2.35982,42.8444],[2.35411,42.84442],[2.34978,42.84221],[2.34148,42.84101],[2.3368,42.84104],[2.33022,42.83809],[2.32739,42.83737],[2.32389,42.83413],[2.32314,42.83131],[2.32073,42.82855],[2.31914,42.82403],[2.32602,42.82325],[2.32918,42.82195],[2.33219,42.81864],[2.33375,42.81361],[2.33345,42.80229],[2.33573,42.80171],[2.34984,42.80114],[2.36059,42.80016],[2.36447,42.79852],[2.37311,42.79855],[2.37836,42.79777],[2.38376,42.79822],[2.38795,42.79759],[2.39399,42.79473],[2.40009,42.79398],[2.40994,42.79524],[2.41527,42.79403],[2.41792,42.79208],[2.41937,42.78953],[2.41961,42.78505],[2.42342,42.77675],[2.42551,42.77484],[2.42657,42.77213],[2.42614,42.76931],[2.42216,42.76419],[2.41657,42.76106],[2.41328,42.7574],[2.40938,42.75482],[2.40622,42.7493],[2.40645,42.74659],[2.40558,42.74156],[2.40641,42.73511],[2.40596,42.73141],[2.40418,42.72875],[2.40111,42.72683],[2.39289,42.724],[2.38911,42.72049],[2.38166,42.71664],[2.37935,42.71486],[2.37144,42.71087],[2.36626,42.70662],[2.36314,42.70522],[2.3631,42.70389],[2.3658,42.70162],[2.369,42.69698],[2.37313,42.69457],[2.37601,42.69121],[2.37665,42.68784],[2.38494,42.68739],[2.38929,42.6876],[2.39891,42.68622],[2.40611,42.68458],[2.41346,42.68024],[2.4158,42.68125],[2.41757,42.68537],[2.41771,42.69242],[2.41928,42.69514],[2.42755,42.70345],[2.4342,42.70778],[2.4383,42.70937],[2.44486,42.71416],[2.44992,42.71709],[2.45509,42.71918],[2.4587,42.71955],[2.46222,42.7189],[2.46606,42.71699],[2.46804,42.71456],[2.4689,42.70994],[2.46754,42.70456],[2.47079,42.7016],[2.4783,42.69778],[2.48295,42.69448],[2.48459,42.69184],[2.48413,42.68753],[2.48043,42.68416],[2.46942,42.68001],[2.46002,42.67199],[2.46732,42.66336],[2.46963,42.65746],[2.4729,42.6549],[2.47826,42.64686],[2.47783,42.64258],[2.47521,42.63932],[2.47214,42.63674],[2.46766,42.63175],[2.47048,42.62882],[2.47524,42.62106],[2.47592,42.61767],[2.4747,42.61415],[2.47151,42.61017],[2.46966,42.60625],[2.46713,42.60405],[2.46378,42.6028],[2.46198,42.59581],[2.4633,42.59299],[2.46352,42.58832],[2.46299,42.58481],[2.46357,42.58244],[2.46157,42.57692],[2.46104,42.57202],[2.45951,42.56833],[2.46124,42.56631],[2.46312,42.56023],[2.46266,42.55758],[2.46833,42.54944],[2.46956,42.54514],[2.46929,42.54223],[2.46716,42.53883],[2.46537,42.53427],[2.4683,42.53117],[2.47213,42.5249],[2.47522,42.52665],[2.47903,42.52747],[2.48435,42.52673],[2.49757,42.52966],[2.50045,42.5315],[2.50276,42.53429],[2.5042,42.53744],[2.50611,42.53916],[2.50471,42.54555],[2.50597,42.55108],[2.50286,42.55465],[2.49775,42.56188],[2.49579,42.5663],[2.49562,42.56891],[2.49695,42.57228],[2.49607,42.57524],[2.49793,42.57937],[2.50084,42.58135],[2.50455,42.58232],[2.50848,42.58211],[2.5118,42.58103],[2.52202,42.5829],[2.52536,42.58274],[2.53262,42.58106],[2.52988,42.59006],[2.53056,42.59307],[2.53285,42.59561],[2.53648,42.59756],[2.53953,42.59812],[2.53597,42.60434],[2.53525,42.60761],[2.53552,42.61248],[2.53726,42.61514],[2.54029,42.61706],[2.54544,42.61848],[2.55483,42.61962],[2.55868,42.61937],[2.56261,42.61799],[2.56584,42.61771],[2.57535,42.6185],[2.57536,42.62188],[2.57686,42.62437],[2.57948,42.62627],[2.58286,42.62733],[2.58896,42.62819],[2.59421,42.62766],[2.60114,42.62959],[2.60529,42.62994],[2.60832,42.62937],[2.61999,42.62926],[2.62348,42.62819],[2.6265,42.62594],[2.63247,42.61589],[2.63236,42.61078],[2.62954,42.60746],[2.62391,42.60448],[2.62002,42.60346],[2.6155,42.60382],[2.61227,42.60156],[2.61658,42.59736],[2.61714,42.59574],[2.62,42.59467],[2.62347,42.59209],[2.62541,42.58949],[2.63218,42.58624],[2.63534,42.58619],[2.63804,42.5893],[2.64141,42.5908],[2.64864,42.59202],[2.65228,42.59156],[2.65542,42.59013],[2.6576,42.58793],[2.66046,42.58289],[2.6624,42.58058],[2.66402,42.5736],[2.66882,42.57151],[2.67863,42.57042],[2.68904,42.57229],[2.69292,42.57184],[2.69623,42.57029],[2.69844,42.56789],[2.69931,42.56456],[2.69831,42.56105],[2.69497,42.55795],[2.68995,42.55662],[2.68699,42.55676],[2.68681,42.55437],[2.68521,42.55185],[2.68227,42.54976],[2.68298,42.54417],[2.6817,42.5393],[2.68004,42.53699],[2.67558,42.53395],[2.66862,42.53125],[2.6613,42.52945],[2.65668,42.52899],[2.65008,42.52684],[2.65052,42.52193],[2.65215,42.51835],[2.65856,42.51473],[2.66051,42.5123],[2.66105,42.5095],[2.66009,42.50675],[2.65724,42.5023],[2.66281,42.49289],[2.66466,42.4847],[2.66273,42.47933],[2.65994,42.47671],[2.65975,42.47406],[2.66378,42.46897],[2.66495,42.46556],[2.66443,42.46115],[2.66066,42.45703],[2.65818,42.45096],[2.6595,42.44659],[2.6587,42.44379],[2.65383,42.4369],[2.65083,42.43366],[2.64992,42.43101],[2.65074,42.42589],[2.65602,42.4248],[2.6638,42.4245],[2.66732,42.42345],[2.67092,42.42022],[2.67159,42.41405],[2.67281,42.40975],[2.67251,42.40767],[2.67392,42.4049],[2.6829,42.40688],[2.68904,42.40611],[2.69326,42.40666],[2.69636,42.40953],[2.70388,42.41206],[2.71031,42.41587],[2.71407,42.41915],[2.71738,42.42099],[2.72466,42.42279],[2.73041,42.42265],[2.73544,42.42392],[2.73933,42.42363],[2.74825,42.42538],[2.7532,42.42487],[2.7576,42.42221],[2.7597,42.4188],[2.76437,42.41636],[2.77055,42.41167],[2.77844,42.41244],[2.7824,42.41574],[2.78592,42.41705],[2.79218,42.41827],[2.80052,42.41843],[2.80185,42.4198],[2.80093,42.42241],[2.80276,42.42779],[2.8052,42.42985],[2.80997,42.4318],[2.8118,42.43494],[2.81662,42.43832],[2.82018,42.43919],[2.82718,42.43916],[2.83179,42.44493],[2.83349,42.44823],[2.83389,42.45179],[2.83727,42.4562],[2.84059,42.45786],[2.84535,42.45866],[2.84647,42.46033],[2.84517,42.46318],[2.84526,42.46593],[2.85009,42.4732],[2.853,42.47491],[2.85777,42.47578],[2.86151,42.47894],[2.86308,42.4874],[2.86558,42.49079],[2.87293,42.49467],[2.87878,42.49515],[2.88241,42.494],[2.88531,42.49198],[2.88882,42.49149],[2.89432,42.49205],[2.90142,42.49091],[2.90739,42.48799],[2.91265,42.48715],[2.91592,42.48551],[2.92139,42.48001],[2.93243,42.47458],[2.93471,42.47447],[2.93946,42.47779],[2.94265,42.479],[2.94621,42.47928],[2.94965,42.47858],[2.95814,42.47492],[2.96731,42.46563],[2.97091,42.46593],[2.97547,42.46738],[2.97987,42.46751],[2.98514,42.47196],[2.99097,42.4735],[2.99756,42.47342],[3.00142,42.47212],[3.00347,42.4706],[3.00755,42.46931],[3.0132,42.46662],[3.01689,42.46935],[3.02059,42.47082],[3.02618,42.47217],[3.03087,42.47388],[3.03447,42.47392],[3.03927,42.47218],[3.04144,42.47006],[3.04697,42.45927],[3.04731,42.45712],[3.05041,42.45454],[3.05846,42.44578],[3.06495,42.44321],[3.06781,42.4406],[3.06995,42.43607],[3.07537,42.43397],[3.0805,42.42847],[3.08539,42.42581],[3.09646,42.42505],[3.10241,42.42652],[3.10431,42.42923],[3.10859,42.43349],[3.11161,42.43497],[3.11693,42.43603],[3.12065,42.43611],[3.12536,42.43494],[3.13594,42.43543],[3.14007,42.43389],[3.1447,42.43323],[3.15112,42.43465],[3.1573,42.43426],[3.16131,42.43544],[3.16888,42.4353],[3.17215,42.43459],[3.17741,42.43922],[3.17606,42.44129],[3.17196,42.44351],[3.16958,42.44603],[3.16877,42.44842],[3.16631,42.45178],[3.16627,42.45757],[3.16305,42.46028],[3.16227,42.46526],[3.15708,42.46932],[3.15535,42.47199],[3.15573,42.47634],[3.1548,42.47764],[3.14644,42.4789],[3.14253,42.48052],[3.13835,42.48088],[3.13349,42.48334],[3.13175,42.48598],[3.13157,42.48892],[3.13293,42.492],[3.13304,42.49541],[3.13535,42.5005],[3.13151,42.5044],[3.13119,42.50725],[3.13239,42.50999],[3.13855,42.51597],[3.13027,42.51832],[3.12279,42.52155],[3.11626,42.52166],[3.11236,42.5227],[3.10757,42.52558],[3.1011,42.52499],[3.09417,42.52512],[3.08797,42.52706],[3.0791,42.53318],[3.07504,42.53398],[3.07213,42.53538],[3.06847,42.53588],[3.06235,42.53567],[3.05853,42.53665],[3.05559,42.5387],[3.05208,42.54328],[3.04944,42.55045],[3.04632,42.56954],[3.04492,42.58701],[3.04511,42.58955],[3.04418,42.59367],[3.04307,42.6021],[3.04165,42.60541],[3.04016,42.61804],[3.03666,42.62651],[3.03567,42.63372],[3.0353,42.64234],[3.03561,42.65628],[3.03417,42.66307],[3.03602,42.68368],[3.03642,42.69004],[3.0378,42.69907],[3.03908,42.70155],[3.03841,42.70562],[3.04027,42.7163],[3.03986,42.71867],[3.04044,42.72299],[3.03533,42.72176],[3.03136,42.71949],[3.02945,42.7165],[3.02689,42.7146],[3.02358,42.71352],[3.01997,42.71341],[3.01242,42.71519],[3.0082,42.71452]]]}}]}