{"type":"FeatureCollection","features":[{"type":"Feature","properties":{"level":"region","regionId":"oesterreich","nameJa":"オーストリア"},"geometry":{"type":"Polygon","coordinates":[[[13.75227,47.52454],[13.75577,47.52238],[13.75761,47.52008],[13.75811,47.51748],[13.75722,47.51494],[13.7492,47.50248],[13.74783,47.50134],[13.73649,47.49569],[13.72845,47.49065],[13.72367,47.48645],[13.71998,47.48172],[13.71812,47.47724],[13.71812,47.46885],[13.71475,47.46537],[13.7091,47.46375],[13.70643,47.46381],[13.66743,47.46287],[13.64042,47.46639],[13.63421,47.46621],[13.62903,47.4671],[13.62299,47.47035],[13.61609,47.47211],[13.60976,47.47469],[13.60422,47.47419],[13.60002,47.47446],[13.59663,47.47564],[13.59296,47.47411],[13.58583,47.47391],[13.59006,47.46903],[13.59108,47.4666],[13.59154,47.46152],[13.58966,47.45812],[13.58662,47.45587],[13.58641,47.45116],[13.58554,47.44794],[13.57983,47.44218],[13.57652,47.43729],[13.5758,47.43433],[13.57267,47.42692],[13.57143,47.42563],[13.56308,47.42024],[13.56557,47.41174],[13.56842,47.40999],[13.57252,47.40588],[13.57363,47.40292],[13.57152,47.39389],[13.57697,47.38612],[13.5804,47.3829],[13.58143,47.37992],[13.58082,47.37601],[13.58248,47.37202],[13.5825,47.36861],[13.58523,47.36342],[13.58849,47.35943],[13.59104,47.35376],[13.59345,47.35121],[13.59839,47.34154],[13.5986,47.33911],[13.60071,47.33617],[13.60265,47.33124],[13.60225,47.32847],[13.59798,47.32273],[13.59484,47.31713],[13.59505,47.31373],[13.6009,47.30907],[13.60175,47.30476],[13.59943,47.29573],[13.59794,47.29364],[13.6036,47.2877],[13.60681,47.2834],[13.61223,47.2837],[13.61689,47.28329],[13.62056,47.28199],[13.6309,47.2743],[13.6429,47.27468],[13.64987,47.27577],[13.65342,47.27577],[13.66184,47.2733],[13.66592,47.27251],[13.67328,47.2729],[13.67731,47.27207],[13.68385,47.26877],[13.69176,47.26622],[13.69429,47.26411],[13.69622,47.26029],[13.70248,47.26063],[13.70881,47.25995],[13.71182,47.2612],[13.71277,47.26807],[13.71426,47.27033],[13.72078,47.27586],[13.72419,47.27711],[13.73373,47.27721],[13.73906,47.2781],[13.74512,47.27782],[13.75069,47.27549],[13.75473,47.27073],[13.75996,47.26603],[13.77155,47.27166],[13.78172,47.27446],[13.78563,47.27658],[13.79102,47.28148],[13.79266,47.28523],[13.79541,47.2872],[13.80201,47.28948],[13.80677,47.29311],[13.81391,47.29409],[13.81968,47.29259],[13.82239,47.29044],[13.82499,47.28494],[13.82548,47.28194],[13.82419,47.27872],[13.824,47.2748],[13.8214,47.27001],[13.82476,47.26709],[13.83628,47.26358],[13.84678,47.25987],[13.86129,47.2539],[13.86514,47.25095],[13.86813,47.24603],[13.86848,47.24328],[13.86596,47.23909],[13.85858,47.23445],[13.85248,47.2326],[13.85029,47.2307],[13.85147,47.22771],[13.85349,47.22572],[13.85681,47.22522],[13.86341,47.22133],[13.86534,47.2168],[13.8742,47.21197],[13.87802,47.20815],[13.88318,47.20411],[13.89535,47.19798],[13.89745,47.19579],[13.89827,47.19323],[13.89754,47.18834],[13.89538,47.18555],[13.89892,47.182],[13.90161,47.18288],[13.90786,47.18286],[13.91451,47.17957],[13.91636,47.17721],[13.9187,47.1719],[13.92533,47.17164],[13.93453,47.16962],[13.94345,47.1666],[13.94672,47.1663],[13.95204,47.16466],[13.95789,47.16134],[13.96261,47.15738],[13.9682,47.15079],[13.97143,47.14887],[13.97924,47.14627],[13.98362,47.14556],[13.98789,47.14399],[13.9916,47.1403],[13.99368,47.13357],[13.99325,47.13085],[13.99137,47.12845],[13.98817,47.12662],[13.98431,47.12577],[13.98027,47.12599],[13.97293,47.12766],[13.96362,47.12521],[13.95961,47.12501],[13.95579,47.12585],[13.94989,47.13014],[13.94815,47.13332],[13.94478,47.13609],[13.93556,47.13536],[13.9274,47.13015],[13.92155,47.12882],[13.91607,47.12537],[13.91047,47.12382],[13.9031,47.11745],[13.89983,47.11596],[13.89271,47.11428],[13.88871,47.11119],[13.88351,47.10963],[13.88139,47.10799],[13.88178,47.10426],[13.87937,47.10021],[13.87841,47.09611],[13.88068,47.09407],[13.88517,47.09231],[13.88778,47.09014],[13.88975,47.08621],[13.89628,47.07979],[13.89861,47.07668],[13.90341,47.07285],[13.90472,47.06836],[13.90213,47.06244],[13.89925,47.05914],[13.89173,47.05435],[13.88909,47.04877],[13.88439,47.0447],[13.88193,47.03958],[13.8766,47.03215],[13.8721,47.02852],[13.86499,47.01987],[13.86529,47.01671],[13.86418,47.01316],[13.8639,47.0088],[13.86454,47.00388],[13.864,46.9989],[13.86178,46.99535],[13.85661,46.99207],[13.84724,46.98954],[13.84364,46.98667],[13.84429,46.98424],[13.84327,46.98111],[13.84114,46.97893],[13.83372,46.97464],[13.83271,46.97355],[13.83257,46.96866],[13.83119,46.96483],[13.8289,46.96252],[13.82492,46.96011],[13.81841,46.9582],[13.81541,46.95439],[13.81252,46.95225],[13.80863,46.95107],[13.80255,46.95087],[13.79901,46.95005],[13.79261,46.94578],[13.7852,46.94399],[13.78426,46.93841],[13.79131,46.93597],[13.79426,46.93401],[13.7972,46.93092],[13.80375,46.92917],[13.80693,46.92773],[13.81105,46.92472],[13.81434,46.91963],[13.81627,46.91832],[13.82014,46.91756],[13.8274,46.91432],[13.83428,46.91397],[13.8416,46.91279],[13.84793,46.91001],[13.85129,46.91121],[13.85772,46.91662],[13.86572,46.91857],[13.87035,46.91803],[13.87898,46.91844],[13.88389,46.92098],[13.88593,46.92362],[13.89039,46.92599],[13.89783,46.92761],[13.90137,46.93152],[13.90507,46.93297],[13.91195,46.93367],[13.91545,46.93736],[13.92137,46.94049],[13.93048,46.94375],[13.93684,46.94402],[13.94122,46.94246],[13.94634,46.94167],[13.95115,46.94299],[13.95056,46.94717],[13.95215,46.95318],[13.95539,46.95634],[13.96302,46.96116],[13.97651,46.96491],[13.98376,46.9663],[13.99249,46.96591],[13.99731,46.96863],[14.00633,46.9706],[14.00916,46.97337],[14.00779,46.97798],[14.0106,46.98282],[14.01756,46.98769],[14.01651,46.99176],[14.01629,47.00048],[14.01778,47.00308],[14.0206,47.00508],[14.02665,47.00688],[14.03111,47.00684],[14.03576,47.00553],[14.0426,47.00438],[14.04879,47.00395],[14.06,47.00831],[14.06628,47.00973],[14.07233,47.01255],[14.07463,47.01766],[14.07759,47.02103],[14.08469,47.02719],[14.08793,47.02885],[14.09358,47.03063],[14.09772,47.03415],[14.10168,47.0353],[14.10328,47.03752],[14.1061,47.03926],[14.11176,47.04069],[14.11872,47.04056],[14.12169,47.04217],[14.12561,47.04543],[14.12424,47.04935],[14.12535,47.05432],[14.12727,47.05677],[14.1323,47.05907],[14.14078,47.05968],[14.14665,47.05906],[14.15016,47.05789],[14.1553,47.05453],[14.16251,47.05243],[14.17261,47.05842],[14.17427,47.06126],[14.17867,47.06422],[14.18351,47.06545],[14.19077,47.07035],[14.19414,47.07176],[14.20001,47.07205],[14.20366,47.071],[14.20896,47.06798],[14.21407,47.06293],[14.21473,47.05822],[14.22023,47.05303],[14.22223,47.04968],[14.22335,47.03889],[14.22601,47.03513],[14.23021,47.03239],[14.23501,47.02595],[14.24287,47.03051],[14.24682,47.03159],[14.25107,47.03152],[14.25493,47.0303],[14.26195,47.02678],[14.26591,47.02794],[14.27019,47.02803],[14.27496,47.02659],[14.28078,47.0276],[14.28449,47.02737],[14.28824,47.02609],[14.30181,47.02809],[14.30729,47.02808],[14.31169,47.02872],[14.3156,47.0283],[14.32555,47.02913],[14.33125,47.02791],[14.33516,47.02545],[14.341,47.02442],[14.34412,47.02537],[14.35168,47.02573],[14.35823,47.0247],[14.36554,47.02422],[14.37,47.02144],[14.3714,47.01919],[14.37555,47.01717],[14.37782,47.01488],[14.37867,47.01217],[14.37735,47.00861],[14.37866,47.00256],[14.37717,46.9973],[14.37729,46.99356],[14.38213,46.98823],[14.38299,46.98364],[14.38627,46.98057],[14.3901,46.98109],[14.39547,46.98012],[14.39953,46.98175],[14.40192,46.98542],[14.40443,46.9876],[14.40923,46.98961],[14.41878,46.99256],[14.42285,46.99336],[14.4281,46.99584],[14.43407,46.99673],[14.44095,46.99597],[14.44357,46.99511],[14.45091,46.99447],[14.45623,46.99545],[14.45916,46.99814],[14.45984,47.00181],[14.46138,47.0045],[14.46622,47.00723],[14.47134,47.00775],[14.47305,47.0086],[14.47692,47.01773],[14.47962,47.01967],[14.48617,47.02232],[14.49265,47.02347],[14.49844,47.02255],[14.50841,47.0154],[14.51409,47.01236],[14.51578,47.00929],[14.52672,47.0096],[14.53478,47.01188],[14.54648,47.01265],[14.55139,47.01169],[14.55836,47.01252],[14.57275,47.01173],[14.5764,47.01235],[14.58126,47.01202],[14.5863,47.00979],[14.58986,47.0042],[14.59269,47.00171],[14.6046,46.9999],[14.6074,46.99863],[14.61351,46.99767],[14.61518,46.99817],[14.61744,47.00221],[14.62165,47.0067],[14.62503,47.01121],[14.62982,47.01365],[14.63842,47.01472],[14.64932,47.01421],[14.65681,47.01665],[14.66481,47.01825],[14.67816,47.01786],[14.69013,47.01884],[14.69885,47.01681],[14.70305,47.01844],[14.70904,47.01936],[14.71567,47.01861],[14.72275,47.01874],[14.7286,47.01644],[14.72796,47.0211],[14.73007,47.02491],[14.73202,47.0264],[14.74954,47.03239],[14.75432,47.03314],[14.76878,47.03867],[14.77442,47.03887],[14.78177,47.03774],[14.78764,47.038],[14.79501,47.0368],[14.79946,47.03857],[14.809,47.03973],[14.81304,47.04106],[14.82505,47.04685],[14.82901,47.04756],[14.83306,47.04718],[14.83801,47.04474],[14.8409,47.03913],[14.84509,47.03472],[14.85539,47.02659],[14.85645,47.02538],[14.86552,47.02443],[14.87355,47.02196],[14.88184,47.01618],[14.88806,47.00902],[14.89289,47.00734],[14.90441,47.0001],[14.90693,46.99889],[14.91764,46.99788],[14.92694,46.99529],[14.94024,46.99291],[14.94902,46.99291],[14.95443,46.99137],[14.95957,46.98838],[14.96204,46.98443],[14.96685,46.98011],[14.96766,46.97761],[14.97113,46.97316],[14.97322,46.96884],[14.9786,46.96383],[14.97959,46.95791],[14.98462,46.95374],[14.98796,46.9492],[14.98954,46.94448],[14.9913,46.94194],[14.99191,46.9382],[14.99594,46.9347],[14.99724,46.93124],[15.00289,46.92984],[15.00981,46.92514],[15.01707,46.92103],[15.01988,46.9165],[15.02575,46.91058],[15.02641,46.90762],[15.02361,46.90312],[15.02208,46.89631],[15.01911,46.89243],[15.01624,46.88523],[15.01292,46.88232],[15.00764,46.87961],[15.00646,46.87511],[15.00816,46.87255],[15.00837,46.8695],[15.00675,46.86299],[15.00717,46.8575],[15.00947,46.85295],[15.01548,46.84636],[15.01606,46.84229],[15.01422,46.83619],[15.01227,46.8337],[15.00908,46.83192],[15.00485,46.83092],[14.99597,46.82756],[14.99043,46.82205],[14.98974,46.81717],[14.98729,46.81153],[14.9809,46.80673],[14.9791,46.80295],[14.97751,46.79492],[14.97871,46.79278],[14.97871,46.78992],[14.97617,46.78538],[14.98207,46.78284],[14.99235,46.78183],[15.00661,46.77645],[15.01518,46.7739],[15.02165,46.77279],[15.02647,46.77036],[15.02858,46.76652],[15.0281,46.76378],[15.02632,46.76083],[15.02685,46.75758],[15.03182,46.75207],[15.03236,46.74927],[15.03175,46.74521],[15.03554,46.73948],[15.03805,46.73711],[15.03915,46.7345],[15.03878,46.73181],[15.03609,46.72785],[15.04112,46.72372],[15.04266,46.7212],[15.04386,46.71669],[15.04313,46.71395],[15.03658,46.70824],[15.03473,46.70223],[15.03431,46.69429],[15.02991,46.68027],[15.02779,46.67757],[15.02515,46.676],[15.02179,46.67232],[15.02472,46.66955],[15.03458,46.66621],[15.04424,46.66703],[15.04811,46.66662],[15.05149,46.66525],[15.05549,46.66197],[15.05984,46.66061],[15.06283,46.65849],[15.06513,46.65221],[15.07034,46.65003],[15.07755,46.6481],[15.08232,46.64522],[15.08632,46.64927],[15.08941,46.65146],[15.09324,46.65271],[15.09742,46.65295],[15.10098,46.65558],[15.10452,46.65706],[15.10862,46.65746],[15.11263,46.65674],[15.11556,46.65523],[15.12165,46.65379],[15.12861,46.65009],[15.13102,46.65056],[15.13338,46.65345],[15.13616,46.65532],[15.14446,46.65783],[15.15016,46.65785],[15.15471,46.65603],[15.16256,46.65593],[15.16669,46.65425],[15.17316,46.65425],[15.1801,46.65542],[15.18398,46.65472],[15.19048,46.65114],[15.19194,46.64865],[15.19736,46.64577],[15.20452,46.64503],[15.21563,46.64317],[15.21811,46.64224],[15.22333,46.643],[15.2306,46.64154],[15.23577,46.63946],[15.24097,46.64003],[15.24496,46.64146],[15.25317,46.64212],[15.26064,46.64433],[15.26646,46.64458],[15.27728,46.64366],[15.2822,46.64529],[15.28324,46.64654],[15.295,46.65222],[15.30158,46.65325],[15.31024,46.65207],[15.31851,46.64794],[15.32161,46.64806],[15.3256,46.65123],[15.3295,46.6523],[15.33467,46.65261],[15.34106,46.65096],[15.34972,46.65268],[15.35566,46.65152],[15.3679,46.65062],[15.37212,46.64977],[15.37637,46.6513],[15.38351,46.65157],[15.38775,46.65242],[15.39427,46.65195],[15.39811,46.65308],[15.40777,46.6546],[15.4124,46.65475],[15.41638,46.65386],[15.41955,46.65197],[15.42176,46.64726],[15.42851,46.64653],[15.43163,46.6448],[15.43375,46.64245],[15.43942,46.63991],[15.44521,46.64044],[15.4512,46.63889],[15.45477,46.63522],[15.45608,46.62957],[15.46125,46.62498],[15.46285,46.62249],[15.46252,46.61577],[15.4638,46.61469],[15.46921,46.61287],[15.47456,46.61208],[15.47781,46.61296],[15.48331,46.61698],[15.48649,46.61852],[15.49028,46.61914],[15.49414,46.61877],[15.49753,46.61745],[15.50218,46.61398],[15.50711,46.61578],[15.51182,46.61668],[15.51527,46.62011],[15.52277,46.62308],[15.5249,46.62564],[15.53251,46.63006],[15.53679,46.63089],[15.5421,46.63017],[15.54568,46.63362],[15.54788,46.63747],[15.55102,46.64033],[15.54985,46.64495],[15.55243,46.64863],[15.55302,46.65286],[15.5486,46.65936],[15.54808,46.66458],[15.55031,46.66836],[15.55334,46.67013],[15.55903,46.67116],[15.5643,46.67473],[15.56737,46.67537],[15.56962,46.67821],[15.57259,46.67982],[15.58485,46.68291],[15.58924,46.68328],[15.5923,46.68458],[15.5963,46.68505],[15.60026,46.68444],[15.60535,46.68119],[15.60805,46.68193],[15.61343,46.68204],[15.61985,46.67987],[15.62516,46.67972],[15.63306,46.68173],[15.63308,46.68401],[15.63476,46.68692],[15.63742,46.68885],[15.64092,46.68998],[15.64923,46.69139],[15.65255,46.6912],[15.65374,46.69253],[15.65423,46.70018],[15.65696,46.70413],[15.66252,46.70626],[15.6727,46.70704],[15.67707,46.70662],[15.68557,46.70372],[15.69352,46.69961],[15.69924,46.69827],[15.70394,46.69828],[15.71502,46.69702],[15.7208,46.6959],[15.7257,46.69617],[15.73869,46.69981],[15.74316,46.6998],[15.74929,46.69842],[15.75537,46.698],[15.76018,46.6991],[15.76678,46.69898],[15.77086,46.69965],[15.77926,46.7043],[15.78642,46.70747],[15.79603,46.71323],[15.80384,46.71605],[15.82161,46.72007],[15.83264,46.72197],[15.84088,46.72238],[15.85614,46.72233],[15.8623,46.72207],[15.87046,46.72105],[15.87784,46.71951],[15.88445,46.71741],[15.89281,46.71398],[15.90419,46.7121],[15.91391,46.70923],[15.92183,46.70506],[15.94195,46.6912],[15.94706,46.68907],[15.955,46.68744],[15.96554,46.68667],[15.98362,46.68461],[15.9962,46.68139],[16.00057,46.67924],[16.00363,46.67655],[16.00654,46.66929],[16.00818,46.66699],[16.01284,46.66386],[16.02312,46.66202],[16.02742,46.65992],[16.03797,46.65627],[16.04003,46.66128],[16.03982,46.66557],[16.04069,46.66823],[16.03928,46.67242],[16.03958,46.67654],[16.04243,46.68567],[16.03786,46.69351],[16.03437,46.69737],[16.03174,46.69907],[16.02993,46.70153],[16.02822,46.70828],[16.02958,46.71172],[16.0209,46.71299],[16.01676,46.71583],[16.00646,46.71946],[16.00346,46.72312],[15.99997,46.72575],[15.99857,46.7278],[15.99385,46.73169],[15.9919,46.7351],[15.99158,46.73755],[15.9887,46.74147],[15.98872,46.74393],[15.98727,46.74687],[15.98649,46.75119],[15.9873,46.7542],[15.98968,46.75776],[15.98864,46.76142],[15.99002,46.77314],[15.98931,46.77676],[15.9901,46.78113],[15.99331,46.78854],[15.99402,46.79408],[15.99285,46.79882],[15.9938,46.80433],[15.99701,46.80757],[15.998,46.81],[15.99697,46.81195],[15.98914,46.81963],[15.98703,46.82444],[15.98751,46.82695],[15.99073,46.8303],[15.99409,46.83166],[15.99794,46.83207],[16.00763,46.83072],[16.01168,46.83437],[16.01494,46.8358],[16.02074,46.83691],[16.0251,46.83686],[16.02906,46.8356],[16.03237,46.83281],[16.03756,46.83534],[16.04428,46.83786],[16.05088,46.83768],[16.05829,46.83871],[16.06075,46.84177],[16.06592,46.84614],[16.06793,46.84983],[16.07111,46.8518],[16.07483,46.85274],[16.07876,46.85267],[16.08848,46.85969],[16.09425,46.86114],[16.10003,46.86083],[16.10301,46.8637],[16.10695,46.86545],[16.11094,46.86832],[16.12051,46.87169],[16.12398,46.87191],[16.13008,46.87501],[16.1327,46.87558],[16.13802,46.88255],[16.14071,46.88451],[16.14499,46.88603],[16.14908,46.89095],[16.15408,46.8938],[16.15768,46.89683],[16.1598,46.9004],[16.16286,46.90225],[16.17128,46.90361],[16.17912,46.90664],[16.18045,46.91245],[16.18464,46.91907],[16.18741,46.92208],[16.18848,46.9253],[16.19542,46.93687],[16.20044,46.93922],[16.20451,46.93952],[16.21203,46.93869],[16.21737,46.93622],[16.22197,46.93563],[16.22587,46.93997],[16.23215,46.94278],[16.23703,46.94569],[16.24559,46.94674],[16.24644,46.94949],[16.2445,46.95362],[16.24576,46.95806],[16.24963,46.96129],[16.25336,46.96308],[16.25976,46.96397],[16.26474,46.9631],[16.26931,46.96122],[16.27625,46.96263],[16.27741,46.96735],[16.27708,46.97488],[16.27579,46.9812],[16.27681,46.98654],[16.28017,46.9901],[16.28388,46.99795],[16.28657,47.00014],[16.29031,47.00143],[16.29448,47.00162],[16.29845,47.00068],[16.30231,46.99849],[16.31086,46.99928],[16.32063,47.00138],[16.32434,47.00136],[16.33289,46.99914],[16.33944,46.99668],[16.34324,46.99669],[16.34578,47.00267],[16.34829,47.00478],[16.35176,47.00609],[16.3557,47.00643],[16.3632,47.00544],[16.36693,47.00416],[16.37248,46.99855],[16.37685,46.9992],[16.38302,46.99886],[16.39126,47.00253],[16.39478,47.00336],[16.40008,47.00338],[16.40429,47.00406],[16.41084,47.0037],[16.41451,47.00246],[16.41722,47.00035],[16.41903,46.99716],[16.42235,46.9949],[16.42675,46.99332],[16.43204,46.9927],[16.4355,46.99319],[16.44542,46.99324],[16.44747,46.99654],[16.45052,46.99838],[16.45437,46.99928],[16.46036,46.99863],[16.46292,46.99748],[16.46951,46.99749],[16.47665,46.99531],[16.47897,46.99391],[16.48328,46.99423],[16.48967,46.99744],[16.49667,46.99825],[16.50595,47.00053],[16.50956,47.00046],[16.51217,47.0014],[16.5123,47.00347],[16.50935,47.00406],[16.50517,47.00639],[16.49154,47.01197],[16.48481,47.01799],[16.48213,47.02264],[16.4764,47.02545],[16.4751,47.02716],[16.46944,47.02907],[16.46455,47.03223],[16.46266,47.03472],[16.46229,47.03751],[16.46351,47.04018],[16.46613,47.04233],[16.47615,47.04672],[16.48413,47.04705],[16.49505,47.04869],[16.49786,47.04854],[16.50361,47.04988],[16.50969,47.05062],[16.51482,47.05388],[16.52047,47.05622],[16.52044,47.06141],[16.51005,47.06627],[16.50307,47.06824],[16.49833,47.07019],[16.49045,47.07057],[16.48506,47.07239],[16.48219,47.07508],[16.47789,47.07646],[16.47448,47.07974],[16.47391,47.08242],[16.47464,47.0852],[16.46953,47.08859],[16.46704,47.09111],[16.46618,47.09382],[16.46688,47.09654],[16.46903,47.09888],[16.47232,47.10049],[16.48438,47.10254],[16.48589,47.1058],[16.49011,47.10879],[16.494,47.10965],[16.50057,47.11021],[16.50036,47.11798],[16.50189,47.12067],[16.50674,47.12342],[16.51549,47.12469],[16.52205,47.12629],[16.52915,47.12722],[16.52879,47.13699],[16.52297,47.14031],[16.5196,47.14586],[16.51683,47.1492],[16.50891,47.14954],[16.49046,47.14886],[16.48534,47.14778],[16.47685,47.14457],[16.46917,47.14296],[16.46253,47.14248],[16.45611,47.14376],[16.45175,47.14681],[16.45062,47.14957],[16.45114,47.1524],[16.45334,47.15505],[16.45819,47.15727],[16.46057,47.15909],[16.46223,47.16194],[16.46189,47.16374],[16.46422,47.16813],[16.4634,47.1707],[16.46133,47.17263],[16.45917,47.17663],[16.45669,47.17907],[16.45447,47.18335],[16.45483,47.18731],[16.45111,47.18825],[16.44605,47.18716],[16.4404,47.18522],[16.43349,47.1847],[16.42944,47.18552],[16.42618,47.18737],[16.42131,47.19385],[16.42116,47.19717],[16.41954,47.20091],[16.42049,47.20491],[16.42647,47.2091],[16.43077,47.21014],[16.43651,47.20998],[16.43604,47.21318],[16.43918,47.21789],[16.43747,47.22201],[16.43868,47.22768],[16.44118,47.23046],[16.4426,47.23366],[16.44249,47.24092],[16.4419,47.24399],[16.44376,47.24786],[16.45293,47.25318],[16.45704,47.25446],[16.46089,47.25472],[16.46703,47.25296],[16.46918,47.2553],[16.47793,47.26062],[16.47989,47.26256],[16.47797,47.26622],[16.47755,47.2723],[16.47899,47.27507],[16.48194,47.27721],[16.48933,47.28028],[16.48745,47.28357],[16.48422,47.28738],[16.48277,47.29072],[16.48178,47.29745],[16.47881,47.3016],[16.47543,47.30926],[16.47482,47.31189],[16.46997,47.31743],[16.46855,47.32504],[16.46567,47.32812],[16.46462,47.33299],[16.46301,47.33574],[16.45915,47.33837],[16.44968,47.3406],[16.44697,47.34258],[16.44359,47.34789],[16.44354,47.352],[16.44539,47.35446],[16.44847,47.35625],[16.45228,47.35712],[16.45297,47.36195],[16.45669,47.36649],[16.45656,47.37221],[16.45476,47.37527],[16.45539,47.3796],[16.46102,47.38404],[16.45805,47.38545],[16.45541,47.38861],[16.45118,47.39236],[16.44787,47.39761],[16.44635,47.40183],[16.44723,47.40705],[16.44959,47.40929],[16.45626,47.41195],[16.46372,47.41215],[16.47959,47.40777],[16.48241,47.40582],[16.48418,47.40192],[16.48378,47.39929],[16.48856,47.3955],[16.49236,47.3942],[16.49528,47.39196],[16.4966,47.38917],[16.50694,47.39527],[16.50986,47.39656],[16.5109,47.40224],[16.51519,47.40665],[16.51823,47.40828],[16.52193,47.40906],[16.52698,47.40867],[16.53225,47.40954],[16.53838,47.40897],[16.5425,47.40768],[16.54608,47.40569],[16.55116,47.40551],[16.55428,47.40633],[16.56102,47.40669],[16.5665,47.40595],[16.57372,47.40582],[16.57562,47.40633],[16.57702,47.41077],[16.5792,47.41336],[16.58607,47.41845],[16.59309,47.42205],[16.59737,47.42312],[16.6036,47.42552],[16.60746,47.42831],[16.611,47.42977],[16.61684,47.4308],[16.62022,47.43077],[16.62259,47.43562],[16.6277,47.44158],[16.63566,47.44516],[16.64398,47.44603],[16.65164,47.44904],[16.65595,47.45299],[16.66194,47.45576],[16.66064,47.46014],[16.66307,47.46646],[16.66744,47.47163],[16.67034,47.47411],[16.66943,47.47715],[16.66591,47.48156],[16.66278,47.48377],[16.657,47.49183],[16.65506,47.49551],[16.65517,47.49842],[16.65697,47.50106],[16.66017,47.503],[16.66424,47.50391],[16.6689,47.50358],[16.67607,47.50638],[16.68038,47.5073],[16.68965,47.51037],[16.69426,47.51477],[16.69587,47.51759],[16.69855,47.51978],[16.70534,47.52287],[16.7043,47.52849],[16.70447,47.53198],[16.70639,47.53473],[16.71445,47.53979],[16.71121,47.54304],[16.70881,47.5434],[16.70411,47.5457],[16.69939,47.54671],[16.69504,47.54944],[16.69153,47.5543],[16.69093,47.5578],[16.68908,47.55931],[16.68405,47.56124],[16.67959,47.56105],[16.67388,47.56265],[16.67125,47.56482],[16.67003,47.56892],[16.672,47.57471],[16.67493,47.57855],[16.67521,47.58184],[16.6683,47.59507],[16.66893,47.59896],[16.67304,47.60491],[16.66278,47.60676],[16.65955,47.60872],[16.65773,47.61138],[16.65642,47.6152],[16.65285,47.62218],[16.65067,47.62308],[16.63539,47.62765],[16.63181,47.62812],[16.61914,47.62579],[16.61297,47.62264],[16.60437,47.621],[16.59717,47.61857],[16.58976,47.61752],[16.57448,47.61958],[16.57098,47.62089],[16.56783,47.62326],[16.56174,47.62575],[16.55372,47.6303],[16.5487,47.63361],[16.53555,47.6385],[16.52884,47.64146],[16.52134,47.64284],[16.51705,47.64508],[16.51335,47.64601],[16.51183,47.64332],[16.50877,47.64122],[16.50471,47.64012],[16.49994,47.6399],[16.49601,47.64053],[16.49199,47.64228],[16.48579,47.64413],[16.48264,47.6478],[16.4792,47.65005],[16.47178,47.65132],[16.4633,47.652],[16.45882,47.65354],[16.45465,47.6542],[16.45161,47.65554],[16.44693,47.65648],[16.4404,47.65682],[16.4335,47.65985],[16.43142,47.66232],[16.43091,47.66513],[16.43204,47.66786],[16.43465,47.67008],[16.44303,47.67392],[16.44273,47.67727],[16.44477,47.68193],[16.44763,47.68397],[16.45143,47.68511],[16.4576,47.6848],[16.46192,47.68278],[16.46955,47.68121],[16.47461,47.68128],[16.47556,47.68568],[16.47719,47.68818],[16.48008,47.69009],[16.48419,47.69139],[16.48905,47.69718],[16.49475,47.69941],[16.49951,47.70278],[16.50409,47.70354],[16.51229,47.70651],[16.51693,47.70697],[16.52054,47.70944],[16.52443,47.71036],[16.5336,47.7108],[16.54036,47.71188],[16.54225,47.71314],[16.54438,47.71677],[16.55209,47.72245],[16.54863,47.72616],[16.54165,47.73251],[16.5409,47.7339],[16.5413,47.73824],[16.54365,47.7407],[16.54847,47.74304],[16.54893,47.7462],[16.55063,47.74862],[16.55353,47.75045],[16.55721,47.75143],[16.56646,47.75158],[16.58305,47.75501],[16.58748,47.75539],[16.59183,47.75665],[16.59873,47.75617],[16.60253,47.75803],[16.60891,47.75992],[16.61278,47.75999],[16.6198,47.75784],[16.63279,47.75618],[16.6371,47.75334],[16.63964,47.74843],[16.6453,47.74559],[16.65126,47.74403],[16.65751,47.74161],[16.66478,47.74187],[16.67156,47.74043],[16.68096,47.73958],[16.71422,47.7359],[16.7192,47.73335],[16.72094,47.73077],[16.72149,47.72295],[16.74898,47.68155],[16.82785,47.68271],[16.83197,47.68796],[16.83283,47.69165],[16.83885,47.70372],[16.84311,47.70656],[16.85657,47.71129],[16.8608,47.71155],[16.86485,47.71068],[16.86808,47.70881],[16.87031,47.70482],[16.87167,47.69023],[16.87489,47.68849],[16.91202,47.68769],[16.97644,47.69448],[17.04014,47.70432],[17.09282,47.70824],[17.07771,47.72053],[17.07424,47.72312],[17.07096,47.7276],[17.07042,47.7342],[17.07099,47.73892],[17.07076,47.74994],[17.06978,47.75692],[17.06745,47.76046],[17.06652,47.76479],[17.06704,47.7667],[17.0639,47.77748],[17.06093,47.77976],[17.05808,47.78618],[17.05367,47.79175],[17.05357,47.79595],[17.05697,47.79946],[17.07079,47.80741],[17.07423,47.80825],[17.06221,47.81794],[17.06073,47.82267],[17.05319,47.82591],[17.05076,47.82811],[17.04922,47.83292],[17.05138,47.83782],[17.01554,47.85544],[17.01337,47.85778],[17.01265,47.86049],[17.01488,47.86496],[17.01815,47.86699],[17.02236,47.86795],[17.03611,47.86777],[17.03989,47.86691],[17.0492,47.86993],[17.05204,47.8717],[17.05612,47.87286],[17.0628,47.87372],[17.07192,47.87592],[17.07773,47.87553],[17.08036,47.87456],[17.08501,47.87446],[17.10394,47.89895],[17.10058,47.90186],[17.0994,47.90456],[17.09984,47.90735],[17.10243,47.91028],[17.11261,47.92728],[17.10149,47.93153],[17.09811,47.93498],[17.0977,47.93773],[17.09886,47.94039],[17.10288,47.94526],[17.10772,47.94944],[17.10965,47.95386],[17.11679,47.96087],[17.11189,47.96357],[17.10772,47.96478],[17.10463,47.96663],[17.10247,47.9705],[17.103,47.97326],[17.10654,47.97663],[17.11193,47.97947],[17.11666,47.9834],[17.13138,47.99082],[17.13803,47.99569],[17.14752,48.00044],[17.15685,48.00405],[17.16065,48.00659],[17.15002,48.01361],[17.14381,48.02016],[17.13632,48.02288],[17.12836,48.02288],[17.12426,48.02365],[17.12093,48.02543],[17.11501,48.02962],[17.11019,48.03116],[17.09618,48.02348],[17.09246,48.02264],[17.08853,48.02275],[17.08492,48.02381],[17.07737,48.02721],[17.07416,48.03091],[17.07464,48.03517],[17.07622,48.03738],[17.08768,48.04563],[17.0858,48.04908],[17.08007,48.05247],[17.07817,48.05493],[17.07779,48.05768],[17.07899,48.06033],[17.08159,48.06247],[17.08666,48.06533],[17.08016,48.0679],[17.07754,48.07012],[17.07641,48.07285],[17.07694,48.07566],[17.07885,48.07824],[17.07668,48.08267],[17.07751,48.08539],[17.07983,48.0877],[17.08561,48.09023],[17.0912,48.09061],[17.09307,48.09141],[17.09089,48.09547],[17.09261,48.09959],[17.08236,48.10374],[17.07719,48.10987],[17.07639,48.11288],[17.07698,48.1151],[17.07139,48.11715],[17.06904,48.11965],[17.06878,48.12411],[17.06782,48.12702],[17.06276,48.13189],[17.06118,48.13835],[17.05721,48.1436],[17.04495,48.14084],[17.03904,48.13986],[17.0338,48.1398],[17.02729,48.14092],[17.02366,48.14271],[17.0185,48.14852],[17.01325,48.1529],[17.00949,48.15489],[16.99967,48.15871],[16.9938,48.16164],[16.9839,48.16822],[16.9782,48.17135],[16.97566,48.17489],[16.97608,48.17874],[16.97744,48.18213],[16.97631,48.18949],[16.97197,48.19553],[16.9699,48.20148],[16.96712,48.20513],[16.96518,48.21033],[16.96255,48.21366],[16.96183,48.22069],[16.95939,48.22457],[16.95576,48.22795],[16.94839,48.23258],[16.94625,48.23619],[16.9468,48.24142],[16.94966,48.24854],[16.94982,48.25231],[16.95181,48.2572],[16.95629,48.26154],[16.95712,48.26342],[16.95212,48.26615],[16.9479,48.26955],[16.94402,48.27072],[16.93245,48.27093],[16.92556,48.27178],[16.92205,48.27368],[16.91943,48.27778],[16.9143,48.28139],[16.90884,48.28697],[16.90683,48.28976],[16.90623,48.29307],[16.90005,48.29949],[16.89876,48.30452],[16.89616,48.30825],[16.89548,48.3111],[16.89653,48.31389],[16.89914,48.31618],[16.90495,48.319],[16.90874,48.32305],[16.90777,48.32652],[16.90095,48.32802],[16.89449,48.33136],[16.88905,48.3323],[16.88262,48.33557],[16.87747,48.33748],[16.87441,48.3412],[16.87499,48.34705],[16.87326,48.34869],[16.86508,48.3484],[16.8596,48.34926],[16.85564,48.34831],[16.85151,48.34834],[16.84608,48.35027],[16.8431,48.35385],[16.84292,48.35901],[16.84058,48.36185],[16.83958,48.36606],[16.8411,48.36957],[16.83964,48.37489],[16.84031,48.37779],[16.84266,48.38027],[16.84914,48.38243],[16.85087,48.38435],[16.85042,48.38881],[16.85187,48.39167],[16.85553,48.39495],[16.85531,48.39886],[16.85212,48.40328],[16.85039,48.40848],[16.85143,48.41132],[16.85588,48.41469],[16.86218,48.41764],[16.86301,48.42092],[16.85932,48.42347],[16.85699,48.42622],[16.85164,48.43509],[16.85104,48.44542],[16.85355,48.44898],[16.85665,48.45062],[16.86252,48.45255],[16.86415,48.45468],[16.8626,48.45783],[16.86317,48.46206],[16.86555,48.46444],[16.87358,48.46734],[16.87764,48.47316],[16.881,48.47507],[16.88523,48.47591],[16.88888,48.47578],[16.89022,48.47699],[16.89151,48.48109],[16.89568,48.4845],[16.896,48.49035],[16.89784,48.49277],[16.90089,48.49456],[16.90473,48.49548],[16.90881,48.49538],[16.91264,48.49442],[16.91561,48.49476],[16.91738,48.49632],[16.91438,48.50148],[16.91359,48.50587],[16.91497,48.50966],[16.9175,48.51167],[16.92217,48.51357],[16.92344,48.51683],[16.9261,48.51897],[16.92978,48.52028],[16.93528,48.5212],[16.94059,48.52079],[16.94382,48.52289],[16.94228,48.52755],[16.94496,48.53143],[16.94941,48.53456],[16.95058,48.53811],[16.95359,48.54254],[16.95376,48.54457],[16.95181,48.54641],[16.9462,48.54933],[16.94427,48.55166],[16.94367,48.55477],[16.94463,48.55992],[16.93851,48.56538],[16.93592,48.5704],[16.93602,48.57564],[16.9388,48.58066],[16.93893,48.58456],[16.93722,48.58886],[16.93513,48.59707],[16.93662,48.60154],[16.94183,48.60597],[16.94195,48.61026],[16.94005,48.61324],[16.94016,48.6172],[16.93475,48.6192],[16.92908,48.61995],[16.92565,48.62172],[16.92309,48.62565],[16.92599,48.63468],[16.9282,48.63933],[16.92404,48.64318],[16.92123,48.64683],[16.92031,48.65109],[16.9208,48.6538],[16.92315,48.65799],[16.92215,48.66223],[16.92306,48.67001],[16.91548,48.67468],[16.91321,48.67717],[16.91262,48.68005],[16.91325,48.68387],[16.91639,48.6883],[16.91845,48.69313],[16.91658,48.69706],[16.91675,48.69992],[16.91251,48.70551],[16.90838,48.70839],[16.90613,48.71083],[16.90554,48.71537],[16.90201,48.71792],[16.89401,48.71615],[16.88979,48.71619],[16.88592,48.71728],[16.88295,48.71926],[16.87924,48.72291],[16.87667,48.72166],[16.87514,48.71894],[16.8684,48.7136],[16.86263,48.71223],[16.85272,48.71186],[16.84496,48.71193],[16.841,48.71259],[16.83431,48.71647],[16.82785,48.71182],[16.82178,48.71038],[16.81642,48.71031],[16.80537,48.71215],[16.80196,48.71106],[16.79588,48.71106],[16.78986,48.71378],[16.78394,48.71309],[16.77815,48.71411],[16.77298,48.71419],[16.76935,48.71535],[16.76412,48.71849],[16.75704,48.71981],[16.75411,48.72159],[16.75021,48.72678],[16.74728,48.73203],[16.74061,48.73144],[16.73498,48.7326],[16.72857,48.73651],[16.72447,48.73798],[16.71628,48.73817],[16.70656,48.73761],[16.70046,48.736],[16.69233,48.73236],[16.688,48.73176],[16.68367,48.73234],[16.68004,48.73402],[16.67615,48.7371],[16.67459,48.73966],[16.67521,48.74374],[16.68027,48.74908],[16.68084,48.75078],[16.67941,48.75996],[16.67761,48.76659],[16.67465,48.77146],[16.66886,48.77366],[16.66656,48.77596],[16.66376,48.78092],[16.65614,48.78316],[16.65148,48.78509],[16.64396,48.78582],[16.63513,48.78577],[16.63115,48.783],[16.6274,48.78141],[16.62273,48.78088],[16.61792,48.7814],[16.60992,48.78056],[16.60048,48.78173],[16.59701,48.78309],[16.59365,48.7867],[16.58272,48.7919],[16.57679,48.79316],[16.56854,48.79368],[16.56499,48.79485],[16.55549,48.80356],[16.54966,48.80672],[16.54082,48.81417],[16.53441,48.81101],[16.53242,48.80799],[16.525,48.80349],[16.5213,48.80249],[16.51633,48.80256],[16.49989,48.80123],[16.48468,48.80161],[16.47976,48.80217],[16.46784,48.80739],[16.46453,48.8098],[16.46056,48.80904],[16.45635,48.80336],[16.44888,48.79945],[16.44707,48.79689],[16.4472,48.79198],[16.44501,48.78821],[16.43991,48.78379],[16.4353,48.77673],[16.43731,48.77467],[16.43831,48.77179],[16.43745,48.76855],[16.43483,48.76574],[16.42853,48.76276],[16.423,48.76209],[16.41368,48.75396],[16.40974,48.74544],[16.40659,48.74312],[16.39616,48.73935],[16.3889,48.73891],[16.38697,48.73594],[16.3808,48.73189],[16.36964,48.72903],[16.36537,48.72911],[16.36147,48.73027],[16.35854,48.73233],[16.35704,48.73498],[16.35718,48.73771],[16.35388,48.74056],[16.34674,48.74301],[16.343,48.74553],[16.34154,48.74537],[16.33797,48.73648],[16.33514,48.73411],[16.33109,48.73272],[16.32566,48.73193],[16.31421,48.73313],[16.3105,48.73434],[16.30527,48.73855],[16.29941,48.73968],[16.29219,48.73916],[16.2779,48.74151],[16.26846,48.74131],[16.26548,48.73929],[16.26188,48.73813],[16.25789,48.73791],[16.24879,48.73955],[16.24037,48.73963],[16.23375,48.74023],[16.2235,48.7401],[16.20441,48.74294],[16.189,48.74326],[16.17766,48.7451],[16.17266,48.74633],[16.16343,48.74706],[16.15481,48.7484],[16.15083,48.7458],[16.14694,48.74468],[16.13924,48.74536],[16.13403,48.74415],[16.13017,48.7444],[16.12092,48.74625],[16.1172,48.74816],[16.11218,48.74735],[16.10645,48.7455],[16.1022,48.74554],[16.09286,48.74686],[16.08034,48.7498],[16.07481,48.75193],[16.06467,48.75485],[16.0531,48.76087],[16.04118,48.76413],[16.02103,48.77206],[16.01213,48.77419],[16.00701,48.77606],[16.00217,48.777],[15.9939,48.77997],[15.98654,48.78603],[15.97137,48.79431],[15.966,48.79805],[15.96127,48.79875],[15.95309,48.80267],[15.95087,48.80494],[15.95006,48.80919],[15.95212,48.81388],[15.95564,48.81752],[15.95978,48.81978],[15.95798,48.82322],[15.95071,48.82476],[15.94629,48.82765],[15.9367,48.82839],[15.9334,48.82992],[15.93042,48.83388],[15.92243,48.83643],[15.91988,48.83869],[15.9103,48.83847],[15.9065,48.83972],[15.9037,48.84183],[15.89796,48.84805],[15.89548,48.84907],[15.89058,48.84886],[15.88489,48.85034],[15.88217,48.85238],[15.88067,48.85546],[15.87786,48.85887],[15.87414,48.86046],[15.87188,48.86042],[15.86595,48.85734],[15.86166,48.85693],[15.85562,48.85843],[15.85278,48.86059],[15.85144,48.86331],[15.85197,48.86808],[15.84644,48.87218],[15.84492,48.87562],[15.83883,48.87747],[15.83208,48.87297],[15.82594,48.87205],[15.81625,48.87316],[15.80613,48.87235],[15.79257,48.8739],[15.77968,48.87483],[15.77501,48.87003],[15.77219,48.86543],[15.76001,48.85573],[15.75581,48.85353],[15.75162,48.85266],[15.74539,48.85333],[15.7381,48.85515],[15.72497,48.85633],[15.71914,48.85732],[15.71482,48.85952],[15.70831,48.86066],[15.69505,48.85777],[15.68906,48.85812],[15.68562,48.85953],[15.67809,48.86513],[15.67226,48.86743],[15.66405,48.87519],[15.66072,48.877],[15.65673,48.88067],[15.65281,48.88275],[15.64482,48.8851],[15.64238,48.88659],[15.63886,48.88726],[15.63387,48.887],[15.63001,48.88788],[15.62691,48.88963],[15.61968,48.8954],[15.61275,48.89812],[15.60587,48.89679],[15.60166,48.89718],[15.58087,48.89584],[15.57704,48.89627],[15.55979,48.90419],[15.54099,48.90803],[15.52823,48.91165],[15.5212,48.91255],[15.5148,48.914],[15.5114,48.91592],[15.50708,48.9194],[15.50551,48.9221],[15.50542,48.92573],[15.50429,48.92699],[15.50239,48.93288],[15.50218,48.93555],[15.49911,48.93801],[15.49599,48.93934],[15.48975,48.94073],[15.4863,48.94259],[15.48119,48.94394],[15.47441,48.94677],[15.46847,48.95173],[15.46337,48.94949],[15.45887,48.94832],[15.45442,48.94848],[15.45068,48.94968],[15.44389,48.95094],[15.43491,48.9501],[15.42573,48.95162],[15.41274,48.95643],[15.40368,48.96325],[15.39727,48.9646],[15.39338,48.96609],[15.39074,48.96848],[15.38898,48.97245],[15.3839,48.97392],[15.38001,48.97595],[15.37609,48.97699],[15.37178,48.97974],[15.36691,48.98184],[15.35691,48.98273],[15.348,48.98474],[15.33839,48.98354],[15.33226,48.98477],[15.32761,48.98071],[15.3221,48.97881],[15.31792,48.9788],[15.31207,48.98067],[15.30913,48.97956],[15.30448,48.97914],[15.29882,48.98023],[15.29558,48.98195],[15.29309,48.98567],[15.29359,48.98904],[15.28942,48.99266],[15.27794,48.99457],[15.27565,48.98769],[15.2759,48.98574],[15.27939,48.98123],[15.27968,48.97672],[15.27629,48.97185],[15.27236,48.96872],[15.26733,48.96718],[15.2632,48.95992],[15.25998,48.95805],[15.25592,48.95715],[15.24963,48.95785],[15.24651,48.95941],[15.2377,48.95874],[15.22863,48.95914],[15.22437,48.96008],[15.2207,48.95891],[15.2096,48.95748],[15.20629,48.9544],[15.20001,48.95212],[15.19805,48.94918],[15.19546,48.94731],[15.18965,48.94511],[15.18527,48.94497],[15.17732,48.94756],[15.17037,48.94878],[15.16737,48.95064],[15.16532,48.95445],[15.16587,48.95714],[15.16971,48.96217],[15.16842,48.96681],[15.16329,48.97291],[15.16186,48.9778],[15.15759,48.98186],[15.15739,48.98479],[15.15858,48.98975],[15.15634,48.99317],[15.14854,48.9957],[15.13828,48.99785],[15.13422,48.99982],[15.12974,48.99892],[15.11828,48.9985],[15.11074,48.99946],[15.10763,48.99885],[15.10315,48.9965],[15.09882,48.99581],[15.08541,48.99793],[15.07506,48.99828],[15.06946,49.00079],[15.06748,49.00348],[15.06697,49.00863],[15.06519,49.01192],[15.06537,49.01416],[15.05869,49.01539],[15.05444,49.01556],[15.04499,49.01274],[15.03888,49.0125],[15.03424,49.01379],[15.02906,49.01611],[15.02581,49.01855],[15.02072,49.02049],[15.01571,49.01849],[15.01107,49.01499],[15.00726,49.01345],[15.00283,49.01304],[14.99507,49.01455],[14.99314,49.01158],[14.99059,49.00966],[14.99654,49.00392],[14.99776,49.00122],[14.99647,48.99561],[14.99499,48.99209],[14.99253,48.98984],[14.9846,48.98656],[14.98074,48.98185],[14.97859,48.98048],[14.97797,48.97402],[14.97634,48.97105],[14.97782,48.9605],[14.97664,48.95588],[14.98049,48.94431],[14.98252,48.94219],[14.98441,48.93775],[14.98385,48.93502],[14.97957,48.93133],[14.97908,48.92811],[14.98286,48.92496],[14.98593,48.91955],[14.98903,48.91673],[14.99012,48.9138],[14.99031,48.90992],[14.99265,48.90525],[14.99187,48.89934],[14.9873,48.89564],[14.98637,48.89344],[14.98364,48.89102],[14.98353,48.88038],[14.9802,48.87652],[14.97313,48.87463],[14.9733,48.864],[14.97227,48.86056],[14.97357,48.85587],[14.97352,48.85295],[14.97647,48.84865],[14.97601,48.84587],[14.97205,48.84212],[14.97071,48.83882],[14.96839,48.83679],[14.96755,48.83126],[14.96854,48.82814],[14.96831,48.82382],[14.96519,48.82009],[14.9611,48.81749],[14.95836,48.81411],[14.95747,48.81084],[14.95855,48.80644],[14.95784,48.80389],[14.95533,48.80116],[14.95507,48.7984],[14.95346,48.79586],[14.95339,48.78983],[14.95634,48.78815],[14.96844,48.78498],[14.9741,48.78278],[14.97747,48.77965],[14.97855,48.77445],[14.97788,48.77184],[14.97435,48.76865],[14.97018,48.7671],[14.96522,48.76354],[14.95909,48.76178],[14.95522,48.76141],[14.94812,48.76284],[14.94255,48.76174],[14.93825,48.76232],[14.93465,48.76396],[14.93192,48.76649],[14.92219,48.76802],[14.91708,48.76956],[14.91141,48.76759],[14.90697,48.76766],[14.90294,48.7689],[14.89948,48.77123],[14.8906,48.77311],[14.88722,48.77496],[14.88468,48.77787],[14.88136,48.77999],[14.86948,48.78097],[14.86451,48.77833],[14.86058,48.7773],[14.85587,48.77732],[14.85075,48.77899],[14.84254,48.78393],[14.83607,48.78205],[14.8318,48.78195],[14.82507,48.78378],[14.81883,48.78129],[14.81319,48.78034],[14.80878,48.77875],[14.80795,48.77377],[14.80643,48.77173],[14.81037,48.7675],[14.81167,48.76385],[14.81112,48.76119],[14.80753,48.75782],[14.80195,48.7509],[14.80058,48.74746],[14.80412,48.74028],[14.8044,48.73731],[14.80284,48.73452],[14.79807,48.7311],[14.79454,48.72982],[14.79232,48.72592],[14.78777,48.72224],[14.78482,48.71779],[14.78005,48.71488],[14.77369,48.71197],[14.76925,48.71074],[14.75709,48.7093],[14.7547,48.70566],[14.75126,48.7038],[14.74088,48.70132],[14.73586,48.69837],[14.73354,48.69567],[14.73096,48.69095],[14.72801,48.68841],[14.72617,48.68541],[14.7264,48.6808],[14.72573,48.67807],[14.71825,48.66609],[14.71241,48.65012],[14.71578,48.64818],[14.71778,48.64577],[14.71925,48.64025],[14.72077,48.63715],[14.72056,48.63431],[14.71418,48.61761],[14.71969,48.605],[14.71802,48.60057],[14.71139,48.59655],[14.70623,48.59125],[14.70469,48.58868],[14.70197,48.5867],[14.69834,48.58552],[14.69288,48.58516],[14.69093,48.58391],[14.69086,48.58088],[14.694,48.58024],[14.70968,48.57906],[14.71294,48.57765],[14.71555,48.57533],[14.71737,48.5721],[14.71958,48.57037],[14.72233,48.56555],[14.72531,48.56259],[14.72998,48.56152],[14.73585,48.55739],[14.737,48.55273],[14.74023,48.55193],[14.74411,48.55319],[14.74465,48.55712],[14.74692,48.55954],[14.75081,48.56205],[14.75698,48.56335],[14.76125,48.56278],[14.76484,48.56114],[14.76956,48.55668],[14.77346,48.5557],[14.78068,48.55892],[14.78498,48.55927],[14.79153,48.5586],[14.79862,48.55607],[14.80576,48.55548],[14.80945,48.55418],[14.81325,48.55016],[14.81543,48.54895],[14.82218,48.54782],[14.82726,48.54786],[14.83495,48.54562],[14.84188,48.54077],[14.84533,48.53754],[14.84638,48.5346],[14.84544,48.53017],[14.85959,48.52858],[14.86395,48.52758],[14.87555,48.52759],[14.8804,48.52696],[14.888,48.52405],[14.89602,48.52302],[14.90099,48.52117],[14.90882,48.51635],[14.9115,48.51239],[14.91122,48.50749],[14.90952,48.50473],[14.9063,48.50267],[14.89371,48.49978],[14.89089,48.49941],[14.88951,48.49619],[14.88659,48.49231],[14.88712,48.48991],[14.8862,48.48733],[14.88393,48.48515],[14.87884,48.48201],[14.87473,48.48095],[14.8665,48.48001],[14.86863,48.47812],[14.87078,48.47438],[14.87508,48.46979],[14.87628,48.4649],[14.87339,48.45877],[14.87635,48.45524],[14.88346,48.45335],[14.88749,48.45291],[14.89511,48.45019],[14.90327,48.44416],[14.90715,48.43967],[14.9104,48.43468],[14.91069,48.43151],[14.91435,48.42939],[14.92016,48.4281],[14.92656,48.42456],[14.93457,48.42314],[14.93926,48.42033],[14.94152,48.41661],[14.94362,48.41501],[14.94527,48.41086],[14.94308,48.40683],[14.93589,48.40159],[14.93195,48.39963],[14.92557,48.39856],[14.92332,48.39666],[14.91862,48.39459],[14.91507,48.38983],[14.91875,48.38824],[14.92206,48.38881],[14.92636,48.39133],[14.93191,48.39376],[14.93844,48.39442],[14.94583,48.39295],[14.94981,48.3909],[14.95735,48.38996],[14.96196,48.38683],[14.9631,48.38398],[14.96303,48.38078],[14.96168,48.37777],[14.95711,48.37403],[14.95214,48.36237],[14.95227,48.35916],[14.95094,48.35577],[14.95129,48.35363],[14.94972,48.34632],[14.94973,48.34202],[14.94665,48.33632],[14.94565,48.33292],[14.94292,48.32772],[14.94244,48.32387],[14.94927,48.32317],[14.95685,48.32483],[14.96072,48.32481],[14.97025,48.32297],[14.97602,48.32265],[14.98124,48.32062],[14.98344,48.31834],[14.98421,48.31568],[14.98404,48.30974],[14.98545,48.30702],[14.98421,48.30068],[14.98434,48.29809],[14.98608,48.29501],[14.98648,48.28843],[14.98863,48.27998],[14.98804,48.27628],[14.98867,48.268],[14.98794,48.26379],[14.98809,48.25947],[14.98705,48.25693],[14.98471,48.25481],[14.97873,48.25209],[14.97653,48.24963],[14.9727,48.24757],[14.97024,48.24521],[14.9701,48.23605],[14.96619,48.23256],[14.96204,48.23056],[14.95851,48.22701],[14.95333,48.22495],[14.94929,48.22478],[14.94375,48.22639],[14.9404,48.22891],[14.93618,48.23086],[14.93258,48.2314],[14.92106,48.23188],[14.91428,48.23246],[14.90665,48.231],[14.90084,48.23059],[14.89787,48.22976],[14.89116,48.23014],[14.88567,48.23251],[14.88051,48.23188],[14.87447,48.22993],[14.87054,48.22794],[14.86521,48.22691],[14.85913,48.22651],[14.85689,48.22554],[14.85535,48.22316],[14.85563,48.21797],[14.85654,48.21335],[14.85347,48.20771],[14.84906,48.204],[14.84544,48.19715],[14.84314,48.19476],[14.83297,48.18961],[14.82651,48.18892],[14.81985,48.18959],[14.80687,48.18686],[14.79252,48.18257],[14.78617,48.18175],[14.77889,48.18137],[14.77178,48.17954],[14.75029,48.17465],[14.74327,48.17404],[14.73674,48.17422],[14.73314,48.17516],[14.72585,48.17818],[14.72263,48.17879],[14.71546,48.17877],[14.71154,48.17582],[14.70567,48.16903],[14.70629,48.16568],[14.70391,48.16159],[14.69587,48.15717],[14.69007,48.15632],[14.68164,48.1584],[14.67644,48.16066],[14.66014,48.16919],[14.65881,48.17125],[14.64514,48.17426],[14.64227,48.1757],[14.63574,48.1803],[14.62982,48.18589],[14.62555,48.18887],[14.61576,48.19306],[14.61138,48.19569],[14.60658,48.20048],[14.60063,48.20571],[14.59028,48.21951],[14.58487,48.22283],[14.5783,48.2253],[14.56643,48.22869],[14.55908,48.23048],[14.55189,48.23313],[14.5353,48.2369],[14.52915,48.23746],[14.52078,48.23728],[14.50863,48.23054],[14.49986,48.22782],[14.49317,48.22481],[14.49006,48.22224],[14.48599,48.21392],[14.48574,48.21173],[14.48369,48.20735],[14.48072,48.1981],[14.48067,48.1955],[14.48281,48.19036],[14.48236,48.18751],[14.48035,48.18476],[14.47991,48.18201],[14.48226,48.17845],[14.4825,48.17573],[14.48071,48.16996],[14.4771,48.16264],[14.47223,48.15753],[14.46832,48.15142],[14.46748,48.14841],[14.46916,48.14653],[14.47415,48.14357],[14.47719,48.14021],[14.47795,48.13733],[14.47753,48.13424],[14.47524,48.13137],[14.46983,48.12673],[14.46925,48.12398],[14.47077,48.12118],[14.48389,48.11827],[14.48797,48.11514],[14.48881,48.11103],[14.48737,48.10841],[14.48455,48.10636],[14.47776,48.10408],[14.47083,48.1008],[14.46417,48.09616],[14.45804,48.08918],[14.4588,48.08542],[14.4582,48.08281],[14.45551,48.07995],[14.45511,48.07696],[14.45744,48.07181],[14.45551,48.06755],[14.4515,48.06479],[14.45659,48.06184],[14.45897,48.05786],[14.4589,48.05126],[14.45691,48.04657],[14.45715,48.04144],[14.46317,48.03868],[14.46602,48.03673],[14.46783,48.03401],[14.47351,48.03008],[14.47842,48.02137],[14.48309,48.01751],[14.48519,48.01367],[14.49004,48.00978],[14.49377,48.00419],[14.49397,47.99797],[14.50404,47.99307],[14.51032,47.99262],[14.51487,47.99175],[14.52475,47.99072],[14.52939,47.98898],[14.53294,47.98839],[14.54047,47.98483],[14.54675,47.98262],[14.55512,47.98073],[14.56113,47.9763],[14.56765,47.97499],[14.57173,47.97352],[14.57607,47.97028],[14.58297,47.96878],[14.58604,47.96704],[14.5926,47.96005],[14.6011,47.95519],[14.60355,47.95255],[14.60828,47.94978],[14.61236,47.94889],[14.62134,47.94601],[14.6247,47.94355],[14.62883,47.94252],[14.63346,47.94233],[14.64256,47.9429],[14.64845,47.94207],[14.65304,47.94071],[14.66374,47.93894],[14.66989,47.93543],[14.68391,47.9299],[14.69942,47.92621],[14.70632,47.92638],[14.70978,47.92946],[14.71346,47.93118],[14.71909,47.93192],[14.72313,47.93136],[14.72656,47.92981],[14.72887,47.92751],[14.7302,47.92336],[14.7415,47.91763],[14.74528,47.9144],[14.74785,47.90994],[14.75502,47.90558],[14.75958,47.89885],[14.76005,47.89515],[14.76631,47.89039],[14.77037,47.88608],[14.77116,47.88315],[14.76897,47.87899],[14.76404,47.87392],[14.75931,47.87079],[14.75655,47.8675],[14.75086,47.86548],[14.73765,47.86385],[14.72922,47.86024],[14.72422,47.85935],[14.7195,47.85504],[14.71168,47.85131],[14.71081,47.8484],[14.71367,47.84537],[14.71816,47.84422],[14.72239,47.84113],[14.72343,47.83839],[14.72272,47.83296],[14.72088,47.83026],[14.71474,47.8264],[14.71063,47.82287],[14.70994,47.82056],[14.71237,47.81453],[14.7137,47.81333],[14.72666,47.80576],[14.72858,47.80319],[14.72886,47.80032],[14.72616,47.79645],[14.71416,47.79039],[14.71338,47.78802],[14.71864,47.7809],[14.72079,47.77388],[14.7234,47.76893],[14.72331,47.76616],[14.72168,47.76362],[14.71874,47.76169],[14.71494,47.76065],[14.70961,47.76064],[14.70442,47.76237],[14.70238,47.76397],[14.6977,47.76516],[14.69214,47.76065],[14.68908,47.75887],[14.68693,47.75458],[14.68392,47.75146],[14.6773,47.74725],[14.67493,47.74388],[14.67235,47.74185],[14.66605,47.73961],[14.65859,47.73982],[14.65245,47.73816],[14.65169,47.73615],[14.6471,47.73025],[14.64397,47.7283],[14.63995,47.72733],[14.63437,47.72754],[14.62845,47.72984],[14.62324,47.72998],[14.61473,47.7311],[14.60932,47.72894],[14.60365,47.72862],[14.59664,47.72442],[14.59205,47.72268],[14.58902,47.71967],[14.58561,47.7183],[14.57392,47.7161],[14.56531,47.71674],[14.55838,47.71963],[14.55412,47.72002],[14.55155,47.71835],[14.53818,47.71327],[14.53305,47.71274],[14.52704,47.70971],[14.52012,47.70366],[14.52191,47.69984],[14.52464,47.69747],[14.52586,47.69456],[14.52322,47.68744],[14.52096,47.68462],[14.51442,47.68172],[14.51154,47.67953],[14.50342,47.67792],[14.48867,47.68111],[14.48418,47.68041],[14.47987,47.6781],[14.4774,47.67598],[14.47362,47.67427],[14.46944,47.67069],[14.45673,47.66551],[14.44951,47.66381],[14.44702,47.65844],[14.44484,47.65645],[14.43741,47.65316],[14.43297,47.65267],[14.42629,47.65304],[14.42257,47.65423],[14.41959,47.65622],[14.40858,47.65416],[14.39987,47.65324],[14.39628,47.65182],[14.39312,47.64908],[14.39255,47.64639],[14.39418,47.64232],[14.39375,47.63952],[14.39028,47.63605],[14.37848,47.63272],[14.37513,47.63086],[14.3714,47.62997],[14.36661,47.63018],[14.36146,47.62905],[14.3448,47.62269],[14.33467,47.61838],[14.32899,47.61114],[14.32408,47.60893],[14.31426,47.6073],[14.31018,47.60751],[14.30373,47.60938],[14.29353,47.60926],[14.28724,47.61131],[14.28081,47.6142],[14.26634,47.61104],[14.26088,47.61146],[14.25588,47.61334],[14.25111,47.61894],[14.24861,47.62063],[14.23447,47.6287],[14.22585,47.63905],[14.22539,47.64196],[14.22668,47.64476],[14.23158,47.65073],[14.21851,47.65033],[14.20744,47.6521],[14.20381,47.65168],[14.19919,47.64925],[14.19406,47.64573],[14.18706,47.64431],[14.1833,47.64059],[14.1777,47.63857],[14.16834,47.63943],[14.15914,47.63654],[14.15491,47.6364],[14.14887,47.63701],[14.14403,47.63647],[14.13363,47.63091],[14.13024,47.62943],[14.12174,47.62762],[14.1102,47.62695],[14.10084,47.62365],[14.09524,47.62288],[14.09239,47.62079],[14.08711,47.61931],[14.08056,47.61877],[14.06767,47.61667],[14.06322,47.61727],[14.05826,47.61888],[14.05532,47.62098],[14.05374,47.62525],[14.04993,47.62712],[14.04709,47.63057],[14.04769,47.63698],[14.05472,47.66578],[14.05463,47.66881],[14.05316,47.67036],[14.04522,47.67602],[14.03877,47.67832],[14.036,47.67983],[14.01965,47.69154],[14.01286,47.69873],[14.0083,47.70188],[14.00358,47.70326],[13.99785,47.70266],[13.99357,47.70016],[13.98436,47.69853],[13.98014,47.69857],[13.97626,47.69971],[13.96385,47.70556],[13.95408,47.7089],[13.95021,47.70933],[13.93706,47.70914],[13.93334,47.70877],[13.92206,47.70623],[13.91815,47.70632],[13.91456,47.70735],[13.90776,47.7106],[13.90435,47.71522],[13.90381,47.71761],[13.89476,47.71851],[13.88647,47.72207],[13.88289,47.72264],[13.87615,47.72635],[13.87171,47.72529],[13.86539,47.72588],[13.86096,47.72734],[13.85876,47.72198],[13.85626,47.7192],[13.85135,47.71696],[13.84541,47.71684],[13.84031,47.71833],[13.83426,47.71846],[13.82178,47.71602],[13.80127,47.71521],[13.79327,47.71291],[13.78935,47.71321],[13.78552,47.71456],[13.7817,47.71784],[13.77977,47.71805],[13.7691,47.70968],[13.76609,47.70533],[13.76212,47.70242],[13.75533,47.6996],[13.75082,47.69071],[13.74835,47.68851],[13.74484,47.6871],[13.73775,47.686],[13.73449,47.68492],[13.73428,47.67952],[13.73344,47.67689],[13.73123,47.67466],[13.72797,47.67312],[13.72186,47.67245],[13.71579,47.66888],[13.71119,47.6655],[13.70554,47.66318],[13.70725,47.65785],[13.70671,47.65408],[13.7048,47.64878],[13.70465,47.64504],[13.70028,47.63718],[13.6939,47.63192],[13.69453,47.62684],[13.69261,47.62154],[13.69658,47.6086],[13.6984,47.605],[13.69876,47.59879],[13.69747,47.59619],[13.69408,47.59213],[13.69311,47.5879],[13.69456,47.58253],[13.69393,47.57907],[13.69974,47.58059],[13.70601,47.58013],[13.70948,47.57849],[13.71211,47.57539],[13.72088,47.57673],[13.72949,47.577],[13.7335,47.57607],[13.73666,47.57416],[13.74135,47.56777],[13.74729,47.56097],[13.75436,47.55361],[13.75501,47.54951],[13.75351,47.54693],[13.75068,47.54493],[13.74631,47.54345],[13.746,47.54079],[13.75087,47.52632],[13.75227,47.52454]]]}},{"type":"Feature","properties":{"level":"subregion","subregionId":"niederoesterreich","nameJa":"ニーダーエスターライヒ"},"geometry":{"type":"Polygon","coordinates":[[[14.97009,48.24058],[14.9701,48.23605],[14.96619,48.23256],[14.96215,48.23064],[14.95846,48.22697],[14.95503,48.22535],[14.95094,48.22473],[14.94679,48.2252],[14.94324,48.22669],[14.9404,48.22891],[14.93618,48.23086],[14.93258,48.2314],[14.92106,48.23188],[14.91428,48.23246],[14.90665,48.231],[14.90084,48.23059],[14.89787,48.22976],[14.89116,48.23014],[14.88567,48.23251],[14.88051,48.23188],[14.87447,48.22993],[14.87054,48.22794],[14.86521,48.22691],[14.85913,48.22651],[14.85689,48.22554],[14.85535,48.22316],[14.85563,48.21797],[14.85654,48.21335],[14.85347,48.20771],[14.84906,48.204],[14.84544,48.19715],[14.84314,48.19476],[14.83297,48.18961],[14.82651,48.18892],[14.81985,48.18959],[14.80687,48.18686],[14.79252,48.18257],[14.78617,48.18175],[14.77889,48.18137],[14.77178,48.17954],[14.75029,48.17465],[14.74327,48.17404],[14.73674,48.17422],[14.73314,48.17516],[14.72585,48.17818],[14.72263,48.17879],[14.71546,48.17877],[14.71154,48.17582],[14.70567,48.16903],[14.70629,48.16568],[14.70391,48.16159],[14.69587,48.15717],[14.69007,48.15632],[14.68164,48.1584],[14.67644,48.16066],[14.66014,48.16919],[14.65881,48.17125],[14.64514,48.17426],[14.64227,48.1757],[14.63574,48.1803],[14.62982,48.18589],[14.62555,48.18887],[14.61576,48.19306],[14.61138,48.19569],[14.60658,48.20048],[14.60063,48.20571],[14.59028,48.21951],[14.58487,48.22283],[14.5783,48.2253],[14.56643,48.22869],[14.55908,48.23048],[14.55189,48.23313],[14.5353,48.2369],[14.52915,48.23746],[14.52078,48.23728],[14.50863,48.23054],[14.49986,48.22782],[14.49317,48.22481],[14.49006,48.22224],[14.48599,48.21392],[14.48574,48.21173],[14.48369,48.20735],[14.48072,48.1981],[14.48067,48.1955],[14.48281,48.19036],[14.48236,48.18751],[14.48035,48.18476],[14.47991,48.18201],[14.48226,48.17845],[14.4825,48.17573],[14.48071,48.16996],[14.4771,48.16264],[14.47223,48.15753],[14.46832,48.15142],[14.46748,48.14841],[14.46916,48.14653],[14.47415,48.14357],[14.47719,48.14021],[14.47795,48.13733],[14.47753,48.13424],[14.47524,48.13137],[14.46983,48.12673],[14.46925,48.12398],[14.47077,48.12118],[14.48389,48.11827],[14.48797,48.11514],[14.48881,48.11103],[14.48737,48.10841],[14.48455,48.10636],[14.47776,48.10408],[14.47083,48.1008],[14.46417,48.09616],[14.45804,48.08918],[14.4588,48.08542],[14.4582,48.08281],[14.45551,48.07995],[14.45511,48.07696],[14.45744,48.07181],[14.45551,48.06755],[14.4515,48.06479],[14.45659,48.06184],[14.45897,48.05786],[14.4589,48.05126],[14.45691,48.04657],[14.45715,48.04144],[14.46317,48.03868],[14.46602,48.03673],[14.46783,48.03401],[14.47351,48.03008],[14.47842,48.02137],[14.48309,48.01751],[14.48519,48.01367],[14.49004,48.00978],[14.49377,48.00419],[14.49397,47.99797],[14.50404,47.99307],[14.51032,47.99262],[14.51487,47.99175],[14.52475,47.99072],[14.52939,47.98898],[14.53294,47.98839],[14.54047,47.98483],[14.54675,47.98262],[14.55512,47.98073],[14.56113,47.9763],[14.56765,47.97499],[14.57173,47.97352],[14.57607,47.97028],[14.58297,47.96878],[14.58604,47.96704],[14.5926,47.96005],[14.6011,47.95519],[14.60355,47.95255],[14.60828,47.94978],[14.61236,47.94889],[14.62134,47.94601],[14.6247,47.94355],[14.62883,47.94252],[14.63346,47.94233],[14.64256,47.9429],[14.64845,47.94207],[14.65304,47.94071],[14.66374,47.93894],[14.66989,47.93543],[14.68391,47.9299],[14.69942,47.92621],[14.70632,47.92638],[14.70978,47.92946],[14.71346,47.93118],[14.71909,47.93192],[14.72313,47.93136],[14.72656,47.92981],[14.72887,47.92751],[14.7302,47.92336],[14.7415,47.91763],[14.74528,47.9144],[14.74785,47.90994],[14.75502,47.90558],[14.75958,47.89885],[14.76005,47.89515],[14.76631,47.89039],[14.77037,47.88608],[14.77116,47.88315],[14.76897,47.87899],[14.76404,47.87392],[14.75931,47.87079],[14.75655,47.8675],[14.75086,47.86548],[14.73765,47.86385],[14.72922,47.86024],[14.72422,47.85935],[14.7195,47.85504],[14.71168,47.85131],[14.71081,47.8484],[14.71367,47.84537],[14.71816,47.84422],[14.72239,47.84113],[14.72343,47.83839],[14.72272,47.83296],[14.72088,47.83026],[14.71474,47.8264],[14.71063,47.82287],[14.70994,47.82056],[14.71237,47.81453],[14.7137,47.81333],[14.72666,47.80576],[14.72858,47.80319],[14.72886,47.80032],[14.72616,47.79645],[14.71416,47.79039],[14.71338,47.78802],[14.71864,47.7809],[14.72077,47.77398],[14.72456,47.76771],[14.73515,47.7593],[14.73859,47.75749],[14.74129,47.75386],[14.74065,47.74982],[14.73745,47.74569],[14.73908,47.74149],[14.74184,47.73932],[14.74579,47.73754],[14.7608,47.7334],[14.76452,47.73055],[14.7673,47.72656],[14.77513,47.72778],[14.7823,47.73131],[14.79062,47.73454],[14.7979,47.73594],[14.80354,47.73779],[14.80871,47.73792],[14.81246,47.73915],[14.81627,47.74151],[14.82198,47.74269],[14.82593,47.74221],[14.82934,47.74078],[14.83737,47.73436],[14.84001,47.73398],[14.85399,47.73957],[14.85822,47.73998],[14.86235,47.73924],[14.86572,47.73746],[14.87033,47.73364],[14.87563,47.72442],[14.87668,47.7203],[14.87666,47.71592],[14.87918,47.71463],[14.90372,47.71089],[14.91167,47.70909],[14.91485,47.70722],[14.91963,47.70954],[14.92711,47.71021],[14.92863,47.71089],[14.93129,47.71587],[14.93392,47.71819],[14.9419,47.7232],[14.94404,47.72586],[14.95254,47.73286],[14.95944,47.73584],[14.96672,47.7371],[14.96979,47.73973],[14.97548,47.74151],[14.98342,47.7406],[14.99094,47.7406],[14.99732,47.74145],[15.00412,47.74375],[15.01493,47.74532],[15.02926,47.75111],[15.0359,47.75135],[15.03988,47.74998],[15.05414,47.74212],[15.05641,47.74008],[15.06368,47.74062],[15.06605,47.74025],[15.07394,47.7418],[15.08122,47.74185],[15.08793,47.74085],[15.0979,47.74304],[15.10717,47.7437],[15.12133,47.74574],[15.12853,47.74632],[15.13215,47.74783],[15.13323,47.75332],[15.13723,47.75624],[15.14093,47.75718],[15.14978,47.75721],[15.1568,47.75815],[15.16313,47.75681],[15.16868,47.75438],[15.17234,47.75446],[15.17897,47.75566],[15.19131,47.7555],[15.20048,47.75388],[15.20504,47.75838],[15.20911,47.76112],[15.20994,47.76352],[15.20882,47.76647],[15.20905,47.76902],[15.20552,47.77318],[15.2068,47.78177],[15.20827,47.7862],[15.21022,47.78854],[15.21803,47.7941],[15.22316,47.79613],[15.2334,47.79802],[15.23747,47.79775],[15.24379,47.79631],[15.2526,47.79244],[15.25754,47.79158],[15.26474,47.79313],[15.26919,47.79297],[15.27686,47.79111],[15.28212,47.79082],[15.28628,47.78975],[15.28842,47.79009],[15.29066,47.79224],[15.29237,47.79726],[15.29491,47.79941],[15.29299,47.80636],[15.29491,47.8114],[15.29765,47.81352],[15.30142,47.81779],[15.30938,47.82045],[15.31484,47.82158],[15.32234,47.82033],[15.32618,47.82152],[15.33267,47.82609],[15.33683,47.82712],[15.34287,47.82662],[15.34644,47.82548],[15.35472,47.8249],[15.36075,47.823],[15.37274,47.8238],[15.3801,47.82173],[15.38989,47.81498],[15.39203,47.81145],[15.39707,47.8114],[15.40075,47.81024],[15.40352,47.80824],[15.40498,47.80569],[15.40498,47.80271],[15.40341,47.79925],[15.40595,47.7967],[15.41036,47.7864],[15.41199,47.78512],[15.42407,47.785],[15.42746,47.78687],[15.43365,47.78779],[15.43774,47.78698],[15.44104,47.78516],[15.44406,47.78159],[15.44644,47.77611],[15.44931,47.77214],[15.45721,47.77071],[15.46069,47.769],[15.47187,47.77057],[15.48556,47.77006],[15.49126,47.76906],[15.49615,47.76902],[15.50767,47.76688],[15.51351,47.76381],[15.51607,47.75977],[15.51455,47.75528],[15.50914,47.75225],[15.5107,47.74949],[15.51439,47.74615],[15.52215,47.74621],[15.53003,47.74535],[15.53819,47.74699],[15.54735,47.74821],[15.55374,47.74712],[15.55567,47.74608],[15.56309,47.74553],[15.56566,47.74737],[15.56948,47.74861],[15.57335,47.74894],[15.58614,47.74807],[15.59468,47.74936],[15.60104,47.75078],[15.60742,47.75006],[15.61793,47.74277],[15.62006,47.73786],[15.62456,47.73231],[15.62796,47.72963],[15.63127,47.72373],[15.63381,47.72112],[15.63611,47.71548],[15.6476,47.71747],[15.65184,47.71707],[15.65728,47.71448],[15.65951,47.71271],[15.67071,47.70874],[15.67332,47.70635],[15.67501,47.70105],[15.67983,47.69972],[15.6866,47.70302],[15.69111,47.70456],[15.69393,47.70857],[15.69804,47.71136],[15.70539,47.71242],[15.71111,47.71149],[15.71583,47.70858],[15.71721,47.70583],[15.71556,47.6999],[15.71617,47.69535],[15.71902,47.69223],[15.721,47.68776],[15.72029,47.68245],[15.72382,47.67324],[15.72852,47.66232],[15.72862,47.65587],[15.72602,47.65164],[15.72639,47.64653],[15.73583,47.64486],[15.73954,47.64339],[15.74225,47.64115],[15.74344,47.63836],[15.74292,47.63549],[15.74131,47.63334],[15.74489,47.63149],[15.74764,47.63139],[15.76031,47.63386],[15.7645,47.63529],[15.77133,47.63922],[15.77692,47.64024],[15.78249,47.63911],[15.7878,47.63942],[15.79332,47.63804],[15.79707,47.63619],[15.80642,47.6352],[15.81864,47.63698],[15.82489,47.63572],[15.82792,47.63358],[15.83472,47.6221],[15.84145,47.61797],[15.85095,47.61817],[15.85492,47.6172],[15.85803,47.61527],[15.85978,47.61267],[15.85991,47.60982],[15.85572,47.60274],[15.85275,47.59977],[15.84934,47.5978],[15.84931,47.59247],[15.84634,47.58724],[15.84591,47.58458],[15.84693,47.58113],[15.84678,47.57649],[15.8479,47.57238],[15.84763,47.56943],[15.84916,47.56739],[15.85319,47.56678],[15.85769,47.56723],[15.86509,47.56664],[15.86742,47.57076],[15.87048,47.57263],[15.87437,47.57356],[15.87849,47.57342],[15.88816,47.57163],[15.90269,47.56414],[15.90482,47.5615],[15.90518,47.5585],[15.90344,47.54956],[15.90443,47.54335],[15.90622,47.54063],[15.91145,47.53588],[15.9126,47.53302],[15.91523,47.53086],[15.92215,47.5308],[15.93816,47.52725],[15.94113,47.52588],[15.94974,47.5207],[15.95585,47.51828],[15.96098,47.51818],[15.97147,47.52062],[15.97813,47.52007],[15.98142,47.51857],[15.98561,47.51772],[15.99049,47.51776],[15.99827,47.51608],[16.00206,47.51581],[16.01084,47.5176],[16.01664,47.51707],[16.02112,47.51575],[16.02463,47.51394],[16.03215,47.50708],[16.03367,47.50518],[16.03775,47.50336],[16.03994,47.50098],[16.04142,47.49579],[16.04355,47.49274],[16.04982,47.48908],[16.05309,47.4852],[16.05856,47.48399],[16.06328,47.48454],[16.06448,47.48552],[16.06329,47.48921],[16.06497,47.49565],[16.06739,47.4981],[16.07319,47.50006],[16.07961,47.49936],[16.08144,47.50459],[16.08418,47.50685],[16.09196,47.50968],[16.09517,47.51247],[16.09863,47.51392],[16.10264,47.51438],[16.1084,47.51311],[16.11125,47.51113],[16.11481,47.50727],[16.11589,47.5043],[16.11322,47.49662],[16.11456,47.49445],[16.11473,47.49136],[16.11942,47.48443],[16.1195,47.4789],[16.1164,47.474],[16.12023,47.47252],[16.1258,47.46852],[16.12912,47.46733],[16.13212,47.46512],[16.13353,47.46227],[16.13282,47.45865],[16.13274,47.45202],[16.13635,47.44946],[16.13848,47.44679],[16.13913,47.44307],[16.14285,47.44047],[16.14825,47.43529],[16.1522,47.43321],[16.16208,47.42531],[16.16674,47.42446],[16.17109,47.42139],[16.17767,47.423],[16.18513,47.42272],[16.19213,47.42173],[16.19778,47.42214],[16.2058,47.42397],[16.2125,47.42461],[16.22229,47.4268],[16.23064,47.43185],[16.2412,47.43709],[16.24376,47.4407],[16.24692,47.4423],[16.25197,47.44657],[16.25481,47.44972],[16.25798,47.45117],[16.26479,47.45238],[16.26761,47.45399],[16.2717,47.45493],[16.27974,47.45489],[16.28468,47.45962],[16.28973,47.46346],[16.29951,47.4672],[16.30384,47.47272],[16.30478,47.47651],[16.30725,47.47895],[16.31133,47.48084],[16.31469,47.48458],[16.31445,47.48931],[16.31644,47.49176],[16.32318,47.49543],[16.32608,47.49614],[16.32763,47.50145],[16.33195,47.50593],[16.33649,47.51249],[16.33982,47.51621],[16.33939,47.51956],[16.33749,47.52573],[16.3337,47.52729],[16.32918,47.53022],[16.32545,47.53579],[16.31514,47.54165],[16.31172,47.54531],[16.31199,47.55193],[16.31609,47.55996],[16.31555,47.56358],[16.31686,47.56651],[16.32018,47.56931],[16.32278,47.57408],[16.32621,47.57695],[16.33007,47.58276],[16.33114,47.58923],[16.33027,47.59473],[16.33182,47.59891],[16.33474,47.60103],[16.33963,47.60247],[16.34568,47.60312],[16.35022,47.60814],[16.35419,47.61038],[16.35354,47.61489],[16.35438,47.61761],[16.35669,47.61992],[16.36211,47.62186],[16.3694,47.62234],[16.37115,47.62397],[16.37099,47.62861],[16.36864,47.63328],[16.3692,47.63709],[16.37173,47.6401],[16.37266,47.64392],[16.37144,47.64652],[16.36155,47.65588],[16.35989,47.65861],[16.35929,47.66435],[16.35439,47.67116],[16.35404,47.67387],[16.35624,47.6799],[16.35121,47.68121],[16.34795,47.68134],[16.34322,47.68036],[16.33724,47.67988],[16.33116,47.68046],[16.31673,47.68657],[16.31072,47.68936],[16.30902,47.69186],[16.30856,47.69518],[16.30454,47.69912],[16.3029,47.70654],[16.30128,47.70952],[16.29533,47.71581],[16.2941,47.72267],[16.29177,47.72703],[16.29164,47.73084],[16.29275,47.73558],[16.29555,47.73873],[16.2965,47.74134],[16.29673,47.74562],[16.29947,47.74903],[16.29866,47.75693],[16.29897,47.76086],[16.29724,47.7634],[16.29571,47.7679],[16.29561,47.77061],[16.29805,47.77543],[16.3035,47.7837],[16.30817,47.78628],[16.31215,47.78685],[16.3163,47.78633],[16.32391,47.78886],[16.3264,47.79425],[16.33208,47.80082],[16.3352,47.80232],[16.34453,47.80375],[16.348,47.80562],[16.34996,47.80826],[16.3491,47.81525],[16.3504,47.81795],[16.35746,47.82234],[16.3754,47.82709],[16.3752,47.83274],[16.37793,47.83654],[16.3863,47.84125],[16.38779,47.8434],[16.38625,47.84622],[16.3837,47.84817],[16.37526,47.85269],[16.36673,47.85632],[16.36217,47.85927],[16.36036,47.86187],[16.36075,47.86612],[16.36464,47.86947],[16.37405,47.87213],[16.38481,47.8776],[16.38898,47.87907],[16.39339,47.87942],[16.39763,47.87852],[16.40138,47.87655],[16.40456,47.87748],[16.40845,47.88017],[16.41174,47.88121],[16.41239,47.88558],[16.41443,47.88826],[16.41747,47.89011],[16.41794,47.89279],[16.42247,47.90134],[16.42347,47.90527],[16.42286,47.90997],[16.42449,47.91402],[16.42788,47.919],[16.43149,47.9216],[16.43561,47.92578],[16.43821,47.92744],[16.44506,47.92945],[16.44967,47.93331],[16.45507,47.9345],[16.46229,47.93759],[16.46682,47.93807],[16.47219,47.93724],[16.4799,47.93825],[16.48652,47.94103],[16.49088,47.9418],[16.49478,47.94152],[16.50066,47.94009],[16.50448,47.93981],[16.50785,47.94071],[16.51391,47.94083],[16.51764,47.93992],[16.52063,47.93817],[16.52343,47.93488],[16.52919,47.92983],[16.53974,47.92151],[16.54354,47.91713],[16.55203,47.91014],[16.55628,47.90299],[16.56086,47.90047],[16.56626,47.89875],[16.57149,47.8952],[16.57377,47.8927],[16.57468,47.88848],[16.57779,47.88696],[16.58238,47.89062],[16.58813,47.90054],[16.59225,47.9033],[16.59642,47.90437],[16.60024,47.90619],[16.60447,47.90959],[16.60728,47.91336],[16.62044,47.92368],[16.62514,47.9268],[16.63078,47.92902],[16.63125,47.93076],[16.62961,47.93544],[16.63026,47.94168],[16.63372,47.94538],[16.64469,47.94938],[16.65185,47.95048],[16.65353,47.95365],[16.65614,47.95594],[16.66302,47.95773],[16.66821,47.96036],[16.67276,47.96078],[16.67951,47.96059],[16.68586,47.9625],[16.69448,47.96408],[16.69851,47.96561],[16.69993,47.96735],[16.70035,47.97396],[16.69968,47.97586],[16.69554,47.98076],[16.69485,47.98479],[16.69629,47.98733],[16.6996,47.9902],[16.69984,48.00187],[16.70033,48.00568],[16.70192,48.00807],[16.70878,48.01143],[16.7127,48.01203],[16.71898,48.0116],[16.72489,48.00981],[16.72946,48.00977],[16.73463,48.01108],[16.7389,48.01103],[16.7427,48.01262],[16.74666,48.01301],[16.75337,48.0127],[16.75859,48.01347],[16.76398,48.01497],[16.76851,48.01735],[16.77704,48.02033],[16.79027,48.02227],[16.79646,48.02455],[16.80188,48.02718],[16.80922,48.02769],[16.81664,48.02908],[16.82125,48.02912],[16.82825,48.02794],[16.83669,48.03195],[16.83658,48.03665],[16.83558,48.04078],[16.837,48.04358],[16.8416,48.04656],[16.8444,48.0518],[16.84843,48.05471],[16.8547,48.05572],[16.85833,48.059],[16.86169,48.0608],[16.86337,48.06356],[16.86936,48.06784],[16.87287,48.06899],[16.87676,48.06923],[16.88189,48.06841],[16.89113,48.07181],[16.89532,48.07205],[16.90555,48.07018],[16.91329,48.06774],[16.91712,48.06454],[16.91771,48.06045],[16.91604,48.05734],[16.91608,48.05492],[16.91823,48.05212],[16.92117,48.05037],[16.92571,48.05017],[16.93039,48.04858],[16.94345,48.04633],[16.95094,48.04627],[16.95516,48.04528],[16.96053,48.04308],[16.96364,48.04076],[16.96892,48.03808],[16.97075,48.03385],[16.96878,48.02963],[16.96971,48.02581],[16.97875,48.02352],[16.98126,48.02546],[16.98471,48.02948],[16.9871,48.03405],[16.99451,48.05172],[16.99743,48.05639],[17.00578,48.06332],[17.01253,48.07248],[17.01322,48.07487],[17.00799,48.08025],[17.00824,48.08451],[17.01045,48.08697],[17.01596,48.08911],[17.02024,48.08917],[17.03466,48.08578],[17.03777,48.09241],[17.04187,48.0953],[17.04311,48.09978],[17.04691,48.1031],[17.05515,48.10705],[17.06226,48.10913],[17.06282,48.11303],[17.06669,48.11869],[17.06693,48.12161],[17.06877,48.12412],[17.06782,48.12702],[17.06276,48.13189],[17.06118,48.13835],[17.05721,48.1436],[17.04495,48.14084],[17.03904,48.13986],[17.0338,48.1398],[17.02729,48.14092],[17.02366,48.14271],[17.0185,48.14852],[17.01325,48.1529],[17.00949,48.15489],[16.99967,48.15871],[16.9938,48.16164],[16.9839,48.16822],[16.9782,48.17135],[16.97566,48.17489],[16.97608,48.17874],[16.97744,48.18213],[16.97631,48.18949],[16.97197,48.19553],[16.9699,48.20148],[16.96712,48.20513],[16.96518,48.21033],[16.96255,48.21366],[16.96183,48.22069],[16.95939,48.22457],[16.95576,48.22795],[16.94839,48.23258],[16.94625,48.23619],[16.9468,48.24142],[16.94966,48.24854],[16.94982,48.25231],[16.95181,48.2572],[16.95629,48.26154],[16.95712,48.26342],[16.95212,48.26615],[16.9479,48.26955],[16.94402,48.27072],[16.93245,48.27093],[16.92556,48.27178],[16.92205,48.27368],[16.91943,48.27778],[16.9143,48.28139],[16.90884,48.28697],[16.90683,48.28976],[16.90623,48.29307],[16.90005,48.29949],[16.89876,48.30452],[16.89616,48.30825],[16.89548,48.3111],[16.89653,48.31389],[16.89914,48.31618],[16.90495,48.319],[16.90874,48.32305],[16.90777,48.32652],[16.90095,48.32802],[16.89449,48.33136],[16.88905,48.3323],[16.88262,48.33557],[16.87747,48.33748],[16.87441,48.3412],[16.87499,48.34705],[16.87326,48.34869],[16.86508,48.3484],[16.8596,48.34926],[16.85564,48.34831],[16.85151,48.34834],[16.84608,48.35027],[16.8431,48.35385],[16.84292,48.35901],[16.84058,48.36185],[16.83958,48.36606],[16.8411,48.36957],[16.83964,48.37489],[16.84031,48.37779],[16.84266,48.38027],[16.84914,48.38243],[16.85087,48.38435],[16.85042,48.38881],[16.85187,48.39167],[16.85553,48.39495],[16.85531,48.39886],[16.85212,48.40328],[16.85039,48.40848],[16.85143,48.41132],[16.85588,48.41469],[16.86218,48.41764],[16.86301,48.42092],[16.85932,48.42347],[16.85699,48.42622],[16.85164,48.43509],[16.85104,48.44542],[16.85355,48.44898],[16.85665,48.45062],[16.86252,48.45255],[16.86415,48.45468],[16.8626,48.45783],[16.86317,48.46206],[16.86555,48.46444],[16.87358,48.46734],[16.87764,48.47316],[16.881,48.47507],[16.88523,48.47591],[16.88888,48.47578],[16.89022,48.47699],[16.89151,48.48109],[16.89568,48.4845],[16.896,48.49035],[16.89784,48.49277],[16.90089,48.49456],[16.90473,48.49548],[16.90881,48.49538],[16.91264,48.49442],[16.91561,48.49476],[16.91738,48.49632],[16.91438,48.50148],[16.91359,48.50587],[16.91497,48.50966],[16.9175,48.51167],[16.92217,48.51357],[16.92344,48.51683],[16.9261,48.51897],[16.92978,48.52028],[16.93528,48.5212],[16.94059,48.52079],[16.94382,48.52289],[16.94228,48.52755],[16.94496,48.53143],[16.94941,48.53456],[16.95058,48.53811],[16.95359,48.54254],[16.95376,48.54457],[16.95181,48.54641],[16.9462,48.54933],[16.94427,48.55166],[16.94367,48.55477],[16.94463,48.55992],[16.93851,48.56538],[16.93592,48.5704],[16.93602,48.57564],[16.9388,48.58066],[16.93893,48.58456],[16.93722,48.58886],[16.93513,48.59707],[16.93662,48.60154],[16.94183,48.60597],[16.94195,48.61026],[16.94005,48.61324],[16.94016,48.6172],[16.93475,48.6192],[16.92908,48.61995],[16.92565,48.62172],[16.92309,48.62565],[16.92599,48.63468],[16.9282,48.63933],[16.92404,48.64318],[16.92123,48.64683],[16.92031,48.65109],[16.9208,48.6538],[16.92315,48.65799],[16.92215,48.66223],[16.92306,48.67001],[16.91548,48.67468],[16.91321,48.67717],[16.91262,48.68005],[16.91325,48.68387],[16.91639,48.6883],[16.91845,48.69313],[16.91658,48.69706],[16.91675,48.69992],[16.91251,48.70551],[16.90838,48.70839],[16.90613,48.71083],[16.90554,48.71537],[16.90201,48.71792],[16.89401,48.71615],[16.88979,48.71619],[16.88592,48.71728],[16.88295,48.71926],[16.87924,48.72291],[16.87667,48.72166],[16.87514,48.71894],[16.8684,48.7136],[16.86263,48.71223],[16.85272,48.71186],[16.84496,48.71193],[16.841,48.71259],[16.83431,48.71647],[16.82785,48.71182],[16.82178,48.71038],[16.81642,48.71031],[16.80537,48.71215],[16.80196,48.71106],[16.79588,48.71106],[16.78986,48.71378],[16.78394,48.71309],[16.77815,48.71411],[16.77298,48.71419],[16.76935,48.71535],[16.76412,48.71849],[16.75704,48.71981],[16.75411,48.72159],[16.75021,48.72678],[16.74728,48.73203],[16.74061,48.73144],[16.73498,48.7326],[16.72857,48.73651],[16.72447,48.73798],[16.71628,48.73817],[16.70656,48.73761],[16.70046,48.736],[16.69233,48.73236],[16.688,48.73176],[16.68367,48.73234],[16.68004,48.73402],[16.67615,48.7371],[16.67459,48.73966],[16.67521,48.74374],[16.68027,48.74908],[16.68084,48.75078],[16.67941,48.75996],[16.67761,48.76659],[16.67465,48.77146],[16.66886,48.77366],[16.66656,48.77596],[16.66376,48.78092],[16.65614,48.78316],[16.65148,48.78509],[16.64396,48.78582],[16.63513,48.78577],[16.63115,48.783],[16.6274,48.78141],[16.62273,48.78088],[16.61792,48.7814],[16.60992,48.78056],[16.60048,48.78173],[16.59701,48.78309],[16.59365,48.7867],[16.58272,48.7919],[16.57679,48.79316],[16.56854,48.79368],[16.56499,48.79485],[16.55549,48.80356],[16.54966,48.80672],[16.54082,48.81417],[16.53441,48.81101],[16.53242,48.80799],[16.525,48.80349],[16.5213,48.80249],[16.51633,48.80256],[16.49989,48.80123],[16.48468,48.80161],[16.47976,48.80217],[16.46784,48.80739],[16.46453,48.8098],[16.46056,48.80904],[16.45635,48.80336],[16.44888,48.79945],[16.44707,48.79689],[16.4472,48.79198],[16.44501,48.78821],[16.43991,48.78379],[16.4353,48.77673],[16.43731,48.77467],[16.43831,48.77179],[16.43745,48.76855],[16.43483,48.76574],[16.42853,48.76276],[16.423,48.76209],[16.41368,48.75396],[16.40974,48.74544],[16.40659,48.74312],[16.39616,48.73935],[16.3889,48.73891],[16.38697,48.73594],[16.3808,48.73189],[16.36964,48.72903],[16.36537,48.72911],[16.36147,48.73027],[16.35854,48.73233],[16.35704,48.73498],[16.35718,48.73771],[16.35388,48.74056],[16.34674,48.74301],[16.343,48.74553],[16.34154,48.74537],[16.33797,48.73648],[16.33514,48.73411],[16.33109,48.73272],[16.32566,48.73193],[16.31421,48.73313],[16.3105,48.73434],[16.30527,48.73855],[16.29941,48.73968],[16.29219,48.73916],[16.2779,48.74151],[16.26846,48.74131],[16.26548,48.73929],[16.26188,48.73813],[16.25789,48.73791],[16.24879,48.73955],[16.24037,48.73963],[16.23375,48.74023],[16.2235,48.7401],[16.20441,48.74294],[16.189,48.74326],[16.17766,48.7451],[16.17266,48.74633],[16.16343,48.74706],[16.15481,48.7484],[16.15083,48.7458],[16.14694,48.74468],[16.13924,48.74536],[16.13403,48.74415],[16.13017,48.7444],[16.12092,48.74625],[16.1172,48.74816],[16.11218,48.74735],[16.10645,48.7455],[16.1022,48.74554],[16.09286,48.74686],[16.08034,48.7498],[16.07481,48.75193],[16.06467,48.75485],[16.0531,48.76087],[16.04118,48.76413],[16.02103,48.77206],[16.01213,48.77419],[16.00701,48.77606],[16.00217,48.777],[15.9939,48.77997],[15.98654,48.78603],[15.97137,48.79431],[15.966,48.79805],[15.96127,48.79875],[15.95309,48.80267],[15.95087,48.80494],[15.95006,48.80919],[15.95212,48.81388],[15.95564,48.81752],[15.95978,48.81978],[15.95798,48.82322],[15.95071,48.82476],[15.94629,48.82765],[15.9367,48.82839],[15.9334,48.82992],[15.93042,48.83388],[15.92243,48.83643],[15.91988,48.83869],[15.9103,48.83847],[15.9065,48.83972],[15.9037,48.84183],[15.89796,48.84805],[15.89548,48.84907],[15.89058,48.84886],[15.88489,48.85034],[15.88217,48.85238],[15.88067,48.85546],[15.87786,48.85887],[15.87414,48.86046],[15.87188,48.86042],[15.86595,48.85734],[15.86166,48.85693],[15.85562,48.85843],[15.85278,48.86059],[15.85144,48.86331],[15.85197,48.86808],[15.84644,48.87218],[15.84492,48.87562],[15.83883,48.87747],[15.83208,48.87297],[15.82594,48.87205],[15.81625,48.87316],[15.80613,48.87235],[15.79257,48.8739],[15.77968,48.87483],[15.77501,48.87003],[15.77219,48.86543],[15.76001,48.85573],[15.75581,48.85353],[15.75162,48.85266],[15.74539,48.85333],[15.7381,48.85515],[15.72497,48.85633],[15.71914,48.85732],[15.71482,48.85952],[15.70831,48.86066],[15.69505,48.85777],[15.68906,48.85812],[15.68562,48.85953],[15.67809,48.86513],[15.67226,48.86743],[15.66405,48.87519],[15.66072,48.877],[15.65673,48.88067],[15.65281,48.88275],[15.64482,48.8851],[15.64238,48.88659],[15.63886,48.88726],[15.63387,48.887],[15.63001,48.88788],[15.62691,48.88963],[15.61968,48.8954],[15.61275,48.89812],[15.60587,48.89679],[15.60166,48.89718],[15.58087,48.89584],[15.57704,48.89627],[15.55979,48.90419],[15.54099,48.90803],[15.52823,48.91165],[15.5212,48.91255],[15.5148,48.914],[15.5114,48.91592],[15.50708,48.9194],[15.50551,48.9221],[15.50542,48.92573],[15.50429,48.92699],[15.50239,48.93288],[15.50218,48.93555],[15.49911,48.93801],[15.49599,48.93934],[15.48975,48.94073],[15.4863,48.94259],[15.48119,48.94394],[15.47441,48.94677],[15.46847,48.95173],[15.46337,48.94949],[15.45887,48.94832],[15.45442,48.94848],[15.45068,48.94968],[15.44389,48.95094],[15.43491,48.9501],[15.42573,48.95162],[15.41274,48.95643],[15.40368,48.96325],[15.39727,48.9646],[15.39338,48.96609],[15.39074,48.96848],[15.38898,48.97245],[15.3839,48.97392],[15.38001,48.97595],[15.37609,48.97699],[15.37178,48.97974],[15.36691,48.98184],[15.35691,48.98273],[15.348,48.98474],[15.33839,48.98354],[15.33226,48.98477],[15.32761,48.98071],[15.3221,48.97881],[15.31792,48.9788],[15.31207,48.98067],[15.30913,48.97956],[15.30448,48.97914],[15.29882,48.98023],[15.29558,48.98195],[15.29309,48.98567],[15.29359,48.98904],[15.28942,48.99266],[15.27794,48.99457],[15.27565,48.98769],[15.2759,48.98574],[15.27939,48.98123],[15.27968,48.97672],[15.27629,48.97185],[15.27236,48.96872],[15.26733,48.96718],[15.2632,48.95992],[15.25998,48.95805],[15.25592,48.95715],[15.24963,48.95785],[15.24651,48.95941],[15.2377,48.95874],[15.22863,48.95914],[15.22437,48.96008],[15.2207,48.95891],[15.2096,48.95748],[15.20629,48.9544],[15.20001,48.95212],[15.19805,48.94918],[15.19546,48.94731],[15.18965,48.94511],[15.18527,48.94497],[15.17732,48.94756],[15.17037,48.94878],[15.16737,48.95064],[15.16532,48.95445],[15.16587,48.95714],[15.16971,48.96217],[15.16842,48.96681],[15.16329,48.97291],[15.16186,48.9778],[15.15759,48.98186],[15.15739,48.98479],[15.15858,48.98975],[15.15634,48.99317],[15.14854,48.9957],[15.13828,48.99785],[15.13422,48.99982],[15.12974,48.99892],[15.11828,48.9985],[15.11074,48.99946],[15.10763,48.99885],[15.10315,48.9965],[15.09882,48.99581],[15.08541,48.99793],[15.07506,48.99828],[15.06946,49.00079],[15.06748,49.00348],[15.06697,49.00863],[15.06519,49.01192],[15.06537,49.01416],[15.05869,49.01539],[15.05444,49.01556],[15.04499,49.01274],[15.03888,49.0125],[15.03424,49.01379],[15.02906,49.01611],[15.02581,49.01855],[15.02072,49.02049],[15.01571,49.01849],[15.01107,49.01499],[15.00726,49.01345],[15.00283,49.01304],[14.99507,49.01455],[14.99314,49.01158],[14.99059,49.00966],[14.99654,49.00392],[14.99776,49.00122],[14.99647,48.99561],[14.99499,48.99209],[14.99253,48.98984],[14.9846,48.98656],[14.98074,48.98185],[14.97859,48.98048],[14.97797,48.97402],[14.97634,48.97105],[14.97782,48.9605],[14.97664,48.95588],[14.98049,48.94431],[14.98252,48.94219],[14.98441,48.93775],[14.98385,48.93502],[14.97957,48.93133],[14.97908,48.92811],[14.98286,48.92496],[14.98593,48.91955],[14.98903,48.91673],[14.99012,48.9138],[14.99031,48.90992],[14.99265,48.90525],[14.99187,48.89934],[14.9873,48.89564],[14.98637,48.89344],[14.98364,48.89102],[14.98353,48.88038],[14.9802,48.87652],[14.97313,48.87463],[14.9733,48.864],[14.97227,48.86056],[14.97357,48.85587],[14.97352,48.85295],[14.97647,48.84865],[14.97601,48.84587],[14.97205,48.84212],[14.97071,48.83882],[14.96839,48.83679],[14.96755,48.83126],[14.96854,48.82814],[14.96831,48.82382],[14.96519,48.82009],[14.9611,48.81749],[14.95836,48.81411],[14.95747,48.81084],[14.95855,48.80644],[14.95784,48.80389],[14.95533,48.80116],[14.95507,48.7984],[14.95346,48.79586],[14.95339,48.78983],[14.95634,48.78815],[14.96844,48.78498],[14.9741,48.78278],[14.97747,48.77965],[14.97855,48.77445],[14.97788,48.77184],[14.97435,48.76865],[14.97018,48.7671],[14.96522,48.76354],[14.95909,48.76178],[14.95522,48.76141],[14.94812,48.76284],[14.94255,48.76174],[14.93825,48.76232],[14.93465,48.76396],[14.93192,48.76649],[14.92219,48.76802],[14.91708,48.76956],[14.91141,48.76759],[14.90697,48.76766],[14.90294,48.7689],[14.89948,48.77123],[14.8906,48.77311],[14.88722,48.77496],[14.88468,48.77787],[14.88136,48.77999],[14.86948,48.78097],[14.86451,48.77833],[14.86058,48.7773],[14.85587,48.77732],[14.85075,48.77899],[14.84254,48.78393],[14.83607,48.78205],[14.8318,48.78195],[14.82507,48.78378],[14.81883,48.78129],[14.81319,48.78034],[14.80878,48.77875],[14.80795,48.77377],[14.80643,48.77173],[14.81037,48.7675],[14.81167,48.76385],[14.81112,48.76119],[14.80753,48.75782],[14.80195,48.7509],[14.80058,48.74746],[14.80412,48.74028],[14.8044,48.73731],[14.80284,48.73452],[14.79807,48.7311],[14.79454,48.72982],[14.79232,48.72592],[14.78777,48.72224],[14.78482,48.71779],[14.78005,48.71488],[14.77369,48.71197],[14.76925,48.71074],[14.75709,48.7093],[14.7547,48.70566],[14.75126,48.7038],[14.74088,48.70132],[14.73586,48.69837],[14.73354,48.69567],[14.73096,48.69095],[14.72801,48.68841],[14.72617,48.68541],[14.7264,48.6808],[14.72573,48.67807],[14.71825,48.66609],[14.71241,48.65012],[14.71578,48.64818],[14.71778,48.64577],[14.71925,48.64025],[14.72077,48.63715],[14.72056,48.63431],[14.71418,48.61761],[14.71969,48.605],[14.71802,48.60057],[14.71139,48.59655],[14.70623,48.59125],[14.70469,48.58868],[14.70197,48.5867],[14.69834,48.58552],[14.69288,48.58516],[14.69093,48.58391],[14.69086,48.58088],[14.694,48.58024],[14.70968,48.57906],[14.71294,48.57765],[14.71555,48.57533],[14.71737,48.5721],[14.71958,48.57037],[14.72233,48.56555],[14.72531,48.56259],[14.72998,48.56152],[14.73585,48.55739],[14.737,48.55273],[14.74023,48.55193],[14.74411,48.55319],[14.74465,48.55712],[14.74692,48.55954],[14.75081,48.56205],[14.75698,48.56335],[14.76125,48.56278],[14.76484,48.56114],[14.76956,48.55668],[14.77346,48.5557],[14.78068,48.55892],[14.78498,48.55927],[14.79153,48.5586],[14.79862,48.55607],[14.80576,48.55548],[14.80945,48.55418],[14.81325,48.55016],[14.81543,48.54895],[14.82218,48.54782],[14.82726,48.54786],[14.83495,48.54562],[14.84188,48.54077],[14.84533,48.53754],[14.84638,48.5346],[14.84544,48.53017],[14.85959,48.52858],[14.86395,48.52758],[14.87555,48.52759],[14.8804,48.52696],[14.888,48.52405],[14.89602,48.52302],[14.90099,48.52117],[14.90882,48.51635],[14.9115,48.51239],[14.91122,48.50749],[14.90952,48.50473],[14.9063,48.50267],[14.89371,48.49978],[14.89089,48.49941],[14.88951,48.49619],[14.88659,48.49231],[14.88712,48.48991],[14.8862,48.48733],[14.88393,48.48515],[14.87884,48.48201],[14.87473,48.48095],[14.8665,48.48001],[14.86863,48.47812],[14.87078,48.47438],[14.87508,48.46979],[14.87628,48.4649],[14.87339,48.45877],[14.87635,48.45524],[14.88346,48.45335],[14.88749,48.45291],[14.89511,48.45019],[14.90327,48.44416],[14.90715,48.43967],[14.9104,48.43468],[14.91069,48.43151],[14.91435,48.42939],[14.92016,48.4281],[14.92656,48.42456],[14.93457,48.42314],[14.93926,48.42033],[14.94152,48.41661],[14.94362,48.41501],[14.94527,48.41086],[14.94308,48.40683],[14.93589,48.40159],[14.93195,48.39963],[14.92557,48.39856],[14.92332,48.39666],[14.91862,48.39459],[14.91507,48.38983],[14.91875,48.38824],[14.92206,48.38881],[14.92636,48.39133],[14.93191,48.39376],[14.93844,48.39442],[14.94583,48.39295],[14.94981,48.3909],[14.95735,48.38996],[14.96196,48.38683],[14.9631,48.38398],[14.96303,48.38078],[14.96168,48.37777],[14.95711,48.37403],[14.95214,48.36237],[14.95227,48.35916],[14.95094,48.35577],[14.95129,48.35363],[14.94972,48.34632],[14.94973,48.34202],[14.94665,48.33632],[14.94565,48.33292],[14.94292,48.32772],[14.94244,48.32387],[14.94927,48.32317],[14.95685,48.32483],[14.96072,48.32481],[14.97025,48.32297],[14.97602,48.32265],[14.98124,48.32062],[14.98344,48.31834],[14.98421,48.31568],[14.98404,48.30974],[14.98545,48.30702],[14.98421,48.30068],[14.98434,48.29809],[14.98608,48.29501],[14.98648,48.28843],[14.98863,48.27998],[14.98804,48.27628],[14.98867,48.268],[14.98794,48.26379],[14.98809,48.25947],[14.98705,48.25693],[14.98471,48.25481],[14.97873,48.25209],[14.97653,48.24963],[14.9727,48.24757],[14.97024,48.24521],[14.97009,48.24058]]]}},{"type":"Feature","properties":{"level":"subregion","subregionId":"burgenland","nameJa":"ブルゲンラント"},"geometry":{"type":"Polygon","coordinates":[[[16.35017,47.81832],[16.34846,47.81638],[16.3498,47.81034],[16.34899,47.80773],[16.34532,47.80463],[16.34172,47.80352],[16.33482,47.80237],[16.3274,47.79862],[16.32316,47.79818],[16.319,47.79891],[16.31437,47.80187],[16.3127,47.80688],[16.30657,47.80808],[16.29121,47.81026],[16.28492,47.81155],[16.27963,47.8113],[16.27625,47.80922],[16.2747,47.8049],[16.2724,47.80095],[16.2697,47.7948],[16.26974,47.79161],[16.27482,47.79085],[16.2823,47.79115],[16.28819,47.78934],[16.29282,47.78923],[16.29671,47.78814],[16.30066,47.78485],[16.30143,47.78206],[16.30054,47.77929],[16.29548,47.77075],[16.29409,47.76913],[16.29617,47.76627],[16.29866,47.76107],[16.29857,47.75755],[16.29941,47.75036],[16.29797,47.74749],[16.29578,47.74568],[16.29568,47.73997],[16.29252,47.73525],[16.29164,47.73084],[16.29177,47.72703],[16.29418,47.72221],[16.29493,47.71623],[16.30139,47.70935],[16.30285,47.70657],[16.30405,47.69939],[16.3074,47.6961],[16.30833,47.6931],[16.30777,47.68853],[16.317,47.68646],[16.32609,47.68277],[16.33129,47.68023],[16.33491,47.67922],[16.33833,47.67994],[16.34256,47.67977],[16.34896,47.678],[16.35176,47.67574],[16.35305,47.67229],[16.35902,47.66458],[16.35994,47.65839],[16.36161,47.65582],[16.37062,47.64767],[16.37253,47.64336],[16.37172,47.64051],[16.36731,47.63621],[16.3699,47.63016],[16.36963,47.62723],[16.36765,47.62462],[16.36226,47.62222],[16.35526,47.62141],[16.35199,47.61868],[16.34872,47.61705],[16.34836,47.61518],[16.34987,47.61245],[16.34882,47.60706],[16.34667,47.60484],[16.34347,47.6033],[16.33409,47.60148],[16.33178,47.60038],[16.32955,47.59631],[16.33103,47.59218],[16.33013,47.58322],[16.32694,47.57778],[16.32283,47.57443],[16.32056,47.56985],[16.31429,47.56529],[16.31566,47.56139],[16.31194,47.55184],[16.31047,47.54404],[16.32432,47.53654],[16.32673,47.53414],[16.32788,47.531],[16.33671,47.52539],[16.33921,47.52008],[16.33819,47.51492],[16.33481,47.5097],[16.32965,47.50331],[16.32603,47.50028],[16.32356,47.49602],[16.31552,47.49138],[16.31212,47.48887],[16.31207,47.48561],[16.31076,47.48289],[16.30618,47.47999],[16.29611,47.47815],[16.29941,47.47326],[16.29916,47.46915],[16.29563,47.46581],[16.28905,47.46314],[16.283,47.45799],[16.27993,47.45639],[16.27622,47.45565],[16.26968,47.45541],[16.26496,47.4527],[16.25589,47.45089],[16.2517,47.44632],[16.24715,47.44267],[16.24319,47.44119],[16.23892,47.4362],[16.23071,47.43192],[16.2226,47.42703],[16.21213,47.42452],[16.2059,47.42401],[16.19778,47.42214],[16.19213,47.42173],[16.18513,47.42272],[16.17693,47.42317],[16.16928,47.42109],[16.15648,47.41949],[16.14944,47.41908],[16.14439,47.41709],[16.1362,47.41527],[16.13253,47.41489],[16.1271,47.41277],[16.12324,47.41271],[16.11569,47.41392],[16.10161,47.41433],[16.10063,47.41184],[16.09817,47.40952],[16.09457,47.40804],[16.0875,47.40759],[16.08387,47.40828],[16.07855,47.40474],[16.07039,47.40222],[16.06626,47.39793],[16.06358,47.39318],[16.06375,47.38969],[16.06244,47.38705],[16.05974,47.38495],[16.0553,47.38329],[16.05094,47.38268],[16.03222,47.38136],[16.02931,47.38052],[16.0303,47.37797],[16.02983,47.37509],[16.02773,47.37257],[16.02434,47.37082],[16.01511,47.3685],[16.01908,47.36422],[16.02567,47.36197],[16.02841,47.36006],[16.03017,47.35689],[16.03391,47.35354],[16.03511,47.35114],[16.03557,47.34607],[16.03742,47.34231],[16.04134,47.34037],[16.04704,47.33411],[16.04865,47.33132],[16.04821,47.32767],[16.05036,47.32202],[16.04986,47.31753],[16.05449,47.31552],[16.05734,47.31346],[16.0588,47.31081],[16.05879,47.30596],[16.06095,47.30231],[16.06103,47.29813],[16.05991,47.29493],[16.06403,47.29134],[16.06508,47.2889],[16.06452,47.28557],[16.06769,47.28396],[16.07482,47.27453],[16.0754,47.27153],[16.07725,47.2699],[16.08013,47.26493],[16.08039,47.2623],[16.07873,47.25913],[16.0813,47.25499],[16.08172,47.25087],[16.08305,47.24806],[16.08562,47.2455],[16.08652,47.24143],[16.08435,47.2375],[16.08466,47.23408],[16.08358,47.23153],[16.08123,47.22944],[16.08111,47.22683],[16.08366,47.22305],[16.08432,47.21787],[16.08594,47.21555],[16.08655,47.20965],[16.08889,47.20761],[16.09091,47.20393],[16.09182,47.19827],[16.09492,47.19552],[16.09959,47.18737],[16.10112,47.18602],[16.10679,47.1775],[16.10782,47.17179],[16.10732,47.17002],[16.1089,47.16812],[16.11252,47.16083],[16.11245,47.1522],[16.1148,47.14468],[16.11309,47.14056],[16.11356,47.13875],[16.11236,47.13045],[16.10974,47.12723],[16.10688,47.11749],[16.10498,47.11522],[16.10186,47.11339],[16.09594,47.11233],[16.09314,47.10775],[16.09179,47.10107],[16.09176,47.09716],[16.09278,47.09391],[16.09183,47.09115],[16.08701,47.08654],[16.08879,47.08223],[16.08874,47.07835],[16.08774,47.07267],[16.09078,47.07047],[16.09307,47.06738],[16.09527,47.06256],[16.09956,47.06005],[16.10471,47.05859],[16.10755,47.05626],[16.11078,47.04896],[16.11555,47.04642],[16.11754,47.04389],[16.11793,47.04102],[16.11605,47.03652],[16.11455,47.035],[16.11412,47.03203],[16.11556,47.02937],[16.11966,47.02739],[16.12249,47.02508],[16.12574,47.02061],[16.12631,47.01824],[16.12941,47.01572],[16.13095,47.01253],[16.13499,47.00936],[16.13752,47.00435],[16.13738,47.00139],[16.13552,46.99872],[16.1292,46.996],[16.12729,46.99312],[16.12239,46.99032],[16.12056,46.9846],[16.1191,46.98206],[16.11618,46.97984],[16.11227,46.97846],[16.10855,46.97138],[16.10855,46.96807],[16.10709,46.96553],[16.10363,46.96249],[16.10068,46.96102],[16.09901,46.95768],[16.0953,46.95469],[16.09574,46.94245],[16.0924,46.93754],[16.08948,46.93559],[16.08154,46.93404],[16.07611,46.93451],[16.07251,46.93581],[16.06892,46.93426],[16.06767,46.93119],[16.06246,46.92337],[16.06065,46.91506],[16.05874,46.91272],[16.05571,46.91103],[16.05198,46.91022],[16.04622,46.91039],[16.04157,46.9058],[16.03513,46.90177],[16.03497,46.89579],[16.03072,46.89129],[16.01776,46.88517],[16.01421,46.8844],[16.008,46.87419],[16.00746,46.87112],[16.00874,46.86749],[16.00876,46.86379],[16.00765,46.85722],[16.00158,46.84812],[16.00319,46.84278],[16.00141,46.83848],[15.99632,46.83539],[16.00138,46.83163],[16.00763,46.83072],[16.01168,46.83437],[16.01494,46.8358],[16.02074,46.83691],[16.0251,46.83686],[16.02906,46.8356],[16.03237,46.83281],[16.03756,46.83534],[16.04428,46.83786],[16.05088,46.83768],[16.05829,46.83871],[16.06075,46.84177],[16.06592,46.84614],[16.06793,46.84983],[16.07111,46.8518],[16.07483,46.85274],[16.07876,46.85267],[16.08848,46.85969],[16.09425,46.86114],[16.10003,46.86083],[16.10301,46.8637],[16.10695,46.86545],[16.11094,46.86832],[16.12051,46.87169],[16.12398,46.87191],[16.13008,46.87501],[16.1327,46.87558],[16.13802,46.88255],[16.14071,46.88451],[16.14499,46.88603],[16.14908,46.89095],[16.15408,46.8938],[16.15768,46.89683],[16.1598,46.9004],[16.16286,46.90225],[16.17128,46.90361],[16.17912,46.90664],[16.18045,46.91245],[16.18464,46.91907],[16.18741,46.92208],[16.18848,46.9253],[16.19542,46.93687],[16.20044,46.93922],[16.20451,46.93952],[16.21203,46.93869],[16.21737,46.93622],[16.22197,46.93563],[16.22587,46.93997],[16.23215,46.94278],[16.23703,46.94569],[16.24559,46.94674],[16.24644,46.94949],[16.2445,46.95362],[16.24576,46.95806],[16.24963,46.96129],[16.25336,46.96308],[16.25976,46.96397],[16.26474,46.9631],[16.26931,46.96122],[16.27625,46.96263],[16.27741,46.96735],[16.27708,46.97488],[16.27579,46.9812],[16.27681,46.98654],[16.28017,46.9901],[16.28388,46.99795],[16.28657,47.00014],[16.29031,47.00143],[16.29448,47.00162],[16.29845,47.00068],[16.30231,46.99849],[16.31086,46.99928],[16.32063,47.00138],[16.32434,47.00136],[16.33289,46.99914],[16.33944,46.99668],[16.34324,46.99669],[16.34578,47.00267],[16.34829,47.00478],[16.35176,47.00609],[16.3557,47.00643],[16.3632,47.00544],[16.36693,47.00416],[16.37248,46.99855],[16.37685,46.9992],[16.38302,46.99886],[16.39126,47.00253],[16.39478,47.00336],[16.40008,47.00338],[16.40429,47.00406],[16.41084,47.0037],[16.41451,47.00246],[16.41722,47.00035],[16.41903,46.99716],[16.42235,46.9949],[16.42675,46.99332],[16.43204,46.9927],[16.4355,46.99319],[16.44542,46.99324],[16.44747,46.99654],[16.45052,46.99838],[16.45437,46.99928],[16.46036,46.99863],[16.46292,46.99748],[16.46951,46.99749],[16.47665,46.99531],[16.47897,46.99391],[16.48328,46.99423],[16.48967,46.99744],[16.49667,46.99825],[16.50595,47.00053],[16.50956,47.00046],[16.51217,47.0014],[16.5123,47.00347],[16.50935,47.00406],[16.50517,47.00639],[16.49154,47.01197],[16.48481,47.01799],[16.48213,47.02264],[16.4764,47.02545],[16.4751,47.02716],[16.46944,47.02907],[16.46455,47.03223],[16.46266,47.03472],[16.46229,47.03751],[16.46351,47.04018],[16.46613,47.04233],[16.47615,47.04672],[16.48413,47.04705],[16.49505,47.04869],[16.49786,47.04854],[16.50361,47.04988],[16.50969,47.05062],[16.51482,47.05388],[16.52047,47.05622],[16.52044,47.06141],[16.51005,47.06627],[16.50307,47.06824],[16.49833,47.07019],[16.49045,47.07057],[16.48506,47.07239],[16.48219,47.07508],[16.47789,47.07646],[16.47448,47.07974],[16.47391,47.08242],[16.47464,47.0852],[16.46953,47.08859],[16.46704,47.09111],[16.46618,47.09382],[16.46688,47.09654],[16.46903,47.09888],[16.47232,47.10049],[16.48438,47.10254],[16.48589,47.1058],[16.49011,47.10879],[16.494,47.10965],[16.50057,47.11021],[16.50036,47.11798],[16.50189,47.12067],[16.50674,47.12342],[16.51549,47.12469],[16.52205,47.12629],[16.52915,47.12722],[16.52879,47.13699],[16.52297,47.14031],[16.5196,47.14586],[16.51683,47.1492],[16.50891,47.14954],[16.49046,47.14886],[16.48534,47.14778],[16.47685,47.14457],[16.46917,47.14296],[16.46253,47.14248],[16.45611,47.14376],[16.45175,47.14681],[16.45062,47.14957],[16.45114,47.1524],[16.45334,47.15505],[16.45819,47.15727],[16.46057,47.15909],[16.46223,47.16194],[16.46189,47.16374],[16.46422,47.16813],[16.4634,47.1707],[16.46133,47.17263],[16.45917,47.17663],[16.45669,47.17907],[16.45447,47.18335],[16.45483,47.18731],[16.45111,47.18825],[16.44605,47.18716],[16.4404,47.18522],[16.43349,47.1847],[16.42944,47.18552],[16.42618,47.18737],[16.42131,47.19385],[16.42116,47.19717],[16.41954,47.20091],[16.42049,47.20491],[16.42647,47.2091],[16.43077,47.21014],[16.43651,47.20998],[16.43604,47.21318],[16.43918,47.21789],[16.43747,47.22201],[16.43868,47.22768],[16.44118,47.23046],[16.4426,47.23366],[16.44249,47.24092],[16.4419,47.24399],[16.44376,47.24786],[16.45293,47.25318],[16.45704,47.25446],[16.46089,47.25472],[16.46703,47.25296],[16.46918,47.2553],[16.47793,47.26062],[16.47989,47.26256],[16.47797,47.26622],[16.47755,47.2723],[16.47899,47.27507],[16.48194,47.27721],[16.48933,47.28028],[16.48745,47.28357],[16.48422,47.28738],[16.48277,47.29072],[16.48178,47.29745],[16.47881,47.3016],[16.47543,47.30926],[16.47482,47.31189],[16.46997,47.31743],[16.46855,47.32504],[16.46567,47.32812],[16.46462,47.33299],[16.46301,47.33574],[16.45915,47.33837],[16.44968,47.3406],[16.44697,47.34258],[16.44359,47.34789],[16.44354,47.352],[16.44539,47.35446],[16.44847,47.35625],[16.45228,47.35712],[16.45297,47.36195],[16.45669,47.36649],[16.45656,47.37221],[16.45476,47.37527],[16.45539,47.3796],[16.46102,47.38404],[16.45805,47.38545],[16.45541,47.38861],[16.45118,47.39236],[16.44787,47.39761],[16.44635,47.40183],[16.44723,47.40705],[16.44959,47.40929],[16.45626,47.41195],[16.46372,47.41215],[16.47959,47.40777],[16.48241,47.40582],[16.48418,47.40192],[16.48378,47.39929],[16.48856,47.3955],[16.49236,47.3942],[16.49528,47.39196],[16.4966,47.38917],[16.50694,47.39527],[16.50986,47.39656],[16.5109,47.40224],[16.51519,47.40665],[16.51823,47.40828],[16.52193,47.40906],[16.52698,47.40867],[16.53225,47.40954],[16.53838,47.40897],[16.5425,47.40768],[16.54608,47.40569],[16.55116,47.40551],[16.55428,47.40633],[16.56102,47.40669],[16.5665,47.40595],[16.57372,47.40582],[16.57562,47.40633],[16.57702,47.41077],[16.5792,47.41336],[16.58607,47.41845],[16.59309,47.42205],[16.59737,47.42312],[16.6036,47.42552],[16.60746,47.42831],[16.611,47.42977],[16.61684,47.4308],[16.62022,47.43077],[16.62259,47.43562],[16.6277,47.44158],[16.63566,47.44516],[16.64398,47.44603],[16.65164,47.44904],[16.65595,47.45299],[16.66194,47.45576],[16.66064,47.46014],[16.66307,47.46646],[16.66744,47.47163],[16.67034,47.47411],[16.66943,47.47715],[16.66591,47.48156],[16.66278,47.48377],[16.657,47.49183],[16.65506,47.49551],[16.65517,47.49842],[16.65697,47.50106],[16.66017,47.503],[16.66424,47.50391],[16.6689,47.50358],[16.67607,47.50638],[16.68038,47.5073],[16.68965,47.51037],[16.69426,47.51477],[16.69587,47.51759],[16.69855,47.51978],[16.70534,47.52287],[16.7043,47.52849],[16.70447,47.53198],[16.70639,47.53473],[16.71445,47.53979],[16.71121,47.54304],[16.70881,47.5434],[16.70411,47.5457],[16.69939,47.54671],[16.69504,47.54944],[16.69153,47.5543],[16.69093,47.5578],[16.68908,47.55931],[16.68405,47.56124],[16.67959,47.56105],[16.67388,47.56265],[16.67125,47.56482],[16.67003,47.56892],[16.672,47.57471],[16.67493,47.57855],[16.67521,47.58184],[16.6683,47.59507],[16.66893,47.59896],[16.67304,47.60491],[16.66278,47.60676],[16.65955,47.60872],[16.65773,47.61138],[16.65642,47.6152],[16.65285,47.62218],[16.65067,47.62308],[16.63539,47.62765],[16.63181,47.62812],[16.61914,47.62579],[16.61297,47.62264],[16.60437,47.621],[16.59717,47.61857],[16.58976,47.61752],[16.57448,47.61958],[16.57098,47.62089],[16.56783,47.62326],[16.56174,47.62575],[16.55372,47.6303],[16.5487,47.63361],[16.53555,47.6385],[16.52884,47.64146],[16.52134,47.64284],[16.51705,47.64508],[16.51335,47.64601],[16.51183,47.64332],[16.50877,47.64122],[16.50471,47.64012],[16.49994,47.6399],[16.49601,47.64053],[16.49199,47.64228],[16.48579,47.64413],[16.48264,47.6478],[16.4792,47.65005],[16.47178,47.65132],[16.4633,47.652],[16.45882,47.65354],[16.45465,47.6542],[16.45161,47.65554],[16.44693,47.65648],[16.4404,47.65682],[16.4335,47.65985],[16.43142,47.66232],[16.43091,47.66513],[16.43204,47.66786],[16.43465,47.67008],[16.44303,47.67392],[16.44273,47.67727],[16.44477,47.68193],[16.44763,47.68397],[16.45143,47.68511],[16.4576,47.6848],[16.46192,47.68278],[16.46955,47.68121],[16.47461,47.68128],[16.47556,47.68568],[16.47719,47.68818],[16.48008,47.69009],[16.48419,47.69139],[16.48905,47.69718],[16.49475,47.69941],[16.49951,47.70278],[16.50409,47.70354],[16.51229,47.70651],[16.51693,47.70697],[16.52054,47.70944],[16.52443,47.71036],[16.5336,47.7108],[16.54036,47.71188],[16.54225,47.71314],[16.54438,47.71677],[16.55209,47.72245],[16.54863,47.72616],[16.54165,47.73251],[16.5409,47.7339],[16.5413,47.73824],[16.54365,47.7407],[16.54847,47.74304],[16.54893,47.7462],[16.55063,47.74862],[16.55353,47.75045],[16.55721,47.75143],[16.56646,47.75158],[16.58305,47.75501],[16.58748,47.75539],[16.59183,47.75665],[16.59873,47.75617],[16.60253,47.75803],[16.60891,47.75992],[16.61278,47.75999],[16.6198,47.75784],[16.63279,47.75618],[16.6371,47.75334],[16.63964,47.74843],[16.6453,47.74559],[16.65126,47.74403],[16.65751,47.74161],[16.66478,47.74187],[16.67156,47.74043],[16.68096,47.73958],[16.71422,47.7359],[16.7192,47.73335],[16.72094,47.73077],[16.72149,47.72295],[16.74898,47.68155],[16.82785,47.68271],[16.83197,47.68796],[16.83283,47.69165],[16.83885,47.70372],[16.84311,47.70656],[16.85657,47.71129],[16.8608,47.71155],[16.86485,47.71068],[16.86808,47.70881],[16.87031,47.70482],[16.87167,47.69023],[16.87489,47.68849],[16.91202,47.68769],[16.97644,47.69448],[17.04014,47.70432],[17.09282,47.70824],[17.07771,47.72053],[17.07424,47.72312],[17.07096,47.7276],[17.07042,47.7342],[17.07099,47.73892],[17.07076,47.74994],[17.06978,47.75692],[17.06745,47.76046],[17.06652,47.76479],[17.06704,47.7667],[17.0639,47.77748],[17.06093,47.77976],[17.05808,47.78618],[17.05367,47.79175],[17.05357,47.79595],[17.05697,47.79946],[17.07079,47.80741],[17.07423,47.80825],[17.06221,47.81794],[17.06073,47.82267],[17.05319,47.82591],[17.05076,47.82811],[17.04922,47.83292],[17.05138,47.83782],[17.01554,47.85544],[17.01337,47.85778],[17.01265,47.86049],[17.01488,47.86496],[17.01815,47.86699],[17.02236,47.86795],[17.03611,47.86777],[17.03989,47.86691],[17.0492,47.86993],[17.05204,47.8717],[17.05612,47.87286],[17.0628,47.87372],[17.07192,47.87592],[17.07773,47.87553],[17.08036,47.87456],[17.08501,47.87446],[17.10394,47.89895],[17.10058,47.90186],[17.0994,47.90456],[17.09984,47.90735],[17.10243,47.91028],[17.11261,47.92728],[17.10149,47.93153],[17.09811,47.93498],[17.0977,47.93773],[17.09886,47.94039],[17.10288,47.94526],[17.10772,47.94944],[17.10965,47.95386],[17.11679,47.96087],[17.11189,47.96357],[17.10772,47.96478],[17.10463,47.96663],[17.10247,47.9705],[17.103,47.97326],[17.10654,47.97663],[17.11193,47.97947],[17.11666,47.9834],[17.13138,47.99082],[17.13803,47.99569],[17.14752,48.00044],[17.15685,48.00405],[17.16065,48.00659],[17.15002,48.01361],[17.14381,48.02016],[17.13632,48.02288],[17.12836,48.02288],[17.12426,48.02365],[17.12093,48.02543],[17.11501,48.02962],[17.11019,48.03116],[17.09618,48.02348],[17.09246,48.02264],[17.08853,48.02275],[17.08492,48.02381],[17.07737,48.02721],[17.07416,48.03091],[17.07464,48.03517],[17.07622,48.03738],[17.08768,48.04563],[17.0858,48.04908],[17.08007,48.05247],[17.07817,48.05493],[17.07779,48.05768],[17.07899,48.06033],[17.08159,48.06247],[17.08666,48.06533],[17.08016,48.0679],[17.07754,48.07012],[17.07641,48.07285],[17.07694,48.07566],[17.07885,48.07824],[17.07668,48.08267],[17.07751,48.08539],[17.07983,48.0877],[17.08561,48.09023],[17.0912,48.09061],[17.09307,48.09141],[17.09089,48.09547],[17.09261,48.09959],[17.08236,48.10374],[17.07719,48.10987],[17.07639,48.11288],[17.07697,48.11508],[17.07115,48.11611],[17.06685,48.1186],[17.06274,48.11397],[17.06128,48.11074],[17.05755,48.10787],[17.05515,48.10705],[17.04316,48.1015],[17.03802,48.09813],[17.03418,48.09738],[17.03019,48.09763],[17.02513,48.09975],[17.02196,48.10302],[17.01804,48.10365],[17.01464,48.1029],[17.00866,48.1026],[17.00487,48.10329],[17.00169,48.10483],[16.99829,48.10808],[16.98628,48.1112],[16.9807,48.10603],[16.97414,48.1045],[16.96933,48.09785],[16.96919,48.09572],[16.9785,48.09455],[16.98247,48.09268],[16.98744,48.08896],[16.99845,48.08441],[17.0093,48.07783],[17.01126,48.07543],[17.01141,48.07136],[17.00573,48.06328],[16.99743,48.05639],[16.99448,48.05168],[16.98929,48.04006],[16.98479,48.03704],[16.98067,48.03623],[16.97443,48.03718],[16.97055,48.03968],[16.96406,48.04136],[16.95516,48.04528],[16.94992,48.0464],[16.94332,48.04635],[16.93213,48.04832],[16.92878,48.04981],[16.92225,48.05107],[16.91819,48.0541],[16.91717,48.05675],[16.91769,48.05946],[16.91982,48.06329],[16.91719,48.06639],[16.90549,48.07019],[16.89385,48.07264],[16.89058,48.07274],[16.88483,48.0699],[16.88051,48.06955],[16.87531,48.07074],[16.87242,48.07068],[16.86639,48.06557],[16.86325,48.06372],[16.85604,48.05809],[16.84705,48.05537],[16.84381,48.05248],[16.84261,48.04936],[16.83823,48.04529],[16.83063,48.04241],[16.82794,48.0399],[16.82867,48.03623],[16.82724,48.03346],[16.82428,48.0313],[16.82029,48.03012],[16.81034,48.02941],[16.80709,48.02865],[16.79851,48.02859],[16.79592,48.0249],[16.79272,48.02329],[16.78685,48.02261],[16.78289,48.02281],[16.77947,48.02106],[16.77447,48.01995],[16.76374,48.01496],[16.75467,48.01303],[16.74688,48.01406],[16.7395,48.01356],[16.73429,48.01243],[16.72977,48.01051],[16.72587,48.01016],[16.71213,48.01287],[16.70265,48.01205],[16.70037,48.00846],[16.69956,47.9939],[16.69539,47.98961],[16.69445,47.98671],[16.69457,47.98167],[16.69942,47.9762],[16.70037,47.97389],[16.70003,47.96915],[16.69736,47.9657],[16.69422,47.96416],[16.68561,47.96245],[16.68067,47.96085],[16.67673,47.96056],[16.66907,47.96098],[16.66287,47.95962],[16.65806,47.95973],[16.65415,47.95758],[16.65194,47.95331],[16.6476,47.95019],[16.6383,47.94702],[16.63459,47.94641],[16.6304,47.94424],[16.62961,47.9352],[16.63007,47.93273],[16.62792,47.92866],[16.62036,47.92362],[16.60728,47.91336],[16.60447,47.90959],[16.59882,47.90547],[16.58895,47.9022],[16.58639,47.89778],[16.58166,47.89498],[16.5754,47.89447],[16.56978,47.89641],[16.56637,47.89945],[16.56179,47.90023],[16.55724,47.90249],[16.55364,47.90706],[16.55284,47.90968],[16.54791,47.91342],[16.54618,47.91569],[16.54316,47.91746],[16.54002,47.92131],[16.53402,47.92594],[16.53155,47.92874],[16.52896,47.93002],[16.52348,47.93495],[16.52056,47.94018],[16.51795,47.94344],[16.51349,47.94322],[16.50978,47.9414],[16.50335,47.94006],[16.49007,47.94204],[16.48643,47.94159],[16.4825,47.93916],[16.47819,47.93812],[16.47304,47.9378],[16.46665,47.93927],[16.45528,47.93467],[16.44913,47.93369],[16.44342,47.92939],[16.43737,47.92745],[16.43154,47.92165],[16.42694,47.91842],[16.42543,47.9164],[16.41913,47.9129],[16.42001,47.91051],[16.41928,47.90731],[16.42052,47.90335],[16.41898,47.8992],[16.41607,47.89709],[16.4121,47.89573],[16.41061,47.89393],[16.41198,47.88937],[16.41094,47.88687],[16.40661,47.8823],[16.40305,47.88062],[16.3988,47.88003],[16.39454,47.88063],[16.39118,47.88204],[16.38832,47.87999],[16.3832,47.87851],[16.3813,47.87593],[16.37452,47.87232],[16.369,47.87079],[16.36314,47.87023],[16.35643,47.8675],[16.35101,47.86693],[16.35298,47.86464],[16.36673,47.85632],[16.37526,47.85269],[16.3827,47.84851],[16.38393,47.84729],[16.3851,47.843],[16.38368,47.84023],[16.37318,47.8333],[16.37027,47.82724],[16.36735,47.82527],[16.35746,47.82234],[16.35017,47.81832]]]}},{"type":"Feature","properties":{"level":"subregion","subregionId":"steiermark","nameJa":"シュタイヤーマルク"},"geometry":{"type":"Polygon","coordinates":[[[13.75227,47.52454],[13.75577,47.52238],[13.75761,47.52008],[13.75811,47.51748],[13.75722,47.51494],[13.7492,47.50248],[13.74783,47.50134],[13.73649,47.49569],[13.72845,47.49065],[13.72367,47.48645],[13.71998,47.48172],[13.71812,47.47724],[13.71812,47.46885],[13.71475,47.46537],[13.7091,47.46375],[13.70643,47.46381],[13.66743,47.46287],[13.64042,47.46639],[13.63421,47.46621],[13.62903,47.4671],[13.62299,47.47035],[13.61609,47.47211],[13.60976,47.47469],[13.60422,47.47419],[13.60002,47.47446],[13.59663,47.47564],[13.59296,47.47411],[13.58583,47.47391],[13.59006,47.46903],[13.59108,47.4666],[13.59154,47.46152],[13.58966,47.45812],[13.58662,47.45587],[13.58641,47.45116],[13.58554,47.44794],[13.57983,47.44218],[13.57652,47.43729],[13.5758,47.43433],[13.57267,47.42692],[13.57143,47.42563],[13.56308,47.42024],[13.56557,47.41174],[13.56842,47.40999],[13.57252,47.40588],[13.57363,47.40292],[13.57152,47.39389],[13.57697,47.38612],[13.5804,47.3829],[13.58143,47.37992],[13.58082,47.37601],[13.58248,47.37202],[13.5825,47.36861],[13.58523,47.36342],[13.58849,47.35943],[13.59104,47.35376],[13.59345,47.35121],[13.59839,47.34154],[13.5986,47.33911],[13.60071,47.33617],[13.60265,47.33124],[13.60225,47.32847],[13.59798,47.32273],[13.59484,47.31713],[13.59505,47.31373],[13.6009,47.30907],[13.60175,47.30476],[13.59943,47.29573],[13.59794,47.29364],[13.6036,47.2877],[13.60681,47.2834],[13.61223,47.2837],[13.61689,47.28329],[13.62056,47.28199],[13.6309,47.2743],[13.6429,47.27468],[13.64987,47.27577],[13.65342,47.27577],[13.66184,47.2733],[13.66592,47.27251],[13.67328,47.2729],[13.67731,47.27207],[13.68385,47.26877],[13.69176,47.26622],[13.69429,47.26411],[13.69622,47.26029],[13.70248,47.26063],[13.70881,47.25995],[13.71182,47.2612],[13.71277,47.26807],[13.71426,47.27033],[13.72078,47.27586],[13.72419,47.27711],[13.73373,47.27721],[13.73906,47.2781],[13.74512,47.27782],[13.75069,47.27549],[13.75473,47.27073],[13.75996,47.26603],[13.77155,47.27166],[13.78172,47.27446],[13.78563,47.27658],[13.79102,47.28148],[13.79266,47.28523],[13.79541,47.2872],[13.80201,47.28948],[13.80677,47.29311],[13.81391,47.29409],[13.81968,47.29259],[13.82239,47.29044],[13.82499,47.28494],[13.82548,47.28194],[13.82419,47.27872],[13.824,47.2748],[13.8214,47.27001],[13.82476,47.26709],[13.83628,47.26358],[13.84678,47.25987],[13.86129,47.2539],[13.86514,47.25095],[13.86813,47.24603],[13.86848,47.24328],[13.86596,47.23909],[13.85858,47.23445],[13.85248,47.2326],[13.85029,47.2307],[13.85147,47.22771],[13.85349,47.22572],[13.85681,47.22522],[13.86341,47.22133],[13.86534,47.2168],[13.8742,47.21197],[13.87802,47.20815],[13.88318,47.20411],[13.89535,47.19798],[13.89745,47.19579],[13.89827,47.19323],[13.89754,47.18834],[13.89538,47.18555],[13.89892,47.182],[13.90161,47.18288],[13.90786,47.18286],[13.91451,47.17957],[13.91636,47.17721],[13.9187,47.1719],[13.92533,47.17164],[13.93453,47.16962],[13.94345,47.1666],[13.94672,47.1663],[13.95204,47.16466],[13.95789,47.16134],[13.96261,47.15738],[13.9682,47.15079],[13.97143,47.14887],[13.97924,47.14627],[13.98362,47.14556],[13.98789,47.14399],[13.9916,47.1403],[13.99368,47.13357],[13.99325,47.13085],[13.99137,47.12845],[13.98817,47.12662],[13.98431,47.12577],[13.98027,47.12599],[13.97293,47.12766],[13.96362,47.12521],[13.95961,47.12501],[13.95579,47.12585],[13.94989,47.13014],[13.94815,47.13332],[13.94478,47.13609],[13.93556,47.13536],[13.9274,47.13015],[13.92155,47.12882],[13.91607,47.12537],[13.91047,47.12382],[13.9031,47.11745],[13.89983,47.11596],[13.89271,47.11428],[13.88871,47.11119],[13.88351,47.10963],[13.88139,47.10799],[13.88178,47.10426],[13.87937,47.10021],[13.87841,47.09611],[13.88068,47.09407],[13.88517,47.09231],[13.88778,47.09014],[13.88975,47.08621],[13.89628,47.07979],[13.89861,47.07668],[13.90341,47.07285],[13.90472,47.06836],[13.90213,47.06244],[13.89925,47.05914],[13.89173,47.05435],[13.88909,47.04877],[13.88439,47.0447],[13.88193,47.03958],[13.8766,47.03215],[13.8721,47.02852],[13.86499,47.01987],[13.86529,47.01671],[13.86418,47.01316],[13.8639,47.0088],[13.86454,47.00388],[13.864,46.9989],[13.86178,46.99535],[13.85661,46.99207],[13.84724,46.98954],[13.84364,46.98667],[13.84429,46.98424],[13.84327,46.98111],[13.84114,46.97893],[13.83372,46.97464],[13.83271,46.97355],[13.83257,46.96866],[13.83119,46.96483],[13.8289,46.96252],[13.82492,46.96011],[13.81841,46.9582],[13.81541,46.95439],[13.81252,46.95225],[13.80863,46.95107],[13.80255,46.95087],[13.79901,46.95005],[13.79261,46.94578],[13.7852,46.94399],[13.78426,46.93841],[13.79131,46.93597],[13.79426,46.93401],[13.7972,46.93092],[13.80375,46.92917],[13.80693,46.92773],[13.81105,46.92472],[13.81434,46.91963],[13.81627,46.91832],[13.82014,46.91756],[13.8274,46.91432],[13.83428,46.91397],[13.8416,46.91279],[13.84793,46.91001],[13.85129,46.91121],[13.85772,46.91662],[13.86572,46.91857],[13.87035,46.91803],[13.87898,46.91844],[13.88389,46.92098],[13.88593,46.92362],[13.89039,46.92599],[13.89783,46.92761],[13.90137,46.93152],[13.90507,46.93297],[13.91195,46.93367],[13.91545,46.93736],[13.92137,46.94049],[13.93048,46.94375],[13.93684,46.94402],[13.94122,46.94246],[13.94634,46.94167],[13.95115,46.94299],[13.95056,46.94717],[13.95215,46.95318],[13.95539,46.95634],[13.96302,46.96116],[13.97651,46.96491],[13.98376,46.9663],[13.99249,46.96591],[13.99731,46.96863],[14.00633,46.9706],[14.00916,46.97337],[14.00779,46.97798],[14.0106,46.98282],[14.01756,46.98769],[14.01651,46.99176],[14.01629,47.00048],[14.01778,47.00308],[14.0206,47.00508],[14.02665,47.00688],[14.03111,47.00684],[14.03576,47.00553],[14.0426,47.00438],[14.04879,47.00395],[14.06,47.00831],[14.06628,47.00973],[14.07233,47.01255],[14.07463,47.01766],[14.07759,47.02103],[14.08469,47.02719],[14.08793,47.02885],[14.09358,47.03063],[14.09772,47.03415],[14.10168,47.0353],[14.10328,47.03752],[14.1061,47.03926],[14.11176,47.04069],[14.11872,47.04056],[14.12169,47.04217],[14.12561,47.04543],[14.12424,47.04935],[14.12535,47.05432],[14.12727,47.05677],[14.1323,47.05907],[14.14078,47.05968],[14.14665,47.05906],[14.15016,47.05789],[14.1553,47.05453],[14.16251,47.05243],[14.17261,47.05842],[14.17427,47.06126],[14.17867,47.06422],[14.18351,47.06545],[14.19077,47.07035],[14.19414,47.07176],[14.20001,47.07205],[14.20366,47.071],[14.20896,47.06798],[14.21407,47.06293],[14.21473,47.05822],[14.22023,47.05303],[14.22223,47.04968],[14.22335,47.03889],[14.22601,47.03513],[14.23021,47.03239],[14.23501,47.02595],[14.24287,47.03051],[14.24682,47.03159],[14.25107,47.03152],[14.25493,47.0303],[14.26195,47.02678],[14.26591,47.02794],[14.27019,47.02803],[14.27496,47.02659],[14.28078,47.0276],[14.28449,47.02737],[14.28824,47.02609],[14.30181,47.02809],[14.30729,47.02808],[14.31169,47.02872],[14.3156,47.0283],[14.32555,47.02913],[14.33125,47.02791],[14.33516,47.02545],[14.341,47.02442],[14.34412,47.02537],[14.35168,47.02573],[14.35823,47.0247],[14.36554,47.02422],[14.37,47.02144],[14.3714,47.01919],[14.37555,47.01717],[14.37782,47.01488],[14.37867,47.01217],[14.37735,47.00861],[14.37866,47.00256],[14.37717,46.9973],[14.37729,46.99356],[14.38213,46.98823],[14.38299,46.98364],[14.38627,46.98057],[14.3901,46.98109],[14.39547,46.98012],[14.39953,46.98175],[14.40192,46.98542],[14.40443,46.9876],[14.40923,46.98961],[14.41878,46.99256],[14.42285,46.99336],[14.4281,46.99584],[14.43407,46.99673],[14.44095,46.99597],[14.44357,46.99511],[14.45091,46.99447],[14.45623,46.99545],[14.45916,46.99814],[14.45984,47.00181],[14.46138,47.0045],[14.46622,47.00723],[14.47134,47.00775],[14.47305,47.0086],[14.47692,47.01773],[14.47962,47.01967],[14.48617,47.02232],[14.49265,47.02347],[14.49844,47.02255],[14.50841,47.0154],[14.51409,47.01236],[14.51578,47.00929],[14.52672,47.0096],[14.53478,47.01188],[14.54648,47.01265],[14.55139,47.01169],[14.55836,47.01252],[14.57275,47.01173],[14.5764,47.01235],[14.58126,47.01202],[14.5863,47.00979],[14.58986,47.0042],[14.59269,47.00171],[14.6046,46.9999],[14.6074,46.99863],[14.61351,46.99767],[14.61518,46.99817],[14.61744,47.00221],[14.62165,47.0067],[14.62503,47.01121],[14.62982,47.01365],[14.63842,47.01472],[14.64932,47.01421],[14.65681,47.01665],[14.66481,47.01825],[14.67816,47.01786],[14.69013,47.01884],[14.69885,47.01681],[14.70305,47.01844],[14.70904,47.01936],[14.71567,47.01861],[14.72275,47.01874],[14.7286,47.01644],[14.72796,47.0211],[14.73007,47.02491],[14.73202,47.0264],[14.74954,47.03239],[14.75432,47.03314],[14.76878,47.03867],[14.77442,47.03887],[14.78177,47.03774],[14.78764,47.038],[14.79501,47.0368],[14.79946,47.03857],[14.809,47.03973],[14.81304,47.04106],[14.82505,47.04685],[14.82901,47.04756],[14.83306,47.04718],[14.83801,47.04474],[14.8409,47.03913],[14.84509,47.03472],[14.85539,47.02659],[14.85645,47.02538],[14.86552,47.02443],[14.87355,47.02196],[14.88184,47.01618],[14.88806,47.00902],[14.89289,47.00734],[14.90441,47.0001],[14.90693,46.99889],[14.91764,46.99788],[14.92694,46.99529],[14.94024,46.99291],[14.94902,46.99291],[14.95443,46.99137],[14.95957,46.98838],[14.96204,46.98443],[14.96685,46.98011],[14.96766,46.97761],[14.97113,46.97316],[14.97322,46.96884],[14.9786,46.96383],[14.97959,46.95791],[14.98462,46.95374],[14.98796,46.9492],[14.98954,46.94448],[14.9913,46.94194],[14.99191,46.9382],[14.99594,46.9347],[14.99724,46.93124],[15.00289,46.92984],[15.00981,46.92514],[15.01707,46.92103],[15.01988,46.9165],[15.02575,46.91058],[15.02641,46.90762],[15.02361,46.90312],[15.02208,46.89631],[15.01911,46.89243],[15.01624,46.88523],[15.01292,46.88232],[15.00764,46.87961],[15.00646,46.87511],[15.00816,46.87255],[15.00837,46.8695],[15.00675,46.86299],[15.00717,46.8575],[15.00947,46.85295],[15.01548,46.84636],[15.01606,46.84229],[15.01422,46.83619],[15.01227,46.8337],[15.00908,46.83192],[15.00485,46.83092],[14.99597,46.82756],[14.99043,46.82205],[14.98974,46.81717],[14.98729,46.81153],[14.9809,46.80673],[14.9791,46.80295],[14.97751,46.79492],[14.97871,46.79278],[14.97871,46.78992],[14.97617,46.78538],[14.98207,46.78284],[14.99235,46.78183],[15.00661,46.77645],[15.01518,46.7739],[15.02165,46.77279],[15.02647,46.77036],[15.02858,46.76652],[15.0281,46.76378],[15.02632,46.76083],[15.02685,46.75758],[15.03182,46.75207],[15.03236,46.74927],[15.03175,46.74521],[15.03554,46.73948],[15.03805,46.73711],[15.03915,46.7345],[15.03878,46.73181],[15.03609,46.72785],[15.04112,46.72372],[15.04266,46.7212],[15.04386,46.71669],[15.04313,46.71395],[15.03658,46.70824],[15.03473,46.70223],[15.03431,46.69429],[15.02991,46.68027],[15.02779,46.67757],[15.02515,46.676],[15.02179,46.67232],[15.02472,46.66955],[15.03458,46.66621],[15.04424,46.66703],[15.04811,46.66662],[15.05149,46.66525],[15.05549,46.66197],[15.05984,46.66061],[15.06283,46.65849],[15.06513,46.65221],[15.07034,46.65003],[15.07755,46.6481],[15.08232,46.64522],[15.08632,46.64927],[15.08941,46.65146],[15.09324,46.65271],[15.09742,46.65295],[15.10098,46.65558],[15.10452,46.65706],[15.10862,46.65746],[15.11263,46.65674],[15.11556,46.65523],[15.12165,46.65379],[15.12861,46.65009],[15.13102,46.65056],[15.13338,46.65345],[15.13616,46.65532],[15.14446,46.65783],[15.15016,46.65785],[15.15471,46.65603],[15.16256,46.65593],[15.16669,46.65425],[15.17316,46.65425],[15.1801,46.65542],[15.18398,46.65472],[15.19048,46.65114],[15.19194,46.64865],[15.19736,46.64577],[15.20452,46.64503],[15.21563,46.64317],[15.21811,46.64224],[15.22333,46.643],[15.2306,46.64154],[15.23577,46.63946],[15.24097,46.64003],[15.24496,46.64146],[15.25317,46.64212],[15.26064,46.64433],[15.26646,46.64458],[15.27728,46.64366],[15.2822,46.64529],[15.28324,46.64654],[15.295,46.65222],[15.30158,46.65325],[15.31024,46.65207],[15.31851,46.64794],[15.32161,46.64806],[15.3256,46.65123],[15.3295,46.6523],[15.33467,46.65261],[15.34106,46.65096],[15.34972,46.65268],[15.35566,46.65152],[15.3679,46.65062],[15.37212,46.64977],[15.37637,46.6513],[15.38351,46.65157],[15.38775,46.65242],[15.39427,46.65195],[15.39811,46.65308],[15.40777,46.6546],[15.4124,46.65475],[15.41638,46.65386],[15.41955,46.65197],[15.42176,46.64726],[15.42851,46.64653],[15.43163,46.6448],[15.43375,46.64245],[15.43942,46.63991],[15.44521,46.64044],[15.4512,46.63889],[15.45477,46.63522],[15.45608,46.62957],[15.46125,46.62498],[15.46285,46.62249],[15.46252,46.61577],[15.4638,46.61469],[15.46921,46.61287],[15.47456,46.61208],[15.47781,46.61296],[15.48331,46.61698],[15.48649,46.61852],[15.49028,46.61914],[15.49414,46.61877],[15.49753,46.61745],[15.50218,46.61398],[15.50711,46.61578],[15.51182,46.61668],[15.51527,46.62011],[15.52277,46.62308],[15.5249,46.62564],[15.53251,46.63006],[15.53679,46.63089],[15.5421,46.63017],[15.54568,46.63362],[15.54788,46.63747],[15.55102,46.64033],[15.54985,46.64495],[15.55243,46.64863],[15.55302,46.65286],[15.5486,46.65936],[15.54808,46.66458],[15.55031,46.66836],[15.55334,46.67013],[15.55903,46.67116],[15.5643,46.67473],[15.56737,46.67537],[15.56962,46.67821],[15.57259,46.67982],[15.58485,46.68291],[15.58924,46.68328],[15.5923,46.68458],[15.5963,46.68505],[15.60026,46.68444],[15.60535,46.68119],[15.60805,46.68193],[15.61343,46.68204],[15.61985,46.67987],[15.62516,46.67972],[15.63306,46.68173],[15.63308,46.68401],[15.63476,46.68692],[15.63742,46.68885],[15.64092,46.68998],[15.64923,46.69139],[15.65255,46.6912],[15.65374,46.69253],[15.65423,46.70018],[15.65696,46.70413],[15.66252,46.70626],[15.6727,46.70704],[15.67707,46.70662],[15.68557,46.70372],[15.69352,46.69961],[15.69924,46.69827],[15.70394,46.69828],[15.71502,46.69702],[15.7208,46.6959],[15.7257,46.69617],[15.73869,46.69981],[15.74316,46.6998],[15.74929,46.69842],[15.75537,46.698],[15.76018,46.6991],[15.76678,46.69898],[15.77086,46.69965],[15.77926,46.7043],[15.78642,46.70747],[15.79603,46.71323],[15.80384,46.71605],[15.82161,46.72007],[15.83264,46.72197],[15.84088,46.72238],[15.85614,46.72233],[15.8623,46.72207],[15.87046,46.72105],[15.87784,46.71951],[15.88445,46.71741],[15.89281,46.71398],[15.90419,46.7121],[15.91391,46.70923],[15.92183,46.70506],[15.94195,46.6912],[15.94706,46.68907],[15.955,46.68744],[15.96554,46.68667],[15.98362,46.68461],[15.9962,46.68139],[16.00057,46.67924],[16.00363,46.67655],[16.00654,46.66929],[16.00818,46.66699],[16.01284,46.66386],[16.02312,46.66202],[16.02742,46.65992],[16.03797,46.65627],[16.04003,46.66128],[16.03982,46.66557],[16.04069,46.66823],[16.03928,46.67242],[16.03958,46.67654],[16.04243,46.68567],[16.03786,46.69351],[16.03437,46.69737],[16.03174,46.69907],[16.02993,46.70153],[16.02822,46.70828],[16.02958,46.71172],[16.0209,46.71299],[16.01676,46.71583],[16.00646,46.71946],[16.00346,46.72312],[15.99997,46.72575],[15.99857,46.7278],[15.99385,46.73169],[15.9919,46.7351],[15.99158,46.73755],[15.9887,46.74147],[15.98872,46.74393],[15.98727,46.74687],[15.98649,46.75119],[15.9873,46.7542],[15.98968,46.75776],[15.98864,46.76142],[15.99002,46.77314],[15.98931,46.77676],[15.9901,46.78113],[15.99331,46.78854],[15.99402,46.79408],[15.99285,46.79882],[15.9938,46.80433],[15.99701,46.80757],[15.998,46.81],[15.99697,46.81195],[15.98914,46.81963],[15.98703,46.82444],[15.98751,46.82695],[15.99042,46.83109],[15.99493,46.83455],[16.00103,46.83676],[16.00341,46.84216],[16.00591,46.84477],[16.00347,46.84806],[16.00349,46.85088],[16.00764,46.85689],[16.0089,46.86746],[16.00761,46.87048],[16.00801,46.87424],[16.01282,46.88223],[16.01568,46.88425],[16.03371,46.89274],[16.03496,46.89387],[16.03545,46.90031],[16.03721,46.90291],[16.04425,46.90727],[16.04953,46.90824],[16.06206,46.9124],[16.06117,46.91709],[16.06248,46.9234],[16.06783,46.93111],[16.07257,46.93363],[16.08154,46.93404],[16.09292,46.93506],[16.0941,46.93916],[16.09596,46.94126],[16.09565,46.95285],[16.09708,46.95546],[16.10168,46.96022],[16.10822,46.96533],[16.10993,46.96954],[16.11005,46.97441],[16.11147,46.97679],[16.11437,46.97896],[16.11834,46.98035],[16.12184,46.9881],[16.12458,46.99063],[16.12909,46.99293],[16.13279,46.99385],[16.13674,46.99377],[16.14359,46.99144],[16.15491,46.99044],[16.15635,46.99306],[16.15128,46.99548],[16.14914,47.00005],[16.14237,47.00297],[16.14048,47.00543],[16.13964,47.0092],[16.13374,47.01185],[16.1277,47.01944],[16.12673,47.0229],[16.12239,47.02794],[16.11913,47.03387],[16.11905,47.03659],[16.1204,47.03918],[16.12054,47.04374],[16.11734,47.04739],[16.11272,47.04898],[16.11005,47.05123],[16.10864,47.05406],[16.10798,47.05796],[16.10655,47.06051],[16.10167,47.06088],[16.09779,47.06207],[16.09491,47.06422],[16.08969,47.07213],[16.08863,47.07686],[16.09028,47.08165],[16.08925,47.0864],[16.09089,47.08929],[16.09448,47.09301],[16.09287,47.09705],[16.09213,47.101],[16.09301,47.1047],[16.09564,47.1096],[16.09896,47.11163],[16.1022,47.11251],[16.10818,47.11832],[16.10792,47.12158],[16.1098,47.1272],[16.11317,47.13088],[16.11292,47.13439],[16.11537,47.14284],[16.11282,47.15277],[16.11225,47.15707],[16.11303,47.16007],[16.10816,47.17081],[16.10783,47.17619],[16.10371,47.18276],[16.10228,47.18688],[16.09607,47.19493],[16.09234,47.20081],[16.09216,47.20429],[16.0903,47.20878],[16.08807,47.21116],[16.0872,47.21389],[16.08803,47.21685],[16.0862,47.21957],[16.08419,47.22463],[16.08438,47.22759],[16.08631,47.23329],[16.08545,47.23766],[16.08816,47.24182],[16.08651,47.24461],[16.08646,47.24745],[16.08094,47.25751],[16.08168,47.26333],[16.0792,47.2667],[16.07503,47.27546],[16.07173,47.27819],[16.06655,47.28684],[16.06539,47.2928],[16.06234,47.29738],[16.06269,47.30249],[16.05975,47.30601],[16.05892,47.30908],[16.05981,47.31258],[16.05917,47.31461],[16.05314,47.31923],[16.05049,47.3245],[16.04986,47.32762],[16.05109,47.33176],[16.04802,47.3355],[16.04428,47.33899],[16.04346,47.34197],[16.03881,47.34542],[16.03596,47.35045],[16.03581,47.35357],[16.03066,47.35735],[16.02603,47.36374],[16.02583,47.36646],[16.02714,47.36903],[16.02976,47.37109],[16.03353,47.37255],[16.03297,47.37534],[16.03402,47.37822],[16.0367,47.38057],[16.04271,47.38225],[16.05091,47.38268],[16.06186,47.38408],[16.06509,47.38711],[16.06392,47.39211],[16.06603,47.39636],[16.06897,47.39827],[16.07276,47.39929],[16.07879,47.39884],[16.08217,47.39729],[16.09241,47.39006],[16.09338,47.38991],[16.10421,47.39481],[16.10837,47.39548],[16.10857,47.39756],[16.10385,47.40493],[16.10368,47.40769],[16.10626,47.41139],[16.10949,47.41305],[16.11545,47.41372],[16.12431,47.41259],[16.12784,47.41278],[16.13368,47.41488],[16.14238,47.41612],[16.14972,47.41909],[16.1566,47.41948],[16.17097,47.42135],[16.16699,47.42494],[16.16031,47.42684],[16.1522,47.43321],[16.14825,47.43529],[16.14098,47.44234],[16.13967,47.44668],[16.13515,47.45044],[16.13321,47.45284],[16.13307,47.45692],[16.13706,47.46197],[16.13259,47.46817],[16.12639,47.46997],[16.12129,47.47484],[16.11949,47.48108],[16.11974,47.48707],[16.11672,47.48923],[16.11408,47.49661],[16.11539,47.50068],[16.11866,47.50352],[16.11877,47.50668],[16.12177,47.51119],[16.11852,47.51312],[16.1126,47.51834],[16.10973,47.52325],[16.10655,47.52513],[16.09835,47.52434],[16.09416,47.5167],[16.09276,47.51166],[16.08866,47.50872],[16.084,47.50747],[16.07864,47.50451],[16.07457,47.50346],[16.0695,47.50349],[16.06463,47.50217],[16.06264,47.49483],[16.06076,47.49245],[16.05771,47.49072],[16.05394,47.48987],[16.04996,47.49002],[16.0462,47.49118],[16.04359,47.49294],[16.04137,47.49586],[16.04042,47.50123],[16.03712,47.50416],[16.03345,47.50597],[16.02467,47.51392],[16.02112,47.51575],[16.01506,47.51754],[16.00967,47.51753],[16.00288,47.51601],[15.99869,47.51617],[15.99018,47.51779],[15.98442,47.51789],[15.97786,47.52041],[15.97265,47.52099],[15.96562,47.51908],[15.959,47.51807],[15.95445,47.51864],[15.94975,47.5207],[15.94113,47.52588],[15.93816,47.52725],[15.92744,47.5298],[15.91787,47.53137],[15.91447,47.53293],[15.90611,47.54079],[15.90365,47.54587],[15.90344,47.54956],[15.9056,47.56067],[15.90379,47.56377],[15.88864,47.57157],[15.87461,47.57406],[15.86993,47.573],[15.86433,47.56954],[15.86044,47.5683],[15.85407,47.56859],[15.85046,47.57017],[15.84806,47.5726],[15.84678,47.57649],[15.84693,47.58128],[15.84599,47.58519],[15.84862,47.59031],[15.85014,47.59728],[15.85576,47.60279],[15.86005,47.60967],[15.86156,47.61553],[15.86048,47.62007],[15.85788,47.62072],[15.84658,47.61814],[15.84005,47.61898],[15.83506,47.62196],[15.83385,47.62346],[15.827,47.63507],[15.82215,47.63757],[15.80638,47.63536],[15.79827,47.63613],[15.78976,47.63977],[15.78573,47.63983],[15.78005,47.64216],[15.7723,47.63979],[15.76438,47.63525],[15.75907,47.63361],[15.75259,47.63384],[15.7489,47.63542],[15.7437,47.64157],[15.74044,47.64324],[15.73168,47.64611],[15.72885,47.64816],[15.72739,47.65078],[15.72752,47.65358],[15.72892,47.65696],[15.72852,47.66232],[15.72382,47.67324],[15.7203,47.68306],[15.72114,47.68756],[15.71889,47.69245],[15.7163,47.69533],[15.71556,47.6999],[15.71927,47.70623],[15.71931,47.70969],[15.71475,47.71158],[15.7053,47.71254],[15.69698,47.71194],[15.69496,47.71084],[15.69249,47.7065],[15.68964,47.7044],[15.6837,47.70302],[15.67954,47.7035],[15.67598,47.70503],[15.67213,47.70896],[15.66605,47.71043],[15.65994,47.7126],[15.65261,47.71734],[15.64853,47.71764],[15.64312,47.71713],[15.6391,47.71774],[15.63444,47.72043],[15.63126,47.72375],[15.62843,47.72916],[15.62449,47.73244],[15.62041,47.73823],[15.61678,47.74499],[15.61401,47.74709],[15.61132,47.75069],[15.60706,47.75192],[15.60429,47.75174],[15.59451,47.74934],[15.58582,47.74811],[15.57957,47.74872],[15.57171,47.74893],[15.56354,47.74693],[15.55931,47.74667],[15.5515,47.749],[15.53567,47.74624],[15.52973,47.74547],[15.52138,47.74687],[15.51787,47.74838],[15.51548,47.75069],[15.51458,47.75343],[15.51691,47.75818],[15.51769,47.76169],[15.51528,47.76411],[15.5072,47.76709],[15.4953,47.7692],[15.49104,47.76913],[15.48569,47.77006],[15.47243,47.77059],[15.46332,47.76963],[15.45934,47.77005],[15.44979,47.77326],[15.447,47.7755],[15.44404,47.78165],[15.44146,47.78514],[15.43895,47.79048],[15.43388,47.79119],[15.42626,47.78648],[15.42082,47.78501],[15.41618,47.78528],[15.41113,47.78737],[15.40904,47.78966],[15.40454,47.79976],[15.40532,47.80486],[15.40493,47.80852],[15.40598,47.81302],[15.40054,47.81453],[15.39551,47.81411],[15.39145,47.81477],[15.388,47.8163],[15.37982,47.8221],[15.37433,47.82408],[15.36483,47.82343],[15.35691,47.82519],[15.35113,47.82485],[15.34644,47.82548],[15.33913,47.82733],[15.3327,47.82649],[15.32903,47.82382],[15.3253,47.82222],[15.31159,47.82194],[15.30973,47.82087],[15.30371,47.81979],[15.2978,47.82055],[15.29788,47.8158],[15.29488,47.81262],[15.29284,47.80899],[15.29268,47.80664],[15.29396,47.80289],[15.29349,47.80027],[15.2893,47.79404],[15.28607,47.79198],[15.28188,47.79099],[15.27686,47.79111],[15.26966,47.79296],[15.2641,47.79318],[15.25745,47.79228],[15.25306,47.79261],[15.24615,47.79549],[15.23788,47.79789],[15.23497,47.79831],[15.22169,47.79583],[15.21795,47.79403],[15.2076,47.78633],[15.20643,47.77918],[15.20455,47.77648],[15.20192,47.77473],[15.20221,47.7707],[15.2063,47.7681],[15.20843,47.76413],[15.20781,47.76132],[15.2039,47.7574],[15.20041,47.75567],[15.19619,47.75502],[15.19117,47.7555],[15.1791,47.75573],[15.1717,47.75455],[15.16711,47.75511],[15.16107,47.75778],[15.15598,47.75821],[15.14909,47.7573],[15.14265,47.75871],[15.13982,47.76065],[15.13664,47.75984],[15.13299,47.75398],[15.13069,47.75224],[15.12905,47.74897],[15.12614,47.74695],[15.1223,47.74585],[15.10715,47.7437],[15.0979,47.74304],[15.09136,47.74172],[15.08147,47.74211],[15.07181,47.7418],[15.06808,47.74097],[15.05905,47.74079],[15.05372,47.74235],[15.03641,47.75189],[15.03418,47.75255],[15.02915,47.75236],[15.02568,47.74971],[15.01473,47.74525],[15.00418,47.74377],[14.99732,47.74145],[14.99094,47.7406],[14.98321,47.74072],[14.97651,47.74294],[14.97273,47.74251],[14.96782,47.73818],[14.96444,47.73675],[14.95864,47.73566],[14.95254,47.73286],[14.94387,47.72571],[14.94199,47.72338],[14.93219,47.71699],[14.92906,47.713],[14.92565,47.71107],[14.91527,47.7093],[14.90627,47.71025],[14.9037,47.71089],[14.88311,47.71407],[14.87837,47.71682],[14.87687,47.71948],[14.87562,47.72443],[14.8706,47.73345],[14.8637,47.73907],[14.86126,47.74177],[14.85611,47.74056],[14.84755,47.73715],[14.84349,47.73671],[14.83769,47.73802],[14.83484,47.74003],[14.83316,47.74325],[14.82271,47.74496],[14.81914,47.74414],[14.81239,47.73926],[14.80817,47.73803],[14.79999,47.73765],[14.79699,47.73595],[14.79062,47.73454],[14.78194,47.73116],[14.77738,47.72895],[14.77316,47.72824],[14.76887,47.72872],[14.76522,47.73032],[14.76067,47.73356],[14.74579,47.73754],[14.74176,47.73936],[14.73858,47.74253],[14.73794,47.74522],[14.73884,47.74925],[14.73755,47.75046],[14.72945,47.75257],[14.72606,47.75456],[14.72103,47.75621],[14.71807,47.75849],[14.71357,47.76055],[14.70773,47.761],[14.70238,47.76397],[14.6977,47.76516],[14.69214,47.76065],[14.68908,47.75887],[14.68693,47.75458],[14.68392,47.75146],[14.6773,47.74725],[14.67493,47.74388],[14.67235,47.74185],[14.66605,47.73961],[14.65859,47.73982],[14.65245,47.73816],[14.65169,47.73615],[14.6471,47.73025],[14.64397,47.7283],[14.63995,47.72733],[14.63437,47.72754],[14.62845,47.72984],[14.62324,47.72998],[14.61473,47.7311],[14.60932,47.72894],[14.60365,47.72862],[14.59664,47.72442],[14.59205,47.72268],[14.58902,47.71967],[14.58561,47.7183],[14.57392,47.7161],[14.56531,47.71674],[14.55838,47.71963],[14.55412,47.72002],[14.55155,47.71835],[14.53818,47.71327],[14.53305,47.71274],[14.52704,47.70971],[14.52012,47.70366],[14.52191,47.69984],[14.52464,47.69747],[14.52586,47.69456],[14.52322,47.68744],[14.52096,47.68462],[14.51442,47.68172],[14.51154,47.67953],[14.50342,47.67792],[14.48867,47.68111],[14.48418,47.68041],[14.47987,47.6781],[14.4774,47.67598],[14.47362,47.67427],[14.46944,47.67069],[14.45673,47.66551],[14.44951,47.66381],[14.44702,47.65844],[14.44484,47.65645],[14.43741,47.65316],[14.43297,47.65267],[14.42629,47.65304],[14.42257,47.65423],[14.41959,47.65622],[14.40858,47.65416],[14.39987,47.65324],[14.39628,47.65182],[14.39312,47.64908],[14.39255,47.64639],[14.39418,47.64232],[14.39375,47.63952],[14.39028,47.63605],[14.37848,47.63272],[14.37513,47.63086],[14.3714,47.62997],[14.36661,47.63018],[14.36146,47.62905],[14.3448,47.62269],[14.33467,47.61838],[14.32899,47.61114],[14.32408,47.60893],[14.31426,47.6073],[14.31018,47.60751],[14.30373,47.60938],[14.29353,47.60926],[14.28724,47.61131],[14.28081,47.6142],[14.26634,47.61104],[14.26088,47.61146],[14.25588,47.61334],[14.25111,47.61894],[14.24861,47.62063],[14.23447,47.6287],[14.22585,47.63905],[14.22539,47.64196],[14.22668,47.64476],[14.23158,47.65073],[14.21851,47.65033],[14.20744,47.6521],[14.20381,47.65168],[14.19919,47.64925],[14.19406,47.64573],[14.18706,47.64431],[14.1833,47.64059],[14.1777,47.63857],[14.16834,47.63943],[14.15914,47.63654],[14.15491,47.6364],[14.14887,47.63701],[14.14403,47.63647],[14.13363,47.63091],[14.13024,47.62943],[14.12174,47.62762],[14.1102,47.62695],[14.10084,47.62365],[14.09524,47.62288],[14.09239,47.62079],[14.08711,47.61931],[14.08056,47.61877],[14.06767,47.61667],[14.06322,47.61727],[14.05826,47.61888],[14.05532,47.62098],[14.05374,47.62525],[14.04993,47.62712],[14.04709,47.63057],[14.04769,47.63698],[14.05472,47.66578],[14.05463,47.66881],[14.05316,47.67036],[14.04522,47.67602],[14.03877,47.67832],[14.036,47.67983],[14.01965,47.69154],[14.01286,47.69873],[14.0083,47.70188],[14.00358,47.70326],[13.99785,47.70266],[13.99357,47.70016],[13.98436,47.69853],[13.98014,47.69857],[13.97626,47.69971],[13.96385,47.70556],[13.95408,47.7089],[13.95021,47.70933],[13.93706,47.70914],[13.93334,47.70877],[13.92206,47.70623],[13.91815,47.70632],[13.91456,47.70735],[13.90776,47.7106],[13.90435,47.71522],[13.90381,47.71761],[13.89476,47.71851],[13.88647,47.72207],[13.88289,47.72264],[13.87615,47.72635],[13.87171,47.72529],[13.86539,47.72588],[13.86096,47.72734],[13.85876,47.72198],[13.85626,47.7192],[13.85135,47.71696],[13.84541,47.71684],[13.84031,47.71833],[13.83426,47.71846],[13.82178,47.71602],[13.80127,47.71521],[13.79327,47.71291],[13.78935,47.71321],[13.78552,47.71456],[13.7817,47.71784],[13.77977,47.71805],[13.7691,47.70968],[13.76609,47.70533],[13.76212,47.70242],[13.75533,47.6996],[13.75082,47.69071],[13.74835,47.68851],[13.74484,47.6871],[13.73775,47.686],[13.73449,47.68492],[13.73428,47.67952],[13.73344,47.67689],[13.73123,47.67466],[13.72797,47.67312],[13.72186,47.67245],[13.71579,47.66888],[13.71119,47.6655],[13.70554,47.66318],[13.70725,47.65785],[13.70671,47.65408],[13.7048,47.64878],[13.70465,47.64504],[13.70028,47.63718],[13.6939,47.63192],[13.69453,47.62684],[13.69261,47.62154],[13.69658,47.6086],[13.6984,47.605],[13.69876,47.59879],[13.69747,47.59619],[13.69408,47.59213],[13.69311,47.5879],[13.69456,47.58253],[13.69393,47.57907],[13.69974,47.58059],[13.70601,47.58013],[13.70948,47.57849],[13.71211,47.57539],[13.72088,47.57673],[13.72949,47.577],[13.7335,47.57607],[13.73666,47.57416],[13.74135,47.56777],[13.74729,47.56097],[13.75436,47.55361],[13.75501,47.54951],[13.75351,47.54693],[13.75068,47.54493],[13.74631,47.54345],[13.746,47.54079],[13.75087,47.52632],[13.75227,47.52454]]]}},{"type":"Feature","properties":{"level":"subregion","subregionId":"wien","nameJa":"ウィーン"},"geometry":{"type":"Polygon","coordinates":[[[16.31205,48.11978],[16.31459,48.12436],[16.31759,48.12601],[16.32234,48.13334],[16.3251,48.13525],[16.32872,48.13636],[16.33269,48.13651],[16.35092,48.13266],[16.35845,48.12961],[16.36877,48.12776],[16.38136,48.12647],[16.39699,48.12451],[16.40301,48.12198],[16.40802,48.11903],[16.4106,48.11872],[16.41486,48.12043],[16.42416,48.122],[16.43644,48.12015],[16.43404,48.12569],[16.43318,48.13175],[16.43552,48.13567],[16.44073,48.13803],[16.45139,48.13887],[16.45482,48.13991],[16.4682,48.14852],[16.47751,48.15479],[16.48162,48.15591],[16.4885,48.15544],[16.49256,48.15699],[16.50377,48.15706],[16.51149,48.15827],[16.51885,48.15746],[16.52837,48.15384],[16.53314,48.15101],[16.54038,48.14498],[16.54731,48.14218],[16.55291,48.14073],[16.5623,48.13897],[16.57454,48.13622],[16.57602,48.1368],[16.57824,48.14402],[16.57671,48.15209],[16.57451,48.15615],[16.57427,48.15898],[16.57164,48.16216],[16.56895,48.16305],[16.56278,48.16274],[16.55899,48.16344],[16.5536,48.16535],[16.54988,48.16894],[16.55,48.17509],[16.54861,48.17723],[16.54226,48.17853],[16.5383,48.18154],[16.53729,48.18415],[16.53987,48.19408],[16.53686,48.2008],[16.53848,48.2055],[16.54232,48.20992],[16.54564,48.21476],[16.54687,48.21965],[16.54671,48.2233],[16.54801,48.22829],[16.55174,48.23671],[16.55194,48.23857],[16.54789,48.24226],[16.54459,48.24418],[16.54261,48.24704],[16.54229,48.2518],[16.54674,48.26298],[16.53802,48.26419],[16.53215,48.26285],[16.5266,48.26316],[16.52309,48.26416],[16.51576,48.26876],[16.51141,48.27286],[16.50983,48.2755],[16.50991,48.27835],[16.51447,48.28543],[16.51278,48.28719],[16.50922,48.28804],[16.49509,48.29238],[16.48141,48.29436],[16.48096,48.29236],[16.48254,48.28595],[16.48153,48.28321],[16.47902,48.28094],[16.47333,48.27915],[16.46711,48.27979],[16.45822,48.28365],[16.4433,48.29061],[16.4404,48.29427],[16.44017,48.30315],[16.43792,48.31007],[16.43798,48.31634],[16.43375,48.31751],[16.42472,48.32123],[16.42013,48.32207],[16.41534,48.3217],[16.4041,48.31921],[16.39957,48.31947],[16.39215,48.32182],[16.38322,48.31731],[16.37982,48.3148],[16.37993,48.31293],[16.38275,48.30769],[16.38164,48.30321],[16.37943,48.30121],[16.37569,48.29582],[16.37427,48.29066],[16.37151,48.28825],[16.36557,48.28514],[16.35899,48.28437],[16.35517,48.28512],[16.35201,48.28675],[16.34945,48.28936],[16.34557,48.28947],[16.3432,48.28425],[16.34074,48.28218],[16.33732,48.28084],[16.32888,48.279],[16.31948,48.27897],[16.31612,48.2776],[16.31314,48.27526],[16.308,48.27319],[16.30362,48.27277],[16.2999,48.2733],[16.29601,48.27277],[16.28901,48.27071],[16.28667,48.26795],[16.28687,48.26488],[16.28568,48.26233],[16.28318,48.26024],[16.27181,48.25643],[16.26586,48.2556],[16.26408,48.25454],[16.26529,48.25166],[16.265,48.24888],[16.26315,48.24639],[16.25764,48.24185],[16.25172,48.24015],[16.24539,48.24101],[16.24209,48.2429],[16.23979,48.24754],[16.23352,48.24981],[16.22643,48.25355],[16.21986,48.2577],[16.2153,48.25878],[16.20868,48.2625],[16.20511,48.26149],[16.20421,48.25662],[16.19955,48.25183],[16.1961,48.24507],[16.19572,48.23249],[16.19485,48.22955],[16.19001,48.22585],[16.18492,48.22428],[16.18472,48.22239],[16.19189,48.22099],[16.19517,48.21894],[16.19766,48.21521],[16.20172,48.21223],[16.20332,48.20786],[16.2028,48.20613],[16.20599,48.20173],[16.20629,48.19877],[16.20438,48.1914],[16.20276,48.18903],[16.19017,48.1778],[16.18778,48.17394],[16.18477,48.17063],[16.19401,48.16599],[16.19614,48.16382],[16.19715,48.15831],[16.19886,48.15568],[16.20289,48.15544],[16.20669,48.15402],[16.20934,48.15171],[16.21043,48.14868],[16.2161,48.14173],[16.21992,48.13855],[16.2218,48.13342],[16.2211,48.1307],[16.21594,48.12545],[16.22073,48.12384],[16.22467,48.12471],[16.23475,48.12898],[16.24559,48.13083],[16.25001,48.13081],[16.25549,48.12987],[16.25971,48.13034],[16.26607,48.13288],[16.27044,48.13332],[16.27452,48.13279],[16.28193,48.13081],[16.29389,48.12914],[16.29732,48.12766],[16.301,48.12443],[16.30729,48.121],[16.31205,48.11978]]]}}]}