{"type":"FeatureCollection","features":[{"type":"Feature","geometry":{"type":"Polygon","coordinates":[[[14.73854,47.74743],[14.7373,47.74551],[14.73737,47.74406],[14.73919,47.7413],[14.74176,47.73936],[14.74579,47.73754],[14.75128,47.73589],[14.75722,47.73456],[14.76092,47.73349],[14.76287,47.7326],[14.76492,47.73007],[14.76626,47.72685],[14.76737,47.72651],[14.77124,47.72724],[14.77561,47.72784],[14.78218,47.73126],[14.78792,47.73365],[14.79062,47.73454],[14.79835,47.73603],[14.79997,47.73768],[14.80398,47.73794],[14.80877,47.73785],[14.81223,47.73905],[14.81451,47.74054],[14.81949,47.74437],[14.8206,47.74501],[14.82226,47.74506],[14.82753,47.74392],[14.83322,47.74333],[14.83302,47.74116],[14.83164,47.73929],[14.83185,47.73835],[14.83748,47.73424],[14.84018,47.73394],[14.85604,47.7406],[14.85916,47.74115],[14.86125,47.74183],[14.86374,47.73903],[14.87047,47.7337],[14.87563,47.72442],[14.87668,47.7203],[14.87641,47.7163],[14.87669,47.71579],[14.87939,47.71452],[14.88168,47.7141],[14.89097,47.71283],[14.90372,47.71089],[14.90642,47.71021],[14.91125,47.7098],[14.91482,47.70715],[14.92031,47.71023],[14.92728,47.71018],[14.9288,47.71095],[14.92998,47.71291],[14.93087,47.71537],[14.93219,47.71699],[14.93364,47.71805],[14.93884,47.72107],[14.94209,47.72333],[14.94396,47.72579],[14.94839,47.72971],[14.95254,47.73286],[14.95864,47.73566],[14.96017,47.73609],[14.9653,47.73673],[14.96689,47.73711],[14.9725,47.74243],[14.97389,47.74306],[14.97638,47.74302],[14.98172,47.74077],[14.98318,47.7406],[14.99094,47.7406],[14.99732,47.74145],[15.00412,47.74375],[15.01091,47.74464],[15.01493,47.74532],[15.01965,47.74702],[15.02793,47.75071],[15.0291,47.75239],[15.03379,47.75267],[15.03608,47.75207],[15.05434,47.74201],[15.05634,47.74002],[15.06011,47.74046],[15.06349,47.74109],[15.06625,47.74017],[15.06857,47.74051],[15.07127,47.7418],[15.07611,47.74182],[15.08167,47.74212],[15.08275,47.742],[15.08464,47.74096],[15.0881,47.74082],[15.08865,47.74183],[15.091,47.74167],[15.09483,47.74218],[15.0979,47.74304],[15.10717,47.7437],[15.12133,47.74574],[15.12853,47.74632],[15.13069,47.74691],[15.13225,47.74786],[15.13237,47.74882],[15.1307,47.75235],[15.13347,47.75375],[15.13419,47.75448],[15.13479,47.75735],[15.13636,47.7597],[15.1378,47.76058],[15.13984,47.76073],[15.14308,47.75786],[15.14487,47.75712],[15.14943,47.75718],[15.15616,47.75821],[15.15928,47.7582],[15.16084,47.75791],[15.16683,47.75503],[15.16886,47.75429],[15.1721,47.75443],[15.17895,47.75575],[15.19131,47.7555],[15.19538,47.75506],[15.19886,47.75373],[15.20066,47.75387],[15.20271,47.75571],[15.20494,47.75843],[15.20911,47.76112],[15.20991,47.76205],[15.20999,47.76352],[15.20841,47.76655],[15.20914,47.769],[15.20778,47.76984],[15.20395,47.7696],[15.20219,47.77058],[15.20141,47.77322],[15.20181,47.77474],[15.20573,47.77674],[15.20662,47.77782],[15.20663,47.78169],[15.20784,47.78408],[15.20753,47.78633],[15.20929,47.78819],[15.2133,47.79039],[15.21803,47.7941],[15.22131,47.79576],[15.23451,47.79838],[15.23771,47.79803],[15.24026,47.79685],[15.24275,47.79662],[15.246,47.79565],[15.24768,47.79447],[15.25001,47.79368],[15.25291,47.79228],[15.25786,47.79152],[15.25823,47.79228],[15.26063,47.79279],[15.26419,47.79319],[15.26934,47.79305],[15.27686,47.79111],[15.28212,47.79082],[15.28644,47.78968],[15.28857,47.7901],[15.29089,47.79246],[15.29121,47.79363],[15.29041,47.79545],[15.29198,47.79828],[15.2933,47.79918],[15.29498,47.79942],[15.29426,47.80077],[15.2941,47.80301],[15.29264,47.80687],[15.29266,47.80887],[15.29376,47.80948],[15.29477,47.81258],[15.2971,47.81301],[15.29774,47.81355],[15.29829,47.81713],[15.29887,47.81922],[15.29775,47.8206],[15.30637,47.81922],[15.30764,47.81936],[15.31158,47.82199],[15.31447,47.82162],[15.31795,47.82222],[15.32018,47.82071],[15.32261,47.82025],[15.32392,47.82041],[15.32602,47.82141],[15.32884,47.82334],[15.33083,47.82535],[15.33281,47.82656],[15.33501,47.82737],[15.33913,47.82733],[15.34287,47.82662],[15.34644,47.82548],[15.35113,47.82485],[15.35712,47.8252],[15.35937,47.82491],[15.36057,47.82404],[15.36083,47.82291],[15.37474,47.82409],[15.37556,47.82401],[15.37765,47.82266],[15.37946,47.82237],[15.38391,47.81906],[15.38657,47.81759],[15.38768,47.81647],[15.38994,47.81547],[15.39078,47.81385],[15.39248,47.8135],[15.39199,47.81142],[15.39485,47.81279],[15.39626,47.81405],[15.40046,47.81458],[15.406,47.81311],[15.40636,47.81094],[15.40513,47.8099],[15.40438,47.80723],[15.40537,47.80481],[15.40493,47.80233],[15.40334,47.79926],[15.40502,47.7979],[15.40634,47.79631],[15.40696,47.79407],[15.40828,47.79181],[15.40891,47.78944],[15.41042,47.78618],[15.41209,47.78502],[15.41694,47.78487],[15.41872,47.78503],[15.42139,47.78426],[15.42419,47.78501],[15.42657,47.78651],[15.42978,47.78911],[15.43201,47.78989],[15.4338,47.79122],[15.4364,47.79121],[15.43891,47.79057],[15.44063,47.7885],[15.44087,47.78648],[15.44164,47.7847],[15.44406,47.78159],[15.44644,47.77611],[15.44897,47.77331],[15.44929,47.77205],[15.45078,47.77142],[15.45475,47.77182],[15.4584,47.77024],[15.46079,47.7689],[15.46259,47.76888],[15.46565,47.76985],[15.46957,47.77045],[15.47239,47.77065],[15.47552,47.77021],[15.48569,47.77006],[15.49102,47.76903],[15.49545,47.76918],[15.49743,47.76891],[15.49979,47.76807],[15.50401,47.76782],[15.5073,47.76707],[15.51014,47.76585],[15.5119,47.76477],[15.51527,47.76416],[15.51774,47.76179],[15.51716,47.75842],[15.51549,47.75665],[15.51479,47.75522],[15.51134,47.75269],[15.50903,47.75225],[15.50987,47.75138],[15.51062,47.74947],[15.51226,47.74833],[15.51443,47.74605],[15.51734,47.74615],[15.51894,47.74578],[15.52183,47.74668],[15.52411,47.74646],[15.52723,47.7454],[15.52983,47.74532],[15.53567,47.74624],[15.53819,47.74699],[15.54274,47.74749],[15.55111,47.74909],[15.55264,47.74889],[15.55433,47.74801],[15.55504,47.74641],[15.55584,47.74595],[15.56314,47.7455],[15.56556,47.7475],[15.5679,47.74834],[15.57173,47.749],[15.57951,47.74873],[15.58422,47.74796],[15.586,47.74804],[15.59137,47.74903],[15.59451,47.74934],[15.60443,47.75177],[15.6069,47.75198],[15.61122,47.75085],[15.61198,47.75002],[15.61166,47.74728],[15.61262,47.7462],[15.61592,47.74589],[15.61678,47.74499],[15.6183,47.74219],[15.62011,47.73986],[15.61999,47.73777],[15.62153,47.73634],[15.62439,47.73239],[15.62766,47.73006],[15.62843,47.72916],[15.63127,47.72373],[15.63381,47.72112],[15.63472,47.71954],[15.6361,47.71538],[15.64536,47.71725],[15.6489,47.71765],[15.65244,47.71748],[15.65728,47.71448],[15.65979,47.71247],[15.66618,47.71039],[15.67188,47.70913],[15.6729,47.70854],[15.67396,47.70664],[15.67441,47.70426],[15.67419,47.70247],[15.67505,47.70092],[15.67745,47.69972],[15.68007,47.6997],[15.68361,47.70125],[15.68666,47.70317],[15.69121,47.70451],[15.69294,47.70694],[15.69484,47.7108],[15.69678,47.71196],[15.70258,47.71226],[15.70504,47.71261],[15.70991,47.71183],[15.71495,47.71157],[15.71736,47.71101],[15.71929,47.70981],[15.71976,47.70874],[15.71943,47.70642],[15.71686,47.70293],[15.71556,47.6999],[15.71552,47.69686],[15.71608,47.69531],[15.71897,47.69231],[15.72087,47.68926],[15.72114,47.68756],[15.72026,47.68397],[15.72029,47.68245],[15.72322,47.6756],[15.72382,47.67324],[15.72852,47.66232],[15.72906,47.65964],[15.72892,47.65696],[15.72852,47.65542],[15.72584,47.65139],[15.72569,47.64704],[15.72655,47.64638],[15.73573,47.6449],[15.74055,47.6432],[15.74353,47.64175],[15.74582,47.63954],[15.7456,47.63769],[15.74117,47.63329],[15.74503,47.63139],[15.74793,47.63137],[15.76027,47.63385],[15.76438,47.63525],[15.76946,47.63831],[15.7723,47.63979],[15.7755,47.64068],[15.77999,47.64225],[15.78253,47.63905],[15.78973,47.63982],[15.79724,47.63609],[15.80363,47.63564],[15.80646,47.63513],[15.82201,47.63767],[15.8268,47.63534],[15.82935,47.63222],[15.82932,47.63112],[15.83225,47.62599],[15.8349,47.62179],[15.84156,47.61788],[15.84567,47.61783],[15.84693,47.61805],[15.85764,47.6208],[15.86045,47.62018],[15.86161,47.61849],[15.86156,47.61553],[15.86005,47.60967],[15.85769,47.60554],[15.85572,47.60274],[15.85263,47.59966],[15.8492,47.59782],[15.84933,47.59254],[15.84871,47.59031],[15.84614,47.58701],[15.84588,47.58469],[15.84693,47.58113],[15.84678,47.57649],[15.8479,47.57238],[15.84763,47.56943],[15.84791,47.56847],[15.8493,47.56723],[15.85062,47.56676],[15.85276,47.56675],[15.85744,47.5673],[15.85954,47.56722],[15.86382,47.56623],[15.86516,47.56663],[15.86664,47.57122],[15.86963,47.57293],[15.87438,47.57412],[15.88826,47.57177],[15.89795,47.56687],[15.90403,47.56365],[15.9052,47.56286],[15.9056,47.56067],[15.90344,47.54956],[15.90365,47.54587],[15.90443,47.54335],[15.90615,47.54074],[15.91188,47.53584],[15.91254,47.53295],[15.914,47.53103],[15.91495,47.53086],[15.92215,47.5308],[15.92744,47.5298],[15.93816,47.52725],[15.94113,47.52588],[15.94974,47.5207],[15.95325,47.519],[15.95582,47.51822],[15.9584,47.51803],[15.96098,47.51818],[15.9659,47.51914],[15.97219,47.52102],[15.97586,47.5209],[15.97762,47.52055],[15.98153,47.51851],[15.98342,47.51791],[15.98546,47.51772],[15.99049,47.51776],[15.99565,47.51705],[15.99862,47.51593],[16.00187,47.51578],[16.00365,47.51605],[16.00981,47.51754],[16.01303,47.51775],[16.01506,47.51754],[16.02112,47.51575],[16.02467,47.51392],[16.0308,47.50821],[16.03203,47.50734],[16.03352,47.50521],[16.03688,47.50437],[16.04035,47.5014],[16.0409,47.50042],[16.04051,47.49893],[16.04137,47.49586],[16.04355,47.49274],[16.04526,47.49136],[16.04784,47.49055],[16.05115,47.48867],[16.05155,47.48672],[16.05316,47.48509],[16.05463,47.48462],[16.05895,47.48391],[16.06339,47.48453],[16.06455,47.48553],[16.06317,47.48869],[16.06338,47.49059],[16.06435,47.49403],[16.06305,47.4964],[16.06364,47.49953],[16.06444,47.50213],[16.06682,47.503],[16.0692,47.5035],[16.07432,47.50341],[16.07582,47.50298],[16.07601,47.50177],[16.07745,47.50025],[16.0797,47.49929],[16.08012,47.50036],[16.0806,47.50496],[16.08114,47.50606],[16.084,47.50747],[16.08644,47.50805],[16.08944,47.50838],[16.09207,47.50971],[16.09416,47.51176],[16.09443,47.51245],[16.09392,47.51488],[16.09408,47.51662],[16.09692,47.5212],[16.09824,47.52441],[16.1021,47.52432],[16.10638,47.52519],[16.10807,47.52485],[16.10984,47.52315],[16.11137,47.52096],[16.11146,47.51778],[16.11207,47.51718],[16.11603,47.51593],[16.11533,47.51448],[16.11299,47.51279],[16.11182,47.51087],[16.11244,47.50941],[16.11432,47.50795],[16.11533,47.50828],[16.11741,47.51016],[16.12034,47.51213],[16.12184,47.51125],[16.12136,47.51015],[16.11979,47.50891],[16.1188,47.50737],[16.11853,47.50564],[16.1187,47.50351],[16.11751,47.50245],[16.1151,47.50156],[16.11397,47.49958],[16.11398,47.49774],[16.11317,47.49661],[16.1149,47.49431],[16.11527,47.49314],[16.11466,47.49122],[16.11609,47.48872],[16.11987,47.48703],[16.11931,47.48107],[16.12047,47.47858],[16.12059,47.47728],[16.11964,47.4762],[16.11699,47.4751],[16.11631,47.47389],[16.12119,47.4737],[16.12287,47.47308],[16.12252,47.47068],[16.12611,47.4683],[16.12725,47.46803],[16.13093,47.46868],[16.13257,47.46825],[16.13448,47.46562],[16.13561,47.4628],[16.13712,47.46196],[16.13692,47.46076],[16.13334,47.45968],[16.13266,47.45851],[16.13275,47.45445],[16.13209,47.45324],[16.13283,47.45179],[16.13441,47.45066],[16.13805,47.44878],[16.13966,47.44686],[16.13994,47.44567],[16.13882,47.44413],[16.13914,47.44292],[16.14273,47.44059],[16.1457,47.43747],[16.14825,47.43529],[16.1522,47.43321],[16.15723,47.42952],[16.15885,47.42807],[16.15968,47.42646],[16.16208,47.42528],[16.16649,47.42501],[16.16744,47.42473],[16.17075,47.42241],[16.17108,47.42134],[16.17482,47.42274],[16.17693,47.42324],[16.1815,47.42273],[16.18513,47.42272],[16.1892,47.4219],[16.19213,47.42173],[16.19778,47.42214],[16.20061,47.42263],[16.20577,47.42405],[16.20993,47.42427],[16.2125,47.42461],[16.2195,47.42632],[16.22273,47.42686],[16.22661,47.42908],[16.23056,47.43192],[16.23309,47.43284],[16.23684,47.43515],[16.24129,47.43709],[16.24215,47.44031],[16.24312,47.44124],[16.24715,47.44235],[16.2518,47.44641],[16.25415,47.44987],[16.25574,47.45088],[16.26212,47.45199],[16.26477,47.4523],[16.26942,47.45539],[16.27219,47.45594],[16.27448,47.45489],[16.27602,47.45537],[16.27984,47.45483],[16.28243,47.45712],[16.28468,47.45962],[16.28905,47.46314],[16.29093,47.46406],[16.2959,47.46575],[16.2998,47.4673],[16.30096,47.46834],[16.30403,47.47301],[16.30349,47.47427],[16.3013,47.47523],[16.2957,47.47713],[16.29601,47.47815],[16.2983,47.47888],[16.30134,47.47898],[16.30497,47.47969],[16.30751,47.47965],[16.30948,47.47998],[16.31123,47.48076],[16.31317,47.48233],[16.31475,47.48451],[16.312,47.48757],[16.31202,47.48883],[16.31555,47.4914],[16.32124,47.49464],[16.32413,47.49585],[16.32616,47.49612],[16.32646,47.49694],[16.3257,47.49862],[16.32597,47.50028],[16.32965,47.50331],[16.33195,47.50593],[16.33481,47.5097],[16.33649,47.51249],[16.33806,47.5145],[16.33988,47.5162],[16.3386,47.51747],[16.33952,47.5198],[16.33843,47.5231],[16.33815,47.52494],[16.33743,47.52585],[16.33386,47.52719],[16.3279,47.53079],[16.3271,47.53375],[16.3253,47.536],[16.32269,47.5375],[16.32071,47.53831],[16.31843,47.53989],[16.31639,47.54063],[16.3139,47.54266],[16.3104,47.54398],[16.3108,47.54489],[16.31058,47.54711],[16.31148,47.54846],[16.31194,47.55184],[16.31349,47.55484],[16.31363,47.55667],[16.31492,47.55797],[16.31615,47.55999],[16.31566,47.56194],[16.3142,47.56527],[16.31692,47.56681],[16.32018,47.56931],[16.3213,47.57084],[16.3227,47.57435],[16.32426,47.57578],[16.3264,47.57697],[16.32754,47.57852],[16.33007,47.58276],[16.33042,47.58474],[16.33032,47.58697],[16.33124,47.58929],[16.33102,47.59227],[16.3295,47.59611],[16.32975,47.59807],[16.33151,47.60026],[16.33374,47.60145],[16.3374,47.60197],[16.33991,47.60271],[16.3433,47.60258],[16.34585,47.60314],[16.34761,47.60449],[16.34887,47.60646],[16.34946,47.60892],[16.35432,47.61039],[16.35454,47.61182],[16.35301,47.61313],[16.34832,47.61502],[16.34856,47.61701],[16.3522,47.61878],[16.35504,47.6214],[16.35731,47.62184],[16.36168,47.62204],[16.36731,47.62193],[16.36954,47.62235],[16.37129,47.62408],[16.37152,47.62648],[16.37101,47.62853],[16.36802,47.63409],[16.36722,47.63609],[16.3677,47.63713],[16.37088,47.63903],[16.37169,47.63999],[16.37254,47.64214],[16.37269,47.64416],[16.37152,47.64642],[16.37037,47.64787],[16.3681,47.64969],[16.36155,47.65588],[16.35986,47.65834],[16.35956,47.66007],[16.35929,47.66463],[16.35505,47.67001],[16.35298,47.67221],[16.35411,47.67431],[16.35452,47.677],[16.3565,47.67913],[16.35624,47.68003],[16.35135,47.6812],[16.34795,47.68134],[16.3463,47.68108],[16.34422,47.67942],[16.34011,47.68032],[16.3392,47.6803],[16.33495,47.67918],[16.33129,47.68023],[16.32609,47.68277],[16.317,47.68646],[16.31261,47.68762],[16.30776,47.68843],[16.30745,47.68972],[16.30877,47.69367],[16.30858,47.69529],[16.30404,47.69932],[16.30337,47.70229],[16.30298,47.70659],[16.30136,47.70941],[16.29688,47.71412],[16.295,47.71592],[16.29453,47.71774],[16.29441,47.7213],[16.2941,47.72267],[16.29268,47.72491],[16.29177,47.72703],[16.29164,47.73084],[16.29255,47.73542],[16.29315,47.73678],[16.29569,47.73876],[16.29628,47.73983],[16.29656,47.74176],[16.29515,47.74422],[16.29564,47.74565],[16.29771,47.74691],[16.29958,47.74912],[16.29962,47.7507],[16.29842,47.75731],[16.29926,47.75895],[16.29897,47.76104],[16.29721,47.76332],[16.29663,47.76626],[16.2957,47.7676],[16.29413,47.7683],[16.29398,47.76907],[16.29548,47.77075],[16.29806,47.77545],[16.30225,47.78193],[16.30255,47.78501],[16.30002,47.78809],[16.2994,47.78838],[16.292,47.78983],[16.28863,47.78919],[16.27656,47.79322],[16.27519,47.79079],[16.26973,47.7915],[16.26942,47.79274],[16.26961,47.79482],[16.27182,47.79877],[16.2724,47.80095],[16.27477,47.80502],[16.27597,47.80901],[16.27808,47.81085],[16.27925,47.81128],[16.28455,47.81164],[16.29121,47.81026],[16.2974,47.80931],[16.30669,47.80806],[16.31272,47.80698],[16.31305,47.80578],[16.30962,47.8044],[16.30999,47.80197],[16.31157,47.79759],[16.31018,47.79419],[16.30812,47.79238],[16.30729,47.79113],[16.30754,47.79002],[16.31051,47.78777],[16.31308,47.78807],[16.31408,47.78707],[16.31646,47.78624],[16.31988,47.78723],[16.32412,47.78892],[16.32514,47.79056],[16.3264,47.79425],[16.32957,47.79849],[16.33231,47.80126],[16.33442,47.8023],[16.34031,47.80335],[16.34475,47.80375],[16.34832,47.80578],[16.35015,47.8085],[16.35012,47.81083],[16.34939,47.81248],[16.34832,47.81612],[16.34888,47.81743],[16.35146,47.81921],[16.35746,47.82234],[16.36078,47.82332],[16.36639,47.82485],[16.376,47.82724],[16.37678,47.82782],[16.37531,47.8297],[16.37198,47.83193],[16.37312,47.83336],[16.37578,47.83498],[16.37855,47.83701],[16.38176,47.83856],[16.3863,47.84125],[16.38738,47.84223],[16.38788,47.84355],[16.38614,47.84643],[16.38382,47.84811],[16.37526,47.85269],[16.36961,47.85492],[16.36673,47.85632],[16.35898,47.8611],[16.3528,47.86475],[16.35025,47.86601],[16.35092,47.86695],[16.35267,47.86719],[16.35576,47.86626],[16.3581,47.86681],[16.36022,47.86899],[16.36296,47.87023],[16.36908,47.87063],[16.37173,47.87167],[16.37421,47.87211],[16.37698,47.87335],[16.38007,47.87506],[16.38179,47.87573],[16.38266,47.87668],[16.38317,47.87854],[16.38582,47.87793],[16.39115,47.88213],[16.3994,47.87769],[16.40145,47.87647],[16.40464,47.87745],[16.40825,47.88054],[16.41184,47.88119],[16.41233,47.88211],[16.4091,47.88398],[16.40874,47.88466],[16.40998,47.88579],[16.41468,47.88869],[16.41751,47.89005],[16.41756,47.89109],[16.41585,47.89268],[16.41185,47.8931],[16.41045,47.89375],[16.41189,47.89569],[16.41422,47.89646],[16.41562,47.8962],[16.41776,47.89431],[16.41923,47.89471],[16.4196,47.89666],[16.42133,47.89892],[16.42122,47.90008],[16.42274,47.90159],[16.42353,47.90549],[16.41945,47.90602],[16.41917,47.90723],[16.42072,47.90754],[16.4213,47.9086],[16.42373,47.91156],[16.42215,47.91217],[16.41974,47.91166],[16.41907,47.91293],[16.42013,47.91353],[16.42375,47.91381],[16.4262,47.91589],[16.4263,47.91766],[16.42695,47.91852],[16.43149,47.9216],[16.43447,47.92452],[16.43598,47.92649],[16.43721,47.92746],[16.43933,47.92786],[16.44089,47.92863],[16.44405,47.92887],[16.44528,47.92953],[16.44754,47.93277],[16.44897,47.93369],[16.45538,47.93452],[16.46214,47.93773],[16.46633,47.93929],[16.46719,47.93934],[16.46994,47.93759],[16.47236,47.9372],[16.47622,47.93797],[16.48029,47.93827],[16.48401,47.93977],[16.48643,47.94164],[16.48976,47.94209],[16.49478,47.94152],[16.50066,47.94009],[16.5044,47.93976],[16.50754,47.94089],[16.51161,47.94088],[16.51216,47.94236],[16.5131,47.9432],[16.51791,47.94354],[16.52056,47.94018],[16.52225,47.93631],[16.52342,47.93485],[16.52481,47.934],[16.52635,47.93215],[16.52896,47.93002],[16.53155,47.92874],[16.5327,47.9278],[16.53408,47.92586],[16.54005,47.92148],[16.54105,47.91943],[16.54327,47.91736],[16.54624,47.91574],[16.54771,47.91339],[16.55284,47.90981],[16.55364,47.90706],[16.55635,47.90285],[16.56064,47.90057],[16.56329,47.89979],[16.56642,47.89948],[16.5687,47.89716],[16.57144,47.89525],[16.57336,47.89335],[16.57469,47.89139],[16.5746,47.88847],[16.57549,47.88732],[16.57794,47.88691],[16.58078,47.88876],[16.58238,47.89062],[16.58563,47.89596],[16.58875,47.90214],[16.59141,47.90333],[16.59656,47.90433],[16.60057,47.90635],[16.60141,47.90733],[16.60447,47.90959],[16.60728,47.91336],[16.61095,47.91636],[16.61635,47.92029],[16.62044,47.92368],[16.62502,47.92692],[16.62985,47.92836],[16.63096,47.9291],[16.63132,47.93098],[16.63016,47.93326],[16.62961,47.93544],[16.62971,47.93846],[16.63019,47.94401],[16.631,47.94514],[16.63459,47.94641],[16.63847,47.94692],[16.64395,47.94929],[16.64581,47.94964],[16.65046,47.94995],[16.65202,47.9505],[16.65267,47.95152],[16.65281,47.95577],[16.65394,47.95745],[16.65647,47.95921],[16.65788,47.95975],[16.65958,47.95973],[16.66214,47.9578],[16.66307,47.95769],[16.66733,47.9607],[16.66843,47.96101],[16.67791,47.9605],[16.67961,47.96052],[16.68289,47.96142],[16.68586,47.9625],[16.69448,47.96408],[16.69871,47.96566],[16.70016,47.96762],[16.70037,47.97389],[16.69968,47.97586],[16.69841,47.97765],[16.69459,47.98148],[16.69418,47.983],[16.69446,47.98681],[16.69524,47.98959],[16.69908,47.98931],[16.69979,47.99043],[16.69984,48.00183],[16.70038,48.00859],[16.70116,48.01089],[16.7025,48.01207],[16.70443,48.01216],[16.70491,48.01046],[16.70679,48.01064],[16.70714,48.01221],[16.71179,48.01295],[16.71378,48.01266],[16.71568,48.0118],[16.71793,48.012],[16.72416,48.01014],[16.72515,48.0097],[16.72976,48.00976],[16.73428,48.01245],[16.73491,48.01263],[16.73763,48.01101],[16.73889,48.01099],[16.74037,48.01193],[16.73882,48.0128],[16.73954,48.0136],[16.74291,48.01331],[16.74521,48.01408],[16.74678,48.01413],[16.74763,48.01304],[16.74894,48.01275],[16.75136,48.01341],[16.75358,48.01264],[16.75848,48.01344],[16.76411,48.01499],[16.76853,48.01758],[16.77194,48.01817],[16.77463,48.02006],[16.77745,48.02052],[16.78096,48.02059],[16.78213,48.02113],[16.78264,48.0228],[16.78439,48.02302],[16.78708,48.02182],[16.79056,48.02229],[16.79636,48.0245],[16.7977,48.02527],[16.79847,48.02867],[16.80192,48.02844],[16.80405,48.02865],[16.80486,48.02759],[16.80696,48.02874],[16.80924,48.02765],[16.81022,48.02944],[16.8119,48.02827],[16.81353,48.02822],[16.81542,48.02996],[16.81909,48.02997],[16.82152,48.02949],[16.8221,48.02896],[16.82548,48.02804],[16.82838,48.02791],[16.83097,48.0293],[16.83644,48.03142],[16.83687,48.03215],[16.83661,48.03654],[16.83638,48.03713],[16.83414,48.0381],[16.83276,48.03811],[16.82789,48.03991],[16.83037,48.04229],[16.83388,48.04402],[16.8371,48.04428],[16.84172,48.04659],[16.84179,48.04851],[16.84347,48.0496],[16.84376,48.05248],[16.8467,48.05524],[16.84939,48.05631],[16.85179,48.05638],[16.85479,48.05568],[16.85556,48.05613],[16.85816,48.06001],[16.86091,48.06014],[16.86167,48.06069],[16.86209,48.06274],[16.86321,48.0637],[16.86639,48.06557],[16.86844,48.06775],[16.87216,48.07062],[16.87337,48.07106],[16.8752,48.07083],[16.88012,48.06872],[16.88202,48.06836],[16.88343,48.06869],[16.88564,48.0701],[16.88882,48.07113],[16.89028,48.07276],[16.89376,48.07276],[16.89584,48.07208],[16.90099,48.07097],[16.90549,48.07019],[16.91076,48.06868],[16.91708,48.06654],[16.91984,48.06343],[16.91988,48.06219],[16.91731,48.05944],[16.91604,48.05734],[16.91568,48.05604],[16.91612,48.0547],[16.91774,48.05328],[16.91824,48.05198],[16.92115,48.05034],[16.92376,48.05038],[16.92875,48.04987],[16.93063,48.04841],[16.9378,48.04739],[16.94332,48.04635],[16.94992,48.0464],[16.9519,48.04616],[16.95516,48.04528],[16.95784,48.04414],[16.96109,48.04312],[16.96348,48.04076],[16.966,48.04023],[16.96853,48.04041],[16.97054,48.03976],[16.97482,48.03534],[16.97506,48.0345],[16.9734,48.03397],[16.97288,48.03583],[16.9716,48.03499],[16.97083,48.03235],[16.96869,48.02964],[16.96876,48.02838],[16.96964,48.0268],[16.96966,48.02579],[16.97288,48.02614],[16.97515,48.02507],[16.97666,48.02371],[16.97891,48.02348],[16.98117,48.02535],[16.98471,48.02948],[16.9871,48.03405],[16.9874,48.03605],[16.98958,48.04021],[16.99451,48.05172],[16.99743,48.05639],[17.00578,48.06332],[17.00863,48.06739],[17.01253,48.07248],[17.01334,48.07403],[17.01325,48.07499],[17.01003,48.0776],[17.00488,48.08044],[16.99845,48.08441],[16.99557,48.08587],[16.98769,48.08876],[16.9808,48.09393],[16.9769,48.09499],[16.96915,48.09565],[16.96909,48.09749],[16.97248,48.10255],[16.974,48.10451],[16.97564,48.10467],[16.97685,48.10346],[16.97968,48.10368],[16.98375,48.10541],[16.98533,48.10733],[16.98471,48.11066],[16.98617,48.11125],[16.98891,48.11074],[16.99083,48.11006],[16.99816,48.10825],[16.99978,48.10658],[17.00314,48.09984],[17.00532,48.09946],[17.00892,48.10199],[17.01102,48.10268],[17.01454,48.10288],[17.01827,48.1037],[17.02053,48.10381],[17.02176,48.10325],[17.02477,48.10011],[17.0231,48.09907],[17.01809,48.09767],[17.01767,48.09634],[17.01849,48.09488],[17.01538,48.0939],[17.0043,48.0926],[17.00229,48.0913],[17.00389,48.09055],[17.00978,48.089],[17.01086,48.08932],[17.01355,48.09111],[17.03135,48.08636],[17.03477,48.08573],[17.03658,48.09028],[17.03855,48.09425],[17.04198,48.0953],[17.04245,48.09774],[17.04223,48.10003],[17.04272,48.10132],[17.04633,48.10282],[17.05515,48.10705],[17.06238,48.10914],[17.06301,48.11073],[17.06215,48.11269],[17.06276,48.11402],[17.06674,48.11868],[17.06473,48.12044],[17.06278,48.12149],[17.06218,48.12303],[17.0632,48.12351],[17.0651,48.12324],[17.06796,48.12354],[17.06884,48.12412],[17.06716,48.12634],[17.06787,48.12705],[17.06628,48.1282],[17.06556,48.12935],[17.06261,48.13178],[17.06014,48.13576],[17.06163,48.136],[17.06126,48.13822],[17.05944,48.14123],[17.05738,48.14179],[17.05719,48.14373],[17.04503,48.14085],[17.03904,48.13986],[17.0338,48.1398],[17.02737,48.14074],[17.02516,48.14156],[17.02335,48.14275],[17.0185,48.14852],[17.01325,48.1529],[17.00949,48.15489],[16.99967,48.15871],[16.9938,48.16164],[16.98401,48.16815],[16.9762,48.17224],[16.97549,48.17492],[16.97551,48.17684],[16.97608,48.17874],[16.97726,48.18106],[16.97744,48.18213],[16.97652,48.18581],[16.9764,48.18949],[16.97546,48.19135],[16.97197,48.19553],[16.9699,48.20148],[16.96712,48.20513],[16.96522,48.21023],[16.9625,48.21348],[16.96194,48.21538],[16.96218,48.21918],[16.96183,48.22069],[16.95939,48.22457],[16.95583,48.22789],[16.94856,48.23227],[16.94676,48.23435],[16.94607,48.2362],[16.94669,48.24158],[16.94822,48.24382],[16.94866,48.24627],[16.94975,48.24856],[16.94979,48.25224],[16.95143,48.25672],[16.95198,48.25758],[16.95648,48.2617],[16.95718,48.26348],[16.95601,48.26452],[16.95218,48.26576],[16.94973,48.2682],[16.94764,48.26977],[16.94373,48.27081],[16.93989,48.27076],[16.93622,48.27113],[16.93245,48.27093],[16.92778,48.27108],[16.92393,48.27172],[16.92242,48.27221],[16.9199,48.27393],[16.92018,48.27622],[16.91937,48.27796],[16.91815,48.27905],[16.91412,48.28129],[16.91192,48.28423],[16.90884,48.28697],[16.90701,48.28919],[16.90645,48.29078],[16.90622,48.29308],[16.90557,48.29433],[16.90407,48.29569],[16.90159,48.29711],[16.89984,48.29959],[16.89936,48.30271],[16.89876,48.30452],[16.89764,48.30641],[16.89575,48.30842],[16.89483,48.3099],[16.89484,48.31239],[16.89595,48.3143],[16.89785,48.31586],[16.90312,48.31786],[16.90495,48.319],[16.90897,48.32325],[16.90922,48.32533],[16.90764,48.32667],[16.90109,48.32796],[16.89715,48.32951],[16.89451,48.33141],[16.88915,48.33196],[16.88259,48.33562],[16.87967,48.33632],[16.87402,48.33689],[16.87263,48.33741],[16.87035,48.33892],[16.86942,48.3403],[16.86975,48.34181],[16.87086,48.34277],[16.87428,48.34447],[16.8752,48.34561],[16.875,48.34718],[16.87322,48.34877],[16.87133,48.34897],[16.86849,48.34804],[16.86638,48.34793],[16.8614,48.34919],[16.85968,48.34932],[16.85509,48.34803],[16.85254,48.34787],[16.84876,48.3484],[16.84483,48.35001],[16.84316,48.35138],[16.84237,48.35333],[16.84228,48.35479],[16.84324,48.35734],[16.84291,48.35924],[16.84066,48.36168],[16.83917,48.36481],[16.83926,48.36594],[16.84122,48.36977],[16.84105,48.37194],[16.83983,48.3734],[16.83738,48.37509],[16.83389,48.37894],[16.83323,48.38108],[16.8347,48.38319],[16.83785,48.38396],[16.83965,48.38375],[16.84362,48.38201],[16.84506,48.38178],[16.84933,48.38243],[16.85066,48.3835],[16.85091,48.38442],[16.85028,48.38803],[16.85049,48.39054],[16.85108,48.39146],[16.85469,48.39385],[16.8557,48.39514],[16.85591,48.39644],[16.85531,48.39886],[16.85212,48.40328],[16.85088,48.40573],[16.85027,48.40808],[16.85052,48.41006],[16.85144,48.41158],[16.85317,48.41312],[16.85588,48.41469],[16.86235,48.4177],[16.86366,48.4197],[16.86302,48.42097],[16.86027,48.42265],[16.8589,48.42383],[16.85699,48.42622],[16.85447,48.43004],[16.85164,48.43509],[16.85111,48.43863],[16.85087,48.44515],[16.84941,48.44759],[16.85039,48.44968],[16.85297,48.45125],[16.85838,48.45108],[16.86007,48.45138],[16.86269,48.45261],[16.86424,48.45474],[16.86367,48.45596],[16.86027,48.45753],[16.85947,48.45933],[16.86288,48.46229],[16.8639,48.4646],[16.86476,48.46544],[16.86675,48.46613],[16.87174,48.46644],[16.87393,48.46748],[16.87514,48.46903],[16.87636,48.47224],[16.87865,48.47453],[16.88076,48.47747],[16.88277,48.47772],[16.88576,48.47608],[16.88894,48.47571],[16.89033,48.47702],[16.89005,48.47976],[16.89139,48.48195],[16.89478,48.48346],[16.89581,48.4846],[16.89629,48.48605],[16.89549,48.48758],[16.89079,48.49002],[16.88996,48.49167],[16.89063,48.49268],[16.89714,48.49714],[16.90015,48.49813],[16.90305,48.49844],[16.90634,48.49828],[16.90731,48.49788],[16.90892,48.4957],[16.90979,48.49514],[16.91281,48.49435],[16.91576,48.49476],[16.9175,48.49638],[16.91697,48.49791],[16.9144,48.49988],[16.91385,48.50089],[16.91438,48.5034],[16.91302,48.50689],[16.91301,48.51017],[16.91361,48.51159],[16.91491,48.5128],[16.9161,48.51302],[16.9198,48.51257],[16.92221,48.51354],[16.92232,48.51484],[16.92037,48.51673],[16.91966,48.51788],[16.92018,48.51954],[16.92179,48.52028],[16.9307,48.52047],[16.93547,48.52144],[16.94062,48.52072],[16.94318,48.52165],[16.94388,48.52289],[16.94051,48.5255],[16.94036,48.52706],[16.94144,48.52882],[16.94323,48.53034],[16.94598,48.53214],[16.94842,48.53324],[16.94938,48.53446],[16.95058,48.53811],[16.95383,48.5429],[16.95379,48.54471],[16.95183,48.54644],[16.94888,48.54724],[16.94746,48.54802],[16.94503,48.55055],[16.94281,48.55222],[16.94265,48.55402],[16.94443,48.55682],[16.94466,48.56003],[16.94358,48.56148],[16.94045,48.56328],[16.93851,48.56538],[16.93592,48.5704],[16.93543,48.57316],[16.93603,48.57569],[16.93889,48.58063],[16.93916,48.58329],[16.93893,48.58456],[16.93722,48.58886],[16.93575,48.59531],[16.93369,48.59941],[16.93369,48.60135],[16.93483,48.60224],[16.9395,48.60362],[16.94105,48.6048],[16.94202,48.60623],[16.942,48.61039],[16.93997,48.61296],[16.93933,48.61449],[16.94028,48.61725],[16.93855,48.61828],[16.93472,48.61923],[16.93035,48.61934],[16.92769,48.6191],[16.92583,48.61997],[16.92362,48.62047],[16.92155,48.6217],[16.91936,48.62195],[16.91878,48.62301],[16.9202,48.62398],[16.91886,48.62562],[16.91897,48.62653],[16.92101,48.62835],[16.9235,48.62864],[16.92407,48.62947],[16.92295,48.63055],[16.92328,48.63138],[16.92521,48.63169],[16.92602,48.6325],[16.92568,48.6359],[16.92801,48.63765],[16.92825,48.63947],[16.92693,48.64106],[16.92401,48.6432],[16.92284,48.64437],[16.92069,48.64517],[16.92101,48.64904],[16.91965,48.64967],[16.91928,48.65141],[16.92035,48.65386],[16.92224,48.65573],[16.92176,48.65649],[16.92325,48.65798],[16.92331,48.6592],[16.92239,48.65993],[16.92204,48.66326],[16.92282,48.66533],[16.92223,48.6675],[16.92327,48.66909],[16.92306,48.67019],[16.91969,48.67252],[16.91811,48.67333],[16.91423,48.67345],[16.91273,48.67386],[16.91049,48.67572],[16.91013,48.67789],[16.91122,48.68039],[16.91311,48.68163],[16.91298,48.68391],[16.91336,48.68515],[16.9157,48.68708],[16.91631,48.68811],[16.91682,48.69178],[16.91854,48.69316],[16.91821,48.69414],[16.91697,48.69479],[16.91606,48.69644],[16.91683,48.69992],[16.91641,48.70068],[16.91379,48.70248],[16.9126,48.70558],[16.9108,48.70712],[16.90803,48.70787],[16.90483,48.70933],[16.90389,48.71005],[16.90246,48.71214],[16.90334,48.71348],[16.90565,48.71396],[16.90564,48.71535],[16.90332,48.71631],[16.90202,48.71798],[16.90074,48.71792],[16.89759,48.71593],[16.89546,48.71646],[16.89328,48.71578],[16.89178,48.71575],[16.88762,48.7166],[16.88605,48.71617],[16.8792,48.723],[16.87668,48.72178],[16.87642,48.71997],[16.87434,48.71811],[16.87212,48.71688],[16.87355,48.71584],[16.87048,48.71362],[16.86944,48.71249],[16.85272,48.71186],[16.84902,48.71216],[16.84151,48.7115],[16.83426,48.71654],[16.82726,48.71109],[16.82226,48.71033],[16.81629,48.71025],[16.80536,48.71219],[16.80606,48.70909],[16.80432,48.70858],[16.8019,48.70731],[16.79992,48.70588],[16.79966,48.70936],[16.79831,48.71081],[16.79649,48.7101],[16.79207,48.71191],[16.78986,48.71385],[16.78634,48.7133],[16.78554,48.71281],[16.78224,48.71271],[16.78009,48.71323],[16.77924,48.71227],[16.77817,48.71414],[16.77578,48.71195],[16.77321,48.71249],[16.76946,48.71432],[16.76721,48.71668],[16.7637,48.71874],[16.75975,48.7165],[16.75728,48.71698],[16.75875,48.71879],[16.75484,48.71964],[16.75338,48.72064],[16.75205,48.72476],[16.75028,48.72664],[16.74728,48.73212],[16.74429,48.73177],[16.73955,48.73049],[16.73745,48.73063],[16.73719,48.72962],[16.73583,48.72961],[16.73479,48.73047],[16.73612,48.73186],[16.73279,48.73381],[16.72904,48.73317],[16.72782,48.73425],[16.72955,48.73552],[16.72854,48.73662],[16.72403,48.73814],[16.71657,48.73818],[16.71124,48.73758],[16.70754,48.73681],[16.70656,48.73765],[16.70541,48.73525],[16.70429,48.73506],[16.70112,48.73654],[16.70033,48.73594],[16.69372,48.73283],[16.6918,48.73106],[16.68862,48.72928],[16.68259,48.72779],[16.68012,48.73376],[16.67883,48.73507],[16.67555,48.73732],[16.67354,48.7406],[16.67395,48.74286],[16.67836,48.74703],[16.6805,48.7493],[16.68091,48.75097],[16.68014,48.75354],[16.67941,48.75996],[16.67761,48.76659],[16.67615,48.76945],[16.67465,48.77153],[16.66639,48.77375],[16.664,48.77554],[16.66405,48.77663],[16.66581,48.77806],[16.66364,48.77871],[16.6642,48.7804],[16.66374,48.78101],[16.65639,48.78299],[16.65591,48.78246],[16.65348,48.78329],[16.65391,48.78445],[16.65126,48.78517],[16.64849,48.78521],[16.64396,48.78582],[16.63455,48.78577],[16.63329,48.78514],[16.63197,48.78273],[16.63021,48.78176],[16.6306,48.78043],[16.62738,48.78008],[16.62734,48.78076],[16.62415,48.78096],[16.6226,48.78073],[16.61797,48.78147],[16.61564,48.78096],[16.60992,48.78056],[16.60001,48.78165],[16.59323,48.78279],[16.59364,48.78444],[16.59364,48.78685],[16.58237,48.79207],[16.57937,48.79219],[16.57659,48.79329],[16.5738,48.79351],[16.56707,48.79312],[16.56517,48.79356],[16.56388,48.79529],[16.56157,48.79743],[16.56055,48.79927],[16.55907,48.80059],[16.55784,48.80106],[16.55555,48.80364],[16.54965,48.80658],[16.5474,48.80882],[16.54485,48.81048],[16.54075,48.81428],[16.53405,48.81083],[16.53389,48.80949],[16.53278,48.80767],[16.53092,48.80647],[16.52808,48.80551],[16.52902,48.80403],[16.52343,48.79977],[16.51863,48.79825],[16.51614,48.80265],[16.50843,48.80176],[16.49989,48.80123],[16.48468,48.80161],[16.47839,48.8021],[16.47417,48.80483],[16.46773,48.80731],[16.46447,48.80989],[16.46041,48.80903],[16.45904,48.80808],[16.46282,48.8063],[16.46101,48.80585],[16.46189,48.80464],[16.45352,48.80183],[16.4487,48.79938],[16.44703,48.79688],[16.4467,48.79563],[16.44775,48.79058],[16.43997,48.78384],[16.43746,48.77969],[16.4377,48.77866],[16.43576,48.77819],[16.43523,48.77658],[16.43927,48.77432],[16.43761,48.76851],[16.435,48.76563],[16.42747,48.76209],[16.42583,48.76226],[16.42445,48.76145],[16.42276,48.7621],[16.41645,48.75655],[16.41566,48.75499],[16.41355,48.75393],[16.4149,48.75337],[16.41257,48.75162],[16.40951,48.74435],[16.41045,48.74342],[16.405,48.74139],[16.40342,48.74211],[16.40225,48.74109],[16.40057,48.74107],[16.39923,48.73833],[16.39519,48.73636],[16.3941,48.73643],[16.39271,48.73769],[16.39227,48.73913],[16.38855,48.7389],[16.38907,48.73704],[16.38802,48.73519],[16.38564,48.73497],[16.38308,48.73323],[16.38456,48.73229],[16.38379,48.73067],[16.37799,48.72847],[16.37813,48.7295],[16.37736,48.73098],[16.36646,48.72804],[16.35977,48.72807],[16.36042,48.73024],[16.35821,48.73006],[16.35549,48.7321],[16.35144,48.73364],[16.35726,48.73782],[16.35366,48.74076],[16.34974,48.74216],[16.34616,48.74077],[16.34469,48.74176],[16.34429,48.74448],[16.34297,48.74559],[16.3414,48.74537],[16.33748,48.73449],[16.33623,48.7323],[16.33277,48.73212],[16.33173,48.73147],[16.32988,48.73125],[16.32963,48.73254],[16.32687,48.73196],[16.32458,48.73188],[16.31703,48.73286],[16.31306,48.73306],[16.31036,48.73384],[16.3097,48.73484],[16.3067,48.73688],[16.30532,48.73865],[16.30273,48.73946],[16.29902,48.73972],[16.29847,48.73844],[16.29663,48.73766],[16.2945,48.73811],[16.28829,48.74019],[16.28516,48.73988],[16.28178,48.74098],[16.2779,48.74151],[16.27302,48.74128],[16.26832,48.74134],[16.26403,48.7381],[16.26305,48.73701],[16.25397,48.73847],[16.2487,48.73963],[16.24045,48.73962],[16.23375,48.74023],[16.2235,48.7401],[16.20441,48.74294],[16.189,48.74326],[16.17766,48.7451],[16.17273,48.74631],[16.16311,48.74699],[16.16171,48.7475],[16.15472,48.74845],[16.15297,48.74715],[16.15325,48.74525],[16.1519,48.7453],[16.15038,48.74454],[16.14989,48.74319],[16.14307,48.74421],[16.13927,48.74541],[16.13894,48.74275],[16.11797,48.74669],[16.11717,48.74825],[16.11178,48.74729],[16.11203,48.74587],[16.10687,48.74535],[16.10288,48.7454],[16.09282,48.74687],[16.08034,48.7498],[16.07481,48.75193],[16.06467,48.75485],[16.05283,48.76102],[16.04608,48.76263],[16.04118,48.76413],[16.02103,48.77206],[16.01447,48.77391],[16.01288,48.77364],[16.00701,48.77606],[16.00217,48.777],[15.99436,48.77933],[15.99096,48.78254],[15.98654,48.78603],[15.9712,48.7944],[15.96889,48.79668],[15.96578,48.79816],[15.96441,48.79844],[15.96206,48.79826],[15.95957,48.79845],[15.95627,48.80101],[15.95261,48.80274],[15.94962,48.80525],[15.95009,48.80648],[15.95006,48.80919],[15.95198,48.81392],[15.95564,48.81752],[15.95868,48.81948],[15.95988,48.81979],[15.95969,48.82096],[15.95799,48.82327],[15.95429,48.82368],[15.94853,48.82244],[15.94671,48.82251],[15.94557,48.82362],[15.94628,48.82467],[15.94809,48.82556],[15.94791,48.82668],[15.94619,48.82774],[15.94416,48.82799],[15.94182,48.82773],[15.94024,48.8271],[15.94029,48.82583],[15.94131,48.82275],[15.94042,48.8195],[15.93765,48.81884],[15.93457,48.81911],[15.92856,48.82206],[15.92554,48.82312],[15.92417,48.82456],[15.92667,48.82676],[15.92689,48.83061],[15.93062,48.83292],[15.93045,48.83398],[15.92886,48.83441],[15.92177,48.83502],[15.92091,48.83557],[15.92061,48.83808],[15.91984,48.83877],[15.91715,48.83875],[15.91493,48.83711],[15.91031,48.83699],[15.90697,48.83553],[15.90266,48.83601],[15.89962,48.83569],[15.89474,48.83444],[15.89301,48.83476],[15.89181,48.8362],[15.89089,48.83862],[15.89152,48.84234],[15.8932,48.84338],[15.89475,48.84075],[15.8973,48.83825],[15.899,48.83773],[15.90267,48.8374],[15.90413,48.8378],[15.90518,48.8389],[15.90457,48.84101],[15.90169,48.84414],[15.90146,48.84469],[15.89765,48.84836],[15.89543,48.84913],[15.89329,48.84892],[15.89164,48.84486],[15.89016,48.84308],[15.88849,48.8422],[15.88652,48.84187],[15.88426,48.84213],[15.88146,48.84498],[15.87975,48.84819],[15.88018,48.84992],[15.87986,48.85253],[15.88088,48.85385],[15.88069,48.85559],[15.87788,48.8583],[15.87786,48.85899],[15.874,48.86055],[15.87164,48.86042],[15.87128,48.85884],[15.87417,48.85839],[15.87538,48.85661],[15.87466,48.85473],[15.87296,48.85382],[15.86434,48.85236],[15.86262,48.85293],[15.86064,48.8546],[15.85829,48.85721],[15.85744,48.85771],[15.8548,48.85793],[15.85151,48.85764],[15.84483,48.85882],[15.84274,48.8596],[15.84109,48.86077],[15.84167,48.86213],[15.84719,48.86365],[15.85035,48.86504],[15.85211,48.86665],[15.85199,48.86819],[15.84942,48.87],[15.84407,48.87261],[15.84295,48.8746],[15.845,48.87569],[15.84154,48.87712],[15.83872,48.87751],[15.83689,48.87682],[15.83529,48.87452],[15.83275,48.87263],[15.82757,48.87104],[15.82549,48.87135],[15.82241,48.87265],[15.81641,48.87316],[15.81309,48.87307],[15.80613,48.87223],[15.79257,48.8739],[15.78921,48.87393],[15.78436,48.87446],[15.78184,48.87438],[15.77958,48.87489],[15.77859,48.87413],[15.7769,48.87183],[15.77492,48.87003],[15.77356,48.86735],[15.77219,48.86543],[15.77075,48.86411],[15.76011,48.85581],[15.75764,48.85432],[15.75443,48.85288],[15.75363,48.85218],[15.75116,48.85214],[15.74539,48.85333],[15.74173,48.85444],[15.7381,48.85515],[15.72497,48.85633],[15.71359,48.85805],[15.71471,48.85965],[15.7082,48.8607],[15.7053,48.85978],[15.69786,48.85841],[15.69496,48.85601],[15.69257,48.85553],[15.68969,48.85567],[15.68645,48.85703],[15.68574,48.85883],[15.68471,48.86012],[15.68093,48.86344],[15.67828,48.86502],[15.67375,48.86664],[15.67173,48.86771],[15.66946,48.86952],[15.66903,48.87037],[15.66401,48.87527],[15.66076,48.87681],[15.65673,48.88067],[15.65268,48.88284],[15.64614,48.88456],[15.64374,48.88546],[15.64238,48.88664],[15.64002,48.88653],[15.63891,48.88729],[15.63705,48.8866],[15.63742,48.8854],[15.63677,48.88464],[15.63227,48.88464],[15.63031,48.88502],[15.62543,48.88882],[15.6258,48.89079],[15.62362,48.89243],[15.6207,48.8938],[15.61959,48.8956],[15.61243,48.89825],[15.61067,48.8965],[15.60665,48.89657],[15.60166,48.89718],[15.58971,48.89649],[15.58709,48.89599],[15.58387,48.8961],[15.58068,48.8957],[15.57787,48.89588],[15.57523,48.89669],[15.56936,48.89998],[15.55947,48.90433],[15.54903,48.90622],[15.54099,48.90803],[15.53493,48.91001],[15.53064,48.91088],[15.52815,48.91172],[15.52128,48.91253],[15.51339,48.91412],[15.51186,48.91493],[15.5107,48.91652],[15.5091,48.91789],[15.50653,48.91902],[15.50528,48.92203],[15.50549,48.92575],[15.5032,48.92781],[15.50353,48.92982],[15.50235,48.93289],[15.50228,48.9356],[15.49892,48.93816],[15.49628,48.93924],[15.4894,48.94061],[15.4863,48.94265],[15.48366,48.94357],[15.48109,48.94379],[15.47704,48.94449],[15.47732,48.9457],[15.47339,48.94637],[15.47358,48.9474],[15.46938,48.95066],[15.46849,48.95181],[15.46637,48.95149],[15.46518,48.95025],[15.46161,48.94876],[15.45951,48.94691],[15.45589,48.94528],[15.4526,48.94761],[15.45167,48.94905],[15.45051,48.94979],[15.44676,48.95017],[15.44389,48.95101],[15.44098,48.95029],[15.43488,48.94992],[15.42954,48.95119],[15.42475,48.9516],[15.41968,48.95401],[15.41335,48.95605],[15.41127,48.95729],[15.40485,48.96255],[15.4034,48.96343],[15.40002,48.96424],[15.39578,48.96456],[15.39366,48.9652],[15.39097,48.96707],[15.39011,48.96965],[15.38898,48.9712],[15.38903,48.97254],[15.38407,48.97383],[15.37992,48.97602],[15.37552,48.977],[15.37453,48.97751],[15.37192,48.97973],[15.3693,48.98021],[15.36698,48.98188],[15.36588,48.98171],[15.35995,48.9823],[15.35746,48.98215],[15.3535,48.98398],[15.35001,48.98433],[15.34803,48.9848],[15.34703,48.98401],[15.34438,48.9842],[15.34182,48.98392],[15.3408,48.98333],[15.33605,48.98322],[15.3339,48.98386],[15.33223,48.98482],[15.33107,48.98321],[15.32954,48.98245],[15.32771,48.98062],[15.32699,48.97919],[15.32173,48.97612],[15.3121,48.98075],[15.30569,48.97791],[15.30294,48.97939],[15.29969,48.97984],[15.29689,48.9807],[15.29604,48.98169],[15.29103,48.98431],[15.29226,48.98571],[15.29178,48.98692],[15.29368,48.98907],[15.29167,48.99027],[15.28948,48.99273],[15.28456,48.99315],[15.2807,48.99431],[15.27779,48.99461],[15.27684,48.99243],[15.27687,48.99037],[15.27597,48.98971],[15.27564,48.98783],[15.27578,48.98583],[15.27704,48.98493],[15.27794,48.98294],[15.28183,48.98074],[15.2802,48.97701],[15.27747,48.97364],[15.27633,48.97169],[15.27483,48.97053],[15.27189,48.96638],[15.26946,48.9671],[15.26715,48.96719],[15.26537,48.96404],[15.26727,48.96387],[15.26763,48.96143],[15.26908,48.95827],[15.2684,48.95702],[15.26456,48.95796],[15.26193,48.95759],[15.26199,48.95493],[15.26145,48.95392],[15.26006,48.9539],[15.25663,48.95501],[15.2532,48.95668],[15.24803,48.95799],[15.2464,48.95951],[15.24102,48.95942],[15.23852,48.95754],[15.23318,48.959],[15.2286,48.95899],[15.22445,48.96014],[15.22162,48.95849],[15.2172,48.95873],[15.21458,48.95817],[15.21279,48.95687],[15.20957,48.95752],[15.2094,48.95593],[15.20642,48.95445],[15.20531,48.95349],[15.20002,48.9522],[15.19919,48.95056],[15.19736,48.94827],[15.19223,48.94568],[15.19295,48.94461],[15.18926,48.94301],[15.18668,48.94407],[15.18189,48.94521],[15.17989,48.94661],[15.17702,48.94769],[15.17492,48.94689],[15.17363,48.94524],[15.17175,48.94486],[15.17177,48.9438],[15.17018,48.94303],[15.16806,48.94303],[15.16572,48.94397],[15.16025,48.94169],[15.16062,48.94328],[15.15913,48.94506],[15.15538,48.94613],[15.1576,48.94973],[15.1592,48.95064],[15.16173,48.95307],[15.16165,48.95499],[15.16243,48.95733],[15.16456,48.95838],[15.16687,48.95857],[15.1691,48.96043],[15.16979,48.96225],[15.16861,48.96427],[15.16845,48.96697],[15.16614,48.96876],[15.16558,48.96991],[15.16394,48.97079],[15.16216,48.97111],[15.15947,48.9721],[15.16315,48.97553],[15.16204,48.97771],[15.15319,48.97891],[15.15109,48.98094],[15.15115,48.98241],[15.15283,48.98442],[15.15644,48.98418],[15.15753,48.98483],[15.15864,48.98991],[15.15628,48.99329],[15.14862,48.99568],[15.14264,48.9971],[15.13794,48.99774],[15.13681,48.99764],[15.13419,48.9999],[15.13245,48.99953],[15.13016,48.99773],[15.12905,48.9975],[15.12566,48.99894],[15.12413,48.99889],[15.12192,48.99725],[15.11519,48.99918],[15.11038,48.9995],[15.10732,48.9988],[15.10564,48.99621],[15.10361,48.99505],[15.10257,48.99384],[15.09991,48.99488],[15.09203,48.99694],[15.08541,48.99793],[15.08125,48.99783],[15.07499,48.99813],[15.06679,48.99949],[15.06444,48.99973],[15.06408,49.00057],[15.06442,49.0043],[15.06564,49.00443],[15.06729,49.00624],[15.06699,49.00877],[15.06432,49.01213],[15.06543,49.01422],[15.06022,49.01466],[15.05851,49.01551],[15.05461,49.01558],[15.05252,49.01528],[15.0482,49.01402],[15.04556,49.0124],[15.04364,49.01233],[15.04118,49.01149],[15.03873,49.01179],[15.03668,49.01304],[15.03468,49.01314],[15.03181,49.01518],[15.0283,49.01555],[15.02778,49.01669],[15.02561,49.01875],[15.02173,49.02046],[15.02064,49.02053],[15.01665,49.01805],[15.01551,49.01848],[15.01311,49.01676],[15.01273,49.01538],[15.01146,49.01435],[15.00907,49.01343],[15.00492,49.01265],[15.00275,49.01145],[15.00221,49.01281],[15.0003,49.0126],[14.99968,49.01334],[14.99749,49.01406],[14.99592,49.01508],[14.99503,49.01456],[14.99338,49.01137],[14.99045,49.00965],[14.99185,49.00795],[14.995,49.00535],[14.99748,49.00436],[14.99889,49.00475],[15.0008,49.00372],[15.00024,49.00192],[14.99744,48.99866],[14.99659,48.99712],[14.99654,48.99571],[14.99572,48.99369],[14.99595,48.99251],[14.99728,48.99232],[14.99507,48.99007],[14.99117,48.98916],[14.9916,48.98804],[14.98775,48.98807],[14.98453,48.98658],[14.98384,48.98502],[14.98257,48.98417],[14.98046,48.981],[14.98097,48.9781],[14.97843,48.98044],[14.97815,48.97629],[14.97852,48.97446],[14.9762,48.971],[14.97782,48.96053],[14.97759,48.95815],[14.9765,48.95582],[14.97914,48.94904],[14.9806,48.94392],[14.98465,48.94153],[14.98335,48.94038],[14.98523,48.93946],[14.98653,48.93592],[14.98471,48.93413],[14.9837,48.93247],[14.98133,48.93156],[14.97943,48.9313],[14.97903,48.92804],[14.98119,48.92643],[14.98491,48.92446],[14.98386,48.92307],[14.98594,48.91948],[14.98956,48.91653],[14.99002,48.91588],[14.9903,48.90978],[14.99248,48.90597],[14.99293,48.90404],[14.99264,48.90156],[14.99156,48.89731],[14.9897,48.89695],[14.98726,48.89566],[14.98882,48.89475],[14.98892,48.89101],[14.98347,48.89095],[14.98383,48.87474],[14.97294,48.87465],[14.97331,48.86404],[14.97227,48.86056],[14.97241,48.85846],[14.97418,48.85497],[14.97337,48.85307],[14.97774,48.85312],[14.97821,48.85068],[14.98005,48.84969],[14.98199,48.84711],[14.98446,48.84601],[14.98453,48.84239],[14.97207,48.84227],[14.97189,48.83931],[14.96827,48.83679],[14.96833,48.83432],[14.96747,48.83104],[14.96854,48.82831],[14.96853,48.82479],[14.96974,48.8239],[14.96527,48.82001],[14.96093,48.81749],[14.95821,48.81393],[14.95741,48.81067],[14.95879,48.80621],[14.96051,48.80452],[14.95531,48.80136],[14.95651,48.80104],[14.95735,48.7996],[14.95522,48.79853],[14.9533,48.79567],[14.95338,48.79404],[14.95564,48.79275],[14.95467,48.79101],[14.95326,48.78978],[14.95659,48.788],[14.96839,48.785],[14.97508,48.78256],[14.98015,48.77916],[14.97805,48.77644],[14.98084,48.77528],[14.97933,48.77235],[14.97556,48.76883],[14.97017,48.76717],[14.9671,48.76433],[14.96508,48.76313],[14.96374,48.76315],[14.96075,48.7623],[14.95973,48.76044],[14.95741,48.75882],[14.9558,48.75808],[14.9532,48.7605],[14.95227,48.76175],[14.95043,48.76076],[14.94819,48.7629],[14.94587,48.76172],[14.94366,48.76125],[14.94011,48.7613],[14.93757,48.7622],[14.93463,48.7637],[14.9319,48.76656],[14.93081,48.76631],[14.9273,48.76678],[14.92697,48.76733],[14.92399,48.76781],[14.9232,48.76758],[14.91707,48.7696],[14.91501,48.76799],[14.91184,48.76705],[14.90621,48.767],[14.90227,48.76917],[14.89927,48.77141],[14.89637,48.77228],[14.89297,48.77239],[14.89203,48.77164],[14.8881,48.77007],[14.88699,48.77157],[14.88475,48.77189],[14.88448,48.77375],[14.88529,48.77544],[14.88635,48.77598],[14.88466,48.77797],[14.88255,48.77893],[14.8813,48.78011],[14.87715,48.78054],[14.87102,48.7803],[14.86939,48.78105],[14.86777,48.78022],[14.86318,48.77729],[14.86222,48.77709],[14.8577,48.7772],[14.85876,48.77597],[14.85716,48.77578],[14.85474,48.77706],[14.85114,48.7773],[14.85083,48.77842],[14.84889,48.7804],[14.84679,48.7807],[14.84533,48.77999],[14.84412,48.78292],[14.84254,48.78397],[14.83996,48.78254],[14.83743,48.78193],[14.83492,48.78207],[14.83292,48.7812],[14.82929,48.78049],[14.82726,48.7814],[14.82553,48.78385],[14.82475,48.78379],[14.82132,48.78238],[14.82021,48.78126],[14.81318,48.78037],[14.81041,48.77871],[14.80867,48.7788],[14.80831,48.77744],[14.8088,48.77449],[14.8099,48.77395],[14.80802,48.7725],[14.80629,48.77172],[14.81078,48.76734],[14.81118,48.7655],[14.81215,48.76457],[14.81134,48.76123],[14.80988,48.75918],[14.80844,48.75777],[14.80732,48.75775],[14.80526,48.7547],[14.80481,48.75357],[14.80306,48.75269],[14.80379,48.75161],[14.80172,48.7507],[14.8005,48.74739],[14.80151,48.74599],[14.80254,48.74251],[14.80392,48.7409],[14.80814,48.73388],[14.80662,48.73376],[14.8045,48.73258],[14.80172,48.73168],[14.80002,48.73257],[14.7972,48.7303],[14.79438,48.72982],[14.7931,48.72823],[14.79283,48.72655],[14.7907,48.72366],[14.7877,48.72228],[14.78736,48.72083],[14.78557,48.71834],[14.78384,48.71698],[14.78198,48.71617],[14.78041,48.71492],[14.77542,48.71305],[14.77482,48.71211],[14.77255,48.71112],[14.75705,48.70933],[14.75651,48.70776],[14.75678,48.70661],[14.75611,48.70392],[14.75546,48.70326],[14.75066,48.70275],[14.74885,48.70328],[14.74571,48.70263],[14.7408,48.70132],[14.73964,48.70039],[14.73554,48.69821],[14.73366,48.69585],[14.73104,48.69075],[14.72786,48.68841],[14.72605,48.68523],[14.72586,48.68296],[14.72712,48.67932],[14.72702,48.67872],[14.72518,48.67637],[14.72346,48.6757],[14.72247,48.67309],[14.71825,48.66609],[14.71235,48.6501],[14.71405,48.64927],[14.71789,48.64958],[14.71882,48.64862],[14.71814,48.64715],[14.71828,48.64386],[14.72002,48.64266],[14.7192,48.64019],[14.72002,48.6389],[14.7221,48.63833],[14.7141,48.61745],[14.72114,48.60238],[14.72039,48.6013],[14.71841,48.60076],[14.71412,48.59769],[14.71142,48.59664],[14.71161,48.59413],[14.70812,48.59358],[14.70603,48.59103],[14.70635,48.58957],[14.70735,48.58876],[14.70776,48.58711],[14.70607,48.58496],[14.70327,48.58398],[14.70177,48.58377],[14.70155,48.58271],[14.70011,48.58287],[14.69652,48.5847],[14.69421,48.58535],[14.69268,48.58516],[14.69079,48.58384],[14.69083,48.5808],[14.69383,48.58025],[14.70043,48.57985],[14.70367,48.57948],[14.70628,48.57985],[14.70873,48.57964],[14.71211,48.5786],[14.71566,48.57537],[14.71754,48.57178],[14.72013,48.57089],[14.72167,48.56877],[14.72142,48.5673],[14.72221,48.56567],[14.72559,48.56231],[14.72904,48.56221],[14.73118,48.56156],[14.73395,48.55912],[14.7375,48.55708],[14.73828,48.5551],[14.73691,48.55266],[14.73894,48.55247],[14.74035,48.55184],[14.7434,48.5524],[14.74421,48.55322],[14.74386,48.55593],[14.74389,48.55827],[14.74601,48.559],[14.74827,48.56039],[14.74974,48.56261],[14.75121,48.56311],[14.75384,48.56325],[14.75518,48.56391],[14.75786,48.56428],[14.76346,48.56411],[14.76618,48.56093],[14.76751,48.55799],[14.76964,48.55659],[14.77123,48.55641],[14.77347,48.55562],[14.7752,48.55598],[14.77832,48.55901],[14.77981,48.55979],[14.78225,48.56035],[14.78435,48.56029],[14.78775,48.55886],[14.78934,48.55929],[14.79269,48.55945],[14.79458,48.5583],[14.79543,48.55719],[14.79885,48.55596],[14.80311,48.55577],[14.80637,48.55643],[14.80872,48.55615],[14.81066,48.55427],[14.81313,48.55267],[14.81267,48.55114],[14.81329,48.55003],[14.81577,48.54876],[14.82191,48.54784],[14.82683,48.54795],[14.83076,48.54737],[14.83226,48.54661],[14.83579,48.54551],[14.83886,48.54259],[14.84231,48.54051],[14.84335,48.53939],[14.84514,48.53842],[14.84831,48.53616],[14.84897,48.53469],[14.84713,48.53233],[14.84527,48.53131],[14.84541,48.53012],[14.84647,48.52984],[14.84861,48.53019],[14.85124,48.52945],[14.85338,48.52945],[14.85592,48.52884],[14.85959,48.52858],[14.86395,48.52758],[14.86617,48.52745],[14.86874,48.52776],[14.87117,48.52728],[14.87381,48.52776],[14.87604,48.5277],[14.87793,48.52719],[14.87988,48.52716],[14.88295,48.52638],[14.88466,48.52532],[14.88826,48.52394],[14.89329,48.52342],[14.89581,48.52337],[14.89847,48.5222],[14.90137,48.52133],[14.90316,48.51956],[14.90585,48.5185],[14.90717,48.51726],[14.91086,48.5156],[14.91209,48.5143],[14.91249,48.51227],[14.91153,48.51184],[14.91133,48.50942],[14.91215,48.50753],[14.91546,48.50688],[14.91732,48.50619],[14.92081,48.50566],[14.91793,48.49874],[14.91468,48.50034],[14.91271,48.50049],[14.90801,48.50149],[14.90505,48.50131],[14.90087,48.50162],[14.89825,48.50071],[14.89569,48.50045],[14.89331,48.49951],[14.89079,48.49943],[14.88996,48.49819],[14.8898,48.49591],[14.8893,48.49475],[14.88695,48.49346],[14.88653,48.49233],[14.88818,48.48945],[14.88843,48.48765],[14.88627,48.48611],[14.88295,48.48457],[14.87824,48.48134],[14.86641,48.48003],[14.86864,48.47838],[14.87074,48.47446],[14.87533,48.47029],[14.87556,48.46725],[14.8772,48.4649],[14.87329,48.45868],[14.87468,48.45653],[14.87649,48.45511],[14.88376,48.45327],[14.88715,48.45314],[14.88901,48.45255],[14.89237,48.45099],[14.89554,48.45119],[14.89818,48.45089],[14.90003,48.45003],[14.89958,48.44643],[14.90317,48.44427],[14.90552,48.44178],[14.90722,48.43958],[14.90866,48.43697],[14.91071,48.43529],[14.91169,48.4327],[14.91061,48.43147],[14.91151,48.43058],[14.91327,48.43013],[14.91441,48.42931],[14.91685,48.42886],[14.91955,48.42934],[14.92217,48.42763],[14.9233,48.42633],[14.92683,48.42438],[14.93051,48.42387],[14.93499,48.42412],[14.9375,48.42363],[14.93974,48.4224],[14.94216,48.41994],[14.94215,48.41898],[14.94041,48.41838],[14.94153,48.41652],[14.94569,48.41377],[14.94798,48.41373],[14.94759,48.41175],[14.9468,48.41024],[14.94735,48.40795],[14.94357,48.40708],[14.93944,48.40454],[14.93589,48.40159],[14.93092,48.39882],[14.92934,48.39844],[14.92683,48.39888],[14.92563,48.39864],[14.92442,48.39737],[14.92252,48.39614],[14.91856,48.39465],[14.91797,48.394],[14.91662,48.39071],[14.91496,48.38979],[14.91651,48.38867],[14.91894,48.38818],[14.92247,48.38887],[14.92613,48.39124],[14.92931,48.39252],[14.93185,48.39457],[14.93559,48.39523],[14.93822,48.39484],[14.94109,48.39386],[14.94443,48.39374],[14.94609,48.39315],[14.94881,48.39122],[14.94994,48.39081],[14.9535,48.39077],[14.9565,48.3905],[14.95859,48.38954],[14.96081,48.3891],[14.96316,48.38789],[14.96313,48.38645],[14.96387,48.3846],[14.96281,48.38208],[14.96342,48.38016],[14.96321,48.37911],[14.96118,48.37713],[14.95704,48.37405],[14.95685,48.3714],[14.95474,48.36909],[14.95334,48.36434],[14.95207,48.36236],[14.9528,48.36027],[14.95207,48.3583],[14.95107,48.35707],[14.95088,48.35576],[14.9517,48.35405],[14.95036,48.35084],[14.95064,48.34863],[14.94975,48.34639],[14.94979,48.34453],[14.9508,48.34252],[14.95376,48.34134],[14.95272,48.34044],[14.95026,48.34076],[14.94874,48.34018],[14.94835,48.33853],[14.94665,48.33632],[14.94565,48.33292],[14.94292,48.32772],[14.94232,48.32536],[14.9424,48.3238],[14.94589,48.32379],[14.9493,48.3231],[14.95245,48.32359],[14.95465,48.32503],[14.95994,48.32569],[14.96211,48.32457],[14.96515,48.32378],[14.97008,48.323],[14.97718,48.32274],[14.98187,48.32142],[14.98286,48.32061],[14.98474,48.31997],[14.98555,48.31894],[14.98535,48.31715],[14.98383,48.31389],[14.98434,48.31175],[14.98396,48.30981],[14.98568,48.30807],[14.9861,48.30618],[14.98463,48.30328],[14.98421,48.30068],[14.98418,48.2983],[14.98546,48.29752],[14.98604,48.29605],[14.98621,48.29389],[14.98588,48.29238],[14.98696,48.29087],[14.98648,48.28843],[14.98771,48.28273],[14.98888,48.27999],[14.98804,48.27628],[14.98832,48.27377],[14.98806,48.27009],[14.98893,48.2683],[14.98794,48.26379],[14.98787,48.26155],[14.9897,48.2598],[14.99061,48.25807],[14.98809,48.25555],[14.98273,48.25382],[14.97866,48.25209],[14.97641,48.24909],[14.9727,48.24757],[14.97093,48.24634],[14.97006,48.24497],[14.97006,48.24088],[14.97084,48.23909],[14.97249,48.23689],[14.97292,48.23578],[14.97206,48.23353],[14.96938,48.23248],[14.96532,48.23221],[14.96324,48.23153],[14.96229,48.23079],[14.95573,48.22381],[14.95504,48.22197],[14.95876,48.21646],[14.95962,48.21546],[14.96317,48.21415],[14.97052,48.20704],[14.97596,48.20403],[14.97485,48.20143],[14.97473,48.19958],[14.97418,48.19838],[14.96744,48.20059],[14.96321,48.20143],[14.95913,48.20342],[14.95666,48.20665],[14.95205,48.21449],[14.94777,48.2208],[14.94333,48.22653],[14.9404,48.22891],[14.93588,48.23102],[14.9328,48.23139],[14.92106,48.23188],[14.91395,48.2325],[14.91079,48.23198],[14.90665,48.231],[14.90094,48.23064],[14.89621,48.22787],[14.89313,48.22747],[14.89058,48.2281],[14.88825,48.23141],[14.88553,48.2326],[14.88017,48.23184],[14.87912,48.23118],[14.87456,48.23],[14.87171,48.22819],[14.86887,48.22748],[14.86521,48.22691],[14.86182,48.22689],[14.85881,48.22649],[14.8567,48.22547],[14.85517,48.22288],[14.8556,48.21819],[14.85673,48.21349],[14.85653,48.21199],[14.85347,48.20771],[14.84906,48.204],[14.84619,48.1992],[14.84542,48.19626],[14.84296,48.19451],[14.83979,48.19306],[14.8326,48.18922],[14.82897,48.18847],[14.8274,48.18841],[14.825,48.1891],[14.8193,48.18965],[14.80696,48.18689],[14.79994,48.18464],[14.79252,48.18257],[14.78617,48.18175],[14.77889,48.18137],[14.77178,48.17954],[14.75779,48.17627],[14.75029,48.17465],[14.74327,48.17404],[14.73568,48.17411],[14.72576,48.17822],[14.72261,48.17886],[14.71524,48.17879],[14.71162,48.17591],[14.70543,48.16875],[14.70702,48.16609],[14.70637,48.16404],[14.70463,48.16196],[14.702,48.16029],[14.69626,48.15724],[14.69416,48.15642],[14.6911,48.1561],[14.68707,48.15666],[14.68159,48.15842],[14.67644,48.16066],[14.6659,48.16618],[14.65726,48.16836],[14.65886,48.17136],[14.64445,48.17428],[14.64167,48.17609],[14.63572,48.18032],[14.62982,48.18589],[14.62555,48.18887],[14.62293,48.1902],[14.61576,48.19306],[14.61138,48.19569],[14.60658,48.20048],[14.60063,48.20571],[14.59563,48.21221],[14.59257,48.21675],[14.59028,48.21951],[14.58835,48.22088],[14.58487,48.22283],[14.5783,48.2253],[14.57359,48.22637],[14.56643,48.22869],[14.55908,48.23048],[14.55189,48.23313],[14.54962,48.23373],[14.53813,48.23618],[14.5353,48.2369],[14.52915,48.23746],[14.52309,48.23726],[14.52081,48.23735],[14.51995,48.23656],[14.50913,48.23081],[14.50746,48.23012],[14.49982,48.2278],[14.4931,48.22478],[14.48999,48.22229],[14.48851,48.21991],[14.48588,48.21366],[14.48595,48.2119],[14.48369,48.20735],[14.48154,48.20119],[14.48072,48.1981],[14.48063,48.19542],[14.48242,48.19202],[14.48311,48.18928],[14.48244,48.18731],[14.48014,48.18454],[14.47987,48.18195],[14.48347,48.17726],[14.48178,48.17386],[14.48071,48.16996],[14.4771,48.16264],[14.47546,48.16038],[14.47223,48.15753],[14.47099,48.15529],[14.46825,48.15132],[14.46742,48.14967],[14.46746,48.14828],[14.46929,48.14637],[14.47409,48.14363],[14.47758,48.14009],[14.478,48.13846],[14.47784,48.13501],[14.47713,48.13325],[14.4755,48.13144],[14.47091,48.12802],[14.46962,48.12651],[14.46923,48.1241],[14.46955,48.12202],[14.47088,48.12107],[14.47672,48.11976],[14.47983,48.11945],[14.48413,48.11835],[14.49316,48.11395],[14.49403,48.11308],[14.49385,48.11094],[14.49218,48.10971],[14.48866,48.10772],[14.48276,48.10564],[14.47775,48.10408],[14.47083,48.1008],[14.46799,48.09895],[14.46417,48.09616],[14.46187,48.09357],[14.45954,48.09132],[14.45795,48.0891],[14.45809,48.08768],[14.45986,48.08636],[14.46185,48.08584],[14.4655,48.08562],[14.46654,48.085],[14.46521,48.08291],[14.46184,48.08193],[14.45808,48.08147],[14.45663,48.081],[14.45535,48.07985],[14.45492,48.07876],[14.45507,48.07704],[14.45595,48.07528],[14.45824,48.07341],[14.45847,48.07216],[14.45779,48.07033],[14.45572,48.06746],[14.45139,48.06475],[14.45408,48.06333],[14.45946,48.06192],[14.46092,48.06113],[14.46067,48.05987],[14.45895,48.05655],[14.45866,48.05497],[14.45935,48.05182],[14.4579,48.04912],[14.45682,48.04637],[14.45723,48.04385],[14.45711,48.04138],[14.45839,48.04096],[14.45994,48.03976],[14.46292,48.03883],[14.46475,48.0377],[14.46829,48.03794],[14.46918,48.03724],[14.46781,48.03392],[14.46866,48.03329],[14.4727,48.03172],[14.47452,48.02936],[14.47447,48.02807],[14.47543,48.0261],[14.47829,48.02313],[14.4784,48.02125],[14.47983,48.0198],[14.48166,48.01896],[14.48342,48.01731],[14.48519,48.01367],[14.48696,48.01173],[14.48968,48.01224],[14.49118,48.01216],[14.49305,48.01108],[14.49297,48.00973],[14.49199,48.00853],[14.4918,48.0067],[14.49243,48.00585],[14.4947,48.00457],[14.49475,48.00245],[14.4952,48.00081],[14.49363,47.99903],[14.49393,47.99794],[14.49672,47.99762],[14.49845,47.9958],[14.50144,47.99401],[14.50404,47.99307],[14.50645,47.99272],[14.51034,47.9927],[14.51487,47.99175],[14.52066,47.99142],[14.52475,47.99072],[14.52926,47.98898],[14.53204,47.98874],[14.53519,47.98763],[14.53738,47.9862],[14.54033,47.98489],[14.54376,47.98414],[14.5468,47.98251],[14.55079,47.98165],[14.55603,47.98129],[14.55789,47.97924],[14.56126,47.97615],[14.56278,47.97557],[14.5675,47.97514],[14.57068,47.97402],[14.57315,47.97351],[14.57499,47.97224],[14.57479,47.97094],[14.57623,47.97017],[14.57785,47.97102],[14.58017,47.97059],[14.58179,47.96937],[14.58706,47.96674],[14.58794,47.96498],[14.59059,47.96183],[14.59276,47.95989],[14.59613,47.95825],[14.6011,47.95519],[14.60355,47.95255],[14.6085,47.94962],[14.61223,47.94897],[14.61624,47.94743],[14.61925,47.94738],[14.62265,47.94664],[14.62355,47.94589],[14.62392,47.94399],[14.62491,47.94336],[14.62865,47.94253],[14.63346,47.94233],[14.6384,47.94284],[14.64256,47.9429],[14.64845,47.94207],[14.65295,47.94074],[14.66431,47.93898],[14.66554,47.93848],[14.66989,47.93535],[14.68388,47.92991],[14.69942,47.92621],[14.70244,47.92582],[14.70652,47.92638],[14.70798,47.92758],[14.70927,47.93042],[14.71,47.93097],[14.7158,47.93164],[14.72444,47.9342],[14.72672,47.93461],[14.72836,47.93436],[14.7291,47.93317],[14.7296,47.93112],[14.72971,47.92459],[14.73021,47.92324],[14.73136,47.9225],[14.7415,47.91763],[14.74371,47.91619],[14.74528,47.9144],[14.74803,47.90962],[14.74973,47.90838],[14.75171,47.90789],[14.75486,47.90793],[14.75773,47.90629],[14.75632,47.90447],[14.75646,47.90292],[14.75822,47.902],[14.76003,47.8999],[14.7595,47.89629],[14.75995,47.89517],[14.76201,47.89417],[14.76311,47.89244],[14.76445,47.8914],[14.76625,47.89079],[14.76773,47.88889],[14.77107,47.88577],[14.77155,47.88452],[14.77147,47.88221],[14.77031,47.88017],[14.76603,47.8764],[14.76413,47.87377],[14.75933,47.8709],[14.75711,47.86683],[14.75508,47.86599],[14.73728,47.86382],[14.72942,47.86015],[14.72375,47.85928],[14.7227,47.85656],[14.7115,47.85126],[14.71055,47.84954],[14.71084,47.84818],[14.7125,47.84611],[14.71357,47.84535],[14.72093,47.84372],[14.72415,47.84075],[14.723,47.83539],[14.72293,47.83163],[14.72255,47.83104],[14.71474,47.8264],[14.7105,47.82278],[14.70984,47.82023],[14.71248,47.81425],[14.71345,47.81349],[14.73052,47.80375],[14.7314,47.8031],[14.73248,47.80009],[14.7319,47.79908],[14.71416,47.79039],[14.7131,47.7895],[14.7134,47.78778],[14.71846,47.78116],[14.71913,47.77952],[14.72078,47.77395],[14.7233,47.76949],[14.72456,47.76771],[14.73508,47.75936],[14.73598,47.7589],[14.74445,47.75632],[14.74536,47.75467],[14.74426,47.75326],[14.73854,47.74743]],[[16.20852,48.26258],[16.21039,48.26191],[16.21368,48.25927],[16.21488,48.25873],[16.21975,48.25778],[16.22207,48.25665],[16.22643,48.25355],[16.23013,48.25143],[16.23352,48.24981],[16.23671,48.24855],[16.23984,48.24762],[16.23973,48.24611],[16.23758,48.243],[16.2374,48.24109],[16.23866,48.24049],[16.24392,48.2389],[16.2454,48.23896],[16.24743,48.2398],[16.25176,48.24012],[16.25638,48.23954],[16.25782,48.24071],[16.2582,48.24184],[16.25949,48.24322],[16.26353,48.24672],[16.26544,48.24792],[16.26636,48.24999],[16.26887,48.25141],[16.2695,48.25254],[16.26798,48.2535],[16.26517,48.25385],[16.26384,48.2544],[16.26568,48.2556],[16.27181,48.25643],[16.27851,48.25864],[16.28202,48.25945],[16.28561,48.26072],[16.29022,48.26278],[16.29098,48.26339],[16.29087,48.26461],[16.28982,48.26536],[16.28689,48.26628],[16.28659,48.26792],[16.28879,48.27065],[16.29177,48.27171],[16.29616,48.27281],[16.2998,48.27338],[16.30314,48.27261],[16.30555,48.2725],[16.30988,48.27371],[16.31358,48.2754],[16.316,48.27758],[16.31928,48.27898],[16.32361,48.27914],[16.329,48.27883],[16.33481,48.28029],[16.34076,48.2816],[16.34797,48.28448],[16.34437,48.28802],[16.34543,48.28946],[16.34652,48.28974],[16.34951,48.28943],[16.35328,48.2848],[16.35455,48.28437],[16.35873,48.2842],[16.36307,48.2846],[16.36851,48.2833],[16.3696,48.28395],[16.36916,48.28502],[16.36942,48.28735],[16.37227,48.28777],[16.37627,48.28793],[16.37819,48.28922],[16.37828,48.29012],[16.37522,48.29437],[16.37552,48.29576],[16.37633,48.29627],[16.37799,48.29862],[16.37928,48.30111],[16.3801,48.30184],[16.38552,48.30104],[16.38529,48.30195],[16.38383,48.30294],[16.38455,48.3039],[16.38325,48.30528],[16.3838,48.30602],[16.38258,48.30845],[16.37993,48.31281],[16.37971,48.3147],[16.3802,48.31535],[16.38337,48.31741],[16.38576,48.31869],[16.38846,48.31845],[16.38935,48.31905],[16.38892,48.32049],[16.39075,48.3206],[16.39213,48.32185],[16.39476,48.32153],[16.39402,48.31908],[16.39508,48.31841],[16.40106,48.31715],[16.40178,48.31849],[16.41561,48.32175],[16.41974,48.32215],[16.42472,48.32123],[16.42707,48.32038],[16.43395,48.31742],[16.43803,48.31643],[16.43785,48.31265],[16.43796,48.30993],[16.44017,48.30315],[16.4401,48.29602],[16.4402,48.29186],[16.44832,48.28822],[16.45202,48.28644],[16.45957,48.28304],[16.46058,48.2829],[16.46471,48.28084],[16.47205,48.27686],[16.47719,48.27374],[16.48164,48.27297],[16.48094,48.27488],[16.48362,48.27887],[16.48336,48.2794],[16.48355,48.28475],[16.48334,48.28599],[16.48237,48.28757],[16.48186,48.28976],[16.48091,48.29215],[16.48129,48.2944],[16.48984,48.29306],[16.49509,48.29238],[16.50206,48.29036],[16.50943,48.28797],[16.51285,48.28726],[16.51253,48.28659],[16.51454,48.28548],[16.51289,48.28209],[16.51159,48.28123],[16.50877,48.27699],[16.50735,48.27365],[16.50866,48.27342],[16.51396,48.27116],[16.51282,48.26786],[16.51919,48.26688],[16.52132,48.26453],[16.52627,48.2632],[16.53258,48.26204],[16.53295,48.26293],[16.53789,48.26422],[16.54166,48.26388],[16.54682,48.26308],[16.54208,48.25128],[16.54163,48.24972],[16.54242,48.24817],[16.54144,48.24366],[16.5423,48.24291],[16.54635,48.24281],[16.54789,48.24234],[16.54876,48.24007],[16.55197,48.2388],[16.55183,48.23667],[16.54998,48.23335],[16.54801,48.22829],[16.54671,48.2233],[16.54652,48.22154],[16.54687,48.21965],[16.54564,48.21476],[16.54232,48.20992],[16.54059,48.20821],[16.53848,48.2055],[16.53652,48.20201],[16.53615,48.20034],[16.53803,48.19813],[16.53861,48.19608],[16.53988,48.19424],[16.54001,48.19245],[16.53889,48.19096],[16.53847,48.18823],[16.53738,48.18597],[16.53646,48.18265],[16.53667,48.18034],[16.53651,48.17711],[16.53962,48.17446],[16.5396,48.17382],[16.53691,48.17405],[16.53652,48.17316],[16.53933,48.17273],[16.5422,48.17349],[16.54406,48.17312],[16.54413,48.17452],[16.54133,48.17598],[16.5416,48.17709],[16.5442,48.17713],[16.54629,48.17751],[16.54859,48.1773],[16.54952,48.17666],[16.55005,48.17494],[16.54981,48.17267],[16.54918,48.17198],[16.54656,48.17088],[16.54855,48.1675],[16.54953,48.16645],[16.55008,48.16418],[16.55242,48.1624],[16.55482,48.16204],[16.55432,48.16359],[16.55607,48.16441],[16.55813,48.16381],[16.56088,48.16091],[16.56231,48.16097],[16.5647,48.16275],[16.56885,48.16311],[16.57144,48.16233],[16.57329,48.16099],[16.57438,48.15904],[16.57423,48.15631],[16.57674,48.152],[16.57796,48.14761],[16.57824,48.14396],[16.57804,48.14331],[16.57625,48.13693],[16.575,48.13612],[16.56842,48.13767],[16.5623,48.13897],[16.55291,48.14073],[16.54731,48.14218],[16.54261,48.14384],[16.54038,48.14498],[16.53781,48.14696],[16.53314,48.15101],[16.52839,48.15383],[16.51958,48.15721],[16.5142,48.15909],[16.50869,48.15767],[16.50358,48.15704],[16.49919,48.15685],[16.49256,48.15862],[16.48844,48.15537],[16.48109,48.15681],[16.4795,48.15697],[16.47755,48.15624],[16.47702,48.15482],[16.47512,48.1533],[16.46809,48.14845],[16.45513,48.14],[16.45171,48.13889],[16.44568,48.13844],[16.43345,48.13789],[16.43212,48.13141],[16.43322,48.13033],[16.43405,48.12562],[16.4366,48.12015],[16.43505,48.11997],[16.42961,48.12122],[16.42399,48.12286],[16.42244,48.12264],[16.41917,48.12092],[16.41234,48.12061],[16.41093,48.11867],[16.40814,48.11893],[16.40301,48.12198],[16.39709,48.12468],[16.38727,48.12567],[16.38136,48.12647],[16.37314,48.1272],[16.36877,48.12776],[16.36493,48.12867],[16.35845,48.12961],[16.35461,48.13094],[16.35103,48.13281],[16.34527,48.13373],[16.34291,48.1344],[16.33195,48.1368],[16.32503,48.13797],[16.31778,48.12605],[16.31463,48.12687],[16.31265,48.12307],[16.31213,48.11975],[16.3103,48.11969],[16.30729,48.121],[16.30083,48.12452],[16.29894,48.12616],[16.29921,48.12695],[16.29847,48.12867],[16.29755,48.12864],[16.29146,48.12961],[16.28184,48.13084],[16.27291,48.13322],[16.26682,48.13346],[16.25993,48.13035],[16.25588,48.12978],[16.25001,48.13081],[16.24559,48.13083],[16.24181,48.13014],[16.23774,48.12969],[16.23475,48.12898],[16.2291,48.12688],[16.22455,48.12465],[16.22089,48.12377],[16.21597,48.12532],[16.2154,48.1265],[16.21863,48.12816],[16.22652,48.1297],[16.23123,48.13145],[16.23829,48.13245],[16.23847,48.13427],[16.23639,48.13467],[16.23764,48.13581],[16.23692,48.13639],[16.23139,48.13608],[16.22406,48.13515],[16.22153,48.13518],[16.22076,48.13637],[16.2199,48.13923],[16.21841,48.14062],[16.21604,48.14174],[16.21339,48.14529],[16.21038,48.14851],[16.21102,48.1501],[16.21931,48.15262],[16.21973,48.15339],[16.22394,48.15241],[16.22384,48.1536],[16.21809,48.15471],[16.2048,48.15619],[16.19882,48.15564],[16.19714,48.15806],[16.19707,48.16092],[16.19667,48.16323],[16.19563,48.16483],[16.19359,48.16636],[16.18478,48.17052],[16.1844,48.17159],[16.18752,48.17306],[16.19003,48.17771],[16.19468,48.18157],[16.19749,48.18435],[16.19967,48.18608],[16.2035,48.18974],[16.20455,48.19136],[16.20482,48.1942],[16.20548,48.19681],[16.20884,48.20303],[16.20371,48.20448],[16.20271,48.20605],[16.20416,48.20624],[16.20629,48.20717],[16.20854,48.20874],[16.20667,48.21098],[16.20352,48.21253],[16.20075,48.21312],[16.1977,48.21509],[16.19678,48.21653],[16.19615,48.21846],[16.19648,48.22032],[16.19778,48.2214],[16.19512,48.22253],[16.18862,48.22235],[16.18689,48.22201],[16.18473,48.22231],[16.18395,48.22342],[16.18477,48.22427],[16.1901,48.22576],[16.19548,48.22909],[16.19842,48.23241],[16.19578,48.23387],[16.19506,48.23473],[16.19573,48.23778],[16.1961,48.24507],[16.1978,48.24876],[16.19962,48.25196],[16.20086,48.25325],[16.20466,48.255],[16.20514,48.25561],[16.20462,48.25928],[16.20494,48.26132],[16.20573,48.26234],[16.20852,48.26258]]]},"properties":{"idApp":926009,"aopId":"niederoesterreich","name":"Niederösterreich","nameJa":"ニーダーエスターライヒ","kind":"regional","tags":[],"rank":0},"bbox":[14.45139,47.42134,17.06884,49.02053]},{"type":"Feature","geometry":{"type":"Polygon","coordinates":[[[14.73854,47.74743],[14.73889,47.74934],[14.73752,47.75053],[14.73484,47.75087],[14.72945,47.75257],[14.72597,47.75466],[14.72224,47.7554],[14.72113,47.75592],[14.71807,47.75849],[14.71516,47.76017],[14.71339,47.76062],[14.7071,47.76053],[14.70453,47.76171],[14.70241,47.76402],[14.69988,47.76429],[14.69764,47.76524],[14.69576,47.76428],[14.69351,47.76175],[14.69182,47.76036],[14.68882,47.75876],[14.68781,47.75736],[14.68745,47.75522],[14.6862,47.75357],[14.68379,47.75134],[14.68161,47.75005],[14.68,47.74818],[14.67711,47.74723],[14.67596,47.74563],[14.67565,47.74414],[14.67334,47.74206],[14.66716,47.73986],[14.66533,47.73882],[14.66274,47.7381],[14.66108,47.73813],[14.66025,47.7396],[14.65847,47.73986],[14.65692,47.73955],[14.65559,47.7385],[14.65241,47.73819],[14.65239,47.73665],[14.64995,47.73421],[14.64755,47.73058],[14.64764,47.72936],[14.64856,47.72754],[14.64849,47.72662],[14.64569,47.7251],[14.64279,47.72691],[14.63905,47.72673],[14.63707,47.72735],[14.63447,47.72706],[14.63294,47.72599],[14.63081,47.72625],[14.63132,47.72819],[14.63077,47.72882],[14.62825,47.72995],[14.62648,47.73017],[14.62381,47.72957],[14.62158,47.7298],[14.61847,47.73107],[14.61458,47.73113],[14.61196,47.72995],[14.61186,47.72793],[14.60951,47.7277],[14.60695,47.72803],[14.60552,47.72778],[14.60344,47.72866],[14.59892,47.72604],[14.59576,47.72343],[14.59308,47.72321],[14.59207,47.72274],[14.59086,47.72085],[14.58764,47.7187],[14.58611,47.71809],[14.58332,47.71795],[14.58061,47.71671],[14.57875,47.71718],[14.57452,47.71609],[14.57253,47.7158],[14.56929,47.71633],[14.56615,47.71627],[14.56149,47.71809],[14.55823,47.71973],[14.55377,47.72005],[14.55292,47.71861],[14.54723,47.7167],[14.54529,47.71578],[14.54254,47.71492],[14.53945,47.71358],[14.53662,47.71289],[14.53304,47.71281],[14.53056,47.71005],[14.52943,47.7097],[14.52688,47.70971],[14.52461,47.70761],[14.52379,47.70537],[14.5206,47.70437],[14.52005,47.70362],[14.52125,47.70183],[14.52179,47.6999],[14.52374,47.69848],[14.52611,47.6959],[14.52834,47.69505],[14.52715,47.69366],[14.52718,47.69185],[14.52625,47.69069],[14.52425,47.69041],[14.52359,47.6896],[14.5244,47.68726],[14.51957,47.68355],[14.51786,47.68159],[14.5158,47.68203],[14.51445,47.68179],[14.51332,47.68038],[14.51313,47.67901],[14.51137,47.67811],[14.50755,47.67842],[14.50354,47.67769],[14.49797,47.67855],[14.4964,47.67972],[14.49084,47.68091],[14.48862,47.68114],[14.48689,47.68068],[14.48403,47.68046],[14.47963,47.67797],[14.47786,47.67597],[14.47362,47.67427],[14.47254,47.67357],[14.47058,47.66946],[14.46577,47.66944],[14.45824,47.66609],[14.45633,47.66542],[14.44936,47.6638],[14.44799,47.66048],[14.44728,47.65742],[14.43649,47.65255],[14.42364,47.653],[14.41958,47.65634],[14.40867,47.65417],[14.40324,47.65374],[14.39953,47.6532],[14.39636,47.65188],[14.39415,47.65024],[14.39289,47.64886],[14.39249,47.64619],[14.39545,47.63998],[14.39586,47.63812],[14.39248,47.63591],[14.38212,47.63386],[14.37865,47.63277],[14.37427,47.63019],[14.37312,47.62973],[14.36955,47.62955],[14.3666,47.63022],[14.36458,47.62902],[14.36118,47.62907],[14.34484,47.62271],[14.33445,47.61831],[14.33227,47.61479],[14.32619,47.60755],[14.3219,47.60867],[14.3202,47.60788],[14.31663,47.60767],[14.31441,47.60719],[14.31214,47.60618],[14.31056,47.60662],[14.30836,47.60802],[14.30643,47.60825],[14.30371,47.60945],[14.30065,47.60961],[14.2965,47.60808],[14.28724,47.61131],[14.2807,47.61428],[14.27512,47.6129],[14.26454,47.61049],[14.25533,47.61294],[14.25099,47.61914],[14.24881,47.62051],[14.236,47.62762],[14.23407,47.62893],[14.22302,47.64212],[14.22743,47.64557],[14.2317,47.65084],[14.21858,47.65024],[14.20682,47.6522],[14.2034,47.65164],[14.19942,47.6494],[14.19269,47.64457],[14.19078,47.64434],[14.18697,47.64437],[14.18216,47.63904],[14.17885,47.63784],[14.17586,47.63772],[14.16993,47.63951],[14.16802,47.63945],[14.15943,47.63648],[14.15636,47.63625],[14.14887,47.63701],[14.14538,47.63704],[14.14422,47.63657],[14.13434,47.63129],[14.13269,47.63005],[14.12724,47.62868],[14.12202,47.62767],[14.11887,47.62744],[14.11255,47.62728],[14.11016,47.62702],[14.10083,47.62347],[14.09652,47.62324],[14.09495,47.62282],[14.09391,47.6202],[14.09226,47.61973],[14.08056,47.61877],[14.07543,47.61776],[14.06715,47.61642],[14.0659,47.61641],[14.06139,47.61785],[14.05873,47.61824],[14.05665,47.61822],[14.05185,47.61762],[14.05059,47.61827],[14.0509,47.6195],[14.05348,47.62386],[14.05379,47.62529],[14.05203,47.62604],[14.04645,47.62646],[14.04569,47.62732],[14.04769,47.63698],[14.05472,47.66578],[14.05466,47.66895],[14.05331,47.67026],[14.04522,47.67602],[14.04338,47.67682],[14.03877,47.67832],[14.036,47.67983],[14.02269,47.68921],[14.01965,47.69154],[14.01286,47.69873],[14.00998,47.70099],[14.0083,47.70188],[14.00332,47.70335],[14.00031,47.7035],[13.99783,47.70269],[13.99537,47.69996],[13.99475,47.69969],[13.9887,47.6995],[13.98725,47.69923],[13.98497,47.69815],[13.9821,47.69786],[13.98017,47.69817],[13.97691,47.6994],[13.96385,47.70556],[13.95904,47.70735],[13.95408,47.7089],[13.95021,47.70933],[13.94009,47.7091],[13.93706,47.70914],[13.93342,47.70878],[13.92116,47.70589],[13.9173,47.70612],[13.90792,47.71032],[13.90601,47.71195],[13.90427,47.71537],[13.9039,47.71768],[13.90077,47.71765],[13.89743,47.71795],[13.89422,47.71857],[13.88638,47.72215],[13.88345,47.72245],[13.87939,47.72182],[13.87771,47.722],[13.87785,47.7255],[13.87595,47.72647],[13.87318,47.72433],[13.87141,47.72385],[13.86869,47.72402],[13.86331,47.72675],[13.86089,47.72738],[13.85976,47.72691],[13.86053,47.725],[13.86024,47.72401],[13.85851,47.72161],[13.85587,47.71854],[13.85053,47.71453],[13.84231,47.71775],[13.84042,47.71832],[13.8377,47.71856],[13.83426,47.71846],[13.82178,47.71602],[13.81074,47.71558],[13.80822,47.71529],[13.80083,47.71521],[13.79958,47.71473],[13.79816,47.71293],[13.79431,47.71256],[13.7918,47.7126],[13.78792,47.71355],[13.78423,47.71497],[13.78176,47.71791],[13.77957,47.71809],[13.77793,47.71668],[13.76912,47.70972],[13.76609,47.70533],[13.76158,47.70184],[13.75711,47.7008],[13.75496,47.69939],[13.75217,47.69362],[13.74974,47.68746],[13.74024,47.68649],[13.73775,47.686],[13.73433,47.6849],[13.73381,47.68184],[13.7343,47.68007],[13.73666,47.67662],[13.73693,47.67434],[13.73592,47.67357],[13.73328,47.67309],[13.73006,47.67323],[13.7248,47.6725],[13.72174,47.67251],[13.71602,47.66903],[13.71318,47.66677],[13.71092,47.66529],[13.70545,47.66318],[13.70663,47.66154],[13.70725,47.65785],[13.70671,47.65408],[13.70484,47.64889],[13.70484,47.64503],[13.70395,47.64335],[13.70234,47.64164],[13.70096,47.63906],[13.70109,47.63663],[13.69997,47.63511],[13.69737,47.63456],[13.69559,47.6336],[13.69381,47.63187],[13.69372,47.63101],[13.69511,47.62873],[13.69447,47.62641],[13.69309,47.62402],[13.69251,47.62157],[13.69297,47.61972],[13.69477,47.61466],[13.69658,47.6086],[13.69834,47.60512],[13.69872,47.60242],[13.69892,47.59852],[13.69843,47.59733],[13.69408,47.59213],[13.69329,47.59007],[13.69303,47.58795],[13.69475,47.58259],[13.69387,47.57898],[13.70139,47.58127],[13.7055,47.58089],[13.71104,47.5801],[13.71147,47.57944],[13.7111,47.57772],[13.71209,47.57529],[13.7149,47.57558],[13.7208,47.57671],[13.72892,47.57719],[13.73153,47.57669],[13.73538,47.57706],[13.73766,47.57306],[13.74135,47.56777],[13.74724,47.56103],[13.7547,47.55351],[13.75613,47.55049],[13.75619,47.54772],[13.75592,47.54606],[13.75397,47.54498],[13.74876,47.54421],[13.7462,47.54344],[13.7456,47.54251],[13.74595,47.54093],[13.74851,47.53363],[13.75087,47.52632],[13.75238,47.52436],[13.75965,47.52027],[13.7602,47.51902],[13.75788,47.51596],[13.75236,47.50751],[13.74896,47.50166],[13.744,47.49945],[13.73649,47.49569],[13.72845,47.49065],[13.72367,47.48645],[13.71995,47.48168],[13.71802,47.47726],[13.71809,47.47281],[13.71895,47.47106],[13.7239,47.4647],[13.72464,47.46357],[13.72437,47.46238],[13.72335,47.46205],[13.714,47.46088],[13.71227,47.46107],[13.71059,47.46251],[13.70546,47.46395],[13.66746,47.46287],[13.64543,47.46581],[13.64389,47.46617],[13.64052,47.46638],[13.6342,47.46612],[13.62733,47.46729],[13.62599,47.46797],[13.62525,47.46909],[13.62276,47.47051],[13.61619,47.47207],[13.60928,47.47488],[13.60795,47.47499],[13.60157,47.47347],[13.59931,47.47382],[13.59659,47.4757],[13.59167,47.47334],[13.58718,47.4736],[13.58558,47.47399],[13.58847,47.47064],[13.59072,47.47104],[13.59123,47.46891],[13.59109,47.46651],[13.59184,47.46149],[13.58978,47.45788],[13.58651,47.45588],[13.58616,47.45425],[13.58641,47.45116],[13.58565,47.44779],[13.58432,47.4462],[13.57966,47.44205],[13.57869,47.43985],[13.57633,47.4371],[13.57585,47.43444],[13.57376,47.42927],[13.57343,47.42595],[13.5712,47.4254],[13.56777,47.42347],[13.56562,47.42177],[13.56295,47.42026],[13.564,47.41741],[13.56437,47.41519],[13.56398,47.41365],[13.56571,47.41153],[13.56808,47.41084],[13.5699,47.40835],[13.57304,47.4057],[13.57449,47.40382],[13.57378,47.40255],[13.57144,47.39368],[13.57683,47.3863],[13.581,47.38264],[13.58178,47.38026],[13.58085,47.3771],[13.58078,47.37591],[13.58217,47.37328],[13.58263,47.37146],[13.5824,47.36863],[13.58504,47.36508],[13.58519,47.36325],[13.58635,47.36163],[13.58917,47.35896],[13.58965,47.3562],[13.59104,47.35376],[13.59345,47.35121],[13.59628,47.34539],[13.5987,47.34137],[13.59852,47.33904],[13.60066,47.33628],[13.6035,47.32978],[13.59798,47.32273],[13.59484,47.31713],[13.59465,47.31548],[13.59506,47.31353],[13.59619,47.31234],[13.59766,47.31183],[13.60142,47.31203],[13.60267,47.31077],[13.60218,47.30641],[13.59943,47.29573],[13.59781,47.29353],[13.60355,47.28777],[13.60684,47.2833],[13.61205,47.28371],[13.6211,47.28318],[13.62352,47.2794],[13.63101,47.27419],[13.63713,47.2742],[13.63939,47.27493],[13.64311,47.27461],[13.64974,47.27577],[13.6544,47.27591],[13.66184,47.2733],[13.66592,47.27251],[13.66878,47.27245],[13.67072,47.27294],[13.6731,47.27418],[13.67566,47.27402],[13.67749,47.27283],[13.68041,47.27035],[13.68376,47.26872],[13.68787,47.26784],[13.69167,47.2664],[13.69456,47.26494],[13.69534,47.26392],[13.69557,47.26058],[13.69633,47.26021],[13.70234,47.26065],[13.70912,47.25989],[13.71137,47.26038],[13.71194,47.26132],[13.71267,47.26859],[13.71398,47.27028],[13.71709,47.27246],[13.72074,47.27678],[13.72195,47.27747],[13.72508,47.27794],[13.7293,47.27734],[13.73367,47.2772],[13.73906,47.2781],[13.74523,47.27798],[13.74841,47.27727],[13.75085,47.27562],[13.75473,47.27073],[13.76026,47.26576],[13.76101,47.26577],[13.76396,47.26822],[13.76738,47.26994],[13.77155,47.27166],[13.77723,47.27339],[13.78172,47.27446],[13.78321,47.27504],[13.78558,47.27655],[13.78911,47.27985],[13.79105,47.28139],[13.78894,47.28596],[13.78967,47.28833],[13.79162,47.28844],[13.79434,47.2881],[13.7984,47.28814],[13.80198,47.28939],[13.8046,47.29342],[13.81272,47.29413],[13.81714,47.29622],[13.823,47.29427],[13.82553,47.29314],[13.82308,47.29046],[13.82394,47.28626],[13.82595,47.28414],[13.82613,47.28256],[13.82411,47.27872],[13.824,47.27695],[13.82697,47.27422],[13.82307,47.27303],[13.8213,47.26991],[13.82497,47.26691],[13.8277,47.26591],[13.83628,47.26358],[13.84678,47.25987],[13.86129,47.2539],[13.86532,47.25103],[13.86813,47.24603],[13.86863,47.2437],[13.86852,47.24201],[13.8678,47.24014],[13.86528,47.23853],[13.86216,47.23692],[13.85876,47.23428],[13.85228,47.23257],[13.85018,47.23063],[13.85154,47.22751],[13.85345,47.2257],[13.85711,47.22568],[13.86553,47.2201],[13.86529,47.2167],[13.87426,47.21209],[13.87802,47.20815],[13.88314,47.20414],[13.89847,47.19659],[13.90225,47.19504],[13.90287,47.19353],[13.90122,47.19124],[13.89782,47.191],[13.89769,47.18727],[13.89729,47.18643],[13.89528,47.18552],[13.89774,47.18381],[13.89886,47.18195],[13.90151,47.1836],[13.90348,47.18408],[13.90694,47.18397],[13.9089,47.18439],[13.9123,47.18094],[13.91585,47.18006],[13.91677,47.17923],[13.9171,47.17783],[13.91653,47.17643],[13.91685,47.17513],[13.91872,47.1718],[13.92518,47.17167],[13.93453,47.16962],[13.93982,47.16771],[13.9436,47.16654],[13.94645,47.16638],[13.95204,47.16466],[13.95583,47.16274],[13.95789,47.16134],[13.96261,47.15738],[13.96844,47.15051],[13.97131,47.14891],[13.97924,47.14627],[13.98362,47.14556],[13.9878,47.1442],[13.99342,47.14214],[13.99409,47.14134],[13.99401,47.14011],[13.99197,47.13779],[13.99221,47.13664],[13.99565,47.13429],[13.99558,47.13178],[13.99139,47.12829],[13.98609,47.12525],[13.98149,47.12542],[13.97742,47.12681],[13.97275,47.12771],[13.97024,47.12728],[13.96275,47.12477],[13.96035,47.12414],[13.95795,47.12418],[13.95552,47.12525],[13.94974,47.13008],[13.94815,47.13332],[13.94592,47.1356],[13.94459,47.1362],[13.94066,47.13603],[13.93542,47.13537],[13.93327,47.13379],[13.92992,47.13172],[13.92821,47.12994],[13.92691,47.12939],[13.92147,47.12887],[13.91959,47.12791],[13.91529,47.12461],[13.9137,47.12396],[13.91028,47.12384],[13.90734,47.12142],[13.90105,47.11521],[13.89851,47.11459],[13.8966,47.11534],[13.89522,47.11542],[13.89255,47.11422],[13.89061,47.11262],[13.88942,47.11066],[13.88805,47.10979],[13.88335,47.10965],[13.88133,47.10799],[13.88295,47.10406],[13.88051,47.10193],[13.87937,47.10022],[13.87813,47.09713],[13.87841,47.09599],[13.88081,47.09391],[13.88594,47.09218],[13.8878,47.09057],[13.88985,47.08597],[13.89395,47.08226],[13.89628,47.07979],[13.89854,47.07678],[13.90566,47.0714],[13.90692,47.07032],[13.90518,47.06842],[13.90345,47.06562],[13.90339,47.06314],[13.90171,47.06209],[13.89935,47.05921],[13.89427,47.05558],[13.89162,47.05439],[13.89092,47.05325],[13.8896,47.04953],[13.88825,47.04752],[13.88538,47.04568],[13.88419,47.04454],[13.88351,47.04223],[13.88193,47.03958],[13.87579,47.03101],[13.8743,47.03051],[13.87224,47.02867],[13.86905,47.02521],[13.8649,47.01982],[13.8655,47.01688],[13.86418,47.01316],[13.8639,47.0088],[13.86448,47.0066],[13.86454,47.00373],[13.8637,47.00151],[13.86502,46.998],[13.86546,46.99582],[13.86358,46.99515],[13.86093,46.9948],[13.85943,46.99385],[13.85813,46.99242],[13.85694,46.99196],[13.84687,46.98946],[13.84481,46.98806],[13.84358,46.98667],[13.84458,46.98416],[13.84424,46.9825],[13.84197,46.97923],[13.83859,46.97753],[13.83372,46.97464],[13.83256,46.97342],[13.8326,46.96875],[13.8313,46.96452],[13.83,46.96329],[13.82671,46.96099],[13.8244,46.95979],[13.81943,46.95869],[13.81805,46.95806],[13.81651,46.9561],[13.81518,46.95349],[13.81351,46.95201],[13.81108,46.95106],[13.80918,46.95092],[13.80223,46.95088],[13.79859,46.94995],[13.79274,46.94583],[13.78867,46.94429],[13.78513,46.94405],[13.78521,46.9425],[13.7843,46.94042],[13.78422,46.93835],[13.78557,46.9376],[13.79294,46.93572],[13.79507,46.934],[13.79542,46.93246],[13.79742,46.9307],[13.79971,46.92991],[13.80396,46.92926],[13.80593,46.92839],[13.8103,46.92551],[13.81165,46.92415],[13.81298,46.9214],[13.81434,46.91963],[13.81627,46.91827],[13.81944,46.91785],[13.82205,46.91687],[13.82735,46.91428],[13.8297,46.91374],[13.83216,46.91384],[13.83448,46.9146],[13.83593,46.91469],[13.83839,46.91326],[13.84237,46.91347],[13.8437,46.91316],[13.84417,46.91166],[13.848,46.90995],[13.8497,46.91013],[13.85114,46.91108],[13.85504,46.91445],[13.85726,46.91715],[13.86311,46.91822],[13.86542,46.91983],[13.86693,46.91997],[13.87057,46.91793],[13.87932,46.91846],[13.88095,46.91896],[13.88388,46.9209],[13.88492,46.92278],[13.8874,46.92487],[13.89016,46.92612],[13.89583,46.92682],[13.89796,46.92761],[13.89882,46.92904],[13.89904,46.93042],[13.89886,46.93322],[13.89973,46.93392],[13.90284,46.93447],[13.90887,46.93331],[13.91215,46.93366],[13.9153,46.93727],[13.91799,46.93884],[13.92137,46.94049],[13.92708,46.94241],[13.93128,46.94428],[13.93575,46.94513],[13.93816,46.94438],[13.94137,46.94234],[13.94663,46.94162],[13.94934,46.94185],[13.95128,46.94304],[13.95053,46.94711],[13.95153,46.95106],[13.95138,46.95512],[13.95034,46.95665],[13.95088,46.95828],[13.95454,46.9563],[13.95641,46.95683],[13.96004,46.95894],[13.96335,46.96165],[13.9659,46.96278],[13.97005,46.96274],[13.97527,46.96437],[13.9766,46.96536],[13.97882,46.96541],[13.98176,46.96623],[13.98437,46.96634],[13.98669,46.96609],[13.99302,46.96589],[13.99414,46.96701],[13.9972,46.96872],[14.00153,46.96976],[14.00481,46.97006],[14.00659,46.97068],[14.00847,46.9721],[14.00926,46.97346],[14.00881,46.97456],[14.00659,46.97557],[14.00551,46.97697],[14.00524,46.9791],[14.0077,46.97997],[14.00906,46.98111],[14.01037,46.98295],[14.01366,46.98464],[14.01765,46.98771],[14.01664,46.99063],[14.01637,46.99236],[14.01688,46.99374],[14.01651,46.99719],[14.01537,47.00087],[14.01314,47.00395],[14.01791,47.00442],[14.02745,47.0073],[14.02997,47.00739],[14.03576,47.00553],[14.03966,47.00513],[14.04241,47.00436],[14.04544,47.00467],[14.04885,47.00388],[14.05242,47.00559],[14.05658,47.00684],[14.05858,47.00803],[14.06029,47.0085],[14.06377,47.00883],[14.06617,47.00967],[14.06969,47.01167],[14.07254,47.01259],[14.07323,47.0135],[14.07446,47.01771],[14.07759,47.02103],[14.08158,47.0247],[14.08469,47.02719],[14.08735,47.02874],[14.08909,47.02933],[14.09165,47.02964],[14.09361,47.0306],[14.09501,47.0332],[14.09702,47.03428],[14.10171,47.03523],[14.10275,47.03792],[14.10363,47.03873],[14.11172,47.04087],[14.11874,47.04052],[14.1198,47.04161],[14.12189,47.04221],[14.12566,47.04541],[14.12358,47.04865],[14.12502,47.05202],[14.12435,47.05593],[14.12566,47.05817],[14.12871,47.06031],[14.13294,47.06211],[14.13737,47.05925],[14.14047,47.05971],[14.14669,47.05914],[14.15073,47.05783],[14.1521,47.05698],[14.15318,47.05555],[14.15506,47.05461],[14.1598,47.05302],[14.16251,47.05238],[14.16423,47.05395],[14.16836,47.05557],[14.17023,47.05737],[14.17262,47.05836],[14.173,47.05957],[14.17505,47.06235],[14.17867,47.06422],[14.18351,47.06545],[14.18511,47.0662],[14.18821,47.06827],[14.18944,47.06944],[14.19251,47.07161],[14.19568,47.07217],[14.19777,47.07391],[14.20156,47.07627],[14.20262,47.07784],[14.20491,47.07345],[14.20398,47.07147],[14.20507,47.07019],[14.2077,47.06991],[14.20862,47.06907],[14.20939,47.06744],[14.21244,47.06468],[14.21473,47.06345],[14.21628,47.06222],[14.21468,47.05816],[14.21527,47.05728],[14.21733,47.05582],[14.22023,47.05303],[14.22209,47.05029],[14.22259,47.04829],[14.22248,47.04473],[14.22335,47.03889],[14.22457,47.03657],[14.22583,47.03521],[14.22971,47.03295],[14.23063,47.03217],[14.23256,47.02904],[14.23502,47.02588],[14.23663,47.02598],[14.23593,47.02746],[14.24049,47.02893],[14.24745,47.03391],[14.2506,47.03496],[14.25571,47.02979],[14.26198,47.02674],[14.2679,47.02877],[14.27074,47.02929],[14.2731,47.02867],[14.27499,47.02652],[14.28141,47.02783],[14.28325,47.02891],[14.28711,47.0277],[14.28831,47.02601],[14.29665,47.02763],[14.29894,47.02718],[14.30338,47.02882],[14.30729,47.02804],[14.31001,47.02915],[14.31566,47.02824],[14.31884,47.02844],[14.32504,47.0292],[14.32995,47.02898],[14.33535,47.02531],[14.33767,47.0246],[14.34085,47.02435],[14.34356,47.0255],[14.35169,47.02582],[14.35837,47.02465],[14.3631,47.02519],[14.36986,47.02257],[14.37134,47.01915],[14.37494,47.01759],[14.37882,47.01659],[14.38156,47.01555],[14.38268,47.01378],[14.38117,47.01167],[14.37891,47.0094],[14.3772,47.00846],[14.37717,47.00723],[14.3796,47.00635],[14.37835,47.00457],[14.37954,47.00395],[14.37788,47.00006],[14.37717,46.9973],[14.37727,46.99345],[14.37861,46.99185],[14.38072,46.99115],[14.38158,46.99041],[14.38237,46.98775],[14.38296,46.98352],[14.3855,46.98164],[14.38624,46.98053],[14.389,46.98158],[14.39385,46.98206],[14.39549,46.98005],[14.39717,46.98033],[14.3998,46.98188],[14.40088,46.98343],[14.40193,46.98594],[14.4042,46.98767],[14.40923,46.98961],[14.41229,46.99026],[14.41414,46.99109],[14.41894,46.99261],[14.42278,46.99327],[14.42708,46.99616],[14.43066,46.99614],[14.43104,46.99663],[14.42859,46.99965],[14.42922,47.00068],[14.43103,47.00078],[14.43292,46.99998],[14.4346,46.9986],[14.43579,46.99686],[14.43772,46.99644],[14.44075,46.99702],[14.4422,46.99635],[14.44321,46.99508],[14.44518,46.99575],[14.44742,46.998],[14.44868,46.9979],[14.44946,46.99482],[14.45115,46.99439],[14.4567,46.99553],[14.45783,46.9963],[14.45914,46.99806],[14.4597,47.00011],[14.45948,47.00523],[14.46026,47.00686],[14.45918,47.00871],[14.45726,47.00979],[14.45704,47.01169],[14.45847,47.01422],[14.46002,47.01116],[14.46459,47.00991],[14.46854,47.0112],[14.47138,47.01085],[14.47054,47.00922],[14.47141,47.00769],[14.47325,47.00869],[14.4748,47.01177],[14.47505,47.01385],[14.47608,47.01739],[14.47665,47.01839],[14.47816,47.01947],[14.48335,47.02093],[14.48599,47.02259],[14.48976,47.02305],[14.49114,47.02455],[14.4972,47.02609],[14.50296,47.02649],[14.50503,47.02616],[14.50478,47.0246],[14.50325,47.02308],[14.50355,47.02092],[14.50301,47.01894],[14.50871,47.0152],[14.51155,47.01488],[14.51416,47.01414],[14.51595,47.01241],[14.51573,47.0092],[14.52036,47.00937],[14.52226,47.00964],[14.52699,47.00958],[14.52922,47.01013],[14.53119,47.0112],[14.53478,47.01188],[14.5391,47.01204],[14.54134,47.01258],[14.54307,47.01247],[14.546,47.01316],[14.54737,47.01307],[14.5498,47.01203],[14.55171,47.0116],[14.55507,47.01182],[14.55868,47.01326],[14.56237,47.01222],[14.56758,47.01213],[14.57274,47.01168],[14.57589,47.0125],[14.58076,47.01219],[14.58591,47.01225],[14.58996,47.00398],[14.59275,47.00163],[14.60511,47.00007],[14.60753,46.99852],[14.61367,46.99761],[14.61538,46.99821],[14.61669,47.00006],[14.61693,47.002],[14.62157,47.00662],[14.62486,47.01128],[14.62552,47.01262],[14.62796,47.01358],[14.63842,47.01472],[14.64365,47.01424],[14.64981,47.01419],[14.65664,47.01661],[14.66479,47.01836],[14.67361,47.01811],[14.67809,47.01786],[14.68921,47.01887],[14.69167,47.01888],[14.69887,47.01677],[14.70167,47.01835],[14.70294,47.0196],[14.7061,47.0187],[14.70828,47.02017],[14.71061,47.0206],[14.71257,47.02011],[14.71564,47.01856],[14.72209,47.01984],[14.72607,47.01815],[14.72697,47.01691],[14.72872,47.01638],[14.72813,47.01928],[14.7261,47.0208],[14.72595,47.0222],[14.72687,47.02297],[14.7283,47.02317],[14.73125,47.02597],[14.73277,47.02686],[14.7364,47.0282],[14.73837,47.02848],[14.74354,47.03051],[14.74954,47.03239],[14.75432,47.03314],[14.75663,47.03387],[14.7632,47.0367],[14.76879,47.03881],[14.77151,47.03946],[14.77543,47.03868],[14.78167,47.03768],[14.78445,47.03781],[14.78713,47.03864],[14.78886,47.03862],[14.79192,47.03785],[14.79303,47.03667],[14.79481,47.03668],[14.79569,47.03769],[14.797,47.03775],[14.79907,47.03851],[14.80348,47.03921],[14.80494,47.03966],[14.8073,47.03937],[14.80879,47.03964],[14.81177,47.04088],[14.81341,47.0411],[14.81674,47.0427],[14.81746,47.04374],[14.81997,47.04415],[14.82265,47.04572],[14.82333,47.04683],[14.82465,47.04772],[14.83109,47.04953],[14.83273,47.04957],[14.84099,47.04897],[14.84206,47.04861],[14.84213,47.04751],[14.84029,47.04445],[14.84016,47.04047],[14.8408,47.03923],[14.84509,47.03472],[14.85603,47.02609],[14.85639,47.02529],[14.86546,47.02455],[14.86985,47.02311],[14.87292,47.02261],[14.88184,47.01618],[14.88639,47.0113],[14.88689,47.00984],[14.8882,47.00889],[14.8928,47.0075],[14.90441,47.0001],[14.90725,46.99872],[14.91082,46.99835],[14.91622,46.99813],[14.91851,46.99773],[14.92694,46.99529],[14.93112,46.99446],[14.94024,46.99291],[14.94384,46.99277],[14.94996,46.99309],[14.95314,46.99208],[14.95907,46.98882],[14.96183,46.98673],[14.96202,46.98434],[14.96292,46.98337],[14.96604,46.98203],[14.96706,46.98098],[14.96759,46.97761],[14.96849,46.97676],[14.97113,46.97316],[14.9733,46.9686],[14.97612,46.96663],[14.97888,46.96376],[14.97939,46.96189],[14.97956,46.95783],[14.98262,46.9555],[14.98472,46.95361],[14.98796,46.9492],[14.98952,46.94453],[14.99027,46.94348],[14.9927,46.94182],[14.99345,46.94081],[14.99309,46.93979],[14.99165,46.93874],[14.99195,46.93799],[14.99818,46.93307],[14.99716,46.93121],[14.99797,46.93085],[14.99998,46.93142],[15.00246,46.93089],[15.00353,46.92967],[15.00667,46.92757],[15.00973,46.9252],[15.01509,46.92229],[15.01875,46.92012],[15.01995,46.9162],[15.02354,46.91324],[15.02594,46.91067],[15.02732,46.90719],[15.0263,46.90502],[15.02348,46.90305],[15.0231,46.89885],[15.02208,46.89631],[15.01914,46.89246],[15.01705,46.88702],[15.01657,46.88482],[15.01292,46.88232],[15.00747,46.87955],[15.00639,46.87765],[15.00639,46.87518],[15.00824,46.87301],[15.0086,46.87044],[15.00675,46.86299],[15.00663,46.86123],[15.00717,46.8575],[15.00795,46.85559],[15.00944,46.85301],[15.01752,46.84444],[15.01497,46.84009],[15.01466,46.83788],[15.01478,46.83594],[15.01403,46.83405],[15.01298,46.83291],[15.0116,46.83228],[15.00485,46.83092],[15.00075,46.82928],[14.99803,46.82859],[14.99565,46.82742],[14.99289,46.82425],[14.99026,46.82193],[14.98978,46.81726],[14.98691,46.81018],[14.98326,46.80846],[14.98057,46.80651],[14.97913,46.80308],[14.97818,46.7993],[14.97746,46.79491],[14.97926,46.79323],[14.97932,46.79106],[14.9786,46.78938],[14.97609,46.78531],[14.97896,46.78378],[14.98207,46.78284],[14.98847,46.78202],[14.99511,46.78191],[14.99828,46.77933],[15.00652,46.77648],[15.01518,46.7739],[15.01812,46.7733],[15.02589,46.77248],[15.02656,46.77088],[15.02901,46.77],[15.02966,46.76851],[15.02949,46.76592],[15.02884,46.76443],[15.02665,46.76171],[15.0262,46.76058],[15.02688,46.75737],[15.02809,46.75583],[15.0311,46.75347],[15.03204,46.75193],[15.0328,46.74879],[15.03162,46.74712],[15.03175,46.74491],[15.0354,46.73966],[15.03774,46.73759],[15.04169,46.73564],[15.0436,46.73377],[15.04354,46.73258],[15.04043,46.73209],[15.0384,46.73123],[15.036,46.7278],[15.03648,46.72694],[15.04102,46.72398],[15.04287,46.72252],[15.04329,46.72113],[15.04287,46.71975],[15.04448,46.7156],[15.0446,46.71478],[15.04262,46.71224],[15.03796,46.71],[15.03664,46.70839],[15.03569,46.70619],[15.03473,46.70223],[15.03479,46.69931],[15.03443,46.69732],[15.03431,46.69429],[15.03263,46.69044],[15.03227,46.68805],[15.03042,46.683],[15.03,46.67869],[15.02934,46.67794],[15.02504,46.676],[15.02349,46.67387],[15.02164,46.6723],[15.02497,46.66931],[15.02995,46.66754],[15.03474,46.66613],[15.03854,46.66683],[15.04176,46.66675],[15.04333,46.66758],[15.04422,46.66898],[15.04913,46.66996],[15.05039,46.66879],[15.05042,46.6674],[15.05119,46.66553],[15.05552,46.66191],[15.06228,46.66009],[15.06393,46.65752],[15.06512,46.65211],[15.07064,46.6499],[15.07263,46.65013],[15.0748,46.64977],[15.0824,46.64514],[15.08442,46.6471],[15.0851,46.64831],[15.08904,46.6514],[15.08792,46.65199],[15.09256,46.65294],[15.09744,46.65289],[15.09884,46.65343],[15.10039,46.65605],[15.10278,46.65676],[15.10645,46.6585],[15.10723,46.65957],[15.11063,46.65967],[15.11326,46.6581],[15.11617,46.65698],[15.11496,46.65632],[15.11575,46.65507],[15.11874,46.65433],[15.12082,46.65566],[15.12158,46.65434],[15.12468,46.65403],[15.12573,46.65319],[15.12655,46.65166],[15.12638,46.65086],[15.12872,46.65002],[15.13114,46.65056],[15.13207,46.65165],[15.13203,46.65313],[15.13322,46.65389],[15.13404,46.65654],[15.13785,46.65777],[15.14019,46.65638],[15.14221,46.65717],[15.1432,46.65941],[15.14534,46.65984],[15.14814,46.65925],[15.15032,46.65832],[15.15235,46.65833],[15.15396,46.65712],[15.15478,46.65595],[15.15609,46.65584],[15.15856,46.65632],[15.16236,46.65778],[15.16454,46.6573],[15.1657,46.65508],[15.1667,46.65417],[15.16937,46.65384],[15.17167,46.65432],[15.1732,46.65421],[15.17467,46.65555],[15.17762,46.65531],[15.18113,46.65627],[15.18226,46.65614],[15.1864,46.65361],[15.18934,46.65278],[15.19163,46.65072],[15.19192,46.64861],[15.19374,46.64784],[15.19511,46.64675],[15.19735,46.64574],[15.19922,46.64567],[15.20168,46.64495],[15.2036,46.64542],[15.20642,46.64512],[15.20903,46.64394],[15.21273,46.64361],[15.21372,46.6438],[15.2163,46.6432],[15.21812,46.6422],[15.22429,46.64344],[15.2306,46.64154],[15.2359,46.63939],[15.24134,46.64007],[15.24399,46.64177],[15.24739,46.64171],[15.24893,46.64206],[15.25347,46.6421],[15.25898,46.64399],[15.26252,46.64472],[15.26457,46.64447],[15.26695,46.64476],[15.27038,46.64392],[15.27295,46.64418],[15.27737,46.64362],[15.27965,46.64467],[15.28223,46.64522],[15.28408,46.64795],[15.28749,46.64897],[15.28855,46.64901],[15.29146,46.65049],[15.29401,46.65249],[15.29627,46.65256],[15.30158,46.65325],[15.30592,46.65297],[15.308,46.65244],[15.31131,46.65214],[15.31465,46.65024],[15.31553,46.64908],[15.31867,46.64785],[15.32165,46.64803],[15.32373,46.65041],[15.32842,46.65324],[15.33186,46.65236],[15.33385,46.65315],[15.33777,46.65317],[15.34113,46.65087],[15.34419,46.65137],[15.34648,46.65254],[15.34716,46.65342],[15.35092,46.65465],[15.35374,46.65499],[15.35537,46.65364],[15.35572,46.65145],[15.35986,46.65134],[15.36493,46.65099],[15.36813,46.6513],[15.37011,46.64989],[15.37229,46.64974],[15.37433,46.65047],[15.3759,46.65189],[15.37889,46.65189],[15.38108,46.65229],[15.38344,46.65151],[15.38897,46.65293],[15.39102,46.6522],[15.39433,46.65191],[15.39812,46.65328],[15.40078,46.65332],[15.40326,46.65392],[15.40777,46.6546],[15.41218,46.65488],[15.41407,46.65554],[15.41687,46.65478],[15.42038,46.6549],[15.42171,46.65327],[15.42332,46.65269],[15.42315,46.65085],[15.42187,46.64951],[15.42171,46.64723],[15.42375,46.6475],[15.43018,46.64666],[15.43168,46.64524],[15.43366,46.64243],[15.43579,46.6419],[15.43935,46.63986],[15.44206,46.64022],[15.4476,46.64165],[15.44963,46.64234],[15.45322,46.64015],[15.45545,46.63978],[15.45685,46.63898],[15.45577,46.63767],[15.45629,46.63654],[15.45604,46.63497],[15.45514,46.63286],[15.45588,46.63128],[15.45506,46.63012],[15.45717,46.62925],[15.45759,46.62818],[15.45885,46.62774],[15.45966,46.62619],[15.46213,46.62595],[15.46402,46.6221],[15.46384,46.61958],[15.46216,46.61786],[15.4625,46.61565],[15.4639,46.61459],[15.46646,46.61437],[15.46913,46.61285],[15.47011,46.61336],[15.47195,46.61225],[15.47474,46.61205],[15.47817,46.61306],[15.48174,46.61556],[15.48301,46.61689],[15.4839,46.61894],[15.48499,46.6195],[15.48712,46.61977],[15.48818,46.62072],[15.48995,46.62037],[15.49268,46.62035],[15.49433,46.61924],[15.4982,46.61865],[15.50063,46.61757],[15.4999,46.61649],[15.50044,46.61468],[15.50227,46.61391],[15.50404,46.61429],[15.50364,46.61524],[15.50453,46.61601],[15.50667,46.61567],[15.50885,46.61623],[15.51181,46.61661],[15.51123,46.61783],[15.51164,46.61877],[15.51007,46.62012],[15.51242,46.62218],[15.51359,46.62222],[15.51546,46.62338],[15.51719,46.62263],[15.51883,46.62135],[15.52007,46.62154],[15.52287,46.62307],[15.52446,46.62559],[15.53021,46.62886],[15.53002,46.6297],[15.53215,46.63108],[15.53385,46.63133],[15.53606,46.63337],[15.53881,46.63429],[15.54068,46.63384],[15.54167,46.63245],[15.54215,46.6301],[15.54353,46.63222],[15.5457,46.63355],[15.545,46.6348],[15.54609,46.63644],[15.54766,46.63728],[15.55109,46.64027],[15.54824,46.64142],[15.54697,46.64281],[15.54562,46.64244],[15.54432,46.64387],[15.54473,46.64552],[15.54387,46.64609],[15.54594,46.64715],[15.5468,46.64874],[15.55137,46.6477],[15.55269,46.64882],[15.55352,46.65141],[15.553,46.65302],[15.55072,46.6557],[15.54868,46.65922],[15.54811,46.66212],[15.54798,46.6649],[15.54603,46.66474],[15.54614,46.66754],[15.54412,46.66834],[15.54368,46.66929],[15.54628,46.67015],[15.54732,46.66987],[15.54925,46.67199],[15.5509,46.67213],[15.55304,46.67119],[15.55378,46.67234],[15.55794,46.67099],[15.55918,46.67116],[15.55994,46.67354],[15.56289,46.67515],[15.56481,46.67579],[15.56739,46.67533],[15.56759,46.67756],[15.56831,46.67983],[15.56953,46.67993],[15.57015,46.68091],[15.57325,46.68002],[15.57469,46.68148],[15.57574,46.6808],[15.57807,46.68093],[15.57736,46.68281],[15.57949,46.68327],[15.58182,46.68259],[15.58232,46.68195],[15.58427,46.68321],[15.5875,46.68365],[15.58925,46.68325],[15.5907,46.68428],[15.59044,46.6861],[15.592,46.68766],[15.59495,46.68995],[15.59698,46.69039],[15.60018,46.69005],[15.60195,46.68957],[15.60401,46.68816],[15.60683,46.68821],[15.60855,46.68767],[15.60426,46.68473],[15.60392,46.68386],[15.60465,46.68181],[15.60535,46.68115],[15.60957,46.68302],[15.6106,46.68207],[15.61164,46.68305],[15.61321,46.68342],[15.61343,46.68242],[15.61455,46.68217],[15.61599,46.68212],[15.61722,46.68096],[15.61988,46.67982],[15.62176,46.68071],[15.62296,46.67957],[15.62494,46.67968],[15.62979,46.68061],[15.63311,46.68171],[15.6321,46.68434],[15.6341,46.68604],[15.63441,46.68835],[15.63668,46.69026],[15.6387,46.69142],[15.64123,46.69242],[15.64266,46.69129],[15.64326,46.69017],[15.64451,46.69071],[15.64707,46.69113],[15.64749,46.6917],[15.64943,46.6919],[15.65045,46.69133],[15.65266,46.69117],[15.65397,46.69278],[15.65434,46.69698],[15.65408,46.69945],[15.65351,46.70041],[15.65198,46.70142],[15.64979,46.70505],[15.64999,46.70576],[15.65684,46.70645],[15.66523,46.70639],[15.6727,46.70704],[15.67707,46.70662],[15.67999,46.70586],[15.68557,46.70372],[15.69352,46.69961],[15.69577,46.69882],[15.69924,46.69827],[15.70394,46.69828],[15.7063,46.69808],[15.71277,46.69715],[15.71502,46.69702],[15.7208,46.6959],[15.72307,46.69581],[15.7257,46.69617],[15.72997,46.69757],[15.7365,46.69944],[15.73933,46.69994],[15.74318,46.69989],[15.74929,46.69842],[15.75244,46.69797],[15.75567,46.69799],[15.76002,46.69909],[15.76342,46.69935],[15.76678,46.69898],[15.76924,46.69912],[15.77109,46.69971],[15.7733,46.70117],[15.77926,46.7043],[15.78642,46.70747],[15.78836,46.7085],[15.79115,46.71042],[15.79603,46.71323],[15.80027,46.71499],[15.80384,46.71605],[15.81697,46.71909],[15.82161,46.72007],[15.83264,46.72197],[15.836,46.72228],[15.84088,46.72238],[15.85614,46.72233],[15.8623,46.72207],[15.87046,46.72105],[15.87784,46.71951],[15.88445,46.71741],[15.89281,46.71398],[15.8955,46.71338],[15.90419,46.7121],[15.90868,46.71101],[15.91391,46.70923],[15.9183,46.70721],[15.92183,46.70506],[15.93515,46.69577],[15.94195,46.6912],[15.94706,46.68907],[15.95119,46.68799],[15.955,46.68744],[15.96554,46.68667],[15.98362,46.68461],[15.98923,46.68327],[15.9962,46.68139],[16.00039,46.67946],[16.00252,46.67771],[16.0038,46.67624],[16.00496,46.67413],[16.00654,46.66929],[16.00818,46.66699],[16.01081,46.66489],[16.01284,46.66386],[16.01666,46.66288],[16.0202,46.66271],[16.0225,46.66227],[16.02446,46.66151],[16.02745,46.65991],[16.03669,46.65684],[16.03809,46.65615],[16.04011,46.66148],[16.0398,46.6655],[16.04072,46.66832],[16.04062,46.66945],[16.03903,46.67227],[16.03958,46.67654],[16.04071,46.67905],[16.04143,46.68242],[16.04251,46.6858],[16.04129,46.68759],[16.04032,46.68831],[16.0395,46.6909],[16.03786,46.69351],[16.03434,46.69743],[16.02922,46.70041],[16.02882,46.70153],[16.02973,46.70266],[16.02944,46.70407],[16.02729,46.70564],[16.02881,46.71027],[16.02969,46.71177],[16.02833,46.71227],[16.02442,46.71122],[16.02187,46.71083],[16.02058,46.71137],[16.01923,46.71328],[16.01675,46.71592],[16.01244,46.71751],[16.01156,46.71747],[16.00844,46.7161],[16.00546,46.71652],[16.0037,46.71708],[16.00325,46.71837],[16.0018,46.71955],[16.00365,46.72249],[16.0035,46.7232],[15.99992,46.72549],[15.99857,46.7278],[15.99609,46.72993],[15.99417,46.7304],[15.99329,46.7312],[15.99263,46.7336],[15.99181,46.73529],[15.9917,46.73748],[15.98999,46.73855],[15.98942,46.73977],[15.98815,46.74079],[15.98879,46.74392],[15.9871,46.7467],[15.98711,46.74883],[15.98654,46.75039],[15.98499,46.75164],[15.98496,46.75266],[15.98846,46.75559],[15.98976,46.75779],[15.98821,46.76142],[15.98919,46.76381],[15.98906,46.76666],[15.98932,46.76791],[15.98872,46.76944],[15.98991,46.77107],[15.99007,46.77343],[15.98903,46.77494],[15.98878,46.7768],[15.99006,46.77873],[15.98955,46.78054],[15.99183,46.78425],[15.99331,46.78854],[15.99402,46.79408],[15.99348,46.79665],[15.99257,46.79816],[15.99292,46.80002],[15.99236,46.80309],[15.99304,46.80434],[15.995,46.80567],[15.99723,46.80775],[15.99809,46.81015],[15.99709,46.81184],[15.99176,46.8168],[15.99121,46.81807],[15.98994,46.8189],[15.98835,46.81925],[15.9875,46.82037],[15.98742,46.82277],[15.98593,46.82688],[15.98718,46.82827],[15.98962,46.82948],[15.98906,46.83048],[15.99086,46.832],[15.99101,46.83283],[15.99312,46.8334],[15.9944,46.83475],[15.99624,46.8354],[15.99968,46.83577],[16.00129,46.83691],[16.00228,46.83874],[16.00261,46.84123],[16.00323,46.84219],[16.00598,46.84477],[16.00138,46.84779],[16.00499,46.85369],[16.00788,46.85717],[16.00876,46.86379],[16.00895,46.86751],[16.00768,46.8698],[16.00746,46.87112],[16.008,46.87419],[16.01091,46.87946],[16.01407,46.88444],[16.01758,46.88495],[16.03367,46.89271],[16.03513,46.89397],[16.03518,46.89889],[16.035,46.90174],[16.04165,46.90585],[16.04606,46.9104],[16.04785,46.91048],[16.04996,46.90823],[16.06222,46.91242],[16.06115,46.91697],[16.06248,46.9234],[16.06774,46.9313],[16.06878,46.93422],[16.07248,46.93591],[16.07575,46.93447],[16.07769,46.93409],[16.08154,46.93404],[16.08964,46.93506],[16.09299,46.93503],[16.09374,46.93939],[16.09609,46.9413],[16.09574,46.94607],[16.09565,46.94987],[16.09519,46.95471],[16.09895,46.95698],[16.10058,46.96101],[16.10397,46.96133],[16.1053,46.96409],[16.1084,46.96538],[16.11004,46.9698],[16.10839,46.97108],[16.11205,46.97842],[16.11855,46.98039],[16.12059,46.98467],[16.12222,46.99031],[16.12671,46.99156],[16.12915,46.99606],[16.13225,46.99527],[16.13559,46.99489],[16.13817,46.99343],[16.1413,46.99261],[16.14355,46.99139],[16.14458,46.9913],[16.14655,46.99207],[16.14885,46.99188],[16.15044,46.99088],[16.15504,46.9904],[16.15641,46.99307],[16.1532,46.99368],[16.15019,46.99279],[16.14835,46.99432],[16.15012,46.99532],[16.14889,46.99727],[16.14919,47.00012],[16.14748,47.00063],[16.14447,46.99773],[16.14224,46.99928],[16.14282,47.00168],[16.14165,47.00306],[16.13989,47.00272],[16.13921,47.00335],[16.13883,47.00497],[16.13683,47.00585],[16.13668,47.00672],[16.139,47.00728],[16.14012,47.00795],[16.13969,47.00923],[16.13788,47.00934],[16.13655,47.01046],[16.13263,47.01099],[16.13087,47.01247],[16.13152,47.0141],[16.1309,47.01566],[16.12854,47.01657],[16.12621,47.01825],[16.12608,47.01946],[16.12752,47.0215],[16.12665,47.02309],[16.12444,47.02243],[16.12307,47.02413],[16.12437,47.02623],[16.12191,47.02659],[16.1212,47.0278],[16.11699,47.02842],[16.11554,47.02927],[16.11638,47.03014],[16.11956,47.02963],[16.12112,47.0301],[16.12112,47.03109],[16.11964,47.03245],[16.11818,47.03245],[16.1159,47.03174],[16.11404,47.03205],[16.11545,47.0332],[16.1145,47.03507],[16.11812,47.03592],[16.11808,47.03685],[16.11656,47.03767],[16.11686,47.03862],[16.12041,47.03903],[16.11947,47.04023],[16.12058,47.04136],[16.12055,47.04397],[16.11787,47.04536],[16.11735,47.0475],[16.11466,47.04707],[16.11287,47.04813],[16.1109,47.04867],[16.10864,47.05406],[16.10798,47.05796],[16.10655,47.06058],[16.10466,47.06073],[16.10184,47.05973],[16.09921,47.06017],[16.09722,47.06097],[16.09519,47.06251],[16.09466,47.06426],[16.09307,47.06738],[16.09079,47.0707],[16.0877,47.07263],[16.08763,47.07378],[16.08908,47.0751],[16.08836,47.07614],[16.0888,47.07857],[16.08862,47.07984],[16.09033,47.08165],[16.0896,47.08316],[16.08829,47.08386],[16.08698,47.08535],[16.0869,47.08647],[16.0886,47.08841],[16.09182,47.09008],[16.09455,47.09302],[16.09343,47.09408],[16.09358,47.09533],[16.09254,47.09589],[16.09168,47.09724],[16.09298,47.09819],[16.09182,47.09972],[16.09165,47.10102],[16.0929,47.10359],[16.09278,47.10498],[16.09371,47.10612],[16.09305,47.10774],[16.09522,47.10911],[16.09514,47.11162],[16.09583,47.11235],[16.09824,47.11262],[16.10095,47.1122],[16.10243,47.11254],[16.10488,47.11477],[16.10654,47.11702],[16.10832,47.11833],[16.10787,47.12142],[16.10955,47.12702],[16.11107,47.12881],[16.11329,47.13088],[16.11345,47.13212],[16.11277,47.13439],[16.11332,47.13712],[16.11434,47.13863],[16.11424,47.13996],[16.11304,47.14057],[16.11549,47.14295],[16.1141,47.1476],[16.11349,47.14841],[16.11424,47.15009],[16.11239,47.15224],[16.11278,47.1538],[16.11206,47.15691],[16.11311,47.16023],[16.11093,47.16397],[16.11093,47.16529],[16.10948,47.1662],[16.1098,47.16808],[16.10727,47.17002],[16.10812,47.17154],[16.10722,47.17477],[16.10791,47.17629],[16.10545,47.1795],[16.10461,47.18155],[16.10319,47.18243],[16.10231,47.18391],[16.10311,47.18559],[16.10209,47.18725],[16.0994,47.18752],[16.09918,47.18831],[16.10035,47.18959],[16.09707,47.19116],[16.098,47.19273],[16.09568,47.19365],[16.09607,47.19473],[16.09548,47.1967],[16.09409,47.19801],[16.09175,47.19828],[16.09121,47.20179],[16.09225,47.2031],[16.09217,47.20447],[16.08988,47.20552],[16.09052,47.20748],[16.09034,47.20879],[16.08935,47.20967],[16.08781,47.20898],[16.0865,47.20964],[16.08675,47.21196],[16.08636,47.21406],[16.08653,47.21549],[16.08811,47.21689],[16.08733,47.2179],[16.08433,47.2177],[16.08394,47.21954],[16.0856,47.22085],[16.08583,47.22188],[16.08399,47.22195],[16.08476,47.22332],[16.08353,47.22467],[16.0821,47.22512],[16.08245,47.22648],[16.08105,47.22679],[16.08186,47.22835],[16.08118,47.22945],[16.08475,47.22914],[16.08577,47.22969],[16.08462,47.23121],[16.08477,47.23207],[16.08638,47.23324],[16.08465,47.2355],[16.08427,47.23748],[16.08571,47.23832],[16.08583,47.2398],[16.08822,47.24179],[16.08666,47.24264],[16.08687,47.24395],[16.0855,47.24626],[16.08651,47.2475],[16.0852,47.24797],[16.08384,47.24726],[16.08301,47.24798],[16.08436,47.24861],[16.08518,47.25046],[16.08392,47.25107],[16.08167,47.25086],[16.0814,47.25218],[16.08295,47.25284],[16.08332,47.25361],[16.08155,47.25492],[16.07861,47.25912],[16.08038,47.25968],[16.08179,47.26093],[16.0817,47.26356],[16.08049,47.26539],[16.07908,47.26666],[16.07777,47.26925],[16.0773,47.27118],[16.07535,47.27153],[16.07568,47.27271],[16.07504,47.27398],[16.07512,47.27544],[16.07351,47.2762],[16.07173,47.27819],[16.06915,47.283],[16.06756,47.2842],[16.06444,47.28556],[16.06564,47.28807],[16.06668,47.28894],[16.06531,47.29308],[16.06235,47.29296],[16.0621,47.2947],[16.05985,47.29491],[16.06011,47.29577],[16.06195,47.29669],[16.06234,47.29823],[16.06095,47.29942],[16.06092,47.30136],[16.06277,47.30255],[16.0615,47.30414],[16.05949,47.30505],[16.05875,47.30592],[16.05897,47.31012],[16.05871,47.31136],[16.05991,47.3127],[16.05915,47.31473],[16.05704,47.3163],[16.05265,47.31672],[16.05075,47.31664],[16.04982,47.31743],[16.04969,47.31979],[16.05003,47.32057],[16.05215,47.32198],[16.05211,47.32266],[16.04858,47.3261],[16.04812,47.32765],[16.04854,47.32858],[16.05051,47.32951],[16.04901,47.33065],[16.05121,47.3318],[16.04984,47.33353],[16.04819,47.33408],[16.04819,47.33541],[16.04643,47.33503],[16.04538,47.33539],[16.04525,47.3367],[16.04325,47.33805],[16.04316,47.33921],[16.044,47.34007],[16.04343,47.34216],[16.0422,47.34242],[16.04061,47.34366],[16.039,47.34339],[16.03727,47.34235],[16.03634,47.34386],[16.03798,47.34443],[16.03797,47.34516],[16.03552,47.34606],[16.03757,47.34678],[16.03793,47.34737],[16.03573,47.34796],[16.03502,47.34883],[16.03578,47.35047],[16.03585,47.35367],[16.03487,47.35473],[16.0327,47.35467],[16.03213,47.35567],[16.03012,47.35688],[16.02977,47.35859],[16.02882,47.36045],[16.02659,47.36182],[16.02345,47.36314],[16.02124,47.36317],[16.01934,47.36393],[16.01489,47.36852],[16.0196,47.36897],[16.02064,47.37012],[16.02894,47.37107],[16.03361,47.3725],[16.03308,47.37421],[16.0307,47.37753],[16.02923,47.38053],[16.03222,47.38136],[16.04177,47.3822],[16.05094,47.38268],[16.05563,47.38334],[16.05683,47.3839],[16.0592,47.3835],[16.06219,47.38413],[16.0643,47.38544],[16.06521,47.38729],[16.06499,47.38883],[16.06387,47.39052],[16.06348,47.39321],[16.06506,47.39515],[16.06545,47.39678],[16.06626,47.39793],[16.06912,47.40006],[16.07034,47.40223],[16.07472,47.40379],[16.07855,47.40474],[16.08157,47.40624],[16.08382,47.40836],[16.08804,47.40727],[16.09056,47.40766],[16.09389,47.40732],[16.09446,47.40692],[16.09451,47.40521],[16.09285,47.40494],[16.0891,47.40492],[16.08771,47.40339],[16.08893,47.40047],[16.08866,47.3995],[16.08678,47.39822],[16.08407,47.39772],[16.08305,47.3972],[16.08395,47.39566],[16.08758,47.39358],[16.09278,47.38979],[16.09375,47.38992],[16.09998,47.39294],[16.1032,47.3948],[16.10851,47.39546],[16.10934,47.39607],[16.1087,47.39735],[16.10481,47.40326],[16.10302,47.40448],[16.10122,47.40733],[16.10074,47.41165],[16.10156,47.41441],[16.10562,47.4139],[16.10913,47.41439],[16.11305,47.41364],[16.11589,47.41394],[16.11855,47.41321],[16.12441,47.41258],[16.12781,47.41272],[16.13024,47.41335],[16.13245,47.41492],[16.13639,47.41529],[16.141,47.41671],[16.14251,47.41608],[16.1493,47.41907],[16.15248,47.4196],[16.15664,47.41949],[16.16041,47.42004],[16.16458,47.42043],[16.17108,47.42134],[16.17075,47.42241],[16.16744,47.42473],[16.16649,47.42501],[16.16208,47.42528],[16.15968,47.42646],[16.15885,47.42807],[16.15723,47.42952],[16.1522,47.43321],[16.14825,47.43529],[16.1457,47.43747],[16.14273,47.44059],[16.13914,47.44292],[16.13882,47.44413],[16.13994,47.44567],[16.13966,47.44686],[16.13805,47.44878],[16.13441,47.45066],[16.13283,47.45179],[16.13209,47.45324],[16.13275,47.45445],[16.13266,47.45851],[16.13334,47.45968],[16.13692,47.46076],[16.13712,47.46196],[16.13561,47.4628],[16.13448,47.46562],[16.13257,47.46825],[16.13093,47.46868],[16.12725,47.46803],[16.12611,47.4683],[16.12252,47.47068],[16.12287,47.47308],[16.12119,47.4737],[16.11631,47.47389],[16.11699,47.4751],[16.11964,47.4762],[16.12059,47.47728],[16.12047,47.47858],[16.11931,47.48107],[16.11987,47.48703],[16.11609,47.48872],[16.11466,47.49122],[16.11527,47.49314],[16.1149,47.49431],[16.11317,47.49661],[16.11398,47.49774],[16.11397,47.49958],[16.1151,47.50156],[16.11751,47.50245],[16.1187,47.50351],[16.11853,47.50564],[16.1188,47.50737],[16.11979,47.50891],[16.12136,47.51015],[16.12184,47.51125],[16.12034,47.51213],[16.11741,47.51016],[16.11533,47.50828],[16.11432,47.50795],[16.11244,47.50941],[16.11182,47.51087],[16.11299,47.51279],[16.11533,47.51448],[16.11603,47.51593],[16.11207,47.51718],[16.11146,47.51778],[16.11137,47.52096],[16.10984,47.52315],[16.10807,47.52485],[16.10638,47.52519],[16.1021,47.52432],[16.09824,47.52441],[16.09692,47.5212],[16.09408,47.51662],[16.09392,47.51488],[16.09443,47.51245],[16.09416,47.51176],[16.09207,47.50971],[16.08944,47.50838],[16.08644,47.50805],[16.084,47.50747],[16.08114,47.50606],[16.0806,47.50496],[16.08012,47.50036],[16.0797,47.49929],[16.07745,47.50025],[16.07601,47.50177],[16.07582,47.50298],[16.07432,47.50341],[16.0692,47.5035],[16.06682,47.503],[16.06444,47.50213],[16.06364,47.49953],[16.06305,47.4964],[16.06435,47.49403],[16.06338,47.49059],[16.06317,47.48869],[16.06455,47.48553],[16.06339,47.48453],[16.05895,47.48391],[16.05463,47.48462],[16.05316,47.48509],[16.05155,47.48672],[16.05115,47.48867],[16.04784,47.49055],[16.04526,47.49136],[16.04355,47.49274],[16.04137,47.49586],[16.04051,47.49893],[16.0409,47.50042],[16.04035,47.5014],[16.03688,47.50437],[16.03352,47.50521],[16.03203,47.50734],[16.0308,47.50821],[16.02467,47.51392],[16.02112,47.51575],[16.01506,47.51754],[16.01303,47.51775],[16.00981,47.51754],[16.00365,47.51605],[16.00187,47.51578],[15.99862,47.51593],[15.99565,47.51705],[15.99049,47.51776],[15.98546,47.51772],[15.98342,47.51791],[15.98153,47.51851],[15.97762,47.52055],[15.97586,47.5209],[15.97219,47.52102],[15.9659,47.51914],[15.96098,47.51818],[15.9584,47.51803],[15.95582,47.51822],[15.95325,47.519],[15.94974,47.5207],[15.94113,47.52588],[15.93816,47.52725],[15.92744,47.5298],[15.92215,47.5308],[15.91495,47.53086],[15.914,47.53103],[15.91254,47.53295],[15.91188,47.53584],[15.90615,47.54074],[15.90443,47.54335],[15.90365,47.54587],[15.90344,47.54956],[15.9056,47.56067],[15.9052,47.56286],[15.90403,47.56365],[15.89795,47.56687],[15.88826,47.57177],[15.87438,47.57412],[15.86963,47.57293],[15.86664,47.57122],[15.86516,47.56663],[15.86382,47.56623],[15.85954,47.56722],[15.85744,47.5673],[15.85276,47.56675],[15.85062,47.56676],[15.8493,47.56723],[15.84791,47.56847],[15.84763,47.56943],[15.8479,47.57238],[15.84678,47.57649],[15.84693,47.58113],[15.84588,47.58469],[15.84614,47.58701],[15.84871,47.59031],[15.84933,47.59254],[15.8492,47.59782],[15.85263,47.59966],[15.85572,47.60274],[15.85769,47.60554],[15.86005,47.60967],[15.86156,47.61553],[15.86161,47.61849],[15.86045,47.62018],[15.85764,47.6208],[15.84693,47.61805],[15.84567,47.61783],[15.84156,47.61788],[15.8349,47.62179],[15.83225,47.62599],[15.82932,47.63112],[15.82935,47.63222],[15.8268,47.63534],[15.82201,47.63767],[15.80646,47.63513],[15.80363,47.63564],[15.79724,47.63609],[15.78973,47.63982],[15.78253,47.63905],[15.77999,47.64225],[15.7755,47.64068],[15.7723,47.63979],[15.76946,47.63831],[15.76438,47.63525],[15.76027,47.63385],[15.74793,47.63137],[15.74503,47.63139],[15.74117,47.63329],[15.7456,47.63769],[15.74582,47.63954],[15.74353,47.64175],[15.74055,47.6432],[15.73573,47.6449],[15.72655,47.64638],[15.72569,47.64704],[15.72584,47.65139],[15.72852,47.65542],[15.72892,47.65696],[15.72906,47.65964],[15.72852,47.66232],[15.72382,47.67324],[15.72322,47.6756],[15.72029,47.68245],[15.72026,47.68397],[15.72114,47.68756],[15.72087,47.68926],[15.71897,47.69231],[15.71608,47.69531],[15.71552,47.69686],[15.71556,47.6999],[15.71686,47.70293],[15.71943,47.70642],[15.71976,47.70874],[15.71929,47.70981],[15.71736,47.71101],[15.71495,47.71157],[15.70991,47.71183],[15.70504,47.71261],[15.70258,47.71226],[15.69678,47.71196],[15.69484,47.7108],[15.69294,47.70694],[15.69121,47.70451],[15.68666,47.70317],[15.68361,47.70125],[15.68007,47.6997],[15.67745,47.69972],[15.67505,47.70092],[15.67419,47.70247],[15.67441,47.70426],[15.67396,47.70664],[15.6729,47.70854],[15.67188,47.70913],[15.66618,47.71039],[15.65979,47.71247],[15.65728,47.71448],[15.65244,47.71748],[15.6489,47.71765],[15.64536,47.71725],[15.6361,47.71538],[15.63472,47.71954],[15.63381,47.72112],[15.63127,47.72373],[15.62843,47.72916],[15.62766,47.73006],[15.62439,47.73239],[15.62153,47.73634],[15.61999,47.73777],[15.62011,47.73986],[15.6183,47.74219],[15.61678,47.74499],[15.61592,47.74589],[15.61262,47.7462],[15.61166,47.74728],[15.61198,47.75002],[15.61122,47.75085],[15.6069,47.75198],[15.60443,47.75177],[15.59451,47.74934],[15.59137,47.74903],[15.586,47.74804],[15.58422,47.74796],[15.57951,47.74873],[15.57173,47.749],[15.5679,47.74834],[15.56556,47.7475],[15.56314,47.7455],[15.55584,47.74595],[15.55504,47.74641],[15.55433,47.74801],[15.55264,47.74889],[15.55111,47.74909],[15.54274,47.74749],[15.53819,47.74699],[15.53567,47.74624],[15.52983,47.74532],[15.52723,47.7454],[15.52411,47.74646],[15.52183,47.74668],[15.51894,47.74578],[15.51734,47.74615],[15.51443,47.74605],[15.51226,47.74833],[15.51062,47.74947],[15.50987,47.75138],[15.50903,47.75225],[15.51134,47.75269],[15.51479,47.75522],[15.51549,47.75665],[15.51716,47.75842],[15.51774,47.76179],[15.51527,47.76416],[15.5119,47.76477],[15.51014,47.76585],[15.5073,47.76707],[15.50401,47.76782],[15.49979,47.76807],[15.49743,47.76891],[15.49545,47.76918],[15.49102,47.76903],[15.48569,47.77006],[15.47552,47.77021],[15.47239,47.77065],[15.46957,47.77045],[15.46565,47.76985],[15.46259,47.76888],[15.46079,47.7689],[15.4584,47.77024],[15.45475,47.77182],[15.45078,47.77142],[15.44929,47.77205],[15.44897,47.77331],[15.44644,47.77611],[15.44406,47.78159],[15.44164,47.7847],[15.44087,47.78648],[15.44063,47.7885],[15.43891,47.79057],[15.4364,47.79121],[15.4338,47.79122],[15.43201,47.78989],[15.42978,47.78911],[15.42657,47.78651],[15.42419,47.78501],[15.42139,47.78426],[15.41872,47.78503],[15.41694,47.78487],[15.41209,47.78502],[15.41042,47.78618],[15.40891,47.78944],[15.40828,47.79181],[15.40696,47.79407],[15.40634,47.79631],[15.40502,47.7979],[15.40334,47.79926],[15.40493,47.80233],[15.40537,47.80481],[15.40438,47.80723],[15.40513,47.8099],[15.40636,47.81094],[15.406,47.81311],[15.40046,47.81458],[15.39626,47.81405],[15.39485,47.81279],[15.39199,47.81142],[15.39248,47.8135],[15.39078,47.81385],[15.38994,47.81547],[15.38768,47.81647],[15.38657,47.81759],[15.38391,47.81906],[15.37946,47.82237],[15.37765,47.82266],[15.37556,47.82401],[15.37474,47.82409],[15.36083,47.82291],[15.36057,47.82404],[15.35937,47.82491],[15.35712,47.8252],[15.35113,47.82485],[15.34644,47.82548],[15.34287,47.82662],[15.33913,47.82733],[15.33501,47.82737],[15.33281,47.82656],[15.33083,47.82535],[15.32884,47.82334],[15.32602,47.82141],[15.32392,47.82041],[15.32261,47.82025],[15.32018,47.82071],[15.31795,47.82222],[15.31447,47.82162],[15.31158,47.82199],[15.30764,47.81936],[15.30637,47.81922],[15.29775,47.8206],[15.29887,47.81922],[15.29829,47.81713],[15.29774,47.81355],[15.2971,47.81301],[15.29477,47.81258],[15.29376,47.80948],[15.29266,47.80887],[15.29264,47.80687],[15.2941,47.80301],[15.29426,47.80077],[15.29498,47.79942],[15.2933,47.79918],[15.29198,47.79828],[15.29041,47.79545],[15.29121,47.79363],[15.29089,47.79246],[15.28857,47.7901],[15.28644,47.78968],[15.28212,47.79082],[15.27686,47.79111],[15.26934,47.79305],[15.26419,47.79319],[15.26063,47.79279],[15.25823,47.79228],[15.25786,47.79152],[15.25291,47.79228],[15.25001,47.79368],[15.24768,47.79447],[15.246,47.79565],[15.24275,47.79662],[15.24026,47.79685],[15.23771,47.79803],[15.23451,47.79838],[15.22131,47.79576],[15.21803,47.7941],[15.2133,47.79039],[15.20929,47.78819],[15.20753,47.78633],[15.20784,47.78408],[15.20663,47.78169],[15.20662,47.77782],[15.20573,47.77674],[15.20181,47.77474],[15.20141,47.77322],[15.20219,47.77058],[15.20395,47.7696],[15.20778,47.76984],[15.20914,47.769],[15.20841,47.76655],[15.20999,47.76352],[15.20991,47.76205],[15.20911,47.76112],[15.20494,47.75843],[15.20271,47.75571],[15.20066,47.75387],[15.19886,47.75373],[15.19538,47.75506],[15.19131,47.7555],[15.17895,47.75575],[15.1721,47.75443],[15.16886,47.75429],[15.16683,47.75503],[15.16084,47.75791],[15.15928,47.7582],[15.15616,47.75821],[15.14943,47.75718],[15.14487,47.75712],[15.14308,47.75786],[15.13984,47.76073],[15.1378,47.76058],[15.13636,47.7597],[15.13479,47.75735],[15.13419,47.75448],[15.13347,47.75375],[15.1307,47.75235],[15.13237,47.74882],[15.13225,47.74786],[15.13069,47.74691],[15.12853,47.74632],[15.12133,47.74574],[15.10717,47.7437],[15.0979,47.74304],[15.09483,47.74218],[15.091,47.74167],[15.08865,47.74183],[15.0881,47.74082],[15.08464,47.74096],[15.08275,47.742],[15.08167,47.74212],[15.07611,47.74182],[15.07127,47.7418],[15.06857,47.74051],[15.06625,47.74017],[15.06349,47.74109],[15.06011,47.74046],[15.05634,47.74002],[15.05434,47.74201],[15.03608,47.75207],[15.03379,47.75267],[15.0291,47.75239],[15.02793,47.75071],[15.01965,47.74702],[15.01493,47.74532],[15.01091,47.74464],[15.00412,47.74375],[14.99732,47.74145],[14.99094,47.7406],[14.98318,47.7406],[14.98172,47.74077],[14.97638,47.74302],[14.97389,47.74306],[14.9725,47.74243],[14.96689,47.73711],[14.9653,47.73673],[14.96017,47.73609],[14.95864,47.73566],[14.95254,47.73286],[14.94839,47.72971],[14.94396,47.72579],[14.94209,47.72333],[14.93884,47.72107],[14.93364,47.71805],[14.93219,47.71699],[14.93087,47.71537],[14.92998,47.71291],[14.9288,47.71095],[14.92728,47.71018],[14.92031,47.71023],[14.91482,47.70715],[14.91125,47.7098],[14.90642,47.71021],[14.90372,47.71089],[14.89097,47.71283],[14.88168,47.7141],[14.87939,47.71452],[14.87669,47.71579],[14.87641,47.7163],[14.87668,47.7203],[14.87563,47.72442],[14.87047,47.7337],[14.86374,47.73903],[14.86125,47.74183],[14.85916,47.74115],[14.85604,47.7406],[14.84018,47.73394],[14.83748,47.73424],[14.83185,47.73835],[14.83164,47.73929],[14.83302,47.74116],[14.83322,47.74333],[14.82753,47.74392],[14.82226,47.74506],[14.8206,47.74501],[14.81949,47.74437],[14.81451,47.74054],[14.81223,47.73905],[14.80877,47.73785],[14.80398,47.73794],[14.79997,47.73768],[14.79835,47.73603],[14.79062,47.73454],[14.78792,47.73365],[14.78218,47.73126],[14.77561,47.72784],[14.77124,47.72724],[14.76737,47.72651],[14.76626,47.72685],[14.76492,47.73007],[14.76287,47.7326],[14.76092,47.73349],[14.75722,47.73456],[14.75128,47.73589],[14.74579,47.73754],[14.74176,47.73936],[14.73919,47.7413],[14.73737,47.74406],[14.7373,47.74551],[14.73854,47.74743]]]},"properties":{"idApp":926018,"aopId":"steiermark","name":"Steiermark","nameJa":"シュタイヤーマルク","kind":"regional","tags":[],"rank":0},"bbox":[13.56295,46.61205,16.17108,47.82737]},{"type":"Feature","geometry":{"type":"Polygon","coordinates":[[[15.78335,48.4853],[15.78693,48.48628],[15.79052,48.48781],[15.79235,48.48835],[15.79382,48.48756],[15.80119,48.48655],[15.80325,48.48582],[15.80383,48.48675],[15.80321,48.48769],[15.80593,48.48838],[15.80585,48.49198],[15.80542,48.4931],[15.80945,48.4953],[15.81034,48.49515],[15.81345,48.49686],[15.81695,48.49482],[15.82077,48.49371],[15.82315,48.49332],[15.82677,48.49314],[15.83063,48.49191],[15.83688,48.49194],[15.84328,48.49003],[15.84061,48.48716],[15.84188,48.48623],[15.84501,48.48547],[15.84844,48.4852],[15.85319,48.48358],[15.85596,48.48849],[15.8523,48.48943],[15.8556,48.49347],[15.85777,48.49512],[15.86149,48.49528],[15.86515,48.49472],[15.87031,48.49306],[15.87177,48.49312],[15.87459,48.49462],[15.87699,48.49534],[15.88443,48.49576],[15.89213,48.49591],[15.89773,48.49543],[15.90556,48.49448],[15.90474,48.49227],[15.9056,48.48682],[15.90677,48.48354],[15.9094,48.47908],[15.91068,48.47746],[15.91702,48.48026],[15.92004,48.48079],[15.92503,48.48033],[15.92615,48.47948],[15.92773,48.48051],[15.92966,48.47886],[15.93266,48.4824],[15.9339,48.48487],[15.93562,48.48588],[15.93933,48.48424],[15.94171,48.48526],[15.94642,48.48623],[15.94915,48.48721],[15.95124,48.48831],[15.95825,48.48974],[15.9634,48.49159],[15.96899,48.48831],[15.97598,48.49001],[15.97991,48.49624],[15.98461,48.49548],[15.98797,48.49957],[15.99007,48.49963],[15.99967,48.4944],[16.00278,48.49577],[16.00696,48.49599],[16.01502,48.49692],[16.01839,48.49663],[16.0223,48.49567],[16.02518,48.49436],[16.02495,48.49222],[16.02591,48.49157],[16.02648,48.48948],[16.02609,48.48833],[16.02597,48.48369],[16.02694,48.48312],[16.03008,48.47873],[16.02887,48.47748],[16.02678,48.47391],[16.02566,48.47277],[16.0249,48.46899],[16.02415,48.46796],[16.01232,48.45899],[16.0108,48.45659],[16.01201,48.45569],[16.01721,48.45479],[16.01885,48.45423],[16.01715,48.44205],[16.01719,48.44072],[16.01835,48.43835],[16.01965,48.43316],[16.01952,48.43279],[16.02616,48.43234],[16.02601,48.4314],[16.03173,48.43124],[16.03111,48.42973],[16.03721,48.42891],[16.03874,48.43156],[16.04575,48.43124],[16.04568,48.4308],[16.05025,48.43022],[16.04579,48.41971],[16.04589,48.40571],[16.04958,48.40538],[16.04917,48.40075],[16.05048,48.39939],[16.05277,48.39882],[16.05545,48.39877],[16.05943,48.39437],[16.05575,48.39456],[16.05488,48.39016],[16.05403,48.38926],[16.05126,48.3888],[16.04759,48.38985],[16.04739,48.38933],[16.04735,48.385],[16.04915,48.38508],[16.04907,48.382],[16.05618,48.38083],[16.05413,48.37556],[16.04949,48.37522],[16.04946,48.3735],[16.04443,48.37341],[16.04098,48.37358],[16.0417,48.36985],[16.04713,48.37043],[16.05284,48.3708],[16.05528,48.37157],[16.06159,48.37131],[16.06244,48.37093],[16.05793,48.36626],[16.06243,48.36558],[16.06632,48.36327],[16.06862,48.36004],[16.07062,48.35883],[16.07322,48.35821],[16.07362,48.35715],[16.07019,48.35525],[16.07253,48.35382],[16.07397,48.35254],[16.07655,48.35243],[16.07605,48.35391],[16.07462,48.35504],[16.07456,48.35594],[16.07653,48.35799],[16.07244,48.35953],[16.0736,48.36267],[16.07737,48.36203],[16.08356,48.36205],[16.08447,48.36318],[16.08374,48.36467],[16.08406,48.36555],[16.08576,48.36535],[16.087,48.36357],[16.08574,48.36039],[16.08649,48.35944],[16.08986,48.35905],[16.09166,48.35954],[16.09353,48.35692],[16.09689,48.35505],[16.10017,48.35225],[16.10145,48.34959],[16.10476,48.34801],[16.10733,48.3461],[16.10854,48.34307],[16.11102,48.34253],[16.11299,48.34397],[16.11709,48.34446],[16.11883,48.34356],[16.12083,48.34339],[16.12677,48.34518],[16.12963,48.34336],[16.13579,48.34465],[16.13261,48.34608],[16.13071,48.34812],[16.12781,48.34907],[16.12526,48.34935],[16.12681,48.35041],[16.12815,48.35047],[16.13119,48.35342],[16.13407,48.35439],[16.13608,48.35463],[16.13878,48.35567],[16.14051,48.35709],[16.1429,48.35751],[16.14616,48.35754],[16.1476,48.35642],[16.14701,48.35484],[16.1456,48.35426],[16.14582,48.35308],[16.14801,48.3531],[16.16278,48.35604],[16.16685,48.35652],[16.16749,48.35754],[16.16627,48.35883],[16.16528,48.36221],[16.16579,48.36294],[16.17133,48.36446],[16.17318,48.36514],[16.17457,48.36644],[16.17723,48.36605],[16.17806,48.36505],[16.17813,48.3632],[16.18026,48.36202],[16.18299,48.36188],[16.18563,48.36371],[16.18673,48.36591],[16.18797,48.36663],[16.195,48.36206],[16.19919,48.35906],[16.20362,48.35865],[16.20879,48.35852],[16.21188,48.35901],[16.21427,48.35703],[16.21458,48.35566],[16.21972,48.35243],[16.22127,48.3525],[16.22447,48.35398],[16.22743,48.35641],[16.22704,48.35774],[16.22454,48.3626],[16.22102,48.36335],[16.22211,48.36544],[16.22773,48.36501],[16.22836,48.36354],[16.22859,48.36022],[16.23438,48.35704],[16.23892,48.35625],[16.24317,48.35602],[16.2505,48.35491],[16.25875,48.35423],[16.26013,48.35376],[16.26183,48.35402],[16.26389,48.35599],[16.26702,48.35762],[16.27172,48.35914],[16.27439,48.35976],[16.27709,48.35742],[16.27821,48.35697],[16.2825,48.35636],[16.28492,48.35549],[16.28892,48.35473],[16.28921,48.35391],[16.29315,48.35206],[16.29354,48.35152],[16.29236,48.34915],[16.29443,48.34802],[16.30055,48.34551],[16.30461,48.34423],[16.31708,48.33856],[16.32231,48.3365],[16.32703,48.33387],[16.32843,48.33248],[16.33077,48.32936],[16.33452,48.32322],[16.33656,48.32357],[16.33743,48.32307],[16.34154,48.31785],[16.34271,48.3137],[16.34384,48.30513],[16.34477,48.30156],[16.34856,48.29641],[16.35302,48.29072],[16.35873,48.2842],[16.36307,48.2846],[16.36851,48.2833],[16.3696,48.28395],[16.36916,48.28502],[16.36942,48.28735],[16.37227,48.28777],[16.37627,48.28793],[16.37819,48.28922],[16.37828,48.29012],[16.37522,48.29437],[16.37552,48.29576],[16.37633,48.29627],[16.37799,48.29862],[16.37928,48.30111],[16.3801,48.30184],[16.38552,48.30104],[16.38529,48.30195],[16.38383,48.30294],[16.38455,48.3039],[16.38325,48.30528],[16.3838,48.30602],[16.38258,48.30845],[16.37993,48.31281],[16.37971,48.3147],[16.3802,48.31535],[16.38337,48.31741],[16.38576,48.31869],[16.38846,48.31845],[16.38935,48.31905],[16.38892,48.32049],[16.39075,48.3206],[16.39213,48.32185],[16.39476,48.32153],[16.39402,48.31908],[16.39508,48.31841],[16.40106,48.31715],[16.40178,48.31849],[16.41561,48.32175],[16.41974,48.32215],[16.42472,48.32123],[16.42707,48.32038],[16.43395,48.31742],[16.43803,48.31643],[16.43785,48.31265],[16.43796,48.30993],[16.44017,48.30315],[16.4401,48.29602],[16.4402,48.29186],[16.44832,48.28822],[16.45202,48.28644],[16.45957,48.28304],[16.46058,48.2829],[16.46471,48.28084],[16.47205,48.27686],[16.47719,48.27374],[16.48164,48.27297],[16.48094,48.27488],[16.48362,48.27887],[16.48336,48.2794],[16.48355,48.28475],[16.48334,48.28599],[16.48237,48.28757],[16.48186,48.28976],[16.48091,48.29215],[16.48129,48.2944],[16.48984,48.29306],[16.49509,48.29238],[16.50206,48.29036],[16.50943,48.28797],[16.51285,48.28726],[16.51253,48.28659],[16.51454,48.28548],[16.51289,48.28209],[16.51159,48.28123],[16.50877,48.27699],[16.50735,48.27365],[16.50866,48.27342],[16.51396,48.27116],[16.51282,48.26786],[16.51919,48.26688],[16.52132,48.26453],[16.52627,48.2632],[16.53258,48.26204],[16.53295,48.26293],[16.53789,48.26422],[16.54166,48.26388],[16.54682,48.26308],[16.54208,48.25128],[16.54163,48.24972],[16.54242,48.24817],[16.54144,48.24366],[16.5423,48.24291],[16.54635,48.24281],[16.54789,48.24234],[16.54876,48.24007],[16.55197,48.2388],[16.55183,48.23667],[16.54998,48.23335],[16.54801,48.22829],[16.54671,48.2233],[16.54652,48.22154],[16.54687,48.21965],[16.54564,48.21476],[16.54232,48.20992],[16.54059,48.20821],[16.53848,48.2055],[16.53652,48.20201],[16.53615,48.20034],[16.53803,48.19813],[16.53861,48.19608],[16.53988,48.19424],[16.54001,48.19245],[16.53889,48.19096],[16.53847,48.18823],[16.53738,48.18597],[16.53646,48.18265],[16.53667,48.18034],[16.53651,48.17711],[16.53962,48.17446],[16.5396,48.17382],[16.53691,48.17405],[16.53652,48.17316],[16.53933,48.17273],[16.5422,48.17349],[16.54406,48.17312],[16.54413,48.17452],[16.54133,48.17598],[16.5416,48.17709],[16.5442,48.17713],[16.54629,48.17751],[16.54859,48.1773],[16.54952,48.17666],[16.55005,48.17494],[16.54981,48.17267],[16.54918,48.17198],[16.54656,48.17088],[16.54855,48.1675],[16.54953,48.16645],[16.55008,48.16418],[16.55242,48.1624],[16.55482,48.16204],[16.55432,48.16359],[16.55607,48.16441],[16.55813,48.16381],[16.56088,48.16091],[16.56231,48.16097],[16.5647,48.16275],[16.56885,48.16311],[16.57144,48.16233],[16.57329,48.16099],[16.57438,48.15904],[16.57423,48.15631],[16.57674,48.152],[16.57796,48.14761],[16.57824,48.14396],[16.57804,48.14331],[16.58425,48.14306],[16.58646,48.14342],[16.5891,48.14433],[16.59124,48.14347],[16.59456,48.14284],[16.60207,48.14003],[16.61062,48.13544],[16.6139,48.13494],[16.62532,48.13373],[16.63656,48.13175],[16.64704,48.12893],[16.64868,48.12795],[16.65383,48.12712],[16.6541,48.11852],[16.65701,48.12095],[16.65882,48.12297],[16.66782,48.12199],[16.67037,48.11819],[16.67088,48.11704],[16.67385,48.1171],[16.69274,48.1181],[16.71846,48.12195],[16.72583,48.1228],[16.73212,48.12628],[16.73532,48.12846],[16.73997,48.12972],[16.74247,48.1309],[16.74495,48.13113],[16.74904,48.12976],[16.75584,48.12101],[16.76804,48.11659],[16.78634,48.11555],[16.78984,48.11646],[16.79099,48.11797],[16.79584,48.12115],[16.80133,48.1228],[16.81072,48.12396],[16.81281,48.12412],[16.81532,48.12362],[16.81984,48.12106],[16.82479,48.1206],[16.83454,48.12214],[16.84744,48.12436],[16.8491,48.12475],[16.84801,48.12792],[16.84907,48.1291],[16.84938,48.13071],[16.84877,48.13506],[16.84686,48.14005],[16.84831,48.14187],[16.85629,48.14743],[16.85887,48.1475],[16.86389,48.14639],[16.86719,48.14702],[16.87104,48.14669],[16.87298,48.14616],[16.87367,48.14442],[16.87319,48.14166],[16.87365,48.14042],[16.87903,48.13883],[16.88024,48.13904],[16.88226,48.14108],[16.8838,48.1419],[16.8881,48.14352],[16.88984,48.14363],[16.89237,48.14292],[16.89558,48.14267],[16.89838,48.141],[16.90342,48.14431],[16.90616,48.14541],[16.91025,48.14874],[16.91073,48.14949],[16.91372,48.15163],[16.91927,48.15484],[16.92061,48.15513],[16.92691,48.15468],[16.92988,48.15636],[16.92978,48.15697],[16.92692,48.15833],[16.9247,48.16081],[16.92492,48.1625],[16.9266,48.16524],[16.93304,48.17175],[16.93447,48.1728],[16.93769,48.17444],[16.94178,48.17556],[16.94625,48.17625],[16.94908,48.17603],[16.95456,48.17438],[16.95681,48.17296],[16.95898,48.17026],[16.96259,48.17173],[16.96537,48.17247],[16.96785,48.17269],[16.9762,48.17224],[16.97549,48.17492],[16.97551,48.17684],[16.97608,48.17874],[16.97726,48.18106],[16.97744,48.18213],[16.97652,48.18581],[16.9764,48.18949],[16.97546,48.19135],[16.97197,48.19553],[16.9699,48.20148],[16.96712,48.20513],[16.96522,48.21023],[16.9625,48.21348],[16.96194,48.21538],[16.96218,48.21918],[16.96183,48.22069],[16.95939,48.22457],[16.95583,48.22789],[16.94856,48.23227],[16.94676,48.23435],[16.94607,48.2362],[16.94669,48.24158],[16.94822,48.24382],[16.94866,48.24627],[16.94975,48.24856],[16.94979,48.25224],[16.95143,48.25672],[16.95198,48.25758],[16.95648,48.2617],[16.95718,48.26348],[16.95601,48.26452],[16.95218,48.26576],[16.94973,48.2682],[16.94764,48.26977],[16.94373,48.27081],[16.93989,48.27076],[16.93622,48.27113],[16.93245,48.27093],[16.92778,48.27108],[16.92393,48.27172],[16.92242,48.27221],[16.9199,48.27393],[16.92018,48.27622],[16.91937,48.27796],[16.91815,48.27905],[16.91412,48.28129],[16.91192,48.28423],[16.90884,48.28697],[16.90701,48.28919],[16.90645,48.29078],[16.90622,48.29308],[16.90557,48.29433],[16.90407,48.29569],[16.90159,48.29711],[16.89984,48.29959],[16.89936,48.30271],[16.89876,48.30452],[16.89764,48.30641],[16.89575,48.30842],[16.89483,48.3099],[16.89484,48.31239],[16.89595,48.3143],[16.89785,48.31586],[16.90312,48.31786],[16.90495,48.319],[16.90897,48.32325],[16.90922,48.32533],[16.90764,48.32667],[16.90109,48.32796],[16.89715,48.32951],[16.89451,48.33141],[16.88915,48.33196],[16.88259,48.33562],[16.87967,48.33632],[16.87402,48.33689],[16.87263,48.33741],[16.87035,48.33892],[16.86942,48.3403],[16.86975,48.34181],[16.87086,48.34277],[16.87428,48.34447],[16.8752,48.34561],[16.875,48.34718],[16.87322,48.34877],[16.87133,48.34897],[16.86849,48.34804],[16.86638,48.34793],[16.8614,48.34919],[16.85968,48.34932],[16.85509,48.34803],[16.85254,48.34787],[16.84876,48.3484],[16.84483,48.35001],[16.84316,48.35138],[16.84237,48.35333],[16.84228,48.35479],[16.84324,48.35734],[16.84291,48.35924],[16.84066,48.36168],[16.83917,48.36481],[16.83926,48.36594],[16.84122,48.36977],[16.84105,48.37194],[16.83983,48.3734],[16.83738,48.37509],[16.83389,48.37894],[16.83323,48.38108],[16.8347,48.38319],[16.83785,48.38396],[16.83965,48.38375],[16.84362,48.38201],[16.84506,48.38178],[16.84933,48.38243],[16.85066,48.3835],[16.85091,48.38442],[16.85028,48.38803],[16.85049,48.39054],[16.85108,48.39146],[16.85469,48.39385],[16.8557,48.39514],[16.85591,48.39644],[16.85531,48.39886],[16.85212,48.40328],[16.85088,48.40573],[16.85027,48.40808],[16.85052,48.41006],[16.85144,48.41158],[16.85317,48.41312],[16.85588,48.41469],[16.86235,48.4177],[16.86366,48.4197],[16.86302,48.42097],[16.86027,48.42265],[16.8589,48.42383],[16.85699,48.42622],[16.85447,48.43004],[16.85164,48.43509],[16.85111,48.43863],[16.85087,48.44515],[16.84941,48.44759],[16.85039,48.44968],[16.85297,48.45125],[16.85838,48.45108],[16.86007,48.45138],[16.86269,48.45261],[16.86424,48.45474],[16.86367,48.45596],[16.86027,48.45753],[16.85947,48.45933],[16.86288,48.46229],[16.8639,48.4646],[16.86476,48.46544],[16.86675,48.46613],[16.87174,48.46644],[16.87393,48.46748],[16.87514,48.46903],[16.87636,48.47224],[16.87865,48.47453],[16.88076,48.47747],[16.88277,48.47772],[16.88576,48.47608],[16.88894,48.47571],[16.89033,48.47702],[16.89005,48.47976],[16.89139,48.48195],[16.89478,48.48346],[16.89581,48.4846],[16.89629,48.48605],[16.89549,48.48758],[16.89079,48.49002],[16.88996,48.49167],[16.89063,48.49268],[16.89714,48.49714],[16.90015,48.49813],[16.90305,48.49844],[16.90634,48.49828],[16.90731,48.49788],[16.90892,48.4957],[16.90979,48.49514],[16.91281,48.49435],[16.91576,48.49476],[16.9175,48.49638],[16.91697,48.49791],[16.9144,48.49988],[16.91385,48.50089],[16.91438,48.5034],[16.91302,48.50689],[16.91301,48.51017],[16.91361,48.51159],[16.91491,48.5128],[16.9161,48.51302],[16.9198,48.51257],[16.92221,48.51354],[16.92232,48.51484],[16.92037,48.51673],[16.91966,48.51788],[16.92018,48.51954],[16.92179,48.52028],[16.9307,48.52047],[16.93547,48.52144],[16.94062,48.52072],[16.94318,48.52165],[16.94388,48.52289],[16.94051,48.5255],[16.94036,48.52706],[16.94144,48.52882],[16.94323,48.53034],[16.94598,48.53214],[16.94842,48.53324],[16.94938,48.53446],[16.95058,48.53811],[16.95383,48.5429],[16.95379,48.54471],[16.95183,48.54644],[16.94888,48.54724],[16.94746,48.54802],[16.94503,48.55055],[16.94281,48.55222],[16.94265,48.55402],[16.94443,48.55682],[16.94466,48.56003],[16.94358,48.56148],[16.94045,48.56328],[16.93851,48.56538],[16.93592,48.5704],[16.93543,48.57316],[16.93603,48.57569],[16.93889,48.58063],[16.93916,48.58329],[16.93893,48.58456],[16.93722,48.58886],[16.93575,48.59531],[16.93369,48.59941],[16.93369,48.60135],[16.93483,48.60224],[16.9395,48.60362],[16.94105,48.6048],[16.94202,48.60623],[16.942,48.61039],[16.93997,48.61296],[16.93933,48.61449],[16.94028,48.61725],[16.93855,48.61828],[16.93472,48.61923],[16.93035,48.61934],[16.92769,48.6191],[16.92583,48.61997],[16.92362,48.62047],[16.92155,48.6217],[16.91936,48.62195],[16.91878,48.62301],[16.9202,48.62398],[16.91886,48.62562],[16.91897,48.62653],[16.92101,48.62835],[16.9235,48.62864],[16.92407,48.62947],[16.92295,48.63055],[16.92328,48.63138],[16.92521,48.63169],[16.92602,48.6325],[16.92568,48.6359],[16.92801,48.63765],[16.92825,48.63947],[16.92693,48.64106],[16.92401,48.6432],[16.92284,48.64437],[16.92069,48.64517],[16.92101,48.64904],[16.91965,48.64967],[16.91928,48.65141],[16.92035,48.65386],[16.92224,48.65573],[16.92176,48.65649],[16.92325,48.65798],[16.92331,48.6592],[16.92239,48.65993],[16.92204,48.66326],[16.92282,48.66533],[16.92223,48.6675],[16.92327,48.66909],[16.92306,48.67019],[16.91969,48.67252],[16.91811,48.67333],[16.91423,48.67345],[16.91273,48.67386],[16.91049,48.67572],[16.91013,48.67789],[16.91122,48.68039],[16.91311,48.68163],[16.91298,48.68391],[16.91336,48.68515],[16.9157,48.68708],[16.91631,48.68811],[16.91682,48.69178],[16.91854,48.69316],[16.91821,48.69414],[16.91697,48.69479],[16.91606,48.69644],[16.91683,48.69992],[16.91641,48.70068],[16.91379,48.70248],[16.9126,48.70558],[16.9108,48.70712],[16.90803,48.70787],[16.90483,48.70933],[16.90389,48.71005],[16.90246,48.71214],[16.90334,48.71348],[16.90565,48.71396],[16.90564,48.71535],[16.90332,48.71631],[16.90202,48.71798],[16.90074,48.71792],[16.89759,48.71593],[16.89546,48.71646],[16.89328,48.71578],[16.89178,48.71575],[16.88762,48.7166],[16.88605,48.71617],[16.8792,48.723],[16.87668,48.72178],[16.87642,48.71997],[16.87434,48.71811],[16.87212,48.71688],[16.87355,48.71584],[16.87048,48.71362],[16.86944,48.71249],[16.85272,48.71186],[16.84902,48.71216],[16.84151,48.7115],[16.83426,48.71654],[16.82726,48.71109],[16.82226,48.71033],[16.81629,48.71025],[16.80536,48.71219],[16.80606,48.70909],[16.80432,48.70858],[16.8019,48.70731],[16.79992,48.70588],[16.79966,48.70936],[16.79831,48.71081],[16.79649,48.7101],[16.79207,48.71191],[16.78986,48.71385],[16.78634,48.7133],[16.78554,48.71281],[16.78224,48.71271],[16.78009,48.71323],[16.77924,48.71227],[16.77817,48.71414],[16.77578,48.71195],[16.77321,48.71249],[16.76946,48.71432],[16.76721,48.71668],[16.7637,48.71874],[16.75975,48.7165],[16.75728,48.71698],[16.75875,48.71879],[16.75484,48.71964],[16.75338,48.72064],[16.75205,48.72476],[16.75028,48.72664],[16.74728,48.73212],[16.74429,48.73177],[16.73955,48.73049],[16.73745,48.73063],[16.73719,48.72962],[16.73583,48.72961],[16.73479,48.73047],[16.73612,48.73186],[16.73279,48.73381],[16.72904,48.73317],[16.72782,48.73425],[16.72955,48.73552],[16.72854,48.73662],[16.72403,48.73814],[16.71657,48.73818],[16.71124,48.73758],[16.70754,48.73681],[16.70656,48.73765],[16.70541,48.73525],[16.70429,48.73506],[16.70112,48.73654],[16.70033,48.73594],[16.69372,48.73283],[16.6918,48.73106],[16.68862,48.72928],[16.68259,48.72779],[16.68012,48.73376],[16.67883,48.73507],[16.67555,48.73732],[16.67354,48.7406],[16.67395,48.74286],[16.67836,48.74703],[16.6805,48.7493],[16.68091,48.75097],[16.68014,48.75354],[16.67941,48.75996],[16.67761,48.76659],[16.67615,48.76945],[16.67465,48.77153],[16.66639,48.77375],[16.664,48.77554],[16.66405,48.77663],[16.66581,48.77806],[16.66364,48.77871],[16.6642,48.7804],[16.66374,48.78101],[16.65639,48.78299],[16.65591,48.78246],[16.65348,48.78329],[16.65391,48.78445],[16.65126,48.78517],[16.64849,48.78521],[16.64396,48.78582],[16.63455,48.78577],[16.63329,48.78514],[16.63197,48.78273],[16.63021,48.78176],[16.6306,48.78043],[16.62738,48.78008],[16.62734,48.78076],[16.62415,48.78096],[16.6226,48.78073],[16.61797,48.78147],[16.61564,48.78096],[16.60992,48.78056],[16.60001,48.78165],[16.59323,48.78279],[16.59364,48.78444],[16.59364,48.78685],[16.58237,48.79207],[16.57937,48.79219],[16.57659,48.79329],[16.5738,48.79351],[16.56707,48.79312],[16.56517,48.79356],[16.56388,48.79529],[16.56157,48.79743],[16.56055,48.79927],[16.55907,48.80059],[16.55784,48.80106],[16.55555,48.80364],[16.54965,48.80658],[16.5474,48.80882],[16.54485,48.81048],[16.54075,48.81428],[16.53405,48.81083],[16.53389,48.80949],[16.53278,48.80767],[16.53092,48.80647],[16.52808,48.80551],[16.52902,48.80403],[16.52343,48.79977],[16.51863,48.79825],[16.51614,48.80265],[16.50843,48.80176],[16.49989,48.80123],[16.48468,48.80161],[16.47839,48.8021],[16.47417,48.80483],[16.46773,48.80731],[16.46447,48.80989],[16.46041,48.80903],[16.45904,48.80808],[16.46282,48.8063],[16.46101,48.80585],[16.46189,48.80464],[16.45352,48.80183],[16.4487,48.79938],[16.44703,48.79688],[16.4467,48.79563],[16.44775,48.79058],[16.43997,48.78384],[16.43746,48.77969],[16.4377,48.77866],[16.43576,48.77819],[16.43523,48.77658],[16.43927,48.77432],[16.43761,48.76851],[16.435,48.76563],[16.42747,48.76209],[16.42583,48.76226],[16.42445,48.76145],[16.42276,48.7621],[16.41645,48.75655],[16.41566,48.75499],[16.41355,48.75393],[16.4149,48.75337],[16.41257,48.75162],[16.40951,48.74435],[16.41045,48.74342],[16.405,48.74139],[16.40342,48.74211],[16.40225,48.74109],[16.40057,48.74107],[16.39923,48.73833],[16.39519,48.73636],[16.3941,48.73643],[16.39271,48.73769],[16.39227,48.73913],[16.38855,48.7389],[16.38907,48.73704],[16.38802,48.73519],[16.38564,48.73497],[16.38308,48.73323],[16.38456,48.73229],[16.38379,48.73067],[16.37799,48.72847],[16.37813,48.7295],[16.37736,48.73098],[16.36646,48.72804],[16.35977,48.72807],[16.36042,48.73024],[16.35821,48.73006],[16.35549,48.7321],[16.35144,48.73364],[16.35726,48.73782],[16.35366,48.74076],[16.34974,48.74216],[16.34616,48.74077],[16.34469,48.74176],[16.34429,48.74448],[16.34297,48.74559],[16.3414,48.74537],[16.33748,48.73449],[16.33623,48.7323],[16.33277,48.73212],[16.33173,48.73147],[16.32988,48.73125],[16.32963,48.73254],[16.32687,48.73196],[16.32458,48.73188],[16.31703,48.73286],[16.31306,48.73306],[16.31036,48.73384],[16.3097,48.73484],[16.3067,48.73688],[16.30532,48.73865],[16.30273,48.73946],[16.29902,48.73972],[16.29847,48.73844],[16.29663,48.73766],[16.2945,48.73811],[16.28829,48.74019],[16.28516,48.73988],[16.28178,48.74098],[16.2779,48.74151],[16.27302,48.74128],[16.26832,48.74134],[16.26403,48.7381],[16.26305,48.73701],[16.25397,48.73847],[16.2487,48.73963],[16.24045,48.73962],[16.23375,48.74023],[16.2235,48.7401],[16.20441,48.74294],[16.189,48.74326],[16.17766,48.7451],[16.17273,48.74631],[16.16311,48.74699],[16.16171,48.7475],[16.15472,48.74845],[16.15297,48.74715],[16.15325,48.74525],[16.1519,48.7453],[16.15038,48.74454],[16.14989,48.74319],[16.14307,48.74421],[16.13927,48.74541],[16.13894,48.74275],[16.11797,48.74669],[16.11717,48.74825],[16.11178,48.74729],[16.11203,48.74587],[16.10687,48.74535],[16.10288,48.7454],[16.09282,48.74687],[16.08034,48.7498],[16.07481,48.75193],[16.06467,48.75485],[16.05283,48.76102],[16.04608,48.76263],[16.04118,48.76413],[16.02103,48.77206],[16.01447,48.77391],[16.01288,48.77364],[16.00701,48.77606],[16.00217,48.777],[15.99436,48.77933],[15.99096,48.78254],[15.98654,48.78603],[15.9712,48.7944],[15.96889,48.79668],[15.96578,48.79816],[15.96441,48.79844],[15.96206,48.79826],[15.95957,48.79845],[15.95627,48.80101],[15.95261,48.80274],[15.94962,48.80525],[15.95009,48.80648],[15.95006,48.80919],[15.95198,48.81392],[15.95564,48.81752],[15.95868,48.81948],[15.95988,48.81979],[15.95969,48.82096],[15.95799,48.82327],[15.95429,48.82368],[15.94853,48.82244],[15.94671,48.82251],[15.94557,48.82362],[15.94628,48.82467],[15.94809,48.82556],[15.94791,48.82668],[15.94619,48.82774],[15.94416,48.82799],[15.94182,48.82773],[15.94024,48.8271],[15.94029,48.82583],[15.94131,48.82275],[15.94042,48.8195],[15.93765,48.81884],[15.93457,48.81911],[15.92856,48.82206],[15.92554,48.82312],[15.92417,48.82456],[15.92667,48.82676],[15.92689,48.83061],[15.93062,48.83292],[15.93045,48.83398],[15.92886,48.83441],[15.92177,48.83502],[15.92091,48.83557],[15.92061,48.83808],[15.91984,48.83877],[15.91715,48.83875],[15.91493,48.83711],[15.91031,48.83699],[15.90697,48.83553],[15.90266,48.83601],[15.89962,48.83569],[15.89474,48.83444],[15.89301,48.83476],[15.89181,48.8362],[15.89089,48.83862],[15.89152,48.84234],[15.8932,48.84338],[15.89475,48.84075],[15.8973,48.83825],[15.899,48.83773],[15.90267,48.8374],[15.90413,48.8378],[15.90518,48.8389],[15.90457,48.84101],[15.90169,48.84414],[15.90146,48.84469],[15.89765,48.84836],[15.89543,48.84913],[15.89329,48.84892],[15.89164,48.84486],[15.89016,48.84308],[15.88849,48.8422],[15.88652,48.84187],[15.88426,48.84213],[15.88146,48.84498],[15.87975,48.84819],[15.88018,48.84992],[15.87986,48.85253],[15.88088,48.85385],[15.88069,48.85559],[15.87788,48.8583],[15.87786,48.85899],[15.874,48.86055],[15.87164,48.86042],[15.87128,48.85884],[15.87417,48.85839],[15.87538,48.85661],[15.87466,48.85473],[15.87296,48.85382],[15.86434,48.85236],[15.86262,48.85293],[15.86064,48.8546],[15.85829,48.85721],[15.85744,48.85771],[15.8548,48.85793],[15.85151,48.85764],[15.84483,48.85882],[15.84274,48.8596],[15.84109,48.86077],[15.84167,48.86213],[15.84719,48.86365],[15.85035,48.86504],[15.85211,48.86665],[15.85199,48.86819],[15.84942,48.87],[15.84407,48.87261],[15.84295,48.8746],[15.845,48.87569],[15.84154,48.87712],[15.83872,48.87751],[15.83689,48.87682],[15.83529,48.87452],[15.83275,48.87263],[15.82757,48.87104],[15.82549,48.87135],[15.82241,48.87265],[15.81641,48.87316],[15.81309,48.87307],[15.80613,48.87223],[15.79257,48.8739],[15.78921,48.87393],[15.78436,48.87446],[15.78184,48.87438],[15.77958,48.87489],[15.77859,48.87413],[15.7769,48.87183],[15.77492,48.87003],[15.77356,48.86735],[15.77219,48.86543],[15.77075,48.86411],[15.76011,48.85581],[15.75764,48.85432],[15.75443,48.85288],[15.75363,48.85218],[15.75116,48.85214],[15.74539,48.85333],[15.74173,48.85444],[15.7381,48.85515],[15.72497,48.85633],[15.71359,48.85805],[15.71471,48.85965],[15.7082,48.8607],[15.7053,48.85978],[15.69786,48.85841],[15.69496,48.85601],[15.69257,48.85553],[15.68969,48.85567],[15.68645,48.85703],[15.68574,48.85883],[15.68471,48.86012],[15.68093,48.86344],[15.67828,48.86502],[15.67375,48.86664],[15.67173,48.86771],[15.66946,48.86952],[15.66903,48.87037],[15.66401,48.87527],[15.66076,48.87681],[15.65673,48.88067],[15.65268,48.88284],[15.64614,48.88456],[15.64374,48.88546],[15.64238,48.88664],[15.64002,48.88653],[15.63891,48.88729],[15.63705,48.8866],[15.63742,48.8854],[15.63677,48.88464],[15.63227,48.88464],[15.63031,48.88502],[15.62543,48.88882],[15.6258,48.89079],[15.62362,48.89243],[15.6207,48.8938],[15.61959,48.8956],[15.61243,48.89825],[15.61067,48.8965],[15.60665,48.89657],[15.60166,48.89718],[15.58971,48.89649],[15.58709,48.89599],[15.58245,48.89212],[15.58232,48.89073],[15.5844,48.88846],[15.5837,48.88548],[15.58646,48.88313],[15.59175,48.88081],[15.5951,48.88001],[15.59813,48.88042],[15.60191,48.87987],[15.6047,48.87867],[15.60716,48.8785],[15.60911,48.87786],[15.61091,48.87812],[15.61078,48.87642],[15.60878,48.87544],[15.60624,48.87572],[15.59879,48.87712],[15.59114,48.87742],[15.58909,48.87364],[15.58909,48.87244],[15.58136,48.87504],[15.57928,48.87316],[15.57785,48.86819],[15.58225,48.86561],[15.58634,48.8622],[15.58909,48.86163],[15.58954,48.86089],[15.58943,48.8554],[15.58979,48.85451],[15.59209,48.8547],[15.59496,48.85789],[15.59949,48.8559],[15.60124,48.8545],[15.60143,48.85231],[15.60448,48.84947],[15.60525,48.84818],[15.60562,48.84588],[15.60771,48.84379],[15.60751,48.84222],[15.60532,48.84102],[15.60294,48.84034],[15.59763,48.83947],[15.59431,48.83856],[15.59006,48.83785],[15.58162,48.83887],[15.57753,48.83886],[15.57641,48.83774],[15.57357,48.8331],[15.57106,48.83007],[15.56921,48.82995],[15.56526,48.83082],[15.56367,48.82888],[15.56054,48.82663],[15.55783,48.82621],[15.556,48.827],[15.55465,48.82814],[15.5541,48.8294],[15.55235,48.8297],[15.5516,48.82878],[15.55286,48.82691],[15.55235,48.82482],[15.55075,48.82419],[15.549,48.82416],[15.54424,48.82487],[15.53987,48.82627],[15.53539,48.82679],[15.53367,48.82663],[15.53307,48.82543],[15.53473,48.82391],[15.53509,48.82281],[15.53435,48.82149],[15.5327,48.82129],[15.52816,48.82205],[15.52559,48.82288],[15.52415,48.8227],[15.52023,48.82075],[15.51487,48.81693],[15.51653,48.8148],[15.51896,48.81323],[15.52389,48.81111],[15.5264,48.80941],[15.52698,48.80835],[15.52696,48.80662],[15.52414,48.80196],[15.52248,48.8],[15.52039,48.7981],[15.51859,48.79724],[15.51674,48.79568],[15.51605,48.79448],[15.51719,48.79239],[15.52045,48.79047],[15.52312,48.7879],[15.52225,48.78633],[15.51768,48.78364],[15.51553,48.78202],[15.50653,48.77795],[15.50063,48.77618],[15.50177,48.77502],[15.50475,48.77362],[15.5085,48.77221],[15.51571,48.77067],[15.51869,48.76967],[15.5208,48.76856],[15.52233,48.76705],[15.52751,48.76459],[15.52817,48.7636],[15.52796,48.76152],[15.52467,48.76055],[15.52091,48.76004],[15.5159,48.75891],[15.51376,48.75988],[15.51188,48.76023],[15.5113,48.76116],[15.5066,48.76161],[15.50232,48.76357],[15.50079,48.76373],[15.49982,48.7624],[15.4998,48.76077],[15.50152,48.75802],[15.50347,48.75399],[15.49678,48.75402],[15.49467,48.75359],[15.49374,48.75175],[15.49391,48.74994],[15.49047,48.74977],[15.49305,48.74817],[15.49485,48.7478],[15.49574,48.74689],[15.49553,48.74282],[15.49418,48.73953],[15.48754,48.73681],[15.48275,48.73582],[15.48054,48.73073],[15.48128,48.72904],[15.4791,48.72655],[15.47619,48.72679],[15.46529,48.72556],[15.46305,48.72557],[15.45864,48.72693],[15.45131,48.72939],[15.44904,48.72498],[15.44626,48.72358],[15.44301,48.71815],[15.43643,48.72003],[15.43519,48.71549],[15.43577,48.7134],[15.43496,48.71133],[15.43419,48.7078],[15.43105,48.70486],[15.42984,48.70154],[15.43319,48.70123],[15.43664,48.70032],[15.43979,48.69864],[15.44637,48.69368],[15.45228,48.69],[15.45203,48.68878],[15.45234,48.68651],[15.45319,48.68485],[15.45481,48.68325],[15.45517,48.68161],[15.45595,48.68079],[15.45517,48.67604],[15.45344,48.67545],[15.44981,48.6755],[15.44702,48.67191],[15.44613,48.67133],[15.44255,48.67166],[15.4404,48.67146],[15.4376,48.67175],[15.43517,48.67252],[15.43198,48.67415],[15.42868,48.67471],[15.42716,48.67201],[15.4238,48.66749],[15.42869,48.66617],[15.43184,48.66503],[15.43686,48.6618],[15.44049,48.65899],[15.4441,48.65719],[15.44513,48.65561],[15.44402,48.65132],[15.44551,48.65085],[15.45538,48.64924],[15.45746,48.64863],[15.45992,48.64737],[15.46385,48.64587],[15.47065,48.64388],[15.47352,48.64422],[15.47521,48.64553],[15.47592,48.6482],[15.47693,48.65004],[15.48533,48.65042],[15.48692,48.65161],[15.48792,48.65315],[15.49403,48.65146],[15.49844,48.64864],[15.50437,48.64862],[15.50831,48.64776],[15.51238,48.64616],[15.51436,48.64449],[15.51712,48.64304],[15.53199,48.64247],[15.53517,48.64219],[15.53762,48.64276],[15.53946,48.64364],[15.53976,48.63968],[15.53875,48.6363],[15.53441,48.63329],[15.52926,48.63321],[15.52806,48.63],[15.53386,48.62862],[15.53625,48.62853],[15.53991,48.62924],[15.54392,48.62951],[15.54984,48.62743],[15.54913,48.62548],[15.54985,48.62383],[15.55436,48.62256],[15.55978,48.62288],[15.56239,48.62238],[15.5687,48.62189],[15.56889,48.62413],[15.58059,48.62236],[15.58452,48.62241],[15.58386,48.62097],[15.58137,48.61941],[15.58038,48.61737],[15.57858,48.61479],[15.57723,48.61159],[15.57731,48.61013],[15.57868,48.60938],[15.58137,48.60915],[15.58433,48.6095],[15.58729,48.60948],[15.59024,48.60848],[15.59541,48.60765],[15.59792,48.60684],[15.60027,48.60566],[15.6013,48.60468],[15.60216,48.60226],[15.60524,48.60055],[15.60567,48.59921],[15.60516,48.59801],[15.59702,48.59389],[15.59711,48.59287],[15.59891,48.58674],[15.60102,48.57829],[15.60238,48.57673],[15.6063,48.57421],[15.60941,48.57048],[15.61318,48.56722],[15.61747,48.56703],[15.61969,48.56397],[15.62522,48.5609],[15.62846,48.56272],[15.63111,48.56288],[15.63657,48.56141],[15.6373,48.56205],[15.63723,48.56421],[15.62364,48.5716],[15.62339,48.57366],[15.6275,48.5737],[15.63036,48.57611],[15.63491,48.57499],[15.64213,48.5715],[15.6435,48.57107],[15.64561,48.56976],[15.64729,48.56913],[15.65111,48.56713],[15.6542,48.5658],[15.65801,48.5655],[15.66125,48.56445],[15.66287,48.5642],[15.67124,48.57063],[15.67331,48.57187],[15.67628,48.5705],[15.68206,48.56963],[15.68866,48.56849],[15.6925,48.56719],[15.69425,48.56734],[15.69842,48.56981],[15.70435,48.57214],[15.70644,48.57337],[15.70768,48.5752],[15.70815,48.57752],[15.70643,48.57999],[15.7059,48.58228],[15.70946,48.58242],[15.71662,48.5813],[15.71883,48.58128],[15.72477,48.58216],[15.72824,48.58405],[15.73291,48.58384],[15.73699,48.5841],[15.74143,48.58412],[15.74643,48.58294],[15.7467,48.5821],[15.74301,48.57514],[15.74147,48.57323],[15.73903,48.56954],[15.74233,48.56868],[15.74542,48.56656],[15.74765,48.56548],[15.74814,48.56378],[15.74636,48.55922],[15.74576,48.55598],[15.74629,48.55448],[15.74724,48.55348],[15.75573,48.54726],[15.76215,48.54204],[15.76213,48.53787],[15.75842,48.5402],[15.75722,48.54068],[15.75177,48.5419],[15.74786,48.54189],[15.74226,48.54126],[15.73905,48.54008],[15.73663,48.53828],[15.73448,48.5351],[15.73425,48.53269],[15.73478,48.52793],[15.73526,48.52642],[15.74414,48.52415],[15.74607,48.52219],[15.74907,48.52011],[15.75095,48.51934],[15.75237,48.51668],[15.75302,48.51225],[15.75327,48.509],[15.75372,48.5074],[15.75491,48.50643],[15.75818,48.50538],[15.76236,48.50445],[15.76504,48.50309],[15.77076,48.50183],[15.77353,48.50193],[15.77132,48.5004],[15.77142,48.49963],[15.77309,48.49942],[15.77379,48.49833],[15.7748,48.49519],[15.77651,48.49528],[15.77859,48.49379],[15.77804,48.49204],[15.77544,48.48864],[15.78233,48.48762],[15.78335,48.4853]]]},"properties":{"idApp":926006,"aopId":"weinviertel","name":"Weinviertel","nameJa":"ヴァインフィアテル","kind":"regional","tags":["dac"],"rank":0},"bbox":[15.4238,48.11555,16.97744,48.89825]},{"type":"Feature","geometry":{"type":"Polygon","coordinates":[[[15.42802,46.88075],[15.43339,46.88881],[15.44102,46.88887],[15.4494,46.89032],[15.45011,46.88958],[15.45258,46.88941],[15.45492,46.88805],[15.45854,46.88857],[15.46266,46.88598],[15.46023,46.88412],[15.46147,46.88293],[15.46747,46.87993],[15.46621,46.87745],[15.46657,46.87568],[15.46938,46.87525],[15.47086,46.87445],[15.47125,46.87208],[15.47662,46.87395],[15.47946,46.87393],[15.48581,46.87238],[15.48866,46.87292],[15.4898,46.8735],[15.48935,46.87505],[15.48716,46.87636],[15.48482,46.87694],[15.4845,46.87904],[15.49016,46.87889],[15.49121,46.87848],[15.494,46.87093],[15.49776,46.8718],[15.5006,46.87112],[15.50288,46.86991],[15.50478,46.87016],[15.50579,46.87123],[15.50866,46.87085],[15.51117,46.86764],[15.51515,46.86104],[15.51638,46.85757],[15.52114,46.85065],[15.52079,46.84916],[15.52341,46.84703],[15.52311,46.84639],[15.52837,46.84142],[15.53083,46.84018],[15.53274,46.82799],[15.53292,46.82767],[15.54421,46.82943],[15.54481,46.82469],[15.54962,46.81311],[15.54779,46.81017],[15.54882,46.80889],[15.54801,46.80716],[15.54725,46.80685],[15.5464,46.80262],[15.54682,46.80169],[15.54963,46.79988],[15.54949,46.7988],[15.56656,46.80383],[15.58151,46.80634],[15.5821,46.80554],[15.58505,46.80501],[15.58458,46.79737],[15.58497,46.78613],[15.58414,46.7822],[15.58292,46.78009],[15.58014,46.77716],[15.5741,46.77273],[15.57093,46.76205],[15.56578,46.75954],[15.56411,46.75748],[15.56601,46.75235],[15.56729,46.75185],[15.56876,46.75214],[15.56855,46.74835],[15.57048,46.74441],[15.57726,46.7365],[15.57788,46.73462],[15.5776,46.73175],[15.57836,46.72981],[15.58103,46.72861],[15.5882,46.72824],[15.60606,46.72323],[15.60484,46.72112],[15.60462,46.71938],[15.60508,46.71818],[15.60388,46.71548],[15.60377,46.71322],[15.60442,46.71188],[15.60986,46.7065],[15.60891,46.70376],[15.61121,46.70214],[15.61236,46.69929],[15.60898,46.69844],[15.61274,46.6939],[15.61175,46.68984],[15.61055,46.68837],[15.61455,46.68217],[15.61599,46.68212],[15.61722,46.68096],[15.61988,46.67982],[15.62176,46.68071],[15.62296,46.67957],[15.62494,46.67968],[15.62979,46.68061],[15.63311,46.68171],[15.6321,46.68434],[15.6341,46.68604],[15.63441,46.68835],[15.63668,46.69026],[15.6387,46.69142],[15.64123,46.69242],[15.64266,46.69129],[15.64326,46.69017],[15.64451,46.69071],[15.64707,46.69113],[15.64749,46.6917],[15.64943,46.6919],[15.65045,46.69133],[15.65266,46.69117],[15.65397,46.69278],[15.65434,46.69698],[15.65408,46.69945],[15.65351,46.70041],[15.65198,46.70142],[15.64979,46.70505],[15.64999,46.70576],[15.65684,46.70645],[15.66523,46.70639],[15.6727,46.70704],[15.67707,46.70662],[15.67999,46.70586],[15.68557,46.70372],[15.69352,46.69961],[15.69577,46.69882],[15.69924,46.69827],[15.70394,46.69828],[15.7063,46.69808],[15.71277,46.69715],[15.71502,46.69702],[15.7208,46.6959],[15.72307,46.69581],[15.7257,46.69617],[15.72997,46.69757],[15.7365,46.69944],[15.73933,46.69994],[15.74318,46.69989],[15.74929,46.69842],[15.75244,46.69797],[15.75567,46.69799],[15.76002,46.69909],[15.76342,46.69935],[15.76678,46.69898],[15.76924,46.69912],[15.77109,46.69971],[15.7733,46.70117],[15.77926,46.7043],[15.78642,46.70747],[15.78836,46.7085],[15.79115,46.71042],[15.79603,46.71323],[15.80027,46.71499],[15.80384,46.71605],[15.81697,46.71909],[15.82161,46.72007],[15.83264,46.72197],[15.836,46.72228],[15.84088,46.72238],[15.85614,46.72233],[15.8623,46.72207],[15.87046,46.72105],[15.87784,46.71951],[15.88445,46.71741],[15.89281,46.71398],[15.8955,46.71338],[15.90419,46.7121],[15.90868,46.71101],[15.91391,46.70923],[15.9183,46.70721],[15.92183,46.70506],[15.93515,46.69577],[15.94195,46.6912],[15.94706,46.68907],[15.95119,46.68799],[15.955,46.68744],[15.96554,46.68667],[15.98362,46.68461],[15.98923,46.68327],[15.9962,46.68139],[16.00039,46.67946],[16.00252,46.67771],[16.0038,46.67624],[16.00496,46.67413],[16.00654,46.66929],[16.00818,46.66699],[16.01081,46.66489],[16.01284,46.66386],[16.01666,46.66288],[16.0202,46.66271],[16.0225,46.66227],[16.02446,46.66151],[16.02745,46.65991],[16.03669,46.65684],[16.03809,46.65615],[16.04011,46.66148],[16.0398,46.6655],[16.04072,46.66832],[16.04062,46.66945],[16.03903,46.67227],[16.03958,46.67654],[16.04071,46.67905],[16.04143,46.68242],[16.04251,46.6858],[16.04129,46.68759],[16.04032,46.68831],[16.0395,46.6909],[16.03786,46.69351],[16.03434,46.69743],[16.02922,46.70041],[16.02882,46.70153],[16.02973,46.70266],[16.02944,46.70407],[16.02729,46.70564],[16.02881,46.71027],[16.02969,46.71177],[16.02833,46.71227],[16.02442,46.71122],[16.02187,46.71083],[16.02058,46.71137],[16.01923,46.71328],[16.01675,46.71592],[16.01244,46.71751],[16.01156,46.71747],[16.00844,46.7161],[16.00546,46.71652],[16.0037,46.71708],[16.00325,46.71837],[16.0018,46.71955],[16.00365,46.72249],[16.0035,46.7232],[15.99992,46.72549],[15.99857,46.7278],[15.99609,46.72993],[15.99417,46.7304],[15.99329,46.7312],[15.99263,46.7336],[15.99181,46.73529],[15.9917,46.73748],[15.98999,46.73855],[15.98942,46.73977],[15.98815,46.74079],[15.98879,46.74392],[15.9871,46.7467],[15.98711,46.74883],[15.98654,46.75039],[15.98499,46.75164],[15.98496,46.75266],[15.98846,46.75559],[15.98976,46.75779],[15.98821,46.76142],[15.98919,46.76381],[15.98906,46.76666],[15.98932,46.76791],[15.98872,46.76944],[15.98991,46.77107],[15.99007,46.77343],[15.98903,46.77494],[15.98878,46.7768],[15.99006,46.77873],[15.98955,46.78054],[15.99183,46.78425],[15.99331,46.78854],[15.99402,46.79408],[15.99348,46.79665],[15.99257,46.79816],[15.99292,46.80002],[15.99236,46.80309],[15.99304,46.80434],[15.995,46.80567],[15.99723,46.80775],[15.99809,46.81015],[15.99709,46.81184],[15.99176,46.8168],[15.99121,46.81807],[15.98994,46.8189],[15.98835,46.81925],[15.9875,46.82037],[15.98742,46.82277],[15.98593,46.82688],[15.98718,46.82827],[15.98962,46.82948],[15.98906,46.83048],[15.99086,46.832],[15.99101,46.83283],[15.99312,46.8334],[15.9944,46.83475],[15.99624,46.8354],[15.99968,46.83577],[16.00129,46.83691],[16.00228,46.83874],[16.00261,46.84123],[16.00323,46.84219],[16.00598,46.84477],[16.00138,46.84779],[16.00499,46.85369],[16.00788,46.85717],[16.00876,46.86379],[16.00895,46.86751],[16.00768,46.8698],[16.00746,46.87112],[16.008,46.87419],[16.01091,46.87946],[16.01407,46.88444],[16.01758,46.88495],[16.03367,46.89271],[16.03513,46.89397],[16.03518,46.89889],[16.035,46.90174],[16.04165,46.90585],[16.04606,46.9104],[16.04785,46.91048],[16.04996,46.90823],[16.06222,46.91242],[16.06115,46.91697],[16.06248,46.9234],[16.06774,46.9313],[16.06878,46.93422],[16.07248,46.93591],[16.07575,46.93447],[16.07769,46.93409],[16.08154,46.93404],[16.08964,46.93506],[16.09299,46.93503],[16.09374,46.93939],[16.09609,46.9413],[16.09574,46.94607],[16.09565,46.94987],[16.09519,46.95471],[16.09895,46.95698],[16.10058,46.96101],[16.10397,46.96133],[16.1053,46.96409],[16.1084,46.96538],[16.11004,46.9698],[16.10839,46.97108],[16.11205,46.97842],[16.11855,46.98039],[16.12059,46.98467],[16.12222,46.99031],[16.12671,46.99156],[16.12915,46.99606],[16.13225,46.99527],[16.13559,46.99489],[16.13817,46.99343],[16.1413,46.99261],[16.14355,46.99139],[16.14458,46.9913],[16.14655,46.99207],[16.14885,46.99188],[16.15044,46.99088],[16.15504,46.9904],[16.15641,46.99307],[16.1532,46.99368],[16.15019,46.99279],[16.14835,46.99432],[16.15012,46.99532],[16.14889,46.99727],[16.14919,47.00012],[16.14748,47.00063],[16.14447,46.99773],[16.14224,46.99928],[16.14282,47.00168],[16.14165,47.00306],[16.13989,47.00272],[16.13921,47.00335],[16.13883,47.00497],[16.13683,47.00585],[16.13668,47.00672],[16.139,47.00728],[16.14012,47.00795],[16.13969,47.00923],[16.13788,47.00934],[16.13655,47.01046],[16.13263,47.01099],[16.13087,47.01247],[16.13152,47.0141],[16.1309,47.01566],[16.12854,47.01657],[16.12621,47.01825],[16.12608,47.01946],[16.12752,47.0215],[16.12665,47.02309],[16.12444,47.02243],[16.12307,47.02413],[16.12437,47.02623],[16.12191,47.02659],[16.1212,47.0278],[16.11699,47.02842],[16.11554,47.02927],[16.11638,47.03014],[16.11956,47.02963],[16.12112,47.0301],[16.12112,47.03109],[16.11964,47.03245],[16.11818,47.03245],[16.1159,47.03174],[16.11404,47.03205],[16.11545,47.0332],[16.1145,47.03507],[16.11812,47.03592],[16.11808,47.03685],[16.11656,47.03767],[16.11686,47.03862],[16.12041,47.03903],[16.11947,47.04023],[16.12058,47.04136],[16.12055,47.04397],[16.11787,47.04536],[16.11735,47.0475],[16.11466,47.04707],[16.11287,47.04813],[16.1109,47.04867],[16.10864,47.05406],[16.10798,47.05796],[16.10655,47.06058],[16.10466,47.06073],[16.10184,47.05973],[16.09921,47.06017],[16.09722,47.06097],[16.09519,47.06251],[16.09466,47.06426],[16.09307,47.06738],[16.09079,47.0707],[16.0877,47.07263],[16.08763,47.07378],[16.08908,47.0751],[16.08836,47.07614],[16.0888,47.07857],[16.08862,47.07984],[16.09033,47.08165],[16.0896,47.08316],[16.08829,47.08386],[16.08698,47.08535],[16.0869,47.08647],[16.0886,47.08841],[16.09182,47.09008],[16.09455,47.09302],[16.09343,47.09408],[16.09358,47.09533],[16.09254,47.09589],[16.09168,47.09724],[16.09298,47.09819],[16.09182,47.09972],[16.09165,47.10102],[16.0929,47.10359],[16.09278,47.10498],[16.09371,47.10612],[16.09305,47.10774],[16.09522,47.10911],[16.09514,47.11162],[16.09583,47.11235],[16.09824,47.11262],[16.10095,47.1122],[16.10243,47.11254],[16.10488,47.11477],[16.10654,47.11702],[16.10832,47.11833],[16.10787,47.12142],[16.10955,47.12702],[16.11107,47.12881],[16.11329,47.13088],[16.11345,47.13212],[16.11277,47.13439],[16.11332,47.13712],[16.11434,47.13863],[16.11424,47.13996],[16.11304,47.14057],[16.11549,47.14295],[16.1141,47.1476],[16.11349,47.14841],[16.11424,47.15009],[16.11239,47.15224],[16.11278,47.1538],[16.11206,47.15691],[16.11311,47.16023],[16.11093,47.16397],[16.11093,47.16529],[16.10948,47.1662],[16.1098,47.16808],[16.10727,47.17002],[16.10812,47.17154],[16.10722,47.17477],[16.10791,47.17629],[16.10545,47.1795],[16.10461,47.18155],[16.10319,47.18243],[16.10231,47.18391],[16.10311,47.18559],[16.10209,47.18725],[16.0994,47.18752],[16.09918,47.18831],[16.10035,47.18959],[16.09707,47.19116],[16.098,47.19273],[16.09568,47.19365],[16.09607,47.19473],[16.09548,47.1967],[16.09409,47.19801],[16.09175,47.19828],[16.09121,47.20179],[16.09225,47.2031],[16.09217,47.20447],[16.08988,47.20552],[16.09052,47.20748],[16.09034,47.20879],[16.08935,47.20967],[16.08781,47.20898],[16.0865,47.20964],[16.08675,47.21196],[16.08636,47.21406],[16.08653,47.21549],[16.08811,47.21689],[16.08733,47.2179],[16.08433,47.2177],[16.08394,47.21954],[16.0856,47.22085],[16.08583,47.22188],[16.08399,47.22195],[16.08476,47.22332],[16.08353,47.22467],[16.0821,47.22512],[16.08245,47.22648],[16.08105,47.22679],[16.08186,47.22835],[16.08118,47.22945],[16.08475,47.22914],[16.08577,47.22969],[16.08462,47.23121],[16.08477,47.23207],[16.08638,47.23324],[16.08465,47.2355],[16.08427,47.23748],[16.08571,47.23832],[16.08583,47.2398],[16.08822,47.24179],[16.08666,47.24264],[16.08687,47.24395],[16.0855,47.24626],[16.08651,47.2475],[16.0852,47.24797],[16.08384,47.24726],[16.08301,47.24798],[16.08436,47.24861],[16.08518,47.25046],[16.08392,47.25107],[16.08167,47.25086],[16.0814,47.25218],[16.08295,47.25284],[16.08332,47.25361],[16.08155,47.25492],[16.07861,47.25912],[16.08038,47.25968],[16.08179,47.26093],[16.0817,47.26356],[16.08049,47.26539],[16.07908,47.26666],[16.07777,47.26925],[16.0773,47.27118],[16.07535,47.27153],[16.07568,47.27271],[16.07504,47.27398],[16.07512,47.27544],[16.07351,47.2762],[16.07173,47.27819],[16.06915,47.283],[16.06756,47.2842],[16.06444,47.28556],[16.06564,47.28807],[16.06668,47.28894],[16.06531,47.29308],[16.06235,47.29296],[16.0621,47.2947],[16.05985,47.29491],[16.06011,47.29577],[16.06195,47.29669],[16.06234,47.29823],[16.06095,47.29942],[16.06092,47.30136],[16.06277,47.30255],[16.0615,47.30414],[16.05949,47.30505],[16.05875,47.30592],[16.05897,47.31012],[16.05871,47.31136],[16.05991,47.3127],[16.05915,47.31473],[16.05704,47.3163],[16.05265,47.31672],[16.05075,47.31664],[16.04982,47.31743],[16.04969,47.31979],[16.05003,47.32057],[16.05215,47.32198],[16.05211,47.32266],[16.04858,47.3261],[16.04812,47.32765],[16.04854,47.32858],[16.05051,47.32951],[16.04901,47.33065],[16.05121,47.3318],[16.04984,47.33353],[16.04819,47.33408],[16.04819,47.33541],[16.04643,47.33503],[16.04538,47.33539],[16.04525,47.3367],[16.04325,47.33805],[16.04316,47.33921],[16.044,47.34007],[16.04343,47.34216],[16.0422,47.34242],[16.04061,47.34366],[16.039,47.34339],[16.03727,47.34235],[16.03634,47.34386],[16.03798,47.34443],[16.03797,47.34516],[16.03552,47.34606],[16.03757,47.34678],[16.03793,47.34737],[16.03573,47.34796],[16.03502,47.34883],[16.03578,47.35047],[16.03585,47.35367],[16.03487,47.35473],[16.0327,47.35467],[16.03213,47.35567],[16.03012,47.35688],[16.02977,47.35859],[16.02882,47.36045],[16.02659,47.36182],[16.02345,47.36314],[16.02124,47.36317],[16.01934,47.36393],[16.01489,47.36852],[16.0196,47.36897],[16.02064,47.37012],[16.02894,47.37107],[16.03361,47.3725],[16.03308,47.37421],[16.0307,47.37753],[16.02923,47.38053],[16.03222,47.38136],[16.04177,47.3822],[16.05094,47.38268],[16.05563,47.38334],[16.05683,47.3839],[16.0592,47.3835],[16.06219,47.38413],[16.0643,47.38544],[16.06521,47.38729],[16.06499,47.38883],[16.06387,47.39052],[16.06348,47.39321],[16.06506,47.39515],[16.06545,47.39678],[16.06626,47.39793],[16.06912,47.40006],[16.07034,47.40223],[16.07472,47.40379],[16.07855,47.40474],[16.08157,47.40624],[16.08382,47.40836],[16.08804,47.40727],[16.09056,47.40766],[16.09389,47.40732],[16.09446,47.40692],[16.09451,47.40521],[16.09285,47.40494],[16.0891,47.40492],[16.08771,47.40339],[16.08893,47.40047],[16.08866,47.3995],[16.08678,47.39822],[16.08407,47.39772],[16.08305,47.3972],[16.08395,47.39566],[16.08758,47.39358],[16.09278,47.38979],[16.09375,47.38992],[16.09998,47.39294],[16.1032,47.3948],[16.10851,47.39546],[16.10934,47.39607],[16.1087,47.39735],[16.10481,47.40326],[16.10302,47.40448],[16.10122,47.40733],[16.10074,47.41165],[16.10156,47.41441],[16.10562,47.4139],[16.10913,47.41439],[16.11305,47.41364],[16.11589,47.41394],[16.11855,47.41321],[16.12441,47.41258],[16.12781,47.41272],[16.13024,47.41335],[16.13245,47.41492],[16.13639,47.41529],[16.141,47.41671],[16.14251,47.41608],[16.1493,47.41907],[16.15248,47.4196],[16.15664,47.41949],[16.16041,47.42004],[16.16458,47.42043],[16.17108,47.42134],[16.17075,47.42241],[16.16744,47.42473],[16.16649,47.42501],[16.16208,47.42528],[16.15968,47.42646],[16.15885,47.42807],[16.15723,47.42952],[16.1522,47.43321],[16.14825,47.43529],[16.1457,47.43747],[16.14273,47.44059],[16.13914,47.44292],[16.13882,47.44413],[16.13994,47.44567],[16.13966,47.44686],[16.13805,47.44878],[16.13441,47.45066],[16.13283,47.45179],[16.13209,47.45324],[16.13275,47.45445],[16.13266,47.45851],[16.13334,47.45968],[16.13692,47.46076],[16.13712,47.46196],[16.13561,47.4628],[16.13448,47.46562],[16.13257,47.46825],[16.13093,47.46868],[16.12725,47.46803],[16.12611,47.4683],[16.12252,47.47068],[16.12287,47.47308],[16.12119,47.4737],[16.11631,47.47389],[16.11699,47.4751],[16.11964,47.4762],[16.12059,47.47728],[16.12047,47.47858],[16.11931,47.48107],[16.11987,47.48703],[16.11609,47.48872],[16.11466,47.49122],[16.11527,47.49314],[16.1149,47.49431],[16.11317,47.49661],[16.11398,47.49774],[16.11397,47.49958],[16.1151,47.50156],[16.11751,47.50245],[16.1187,47.50351],[16.11853,47.50564],[16.1188,47.50737],[16.11979,47.50891],[16.12136,47.51015],[16.12184,47.51125],[16.12034,47.51213],[16.11741,47.51016],[16.11533,47.50828],[16.11432,47.50795],[16.11244,47.50941],[16.11182,47.51087],[16.11299,47.51279],[16.11533,47.51448],[16.11603,47.51593],[16.11207,47.51718],[16.11146,47.51778],[16.11137,47.52096],[16.10984,47.52315],[16.10807,47.52485],[16.10638,47.52519],[16.1021,47.52432],[16.09824,47.52441],[16.09692,47.5212],[16.09408,47.51662],[16.09392,47.51488],[16.09443,47.51245],[16.09416,47.51176],[16.09207,47.50971],[16.08944,47.50838],[16.08644,47.50805],[16.084,47.50747],[16.08114,47.50606],[16.0806,47.50496],[16.08012,47.50036],[16.0797,47.49929],[16.07745,47.50025],[16.07601,47.50177],[16.07582,47.50298],[16.07432,47.50341],[16.0692,47.5035],[16.06682,47.503],[16.06444,47.50213],[16.06364,47.49953],[16.06305,47.4964],[16.06435,47.49403],[16.06338,47.49059],[16.06317,47.48869],[16.06455,47.48553],[16.06339,47.48453],[16.05895,47.48391],[16.05463,47.48462],[16.05316,47.48509],[16.05155,47.48672],[16.05115,47.48867],[16.04784,47.49055],[16.04526,47.49136],[16.04355,47.49274],[16.04137,47.49586],[16.04051,47.49893],[16.0409,47.50042],[16.04035,47.5014],[16.03688,47.50437],[16.03352,47.50521],[16.03203,47.50734],[16.0308,47.50821],[16.02467,47.51392],[16.02112,47.51575],[16.01506,47.51754],[16.01303,47.51775],[16.00981,47.51754],[16.00365,47.51605],[16.00187,47.51578],[15.99862,47.51593],[15.99565,47.51705],[15.99049,47.51776],[15.98546,47.51772],[15.98342,47.51791],[15.98153,47.51851],[15.97762,47.52055],[15.97586,47.5209],[15.97219,47.52102],[15.9659,47.51914],[15.96098,47.51818],[15.9584,47.51803],[15.95582,47.51822],[15.95325,47.519],[15.94974,47.5207],[15.94113,47.52588],[15.93816,47.52725],[15.92744,47.5298],[15.92215,47.5308],[15.91495,47.53086],[15.914,47.53103],[15.91254,47.53295],[15.91188,47.53584],[15.90615,47.54074],[15.90443,47.54335],[15.90365,47.54587],[15.90344,47.54956],[15.9056,47.56067],[15.9052,47.56286],[15.90403,47.56365],[15.89795,47.56687],[15.88826,47.57177],[15.87438,47.57412],[15.86963,47.57293],[15.86664,47.57122],[15.86516,47.56663],[15.86382,47.56623],[15.85954,47.56722],[15.85744,47.5673],[15.85276,47.56675],[15.85062,47.56676],[15.8493,47.56723],[15.84791,47.56847],[15.84486,47.56707],[15.84178,47.56482],[15.84006,47.56454],[15.83491,47.5626],[15.83142,47.56173],[15.82696,47.56159],[15.82533,47.56214],[15.81885,47.56728],[15.81636,47.56947],[15.80868,47.57226],[15.80401,47.57503],[15.80249,47.57524],[15.79975,47.57405],[15.79234,47.57323],[15.79113,47.57257],[15.79013,47.5711],[15.78887,47.56683],[15.78765,47.56556],[15.78502,47.56418],[15.78218,47.56326],[15.77901,47.56254],[15.77585,47.5621],[15.77106,47.56206],[15.76975,47.5618],[15.7681,47.56054],[15.765,47.55906],[15.75443,47.55588],[15.74853,47.55397],[15.74557,47.55212],[15.74107,47.54889],[15.73693,47.54504],[15.73597,47.54267],[15.73465,47.54181],[15.72799,47.53971],[15.7239,47.5387],[15.71923,47.53651],[15.71788,47.53186],[15.71556,47.52926],[15.71216,47.52674],[15.70362,47.52244],[15.69292,47.51818],[15.69079,47.51797],[15.68643,47.51938],[15.68092,47.5184],[15.67715,47.51498],[15.67173,47.51306],[15.66622,47.51238],[15.66249,47.50946],[15.65848,47.50758],[15.652,47.50626],[15.64887,47.50409],[15.64769,47.50088],[15.64365,47.49923],[15.64331,47.49803],[15.64749,47.49392],[15.64888,47.49183],[15.64799,47.4903],[15.64505,47.48938],[15.64376,47.48709],[15.64496,47.48552],[15.64427,47.4847],[15.64493,47.48371],[15.64026,47.48301],[15.63748,47.48411],[15.63539,47.48572],[15.6337,47.48515],[15.6299,47.48532],[15.62849,47.48511],[15.62621,47.48404],[15.62266,47.48341],[15.62095,47.4827],[15.61592,47.48157],[15.61409,47.48094],[15.61324,47.47988],[15.61178,47.47919],[15.60754,47.47856],[15.60507,47.47748],[15.60199,47.47728],[15.60028,47.47414],[15.59695,47.47311],[15.60114,47.47203],[15.60422,47.47094],[15.60596,47.46979],[15.60658,47.46778],[15.60671,47.46592],[15.60498,47.46574],[15.60359,47.46293],[15.59748,47.46036],[15.5929,47.45754],[15.5927,47.45534],[15.59157,47.45357],[15.58843,47.45239],[15.58716,47.44818],[15.58514,47.4463],[15.58382,47.44417],[15.58376,47.44094],[15.58647,47.43261],[15.58685,47.43041],[15.58631,47.42834],[15.58543,47.42654],[15.58411,47.42508],[15.58128,47.42296],[15.57985,47.42083],[15.58183,47.4141],[15.58149,47.41297],[15.58005,47.41157],[15.57544,47.40963],[15.56932,47.40739],[15.56352,47.40573],[15.56165,47.40645],[15.55311,47.40616],[15.54834,47.4043],[15.53621,47.40244],[15.53619,47.40077],[15.53301,47.39552],[15.53286,47.39228],[15.53304,47.38825],[15.53397,47.38378],[15.5357,47.37323],[15.53578,47.37056],[15.53314,47.36642],[15.53223,47.36461],[15.53074,47.36325],[15.52781,47.36166],[15.51925,47.35903],[15.51546,47.35825],[15.50975,47.35881],[15.50737,47.35882],[15.49322,47.35835],[15.49096,47.35849],[15.48741,47.35951],[15.48622,47.35958],[15.48114,47.35873],[15.48006,47.35887],[15.47695,47.36148],[15.47501,47.36196],[15.4689,47.36059],[15.46278,47.35847],[15.46105,47.35848],[15.4589,47.35909],[15.45404,47.35938],[15.44995,47.36006],[15.44726,47.3614],[15.44479,47.36381],[15.4434,47.36482],[15.44027,47.36517],[15.42935,47.36401],[15.42319,47.36223],[15.42188,47.3603],[15.42108,47.35503],[15.41995,47.35116],[15.41977,47.34962],[15.42123,47.34663],[15.42316,47.34509],[15.42304,47.34442],[15.41853,47.34326],[15.41437,47.33833],[15.40709,47.33441],[15.39983,47.32877],[15.3921,47.32657],[15.39279,47.32424],[15.39482,47.32338],[15.39695,47.31897],[15.39702,47.31404],[15.39625,47.31184],[15.39233,47.30745],[15.38407,47.31154],[15.37602,47.313],[15.37141,47.31768],[15.36956,47.3192],[15.36618,47.31842],[15.35359,47.3177],[15.34047,47.31256],[15.3368,47.31291],[15.3296,47.3172],[15.32584,47.31927],[15.32375,47.31885],[15.32036,47.32089],[15.31789,47.32283],[15.31681,47.32584],[15.31349,47.32911],[15.3081,47.33246],[15.30596,47.33354],[15.30305,47.33461],[15.29734,47.33603],[15.2898,47.33898],[15.28388,47.3424],[15.28119,47.34307],[15.27687,47.34348],[15.27309,47.34316],[15.2705,47.34263],[15.26639,47.34077],[15.26477,47.34038],[15.26088,47.34058],[15.2584,47.34126],[15.25322,47.34194],[15.24621,47.34202],[15.24301,47.34332],[15.23941,47.3415],[15.23076,47.33748],[15.23191,47.3347],[15.2271,47.33476],[15.22337,47.33418],[15.22369,47.33237],[15.22236,47.3313],[15.21675,47.32962],[15.20948,47.32868],[15.20641,47.3279],[15.19739,47.32203],[15.19639,47.32096],[15.19631,47.31766],[15.19557,47.3156],[15.19276,47.31231],[15.19068,47.3105],[15.18961,47.30915],[15.19,47.30622],[15.18986,47.30475],[15.18832,47.30036],[15.18631,47.29872],[15.18058,47.29737],[15.1749,47.29243],[15.17243,47.29104],[15.16723,47.28878],[15.16156,47.2857],[15.15949,47.2843],[15.16591,47.28081],[15.16734,47.27879],[15.17534,47.27862],[15.17849,47.27368],[15.18189,47.26962],[15.19036,47.2687],[15.19462,47.26933],[15.19655,47.26866],[15.19915,47.26701],[15.1994,47.2642],[15.20018,47.2635],[15.21115,47.25738],[15.21378,47.25539],[15.217,47.25496],[15.22267,47.25138],[15.23058,47.25172],[15.23497,47.2503],[15.23863,47.24976],[15.2417,47.24987],[15.24651,47.24819],[15.25642,47.24633],[15.26198,47.24456],[15.26631,47.24392],[15.26787,47.2427],[15.27134,47.24218],[15.27661,47.2399],[15.27897,47.23807],[15.2855,47.23771],[15.2873,47.23685],[15.293,47.23631],[15.29489,47.23249],[15.29443,47.22938],[15.29565,47.22742],[15.30234,47.22497],[15.30693,47.22225],[15.3091,47.22155],[15.31184,47.22312],[15.31467,47.22342],[15.31836,47.22267],[15.32381,47.21949],[15.33077,47.21774],[15.33257,47.21769],[15.33337,47.22003],[15.33247,47.22038],[15.33373,47.22297],[15.34062,47.22637],[15.34159,47.22488],[15.33781,47.22172],[15.33549,47.21856],[15.33634,47.21627],[15.33905,47.21283],[15.33651,47.20758],[15.33733,47.2051],[15.33864,47.20361],[15.34252,47.20196],[15.34418,47.20041],[15.34432,47.19699],[15.34597,47.19332],[15.34582,47.19129],[15.33602,47.18817],[15.33526,47.18708],[15.33523,47.18502],[15.33013,47.1791],[15.32628,47.17665],[15.32191,47.17578],[15.32006,47.17498],[15.3207,47.17266],[15.32084,47.16838],[15.31836,47.16407],[15.31686,47.15873],[15.3184,47.15671],[15.32555,47.14941],[15.32793,47.14474],[15.32842,47.14256],[15.32849,47.14007],[15.32489,47.13526],[15.32449,47.133],[15.32498,47.13187],[15.32669,47.13018],[15.32862,47.12972],[15.33371,47.1299],[15.33678,47.12936],[15.34154,47.12743],[15.34896,47.1222],[15.35177,47.12107],[15.35849,47.12025],[15.36615,47.11949],[15.37234,47.11937],[15.37783,47.12126],[15.37813,47.12117],[15.38145,47.11469],[15.38231,47.11407],[15.39044,47.11454],[15.39191,47.11511],[15.39567,47.11994],[15.3973,47.12299],[15.39785,47.12543],[15.39714,47.12869],[15.39583,47.13217],[15.4008,47.1349],[15.40437,47.13359],[15.40891,47.13382],[15.41077,47.13319],[15.41732,47.128],[15.41885,47.12775],[15.42678,47.12812],[15.43691,47.1276],[15.4423,47.12702],[15.45959,47.13049],[15.46239,47.13089],[15.46505,47.13055],[15.46823,47.12847],[15.47715,47.12694],[15.47835,47.12694],[15.47996,47.1285],[15.48223,47.12948],[15.48383,47.12948],[15.49114,47.12721],[15.49221,47.12713],[15.49535,47.12452],[15.49915,47.12858],[15.50993,47.12919],[15.51181,47.12894],[15.51592,47.12628],[15.51855,47.12337],[15.51986,47.12014],[15.51958,47.1189],[15.51568,47.1157],[15.51447,47.11438],[15.51325,47.11182],[15.51176,47.10951],[15.50947,47.10737],[15.51363,47.10678],[15.52013,47.10749],[15.53031,47.1107],[15.53022,47.10716],[15.52597,47.10523],[15.52635,47.10341],[15.5277,47.10228],[15.5327,47.09975],[15.53363,47.09842],[15.53079,47.09733],[15.52713,47.09735],[15.52552,47.0969],[15.52056,47.09308],[15.51835,47.09202],[15.51301,47.09035],[15.51188,47.0837],[15.5108,47.08201],[15.50624,47.07855],[15.50595,47.07674],[15.50697,47.07402],[15.50815,47.07003],[15.50813,47.06796],[15.50685,47.06598],[15.50575,47.06223],[15.50339,47.05889],[15.50151,47.05695],[15.50016,47.05431],[15.49795,47.05254],[15.49811,47.04911],[15.49881,47.04734],[15.50341,47.04121],[15.49949,47.04018],[15.49788,47.03783],[15.49816,47.03632],[15.49342,47.03389],[15.4846,47.03084],[15.48666,47.02645],[15.4829,47.02553],[15.48631,47.02168],[15.48849,47.02267],[15.48901,47.02191],[15.48746,47.02131],[15.48877,47.02047],[15.48456,47.01926],[15.47996,47.01721],[15.47339,47.01532],[15.46882,47.01364],[15.46469,47.01319],[15.46159,47.01204],[15.46051,47.01252],[15.46665,46.99946],[15.4774,46.98547],[15.48244,46.97719],[15.48744,46.96977],[15.49473,46.96201],[15.4975,46.95783],[15.50316,46.94764],[15.50411,46.93809],[15.50555,46.9326],[15.50504,46.93012],[15.50256,46.92483],[15.50068,46.92204],[15.4987,46.92042],[15.4879,46.91714],[15.48631,46.91623],[15.48485,46.91417],[15.48569,46.91064],[15.48426,46.91068],[15.48241,46.90929],[15.48115,46.90975],[15.4812,46.91256],[15.47856,46.91348],[15.47578,46.91345],[15.4699,46.91088],[15.46774,46.91061],[15.46555,46.9118],[15.46199,46.91037],[15.45568,46.90814],[15.45042,46.90576],[15.44986,46.90507],[15.45002,46.90271],[15.44971,46.90183],[15.44503,46.89709],[15.44406,46.895],[15.44293,46.89362],[15.441,46.89314],[15.43561,46.89419],[15.43582,46.89093],[15.4341,46.89055],[15.43258,46.8933],[15.42976,46.89237],[15.42782,46.89265],[15.42738,46.89017],[15.42615,46.88978],[15.4256,46.8913],[15.42614,46.8924],[15.42566,46.89394],[15.42432,46.89486],[15.42211,46.89464],[15.42027,46.89291],[15.4157,46.89338],[15.41431,46.8901],[15.41448,46.88716],[15.41563,46.88682],[15.42047,46.88768],[15.42414,46.88747],[15.42578,46.88659],[15.42815,46.88433],[15.4277,46.8819],[15.42802,46.88075]]]},"properties":{"idApp":926016,"aopId":"vulkanland-steiermark","name":"Vulkanland Steiermark","nameJa":"フルカンラント・シュタイヤーマルク","kind":"regional","tags":["dac"],"rank":0},"bbox":[15.15949,46.65615,16.17108,47.57524]},{"type":"Feature","geometry":{"type":"Polygon","coordinates":[[[15.99624,46.8354],[15.9974,46.83483],[15.99943,46.83277],[16.00148,46.83153],[16.0046,46.83134],[16.00766,46.83064],[16.00993,46.8329],[16.01078,46.83428],[16.01352,46.83589],[16.01832,46.83634],[16.02029,46.83742],[16.02064,46.83826],[16.02328,46.83864],[16.02425,46.84],[16.02698,46.84012],[16.0281,46.84091],[16.02945,46.84031],[16.03137,46.8386],[16.03266,46.83631],[16.0338,46.8355],[16.03223,46.83487],[16.03238,46.8327],[16.03533,46.83408],[16.0384,46.83597],[16.03992,46.83612],[16.04002,46.8377],[16.04076,46.83964],[16.04296,46.84077],[16.04449,46.84037],[16.04503,46.83915],[16.04825,46.83901],[16.04938,46.83808],[16.05088,46.83764],[16.05463,46.84055],[16.05839,46.83867],[16.05988,46.83994],[16.06019,46.84107],[16.06137,46.84256],[16.06378,46.8446],[16.06595,46.84606],[16.06618,46.84816],[16.06572,46.84989],[16.0678,46.85012],[16.06993,46.85118],[16.07145,46.85308],[16.07477,46.85276],[16.07618,46.85323],[16.0789,46.85262],[16.08085,46.85417],[16.0823,46.85602],[16.08389,46.85619],[16.08781,46.85938],[16.08814,46.8605],[16.09014,46.86369],[16.09193,46.86458],[16.09425,46.86462],[16.09617,46.864],[16.0978,46.86083],[16.10002,46.86076],[16.1008,46.86246],[16.10341,46.86398],[16.10682,46.86528],[16.10769,46.86677],[16.11027,46.86882],[16.11219,46.8693],[16.11385,46.86907],[16.11549,46.8703],[16.11743,46.87077],[16.11872,46.87191],[16.12181,46.87257],[16.12397,46.87185],[16.12491,46.87329],[16.12655,46.87327],[16.1302,46.87515],[16.13283,46.87555],[16.13384,46.87638],[16.13402,46.87794],[16.13629,46.8797],[16.1365,46.88077],[16.13764,46.88203],[16.13793,46.8836],[16.13873,46.88515],[16.13995,46.88565],[16.14228,46.88504],[16.14519,46.88608],[16.14745,46.88863],[16.14849,46.89029],[16.14871,46.89306],[16.15397,46.89366],[16.15335,46.89639],[16.15583,46.8964],[16.15776,46.89682],[16.15877,46.90003],[16.16043,46.90198],[16.16207,46.90227],[16.16298,46.90488],[16.16581,46.90417],[16.16771,46.90319],[16.16873,46.90428],[16.17003,46.90343],[16.17137,46.90359],[16.17197,46.90465],[16.17425,46.90601],[16.1757,46.90544],[16.17922,46.90664],[16.17905,46.9074],[16.18016,46.90969],[16.18045,46.91245],[16.18163,46.91476],[16.18352,46.91734],[16.18393,46.91849],[16.18666,46.92074],[16.18669,46.92172],[16.18768,46.9223],[16.1886,46.92563],[16.18963,46.92674],[16.19052,46.93002],[16.19174,46.93025],[16.19322,46.93307],[16.19335,46.93564],[16.1953,46.93766],[16.19576,46.93897],[16.1975,46.93906],[16.19781,46.9404],[16.19894,46.94021],[16.19989,46.94179],[16.20592,46.94254],[16.20667,46.94145],[16.20716,46.93907],[16.20816,46.93892],[16.20937,46.9402],[16.21003,46.9425],[16.21222,46.94018],[16.21385,46.94066],[16.2159,46.93912],[16.21821,46.93998],[16.21818,46.93751],[16.21745,46.93611],[16.22204,46.93559],[16.22312,46.9379],[16.22273,46.93863],[16.22408,46.94022],[16.22643,46.94023],[16.22727,46.94149],[16.2291,46.94133],[16.22837,46.94316],[16.2321,46.94267],[16.23331,46.94369],[16.23391,46.94495],[16.23689,46.9457],[16.23752,46.94682],[16.23959,46.94723],[16.24146,46.94659],[16.24421,46.94612],[16.24565,46.94672],[16.24494,46.94864],[16.24653,46.94953],[16.24276,46.95599],[16.24963,46.96129],[16.25532,46.96421],[16.25658,46.96377],[16.25934,46.96421],[16.26479,46.96317],[16.26931,46.96119],[16.272,46.96236],[16.27436,46.96188],[16.2764,46.96267],[16.27741,46.96728],[16.27743,46.97059],[16.27689,46.97196],[16.27676,46.9739],[16.27713,46.97491],[16.27653,46.97617],[16.27649,46.97846],[16.27579,46.9812],[16.27579,46.98411],[16.27706,46.98776],[16.27843,46.98821],[16.28008,46.98996],[16.28346,46.9975],[16.28194,46.99893],[16.28188,47.00026],[16.28252,47.00181],[16.28269,47.00421],[16.28599,47.00888],[16.28714,47.01126],[16.28977,47.01378],[16.29258,47.01395],[16.29274,47.01312],[16.2949,47.01244],[16.29673,47.01037],[16.2986,47.00949],[16.29943,47.00839],[16.29874,47.00607],[16.29937,47.00501],[16.29844,47.00456],[16.29856,47.00138],[16.29985,47.00003],[16.30226,46.99843],[16.30445,46.99832],[16.30607,46.9989],[16.31078,46.99923],[16.3133,47.00018],[16.31586,47.00032],[16.31868,47.00102],[16.32247,47.00256],[16.32419,47.00239],[16.32761,47.00053],[16.33281,46.99934],[16.33434,46.99843],[16.33944,46.99668],[16.34152,46.99638],[16.34336,46.99668],[16.34411,46.99808],[16.34283,46.99903],[16.34502,47.00125],[16.34537,47.00217],[16.34384,47.00393],[16.34601,47.00629],[16.34777,47.00746],[16.34824,47.00957],[16.34983,47.01039],[16.35368,47.00801],[16.35563,47.00754],[16.35923,47.00583],[16.36066,47.00566],[16.36107,47.00662],[16.36249,47.00715],[16.36471,47.00732],[16.36726,47.00626],[16.36773,47.00423],[16.36991,47.00205],[16.37031,47.00094],[16.37249,46.99848],[16.37405,46.99862],[16.37591,46.99996],[16.37678,47.00011],[16.37967,46.99918],[16.38166,46.99928],[16.38308,46.99878],[16.38775,47.00118],[16.38956,47.00159],[16.39175,47.00294],[16.3952,47.00356],[16.39733,47.0034],[16.39991,47.00393],[16.40004,47.00332],[16.40426,47.00421],[16.40762,47.00395],[16.41078,47.00398],[16.41262,47.00473],[16.41704,47.00138],[16.41895,46.99712],[16.41986,46.99625],[16.42252,46.99478],[16.42449,46.99463],[16.42689,46.99321],[16.43235,46.99266],[16.43507,46.99338],[16.43916,46.99304],[16.4421,46.99338],[16.44549,46.9932],[16.44653,46.99617],[16.44699,46.99931],[16.44608,47.00254],[16.44778,47.00362],[16.44872,47.00323],[16.45129,47.00416],[16.45264,47.00315],[16.45627,47.00179],[16.45817,47.00139],[16.45858,47.0007],[16.46179,46.99983],[16.46163,46.99861],[16.46292,46.99742],[16.46451,46.99773],[16.46606,46.99745],[16.47075,46.99784],[16.47193,46.997],[16.47383,46.99738],[16.47423,46.99609],[16.4779,46.99507],[16.47884,46.99388],[16.48117,46.99497],[16.48216,46.9941],[16.48366,46.99425],[16.48678,46.99571],[16.48721,46.9972],[16.48874,46.99763],[16.48853,46.99879],[16.48963,46.99922],[16.48954,47.00037],[16.4917,46.99953],[16.4929,46.99993],[16.49369,46.99898],[16.497,46.99819],[16.5015,46.99931],[16.50347,47.00091],[16.50481,47.00147],[16.50683,47.00108],[16.50827,47.00126],[16.5097,47.0004],[16.51231,47.00142],[16.51235,47.00349],[16.50871,47.00344],[16.5051,47.0065],[16.50146,47.00814],[16.49654,47.01009],[16.49257,47.01013],[16.49101,47.01241],[16.48884,47.01333],[16.48847,47.01462],[16.48672,47.01521],[16.48641,47.01656],[16.48363,47.01804],[16.48382,47.01978],[16.48251,47.02092],[16.48218,47.02266],[16.47769,47.02132],[16.47509,47.02727],[16.47221,47.0283],[16.47049,47.02811],[16.46764,47.02967],[16.46619,47.03115],[16.46503,47.03047],[16.46363,47.03224],[16.45928,47.03059],[16.45327,47.02639],[16.45061,47.02488],[16.44778,47.02266],[16.4451,47.0254],[16.43888,47.0297],[16.44108,47.03197],[16.44406,47.03444],[16.44018,47.03589],[16.44169,47.03721],[16.44366,47.03822],[16.448,47.03954],[16.45125,47.04009],[16.45625,47.04026],[16.45853,47.04265],[16.46128,47.0433],[16.46525,47.04327],[16.4674,47.04297],[16.46868,47.04336],[16.4713,47.04501],[16.47291,47.04538],[16.47585,47.04683],[16.48411,47.04789],[16.48438,47.04696],[16.49361,47.04847],[16.49485,47.04916],[16.49777,47.04847],[16.50053,47.04996],[16.50092,47.05071],[16.50654,47.04963],[16.50968,47.0506],[16.51214,47.05178],[16.51424,47.05364],[16.51688,47.0549],[16.52057,47.05618],[16.5208,47.05709],[16.52047,47.06153],[16.51422,47.06407],[16.51005,47.06627],[16.50632,47.06746],[16.50307,47.06824],[16.50016,47.06969],[16.49833,47.07019],[16.49403,47.07057],[16.49205,47.07013],[16.49109,47.07051],[16.48703,47.06888],[16.48626,47.07036],[16.48467,47.07001],[16.48292,47.07256],[16.48246,47.07502],[16.47657,47.07411],[16.47478,47.0741],[16.4729,47.07355],[16.47219,47.07603],[16.47099,47.0769],[16.47084,47.07819],[16.47182,47.08102],[16.47353,47.08112],[16.47355,47.08193],[16.47472,47.08531],[16.47271,47.08713],[16.47128,47.08685],[16.46835,47.08826],[16.4685,47.08947],[16.46597,47.08929],[16.46647,47.09045],[16.46333,47.09496],[16.46635,47.09574],[16.46461,47.09894],[16.47262,47.10055],[16.47172,47.10205],[16.47476,47.1052],[16.47539,47.10473],[16.47767,47.10141],[16.48476,47.1026],[16.48287,47.10875],[16.50071,47.1102],[16.49987,47.12341],[16.50097,47.12363],[16.50949,47.12392],[16.51549,47.12469],[16.52205,47.12629],[16.52569,47.12662],[16.52933,47.12723],[16.52878,47.13731],[16.52656,47.13687],[16.52264,47.13999],[16.52208,47.14148],[16.5196,47.14586],[16.51677,47.14932],[16.50902,47.14955],[16.50328,47.14922],[16.49574,47.14922],[16.49046,47.14886],[16.48805,47.14852],[16.48534,47.14778],[16.47982,47.14587],[16.47685,47.14457],[16.4692,47.14282],[16.46755,47.1429],[16.46011,47.14196],[16.45902,47.14305],[16.4563,47.14244],[16.4543,47.14231],[16.4526,47.14523],[16.45125,47.1448],[16.44992,47.14543],[16.45029,47.14638],[16.44906,47.15187],[16.45078,47.15244],[16.45185,47.15345],[16.4519,47.15457],[16.45311,47.1577],[16.45823,47.15724],[16.4582,47.15827],[16.46061,47.15907],[16.46038,47.1613],[16.46227,47.16169],[16.46091,47.16353],[16.46116,47.16555],[16.46083,47.16749],[16.46434,47.16819],[16.46333,47.17093],[16.46226,47.17061],[16.45994,47.1749],[16.45931,47.17653],[16.45731,47.17676],[16.45612,47.18032],[16.45417,47.18355],[16.45354,47.18646],[16.45491,47.18736],[16.45332,47.18812],[16.45085,47.18746],[16.45074,47.18828],[16.44629,47.18723],[16.44311,47.18609],[16.44123,47.18515],[16.43321,47.18453],[16.43151,47.18484],[16.42927,47.18467],[16.4282,47.18503],[16.42611,47.18708],[16.4229,47.19151],[16.42038,47.19434],[16.41949,47.19492],[16.42124,47.19727],[16.41936,47.20091],[16.4183,47.20238],[16.41804,47.20462],[16.4169,47.20534],[16.41861,47.2089],[16.41894,47.21062],[16.42102,47.2107],[16.42227,47.20801],[16.42434,47.20782],[16.426,47.2091],[16.42846,47.21013],[16.43161,47.21026],[16.43659,47.20994],[16.4361,47.21182],[16.43529,47.21219],[16.435,47.21538],[16.43552,47.2164],[16.43758,47.21661],[16.43931,47.21788],[16.43668,47.22307],[16.43756,47.22304],[16.43817,47.22612],[16.43821,47.22999],[16.44121,47.2304],[16.4407,47.23175],[16.44139,47.23367],[16.44275,47.23374],[16.44234,47.23869],[16.44248,47.24078],[16.44129,47.24574],[16.44177,47.24859],[16.43048,47.25035],[16.43178,47.25294],[16.44238,47.25084],[16.44868,47.25046],[16.44657,47.25336],[16.45484,47.25368],[16.46107,47.25602],[16.46241,47.25522],[16.46573,47.25411],[16.4671,47.25287],[16.469,47.25518],[16.47371,47.25833],[16.47579,47.25911],[16.47786,47.26056],[16.47995,47.26256],[16.47829,47.26312],[16.47733,47.27229],[16.47812,47.27591],[16.47945,47.27799],[16.48369,47.27786],[16.48552,47.27886],[16.48942,47.28028],[16.48796,47.28181],[16.4875,47.28368],[16.48374,47.2876],[16.48373,47.28914],[16.48193,47.29145],[16.48266,47.29275],[16.48204,47.2943],[16.48177,47.29773],[16.47886,47.30149],[16.47543,47.30926],[16.47479,47.31214],[16.47024,47.31688],[16.46923,47.31867],[16.46938,47.3223],[16.46851,47.32522],[16.46761,47.32628],[16.4644,47.32895],[16.46337,47.33202],[16.46473,47.33305],[16.46301,47.3358],[16.46141,47.3366],[16.45895,47.33857],[16.45641,47.33927],[16.45049,47.3387],[16.44768,47.34],[16.44599,47.34242],[16.4457,47.34461],[16.44458,47.34641],[16.43896,47.3492],[16.43698,47.35084],[16.43376,47.35292],[16.43456,47.35422],[16.43735,47.35536],[16.4435,47.35617],[16.44643,47.3575],[16.44776,47.35761],[16.45233,47.35709],[16.45116,47.36049],[16.45557,47.36462],[16.45683,47.3667],[16.45688,47.36916],[16.45659,47.37229],[16.45521,47.37422],[16.45373,47.37515],[16.45117,47.37773],[16.45205,47.38112],[16.45325,47.38245],[16.45575,47.38384],[16.45729,47.3834],[16.46041,47.3832],[16.46116,47.38401],[16.45754,47.38495],[16.45715,47.38576],[16.45527,47.387],[16.45546,47.38872],[16.45124,47.39227],[16.4475,47.39784],[16.44762,47.39927],[16.4464,47.40062],[16.446,47.40201],[16.44641,47.40354],[16.44546,47.40721],[16.44686,47.40857],[16.44947,47.41007],[16.45352,47.41086],[16.45571,47.41249],[16.4571,47.41295],[16.45931,47.41288],[16.46104,47.41237],[16.4644,47.41276],[16.46603,47.41139],[16.46904,47.4105],[16.47119,47.41015],[16.47369,47.40921],[16.47597,47.40886],[16.48,47.40942],[16.48534,47.40889],[16.48749,47.40707],[16.4903,47.40556],[16.48775,47.40442],[16.48561,47.40285],[16.48396,47.40071],[16.48369,47.39939],[16.48505,47.39875],[16.48502,47.39759],[16.4887,47.39916],[16.48768,47.39762],[16.48853,47.3968],[16.48857,47.39544],[16.49309,47.39414],[16.49397,47.39589],[16.49656,47.39629],[16.49658,47.38903],[16.49874,47.39057],[16.50045,47.3911],[16.50268,47.39325],[16.5036,47.39322],[16.50694,47.3953],[16.50997,47.39652],[16.51046,47.40035],[16.50999,47.40127],[16.50815,47.40281],[16.50786,47.40501],[16.50823,47.40551],[16.51075,47.40589],[16.51369,47.40522],[16.51426,47.40574],[16.51507,47.40831],[16.51658,47.40943],[16.51691,47.41059],[16.51878,47.40992],[16.52502,47.41037],[16.52689,47.40862],[16.52829,47.40943],[16.53188,47.41036],[16.53557,47.4091],[16.53776,47.40985],[16.53996,47.41005],[16.54217,47.40865],[16.54281,47.40757],[16.545,47.40596],[16.54629,47.4056],[16.55103,47.40546],[16.5539,47.40646],[16.55687,47.40651],[16.56015,47.40698],[16.56436,47.40611],[16.56634,47.40593],[16.56954,47.40633],[16.57212,47.40576],[16.57398,47.40581],[16.57575,47.40635],[16.57658,47.40864],[16.57634,47.40991],[16.57499,47.41137],[16.57511,47.41235],[16.57881,47.41379],[16.58061,47.41417],[16.58221,47.41505],[16.58261,47.41681],[16.58138,47.41665],[16.57927,47.41786],[16.58102,47.41928],[16.58386,47.41999],[16.58644,47.41964],[16.58705,47.41891],[16.58889,47.41938],[16.58848,47.4208],[16.58738,47.42169],[16.58886,47.42257],[16.59088,47.42292],[16.59379,47.42225],[16.597,47.4229],[16.59683,47.42353],[16.60008,47.42467],[16.59991,47.42547],[16.60382,47.42553],[16.6062,47.42731],[16.60599,47.42874],[16.60703,47.42973],[16.6091,47.42948],[16.61057,47.43114],[16.61205,47.43032],[16.61365,47.43014],[16.61536,47.43241],[16.61703,47.43226],[16.61775,47.43084],[16.62036,47.43074],[16.62213,47.43463],[16.62246,47.43627],[16.6242,47.43729],[16.62593,47.4396],[16.62684,47.44164],[16.62754,47.4421],[16.63244,47.4439],[16.63441,47.4451],[16.63631,47.44583],[16.64058,47.44554],[16.64388,47.446],[16.64622,47.4466],[16.64867,47.44786],[16.6516,47.44893],[16.6491,47.4513],[16.65367,47.45277],[16.6574,47.45358],[16.66202,47.45569],[16.66089,47.45713],[16.66054,47.45969],[16.6597,47.46112],[16.66028,47.4625],[16.66177,47.46276],[16.66102,47.4638],[16.66244,47.46633],[16.664,47.46739],[16.66748,47.47193],[16.66977,47.47316],[16.67048,47.47425],[16.6695,47.47704],[16.66817,47.47927],[16.66611,47.48146],[16.66373,47.48168],[16.66229,47.48329],[16.66154,47.48574],[16.65934,47.48889],[16.657,47.49183],[16.65304,47.49851],[16.65234,47.50034],[16.65369,47.5009],[16.65556,47.50397],[16.65793,47.50645],[16.66247,47.50902],[16.66495,47.50731],[16.66894,47.50354],[16.67033,47.50441],[16.67624,47.5066],[16.67787,47.50662],[16.68023,47.50724],[16.6851,47.50907],[16.68663,47.50912],[16.6898,47.51041],[16.69127,47.5123],[16.69426,47.51477],[16.69496,47.51588],[16.69486,47.51754],[16.6956,47.51817],[16.70083,47.52103],[16.7025,47.52145],[16.70549,47.52291],[16.70529,47.52628],[16.70414,47.52828],[16.7042,47.53078],[16.70317,47.53322],[16.70959,47.53673],[16.70973,47.53751],[16.71229,47.53795],[16.71437,47.53936],[16.71453,47.53991],[16.71124,47.54308],[16.70932,47.54323],[16.70587,47.54238],[16.70451,47.54449],[16.70413,47.54573],[16.7026,47.54556],[16.701,47.5463],[16.69817,47.54563],[16.69468,47.54973],[16.69322,47.55241],[16.69168,47.55335],[16.69004,47.55554],[16.69098,47.5579],[16.68889,47.55948],[16.684,47.5613],[16.67979,47.56088],[16.6779,47.56105],[16.67505,47.55996],[16.67329,47.55958],[16.6711,47.56011],[16.66888,47.56238],[16.66819,47.56455],[16.66485,47.56603],[16.66315,47.5687],[16.66412,47.56936],[16.66623,47.56931],[16.67107,47.57132],[16.67144,47.57277],[16.67127,47.57516],[16.67311,47.57598],[16.67512,47.57879],[16.67524,47.58206],[16.67368,47.58523],[16.67252,47.58683],[16.67035,47.59072],[16.66957,47.59266],[16.66639,47.59631],[16.66644,47.59787],[16.66813,47.59938],[16.67054,47.60075],[16.6712,47.60179],[16.67051,47.60238],[16.67314,47.60494],[16.67154,47.60623],[16.66911,47.60559],[16.66172,47.60548],[16.65954,47.6061],[16.65642,47.6152],[16.65341,47.62019],[16.65293,47.62223],[16.65085,47.62302],[16.64124,47.626],[16.63782,47.62668],[16.63531,47.62776],[16.63156,47.62816],[16.62774,47.6278],[16.62528,47.62683],[16.61883,47.62577],[16.61328,47.62254],[16.60641,47.62128],[16.6042,47.62106],[16.60107,47.61965],[16.59985,47.61973],[16.59745,47.61862],[16.59327,47.61784],[16.58976,47.6174],[16.58387,47.61812],[16.58051,47.61892],[16.57653,47.61924],[16.57253,47.61984],[16.57101,47.62067],[16.56766,47.62342],[16.5649,47.62445],[16.56179,47.6252],[16.5601,47.62702],[16.55836,47.62762],[16.5561,47.62917],[16.55372,47.62984],[16.552,47.63181],[16.54881,47.63358],[16.54518,47.6347],[16.54342,47.63558],[16.53941,47.63669],[16.53828,47.63783],[16.53618,47.63801],[16.53305,47.63976],[16.52884,47.64146],[16.52621,47.64197],[16.52384,47.6419],[16.51991,47.64338],[16.51692,47.64513],[16.51446,47.64613],[16.51331,47.64604],[16.51368,47.64433],[16.51205,47.64263],[16.50919,47.6413],[16.50753,47.64007],[16.50675,47.63849],[16.50245,47.64005],[16.50016,47.63935],[16.49694,47.63934],[16.49584,47.64036],[16.49224,47.64225],[16.48982,47.6414],[16.48732,47.64174],[16.48512,47.64456],[16.48319,47.64564],[16.48263,47.64792],[16.48054,47.64966],[16.47916,47.6501],[16.47503,47.65019],[16.47164,47.65145],[16.46751,47.65169],[16.46265,47.65129],[16.46002,47.65316],[16.45856,47.65365],[16.45494,47.65365],[16.45145,47.65572],[16.44729,47.65644],[16.43986,47.65669],[16.43812,47.65727],[16.43309,47.65989],[16.43166,47.65985],[16.42798,47.66078],[16.42475,47.66238],[16.4223,47.66408],[16.42154,47.6653],[16.425,47.66761],[16.42825,47.66869],[16.4294,47.6686],[16.43266,47.6695],[16.43814,47.67153],[16.44315,47.67394],[16.44336,47.67503],[16.44251,47.67737],[16.44284,47.67895],[16.44384,47.68065],[16.44387,47.68174],[16.44527,47.68383],[16.44598,47.68599],[16.44596,47.68965],[16.44758,47.6917],[16.44733,47.69631],[16.4507,47.69631],[16.4517,47.6968],[16.45397,47.69686],[16.45864,47.68711],[16.45998,47.68412],[16.46194,47.68269],[16.465,47.68213],[16.46616,47.68155],[16.46966,47.68117],[16.47036,47.68236],[16.47215,47.68221],[16.47293,47.68133],[16.47472,47.68125],[16.47548,47.68295],[16.47499,47.68421],[16.47615,47.68721],[16.47554,47.68917],[16.47601,47.6901],[16.48061,47.69029],[16.48451,47.69146],[16.48606,47.69277],[16.48436,47.69497],[16.48714,47.698],[16.48985,47.69813],[16.49474,47.69933],[16.49753,47.70325],[16.49988,47.70473],[16.50181,47.70391],[16.50432,47.70352],[16.50951,47.70545],[16.51097,47.707],[16.5127,47.70667],[16.51418,47.70764],[16.51692,47.70691],[16.52062,47.71226],[16.52236,47.71125],[16.52546,47.71052],[16.52756,47.71035],[16.53065,47.71078],[16.53366,47.71072],[16.53766,47.7118],[16.54045,47.71183],[16.5422,47.71294],[16.54131,47.71364],[16.5446,47.71704],[16.54776,47.71968],[16.55223,47.72251],[16.54877,47.72602],[16.54016,47.73357],[16.53646,47.73664],[16.53884,47.7383],[16.53757,47.74],[16.54272,47.74235],[16.54415,47.74237],[16.54493,47.74134],[16.54878,47.74317],[16.54661,47.74528],[16.54822,47.74611],[16.54679,47.74752],[16.54596,47.74932],[16.54763,47.7493],[16.54704,47.75099],[16.54798,47.75154],[16.56646,47.75158],[16.58305,47.75501],[16.58803,47.75544],[16.58896,47.75693],[16.59253,47.75909],[16.59549,47.75799],[16.59877,47.75612],[16.6022,47.75808],[16.60445,47.75855],[16.60756,47.7599],[16.60946,47.76037],[16.61229,47.76023],[16.61737,47.75902],[16.62015,47.75766],[16.62548,47.75692],[16.62794,47.75706],[16.63054,47.75845],[16.63426,47.75905],[16.63454,47.75775],[16.63737,47.75602],[16.63837,47.75455],[16.63901,47.75277],[16.63843,47.75025],[16.63972,47.74827],[16.64521,47.74561],[16.65049,47.74423],[16.65277,47.74338],[16.65466,47.74221],[16.65718,47.74155],[16.65815,47.74327],[16.67156,47.74043],[16.68096,47.73958],[16.72094,47.73533],[16.72151,47.7226],[16.74903,47.68142],[16.82833,47.68272],[16.8321,47.68814],[16.8328,47.69158],[16.83906,47.70457],[16.84106,47.70579],[16.84859,47.70863],[16.85552,47.71106],[16.85661,47.71251],[16.86056,47.71547],[16.86442,47.71881],[16.8669,47.72164],[16.86882,47.72134],[16.87164,47.6901],[16.87515,47.68834],[16.91254,47.68768],[16.91276,47.68778],[16.94902,47.69159],[16.95933,47.69271],[16.97644,47.69448],[17.04014,47.70432],[17.07127,47.70665],[17.09307,47.70824],[17.07774,47.72051],[17.07424,47.72312],[17.07027,47.7282],[17.07071,47.73177],[17.07042,47.7342],[17.07099,47.73892],[17.07076,47.74994],[17.07037,47.75399],[17.06971,47.75728],[17.06841,47.75711],[17.06562,47.76687],[17.06717,47.76688],[17.0638,47.77781],[17.06084,47.77764],[17.0582,47.78615],[17.05435,47.79065],[17.05096,47.79397],[17.05357,47.79755],[17.06136,47.80194],[17.0718,47.8082],[17.07445,47.80826],[17.06835,47.81317],[17.0632,47.81698],[17.05973,47.82015],[17.06084,47.82273],[17.04691,47.82835],[17.04972,47.83122],[17.0466,47.83288],[17.05154,47.83789],[17.04384,47.84169],[17.01126,47.85736],[17.00995,47.85834],[17.01157,47.86013],[17.01622,47.86747],[17.01775,47.8684],[17.02887,47.8677],[17.03762,47.86792],[17.04004,47.86681],[17.0496,47.87006],[17.04871,47.8719],[17.0627,47.87371],[17.0778,47.87755],[17.08044,47.87445],[17.08519,47.87444],[17.10417,47.89925],[17.10078,47.90101],[17.09748,47.90349],[17.09561,47.90429],[17.09731,47.9053],[17.09629,47.90612],[17.10275,47.91046],[17.10906,47.92148],[17.11269,47.92735],[17.10232,47.93108],[17.09091,47.93439],[17.09649,47.93939],[17.09757,47.9398],[17.10058,47.942],[17.1028,47.9452],[17.10641,47.94804],[17.10782,47.94952],[17.10903,47.95292],[17.10996,47.95436],[17.11247,47.95648],[17.11414,47.95878],[17.11605,47.95976],[17.11689,47.96095],[17.11199,47.96354],[17.1105,47.96401],[17.10822,47.96346],[17.10445,47.96591],[17.09967,47.96718],[17.09661,47.96865],[17.09466,47.97087],[17.10513,47.97589],[17.11193,47.97947],[17.11423,47.98102],[17.11666,47.9834],[17.11986,47.98531],[17.12464,47.98726],[17.13138,47.99082],[17.13505,47.99333],[17.1342,47.99399],[17.13958,47.9964],[17.14445,47.99899],[17.14758,48.00046],[17.15255,48.00246],[17.15697,48.00404],[17.1608,48.00666],[17.15006,48.01357],[17.14827,48.01507],[17.14384,48.02019],[17.14231,48.01954],[17.14004,48.02072],[17.13744,48.02258],[17.13637,48.02292],[17.13301,48.02239],[17.13083,48.02298],[17.12672,48.02094],[17.12203,48.02417],[17.12029,48.02598],[17.11739,48.02825],[17.11501,48.02962],[17.11005,48.03123],[17.08986,48.01979],[17.08816,48.02177],[17.08483,48.02385],[17.08034,48.02589],[17.0779,48.02647],[17.06741,48.03144],[17.07507,48.03578],[17.07424,48.03635],[17.08197,48.04126],[17.08779,48.04568],[17.08569,48.04929],[17.08427,48.05039],[17.07953,48.05134],[17.07395,48.05288],[17.06824,48.0554],[17.07016,48.05701],[17.0717,48.05625],[17.07549,48.05907],[17.08679,48.06537],[17.07223,48.07046],[17.07891,48.07824],[17.07155,48.08093],[17.07485,48.08265],[17.07313,48.08338],[17.07456,48.08592],[17.07643,48.08621],[17.08963,48.09224],[17.09132,48.09057],[17.09317,48.09142],[17.08776,48.09656],[17.09271,48.09965],[17.08372,48.10301],[17.08333,48.10253],[17.07741,48.10596],[17.07907,48.1079],[17.07287,48.1103],[17.07707,48.11511],[17.07428,48.11449],[17.07277,48.11454],[17.06856,48.11617],[17.06808,48.11803],[17.06674,48.11868],[17.06276,48.11402],[17.06215,48.11269],[17.06301,48.11073],[17.06238,48.10914],[17.05515,48.10705],[17.04633,48.10282],[17.04272,48.10132],[17.04223,48.10003],[17.04245,48.09774],[17.04198,48.0953],[17.03855,48.09425],[17.03658,48.09028],[17.03477,48.08573],[17.03135,48.08636],[17.01355,48.09111],[17.01086,48.08932],[17.00978,48.089],[17.00389,48.09055],[17.00229,48.0913],[17.0043,48.0926],[17.01538,48.0939],[17.01849,48.09488],[17.01767,48.09634],[17.01809,48.09767],[17.0231,48.09907],[17.02477,48.10011],[17.02176,48.10325],[17.02053,48.10381],[17.01827,48.1037],[17.01454,48.10288],[17.01102,48.10268],[17.00892,48.10199],[17.00532,48.09946],[17.00314,48.09984],[16.99978,48.10658],[16.99816,48.10825],[16.99083,48.11006],[16.98891,48.11074],[16.98617,48.11125],[16.98471,48.11066],[16.98533,48.10733],[16.98375,48.10541],[16.97968,48.10368],[16.97685,48.10346],[16.97564,48.10467],[16.974,48.10451],[16.97248,48.10255],[16.96909,48.09749],[16.96915,48.09565],[16.9769,48.09499],[16.9808,48.09393],[16.98769,48.08876],[16.99557,48.08587],[16.99845,48.08441],[17.00488,48.08044],[17.01003,48.0776],[17.01325,48.07499],[17.01334,48.07403],[17.01253,48.07248],[17.00863,48.06739],[17.00578,48.06332],[16.99743,48.05639],[16.99451,48.05172],[16.98958,48.04021],[16.9874,48.03605],[16.9871,48.03405],[16.98471,48.02948],[16.98117,48.02535],[16.97891,48.02348],[16.97666,48.02371],[16.97515,48.02507],[16.97288,48.02614],[16.96966,48.02579],[16.96964,48.0268],[16.96876,48.02838],[16.96869,48.02964],[16.97083,48.03235],[16.9716,48.03499],[16.97288,48.03583],[16.9734,48.03397],[16.97506,48.0345],[16.97482,48.03534],[16.97054,48.03976],[16.96853,48.04041],[16.966,48.04023],[16.96348,48.04076],[16.96109,48.04312],[16.95784,48.04414],[16.95516,48.04528],[16.9519,48.04616],[16.94992,48.0464],[16.94332,48.04635],[16.9378,48.04739],[16.93063,48.04841],[16.92875,48.04987],[16.92376,48.05038],[16.92115,48.05034],[16.91824,48.05198],[16.91774,48.05328],[16.91612,48.0547],[16.91568,48.05604],[16.91604,48.05734],[16.91731,48.05944],[16.91988,48.06219],[16.91984,48.06343],[16.91708,48.06654],[16.91076,48.06868],[16.90549,48.07019],[16.90099,48.07097],[16.89584,48.07208],[16.89376,48.07276],[16.89028,48.07276],[16.88882,48.07113],[16.88564,48.0701],[16.88343,48.06869],[16.88202,48.06836],[16.88012,48.06872],[16.8752,48.07083],[16.87337,48.07106],[16.87216,48.07062],[16.86844,48.06775],[16.86639,48.06557],[16.86321,48.0637],[16.86209,48.06274],[16.86167,48.06069],[16.86091,48.06014],[16.85816,48.06001],[16.85556,48.05613],[16.85479,48.05568],[16.85179,48.05638],[16.84939,48.05631],[16.8467,48.05524],[16.84376,48.05248],[16.84347,48.0496],[16.84179,48.04851],[16.84172,48.04659],[16.8371,48.04428],[16.83388,48.04402],[16.83037,48.04229],[16.82789,48.03991],[16.83276,48.03811],[16.83414,48.0381],[16.83638,48.03713],[16.83661,48.03654],[16.83687,48.03215],[16.83644,48.03142],[16.83097,48.0293],[16.82838,48.02791],[16.82548,48.02804],[16.8221,48.02896],[16.82152,48.02949],[16.81909,48.02997],[16.81542,48.02996],[16.81353,48.02822],[16.8119,48.02827],[16.81022,48.02944],[16.80924,48.02765],[16.80696,48.02874],[16.80486,48.02759],[16.80405,48.02865],[16.80192,48.02844],[16.79847,48.02867],[16.7977,48.02527],[16.79636,48.0245],[16.79056,48.02229],[16.78708,48.02182],[16.78439,48.02302],[16.78264,48.0228],[16.78213,48.02113],[16.78096,48.02059],[16.77745,48.02052],[16.77463,48.02006],[16.77194,48.01817],[16.76853,48.01758],[16.76411,48.01499],[16.75848,48.01344],[16.75358,48.01264],[16.75136,48.01341],[16.74894,48.01275],[16.74763,48.01304],[16.74678,48.01413],[16.74521,48.01408],[16.74291,48.01331],[16.73954,48.0136],[16.73882,48.0128],[16.74037,48.01193],[16.73889,48.01099],[16.73763,48.01101],[16.73491,48.01263],[16.73428,48.01245],[16.72976,48.00976],[16.72515,48.0097],[16.72416,48.01014],[16.71793,48.012],[16.71568,48.0118],[16.71378,48.01266],[16.71179,48.01295],[16.70714,48.01221],[16.70679,48.01064],[16.70491,48.01046],[16.70443,48.01216],[16.7025,48.01207],[16.70116,48.01089],[16.70038,48.00859],[16.69984,48.00183],[16.69979,47.99043],[16.69908,47.98931],[16.69524,47.98959],[16.69446,47.98681],[16.69418,47.983],[16.69459,47.98148],[16.69841,47.97765],[16.69968,47.97586],[16.70037,47.97389],[16.70016,47.96762],[16.69871,47.96566],[16.69448,47.96408],[16.68586,47.9625],[16.68289,47.96142],[16.67961,47.96052],[16.67791,47.9605],[16.66843,47.96101],[16.66733,47.9607],[16.66307,47.95769],[16.66214,47.9578],[16.65958,47.95973],[16.65788,47.95975],[16.65647,47.95921],[16.65394,47.95745],[16.65281,47.95577],[16.65267,47.95152],[16.65202,47.9505],[16.65046,47.94995],[16.64581,47.94964],[16.64395,47.94929],[16.63847,47.94692],[16.63459,47.94641],[16.631,47.94514],[16.63019,47.94401],[16.62971,47.93846],[16.62961,47.93544],[16.63016,47.93326],[16.63132,47.93098],[16.63096,47.9291],[16.62985,47.92836],[16.62502,47.92692],[16.62044,47.92368],[16.61635,47.92029],[16.61095,47.91636],[16.60728,47.91336],[16.60447,47.90959],[16.60141,47.90733],[16.60057,47.90635],[16.59656,47.90433],[16.59141,47.90333],[16.58875,47.90214],[16.58563,47.89596],[16.58238,47.89062],[16.58078,47.88876],[16.57794,47.88691],[16.57549,47.88732],[16.5746,47.88847],[16.57469,47.89139],[16.57336,47.89335],[16.57144,47.89525],[16.5687,47.89716],[16.56642,47.89948],[16.56329,47.89979],[16.56064,47.90057],[16.55635,47.90285],[16.55364,47.90706],[16.55284,47.90981],[16.54771,47.91339],[16.54624,47.91574],[16.54327,47.91736],[16.54105,47.91943],[16.54005,47.92148],[16.53408,47.92586],[16.5327,47.9278],[16.53155,47.92874],[16.52896,47.93002],[16.52635,47.93215],[16.52481,47.934],[16.52342,47.93485],[16.52225,47.93631],[16.52056,47.94018],[16.51791,47.94354],[16.5131,47.9432],[16.51216,47.94236],[16.51161,47.94088],[16.50754,47.94089],[16.5044,47.93976],[16.50066,47.94009],[16.49478,47.94152],[16.48976,47.94209],[16.48643,47.94164],[16.48401,47.93977],[16.48029,47.93827],[16.47622,47.93797],[16.47236,47.9372],[16.46994,47.93759],[16.46719,47.93934],[16.46633,47.93929],[16.46214,47.93773],[16.45538,47.93452],[16.44897,47.93369],[16.44754,47.93277],[16.44528,47.92953],[16.44405,47.92887],[16.44089,47.92863],[16.43933,47.92786],[16.43721,47.92746],[16.43598,47.92649],[16.43447,47.92452],[16.43149,47.9216],[16.42695,47.91852],[16.4263,47.91766],[16.4262,47.91589],[16.42375,47.91381],[16.42013,47.91353],[16.41907,47.91293],[16.41974,47.91166],[16.42215,47.91217],[16.42373,47.91156],[16.4213,47.9086],[16.42072,47.90754],[16.41917,47.90723],[16.41945,47.90602],[16.42353,47.90549],[16.42274,47.90159],[16.42122,47.90008],[16.42133,47.89892],[16.4196,47.89666],[16.41923,47.89471],[16.41776,47.89431],[16.41562,47.8962],[16.41422,47.89646],[16.41189,47.89569],[16.41045,47.89375],[16.41185,47.8931],[16.41585,47.89268],[16.41756,47.89109],[16.41751,47.89005],[16.41468,47.88869],[16.40998,47.88579],[16.40874,47.88466],[16.4091,47.88398],[16.41233,47.88211],[16.41184,47.88119],[16.40825,47.88054],[16.40464,47.87745],[16.40145,47.87647],[16.3994,47.87769],[16.39115,47.88213],[16.38582,47.87793],[16.38317,47.87854],[16.38266,47.87668],[16.38179,47.87573],[16.38007,47.87506],[16.37698,47.87335],[16.37421,47.87211],[16.37173,47.87167],[16.36908,47.87063],[16.36296,47.87023],[16.36022,47.86899],[16.3581,47.86681],[16.35576,47.86626],[16.35267,47.86719],[16.35092,47.86695],[16.35025,47.86601],[16.3528,47.86475],[16.35898,47.8611],[16.36673,47.85632],[16.36961,47.85492],[16.37526,47.85269],[16.38382,47.84811],[16.38614,47.84643],[16.38788,47.84355],[16.38738,47.84223],[16.3863,47.84125],[16.38176,47.83856],[16.37855,47.83701],[16.37578,47.83498],[16.37312,47.83336],[16.37198,47.83193],[16.37531,47.8297],[16.37678,47.82782],[16.376,47.82724],[16.36639,47.82485],[16.36078,47.82332],[16.35746,47.82234],[16.35146,47.81921],[16.34888,47.81743],[16.34832,47.81612],[16.34939,47.81248],[16.35012,47.81083],[16.35015,47.8085],[16.34832,47.80578],[16.34475,47.80375],[16.34031,47.80335],[16.33442,47.8023],[16.33231,47.80126],[16.32957,47.79849],[16.3264,47.79425],[16.32514,47.79056],[16.32412,47.78892],[16.31988,47.78723],[16.31646,47.78624],[16.31408,47.78707],[16.31308,47.78807],[16.31051,47.78777],[16.30754,47.79002],[16.30729,47.79113],[16.30812,47.79238],[16.31018,47.79419],[16.31157,47.79759],[16.30999,47.80197],[16.30962,47.8044],[16.31305,47.80578],[16.31272,47.80698],[16.30669,47.80806],[16.2974,47.80931],[16.29121,47.81026],[16.28455,47.81164],[16.27925,47.81128],[16.27808,47.81085],[16.27597,47.80901],[16.27477,47.80502],[16.2724,47.80095],[16.27182,47.79877],[16.26961,47.79482],[16.26942,47.79274],[16.26973,47.7915],[16.27519,47.79079],[16.27656,47.79322],[16.28863,47.78919],[16.292,47.78983],[16.2994,47.78838],[16.30002,47.78809],[16.30255,47.78501],[16.30225,47.78193],[16.29806,47.77545],[16.29548,47.77075],[16.29398,47.76907],[16.29413,47.7683],[16.2957,47.7676],[16.29663,47.76626],[16.29721,47.76332],[16.29897,47.76104],[16.29926,47.75895],[16.29842,47.75731],[16.29962,47.7507],[16.29958,47.74912],[16.29771,47.74691],[16.29564,47.74565],[16.29515,47.74422],[16.29656,47.74176],[16.29628,47.73983],[16.29569,47.73876],[16.29315,47.73678],[16.29255,47.73542],[16.29164,47.73084],[16.29177,47.72703],[16.29268,47.72491],[16.2941,47.72267],[16.29441,47.7213],[16.29453,47.71774],[16.295,47.71592],[16.29688,47.71412],[16.30136,47.70941],[16.30298,47.70659],[16.30337,47.70229],[16.30404,47.69932],[16.30858,47.69529],[16.30877,47.69367],[16.30745,47.68972],[16.30776,47.68843],[16.31261,47.68762],[16.317,47.68646],[16.32609,47.68277],[16.33129,47.68023],[16.33495,47.67918],[16.3392,47.6803],[16.34011,47.68032],[16.34422,47.67942],[16.3463,47.68108],[16.34795,47.68134],[16.35135,47.6812],[16.35624,47.68003],[16.3565,47.67913],[16.35452,47.677],[16.35411,47.67431],[16.35298,47.67221],[16.35505,47.67001],[16.35929,47.66463],[16.35956,47.66007],[16.35986,47.65834],[16.36155,47.65588],[16.3681,47.64969],[16.37037,47.64787],[16.37152,47.64642],[16.37269,47.64416],[16.37254,47.64214],[16.37169,47.63999],[16.37088,47.63903],[16.3677,47.63713],[16.36722,47.63609],[16.36802,47.63409],[16.37101,47.62853],[16.37152,47.62648],[16.37129,47.62408],[16.36954,47.62235],[16.36731,47.62193],[16.36168,47.62204],[16.35731,47.62184],[16.35504,47.6214],[16.3522,47.61878],[16.34856,47.61701],[16.34832,47.61502],[16.35301,47.61313],[16.35454,47.61182],[16.35432,47.61039],[16.34946,47.60892],[16.34887,47.60646],[16.34761,47.60449],[16.34585,47.60314],[16.3433,47.60258],[16.33991,47.60271],[16.3374,47.60197],[16.33374,47.60145],[16.33151,47.60026],[16.32975,47.59807],[16.3295,47.59611],[16.33102,47.59227],[16.33124,47.58929],[16.33032,47.58697],[16.33042,47.58474],[16.33007,47.58276],[16.32754,47.57852],[16.3264,47.57697],[16.32426,47.57578],[16.3227,47.57435],[16.3213,47.57084],[16.32018,47.56931],[16.31692,47.56681],[16.3142,47.56527],[16.31566,47.56194],[16.31615,47.55999],[16.31492,47.55797],[16.31363,47.55667],[16.31349,47.55484],[16.31194,47.55184],[16.31148,47.54846],[16.31058,47.54711],[16.3108,47.54489],[16.3104,47.54398],[16.3139,47.54266],[16.31639,47.54063],[16.31843,47.53989],[16.32071,47.53831],[16.32269,47.5375],[16.3253,47.536],[16.3271,47.53375],[16.3279,47.53079],[16.33386,47.52719],[16.33743,47.52585],[16.33815,47.52494],[16.33843,47.5231],[16.33952,47.5198],[16.3386,47.51747],[16.33988,47.5162],[16.33806,47.5145],[16.33649,47.51249],[16.33481,47.5097],[16.33195,47.50593],[16.32965,47.50331],[16.32597,47.50028],[16.3257,47.49862],[16.32646,47.49694],[16.32616,47.49612],[16.32413,47.49585],[16.32124,47.49464],[16.31555,47.4914],[16.31202,47.48883],[16.312,47.48757],[16.31475,47.48451],[16.31317,47.48233],[16.31123,47.48076],[16.30948,47.47998],[16.30751,47.47965],[16.30497,47.47969],[16.30134,47.47898],[16.2983,47.47888],[16.29601,47.47815],[16.2957,47.47713],[16.3013,47.47523],[16.30349,47.47427],[16.30403,47.47301],[16.30096,47.46834],[16.2998,47.4673],[16.2959,47.46575],[16.29093,47.46406],[16.28905,47.46314],[16.28468,47.45962],[16.28243,47.45712],[16.27984,47.45483],[16.27602,47.45537],[16.27448,47.45489],[16.27219,47.45594],[16.26942,47.45539],[16.26477,47.4523],[16.26212,47.45199],[16.25574,47.45088],[16.25415,47.44987],[16.2518,47.44641],[16.24715,47.44235],[16.24312,47.44124],[16.24215,47.44031],[16.24129,47.43709],[16.23684,47.43515],[16.23309,47.43284],[16.23056,47.43192],[16.22661,47.42908],[16.22273,47.42686],[16.2195,47.42632],[16.2125,47.42461],[16.20993,47.42427],[16.20577,47.42405],[16.20061,47.42263],[16.19778,47.42214],[16.19213,47.42173],[16.1892,47.4219],[16.18513,47.42272],[16.1815,47.42273],[16.17693,47.42324],[16.17482,47.42274],[16.17108,47.42134],[16.16458,47.42043],[16.16041,47.42004],[16.15664,47.41949],[16.15248,47.4196],[16.1493,47.41907],[16.14251,47.41608],[16.141,47.41671],[16.13639,47.41529],[16.13245,47.41492],[16.13024,47.41335],[16.12781,47.41272],[16.12441,47.41258],[16.11855,47.41321],[16.11589,47.41394],[16.11305,47.41364],[16.10913,47.41439],[16.10562,47.4139],[16.10156,47.41441],[16.10074,47.41165],[16.10122,47.40733],[16.10302,47.40448],[16.10481,47.40326],[16.1087,47.39735],[16.10934,47.39607],[16.10851,47.39546],[16.1032,47.3948],[16.09998,47.39294],[16.09375,47.38992],[16.09278,47.38979],[16.08758,47.39358],[16.08395,47.39566],[16.08305,47.3972],[16.08407,47.39772],[16.08678,47.39822],[16.08866,47.3995],[16.08893,47.40047],[16.08771,47.40339],[16.0891,47.40492],[16.09285,47.40494],[16.09451,47.40521],[16.09446,47.40692],[16.09389,47.40732],[16.09056,47.40766],[16.08804,47.40727],[16.08382,47.40836],[16.08157,47.40624],[16.07855,47.40474],[16.07472,47.40379],[16.07034,47.40223],[16.06912,47.40006],[16.06626,47.39793],[16.06545,47.39678],[16.06506,47.39515],[16.06348,47.39321],[16.06387,47.39052],[16.06499,47.38883],[16.06521,47.38729],[16.0643,47.38544],[16.06219,47.38413],[16.0592,47.3835],[16.05683,47.3839],[16.05563,47.38334],[16.05094,47.38268],[16.04177,47.3822],[16.03222,47.38136],[16.02923,47.38053],[16.0307,47.37753],[16.03308,47.37421],[16.03361,47.3725],[16.02894,47.37107],[16.02064,47.37012],[16.0196,47.36897],[16.01489,47.36852],[16.01934,47.36393],[16.02124,47.36317],[16.02345,47.36314],[16.02659,47.36182],[16.02882,47.36045],[16.02977,47.35859],[16.03012,47.35688],[16.03213,47.35567],[16.0327,47.35467],[16.03487,47.35473],[16.03585,47.35367],[16.03578,47.35047],[16.03502,47.34883],[16.03573,47.34796],[16.03793,47.34737],[16.03757,47.34678],[16.03552,47.34606],[16.03797,47.34516],[16.03798,47.34443],[16.03634,47.34386],[16.03727,47.34235],[16.039,47.34339],[16.04061,47.34366],[16.0422,47.34242],[16.04343,47.34216],[16.044,47.34007],[16.04316,47.33921],[16.04325,47.33805],[16.04525,47.3367],[16.04538,47.33539],[16.04643,47.33503],[16.04819,47.33541],[16.04819,47.33408],[16.04984,47.33353],[16.05121,47.3318],[16.04901,47.33065],[16.05051,47.32951],[16.04854,47.32858],[16.04812,47.32765],[16.04858,47.3261],[16.05211,47.32266],[16.05215,47.32198],[16.05003,47.32057],[16.04969,47.31979],[16.04982,47.31743],[16.05075,47.31664],[16.05265,47.31672],[16.05704,47.3163],[16.05915,47.31473],[16.05991,47.3127],[16.05871,47.31136],[16.05897,47.31012],[16.05875,47.30592],[16.05949,47.30505],[16.0615,47.30414],[16.06277,47.30255],[16.06092,47.30136],[16.06095,47.29942],[16.06234,47.29823],[16.06195,47.29669],[16.06011,47.29577],[16.05985,47.29491],[16.0621,47.2947],[16.06235,47.29296],[16.06531,47.29308],[16.06668,47.28894],[16.06564,47.28807],[16.06444,47.28556],[16.06756,47.2842],[16.06915,47.283],[16.07173,47.27819],[16.07351,47.2762],[16.07512,47.27544],[16.07504,47.27398],[16.07568,47.27271],[16.07535,47.27153],[16.0773,47.27118],[16.07777,47.26925],[16.07908,47.26666],[16.08049,47.26539],[16.0817,47.26356],[16.08179,47.26093],[16.08038,47.25968],[16.07861,47.25912],[16.08155,47.25492],[16.08332,47.25361],[16.08295,47.25284],[16.0814,47.25218],[16.08167,47.25086],[16.08392,47.25107],[16.08518,47.25046],[16.08436,47.24861],[16.08301,47.24798],[16.08384,47.24726],[16.0852,47.24797],[16.08651,47.2475],[16.0855,47.24626],[16.08687,47.24395],[16.08666,47.24264],[16.08822,47.24179],[16.08583,47.2398],[16.08571,47.23832],[16.08427,47.23748],[16.08465,47.2355],[16.08638,47.23324],[16.08477,47.23207],[16.08462,47.23121],[16.08577,47.22969],[16.08475,47.22914],[16.08118,47.22945],[16.08186,47.22835],[16.08105,47.22679],[16.08245,47.22648],[16.0821,47.22512],[16.08353,47.22467],[16.08476,47.22332],[16.08399,47.22195],[16.08583,47.22188],[16.0856,47.22085],[16.08394,47.21954],[16.08433,47.2177],[16.08733,47.2179],[16.08811,47.21689],[16.08653,47.21549],[16.08636,47.21406],[16.08675,47.21196],[16.0865,47.20964],[16.08781,47.20898],[16.08935,47.20967],[16.09034,47.20879],[16.09052,47.20748],[16.08988,47.20552],[16.09217,47.20447],[16.09225,47.2031],[16.09121,47.20179],[16.09175,47.19828],[16.09409,47.19801],[16.09548,47.1967],[16.09607,47.19473],[16.09568,47.19365],[16.098,47.19273],[16.09707,47.19116],[16.10035,47.18959],[16.09918,47.18831],[16.0994,47.18752],[16.10209,47.18725],[16.10311,47.18559],[16.10231,47.18391],[16.10319,47.18243],[16.10461,47.18155],[16.10545,47.1795],[16.10791,47.17629],[16.10722,47.17477],[16.10812,47.17154],[16.10727,47.17002],[16.1098,47.16808],[16.10948,47.1662],[16.11093,47.16529],[16.11093,47.16397],[16.11311,47.16023],[16.11206,47.15691],[16.11278,47.1538],[16.11239,47.15224],[16.11424,47.15009],[16.11349,47.14841],[16.1141,47.1476],[16.11549,47.14295],[16.11304,47.14057],[16.11424,47.13996],[16.11434,47.13863],[16.11332,47.13712],[16.11277,47.13439],[16.11345,47.13212],[16.11329,47.13088],[16.11107,47.12881],[16.10955,47.12702],[16.10787,47.12142],[16.10832,47.11833],[16.10654,47.11702],[16.10488,47.11477],[16.10243,47.11254],[16.10095,47.1122],[16.09824,47.11262],[16.09583,47.11235],[16.09514,47.11162],[16.09522,47.10911],[16.09305,47.10774],[16.09371,47.10612],[16.09278,47.10498],[16.0929,47.10359],[16.09165,47.10102],[16.09182,47.09972],[16.09298,47.09819],[16.09168,47.09724],[16.09254,47.09589],[16.09358,47.09533],[16.09343,47.09408],[16.09455,47.09302],[16.09182,47.09008],[16.0886,47.08841],[16.0869,47.08647],[16.08698,47.08535],[16.08829,47.08386],[16.0896,47.08316],[16.09033,47.08165],[16.08862,47.07984],[16.0888,47.07857],[16.08836,47.07614],[16.08908,47.0751],[16.08763,47.07378],[16.0877,47.07263],[16.09079,47.0707],[16.09307,47.06738],[16.09466,47.06426],[16.09519,47.06251],[16.09722,47.06097],[16.09921,47.06017],[16.10184,47.05973],[16.10466,47.06073],[16.10655,47.06058],[16.10798,47.05796],[16.10864,47.05406],[16.1109,47.04867],[16.11287,47.04813],[16.11466,47.04707],[16.11735,47.0475],[16.11787,47.04536],[16.12055,47.04397],[16.12058,47.04136],[16.11947,47.04023],[16.12041,47.03903],[16.11686,47.03862],[16.11656,47.03767],[16.11808,47.03685],[16.11812,47.03592],[16.1145,47.03507],[16.11545,47.0332],[16.11404,47.03205],[16.1159,47.03174],[16.11818,47.03245],[16.11964,47.03245],[16.12112,47.03109],[16.12112,47.0301],[16.11956,47.02963],[16.11638,47.03014],[16.11554,47.02927],[16.11699,47.02842],[16.1212,47.0278],[16.12191,47.02659],[16.12437,47.02623],[16.12307,47.02413],[16.12444,47.02243],[16.12665,47.02309],[16.12752,47.0215],[16.12608,47.01946],[16.12621,47.01825],[16.12854,47.01657],[16.1309,47.01566],[16.13152,47.0141],[16.13087,47.01247],[16.13263,47.01099],[16.13655,47.01046],[16.13788,47.00934],[16.13969,47.00923],[16.14012,47.00795],[16.139,47.00728],[16.13668,47.00672],[16.13683,47.00585],[16.13883,47.00497],[16.13921,47.00335],[16.13989,47.00272],[16.14165,47.00306],[16.14282,47.00168],[16.14224,46.99928],[16.14447,46.99773],[16.14748,47.00063],[16.14919,47.00012],[16.14889,46.99727],[16.15012,46.99532],[16.14835,46.99432],[16.15019,46.99279],[16.1532,46.99368],[16.15641,46.99307],[16.15504,46.9904],[16.15044,46.99088],[16.14885,46.99188],[16.14655,46.99207],[16.14458,46.9913],[16.14355,46.99139],[16.1413,46.99261],[16.13817,46.99343],[16.13559,46.99489],[16.13225,46.99527],[16.12915,46.99606],[16.12671,46.99156],[16.12222,46.99031],[16.12059,46.98467],[16.11855,46.98039],[16.11205,46.97842],[16.10839,46.97108],[16.11004,46.9698],[16.1084,46.96538],[16.1053,46.96409],[16.10397,46.96133],[16.10058,46.96101],[16.09895,46.95698],[16.09519,46.95471],[16.09565,46.94987],[16.09574,46.94607],[16.09609,46.9413],[16.09374,46.93939],[16.09299,46.93503],[16.08964,46.93506],[16.08154,46.93404],[16.07769,46.93409],[16.07575,46.93447],[16.07248,46.93591],[16.06878,46.93422],[16.06774,46.9313],[16.06248,46.9234],[16.06115,46.91697],[16.06222,46.91242],[16.04996,46.90823],[16.04785,46.91048],[16.04606,46.9104],[16.04165,46.90585],[16.035,46.90174],[16.03518,46.89889],[16.03513,46.89397],[16.03367,46.89271],[16.01758,46.88495],[16.01407,46.88444],[16.01091,46.87946],[16.008,46.87419],[16.00746,46.87112],[16.00768,46.8698],[16.00895,46.86751],[16.00876,46.86379],[16.00788,46.85717],[16.00499,46.85369],[16.00138,46.84779],[16.00598,46.84477],[16.00323,46.84219],[16.00261,46.84123],[16.00228,46.83874],[16.00129,46.83691],[15.99968,46.83577],[15.99624,46.8354]]]},"properties":{"idApp":926014,"aopId":"burgenland","name":"Burgenland","nameJa":"ブルゲンラント","kind":"regional","tags":[],"rank":0},"bbox":[15.99624,46.83064,17.1608,48.11868]},{"type":"Feature","geometry":{"type":"Polygon","coordinates":[[[15.84791,47.56847],[15.8493,47.56723],[15.85062,47.56676],[15.85276,47.56675],[15.85744,47.5673],[15.85954,47.56722],[15.86382,47.56623],[15.86516,47.56663],[15.86664,47.57122],[15.86963,47.57293],[15.87438,47.57412],[15.88826,47.57177],[15.89795,47.56687],[15.90403,47.56365],[15.9052,47.56286],[15.9056,47.56067],[15.90344,47.54956],[15.90365,47.54587],[15.90443,47.54335],[15.90615,47.54074],[15.91188,47.53584],[15.91254,47.53295],[15.914,47.53103],[15.91495,47.53086],[15.92215,47.5308],[15.92744,47.5298],[15.93816,47.52725],[15.94113,47.52588],[15.94974,47.5207],[15.95325,47.519],[15.95582,47.51822],[15.9584,47.51803],[15.96098,47.51818],[15.9659,47.51914],[15.97219,47.52102],[15.97586,47.5209],[15.97762,47.52055],[15.98153,47.51851],[15.98342,47.51791],[15.98546,47.51772],[15.99049,47.51776],[15.99565,47.51705],[15.99862,47.51593],[16.00187,47.51578],[16.00365,47.51605],[16.00981,47.51754],[16.01303,47.51775],[16.01506,47.51754],[16.02112,47.51575],[16.02467,47.51392],[16.0308,47.50821],[16.03203,47.50734],[16.03352,47.50521],[16.03688,47.50437],[16.04035,47.5014],[16.0409,47.50042],[16.04051,47.49893],[16.04137,47.49586],[16.04355,47.49274],[16.04526,47.49136],[16.04784,47.49055],[16.05115,47.48867],[16.05155,47.48672],[16.05316,47.48509],[16.05463,47.48462],[16.05895,47.48391],[16.06339,47.48453],[16.06455,47.48553],[16.06317,47.48869],[16.06338,47.49059],[16.06435,47.49403],[16.06305,47.4964],[16.06364,47.49953],[16.06444,47.50213],[16.06682,47.503],[16.0692,47.5035],[16.07432,47.50341],[16.07582,47.50298],[16.07601,47.50177],[16.07745,47.50025],[16.0797,47.49929],[16.08012,47.50036],[16.0806,47.50496],[16.08114,47.50606],[16.084,47.50747],[16.08644,47.50805],[16.08944,47.50838],[16.09207,47.50971],[16.09416,47.51176],[16.09443,47.51245],[16.09392,47.51488],[16.09408,47.51662],[16.09692,47.5212],[16.09824,47.52441],[16.1021,47.52432],[16.10638,47.52519],[16.10807,47.52485],[16.10984,47.52315],[16.11137,47.52096],[16.11146,47.51778],[16.11207,47.51718],[16.11603,47.51593],[16.11533,47.51448],[16.11299,47.51279],[16.11182,47.51087],[16.11244,47.50941],[16.11432,47.50795],[16.11533,47.50828],[16.11741,47.51016],[16.12034,47.51213],[16.12184,47.51125],[16.12136,47.51015],[16.11979,47.50891],[16.1188,47.50737],[16.11853,47.50564],[16.1187,47.50351],[16.11751,47.50245],[16.1151,47.50156],[16.11397,47.49958],[16.11398,47.49774],[16.11317,47.49661],[16.1149,47.49431],[16.11527,47.49314],[16.11466,47.49122],[16.11609,47.48872],[16.11987,47.48703],[16.11931,47.48107],[16.12047,47.47858],[16.12059,47.47728],[16.11964,47.4762],[16.11699,47.4751],[16.11631,47.47389],[16.12119,47.4737],[16.12287,47.47308],[16.12252,47.47068],[16.12611,47.4683],[16.12725,47.46803],[16.13093,47.46868],[16.13257,47.46825],[16.13448,47.46562],[16.13561,47.4628],[16.13712,47.46196],[16.13692,47.46076],[16.13334,47.45968],[16.13266,47.45851],[16.13275,47.45445],[16.13209,47.45324],[16.13283,47.45179],[16.13441,47.45066],[16.13805,47.44878],[16.13966,47.44686],[16.13994,47.44567],[16.13882,47.44413],[16.13914,47.44292],[16.14273,47.44059],[16.1457,47.43747],[16.14825,47.43529],[16.1522,47.43321],[16.15723,47.42952],[16.15885,47.42807],[16.15968,47.42646],[16.16208,47.42528],[16.16649,47.42501],[16.16744,47.42473],[16.17075,47.42241],[16.17108,47.42134],[16.17482,47.42274],[16.17693,47.42324],[16.1815,47.42273],[16.18513,47.42272],[16.1892,47.4219],[16.19213,47.42173],[16.19778,47.42214],[16.20061,47.42263],[16.20577,47.42405],[16.20993,47.42427],[16.2125,47.42461],[16.2195,47.42632],[16.22273,47.42686],[16.22661,47.42908],[16.23056,47.43192],[16.23309,47.43284],[16.23684,47.43515],[16.24129,47.43709],[16.24215,47.44031],[16.24312,47.44124],[16.24715,47.44235],[16.2518,47.44641],[16.25415,47.44987],[16.25574,47.45088],[16.26212,47.45199],[16.26477,47.4523],[16.26942,47.45539],[16.27219,47.45594],[16.27448,47.45489],[16.27602,47.45537],[16.27984,47.45483],[16.28243,47.45712],[16.28468,47.45962],[16.28905,47.46314],[16.29093,47.46406],[16.2959,47.46575],[16.2998,47.4673],[16.30096,47.46834],[16.30403,47.47301],[16.30349,47.47427],[16.3013,47.47523],[16.2957,47.47713],[16.29601,47.47815],[16.2983,47.47888],[16.30134,47.47898],[16.30497,47.47969],[16.30751,47.47965],[16.30948,47.47998],[16.31123,47.48076],[16.31317,47.48233],[16.31475,47.48451],[16.312,47.48757],[16.31202,47.48883],[16.31555,47.4914],[16.32124,47.49464],[16.32413,47.49585],[16.32616,47.49612],[16.32646,47.49694],[16.3257,47.49862],[16.32597,47.50028],[16.32965,47.50331],[16.33195,47.50593],[16.33481,47.5097],[16.33649,47.51249],[16.33806,47.5145],[16.33988,47.5162],[16.3386,47.51747],[16.33952,47.5198],[16.33843,47.5231],[16.33815,47.52494],[16.33743,47.52585],[16.33386,47.52719],[16.3279,47.53079],[16.3271,47.53375],[16.3253,47.536],[16.32269,47.5375],[16.32071,47.53831],[16.31843,47.53989],[16.31639,47.54063],[16.3139,47.54266],[16.3104,47.54398],[16.3108,47.54489],[16.31058,47.54711],[16.31148,47.54846],[16.31194,47.55184],[16.31349,47.55484],[16.31363,47.55667],[16.31492,47.55797],[16.31615,47.55999],[16.31566,47.56194],[16.3142,47.56527],[16.31692,47.56681],[16.32018,47.56931],[16.3213,47.57084],[16.3227,47.57435],[16.32426,47.57578],[16.3264,47.57697],[16.32754,47.57852],[16.33007,47.58276],[16.33042,47.58474],[16.33032,47.58697],[16.33124,47.58929],[16.33102,47.59227],[16.3295,47.59611],[16.32975,47.59807],[16.33151,47.60026],[16.33374,47.60145],[16.3374,47.60197],[16.33991,47.60271],[16.3433,47.60258],[16.34585,47.60314],[16.34761,47.60449],[16.34887,47.60646],[16.34946,47.60892],[16.35432,47.61039],[16.35454,47.61182],[16.35301,47.61313],[16.34832,47.61502],[16.34856,47.61701],[16.3522,47.61878],[16.35504,47.6214],[16.35731,47.62184],[16.36168,47.62204],[16.36731,47.62193],[16.36954,47.62235],[16.37129,47.62408],[16.37152,47.62648],[16.37101,47.62853],[16.36802,47.63409],[16.36722,47.63609],[16.3677,47.63713],[16.37088,47.63903],[16.37169,47.63999],[16.37254,47.64214],[16.37269,47.64416],[16.37152,47.64642],[16.37037,47.64787],[16.3681,47.64969],[16.36155,47.65588],[16.35986,47.65834],[16.35956,47.66007],[16.35929,47.66463],[16.35505,47.67001],[16.35298,47.67221],[16.35411,47.67431],[16.35452,47.677],[16.3565,47.67913],[16.35624,47.68003],[16.35135,47.6812],[16.34795,47.68134],[16.3463,47.68108],[16.34422,47.67942],[16.34011,47.68032],[16.3392,47.6803],[16.33495,47.67918],[16.33129,47.68023],[16.32609,47.68277],[16.317,47.68646],[16.31261,47.68762],[16.30776,47.68843],[16.30745,47.68972],[16.30877,47.69367],[16.30858,47.69529],[16.30404,47.69932],[16.30337,47.70229],[16.30298,47.70659],[16.30136,47.70941],[16.29688,47.71412],[16.295,47.71592],[16.29453,47.71774],[16.29441,47.7213],[16.2941,47.72267],[16.29268,47.72491],[16.29177,47.72703],[16.29164,47.73084],[16.29255,47.73542],[16.29315,47.73678],[16.29569,47.73876],[16.29628,47.73983],[16.29656,47.74176],[16.29515,47.74422],[16.29564,47.74565],[16.29771,47.74691],[16.29958,47.74912],[16.29962,47.7507],[16.29842,47.75731],[16.29926,47.75895],[16.29897,47.76104],[16.29721,47.76332],[16.29663,47.76626],[16.2957,47.7676],[16.29413,47.7683],[16.29398,47.76907],[16.29548,47.77075],[16.29806,47.77545],[16.30225,47.78193],[16.30255,47.78501],[16.30002,47.78809],[16.2994,47.78838],[16.292,47.78983],[16.28863,47.78919],[16.27656,47.79322],[16.27519,47.79079],[16.26973,47.7915],[16.26942,47.79274],[16.26961,47.79482],[16.27182,47.79877],[16.2724,47.80095],[16.27477,47.80502],[16.27597,47.80901],[16.27808,47.81085],[16.27925,47.81128],[16.28455,47.81164],[16.29121,47.81026],[16.2974,47.80931],[16.30669,47.80806],[16.31272,47.80698],[16.31305,47.80578],[16.30962,47.8044],[16.30999,47.80197],[16.31157,47.79759],[16.31018,47.79419],[16.30812,47.79238],[16.30729,47.79113],[16.30754,47.79002],[16.31051,47.78777],[16.31308,47.78807],[16.31408,47.78707],[16.31646,47.78624],[16.31988,47.78723],[16.32412,47.78892],[16.32514,47.79056],[16.3264,47.79425],[16.32957,47.79849],[16.33231,47.80126],[16.33442,47.8023],[16.34031,47.80335],[16.34475,47.80375],[16.34832,47.80578],[16.35015,47.8085],[16.35012,47.81083],[16.34939,47.81248],[16.34832,47.81612],[16.34888,47.81743],[16.35146,47.81921],[16.35746,47.82234],[16.36078,47.82332],[16.36639,47.82485],[16.376,47.82724],[16.37678,47.82782],[16.37531,47.8297],[16.37198,47.83193],[16.37312,47.83336],[16.37578,47.83498],[16.37855,47.83701],[16.38176,47.83856],[16.3863,47.84125],[16.38738,47.84223],[16.38788,47.84355],[16.38614,47.84643],[16.38382,47.84811],[16.37526,47.85269],[16.36961,47.85492],[16.36673,47.85632],[16.35898,47.8611],[16.3528,47.86475],[16.35025,47.86601],[16.35092,47.86695],[16.35267,47.86719],[16.35576,47.86626],[16.3581,47.86681],[16.36022,47.86899],[16.36296,47.87023],[16.36908,47.87063],[16.37173,47.87167],[16.37421,47.87211],[16.37698,47.87335],[16.38007,47.87506],[16.38179,47.87573],[16.38266,47.87668],[16.38317,47.87854],[16.38582,47.87793],[16.39115,47.88213],[16.3994,47.87769],[16.40145,47.87647],[16.40464,47.87745],[16.40825,47.88054],[16.41184,47.88119],[16.41233,47.88211],[16.4091,47.88398],[16.40874,47.88466],[16.40998,47.88579],[16.41468,47.88869],[16.41751,47.89005],[16.41756,47.89109],[16.41585,47.89268],[16.41185,47.8931],[16.41045,47.89375],[16.41189,47.89569],[16.41422,47.89646],[16.41562,47.8962],[16.41776,47.89431],[16.41923,47.89471],[16.4196,47.89666],[16.42133,47.89892],[16.42122,47.90008],[16.42274,47.90159],[16.42353,47.90549],[16.41945,47.90602],[16.41917,47.90723],[16.42072,47.90754],[16.4213,47.9086],[16.42373,47.91156],[16.42215,47.91217],[16.41974,47.91166],[16.41907,47.91293],[16.42013,47.91353],[16.42375,47.91381],[16.4262,47.91589],[16.4263,47.91766],[16.42695,47.91852],[16.43149,47.9216],[16.43447,47.92452],[16.43598,47.92649],[16.43721,47.92746],[16.43933,47.92786],[16.44089,47.92863],[16.44405,47.92887],[16.44528,47.92953],[16.44754,47.93277],[16.44897,47.93369],[16.45538,47.93452],[16.46214,47.93773],[16.46633,47.93929],[16.46719,47.93934],[16.46994,47.93759],[16.47236,47.9372],[16.47622,47.93797],[16.48029,47.93827],[16.48401,47.93977],[16.48643,47.94164],[16.48976,47.94209],[16.49478,47.94152],[16.50066,47.94009],[16.5044,47.93976],[16.50754,47.94089],[16.51161,47.94088],[16.51216,47.94236],[16.5131,47.9432],[16.51791,47.94354],[16.5199,47.94434],[16.5275,47.94832],[16.53395,47.95104],[16.539,47.95252],[16.53987,47.95402],[16.54003,47.95561],[16.53863,47.95848],[16.53885,47.96107],[16.54016,47.96276],[16.54039,47.96407],[16.54158,47.96585],[16.54219,47.96759],[16.54467,47.97062],[16.54575,47.97253],[16.54785,47.97424],[16.55147,47.97627],[16.55481,47.97882],[16.55596,47.98016],[16.55378,47.98401],[16.5543,47.98643],[16.55688,47.98879],[16.55558,47.99044],[16.55587,47.99167],[16.55784,47.9929],[16.55852,47.99414],[16.55673,47.99471],[16.54774,47.99883],[16.52261,48.01471],[16.51071,48.02199],[16.5082,48.02366],[16.50734,48.02473],[16.50523,48.02436],[16.50398,48.02365],[16.50266,48.02458],[16.50082,48.02259],[16.49547,48.02089],[16.49441,48.02036],[16.48957,48.01617],[16.48629,48.012],[16.4856,48.0103],[16.48417,48.01003],[16.48139,48.0073],[16.47948,48.0058],[16.47666,48.00688],[16.47138,48.00349],[16.46736,48.00012],[16.46266,47.99402],[16.4622,47.99194],[16.45872,47.98984],[16.45705,47.98728],[16.45361,47.98708],[16.45147,47.98725],[16.44889,47.98791],[16.4466,47.98886],[16.44405,47.99039],[16.44085,47.9929],[16.43723,47.99509],[16.42994,47.99759],[16.42743,47.99804],[16.41925,48.00026],[16.41728,48.00066],[16.41239,48.00105],[16.40935,48.00209],[16.40863,48.00329],[16.40779,48.00692],[16.40919,48.01089],[16.41287,48.01596],[16.4141,48.01836],[16.41597,48.02462],[16.41706,48.02957],[16.41694,48.03253],[16.41507,48.03417],[16.41416,48.03589],[16.41455,48.03767],[16.41602,48.04156],[16.41683,48.04847],[16.41632,48.04973],[16.41036,48.05138],[16.40441,48.05328],[16.40359,48.05402],[16.40481,48.05555],[16.40536,48.0573],[16.40503,48.05955],[16.40524,48.0628],[16.40507,48.06456],[16.4043,48.06663],[16.40056,48.07245],[16.4009,48.07352],[16.40406,48.07435],[16.40272,48.07774],[16.40261,48.07882],[16.40314,48.08283],[16.40404,48.08348],[16.41026,48.08636],[16.41492,48.08946],[16.41463,48.09125],[16.40887,48.09265],[16.40275,48.09377],[16.39291,48.09502],[16.38219,48.09796],[16.37612,48.09935],[16.37539,48.09994],[16.3774,48.10413],[16.3781,48.10507],[16.38041,48.10685],[16.3845,48.11094],[16.38161,48.11184],[16.38198,48.11308],[16.38369,48.11584],[16.38556,48.11986],[16.38727,48.12567],[16.38136,48.12647],[16.37314,48.1272],[16.36877,48.12776],[16.36493,48.12867],[16.35845,48.12961],[16.35461,48.13094],[16.35103,48.13281],[16.34527,48.13373],[16.34291,48.1344],[16.33195,48.1368],[16.32503,48.13797],[16.31778,48.12605],[16.31463,48.12687],[16.31265,48.12307],[16.31213,48.11975],[16.3103,48.11969],[16.30729,48.121],[16.30083,48.12452],[16.29894,48.12616],[16.29921,48.12695],[16.29847,48.12867],[16.29755,48.12864],[16.29146,48.12961],[16.28184,48.13084],[16.27291,48.13322],[16.26682,48.13346],[16.25993,48.13035],[16.25588,48.12978],[16.25001,48.13081],[16.24559,48.13083],[16.24181,48.13014],[16.23774,48.12969],[16.23475,48.12898],[16.2291,48.12688],[16.22455,48.12465],[16.22089,48.12377],[16.21597,48.12532],[16.2154,48.1265],[16.21863,48.12816],[16.22652,48.1297],[16.23123,48.13145],[16.23829,48.13245],[16.23847,48.13427],[16.23639,48.13467],[16.23764,48.13581],[16.23692,48.13639],[16.23139,48.13608],[16.22406,48.13515],[16.22153,48.13518],[16.22076,48.13637],[16.2199,48.13923],[16.21841,48.14062],[16.21604,48.14174],[16.21339,48.14529],[16.21038,48.14851],[16.21102,48.1501],[16.21931,48.15262],[16.21973,48.15339],[16.22394,48.15241],[16.22384,48.1536],[16.21809,48.15471],[16.2048,48.15619],[16.19882,48.15564],[16.19714,48.15806],[16.19707,48.16092],[16.19667,48.16323],[16.19563,48.16483],[16.19359,48.16636],[16.18478,48.17052],[16.1844,48.17159],[16.17706,48.17083],[16.16675,48.1708],[16.1563,48.1702],[16.15474,48.16961],[16.15509,48.16802],[16.15734,48.16519],[16.15777,48.16382],[16.15671,48.16135],[16.14834,48.15517],[16.14536,48.15249],[16.14018,48.15119],[16.13159,48.14865],[16.12808,48.14681],[16.12723,48.14608],[16.12672,48.14432],[16.12483,48.14175],[16.12417,48.13989],[16.12198,48.1379],[16.12034,48.13684],[16.11731,48.13542],[16.11557,48.13214],[16.11382,48.1315],[16.11147,48.1322],[16.10772,48.13289],[16.10684,48.13472],[16.10477,48.13544],[16.10035,48.13947],[16.09716,48.14142],[16.09425,48.14215],[16.09256,48.14202],[16.0884,48.14046],[16.0876,48.13893],[16.08419,48.1377],[16.08254,48.13593],[16.08149,48.13351],[16.08136,48.13103],[16.08003,48.12991],[16.07911,48.13071],[16.07554,48.13163],[16.07408,48.13234],[16.07,48.13299],[16.06618,48.13239],[16.06453,48.13248],[16.06053,48.1316],[16.05458,48.13235],[16.0506,48.13406],[16.04985,48.13519],[16.04991,48.13734],[16.04803,48.13941],[16.04579,48.1392],[16.04281,48.13974],[16.04019,48.13972],[16.0372,48.13826],[16.03595,48.137],[16.03357,48.13908],[16.03214,48.14092],[16.03015,48.14126],[16.02359,48.13982],[16.01847,48.1379],[16.01609,48.13783],[16.01028,48.13892],[16.00795,48.13855],[16.00659,48.13918],[16.00429,48.13927],[16.00124,48.14024],[15.9974,48.14288],[15.99603,48.14441],[15.99292,48.14606],[15.99057,48.1442],[15.98829,48.1414],[15.98771,48.1395],[15.98248,48.13651],[15.9803,48.13452],[15.9777,48.1328],[15.97549,48.13267],[15.97178,48.13124],[15.96955,48.13177],[15.9664,48.13089],[15.96261,48.12853],[15.96096,48.12626],[15.95859,48.12356],[15.95302,48.12145],[15.95056,48.11907],[15.94844,48.11748],[15.93655,48.11524],[15.93356,48.11373],[15.93001,48.10866],[15.92477,48.10619],[15.91416,48.10681],[15.91368,48.10544],[15.9118,48.10401],[15.91307,48.10048],[15.91892,48.09714],[15.92037,48.09493],[15.92185,48.09333],[15.92199,48.09113],[15.92076,48.08978],[15.91676,48.08696],[15.91375,48.08583],[15.90684,48.08383],[15.90521,48.08291],[15.90339,48.08249],[15.89485,48.08183],[15.89142,48.08109],[15.88696,48.0795],[15.88187,48.07823],[15.87552,48.07712],[15.87603,48.07463],[15.87782,48.0723],[15.87977,48.07093],[15.87904,48.06622],[15.8797,48.06316],[15.88078,48.06039],[15.88155,48.05935],[15.88198,48.05723],[15.88174,48.05631],[15.88435,48.05488],[15.89279,48.05289],[15.8982,48.05068],[15.90541,48.05055],[15.90732,48.05138],[15.91117,48.05413],[15.91397,48.05511],[15.91791,48.05554],[15.9198,48.05553],[15.92962,48.05037],[15.93093,48.04872],[15.93222,48.04804],[15.93728,48.04689],[15.93552,48.04252],[15.93379,48.03633],[15.93457,48.03527],[15.93474,48.02919],[15.93544,48.02754],[15.93948,48.02647],[15.94108,48.02558],[15.94171,48.02345],[15.94275,48.02288],[15.94767,48.02298],[15.94988,48.02251],[15.94697,48.02036],[15.94261,48.0187],[15.9371,48.01784],[15.93628,48.01754],[15.93484,48.01587],[15.93399,48.01267],[15.93303,48.01031],[15.93465,48.00854],[15.93677,48.00698],[15.93843,48.00377],[15.94842,48.00071],[15.94788,47.99892],[15.94387,47.99794],[15.93837,47.99584],[15.93641,47.99538],[15.93183,47.99536],[15.92772,47.99468],[15.92147,47.9942],[15.91903,47.99386],[15.91405,47.99366],[15.90884,47.99319],[15.90673,47.99336],[15.90392,47.99416],[15.89995,47.99585],[15.89616,47.99668],[15.89141,47.99836],[15.88774,48.00035],[15.88456,48.00142],[15.8808,48.00138],[15.87457,48.00045],[15.87231,47.99952],[15.86848,47.99725],[15.86744,47.99372],[15.86761,47.99259],[15.87318,47.98184],[15.87402,47.97951],[15.87369,47.97719],[15.87309,47.97607],[15.86865,47.97295],[15.86725,47.97117],[15.86711,47.96855],[15.86775,47.96605],[15.87099,47.96138],[15.86926,47.95693],[15.86792,47.9526],[15.86643,47.95112],[15.86476,47.95013],[15.86037,47.94992],[15.8537,47.94753],[15.84837,47.94532],[15.8441,47.94433],[15.84235,47.94434],[15.83738,47.94523],[15.83408,47.94523],[15.82657,47.94369],[15.824,47.94207],[15.81935,47.93809],[15.81563,47.93644],[15.81251,47.93617],[15.80657,47.93621],[15.80033,47.93583],[15.79915,47.9356],[15.78971,47.93567],[15.78785,47.93509],[15.78284,47.93268],[15.77873,47.93134],[15.77435,47.93161],[15.76989,47.93319],[15.76337,47.93341],[15.75899,47.93373],[15.75684,47.93327],[15.75517,47.93245],[15.75202,47.93003],[15.74826,47.92589],[15.74159,47.92429],[15.74149,47.92254],[15.7408,47.92136],[15.73823,47.91929],[15.7353,47.91806],[15.7219,47.9141],[15.71614,47.91336],[15.71438,47.9123],[15.71397,47.91087],[15.71372,47.90689],[15.70615,47.90164],[15.69971,47.90025],[15.69744,47.89866],[15.6947,47.89713],[15.69323,47.89595],[15.69174,47.89387],[15.6914,47.89078],[15.69011,47.88865],[15.68804,47.88646],[15.68614,47.88549],[15.67868,47.88514],[15.67635,47.88599],[15.6755,47.88766],[15.67561,47.88885],[15.67848,47.8924],[15.67922,47.89662],[15.67914,47.89788],[15.67799,47.89985],[15.67519,47.90123],[15.67238,47.90208],[15.66849,47.90228],[15.66585,47.9017],[15.66409,47.90088],[15.66173,47.89893],[15.66064,47.89757],[15.65973,47.89507],[15.65921,47.89216],[15.65694,47.89015],[15.64998,47.88614],[15.64638,47.88563],[15.64481,47.88492],[15.641,47.88519],[15.63917,47.88447],[15.63846,47.88326],[15.63965,47.8828],[15.64146,47.88119],[15.6385,47.87811],[15.63507,47.87641],[15.63292,47.8757],[15.62639,47.87479],[15.62463,47.87408],[15.62443,47.87313],[15.62496,47.8692],[15.6253,47.86462],[15.62459,47.86224],[15.623,47.85939],[15.62395,47.8579],[15.62829,47.85466],[15.62825,47.85097],[15.62774,47.84967],[15.62578,47.84849],[15.62364,47.84814],[15.62139,47.84708],[15.61902,47.84353],[15.61676,47.84163],[15.61655,47.84056],[15.6177,47.83955],[15.62234,47.83726],[15.62359,47.83571],[15.62501,47.83231],[15.62634,47.83004],[15.62768,47.82854],[15.63251,47.8256],[15.63139,47.82138],[15.63116,47.81829],[15.63133,47.81686],[15.62957,47.81544],[15.61942,47.81258],[15.61795,47.81122],[15.61779,47.80616],[15.61631,47.80379],[15.61445,47.80267],[15.61103,47.80114],[15.60635,47.79968],[15.60275,47.79922],[15.60206,47.79875],[15.60135,47.79601],[15.60259,47.79386],[15.61178,47.78239],[15.61409,47.78071],[15.61951,47.77896],[15.62046,47.7774],[15.62025,47.77568],[15.61856,47.77245],[15.6176,47.76647],[15.61395,47.76054],[15.60898,47.75948],[15.60972,47.75532],[15.61192,47.7524],[15.61122,47.75085],[15.61198,47.75002],[15.61166,47.74728],[15.61262,47.7462],[15.61592,47.74589],[15.61678,47.74499],[15.6183,47.74219],[15.62011,47.73986],[15.61999,47.73777],[15.62153,47.73634],[15.62439,47.73239],[15.62766,47.73006],[15.62843,47.72916],[15.63127,47.72373],[15.63381,47.72112],[15.63472,47.71954],[15.6361,47.71538],[15.64536,47.71725],[15.6489,47.71765],[15.65244,47.71748],[15.65728,47.71448],[15.65979,47.71247],[15.66618,47.71039],[15.67188,47.70913],[15.6729,47.70854],[15.67396,47.70664],[15.67441,47.70426],[15.67419,47.70247],[15.67505,47.70092],[15.67745,47.69972],[15.68007,47.6997],[15.68361,47.70125],[15.68666,47.70317],[15.69121,47.70451],[15.69294,47.70694],[15.69484,47.7108],[15.69678,47.71196],[15.70258,47.71226],[15.70504,47.71261],[15.70991,47.71183],[15.71495,47.71157],[15.71736,47.71101],[15.71929,47.70981],[15.71976,47.70874],[15.71943,47.70642],[15.71686,47.70293],[15.71556,47.6999],[15.71552,47.69686],[15.71608,47.69531],[15.71897,47.69231],[15.72087,47.68926],[15.72114,47.68756],[15.72026,47.68397],[15.72029,47.68245],[15.72322,47.6756],[15.72382,47.67324],[15.72852,47.66232],[15.72906,47.65964],[15.72892,47.65696],[15.72852,47.65542],[15.72584,47.65139],[15.72569,47.64704],[15.72655,47.64638],[15.73573,47.6449],[15.74055,47.6432],[15.74353,47.64175],[15.74582,47.63954],[15.7456,47.63769],[15.74117,47.63329],[15.74503,47.63139],[15.74793,47.63137],[15.76027,47.63385],[15.76438,47.63525],[15.76946,47.63831],[15.7723,47.63979],[15.7755,47.64068],[15.77999,47.64225],[15.78253,47.63905],[15.78973,47.63982],[15.79724,47.63609],[15.80363,47.63564],[15.80646,47.63513],[15.82201,47.63767],[15.8268,47.63534],[15.82935,47.63222],[15.82932,47.63112],[15.83225,47.62599],[15.8349,47.62179],[15.84156,47.61788],[15.84567,47.61783],[15.84693,47.61805],[15.85764,47.6208],[15.86045,47.62018],[15.86161,47.61849],[15.86156,47.61553],[15.86005,47.60967],[15.85769,47.60554],[15.85572,47.60274],[15.85263,47.59966],[15.8492,47.59782],[15.84933,47.59254],[15.84871,47.59031],[15.84614,47.58701],[15.84588,47.58469],[15.84693,47.58113],[15.84678,47.57649],[15.8479,47.57238],[15.84763,47.56943],[15.84791,47.56847]]]},"properties":{"idApp":926008,"aopId":"thermenregion","name":"Thermenregion","nameJa":"テルメンレギオン","kind":"regional","tags":["dac"],"rank":0},"bbox":[15.60135,47.42134,16.55852,48.17159]},{"type":"Feature","geometry":{"type":"Polygon","coordinates":[[[15.308,46.65244],[15.3079,46.65411],[15.30871,46.65628],[15.31073,46.65848],[15.3128,46.65943],[15.31503,46.65967],[15.31692,46.66151],[15.31681,46.66354],[15.31716,46.66596],[15.31528,46.66803],[15.31669,46.66974],[15.31645,46.67039],[15.31287,46.67112],[15.30917,46.67415],[15.30693,46.67492],[15.3056,46.67645],[15.30591,46.67717],[15.31458,46.68339],[15.31507,46.68419],[15.31454,46.68594],[15.31485,46.68735],[15.31766,46.68779],[15.32014,46.68853],[15.32162,46.68989],[15.32144,46.69076],[15.31962,46.69145],[15.32365,46.69569],[15.32372,46.69729],[15.32275,46.69931],[15.32282,46.70046],[15.32491,46.70396],[15.32711,46.7054],[15.33102,46.7063],[15.3343,46.70568],[15.33619,46.70647],[15.33669,46.70792],[15.33554,46.70994],[15.33642,46.71376],[15.33594,46.71487],[15.33262,46.71903],[15.32978,46.72399],[15.32931,46.7267],[15.33175,46.72753],[15.33486,46.72733],[15.33663,46.72786],[15.33799,46.7304],[15.33782,46.73366],[15.33741,46.73548],[15.33554,46.73823],[15.33233,46.74133],[15.33215,46.74255],[15.33417,46.74368],[15.33601,46.74766],[15.34439,46.75016],[15.34702,46.75078],[15.35113,46.7508],[15.35272,46.75105],[15.35654,46.75312],[15.35734,46.75397],[15.35626,46.75539],[15.35429,46.76036],[15.35612,46.76173],[15.3526,46.76387],[15.35053,46.76392],[15.34821,46.76335],[15.34736,46.76381],[15.3481,46.76492],[15.34786,46.76598],[15.34677,46.76637],[15.34329,46.76596],[15.3408,46.76673],[15.33832,46.76944],[15.33839,46.77089],[15.34458,46.77531],[15.34652,46.77766],[15.34671,46.77842],[15.34563,46.78079],[15.34808,46.78371],[15.34653,46.78859],[15.34916,46.78946],[15.35185,46.79094],[15.35705,46.79309],[15.35949,46.79384],[15.36266,46.79364],[15.3648,46.7939],[15.36547,46.79443],[15.36751,46.79827],[15.36995,46.7991],[15.37496,46.79966],[15.3841,46.80163],[15.38685,46.80322],[15.38882,46.80614],[15.39195,46.80781],[15.39557,46.81345],[15.39758,46.81511],[15.39864,46.81746],[15.39956,46.81849],[15.4014,46.81947],[15.40781,46.82082],[15.40894,46.82215],[15.40755,46.82269],[15.40351,46.82148],[15.40218,46.82229],[15.40177,46.82412],[15.40226,46.82491],[15.40465,46.82597],[15.40716,46.82756],[15.40956,46.83003],[15.41243,46.83028],[15.41336,46.83268],[15.41343,46.83401],[15.41284,46.83615],[15.41389,46.83913],[15.41549,46.84057],[15.41764,46.84182],[15.42073,46.84278],[15.42455,46.84359],[15.42653,46.84754],[15.42838,46.8489],[15.42906,46.85062],[15.42785,46.85264],[15.42507,46.85463],[15.42422,46.85592],[15.42357,46.85805],[15.42347,46.86072],[15.42458,46.86243],[15.42928,46.86287],[15.42935,46.86332],[15.42606,46.86478],[15.42377,46.86819],[15.42165,46.87056],[15.41948,46.8735],[15.41711,46.87545],[15.4145,46.87679],[15.4128,46.87844],[15.41271,46.88024],[15.41528,46.88],[15.41905,46.87846],[15.42229,46.87864],[15.42249,46.87997],[15.42177,46.88158],[15.42172,46.88318],[15.42106,46.88539],[15.42186,46.8858],[15.42405,46.88412],[15.42663,46.87832],[15.42748,46.87729],[15.42883,46.87778],[15.42802,46.88075],[15.4277,46.8819],[15.42815,46.88433],[15.42578,46.88659],[15.42414,46.88747],[15.42047,46.88768],[15.41563,46.88682],[15.41448,46.88716],[15.41431,46.8901],[15.4157,46.89338],[15.42027,46.89291],[15.42211,46.89464],[15.42432,46.89486],[15.42566,46.89394],[15.42614,46.8924],[15.4256,46.8913],[15.42615,46.88978],[15.42738,46.89017],[15.42782,46.89265],[15.42976,46.89237],[15.43258,46.8933],[15.4341,46.89055],[15.43582,46.89093],[15.43561,46.89419],[15.441,46.89314],[15.44293,46.89362],[15.44406,46.895],[15.44503,46.89709],[15.44971,46.90183],[15.45002,46.90271],[15.44986,46.90507],[15.45042,46.90576],[15.45568,46.90814],[15.46199,46.91037],[15.46555,46.9118],[15.46774,46.91061],[15.4699,46.91088],[15.47578,46.91345],[15.47856,46.91348],[15.4812,46.91256],[15.48115,46.90975],[15.48241,46.90929],[15.48426,46.91068],[15.48569,46.91064],[15.48485,46.91417],[15.48631,46.91623],[15.4879,46.91714],[15.4987,46.92042],[15.50068,46.92204],[15.50256,46.92483],[15.50504,46.93012],[15.50555,46.9326],[15.50411,46.93809],[15.50316,46.94764],[15.4975,46.95783],[15.49473,46.96201],[15.48744,46.96977],[15.48244,46.97719],[15.4774,46.98547],[15.46665,46.99946],[15.46051,47.01252],[15.46159,47.01204],[15.46469,47.01319],[15.46882,47.01364],[15.47339,47.01532],[15.47996,47.01721],[15.48456,47.01926],[15.48877,47.02047],[15.48746,47.02131],[15.48901,47.02191],[15.48849,47.02267],[15.48631,47.02168],[15.4829,47.02553],[15.48666,47.02645],[15.4846,47.03084],[15.49342,47.03389],[15.49816,47.03632],[15.49788,47.03783],[15.49949,47.04018],[15.50341,47.04121],[15.49881,47.04734],[15.49811,47.04911],[15.49795,47.05254],[15.50016,47.05431],[15.50151,47.05695],[15.50339,47.05889],[15.50575,47.06223],[15.50685,47.06598],[15.50813,47.06796],[15.50815,47.07003],[15.50697,47.07402],[15.50595,47.07674],[15.50624,47.07855],[15.5108,47.08201],[15.51188,47.0837],[15.51301,47.09035],[15.51835,47.09202],[15.52056,47.09308],[15.52552,47.0969],[15.52713,47.09735],[15.53079,47.09733],[15.53363,47.09842],[15.5327,47.09975],[15.5277,47.10228],[15.52635,47.10341],[15.52597,47.10523],[15.53022,47.10716],[15.53031,47.1107],[15.52013,47.10749],[15.51363,47.10678],[15.50947,47.10737],[15.51176,47.10951],[15.51325,47.11182],[15.51447,47.11438],[15.51568,47.1157],[15.51958,47.1189],[15.51986,47.12014],[15.51855,47.12337],[15.51592,47.12628],[15.51181,47.12894],[15.50993,47.12919],[15.49915,47.12858],[15.49535,47.12452],[15.49221,47.12713],[15.49114,47.12721],[15.48383,47.12948],[15.48223,47.12948],[15.47996,47.1285],[15.47835,47.12694],[15.47715,47.12694],[15.46823,47.12847],[15.46505,47.13055],[15.46239,47.13089],[15.45959,47.13049],[15.4423,47.12702],[15.43691,47.1276],[15.42678,47.12812],[15.41885,47.12775],[15.41732,47.128],[15.41077,47.13319],[15.40891,47.13382],[15.40437,47.13359],[15.4008,47.1349],[15.39583,47.13217],[15.39714,47.12869],[15.39785,47.12543],[15.3973,47.12299],[15.39567,47.11994],[15.39191,47.11511],[15.39044,47.11454],[15.38231,47.11407],[15.38145,47.11469],[15.37813,47.12117],[15.37783,47.12126],[15.37234,47.11937],[15.36615,47.11949],[15.35849,47.12025],[15.35177,47.12107],[15.34896,47.1222],[15.34154,47.12743],[15.33678,47.12936],[15.33371,47.1299],[15.32862,47.12972],[15.32669,47.13018],[15.32498,47.13187],[15.32449,47.133],[15.32489,47.13526],[15.32849,47.14007],[15.32842,47.14256],[15.32793,47.14474],[15.32555,47.14941],[15.3184,47.15671],[15.31686,47.15873],[15.31836,47.16407],[15.32084,47.16838],[15.3207,47.17266],[15.32006,47.17498],[15.32191,47.17578],[15.32628,47.17665],[15.33013,47.1791],[15.33523,47.18502],[15.33526,47.18708],[15.33602,47.18817],[15.34582,47.19129],[15.34597,47.19332],[15.34432,47.19699],[15.34418,47.20041],[15.34252,47.20196],[15.33864,47.20361],[15.33733,47.2051],[15.33651,47.20758],[15.33905,47.21283],[15.33634,47.21627],[15.33549,47.21856],[15.33781,47.22172],[15.34159,47.22488],[15.34062,47.22637],[15.34267,47.22764],[15.34584,47.22773],[15.34812,47.22885],[15.35327,47.22887],[15.35961,47.22973],[15.36113,47.23108],[15.36161,47.2323],[15.36093,47.23283],[15.36093,47.23675],[15.36391,47.24443],[15.36174,47.24565],[15.35995,47.24745],[15.35728,47.24841],[15.35627,47.25013],[15.35323,47.25156],[15.3523,47.25312],[15.36242,47.26023],[15.36093,47.26323],[15.36192,47.26538],[15.36269,47.26595],[15.36604,47.26604],[15.36769,47.26508],[15.37012,47.26487],[15.37318,47.26258],[15.37836,47.26001],[15.38066,47.25991],[15.38347,47.26157],[15.38854,47.25983],[15.38876,47.2607],[15.39269,47.26157],[15.39357,47.2613],[15.3948,47.25951],[15.39711,47.25802],[15.39803,47.25928],[15.40028,47.26095],[15.40443,47.26134],[15.40701,47.26084],[15.40825,47.26669],[15.407,47.26754],[15.41096,47.27573],[15.40824,47.28096],[15.4095,47.28298],[15.40765,47.28419],[15.41419,47.28459],[15.4129,47.28573],[15.40768,47.29975],[15.40691,47.30135],[15.40029,47.30434],[15.39843,47.30638],[15.39791,47.31025],[15.39625,47.31184],[15.39233,47.30745],[15.38407,47.31154],[15.37602,47.313],[15.37141,47.31768],[15.36956,47.3192],[15.36618,47.31842],[15.35359,47.3177],[15.34047,47.31256],[15.3368,47.31291],[15.3296,47.3172],[15.32584,47.31927],[15.32375,47.31885],[15.32036,47.32089],[15.31789,47.32283],[15.31681,47.32584],[15.31349,47.32911],[15.3081,47.33246],[15.30596,47.33354],[15.30305,47.33461],[15.29734,47.33603],[15.2898,47.33898],[15.28388,47.3424],[15.28119,47.34307],[15.27687,47.34348],[15.27309,47.34316],[15.2705,47.34263],[15.26639,47.34077],[15.26477,47.34038],[15.26088,47.34058],[15.2584,47.34126],[15.25322,47.34194],[15.24621,47.34202],[15.24301,47.34332],[15.23941,47.3415],[15.23076,47.33748],[15.23191,47.3347],[15.2271,47.33476],[15.22337,47.33418],[15.22369,47.33237],[15.22236,47.3313],[15.21675,47.32962],[15.20948,47.32868],[15.20641,47.3279],[15.19739,47.32203],[15.19639,47.32096],[15.19631,47.31766],[15.19557,47.3156],[15.19276,47.31231],[15.19068,47.3105],[15.18961,47.30915],[15.19,47.30622],[15.18986,47.30475],[15.18832,47.30036],[15.18631,47.29872],[15.18058,47.29737],[15.1749,47.29243],[15.17243,47.29104],[15.16723,47.28878],[15.16156,47.2857],[15.15949,47.2843],[15.15302,47.28023],[15.1453,47.28061],[15.14276,47.27975],[15.13596,47.27683],[15.13423,47.2765],[15.12811,47.27655],[15.12657,47.27598],[15.12471,47.27429],[15.12016,47.26762],[15.11923,47.26655],[15.11523,47.26429],[15.10857,47.26356],[15.09765,47.2613],[15.09592,47.26031],[15.09018,47.25228],[15.08711,47.24743],[15.08284,47.24281],[15.07985,47.24084],[15.07565,47.23878],[15.07412,47.23903],[15.06643,47.24102],[15.06247,47.23245],[15.06094,47.2308],[15.05848,47.22948],[15.05049,47.22829],[15.04816,47.22693],[15.04904,47.22587],[15.05062,47.22055],[15.05077,47.21553],[15.05194,47.21272],[15.05095,47.21101],[15.04788,47.20981],[15.04562,47.20817],[15.04428,47.20502],[15.042,47.20351],[15.03573,47.20315],[15.03291,47.20253],[15.03059,47.20146],[15.02866,47.19997],[15.02885,47.1961],[15.02314,47.19536],[15.01841,47.19441],[15.0125,47.19293],[15.00837,47.19417],[15.00571,47.19392],[15.00049,47.19092],[14.99674,47.19067],[14.995,47.19021],[14.9936,47.18933],[14.98867,47.18302],[14.98543,47.18035],[14.98215,47.17629],[14.97599,47.17134],[14.97445,47.17058],[14.97188,47.17042],[14.96742,47.16853],[14.96303,47.16389],[14.95892,47.16184],[14.95762,47.16047],[14.95802,47.15896],[14.95545,47.15788],[14.95336,47.15516],[14.94775,47.15467],[14.94585,47.15389],[14.94406,47.1511],[14.94436,47.14874],[14.94381,47.14677],[14.94163,47.14469],[14.94108,47.14259],[14.94418,47.13522],[14.94508,47.13269],[14.9443,47.13029],[14.94268,47.1293],[14.93802,47.12781],[14.93364,47.12509],[14.9308,47.12263],[14.92993,47.12128],[14.93009,47.11812],[14.93067,47.11477],[14.92707,47.11629],[14.92463,47.11588],[14.91947,47.11146],[14.91839,47.10919],[14.91756,47.10851],[14.91889,47.10106],[14.92015,47.09912],[14.92036,47.0976],[14.91976,47.0929],[14.91906,47.09082],[14.91738,47.08848],[14.91885,47.08675],[14.91921,47.08491],[14.91739,47.08226],[14.91607,47.07661],[14.91541,47.07488],[14.91309,47.07356],[14.90911,47.07368],[14.90413,47.07487],[14.90101,47.07627],[14.89862,47.07771],[14.89172,47.08269],[14.8836,47.08487],[14.88261,47.08413],[14.8799,47.07901],[14.87937,47.07835],[14.87566,47.07575],[14.87387,47.07225],[14.87254,47.07014],[14.86679,47.06569],[14.86606,47.06408],[14.86562,47.0579],[14.86429,47.05609],[14.86118,47.05538],[14.85905,47.05554],[14.85481,47.05628],[14.85182,47.05632],[14.85149,47.05574],[14.85668,47.05353],[14.85837,47.05264],[14.86056,47.05199],[14.86151,47.0502],[14.86126,47.04663],[14.86147,47.0451],[14.8558,47.0456],[14.85142,47.04571],[14.84802,47.0469],[14.84521,47.04839],[14.84206,47.04861],[14.84213,47.04751],[14.84029,47.04445],[14.84016,47.04047],[14.8408,47.03923],[14.84509,47.03472],[14.85603,47.02609],[14.85639,47.02529],[14.86546,47.02455],[14.86985,47.02311],[14.87292,47.02261],[14.88184,47.01618],[14.88639,47.0113],[14.88689,47.00984],[14.8882,47.00889],[14.8928,47.0075],[14.90441,47.0001],[14.90725,46.99872],[14.91082,46.99835],[14.91622,46.99813],[14.91851,46.99773],[14.92694,46.99529],[14.93112,46.99446],[14.94024,46.99291],[14.94384,46.99277],[14.94996,46.99309],[14.95314,46.99208],[14.95907,46.98882],[14.96183,46.98673],[14.96202,46.98434],[14.96292,46.98337],[14.96604,46.98203],[14.96706,46.98098],[14.96759,46.97761],[14.96849,46.97676],[14.97113,46.97316],[14.9733,46.9686],[14.97612,46.96663],[14.97888,46.96376],[14.97939,46.96189],[14.97956,46.95783],[14.98262,46.9555],[14.98472,46.95361],[14.98796,46.9492],[14.98952,46.94453],[14.99027,46.94348],[14.9927,46.94182],[14.99345,46.94081],[14.99309,46.93979],[14.99165,46.93874],[14.99195,46.93799],[14.99818,46.93307],[14.99716,46.93121],[14.99797,46.93085],[14.99998,46.93142],[15.00246,46.93089],[15.00353,46.92967],[15.00667,46.92757],[15.00973,46.9252],[15.01509,46.92229],[15.01875,46.92012],[15.01995,46.9162],[15.02354,46.91324],[15.02594,46.91067],[15.02732,46.90719],[15.0263,46.90502],[15.02348,46.90305],[15.0231,46.89885],[15.02208,46.89631],[15.01914,46.89246],[15.01705,46.88702],[15.01657,46.88482],[15.01292,46.88232],[15.00747,46.87955],[15.00639,46.87765],[15.00639,46.87518],[15.00824,46.87301],[15.0086,46.87044],[15.00675,46.86299],[15.00663,46.86123],[15.00717,46.8575],[15.00795,46.85559],[15.00944,46.85301],[15.01752,46.84444],[15.01497,46.84009],[15.01466,46.83788],[15.01478,46.83594],[15.01403,46.83405],[15.01298,46.83291],[15.0116,46.83228],[15.00485,46.83092],[15.00075,46.82928],[14.99803,46.82859],[14.99565,46.82742],[14.99289,46.82425],[14.99026,46.82193],[14.98978,46.81726],[14.98691,46.81018],[14.98326,46.80846],[14.98057,46.80651],[14.97913,46.80308],[14.97818,46.7993],[14.97746,46.79491],[14.97926,46.79323],[14.97932,46.79106],[14.9786,46.78938],[14.97609,46.78531],[14.97896,46.78378],[14.98207,46.78284],[14.98847,46.78202],[14.99511,46.78191],[14.99828,46.77933],[15.00652,46.77648],[15.01518,46.7739],[15.01812,46.7733],[15.02589,46.77248],[15.02656,46.77088],[15.02901,46.77],[15.02966,46.76851],[15.02949,46.76592],[15.02884,46.76443],[15.02665,46.76171],[15.0262,46.76058],[15.02688,46.75737],[15.02809,46.75583],[15.0311,46.75347],[15.03204,46.75193],[15.0328,46.74879],[15.03162,46.74712],[15.03175,46.74491],[15.0354,46.73966],[15.03774,46.73759],[15.04169,46.73564],[15.0436,46.73377],[15.04354,46.73258],[15.04043,46.73209],[15.0384,46.73123],[15.036,46.7278],[15.03648,46.72694],[15.04102,46.72398],[15.04287,46.72252],[15.04329,46.72113],[15.04287,46.71975],[15.04448,46.7156],[15.0446,46.71478],[15.04262,46.71224],[15.03796,46.71],[15.03664,46.70839],[15.03569,46.70619],[15.03473,46.70223],[15.03479,46.69931],[15.03443,46.69732],[15.03431,46.69429],[15.03263,46.69044],[15.03227,46.68805],[15.03042,46.683],[15.03,46.67869],[15.02934,46.67794],[15.02504,46.676],[15.02349,46.67387],[15.02164,46.6723],[15.02497,46.66931],[15.02995,46.66754],[15.03474,46.66613],[15.03854,46.66683],[15.04176,46.66675],[15.04333,46.66758],[15.04422,46.66898],[15.04913,46.66996],[15.05039,46.66879],[15.05042,46.6674],[15.05119,46.66553],[15.05552,46.66191],[15.06228,46.66009],[15.06393,46.65752],[15.06512,46.65211],[15.07064,46.6499],[15.07263,46.65013],[15.0748,46.64977],[15.0824,46.64514],[15.08442,46.6471],[15.0851,46.64831],[15.08904,46.6514],[15.08792,46.65199],[15.09256,46.65294],[15.09744,46.65289],[15.09884,46.65343],[15.10039,46.65605],[15.10278,46.65676],[15.10645,46.6585],[15.10723,46.65957],[15.11063,46.65967],[15.11326,46.6581],[15.11617,46.65698],[15.11496,46.65632],[15.11575,46.65507],[15.11874,46.65433],[15.12082,46.65566],[15.12158,46.65434],[15.12468,46.65403],[15.12573,46.65319],[15.12655,46.65166],[15.12638,46.65086],[15.12872,46.65002],[15.13114,46.65056],[15.13207,46.65165],[15.13203,46.65313],[15.13322,46.65389],[15.13404,46.65654],[15.13785,46.65777],[15.14019,46.65638],[15.14221,46.65717],[15.1432,46.65941],[15.14534,46.65984],[15.14814,46.65925],[15.15032,46.65832],[15.15235,46.65833],[15.15396,46.65712],[15.15478,46.65595],[15.15609,46.65584],[15.15856,46.65632],[15.16236,46.65778],[15.16454,46.6573],[15.1657,46.65508],[15.1667,46.65417],[15.16937,46.65384],[15.17167,46.65432],[15.1732,46.65421],[15.17467,46.65555],[15.17762,46.65531],[15.18113,46.65627],[15.18226,46.65614],[15.1864,46.65361],[15.18934,46.65278],[15.19163,46.65072],[15.19192,46.64861],[15.19374,46.64784],[15.19511,46.64675],[15.19735,46.64574],[15.19922,46.64567],[15.20168,46.64495],[15.2036,46.64542],[15.20642,46.64512],[15.20903,46.64394],[15.21273,46.64361],[15.21372,46.6438],[15.2163,46.6432],[15.21812,46.6422],[15.22429,46.64344],[15.2306,46.64154],[15.2359,46.63939],[15.24134,46.64007],[15.24399,46.64177],[15.24739,46.64171],[15.24893,46.64206],[15.25347,46.6421],[15.25898,46.64399],[15.26252,46.64472],[15.26457,46.64447],[15.26695,46.64476],[15.27038,46.64392],[15.27295,46.64418],[15.27737,46.64362],[15.27965,46.64467],[15.28223,46.64522],[15.28408,46.64795],[15.28749,46.64897],[15.28855,46.64901],[15.29146,46.65049],[15.29401,46.65249],[15.29627,46.65256],[15.30158,46.65325],[15.30592,46.65297],[15.308,46.65244]]]},"properties":{"idApp":926017,"aopId":"weststeiermark","name":"Weststeiermark","nameJa":"ヴェストシュタイヤーマルク","kind":"regional","tags":["dac"],"rank":0},"bbox":[14.84016,46.63939,15.53363,47.34348]},{"type":"Feature","geometry":{"type":"Polygon","coordinates":[[[15.99624,46.8354],[15.9974,46.83483],[15.99943,46.83277],[16.00148,46.83153],[16.0046,46.83134],[16.00766,46.83064],[16.00993,46.8329],[16.01078,46.83428],[16.01352,46.83589],[16.01832,46.83634],[16.02029,46.83742],[16.02064,46.83826],[16.02328,46.83864],[16.02425,46.84],[16.02698,46.84012],[16.0281,46.84091],[16.02945,46.84031],[16.03137,46.8386],[16.03266,46.83631],[16.0338,46.8355],[16.03223,46.83487],[16.03238,46.8327],[16.03533,46.83408],[16.0384,46.83597],[16.03992,46.83612],[16.04002,46.8377],[16.04076,46.83964],[16.04296,46.84077],[16.04449,46.84037],[16.04503,46.83915],[16.04825,46.83901],[16.04938,46.83808],[16.05088,46.83764],[16.05463,46.84055],[16.05839,46.83867],[16.05988,46.83994],[16.06019,46.84107],[16.06137,46.84256],[16.06378,46.8446],[16.06595,46.84606],[16.06618,46.84816],[16.06572,46.84989],[16.0678,46.85012],[16.06993,46.85118],[16.07145,46.85308],[16.07477,46.85276],[16.07618,46.85323],[16.0789,46.85262],[16.08085,46.85417],[16.0823,46.85602],[16.08389,46.85619],[16.08781,46.85938],[16.08814,46.8605],[16.09014,46.86369],[16.09193,46.86458],[16.09425,46.86462],[16.09617,46.864],[16.0978,46.86083],[16.10002,46.86076],[16.1008,46.86246],[16.10341,46.86398],[16.10682,46.86528],[16.10769,46.86677],[16.11027,46.86882],[16.11219,46.8693],[16.11385,46.86907],[16.11549,46.8703],[16.11743,46.87077],[16.11872,46.87191],[16.12181,46.87257],[16.12397,46.87185],[16.12491,46.87329],[16.12655,46.87327],[16.1302,46.87515],[16.13283,46.87555],[16.13384,46.87638],[16.13402,46.87794],[16.13629,46.8797],[16.1365,46.88077],[16.13764,46.88203],[16.13793,46.8836],[16.13873,46.88515],[16.13995,46.88565],[16.14228,46.88504],[16.14519,46.88608],[16.14745,46.88863],[16.14849,46.89029],[16.14871,46.89306],[16.15397,46.89366],[16.15335,46.89639],[16.15583,46.8964],[16.15776,46.89682],[16.15877,46.90003],[16.16043,46.90198],[16.16207,46.90227],[16.16298,46.90488],[16.16581,46.90417],[16.16771,46.90319],[16.16873,46.90428],[16.17003,46.90343],[16.17137,46.90359],[16.17197,46.90465],[16.17425,46.90601],[16.1757,46.90544],[16.17922,46.90664],[16.17905,46.9074],[16.18016,46.90969],[16.18045,46.91245],[16.18163,46.91476],[16.18352,46.91734],[16.18393,46.91849],[16.18666,46.92074],[16.18669,46.92172],[16.18768,46.9223],[16.1886,46.92563],[16.18963,46.92674],[16.19052,46.93002],[16.19174,46.93025],[16.19322,46.93307],[16.19335,46.93564],[16.1953,46.93766],[16.19576,46.93897],[16.1975,46.93906],[16.19781,46.9404],[16.19894,46.94021],[16.19989,46.94179],[16.20592,46.94254],[16.20667,46.94145],[16.20716,46.93907],[16.20816,46.93892],[16.20937,46.9402],[16.21003,46.9425],[16.21222,46.94018],[16.21385,46.94066],[16.2159,46.93912],[16.21821,46.93998],[16.21818,46.93751],[16.21745,46.93611],[16.22204,46.93559],[16.22312,46.9379],[16.22273,46.93863],[16.22408,46.94022],[16.22643,46.94023],[16.22727,46.94149],[16.2291,46.94133],[16.22837,46.94316],[16.2321,46.94267],[16.23331,46.94369],[16.23391,46.94495],[16.23689,46.9457],[16.23752,46.94682],[16.23959,46.94723],[16.24146,46.94659],[16.24421,46.94612],[16.24565,46.94672],[16.24494,46.94864],[16.24653,46.94953],[16.24276,46.95599],[16.24963,46.96129],[16.25532,46.96421],[16.25658,46.96377],[16.25934,46.96421],[16.26479,46.96317],[16.26931,46.96119],[16.272,46.96236],[16.27436,46.96188],[16.2764,46.96267],[16.27741,46.96728],[16.27743,46.97059],[16.27689,46.97196],[16.27676,46.9739],[16.27713,46.97491],[16.27653,46.97617],[16.27649,46.97846],[16.27579,46.9812],[16.27579,46.98411],[16.27706,46.98776],[16.27843,46.98821],[16.28008,46.98996],[16.28346,46.9975],[16.28194,46.99893],[16.28188,47.00026],[16.28252,47.00181],[16.28269,47.00421],[16.28599,47.00888],[16.28714,47.01126],[16.28977,47.01378],[16.29258,47.01395],[16.29274,47.01312],[16.2949,47.01244],[16.29673,47.01037],[16.2986,47.00949],[16.29943,47.00839],[16.29874,47.00607],[16.29937,47.00501],[16.29844,47.00456],[16.29856,47.00138],[16.29985,47.00003],[16.30226,46.99843],[16.30445,46.99832],[16.30607,46.9989],[16.31078,46.99923],[16.3133,47.00018],[16.31586,47.00032],[16.31868,47.00102],[16.32247,47.00256],[16.32419,47.00239],[16.32761,47.00053],[16.33281,46.99934],[16.33434,46.99843],[16.33944,46.99668],[16.34152,46.99638],[16.34336,46.99668],[16.34411,46.99808],[16.34283,46.99903],[16.34502,47.00125],[16.34537,47.00217],[16.34384,47.00393],[16.34601,47.00629],[16.34777,47.00746],[16.34824,47.00957],[16.34983,47.01039],[16.35368,47.00801],[16.35563,47.00754],[16.35923,47.00583],[16.36066,47.00566],[16.36107,47.00662],[16.36249,47.00715],[16.36471,47.00732],[16.36726,47.00626],[16.36773,47.00423],[16.36991,47.00205],[16.37031,47.00094],[16.37249,46.99848],[16.37405,46.99862],[16.37591,46.99996],[16.37678,47.00011],[16.37967,46.99918],[16.38166,46.99928],[16.38308,46.99878],[16.38775,47.00118],[16.38956,47.00159],[16.39175,47.00294],[16.3952,47.00356],[16.39733,47.0034],[16.39991,47.00393],[16.40004,47.00332],[16.40426,47.00421],[16.40762,47.00395],[16.41078,47.00398],[16.41262,47.00473],[16.41704,47.00138],[16.41895,46.99712],[16.41986,46.99625],[16.42252,46.99478],[16.42449,46.99463],[16.42689,46.99321],[16.43235,46.99266],[16.43507,46.99338],[16.43916,46.99304],[16.4421,46.99338],[16.44549,46.9932],[16.44653,46.99617],[16.44699,46.99931],[16.44608,47.00254],[16.44778,47.00362],[16.44872,47.00323],[16.45129,47.00416],[16.45264,47.00315],[16.45627,47.00179],[16.45817,47.00139],[16.45858,47.0007],[16.46179,46.99983],[16.46163,46.99861],[16.46292,46.99742],[16.46451,46.99773],[16.46606,46.99745],[16.47075,46.99784],[16.47193,46.997],[16.47383,46.99738],[16.47423,46.99609],[16.4779,46.99507],[16.47884,46.99388],[16.48117,46.99497],[16.48216,46.9941],[16.48366,46.99425],[16.48678,46.99571],[16.48721,46.9972],[16.48874,46.99763],[16.48853,46.99879],[16.48963,46.99922],[16.48954,47.00037],[16.4917,46.99953],[16.4929,46.99993],[16.49369,46.99898],[16.497,46.99819],[16.5015,46.99931],[16.50347,47.00091],[16.50481,47.00147],[16.50683,47.00108],[16.50827,47.00126],[16.5097,47.0004],[16.51231,47.00142],[16.51235,47.00349],[16.50871,47.00344],[16.5051,47.0065],[16.50146,47.00814],[16.49654,47.01009],[16.49257,47.01013],[16.49101,47.01241],[16.48884,47.01333],[16.48847,47.01462],[16.48672,47.01521],[16.48641,47.01656],[16.48363,47.01804],[16.48382,47.01978],[16.48251,47.02092],[16.48218,47.02266],[16.47769,47.02132],[16.47509,47.02727],[16.47221,47.0283],[16.47049,47.02811],[16.46764,47.02967],[16.46619,47.03115],[16.46503,47.03047],[16.46363,47.03224],[16.45928,47.03059],[16.45327,47.02639],[16.45061,47.02488],[16.44778,47.02266],[16.4451,47.0254],[16.43888,47.0297],[16.44108,47.03197],[16.44406,47.03444],[16.44018,47.03589],[16.44169,47.03721],[16.44366,47.03822],[16.448,47.03954],[16.45125,47.04009],[16.45625,47.04026],[16.45853,47.04265],[16.46128,47.0433],[16.46525,47.04327],[16.4674,47.04297],[16.46868,47.04336],[16.4713,47.04501],[16.47291,47.04538],[16.47585,47.04683],[16.48411,47.04789],[16.48438,47.04696],[16.49361,47.04847],[16.49485,47.04916],[16.49777,47.04847],[16.50053,47.04996],[16.50092,47.05071],[16.50654,47.04963],[16.50968,47.0506],[16.51214,47.05178],[16.51424,47.05364],[16.51688,47.0549],[16.52057,47.05618],[16.5208,47.05709],[16.52047,47.06153],[16.51422,47.06407],[16.51005,47.06627],[16.50632,47.06746],[16.50307,47.06824],[16.50016,47.06969],[16.49833,47.07019],[16.49403,47.07057],[16.49205,47.07013],[16.49109,47.07051],[16.48703,47.06888],[16.48626,47.07036],[16.48467,47.07001],[16.48292,47.07256],[16.48246,47.07502],[16.47657,47.07411],[16.47478,47.0741],[16.4729,47.07355],[16.47219,47.07603],[16.47099,47.0769],[16.47084,47.07819],[16.47182,47.08102],[16.47353,47.08112],[16.47355,47.08193],[16.47472,47.08531],[16.47271,47.08713],[16.47128,47.08685],[16.46835,47.08826],[16.4685,47.08947],[16.46597,47.08929],[16.46647,47.09045],[16.46333,47.09496],[16.46635,47.09574],[16.46461,47.09894],[16.47262,47.10055],[16.47172,47.10205],[16.47476,47.1052],[16.47539,47.10473],[16.47767,47.10141],[16.48476,47.1026],[16.48287,47.10875],[16.50071,47.1102],[16.49987,47.12341],[16.50097,47.12363],[16.50949,47.12392],[16.51549,47.12469],[16.52205,47.12629],[16.52569,47.12662],[16.52933,47.12723],[16.52878,47.13731],[16.52656,47.13687],[16.52264,47.13999],[16.52208,47.14148],[16.5196,47.14586],[16.51677,47.14932],[16.50902,47.14955],[16.50328,47.14922],[16.49574,47.14922],[16.49046,47.14886],[16.48805,47.14852],[16.48534,47.14778],[16.47982,47.14587],[16.47685,47.14457],[16.4692,47.14282],[16.46755,47.1429],[16.46011,47.14196],[16.45902,47.14305],[16.4563,47.14244],[16.4543,47.14231],[16.4526,47.14523],[16.45125,47.1448],[16.44992,47.14543],[16.45029,47.14638],[16.44906,47.15187],[16.45078,47.15244],[16.45185,47.15345],[16.4519,47.15457],[16.45311,47.1577],[16.45823,47.15724],[16.4582,47.15827],[16.46061,47.15907],[16.46038,47.1613],[16.46227,47.16169],[16.46091,47.16353],[16.46116,47.16555],[16.46083,47.16749],[16.46434,47.16819],[16.46333,47.17093],[16.46226,47.17061],[16.45994,47.1749],[16.45931,47.17653],[16.45731,47.17676],[16.45612,47.18032],[16.45417,47.18355],[16.45354,47.18646],[16.45491,47.18736],[16.45332,47.18812],[16.45085,47.18746],[16.45074,47.18828],[16.44629,47.18723],[16.44311,47.18609],[16.44123,47.18515],[16.43321,47.18453],[16.43151,47.18484],[16.42927,47.18467],[16.4282,47.18503],[16.42611,47.18708],[16.4229,47.19151],[16.42038,47.19434],[16.41949,47.19492],[16.42124,47.19727],[16.41936,47.20091],[16.4183,47.20238],[16.41804,47.20462],[16.4169,47.20534],[16.41861,47.2089],[16.41894,47.21062],[16.42102,47.2107],[16.42227,47.20801],[16.42434,47.20782],[16.426,47.2091],[16.42846,47.21013],[16.43161,47.21026],[16.43659,47.20994],[16.4361,47.21182],[16.43529,47.21219],[16.435,47.21538],[16.43552,47.2164],[16.43758,47.21661],[16.43931,47.21788],[16.43668,47.22307],[16.43756,47.22304],[16.43817,47.22612],[16.43821,47.22999],[16.44121,47.2304],[16.4407,47.23175],[16.44139,47.23367],[16.44275,47.23374],[16.44234,47.23869],[16.44248,47.24078],[16.44129,47.24574],[16.44177,47.24859],[16.43048,47.25035],[16.43178,47.25294],[16.44238,47.25084],[16.44868,47.25046],[16.44657,47.25336],[16.45484,47.25368],[16.46107,47.25602],[16.46241,47.25522],[16.46573,47.25411],[16.4671,47.25287],[16.469,47.25518],[16.47371,47.25833],[16.47579,47.25911],[16.47786,47.26056],[16.47995,47.26256],[16.47829,47.26312],[16.47733,47.27229],[16.47812,47.27591],[16.47945,47.27799],[16.48369,47.27786],[16.48552,47.27886],[16.48942,47.28028],[16.48796,47.28181],[16.4875,47.28368],[16.48374,47.2876],[16.48373,47.28914],[16.48193,47.29145],[16.48266,47.29275],[16.48204,47.2943],[16.48177,47.29773],[16.47886,47.30149],[16.47543,47.30926],[16.47479,47.31214],[16.47024,47.31688],[16.46923,47.31867],[16.46938,47.3223],[16.46851,47.32522],[16.46761,47.32628],[16.4644,47.32895],[16.46337,47.33202],[16.46473,47.33305],[16.46301,47.3358],[16.46141,47.3366],[16.45895,47.33857],[16.45641,47.33927],[16.45049,47.3387],[16.44768,47.34],[16.44599,47.34242],[16.4457,47.34461],[16.44458,47.34641],[16.43896,47.3492],[16.43698,47.35084],[16.43376,47.35292],[16.43124,47.35226],[16.42872,47.35221],[16.42397,47.35079],[16.41972,47.34979],[16.41688,47.34866],[16.4136,47.34696],[16.4122,47.34703],[16.40778,47.34893],[16.40554,47.34886],[16.40304,47.34794],[16.39879,47.34678],[16.39306,47.346],[16.38846,47.34432],[16.3838,47.34316],[16.38208,47.34403],[16.37658,47.34567],[16.3735,47.34808],[16.37024,47.35018],[16.36906,47.35246],[16.36976,47.35388],[16.37239,47.35638],[16.37648,47.35786],[16.37675,47.35859],[16.37309,47.36096],[16.37155,47.36224],[16.37092,47.36362],[16.37004,47.36785],[16.37036,47.37075],[16.36957,47.37213],[16.36731,47.37453],[16.3658,47.37666],[16.36558,47.37793],[16.36673,47.38076],[16.36677,47.38239],[16.36558,47.38431],[16.36372,47.38607],[16.36184,47.3872],[16.35296,47.38952],[16.35067,47.3905],[16.35035,47.39316],[16.34963,47.39461],[16.34878,47.39491],[16.34598,47.39394],[16.34133,47.39184],[16.33983,47.39081],[16.337,47.3904],[16.33618,47.39062],[16.33419,47.39235],[16.33201,47.39341],[16.32986,47.39519],[16.32667,47.39678],[16.32457,47.39843],[16.32237,47.40072],[16.31927,47.40175],[16.31677,47.40323],[16.31424,47.40401],[16.3118,47.40555],[16.30959,47.40798],[16.30705,47.41178],[16.30389,47.41405],[16.30067,47.41483],[16.30233,47.4188],[16.30071,47.4211],[16.3,47.42323],[16.3006,47.42577],[16.30084,47.4282],[16.29895,47.4319],[16.29471,47.43658],[16.2921,47.44043],[16.29243,47.44271],[16.29312,47.44433],[16.29401,47.44834],[16.29511,47.45131],[16.295,47.45276],[16.29004,47.45357],[16.28634,47.45374],[16.28222,47.45417],[16.27984,47.45483],[16.27602,47.45537],[16.27448,47.45489],[16.27219,47.45594],[16.26942,47.45539],[16.26477,47.4523],[16.26212,47.45199],[16.25574,47.45088],[16.25415,47.44987],[16.2518,47.44641],[16.24715,47.44235],[16.24312,47.44124],[16.24215,47.44031],[16.24129,47.43709],[16.23684,47.43515],[16.23309,47.43284],[16.23056,47.43192],[16.22661,47.42908],[16.22273,47.42686],[16.2195,47.42632],[16.2125,47.42461],[16.20993,47.42427],[16.20577,47.42405],[16.20061,47.42263],[16.19778,47.42214],[16.19213,47.42173],[16.1892,47.4219],[16.18513,47.42272],[16.1815,47.42273],[16.17693,47.42324],[16.17482,47.42274],[16.17108,47.42134],[16.16458,47.42043],[16.16041,47.42004],[16.15664,47.41949],[16.15248,47.4196],[16.1493,47.41907],[16.14251,47.41608],[16.141,47.41671],[16.13639,47.41529],[16.13245,47.41492],[16.13024,47.41335],[16.12781,47.41272],[16.12441,47.41258],[16.11855,47.41321],[16.11589,47.41394],[16.11305,47.41364],[16.10913,47.41439],[16.10562,47.4139],[16.10156,47.41441],[16.10074,47.41165],[16.10122,47.40733],[16.10302,47.40448],[16.10481,47.40326],[16.1087,47.39735],[16.10934,47.39607],[16.10851,47.39546],[16.1032,47.3948],[16.09998,47.39294],[16.09375,47.38992],[16.09278,47.38979],[16.08758,47.39358],[16.08395,47.39566],[16.08305,47.3972],[16.08407,47.39772],[16.08678,47.39822],[16.08866,47.3995],[16.08893,47.40047],[16.08771,47.40339],[16.0891,47.40492],[16.09285,47.40494],[16.09451,47.40521],[16.09446,47.40692],[16.09389,47.40732],[16.09056,47.40766],[16.08804,47.40727],[16.08382,47.40836],[16.08157,47.40624],[16.07855,47.40474],[16.07472,47.40379],[16.07034,47.40223],[16.06912,47.40006],[16.06626,47.39793],[16.06545,47.39678],[16.06506,47.39515],[16.06348,47.39321],[16.06387,47.39052],[16.06499,47.38883],[16.06521,47.38729],[16.0643,47.38544],[16.06219,47.38413],[16.0592,47.3835],[16.05683,47.3839],[16.05563,47.38334],[16.05094,47.38268],[16.04177,47.3822],[16.03222,47.38136],[16.02923,47.38053],[16.0307,47.37753],[16.03308,47.37421],[16.03361,47.3725],[16.02894,47.37107],[16.02064,47.37012],[16.0196,47.36897],[16.01489,47.36852],[16.01934,47.36393],[16.02124,47.36317],[16.02345,47.36314],[16.02659,47.36182],[16.02882,47.36045],[16.02977,47.35859],[16.03012,47.35688],[16.03213,47.35567],[16.0327,47.35467],[16.03487,47.35473],[16.03585,47.35367],[16.03578,47.35047],[16.03502,47.34883],[16.03573,47.34796],[16.03793,47.34737],[16.03757,47.34678],[16.03552,47.34606],[16.03797,47.34516],[16.03798,47.34443],[16.03634,47.34386],[16.03727,47.34235],[16.039,47.34339],[16.04061,47.34366],[16.0422,47.34242],[16.04343,47.34216],[16.044,47.34007],[16.04316,47.33921],[16.04325,47.33805],[16.04525,47.3367],[16.04538,47.33539],[16.04643,47.33503],[16.04819,47.33541],[16.04819,47.33408],[16.04984,47.33353],[16.05121,47.3318],[16.04901,47.33065],[16.05051,47.32951],[16.04854,47.32858],[16.04812,47.32765],[16.04858,47.3261],[16.05211,47.32266],[16.05215,47.32198],[16.05003,47.32057],[16.04969,47.31979],[16.04982,47.31743],[16.05075,47.31664],[16.05265,47.31672],[16.05704,47.3163],[16.05915,47.31473],[16.05991,47.3127],[16.05871,47.31136],[16.05897,47.31012],[16.05875,47.30592],[16.05949,47.30505],[16.0615,47.30414],[16.06277,47.30255],[16.06092,47.30136],[16.06095,47.29942],[16.06234,47.29823],[16.06195,47.29669],[16.06011,47.29577],[16.05985,47.29491],[16.0621,47.2947],[16.06235,47.29296],[16.06531,47.29308],[16.06668,47.28894],[16.06564,47.28807],[16.06444,47.28556],[16.06756,47.2842],[16.06915,47.283],[16.07173,47.27819],[16.07351,47.2762],[16.07512,47.27544],[16.07504,47.27398],[16.07568,47.27271],[16.07535,47.27153],[16.0773,47.27118],[16.07777,47.26925],[16.07908,47.26666],[16.08049,47.26539],[16.0817,47.26356],[16.08179,47.26093],[16.08038,47.25968],[16.07861,47.25912],[16.08155,47.25492],[16.08332,47.25361],[16.08295,47.25284],[16.0814,47.25218],[16.08167,47.25086],[16.08392,47.25107],[16.08518,47.25046],[16.08436,47.24861],[16.08301,47.24798],[16.08384,47.24726],[16.0852,47.24797],[16.08651,47.2475],[16.0855,47.24626],[16.08687,47.24395],[16.08666,47.24264],[16.08822,47.24179],[16.08583,47.2398],[16.08571,47.23832],[16.08427,47.23748],[16.08465,47.2355],[16.08638,47.23324],[16.08477,47.23207],[16.08462,47.23121],[16.08577,47.22969],[16.08475,47.22914],[16.08118,47.22945],[16.08186,47.22835],[16.08105,47.22679],[16.08245,47.22648],[16.0821,47.22512],[16.08353,47.22467],[16.08476,47.22332],[16.08399,47.22195],[16.08583,47.22188],[16.0856,47.22085],[16.08394,47.21954],[16.08433,47.2177],[16.08733,47.2179],[16.08811,47.21689],[16.08653,47.21549],[16.08636,47.21406],[16.08675,47.21196],[16.0865,47.20964],[16.08781,47.20898],[16.08935,47.20967],[16.09034,47.20879],[16.09052,47.20748],[16.08988,47.20552],[16.09217,47.20447],[16.09225,47.2031],[16.09121,47.20179],[16.09175,47.19828],[16.09409,47.19801],[16.09548,47.1967],[16.09607,47.19473],[16.09568,47.19365],[16.098,47.19273],[16.09707,47.19116],[16.10035,47.18959],[16.09918,47.18831],[16.0994,47.18752],[16.10209,47.18725],[16.10311,47.18559],[16.10231,47.18391],[16.10319,47.18243],[16.10461,47.18155],[16.10545,47.1795],[16.10791,47.17629],[16.10722,47.17477],[16.10812,47.17154],[16.10727,47.17002],[16.1098,47.16808],[16.10948,47.1662],[16.11093,47.16529],[16.11093,47.16397],[16.11311,47.16023],[16.11206,47.15691],[16.11278,47.1538],[16.11239,47.15224],[16.11424,47.15009],[16.11349,47.14841],[16.1141,47.1476],[16.11549,47.14295],[16.11304,47.14057],[16.11424,47.13996],[16.11434,47.13863],[16.11332,47.13712],[16.11277,47.13439],[16.11345,47.13212],[16.11329,47.13088],[16.11107,47.12881],[16.10955,47.12702],[16.10787,47.12142],[16.10832,47.11833],[16.10654,47.11702],[16.10488,47.11477],[16.10243,47.11254],[16.10095,47.1122],[16.09824,47.11262],[16.09583,47.11235],[16.09514,47.11162],[16.09522,47.10911],[16.09305,47.10774],[16.09371,47.10612],[16.09278,47.10498],[16.0929,47.10359],[16.09165,47.10102],[16.09182,47.09972],[16.09298,47.09819],[16.09168,47.09724],[16.09254,47.09589],[16.09358,47.09533],[16.09343,47.09408],[16.09455,47.09302],[16.09182,47.09008],[16.0886,47.08841],[16.0869,47.08647],[16.08698,47.08535],[16.08829,47.08386],[16.0896,47.08316],[16.09033,47.08165],[16.08862,47.07984],[16.0888,47.07857],[16.08836,47.07614],[16.08908,47.0751],[16.08763,47.07378],[16.0877,47.07263],[16.09079,47.0707],[16.09307,47.06738],[16.09466,47.06426],[16.09519,47.06251],[16.09722,47.06097],[16.09921,47.06017],[16.10184,47.05973],[16.10466,47.06073],[16.10655,47.06058],[16.10798,47.05796],[16.10864,47.05406],[16.1109,47.04867],[16.11287,47.04813],[16.11466,47.04707],[16.11735,47.0475],[16.11787,47.04536],[16.12055,47.04397],[16.12058,47.04136],[16.11947,47.04023],[16.12041,47.03903],[16.11686,47.03862],[16.11656,47.03767],[16.11808,47.03685],[16.11812,47.03592],[16.1145,47.03507],[16.11545,47.0332],[16.11404,47.03205],[16.1159,47.03174],[16.11818,47.03245],[16.11964,47.03245],[16.12112,47.03109],[16.12112,47.0301],[16.11956,47.02963],[16.11638,47.03014],[16.11554,47.02927],[16.11699,47.02842],[16.1212,47.0278],[16.12191,47.02659],[16.12437,47.02623],[16.12307,47.02413],[16.12444,47.02243],[16.12665,47.02309],[16.12752,47.0215],[16.12608,47.01946],[16.12621,47.01825],[16.12854,47.01657],[16.1309,47.01566],[16.13152,47.0141],[16.13087,47.01247],[16.13263,47.01099],[16.13655,47.01046],[16.13788,47.00934],[16.13969,47.00923],[16.14012,47.00795],[16.139,47.00728],[16.13668,47.00672],[16.13683,47.00585],[16.13883,47.00497],[16.13921,47.00335],[16.13989,47.00272],[16.14165,47.00306],[16.14282,47.00168],[16.14224,46.99928],[16.14447,46.99773],[16.14748,47.00063],[16.14919,47.00012],[16.14889,46.99727],[16.15012,46.99532],[16.14835,46.99432],[16.15019,46.99279],[16.1532,46.99368],[16.15641,46.99307],[16.15504,46.9904],[16.15044,46.99088],[16.14885,46.99188],[16.14655,46.99207],[16.14458,46.9913],[16.14355,46.99139],[16.1413,46.99261],[16.13817,46.99343],[16.13559,46.99489],[16.13225,46.99527],[16.12915,46.99606],[16.12671,46.99156],[16.12222,46.99031],[16.12059,46.98467],[16.11855,46.98039],[16.11205,46.97842],[16.10839,46.97108],[16.11004,46.9698],[16.1084,46.96538],[16.1053,46.96409],[16.10397,46.96133],[16.10058,46.96101],[16.09895,46.95698],[16.09519,46.95471],[16.09565,46.94987],[16.09574,46.94607],[16.09609,46.9413],[16.09374,46.93939],[16.09299,46.93503],[16.08964,46.93506],[16.08154,46.93404],[16.07769,46.93409],[16.07575,46.93447],[16.07248,46.93591],[16.06878,46.93422],[16.06774,46.9313],[16.06248,46.9234],[16.06115,46.91697],[16.06222,46.91242],[16.04996,46.90823],[16.04785,46.91048],[16.04606,46.9104],[16.04165,46.90585],[16.035,46.90174],[16.03518,46.89889],[16.03513,46.89397],[16.03367,46.89271],[16.01758,46.88495],[16.01407,46.88444],[16.01091,46.87946],[16.008,46.87419],[16.00746,46.87112],[16.00768,46.8698],[16.00895,46.86751],[16.00876,46.86379],[16.00788,46.85717],[16.00499,46.85369],[16.00138,46.84779],[16.00598,46.84477],[16.00323,46.84219],[16.00261,46.84123],[16.00228,46.83874],[16.00129,46.83691],[15.99968,46.83577],[15.99624,46.8354]]]},"properties":{"idApp":926013,"aopId":"eisenberg","name":"Eisenberg","nameJa":"アイゼンベルク","kind":"regional","tags":["dac"],"rank":0},"bbox":[15.99624,46.83064,16.52933,47.45594]},{"type":"Feature","geometry":{"type":"Polygon","coordinates":[[[15.50976,48.32004],[15.50994,48.31707],[15.51058,48.31325],[15.51161,48.30985],[15.51402,48.30948],[15.51615,48.30965],[15.51809,48.31029],[15.51994,48.31145],[15.5236,48.31032],[15.53083,48.30765],[15.52472,48.30586],[15.52452,48.3051],[15.52535,48.30116],[15.52491,48.29642],[15.52526,48.29249],[15.52523,48.2902],[15.52288,48.28654],[15.52068,48.2847],[15.51835,48.28614],[15.51649,48.28674],[15.50232,48.28907],[15.50077,48.28875],[15.50079,48.28697],[15.50022,48.28569],[15.50133,48.28354],[15.49461,48.28203],[15.49354,48.28133],[15.49344,48.28016],[15.49428,48.27804],[15.49792,48.27445],[15.49968,48.27322],[15.50257,48.27242],[15.49977,48.26786],[15.49889,48.26689],[15.49744,48.26663],[15.48874,48.26658],[15.48411,48.26678],[15.48163,48.26615],[15.48162,48.26415],[15.48434,48.26062],[15.48331,48.25931],[15.48114,48.25887],[15.47795,48.25889],[15.47621,48.25954],[15.47277,48.25789],[15.47084,48.25736],[15.46865,48.25812],[15.46681,48.25745],[15.46388,48.25843],[15.46214,48.25754],[15.45851,48.25668],[15.45603,48.25467],[15.45242,48.25423],[15.45276,48.25271],[15.45132,48.25061],[15.45396,48.25044],[15.45459,48.25129],[15.4574,48.25029],[15.45919,48.2479],[15.45744,48.24769],[15.4598,48.2462],[15.46145,48.24555],[15.46127,48.24467],[15.4595,48.24327],[15.45838,48.24155],[15.45371,48.23726],[15.45252,48.23427],[15.45477,48.23222],[15.45208,48.23063],[15.45121,48.22975],[15.43959,48.22593],[15.43857,48.22479],[15.43796,48.22197],[15.43195,48.21437],[15.43123,48.21276],[15.42532,48.21158],[15.42313,48.21039],[15.42431,48.20828],[15.42831,48.20618],[15.43002,48.20422],[15.43199,48.2029],[15.43275,48.20194],[15.43344,48.19966],[15.43514,48.19947],[15.43749,48.2001],[15.43978,48.1979],[15.44005,48.19552],[15.43828,48.19204],[15.43811,48.18832],[15.43734,48.1826],[15.43848,48.1803],[15.43991,48.17863],[15.44179,48.17818],[15.44503,48.17862],[15.44301,48.16765],[15.44557,48.1638],[15.44758,48.16221],[15.45334,48.15937],[15.45637,48.15892],[15.45941,48.159],[15.4591,48.15636],[15.45952,48.1553],[15.46139,48.15441],[15.47158,48.15339],[15.47182,48.15143],[15.47016,48.14832],[15.4666,48.14908],[15.46356,48.14631],[15.46123,48.14635],[15.45964,48.14684],[15.45818,48.14497],[15.45596,48.14475],[15.45564,48.14212],[15.46213,48.14016],[15.46487,48.13883],[15.46601,48.13777],[15.46746,48.13785],[15.47398,48.13915],[15.47514,48.14002],[15.4741,48.14512],[15.47891,48.14537],[15.48377,48.14447],[15.48265,48.14316],[15.48115,48.14307],[15.48048,48.14232],[15.48441,48.14003],[15.48607,48.14119],[15.48814,48.13976],[15.4902,48.14053],[15.49155,48.14022],[15.49059,48.13892],[15.4921,48.13844],[15.49381,48.14045],[15.4962,48.13943],[15.49537,48.13877],[15.49884,48.13845],[15.50094,48.13786],[15.50606,48.13798],[15.50583,48.14175],[15.50755,48.14208],[15.50982,48.13814],[15.5135,48.1388],[15.51792,48.13889],[15.51877,48.1366],[15.5079,48.13463],[15.50844,48.13058],[15.51394,48.13082],[15.51711,48.13045],[15.51768,48.12939],[15.51623,48.12861],[15.50378,48.12655],[15.50377,48.11859],[15.49074,48.11618],[15.4907,48.11187],[15.48304,48.11155],[15.4787,48.11104],[15.47523,48.11026],[15.47073,48.1087],[15.46565,48.10626],[15.45812,48.104],[15.45556,48.10297],[15.44241,48.1013],[15.43885,48.10054],[15.44201,48.09544],[15.44586,48.09309],[15.44285,48.09148],[15.44026,48.09111],[15.43667,48.09107],[15.43875,48.08883],[15.44126,48.08214],[15.44167,48.07828],[15.43668,48.07641],[15.43479,48.07474],[15.43174,48.07343],[15.43156,48.06903],[15.43054,48.06825],[15.42592,48.06765],[15.42559,48.06281],[15.42417,48.06013],[15.42208,48.05946],[15.4155,48.05902],[15.41397,48.05827],[15.41292,48.05654],[15.41206,48.05346],[15.4031,48.05324],[15.39909,48.05277],[15.39762,48.05172],[15.39634,48.04573],[15.39542,48.04416],[15.39248,48.04295],[15.38794,48.04232],[15.38514,48.04233],[15.38069,48.04169],[15.37694,48.03975],[15.37231,48.03966],[15.37026,48.03901],[15.3683,48.03783],[15.35972,48.03157],[15.35847,48.03016],[15.35727,48.02458],[15.35579,48.02322],[15.35393,48.02257],[15.35168,48.02277],[15.34632,48.02479],[15.34312,48.02514],[15.34053,48.02484],[15.3369,48.02372],[15.32683,48.01966],[15.32166,48.019],[15.29908,48.01734],[15.29429,48.01791],[15.29313,48.01685],[15.29195,48.01353],[15.29161,48.01151],[15.29073,48.01053],[15.2893,48.01043],[15.28148,48.00802],[15.27856,48.00664],[15.2741,48.00597],[15.27093,48.00451],[15.2697,48.00275],[15.26912,48.00121],[15.26812,48.00008],[15.26603,47.99931],[15.26449,47.9981],[15.26468,47.99621],[15.2642,47.99406],[15.26673,47.98954],[15.26749,47.98915],[15.2716,47.98851],[15.27276,47.98728],[15.2731,47.9855],[15.27172,47.97653],[15.27282,47.97347],[15.27498,47.97248],[15.2804,47.97115],[15.28248,47.96949],[15.28379,47.96672],[15.28385,47.96536],[15.2834,47.96007],[15.28044,47.95973],[15.27892,47.95814],[15.27634,47.95788],[15.27519,47.95912],[15.27402,47.95902],[15.27304,47.95811],[15.27251,47.95671],[15.2729,47.95432],[15.27383,47.95304],[15.28258,47.94962],[15.28279,47.94877],[15.28438,47.94721],[15.28993,47.94465],[15.29198,47.94325],[15.29439,47.93708],[15.29605,47.93733],[15.3,47.93857],[15.30328,47.93988],[15.30585,47.94],[15.30766,47.93894],[15.31016,47.93812],[15.31356,47.93752],[15.318,47.9361],[15.32126,47.93448],[15.32555,47.93034],[15.32845,47.9266],[15.32947,47.92281],[15.33055,47.91775],[15.33178,47.91511],[15.32933,47.9121],[15.32953,47.91049],[15.3305,47.90972],[15.33542,47.90818],[15.33584,47.90762],[15.33358,47.90295],[15.33205,47.90207],[15.32707,47.90142],[15.3262,47.90055],[15.32619,47.89917],[15.3287,47.89443],[15.33223,47.89193],[15.33887,47.88988],[15.34144,47.88975],[15.34776,47.88879],[15.35851,47.88981],[15.36112,47.89089],[15.37104,47.89749],[15.37229,47.898],[15.37855,47.89789],[15.38398,47.89907],[15.39136,47.89981],[15.3954,47.90124],[15.39624,47.90183],[15.39724,47.90438],[15.39656,47.90642],[15.39296,47.90873],[15.39171,47.90984],[15.39188,47.91315],[15.39258,47.91434],[15.39552,47.91603],[15.3983,47.91662],[15.40624,47.91761],[15.40889,47.91828],[15.41294,47.91996],[15.41614,47.92055],[15.41657,47.92114],[15.41771,47.9253],[15.4187,47.92675],[15.42192,47.92894],[15.42667,47.9319],[15.4278,47.93402],[15.42758,47.94057],[15.42983,47.94413],[15.43078,47.94866],[15.43823,47.94963],[15.4381,47.95056],[15.43583,47.95321],[15.4323,47.95771],[15.43538,47.95814],[15.43845,47.95932],[15.44444,47.95972],[15.44986,47.95959],[15.45161,47.95974],[15.45665,47.961],[15.46268,47.95944],[15.46617,47.95998],[15.47119,47.9614],[15.47343,47.9633],[15.47513,47.96597],[15.47653,47.96682],[15.47835,47.96715],[15.48127,47.96671],[15.48336,47.96671],[15.48782,47.96779],[15.49258,47.97032],[15.49497,47.97312],[15.49795,47.97863],[15.49899,47.98466],[15.50033,47.98884],[15.49877,47.99501],[15.50649,47.99922],[15.50848,47.99996],[15.51189,48.00171],[15.51993,48.00299],[15.52549,48.00483],[15.53147,48.00702],[15.53363,48.00863],[15.53406,48.01019],[15.53294,48.01251],[15.53138,48.0147],[15.52862,48.01975],[15.52567,48.02275],[15.52254,48.02453],[15.52043,48.02654],[15.52046,48.02762],[15.52173,48.03018],[15.522,48.03215],[15.51975,48.03558],[15.51994,48.03731],[15.5232,48.04093],[15.5262,48.04228],[15.52981,48.04332],[15.52824,48.04734],[15.5254,48.04879],[15.52478,48.04978],[15.52742,48.05226],[15.52817,48.0533],[15.52832,48.05504],[15.53095,48.05723],[15.53369,48.05835],[15.53839,48.0595],[15.53955,48.06052],[15.53982,48.06196],[15.54144,48.06301],[15.54505,48.0639],[15.5494,48.06411],[15.55474,48.06401],[15.55513,48.06522],[15.55478,48.06696],[15.5533,48.06871],[15.55307,48.06969],[15.55893,48.07148],[15.56588,48.07122],[15.5696,48.07082],[15.57753,48.06874],[15.58225,48.06879],[15.58625,48.07082],[15.58912,48.07448],[15.59059,48.07564],[15.59383,48.07239],[15.60104,48.06817],[15.60206,48.06665],[15.60421,48.06571],[15.60925,48.0663],[15.62127,48.06826],[15.62612,48.06956],[15.62971,48.06961],[15.63031,48.0719],[15.62632,48.07297],[15.62516,48.07611],[15.6272,48.07704],[15.63011,48.07566],[15.6332,48.07382],[15.63568,48.07358],[15.63731,48.07448],[15.6388,48.07954],[15.64018,48.08045],[15.64911,48.08305],[15.65736,48.08277],[15.65973,48.08359],[15.66223,48.0874],[15.66861,48.0877],[15.67395,48.08752],[15.68227,48.08881],[15.68764,48.08888],[15.69236,48.08877],[15.69595,48.08769],[15.69908,48.08881],[15.70169,48.08902],[15.70166,48.0866],[15.70848,48.08527],[15.71985,48.08271],[15.7212,48.08149],[15.72442,48.08048],[15.73268,48.07574],[15.73608,48.07681],[15.73891,48.07736],[15.75022,48.08013],[15.75293,48.08022],[15.75798,48.07957],[15.76287,48.07876],[15.76632,48.07797],[15.76818,48.07669],[15.7694,48.07517],[15.77071,48.07238],[15.77154,48.07166],[15.77965,48.07171],[15.79115,48.07327],[15.79329,48.07526],[15.79555,48.07646],[15.79834,48.07706],[15.80063,48.07712],[15.81399,48.07832],[15.81826,48.07931],[15.82004,48.07945],[15.82329,48.07789],[15.8239,48.07642],[15.82373,48.0738],[15.8246,48.07232],[15.82736,48.07107],[15.83089,48.06989],[15.83619,48.06877],[15.83831,48.06651],[15.84188,48.06464],[15.84767,48.0631],[15.84957,48.06365],[15.85162,48.06373],[15.85614,48.06485],[15.85864,48.06659],[15.8614,48.06696],[15.86565,48.07025],[15.86985,48.07145],[15.87212,48.07161],[15.87417,48.07227],[15.87603,48.07463],[15.87552,48.07712],[15.88187,48.07823],[15.88696,48.0795],[15.89142,48.08109],[15.89485,48.08183],[15.90339,48.08249],[15.90521,48.08291],[15.90684,48.08383],[15.91375,48.08583],[15.91676,48.08696],[15.92076,48.08978],[15.92199,48.09113],[15.92185,48.09333],[15.92037,48.09493],[15.91892,48.09714],[15.91307,48.10048],[15.9118,48.10401],[15.91368,48.10544],[15.91416,48.10681],[15.92477,48.10619],[15.93001,48.10866],[15.93356,48.11373],[15.93655,48.11524],[15.94844,48.11748],[15.95056,48.11907],[15.95302,48.12145],[15.95859,48.12356],[15.96096,48.12626],[15.96261,48.12853],[15.9664,48.13089],[15.96955,48.13177],[15.97178,48.13124],[15.97549,48.13267],[15.9777,48.1328],[15.9803,48.13452],[15.98248,48.13651],[15.98771,48.1395],[15.98829,48.1414],[15.99057,48.1442],[15.99292,48.14606],[15.99603,48.14441],[15.9974,48.14288],[16.00124,48.14024],[16.00429,48.13927],[16.00659,48.13918],[16.00795,48.13855],[16.01028,48.13892],[16.01609,48.13783],[16.01847,48.1379],[16.02359,48.13982],[16.03015,48.14126],[16.03214,48.14092],[16.03357,48.13908],[16.03595,48.137],[16.0372,48.13826],[16.04019,48.13972],[16.04281,48.13974],[16.04579,48.1392],[16.04803,48.13941],[16.04991,48.13734],[16.04985,48.13519],[16.0506,48.13406],[16.05458,48.13235],[16.06053,48.1316],[16.06453,48.13248],[16.06618,48.13239],[16.07,48.13299],[16.07408,48.13234],[16.07554,48.13163],[16.07911,48.13071],[16.08003,48.12991],[16.08136,48.13103],[16.08149,48.13351],[16.08254,48.13593],[16.08419,48.1377],[16.0876,48.13893],[16.0884,48.14046],[16.09256,48.14202],[16.09425,48.14215],[16.09716,48.14142],[16.10035,48.13947],[16.10477,48.13544],[16.10684,48.13472],[16.10772,48.13289],[16.11147,48.1322],[16.11382,48.1315],[16.11557,48.13214],[16.11731,48.13542],[16.12034,48.13684],[16.12198,48.1379],[16.12417,48.13989],[16.12483,48.14175],[16.12672,48.14432],[16.12723,48.14608],[16.12808,48.14681],[16.13159,48.14865],[16.14018,48.15119],[16.14536,48.15249],[16.14834,48.15517],[16.15671,48.16135],[16.15777,48.16382],[16.15734,48.16519],[16.15509,48.16802],[16.15474,48.16961],[16.1563,48.1702],[16.16675,48.1708],[16.17706,48.17083],[16.1844,48.17159],[16.18752,48.17306],[16.19003,48.17771],[16.19468,48.18157],[16.19749,48.18435],[16.19967,48.18608],[16.2035,48.18974],[16.20455,48.19136],[16.20482,48.1942],[16.20548,48.19681],[16.20884,48.20303],[16.20371,48.20448],[16.20271,48.20605],[16.20416,48.20624],[16.20629,48.20717],[16.20854,48.20874],[16.20667,48.21098],[16.20352,48.21253],[16.20075,48.21312],[16.1977,48.21509],[16.19678,48.21653],[16.19615,48.21846],[16.19648,48.22032],[16.19778,48.2214],[16.19512,48.22253],[16.18862,48.22235],[16.18689,48.22201],[16.18473,48.22231],[16.18395,48.22342],[16.18477,48.22427],[16.1901,48.22576],[16.19548,48.22909],[16.19842,48.23241],[16.19578,48.23387],[16.19506,48.23473],[16.19573,48.23778],[16.1961,48.24507],[16.1978,48.24876],[16.19962,48.25196],[16.20086,48.25325],[16.20466,48.255],[16.20514,48.25561],[16.20462,48.25928],[16.20494,48.26132],[16.20573,48.26234],[16.20852,48.26258],[16.20227,48.26524],[16.2019,48.26694],[16.19917,48.26708],[16.19459,48.2683],[16.19027,48.27027],[16.18298,48.27435],[16.17773,48.27548],[16.17653,48.27619],[16.17603,48.278],[16.17675,48.28297],[16.17609,48.28331],[16.17396,48.28234],[16.17193,48.28194],[16.17034,48.28104],[16.16533,48.27987],[16.16399,48.27981],[16.15939,48.28038],[16.15828,48.27958],[16.15948,48.27894],[16.16228,48.27914],[16.16614,48.27557],[16.16572,48.27372],[16.16415,48.27075],[16.16318,48.26775],[16.16355,48.26552],[16.15996,48.26603],[16.15706,48.26572],[16.15278,48.26678],[16.15136,48.26774],[16.14937,48.26832],[16.14923,48.27089],[16.14718,48.27421],[16.14369,48.27568],[16.14254,48.27566],[16.14009,48.27458],[16.13995,48.27377],[16.14196,48.27161],[16.14153,48.27128],[16.13681,48.27181],[16.13499,48.26866],[16.13547,48.26829],[16.13917,48.26803],[16.14123,48.26532],[16.14179,48.26314],[16.14053,48.2612],[16.13733,48.25938],[16.13858,48.25742],[16.13542,48.25733],[16.1321,48.25848],[16.1282,48.2584],[16.12678,48.25784],[16.12409,48.25864],[16.12072,48.26003],[16.11993,48.25978],[16.11996,48.25831],[16.11927,48.25736],[16.11591,48.25643],[16.1148,48.2541],[16.11167,48.25206],[16.11135,48.24972],[16.11217,48.24897],[16.11517,48.24853],[16.11767,48.24739],[16.11808,48.24563],[16.12126,48.24343],[16.12175,48.24092],[16.11953,48.24098],[16.11432,48.24163],[16.11143,48.24219],[16.10832,48.24344],[16.10597,48.24361],[16.10422,48.24298],[16.10196,48.24343],[16.09903,48.24363],[16.09383,48.24357],[16.09234,48.24548],[16.0933,48.24796],[16.09187,48.24915],[16.08877,48.24975],[16.08988,48.25291],[16.09028,48.25556],[16.08861,48.25635],[16.08448,48.25474],[16.0786,48.25443],[16.08518,48.25035],[16.08688,48.24869],[16.08644,48.24699],[16.0852,48.24632],[16.08553,48.24471],[16.0847,48.24319],[16.08245,48.24207],[16.07912,48.2413],[16.07678,48.24183],[16.07488,48.24313],[16.07211,48.24616],[16.07171,48.24719],[16.06772,48.24631],[16.06522,48.24783],[16.06437,48.24759],[16.06335,48.24496],[16.06565,48.2427],[16.06588,48.2414],[16.06333,48.24043],[16.06233,48.23869],[16.06577,48.23906],[16.06806,48.23896],[16.0702,48.23766],[16.07012,48.23678],[16.06781,48.23556],[16.0636,48.23419],[16.06203,48.23524],[16.06033,48.23527],[16.05861,48.23655],[16.05558,48.23593],[16.05467,48.23543],[16.05032,48.23116],[16.04794,48.22944],[16.04701,48.22761],[16.04692,48.22643],[16.04177,48.22475],[16.0415,48.22369],[16.04326,48.22115],[16.0422,48.21936],[16.04062,48.21897],[16.03472,48.21964],[16.03248,48.21947],[16.02804,48.22109],[16.0261,48.22239],[16.02242,48.22201],[16.0211,48.22227],[16.0192,48.22372],[16.01759,48.22406],[16.01493,48.22379],[16.0113,48.22287],[16.01136,48.21984],[16.01369,48.21879],[16.01454,48.21637],[16.01561,48.21577],[16.01974,48.21453],[16.02773,48.21332],[16.03188,48.21318],[16.03722,48.2121],[16.03925,48.21135],[16.04306,48.20909],[16.04213,48.20811],[16.03843,48.20779],[16.03504,48.20819],[16.03304,48.208],[16.03367,48.20622],[16.03331,48.20464],[16.03383,48.20359],[16.03375,48.20146],[16.02377,48.20057],[16.02199,48.2001],[16.02027,48.19913],[16.01819,48.19744],[16.0146,48.19639],[16.01275,48.19669],[16.01068,48.19761],[16.00651,48.19739],[16.00529,48.19859],[16.00509,48.20009],[16.00416,48.20251],[16.00141,48.20478],[16.00126,48.20601],[16.00293,48.20721],[16.00248,48.20873],[15.99909,48.20894],[15.9945,48.21039],[15.99381,48.2115],[15.99469,48.21417],[15.99261,48.21601],[15.99119,48.21649],[15.9876,48.21936],[15.98698,48.22104],[15.98733,48.22283],[15.98488,48.22232],[15.98142,48.22265],[15.97993,48.22232],[15.97626,48.22338],[15.97526,48.22544],[15.97406,48.22654],[15.97697,48.22757],[15.97711,48.22861],[15.97603,48.23188],[15.98106,48.23275],[15.97749,48.23591],[15.97454,48.2354],[15.97325,48.23909],[15.96937,48.23836],[15.96719,48.23857],[15.95969,48.23984],[15.95478,48.23956],[15.94746,48.23873],[15.94737,48.23975],[15.95613,48.24481],[15.96196,48.24777],[15.96309,48.24878],[15.96085,48.2489],[15.96059,48.25009],[15.95929,48.24987],[15.9591,48.25144],[15.95629,48.25194],[15.95471,48.25451],[15.9616,48.25417],[15.95796,48.25888],[15.95102,48.26312],[15.94782,48.26241],[15.94481,48.26076],[15.93989,48.25635],[15.93887,48.2552],[15.93452,48.25613],[15.93021,48.25781],[15.92861,48.26087],[15.92457,48.26063],[15.92026,48.26247],[15.91448,48.26005],[15.9131,48.265],[15.9088,48.26402],[15.8935,48.2611],[15.8893,48.25967],[15.88761,48.25842],[15.88748,48.25715],[15.88806,48.25442],[15.88989,48.25111],[15.89329,48.2508],[15.89384,48.24976],[15.89213,48.24408],[15.88873,48.24454],[15.88625,48.24183],[15.88419,48.24212],[15.88417,48.23948],[15.88468,48.23682],[15.88486,48.23217],[15.88343,48.23218],[15.8766,48.23297],[15.87463,48.23272],[15.87145,48.2332],[15.87031,48.23281],[15.86442,48.23169],[15.86307,48.2296],[15.86073,48.23004],[15.85141,48.23075],[15.8494,48.23027],[15.84729,48.23215],[15.84159,48.23076],[15.84104,48.23187],[15.84172,48.23347],[15.84283,48.23472],[15.84489,48.23598],[15.84367,48.23651],[15.84373,48.23776],[15.84146,48.23862],[15.84213,48.24051],[15.84708,48.24173],[15.84803,48.24274],[15.84774,48.24414],[15.8451,48.24696],[15.84309,48.24649],[15.84292,48.24932],[15.84083,48.2493],[15.8415,48.25138],[15.8404,48.2517],[15.82929,48.24915],[15.82802,48.25147],[15.81908,48.25042],[15.81887,48.25444],[15.82399,48.25524],[15.82539,48.26045],[15.83211,48.26123],[15.83161,48.26391],[15.83626,48.2654],[15.83346,48.27149],[15.83806,48.27369],[15.84635,48.27604],[15.84362,48.28146],[15.84234,48.28305],[15.83621,48.28703],[15.83835,48.28816],[15.83796,48.28888],[15.84238,48.28996],[15.8427,48.28921],[15.84429,48.28832],[15.84922,48.28768],[15.854,48.28871],[15.85748,48.29083],[15.85507,48.29367],[15.84857,48.29331],[15.84313,48.29477],[15.83913,48.29673],[15.83861,48.2994],[15.83893,48.30242],[15.84038,48.30245],[15.84035,48.30502],[15.83978,48.3068],[15.83689,48.30942],[15.83738,48.31011],[15.84167,48.31151],[15.84371,48.31083],[15.84695,48.31228],[15.85094,48.31622],[15.85253,48.32125],[15.85656,48.3288],[15.85238,48.33188],[15.85175,48.33036],[15.84966,48.33074],[15.85065,48.3333],[15.8484,48.33432],[15.82314,48.3356],[15.82459,48.33651],[15.82515,48.34676],[15.80645,48.34909],[15.80791,48.35025],[15.8094,48.35472],[15.81484,48.35772],[15.82301,48.35747],[15.82839,48.35501],[15.83014,48.35498],[15.83384,48.3566],[15.83376,48.35872],[15.83317,48.35987],[15.83422,48.3612],[15.8356,48.36186],[15.83824,48.36147],[15.84037,48.36292],[15.84188,48.36713],[15.84151,48.36864],[15.83824,48.3693],[15.8343,48.36877],[15.83139,48.36736],[15.82556,48.36391],[15.81548,48.36533],[15.81421,48.35922],[15.80844,48.35974],[15.80825,48.35568],[15.80011,48.3555],[15.79985,48.36377],[15.79622,48.36626],[15.7953,48.36877],[15.78947,48.36719],[15.78742,48.36686],[15.78396,48.36679],[15.78068,48.37093],[15.7786,48.37217],[15.77498,48.3779],[15.77212,48.38107],[15.76521,48.38537],[15.7612,48.38526],[15.75898,48.38683],[15.75585,48.38856],[15.75046,48.38632],[15.74774,48.38569],[15.74783,48.38385],[15.7444,48.38428],[15.74115,48.3844],[15.7368,48.38518],[15.73452,48.38515],[15.73262,48.38449],[15.73177,48.38367],[15.73022,48.38168],[15.72645,48.37939],[15.7255,48.37852],[15.72817,48.37604],[15.72114,48.37326],[15.7174,48.37479],[15.71385,48.37489],[15.71223,48.37449],[15.70802,48.37218],[15.70529,48.37092],[15.69595,48.37078],[15.69218,48.36865],[15.67789,48.37057],[15.67513,48.37026],[15.66779,48.36882],[15.66964,48.36431],[15.66896,48.36142],[15.66809,48.35903],[15.6691,48.35541],[15.67064,48.35183],[15.67055,48.34932],[15.66881,48.34547],[15.6673,48.344],[15.66239,48.34184],[15.6559,48.34002],[15.65385,48.33733],[15.65256,48.33656],[15.65097,48.33638],[15.64482,48.33628],[15.64152,48.33585],[15.63906,48.33445],[15.63616,48.33144],[15.6337,48.32991],[15.63134,48.32735],[15.62902,48.32629],[15.62649,48.32586],[15.62498,48.32617],[15.62061,48.32604],[15.61733,48.32677],[15.61554,48.33079],[15.61373,48.33228],[15.60956,48.3323],[15.60743,48.33256],[15.60561,48.33324],[15.59994,48.3342],[15.59029,48.33449],[15.58905,48.34127],[15.58599,48.33987],[15.58467,48.34037],[15.58031,48.34275],[15.57681,48.34106],[15.57587,48.34011],[15.57462,48.33777],[15.56146,48.33798],[15.55026,48.33752],[15.54982,48.33488],[15.54179,48.33399],[15.53995,48.33302],[15.53688,48.33032],[15.5352,48.32816],[15.53421,48.32762],[15.53095,48.32702],[15.5273,48.32704],[15.52172,48.3275],[15.51613,48.32672],[15.50725,48.32675],[15.50906,48.32495],[15.50894,48.32366],[15.51081,48.32214],[15.51059,48.3204],[15.50976,48.32004]]]},"properties":{"idApp":926004,"aopId":"traisental","name":"Traisental","nameJa":"トライゼンタール","kind":"regional","tags":["dac"],"rank":0},"bbox":[15.2642,47.88879,16.20884,48.38856]},{"type":"Feature","geometry":{"type":"Polygon","coordinates":[[[16.72094,47.73533],[16.72151,47.7226],[16.74903,47.68142],[16.82833,47.68272],[16.8321,47.68814],[16.8328,47.69158],[16.83906,47.70457],[16.84106,47.70579],[16.84859,47.70863],[16.85552,47.71106],[16.85661,47.71251],[16.86056,47.71547],[16.86442,47.71881],[16.8669,47.72164],[16.86882,47.72134],[16.87164,47.6901],[16.87515,47.68834],[16.91254,47.68768],[16.91276,47.68778],[16.94902,47.69159],[16.95933,47.69271],[16.97644,47.69448],[17.04014,47.70432],[17.07127,47.70665],[17.09307,47.70824],[17.07774,47.72051],[17.07424,47.72312],[17.07027,47.7282],[17.07071,47.73177],[17.07042,47.7342],[17.07099,47.73892],[17.07076,47.74994],[17.07037,47.75399],[17.06971,47.75728],[17.06841,47.75711],[17.06562,47.76687],[17.06717,47.76688],[17.0638,47.77781],[17.06084,47.77764],[17.0582,47.78615],[17.05435,47.79065],[17.05096,47.79397],[17.05357,47.79755],[17.06136,47.80194],[17.0718,47.8082],[17.07445,47.80826],[17.06835,47.81317],[17.0632,47.81698],[17.05973,47.82015],[17.06084,47.82273],[17.04691,47.82835],[17.04972,47.83122],[17.0466,47.83288],[17.05154,47.83789],[17.04384,47.84169],[17.01126,47.85736],[17.00995,47.85834],[17.01157,47.86013],[17.01622,47.86747],[17.01775,47.8684],[17.02887,47.8677],[17.03762,47.86792],[17.04004,47.86681],[17.0496,47.87006],[17.04871,47.8719],[17.0627,47.87371],[17.0778,47.87755],[17.08044,47.87445],[17.08519,47.87444],[17.10417,47.89925],[17.10078,47.90101],[17.09748,47.90349],[17.09561,47.90429],[17.09731,47.9053],[17.09629,47.90612],[17.10275,47.91046],[17.10906,47.92148],[17.11269,47.92735],[17.10232,47.93108],[17.09091,47.93439],[17.09649,47.93939],[17.09757,47.9398],[17.10058,47.942],[17.1028,47.9452],[17.10641,47.94804],[17.10782,47.94952],[17.10903,47.95292],[17.10996,47.95436],[17.11247,47.95648],[17.11414,47.95878],[17.11605,47.95976],[17.11689,47.96095],[17.11199,47.96354],[17.1105,47.96401],[17.10822,47.96346],[17.10445,47.96591],[17.09967,47.96718],[17.09661,47.96865],[17.09466,47.97087],[17.10513,47.97589],[17.11193,47.97947],[17.11423,47.98102],[17.11666,47.9834],[17.11986,47.98531],[17.12464,47.98726],[17.13138,47.99082],[17.13505,47.99333],[17.1342,47.99399],[17.13958,47.9964],[17.14445,47.99899],[17.14758,48.00046],[17.15255,48.00246],[17.15697,48.00404],[17.1608,48.00666],[17.15006,48.01357],[17.14827,48.01507],[17.14384,48.02019],[17.14231,48.01954],[17.14004,48.02072],[17.13744,48.02258],[17.13637,48.02292],[17.13301,48.02239],[17.13083,48.02298],[17.12672,48.02094],[17.12203,48.02417],[17.12029,48.02598],[17.11739,48.02825],[17.11501,48.02962],[17.11005,48.03123],[17.08986,48.01979],[17.08816,48.02177],[17.08483,48.02385],[17.08034,48.02589],[17.0779,48.02647],[17.06741,48.03144],[17.07507,48.03578],[17.07424,48.03635],[17.08197,48.04126],[17.08779,48.04568],[17.08569,48.04929],[17.08427,48.05039],[17.07953,48.05134],[17.07395,48.05288],[17.06824,48.0554],[17.07016,48.05701],[17.0717,48.05625],[17.07549,48.05907],[17.08679,48.06537],[17.07223,48.07046],[17.07891,48.07824],[17.07155,48.08093],[17.07485,48.08265],[17.07313,48.08338],[17.07456,48.08592],[17.07643,48.08621],[17.08963,48.09224],[17.09132,48.09057],[17.09317,48.09142],[17.08776,48.09656],[17.09271,48.09965],[17.08372,48.10301],[17.08333,48.10253],[17.07741,48.10596],[17.07907,48.1079],[17.07287,48.1103],[17.07707,48.11511],[17.07428,48.11449],[17.07277,48.11454],[17.06856,48.11617],[17.06808,48.11803],[17.06674,48.11868],[17.06276,48.11402],[17.06215,48.11269],[17.06301,48.11073],[17.06238,48.10914],[17.05515,48.10705],[17.04633,48.10282],[17.04272,48.10132],[17.04223,48.10003],[17.04245,48.09774],[17.04198,48.0953],[17.03855,48.09425],[17.03658,48.09028],[17.03477,48.08573],[17.03135,48.08636],[17.01355,48.09111],[17.01086,48.08932],[17.00978,48.089],[17.00389,48.09055],[17.00229,48.0913],[17.0043,48.0926],[17.01538,48.0939],[17.01849,48.09488],[17.01767,48.09634],[17.01809,48.09767],[17.0231,48.09907],[17.02477,48.10011],[17.02176,48.10325],[17.02053,48.10381],[17.01827,48.1037],[17.01454,48.10288],[17.01102,48.10268],[17.00892,48.10199],[17.00532,48.09946],[17.00314,48.09984],[16.99978,48.10658],[16.99816,48.10825],[16.99083,48.11006],[16.98891,48.11074],[16.98617,48.11125],[16.98471,48.11066],[16.98533,48.10733],[16.98375,48.10541],[16.97968,48.10368],[16.97685,48.10346],[16.97564,48.10467],[16.974,48.10451],[16.97248,48.10255],[16.96909,48.09749],[16.96915,48.09565],[16.9769,48.09499],[16.9808,48.09393],[16.98769,48.08876],[16.99557,48.08587],[16.99845,48.08441],[17.00488,48.08044],[17.01003,48.0776],[17.01325,48.07499],[17.01334,48.07403],[17.01253,48.07248],[17.00863,48.06739],[17.00578,48.06332],[16.99743,48.05639],[16.99451,48.05172],[16.98958,48.04021],[16.9874,48.03605],[16.9871,48.03405],[16.98471,48.02948],[16.98117,48.02535],[16.97891,48.02348],[16.97666,48.02371],[16.97515,48.02507],[16.97288,48.02614],[16.96966,48.02579],[16.96964,48.0268],[16.96876,48.02838],[16.96869,48.02964],[16.97083,48.03235],[16.9716,48.03499],[16.97288,48.03583],[16.9734,48.03397],[16.97506,48.0345],[16.97482,48.03534],[16.97054,48.03976],[16.96853,48.04041],[16.966,48.04023],[16.96348,48.04076],[16.96109,48.04312],[16.95784,48.04414],[16.95516,48.04528],[16.9519,48.04616],[16.94992,48.0464],[16.94332,48.04635],[16.9378,48.04739],[16.93063,48.04841],[16.92875,48.04987],[16.92376,48.05038],[16.92115,48.05034],[16.91824,48.05198],[16.91774,48.05328],[16.91612,48.0547],[16.91568,48.05604],[16.91604,48.05734],[16.91731,48.05944],[16.91988,48.06219],[16.91984,48.06343],[16.91708,48.06654],[16.91076,48.06868],[16.90549,48.07019],[16.90099,48.07097],[16.89584,48.07208],[16.89376,48.07276],[16.89028,48.07276],[16.88882,48.07113],[16.88564,48.0701],[16.88343,48.06869],[16.88202,48.06836],[16.88012,48.06872],[16.8752,48.07083],[16.87337,48.07106],[16.87216,48.07062],[16.86844,48.06775],[16.86639,48.06557],[16.86321,48.0637],[16.86209,48.06274],[16.86167,48.06069],[16.86091,48.06014],[16.85816,48.06001],[16.85556,48.05613],[16.85479,48.05568],[16.85179,48.05638],[16.84939,48.05631],[16.8467,48.05524],[16.84376,48.05248],[16.84347,48.0496],[16.84179,48.04851],[16.84172,48.04659],[16.8371,48.04428],[16.83388,48.04402],[16.83037,48.04229],[16.82789,48.03991],[16.83276,48.03811],[16.83414,48.0381],[16.83638,48.03713],[16.83661,48.03654],[16.83687,48.03215],[16.83644,48.03142],[16.83097,48.0293],[16.82838,48.02791],[16.82548,48.02804],[16.8221,48.02896],[16.82152,48.02949],[16.81909,48.02997],[16.81542,48.02996],[16.81353,48.02822],[16.8119,48.02827],[16.81022,48.02944],[16.80924,48.02765],[16.80696,48.02874],[16.80486,48.02759],[16.80405,48.02865],[16.80192,48.02844],[16.79847,48.02867],[16.7977,48.02527],[16.79636,48.0245],[16.79056,48.02229],[16.78708,48.02182],[16.78439,48.02302],[16.78264,48.0228],[16.78213,48.02113],[16.78096,48.02059],[16.77745,48.02052],[16.77463,48.02006],[16.77194,48.01817],[16.76853,48.01758],[16.76411,48.01499],[16.75848,48.01344],[16.75358,48.01264],[16.75136,48.01341],[16.74894,48.01275],[16.74763,48.01304],[16.74678,48.01413],[16.74521,48.01408],[16.74291,48.01331],[16.73954,48.0136],[16.73882,48.0128],[16.74037,48.01193],[16.73889,48.01099],[16.73763,48.01101],[16.73491,48.01263],[16.73428,48.01245],[16.72976,48.00976],[16.72515,48.0097],[16.72416,48.01014],[16.71793,48.012],[16.71568,48.0118],[16.71378,48.01266],[16.71179,48.01295],[16.70714,48.01221],[16.70679,48.01064],[16.70491,48.01046],[16.70443,48.01216],[16.7025,48.01207],[16.70116,48.01089],[16.70038,48.00859],[16.69984,48.00183],[16.69979,47.99043],[16.69908,47.98931],[16.69524,47.98959],[16.69446,47.98681],[16.69418,47.983],[16.69459,47.98148],[16.69841,47.97765],[16.69968,47.97586],[16.70061,47.97585],[16.70586,47.9712],[16.70952,47.96737],[16.71317,47.96545],[16.7182,47.96392],[16.72078,47.96176],[16.72377,47.95923],[16.72936,47.95792],[16.73273,47.95688],[16.73516,47.95562],[16.74145,47.94985],[16.74855,47.94759],[16.75158,47.94589],[16.76013,47.93853],[16.7869,47.91664],[16.80368,47.90298],[16.8006,47.90039],[16.76641,47.86842],[16.74799,47.85117],[16.74173,47.84598],[16.73977,47.84357],[16.73144,47.80951],[16.72412,47.78212],[16.7198,47.76499],[16.71923,47.76107],[16.72094,47.73533]]]},"properties":{"idApp":926010,"aopId":"neusiedlersee","name":"Neusiedlersee","nameJa":"ノイジードラーゼー","kind":"regional","tags":["dac"],"rank":0},"bbox":[16.69418,47.68142,17.1608,48.11868]},{"type":"Feature","geometry":{"type":"MultiPolygon","coordinates":[[[[15.73177,48.38367],[15.73262,48.38449],[15.73452,48.38515],[15.7368,48.38518],[15.74115,48.3844],[15.7444,48.38428],[15.74783,48.38385],[15.74774,48.38569],[15.75046,48.38632],[15.75585,48.38856],[15.75898,48.38683],[15.7612,48.38526],[15.76521,48.38537],[15.77212,48.38107],[15.77498,48.3779],[15.7786,48.37217],[15.78068,48.37093],[15.78396,48.36679],[15.78742,48.36686],[15.78947,48.36719],[15.7953,48.36877],[15.79622,48.36626],[15.79985,48.36377],[15.80011,48.3555],[15.80825,48.35568],[15.80844,48.35974],[15.81421,48.35922],[15.81548,48.36533],[15.82556,48.36391],[15.83139,48.36736],[15.8343,48.36877],[15.83824,48.3693],[15.84151,48.36864],[15.84188,48.36713],[15.84037,48.36292],[15.83824,48.36147],[15.8356,48.36186],[15.83422,48.3612],[15.83317,48.35987],[15.83376,48.35872],[15.83384,48.3566],[15.83014,48.35498],[15.82839,48.35501],[15.82301,48.35747],[15.81484,48.35772],[15.8094,48.35472],[15.80791,48.35025],[15.80645,48.34909],[15.82515,48.34676],[15.82459,48.33651],[15.82314,48.3356],[15.8484,48.33432],[15.85065,48.3333],[15.84966,48.33074],[15.85175,48.33036],[15.85238,48.33188],[15.85656,48.3288],[15.85253,48.32125],[15.85094,48.31622],[15.84695,48.31228],[15.84371,48.31083],[15.84167,48.31151],[15.83738,48.31011],[15.83689,48.30942],[15.83978,48.3068],[15.84035,48.30502],[15.84038,48.30245],[15.83893,48.30242],[15.83861,48.2994],[15.83913,48.29673],[15.84313,48.29477],[15.84857,48.29331],[15.85507,48.29367],[15.85748,48.29083],[15.854,48.28871],[15.84922,48.28768],[15.84429,48.28832],[15.8427,48.28921],[15.84238,48.28996],[15.83796,48.28888],[15.83835,48.28816],[15.83621,48.28703],[15.84234,48.28305],[15.84362,48.28146],[15.84635,48.27604],[15.83806,48.27369],[15.83346,48.27149],[15.83626,48.2654],[15.83161,48.26391],[15.83211,48.26123],[15.82539,48.26045],[15.82399,48.25524],[15.81887,48.25444],[15.81908,48.25042],[15.82802,48.25147],[15.82929,48.24915],[15.8404,48.2517],[15.8415,48.25138],[15.84083,48.2493],[15.84292,48.24932],[15.84309,48.24649],[15.8451,48.24696],[15.84774,48.24414],[15.84803,48.24274],[15.84708,48.24173],[15.84213,48.24051],[15.84146,48.23862],[15.84373,48.23776],[15.84367,48.23651],[15.84489,48.23598],[15.84283,48.23472],[15.84172,48.23347],[15.84104,48.23187],[15.84159,48.23076],[15.84729,48.23215],[15.8494,48.23027],[15.85141,48.23075],[15.86073,48.23004],[15.86307,48.2296],[15.86442,48.23169],[15.87031,48.23281],[15.87145,48.2332],[15.87463,48.23272],[15.8766,48.23297],[15.88343,48.23218],[15.88486,48.23217],[15.88468,48.23682],[15.88417,48.23948],[15.88419,48.24212],[15.88625,48.24183],[15.88873,48.24454],[15.89213,48.24408],[15.89384,48.24976],[15.89329,48.2508],[15.88989,48.25111],[15.88806,48.25442],[15.88748,48.25715],[15.88761,48.25842],[15.8893,48.25967],[15.8935,48.2611],[15.9088,48.26402],[15.9131,48.265],[15.91448,48.26005],[15.92026,48.26247],[15.92457,48.26063],[15.92861,48.26087],[15.93021,48.25781],[15.93452,48.25613],[15.93887,48.2552],[15.93989,48.25635],[15.94481,48.26076],[15.94782,48.26241],[15.95102,48.26312],[15.95796,48.25888],[15.9616,48.25417],[15.95471,48.25451],[15.95629,48.25194],[15.9591,48.25144],[15.95929,48.24987],[15.96059,48.25009],[15.96085,48.2489],[15.96309,48.24878],[15.96196,48.24777],[15.95613,48.24481],[15.94737,48.23975],[15.94746,48.23873],[15.95478,48.23956],[15.95969,48.23984],[15.96719,48.23857],[15.96937,48.23836],[15.97325,48.23909],[15.97454,48.2354],[15.97749,48.23591],[15.98106,48.23275],[15.97603,48.23188],[15.97711,48.22861],[15.97697,48.22757],[15.97406,48.22654],[15.97526,48.22544],[15.97626,48.22338],[15.97993,48.22232],[15.98142,48.22265],[15.98488,48.22232],[15.98733,48.22283],[15.98698,48.22104],[15.9876,48.21936],[15.99119,48.21649],[15.99261,48.21601],[15.99469,48.21417],[15.99381,48.2115],[15.9945,48.21039],[15.99909,48.20894],[16.00248,48.20873],[16.00293,48.20721],[16.00126,48.20601],[16.00141,48.20478],[16.00416,48.20251],[16.00509,48.20009],[16.00529,48.19859],[16.00651,48.19739],[16.01068,48.19761],[16.01275,48.19669],[16.0146,48.19639],[16.01819,48.19744],[16.02027,48.19913],[16.02199,48.2001],[16.02377,48.20057],[16.03375,48.20146],[16.03383,48.20359],[16.03331,48.20464],[16.03367,48.20622],[16.03304,48.208],[16.03504,48.20819],[16.03843,48.20779],[16.04213,48.20811],[16.04306,48.20909],[16.03925,48.21135],[16.03722,48.2121],[16.03188,48.21318],[16.02773,48.21332],[16.01974,48.21453],[16.01561,48.21577],[16.01454,48.21637],[16.01369,48.21879],[16.01136,48.21984],[16.0113,48.22287],[16.01493,48.22379],[16.01759,48.22406],[16.0192,48.22372],[16.0211,48.22227],[16.02242,48.22201],[16.0261,48.22239],[16.02804,48.22109],[16.03248,48.21947],[16.03472,48.21964],[16.04062,48.21897],[16.0422,48.21936],[16.04326,48.22115],[16.0415,48.22369],[16.04177,48.22475],[16.04692,48.22643],[16.04701,48.22761],[16.04794,48.22944],[16.05032,48.23116],[16.05467,48.23543],[16.05558,48.23593],[16.05861,48.23655],[16.06033,48.23527],[16.06203,48.23524],[16.0636,48.23419],[16.06781,48.23556],[16.07012,48.23678],[16.0702,48.23766],[16.06806,48.23896],[16.06577,48.23906],[16.06233,48.23869],[16.06333,48.24043],[16.06588,48.2414],[16.06565,48.2427],[16.06335,48.24496],[16.06437,48.24759],[16.06522,48.24783],[16.06772,48.24631],[16.07171,48.24719],[16.07211,48.24616],[16.07488,48.24313],[16.07678,48.24183],[16.07912,48.2413],[16.08245,48.24207],[16.0847,48.24319],[16.08553,48.24471],[16.0852,48.24632],[16.08644,48.24699],[16.08688,48.24869],[16.08518,48.25035],[16.0786,48.25443],[16.08448,48.25474],[16.08861,48.25635],[16.09028,48.25556],[16.08988,48.25291],[16.08877,48.24975],[16.09187,48.24915],[16.0933,48.24796],[16.09234,48.24548],[16.09383,48.24357],[16.09903,48.24363],[16.10196,48.24343],[16.10422,48.24298],[16.10597,48.24361],[16.10832,48.24344],[16.11143,48.24219],[16.11432,48.24163],[16.11953,48.24098],[16.12175,48.24092],[16.12126,48.24343],[16.11808,48.24563],[16.11767,48.24739],[16.11517,48.24853],[16.11217,48.24897],[16.11135,48.24972],[16.11167,48.25206],[16.1148,48.2541],[16.11591,48.25643],[16.11927,48.25736],[16.11996,48.25831],[16.11993,48.25978],[16.12072,48.26003],[16.12409,48.25864],[16.12678,48.25784],[16.1282,48.2584],[16.1321,48.25848],[16.13542,48.25733],[16.13858,48.25742],[16.13733,48.25938],[16.14053,48.2612],[16.14179,48.26314],[16.14123,48.26532],[16.13917,48.26803],[16.13547,48.26829],[16.13499,48.26866],[16.13681,48.27181],[16.14153,48.27128],[16.14196,48.27161],[16.13995,48.27377],[16.14009,48.27458],[16.14254,48.27566],[16.14369,48.27568],[16.14718,48.27421],[16.14923,48.27089],[16.14937,48.26832],[16.15136,48.26774],[16.15278,48.26678],[16.15706,48.26572],[16.15996,48.26603],[16.16355,48.26552],[16.16318,48.26775],[16.16415,48.27075],[16.16572,48.27372],[16.16614,48.27557],[16.16228,48.27914],[16.15948,48.27894],[16.15828,48.27958],[16.15939,48.28038],[16.16399,48.27981],[16.16533,48.27987],[16.17034,48.28104],[16.17193,48.28194],[16.17396,48.28234],[16.17609,48.28331],[16.17675,48.28297],[16.17603,48.278],[16.17653,48.27619],[16.17773,48.27548],[16.18298,48.27435],[16.19027,48.27027],[16.19459,48.2683],[16.19917,48.26708],[16.2019,48.26694],[16.20227,48.26524],[16.20852,48.26258],[16.21039,48.26191],[16.21368,48.25927],[16.21488,48.25873],[16.21975,48.25778],[16.22207,48.25665],[16.22643,48.25355],[16.23013,48.25143],[16.23352,48.24981],[16.23671,48.24855],[16.23984,48.24762],[16.23973,48.24611],[16.23758,48.243],[16.2374,48.24109],[16.23866,48.24049],[16.24392,48.2389],[16.2454,48.23896],[16.24743,48.2398],[16.25176,48.24012],[16.25638,48.23954],[16.25782,48.24071],[16.2582,48.24184],[16.25949,48.24322],[16.26353,48.24672],[16.26544,48.24792],[16.26636,48.24999],[16.26887,48.25141],[16.2695,48.25254],[16.26798,48.2535],[16.26517,48.25385],[16.26384,48.2544],[16.26568,48.2556],[16.27181,48.25643],[16.27851,48.25864],[16.28202,48.25945],[16.28561,48.26072],[16.29022,48.26278],[16.29098,48.26339],[16.29087,48.26461],[16.28982,48.26536],[16.28689,48.26628],[16.28659,48.26792],[16.28879,48.27065],[16.29177,48.27171],[16.29616,48.27281],[16.2998,48.27338],[16.30314,48.27261],[16.30555,48.2725],[16.30988,48.27371],[16.31358,48.2754],[16.316,48.27758],[16.31928,48.27898],[16.32361,48.27914],[16.329,48.27883],[16.33481,48.28029],[16.34076,48.2816],[16.34797,48.28448],[16.34437,48.28802],[16.34543,48.28946],[16.34652,48.28974],[16.34951,48.28943],[16.35328,48.2848],[16.35455,48.28437],[16.35873,48.2842],[16.35302,48.29072],[16.34856,48.29641],[16.34477,48.30156],[16.34384,48.30513],[16.34271,48.3137],[16.34154,48.31785],[16.33743,48.32307],[16.33656,48.32357],[16.33452,48.32322],[16.33077,48.32936],[16.32843,48.33248],[16.32703,48.33387],[16.32231,48.3365],[16.31708,48.33856],[16.30461,48.34423],[16.30055,48.34551],[16.29443,48.34802],[16.29236,48.34915],[16.29354,48.35152],[16.29315,48.35206],[16.28921,48.35391],[16.28892,48.35473],[16.28492,48.35549],[16.2825,48.35636],[16.27821,48.35697],[16.27709,48.35742],[16.27439,48.35976],[16.27172,48.35914],[16.26702,48.35762],[16.26389,48.35599],[16.26183,48.35402],[16.26013,48.35376],[16.25875,48.35423],[16.2505,48.35491],[16.24317,48.35602],[16.23892,48.35625],[16.23438,48.35704],[16.22859,48.36022],[16.22836,48.36354],[16.22773,48.36501],[16.22211,48.36544],[16.22102,48.36335],[16.22454,48.3626],[16.22704,48.35774],[16.22743,48.35641],[16.22447,48.35398],[16.22127,48.3525],[16.21972,48.35243],[16.21458,48.35566],[16.21427,48.35703],[16.21188,48.35901],[16.20879,48.35852],[16.20362,48.35865],[16.19919,48.35906],[16.195,48.36206],[16.18797,48.36663],[16.18673,48.36591],[16.18563,48.36371],[16.18299,48.36188],[16.18026,48.36202],[16.17813,48.3632],[16.17806,48.36505],[16.17723,48.36605],[16.17457,48.36644],[16.17318,48.36514],[16.17133,48.36446],[16.16579,48.36294],[16.16528,48.36221],[16.16627,48.35883],[16.16749,48.35754],[16.16685,48.35652],[16.16278,48.35604],[16.14801,48.3531],[16.14582,48.35308],[16.1456,48.35426],[16.14701,48.35484],[16.1476,48.35642],[16.14616,48.35754],[16.1429,48.35751],[16.14051,48.35709],[16.13878,48.35567],[16.13608,48.35463],[16.13407,48.35439],[16.13119,48.35342],[16.12815,48.35047],[16.12681,48.35041],[16.12526,48.34935],[16.12781,48.34907],[16.13071,48.34812],[16.13261,48.34608],[16.13579,48.34465],[16.12963,48.34336],[16.12677,48.34518],[16.12083,48.34339],[16.11883,48.34356],[16.11709,48.34446],[16.11299,48.34397],[16.11102,48.34253],[16.10854,48.34307],[16.10733,48.3461],[16.10476,48.34801],[16.10145,48.34959],[16.10017,48.35225],[16.09689,48.35505],[16.09353,48.35692],[16.09166,48.35954],[16.08986,48.35905],[16.08649,48.35944],[16.08574,48.36039],[16.087,48.36357],[16.08576,48.36535],[16.08406,48.36555],[16.08374,48.36467],[16.08447,48.36318],[16.08356,48.36205],[16.07737,48.36203],[16.0736,48.36267],[16.07244,48.35953],[16.07653,48.35799],[16.07456,48.35594],[16.07462,48.35504],[16.07605,48.35391],[16.07655,48.35243],[16.07397,48.35254],[16.07253,48.35382],[16.07019,48.35525],[16.07362,48.35715],[16.07322,48.35821],[16.07062,48.35883],[16.06862,48.36004],[16.06632,48.36327],[16.06243,48.36558],[16.05793,48.36626],[16.06244,48.37093],[16.06159,48.37131],[16.05528,48.37157],[16.05284,48.3708],[16.04713,48.37043],[16.0417,48.36985],[16.04098,48.37358],[16.04443,48.37341],[16.04946,48.3735],[16.04949,48.37522],[16.05413,48.37556],[16.05618,48.38083],[16.04907,48.382],[16.04915,48.38508],[16.04735,48.385],[16.04739,48.38933],[16.04759,48.38985],[16.05126,48.3888],[16.05403,48.38926],[16.05488,48.39016],[16.05575,48.39456],[16.05943,48.39437],[16.05545,48.39877],[16.05277,48.39882],[16.05048,48.39939],[16.04917,48.40075],[16.04958,48.40538],[16.04589,48.40571],[16.04579,48.41971],[16.05025,48.43022],[16.04568,48.4308],[16.04575,48.43124],[16.03874,48.43156],[16.03721,48.42891],[16.03111,48.42973],[16.03173,48.43124],[16.02601,48.4314],[16.02616,48.43234],[16.01952,48.43279],[16.01965,48.43316],[16.01835,48.43835],[16.01719,48.44072],[16.01715,48.44205],[16.01885,48.45423],[16.01721,48.45479],[16.01201,48.45569],[16.0108,48.45659],[16.01232,48.45899],[16.02415,48.46796],[16.0249,48.46899],[16.02566,48.47277],[16.02678,48.47391],[16.02887,48.47748],[16.03008,48.47873],[16.02694,48.48312],[16.02597,48.48369],[16.02609,48.48833],[16.02648,48.48948],[16.02591,48.49157],[16.02495,48.49222],[16.02518,48.49436],[16.0223,48.49567],[16.01839,48.49663],[16.01502,48.49692],[16.00696,48.49599],[16.00278,48.49577],[15.99967,48.4944],[15.99007,48.49963],[15.98797,48.49957],[15.98461,48.49548],[15.97991,48.49624],[15.97598,48.49001],[15.96899,48.48831],[15.9634,48.49159],[15.95825,48.48974],[15.95124,48.48831],[15.94915,48.48721],[15.94642,48.48623],[15.94171,48.48526],[15.93933,48.48424],[15.93562,48.48588],[15.9339,48.48487],[15.93266,48.4824],[15.92966,48.47886],[15.92773,48.48051],[15.92615,48.47948],[15.92503,48.48033],[15.92004,48.48079],[15.91702,48.48026],[15.91068,48.47746],[15.9094,48.47908],[15.90677,48.48354],[15.9056,48.48682],[15.90474,48.49227],[15.90556,48.49448],[15.89773,48.49543],[15.89213,48.49591],[15.88443,48.49576],[15.87699,48.49534],[15.87459,48.49462],[15.87177,48.49312],[15.87031,48.49306],[15.86515,48.49472],[15.86149,48.49528],[15.85777,48.49512],[15.8556,48.49347],[15.8523,48.48943],[15.85596,48.48849],[15.85319,48.48358],[15.84844,48.4852],[15.84501,48.48547],[15.84188,48.48623],[15.84061,48.48716],[15.84328,48.49003],[15.83688,48.49194],[15.83063,48.49191],[15.82677,48.49314],[15.82315,48.49332],[15.82077,48.49371],[15.81695,48.49482],[15.81345,48.49686],[15.81034,48.49515],[15.80945,48.4953],[15.80542,48.4931],[15.80585,48.49198],[15.80593,48.48838],[15.80321,48.48769],[15.80383,48.48675],[15.80325,48.48582],[15.80119,48.48655],[15.79382,48.48756],[15.79235,48.48835],[15.79052,48.48781],[15.78693,48.48628],[15.78335,48.4853],[15.78104,48.48315],[15.78342,48.48093],[15.78502,48.47548],[15.78038,48.47178],[15.7792,48.46945],[15.77846,48.46362],[15.77674,48.4617],[15.77409,48.45968],[15.7735,48.45787],[15.77328,48.45441],[15.77272,48.4497],[15.77181,48.44672],[15.76808,48.44153],[15.76345,48.4423],[15.7616,48.44084],[15.75949,48.43871],[15.76569,48.43667],[15.76432,48.43491],[15.76429,48.43292],[15.76522,48.42996],[15.76575,48.42471],[15.76523,48.4225],[15.76281,48.42051],[15.75979,48.4151],[15.7592,48.41368],[15.7578,48.41266],[15.75535,48.41179],[15.75013,48.41054],[15.75048,48.40744],[15.74969,48.40311],[15.74759,48.39852],[15.74666,48.39783],[15.74313,48.39743],[15.73824,48.39648],[15.7355,48.3972],[15.73475,48.39783],[15.73071,48.39893],[15.73004,48.39823],[15.73001,48.39651],[15.72875,48.39597],[15.72864,48.39472],[15.72758,48.39374],[15.72451,48.39253],[15.72179,48.39331],[15.71783,48.39405],[15.7141,48.39334],[15.71201,48.39231],[15.71826,48.39165],[15.72063,48.39088],[15.72127,48.38951],[15.71993,48.38698],[15.72556,48.38393],[15.72629,48.38643],[15.72701,48.38727],[15.73048,48.38732],[15.73156,48.38597],[15.73177,48.38367]]],[[[16.50206,48.29036],[16.50262,48.29214],[16.50929,48.30628],[16.51186,48.31113],[16.51341,48.31353],[16.51931,48.32011],[16.52235,48.32331],[16.52482,48.32639],[16.5259,48.32817],[16.52217,48.32888],[16.51715,48.33113],[16.50533,48.33804],[16.50387,48.33965],[16.5018,48.34086],[16.49517,48.34422],[16.48855,48.34801],[16.48334,48.3505],[16.47573,48.34571],[16.47408,48.3453],[16.46774,48.34676],[16.46489,48.34841],[16.4626,48.34563],[16.46192,48.34375],[16.46211,48.33879],[16.46139,48.33621],[16.46305,48.33425],[16.46157,48.33156],[16.4585,48.33108],[16.45406,48.3309],[16.44837,48.33125],[16.44633,48.33123],[16.44395,48.33167],[16.44295,48.33101],[16.43946,48.3325],[16.43153,48.33421],[16.43085,48.33253],[16.42589,48.33397],[16.42259,48.32925],[16.41695,48.33077],[16.41232,48.33171],[16.41211,48.32677],[16.42123,48.32632],[16.42534,48.32556],[16.42708,48.3248],[16.42707,48.32038],[16.43395,48.31742],[16.43803,48.31643],[16.43785,48.31265],[16.43796,48.30993],[16.44017,48.30315],[16.4401,48.29602],[16.4402,48.29186],[16.44832,48.28822],[16.45202,48.28644],[16.45957,48.28304],[16.46058,48.2829],[16.46471,48.28084],[16.47205,48.27686],[16.47719,48.27374],[16.48164,48.27297],[16.48094,48.27488],[16.48362,48.27887],[16.48336,48.2794],[16.48355,48.28475],[16.48334,48.28599],[16.48237,48.28757],[16.48186,48.28976],[16.48091,48.29215],[16.48129,48.2944],[16.48984,48.29306],[16.49509,48.29238],[16.50206,48.29036]]]]},"properties":{"idApp":926005,"aopId":"wagram","name":"Wagram","nameJa":"ヴァーグラム","kind":"regional","tags":["dac"],"rank":0},"bbox":[15.71201,48.19639,16.5259,48.49963]},{"type":"Feature","geometry":{"type":"Polygon","coordinates":[[[16.51791,47.94354],[16.52056,47.94018],[16.52225,47.93631],[16.52342,47.93485],[16.52481,47.934],[16.52635,47.93215],[16.52896,47.93002],[16.53155,47.92874],[16.5327,47.9278],[16.53408,47.92586],[16.54005,47.92148],[16.54105,47.91943],[16.54327,47.91736],[16.54624,47.91574],[16.54771,47.91339],[16.55284,47.90981],[16.55364,47.90706],[16.55635,47.90285],[16.56064,47.90057],[16.56329,47.89979],[16.56642,47.89948],[16.5687,47.89716],[16.57144,47.89525],[16.57336,47.89335],[16.57469,47.89139],[16.5746,47.88847],[16.57549,47.88732],[16.57794,47.88691],[16.58078,47.88876],[16.58238,47.89062],[16.58563,47.89596],[16.58875,47.90214],[16.59141,47.90333],[16.59656,47.90433],[16.60057,47.90635],[16.60141,47.90733],[16.60447,47.90959],[16.60728,47.91336],[16.61095,47.91636],[16.61635,47.92029],[16.62044,47.92368],[16.62502,47.92692],[16.62985,47.92836],[16.63096,47.9291],[16.63132,47.93098],[16.63016,47.93326],[16.62961,47.93544],[16.62971,47.93846],[16.63019,47.94401],[16.631,47.94514],[16.63459,47.94641],[16.63847,47.94692],[16.64395,47.94929],[16.64581,47.94964],[16.65046,47.94995],[16.65202,47.9505],[16.65267,47.95152],[16.65281,47.95577],[16.65394,47.95745],[16.65647,47.95921],[16.65788,47.95975],[16.65958,47.95973],[16.66214,47.9578],[16.66307,47.95769],[16.66733,47.9607],[16.66843,47.96101],[16.67791,47.9605],[16.67961,47.96052],[16.68289,47.96142],[16.68586,47.9625],[16.69448,47.96408],[16.69871,47.96566],[16.70016,47.96762],[16.70037,47.97389],[16.69968,47.97586],[16.69841,47.97765],[16.69459,47.98148],[16.69418,47.983],[16.69446,47.98681],[16.69524,47.98959],[16.69908,47.98931],[16.69979,47.99043],[16.69984,48.00183],[16.70038,48.00859],[16.70116,48.01089],[16.7025,48.01207],[16.70443,48.01216],[16.70491,48.01046],[16.70679,48.01064],[16.70714,48.01221],[16.71179,48.01295],[16.71378,48.01266],[16.71568,48.0118],[16.71793,48.012],[16.72416,48.01014],[16.72515,48.0097],[16.72976,48.00976],[16.73428,48.01245],[16.73491,48.01263],[16.73763,48.01101],[16.73889,48.01099],[16.74037,48.01193],[16.73882,48.0128],[16.73954,48.0136],[16.74291,48.01331],[16.74521,48.01408],[16.74678,48.01413],[16.74763,48.01304],[16.74894,48.01275],[16.75136,48.01341],[16.75358,48.01264],[16.75848,48.01344],[16.76411,48.01499],[16.76853,48.01758],[16.77194,48.01817],[16.77463,48.02006],[16.77745,48.02052],[16.78096,48.02059],[16.78213,48.02113],[16.78264,48.0228],[16.78439,48.02302],[16.78708,48.02182],[16.79056,48.02229],[16.79636,48.0245],[16.7977,48.02527],[16.79847,48.02867],[16.80192,48.02844],[16.80405,48.02865],[16.80486,48.02759],[16.80696,48.02874],[16.80924,48.02765],[16.81022,48.02944],[16.8119,48.02827],[16.81353,48.02822],[16.81542,48.02996],[16.81909,48.02997],[16.82152,48.02949],[16.8221,48.02896],[16.82548,48.02804],[16.82838,48.02791],[16.83097,48.0293],[16.83644,48.03142],[16.83687,48.03215],[16.83661,48.03654],[16.83638,48.03713],[16.83414,48.0381],[16.83276,48.03811],[16.82789,48.03991],[16.83037,48.04229],[16.83388,48.04402],[16.8371,48.04428],[16.84172,48.04659],[16.84179,48.04851],[16.84347,48.0496],[16.84376,48.05248],[16.8467,48.05524],[16.84939,48.05631],[16.85179,48.05638],[16.85479,48.05568],[16.85556,48.05613],[16.85816,48.06001],[16.86091,48.06014],[16.86167,48.06069],[16.86209,48.06274],[16.86321,48.0637],[16.86639,48.06557],[16.86844,48.06775],[16.87216,48.07062],[16.87337,48.07106],[16.8752,48.07083],[16.88012,48.06872],[16.88202,48.06836],[16.88343,48.06869],[16.88564,48.0701],[16.88882,48.07113],[16.89028,48.07276],[16.89376,48.07276],[16.89584,48.07208],[16.90099,48.07097],[16.90549,48.07019],[16.91076,48.06868],[16.91708,48.06654],[16.91984,48.06343],[16.91988,48.06219],[16.91731,48.05944],[16.91604,48.05734],[16.91568,48.05604],[16.91612,48.0547],[16.91774,48.05328],[16.91824,48.05198],[16.92115,48.05034],[16.92376,48.05038],[16.92875,48.04987],[16.93063,48.04841],[16.9378,48.04739],[16.94332,48.04635],[16.94992,48.0464],[16.9519,48.04616],[16.95516,48.04528],[16.95784,48.04414],[16.96109,48.04312],[16.96348,48.04076],[16.966,48.04023],[16.96853,48.04041],[16.97054,48.03976],[16.97482,48.03534],[16.97506,48.0345],[16.9734,48.03397],[16.97288,48.03583],[16.9716,48.03499],[16.97083,48.03235],[16.96869,48.02964],[16.96876,48.02838],[16.96964,48.0268],[16.96966,48.02579],[16.97288,48.02614],[16.97515,48.02507],[16.97666,48.02371],[16.97891,48.02348],[16.98117,48.02535],[16.98471,48.02948],[16.9871,48.03405],[16.9874,48.03605],[16.98958,48.04021],[16.99451,48.05172],[16.99743,48.05639],[17.00578,48.06332],[17.00863,48.06739],[17.01253,48.07248],[17.01334,48.07403],[17.01325,48.07499],[17.01003,48.0776],[17.00488,48.08044],[16.99845,48.08441],[16.99557,48.08587],[16.98769,48.08876],[16.9808,48.09393],[16.9769,48.09499],[16.96915,48.09565],[16.96909,48.09749],[16.97248,48.10255],[16.974,48.10451],[16.97564,48.10467],[16.97685,48.10346],[16.97968,48.10368],[16.98375,48.10541],[16.98533,48.10733],[16.98471,48.11066],[16.98617,48.11125],[16.98891,48.11074],[16.99083,48.11006],[16.99816,48.10825],[16.99978,48.10658],[17.00314,48.09984],[17.00532,48.09946],[17.00892,48.10199],[17.01102,48.10268],[17.01454,48.10288],[17.01827,48.1037],[17.02053,48.10381],[17.02176,48.10325],[17.02477,48.10011],[17.0231,48.09907],[17.01809,48.09767],[17.01767,48.09634],[17.01849,48.09488],[17.01538,48.0939],[17.0043,48.0926],[17.00229,48.0913],[17.00389,48.09055],[17.00978,48.089],[17.01086,48.08932],[17.01355,48.09111],[17.03135,48.08636],[17.03477,48.08573],[17.03658,48.09028],[17.03855,48.09425],[17.04198,48.0953],[17.04245,48.09774],[17.04223,48.10003],[17.04272,48.10132],[17.04633,48.10282],[17.05515,48.10705],[17.06238,48.10914],[17.06301,48.11073],[17.06215,48.11269],[17.06276,48.11402],[17.06674,48.11868],[17.06473,48.12044],[17.06278,48.12149],[17.06218,48.12303],[17.0632,48.12351],[17.0651,48.12324],[17.06796,48.12354],[17.06884,48.12412],[17.06716,48.12634],[17.06787,48.12705],[17.06628,48.1282],[17.06556,48.12935],[17.06261,48.13178],[17.06014,48.13576],[17.06163,48.136],[17.06126,48.13822],[17.05944,48.14123],[17.05738,48.14179],[17.05719,48.14373],[17.04503,48.14085],[17.03904,48.13986],[17.0338,48.1398],[17.02737,48.14074],[17.02516,48.14156],[17.02335,48.14275],[17.0185,48.14852],[17.01325,48.1529],[17.00949,48.15489],[16.99967,48.15871],[16.9938,48.16164],[16.98401,48.16815],[16.9762,48.17224],[16.96785,48.17269],[16.96537,48.17247],[16.96259,48.17173],[16.95898,48.17026],[16.95681,48.17296],[16.95456,48.17438],[16.94908,48.17603],[16.94625,48.17625],[16.94178,48.17556],[16.93769,48.17444],[16.93447,48.1728],[16.93304,48.17175],[16.9266,48.16524],[16.92492,48.1625],[16.9247,48.16081],[16.92692,48.15833],[16.92978,48.15697],[16.92988,48.15636],[16.92691,48.15468],[16.92061,48.15513],[16.91927,48.15484],[16.91372,48.15163],[16.91073,48.14949],[16.91025,48.14874],[16.90616,48.14541],[16.90342,48.14431],[16.89838,48.141],[16.89558,48.14267],[16.89237,48.14292],[16.88984,48.14363],[16.8881,48.14352],[16.8838,48.1419],[16.88226,48.14108],[16.88024,48.13904],[16.87903,48.13883],[16.87365,48.14042],[16.87319,48.14166],[16.87367,48.14442],[16.87298,48.14616],[16.87104,48.14669],[16.86719,48.14702],[16.86389,48.14639],[16.85887,48.1475],[16.85629,48.14743],[16.84831,48.14187],[16.84686,48.14005],[16.84877,48.13506],[16.84938,48.13071],[16.84907,48.1291],[16.84801,48.12792],[16.8491,48.12475],[16.84744,48.12436],[16.83454,48.12214],[16.82479,48.1206],[16.81984,48.12106],[16.81532,48.12362],[16.81281,48.12412],[16.81072,48.12396],[16.80133,48.1228],[16.79584,48.12115],[16.79099,48.11797],[16.78984,48.11646],[16.78634,48.11555],[16.76804,48.11659],[16.75584,48.12101],[16.74904,48.12976],[16.74495,48.13113],[16.74247,48.1309],[16.73997,48.12972],[16.73532,48.12846],[16.73212,48.12628],[16.72583,48.1228],[16.71846,48.12195],[16.69274,48.1181],[16.67385,48.1171],[16.67088,48.11704],[16.67037,48.11819],[16.66782,48.12199],[16.65882,48.12297],[16.65701,48.12095],[16.6541,48.11852],[16.65383,48.12712],[16.64868,48.12795],[16.64704,48.12893],[16.63656,48.13175],[16.62532,48.13373],[16.6139,48.13494],[16.61062,48.13544],[16.60207,48.14003],[16.59456,48.14284],[16.59124,48.14347],[16.5891,48.14433],[16.58646,48.14342],[16.58425,48.14306],[16.57804,48.14331],[16.57625,48.13693],[16.575,48.13612],[16.56842,48.13767],[16.5623,48.13897],[16.55291,48.14073],[16.54731,48.14218],[16.54261,48.14384],[16.54038,48.14498],[16.53781,48.14696],[16.53314,48.15101],[16.52839,48.15383],[16.51958,48.15721],[16.5142,48.15909],[16.50869,48.15767],[16.50358,48.15704],[16.49919,48.15685],[16.49256,48.15862],[16.48844,48.15537],[16.48109,48.15681],[16.4795,48.15697],[16.47755,48.15624],[16.47702,48.15482],[16.47512,48.1533],[16.46809,48.14845],[16.45513,48.14],[16.45171,48.13889],[16.44568,48.13844],[16.43345,48.13789],[16.43212,48.13141],[16.43322,48.13033],[16.43405,48.12562],[16.4366,48.12015],[16.43505,48.11997],[16.42961,48.12122],[16.42399,48.12286],[16.42244,48.12264],[16.41917,48.12092],[16.41234,48.12061],[16.41093,48.11867],[16.40814,48.11893],[16.40301,48.12198],[16.39709,48.12468],[16.38727,48.12567],[16.38556,48.11986],[16.38369,48.11584],[16.38198,48.11308],[16.38161,48.11184],[16.3845,48.11094],[16.38041,48.10685],[16.3781,48.10507],[16.3774,48.10413],[16.37539,48.09994],[16.37612,48.09935],[16.38219,48.09796],[16.39291,48.09502],[16.40275,48.09377],[16.40887,48.09265],[16.41463,48.09125],[16.41492,48.08946],[16.41026,48.08636],[16.40404,48.08348],[16.40314,48.08283],[16.40261,48.07882],[16.40272,48.07774],[16.40406,48.07435],[16.4009,48.07352],[16.40056,48.07245],[16.4043,48.06663],[16.40507,48.06456],[16.40524,48.0628],[16.40503,48.05955],[16.40536,48.0573],[16.40481,48.05555],[16.40359,48.05402],[16.40441,48.05328],[16.41036,48.05138],[16.41632,48.04973],[16.41683,48.04847],[16.41602,48.04156],[16.41455,48.03767],[16.41416,48.03589],[16.41507,48.03417],[16.41694,48.03253],[16.41706,48.02957],[16.41597,48.02462],[16.4141,48.01836],[16.41287,48.01596],[16.40919,48.01089],[16.40779,48.00692],[16.40863,48.00329],[16.40935,48.00209],[16.41239,48.00105],[16.41728,48.00066],[16.41925,48.00026],[16.42743,47.99804],[16.42994,47.99759],[16.43723,47.99509],[16.44085,47.9929],[16.44405,47.99039],[16.4466,47.98886],[16.44889,47.98791],[16.45147,47.98725],[16.45361,47.98708],[16.45705,47.98728],[16.45872,47.98984],[16.4622,47.99194],[16.46266,47.99402],[16.46736,48.00012],[16.47138,48.00349],[16.47666,48.00688],[16.47948,48.0058],[16.48139,48.0073],[16.48417,48.01003],[16.4856,48.0103],[16.48629,48.012],[16.48957,48.01617],[16.49441,48.02036],[16.49547,48.02089],[16.50082,48.02259],[16.50266,48.02458],[16.50398,48.02365],[16.50523,48.02436],[16.50734,48.02473],[16.5082,48.02366],[16.51071,48.02199],[16.52261,48.01471],[16.54774,47.99883],[16.55673,47.99471],[16.55852,47.99414],[16.55784,47.9929],[16.55587,47.99167],[16.55558,47.99044],[16.55688,47.98879],[16.5543,47.98643],[16.55378,47.98401],[16.55596,47.98016],[16.55481,47.97882],[16.55147,47.97627],[16.54785,47.97424],[16.54575,47.97253],[16.54467,47.97062],[16.54219,47.96759],[16.54158,47.96585],[16.54039,47.96407],[16.54016,47.96276],[16.53885,47.96107],[16.53863,47.95848],[16.54003,47.95561],[16.53987,47.95402],[16.539,47.95252],[16.53395,47.95104],[16.5275,47.94832],[16.5199,47.94434],[16.51791,47.94354]]]},"properties":{"idApp":926007,"aopId":"carnuntum","name":"Carnuntum","nameJa":"カルヌントゥム","kind":"regional","tags":["dac"],"rank":0},"bbox":[16.37539,47.88691,17.06884,48.17625]},{"type":"Feature","geometry":{"type":"Polygon","coordinates":[[[16.43376,47.35292],[16.43456,47.35422],[16.43735,47.35536],[16.4435,47.35617],[16.44643,47.3575],[16.44776,47.35761],[16.45233,47.35709],[16.45116,47.36049],[16.45557,47.36462],[16.45683,47.3667],[16.45688,47.36916],[16.45659,47.37229],[16.45521,47.37422],[16.45373,47.37515],[16.45117,47.37773],[16.45205,47.38112],[16.45325,47.38245],[16.45575,47.38384],[16.45729,47.3834],[16.46041,47.3832],[16.46116,47.38401],[16.45754,47.38495],[16.45715,47.38576],[16.45527,47.387],[16.45546,47.38872],[16.45124,47.39227],[16.4475,47.39784],[16.44762,47.39927],[16.4464,47.40062],[16.446,47.40201],[16.44641,47.40354],[16.44546,47.40721],[16.44686,47.40857],[16.44947,47.41007],[16.45352,47.41086],[16.45571,47.41249],[16.4571,47.41295],[16.45931,47.41288],[16.46104,47.41237],[16.4644,47.41276],[16.46603,47.41139],[16.46904,47.4105],[16.47119,47.41015],[16.47369,47.40921],[16.47597,47.40886],[16.48,47.40942],[16.48534,47.40889],[16.48749,47.40707],[16.4903,47.40556],[16.48775,47.40442],[16.48561,47.40285],[16.48396,47.40071],[16.48369,47.39939],[16.48505,47.39875],[16.48502,47.39759],[16.4887,47.39916],[16.48768,47.39762],[16.48853,47.3968],[16.48857,47.39544],[16.49309,47.39414],[16.49397,47.39589],[16.49656,47.39629],[16.49658,47.38903],[16.49874,47.39057],[16.50045,47.3911],[16.50268,47.39325],[16.5036,47.39322],[16.50694,47.3953],[16.50997,47.39652],[16.51046,47.40035],[16.50999,47.40127],[16.50815,47.40281],[16.50786,47.40501],[16.50823,47.40551],[16.51075,47.40589],[16.51369,47.40522],[16.51426,47.40574],[16.51507,47.40831],[16.51658,47.40943],[16.51691,47.41059],[16.51878,47.40992],[16.52502,47.41037],[16.52689,47.40862],[16.52829,47.40943],[16.53188,47.41036],[16.53557,47.4091],[16.53776,47.40985],[16.53996,47.41005],[16.54217,47.40865],[16.54281,47.40757],[16.545,47.40596],[16.54629,47.4056],[16.55103,47.40546],[16.5539,47.40646],[16.55687,47.40651],[16.56015,47.40698],[16.56436,47.40611],[16.56634,47.40593],[16.56954,47.40633],[16.57212,47.40576],[16.57398,47.40581],[16.57575,47.40635],[16.57658,47.40864],[16.57634,47.40991],[16.57499,47.41137],[16.57511,47.41235],[16.57881,47.41379],[16.58061,47.41417],[16.58221,47.41505],[16.58261,47.41681],[16.58138,47.41665],[16.57927,47.41786],[16.58102,47.41928],[16.58386,47.41999],[16.58644,47.41964],[16.58705,47.41891],[16.58889,47.41938],[16.58848,47.4208],[16.58738,47.42169],[16.58886,47.42257],[16.59088,47.42292],[16.59379,47.42225],[16.597,47.4229],[16.59683,47.42353],[16.60008,47.42467],[16.59991,47.42547],[16.60382,47.42553],[16.6062,47.42731],[16.60599,47.42874],[16.60703,47.42973],[16.6091,47.42948],[16.61057,47.43114],[16.61205,47.43032],[16.61365,47.43014],[16.61536,47.43241],[16.61703,47.43226],[16.61775,47.43084],[16.62036,47.43074],[16.62213,47.43463],[16.62246,47.43627],[16.6242,47.43729],[16.62593,47.4396],[16.62684,47.44164],[16.62754,47.4421],[16.63244,47.4439],[16.63441,47.4451],[16.63631,47.44583],[16.64058,47.44554],[16.64388,47.446],[16.64622,47.4466],[16.64867,47.44786],[16.6516,47.44893],[16.6491,47.4513],[16.65367,47.45277],[16.6574,47.45358],[16.66202,47.45569],[16.66089,47.45713],[16.66054,47.45969],[16.6597,47.46112],[16.66028,47.4625],[16.66177,47.46276],[16.66102,47.4638],[16.66244,47.46633],[16.664,47.46739],[16.66748,47.47193],[16.66977,47.47316],[16.67048,47.47425],[16.6695,47.47704],[16.66817,47.47927],[16.66611,47.48146],[16.66373,47.48168],[16.66229,47.48329],[16.66154,47.48574],[16.65934,47.48889],[16.657,47.49183],[16.65304,47.49851],[16.65234,47.50034],[16.65369,47.5009],[16.65556,47.50397],[16.65793,47.50645],[16.66247,47.50902],[16.66495,47.50731],[16.66894,47.50354],[16.67033,47.50441],[16.67624,47.5066],[16.67787,47.50662],[16.68023,47.50724],[16.6851,47.50907],[16.68663,47.50912],[16.6898,47.51041],[16.69127,47.5123],[16.69426,47.51477],[16.69496,47.51588],[16.69486,47.51754],[16.6956,47.51817],[16.70083,47.52103],[16.7025,47.52145],[16.70549,47.52291],[16.70529,47.52628],[16.70414,47.52828],[16.7042,47.53078],[16.70317,47.53322],[16.70959,47.53673],[16.70973,47.53751],[16.71229,47.53795],[16.71437,47.53936],[16.71453,47.53991],[16.71124,47.54308],[16.70932,47.54323],[16.70587,47.54238],[16.70451,47.54449],[16.70413,47.54573],[16.7026,47.54556],[16.701,47.5463],[16.69817,47.54563],[16.69468,47.54973],[16.69322,47.55241],[16.69168,47.55335],[16.69004,47.55554],[16.69098,47.5579],[16.68889,47.55948],[16.684,47.5613],[16.67979,47.56088],[16.6779,47.56105],[16.67505,47.55996],[16.67329,47.55958],[16.6711,47.56011],[16.66888,47.56238],[16.66819,47.56455],[16.66485,47.56603],[16.66315,47.5687],[16.66412,47.56936],[16.66623,47.56931],[16.67107,47.57132],[16.67144,47.57277],[16.67127,47.57516],[16.67311,47.57598],[16.67512,47.57879],[16.67524,47.58206],[16.67368,47.58523],[16.67252,47.58683],[16.67035,47.59072],[16.66957,47.59266],[16.66639,47.59631],[16.66644,47.59787],[16.66813,47.59938],[16.67054,47.60075],[16.6712,47.60179],[16.67051,47.60238],[16.67314,47.60494],[16.67154,47.60623],[16.66911,47.60559],[16.66172,47.60548],[16.65954,47.6061],[16.65642,47.6152],[16.65341,47.62019],[16.65293,47.62223],[16.65085,47.62302],[16.64124,47.626],[16.63782,47.62668],[16.63531,47.62776],[16.63156,47.62816],[16.62774,47.6278],[16.62528,47.62683],[16.61883,47.62577],[16.61328,47.62254],[16.60641,47.62128],[16.6042,47.62106],[16.60107,47.61965],[16.59985,47.61973],[16.59745,47.61862],[16.59327,47.61784],[16.58976,47.6174],[16.58387,47.61812],[16.58051,47.61892],[16.57653,47.61924],[16.57253,47.61984],[16.57101,47.62067],[16.56766,47.62342],[16.5649,47.62445],[16.56179,47.6252],[16.5601,47.62702],[16.55836,47.62762],[16.5561,47.62917],[16.55372,47.62984],[16.552,47.63181],[16.54881,47.63358],[16.54518,47.6347],[16.54342,47.63558],[16.53941,47.63669],[16.53828,47.63783],[16.53618,47.63801],[16.53305,47.63976],[16.52884,47.64146],[16.52621,47.64197],[16.52384,47.6419],[16.51991,47.64338],[16.51692,47.64513],[16.51446,47.64613],[16.51331,47.64604],[16.51368,47.64433],[16.51205,47.64263],[16.50919,47.6413],[16.50753,47.64007],[16.50675,47.63849],[16.50245,47.64005],[16.50016,47.63935],[16.49694,47.63934],[16.49584,47.64036],[16.49224,47.64225],[16.48982,47.6414],[16.48732,47.64174],[16.48512,47.64456],[16.48319,47.64564],[16.48263,47.64792],[16.48054,47.64966],[16.47916,47.6501],[16.47503,47.65019],[16.47164,47.65145],[16.46751,47.65169],[16.46265,47.65129],[16.46002,47.65316],[16.45856,47.65365],[16.45494,47.65365],[16.45145,47.65572],[16.44729,47.65644],[16.43986,47.65669],[16.43812,47.65727],[16.43309,47.65989],[16.43166,47.65985],[16.42798,47.66078],[16.42475,47.66238],[16.4223,47.66408],[16.42154,47.6653],[16.42097,47.66439],[16.42064,47.66155],[16.41731,47.65576],[16.4127,47.65285],[16.41116,47.65161],[16.40952,47.64947],[16.40834,47.64707],[16.40775,47.64261],[16.406,47.63967],[16.40445,47.63788],[16.40285,47.63714],[16.39856,47.6363],[16.39605,47.63626],[16.39566,47.63477],[16.39476,47.63483],[16.39308,47.63636],[16.38863,47.63505],[16.38514,47.63349],[16.37743,47.63743],[16.3758,47.63867],[16.37254,47.64214],[16.37169,47.63999],[16.37088,47.63903],[16.3677,47.63713],[16.36722,47.63609],[16.36802,47.63409],[16.37101,47.62853],[16.37152,47.62648],[16.37129,47.62408],[16.36954,47.62235],[16.36731,47.62193],[16.36168,47.62204],[16.35731,47.62184],[16.35504,47.6214],[16.3522,47.61878],[16.34856,47.61701],[16.34832,47.61502],[16.35301,47.61313],[16.35454,47.61182],[16.35432,47.61039],[16.34946,47.60892],[16.34887,47.60646],[16.34761,47.60449],[16.34585,47.60314],[16.3433,47.60258],[16.33991,47.60271],[16.3374,47.60197],[16.33374,47.60145],[16.33151,47.60026],[16.32975,47.59807],[16.3295,47.59611],[16.33102,47.59227],[16.33124,47.58929],[16.33032,47.58697],[16.33042,47.58474],[16.33007,47.58276],[16.32754,47.57852],[16.3264,47.57697],[16.32426,47.57578],[16.3227,47.57435],[16.3213,47.57084],[16.32018,47.56931],[16.31692,47.56681],[16.3142,47.56527],[16.31566,47.56194],[16.31615,47.55999],[16.31492,47.55797],[16.31363,47.55667],[16.31349,47.55484],[16.31194,47.55184],[16.31148,47.54846],[16.31058,47.54711],[16.3108,47.54489],[16.3104,47.54398],[16.3139,47.54266],[16.31639,47.54063],[16.31843,47.53989],[16.32071,47.53831],[16.32269,47.5375],[16.3253,47.536],[16.3271,47.53375],[16.3279,47.53079],[16.33386,47.52719],[16.33743,47.52585],[16.33815,47.52494],[16.33843,47.5231],[16.33952,47.5198],[16.3386,47.51747],[16.33988,47.5162],[16.33806,47.5145],[16.33649,47.51249],[16.33481,47.5097],[16.33195,47.50593],[16.32965,47.50331],[16.32597,47.50028],[16.3257,47.49862],[16.32646,47.49694],[16.32616,47.49612],[16.32413,47.49585],[16.32124,47.49464],[16.31555,47.4914],[16.31202,47.48883],[16.312,47.48757],[16.31475,47.48451],[16.31317,47.48233],[16.31123,47.48076],[16.30948,47.47998],[16.30751,47.47965],[16.30497,47.47969],[16.30134,47.47898],[16.2983,47.47888],[16.29601,47.47815],[16.2957,47.47713],[16.3013,47.47523],[16.30349,47.47427],[16.30403,47.47301],[16.30096,47.46834],[16.2998,47.4673],[16.2959,47.46575],[16.29093,47.46406],[16.28905,47.46314],[16.28468,47.45962],[16.28243,47.45712],[16.27984,47.45483],[16.28222,47.45417],[16.28634,47.45374],[16.29004,47.45357],[16.295,47.45276],[16.29511,47.45131],[16.29401,47.44834],[16.29312,47.44433],[16.29243,47.44271],[16.2921,47.44043],[16.29471,47.43658],[16.29895,47.4319],[16.30084,47.4282],[16.3006,47.42577],[16.3,47.42323],[16.30071,47.4211],[16.30233,47.4188],[16.30067,47.41483],[16.30389,47.41405],[16.30705,47.41178],[16.30959,47.40798],[16.3118,47.40555],[16.31424,47.40401],[16.31677,47.40323],[16.31927,47.40175],[16.32237,47.40072],[16.32457,47.39843],[16.32667,47.39678],[16.32986,47.39519],[16.33201,47.39341],[16.33419,47.39235],[16.33618,47.39062],[16.337,47.3904],[16.33983,47.39081],[16.34133,47.39184],[16.34598,47.39394],[16.34878,47.39491],[16.34963,47.39461],[16.35035,47.39316],[16.35067,47.3905],[16.35296,47.38952],[16.36184,47.3872],[16.36372,47.38607],[16.36558,47.38431],[16.36677,47.38239],[16.36673,47.38076],[16.36558,47.37793],[16.3658,47.37666],[16.36731,47.37453],[16.36957,47.37213],[16.37036,47.37075],[16.37004,47.36785],[16.37092,47.36362],[16.37155,47.36224],[16.37309,47.36096],[16.37675,47.35859],[16.37648,47.35786],[16.37239,47.35638],[16.36976,47.35388],[16.36906,47.35246],[16.37024,47.35018],[16.3735,47.34808],[16.37658,47.34567],[16.38208,47.34403],[16.3838,47.34316],[16.38846,47.34432],[16.39306,47.346],[16.39879,47.34678],[16.40304,47.34794],[16.40554,47.34886],[16.40778,47.34893],[16.4122,47.34703],[16.4136,47.34696],[16.41688,47.34866],[16.41972,47.34979],[16.42397,47.35079],[16.42872,47.35221],[16.43124,47.35226],[16.43376,47.35292]]]},"properties":{"idApp":926012,"aopId":"mittelburgenland","name":"Mittelburgenland","nameJa":"ミッテルブルゲンラント","kind":"regional","tags":["dac"],"rank":0},"bbox":[16.27984,47.34316,16.71453,47.6653]},{"type":"Feature","geometry":{"type":"Polygon","coordinates":[[[16.53757,47.74],[16.54272,47.74235],[16.54415,47.74237],[16.54493,47.74134],[16.54878,47.74317],[16.54661,47.74528],[16.54822,47.74611],[16.54679,47.74752],[16.54596,47.74932],[16.54763,47.7493],[16.54704,47.75099],[16.54798,47.75154],[16.56646,47.75158],[16.58305,47.75501],[16.58803,47.75544],[16.58896,47.75693],[16.59253,47.75909],[16.59549,47.75799],[16.59877,47.75612],[16.6022,47.75808],[16.60445,47.75855],[16.60756,47.7599],[16.60946,47.76037],[16.61229,47.76023],[16.61737,47.75902],[16.62015,47.75766],[16.62548,47.75692],[16.62794,47.75706],[16.63054,47.75845],[16.63426,47.75905],[16.63454,47.75775],[16.63737,47.75602],[16.63837,47.75455],[16.63901,47.75277],[16.63843,47.75025],[16.63972,47.74827],[16.64521,47.74561],[16.65049,47.74423],[16.65277,47.74338],[16.65466,47.74221],[16.65718,47.74155],[16.65815,47.74327],[16.67156,47.74043],[16.68096,47.73958],[16.72094,47.73533],[16.71923,47.76107],[16.7198,47.76499],[16.72412,47.78212],[16.73144,47.80951],[16.73977,47.84357],[16.74173,47.84598],[16.74799,47.85117],[16.76641,47.86842],[16.8146,47.84459],[16.81363,47.8456],[16.83569,47.87127],[16.83653,47.87099],[16.84489,47.87898],[16.85274,47.87537],[16.86696,47.87316],[16.87368,47.87321],[16.88424,47.87464],[16.8889,47.88269],[16.88732,47.88541],[16.88558,47.88693],[16.88364,47.89289],[16.88673,47.89607],[16.89427,47.90135],[16.88906,47.90466],[16.89116,47.90591],[16.87872,47.91461],[16.87289,47.91173],[16.8695,47.90442],[16.86444,47.90367],[16.86165,47.9039],[16.8346,47.89299],[16.79528,47.85468],[16.78386,47.86032],[16.82291,47.89878],[16.85178,47.93537],[16.86278,47.94296],[16.87116,47.94424],[16.88494,47.94978],[16.89174,47.95199],[16.90556,47.96427],[16.89178,47.96474],[16.88833,47.9657],[16.87632,47.97067],[16.86122,47.97241],[16.8391,47.97425],[16.82901,47.98159],[16.81592,47.98713],[16.8124,47.9873],[16.81042,47.98799],[16.80276,47.9923],[16.7927,47.99107],[16.78198,47.99061],[16.76482,47.99011],[16.76219,47.98932],[16.75859,47.98636],[16.75438,47.98534],[16.75296,47.98193],[16.74914,47.97948],[16.74908,47.97797],[16.74825,47.97701],[16.7394,47.97376],[16.73847,47.97314],[16.73836,47.97181],[16.73484,47.97083],[16.73225,47.96771],[16.7302,47.96369],[16.73,47.96177],[16.73285,47.95967],[16.73073,47.95958],[16.72831,47.96069],[16.72754,47.96296],[16.72585,47.96433],[16.72108,47.96505],[16.71835,47.96651],[16.71676,47.96573],[16.72064,47.96409],[16.72251,47.96283],[16.72078,47.96176],[16.7182,47.96392],[16.71317,47.96545],[16.70952,47.96737],[16.70586,47.9712],[16.70061,47.97585],[16.69968,47.97586],[16.70037,47.97389],[16.70016,47.96762],[16.69871,47.96566],[16.69448,47.96408],[16.68586,47.9625],[16.68289,47.96142],[16.67961,47.96052],[16.67791,47.9605],[16.66843,47.96101],[16.66733,47.9607],[16.66307,47.95769],[16.66214,47.9578],[16.65958,47.95973],[16.65788,47.95975],[16.65647,47.95921],[16.65394,47.95745],[16.65281,47.95577],[16.65267,47.95152],[16.65202,47.9505],[16.65046,47.94995],[16.64581,47.94964],[16.64395,47.94929],[16.63847,47.94692],[16.63459,47.94641],[16.631,47.94514],[16.63019,47.94401],[16.62971,47.93846],[16.62961,47.93544],[16.63016,47.93326],[16.63132,47.93098],[16.63096,47.9291],[16.62985,47.92836],[16.62502,47.92692],[16.62044,47.92368],[16.61635,47.92029],[16.61095,47.91636],[16.60728,47.91336],[16.60447,47.90959],[16.60141,47.90733],[16.60057,47.90635],[16.59656,47.90433],[16.59141,47.90333],[16.58875,47.90214],[16.58563,47.89596],[16.58238,47.89062],[16.58078,47.88876],[16.57794,47.88691],[16.57549,47.88732],[16.5746,47.88847],[16.57469,47.89139],[16.57336,47.89335],[16.57144,47.89525],[16.5687,47.89716],[16.56642,47.89948],[16.56329,47.89979],[16.56064,47.90057],[16.55635,47.90285],[16.55364,47.90706],[16.55284,47.90981],[16.54771,47.91339],[16.54624,47.91574],[16.54327,47.91736],[16.54105,47.91943],[16.54005,47.92148],[16.53408,47.92586],[16.5327,47.9278],[16.53155,47.92874],[16.52896,47.93002],[16.52635,47.93215],[16.52481,47.934],[16.52342,47.93485],[16.52225,47.93631],[16.52056,47.94018],[16.51791,47.94354],[16.5131,47.9432],[16.51216,47.94236],[16.51161,47.94088],[16.50754,47.94089],[16.5044,47.93976],[16.50066,47.94009],[16.49478,47.94152],[16.48976,47.94209],[16.48643,47.94164],[16.48401,47.93977],[16.48029,47.93827],[16.47622,47.93797],[16.47236,47.9372],[16.46994,47.93759],[16.46719,47.93934],[16.46633,47.93929],[16.46214,47.93773],[16.45538,47.93452],[16.44897,47.93369],[16.44754,47.93277],[16.44528,47.92953],[16.44405,47.92887],[16.44089,47.92863],[16.43933,47.92786],[16.43721,47.92746],[16.43598,47.92649],[16.43447,47.92452],[16.43149,47.9216],[16.42695,47.91852],[16.4263,47.91766],[16.4262,47.91589],[16.42375,47.91381],[16.42013,47.91353],[16.41907,47.91293],[16.41974,47.91166],[16.42215,47.91217],[16.42373,47.91156],[16.4213,47.9086],[16.42072,47.90754],[16.41917,47.90723],[16.41945,47.90602],[16.42353,47.90549],[16.42274,47.90159],[16.42122,47.90008],[16.42133,47.89892],[16.4196,47.89666],[16.41923,47.89471],[16.41776,47.89431],[16.41562,47.8962],[16.41422,47.89646],[16.41189,47.89569],[16.41045,47.89375],[16.41185,47.8931],[16.41585,47.89268],[16.41756,47.89109],[16.41751,47.89005],[16.41468,47.88869],[16.40998,47.88579],[16.40874,47.88466],[16.4091,47.88398],[16.41233,47.88211],[16.41184,47.88119],[16.40825,47.88054],[16.40464,47.87745],[16.40145,47.87647],[16.3994,47.87769],[16.39115,47.88213],[16.38582,47.87793],[16.38317,47.87854],[16.38266,47.87668],[16.38179,47.87573],[16.38007,47.87506],[16.37698,47.87335],[16.37421,47.87211],[16.37173,47.87167],[16.36908,47.87063],[16.36296,47.87023],[16.36022,47.86899],[16.3581,47.86681],[16.35576,47.86626],[16.35267,47.86719],[16.35092,47.86695],[16.35025,47.86601],[16.3528,47.86475],[16.35898,47.8611],[16.36673,47.85632],[16.36961,47.85492],[16.37526,47.85269],[16.38382,47.84811],[16.38614,47.84643],[16.38788,47.84355],[16.38738,47.84223],[16.3863,47.84125],[16.38176,47.83856],[16.37855,47.83701],[16.37578,47.83498],[16.37312,47.83336],[16.37198,47.83193],[16.37531,47.8297],[16.37678,47.82782],[16.376,47.82724],[16.36639,47.82485],[16.36078,47.82332],[16.36541,47.82163],[16.37292,47.81705],[16.37969,47.81393],[16.3818,47.81209],[16.38406,47.80855],[16.3865,47.80559],[16.39033,47.80375],[16.39266,47.80295],[16.39634,47.80074],[16.4009,47.79913],[16.40391,47.7989],[16.40702,47.80203],[16.40846,47.80234],[16.41498,47.80116],[16.41824,47.80079],[16.42499,47.80045],[16.43226,47.80036],[16.43661,47.80061],[16.44035,47.80154],[16.44427,47.80367],[16.44689,47.80393],[16.45134,47.80002],[16.45561,47.79704],[16.45906,47.7942],[16.46238,47.79115],[16.46455,47.78956],[16.46802,47.79077],[16.46869,47.79216],[16.47081,47.79308],[16.47302,47.79296],[16.47738,47.79225],[16.48339,47.79218],[16.48942,47.79166],[16.4922,47.78694],[16.49635,47.78703],[16.50063,47.78688],[16.50331,47.78453],[16.50436,47.78309],[16.50469,47.78029],[16.50536,47.77728],[16.50252,47.77526],[16.50096,47.77222],[16.49873,47.76922],[16.49805,47.76682],[16.49693,47.76568],[16.49706,47.76441],[16.49867,47.76228],[16.50066,47.76084],[16.50408,47.7601],[16.50546,47.7594],[16.5083,47.75873],[16.50898,47.75766],[16.50841,47.75539],[16.50862,47.75413],[16.50976,47.7515],[16.51191,47.75006],[16.51527,47.74875],[16.51948,47.74777],[16.52077,47.74657],[16.52506,47.74629],[16.52699,47.7456],[16.53027,47.74385],[16.53354,47.74178],[16.53757,47.74]]]},"properties":{"idApp":926011,"aopId":"leithaberg","name":"Leithaberg","nameJa":"ライタベルク","kind":"regional","tags":["dac"],"rank":0},"bbox":[16.35025,47.73533,16.90556,47.9923]},{"type":"Feature","geometry":{"type":"Polygon","coordinates":[[[15.308,46.65244],[15.31131,46.65214],[15.31465,46.65024],[15.31553,46.64908],[15.31867,46.64785],[15.32165,46.64803],[15.32373,46.65041],[15.32842,46.65324],[15.33186,46.65236],[15.33385,46.65315],[15.33777,46.65317],[15.34113,46.65087],[15.34419,46.65137],[15.34648,46.65254],[15.34716,46.65342],[15.35092,46.65465],[15.35374,46.65499],[15.35537,46.65364],[15.35572,46.65145],[15.35986,46.65134],[15.36493,46.65099],[15.36813,46.6513],[15.37011,46.64989],[15.37229,46.64974],[15.37433,46.65047],[15.3759,46.65189],[15.37889,46.65189],[15.38108,46.65229],[15.38344,46.65151],[15.38897,46.65293],[15.39102,46.6522],[15.39433,46.65191],[15.39812,46.65328],[15.40078,46.65332],[15.40326,46.65392],[15.40777,46.6546],[15.41218,46.65488],[15.41407,46.65554],[15.41687,46.65478],[15.42038,46.6549],[15.42171,46.65327],[15.42332,46.65269],[15.42315,46.65085],[15.42187,46.64951],[15.42171,46.64723],[15.42375,46.6475],[15.43018,46.64666],[15.43168,46.64524],[15.43366,46.64243],[15.43579,46.6419],[15.43935,46.63986],[15.44206,46.64022],[15.4476,46.64165],[15.44963,46.64234],[15.45322,46.64015],[15.45545,46.63978],[15.45685,46.63898],[15.45577,46.63767],[15.45629,46.63654],[15.45604,46.63497],[15.45514,46.63286],[15.45588,46.63128],[15.45506,46.63012],[15.45717,46.62925],[15.45759,46.62818],[15.45885,46.62774],[15.45966,46.62619],[15.46213,46.62595],[15.46402,46.6221],[15.46384,46.61958],[15.46216,46.61786],[15.4625,46.61565],[15.4639,46.61459],[15.46646,46.61437],[15.46913,46.61285],[15.47011,46.61336],[15.47195,46.61225],[15.47474,46.61205],[15.47817,46.61306],[15.48174,46.61556],[15.48301,46.61689],[15.4839,46.61894],[15.48499,46.6195],[15.48712,46.61977],[15.48818,46.62072],[15.48995,46.62037],[15.49268,46.62035],[15.49433,46.61924],[15.4982,46.61865],[15.50063,46.61757],[15.4999,46.61649],[15.50044,46.61468],[15.50227,46.61391],[15.50404,46.61429],[15.50364,46.61524],[15.50453,46.61601],[15.50667,46.61567],[15.50885,46.61623],[15.51181,46.61661],[15.51123,46.61783],[15.51164,46.61877],[15.51007,46.62012],[15.51242,46.62218],[15.51359,46.62222],[15.51546,46.62338],[15.51719,46.62263],[15.51883,46.62135],[15.52007,46.62154],[15.52287,46.62307],[15.52446,46.62559],[15.53021,46.62886],[15.53002,46.6297],[15.53215,46.63108],[15.53385,46.63133],[15.53606,46.63337],[15.53881,46.63429],[15.54068,46.63384],[15.54167,46.63245],[15.54215,46.6301],[15.54353,46.63222],[15.5457,46.63355],[15.545,46.6348],[15.54609,46.63644],[15.54766,46.63728],[15.55109,46.64027],[15.54824,46.64142],[15.54697,46.64281],[15.54562,46.64244],[15.54432,46.64387],[15.54473,46.64552],[15.54387,46.64609],[15.54594,46.64715],[15.5468,46.64874],[15.55137,46.6477],[15.55269,46.64882],[15.55352,46.65141],[15.553,46.65302],[15.55072,46.6557],[15.54868,46.65922],[15.54811,46.66212],[15.54798,46.6649],[15.54603,46.66474],[15.54614,46.66754],[15.54412,46.66834],[15.54368,46.66929],[15.54628,46.67015],[15.54732,46.66987],[15.54925,46.67199],[15.5509,46.67213],[15.55304,46.67119],[15.55378,46.67234],[15.55794,46.67099],[15.55918,46.67116],[15.55994,46.67354],[15.56289,46.67515],[15.56481,46.67579],[15.56739,46.67533],[15.56759,46.67756],[15.56831,46.67983],[15.56953,46.67993],[15.57015,46.68091],[15.57325,46.68002],[15.57469,46.68148],[15.57574,46.6808],[15.57807,46.68093],[15.57736,46.68281],[15.57949,46.68327],[15.58182,46.68259],[15.58232,46.68195],[15.58427,46.68321],[15.5875,46.68365],[15.58925,46.68325],[15.5907,46.68428],[15.59044,46.6861],[15.592,46.68766],[15.59495,46.68995],[15.59698,46.69039],[15.60018,46.69005],[15.60195,46.68957],[15.60401,46.68816],[15.60683,46.68821],[15.60855,46.68767],[15.60426,46.68473],[15.60392,46.68386],[15.60465,46.68181],[15.60535,46.68115],[15.60957,46.68302],[15.6106,46.68207],[15.61164,46.68305],[15.61321,46.68342],[15.61343,46.68242],[15.61455,46.68217],[15.61599,46.68212],[15.61722,46.68096],[15.61988,46.67982],[15.62176,46.68071],[15.62296,46.67957],[15.62494,46.67968],[15.62979,46.68061],[15.63311,46.68171],[15.6321,46.68434],[15.6341,46.68604],[15.63441,46.68835],[15.63668,46.69026],[15.6387,46.69142],[15.64123,46.69242],[15.64266,46.69129],[15.64326,46.69017],[15.64451,46.69071],[15.64707,46.69113],[15.64749,46.6917],[15.64943,46.6919],[15.65045,46.69133],[15.65266,46.69117],[15.65397,46.69278],[15.65434,46.69698],[15.65408,46.69945],[15.65351,46.70041],[15.65198,46.70142],[15.64979,46.70505],[15.64999,46.70576],[15.65684,46.70645],[15.66523,46.70639],[15.6727,46.70704],[15.67707,46.70662],[15.67999,46.70586],[15.68557,46.70372],[15.69352,46.69961],[15.69577,46.69882],[15.69924,46.69827],[15.70394,46.69828],[15.7063,46.69808],[15.71277,46.69715],[15.71502,46.69702],[15.7208,46.6959],[15.72307,46.69581],[15.7257,46.69617],[15.72997,46.69757],[15.7365,46.69944],[15.73933,46.69994],[15.74318,46.69989],[15.74929,46.69842],[15.75244,46.69797],[15.74917,46.70129],[15.7575,46.70203],[15.75878,46.70246],[15.75738,46.70606],[15.75489,46.70709],[15.75079,46.70624],[15.74668,46.70653],[15.74503,46.71012],[15.74152,46.71196],[15.74212,46.71717],[15.74457,46.71665],[15.7464,46.71558],[15.75257,46.71571],[15.75371,46.71611],[15.75113,46.71773],[15.74941,46.71761],[15.74756,46.71887],[15.74428,46.72248],[15.74315,46.72243],[15.74281,46.72104],[15.74099,46.71993],[15.7381,46.72016],[15.73522,46.7196],[15.73247,46.71983],[15.73077,46.72083],[15.73062,46.72354],[15.72375,46.72374],[15.71722,46.72333],[15.71727,46.72376],[15.7068,46.72417],[15.70391,46.72504],[15.69629,46.72628],[15.69143,46.72833],[15.68185,46.72985],[15.68096,46.72366],[15.67497,46.72414],[15.67078,46.72513],[15.66938,46.72425],[15.66906,46.72253],[15.67087,46.72226],[15.67055,46.72061],[15.66516,46.72083],[15.66695,46.71815],[15.66332,46.71838],[15.66318,46.71919],[15.66187,46.72062],[15.6602,46.72089],[15.65924,46.72202],[15.65977,46.72273],[15.6589,46.72372],[15.65856,46.72637],[15.65703,46.72745],[15.65649,46.7287],[15.65457,46.73092],[15.65083,46.73445],[15.64387,46.73461],[15.63508,46.7389],[15.63039,46.7421],[15.62881,46.74462],[15.62693,46.74562],[15.62417,46.74639],[15.62343,46.7473],[15.61972,46.74877],[15.60858,46.74947],[15.60462,46.74893],[15.60171,46.75194],[15.59615,46.75555],[15.59217,46.75867],[15.59507,46.75997],[15.59564,46.7614],[15.59534,46.76292],[15.59416,46.76432],[15.59114,46.76578],[15.59811,46.76564],[15.60155,46.76621],[15.60747,46.76836],[15.6118,46.77079],[15.60973,46.77207],[15.60859,46.77364],[15.60861,46.77637],[15.61227,46.7785],[15.60995,46.78103],[15.61309,46.78517],[15.61661,46.78607],[15.62139,46.7855],[15.62259,46.7875],[15.62068,46.79146],[15.61982,46.79531],[15.62166,46.7958],[15.62317,46.79681],[15.62239,46.79833],[15.62716,46.79956],[15.62595,46.80616],[15.62911,46.81131],[15.62862,46.81366],[15.62543,46.82294],[15.6259,46.82677],[15.6182,46.82575],[15.61492,46.82463],[15.61159,46.82528],[15.60753,46.82423],[15.60377,46.82286],[15.60251,46.8215],[15.60303,46.81921],[15.59697,46.81873],[15.59515,46.81642],[15.59221,46.81817],[15.58998,46.82188],[15.58726,46.82463],[15.58622,46.82668],[15.58593,46.82948],[15.584,46.83079],[15.58175,46.83463],[15.5747,46.83905],[15.5701,46.83723],[15.56666,46.83794],[15.56368,46.83932],[15.5613,46.83987],[15.55082,46.84494],[15.54239,46.85011],[15.53957,46.85549],[15.53914,46.85753],[15.53952,46.85849],[15.54179,46.85742],[15.54345,46.85463],[15.5472,46.85761],[15.55037,46.85792],[15.55363,46.8598],[15.55349,46.86219],[15.55413,46.86375],[15.55378,46.86536],[15.5529,46.8655],[15.55228,46.87732],[15.5452,46.88106],[15.54668,46.88485],[15.54517,46.8854],[15.54624,46.88771],[15.54227,46.89255],[15.54241,46.89338],[15.54449,46.89305],[15.54487,46.89541],[15.54103,46.8947],[15.53834,46.89502],[15.53934,46.89597],[15.53809,46.8965],[15.53338,46.89606],[15.53353,46.8974],[15.53032,46.8988],[15.53172,46.89982],[15.53487,46.89957],[15.53478,46.90235],[15.53127,46.90486],[15.53533,46.90609],[15.52752,46.91495],[15.5232,46.91585],[15.52052,46.91805],[15.51936,46.91959],[15.52044,46.91991],[15.51867,46.92159],[15.51595,46.91853],[15.51466,46.91763],[15.51361,46.91599],[15.50865,46.91544],[15.50473,46.91422],[15.50164,46.91276],[15.49662,46.91122],[15.49481,46.9096],[15.49405,46.90771],[15.49453,46.90706],[15.49318,46.90424],[15.49146,46.90388],[15.49005,46.90459],[15.48569,46.91064],[15.48426,46.91068],[15.48241,46.90929],[15.48115,46.90975],[15.4812,46.91256],[15.47856,46.91348],[15.47578,46.91345],[15.4699,46.91088],[15.46774,46.91061],[15.46555,46.9118],[15.46199,46.91037],[15.45568,46.90814],[15.45042,46.90576],[15.44986,46.90507],[15.45002,46.90271],[15.44971,46.90183],[15.44503,46.89709],[15.44406,46.895],[15.44293,46.89362],[15.441,46.89314],[15.43561,46.89419],[15.43582,46.89093],[15.4341,46.89055],[15.43258,46.8933],[15.42976,46.89237],[15.42782,46.89265],[15.42738,46.89017],[15.42615,46.88978],[15.4256,46.8913],[15.42614,46.8924],[15.42566,46.89394],[15.42432,46.89486],[15.42211,46.89464],[15.42027,46.89291],[15.4157,46.89338],[15.41431,46.8901],[15.41448,46.88716],[15.41563,46.88682],[15.42047,46.88768],[15.42414,46.88747],[15.42578,46.88659],[15.42815,46.88433],[15.4277,46.8819],[15.42802,46.88075],[15.42883,46.87778],[15.42748,46.87729],[15.42663,46.87832],[15.42405,46.88412],[15.42186,46.8858],[15.42106,46.88539],[15.42172,46.88318],[15.42177,46.88158],[15.42249,46.87997],[15.42229,46.87864],[15.41905,46.87846],[15.41528,46.88],[15.41271,46.88024],[15.4128,46.87844],[15.4145,46.87679],[15.41711,46.87545],[15.41948,46.8735],[15.42165,46.87056],[15.42377,46.86819],[15.42606,46.86478],[15.42935,46.86332],[15.42928,46.86287],[15.42458,46.86243],[15.42347,46.86072],[15.42357,46.85805],[15.42422,46.85592],[15.42507,46.85463],[15.42785,46.85264],[15.42906,46.85062],[15.42838,46.8489],[15.42653,46.84754],[15.42455,46.84359],[15.42073,46.84278],[15.41764,46.84182],[15.41549,46.84057],[15.41389,46.83913],[15.41284,46.83615],[15.41343,46.83401],[15.41336,46.83268],[15.41243,46.83028],[15.40956,46.83003],[15.40716,46.82756],[15.40465,46.82597],[15.40226,46.82491],[15.40177,46.82412],[15.40218,46.82229],[15.40351,46.82148],[15.40755,46.82269],[15.40894,46.82215],[15.40781,46.82082],[15.4014,46.81947],[15.39956,46.81849],[15.39864,46.81746],[15.39758,46.81511],[15.39557,46.81345],[15.39195,46.80781],[15.38882,46.80614],[15.38685,46.80322],[15.3841,46.80163],[15.37496,46.79966],[15.36995,46.7991],[15.36751,46.79827],[15.36547,46.79443],[15.3648,46.7939],[15.36266,46.79364],[15.35949,46.79384],[15.35705,46.79309],[15.35185,46.79094],[15.34916,46.78946],[15.34653,46.78859],[15.34808,46.78371],[15.34563,46.78079],[15.34671,46.77842],[15.34652,46.77766],[15.34458,46.77531],[15.33839,46.77089],[15.33832,46.76944],[15.3408,46.76673],[15.34329,46.76596],[15.34677,46.76637],[15.34786,46.76598],[15.3481,46.76492],[15.34736,46.76381],[15.34821,46.76335],[15.35053,46.76392],[15.3526,46.76387],[15.35612,46.76173],[15.35429,46.76036],[15.35626,46.75539],[15.35734,46.75397],[15.35654,46.75312],[15.35272,46.75105],[15.35113,46.7508],[15.34702,46.75078],[15.34439,46.75016],[15.33601,46.74766],[15.33417,46.74368],[15.33215,46.74255],[15.33233,46.74133],[15.33554,46.73823],[15.33741,46.73548],[15.33782,46.73366],[15.33799,46.7304],[15.33663,46.72786],[15.33486,46.72733],[15.33175,46.72753],[15.32931,46.7267],[15.32978,46.72399],[15.33262,46.71903],[15.33594,46.71487],[15.33642,46.71376],[15.33554,46.70994],[15.33669,46.70792],[15.33619,46.70647],[15.3343,46.70568],[15.33102,46.7063],[15.32711,46.7054],[15.32491,46.70396],[15.32282,46.70046],[15.32275,46.69931],[15.32372,46.69729],[15.32365,46.69569],[15.31962,46.69145],[15.32144,46.69076],[15.32162,46.68989],[15.32014,46.68853],[15.31766,46.68779],[15.31485,46.68735],[15.31454,46.68594],[15.31507,46.68419],[15.31458,46.68339],[15.30591,46.67717],[15.3056,46.67645],[15.30693,46.67492],[15.30917,46.67415],[15.31287,46.67112],[15.31645,46.67039],[15.31669,46.66974],[15.31528,46.66803],[15.31716,46.66596],[15.31681,46.66354],[15.31692,46.66151],[15.31503,46.65967],[15.3128,46.65943],[15.31073,46.65848],[15.30871,46.65628],[15.3079,46.65411],[15.308,46.65244]]]},"properties":{"idApp":926015,"aopId":"suedsteiermark","name":"Südsteiermark","nameJa":"ジュートシュタイヤーマルク","kind":"regional","tags":["dac"],"rank":0},"bbox":[15.3056,46.61205,15.75878,46.92159]},{"type":"Feature","geometry":{"type":"Polygon","coordinates":[[[16.42707,48.32038],[16.42472,48.32123],[16.41974,48.32215],[16.41561,48.32175],[16.40178,48.31849],[16.40106,48.31715],[16.39508,48.31841],[16.39402,48.31908],[16.39476,48.32153],[16.39213,48.32185],[16.39075,48.3206],[16.38892,48.32049],[16.38935,48.31905],[16.38846,48.31845],[16.38576,48.31869],[16.38337,48.31741],[16.3802,48.31535],[16.37971,48.3147],[16.37993,48.31281],[16.38258,48.30845],[16.3838,48.30602],[16.38325,48.30528],[16.38455,48.3039],[16.38383,48.30294],[16.38529,48.30195],[16.38552,48.30104],[16.3801,48.30184],[16.37928,48.30111],[16.37799,48.29862],[16.37633,48.29627],[16.37552,48.29576],[16.37522,48.29437],[16.37828,48.29012],[16.37819,48.28922],[16.37627,48.28793],[16.37227,48.28777],[16.36942,48.28735],[16.36916,48.28502],[16.3696,48.28395],[16.36851,48.2833],[16.36307,48.2846],[16.35873,48.2842],[16.35455,48.28437],[16.35328,48.2848],[16.34951,48.28943],[16.34652,48.28974],[16.34543,48.28946],[16.34437,48.28802],[16.34797,48.28448],[16.34076,48.2816],[16.33481,48.28029],[16.329,48.27883],[16.32361,48.27914],[16.31928,48.27898],[16.316,48.27758],[16.31358,48.2754],[16.30988,48.27371],[16.30555,48.2725],[16.30314,48.27261],[16.2998,48.27338],[16.29616,48.27281],[16.29177,48.27171],[16.28879,48.27065],[16.28659,48.26792],[16.28689,48.26628],[16.28982,48.26536],[16.29087,48.26461],[16.29098,48.26339],[16.29022,48.26278],[16.28561,48.26072],[16.28202,48.25945],[16.27851,48.25864],[16.27181,48.25643],[16.26568,48.2556],[16.26384,48.2544],[16.26517,48.25385],[16.26798,48.2535],[16.2695,48.25254],[16.26887,48.25141],[16.26636,48.24999],[16.26544,48.24792],[16.26353,48.24672],[16.25949,48.24322],[16.2582,48.24184],[16.25782,48.24071],[16.25638,48.23954],[16.25176,48.24012],[16.24743,48.2398],[16.2454,48.23896],[16.24392,48.2389],[16.23866,48.24049],[16.2374,48.24109],[16.23758,48.243],[16.23973,48.24611],[16.23984,48.24762],[16.23671,48.24855],[16.23352,48.24981],[16.23013,48.25143],[16.22643,48.25355],[16.22207,48.25665],[16.21975,48.25778],[16.21488,48.25873],[16.21368,48.25927],[16.21039,48.26191],[16.20852,48.26258],[16.20573,48.26234],[16.20494,48.26132],[16.20462,48.25928],[16.20514,48.25561],[16.20466,48.255],[16.20086,48.25325],[16.19962,48.25196],[16.1978,48.24876],[16.1961,48.24507],[16.19573,48.23778],[16.19506,48.23473],[16.19578,48.23387],[16.19842,48.23241],[16.19548,48.22909],[16.1901,48.22576],[16.18477,48.22427],[16.18395,48.22342],[16.18473,48.22231],[16.18689,48.22201],[16.18862,48.22235],[16.19512,48.22253],[16.19778,48.2214],[16.19648,48.22032],[16.19615,48.21846],[16.19678,48.21653],[16.1977,48.21509],[16.20075,48.21312],[16.20352,48.21253],[16.20667,48.21098],[16.20854,48.20874],[16.20629,48.20717],[16.20416,48.20624],[16.20271,48.20605],[16.20371,48.20448],[16.20884,48.20303],[16.20548,48.19681],[16.20482,48.1942],[16.20455,48.19136],[16.2035,48.18974],[16.19967,48.18608],[16.19749,48.18435],[16.19468,48.18157],[16.19003,48.17771],[16.18752,48.17306],[16.1844,48.17159],[16.18478,48.17052],[16.19359,48.16636],[16.19563,48.16483],[16.19667,48.16323],[16.19707,48.16092],[16.19714,48.15806],[16.19882,48.15564],[16.2048,48.15619],[16.21809,48.15471],[16.22384,48.1536],[16.22394,48.15241],[16.21973,48.15339],[16.21931,48.15262],[16.21102,48.1501],[16.21038,48.14851],[16.21339,48.14529],[16.21604,48.14174],[16.21841,48.14062],[16.2199,48.13923],[16.22076,48.13637],[16.22153,48.13518],[16.22406,48.13515],[16.23139,48.13608],[16.23692,48.13639],[16.23764,48.13581],[16.23639,48.13467],[16.23847,48.13427],[16.23829,48.13245],[16.23123,48.13145],[16.22652,48.1297],[16.21863,48.12816],[16.2154,48.1265],[16.21597,48.12532],[16.22089,48.12377],[16.22455,48.12465],[16.2291,48.12688],[16.23475,48.12898],[16.23774,48.12969],[16.24181,48.13014],[16.24559,48.13083],[16.25001,48.13081],[16.25588,48.12978],[16.25993,48.13035],[16.26682,48.13346],[16.27291,48.13322],[16.28184,48.13084],[16.29146,48.12961],[16.29755,48.12864],[16.29847,48.12867],[16.29921,48.12695],[16.29894,48.12616],[16.30083,48.12452],[16.30729,48.121],[16.3103,48.11969],[16.31213,48.11975],[16.31265,48.12307],[16.31463,48.12687],[16.31778,48.12605],[16.32503,48.13797],[16.33195,48.1368],[16.34291,48.1344],[16.34527,48.13373],[16.35103,48.13281],[16.35461,48.13094],[16.35845,48.12961],[16.36493,48.12867],[16.36877,48.12776],[16.37314,48.1272],[16.38136,48.12647],[16.38727,48.12567],[16.39709,48.12468],[16.40301,48.12198],[16.40814,48.11893],[16.41093,48.11867],[16.41234,48.12061],[16.41917,48.12092],[16.42244,48.12264],[16.42399,48.12286],[16.42961,48.12122],[16.43505,48.11997],[16.4366,48.12015],[16.43405,48.12562],[16.43322,48.13033],[16.43212,48.13141],[16.43345,48.13789],[16.44568,48.13844],[16.45171,48.13889],[16.45513,48.14],[16.46809,48.14845],[16.47512,48.1533],[16.47702,48.15482],[16.47755,48.15624],[16.4795,48.15697],[16.48109,48.15681],[16.48844,48.15537],[16.49256,48.15862],[16.49919,48.15685],[16.50358,48.15704],[16.50869,48.15767],[16.5142,48.15909],[16.51958,48.15721],[16.52839,48.15383],[16.53314,48.15101],[16.53781,48.14696],[16.54038,48.14498],[16.54261,48.14384],[16.54731,48.14218],[16.55291,48.14073],[16.5623,48.13897],[16.56842,48.13767],[16.575,48.13612],[16.57625,48.13693],[16.57804,48.14331],[16.57824,48.14396],[16.57796,48.14761],[16.57674,48.152],[16.57423,48.15631],[16.57438,48.15904],[16.57329,48.16099],[16.57144,48.16233],[16.56885,48.16311],[16.5647,48.16275],[16.56231,48.16097],[16.56088,48.16091],[16.55813,48.16381],[16.55607,48.16441],[16.55432,48.16359],[16.55482,48.16204],[16.55242,48.1624],[16.55008,48.16418],[16.54953,48.16645],[16.54855,48.1675],[16.54656,48.17088],[16.54918,48.17198],[16.54981,48.17267],[16.55005,48.17494],[16.54952,48.17666],[16.54859,48.1773],[16.54629,48.17751],[16.5442,48.17713],[16.5416,48.17709],[16.54133,48.17598],[16.54413,48.17452],[16.54406,48.17312],[16.5422,48.17349],[16.53933,48.17273],[16.53652,48.17316],[16.53691,48.17405],[16.5396,48.17382],[16.53962,48.17446],[16.53651,48.17711],[16.53667,48.18034],[16.53646,48.18265],[16.53738,48.18597],[16.53847,48.18823],[16.53889,48.19096],[16.54001,48.19245],[16.53988,48.19424],[16.53861,48.19608],[16.53803,48.19813],[16.53615,48.20034],[16.53652,48.20201],[16.53848,48.2055],[16.54059,48.20821],[16.54232,48.20992],[16.54564,48.21476],[16.54687,48.21965],[16.54652,48.22154],[16.54671,48.2233],[16.54801,48.22829],[16.54998,48.23335],[16.55183,48.23667],[16.55197,48.2388],[16.54876,48.24007],[16.54789,48.24234],[16.54635,48.24281],[16.5423,48.24291],[16.54144,48.24366],[16.54242,48.24817],[16.54163,48.24972],[16.54208,48.25128],[16.54682,48.26308],[16.54166,48.26388],[16.53789,48.26422],[16.53295,48.26293],[16.53258,48.26204],[16.52627,48.2632],[16.52132,48.26453],[16.51919,48.26688],[16.51282,48.26786],[16.51396,48.27116],[16.50866,48.27342],[16.50735,48.27365],[16.50877,48.27699],[16.51159,48.28123],[16.51289,48.28209],[16.51454,48.28548],[16.51253,48.28659],[16.51285,48.28726],[16.50943,48.28797],[16.50206,48.29036],[16.49509,48.29238],[16.48984,48.29306],[16.48129,48.2944],[16.48091,48.29215],[16.48186,48.28976],[16.48237,48.28757],[16.48334,48.28599],[16.48355,48.28475],[16.48336,48.2794],[16.48362,48.27887],[16.48094,48.27488],[16.48164,48.27297],[16.47719,48.27374],[16.47205,48.27686],[16.46471,48.28084],[16.46058,48.2829],[16.45957,48.28304],[16.45202,48.28644],[16.44832,48.28822],[16.4402,48.29186],[16.4401,48.29602],[16.44017,48.30315],[16.43796,48.30993],[16.43785,48.31265],[16.43803,48.31643],[16.43395,48.31742],[16.42707,48.32038]]]},"properties":{"idApp":926019,"aopId":"wien","name":"Wien","nameJa":"ウィーン","kind":"regional","tags":[],"rank":0},"bbox":[16.18395,48.11867,16.57824,48.32215]},{"type":"Feature","geometry":{"type":"Polygon","coordinates":[[[15.7355,48.3972],[15.73824,48.39648],[15.74313,48.39743],[15.74666,48.39783],[15.74759,48.39852],[15.74969,48.40311],[15.75048,48.40744],[15.75013,48.41054],[15.75535,48.41179],[15.7578,48.41266],[15.7592,48.41368],[15.75979,48.4151],[15.76281,48.42051],[15.76523,48.4225],[15.76575,48.42471],[15.76522,48.42996],[15.76429,48.43292],[15.76432,48.43491],[15.76569,48.43667],[15.75949,48.43871],[15.7616,48.44084],[15.76345,48.4423],[15.76808,48.44153],[15.77181,48.44672],[15.77272,48.4497],[15.77328,48.45441],[15.7735,48.45787],[15.77409,48.45968],[15.77674,48.4617],[15.77846,48.46362],[15.7792,48.46945],[15.78038,48.47178],[15.78502,48.47548],[15.78342,48.48093],[15.78104,48.48315],[15.78335,48.4853],[15.78233,48.48762],[15.77544,48.48864],[15.77804,48.49204],[15.77859,48.49379],[15.77651,48.49528],[15.7748,48.49519],[15.77379,48.49833],[15.77309,48.49942],[15.77142,48.49963],[15.77132,48.5004],[15.77353,48.50193],[15.77076,48.50183],[15.76504,48.50309],[15.76236,48.50445],[15.75818,48.50538],[15.75491,48.50643],[15.75372,48.5074],[15.75327,48.509],[15.75302,48.51225],[15.75237,48.51668],[15.75095,48.51934],[15.74907,48.52011],[15.74607,48.52219],[15.74414,48.52415],[15.73526,48.52642],[15.73478,48.52793],[15.73425,48.53269],[15.73448,48.5351],[15.73663,48.53828],[15.73905,48.54008],[15.74226,48.54126],[15.74786,48.54189],[15.75177,48.5419],[15.75722,48.54068],[15.75842,48.5402],[15.76213,48.53787],[15.76215,48.54204],[15.75573,48.54726],[15.74724,48.55348],[15.74629,48.55448],[15.74576,48.55598],[15.74636,48.55922],[15.74814,48.56378],[15.74765,48.56548],[15.74542,48.56656],[15.74233,48.56868],[15.73903,48.56954],[15.74147,48.57323],[15.74301,48.57514],[15.7467,48.5821],[15.74643,48.58294],[15.74143,48.58412],[15.73699,48.5841],[15.73291,48.58384],[15.72824,48.58405],[15.72477,48.58216],[15.71883,48.58128],[15.71662,48.5813],[15.70946,48.58242],[15.7059,48.58228],[15.70643,48.57999],[15.70815,48.57752],[15.70768,48.5752],[15.70644,48.57337],[15.70435,48.57214],[15.69842,48.56981],[15.69425,48.56734],[15.6925,48.56719],[15.68866,48.56849],[15.68206,48.56963],[15.67628,48.5705],[15.67331,48.57187],[15.67124,48.57063],[15.66287,48.5642],[15.66125,48.56445],[15.65801,48.5655],[15.6542,48.5658],[15.65111,48.56713],[15.64729,48.56913],[15.64561,48.56976],[15.6435,48.57107],[15.64213,48.5715],[15.63491,48.57499],[15.63036,48.57611],[15.6275,48.5737],[15.62339,48.57366],[15.62364,48.5716],[15.63723,48.56421],[15.6373,48.56205],[15.63657,48.56141],[15.63111,48.56288],[15.62846,48.56272],[15.62522,48.5609],[15.62744,48.55933],[15.62924,48.55506],[15.62867,48.55144],[15.62719,48.55032],[15.6278,48.54927],[15.6246,48.54987],[15.6149,48.54784],[15.61421,48.54702],[15.61074,48.54595],[15.6104,48.54463],[15.60844,48.54361],[15.60667,48.54399],[15.60542,48.54337],[15.60436,48.53903],[15.60229,48.53499],[15.60025,48.53407],[15.59927,48.53302],[15.60057,48.53037],[15.59828,48.52451],[15.59772,48.52362],[15.59353,48.52227],[15.59307,48.52177],[15.59454,48.52067],[15.59278,48.51987],[15.58549,48.51822],[15.58191,48.51663],[15.57419,48.51058],[15.57069,48.50884],[15.56903,48.50864],[15.56313,48.50658],[15.56142,48.50538],[15.56145,48.50478],[15.56584,48.50432],[15.57214,48.50033],[15.57298,48.49728],[15.57162,48.49362],[15.5718,48.49294],[15.57564,48.49074],[15.5747,48.48649],[15.57308,48.48501],[15.56946,48.48606],[15.56381,48.48607],[15.55989,48.48726],[15.55742,48.48599],[15.54286,48.48593],[15.54273,48.48538],[15.55584,48.48159],[15.55768,48.47971],[15.5583,48.47822],[15.5606,48.47629],[15.56888,48.4745],[15.57298,48.47258],[15.58327,48.47062],[15.58873,48.46708],[15.59107,48.4638],[15.59412,48.46441],[15.59773,48.46276],[15.5995,48.46105],[15.60365,48.46127],[15.60455,48.45743],[15.60545,48.45718],[15.6181,48.45702],[15.63671,48.45559],[15.6314,48.45065],[15.63316,48.45102],[15.63752,48.45022],[15.64078,48.45037],[15.64692,48.45028],[15.6471,48.44579],[15.65891,48.44711],[15.66241,48.44842],[15.66293,48.44558],[15.66378,48.44426],[15.66797,48.44659],[15.67464,48.44757],[15.67818,48.44586],[15.68064,48.44578],[15.68124,48.44009],[15.68386,48.43991],[15.68592,48.43836],[15.69082,48.4386],[15.70134,48.44135],[15.70365,48.43989],[15.7024,48.43926],[15.70756,48.43458],[15.71139,48.42812],[15.71151,48.42706],[15.71098,48.42265],[15.70763,48.41842],[15.70491,48.41804],[15.70328,48.41685],[15.70288,48.41327],[15.70495,48.41131],[15.70826,48.40934],[15.71028,48.40912],[15.7108,48.40653],[15.72154,48.40521],[15.72264,48.40205],[15.72422,48.40256],[15.72679,48.40463],[15.73149,48.40482],[15.73903,48.40314],[15.73782,48.40063],[15.7355,48.3972]]]},"properties":{"idApp":926003,"aopId":"kamptal","name":"Kamptal","nameJa":"カンプタール","kind":"regional","tags":["dac"],"rank":0},"bbox":[15.54273,48.39648,15.78502,48.58412]},{"type":"Feature","geometry":{"type":"Polygon","coordinates":[[[15.48255,48.42954],[15.47912,48.42945],[15.47769,48.43084],[15.47266,48.42934],[15.47146,48.4272],[15.47228,48.42614],[15.46649,48.42511],[15.46456,48.42396],[15.46367,48.42248],[15.46103,48.42296],[15.45674,48.42249],[15.45362,48.42404],[15.44653,48.42302],[15.44265,48.42013],[15.43891,48.41978],[15.43642,48.4176],[15.43206,48.41711],[15.42632,48.41397],[15.42857,48.41266],[15.42844,48.41042],[15.42496,48.41022],[15.42247,48.40945],[15.42321,48.40746],[15.41985,48.40744],[15.41576,48.40644],[15.41067,48.4038],[15.41036,48.40081],[15.41082,48.39613],[15.41214,48.39286],[15.41228,48.39096],[15.41293,48.38988],[15.41329,48.38719],[15.40883,48.39028],[15.40515,48.39088],[15.39766,48.38779],[15.39483,48.38603],[15.39119,48.38736],[15.38882,48.3869],[15.3857,48.38491],[15.37745,48.38284],[15.37552,48.38156],[15.37501,48.37968],[15.37152,48.3812],[15.36864,48.38477],[15.36562,48.38698],[15.36832,48.38908],[15.36775,48.39113],[15.3696,48.392],[15.37271,48.39526],[15.36997,48.39627],[15.36762,48.39567],[15.36686,48.401],[15.36212,48.40026],[15.35893,48.40023],[15.35857,48.3964],[15.35822,48.39543],[15.35459,48.39501],[15.35042,48.39272],[15.34345,48.39569],[15.3418,48.39666],[15.34129,48.39966],[15.33948,48.39989],[15.33745,48.39931],[15.33635,48.39645],[15.3372,48.39271],[15.33695,48.39089],[15.33784,48.38886],[15.32752,48.38702],[15.32617,48.38728],[15.32633,48.38832],[15.32481,48.39079],[15.32415,48.3931],[15.3225,48.3941],[15.31747,48.39293],[15.31419,48.39251],[15.31137,48.39165],[15.30824,48.39182],[15.3062,48.38911],[15.30436,48.38788],[15.30246,48.38714],[15.29611,48.38795],[15.2922,48.38813],[15.29201,48.38485],[15.29121,48.383],[15.29329,48.38121],[15.28744,48.37737],[15.27978,48.37419],[15.27716,48.37357],[15.27009,48.37386],[15.27144,48.37192],[15.27305,48.3688],[15.27724,48.36665],[15.28021,48.36394],[15.28357,48.35925],[15.28843,48.35538],[15.29342,48.35249],[15.29953,48.35313],[15.30101,48.35255],[15.30438,48.34926],[15.30697,48.35122],[15.31127,48.35042],[15.31348,48.35118],[15.31581,48.34959],[15.31936,48.34839],[15.32445,48.35093],[15.32892,48.35092],[15.33175,48.34894],[15.33363,48.34713],[15.33471,48.34532],[15.33605,48.34392],[15.3381,48.3449],[15.34352,48.34122],[15.34708,48.3403],[15.35128,48.34063],[15.3562,48.3417],[15.35849,48.34359],[15.36015,48.34346],[15.36497,48.34165],[15.36853,48.3416],[15.37078,48.34214],[15.37428,48.34169],[15.37533,48.34059],[15.37183,48.33974],[15.37066,48.34049],[15.36858,48.3379],[15.36889,48.33562],[15.37066,48.3348],[15.36555,48.33268],[15.36551,48.33199],[15.36825,48.32974],[15.36772,48.32741],[15.37335,48.32714],[15.36842,48.32301],[15.36923,48.31992],[15.37084,48.31892],[15.3759,48.31762],[15.37771,48.31783],[15.3777,48.31601],[15.3751,48.31418],[15.37431,48.31226],[15.37471,48.30985],[15.37417,48.30894],[15.3699,48.30778],[15.37171,48.3074],[15.3761,48.30843],[15.37811,48.30607],[15.38226,48.3065],[15.38418,48.3054],[15.38254,48.30486],[15.37801,48.30464],[15.37044,48.30293],[15.36978,48.30242],[15.37169,48.3009],[15.37125,48.30028],[15.36854,48.30082],[15.36565,48.29936],[15.3653,48.29838],[15.36704,48.29631],[15.36846,48.29127],[15.37142,48.28961],[15.37602,48.28902],[15.37773,48.28743],[15.37624,48.28713],[15.3741,48.28524],[15.37584,48.28332],[15.38289,48.28057],[15.38773,48.27755],[15.38936,48.27606],[15.39242,48.27799],[15.39712,48.28047],[15.40021,48.28266],[15.40353,48.2862],[15.40545,48.28971],[15.40603,48.29171],[15.4071,48.29375],[15.40899,48.3008],[15.41028,48.30726],[15.41078,48.31059],[15.41202,48.31598],[15.41174,48.32032],[15.41016,48.32611],[15.41361,48.32587],[15.41992,48.32385],[15.42314,48.32307],[15.42636,48.32347],[15.43397,48.3247],[15.43909,48.3248],[15.44173,48.3243],[15.44469,48.32199],[15.44549,48.32034],[15.44617,48.3178],[15.44494,48.31528],[15.44338,48.31304],[15.44316,48.31107],[15.44137,48.30948],[15.44181,48.3065],[15.44473,48.30824],[15.44565,48.30969],[15.44701,48.31034],[15.45438,48.31308],[15.45896,48.31631],[15.46143,48.31732],[15.46455,48.31609],[15.46493,48.31399],[15.46603,48.31312],[15.46852,48.31228],[15.47263,48.31276],[15.47495,48.31458],[15.47592,48.31491],[15.47772,48.31697],[15.48223,48.3211],[15.48352,48.32175],[15.48501,48.32179],[15.5,48.31897],[15.50234,48.31878],[15.50478,48.31901],[15.50976,48.32004],[15.51059,48.3204],[15.51081,48.32214],[15.50894,48.32366],[15.50906,48.32495],[15.50725,48.32675],[15.51613,48.32672],[15.52172,48.3275],[15.5273,48.32704],[15.53095,48.32702],[15.53421,48.32762],[15.5352,48.32816],[15.53688,48.33032],[15.53995,48.33302],[15.54179,48.33399],[15.54982,48.33488],[15.55026,48.33752],[15.54784,48.34056],[15.54921,48.34379],[15.55178,48.3471],[15.55189,48.35062],[15.55634,48.35567],[15.56035,48.35666],[15.56146,48.35797],[15.56004,48.36345],[15.55853,48.36572],[15.56064,48.36653],[15.57085,48.36609],[15.57348,48.3666],[15.57663,48.36561],[15.57801,48.36342],[15.58149,48.3626],[15.58444,48.36459],[15.58526,48.36708],[15.58509,48.36854],[15.58342,48.37106],[15.58874,48.3717],[15.5877,48.37388],[15.59389,48.37472],[15.59416,48.37803],[15.59329,48.37811],[15.59327,48.38127],[15.59454,48.3877],[15.5953,48.38808],[15.59789,48.38765],[15.59853,48.39357],[15.60359,48.39406],[15.60329,48.39781],[15.60542,48.39684],[15.60553,48.40151],[15.60492,48.40264],[15.59912,48.4023],[15.58819,48.40106],[15.58273,48.39959],[15.57622,48.39745],[15.56301,48.3925],[15.56041,48.39386],[15.55935,48.39562],[15.56159,48.39785],[15.56213,48.39909],[15.56199,48.40056],[15.55937,48.40243],[15.55706,48.4034],[15.56019,48.40931],[15.55755,48.41032],[15.55486,48.41267],[15.55124,48.41369],[15.54676,48.41019],[15.54445,48.40905],[15.54231,48.40897],[15.53788,48.40928],[15.53385,48.41035],[15.53062,48.41199],[15.52882,48.41387],[15.52632,48.41705],[15.53336,48.41975],[15.53444,48.42046],[15.53126,48.42169],[15.5292,48.42176],[15.52559,48.42258],[15.51799,48.42277],[15.5152,48.42488],[15.51224,48.42432],[15.50803,48.42459],[15.50619,48.42575],[15.50684,48.42722],[15.50357,48.42803],[15.49441,48.42751],[15.49121,48.42863],[15.49049,48.42974],[15.48445,48.43006],[15.48255,48.42954]]]},"properties":{"idApp":926001,"aopId":"wachau","name":"Wachau","nameJa":"ヴァッハウ","kind":"regional","tags":["dac"],"rank":0},"bbox":[15.27009,48.27606,15.60553,48.43084]},{"type":"Feature","geometry":{"type":"Polygon","coordinates":[[[15.55026,48.33752],[15.56146,48.33798],[15.57462,48.33777],[15.57587,48.34011],[15.57681,48.34106],[15.58031,48.34275],[15.58467,48.34037],[15.58599,48.33987],[15.58905,48.34127],[15.59029,48.33449],[15.59994,48.3342],[15.60561,48.33324],[15.60743,48.33256],[15.60956,48.3323],[15.61373,48.33228],[15.61554,48.33079],[15.61733,48.32677],[15.62061,48.32604],[15.62498,48.32617],[15.62649,48.32586],[15.62902,48.32629],[15.63134,48.32735],[15.6337,48.32991],[15.63616,48.33144],[15.63906,48.33445],[15.64152,48.33585],[15.64482,48.33628],[15.65097,48.33638],[15.65256,48.33656],[15.65385,48.33733],[15.6559,48.34002],[15.66239,48.34184],[15.6673,48.344],[15.66881,48.34547],[15.67055,48.34932],[15.67064,48.35183],[15.6691,48.35541],[15.66809,48.35903],[15.66896,48.36142],[15.66964,48.36431],[15.66779,48.36882],[15.67513,48.37026],[15.67789,48.37057],[15.69218,48.36865],[15.69595,48.37078],[15.70529,48.37092],[15.70802,48.37218],[15.71223,48.37449],[15.71385,48.37489],[15.7174,48.37479],[15.72114,48.37326],[15.72817,48.37604],[15.7255,48.37852],[15.72645,48.37939],[15.73022,48.38168],[15.73177,48.38367],[15.73156,48.38597],[15.73048,48.38732],[15.72701,48.38727],[15.72629,48.38643],[15.72556,48.38393],[15.71993,48.38698],[15.72127,48.38951],[15.72063,48.39088],[15.71826,48.39165],[15.71201,48.39231],[15.7141,48.39334],[15.71783,48.39405],[15.72179,48.39331],[15.72451,48.39253],[15.72758,48.39374],[15.72864,48.39472],[15.72875,48.39597],[15.73001,48.39651],[15.73004,48.39823],[15.73071,48.39893],[15.73475,48.39783],[15.7355,48.3972],[15.73782,48.40063],[15.73903,48.40314],[15.73149,48.40482],[15.72679,48.40463],[15.72422,48.40256],[15.72264,48.40205],[15.72154,48.40521],[15.7108,48.40653],[15.71028,48.40912],[15.70826,48.40934],[15.70495,48.41131],[15.70288,48.41327],[15.70328,48.41685],[15.70491,48.41804],[15.70763,48.41842],[15.71098,48.42265],[15.71151,48.42706],[15.71139,48.42812],[15.70756,48.43458],[15.7024,48.43926],[15.70365,48.43989],[15.70134,48.44135],[15.69082,48.4386],[15.68592,48.43836],[15.68386,48.43991],[15.68124,48.44009],[15.68064,48.44578],[15.67818,48.44586],[15.67464,48.44757],[15.66797,48.44659],[15.66378,48.44426],[15.66293,48.44558],[15.66241,48.44842],[15.65891,48.44711],[15.6471,48.44579],[15.64692,48.45028],[15.64078,48.45037],[15.63752,48.45022],[15.63316,48.45102],[15.6314,48.45065],[15.63671,48.45559],[15.6181,48.45702],[15.60545,48.45718],[15.60455,48.45743],[15.60365,48.46127],[15.5995,48.46105],[15.59773,48.46276],[15.59412,48.46441],[15.59107,48.4638],[15.58873,48.46708],[15.58327,48.47062],[15.57298,48.47258],[15.56888,48.4745],[15.5606,48.47629],[15.5583,48.47822],[15.55768,48.47971],[15.55584,48.48159],[15.54273,48.48538],[15.54286,48.48593],[15.55742,48.48599],[15.55989,48.48726],[15.55564,48.48928],[15.5469,48.48969],[15.5442,48.48875],[15.54187,48.48869],[15.54066,48.48912],[15.53905,48.49134],[15.53759,48.49241],[15.53493,48.49222],[15.52877,48.4912],[15.52298,48.48964],[15.51915,48.4895],[15.51495,48.49039],[15.51214,48.48752],[15.50977,48.48714],[15.5079,48.48757],[15.50592,48.48998],[15.50217,48.48834],[15.49905,48.48829],[15.49714,48.48737],[15.49479,48.48709],[15.48995,48.48776],[15.48742,48.48958],[15.48554,48.48963],[15.48258,48.48861],[15.47922,48.48508],[15.47954,48.48428],[15.48168,48.48342],[15.48667,48.48279],[15.4867,48.48405],[15.49112,48.48554],[15.49132,48.48337],[15.49459,48.48258],[15.4948,48.47964],[15.4982,48.47957],[15.49935,48.47653],[15.49578,48.47713],[15.48999,48.47673],[15.48173,48.47949],[15.47742,48.47604],[15.47807,48.47479],[15.48137,48.4728],[15.48232,48.4717],[15.48589,48.46861],[15.48449,48.46678],[15.47667,48.46122],[15.47599,48.46002],[15.47804,48.45871],[15.48358,48.45646],[15.48452,48.45551],[15.48245,48.45402],[15.484,48.45325],[15.49014,48.44618],[15.49318,48.44396],[15.49265,48.44203],[15.48314,48.43722],[15.48263,48.43504],[15.48339,48.43405],[15.47995,48.43125],[15.48039,48.43041],[15.48255,48.42954],[15.48445,48.43006],[15.49049,48.42974],[15.49121,48.42863],[15.49441,48.42751],[15.50357,48.42803],[15.50684,48.42722],[15.50619,48.42575],[15.50803,48.42459],[15.51224,48.42432],[15.5152,48.42488],[15.51799,48.42277],[15.52559,48.42258],[15.5292,48.42176],[15.53126,48.42169],[15.53444,48.42046],[15.53336,48.41975],[15.52632,48.41705],[15.52882,48.41387],[15.53062,48.41199],[15.53385,48.41035],[15.53788,48.40928],[15.54231,48.40897],[15.54445,48.40905],[15.54676,48.41019],[15.55124,48.41369],[15.55486,48.41267],[15.55755,48.41032],[15.56019,48.40931],[15.55706,48.4034],[15.55937,48.40243],[15.56199,48.40056],[15.56213,48.39909],[15.56159,48.39785],[15.55935,48.39562],[15.56041,48.39386],[15.56301,48.3925],[15.57622,48.39745],[15.58273,48.39959],[15.58819,48.40106],[15.59912,48.4023],[15.60492,48.40264],[15.60553,48.40151],[15.60542,48.39684],[15.60329,48.39781],[15.60359,48.39406],[15.59853,48.39357],[15.59789,48.38765],[15.5953,48.38808],[15.59454,48.3877],[15.59327,48.38127],[15.59329,48.37811],[15.59416,48.37803],[15.59389,48.37472],[15.5877,48.37388],[15.58874,48.3717],[15.58342,48.37106],[15.58509,48.36854],[15.58526,48.36708],[15.58444,48.36459],[15.58149,48.3626],[15.57801,48.36342],[15.57663,48.36561],[15.57348,48.3666],[15.57085,48.36609],[15.56064,48.36653],[15.55853,48.36572],[15.56004,48.36345],[15.56146,48.35797],[15.56035,48.35666],[15.55634,48.35567],[15.55189,48.35062],[15.55178,48.3471],[15.54921,48.34379],[15.54784,48.34056],[15.55026,48.33752]]]},"properties":{"idApp":926002,"aopId":"kremstal","name":"Kremstal","nameJa":"クレムスタール","kind":"regional","tags":["dac"],"rank":0},"bbox":[15.47599,48.32586,15.73903,48.49241]}]}