{"type":"FeatureCollection","features":[{"type":"Feature","geometry":{"type":"MultiPolygon","coordinates":[[[[-8.61239,38.64469],[-8.61719,38.65882],[-8.61842,38.66222],[-8.62399,38.66205],[-8.63016,38.66084],[-8.63926,38.65728],[-8.66355,38.64756],[-8.67381,38.65643],[-8.67763,38.65746],[-8.68339,38.6594],[-8.69244,38.66293],[-8.69163,38.66394],[-8.68872,38.66651],[-8.68837,38.66819],[-8.68628,38.66827],[-8.68513,38.66969],[-8.6827,38.67175],[-8.67993,38.67369],[-8.67891,38.67407],[-8.67755,38.67712],[-8.69186,38.68275],[-8.69884,38.68278],[-8.70113,38.68299],[-8.71368,38.68503],[-8.71751,38.68615],[-8.72023,38.68723],[-8.72397,38.68931],[-8.72663,38.69008],[-8.73018,38.69082],[-8.73554,38.69093],[-8.73746,38.69032],[-8.73858,38.68892],[-8.74289,38.6848],[-8.75007,38.67821],[-8.75578,38.67341],[-8.75937,38.67026],[-8.76002,38.66924],[-8.76307,38.66961],[-8.76383,38.66941],[-8.76485,38.66652],[-8.76754,38.66875],[-8.77019,38.66884],[-8.77575,38.66982],[-8.77775,38.66932],[-8.77925,38.66944],[-8.77883,38.67037],[-8.77869,38.67373],[-8.77994,38.67651],[-8.7802,38.67846],[-8.78112,38.68052],[-8.78236,38.68503],[-8.77846,38.69151],[-8.77543,38.69486],[-8.75588,38.69175],[-8.75159,38.69823],[-8.74642,38.69605],[-8.74104,38.70414],[-8.73389,38.70115],[-8.73187,38.70198],[-8.72982,38.70118],[-8.73076,38.69983],[-8.72545,38.69767],[-8.71325,38.71564],[-8.70898,38.72169],[-8.70325,38.72067],[-8.69449,38.71847],[-8.69017,38.71816],[-8.68463,38.7194],[-8.67248,38.72197],[-8.65651,38.72144],[-8.65807,38.71592],[-8.65955,38.71332],[-8.66041,38.71118],[-8.66168,38.70955],[-8.65926,38.70751],[-8.65651,38.70471],[-8.65023,38.70177],[-8.6475,38.70083],[-8.64309,38.70072],[-8.63547,38.70126],[-8.63131,38.70309],[-8.62585,38.70825],[-8.61774,38.71619],[-8.61732,38.71555],[-8.61477,38.70904],[-8.60963,38.70996],[-8.61203,38.71544],[-8.60762,38.71396],[-8.60358,38.71214],[-8.59745,38.71044],[-8.59118,38.71077],[-8.59,38.70967],[-8.58832,38.70746],[-8.58785,38.7063],[-8.58783,38.70456],[-8.58604,38.70118],[-8.5847,38.70035],[-8.58326,38.69839],[-8.58179,38.69708],[-8.58004,38.69375],[-8.58038,38.69091],[-8.5797,38.68868],[-8.57644,38.68553],[-8.57286,38.6834],[-8.57034,38.68073],[-8.56621,38.67818],[-8.56408,38.67745],[-8.55946,38.67743],[-8.55831,38.67775],[-8.55233,38.6822],[-8.54713,38.68443],[-8.54453,38.6846],[-8.54071,38.68568],[-8.54014,38.68876],[-8.53121,38.69186],[-8.52799,38.69688],[-8.52004,38.70895],[-8.51404,38.71103],[-8.5044,38.71423],[-8.50102,38.71549],[-8.50254,38.71813],[-8.50089,38.72221],[-8.50462,38.72534],[-8.50669,38.72786],[-8.50914,38.72771],[-8.51138,38.73257],[-8.51051,38.73724],[-8.50744,38.74214],[-8.50559,38.74586],[-8.50023,38.7499],[-8.49173,38.7546],[-8.48983,38.75096],[-8.48899,38.75021],[-8.48595,38.74942],[-8.47506,38.74875],[-8.47315,38.74899],[-8.46899,38.74908],[-8.46366,38.74848],[-8.46128,38.74793],[-8.45983,38.74687],[-8.45773,38.74657],[-8.45555,38.74472],[-8.45082,38.74372],[-8.44865,38.74414],[-8.44265,38.7433],[-8.44061,38.74318],[-8.43719,38.74374],[-8.43528,38.74529],[-8.44122,38.73565],[-8.44457,38.73001],[-8.44366,38.72721],[-8.44264,38.72604],[-8.43828,38.72535],[-8.43424,38.72363],[-8.43063,38.7239],[-8.42859,38.72346],[-8.42415,38.72094],[-8.42267,38.71926],[-8.42121,38.71848],[-8.41725,38.71823],[-8.41497,38.71787],[-8.41263,38.71701],[-8.41047,38.71568],[-8.40911,38.71444],[-8.40768,38.71368],[-8.40673,38.7138],[-8.40567,38.71278],[-8.4043,38.71221],[-8.40321,38.71361],[-8.4007,38.71574],[-8.4003,38.7169],[-8.39801,38.71865],[-8.39496,38.72007],[-8.39416,38.72079],[-8.3939,38.72232],[-8.39159,38.72443],[-8.38808,38.72817],[-8.38625,38.72979],[-8.38259,38.72942],[-8.38023,38.72971],[-8.378,38.73102],[-8.37646,38.73133],[-8.37247,38.7306],[-8.3701,38.7304],[-8.36899,38.7294],[-8.36152,38.72754],[-8.35863,38.72744],[-8.3572,38.72843],[-8.35396,38.72962],[-8.35442,38.73251],[-8.35586,38.73662],[-8.35658,38.73783],[-8.35436,38.7482],[-8.35214,38.74849],[-8.34898,38.74837],[-8.35023,38.75063],[-8.352,38.75164],[-8.35182,38.75347],[-8.34331,38.75854],[-8.34073,38.75797],[-8.33354,38.75587],[-8.32801,38.75436],[-8.32327,38.75287],[-8.31945,38.75212],[-8.3148,38.75397],[-8.31397,38.75461],[-8.31228,38.75431],[-8.30937,38.7546],[-8.30731,38.75414],[-8.30535,38.75428],[-8.30398,38.75388],[-8.30196,38.75211],[-8.30089,38.75155],[-8.29874,38.749],[-8.29703,38.7466],[-8.29666,38.74475],[-8.2957,38.74234],[-8.29583,38.74159],[-8.29452,38.73956],[-8.29454,38.73745],[-8.29111,38.73323],[-8.28931,38.73209],[-8.28952,38.73075],[-8.28754,38.7286],[-8.28118,38.7274],[-8.27704,38.72624],[-8.27567,38.72559],[-8.27199,38.72474],[-8.27205,38.72643],[-8.27092,38.72851],[-8.27277,38.73034],[-8.2718,38.73171],[-8.27339,38.73261],[-8.27439,38.73367],[-8.27364,38.73529],[-8.27245,38.7356],[-8.27192,38.73781],[-8.2723,38.73841],[-8.27007,38.73897],[-8.26508,38.73972],[-8.26203,38.74288],[-8.26144,38.74709],[-8.26298,38.74932],[-8.26353,38.75131],[-8.26078,38.75181],[-8.25983,38.7538],[-8.2604,38.75683],[-8.25963,38.76007],[-8.25716,38.75922],[-8.25634,38.75817],[-8.25445,38.75746],[-8.25077,38.75784],[-8.24847,38.75737],[-8.24814,38.75632],[-8.24699,38.75551],[-8.24456,38.75448],[-8.24264,38.75417],[-8.24468,38.75197],[-8.24756,38.74985],[-8.24992,38.74665],[-8.25313,38.74579],[-8.25311,38.74415],[-8.25325,38.7437],[-8.25267,38.73963],[-8.2532,38.73588],[-8.25592,38.7291],[-8.25695,38.72725],[-8.25946,38.72448],[-8.26108,38.72332],[-8.26258,38.71855],[-8.26431,38.7145],[-8.26508,38.71541],[-8.26775,38.71723],[-8.26927,38.71484],[-8.26999,38.71313],[-8.27178,38.71042],[-8.27232,38.71078],[-8.27547,38.70809],[-8.27555,38.70535],[-8.2763,38.70343],[-8.27639,38.70091],[-8.27801,38.70023],[-8.28018,38.70058],[-8.28075,38.70133],[-8.28313,38.7031],[-8.28422,38.70439],[-8.28688,38.70583],[-8.28857,38.70178],[-8.28785,38.70024],[-8.28724,38.69771],[-8.28208,38.69247],[-8.28385,38.68906],[-8.28505,38.6885],[-8.28745,38.68812],[-8.28927,38.68704],[-8.29184,38.68428],[-8.29182,38.68358],[-8.29447,38.68198],[-8.29861,38.68067],[-8.2999,38.67898],[-8.30197,38.68059],[-8.30375,38.68056],[-8.3035,38.67912],[-8.30439,38.67819],[-8.30646,38.67871],[-8.30877,38.67808],[-8.31048,38.67801],[-8.3136,38.67908],[-8.31486,38.67863],[-8.31625,38.67937],[-8.31701,38.67846],[-8.32057,38.68009],[-8.32468,38.68041],[-8.3271,38.68186],[-8.33114,38.68184],[-8.33317,38.68228],[-8.3353,38.68329],[-8.33837,38.68402],[-8.34136,38.6841],[-8.34256,38.68325],[-8.34469,38.68246],[-8.34721,38.68108],[-8.34891,38.68085],[-8.35148,38.68158],[-8.35194,38.68327],[-8.35335,38.68414],[-8.3548,38.68379],[-8.35513,38.68522],[-8.35684,38.68741],[-8.36277,38.68979],[-8.36362,38.69211],[-8.36475,38.69329],[-8.36825,38.69514],[-8.37032,38.69674],[-8.37296,38.69784],[-8.37595,38.70017],[-8.37836,38.70252],[-8.38009,38.70266],[-8.38517,38.70538],[-8.38684,38.70522],[-8.38664,38.70421],[-8.38383,38.70221],[-8.3831,38.69954],[-8.38189,38.69868],[-8.38082,38.69717],[-8.38097,38.6956],[-8.3805,38.69401],[-8.38194,38.69188],[-8.38212,38.6899],[-8.37993,38.68648],[-8.37824,38.68278],[-8.37904,38.68037],[-8.38163,38.67711],[-8.38312,38.67394],[-8.38321,38.6722],[-8.38177,38.66843],[-8.38036,38.66558],[-8.38008,38.66411],[-8.38029,38.65946],[-8.38004,38.65475],[-8.38025,38.65007],[-8.3815,38.65007],[-8.38399,38.65095],[-8.39163,38.6555],[-8.39626,38.64951],[-8.39835,38.64556],[-8.39876,38.64177],[-8.39807,38.63754],[-8.40034,38.63653],[-8.40292,38.63406],[-8.40592,38.63234],[-8.40898,38.63337],[-8.4105,38.63265],[-8.40809,38.63169],[-8.40684,38.63165],[-8.40601,38.63088],[-8.40291,38.63128],[-8.402,38.63049],[-8.40118,38.62808],[-8.39942,38.62715],[-8.3979,38.62679],[-8.39731,38.62552],[-8.39666,38.62262],[-8.39404,38.62074],[-8.39263,38.61933],[-8.39359,38.61724],[-8.39397,38.61443],[-8.39352,38.61192],[-8.39227,38.60944],[-8.39138,38.60878],[-8.3914,38.60782],[-8.38915,38.60552],[-8.38836,38.60311],[-8.38625,38.59924],[-8.38571,38.59671],[-8.38465,38.59441],[-8.38371,38.59311],[-8.38399,38.59002],[-8.38233,38.58685],[-8.38129,38.58397],[-8.38078,38.58185],[-8.37901,38.57951],[-8.37623,38.57226],[-8.37569,38.57015],[-8.37456,38.56853],[-8.3739,38.56593],[-8.3729,38.56455],[-8.37285,38.56315],[-8.37501,38.5619],[-8.37505,38.56004],[-8.37391,38.55775],[-8.37232,38.55637],[-8.37071,38.55677],[-8.36905,38.55823],[-8.36824,38.55812],[-8.36693,38.55686],[-8.36713,38.55553],[-8.36863,38.55476],[-8.36942,38.55367],[-8.3687,38.55288],[-8.36491,38.55571],[-8.36298,38.55638],[-8.36038,38.55575],[-8.35712,38.55667],[-8.35492,38.55697],[-8.35233,38.5568],[-8.34975,38.55813],[-8.34736,38.56017],[-8.3459,38.55998],[-8.34376,38.56031],[-8.3432,38.56321],[-8.34137,38.56295],[-8.3407,38.56557],[-8.34224,38.56533],[-8.34292,38.56969],[-8.34506,38.56959],[-8.34476,38.57112],[-8.34309,38.57516],[-8.34202,38.57954],[-8.34476,38.58045],[-8.34476,38.58176],[-8.34305,38.58439],[-8.34239,38.58308],[-8.34093,38.58304],[-8.33917,38.58573],[-8.33844,38.58754],[-8.33736,38.58863],[-8.33653,38.59117],[-8.3315,38.59173],[-8.32613,38.59248],[-8.32475,38.59345],[-8.32161,38.59359],[-8.31872,38.59489],[-8.31692,38.59359],[-8.314,38.59249],[-8.31303,38.59336],[-8.31146,38.59563],[-8.30768,38.59816],[-8.30628,38.59859],[-8.30508,38.59995],[-8.30364,38.60067],[-8.29987,38.60154],[-8.29739,38.60115],[-8.29536,38.60163],[-8.29261,38.60298],[-8.29028,38.60614],[-8.28739,38.60826],[-8.2861,38.61045],[-8.28486,38.6119],[-8.28413,38.61334],[-8.28094,38.61329],[-8.27889,38.6137],[-8.27501,38.61254],[-8.27316,38.61291],[-8.27068,38.61275],[-8.26424,38.6118],[-8.25413,38.61168],[-8.25019,38.61078],[-8.24548,38.60775],[-8.24516,38.6065],[-8.24589,38.60606],[-8.24956,38.60061],[-8.25233,38.59842],[-8.25439,38.59756],[-8.25806,38.59639],[-8.26099,38.59322],[-8.26135,38.59092],[-8.25354,38.58675],[-8.25235,38.58566],[-8.25043,38.58324],[-8.24534,38.58314],[-8.24114,38.58114],[-8.24102,38.58043],[-8.23927,38.57897],[-8.23475,38.57767],[-8.23538,38.5755],[-8.2349,38.57374],[-8.23546,38.57255],[-8.23483,38.57122],[-8.23412,38.57158],[-8.23155,38.57103],[-8.22811,38.57189],[-8.22631,38.57213],[-8.22544,38.57164],[-8.22176,38.57087],[-8.22062,38.57301],[-8.21819,38.57138],[-8.21242,38.56933],[-8.21036,38.56898],[-8.20367,38.56718],[-8.20317,38.57037],[-8.20122,38.57525],[-8.20423,38.57627],[-8.20359,38.5772],[-8.20465,38.57861],[-8.20552,38.57879],[-8.20618,38.58038],[-8.20275,38.58233],[-8.20256,38.58577],[-8.20629,38.58809],[-8.20955,38.58944],[-8.20849,38.5901],[-8.20428,38.58995],[-8.20294,38.59045],[-8.20215,38.5898],[-8.20057,38.58974],[-8.20028,38.59074],[-8.19826,38.59212],[-8.19708,38.59455],[-8.1966,38.59668],[-8.19373,38.60067],[-8.19114,38.59894],[-8.1866,38.59715],[-8.18289,38.59687],[-8.18244,38.59838],[-8.18133,38.60038],[-8.17889,38.60131],[-8.17776,38.60131],[-8.17361,38.59942],[-8.16966,38.59696],[-8.16688,38.59589],[-8.16447,38.5958],[-8.16283,38.59534],[-8.15955,38.59628],[-8.15832,38.59696],[-8.15737,38.59845],[-8.15706,38.60018],[-8.15595,38.60139],[-8.15523,38.60329],[-8.15407,38.60508],[-8.1531,38.60588],[-8.15256,38.60732],[-8.15642,38.60975],[-8.15992,38.61006],[-8.16509,38.61418],[-8.16569,38.61558],[-8.16517,38.61763],[-8.1648,38.62045],[-8.16263,38.62207],[-8.16055,38.62464],[-8.159,38.62714],[-8.15755,38.62765],[-8.15286,38.63019],[-8.15063,38.62842],[-8.1489,38.62871],[-8.14788,38.62831],[-8.14706,38.62698],[-8.14681,38.62521],[-8.14527,38.62206],[-8.14131,38.6232],[-8.14042,38.62323],[-8.13707,38.62191],[-8.13578,38.622],[-8.13471,38.62279],[-8.13367,38.62121],[-8.13263,38.62164],[-8.12931,38.62112],[-8.12655,38.62144],[-8.12467,38.62198],[-8.12277,38.62087],[-8.12087,38.62167],[-8.11947,38.62103],[-8.11737,38.61934],[-8.11421,38.62085],[-8.11207,38.62071],[-8.11035,38.61854],[-8.10895,38.61807],[-8.10856,38.61655],[-8.10705,38.6148],[-8.10584,38.61598],[-8.10412,38.61679],[-8.10326,38.61806],[-8.10119,38.61664],[-8.10056,38.61436],[-8.09871,38.61344],[-8.09665,38.61154],[-8.09761,38.61088],[-8.09744,38.60828],[-8.09823,38.60719],[-8.09796,38.60631],[-8.09896,38.6044],[-8.09771,38.59857],[-8.09817,38.59603],[-8.09617,38.59611],[-8.09448,38.59825],[-8.09413,38.59954],[-8.09157,38.60274],[-8.08884,38.60448],[-8.08559,38.60217],[-8.0829,38.60079],[-8.08299,38.59875],[-8.08233,38.59772],[-8.07887,38.59732],[-8.0761,38.59737],[-8.07428,38.5977],[-8.0691,38.59993],[-8.06944,38.60032],[-8.06957,38.60588],[-8.07002,38.60908],[-8.06941,38.61024],[-8.06942,38.6116],[-8.06673,38.61024],[-8.0643,38.60931],[-8.06297,38.60836],[-8.06515,38.60635],[-8.06509,38.60504],[-8.06427,38.6034],[-8.05989,38.60043],[-8.05809,38.59963],[-8.05235,38.59979],[-8.05061,38.60021],[-8.04826,38.59989],[-8.04841,38.60067],[-8.04969,38.60245],[-8.04777,38.60456],[-8.04881,38.60564],[-8.0504,38.60648],[-8.04714,38.607],[-8.0445,38.60776],[-8.04344,38.60699],[-8.04064,38.60693],[-8.0324,38.60745],[-8.02949,38.60721],[-8.03137,38.60936],[-8.03497,38.61086],[-8.03753,38.61099],[-8.03675,38.61351],[-8.03696,38.61498],[-8.03621,38.61632],[-8.03632,38.61934],[-8.03528,38.62053],[-8.03322,38.62371],[-8.03626,38.62642],[-8.03829,38.62733],[-8.03738,38.6286],[-8.03765,38.62954],[-8.03577,38.63175],[-8.03553,38.63285],[-8.03738,38.63397],[-8.03949,38.63642],[-8.0397,38.63858],[-8.04131,38.64033],[-8.04357,38.64045],[-8.0417,38.6445],[-8.04006,38.64568],[-8.03812,38.64642],[-8.0382,38.65139],[-8.03942,38.65237],[-8.04228,38.64945],[-8.04367,38.64646],[-8.04399,38.64473],[-8.04575,38.64462],[-8.04784,38.64513],[-8.04961,38.6452],[-8.05012,38.64692],[-8.04977,38.64931],[-8.05053,38.65374],[-8.04984,38.65602],[-8.05215,38.65623],[-8.05168,38.65812],[-8.05094,38.65937],[-8.05354,38.66187],[-8.05502,38.66256],[-8.05778,38.66287],[-8.0596,38.66153],[-8.06132,38.66084],[-8.06234,38.66245],[-8.06345,38.66579],[-8.06072,38.66991],[-8.06167,38.67647],[-8.06449,38.68236],[-8.06235,38.68366],[-8.0616,38.68514],[-8.06037,38.68547],[-8.05825,38.68686],[-8.05254,38.68371],[-8.0488,38.68622],[-8.04594,38.68879],[-8.04233,38.69169],[-8.04354,38.69252],[-8.04212,38.6935],[-8.04133,38.69504],[-8.03988,38.69655],[-8.04628,38.70051],[-8.05314,38.70417],[-8.05338,38.70509],[-8.05035,38.70709],[-8.04843,38.70932],[-8.04651,38.71073],[-8.04454,38.71152],[-8.04171,38.71157],[-8.03858,38.71074],[-8.02971,38.71268],[-8.02715,38.72342],[-8.02788,38.72568],[-8.0285,38.72635],[-8.02925,38.72975],[-8.03072,38.73183],[-8.03144,38.7337],[-8.03272,38.73417],[-8.03624,38.7371],[-8.03684,38.73813],[-8.03759,38.74114],[-8.03926,38.73993],[-8.04108,38.74247],[-8.04329,38.74505],[-8.0447,38.74611],[-8.0469,38.7446],[-8.04766,38.7456],[-8.04882,38.7454],[-8.05025,38.74385],[-8.05169,38.7447],[-8.05328,38.74478],[-8.05228,38.74616],[-8.04883,38.74789],[-8.04968,38.74893],[-8.05093,38.74876],[-8.05254,38.75111],[-8.05431,38.75272],[-8.05473,38.75361],[-8.05532,38.75752],[-8.05721,38.7567],[-8.06172,38.75618],[-8.06334,38.75651],[-8.06651,38.75867],[-8.06564,38.76141],[-8.06623,38.76222],[-8.06608,38.76409],[-8.06466,38.76536],[-8.06334,38.76749],[-8.06122,38.76856],[-8.06118,38.7697],[-8.06198,38.77248],[-8.06171,38.77384],[-8.05963,38.77421],[-8.05964,38.77653],[-8.05912,38.77802],[-8.06066,38.78025],[-8.06411,38.78342],[-8.06794,38.78756],[-8.06536,38.78914],[-8.06555,38.78993],[-8.06754,38.79116],[-8.06825,38.79329],[-8.07063,38.79363],[-8.06949,38.79522],[-8.07001,38.79585],[-8.06865,38.8004],[-8.06851,38.80192],[-8.0661,38.80318],[-8.06784,38.80435],[-8.06853,38.80598],[-8.06686,38.80838],[-8.06697,38.80937],[-8.06865,38.80898],[-8.07072,38.80797],[-8.0729,38.80859],[-8.07932,38.80876],[-8.08128,38.8083],[-8.08432,38.81027],[-8.08775,38.81051],[-8.08974,38.81105],[-8.09342,38.81088],[-8.09597,38.80909],[-8.09771,38.80731],[-8.10287,38.81039],[-8.10279,38.81115],[-8.09999,38.81221],[-8.09872,38.81301],[-8.09622,38.81573],[-8.09463,38.8169],[-8.09284,38.81877],[-8.09199,38.81921],[-8.09342,38.82029],[-8.09515,38.82239],[-8.09956,38.82293],[-8.10255,38.82305],[-8.10533,38.82398],[-8.10732,38.82492],[-8.10813,38.8259],[-8.10796,38.82675],[-8.10633,38.829],[-8.10535,38.83103],[-8.10279,38.83453],[-8.09934,38.83634],[-8.09702,38.83854],[-8.09543,38.83923],[-8.09391,38.8404],[-8.09119,38.84132],[-8.08953,38.84227],[-8.08664,38.84455],[-8.08506,38.84537],[-8.08194,38.84587],[-8.07907,38.84682],[-8.07461,38.84945],[-8.07265,38.85088],[-8.07379,38.85226],[-8.07159,38.85433],[-8.07086,38.85747],[-8.07101,38.85864],[-8.0696,38.86007],[-8.06683,38.86025],[-8.06527,38.86138],[-8.06429,38.86315],[-8.06274,38.86448],[-8.06375,38.86784],[-8.06705,38.87143],[-8.07105,38.87434],[-8.072,38.8761],[-8.07237,38.87964],[-8.07306,38.88069],[-8.07398,38.88315],[-8.07419,38.88503],[-8.0754,38.88613],[-8.07671,38.88968],[-8.07927,38.89221],[-8.07945,38.89467],[-8.08063,38.89727],[-8.0834,38.89875],[-8.0859,38.89883],[-8.08803,38.89785],[-8.08973,38.8977],[-8.0912,38.8963],[-8.09301,38.89612],[-8.09436,38.89643],[-8.09707,38.89825],[-8.09795,38.89853],[-8.10073,38.89803],[-8.10352,38.89882],[-8.10462,38.9],[-8.10845,38.90072],[-8.10971,38.90064],[-8.11124,38.899],[-8.113,38.89882],[-8.11669,38.89973],[-8.11908,38.89968],[-8.12001,38.90127],[-8.12199,38.90227],[-8.12425,38.90257],[-8.12555,38.9023],[-8.12455,38.90454],[-8.12714,38.90776],[-8.12883,38.90873],[-8.12984,38.91031],[-8.13151,38.91146],[-8.13157,38.91304],[-8.13233,38.91352],[-8.13245,38.91636],[-8.13442,38.91831],[-8.13624,38.91971],[-8.13789,38.92026],[-8.14019,38.92336],[-8.13984,38.92474],[-8.13997,38.92674],[-8.13676,38.93001],[-8.13584,38.93172],[-8.13485,38.93235],[-8.13577,38.93326],[-8.13451,38.93462],[-8.13225,38.93902],[-8.13171,38.94086],[-8.13089,38.94162],[-8.13012,38.94555],[-8.13078,38.94602],[-8.12988,38.94743],[-8.13028,38.94831],[-8.12979,38.95045],[-8.13068,38.9515],[-8.13383,38.95293],[-8.13459,38.95403],[-8.1346,38.95614],[-8.13539,38.95723],[-8.13798,38.95817],[-8.13826,38.95936],[-8.13778,38.96054],[-8.13659,38.96018],[-8.13442,38.96046],[-8.13331,38.96108],[-8.13213,38.96257],[-8.13075,38.96519],[-8.13006,38.96544],[-8.12807,38.96486],[-8.12447,38.96717],[-8.1221,38.96764],[-8.11913,38.96746],[-8.1177,38.96679],[-8.1156,38.96783],[-8.11394,38.96757],[-8.1109,38.96826],[-8.10781,38.9679],[-8.10714,38.9675],[-8.10399,38.96846],[-8.10316,38.96916],[-8.10523,38.97262],[-8.10723,38.97367],[-8.10836,38.97509],[-8.10781,38.97659],[-8.10674,38.97755],[-8.1084,38.97904],[-8.1082,38.98009],[-8.11005,38.98242],[-8.10995,38.98446],[-8.11094,38.98542],[-8.1121,38.98857],[-8.11335,38.9907],[-8.11364,38.99197],[-8.11532,38.99265],[-8.11931,38.99499],[-8.1198,38.99728],[-8.1182,39.00063],[-8.11931,39.00321],[-8.12029,39.00399],[-8.11719,39.00662],[-8.11697,39.00815],[-8.11718,39.01062],[-8.11181,39.01435],[-8.11014,39.01178],[-8.10761,39.01274],[-8.10329,39.01227],[-8.10115,39.01181],[-8.0986,39.01269],[-8.10063,39.01568],[-8.10133,39.01796],[-8.10327,39.0202],[-8.10381,39.02273],[-8.10559,39.02225],[-8.10865,39.02199],[-8.10959,39.02164],[-8.11252,39.02158],[-8.1165,39.0224],[-8.12013,39.02263],[-8.12253,39.02376],[-8.1242,39.02389],[-8.12813,39.02361],[-8.13097,39.02299],[-8.13088,39.02177],[-8.1293,39.01844],[-8.12976,39.01626],[-8.12897,39.01222],[-8.13284,39.0121],[-8.14039,39.01248],[-8.14153,39.01451],[-8.14324,39.01689],[-8.14489,39.02013],[-8.14551,39.02329],[-8.14895,39.02573],[-8.152,39.02693],[-8.15039,39.02732],[-8.14714,39.0303],[-8.1447,39.03197],[-8.14218,39.03196],[-8.13824,39.03051],[-8.13605,39.03087],[-8.13506,39.03231],[-8.13313,39.03404],[-8.1329,39.03486],[-8.1317,39.03565],[-8.13091,39.03685],[-8.12961,39.03988],[-8.12558,39.04275],[-8.12189,39.04565],[-8.12345,39.04854],[-8.12109,39.04932],[-8.11904,39.04955],[-8.11624,39.05154],[-8.11533,39.0531],[-8.11426,39.05381],[-8.11259,39.05626],[-8.11116,39.05693],[-8.10858,39.05737],[-8.1065,39.05912],[-8.10379,39.06051],[-8.10213,39.06516],[-8.10018,39.06828],[-8.09928,39.07093],[-8.09899,39.07362],[-8.09807,39.07563],[-8.09664,39.07612],[-8.09499,39.07774],[-8.09536,39.07911],[-8.095,39.08027],[-8.09277,39.08275],[-8.092,39.08306],[-8.09084,39.08597],[-8.08987,39.0864],[-8.08872,39.08841],[-8.08796,39.08826],[-8.08233,39.0925],[-8.08079,39.0944],[-8.07719,39.09678],[-8.07621,39.09803],[-8.07661,39.09862],[-8.07356,39.10206],[-8.07222,39.1007],[-8.07207,39.1029],[-8.07112,39.10518],[-8.06966,39.10772],[-8.06873,39.11066],[-8.06586,39.1139],[-8.06204,39.11464],[-8.05329,39.11451],[-8.05306,39.11614],[-8.05338,39.1191],[-8.05243,39.12064],[-8.04959,39.12244],[-8.04835,39.1218],[-8.04771,39.12385],[-8.04758,39.1268],[-8.04615,39.12898],[-8.04214,39.13411],[-8.03797,39.1351],[-8.03443,39.13509],[-8.03496,39.14004],[-8.03421,39.14265],[-8.03314,39.14827],[-8.03334,39.14891],[-8.03642,39.15083],[-8.03857,39.15255],[-8.03651,39.1572],[-8.04498,39.15503],[-8.04626,39.15535],[-8.04898,39.15538],[-8.05192,39.15497],[-8.05257,39.1554],[-8.05292,39.15716],[-8.0544,39.15856],[-8.05597,39.16109],[-8.05621,39.16239],[-8.05769,39.16427],[-8.0583,39.16565],[-8.05861,39.16806],[-8.0611,39.16849],[-8.06202,39.16763],[-8.06365,39.16873],[-8.0657,39.16799],[-8.06723,39.17044],[-8.06257,39.17253],[-8.05592,39.17715],[-8.05498,39.17898],[-8.05522,39.18249],[-8.05505,39.18395],[-8.05429,39.18562],[-8.05167,39.18999],[-8.04974,39.1926],[-8.04667,39.19416],[-8.04455,39.19815],[-8.04315,39.1999],[-8.04263,39.20156],[-8.0405,39.20208],[-8.03923,39.20425],[-8.03529,39.2031],[-8.03395,39.20184],[-8.03211,39.20249],[-8.0299,39.20174],[-8.02706,39.20194],[-8.02424,39.20116],[-8.02135,39.20115],[-8.02015,39.2026],[-8.0169,39.20104],[-8.01412,39.20096],[-8.01211,39.20148],[-8.01014,39.20072],[-8.00856,39.20138],[-8.00334,39.20215],[-8.00231,39.20302],[-8.00048,39.20305],[-7.9964,39.204],[-7.99424,39.2036],[-7.99189,39.20423],[-7.99073,39.20557],[-7.98881,39.20681],[-7.98743,39.20595],[-7.98564,39.20687],[-7.98325,39.20633],[-7.98089,39.20617],[-7.97875,39.20499],[-7.97781,39.20362],[-7.97576,39.2029],[-7.97215,39.20231],[-7.96806,39.20139],[-7.96617,39.20035],[-7.96763,39.19755],[-7.96355,39.19641],[-7.96034,39.19598],[-7.9569,39.19605],[-7.94619,39.19983],[-7.9478,39.20114],[-7.95011,39.20248],[-7.94976,39.20307],[-7.94853,39.20753],[-7.94761,39.21008],[-7.94439,39.21368],[-7.94238,39.2129],[-7.94055,39.2115],[-7.93921,39.2109],[-7.93721,39.21072],[-7.93538,39.21107],[-7.93405,39.21069],[-7.93216,39.20938],[-7.93177,39.20805],[-7.93265,39.20714],[-7.93266,39.20585],[-7.93193,39.205],[-7.9279,39.20332],[-7.92546,39.20286],[-7.92348,39.20103],[-7.92239,39.20089],[-7.92149,39.2016],[-7.91834,39.20252],[-7.91591,39.20275],[-7.91461,39.20239],[-7.91148,39.19983],[-7.90844,39.19828],[-7.89795,39.19748],[-7.88903,39.19694],[-7.88941,39.19974],[-7.89089,39.20328],[-7.89237,39.20623],[-7.89248,39.20739],[-7.8919,39.20998],[-7.89191,39.21153],[-7.89075,39.21389],[-7.89102,39.21599],[-7.89092,39.21795],[-7.89047,39.2184],[-7.88832,39.21862],[-7.88675,39.21817],[-7.8854,39.21721],[-7.88259,39.2166],[-7.88137,39.21491],[-7.87923,39.21391],[-7.87796,39.21291],[-7.87468,39.21255],[-7.87198,39.21072],[-7.87175,39.21015],[-7.86959,39.21003],[-7.86686,39.21031],[-7.86679,39.21122],[-7.865,39.2124],[-7.86402,39.21386],[-7.86265,39.21356],[-7.85887,39.21392],[-7.85506,39.21353],[-7.85579,39.21587],[-7.85586,39.21743],[-7.85506,39.21934],[-7.8553,39.22092],[-7.85286,39.22219],[-7.85106,39.22252],[-7.84645,39.22562],[-7.84525,39.22697],[-7.84421,39.22706],[-7.8403,39.22961],[-7.84175,39.23013],[-7.84515,39.23064],[-7.84814,39.23065],[-7.84997,39.23101],[-7.85267,39.2309],[-7.85395,39.23049],[-7.85654,39.23046],[-7.85811,39.22985],[-7.86018,39.23038],[-7.86234,39.23009],[-7.86561,39.2292],[-7.86869,39.2299],[-7.87191,39.23196],[-7.87707,39.23478],[-7.87875,39.23546],[-7.87783,39.23631],[-7.87745,39.23876],[-7.876,39.24044],[-7.87329,39.24179],[-7.87013,39.24637],[-7.86881,39.24741],[-7.86703,39.24991],[-7.86646,39.25215],[-7.86583,39.25329],[-7.86683,39.25547],[-7.86788,39.26483],[-7.86726,39.26784],[-7.86912,39.27029],[-7.87352,39.27303],[-7.8746,39.27457],[-7.87595,39.27859],[-7.87521,39.28005],[-7.87414,39.28033],[-7.87271,39.27931],[-7.86918,39.27896],[-7.86813,39.27935],[-7.8661,39.28098],[-7.8636,39.2821],[-7.86243,39.28213],[-7.86196,39.28302],[-7.85984,39.28315],[-7.85768,39.28278],[-7.85365,39.28504],[-7.85172,39.28552],[-7.85018,39.28763],[-7.84894,39.28817],[-7.84662,39.28793],[-7.84494,39.28808],[-7.84341,39.28972],[-7.8419,39.29077],[-7.84015,39.29126],[-7.8382,39.29132],[-7.83665,39.29205],[-7.83529,39.29344],[-7.83345,39.29394],[-7.83023,39.29589],[-7.82991,39.29751],[-7.82832,39.30193],[-7.828,39.30847],[-7.8288,39.31073],[-7.82849,39.31538],[-7.82758,39.31643],[-7.82691,39.31801],[-7.82532,39.31981],[-7.82436,39.32675],[-7.82516,39.32857],[-7.82792,39.32986],[-7.82922,39.32973],[-7.83103,39.32865],[-7.83385,39.32788],[-7.83522,39.32903],[-7.8376,39.3296],[-7.84021,39.32904],[-7.84077,39.32962],[-7.84297,39.32967],[-7.84619,39.33076],[-7.84984,39.33114],[-7.85263,39.33191],[-7.85438,39.33295],[-7.85722,39.33275],[-7.86174,39.33308],[-7.86393,39.33272],[-7.86924,39.33248],[-7.87362,39.33169],[-7.8768,39.33249],[-7.87795,39.33206],[-7.87973,39.33213],[-7.88089,39.33028],[-7.88132,39.32854],[-7.88328,39.3288],[-7.88636,39.32652],[-7.88863,39.32586],[-7.89015,39.32607],[-7.89033,39.32702],[-7.892,39.32817],[-7.89221,39.32928],[-7.89396,39.33091],[-7.89467,39.33059],[-7.89627,39.33141],[-7.89732,39.33342],[-7.90128,39.33406],[-7.90006,39.33487],[-7.897,39.33588],[-7.89542,39.33699],[-7.89471,39.33886],[-7.89373,39.33896],[-7.8923,39.33994],[-7.88843,39.34062],[-7.88736,39.34153],[-7.88625,39.34151],[-7.88339,39.34055],[-7.88072,39.34128],[-7.87708,39.34143],[-7.87408,39.34284],[-7.87093,39.34335],[-7.86981,39.34319],[-7.86859,39.34374],[-7.86735,39.34347],[-7.8658,39.34411],[-7.86326,39.34424],[-7.86169,39.34603],[-7.86564,39.35039],[-7.86916,39.35206],[-7.87113,39.35393],[-7.87265,39.35655],[-7.87514,39.35975],[-7.8762,39.36018],[-7.87666,39.36255],[-7.88091,39.36366],[-7.881,39.36571],[-7.88027,39.36656],[-7.87963,39.36869],[-7.87868,39.37017],[-7.8785,39.37284],[-7.87939,39.37434],[-7.88116,39.3764],[-7.88201,39.37824],[-7.88312,39.37922],[-7.88416,39.38341],[-7.88268,39.38475],[-7.8822,39.38625],[-7.88117,39.38783],[-7.87944,39.38975],[-7.87804,39.39087],[-7.87721,39.39262],[-7.87714,39.39438],[-7.8746,39.39492],[-7.87245,39.39722],[-7.87204,39.39879],[-7.87322,39.39899],[-7.87386,39.40014],[-7.87331,39.40089],[-7.87414,39.40236],[-7.87623,39.40296],[-7.88055,39.40269],[-7.8818,39.40322],[-7.88243,39.40478],[-7.88326,39.40433],[-7.88796,39.40634],[-7.88914,39.40759],[-7.88622,39.40842],[-7.88839,39.41087],[-7.89198,39.41308],[-7.89378,39.41352],[-7.89336,39.41447],[-7.89403,39.41588],[-7.89301,39.41705],[-7.89166,39.41654],[-7.89053,39.41679],[-7.88877,39.41617],[-7.88724,39.41821],[-7.88951,39.41968],[-7.89277,39.41992],[-7.89374,39.42024],[-7.89421,39.42156],[-7.89533,39.42297],[-7.89215,39.42428],[-7.88979,39.42358],[-7.88769,39.42215],[-7.88654,39.42175],[-7.88498,39.42],[-7.88335,39.42012],[-7.88146,39.41968],[-7.87757,39.42035],[-7.87982,39.4219],[-7.87976,39.42371],[-7.88114,39.42654],[-7.88293,39.42783],[-7.88544,39.42807],[-7.88623,39.42896],[-7.88652,39.43067],[-7.88618,39.4331],[-7.88642,39.43431],[-7.88635,39.43708],[-7.88809,39.44065],[-7.88759,39.4417],[-7.88782,39.44389],[-7.88676,39.44584],[-7.87697,39.44458],[-7.87567,39.44419],[-7.87228,39.4426],[-7.87083,39.44221],[-7.85778,39.4404],[-7.85601,39.44029],[-7.85384,39.44065],[-7.84984,39.44185],[-7.83352,39.44407],[-7.83249,39.44538],[-7.83048,39.44619],[-7.82994,39.44821],[-7.82905,39.4493],[-7.82728,39.45016],[-7.82525,39.45033],[-7.82088,39.4498],[-7.81849,39.45038],[-7.81689,39.45036],[-7.81493,39.45195],[-7.81289,39.44998],[-7.81083,39.44932],[-7.808,39.44801],[-7.80955,39.44403],[-7.80912,39.44017],[-7.80751,39.43919],[-7.80502,39.43856],[-7.80171,39.43729],[-7.80076,39.43715],[-7.79727,39.43508],[-7.79678,39.43425],[-7.79532,39.43352],[-7.79487,39.43237],[-7.79247,39.43027],[-7.7891,39.42785],[-7.78814,39.42865],[-7.78685,39.42707],[-7.78579,39.42468],[-7.78198,39.42418],[-7.78027,39.42435],[-7.7792,39.41992],[-7.78181,39.41712],[-7.77961,39.41609],[-7.776,39.41786],[-7.77327,39.41846],[-7.771,39.41978],[-7.77147,39.42035],[-7.77192,39.42265],[-7.77006,39.42324],[-7.76866,39.4213],[-7.76571,39.41904],[-7.76548,39.41765],[-7.76371,39.41652],[-7.76257,39.41676],[-7.76044,39.41808],[-7.75917,39.41732],[-7.75668,39.41512],[-7.75529,39.41557],[-7.75327,39.4145],[-7.75011,39.41355],[-7.74771,39.41237],[-7.74545,39.41065],[-7.74308,39.41208],[-7.74184,39.41374],[-7.73989,39.41498],[-7.73744,39.41705],[-7.73686,39.41799],[-7.73464,39.41898],[-7.73119,39.42219],[-7.73123,39.4238],[-7.72819,39.42665],[-7.72662,39.42709],[-7.72457,39.42817],[-7.72165,39.43017],[-7.72072,39.43183],[-7.71749,39.43354],[-7.71634,39.43296],[-7.71442,39.43288],[-7.71235,39.43479],[-7.71047,39.4342],[-7.70885,39.43453],[-7.7061,39.43636],[-7.70407,39.43734],[-7.70173,39.43975],[-7.70166,39.44075],[-7.70056,39.44104],[-7.69889,39.44063],[-7.69822,39.44267],[-7.69679,39.44302],[-7.69463,39.44278],[-7.6936,39.44339],[-7.69392,39.44471],[-7.69331,39.4461],[-7.69429,39.44721],[-7.69465,39.44897],[-7.69411,39.4531],[-7.69538,39.45385],[-7.69655,39.45555],[-7.69528,39.45669],[-7.69429,39.45692],[-7.69327,39.45827],[-7.69019,39.45937],[-7.68885,39.46046],[-7.6884,39.46148],[-7.68711,39.46237],[-7.6844,39.46344],[-7.68235,39.46469],[-7.6816,39.46572],[-7.68042,39.46977],[-7.68109,39.47265],[-7.6825,39.47593],[-7.68585,39.4814],[-7.68733,39.48445],[-7.68816,39.48512],[-7.68904,39.48734],[-7.69089,39.48963],[-7.69223,39.49245],[-7.69323,39.4957],[-7.69393,39.497],[-7.69201,39.49781],[-7.68993,39.49917],[-7.69039,39.50314],[-7.69018,39.50455],[-7.69075,39.50623],[-7.69243,39.50657],[-7.69276,39.5121],[-7.69532,39.51263],[-7.69723,39.51163],[-7.69838,39.51171],[-7.70002,39.511],[-7.70216,39.51063],[-7.70283,39.51203],[-7.70296,39.51371],[-7.70246,39.51562],[-7.70264,39.51771],[-7.70177,39.52117],[-7.7099,39.52417],[-7.71071,39.52235],[-7.71917,39.52372],[-7.72175,39.52458],[-7.72197,39.52016],[-7.72358,39.52228],[-7.72653,39.52525],[-7.72783,39.52735],[-7.72963,39.52646],[-7.73125,39.52607],[-7.73695,39.52763],[-7.7388,39.52667],[-7.7428,39.52553],[-7.74557,39.52425],[-7.74724,39.52238],[-7.74801,39.5233],[-7.75052,39.52267],[-7.75146,39.52316],[-7.74949,39.52435],[-7.74931,39.52553],[-7.74985,39.52867],[-7.75135,39.52932],[-7.75104,39.53162],[-7.7518,39.53178],[-7.75244,39.53463],[-7.75475,39.53393],[-7.75508,39.53541],[-7.75578,39.53603],[-7.75322,39.53782],[-7.75426,39.53801],[-7.75564,39.53925],[-7.7563,39.54205],[-7.75848,39.54419],[-7.76207,39.54565],[-7.76424,39.54584],[-7.76546,39.54675],[-7.76476,39.54851],[-7.76476,39.55019],[-7.76544,39.55108],[-7.76692,39.55146],[-7.76772,39.55074],[-7.77048,39.55048],[-7.77007,39.55257],[-7.77172,39.55386],[-7.77402,39.55382],[-7.77467,39.55281],[-7.77655,39.55366],[-7.77815,39.55325],[-7.7795,39.55545],[-7.78077,39.55511],[-7.78091,39.55318],[-7.7819,39.55275],[-7.78613,39.55286],[-7.78812,39.55311],[-7.78664,39.55595],[-7.78361,39.55771],[-7.78222,39.55946],[-7.77755,39.56208],[-7.77563,39.56292],[-7.7726,39.5633],[-7.76994,39.56416],[-7.76836,39.56584],[-7.76663,39.56854],[-7.76382,39.57147],[-7.76085,39.57583],[-7.75881,39.58017],[-7.75804,39.58482],[-7.75664,39.58719],[-7.7546,39.58847],[-7.74988,39.58972],[-7.74809,39.58981],[-7.74054,39.59168],[-7.73636,39.59326],[-7.73391,39.59352],[-7.73017,39.59284],[-7.72619,39.59164],[-7.72336,39.59245],[-7.72194,39.59359],[-7.72077,39.5951],[-7.71933,39.59968],[-7.71843,39.60145],[-7.71617,39.60503],[-7.71272,39.60854],[-7.71278,39.61031],[-7.71339,39.61304],[-7.71579,39.62184],[-7.71669,39.62292],[-7.71577,39.6256],[-7.7148,39.62669],[-7.71022,39.62967],[-7.70799,39.63204],[-7.70523,39.63538],[-7.70324,39.63662],[-7.70336,39.63878],[-7.70236,39.6407],[-7.70567,39.64139],[-7.70517,39.64247],[-7.70782,39.64329],[-7.70921,39.64278],[-7.71115,39.64379],[-7.71303,39.64395],[-7.71401,39.64608],[-7.71533,39.6454],[-7.71596,39.64654],[-7.71599,39.64847],[-7.71665,39.65078],[-7.7173,39.65161],[-7.71532,39.65295],[-7.71286,39.65651],[-7.71312,39.65818],[-7.71436,39.65833],[-7.71448,39.6596],[-7.71351,39.66108],[-7.71324,39.66346],[-7.71168,39.66553],[-7.71014,39.66649],[-7.70928,39.66836],[-7.706,39.66993],[-7.70727,39.67168],[-7.70607,39.67321],[-7.70382,39.67398],[-7.70251,39.67626],[-7.7005,39.67763],[-7.70088,39.67853],[-7.70364,39.67677],[-7.70499,39.67618],[-7.70702,39.67741],[-7.70781,39.67743],[-7.71134,39.68047],[-7.71246,39.6819],[-7.71377,39.6825],[-7.7172,39.68248],[-7.72067,39.68213],[-7.72437,39.68548],[-7.72298,39.68687],[-7.72068,39.68814],[-7.72173,39.68963],[-7.72459,39.69296],[-7.72724,39.69539],[-7.73225,39.69361],[-7.73396,39.69537],[-7.7352,39.69785],[-7.73768,39.70106],[-7.73987,39.70179],[-7.7415,39.70326],[-7.74375,39.70641],[-7.74471,39.70716],[-7.74682,39.70957],[-7.74966,39.71175],[-7.75209,39.71484],[-7.75355,39.71535],[-7.75502,39.71723],[-7.75591,39.71784],[-7.75804,39.7176],[-7.75899,39.71606],[-7.76146,39.7151],[-7.76468,39.71502],[-7.76614,39.71592],[-7.76931,39.71513],[-7.76984,39.71534],[-7.77174,39.71398],[-7.77241,39.71263],[-7.7724,39.71112],[-7.77169,39.71059],[-7.76894,39.71024],[-7.76643,39.709],[-7.76588,39.70728],[-7.76809,39.70404],[-7.77089,39.70752],[-7.77088,39.7091],[-7.77303,39.71027],[-7.77486,39.71206],[-7.77543,39.71333],[-7.77722,39.71265],[-7.7783,39.71303],[-7.7801,39.71278],[-7.78069,39.71463],[-7.78207,39.71528],[-7.78289,39.71639],[-7.7846,39.71548],[-7.78633,39.71667],[-7.78784,39.71628],[-7.78749,39.71822],[-7.78869,39.7184],[-7.78801,39.71962],[-7.78897,39.72009],[-7.78994,39.71935],[-7.79246,39.72002],[-7.79201,39.72089],[-7.79431,39.72088],[-7.79619,39.72013],[-7.79909,39.71985],[-7.79955,39.72128],[-7.79866,39.72193],[-7.80053,39.72289],[-7.80253,39.72251],[-7.80519,39.72328],[-7.80624,39.7244],[-7.80708,39.72312],[-7.80902,39.72112],[-7.81025,39.72223],[-7.81198,39.7217],[-7.81328,39.72315],[-7.81445,39.72168],[-7.81575,39.72177],[-7.8172,39.72295],[-7.81754,39.72179],[-7.81999,39.72171],[-7.82248,39.72368],[-7.82386,39.72316],[-7.8237,39.72519],[-7.82459,39.72582],[-7.82638,39.72498],[-7.82891,39.72466],[-7.82821,39.72642],[-7.82742,39.72659],[-7.82689,39.7281],[-7.82808,39.72829],[-7.82953,39.72996],[-7.83062,39.73029],[-7.83069,39.73218],[-7.8323,39.73304],[-7.83386,39.73291],[-7.83406,39.73168],[-7.83606,39.73138],[-7.83622,39.73204],[-7.83474,39.73395],[-7.83507,39.73557],[-7.83669,39.73501],[-7.83691,39.73363],[-7.83899,39.73363],[-7.83817,39.7359],[-7.84134,39.73622],[-7.8426,39.73561],[-7.84512,39.73696],[-7.84599,39.73599],[-7.84524,39.73497],[-7.84626,39.73391],[-7.84752,39.73407],[-7.84792,39.73586],[-7.84964,39.7378],[-7.84773,39.73756],[-7.84704,39.7386],[-7.84945,39.73881],[-7.84984,39.73985],[-7.84861,39.74105],[-7.84909,39.74279],[-7.85109,39.74239],[-7.85289,39.74315],[-7.85542,39.74178],[-7.85507,39.74369],[-7.85594,39.74478],[-7.857,39.74697],[-7.85925,39.74654],[-7.85912,39.7451],[-7.86012,39.74348],[-7.86354,39.74404],[-7.86508,39.74361],[-7.86585,39.74438],[-7.86777,39.74482],[-7.86789,39.74603],[-7.86951,39.74666],[-7.87284,39.74707],[-7.87628,39.7472],[-7.87615,39.74574],[-7.87686,39.74474],[-7.87923,39.74623],[-7.88139,39.74465],[-7.88359,39.74547],[-7.88562,39.74369],[-7.8881,39.74379],[-7.88762,39.74507],[-7.88635,39.74685],[-7.88577,39.74856],[-7.88668,39.75035],[-7.886,39.75189],[-7.88411,39.75285],[-7.88163,39.75274],[-7.88159,39.75421],[-7.88093,39.75492],[-7.88057,39.75657],[-7.88251,39.75675],[-7.88279,39.75778],[-7.88157,39.75945],[-7.88331,39.76011],[-7.88529,39.76731],[-7.8835,39.76799],[-7.88173,39.76751],[-7.88183,39.76887],[-7.88283,39.77148],[-7.88413,39.77256],[-7.88533,39.77482],[-7.88755,39.7755],[-7.88832,39.7765],[-7.88782,39.77851],[-7.88823,39.78007],[-7.89065,39.78184],[-7.89176,39.78439],[-7.89176,39.7856],[-7.89264,39.7879],[-7.89347,39.7882],[-7.89331,39.79055],[-7.89449,39.79179],[-7.89546,39.79444],[-7.89334,39.79701],[-7.89334,39.79805],[-7.89249,39.79967],[-7.89147,39.80312],[-7.88995,39.80929],[-7.88962,39.81336],[-7.89029,39.81562],[-7.89096,39.81628],[-7.89124,39.8183],[-7.89511,39.81834],[-7.89717,39.81919],[-7.90097,39.82206],[-7.90281,39.82099],[-7.90269,39.8196],[-7.9046,39.81854],[-7.90306,39.81722],[-7.90464,39.81648],[-7.90416,39.81559],[-7.90553,39.81515],[-7.90509,39.81415],[-7.90598,39.81307],[-7.90746,39.81387],[-7.90803,39.8125],[-7.91056,39.81102],[-7.91199,39.81193],[-7.91271,39.81346],[-7.91425,39.81316],[-7.9153,39.81363],[-7.91335,39.81509],[-7.91473,39.81534],[-7.91571,39.81656],[-7.91724,39.81584],[-7.91624,39.81519],[-7.91885,39.81407],[-7.92024,39.81314],[-7.92058,39.81521],[-7.92232,39.81527],[-7.92435,39.81601],[-7.92587,39.81474],[-7.92801,39.8147],[-7.93037,39.81375],[-7.9314,39.81294],[-7.93338,39.81341],[-7.93397,39.81266],[-7.93067,39.81002],[-7.92929,39.80988],[-7.93065,39.80603],[-7.92944,39.80545],[-7.92753,39.80612],[-7.92835,39.80418],[-7.93146,39.80399],[-7.93176,39.80181],[-7.93303,39.80115],[-7.93596,39.80163],[-7.93726,39.801],[-7.93675,39.798],[-7.93702,39.7971],[-7.93928,39.79599],[-7.94063,39.79745],[-7.9415,39.79916],[-7.94506,39.79773],[-7.94741,39.79835],[-7.94667,39.79912],[-7.94492,39.80307],[-7.94521,39.80367],[-7.94731,39.80315],[-7.9495,39.80386],[-7.94958,39.80082],[-7.94848,39.80032],[-7.95139,39.79753],[-7.95212,39.79629],[-7.95334,39.7956],[-7.95468,39.79414],[-7.95619,39.79465],[-7.95686,39.79365],[-7.95615,39.79245],[-7.95682,39.79204],[-7.95976,39.79301],[-7.96251,39.79211],[-7.9601,39.78956],[-7.95985,39.78766],[-7.95897,39.78653],[-7.95903,39.7854],[-7.95984,39.7843],[-7.96335,39.7841],[-7.96436,39.78153],[-7.96782,39.78096],[-7.96917,39.77994],[-7.97172,39.77859],[-7.97287,39.77755],[-7.97479,39.77482],[-7.97561,39.77417],[-7.97821,39.77332],[-7.9798,39.7718],[-7.98091,39.77028],[-7.98313,39.7686],[-7.98484,39.76792],[-7.98755,39.77018],[-7.98914,39.77023],[-7.99057,39.76859],[-7.99284,39.76906],[-7.9943,39.76877],[-7.996,39.76678],[-7.99821,39.76653],[-8.00089,39.76826],[-8.00176,39.76851],[-8.00418,39.76818],[-8.00581,39.76866],[-8.00712,39.76785],[-8.00925,39.7688],[-8.01114,39.76772],[-8.0109,39.76663],[-8.00862,39.76605],[-8.00845,39.76528],[-8.00986,39.76471],[-8.01074,39.76306],[-8.01257,39.76367],[-8.01562,39.7639],[-8.01652,39.76318],[-8.01615,39.76167],[-8.01692,39.76128],[-8.01898,39.763],[-8.02113,39.76275],[-8.02208,39.76415],[-8.02565,39.76505],[-8.02707,39.76587],[-8.02823,39.76571],[-8.03111,39.76692],[-8.03315,39.76691],[-8.03671,39.76843],[-8.03793,39.76988],[-8.03924,39.77019],[-8.04144,39.76984],[-8.04488,39.77083],[-8.0455,39.77067],[-8.04793,39.77482],[-8.04771,39.77702],[-8.04791,39.77897],[-8.04985,39.77867],[-8.05255,39.78005],[-8.05468,39.77975],[-8.05545,39.77881],[-8.05742,39.77927],[-8.05882,39.7802],[-8.06059,39.77742],[-8.06259,39.77716],[-8.06411,39.77818],[-8.06625,39.77853],[-8.06708,39.77816],[-8.06732,39.77627],[-8.06962,39.77668],[-8.07038,39.77602],[-8.06994,39.77467],[-8.07074,39.77395],[-8.07214,39.77479],[-8.07365,39.77449],[-8.0742,39.77329],[-8.07615,39.77328],[-8.07642,39.77418],[-8.07874,39.77577],[-8.07934,39.77831],[-8.08003,39.77936],[-8.08087,39.78269],[-8.08184,39.7831],[-8.08446,39.78535],[-8.08782,39.78662],[-8.09322,39.78704],[-8.09434,39.78735],[-8.0984,39.78682],[-8.10742,39.787],[-8.1188,39.78973],[-8.12147,39.79044],[-8.1239,39.78989],[-8.12577,39.79012],[-8.12713,39.78747],[-8.12914,39.78681],[-8.13375,39.78861],[-8.13497,39.79051],[-8.13594,39.79091],[-8.13774,39.79055],[-8.13899,39.78815],[-8.1409,39.78726],[-8.14115,39.78897],[-8.14246,39.78958],[-8.14431,39.78887],[-8.14516,39.78812],[-8.14385,39.78665],[-8.14517,39.78267],[-8.14754,39.78387],[-8.1487,39.78403],[-8.14929,39.78309],[-8.15214,39.78365],[-8.15353,39.7855],[-8.15447,39.78608],[-8.15651,39.78639],[-8.15593,39.78823],[-8.15903,39.78818],[-8.15926,39.78925],[-8.15855,39.79031],[-8.15595,39.79169],[-8.15568,39.79255],[-8.15385,39.79413],[-8.15376,39.79577],[-8.1546,39.79723],[-8.15582,39.79763],[-8.15557,39.79946],[-8.15419,39.80032],[-8.15299,39.80016],[-8.15123,39.80125],[-8.15201,39.80266],[-8.15166,39.80518],[-8.15278,39.80834],[-8.15455,39.80976],[-8.15611,39.81257],[-8.15578,39.81447],[-8.15641,39.81759],[-8.15744,39.81821],[-8.16152,39.81945],[-8.16448,39.82004],[-8.1648,39.82164],[-8.16135,39.82375],[-8.16091,39.82501],[-8.16113,39.82641],[-8.16259,39.82781],[-8.16805,39.8293],[-8.17017,39.83119],[-8.17469,39.83317],[-8.17843,39.83395],[-8.18284,39.83391],[-8.18463,39.83331],[-8.18767,39.83347],[-8.19103,39.83433],[-8.19436,39.83443],[-8.19587,39.83407],[-8.19948,39.83628],[-8.19983,39.83731],[-8.20199,39.83875],[-8.20236,39.83974],[-8.2054,39.84065],[-8.21066,39.84143],[-8.21318,39.84129],[-8.21604,39.84268],[-8.21741,39.84458],[-8.22076,39.84635],[-8.22322,39.8461],[-8.22435,39.84679],[-8.22326,39.84991],[-8.2239,39.85111],[-8.22595,39.85129],[-8.22802,39.85085],[-8.2284,39.85181],[-8.22699,39.85397],[-8.22788,39.85473],[-8.23077,39.8513],[-8.2322,39.84856],[-8.23408,39.8466],[-8.23717,39.84653],[-8.23853,39.84612],[-8.24384,39.84601],[-8.24603,39.84633],[-8.24965,39.84595],[-8.25096,39.84536],[-8.25509,39.84247],[-8.25876,39.84178],[-8.26066,39.84187],[-8.26519,39.843],[-8.26873,39.84262],[-8.27373,39.84315],[-8.27531,39.84234],[-8.27691,39.83995],[-8.27741,39.83678],[-8.27435,39.82946],[-8.2765,39.82949],[-8.2804,39.83209],[-8.2824,39.83421],[-8.2841,39.83745],[-8.2856,39.83924],[-8.28642,39.84073],[-8.28624,39.84472],[-8.28755,39.84533],[-8.29051,39.84477],[-8.29138,39.8449],[-8.29334,39.84708],[-8.29456,39.84902],[-8.29446,39.85001],[-8.29312,39.85017],[-8.29169,39.84888],[-8.29053,39.84872],[-8.29036,39.85011],[-8.2922,39.85351],[-8.29154,39.85502],[-8.29156,39.85629],[-8.29256,39.85871],[-8.29294,39.86125],[-8.29353,39.86221],[-8.29323,39.86582],[-8.29454,39.86773],[-8.29621,39.86827],[-8.29792,39.86806],[-8.29987,39.86847],[-8.30281,39.86837],[-8.30454,39.86786],[-8.30545,39.8661],[-8.30625,39.8655],[-8.30751,39.86591],[-8.30811,39.86722],[-8.31122,39.86663],[-8.31366,39.86469],[-8.31569,39.86557],[-8.31645,39.86497],[-8.31763,39.86296],[-8.31762,39.86197],[-8.31871,39.86162],[-8.32069,39.85934],[-8.32344,39.85553],[-8.32547,39.85345],[-8.32775,39.85185],[-8.32924,39.85008],[-8.33124,39.84823],[-8.33005,39.84591],[-8.32859,39.84441],[-8.3283,39.84097],[-8.33404,39.84109],[-8.33906,39.84024],[-8.34471,39.84041],[-8.34753,39.84153],[-8.34888,39.84272],[-8.35007,39.84234],[-8.35421,39.84006],[-8.35856,39.83329],[-8.36436,39.82638],[-8.37158,39.81591],[-8.3782,39.81309],[-8.37913,39.81218],[-8.37737,39.81108],[-8.37672,39.80892],[-8.37736,39.80755],[-8.37974,39.80569],[-8.38226,39.80259],[-8.38232,39.80092],[-8.38305,39.80031],[-8.38248,39.79898],[-8.38513,39.79392],[-8.38971,39.79014],[-8.3976,39.78765],[-8.40697,39.78789],[-8.40859,39.79044],[-8.41188,39.79389],[-8.4128,39.80356],[-8.42791,39.81818],[-8.43037,39.81697],[-8.43489,39.81593],[-8.43665,39.81606],[-8.43888,39.81525],[-8.44104,39.8156],[-8.44247,39.81393],[-8.44992,39.81091],[-8.45306,39.8094],[-8.45352,39.80675],[-8.45622,39.80395],[-8.46077,39.80186],[-8.46361,39.80139],[-8.46226,39.80317],[-8.46243,39.80432],[-8.46526,39.80556],[-8.46696,39.80668],[-8.46756,39.80782],[-8.46768,39.80946],[-8.46922,39.81188],[-8.46941,39.81329],[-8.4704,39.81629],[-8.4704,39.81727],[-8.47128,39.81825],[-8.47289,39.81915],[-8.47425,39.82103],[-8.4747,39.82276],[-8.47447,39.82472],[-8.47493,39.82752],[-8.47418,39.82988],[-8.47479,39.8323],[-8.47437,39.83375],[-8.4746,39.83486],[-8.47552,39.8355],[-8.47637,39.83765],[-8.47795,39.83873],[-8.4786,39.8366],[-8.48313,39.83451],[-8.48271,39.83387],[-8.48448,39.8328],[-8.48607,39.83235],[-8.48685,39.83073],[-8.48868,39.82978],[-8.49197,39.82965],[-8.49371,39.82991],[-8.49415,39.82834],[-8.496,39.82851],[-8.49563,39.82753],[-8.49684,39.82623],[-8.49788,39.82615],[-8.50098,39.82399],[-8.50132,39.82315],[-8.50105,39.81894],[-8.5013,39.81776],[-8.50275,39.81768],[-8.50501,39.81689],[-8.50644,39.81505],[-8.50769,39.81592],[-8.50791,39.81689],[-8.51042,39.81941],[-8.51173,39.82036],[-8.51174,39.8212],[-8.51307,39.82321],[-8.51443,39.82394],[-8.51655,39.82645],[-8.5175,39.82805],[-8.52055,39.82826],[-8.52354,39.8278],[-8.52395,39.8274],[-8.52336,39.82559],[-8.52461,39.82362],[-8.52429,39.82217],[-8.52509,39.8201],[-8.52659,39.81846],[-8.52649,39.81721],[-8.52763,39.81622],[-8.53162,39.81489],[-8.53333,39.81339],[-8.53513,39.81056],[-8.53641,39.8102],[-8.53753,39.80902],[-8.53946,39.80806],[-8.54033,39.80585],[-8.54053,39.80355],[-8.54113,39.80233],[-8.54563,39.7981],[-8.54902,39.7973],[-8.55097,39.79626],[-8.55237,39.79506],[-8.55287,39.79402],[-8.55477,39.79343],[-8.55663,39.79189],[-8.55821,39.79154],[-8.56183,39.79179],[-8.56311,39.79159],[-8.56523,39.7919],[-8.56699,39.79076],[-8.56762,39.7897],[-8.56987,39.78903],[-8.57058,39.78783],[-8.57167,39.78716],[-8.57348,39.78712],[-8.57518,39.78751],[-8.57657,39.78555],[-8.57545,39.78203],[-8.57618,39.7799],[-8.57586,39.7783],[-8.57603,39.77625],[-8.57482,39.77266],[-8.5742,39.7715],[-8.57159,39.7686],[-8.57007,39.7677],[-8.56878,39.76549],[-8.56623,39.76271],[-8.56342,39.76079],[-8.5615,39.75898],[-8.56078,39.75757],[-8.56075,39.75629],[-8.55873,39.75353],[-8.55715,39.75248],[-8.55723,39.751],[-8.55679,39.74983],[-8.55806,39.74817],[-8.55893,39.74612],[-8.55869,39.74441],[-8.55681,39.7427],[-8.55741,39.74118],[-8.55665,39.73936],[-8.54923,39.74005],[-8.54726,39.73787],[-8.54594,39.73861],[-8.54389,39.73668],[-8.53747,39.73502],[-8.53281,39.7281],[-8.52945,39.72185],[-8.51942,39.72342],[-8.51722,39.72336],[-8.51602,39.72425],[-8.51558,39.72298],[-8.51446,39.72169],[-8.51293,39.7207],[-8.51222,39.72145],[-8.51266,39.72262],[-8.51038,39.72359],[-8.50898,39.72321],[-8.50625,39.72386],[-8.505,39.72374],[-8.50236,39.72247],[-8.4995,39.72235],[-8.49869,39.72109],[-8.49394,39.72091],[-8.4934,39.71693],[-8.49424,39.71481],[-8.49274,39.71445],[-8.49095,39.71193],[-8.48698,39.71108],[-8.48564,39.70943],[-8.48695,39.70876],[-8.48852,39.70673],[-8.48853,39.70545],[-8.48964,39.70491],[-8.49097,39.70509],[-8.49221,39.70354],[-8.49329,39.70362],[-8.49656,39.703],[-8.49744,39.70159],[-8.49638,39.70086],[-8.49663,39.70004],[-8.49931,39.69905],[-8.50074,39.69735],[-8.50242,39.69753],[-8.50324,39.6963],[-8.50719,39.69627],[-8.50861,39.69646],[-8.51169,39.69756],[-8.51337,39.69741],[-8.51457,39.69829],[-8.51871,39.69973],[-8.52271,39.70086],[-8.52453,39.69982],[-8.52577,39.69855],[-8.52925,39.69826],[-8.5318,39.6971],[-8.53398,39.69689],[-8.53305,39.69539],[-8.53419,39.69423],[-8.53677,39.69387],[-8.53815,39.69275],[-8.54172,39.69224],[-8.54291,39.69145],[-8.54589,39.69536],[-8.5474,39.69627],[-8.54762,39.69799],[-8.54883,39.69827],[-8.5496,39.69767],[-8.55192,39.69782],[-8.55319,39.69843],[-8.55735,39.69874],[-8.55878,39.69926],[-8.5608,39.6992],[-8.56171,39.69793],[-8.56149,39.69652],[-8.55979,39.69321],[-8.55667,39.69197],[-8.55475,39.68976],[-8.55497,39.68725],[-8.5561,39.68202],[-8.55367,39.68016],[-8.55253,39.67667],[-8.55262,39.67429],[-8.55191,39.66898],[-8.54974,39.66641],[-8.54925,39.66468],[-8.54738,39.66405],[-8.54519,39.6622],[-8.5464,39.66063],[-8.54972,39.65821],[-8.55008,39.65618],[-8.55093,39.65498],[-8.55444,39.6533],[-8.5582,39.653],[-8.55652,39.65049],[-8.55818,39.65032],[-8.56383,39.65057],[-8.56599,39.65022],[-8.57189,39.65048],[-8.57295,39.65021],[-8.58044,39.65052],[-8.58,39.65313],[-8.58153,39.65286],[-8.58314,39.65171],[-8.5875,39.65303],[-8.59073,39.65273],[-8.59201,39.65331],[-8.59299,39.65538],[-8.59293,39.65736],[-8.59424,39.66063],[-8.59701,39.66389],[-8.59856,39.66515],[-8.60172,39.66659],[-8.60408,39.66646],[-8.60672,39.66742],[-8.60873,39.66613],[-8.60983,39.66461],[-8.60963,39.66315],[-8.61064,39.66254],[-8.61115,39.66103],[-8.611,39.65919],[-8.61013,39.65713],[-8.60826,39.65482],[-8.60828,39.65353],[-8.60961,39.65328],[-8.61163,39.65128],[-8.61188,39.64927],[-8.60885,39.64887],[-8.60821,39.64968],[-8.60443,39.65078],[-8.60519,39.64817],[-8.60668,39.64617],[-8.60744,39.64584],[-8.60873,39.64417],[-8.60887,39.64287],[-8.61031,39.64163],[-8.61065,39.6406],[-8.61211,39.6387],[-8.61202,39.637],[-8.6108,39.63459],[-8.60963,39.63336],[-8.60848,39.63323],[-8.60689,39.63087],[-8.60768,39.62985],[-8.61122,39.62774],[-8.6097,39.62532],[-8.60928,39.62353],[-8.60954,39.62253],[-8.61154,39.62206],[-8.61158,39.61866],[-8.61309,39.61842],[-8.6153,39.61699],[-8.61933,39.62088],[-8.62057,39.62159],[-8.62354,39.62263],[-8.63005,39.62396],[-8.63359,39.62527],[-8.63702,39.62715],[-8.63827,39.62825],[-8.64243,39.63048],[-8.64749,39.6352],[-8.65284,39.64172],[-8.65895,39.64652],[-8.66371,39.64645],[-8.66519,39.64878],[-8.66651,39.64972],[-8.66861,39.65056],[-8.66951,39.65178],[-8.67034,39.65198],[-8.67237,39.65094],[-8.67397,39.65147],[-8.67626,39.65085],[-8.67761,39.64884],[-8.67734,39.64687],[-8.68157,39.64528],[-8.68312,39.64594],[-8.68536,39.64487],[-8.68672,39.6437],[-8.68974,39.64267],[-8.69523,39.64188],[-8.6974,39.64026],[-8.69883,39.64138],[-8.70032,39.6407],[-8.70249,39.63884],[-8.70551,39.64327],[-8.70696,39.64592],[-8.71094,39.65419],[-8.71308,39.65718],[-8.71513,39.66055],[-8.71748,39.66515],[-8.71881,39.66588],[-8.72347,39.66764],[-8.72868,39.66885],[-8.72946,39.66792],[-8.73205,39.66622],[-8.73386,39.66179],[-8.73748,39.65389],[-8.74333,39.64987],[-8.74561,39.6478],[-8.74771,39.6464],[-8.74721,39.64368],[-8.74619,39.64214],[-8.74395,39.64007],[-8.74536,39.63935],[-8.74553,39.63672],[-8.74466,39.6355],[-8.74706,39.63126],[-8.7467,39.62497],[-8.747,39.62216],[-8.74523,39.61945],[-8.74279,39.61433],[-8.74318,39.61173],[-8.74129,39.61091],[-8.74115,39.6102],[-8.73962,39.60875],[-8.7385,39.60857],[-8.73599,39.60625],[-8.7344,39.60269],[-8.73324,39.60129],[-8.73287,39.60003],[-8.73318,39.59795],[-8.7311,39.5975],[-8.7298,39.59571],[-8.72915,39.59336],[-8.72953,39.59201],[-8.72761,39.58882],[-8.72586,39.58758],[-8.72263,39.5847],[-8.72085,39.58046],[-8.72033,39.57792],[-8.71948,39.57701],[-8.7175,39.57581],[-8.71814,39.57415],[-8.71773,39.57324],[-8.71949,39.57281],[-8.71978,39.5722],[-8.71894,39.57064],[-8.7173,39.56969],[-8.7156,39.56768],[-8.71642,39.56609],[-8.71829,39.56546],[-8.71876,39.56445],[-8.72049,39.56375],[-8.72147,39.56422],[-8.72271,39.56325],[-8.72654,39.56363],[-8.72757,39.56443],[-8.72938,39.56503],[-8.73074,39.56464],[-8.73334,39.56628],[-8.73528,39.5651],[-8.73991,39.56559],[-8.7389,39.56747],[-8.73807,39.56989],[-8.73633,39.57175],[-8.73483,39.57279],[-8.73341,39.57506],[-8.73011,39.57614],[-8.72875,39.57783],[-8.72994,39.57941],[-8.73379,39.58078],[-8.73441,39.58161],[-8.73857,39.58379],[-8.74006,39.58395],[-8.74306,39.5849],[-8.7479,39.58377],[-8.75081,39.5854],[-8.75404,39.58674],[-8.75786,39.58242],[-8.75898,39.58323],[-8.76072,39.58357],[-8.7624,39.58444],[-8.76307,39.58427],[-8.76367,39.5866],[-8.7661,39.58802],[-8.76785,39.5886],[-8.77039,39.58881],[-8.77225,39.58936],[-8.77448,39.59085],[-8.77767,39.59205],[-8.78553,39.59192],[-8.79315,39.59158],[-8.80177,39.58583],[-8.80373,39.58253],[-8.80654,39.58107],[-8.80934,39.58018],[-8.81113,39.5767],[-8.81449,39.57257],[-8.80984,39.56847],[-8.80822,39.56216],[-8.8077,39.55707],[-8.80537,39.55518],[-8.80666,39.55206],[-8.81017,39.54801],[-8.81024,39.54684],[-8.80942,39.54587],[-8.80939,39.54444],[-8.80798,39.54383],[-8.80778,39.54255],[-8.80733,39.53446],[-8.81575,39.53228],[-8.81649,39.52827],[-8.81466,39.52333],[-8.81523,39.52169],[-8.81338,39.51952],[-8.81246,39.51643],[-8.81686,39.51117],[-8.81741,39.50503],[-8.83548,39.51597],[-8.83823,39.51716],[-8.84044,39.51845],[-8.8416,39.51867],[-8.84947,39.52189],[-8.85464,39.5241],[-8.85756,39.52847],[-8.85982,39.52945],[-8.86646,39.53158],[-8.87051,39.53268],[-8.88917,39.5354],[-8.88726,39.52622],[-8.88583,39.51341],[-8.88899,39.51253],[-8.89035,39.51179],[-8.8912,39.50987],[-8.89083,39.50856],[-8.89188,39.50764],[-8.89475,39.50663],[-8.89473,39.50257],[-8.89603,39.50242],[-8.89659,39.49855],[-8.89611,39.49592],[-8.89625,39.49466],[-8.89731,39.49451],[-8.89738,39.49347],[-8.89821,39.49228],[-8.89802,39.48982],[-8.89924,39.48761],[-8.9017,39.48536],[-8.90212,39.48308],[-8.90205,39.48021],[-8.90159,39.47802],[-8.90586,39.4784],[-8.91429,39.4806],[-8.9283,39.4849],[-8.93005,39.48491],[-8.93062,39.48539],[-8.9338,39.48632],[-8.93478,39.48615],[-8.93716,39.48673],[-8.94127,39.48669],[-8.94256,39.48773],[-8.94618,39.48871],[-8.94949,39.48881],[-8.9507,39.4885],[-8.95302,39.48869],[-8.95692,39.48981],[-8.95747,39.49031],[-8.96496,39.49179],[-8.96703,39.49166],[-8.97111,39.4931],[-8.97163,39.49277],[-8.97404,39.4937],[-8.97443,39.4924],[-8.97621,39.49304],[-8.97696,39.49378],[-8.97914,39.49466],[-8.98196,39.49531],[-8.9866,39.49544],[-8.98813,39.49588],[-8.99018,39.49442],[-8.99089,39.49236],[-8.99227,39.49188],[-8.99258,39.49053],[-8.99386,39.4891],[-8.99433,39.48798],[-8.99565,39.48654],[-8.99616,39.48533],[-8.9973,39.48445],[-9.00103,39.48469],[-9.00433,39.48371],[-9.00523,39.48371],[-9.00796,39.48252],[-9.0087,39.48169],[-9.00754,39.48052],[-9.00532,39.47925],[-9.00396,39.47758],[-9.00338,39.47043],[-9.00138,39.46093],[-8.99903,39.45444],[-8.9972,39.45397],[-8.9938,39.45436],[-8.99181,39.45424],[-8.99146,39.45303],[-8.98975,39.4519],[-8.98612,39.45272],[-8.98268,39.45038],[-8.98381,39.44976],[-8.98405,39.44765],[-8.98481,39.44646],[-8.98528,39.43832],[-8.98616,39.43746],[-8.98538,39.43583],[-8.98538,39.43328],[-8.98915,39.43231],[-8.99063,39.43069],[-8.98933,39.42937],[-8.98935,39.4285],[-8.99185,39.42696],[-8.99303,39.42717],[-8.99464,39.42527],[-8.99756,39.42373],[-9.00206,39.41978],[-9.00331,39.4179],[-9.00464,39.41689],[-9.008,39.41958],[-9.00992,39.41845],[-9.01023,39.41739],[-9.01307,39.41592],[-9.01589,39.41823],[-9.01786,39.41934],[-9.01883,39.42036],[-9.02209,39.42247],[-9.02304,39.42245],[-9.02456,39.42337],[-9.02567,39.42316],[-9.02811,39.42362],[-9.03019,39.42327],[-9.03222,39.42342],[-9.03608,39.42002],[-9.03816,39.41877],[-9.03976,39.41888],[-9.04527,39.42275],[-9.04655,39.42257],[-9.04866,39.42298],[-9.04978,39.4209],[-9.05,39.41883],[-9.05082,39.4177],[-9.05291,39.41691],[-9.05571,39.41661],[-9.05694,39.41688],[-9.05935,39.41674],[-9.06068,39.41624],[-9.06527,39.41548],[-9.06586,39.41449],[-9.06754,39.41367],[-9.06821,39.41273],[-9.06972,39.41201],[-9.07238,39.40938],[-9.07329,39.40806],[-9.0735,39.40529],[-9.07656,39.40514],[-9.07802,39.40465],[-9.08021,39.40453],[-9.08178,39.40407],[-9.08417,39.40257],[-9.09055,39.398],[-9.09499,39.39581],[-9.09601,39.39464],[-9.10016,39.39154],[-9.10094,39.38992],[-9.10177,39.38929],[-9.10179,39.38618],[-9.10248,39.38522],[-9.10171,39.3813],[-9.09869,39.37949],[-9.09818,39.37745],[-9.0942,39.37714],[-9.08246,39.37809],[-9.07951,39.37799],[-9.07092,39.37833],[-9.06916,39.37598],[-9.06843,39.37338],[-9.06765,39.37177],[-9.06612,39.37069],[-9.066,39.3697],[-9.0649,39.36885],[-9.06383,39.36677],[-9.06253,39.36574],[-9.06213,39.3648],[-9.06031,39.36317],[-9.05819,39.36192],[-9.05743,39.35981],[-9.05531,39.35791],[-9.05245,39.35399],[-9.05066,39.35413],[-9.0468,39.35354],[-9.04212,39.35193],[-9.0408,39.3507],[-9.03947,39.3501],[-9.03267,39.34582],[-9.03183,39.34572],[-9.02905,39.34388],[-9.02586,39.33999],[-9.02275,39.34092],[-9.01982,39.34057],[-9.01858,39.33956],[-9.01608,39.33836],[-9.01717,39.33787],[-9.01891,39.33824],[-9.02047,39.33733],[-9.02158,39.33537],[-9.02376,39.33368],[-9.0229,39.33243],[-9.02024,39.32998],[-9.01892,39.32948],[-9.01631,39.32966],[-9.01367,39.33062],[-9.00929,39.32929],[-9.00492,39.32963],[-9.00419,39.33025],[-9.00231,39.3304],[-9.00006,39.32957],[-8.99919,39.32794],[-8.99774,39.32642],[-8.99689,39.32476],[-9.00132,39.32413],[-9.01178,39.32233],[-9.01374,39.3225],[-9.01541,39.32179],[-9.02098,39.32074],[-9.02317,39.32007],[-9.02786,39.32003],[-9.02913,39.31584],[-9.02936,39.31292],[-9.0284,39.31147],[-9.02742,39.30844],[-9.02537,39.3048],[-9.02577,39.29914],[-9.02557,39.29597],[-9.02513,39.29574],[-9.0265,39.29324],[-9.02854,39.29278],[-9.03043,39.29108],[-9.03196,39.28894],[-9.03179,39.28692],[-9.03235,39.28536],[-9.03144,39.28371],[-9.03442,39.28199],[-9.03214,39.28109],[-9.03184,39.28043],[-9.03249,39.27849],[-9.03458,39.27542],[-9.03645,39.27542],[-9.03536,39.27076],[-9.03422,39.26846],[-9.03661,39.26728],[-9.03825,39.26569],[-9.03508,39.26396],[-9.03292,39.26307],[-9.02985,39.26215],[-9.02846,39.26049],[-9.02848,39.25809],[-9.02771,39.25719],[-9.0219,39.25545],[-9.01981,39.25407],[-9.0163,39.25051],[-9.01945,39.24758],[-9.02149,39.24414],[-9.02446,39.23756],[-9.02775,39.23763],[-9.0302,39.23845],[-9.03243,39.24019],[-9.03456,39.24075],[-9.03449,39.24142],[-9.04187,39.23851],[-9.04448,39.23971],[-9.04668,39.241],[-9.0472,39.24173],[-9.04756,39.24404],[-9.04814,39.2449],[-9.04871,39.24787],[-9.05021,39.2489],[-9.05275,39.24839],[-9.05362,39.24783],[-9.05584,39.24832],[-9.05756,39.24787],[-9.06161,39.24766],[-9.0637,39.24837],[-9.06653,39.2483],[-9.06886,39.24661],[-9.07167,39.24367],[-9.07434,39.24276],[-9.07468,39.24113],[-9.07631,39.24297],[-9.07794,39.24203],[-9.07986,39.24257],[-9.08061,39.24117],[-9.08124,39.23851],[-9.07986,39.23711],[-9.08173,39.23692],[-9.08439,39.23836],[-9.08355,39.23609],[-9.08345,39.23349],[-9.08305,39.23261],[-9.08435,39.23171],[-9.08495,39.23056],[-9.08825,39.2297],[-9.09178,39.23001],[-9.08962,39.22842],[-9.09477,39.22405],[-9.08984,39.2193],[-9.093,39.21668],[-9.09562,39.21578],[-9.09636,39.21382],[-9.09765,39.21216],[-9.10049,39.21075],[-9.10103,39.2093],[-9.10304,39.20789],[-9.10319,39.20626],[-9.10229,39.20482],[-9.10133,39.20445],[-9.09939,39.20489],[-9.09703,39.20347],[-9.09597,39.2033],[-9.09317,39.20173],[-9.09219,39.19947],[-9.08878,39.19783],[-9.08785,39.19768],[-9.08658,39.19847],[-9.08299,39.19941],[-9.08098,39.19911],[-9.08073,39.19747],[-9.07985,39.19648],[-9.07727,39.19452],[-9.07772,39.1935],[-9.07668,39.1925],[-9.07624,39.19102],[-9.07685,39.19005],[-9.07594,39.18834],[-9.07492,39.18749],[-9.06271,39.18491],[-9.06018,39.17429],[-9.06714,39.17699],[-9.07729,39.16679],[-9.07666,39.16564],[-9.07525,39.16436],[-9.07385,39.16364],[-9.07312,39.16183],[-9.07139,39.15952],[-9.07046,39.15705],[-9.06876,39.15561],[-9.06762,39.15351],[-9.06645,39.14969],[-9.07096,39.15051],[-9.07251,39.14919],[-9.07385,39.14951],[-9.07662,39.14891],[-9.07579,39.14745],[-9.07488,39.14486],[-9.07384,39.14272],[-9.07382,39.14175],[-9.0727,39.14062],[-9.07196,39.13864],[-9.06961,39.13915],[-9.0689,39.13577],[-9.06539,39.13562],[-9.06477,39.13497],[-9.06062,39.13372],[-9.0587,39.13266],[-9.05876,39.13082],[-9.05827,39.12913],[-9.0573,39.12773],[-9.05728,39.12679],[-9.05907,39.12502],[-9.05773,39.12483],[-9.05534,39.12371],[-9.05413,39.12113],[-9.05298,39.12081],[-9.05167,39.11916],[-9.04946,39.1191],[-9.0482,39.11946],[-9.04723,39.11832],[-9.04707,39.11688],[-9.04771,39.11575],[-9.04518,39.11475],[-9.04235,39.11424],[-9.04015,39.11521],[-9.03858,39.11379],[-9.03316,39.11501],[-9.0322,39.11421],[-9.03212,39.11297],[-9.03048,39.11245],[-9.03124,39.1114],[-9.03126,39.10853],[-9.03042,39.10636],[-9.03078,39.1049],[-9.02902,39.1055],[-9.02646,39.10525],[-9.02552,39.10451],[-9.02087,39.10401],[-9.01964,39.10307],[-9.01771,39.10093],[-9.01493,39.10069],[-9.0089,39.10266],[-9.00571,39.1027],[-9.00295,39.10345],[-9.00287,39.10199],[-9.00473,39.09953],[-9.00468,39.09709],[-9.00596,39.09382],[-9.00809,39.09061],[-9.00814,39.08867],[-9.00939,39.0877],[-9.01129,39.08921],[-9.01423,39.08719],[-9.01521,39.08792],[-9.01659,39.08798],[-9.01963,39.0888],[-9.02113,39.08834],[-9.0236,39.0885],[-9.02461,39.08619],[-9.02708,39.08443],[-9.02769,39.08326],[-9.02768,39.08165],[-9.02826,39.08075],[-9.02884,39.07788],[-9.03121,39.07431],[-9.03212,39.07211],[-9.0317,39.07116],[-9.03191,39.06915],[-9.0314,39.06821],[-9.03268,39.06606],[-9.03377,39.06681],[-9.03658,39.06783],[-9.03921,39.06577],[-9.04098,39.06366],[-9.04352,39.0628],[-9.04527,39.06255],[-9.04697,39.0615],[-9.04817,39.0602],[-9.04822,39.05933],[-9.04948,39.05809],[-9.05075,39.05624],[-9.04965,39.05255],[-9.04984,39.05156],[-9.04902,39.0501],[-9.04914,39.04915],[-9.0501,39.04776],[-9.04472,39.04684],[-9.03971,39.04474],[-9.04039,39.04326],[-9.03971,39.04235],[-9.03919,39.03959],[-9.03848,39.03933],[-9.03788,39.03675],[-9.03995,39.03591],[-9.04068,39.03288],[-9.04073,39.0309],[-9.04279,39.03029],[-9.04237,39.02724],[-9.04567,39.0268],[-9.04743,39.02719],[-9.04677,39.02514],[-9.04478,39.02319],[-9.04351,39.02272],[-9.04215,39.02109],[-9.04135,39.01891],[-9.04187,39.01706],[-9.04169,39.01591],[-9.04265,39.01409],[-9.04228,39.0127],[-9.04096,39.01155],[-9.04002,39.01144],[-9.03873,39.00877],[-9.03478,39.00993],[-9.03324,39.01226],[-9.03174,39.01275],[-9.02994,39.01458],[-9.02839,39.01517],[-9.02628,39.01713],[-9.02373,39.01653],[-9.02305,39.01539],[-9.02205,39.01561],[-9.0206,39.01511],[-9.01769,39.01268],[-9.01173,39.01455],[-9.0101,39.01554],[-9.00811,39.01394],[-9.00868,39.01116],[-9.0085,39.00838],[-9.0045,39.00269],[-9.00375,39.00187],[-9.00225,39.0016],[-9.00072,39.00298],[-8.9979,39.00434],[-8.9963,39.0045],[-8.99445,39.00518],[-8.99366,39.00452],[-8.99197,39.00416],[-8.9904,39.00241],[-8.9892,39.00223],[-8.9883,39.00298],[-8.98745,39.00479],[-8.98613,39.00599],[-8.98714,39.00682],[-8.98614,39.00902],[-8.98444,39.00908],[-8.98309,39.01003],[-8.98264,39.01245],[-8.98172,39.01289],[-8.98049,39.0148],[-8.97718,39.01508],[-8.97492,39.01557],[-8.9732,39.01533],[-8.96872,39.01401],[-8.96685,39.0132],[-8.96426,39.01249],[-8.95839,39.0104],[-8.95517,39.00842],[-8.95241,39.00698],[-8.95142,39.00608],[-8.94871,39.00446],[-8.9478,39.0036],[-8.94512,39.00192],[-8.94043,39.00072],[-8.94166,38.99759],[-8.94276,38.99176],[-8.94378,38.98822],[-8.94749,38.97765],[-8.95093,38.97303],[-8.95476,38.96871],[-8.95795,38.96575],[-8.96082,38.96762],[-8.96354,38.97003],[-8.96523,38.97209],[-8.96684,38.97316],[-8.96711,38.97417],[-8.96942,38.97612],[-8.97386,38.97593],[-8.97751,38.976],[-8.98352,38.97816],[-8.98782,38.9825],[-8.9899,38.98336],[-8.99271,38.98366],[-8.99567,38.98515],[-8.99685,38.98504],[-8.99934,38.98545],[-8.99952,38.98727],[-9.00017,38.98814],[-9.0025,38.98914],[-9.0032,38.98876],[-9.004,38.98706],[-9.00368,38.98505],[-9.00553,38.98438],[-9.00809,38.98502],[-9.01002,38.98488],[-9.01137,38.98424],[-9.01033,38.98275],[-9.0104,38.98174],[-9.00908,38.97845],[-9.01428,38.97783],[-9.01504,38.97634],[-9.01586,38.9728],[-9.01637,38.97196],[-9.0166,38.96672],[-9.01621,38.96526],[-9.01666,38.96315],[-9.01948,38.96044],[-9.02004,38.95867],[-9.02158,38.95791],[-9.02073,38.95327],[-9.02203,38.95257],[-9.02086,38.94968],[-9.01833,38.94639],[-9.01748,38.94488],[-9.01694,38.94228],[-9.0173,38.94111],[-9.01479,38.94062],[-9.01337,38.93907],[-9.01002,38.94023],[-9.00929,38.93909],[-9.00735,38.93831],[-9.00642,38.93667],[-9.00559,38.93622],[-9.00636,38.93504],[-9.00576,38.93426],[-9.00204,38.93268],[-8.99026,38.94933],[-8.98531,38.95543],[-8.98036,38.96057],[-8.97751,38.96266],[-8.97531,38.96327],[-8.97541,38.95759],[-8.97884,38.95429],[-8.98493,38.94439],[-8.99159,38.93525],[-8.99293,38.93087],[-8.9914,38.92478],[-8.98855,38.91812],[-8.9876,38.91488],[-8.98855,38.90917],[-8.98969,38.90498],[-8.99381,38.8971],[-8.9938,38.89218],[-8.99438,38.88297],[-8.99274,38.87948],[-8.98931,38.87643],[-8.98227,38.87148],[-8.97884,38.86824],[-8.97979,38.86425],[-8.98341,38.86044],[-8.98855,38.85644],[-8.99045,38.8532],[-8.98931,38.84978],[-8.98379,38.84255],[-8.98281,38.83706],[-8.98265,38.83246],[-8.98265,38.82465],[-8.98398,38.81418],[-8.98455,38.80904],[-8.9817,38.81152],[-8.97446,38.81913],[-8.96847,38.82776],[-8.96699,38.82614],[-8.95365,38.8154],[-8.94779,38.80871],[-8.94517,38.80522],[-8.94183,38.80042],[-8.93868,38.79418],[-8.93549,38.78506],[-8.93384,38.77569],[-8.93209,38.76989],[-8.93072,38.76728],[-8.92871,38.7643],[-8.92605,38.76084],[-8.92488,38.75867],[-8.93045,38.76175],[-8.93714,38.76146],[-8.9475,38.76187],[-8.95265,38.76017],[-8.95992,38.75725],[-8.96447,38.75555],[-8.96536,38.75364],[-8.97231,38.74906],[-8.97958,38.74615],[-8.99535,38.74198],[-9.00746,38.73689],[-9.01199,38.73185],[-9.01162,38.73125],[-9.00897,38.72952],[-9.00838,38.73086],[-9.0065,38.73242],[-9.00193,38.73002],[-9.00124,38.72787],[-9.00186,38.72728],[-9.00028,38.72651],[-9.00047,38.72541],[-8.99858,38.72562],[-8.99714,38.72529],[-8.99439,38.72672],[-8.99394,38.7279],[-8.99249,38.72936],[-8.99044,38.72959],[-8.98606,38.73133],[-8.98169,38.73566],[-8.97801,38.73844],[-8.97454,38.74211],[-8.97318,38.74063],[-8.9701,38.74136],[-8.97039,38.73959],[-8.96748,38.74006],[-8.96576,38.7381],[-8.96435,38.73696],[-8.96302,38.73693],[-8.96106,38.73959],[-8.96009,38.73984],[-8.95755,38.7374],[-8.95627,38.73471],[-8.95482,38.73315],[-8.95404,38.73152],[-8.95274,38.72988],[-8.95146,38.72726],[-8.94898,38.72514],[-8.9525,38.72388],[-8.95113,38.7236],[-8.94677,38.72171],[-8.94296,38.71952],[-8.94168,38.71846],[-8.93949,38.71761],[-8.93431,38.71447],[-8.93181,38.71326],[-8.93127,38.71451],[-8.92989,38.71606],[-8.92305,38.70869],[-8.92144,38.70992],[-8.92068,38.70896],[-8.92075,38.70604],[-8.91879,38.70554],[-8.91894,38.70283],[-8.91511,38.69035],[-8.91415,38.68655],[-8.91225,38.68244],[-8.91188,38.68075],[-8.91145,38.67603],[-8.91128,38.67137],[-8.90794,38.67192],[-8.90171,38.67329],[-8.89657,38.67408],[-8.89351,38.67436],[-8.88534,38.6745],[-8.88049,38.6743],[-8.86722,38.67656],[-8.85921,38.67647],[-8.85615,38.67707],[-8.8393,38.67909],[-8.85574,38.6682],[-8.85679,38.66424],[-8.85652,38.66383],[-8.85577,38.63671],[-8.8569,38.63664],[-8.85675,38.63166],[-8.84955,38.63184],[-8.84949,38.61807],[-8.7971,38.61931],[-8.79652,38.60673],[-8.79631,38.60074],[-8.79573,38.60069],[-8.79577,38.592],[-8.79503,38.59094],[-8.79682,38.59047],[-8.80282,38.58753],[-8.80515,38.59044],[-8.8111,38.58743],[-8.80236,38.57682],[-8.80523,38.5754],[-8.80398,38.57388],[-8.80658,38.57257],[-8.80958,38.57171],[-8.80867,38.56921],[-8.80593,38.56963],[-8.8043,38.56075],[-8.8038,38.55884],[-8.80108,38.55562],[-8.79418,38.55771],[-8.77534,38.56597],[-8.77123,38.56769],[-8.76803,38.56833],[-8.75759,38.56881],[-8.75479,38.56959],[-8.75165,38.57187],[-8.74879,38.57319],[-8.74653,38.57521],[-8.74459,38.5766],[-8.74079,38.57472],[-8.73427,38.56887],[-8.73754,38.56796],[-8.7389,38.56687],[-8.7399,38.56528],[-8.73782,38.56426],[-8.74217,38.56061],[-8.74239,38.5587],[-8.74043,38.55681],[-8.73968,38.55395],[-8.74039,38.55128],[-8.73867,38.54881],[-8.7372,38.54767],[-8.73525,38.54673],[-8.73621,38.54501],[-8.73862,38.54347],[-8.74006,38.54175],[-8.74042,38.53898],[-8.74147,38.5378],[-8.74127,38.53415],[-8.74028,38.52941],[-8.73933,38.5263],[-8.73927,38.52416],[-8.73792,38.52159],[-8.73505,38.51911],[-8.73506,38.51567],[-8.73421,38.51614],[-8.73006,38.5167],[-8.72893,38.51661],[-8.7259,38.51529],[-8.71974,38.51476],[-8.71776,38.51327],[-8.71561,38.51361],[-8.71349,38.51532],[-8.7125,38.5169],[-8.71087,38.51732],[-8.7089,38.51653],[-8.70736,38.51762],[-8.70859,38.51855],[-8.70825,38.52053],[-8.70752,38.52062],[-8.70575,38.51891],[-8.7037,38.51839],[-8.70321,38.5194],[-8.70462,38.52019],[-8.70246,38.52195],[-8.69846,38.52392],[-8.69716,38.52632],[-8.69302,38.52888],[-8.69177,38.53044],[-8.69061,38.5305],[-8.68917,38.53164],[-8.68818,38.533],[-8.68826,38.53387],[-8.68359,38.53729],[-8.68269,38.53902],[-8.68285,38.53988],[-8.68162,38.54249],[-8.67848,38.54339],[-8.6766,38.54366],[-8.67352,38.54485],[-8.67174,38.54472],[-8.66635,38.54638],[-8.66307,38.54635],[-8.65857,38.54733],[-8.65661,38.54825],[-8.65543,38.54766],[-8.65033,38.54862],[-8.64823,38.54854],[-8.64521,38.54806],[-8.63911,38.54949],[-8.63957,38.55154],[-8.6398,38.55431],[-8.6406,38.55835],[-8.64092,38.56102],[-8.64092,38.56747],[-8.64822,38.57732],[-8.65111,38.58952],[-8.65086,38.59103],[-8.65157,38.59351],[-8.65334,38.5947],[-8.65361,38.59771],[-8.65474,38.59858],[-8.65628,38.60046],[-8.65818,38.60198],[-8.65842,38.60367],[-8.65682,38.60587],[-8.65653,38.60781],[-8.65292,38.61082],[-8.65347,38.61227],[-8.6493,38.6127],[-8.64779,38.61304],[-8.64454,38.61501],[-8.6432,38.61626],[-8.64091,38.61749],[-8.63985,38.61853],[-8.63671,38.62037],[-8.63476,38.62308],[-8.6347,38.62436],[-8.63352,38.62572],[-8.63217,38.62809],[-8.62872,38.63038],[-8.62536,38.63148],[-8.62216,38.63345],[-8.62146,38.63355],[-8.6198,38.63529],[-8.61949,38.63684],[-8.61838,38.63757],[-8.61678,38.63984],[-8.6153,38.64067],[-8.61417,38.64292],[-8.61239,38.64469]],[[-8.20333,39.73809],[-8.20408,39.73865],[-8.20926,39.73953],[-8.20899,39.74084],[-8.20954,39.74382],[-8.20852,39.74513],[-8.2075,39.74503],[-8.20539,39.74351],[-8.20413,39.74315],[-8.20033,39.74449],[-8.1976,39.74468],[-8.19718,39.74578],[-8.19897,39.74669],[-8.19912,39.74788],[-8.19822,39.74914],[-8.19322,39.74875],[-8.19106,39.75005],[-8.18684,39.75196],[-8.18466,39.7541],[-8.18564,39.75689],[-8.18438,39.75751],[-8.18197,39.75781],[-8.18031,39.75765],[-8.17761,39.75656],[-8.17624,39.75669],[-8.16935,39.75989],[-8.16777,39.75765],[-8.16625,39.75663],[-8.1641,39.75699],[-8.16252,39.75648],[-8.16166,39.75473],[-8.16161,39.75362],[-8.15901,39.75317],[-8.15682,39.75242],[-8.15383,39.75192],[-8.15217,39.7496],[-8.15081,39.74939],[-8.1497,39.7503],[-8.14814,39.75027],[-8.1449,39.74933],[-8.14401,39.748],[-8.14393,39.74652],[-8.14451,39.74474],[-8.14269,39.74405],[-8.14024,39.74548],[-8.13881,39.74477],[-8.13699,39.74458],[-8.13488,39.74611],[-8.13265,39.74602],[-8.13238,39.74423],[-8.13128,39.74278],[-8.12941,39.74222],[-8.12771,39.7435],[-8.12627,39.7426],[-8.12691,39.74138],[-8.12581,39.7394],[-8.12707,39.73794],[-8.12655,39.73697],[-8.12266,39.73693],[-8.12198,39.73644],[-8.12139,39.7347],[-8.12011,39.7346],[-8.11858,39.73541],[-8.11669,39.73505],[-8.11567,39.73405],[-8.11204,39.7331],[-8.11038,39.73205],[-8.11029,39.73099],[-8.11125,39.72915],[-8.11284,39.72988],[-8.11352,39.72892],[-8.11272,39.72821],[-8.10804,39.72657],[-8.10658,39.72756],[-8.10536,39.72669],[-8.10617,39.72574],[-8.10756,39.72586],[-8.10821,39.725],[-8.1077,39.72241],[-8.11138,39.72086],[-8.11123,39.72012],[-8.11266,39.71908],[-8.11429,39.71923],[-8.11651,39.71688],[-8.11788,39.71643],[-8.11906,39.71678],[-8.12077,39.71627],[-8.12155,39.71346],[-8.12135,39.7115],[-8.12451,39.70668],[-8.12562,39.70705],[-8.12836,39.70624],[-8.12934,39.70562],[-8.12988,39.70399],[-8.13392,39.70367],[-8.13585,39.70244],[-8.13759,39.70295],[-8.13907,39.70283],[-8.14173,39.69922],[-8.14898,39.69573],[-8.15085,39.69575],[-8.15237,39.69623],[-8.15667,39.69639],[-8.16119,39.69742],[-8.16316,39.69846],[-8.16522,39.69896],[-8.17374,39.7023],[-8.17667,39.70363],[-8.1785,39.70634],[-8.18024,39.70695],[-8.1835,39.71057],[-8.19138,39.71114],[-8.19239,39.71153],[-8.19289,39.71789],[-8.19255,39.72103],[-8.19385,39.7213],[-8.19655,39.72296],[-8.19819,39.72307],[-8.20025,39.72614],[-8.19992,39.72805],[-8.19826,39.7297],[-8.19738,39.73174],[-8.19964,39.73423],[-8.20149,39.7351],[-8.204,39.73525],[-8.20333,39.73809]]],[[[-9.01044,38.8473],[-9.01387,38.84102],[-9.01539,38.82903],[-9.01552,38.82578],[-9.00897,38.81102],[-9.00494,38.81437],[-9.00104,38.80825],[-8.99908,38.79928],[-8.9987,38.79819],[-8.99407,38.80257],[-8.98893,38.80695],[-8.98741,38.81095],[-8.98512,38.82294],[-8.98474,38.83684],[-8.98569,38.84178],[-8.98779,38.84445],[-8.99045,38.84711],[-8.99236,38.85092],[-8.99426,38.8532],[-8.99788,38.85283],[-9.00549,38.85035],[-9.01044,38.8473]]],[[[-9.08449,38.81056],[-9.08484,38.798],[-9.07337,38.81166],[-9.06837,38.81633],[-9.06384,38.81902],[-9.05811,38.8237],[-9.04748,38.83145],[-9.04257,38.83815],[-9.04166,38.8435],[-9.04014,38.84807],[-9.03671,38.8553],[-9.03195,38.86177],[-9.02814,38.86881],[-9.02643,38.87262],[-9.02653,38.87694],[-9.03052,38.87473],[-9.03507,38.86706],[-9.04052,38.86348],[-9.04973,38.86031],[-9.05727,38.85644],[-9.06158,38.85259],[-9.06545,38.84578],[-9.0685,38.83893],[-9.0725,38.83284],[-9.07821,38.82637],[-9.08221,38.81932],[-9.08449,38.81056]]],[[[-9.02338,38.85911],[-9.02548,38.85225],[-9.02749,38.84634],[-9.02503,38.84105],[-9.02325,38.83662],[-9.02,38.82503],[-9.01794,38.8267],[-9.01843,38.83284],[-9.01805,38.84312],[-9.01691,38.84807],[-9.01368,38.85149],[-9.00549,38.8553],[-8.99769,38.85701],[-8.98836,38.85987],[-8.98379,38.86348],[-8.98265,38.86786],[-8.9836,38.86996],[-8.98969,38.87376],[-8.99578,38.87795],[-8.99693,38.88271],[-8.99902,38.88576],[-9.0053,38.88214],[-9.01139,38.87738],[-9.01387,38.87452],[-9.01901,38.86634],[-9.02338,38.85911]]],[[[-9.00797,38.8848],[-9.00283,38.88994],[-8.99883,38.89927],[-8.99826,38.90727],[-8.99654,38.91488],[-8.99597,38.91945],[-8.99693,38.92516],[-8.99864,38.92687],[-9.00111,38.92402],[-9.0053,38.91888],[-9.00751,38.91366],[-9.007,38.90823],[-9.00701,38.89927],[-9.00892,38.89223],[-9.01044,38.88747],[-9.01082,38.88309],[-9.00797,38.8848]]]]},"properties":{"idApp":923018,"aopId":"tejo","name":"Tejo","nameJa":"テージョ","kind":"regional","tags":[],"rank":0},"bbox":[-9.10319,38.51327,-7.68042,39.86847]},{"type":"Feature","geometry":{"type":"MultiPolygon","coordinates":[[[[-8.23483,38.57122],[-8.23496,38.56985],[-8.23607,38.56809],[-8.23795,38.56828],[-8.239,38.56721],[-8.24175,38.56652],[-8.245,38.56745],[-8.24902,38.56893],[-8.24571,38.56637],[-8.24369,38.56512],[-8.24408,38.56447],[-8.2439,38.56266],[-8.24435,38.56127],[-8.24517,38.56053],[-8.24516,38.55872],[-8.24562,38.55802],[-8.23664,38.55296],[-8.23141,38.5506],[-8.23303,38.54852],[-8.23851,38.54985],[-8.24085,38.55057],[-8.24411,38.55067],[-8.24508,38.54917],[-8.24738,38.54921],[-8.24861,38.548],[-8.24958,38.54826],[-8.25124,38.54664],[-8.25103,38.54576],[-8.24978,38.54556],[-8.25067,38.54367],[-8.25318,38.54318],[-8.25637,38.54197],[-8.25769,38.5422],[-8.25786,38.54064],[-8.25732,38.53891],[-8.25717,38.53665],[-8.25741,38.53457],[-8.25988,38.53075],[-8.25997,38.52903],[-8.26271,38.52701],[-8.26435,38.52413],[-8.26379,38.52224],[-8.26219,38.52198],[-8.26246,38.5254],[-8.26036,38.52666],[-8.25993,38.52793],[-8.25729,38.52837],[-8.25488,38.53088],[-8.25137,38.53211],[-8.24556,38.53348],[-8.24334,38.53323],[-8.24252,38.5346],[-8.24166,38.53725],[-8.2403,38.53861],[-8.23899,38.54051],[-8.2378,38.54057],[-8.23633,38.53991],[-8.23477,38.5387],[-8.23203,38.53407],[-8.23212,38.53241],[-8.23037,38.5308],[-8.23223,38.52913],[-8.23281,38.5273],[-8.23517,38.52558],[-8.23635,38.52394],[-8.23161,38.52244],[-8.2327,38.52107],[-8.23333,38.51866],[-8.23306,38.51776],[-8.23092,38.51581],[-8.23174,38.51311],[-8.23256,38.51228],[-8.23325,38.51065],[-8.23313,38.5094],[-8.23397,38.50837],[-8.23521,38.50599],[-8.23376,38.50596],[-8.23146,38.50527],[-8.22726,38.50544],[-8.22722,38.50224],[-8.22839,38.49899],[-8.23026,38.49203],[-8.22885,38.48622],[-8.227,38.47333],[-8.22257,38.47524],[-8.21466,38.47659],[-8.20898,38.47626],[-8.2085,38.47467],[-8.20534,38.47533],[-8.19932,38.47603],[-8.18313,38.47839],[-8.17915,38.47878],[-8.17722,38.47968],[-8.17043,38.48146],[-8.17028,38.47998],[-8.16949,38.4775],[-8.17265,38.47364],[-8.17293,38.47254],[-8.17495,38.46916],[-8.1782,38.46648],[-8.17831,38.46568],[-8.17724,38.46372],[-8.17593,38.46356],[-8.17314,38.46441],[-8.16507,38.46628],[-8.1623,38.46635],[-8.15784,38.46768],[-8.154,38.46819],[-8.15032,38.47112],[-8.14678,38.47333],[-8.14065,38.47678],[-8.13802,38.4793],[-8.13708,38.47986],[-8.13591,38.48174],[-8.13489,38.48059],[-8.13197,38.47376],[-8.12811,38.47457],[-8.12629,38.47464],[-8.12218,38.47428],[-8.12146,38.47243],[-8.12014,38.46686],[-8.12019,38.46578],[-8.11836,38.46207],[-8.11865,38.45933],[-8.11767,38.45773],[-8.1131,38.45806],[-8.11298,38.4538],[-8.11335,38.45081],[-8.11262,38.44804],[-8.11156,38.44085],[-8.10595,38.44108],[-8.10313,38.44208],[-8.09905,38.44214],[-8.09783,38.43645],[-8.09707,38.43054],[-8.09713,38.42907],[-8.09667,38.42514],[-8.09664,38.42235],[-8.09781,38.42187],[-8.10614,38.42049],[-8.1027,38.41486],[-8.1031,38.4144],[-8.09707,38.40834],[-8.09776,38.40773],[-8.09698,38.40446],[-8.09555,38.40188],[-8.09622,38.40076],[-8.09319,38.39476],[-8.07499,38.3955],[-8.06134,38.39429],[-8.06,38.39018],[-8.05852,38.38804],[-8.05881,38.38603],[-8.05836,38.3853],[-8.05912,38.38425],[-8.05909,38.38319],[-8.06038,38.38202],[-8.06006,38.38085],[-8.06064,38.38009],[-8.05974,38.37883],[-8.05962,38.37785],[-8.06059,38.37676],[-8.06197,38.37628],[-8.06327,38.37437],[-8.06378,38.37156],[-8.06496,38.37037],[-8.06457,38.36924],[-8.06486,38.36708],[-8.06332,38.3669],[-8.06152,38.36754],[-8.05676,38.36763],[-8.05489,38.36885],[-8.05449,38.3704],[-8.05334,38.37181],[-8.05207,38.37172],[-8.05168,38.37272],[-8.0494,38.37553],[-8.04909,38.37655],[-8.04637,38.3782],[-8.0446,38.38065],[-8.04263,38.38168],[-8.03985,38.38175],[-8.03843,38.38227],[-8.03437,38.38457],[-8.03261,38.38503],[-8.0293,38.38652],[-8.02783,38.38636],[-8.02547,38.38668],[-8.02383,38.38863],[-8.02224,38.38956],[-8.0194,38.38995],[-8.01804,38.3913],[-8.0171,38.39292],[-8.01327,38.3942],[-8.01117,38.39553],[-8.00921,38.3977],[-8.00696,38.39919],[-8.00483,38.39978],[-8.00327,38.40146],[-8.00197,38.40203],[-7.99936,38.40253],[-7.99618,38.40413],[-7.99479,38.40374],[-7.99348,38.40215],[-7.99184,38.4024],[-7.98928,38.40118],[-7.98719,38.40169],[-7.98506,38.4011],[-7.98273,38.40266],[-7.98014,38.4022],[-7.97858,38.40299],[-7.97766,38.4043],[-7.97357,38.40682],[-7.97283,38.40869],[-7.96837,38.41011],[-7.96584,38.41066],[-7.96502,38.41009],[-7.96198,38.41082],[-7.9603,38.41041],[-7.95915,38.4107],[-7.95827,38.41163],[-7.95438,38.41204],[-7.95257,38.41109],[-7.95114,38.41139],[-7.94918,38.41231],[-7.94833,38.41169],[-7.94656,38.41217],[-7.94155,38.41214],[-7.93956,38.41182],[-7.9385,38.41122],[-7.93655,38.41089],[-7.93368,38.40971],[-7.9326,38.40816],[-7.93062,38.40739],[-7.92791,38.40703],[-7.92765,38.40577],[-7.92841,38.40265],[-7.92965,38.40033],[-7.93031,38.39793],[-7.93022,38.39645],[-7.93193,38.39452],[-7.9324,38.39295],[-7.9333,38.39158],[-7.93155,38.3902],[-7.92972,38.38949],[-7.92477,38.38823],[-7.92208,38.38613],[-7.92072,38.38595],[-7.9186,38.38455],[-7.92399,38.38008],[-7.93189,38.37369],[-7.93943,38.37347],[-7.94046,38.36762],[-7.93983,38.36672],[-7.94041,38.3625],[-7.93926,38.3594],[-7.9414,38.35833],[-7.94692,38.35658],[-7.944,38.35488],[-7.94118,38.35126],[-7.93982,38.35118],[-7.93925,38.35422],[-7.93581,38.35419],[-7.93337,38.35457],[-7.93157,38.35515],[-7.92235,38.35602],[-7.92005,38.35684],[-7.91913,38.35812],[-7.91714,38.35893],[-7.91472,38.35921],[-7.91221,38.36],[-7.90928,38.3606],[-7.90683,38.36241],[-7.90624,38.36395],[-7.90644,38.36522],[-7.90607,38.36815],[-7.90481,38.36894],[-7.90106,38.36879],[-7.89953,38.36827],[-7.89511,38.36989],[-7.89224,38.37123],[-7.89011,38.37267],[-7.88803,38.37155],[-7.88516,38.36861],[-7.88312,38.36617],[-7.88224,38.36475],[-7.88012,38.36011],[-7.87735,38.3617],[-7.87482,38.36368],[-7.87406,38.36465],[-7.87155,38.3663],[-7.86943,38.36693],[-7.86541,38.36573],[-7.86346,38.36464],[-7.86195,38.36444],[-7.86129,38.36369],[-7.85907,38.36342],[-7.85777,38.36115],[-7.85572,38.36016],[-7.855,38.35835],[-7.85567,38.35767],[-7.85657,38.35531],[-7.85665,38.35366],[-7.85794,38.35219],[-7.85654,38.34902],[-7.85731,38.34827],[-7.85265,38.34482],[-7.84919,38.34367],[-7.84496,38.34143],[-7.84333,38.34098],[-7.84044,38.34068],[-7.83817,38.34118],[-7.83494,38.34254],[-7.83356,38.3447],[-7.83254,38.34705],[-7.83208,38.35184],[-7.83266,38.35321],[-7.83228,38.35423],[-7.82846,38.35576],[-7.82653,38.35762],[-7.82623,38.35962],[-7.82384,38.35967],[-7.81996,38.35924],[-7.81863,38.36101],[-7.81584,38.36018],[-7.8142,38.35745],[-7.81333,38.35706],[-7.81096,38.35749],[-7.81082,38.35627],[-7.80996,38.35602],[-7.8101,38.35286],[-7.8104,38.35194],[-7.81075,38.34783],[-7.81191,38.34309],[-7.81215,38.34108],[-7.80693,38.33771],[-7.80446,38.33663],[-7.80293,38.33493],[-7.80092,38.3332],[-7.8002,38.33526],[-7.80021,38.33624],[-7.79892,38.33775],[-7.79417,38.33449],[-7.7929,38.33087],[-7.79004,38.32867],[-7.78797,38.32735],[-7.78438,38.32622],[-7.78241,38.32626],[-7.78157,38.33072],[-7.7793,38.33501],[-7.7767,38.33615],[-7.77338,38.33636],[-7.77204,38.33848],[-7.77142,38.34234],[-7.76901,38.34693],[-7.76675,38.34851],[-7.76577,38.35104],[-7.76348,38.35321],[-7.74855,38.35105],[-7.74728,38.35267],[-7.74606,38.35345],[-7.74386,38.35578],[-7.74266,38.35585],[-7.74131,38.3566],[-7.7393,38.35694],[-7.73432,38.35909],[-7.73361,38.35771],[-7.73178,38.35546],[-7.73104,38.35497],[-7.72922,38.35266],[-7.72787,38.35146],[-7.72597,38.35061],[-7.72264,38.34853],[-7.72073,38.35012],[-7.71993,38.35157],[-7.71874,38.35197],[-7.71742,38.35174],[-7.71603,38.35239],[-7.71428,38.3524],[-7.71076,38.35539],[-7.70607,38.35699],[-7.70572,38.35776],[-7.70226,38.35748],[-7.70069,38.35816],[-7.69779,38.35741],[-7.69607,38.35618],[-7.69402,38.3557],[-7.69309,38.35443],[-7.69029,38.35388],[-7.6888,38.35331],[-7.68735,38.35423],[-7.6862,38.3542],[-7.68409,38.35281],[-7.68309,38.35313],[-7.67967,38.35206],[-7.67759,38.35076],[-7.67608,38.35078],[-7.67449,38.35186],[-7.67283,38.35252],[-7.67179,38.35343],[-7.67038,38.35847],[-7.66852,38.35973],[-7.66661,38.35804],[-7.66475,38.35732],[-7.66465,38.35508],[-7.6632,38.35411],[-7.66219,38.35187],[-7.65907,38.34864],[-7.65857,38.3469],[-7.6554,38.34249],[-7.65312,38.33955],[-7.6527,38.33748],[-7.64958,38.33448],[-7.6497,38.33204],[-7.64923,38.33124],[-7.64592,38.32852],[-7.64279,38.32713],[-7.64488,38.3251],[-7.64525,38.3234],[-7.63464,38.324],[-7.63531,38.32161],[-7.63432,38.31987],[-7.63285,38.31913],[-7.62992,38.32092],[-7.62791,38.31899],[-7.62661,38.31822],[-7.62667,38.31666],[-7.62419,38.31184],[-7.62309,38.31034],[-7.62197,38.31034],[-7.61914,38.30771],[-7.61614,38.3054],[-7.61489,38.30316],[-7.61274,38.30234],[-7.61432,38.30166],[-7.61438,38.30029],[-7.6151,38.29825],[-7.61706,38.29613],[-7.61541,38.29506],[-7.61763,38.29397],[-7.61978,38.29399],[-7.62045,38.29243],[-7.62144,38.29134],[-7.62226,38.2895],[-7.6229,38.28617],[-7.62519,38.28472],[-7.62772,38.28219],[-7.63549,38.28364],[-7.63813,38.28244],[-7.63673,38.28037],[-7.63545,38.27958],[-7.6347,38.27823],[-7.63362,38.27803],[-7.63254,38.27658],[-7.62757,38.27411],[-7.62861,38.26961],[-7.62692,38.26792],[-7.62722,38.26551],[-7.62905,38.26345],[-7.62905,38.26165],[-7.63035,38.25984],[-7.63149,38.25929],[-7.6336,38.25744],[-7.63239,38.25743],[-7.63052,38.25646],[-7.62711,38.25546],[-7.6248,38.25505],[-7.6222,38.25504],[-7.61928,38.25447],[-7.61681,38.25604],[-7.61394,38.25505],[-7.61475,38.25266],[-7.61251,38.25122],[-7.6132,38.24972],[-7.61441,38.24886],[-7.6143,38.24809],[-7.6116,38.2457],[-7.61036,38.24511],[-7.60925,38.24393],[-7.60999,38.24186],[-7.60949,38.24091],[-7.61045,38.23927],[-7.61284,38.23799],[-7.61511,38.2345],[-7.61781,38.23325],[-7.61605,38.23286],[-7.61237,38.23139],[-7.61372,38.23003],[-7.61357,38.22642],[-7.6157,38.22616],[-7.61695,38.22564],[-7.62008,38.22702],[-7.62733,38.21897],[-7.63501,38.20952],[-7.63758,38.20888],[-7.63974,38.20715],[-7.64145,38.20677],[-7.64336,38.20717],[-7.64398,38.20682],[-7.64467,38.20495],[-7.64755,38.20527],[-7.64944,38.20412],[-7.65378,38.20395],[-7.65577,38.20334],[-7.66302,38.20149],[-7.66962,38.20022],[-7.67353,38.20253],[-7.67422,38.2032],[-7.67721,38.20404],[-7.67987,38.2045],[-7.67932,38.2058],[-7.68168,38.20656],[-7.68197,38.20737],[-7.6857,38.20698],[-7.68797,38.2079],[-7.68945,38.20976],[-7.6928,38.21058],[-7.69431,38.21149],[-7.69702,38.21155],[-7.69883,38.21129],[-7.70466,38.21218],[-7.70685,38.21295],[-7.71119,38.2141],[-7.71304,38.21498],[-7.71528,38.21649],[-7.7178,38.21863],[-7.72086,38.22039],[-7.72404,38.22192],[-7.72834,38.22577],[-7.73423,38.23058],[-7.73258,38.23203],[-7.73411,38.23338],[-7.73611,38.23425],[-7.73862,38.23493],[-7.74154,38.23674],[-7.74493,38.23833],[-7.7482,38.23902],[-7.75073,38.24115],[-7.75778,38.24549],[-7.75896,38.24655],[-7.76546,38.24808],[-7.76909,38.2483],[-7.77287,38.2483],[-7.77602,38.24864],[-7.77976,38.24849],[-7.78074,38.24876],[-7.78766,38.2537],[-7.79056,38.25482],[-7.79243,38.25331],[-7.79338,38.25331],[-7.79427,38.25219],[-7.79579,38.25115],[-7.79707,38.24946],[-7.79975,38.25021],[-7.80006,38.24953],[-7.80235,38.24942],[-7.8027,38.24795],[-7.80363,38.24626],[-7.80547,38.24555],[-7.80831,38.24519],[-7.81779,38.24462],[-7.81916,38.24688],[-7.81851,38.2477],[-7.81988,38.24865],[-7.82122,38.25196],[-7.82522,38.25441],[-7.82732,38.25431],[-7.82911,38.25237],[-7.83239,38.25225],[-7.83681,38.25286],[-7.8395,38.25177],[-7.84152,38.25416],[-7.84317,38.25527],[-7.84545,38.25749],[-7.84761,38.25825],[-7.85033,38.2582],[-7.85218,38.25906],[-7.85399,38.25943],[-7.85609,38.26203],[-7.85759,38.26233],[-7.85797,38.26348],[-7.86247,38.26488],[-7.8637,38.26572],[-7.86662,38.26338],[-7.8685,38.26399],[-7.86947,38.26471],[-7.87165,38.26726],[-7.87282,38.26948],[-7.87501,38.27061],[-7.87552,38.27133],[-7.87691,38.2712],[-7.88432,38.27578],[-7.88504,38.27644],[-7.88991,38.277],[-7.89084,38.2781],[-7.89289,38.27957],[-7.89672,38.28147],[-7.90025,38.28472],[-7.90196,38.28458],[-7.90368,38.28295],[-7.90553,38.28208],[-7.90623,38.27963],[-7.9075,38.27969],[-7.9096,38.28212],[-7.91063,38.28259],[-7.91135,38.28444],[-7.91014,38.28501],[-7.90793,38.28693],[-7.90961,38.2879],[-7.91158,38.28858],[-7.91634,38.29104],[-7.91937,38.29173],[-7.92276,38.29277],[-7.92959,38.2955],[-7.93105,38.29632],[-7.9358,38.30037],[-7.93691,38.30183],[-7.93911,38.30331],[-7.94155,38.30392],[-7.94269,38.30498],[-7.94372,38.30525],[-7.94711,38.30493],[-7.9487,38.30514],[-7.95198,38.30647],[-7.95658,38.30708],[-7.96187,38.30944],[-7.96439,38.31072],[-7.96915,38.31378],[-7.97364,38.31618],[-7.98052,38.31709],[-7.98126,38.31749],[-7.98245,38.31598],[-7.98458,38.31473],[-7.98617,38.31433],[-7.98828,38.3123],[-7.99398,38.30826],[-7.99455,38.30576],[-7.99568,38.30249],[-8.00239,38.30113],[-8.00968,38.29952],[-8.01029,38.3028],[-8.01268,38.30134],[-8.01728,38.3008],[-8.02049,38.30097],[-8.02446,38.3045],[-8.02981,38.30817],[-8.02915,38.30895],[-8.03688,38.31595],[-8.04024,38.32031],[-8.04178,38.32338],[-8.04363,38.32458],[-8.04364,38.32608],[-8.05175,38.32529],[-8.05508,38.32833],[-8.06115,38.32437],[-8.06421,38.32252],[-8.06558,38.32023],[-8.0672,38.31932],[-8.07197,38.31837],[-8.07574,38.32087],[-8.07748,38.3223],[-8.08542,38.32008],[-8.09842,38.32092],[-8.10132,38.32074],[-8.10314,38.32015],[-8.10536,38.32037],[-8.10656,38.31984],[-8.10883,38.31972],[-8.11011,38.3192],[-8.11149,38.31972],[-8.11469,38.31835],[-8.11779,38.31668],[-8.1198,38.31482],[-8.12185,38.31495],[-8.12538,38.31427],[-8.12707,38.3142],[-8.13095,38.31291],[-8.13379,38.31302],[-8.13521,38.31382],[-8.13885,38.31396],[-8.14095,38.31426],[-8.14218,38.31503],[-8.14394,38.31736],[-8.14583,38.32078],[-8.14644,38.3231],[-8.14775,38.32456],[-8.14953,38.32752],[-8.1512,38.32901],[-8.15247,38.32935],[-8.15644,38.32868],[-8.15836,38.32768],[-8.16185,38.32712],[-8.16203,38.32588],[-8.1604,38.32318],[-8.15954,38.32095],[-8.161,38.32005],[-8.16437,38.31984],[-8.16436,38.31932],[-8.16137,38.31787],[-8.15864,38.31457],[-8.15626,38.31241],[-8.15404,38.3101],[-8.15122,38.30633],[-8.1486,38.30402],[-8.14792,38.30272],[-8.14309,38.29784],[-8.1397,38.28809],[-8.13878,38.28441],[-8.13557,38.27813],[-8.13663,38.27444],[-8.1297,38.2663],[-8.13099,38.25579],[-8.12992,38.2518],[-8.13011,38.24789],[-8.12994,38.24417],[-8.13129,38.23116],[-8.12986,38.22399],[-8.12099,38.22313],[-8.12052,38.2195],[-8.12088,38.21308],[-8.11754,38.21288],[-8.11367,38.20989],[-8.11633,38.20882],[-8.11191,38.19376],[-8.11058,38.1915],[-8.10994,38.18987],[-8.11471,38.1876],[-8.11377,38.18543],[-8.10931,38.18191],[-8.10574,38.17822],[-8.10524,38.17707],[-8.10397,38.17061],[-8.10399,38.16824],[-8.10262,38.1649],[-8.10283,38.163],[-8.10209,38.16041],[-8.10231,38.15932],[-8.10176,38.15679],[-8.09922,38.15337],[-8.0973,38.15185],[-8.09654,38.15056],[-8.08502,38.1516],[-8.08182,38.15152],[-8.07792,38.15245],[-8.07034,38.15361],[-8.06781,38.15471],[-8.06087,38.15701],[-8.05938,38.15838],[-8.05682,38.15895],[-8.05542,38.15961],[-8.05248,38.16036],[-8.04894,38.16074],[-8.04642,38.16006],[-8.04389,38.16058],[-8.04027,38.15995],[-8.03681,38.16032],[-8.03463,38.16082],[-8.03258,38.16181],[-8.03153,38.16296],[-8.03025,38.16312],[-8.02844,38.16269],[-8.02648,38.16294],[-8.02383,38.16167],[-8.02244,38.16352],[-8.02054,38.16663],[-8.01822,38.17124],[-8.00975,38.17169],[-8.00572,38.16612],[-8.00426,38.16492],[-7.99632,38.17137],[-7.99432,38.16835],[-7.99343,38.16768],[-7.98771,38.16463],[-7.98377,38.16133],[-7.97706,38.1566],[-7.98259,38.15266],[-7.98421,38.1511],[-7.9936,38.1453],[-7.99858,38.14285],[-8.00299,38.14107],[-8.00331,38.13587],[-8.00282,38.12536],[-8.00129,38.12476],[-7.99964,38.12099],[-7.99415,38.12001],[-7.98792,38.11846],[-7.98138,38.11598],[-7.97627,38.11368],[-7.96238,38.10583],[-7.95811,38.11005],[-7.95408,38.11265],[-7.95105,38.11246],[-7.94538,38.11011],[-7.9404,38.11352],[-7.93888,38.11349],[-7.93747,38.11871],[-7.93295,38.12045],[-7.92222,38.1231],[-7.92016,38.12461],[-7.9176,38.12483],[-7.91532,38.12434],[-7.91325,38.12478],[-7.90604,38.13055],[-7.89903,38.13434],[-7.89207,38.12992],[-7.88728,38.12702],[-7.88696,38.12598],[-7.88373,38.12468],[-7.87911,38.12722],[-7.876,38.1302],[-7.87492,38.13371],[-7.87355,38.13305],[-7.87147,38.13337],[-7.86379,38.1342],[-7.86546,38.13583],[-7.86076,38.14408],[-7.85982,38.14658],[-7.85814,38.14985],[-7.85591,38.15019],[-7.8505,38.14986],[-7.84995,38.15121],[-7.84628,38.14937],[-7.84177,38.14779],[-7.84059,38.14784],[-7.8391,38.14687],[-7.8394,38.14972],[-7.83903,38.15206],[-7.83832,38.15983],[-7.83817,38.16259],[-7.83322,38.16105],[-7.83181,38.16039],[-7.82646,38.15923],[-7.82401,38.1583],[-7.81962,38.15798],[-7.81961,38.15693],[-7.81863,38.15547],[-7.81911,38.15468],[-7.8193,38.15058],[-7.82114,38.15093],[-7.82398,38.14299],[-7.8249,38.1373],[-7.82474,38.1363],[-7.82241,38.13609],[-7.81818,38.13438],[-7.81791,38.13339],[-7.82109,38.12764],[-7.8219,38.12443],[-7.8205,38.1239],[-7.81523,38.12034],[-7.81364,38.1186],[-7.81174,38.11821],[-7.81005,38.11502],[-7.80897,38.1121],[-7.80806,38.11083],[-7.8059,38.1093],[-7.8035,38.10866],[-7.8068,38.10452],[-7.80798,38.10515],[-7.81088,38.10484],[-7.81847,38.10335],[-7.82116,38.10415],[-7.82257,38.10034],[-7.81944,38.09935],[-7.80805,38.09632],[-7.80515,38.09395],[-7.81184,38.08787],[-7.80625,38.08235],[-7.80223,38.07695],[-7.80774,38.07341],[-7.80302,38.0674],[-7.79284,38.06512],[-7.78617,38.06435],[-7.78554,38.06407],[-7.7833,38.0657],[-7.78058,38.06653],[-7.77992,38.06876],[-7.78021,38.0696],[-7.77998,38.07166],[-7.77863,38.07324],[-7.77436,38.07963],[-7.77392,38.08394],[-7.77509,38.08374],[-7.77791,38.08424],[-7.77949,38.08355],[-7.7832,38.08362],[-7.78433,38.08404],[-7.7865,38.08559],[-7.7884,38.08577],[-7.78943,38.08635],[-7.79135,38.08629],[-7.79591,38.09175],[-7.78887,38.09278],[-7.78163,38.09463],[-7.77636,38.09632],[-7.77392,38.09639],[-7.7719,38.09677],[-7.77018,38.09163],[-7.77006,38.0899],[-7.7688,38.08555],[-7.76564,38.08562],[-7.76353,38.08662],[-7.76188,38.08646],[-7.75831,38.08809],[-7.75657,38.08812],[-7.75451,38.0896],[-7.75249,38.09041],[-7.75204,38.09133],[-7.74909,38.09427],[-7.74913,38.09571],[-7.74778,38.09669],[-7.74842,38.09878],[-7.74854,38.10084],[-7.74981,38.10517],[-7.74967,38.10884],[-7.75162,38.10763],[-7.75273,38.10644],[-7.75415,38.10878],[-7.75504,38.10958],[-7.75241,38.11228],[-7.7498,38.11384],[-7.74731,38.1146],[-7.74418,38.11684],[-7.74086,38.11566],[-7.73684,38.11842],[-7.7348,38.11813],[-7.7329,38.1188],[-7.7308,38.11907],[-7.72921,38.12019],[-7.7276,38.12057],[-7.72695,38.12015],[-7.72666,38.11859],[-7.72472,38.11815],[-7.72192,38.11941],[-7.72087,38.11942],[-7.7188,38.11826],[-7.71757,38.11814],[-7.71468,38.12008],[-7.71181,38.11924],[-7.71081,38.11817],[-7.70974,38.11577],[-7.70778,38.11545],[-7.70674,38.1147],[-7.70444,38.11211],[-7.70297,38.10992],[-7.70136,38.10831],[-7.69919,38.10785],[-7.69635,38.1085],[-7.69504,38.10821],[-7.69572,38.10644],[-7.69499,38.10502],[-7.69162,38.10261],[-7.68789,38.1011],[-7.68429,38.09994],[-7.67985,38.09987],[-7.67857,38.09841],[-7.67715,38.09792],[-7.67673,38.09597],[-7.6738,38.09291],[-7.67267,38.09266],[-7.67048,38.0937],[-7.66952,38.09352],[-7.66842,38.09121],[-7.66778,38.08865],[-7.66605,38.0878],[-7.66481,38.08825],[-7.66275,38.08766],[-7.65891,38.08738],[-7.65289,38.08416],[-7.652,38.08311],[-7.64927,38.08087],[-7.64678,38.07918],[-7.64575,38.07896],[-7.64261,38.07666],[-7.64018,38.07462],[-7.63775,38.07226],[-7.63469,38.06798],[-7.6327,38.06357],[-7.63266,38.06168],[-7.63367,38.0612],[-7.63483,38.05952],[-7.6373,38.05714],[-7.63874,38.05678],[-7.6441,38.05744],[-7.64769,38.05763],[-7.65053,38.05697],[-7.65192,38.05551],[-7.65241,38.05397],[-7.6522,38.05292],[-7.65034,38.04895],[-7.64949,38.04642],[-7.64849,38.04432],[-7.64828,38.04302],[-7.64608,38.03926],[-7.6443,38.03474],[-7.64344,38.03016],[-7.64322,38.02799],[-7.64382,38.02639],[-7.64261,38.02456],[-7.64302,38.0222],[-7.64252,38.01898],[-7.64196,38.01741],[-7.64244,38.01667],[-7.64189,38.0138],[-7.64215,38.01303],[-7.64172,38.0093],[-7.64195,38.0065],[-7.64167,38.00486],[-7.64188,38.00096],[-7.64153,37.99625],[-7.64183,37.99325],[-7.64282,37.99132],[-7.64506,37.98992],[-7.6501,37.98557],[-7.65219,37.98225],[-7.65402,37.98104],[-7.6603,37.9793],[-7.66216,37.97806],[-7.66285,37.97646],[-7.66303,37.97344],[-7.66489,37.96973],[-7.66556,37.967],[-7.66714,37.96394],[-7.66845,37.96235],[-7.67041,37.958],[-7.6714,37.95443],[-7.67339,37.95095],[-7.67558,37.94814],[-7.67933,37.94457],[-7.68134,37.94226],[-7.68233,37.94031],[-7.68172,37.93847],[-7.67807,37.93356],[-7.6764,37.93018],[-7.67557,37.92967],[-7.67326,37.93005],[-7.67146,37.92928],[-7.66774,37.92647],[-7.66162,37.92029],[-7.65519,37.91767],[-7.64965,37.91412],[-7.64664,37.9118],[-7.64435,37.90933],[-7.6419,37.9085],[-7.64058,37.90628],[-7.63996,37.90458],[-7.64036,37.90325],[-7.64361,37.90033],[-7.64523,37.89921],[-7.64668,37.89866],[-7.64924,37.89851],[-7.65176,37.89787],[-7.65326,37.89688],[-7.65494,37.89484],[-7.6554,37.89345],[-7.65544,37.88766],[-7.65454,37.88545],[-7.65366,37.88432],[-7.65256,37.88203],[-7.65164,37.87865],[-7.65116,37.8717],[-7.65024,37.86633],[-7.64899,37.86231],[-7.64854,37.85694],[-7.64752,37.85422],[-7.64758,37.85017],[-7.64837,37.84355],[-7.64803,37.84207],[-7.64811,37.8383],[-7.64779,37.83341],[-7.64685,37.83117],[-7.64648,37.82669],[-7.64659,37.82477],[-7.64609,37.82133],[-7.64441,37.81883],[-7.64061,37.81633],[-7.63969,37.81524],[-7.63764,37.8149],[-7.63537,37.81363],[-7.63342,37.81192],[-7.63292,37.81026],[-7.63313,37.8094],[-7.63288,37.80544],[-7.63359,37.80257],[-7.63518,37.80157],[-7.63634,37.79899],[-7.63907,37.7961],[-7.64047,37.7941],[-7.64175,37.79056],[-7.64182,37.78853],[-7.64247,37.78591],[-7.64239,37.78491],[-7.64293,37.78239],[-7.64282,37.78065],[-7.64308,37.77698],[-7.64294,37.77522],[-7.64328,37.7734],[-7.64335,37.76961],[-7.64434,37.767],[-7.64546,37.76478],[-7.64817,37.76078],[-7.64953,37.75744],[-7.6495,37.75559],[-7.64872,37.75393],[-7.64732,37.75296],[-7.64357,37.7498],[-7.63944,37.74597],[-7.63651,37.74611],[-7.63451,37.74764],[-7.63222,37.74755],[-7.63195,37.749],[-7.62805,37.74932],[-7.62742,37.75252],[-7.62629,37.7523],[-7.62573,37.75323],[-7.62306,37.75302],[-7.62316,37.7544],[-7.6218,37.75506],[-7.61837,37.75424],[-7.61821,37.75293],[-7.61739,37.75233],[-7.6156,37.7526],[-7.61518,37.75427],[-7.61407,37.7549],[-7.61284,37.75388],[-7.6115,37.75412],[-7.60998,37.75639],[-7.60862,37.75584],[-7.60686,37.75657],[-7.60634,37.75783],[-7.60658,37.75883],[-7.60558,37.75937],[-7.60397,37.75896],[-7.60256,37.75967],[-7.60069,37.75884],[-7.59976,37.76113],[-7.59822,37.76129],[-7.59817,37.76242],[-7.59647,37.76304],[-7.59542,37.76523],[-7.59402,37.76464],[-7.59276,37.76492],[-7.59281,37.76685],[-7.59107,37.76735],[-7.5881,37.76622],[-7.5875,37.76664],[-7.58769,37.76813],[-7.58627,37.76918],[-7.58632,37.77078],[-7.58712,37.77109],[-7.58463,37.77279],[-7.5816,37.77428],[-7.57822,37.77489],[-7.57666,37.77492],[-7.57401,37.77366],[-7.57289,37.77425],[-7.57165,37.77347],[-7.57074,37.77171],[-7.56931,37.7716],[-7.56743,37.77231],[-7.56509,37.77185],[-7.56358,37.772],[-7.56276,37.7708],[-7.56126,37.76971],[-7.56024,37.7681],[-7.55861,37.76777],[-7.55741,37.76867],[-7.55564,37.7676],[-7.5527,37.76728],[-7.55205,37.76768],[-7.54956,37.76742],[-7.5487,37.76656],[-7.54912,37.76578],[-7.54868,37.76387],[-7.54669,37.76378],[-7.54643,37.76476],[-7.54493,37.76458],[-7.5428,37.76267],[-7.54212,37.76343],[-7.54019,37.76318],[-7.54,37.76212],[-7.53696,37.76314],[-7.53546,37.76227],[-7.53389,37.76367],[-7.53316,37.76493],[-7.53151,37.76501],[-7.53168,37.76603],[-7.53038,37.76896],[-7.52864,37.7685],[-7.52802,37.76914],[-7.52897,37.77074],[-7.52709,37.77168],[-7.52822,37.77335],[-7.52631,37.77439],[-7.52522,37.77327],[-7.52313,37.77319],[-7.52224,37.77446],[-7.52085,37.7742],[-7.52042,37.77547],[-7.51884,37.77539],[-7.51926,37.77431],[-7.51842,37.77374],[-7.51696,37.77182],[-7.51751,37.77088],[-7.51586,37.77006],[-7.51441,37.77011],[-7.5141,37.77144],[-7.51208,37.77188],[-7.51159,37.77104],[-7.50856,37.76971],[-7.50713,37.76873],[-7.50493,37.76846],[-7.5031,37.76895],[-7.49997,37.76877],[-7.49759,37.76976],[-7.49416,37.76991],[-7.49229,37.7712],[-7.4917,37.77054],[-7.49138,37.76886],[-7.48942,37.76766],[-7.4902,37.76447],[-7.48818,37.76374],[-7.48941,37.76228],[-7.489,37.76158],[-7.48748,37.76161],[-7.48519,37.76084],[-7.4853,37.7592],[-7.48482,37.75855],[-7.48294,37.75969],[-7.4808,37.75994],[-7.48062,37.75803],[-7.47708,37.75597],[-7.47471,37.75663],[-7.4704,37.75455],[-7.46687,37.75419],[-7.46384,37.75257],[-7.46034,37.75233],[-7.4574,37.75123],[-7.45582,37.7493],[-7.45627,37.74853],[-7.45581,37.74673],[-7.45338,37.74558],[-7.45287,37.74435],[-7.45119,37.74418],[-7.45121,37.7435],[-7.44926,37.74259],[-7.44754,37.7412],[-7.44535,37.74174],[-7.44239,37.74122],[-7.44058,37.74212],[-7.43857,37.74227],[-7.43586,37.74298],[-7.43385,37.74316],[-7.4309,37.7426],[-7.43044,37.74295],[-7.4275,37.74166],[-7.41963,37.7436],[-7.41844,37.74499],[-7.41835,37.74679],[-7.41901,37.74915],[-7.42213,37.75361],[-7.42276,37.75499],[-7.4212,37.75918],[-7.41939,37.75967],[-7.41541,37.75915],[-7.41324,37.75995],[-7.41151,37.76132],[-7.40973,37.7633],[-7.4094,37.76438],[-7.40957,37.76649],[-7.40836,37.76745],[-7.40664,37.76763],[-7.403,37.76696],[-7.40161,37.7663],[-7.39857,37.76413],[-7.39686,37.76432],[-7.39574,37.76505],[-7.3918,37.7707],[-7.38845,37.77293],[-7.38705,37.77351],[-7.38431,37.7741],[-7.38224,37.77531],[-7.38119,37.77705],[-7.38035,37.78001],[-7.37918,37.7822],[-7.37684,37.78374],[-7.37053,37.78587],[-7.36851,37.78767],[-7.36684,37.79186],[-7.36604,37.79282],[-7.36399,37.79341],[-7.36089,37.79354],[-7.359,37.79531],[-7.35754,37.79805],[-7.35642,37.79926],[-7.35286,37.80031],[-7.34922,37.80232],[-7.34664,37.8056],[-7.34151,37.80676],[-7.33758,37.81005],[-7.33534,37.81143],[-7.33269,37.81267],[-7.32754,37.81403],[-7.32422,37.81582],[-7.32128,37.81907],[-7.32028,37.82371],[-7.32044,37.82539],[-7.3222,37.83007],[-7.32303,37.83283],[-7.3254,37.83955],[-7.32832,37.84733],[-7.33218,37.85811],[-7.33439,37.86496],[-7.33672,37.87257],[-7.33807,37.87623],[-7.3389,37.87902],[-7.34007,37.88198],[-7.34442,37.89435],[-7.34563,37.89808],[-7.34738,37.90262],[-7.35145,37.91406],[-7.34989,37.91515],[-7.34909,37.91665],[-7.34487,37.91678],[-7.34264,37.91753],[-7.34199,37.91864],[-7.34306,37.91977],[-7.34298,37.92382],[-7.34441,37.92431],[-7.34507,37.92851],[-7.34577,37.92898],[-7.3468,37.9317],[-7.34882,37.93116],[-7.35037,37.93155],[-7.35229,37.9336],[-7.35311,37.93518],[-7.35443,37.93663],[-7.35763,37.93526],[-7.35855,37.93695],[-7.36046,37.93604],[-7.36269,37.93926],[-7.35852,37.94102],[-7.35941,37.94727],[-7.36038,37.95053],[-7.36075,37.95259],[-7.36218,37.95627],[-7.36345,37.95816],[-7.35964,37.96473],[-7.3539,37.96679],[-7.35017,37.97059],[-7.34778,37.97414],[-7.34358,37.97779],[-7.3396,37.98349],[-7.34224,37.98945],[-7.34222,37.99142],[-7.34516,37.99914],[-7.34729,37.99976],[-7.351,38.00326],[-7.35143,38.00432],[-7.35331,38.00523],[-7.3539,38.00647],[-7.35543,38.00506],[-7.35481,38.00434],[-7.35639,38.00333],[-7.35837,38.00445],[-7.35548,38.00792],[-7.35438,38.00894],[-7.36062,38.01397],[-7.36016,38.0173],[-7.36341,38.02005],[-7.35973,38.02362],[-7.35509,38.03007],[-7.35151,38.03438],[-7.3494,38.03643],[-7.34438,38.04091],[-7.34887,38.04233],[-7.35253,38.04552],[-7.35287,38.05837],[-7.35288,38.0613],[-7.35426,38.06207],[-7.3459,38.06909],[-7.34181,38.07284],[-7.33876,38.07582],[-7.33665,38.07919],[-7.33452,38.0802],[-7.33238,38.08219],[-7.32862,38.08508],[-7.32779,38.08662],[-7.32585,38.08864],[-7.32376,38.0902],[-7.32116,38.09177],[-7.31899,38.09389],[-7.31635,38.097],[-7.31345,38.09866],[-7.3123,38.09754],[-7.31068,38.09475],[-7.3105,38.09384],[-7.30808,38.09115],[-7.30535,38.08933],[-7.30322,38.08714],[-7.30234,38.08557],[-7.29929,38.08849],[-7.2974,38.08997],[-7.28817,38.09537],[-7.28703,38.10335],[-7.2852,38.10296],[-7.28283,38.10321],[-7.28049,38.10592],[-7.27933,38.10797],[-7.27411,38.10851],[-7.27235,38.10656],[-7.26998,38.1046],[-7.26786,38.10651],[-7.267,38.10479],[-7.26718,38.10305],[-7.26848,38.1015],[-7.27296,38.10026],[-7.27586,38.09708],[-7.27827,38.09175],[-7.27993,38.08751],[-7.27366,38.08679],[-7.26949,38.08489],[-7.26892,38.08379],[-7.26709,38.08257],[-7.26279,38.08215],[-7.26114,38.08064],[-7.2605,38.07955],[-7.25824,38.07768],[-7.25287,38.07504],[-7.25163,38.07394],[-7.25385,38.07279],[-7.25412,38.07118],[-7.25277,38.06663],[-7.25066,38.06678],[-7.24848,38.06729],[-7.24717,38.06704],[-7.24375,38.06953],[-7.24347,38.07026],[-7.24082,38.07234],[-7.23934,38.07446],[-7.23757,38.0759],[-7.2372,38.07701],[-7.23574,38.0769],[-7.23534,38.07453],[-7.2343,38.07096],[-7.22843,38.07119],[-7.22782,38.06947],[-7.22648,38.06965],[-7.22569,38.07117],[-7.22357,38.0704],[-7.22234,38.06941],[-7.22365,38.06843],[-7.22266,38.06715],[-7.21966,38.06619],[-7.21617,38.06612],[-7.21414,38.06641],[-7.21297,38.06452],[-7.20775,38.06268],[-7.20827,38.06205],[-7.2051,38.05822],[-7.20484,38.0567],[-7.20633,38.0552],[-7.20761,38.05264],[-7.20948,38.05022],[-7.21129,38.05093],[-7.21176,38.05028],[-7.21016,38.04968],[-7.2122,38.0468],[-7.21405,38.04478],[-7.21517,38.04517],[-7.21624,38.04356],[-7.2141,38.04329],[-7.2118,38.0417],[-7.20919,38.0412],[-7.20769,38.03851],[-7.21142,38.03815],[-7.21507,38.0368],[-7.21822,38.03719],[-7.22123,38.03673],[-7.22331,38.03751],[-7.22619,38.03756],[-7.22564,38.03617],[-7.2229,38.03266],[-7.22176,38.03205],[-7.2189,38.03156],[-7.2179,38.03223],[-7.21549,38.03252],[-7.21384,38.03217],[-7.2103,38.03082],[-7.20555,38.02997],[-7.20405,38.02992],[-7.20293,38.02898],[-7.20267,38.02779],[-7.20135,38.02663],[-7.19942,38.0266],[-7.19783,38.02559],[-7.19522,38.02306],[-7.19489,38.02108],[-7.19268,38.01899],[-7.19392,38.01754],[-7.19181,38.01659],[-7.19255,38.01551],[-7.19189,38.01414],[-7.19244,38.01311],[-7.19187,38.01151],[-7.19068,38.01152],[-7.19004,38.0098],[-7.18869,38.00849],[-7.18651,38.00559],[-7.18701,38.00494],[-7.18706,38.00301],[-7.18646,38.00245],[-7.18542,37.99972],[-7.18392,37.99878],[-7.18403,37.99761],[-7.18328,37.99706],[-7.18101,37.99823],[-7.17998,37.9975],[-7.17831,37.99838],[-7.17751,37.99832],[-7.17671,37.99666],[-7.17458,37.99566],[-7.17376,37.99339],[-7.17124,37.99364],[-7.16977,37.99453],[-7.16801,37.99478],[-7.16514,37.99601],[-7.16501,37.99499],[-7.16389,37.99494],[-7.16317,37.99406],[-7.16221,37.99509],[-7.16032,37.99529],[-7.15852,37.99389],[-7.1573,37.99456],[-7.15611,37.99393],[-7.15387,37.99562],[-7.15274,37.99703],[-7.15132,37.99735],[-7.15025,37.99836],[-7.14998,38.00085],[-7.14767,38.00208],[-7.1455,38.00281],[-7.14361,38.00212],[-7.14125,38.00056],[-7.13901,38.00015],[-7.13694,37.9992],[-7.13463,38.00037],[-7.13294,38.00001],[-7.13201,38.00118],[-7.12893,38.00169],[-7.12867,38.00231],[-7.1251,38.00425],[-7.12253,38.00414],[-7.12079,38.00527],[-7.12271,38.00602],[-7.12347,38.00806],[-7.12736,38.00941],[-7.12915,38.01084],[-7.12906,38.01309],[-7.1282,38.01423],[-7.12875,38.01532],[-7.12803,38.01817],[-7.12784,38.01992],[-7.13009,38.02001],[-7.13199,38.02152],[-7.13129,38.02262],[-7.12847,38.02203],[-7.12703,38.02235],[-7.12557,38.02344],[-7.12498,38.02511],[-7.12697,38.02621],[-7.12726,38.02701],[-7.12858,38.02743],[-7.12822,38.02992],[-7.12706,38.03066],[-7.12548,38.03037],[-7.12336,38.03203],[-7.12096,38.0326],[-7.12008,38.03214],[-7.1193,38.03068],[-7.11755,38.03254],[-7.11633,38.0319],[-7.11413,38.03544],[-7.11575,38.03596],[-7.11459,38.03716],[-7.11269,38.03773],[-7.1112,38.03733],[-7.11087,38.0363],[-7.10929,38.0377],[-7.10912,38.03984],[-7.10836,38.04098],[-7.10627,38.04102],[-7.10524,38.0417],[-7.10365,38.04102],[-7.10254,38.04223],[-7.09887,38.0439],[-7.09559,38.04292],[-7.095,38.04167],[-7.09337,38.0419],[-7.09315,38.04036],[-7.0907,38.04032],[-7.09049,38.03841],[-7.08809,38.03804],[-7.08585,38.03725],[-7.08401,38.03614],[-7.08244,38.03604],[-7.08142,38.03512],[-7.08022,38.03508],[-7.07921,38.03414],[-7.07731,38.03368],[-7.0758,38.03377],[-7.07545,38.03236],[-7.07393,38.03233],[-7.07136,38.03408],[-7.06925,38.03328],[-7.06718,38.03352],[-7.0673,38.03249],[-7.06822,38.03109],[-7.06746,38.03009],[-7.0666,38.02741],[-7.06555,38.02852],[-7.06386,38.02835],[-7.06222,38.02693],[-7.0621,38.02593],[-7.06405,38.02263],[-7.06345,38.01976],[-7.06172,38.01834],[-7.05939,38.01749],[-7.0573,38.01906],[-7.05467,38.01907],[-7.054,38.01846],[-7.05205,38.01894],[-7.04962,38.0175],[-7.04739,38.01747],[-7.04615,38.01495],[-7.0447,38.01429],[-7.04219,38.01712],[-7.04097,38.01756],[-7.03847,38.01747],[-7.03706,38.01869],[-7.03585,38.01909],[-7.03473,38.02037],[-7.032,38.02124],[-7.03057,38.02277],[-7.02789,38.02326],[-7.02706,38.02409],[-7.02432,38.02512],[-7.02224,38.02464],[-7.0197,38.02245],[-7.0162,38.02154],[-7.01359,38.02127],[-7.01042,38.02146],[-7.00779,38.021],[-7.00649,38.02235],[-7.00435,38.02319],[-7.00248,38.02272],[-7.00248,38.02829],[-7.00313,38.03014],[-7.0019,38.03128],[-7.00134,38.03295],[-6.99916,38.03506],[-6.99947,38.03731],[-7.00128,38.03953],[-7.00148,38.04102],[-7.00268,38.04263],[-7.00265,38.04391],[-7.0002,38.04944],[-6.99725,38.05126],[-6.99506,38.05199],[-6.99247,38.05342],[-6.99071,38.05467],[-6.9902,38.05549],[-6.99052,38.05757],[-6.98982,38.05894],[-6.99009,38.06118],[-6.99109,38.06427],[-6.99043,38.06545],[-6.99096,38.06667],[-6.99029,38.06968],[-6.98935,38.07109],[-6.98918,38.07265],[-6.98764,38.0747],[-6.98859,38.07787],[-6.98853,38.07969],[-6.98922,38.08088],[-6.98911,38.08304],[-6.98978,38.08517],[-6.98929,38.0877],[-6.99004,38.08978],[-6.98991,38.09182],[-6.98917,38.09444],[-6.98978,38.09636],[-6.98886,38.09808],[-6.98745,38.10395],[-6.98509,38.10284],[-6.98231,38.10299],[-6.98138,38.10394],[-6.97897,38.10497],[-6.97776,38.10439],[-6.97671,38.10476],[-6.97561,38.10431],[-6.97507,38.10578],[-6.97574,38.10675],[-6.97526,38.1082],[-6.97305,38.10905],[-6.97094,38.11065],[-6.97245,38.11484],[-6.9713,38.11635],[-6.97145,38.11734],[-6.96983,38.11969],[-6.97034,38.12065],[-6.96889,38.12146],[-6.96793,38.12258],[-6.96819,38.12409],[-6.96736,38.12627],[-6.96493,38.12817],[-6.96678,38.12921],[-6.96517,38.12997],[-6.96419,38.13092],[-6.96499,38.13151],[-6.96676,38.13116],[-6.96683,38.13208],[-6.96615,38.13382],[-6.96332,38.13288],[-6.96171,38.13276],[-6.95918,38.13381],[-6.95856,38.13626],[-6.95756,38.13802],[-6.96041,38.13858],[-6.96154,38.14036],[-6.96101,38.1421],[-6.95832,38.14552],[-6.9582,38.14808],[-6.95895,38.14964],[-6.9588,38.15043],[-6.95756,38.15109],[-6.9548,38.15101],[-6.95299,38.15175],[-6.95227,38.15323],[-6.953,38.1542],[-6.95728,38.15618],[-6.95885,38.15639],[-6.96181,38.15554],[-6.96259,38.15461],[-6.96458,38.15738],[-6.9689,38.16003],[-6.96895,38.16161],[-6.96812,38.16375],[-6.96903,38.16568],[-6.96768,38.16787],[-6.96547,38.16806],[-6.96457,38.16955],[-6.96412,38.17155],[-6.96303,38.17322],[-6.96156,38.17696],[-6.95723,38.18188],[-6.9567,38.18327],[-6.95268,38.18714],[-6.95064,38.1883],[-6.94892,38.18882],[-6.94736,38.19055],[-6.94149,38.19412],[-6.9382,38.1983],[-6.93513,38.20036],[-6.93408,38.20189],[-6.93316,38.20559],[-6.93174,38.20838],[-6.93373,38.20841],[-6.93456,38.20715],[-6.93742,38.2068],[-6.93845,38.20762],[-6.9386,38.21139],[-6.93773,38.21362],[-6.9378,38.21477],[-6.93721,38.21667],[-6.93596,38.21888],[-6.9362,38.22046],[-6.9374,38.22052],[-6.93813,38.21974],[-6.94219,38.21838],[-6.94527,38.21475],[-6.94652,38.21194],[-6.94978,38.21241],[-6.94993,38.21335],[-6.94807,38.21528],[-6.94734,38.2169],[-6.94857,38.21775],[-6.9513,38.21777],[-6.95464,38.21688],[-6.95628,38.21704],[-6.9572,38.21649],[-6.95836,38.21465],[-6.96051,38.21307],[-6.96783,38.20652],[-6.96834,38.20488],[-6.97193,38.20242],[-6.97298,38.2027],[-6.97713,38.20594],[-6.97855,38.20761],[-6.98033,38.21122],[-6.9833,38.21129],[-6.98401,38.21006],[-6.98802,38.20821],[-6.99031,38.2066],[-6.99267,38.2057],[-6.99544,38.20386],[-7.00208,38.20322],[-7.00351,38.20361],[-7.00514,38.20477],[-7.00773,38.20505],[-7.01129,38.20461],[-7.01208,38.20336],[-7.01026,38.20112],[-7.0096,38.19813],[-7.01069,38.19588],[-7.01304,38.19581],[-7.0157,38.19744],[-7.01666,38.19736],[-7.01762,38.19607],[-7.01695,38.19352],[-7.01748,38.19156],[-7.01997,38.18982],[-7.02159,38.18812],[-7.02137,38.18698],[-7.02266,38.1855],[-7.02575,38.18433],[-7.02866,38.18269],[-7.03289,38.1837],[-7.03637,38.18549],[-7.03738,38.18647],[-7.04387,38.18714],[-7.04562,38.18514],[-7.04652,38.18253],[-7.04766,38.18123],[-7.04917,38.18031],[-7.05115,38.17961],[-7.05503,38.1803],[-7.0565,38.18023],[-7.05923,38.17777],[-7.06023,38.1789],[-7.05958,38.18032],[-7.05702,38.18182],[-7.05529,38.18323],[-7.05668,38.18594],[-7.058,38.18667],[-7.06276,38.18593],[-7.06559,38.18666],[-7.06704,38.18566],[-7.06532,38.18285],[-7.06591,38.18143],[-7.06616,38.17937],[-7.06816,38.17783],[-7.07388,38.17701],[-7.07802,38.17505],[-7.08441,38.16953],[-7.08569,38.16945],[-7.08679,38.17096],[-7.087,38.17421],[-7.0885,38.17745],[-7.08936,38.17857],[-7.09273,38.1792],[-7.09707,38.17908],[-7.09964,38.18061],[-7.10149,38.18325],[-7.10222,38.18588],[-7.10298,38.18701],[-7.10795,38.18812],[-7.1076,38.18877],[-7.10849,38.19001],[-7.10727,38.19043],[-7.10724,38.19133],[-7.10842,38.19206],[-7.10754,38.19279],[-7.10832,38.19379],[-7.10958,38.19348],[-7.10955,38.19484],[-7.11076,38.19575],[-7.11109,38.19943],[-7.11232,38.20173],[-7.11378,38.20329],[-7.11301,38.20506],[-7.11335,38.20678],[-7.11558,38.20649],[-7.11729,38.20864],[-7.11708,38.20945],[-7.11789,38.2112],[-7.11713,38.21218],[-7.11744,38.21394],[-7.12236,38.21842],[-7.12432,38.22215],[-7.12916,38.22872],[-7.13122,38.23052],[-7.13981,38.2362],[-7.14016,38.23729],[-7.14296,38.24054],[-7.14293,38.24321],[-7.14403,38.24631],[-7.14355,38.24903],[-7.14474,38.25017],[-7.14499,38.25118],[-7.14412,38.25236],[-7.14391,38.25409],[-7.14281,38.25553],[-7.14504,38.25701],[-7.14526,38.25815],[-7.14475,38.2594],[-7.14377,38.25983],[-7.1433,38.26195],[-7.14512,38.26347],[-7.14733,38.26276],[-7.14617,38.26503],[-7.14764,38.26682],[-7.14709,38.26901],[-7.14752,38.26986],[-7.14871,38.27032],[-7.15023,38.27008],[-7.15036,38.26831],[-7.152,38.2673],[-7.15287,38.26773],[-7.15344,38.27079],[-7.15193,38.27227],[-7.15316,38.27287],[-7.15296,38.2743],[-7.15095,38.27508],[-7.15166,38.27615],[-7.15554,38.27612],[-7.15532,38.27863],[-7.15605,38.27904],[-7.15905,38.2795],[-7.16134,38.27947],[-7.16359,38.2812],[-7.16467,38.28142],[-7.16645,38.28061],[-7.16808,38.27916],[-7.16972,38.27991],[-7.16835,38.28293],[-7.16872,38.28483],[-7.17183,38.28547],[-7.17556,38.28873],[-7.17845,38.29262],[-7.18266,38.29605],[-7.18347,38.2978],[-7.18701,38.30234],[-7.18777,38.3041],[-7.19169,38.30893],[-7.19799,38.31918],[-7.19988,38.32299],[-7.20076,38.32709],[-7.20185,38.32862],[-7.21393,38.34025],[-7.21989,38.34317],[-7.23153,38.35596],[-7.24595,38.3677],[-7.25076,38.37283],[-7.25575,38.37943],[-7.25941,38.38227],[-7.26791,38.39114],[-7.27248,38.39717],[-7.27418,38.40034],[-7.27564,38.40518],[-7.27806,38.40964],[-7.27885,38.41256],[-7.28049,38.41503],[-7.28002,38.41902],[-7.28062,38.42041],[-7.28377,38.41922],[-7.28439,38.4199],[-7.28378,38.42174],[-7.28562,38.42375],[-7.2882,38.42299],[-7.28963,38.42504],[-7.29117,38.42421],[-7.29265,38.42445],[-7.29258,38.42562],[-7.2937,38.42662],[-7.29214,38.4271],[-7.29427,38.42842],[-7.29522,38.42805],[-7.29504,38.4262],[-7.30011,38.42573],[-7.30077,38.42918],[-7.30248,38.43002],[-7.30363,38.43209],[-7.30507,38.43129],[-7.30713,38.4309],[-7.30801,38.43323],[-7.30943,38.43411],[-7.31103,38.43445],[-7.31077,38.43552],[-7.31164,38.43616],[-7.31338,38.43525],[-7.31503,38.43539],[-7.31427,38.4365],[-7.31551,38.43891],[-7.31664,38.43988],[-7.32069,38.43905],[-7.32226,38.44025],[-7.32432,38.43954],[-7.32829,38.43886],[-7.32787,38.43789],[-7.3293,38.43644],[-7.3304,38.43793],[-7.33286,38.43679],[-7.3342,38.43462],[-7.33675,38.43464],[-7.34161,38.43011],[-7.34289,38.43091],[-7.34282,38.43275],[-7.34332,38.43335],[-7.34225,38.4361],[-7.34245,38.43692],[-7.341,38.43866],[-7.34144,38.43933],[-7.33986,38.44053],[-7.3394,38.44168],[-7.3401,38.4439],[-7.34111,38.44451],[-7.34246,38.44411],[-7.34329,38.44533],[-7.341,38.44546],[-7.34087,38.44639],[-7.33902,38.44702],[-7.33786,38.44867],[-7.34088,38.44855],[-7.34237,38.44873],[-7.34345,38.44972],[-7.34332,38.45045],[-7.33954,38.45155],[-7.34248,38.45523],[-7.34285,38.45811],[-7.34108,38.45832],[-7.34248,38.46013],[-7.34243,38.46206],[-7.34103,38.46292],[-7.34155,38.46514],[-7.34064,38.46909],[-7.34139,38.47011],[-7.34439,38.46977],[-7.34648,38.47066],[-7.34737,38.46958],[-7.3495,38.46928],[-7.3516,38.46801],[-7.35283,38.46831],[-7.35303,38.46959],[-7.34952,38.47033],[-7.34872,38.47112],[-7.34979,38.47517],[-7.35096,38.47693],[-7.35073,38.47789],[-7.34717,38.47914],[-7.34658,38.47975],[-7.34803,38.48103],[-7.34823,38.48206],[-7.34557,38.48335],[-7.34542,38.48437],[-7.34621,38.48578],[-7.34477,38.48659],[-7.34436,38.4877],[-7.34559,38.48887],[-7.34569,38.49128],[-7.34631,38.49206],[-7.34865,38.49304],[-7.34948,38.49406],[-7.35359,38.49772],[-7.35455,38.4982],[-7.35636,38.50102],[-7.35831,38.5014],[-7.36005,38.50407],[-7.36254,38.50589],[-7.36409,38.50842],[-7.36551,38.50931],[-7.36584,38.50725],[-7.36744,38.50573],[-7.36806,38.50462],[-7.37047,38.50461],[-7.3721,38.50556],[-7.37305,38.50667],[-7.37239,38.50907],[-7.37321,38.51099],[-7.37443,38.51056],[-7.37606,38.51161],[-7.37431,38.51291],[-7.3724,38.51279],[-7.37236,38.51418],[-7.37405,38.51433],[-7.37629,38.5151],[-7.37726,38.51593],[-7.37944,38.51927],[-7.38181,38.52218],[-7.38385,38.52513],[-7.38384,38.526],[-7.38504,38.52764],[-7.38762,38.52959],[-7.38573,38.53277],[-7.38776,38.53493],[-7.39206,38.53865],[-7.39387,38.53905],[-7.39714,38.54331],[-7.39578,38.54476],[-7.39659,38.54594],[-7.39327,38.54731],[-7.39307,38.54851],[-7.39082,38.55071],[-7.39394,38.55364],[-7.39663,38.55723],[-7.39778,38.5585],[-7.39522,38.55927],[-7.39244,38.5598],[-7.38901,38.56191],[-7.38713,38.56337],[-7.38551,38.56371],[-7.38397,38.56484],[-7.38554,38.56765],[-7.38793,38.57049],[-7.3915,38.57283],[-7.39305,38.57451],[-7.38748,38.57765],[-7.3855,38.57835],[-7.38379,38.57942],[-7.38309,38.58129],[-7.3841,38.58236],[-7.38321,38.58305],[-7.3829,38.5845],[-7.3819,38.58429],[-7.38046,38.5857],[-7.37841,38.58689],[-7.37866,38.5888],[-7.37941,38.59005],[-7.37371,38.59067],[-7.37189,38.5903],[-7.36828,38.58728],[-7.36513,38.58658],[-7.36502,38.5893],[-7.36264,38.5931],[-7.36225,38.59555],[-7.3607,38.59705],[-7.36067,38.59787],[-7.3581,38.59939],[-7.3575,38.6006],[-7.35664,38.60095],[-7.35407,38.60325],[-7.35012,38.60303],[-7.34908,38.60129],[-7.34476,38.59861],[-7.34019,38.59398],[-7.33722,38.59118],[-7.33624,38.58986],[-7.33533,38.58768],[-7.33354,38.58617],[-7.33162,38.58523],[-7.32913,38.58478],[-7.32834,38.58408],[-7.32798,38.58124],[-7.32471,38.5801],[-7.32233,38.57996],[-7.31876,38.58052],[-7.31692,38.57995],[-7.31615,38.57886],[-7.3167,38.57805],[-7.31682,38.57603],[-7.31542,38.57473],[-7.31395,38.57454],[-7.30835,38.5748],[-7.30723,38.57431],[-7.30642,38.5731],[-7.30536,38.56988],[-7.30569,38.56638],[-7.30641,38.56417],[-7.30608,38.56295],[-7.30499,38.56177],[-7.30131,38.56029],[-7.30015,38.55885],[-7.29895,38.55624],[-7.29715,38.55044],[-7.2942,38.55336],[-7.29202,38.55506],[-7.29059,38.55689],[-7.28676,38.56496],[-7.28666,38.57146],[-7.28612,38.57383],[-7.28418,38.57567],[-7.28139,38.5765],[-7.27667,38.57574],[-7.27518,38.5761],[-7.27361,38.57736],[-7.27038,38.58292],[-7.26876,38.58497],[-7.26626,38.58708],[-7.26383,38.58848],[-7.26391,38.59214],[-7.26288,38.59455],[-7.26177,38.59537],[-7.26063,38.59734],[-7.26041,38.60415],[-7.25949,38.60649],[-7.25834,38.60833],[-7.25721,38.61207],[-7.25478,38.61559],[-7.25227,38.61769],[-7.24593,38.6212],[-7.24445,38.62304],[-7.24408,38.62545],[-7.24529,38.62723],[-7.24651,38.62794],[-7.24978,38.62908],[-7.25139,38.6291],[-7.25588,38.62801],[-7.25954,38.62764],[-7.26295,38.62791],[-7.26507,38.6286],[-7.26624,38.62969],[-7.26782,38.63235],[-7.26978,38.63886],[-7.26971,38.64376],[-7.26814,38.6488],[-7.26683,38.6564],[-7.26802,38.66403],[-7.26812,38.66941],[-7.26784,38.67163],[-7.26534,38.67763],[-7.26418,38.68383],[-7.26442,38.68547],[-7.26651,38.68879],[-7.26688,38.69016],[-7.2652,38.69534],[-7.26445,38.7038],[-7.26163,38.70867],[-7.25324,38.71774],[-7.25292,38.71989],[-7.25562,38.72398],[-7.25539,38.72597],[-7.2541,38.72729],[-7.24983,38.73035],[-7.24157,38.73526],[-7.23924,38.73635],[-7.2362,38.73679],[-7.22799,38.73669],[-7.22535,38.73759],[-7.22015,38.74121],[-7.21774,38.74328],[-7.21306,38.74496],[-7.20608,38.74976],[-7.20346,38.75061],[-7.20313,38.75102],[-7.20536,38.75271],[-7.20939,38.75462],[-7.21069,38.75442],[-7.21172,38.75606],[-7.21321,38.75674],[-7.21469,38.75868],[-7.21706,38.76417],[-7.22102,38.76302],[-7.22314,38.76191],[-7.22393,38.76212],[-7.22333,38.76583],[-7.2229,38.7667],[-7.22439,38.76718],[-7.2276,38.76683],[-7.2287,38.76698],[-7.22993,38.76403],[-7.23182,38.76301],[-7.23378,38.76476],[-7.23693,38.76681],[-7.23805,38.76729],[-7.24087,38.76423],[-7.24193,38.76687],[-7.24169,38.76738],[-7.24316,38.77095],[-7.24476,38.77094],[-7.24672,38.77309],[-7.24691,38.77395],[-7.2487,38.77333],[-7.24997,38.77235],[-7.2529,38.77136],[-7.25387,38.77318],[-7.25542,38.77267],[-7.25631,38.77181],[-7.25852,38.77145],[-7.25866,38.77302],[-7.261,38.77407],[-7.26393,38.77336],[-7.26407,38.77202],[-7.26517,38.77023],[-7.26841,38.76754],[-7.26853,38.76654],[-7.27346,38.76446],[-7.27461,38.76246],[-7.27435,38.7612],[-7.27483,38.75942],[-7.27577,38.75808],[-7.27965,38.75357],[-7.28363,38.7511],[-7.28198,38.74928],[-7.28223,38.74831],[-7.28077,38.74775],[-7.28359,38.74476],[-7.29219,38.73747],[-7.29608,38.73373],[-7.29778,38.73444],[-7.30154,38.73467],[-7.30399,38.73437],[-7.30512,38.7348],[-7.3044,38.73581],[-7.30252,38.73646],[-7.30241,38.73779],[-7.30395,38.7397],[-7.30959,38.73893],[-7.31005,38.74019],[-7.30899,38.74213],[-7.31079,38.7429],[-7.31521,38.74253],[-7.31756,38.74202],[-7.32045,38.74107],[-7.31946,38.73993],[-7.32007,38.73931],[-7.31842,38.73701],[-7.31663,38.73737],[-7.31573,38.73617],[-7.31905,38.73564],[-7.32014,38.73449],[-7.32096,38.73272],[-7.32255,38.73343],[-7.32425,38.73257],[-7.32513,38.73361],[-7.32659,38.73261],[-7.32893,38.73492],[-7.32986,38.73698],[-7.331,38.73736],[-7.33382,38.73975],[-7.33242,38.74027],[-7.33354,38.74226],[-7.33918,38.74852],[-7.34063,38.75076],[-7.3417,38.75172],[-7.34331,38.7539],[-7.34494,38.75306],[-7.34474,38.75141],[-7.34651,38.75082],[-7.34904,38.74955],[-7.35149,38.74925],[-7.35113,38.74828],[-7.35204,38.74625],[-7.35463,38.74477],[-7.35674,38.74454],[-7.35944,38.74347],[-7.36152,38.74345],[-7.36352,38.74296],[-7.3662,38.7467],[-7.36486,38.74751],[-7.36543,38.74835],[-7.36565,38.7501],[-7.36659,38.75281],[-7.36809,38.75492],[-7.36843,38.75644],[-7.36986,38.75834],[-7.37411,38.75732],[-7.37385,38.75602],[-7.37719,38.75411],[-7.37891,38.75371],[-7.37996,38.75746],[-7.38294,38.76015],[-7.38291,38.76125],[-7.38423,38.76299],[-7.38499,38.76474],[-7.38461,38.76555],[-7.38307,38.76566],[-7.38068,38.76278],[-7.38029,38.76156],[-7.37841,38.76186],[-7.37317,38.76385],[-7.37557,38.76592],[-7.37797,38.76902],[-7.37585,38.76937],[-7.37672,38.77148],[-7.37479,38.77222],[-7.37271,38.77201],[-7.37184,38.77237],[-7.37206,38.77345],[-7.37083,38.77418],[-7.36836,38.77668],[-7.36895,38.77827],[-7.3683,38.77944],[-7.37015,38.78069],[-7.3733,38.78363],[-7.37566,38.78698],[-7.37704,38.78695],[-7.37969,38.78818],[-7.38108,38.78973],[-7.37869,38.79145],[-7.37659,38.79509],[-7.37371,38.79744],[-7.37332,38.79655],[-7.37186,38.79644],[-7.36785,38.79919],[-7.36872,38.80044],[-7.36629,38.80107],[-7.3616,38.80338],[-7.36004,38.80351],[-7.35333,38.80552],[-7.35275,38.80257],[-7.3522,38.80112],[-7.35548,38.79914],[-7.35503,38.79785],[-7.35315,38.79816],[-7.35197,38.79789],[-7.34678,38.79812],[-7.34364,38.79928],[-7.33674,38.80239],[-7.33176,38.80504],[-7.32997,38.80356],[-7.32634,38.80457],[-7.32677,38.80555],[-7.32339,38.80753],[-7.31901,38.8095],[-7.32059,38.81065],[-7.32473,38.80928],[-7.32525,38.81023],[-7.32307,38.81085],[-7.32078,38.81207],[-7.31923,38.8133],[-7.32024,38.81495],[-7.32289,38.81702],[-7.32534,38.82061],[-7.32371,38.82147],[-7.32167,38.82325],[-7.32564,38.82519],[-7.32273,38.8261],[-7.31792,38.8279],[-7.31012,38.82906],[-7.30655,38.83049],[-7.30749,38.83209],[-7.30691,38.83245],[-7.30255,38.8336],[-7.30413,38.83737],[-7.30072,38.83826],[-7.29734,38.83988],[-7.29471,38.84056],[-7.29149,38.83615],[-7.28659,38.83261],[-7.28432,38.83058],[-7.28316,38.83033],[-7.28085,38.82759],[-7.27907,38.82794],[-7.27744,38.82979],[-7.27629,38.83048],[-7.27522,38.83241],[-7.2724,38.83414],[-7.27403,38.83586],[-7.2724,38.83678],[-7.26882,38.83619],[-7.26576,38.83755],[-7.26324,38.83836],[-7.26144,38.83735],[-7.25957,38.83738],[-7.25892,38.84056],[-7.25957,38.84493],[-7.25769,38.84733],[-7.25727,38.8495],[-7.25809,38.85641],[-7.25819,38.85928],[-7.25729,38.86169],[-7.25741,38.86514],[-7.25694,38.8671],[-7.25814,38.86942],[-7.25936,38.8704],[-7.26319,38.87481],[-7.26453,38.87707],[-7.26611,38.88194],[-7.26788,38.8844],[-7.26492,38.88835],[-7.26388,38.89179],[-7.26151,38.89559],[-7.25766,38.9001],[-7.25715,38.90219],[-7.25573,38.90625],[-7.25568,38.90759],[-7.25627,38.90834],[-7.26013,38.91136],[-7.26107,38.91313],[-7.26036,38.91449],[-7.26237,38.91753],[-7.26326,38.91666],[-7.26824,38.9184],[-7.26616,38.92121],[-7.2685,38.92238],[-7.27219,38.92461],[-7.27283,38.92728],[-7.2757,38.93001],[-7.27736,38.92888],[-7.28,38.92822],[-7.2813,38.92762],[-7.28337,38.92734],[-7.28591,38.92803],[-7.28702,38.92775],[-7.28995,38.92531],[-7.29107,38.92476],[-7.29438,38.92629],[-7.29623,38.92838],[-7.29372,38.92987],[-7.29175,38.93198],[-7.28855,38.9349],[-7.2824,38.93911],[-7.27957,38.94124],[-7.2761,38.94455],[-7.27739,38.94781],[-7.27687,38.94855],[-7.27883,38.95031],[-7.28021,38.95283],[-7.28064,38.95455],[-7.2824,38.9566],[-7.28581,38.96002],[-7.28788,38.96173],[-7.28803,38.96372],[-7.28973,38.96517],[-7.2918,38.96551],[-7.29517,38.96688],[-7.30027,38.96646],[-7.30214,38.96754],[-7.30477,38.96836],[-7.30758,38.97079],[-7.31005,38.97235],[-7.3131,38.97389],[-7.31552,38.97599],[-7.31635,38.97759],[-7.31885,38.97969],[-7.32094,38.98091],[-7.32346,38.98295],[-7.3265,38.98462],[-7.32808,38.98656],[-7.33173,38.98882],[-7.33452,38.99087],[-7.33707,38.99348],[-7.33924,38.99527],[-7.3414,38.99617],[-7.34432,38.99234],[-7.34737,38.98731],[-7.34915,38.98472],[-7.35194,38.98125],[-7.35257,38.97962],[-7.35576,38.9754],[-7.35668,38.97272],[-7.35874,38.96875],[-7.3612,38.96874],[-7.3637,38.96832],[-7.36583,38.96887],[-7.36785,38.96743],[-7.36879,38.96615],[-7.37161,38.96416],[-7.37334,38.96046],[-7.37448,38.95852],[-7.37759,38.95238],[-7.37917,38.94901],[-7.38075,38.94949],[-7.38133,38.9507],[-7.3875,38.95855],[-7.38823,38.96146],[-7.38999,38.96283],[-7.39101,38.96313],[-7.39125,38.96494],[-7.39299,38.96598],[-7.39444,38.9681],[-7.39602,38.96853],[-7.39785,38.97051],[-7.3994,38.97043],[-7.3981,38.96748],[-7.39761,38.96434],[-7.39691,38.96214],[-7.39682,38.96055],[-7.39627,38.95984],[-7.39789,38.95667],[-7.39959,38.9548],[-7.40075,38.95463],[-7.40375,38.9553],[-7.4044,38.95507],[-7.40654,38.95587],[-7.40809,38.95588],[-7.41138,38.95664],[-7.41301,38.95824],[-7.41413,38.95871],[-7.41554,38.96008],[-7.41714,38.96108],[-7.42054,38.96196],[-7.42112,38.9632],[-7.42235,38.9628],[-7.42618,38.96219],[-7.42931,38.96087],[-7.43499,38.95926],[-7.43697,38.95944],[-7.43797,38.96015],[-7.43954,38.95914],[-7.4403,38.95926],[-7.44169,38.9614],[-7.44421,38.96279],[-7.44595,38.96513],[-7.44811,38.96572],[-7.45094,38.96324],[-7.45286,38.96306],[-7.45371,38.96189],[-7.45648,38.9598],[-7.45928,38.95864],[-7.45758,38.95731],[-7.46004,38.95506],[-7.46119,38.95682],[-7.46218,38.95647],[-7.46366,38.95486],[-7.46287,38.95452],[-7.46388,38.95305],[-7.46208,38.95285],[-7.46289,38.95176],[-7.46272,38.94906],[-7.46208,38.94842],[-7.46165,38.94639],[-7.46448,38.94393],[-7.46608,38.94092],[-7.46126,38.93922],[-7.45939,38.93822],[-7.4582,38.93817],[-7.45561,38.93576],[-7.45491,38.93367],[-7.46319,38.92813],[-7.46611,38.92604],[-7.46875,38.92914],[-7.47234,38.93146],[-7.47874,38.93499],[-7.48291,38.93691],[-7.48497,38.9376],[-7.4869,38.9387],[-7.48556,38.94059],[-7.49128,38.94263],[-7.49297,38.94408],[-7.49425,38.94467],[-7.49666,38.9452],[-7.49952,38.94717],[-7.50026,38.94795],[-7.50251,38.94715],[-7.50478,38.94743],[-7.50658,38.94711],[-7.50786,38.9481],[-7.50883,38.94729],[-7.5132,38.94679],[-7.51353,38.94597],[-7.51673,38.94688],[-7.52115,38.947],[-7.52801,38.9476],[-7.5295,38.94759],[-7.53237,38.94832],[-7.53671,38.94804],[-7.54257,38.94852],[-7.55019,38.94939],[-7.55469,38.95103],[-7.55831,38.95078],[-7.56464,38.95245],[-7.57063,38.95317],[-7.5753,38.95332],[-7.58061,38.95403],[-7.59358,38.95416],[-7.59708,38.95649],[-7.60176,38.95498],[-7.60429,38.95378],[-7.60836,38.95076],[-7.61175,38.94745],[-7.61284,38.94751],[-7.61654,38.94563],[-7.62028,38.94282],[-7.61966,38.94206],[-7.61983,38.93999],[-7.62353,38.93478],[-7.62544,38.93344],[-7.62909,38.93436],[-7.63234,38.93093],[-7.63413,38.92941],[-7.63131,38.92805],[-7.63049,38.92846],[-7.62902,38.92807],[-7.62818,38.92871],[-7.62544,38.92752],[-7.62685,38.92509],[-7.62488,38.92399],[-7.62637,38.92166],[-7.62841,38.92283],[-7.63105,38.92496],[-7.63466,38.92135],[-7.63688,38.92306],[-7.64037,38.9192],[-7.64089,38.91812],[-7.63785,38.91565],[-7.63718,38.9146],[-7.63768,38.91147],[-7.63973,38.91301],[-7.64097,38.91336],[-7.64321,38.91337],[-7.64497,38.91281],[-7.6478,38.91248],[-7.65257,38.91232],[-7.65295,38.91317],[-7.65475,38.91497],[-7.65415,38.91637],[-7.66279,38.92059],[-7.66647,38.92229],[-7.66755,38.92218],[-7.67181,38.92395],[-7.67483,38.925],[-7.6777,38.92672],[-7.68344,38.92937],[-7.6865,38.92582],[-7.68882,38.92381],[-7.6922,38.9221],[-7.69482,38.91927],[-7.69292,38.91689],[-7.69542,38.91509],[-7.69809,38.9124],[-7.69874,38.9126],[-7.70751,38.91657],[-7.70927,38.91784],[-7.71355,38.92037],[-7.71794,38.92464],[-7.7229,38.92914],[-7.72742,38.9339],[-7.73017,38.93641],[-7.73288,38.9392],[-7.73422,38.93817],[-7.7348,38.93693],[-7.73473,38.93455],[-7.73871,38.93021],[-7.73924,38.9286],[-7.74126,38.9265],[-7.74221,38.92155],[-7.74218,38.92027],[-7.74129,38.91905],[-7.74201,38.91847],[-7.75203,38.90824],[-7.75746,38.90543],[-7.76142,38.90405],[-7.7658,38.9029],[-7.76706,38.90172],[-7.77227,38.90114],[-7.77323,38.90233],[-7.7761,38.9041],[-7.7812,38.9056],[-7.78555,38.90712],[-7.78578,38.90508],[-7.78655,38.90152],[-7.78739,38.89954],[-7.78995,38.89579],[-7.79423,38.89643],[-7.7972,38.89776],[-7.79852,38.89877],[-7.80148,38.89862],[-7.80423,38.89935],[-7.80839,38.89862],[-7.8128,38.89926],[-7.81446,38.89883],[-7.81759,38.89935],[-7.8189,38.89923],[-7.8209,38.89844],[-7.82397,38.89935],[-7.82475,38.90073],[-7.82748,38.9023],[-7.82878,38.90211],[-7.83066,38.9012],[-7.83382,38.90231],[-7.83516,38.90198],[-7.83721,38.90267],[-7.83882,38.90263],[-7.84047,38.90157],[-7.84231,38.90194],[-7.8437,38.90179],[-7.8452,38.90329],[-7.84756,38.90342],[-7.84911,38.90135],[-7.85119,38.90092],[-7.85268,38.90106],[-7.8551,38.90301],[-7.85526,38.90446],[-7.85626,38.90546],[-7.85729,38.90565],[-7.85929,38.90506],[-7.86089,38.90601],[-7.86125,38.90691],[-7.86386,38.90829],[-7.86466,38.90903],[-7.86775,38.9096],[-7.87471,38.90873],[-7.87595,38.90836],[-7.87577,38.91725],[-7.87603,38.9235],[-7.8774,38.92457],[-7.877,38.92637],[-7.88096,38.92572],[-7.88244,38.92639],[-7.88342,38.92779],[-7.88418,38.92629],[-7.88579,38.92472],[-7.89088,38.92842],[-7.89217,38.92493],[-7.89118,38.92458],[-7.88979,38.92284],[-7.89045,38.92215],[-7.89073,38.91948],[-7.89164,38.9185],[-7.89181,38.91714],[-7.89416,38.91444],[-7.89586,38.91214],[-7.89633,38.91089],[-7.89735,38.90995],[-7.89895,38.90952],[-7.90201,38.90822],[-7.9065,38.9056],[-7.90742,38.90528],[-7.91092,38.90542],[-7.91325,38.90413],[-7.91663,38.90447],[-7.9204,38.90535],[-7.92212,38.90532],[-7.92525,38.90587],[-7.9262,38.9028],[-7.92642,38.90085],[-7.9262,38.89927],[-7.92726,38.89453],[-7.9285,38.89516],[-7.93029,38.89495],[-7.93126,38.89543],[-7.93392,38.89548],[-7.93783,38.89483],[-7.93877,38.8944],[-7.93985,38.89289],[-7.93991,38.89193],[-7.94119,38.88983],[-7.9421,38.88771],[-7.94378,38.88665],[-7.94517,38.88669],[-7.94762,38.8881],[-7.95084,38.88925],[-7.95325,38.8896],[-7.95509,38.89037],[-7.9562,38.89036],[-7.95784,38.88962],[-7.95926,38.88744],[-7.95609,38.87891],[-7.95016,38.87572],[-7.94785,38.87221],[-7.94606,38.86999],[-7.94914,38.86871],[-7.95048,38.86786],[-7.95346,38.86255],[-7.95577,38.85957],[-7.95873,38.86167],[-7.96105,38.8627],[-7.96137,38.86361],[-7.9609,38.86502],[-7.96186,38.86571],[-7.9663,38.86659],[-7.9696,38.86484],[-7.97164,38.863],[-7.97123,38.86195],[-7.97012,38.86097],[-7.9713,38.85982],[-7.97239,38.85797],[-7.97171,38.85673],[-7.9715,38.85451],[-7.97438,38.8541],[-7.97626,38.85343],[-7.97988,38.85047],[-7.97959,38.84755],[-7.97988,38.8467],[-7.9792,38.84484],[-7.9794,38.84386],[-7.97837,38.84147],[-7.97903,38.83909],[-7.97856,38.83697],[-7.97872,38.8356],[-7.97472,38.83456],[-7.97296,38.83429],[-7.96509,38.8348],[-7.96125,38.83518],[-7.95898,38.83641],[-7.95448,38.83743],[-7.9478,38.83937],[-7.94752,38.83477],[-7.94975,38.83389],[-7.95261,38.8324],[-7.9552,38.83183],[-7.95374,38.83044],[-7.94972,38.82914],[-7.9467,38.82907],[-7.94312,38.83009],[-7.93899,38.83189],[-7.93968,38.83314],[-7.941,38.83434],[-7.94191,38.83583],[-7.93882,38.83637],[-7.93686,38.83632],[-7.93326,38.83727],[-7.93174,38.84082],[-7.93312,38.8439],[-7.92979,38.84478],[-7.92728,38.84605],[-7.92466,38.84383],[-7.9244,38.84245],[-7.92267,38.84084],[-7.92074,38.83977],[-7.91984,38.83996],[-7.91661,38.83949],[-7.91617,38.83914],[-7.91403,38.83512],[-7.91397,38.83319],[-7.91508,38.83012],[-7.91181,38.82882],[-7.91298,38.82742],[-7.91394,38.8245],[-7.91318,38.82322],[-7.91399,38.82091],[-7.91283,38.81963],[-7.90972,38.8201],[-7.90819,38.81905],[-7.90507,38.81965],[-7.90242,38.81886],[-7.89954,38.81833],[-7.8987,38.81849],[-7.89437,38.81804],[-7.89028,38.81682],[-7.88858,38.81571],[-7.88958,38.81495],[-7.89161,38.80844],[-7.89318,38.80376],[-7.88538,38.80003],[-7.88916,38.79581],[-7.88721,38.79469],[-7.88219,38.79078],[-7.87966,38.79304],[-7.87741,38.79456],[-7.87606,38.79293],[-7.87475,38.79263],[-7.87408,38.79323],[-7.87004,38.79123],[-7.86753,38.7904],[-7.86799,38.78964],[-7.86877,38.78555],[-7.86985,38.7825],[-7.87155,38.77929],[-7.86964,38.77537],[-7.86814,38.77586],[-7.86425,38.7787],[-7.86216,38.77736],[-7.85928,38.78043],[-7.85821,38.78257],[-7.85678,38.78421],[-7.85597,38.78572],[-7.85701,38.78645],[-7.85551,38.78858],[-7.85439,38.78945],[-7.85565,38.79218],[-7.85462,38.79452],[-7.85451,38.79621],[-7.85503,38.79735],[-7.85458,38.7992],[-7.85135,38.79846],[-7.84594,38.79636],[-7.84369,38.79566],[-7.83867,38.79586],[-7.8374,38.79487],[-7.83532,38.79541],[-7.83469,38.79645],[-7.8327,38.79583],[-7.82944,38.79306],[-7.82679,38.79177],[-7.82502,38.79124],[-7.82239,38.78976],[-7.81729,38.78596],[-7.81577,38.78467],[-7.81457,38.7849],[-7.81311,38.78616],[-7.80738,38.78304],[-7.80538,38.7821],[-7.80308,38.77952],[-7.80214,38.77696],[-7.80085,38.77447],[-7.79669,38.77539],[-7.79601,38.77266],[-7.79532,38.7715],[-7.79518,38.76963],[-7.7959,38.76893],[-7.79586,38.76781],[-7.80158,38.76392],[-7.80388,38.76161],[-7.80216,38.7612],[-7.80315,38.75781],[-7.805,38.75577],[-7.80778,38.75197],[-7.80876,38.75121],[-7.80683,38.75025],[-7.80569,38.75194],[-7.80591,38.7527],[-7.80422,38.75413],[-7.80249,38.75461],[-7.80109,38.757],[-7.79956,38.75787],[-7.79926,38.75655],[-7.80043,38.75509],[-7.80025,38.75387],[-7.80084,38.75199],[-7.79847,38.74984],[-7.79788,38.74676],[-7.79732,38.74537],[-7.80082,38.74325],[-7.80071,38.74137],[-7.79946,38.73844],[-7.80241,38.73625],[-7.80527,38.7353],[-7.80688,38.73564],[-7.80982,38.73259],[-7.81344,38.73141],[-7.81475,38.73152],[-7.81645,38.73105],[-7.81812,38.73197],[-7.82008,38.73241],[-7.82177,38.734],[-7.82386,38.73458],[-7.82653,38.73101],[-7.82964,38.73403],[-7.83235,38.73581],[-7.83706,38.73461],[-7.83785,38.73367],[-7.84125,38.73328],[-7.84314,38.73418],[-7.84538,38.73412],[-7.84749,38.73368],[-7.84893,38.73286],[-7.85185,38.73291],[-7.85343,38.73423],[-7.85279,38.73488],[-7.85515,38.7357],[-7.85613,38.73567],[-7.86114,38.7372],[-7.8624,38.73806],[-7.86693,38.73966],[-7.87069,38.73609],[-7.87449,38.7343],[-7.87722,38.73426],[-7.88002,38.73327],[-7.88153,38.73199],[-7.88367,38.72959],[-7.88605,38.72545],[-7.88916,38.72581],[-7.89177,38.72822],[-7.89021,38.72978],[-7.89287,38.73157],[-7.89539,38.7327],[-7.8919,38.73914],[-7.8915,38.74257],[-7.89261,38.74266],[-7.89512,38.74385],[-7.89682,38.74519],[-7.89589,38.74683],[-7.89575,38.74906],[-7.89777,38.75723],[-7.90492,38.756],[-7.90578,38.75534],[-7.91055,38.75346],[-7.91365,38.75067],[-7.91309,38.74863],[-7.91214,38.74718],[-7.91213,38.74533],[-7.91269,38.74443],[-7.91183,38.74201],[-7.91273,38.7407],[-7.91326,38.73873],[-7.91439,38.73614],[-7.91546,38.73458],[-7.91643,38.73422],[-7.92143,38.73586],[-7.92799,38.73746],[-7.93473,38.73076],[-7.93636,38.7293],[-7.93519,38.72783],[-7.93839,38.72327],[-7.94127,38.71998],[-7.94374,38.71682],[-7.94284,38.71567],[-7.94309,38.71422],[-7.94539,38.71292],[-7.9491,38.71014],[-7.95034,38.70872],[-7.94806,38.70728],[-7.94916,38.70544],[-7.94614,38.7045],[-7.94471,38.70366],[-7.94354,38.70212],[-7.94226,38.70144],[-7.94285,38.69874],[-7.94034,38.69627],[-7.93775,38.69291],[-7.93888,38.692],[-7.94043,38.69221],[-7.94257,38.69202],[-7.94388,38.69072],[-7.94635,38.6898],[-7.94665,38.68785],[-7.94717,38.68763],[-7.95905,38.69896],[-7.96852,38.70012],[-7.97712,38.68623],[-7.98043,38.68667],[-7.98513,38.68634],[-7.98763,38.68669],[-7.98857,38.68587],[-7.99101,38.68511],[-7.99369,38.68554],[-7.99504,38.68501],[-7.99658,38.68354],[-8.00043,38.68341],[-8.00476,38.69201],[-8.01183,38.68885],[-8.01022,38.68542],[-8.00959,38.68252],[-8.01513,38.68129],[-8.0156,38.68076],[-8.01487,38.67852],[-8.01319,38.67625],[-8.01297,38.67488],[-8.01185,38.67382],[-8.01452,38.6721],[-8.01508,38.67079],[-8.01984,38.67515],[-8.01972,38.67725],[-8.01909,38.67832],[-8.01907,38.68238],[-8.01992,38.68239],[-8.02137,38.68352],[-8.02309,38.68379],[-8.02476,38.68475],[-8.02532,38.68567],[-8.02729,38.68668],[-8.03074,38.68733],[-8.03422,38.6874],[-8.03538,38.68854],[-8.03803,38.68981],[-8.03849,38.68918],[-8.03913,38.68505],[-8.04572,38.68791],[-8.04594,38.68879],[-8.0488,38.68622],[-8.05254,38.68371],[-8.05825,38.68686],[-8.06325,38.6896],[-8.0671,38.69101],[-8.0684,38.69113],[-8.07251,38.69252],[-8.07383,38.69258],[-8.07804,38.69363],[-8.08013,38.69367],[-8.08359,38.69264],[-8.08536,38.69161],[-8.08867,38.69551],[-8.08642,38.69574],[-8.08389,38.69679],[-8.0805,38.69782],[-8.07816,38.69656],[-8.07599,38.69628],[-8.07197,38.69777],[-8.07479,38.70087],[-8.07566,38.70093],[-8.07982,38.70423],[-8.07994,38.70544],[-8.07718,38.7051],[-8.07586,38.7065],[-8.0765,38.70833],[-8.08104,38.70757],[-8.09033,38.70446],[-8.09224,38.70266],[-8.09535,38.70672],[-8.10043,38.71164],[-8.10144,38.71406],[-8.10301,38.71916],[-8.10042,38.72171],[-8.10387,38.7247],[-8.11164,38.72889],[-8.11366,38.73023],[-8.1144,38.73165],[-8.11719,38.73329],[-8.11953,38.73572],[-8.12122,38.73798],[-8.12429,38.73979],[-8.12524,38.74078],[-8.12981,38.74392],[-8.13536,38.7466],[-8.13725,38.74708],[-8.14,38.74842],[-8.14448,38.75213],[-8.14468,38.75319],[-8.14433,38.75501],[-8.1432,38.75668],[-8.14301,38.75807],[-8.14335,38.76074],[-8.14441,38.76344],[-8.14515,38.76601],[-8.14642,38.76748],[-8.14865,38.76857],[-8.151,38.77032],[-8.15347,38.77018],[-8.15347,38.77126],[-8.15263,38.77343],[-8.15391,38.77364],[-8.15728,38.77528],[-8.15983,38.77623],[-8.16467,38.77663],[-8.16627,38.77734],[-8.1682,38.77974],[-8.1696,38.78053],[-8.17203,38.78132],[-8.17292,38.78097],[-8.17561,38.78267],[-8.1766,38.78401],[-8.17725,38.78597],[-8.17839,38.78572],[-8.18046,38.78434],[-8.18378,38.78259],[-8.18905,38.78051],[-8.19333,38.77985],[-8.19534,38.78001],[-8.20167,38.77926],[-8.20508,38.77821],[-8.2082,38.7789],[-8.20905,38.77977],[-8.20879,38.78065],[-8.21152,38.78076],[-8.21383,38.77782],[-8.21469,38.77499],[-8.21571,38.77325],[-8.21836,38.77114],[-8.2194,38.76999],[-8.22123,38.76879],[-8.22287,38.76599],[-8.2241,38.76195],[-8.22453,38.75933],[-8.22427,38.7561],[-8.22444,38.75323],[-8.22731,38.74979],[-8.23031,38.74855],[-8.23393,38.74616],[-8.23545,38.74455],[-8.23573,38.74347],[-8.23698,38.74204],[-8.23764,38.74038],[-8.23935,38.73985],[-8.24259,38.73941],[-8.24351,38.73894],[-8.24522,38.73951],[-8.24604,38.73927],[-8.24866,38.74225],[-8.25078,38.74232],[-8.25183,38.74363],[-8.25311,38.74415],[-8.25325,38.7437],[-8.25267,38.73963],[-8.2532,38.73588],[-8.25592,38.7291],[-8.25695,38.72725],[-8.25946,38.72448],[-8.26108,38.72332],[-8.26258,38.71855],[-8.26431,38.7145],[-8.26508,38.71541],[-8.26775,38.71723],[-8.26927,38.71484],[-8.26999,38.71313],[-8.27178,38.71042],[-8.27232,38.71078],[-8.27547,38.70809],[-8.27555,38.70535],[-8.2763,38.70343],[-8.27639,38.70091],[-8.27801,38.70023],[-8.28018,38.70058],[-8.28075,38.70133],[-8.28313,38.7031],[-8.28422,38.70439],[-8.28688,38.70583],[-8.28857,38.70178],[-8.28785,38.70024],[-8.28724,38.69771],[-8.28208,38.69247],[-8.28385,38.68906],[-8.28505,38.6885],[-8.28745,38.68812],[-8.28927,38.68704],[-8.29184,38.68428],[-8.29182,38.68358],[-8.29447,38.68198],[-8.29861,38.68067],[-8.2999,38.67898],[-8.30197,38.68059],[-8.30375,38.68056],[-8.3035,38.67912],[-8.30439,38.67819],[-8.30646,38.67871],[-8.30877,38.67808],[-8.31048,38.67801],[-8.3136,38.67908],[-8.31486,38.67863],[-8.31625,38.67937],[-8.31701,38.67846],[-8.32057,38.68009],[-8.32468,38.68041],[-8.3271,38.68186],[-8.33114,38.68184],[-8.33317,38.68228],[-8.3353,38.68329],[-8.33837,38.68402],[-8.34136,38.6841],[-8.34256,38.68325],[-8.34469,38.68246],[-8.34721,38.68108],[-8.34891,38.68085],[-8.35148,38.68158],[-8.35194,38.68327],[-8.35335,38.68414],[-8.3548,38.68379],[-8.35513,38.68522],[-8.35684,38.68741],[-8.36277,38.68979],[-8.36362,38.69211],[-8.36475,38.69329],[-8.36825,38.69514],[-8.37032,38.69674],[-8.37296,38.69784],[-8.37595,38.70017],[-8.37836,38.70252],[-8.38009,38.70266],[-8.38517,38.70538],[-8.38684,38.70522],[-8.38664,38.70421],[-8.38383,38.70221],[-8.3831,38.69954],[-8.38189,38.69868],[-8.38082,38.69717],[-8.38097,38.6956],[-8.3805,38.69401],[-8.38194,38.69188],[-8.38212,38.6899],[-8.37993,38.68648],[-8.37824,38.68278],[-8.37904,38.68037],[-8.38163,38.67711],[-8.38312,38.67394],[-8.38321,38.6722],[-8.38177,38.66843],[-8.38036,38.66558],[-8.38008,38.66411],[-8.38029,38.65946],[-8.38004,38.65475],[-8.38025,38.65007],[-8.3815,38.65007],[-8.38399,38.65095],[-8.39163,38.6555],[-8.39626,38.64951],[-8.39835,38.64556],[-8.39876,38.64177],[-8.39807,38.63754],[-8.40034,38.63653],[-8.40292,38.63406],[-8.40592,38.63234],[-8.40898,38.63337],[-8.4105,38.63265],[-8.40809,38.63169],[-8.40684,38.63165],[-8.40601,38.63088],[-8.40291,38.63128],[-8.402,38.63049],[-8.40118,38.62808],[-8.39942,38.62715],[-8.3979,38.62679],[-8.39731,38.62552],[-8.39666,38.62262],[-8.39404,38.62074],[-8.39263,38.61933],[-8.39359,38.61724],[-8.39397,38.61443],[-8.39352,38.61192],[-8.39227,38.60944],[-8.39138,38.60878],[-8.3914,38.60782],[-8.38915,38.60552],[-8.38836,38.60311],[-8.38625,38.59924],[-8.38571,38.59671],[-8.38465,38.59441],[-8.38371,38.59311],[-8.38399,38.59002],[-8.38233,38.58685],[-8.38129,38.58397],[-8.38078,38.58185],[-8.37901,38.57951],[-8.37623,38.57226],[-8.37569,38.57015],[-8.37456,38.56853],[-8.3739,38.56593],[-8.3729,38.56455],[-8.37285,38.56315],[-8.37501,38.5619],[-8.37505,38.56004],[-8.37391,38.55775],[-8.37232,38.55637],[-8.37071,38.55677],[-8.36905,38.55823],[-8.36824,38.55812],[-8.36693,38.55686],[-8.36713,38.55553],[-8.36863,38.55476],[-8.36942,38.55367],[-8.3687,38.55288],[-8.36491,38.55571],[-8.36298,38.55638],[-8.36038,38.55575],[-8.35712,38.55667],[-8.35492,38.55697],[-8.35233,38.5568],[-8.34975,38.55813],[-8.34736,38.56017],[-8.3459,38.55998],[-8.34376,38.56031],[-8.3432,38.56321],[-8.34137,38.56295],[-8.3407,38.56557],[-8.34224,38.56533],[-8.34292,38.56969],[-8.34506,38.56959],[-8.34476,38.57112],[-8.34309,38.57516],[-8.34202,38.57954],[-8.34476,38.58045],[-8.34476,38.58176],[-8.34305,38.58439],[-8.34239,38.58308],[-8.34093,38.58304],[-8.33917,38.58573],[-8.33844,38.58754],[-8.33736,38.58863],[-8.33653,38.59117],[-8.3315,38.59173],[-8.32613,38.59248],[-8.32475,38.59345],[-8.32161,38.59359],[-8.31872,38.59489],[-8.31692,38.59359],[-8.314,38.59249],[-8.31303,38.59336],[-8.31146,38.59563],[-8.30768,38.59816],[-8.30628,38.59859],[-8.30508,38.59995],[-8.30364,38.60067],[-8.29987,38.60154],[-8.29739,38.60115],[-8.29536,38.60163],[-8.29261,38.60298],[-8.29028,38.60614],[-8.28739,38.60826],[-8.2861,38.61045],[-8.28486,38.6119],[-8.28413,38.61334],[-8.28094,38.61329],[-8.27889,38.6137],[-8.27501,38.61254],[-8.27316,38.61291],[-8.27068,38.61275],[-8.26424,38.6118],[-8.25413,38.61168],[-8.25019,38.61078],[-8.24548,38.60775],[-8.24516,38.6065],[-8.24589,38.60606],[-8.24956,38.60061],[-8.25233,38.59842],[-8.25439,38.59756],[-8.25806,38.59639],[-8.26099,38.59322],[-8.26135,38.59092],[-8.25354,38.58675],[-8.25235,38.58566],[-8.25043,38.58324],[-8.24534,38.58314],[-8.24114,38.58114],[-8.24102,38.58043],[-8.23927,38.57897],[-8.23475,38.57767],[-8.23538,38.5755],[-8.2349,38.57374],[-8.23546,38.57255],[-8.23483,38.57122]],[[-7.38674,38.36321],[-7.38556,38.36232],[-7.38466,38.36088],[-7.38204,38.35771],[-7.37801,38.35411],[-7.37562,38.3526],[-7.37431,38.35262],[-7.37265,38.35363],[-7.36928,38.35615],[-7.3659,38.35733],[-7.36351,38.35604],[-7.3607,38.35502],[-7.35845,38.35393],[-7.35454,38.35287],[-7.35067,38.35144],[-7.35024,38.34827],[-7.35106,38.34635],[-7.34437,38.34656],[-7.34445,38.34557],[-7.3433,38.33937],[-7.34211,38.33911],[-7.34174,38.33805],[-7.33992,38.33741],[-7.33997,38.33856],[-7.33903,38.34012],[-7.33906,38.34099],[-7.33589,38.34432],[-7.33155,38.34052],[-7.32849,38.33699],[-7.32737,38.33241],[-7.32919,38.33191],[-7.32791,38.32794],[-7.32657,38.32558],[-7.3261,38.32392],[-7.32537,38.31708],[-7.32796,38.317],[-7.33086,38.31741],[-7.33269,38.31878],[-7.33395,38.32046],[-7.33516,38.3213],[-7.33663,38.32118],[-7.3381,38.32008],[-7.33948,38.31755],[-7.34248,38.31519],[-7.34335,38.31402],[-7.34689,38.31111],[-7.35011,38.30891],[-7.35218,38.30686],[-7.35275,38.30575],[-7.35271,38.30375],[-7.35409,38.3022],[-7.35471,38.29993],[-7.35613,38.29923],[-7.35909,38.29901],[-7.36304,38.29947],[-7.36609,38.29963],[-7.36776,38.29945],[-7.37084,38.29866],[-7.37478,38.299],[-7.37676,38.29849],[-7.37788,38.29879],[-7.3797,38.30056],[-7.38459,38.30219],[-7.38712,38.30098],[-7.38882,38.29916],[-7.38966,38.29778],[-7.3932,38.29523],[-7.39527,38.29497],[-7.39639,38.29539],[-7.39669,38.2965],[-7.39602,38.29792],[-7.39608,38.29893],[-7.39811,38.29953],[-7.40053,38.29883],[-7.4033,38.29905],[-7.40593,38.29886],[-7.40742,38.298],[-7.40728,38.29541],[-7.40593,38.2943],[-7.40318,38.29351],[-7.39945,38.29328],[-7.39796,38.29271],[-7.39707,38.29112],[-7.39736,38.28957],[-7.39905,38.28929],[-7.40081,38.28849],[-7.40123,38.2876],[-7.40066,38.28625],[-7.40034,38.28303],[-7.40158,38.28136],[-7.40326,38.28047],[-7.4057,38.28016],[-7.40629,38.27961],[-7.40829,38.2764],[-7.40917,38.2783],[-7.41042,38.27942],[-7.41292,38.28086],[-7.4175,38.28278],[-7.42196,38.2862],[-7.42341,38.28915],[-7.42586,38.29254],[-7.42679,38.29417],[-7.42937,38.29484],[-7.43001,38.29621],[-7.43018,38.30009],[-7.43057,38.30253],[-7.4301,38.3037],[-7.42832,38.30535],[-7.42556,38.30716],[-7.42146,38.30935],[-7.41943,38.3107],[-7.41708,38.31335],[-7.41706,38.31493],[-7.41594,38.31975],[-7.41588,38.32115],[-7.41675,38.325],[-7.41727,38.32601],[-7.41815,38.32919],[-7.42091,38.33368],[-7.42232,38.33534],[-7.42443,38.33716],[-7.42887,38.3429],[-7.42875,38.34606],[-7.42799,38.3477],[-7.4256,38.35096],[-7.42384,38.35236],[-7.41848,38.35569],[-7.41345,38.35782],[-7.40411,38.36053],[-7.40105,38.36168],[-7.39833,38.36246],[-7.39368,38.36496],[-7.39195,38.36532],[-7.39009,38.36522],[-7.38847,38.36383],[-7.38674,38.36321]]],[[[-7.53995,39.16004],[-7.53626,39.15758],[-7.53821,39.15682],[-7.54178,39.15608],[-7.54405,39.15467],[-7.54652,39.15385],[-7.55155,39.15187],[-7.55982,39.14723],[-7.56044,39.14674],[-7.56669,39.14412],[-7.56811,39.14311],[-7.56559,39.14203],[-7.55915,39.13728],[-7.55715,39.13556],[-7.55595,39.13088],[-7.55528,39.13073],[-7.55519,39.12896],[-7.55843,39.12751],[-7.55767,39.12597],[-7.55621,39.12543],[-7.5543,39.12258],[-7.55433,39.12144],[-7.55332,39.12024],[-7.55201,39.11749],[-7.54961,39.11414],[-7.54841,39.11188],[-7.54778,39.10914],[-7.54846,39.10822],[-7.54756,39.10687],[-7.54437,39.10444],[-7.54267,39.10245],[-7.54002,39.10004],[-7.53812,39.09752],[-7.5358,39.09542],[-7.53431,39.09341],[-7.53249,39.09038],[-7.53433,39.08848],[-7.53665,39.0865],[-7.53496,39.08402],[-7.53253,39.07993],[-7.52897,39.07516],[-7.53095,39.07291],[-7.534,39.07179],[-7.53447,39.07083],[-7.53261,39.06753],[-7.53248,39.066],[-7.5315,39.06381],[-7.52986,39.06427],[-7.52548,39.05962],[-7.51205,39.04361],[-7.51321,39.03698],[-7.51094,39.03777],[-7.5094,39.03882],[-7.5062,39.0389],[-7.50345,39.03783],[-7.50019,39.03507],[-7.49731,39.03465],[-7.49432,39.03508],[-7.49176,39.03511],[-7.48953,39.03552],[-7.48714,39.03519],[-7.48383,39.0351],[-7.48166,39.03451],[-7.4803,39.03572],[-7.47742,39.03717],[-7.47459,39.03702],[-7.47197,39.03548],[-7.47004,39.03628],[-7.46911,39.03624],[-7.46857,39.03736],[-7.467,39.03788],[-7.468,39.03933],[-7.46701,39.04052],[-7.46769,39.04284],[-7.46711,39.04373],[-7.46731,39.04541],[-7.46702,39.04732],[-7.46819,39.04936],[-7.47024,39.05094],[-7.47128,39.05303],[-7.46905,39.0555],[-7.46935,39.05967],[-7.47526,39.06142],[-7.47962,39.06677],[-7.48078,39.06748],[-7.48217,39.06937],[-7.4789,39.0713],[-7.47645,39.07253],[-7.47364,39.07478],[-7.47406,39.07526],[-7.47125,39.07704],[-7.46934,39.08121],[-7.46658,39.08315],[-7.46634,39.08364],[-7.4614,39.08748],[-7.45703,39.0904],[-7.45417,39.0931],[-7.45564,39.09402],[-7.45639,39.09591],[-7.45524,39.09729],[-7.45191,39.0991],[-7.44949,39.1001],[-7.45233,39.104],[-7.45332,39.10395],[-7.45661,39.10543],[-7.45729,39.10619],[-7.45749,39.10843],[-7.45918,39.11059],[-7.45705,39.11244],[-7.4565,39.11373],[-7.45479,39.1163],[-7.45266,39.11905],[-7.45094,39.12237],[-7.44718,39.11924],[-7.44236,39.11726],[-7.44009,39.11847],[-7.43962,39.1175],[-7.43639,39.11606],[-7.43966,39.11416],[-7.43725,39.11219],[-7.43606,39.11231],[-7.43419,39.11082],[-7.43202,39.11035],[-7.42641,39.11439],[-7.42307,39.11787],[-7.42067,39.1165],[-7.41854,39.11491],[-7.41361,39.10751],[-7.41213,39.10617],[-7.40742,39.10266],[-7.40505,39.10367],[-7.40014,39.10495],[-7.39718,39.10637],[-7.39629,39.10636],[-7.39339,39.10501],[-7.3908,39.10811],[-7.38961,39.10748],[-7.38409,39.11114],[-7.3825,39.11155],[-7.38006,39.10726],[-7.37873,39.10439],[-7.38137,39.10458],[-7.38323,39.10443],[-7.38438,39.10154],[-7.38402,39.10039],[-7.38172,39.09871],[-7.38105,39.09727],[-7.37929,39.09521],[-7.37638,39.09363],[-7.3716,39.09244],[-7.37127,39.09344],[-7.3715,39.09597],[-7.37044,39.09665],[-7.37048,39.09823],[-7.36963,39.09887],[-7.36907,39.10025],[-7.3667,39.10141],[-7.36594,39.10422],[-7.36497,39.1055],[-7.36272,39.10728],[-7.36412,39.10937],[-7.36511,39.11018],[-7.3618,39.11207],[-7.35829,39.11453],[-7.35316,39.11905],[-7.35463,39.12031],[-7.35802,39.12467],[-7.36489,39.13066],[-7.36841,39.13294],[-7.37251,39.13592],[-7.3776,39.13893],[-7.38129,39.14233],[-7.38444,39.1442],[-7.388,39.14603],[-7.39007,39.14624],[-7.38826,39.14998],[-7.38654,39.15134],[-7.38492,39.15219],[-7.38284,39.15516],[-7.38154,39.15839],[-7.37929,39.15939],[-7.37761,39.15946],[-7.37868,39.16109],[-7.37613,39.16163],[-7.37379,39.16058],[-7.37226,39.16198],[-7.36715,39.16277],[-7.36575,39.1645],[-7.36356,39.16621],[-7.36159,39.16636],[-7.35774,39.16584],[-7.35498,39.16487],[-7.35498,39.16308],[-7.35691,39.16116],[-7.35686,39.15947],[-7.35625,39.15757],[-7.35574,39.15421],[-7.35458,39.15418],[-7.35224,39.15334],[-7.35193,39.15237],[-7.35316,39.15113],[-7.35388,39.14979],[-7.35292,39.14877],[-7.35241,39.14741],[-7.34982,39.14588],[-7.3455,39.14562],[-7.34344,39.14484],[-7.34155,39.14489],[-7.34067,39.14604],[-7.33596,39.14681],[-7.33434,39.14577],[-7.33494,39.14428],[-7.33249,39.14341],[-7.33042,39.14167],[-7.32841,39.14067],[-7.32498,39.13991],[-7.32277,39.13893],[-7.32104,39.13849],[-7.31769,39.13836],[-7.31842,39.13989],[-7.3177,39.14056],[-7.31872,39.14324],[-7.31889,39.14586],[-7.31553,39.14653],[-7.31073,39.14648],[-7.30956,39.14741],[-7.30788,39.14985],[-7.30637,39.15091],[-7.30203,39.15169],[-7.29709,39.15389],[-7.29446,39.15387],[-7.29239,39.15519],[-7.2908,39.15585],[-7.2904,39.15311],[-7.28907,39.15119],[-7.28793,39.147],[-7.28606,39.14597],[-7.28318,39.14494],[-7.28246,39.14326],[-7.28017,39.14185],[-7.27957,39.14058],[-7.27992,39.13825],[-7.278,39.13682],[-7.2783,39.13562],[-7.27712,39.13377],[-7.27689,39.13188],[-7.2697,39.13023],[-7.26963,39.12968],[-7.25764,39.13502],[-7.25632,39.13552],[-7.25474,39.13472],[-7.25191,39.13384],[-7.25082,39.13555],[-7.25028,39.13711],[-7.24946,39.14239],[-7.24749,39.14474],[-7.24415,39.14745],[-7.24334,39.15026],[-7.23794,39.14993],[-7.23554,39.14925],[-7.23157,39.14696],[-7.23201,39.14609],[-7.2306,39.14495],[-7.22834,39.14521],[-7.2257,39.14472],[-7.2228,39.14465],[-7.22441,39.14262],[-7.22268,39.14254],[-7.22113,39.14199],[-7.21887,39.14057],[-7.21493,39.1398],[-7.21218,39.13877],[-7.21108,39.13711],[-7.21091,39.1357],[-7.20979,39.13506],[-7.20406,39.13356],[-7.2057,39.13197],[-7.20398,39.13056],[-7.20307,39.12935],[-7.20162,39.12871],[-7.2013,39.12979],[-7.19802,39.12975],[-7.19509,39.12873],[-7.19141,39.12781],[-7.18997,39.12805],[-7.18392,39.12641],[-7.18093,39.12597],[-7.17958,39.12534],[-7.17451,39.12582],[-7.17314,39.12729],[-7.17128,39.12872],[-7.16961,39.12785],[-7.16736,39.12593],[-7.16563,39.124],[-7.16175,39.12409],[-7.15882,39.12367],[-7.15617,39.12382],[-7.15405,39.12238],[-7.15174,39.12212],[-7.15108,39.12089],[-7.14808,39.11909],[-7.14959,39.12247],[-7.14858,39.12355],[-7.1472,39.12377],[-7.14448,39.12733],[-7.1436,39.12779],[-7.14408,39.13061],[-7.14213,39.13382],[-7.14238,39.1356],[-7.1416,39.13957],[-7.13745,39.1419],[-7.13773,39.14345],[-7.13618,39.14515],[-7.13686,39.14768],[-7.13855,39.14841],[-7.14034,39.15001],[-7.14016,39.15089],[-7.13899,39.15139],[-7.13843,39.15322],[-7.13701,39.15393],[-7.13533,39.157],[-7.13574,39.1585],[-7.13489,39.15987],[-7.13332,39.1605],[-7.13338,39.16191],[-7.13459,39.16306],[-7.13221,39.16478],[-7.13258,39.16595],[-7.13368,39.16716],[-7.13381,39.1694],[-7.13466,39.17117],[-7.13635,39.17225],[-7.13924,39.17253],[-7.14026,39.17293],[-7.14464,39.17245],[-7.14618,39.17275],[-7.14943,39.17264],[-7.15071,39.17472],[-7.15276,39.17525],[-7.15606,39.1754],[-7.15957,39.17726],[-7.16431,39.18048],[-7.16774,39.1814],[-7.17119,39.18063],[-7.17301,39.18085],[-7.17723,39.18077],[-7.1818,39.18165],[-7.18559,39.18288],[-7.18773,39.18304],[-7.18889,39.18366],[-7.18989,39.18485],[-7.19329,39.18687],[-7.19538,39.1875],[-7.20024,39.18574],[-7.20348,39.18674],[-7.20818,39.18739],[-7.21062,39.18943],[-7.21532,39.19074],[-7.21641,39.19188],[-7.21851,39.19186],[-7.22141,39.1931],[-7.22231,39.19491],[-7.22345,39.19567],[-7.22482,39.19565],[-7.22801,39.20054],[-7.23118,39.20341],[-7.24143,39.20861],[-7.24022,39.21889],[-7.24225,39.22242],[-7.24526,39.22586],[-7.24472,39.23214],[-7.2419,39.23436],[-7.24176,39.24137],[-7.24212,39.24265],[-7.24579,39.24577],[-7.24795,39.2536],[-7.24611,39.25706],[-7.24376,39.25975],[-7.2431,39.26156],[-7.23834,39.26941],[-7.23404,39.2755],[-7.23147,39.27843],[-7.2335,39.27974],[-7.24042,39.28302],[-7.24348,39.28565],[-7.25166,39.29082],[-7.25689,39.29481],[-7.26746,39.30148],[-7.26974,39.30389],[-7.27081,39.30613],[-7.26927,39.30783],[-7.26906,39.3095],[-7.27072,39.31011],[-7.27288,39.31173],[-7.27446,39.31411],[-7.28022,39.31845],[-7.28286,39.32097],[-7.28825,39.32306],[-7.28885,39.32554],[-7.29162,39.3272],[-7.29294,39.32911],[-7.29877,39.33012],[-7.30431,39.33356],[-7.30838,39.3369],[-7.31061,39.34102],[-7.30631,39.35149],[-7.30647,39.35602],[-7.31087,39.36252],[-7.31102,39.36865],[-7.31234,39.37083],[-7.31559,39.37311],[-7.31636,39.37407],[-7.31757,39.37792],[-7.32188,39.37836],[-7.32355,39.382],[-7.32173,39.38632],[-7.32064,39.3876],[-7.31732,39.38982],[-7.3139,39.39362],[-7.31353,39.39738],[-7.31277,39.39969],[-7.31196,39.39991],[-7.3099,39.39867],[-7.30746,39.40149],[-7.3066,39.40298],[-7.30758,39.40455],[-7.30696,39.4053],[-7.30671,39.40742],[-7.30564,39.4086],[-7.30521,39.41037],[-7.3033,39.41162],[-7.30233,39.41339],[-7.30286,39.41495],[-7.30157,39.41687],[-7.30347,39.41942],[-7.30232,39.42123],[-7.30236,39.42229],[-7.30435,39.42395],[-7.30611,39.42652],[-7.30821,39.42827],[-7.30887,39.42993],[-7.30899,39.43164],[-7.30699,39.43423],[-7.3066,39.43589],[-7.30572,39.43743],[-7.30643,39.43909],[-7.30568,39.44094],[-7.30604,39.44303],[-7.30552,39.4446],[-7.30564,39.44586],[-7.30301,39.44897],[-7.30081,39.45022],[-7.2981,39.45287],[-7.29595,39.45439],[-7.29468,39.45599],[-7.29657,39.45896],[-7.30056,39.46276],[-7.30277,39.46238],[-7.30522,39.46392],[-7.30722,39.46217],[-7.30765,39.46107],[-7.30757,39.45957],[-7.30956,39.45608],[-7.31098,39.45647],[-7.31176,39.45572],[-7.31359,39.4566],[-7.31557,39.45586],[-7.31972,39.45555],[-7.32164,39.45642],[-7.32642,39.45419],[-7.32795,39.45333],[-7.32983,39.4516],[-7.33097,39.45167],[-7.33411,39.45122],[-7.33496,39.4487],[-7.33457,39.44808],[-7.33532,39.44571],[-7.33778,39.4457],[-7.341,39.44635],[-7.342,39.44547],[-7.34238,39.44391],[-7.34427,39.44148],[-7.34541,39.43951],[-7.34639,39.43591],[-7.3479,39.43374],[-7.34779,39.43213],[-7.34892,39.43133],[-7.34893,39.4303],[-7.35244,39.4257],[-7.35541,39.42687],[-7.35802,39.42621],[-7.36056,39.42772],[-7.36201,39.42826],[-7.36251,39.42906],[-7.36469,39.42964],[-7.36733,39.4312],[-7.37198,39.43281],[-7.37492,39.43049],[-7.37603,39.42879],[-7.37756,39.42785],[-7.37935,39.4254],[-7.3795,39.42444],[-7.38118,39.42262],[-7.38237,39.42071],[-7.38297,39.41863],[-7.38444,39.41819],[-7.38506,39.41641],[-7.38762,39.41745],[-7.38909,39.41729],[-7.39099,39.41846],[-7.393,39.41683],[-7.39438,39.41803],[-7.39337,39.41869],[-7.3939,39.41964],[-7.39353,39.42176],[-7.39203,39.42436],[-7.39324,39.42528],[-7.39324,39.42647],[-7.39652,39.42579],[-7.39968,39.42548],[-7.4006,39.42598],[-7.40222,39.42547],[-7.40332,39.42607],[-7.40603,39.42504],[-7.40716,39.42695],[-7.40461,39.42779],[-7.40578,39.42985],[-7.40514,39.43069],[-7.40616,39.4324],[-7.40842,39.43139],[-7.41176,39.4317],[-7.41244,39.43249],[-7.41198,39.43445],[-7.41263,39.43636],[-7.41451,39.43842],[-7.41393,39.43926],[-7.41479,39.44126],[-7.41436,39.44311],[-7.41136,39.4434],[-7.41015,39.44299],[-7.40787,39.44423],[-7.40483,39.44667],[-7.40404,39.44689],[-7.40386,39.44984],[-7.40604,39.45101],[-7.40668,39.45177],[-7.40659,39.45368],[-7.40701,39.45421],[-7.40686,39.4577],[-7.40797,39.45955],[-7.40739,39.46478],[-7.40688,39.46538],[-7.40749,39.46645],[-7.40727,39.46766],[-7.40638,39.46865],[-7.40691,39.46966],[-7.40645,39.47195],[-7.40678,39.47492],[-7.40651,39.47538],[-7.40713,39.47795],[-7.40834,39.48049],[-7.40868,39.48258],[-7.40733,39.48384],[-7.40774,39.48565],[-7.40748,39.48679],[-7.40984,39.48643],[-7.40942,39.48784],[-7.40682,39.48926],[-7.4054,39.48875],[-7.40476,39.48755],[-7.40161,39.487],[-7.39911,39.48576],[-7.39725,39.48629],[-7.39639,39.48526],[-7.39359,39.48625],[-7.39394,39.48706],[-7.39317,39.48799],[-7.39126,39.4892],[-7.3926,39.49009],[-7.39247,39.49116],[-7.391,39.49196],[-7.38867,39.49168],[-7.38719,39.49244],[-7.38704,39.49363],[-7.38624,39.49471],[-7.38427,39.49526],[-7.38272,39.49415],[-7.38145,39.49394],[-7.38007,39.49305],[-7.37792,39.49475],[-7.37839,39.49692],[-7.3805,39.49773],[-7.38182,39.49904],[-7.38576,39.49839],[-7.38713,39.49956],[-7.38683,39.50176],[-7.38926,39.50326],[-7.3901,39.50222],[-7.39212,39.502],[-7.39363,39.50124],[-7.39389,39.50009],[-7.39551,39.50032],[-7.39623,39.49968],[-7.39952,39.49924],[-7.40017,39.49882],[-7.40343,39.4985],[-7.40612,39.49864],[-7.40689,39.50007],[-7.40997,39.50045],[-7.4119,39.50044],[-7.41567,39.49934],[-7.42039,39.50092],[-7.42321,39.50156],[-7.42344,39.50387],[-7.42312,39.50522],[-7.42651,39.50553],[-7.42833,39.5063],[-7.42891,39.50525],[-7.42851,39.50366],[-7.42747,39.50329],[-7.42813,39.50067],[-7.42919,39.50043],[-7.42998,39.5016],[-7.43338,39.50351],[-7.43391,39.50531],[-7.43688,39.50404],[-7.43908,39.50485],[-7.44003,39.50477],[-7.44041,39.50311],[-7.44286,39.49982],[-7.44367,39.49762],[-7.44606,39.49611],[-7.44621,39.49471],[-7.44774,39.49294],[-7.44971,39.492],[-7.45104,39.49175],[-7.45292,39.48933],[-7.45616,39.49072],[-7.45806,39.49264],[-7.45886,39.49491],[-7.46095,39.49566],[-7.46129,39.49663],[-7.46382,39.49784],[-7.46531,39.50055],[-7.46881,39.50255],[-7.47008,39.50459],[-7.47133,39.50544],[-7.47126,39.50719],[-7.47042,39.51063],[-7.46885,39.51164],[-7.46868,39.5133],[-7.47022,39.51303],[-7.4723,39.51326],[-7.47313,39.51276],[-7.47533,39.51307],[-7.47756,39.51235],[-7.4803,39.51196],[-7.48216,39.51275],[-7.48426,39.51283],[-7.48727,39.51349],[-7.48846,39.51277],[-7.48885,39.51058],[-7.4894,39.50953],[-7.48871,39.50652],[-7.48934,39.5051],[-7.48896,39.50271],[-7.49033,39.50149],[-7.4915,39.50143],[-7.49189,39.49851],[-7.49323,39.49783],[-7.49415,39.49599],[-7.49425,39.49485],[-7.4961,39.4937],[-7.50372,39.49483],[-7.51968,39.4989],[-7.52037,39.49957],[-7.52026,39.50218],[-7.52106,39.50233],[-7.52278,39.50142],[-7.52432,39.50186],[-7.52543,39.50167],[-7.52776,39.50059],[-7.53527,39.49825],[-7.53765,39.49792],[-7.53909,39.49729],[-7.54186,39.49695],[-7.54558,39.49694],[-7.54874,39.496],[-7.54979,39.49613],[-7.55194,39.49561],[-7.55346,39.49478],[-7.55562,39.49208],[-7.55928,39.49034],[-7.56033,39.49075],[-7.56524,39.49126],[-7.56693,39.49227],[-7.56888,39.49419],[-7.57152,39.49484],[-7.57101,39.49259],[-7.57094,39.49081],[-7.57174,39.48958],[-7.57147,39.48845],[-7.57179,39.48679],[-7.57164,39.48471],[-7.56955,39.48384],[-7.56961,39.4829],[-7.56844,39.4819],[-7.56893,39.47977],[-7.56832,39.47616],[-7.5675,39.47531],[-7.56679,39.4734],[-7.56703,39.47168],[-7.56676,39.47046],[-7.56786,39.46964],[-7.56953,39.46658],[-7.57249,39.46543],[-7.57575,39.46382],[-7.57863,39.46469],[-7.58088,39.46412],[-7.58114,39.46241],[-7.57923,39.46214],[-7.57688,39.46035],[-7.57621,39.45874],[-7.57774,39.45746],[-7.57969,39.45803],[-7.5806,39.45781],[-7.58253,39.456],[-7.58272,39.4544],[-7.58501,39.45381],[-7.58713,39.45256],[-7.58766,39.45186],[-7.58924,39.45176],[-7.59235,39.45348],[-7.59385,39.45478],[-7.59578,39.45176],[-7.59797,39.4497],[-7.60103,39.44963],[-7.60304,39.44933],[-7.60624,39.44962],[-7.60764,39.45006],[-7.60878,39.45166],[-7.61367,39.45025],[-7.62018,39.44952],[-7.62704,39.44776],[-7.63201,39.44706],[-7.63913,39.44553],[-7.64278,39.44423],[-7.64469,39.44322],[-7.64889,39.44248],[-7.65467,39.44197],[-7.65623,39.44126],[-7.65648,39.44016],[-7.65775,39.43921],[-7.65775,39.43838],[-7.65893,39.43753],[-7.65634,39.43725],[-7.65548,39.43392],[-7.65375,39.43438],[-7.65247,39.43377],[-7.65218,39.43273],[-7.65101,39.43281],[-7.64915,39.43164],[-7.64918,39.4299],[-7.65016,39.42736],[-7.65174,39.42485],[-7.65159,39.42359],[-7.64963,39.42159],[-7.64921,39.41794],[-7.65003,39.41639],[-7.6498,39.41527],[-7.64805,39.41466],[-7.64741,39.41364],[-7.64757,39.4112],[-7.64657,39.41013],[-7.64599,39.40811],[-7.64258,39.40245],[-7.64131,39.40188],[-7.63961,39.39926],[-7.6396,39.39815],[-7.63679,39.39409],[-7.63532,39.39298],[-7.63494,39.3921],[-7.6325,39.39025],[-7.63064,39.39016],[-7.6294,39.39061],[-7.63512,39.37285],[-7.63864,39.37429],[-7.64243,39.37475],[-7.64636,39.37445],[-7.64749,39.37508],[-7.64838,39.37724],[-7.65104,39.37862],[-7.65328,39.37803],[-7.65453,39.377],[-7.65617,39.37661],[-7.65767,39.37488],[-7.65983,39.37429],[-7.65998,39.37252],[-7.66139,39.37055],[-7.66205,39.36904],[-7.66335,39.36745],[-7.66799,39.36584],[-7.67026,39.36434],[-7.67283,39.36353],[-7.67593,39.36168],[-7.67866,39.35956],[-7.68093,39.35877],[-7.68343,39.35842],[-7.68775,39.35832],[-7.68935,39.35936],[-7.69081,39.35968],[-7.69184,39.35897],[-7.69397,39.35447],[-7.69413,39.35306],[-7.69546,39.34931],[-7.69318,39.34846],[-7.69059,39.34677],[-7.68885,39.34534],[-7.68729,39.34531],[-7.68794,39.34335],[-7.68912,39.34183],[-7.69066,39.34283],[-7.69175,39.34278],[-7.69376,39.34044],[-7.69501,39.33833],[-7.69227,39.33581],[-7.6878,39.33252],[-7.68559,39.33146],[-7.68292,39.32911],[-7.6844,39.32763],[-7.68509,39.32591],[-7.68684,39.32346],[-7.68669,39.32165],[-7.68739,39.31893],[-7.68737,39.31781],[-7.68589,39.31649],[-7.68495,39.31685],[-7.68243,39.31571],[-7.68103,39.31384],[-7.67948,39.31282],[-7.6816,39.31078],[-7.68075,39.30938],[-7.68128,39.30649],[-7.68333,39.30594],[-7.68429,39.30306],[-7.68415,39.30138],[-7.68482,39.3006],[-7.6844,39.29891],[-7.68499,39.29819],[-7.68548,39.2962],[-7.68643,39.29437],[-7.68629,39.29323],[-7.6873,39.29206],[-7.68698,39.29148],[-7.68798,39.29031],[-7.69008,39.28913],[-7.69034,39.28675],[-7.68957,39.28628],[-7.68956,39.28499],[-7.69077,39.28427],[-7.69179,39.28202],[-7.69134,39.27935],[-7.69146,39.27774],[-7.69007,39.27557],[-7.69077,39.27443],[-7.68933,39.27288],[-7.69062,39.27136],[-7.69215,39.27025],[-7.69355,39.26677],[-7.69631,39.26561],[-7.69881,39.26395],[-7.70423,39.26599],[-7.70543,39.26325],[-7.70765,39.26376],[-7.70832,39.26435],[-7.7127,39.26564],[-7.71407,39.26513],[-7.71489,39.2627],[-7.71806,39.25951],[-7.71942,39.25666],[-7.72224,39.25494],[-7.72555,39.25451],[-7.72729,39.25405],[-7.72815,39.2529],[-7.72937,39.2527],[-7.73006,39.25341],[-7.73236,39.25362],[-7.73387,39.25341],[-7.73538,39.25207],[-7.73608,39.2522],[-7.73775,39.25051],[-7.73848,39.24921],[-7.74018,39.24801],[-7.74402,39.24618],[-7.74462,39.24537],[-7.7475,39.24304],[-7.7499,39.24238],[-7.75284,39.24209],[-7.75475,39.24002],[-7.75716,39.23842],[-7.75983,39.23744],[-7.76697,39.23359],[-7.77062,39.23248],[-7.77218,39.23242],[-7.77312,39.23137],[-7.77473,39.23062],[-7.77274,39.22939],[-7.77201,39.22756],[-7.77111,39.22775],[-7.76975,39.22675],[-7.76734,39.22695],[-7.7661,39.22646],[-7.76615,39.22461],[-7.76283,39.22398],[-7.76064,39.22189],[-7.757,39.22175],[-7.75587,39.22049],[-7.75395,39.22068],[-7.7526,39.21983],[-7.75096,39.21977],[-7.74963,39.21866],[-7.74776,39.21838],[-7.74646,39.21918],[-7.74395,39.21851],[-7.7423,39.21749],[-7.74005,39.2154],[-7.73807,39.21474],[-7.73726,39.21402],[-7.73542,39.21351],[-7.73227,39.21313],[-7.72935,39.21344],[-7.72746,39.21226],[-7.72584,39.21079],[-7.72464,39.21049],[-7.72204,39.21149],[-7.72081,39.21146],[-7.72016,39.21238],[-7.71825,39.21393],[-7.71723,39.21388],[-7.71996,39.21131],[-7.71768,39.2109],[-7.71796,39.21015],[-7.71398,39.20754],[-7.71187,39.20929],[-7.71017,39.20539],[-7.71204,39.20426],[-7.71309,39.20216],[-7.71501,39.20111],[-7.71662,39.19928],[-7.71513,39.19884],[-7.70332,39.19695],[-7.69882,39.19682],[-7.69526,39.19612],[-7.6883,39.19558],[-7.68486,39.19572],[-7.67921,39.1967],[-7.67744,39.19669],[-7.67762,39.19543],[-7.67908,39.19363],[-7.68399,39.19122],[-7.68314,39.18927],[-7.68054,39.18755],[-7.67775,39.18496],[-7.67634,39.18621],[-7.67572,39.18775],[-7.67303,39.185],[-7.67066,39.18552],[-7.67032,39.18502],[-7.67288,39.18253],[-7.67412,39.18219],[-7.67448,39.18119],[-7.67614,39.17947],[-7.67789,39.17647],[-7.67967,39.17266],[-7.67404,39.17123],[-7.67232,39.17065],[-7.67097,39.16829],[-7.67118,39.16632],[-7.66977,39.16577],[-7.6668,39.16405],[-7.66518,39.16606],[-7.66155,39.1651],[-7.66121,39.16354],[-7.66191,39.16091],[-7.66424,39.15981],[-7.66507,39.1589],[-7.66925,39.15595],[-7.6715,39.15398],[-7.67247,39.1523],[-7.67709,39.15035],[-7.6797,39.14904],[-7.68149,39.14895],[-7.68237,39.14772],[-7.68437,39.14848],[-7.68905,39.15068],[-7.69252,39.13595],[-7.69254,39.1335],[-7.69492,39.13194],[-7.69583,39.13057],[-7.69243,39.12659],[-7.69098,39.12514],[-7.68672,39.12534],[-7.68502,39.12368],[-7.68178,39.12332],[-7.6814,39.12199],[-7.6793,39.12207],[-7.67841,39.12065],[-7.67721,39.12014],[-7.67628,39.12078],[-7.67516,39.12004],[-7.67574,39.11886],[-7.6733,39.11855],[-7.67262,39.11793],[-7.67134,39.11818],[-7.67077,39.11592],[-7.66896,39.1164],[-7.6666,39.11778],[-7.66764,39.11998],[-7.66655,39.12353],[-7.66563,39.12813],[-7.66403,39.1267],[-7.66239,39.1257],[-7.65944,39.1298],[-7.6552,39.13388],[-7.65766,39.13598],[-7.65639,39.13716],[-7.65769,39.13828],[-7.65736,39.13933],[-7.65587,39.13954],[-7.65393,39.13775],[-7.65224,39.13855],[-7.65053,39.1404],[-7.64963,39.14054],[-7.64742,39.14221],[-7.64684,39.14333],[-7.6469,39.14627],[-7.64572,39.1457],[-7.6424,39.14551],[-7.63885,39.14229],[-7.63549,39.14537],[-7.63292,39.14645],[-7.63166,39.1473],[-7.6284,39.14825],[-7.62462,39.15039],[-7.6218,39.14957],[-7.61747,39.14667],[-7.61622,39.1461],[-7.61354,39.14699],[-7.611,39.14737],[-7.6096,39.14724],[-7.60805,39.14844],[-7.60109,39.14885],[-7.59638,39.14941],[-7.59215,39.14896],[-7.58939,39.14989],[-7.5875,39.15162],[-7.58634,39.15413],[-7.58524,39.15401],[-7.58296,39.1556],[-7.5775,39.15826],[-7.57603,39.15772],[-7.57102,39.15914],[-7.57085,39.16008],[-7.56971,39.1618],[-7.56675,39.16126],[-7.56728,39.16001],[-7.56417,39.15923],[-7.56263,39.16212],[-7.56042,39.16508],[-7.55937,39.16703],[-7.55712,39.16636],[-7.55337,39.16687],[-7.54765,39.1646],[-7.54468,39.16283],[-7.54273,39.1611],[-7.53995,39.16004]]]]},"properties":{"idApp":923021,"aopId":"alentejo","name":"Alentejo","nameJa":"アレンテージョ","kind":"regional","tags":[],"rank":0},"bbox":[-8.4105,37.7412,-6.93174,39.51349]},{"type":"Feature","geometry":{"type":"MultiPolygon","coordinates":[[[[-7.89494,41.24993],[-7.89516,41.25224],[-7.89582,41.25548],[-7.89553,41.2567],[-7.89431,41.2592],[-7.89423,41.26071],[-7.89642,41.26287],[-7.89693,41.26445],[-7.89639,41.26754],[-7.89707,41.2678],[-7.90048,41.27036],[-7.90265,41.27138],[-7.90726,41.27254],[-7.90888,41.27269],[-7.91621,41.27262],[-7.9151,41.27429],[-7.91413,41.28052],[-7.91463,41.28178],[-7.91859,41.28403],[-7.9194,41.2854],[-7.91942,41.28736],[-7.92137,41.29032],[-7.92071,41.29105],[-7.91788,41.29216],[-7.91723,41.29275],[-7.91662,41.29544],[-7.91539,41.29763],[-7.91331,41.29845],[-7.91176,41.30017],[-7.90829,41.30183],[-7.90724,41.30313],[-7.90437,41.30408],[-7.90105,41.30661],[-7.89885,41.30761],[-7.89744,41.30965],[-7.8984,41.31203],[-7.8975,41.31402],[-7.89582,41.31573],[-7.89424,41.31606],[-7.89201,41.31725],[-7.8908,41.31702],[-7.88642,41.31818],[-7.87778,41.32164],[-7.87008,41.32552],[-7.86826,41.3261],[-7.8655,41.32583],[-7.86417,41.32619],[-7.8614,41.32767],[-7.85891,41.32774],[-7.85545,41.32748],[-7.85296,41.32774],[-7.83987,41.33973],[-7.83428,41.3435],[-7.83094,41.34719],[-7.8196,41.36446],[-7.81929,41.36699],[-7.82066,41.37474],[-7.82164,41.37865],[-7.81877,41.38456],[-7.81645,41.38897],[-7.81594,41.39184],[-7.80797,41.39348],[-7.80577,41.39329],[-7.8007,41.39782],[-7.79488,41.39989],[-7.78869,41.41141],[-7.78167,41.41259],[-7.77665,41.41124],[-7.77323,41.41056],[-7.77162,41.40969],[-7.77095,41.40806],[-7.76785,41.40587],[-7.76704,41.40363],[-7.76286,41.40385],[-7.76157,41.40453],[-7.7589,41.40475],[-7.75802,41.40449],[-7.75446,41.40576],[-7.75046,41.40592],[-7.74933,41.40534],[-7.74728,41.40536],[-7.74515,41.40665],[-7.74377,41.40959],[-7.73698,41.41607],[-7.73704,41.41673],[-7.73544,41.42032],[-7.7344,41.42152],[-7.73487,41.42206],[-7.73463,41.42569],[-7.73381,41.4278],[-7.73299,41.43133],[-7.73321,41.43355],[-7.73222,41.43616],[-7.73125,41.4373],[-7.72928,41.4386],[-7.72923,41.43959],[-7.72837,41.44062],[-7.72743,41.44269],[-7.72652,41.44391],[-7.72833,41.44596],[-7.7337,41.45623],[-7.74283,41.45787],[-7.75172,41.46216],[-7.75201,41.46338],[-7.75362,41.46387],[-7.75498,41.46632],[-7.75678,41.46702],[-7.76622,41.46949],[-7.77069,41.47204],[-7.77709,41.47657],[-7.77925,41.48128],[-7.78256,41.48578],[-7.78464,41.48746],[-7.78337,41.48782],[-7.78292,41.48944],[-7.78075,41.49102],[-7.77997,41.49216],[-7.77856,41.4923],[-7.77749,41.49325],[-7.77432,41.49496],[-7.77216,41.49707],[-7.76704,41.49827],[-7.76482,41.49739],[-7.76033,41.49701],[-7.75974,41.49676],[-7.75667,41.49768],[-7.75623,41.4988],[-7.74983,41.51274],[-7.74745,41.51527],[-7.74272,41.51871],[-7.74174,41.519],[-7.73872,41.51787],[-7.73579,41.51634],[-7.73048,41.51465],[-7.72739,41.51305],[-7.72681,41.5113],[-7.71773,41.50657],[-7.71339,41.51486],[-7.71128,41.51639],[-7.70683,41.51822],[-7.70628,41.51868],[-7.70776,41.51985],[-7.70844,41.52206],[-7.71305,41.52425],[-7.71619,41.52554],[-7.71717,41.52732],[-7.72017,41.5296],[-7.72237,41.53244],[-7.72758,41.5336],[-7.73148,41.53427],[-7.73454,41.53579],[-7.7362,41.53867],[-7.73852,41.54123],[-7.742,41.54275],[-7.74672,41.54358],[-7.75027,41.54572],[-7.75305,41.54848],[-7.7526,41.55172],[-7.75158,41.55514],[-7.75184,41.55584],[-7.75394,41.55784],[-7.75406,41.559],[-7.75305,41.55978],[-7.75046,41.55999],[-7.74871,41.56085],[-7.74864,41.56175],[-7.7508,41.56412],[-7.75004,41.56556],[-7.74856,41.56553],[-7.74658,41.56457],[-7.7434,41.56402],[-7.74115,41.56447],[-7.73762,41.56423],[-7.7353,41.56475],[-7.7327,41.56772],[-7.73238,41.56897],[-7.73379,41.5704],[-7.73382,41.57125],[-7.73202,41.57283],[-7.73064,41.57475],[-7.72859,41.5761],[-7.72549,41.5772],[-7.72282,41.57885],[-7.72455,41.57985],[-7.72562,41.57961],[-7.72895,41.58024],[-7.72976,41.58135],[-7.7286,41.58293],[-7.72935,41.58434],[-7.72903,41.58509],[-7.73091,41.58724],[-7.73194,41.59093],[-7.73352,41.59307],[-7.73215,41.59424],[-7.73254,41.59616],[-7.7323,41.59751],[-7.7338,41.59948],[-7.72662,41.60161],[-7.72375,41.60415],[-7.71874,41.60691],[-7.71793,41.60803],[-7.71743,41.61176],[-7.71759,41.61621],[-7.71738,41.61921],[-7.71562,41.62114],[-7.71011,41.62361],[-7.7077,41.62537],[-7.70456,41.6261],[-7.7047,41.62859],[-7.70407,41.63165],[-7.70623,41.63262],[-7.70938,41.63512],[-7.71302,41.64044],[-7.71515,41.63941],[-7.71617,41.63968],[-7.71933,41.63937],[-7.71999,41.64118],[-7.72184,41.64211],[-7.72349,41.64451],[-7.72547,41.6461],[-7.7275,41.64598],[-7.72905,41.648],[-7.72838,41.64928],[-7.73223,41.65239],[-7.7373,41.65],[-7.7388,41.64947],[-7.74341,41.6505],[-7.74537,41.64992],[-7.74787,41.6487],[-7.75216,41.64711],[-7.75451,41.64511],[-7.75582,41.64298],[-7.75671,41.64082],[-7.75735,41.63763],[-7.75834,41.63402],[-7.7598,41.62553],[-7.75987,41.62341],[-7.76071,41.6206],[-7.76476,41.61558],[-7.76651,41.61396],[-7.76932,41.60904],[-7.77146,41.60613],[-7.77344,41.60382],[-7.77517,41.60036],[-7.77805,41.59817],[-7.78007,41.59631],[-7.78327,41.59418],[-7.78578,41.59026],[-7.78619,41.58888],[-7.78802,41.58692],[-7.79238,41.588],[-7.79719,41.58879],[-7.80111,41.58892],[-7.80226,41.58837],[-7.80279,41.58652],[-7.80416,41.58463],[-7.80698,41.58432],[-7.80888,41.58282],[-7.80978,41.58121],[-7.81215,41.5785],[-7.81383,41.57991],[-7.81623,41.58127],[-7.81646,41.58003],[-7.81785,41.57927],[-7.81955,41.57975],[-7.81979,41.58122],[-7.81659,41.58371],[-7.81509,41.5854],[-7.81626,41.58681],[-7.81827,41.58759],[-7.81999,41.58778],[-7.82004,41.5897],[-7.82192,41.59089],[-7.82325,41.5943],[-7.82452,41.59599],[-7.82738,41.59856],[-7.82952,41.60222],[-7.83146,41.60307],[-7.83269,41.60433],[-7.83569,41.60633],[-7.83677,41.60886],[-7.83875,41.61001],[-7.83954,41.61098],[-7.84282,41.61253],[-7.84647,41.61386],[-7.84816,41.61414],[-7.85091,41.61507],[-7.85196,41.61187],[-7.85734,41.60142],[-7.85931,41.60012],[-7.86319,41.5995],[-7.86504,41.5979],[-7.86594,41.59547],[-7.86984,41.59325],[-7.87292,41.59205],[-7.87649,41.58955],[-7.87938,41.58823],[-7.88124,41.58795],[-7.88372,41.58807],[-7.88531,41.58907],[-7.88676,41.5907],[-7.89081,41.59325],[-7.89248,41.59308],[-7.89443,41.59185],[-7.89603,41.58966],[-7.90034,41.58734],[-7.90223,41.58696],[-7.90522,41.58695],[-7.91134,41.58792],[-7.91437,41.5878],[-7.91559,41.58879],[-7.92076,41.59051],[-7.92322,41.59116],[-7.92767,41.59314],[-7.92956,41.59468],[-7.93212,41.59527],[-7.94111,41.59456],[-7.94671,41.59608],[-7.95039,41.59403],[-7.95353,41.59316],[-7.95803,41.59757],[-7.96247,41.60213],[-7.96554,41.60384],[-7.96649,41.60392],[-7.9776,41.60297],[-7.98184,41.6008],[-7.98699,41.60079],[-7.98954,41.6019],[-7.99426,41.60262],[-7.99721,41.60347],[-7.99961,41.6081],[-8.00042,41.61554],[-8.00302,41.62088],[-8.00265,41.62232],[-8.00217,41.62664],[-8.00249,41.62751],[-8.00178,41.62908],[-8.00151,41.63114],[-8.00159,41.63345],[-8.00097,41.63505],[-8.00157,41.63703],[-8.00124,41.6409],[-8.00039,41.64214],[-7.99766,41.64242],[-7.99765,41.64495],[-7.9964,41.6472],[-7.99429,41.64813],[-7.99457,41.64925],[-7.99407,41.65063],[-7.9965,41.6514],[-7.99708,41.65238],[-7.99894,41.65334],[-7.99848,41.65498],[-7.99699,41.65657],[-7.99709,41.65802],[-7.99637,41.65879],[-7.99581,41.66096],[-7.99475,41.66191],[-7.99474,41.66364],[-7.9926,41.66526],[-7.98877,41.66649],[-7.98531,41.67039],[-7.98333,41.67433],[-7.98307,41.67584],[-7.98166,41.67772],[-7.98197,41.6792],[-7.9834,41.67973],[-7.98442,41.68148],[-7.98599,41.68196],[-7.9868,41.68115],[-7.9887,41.68159],[-7.98954,41.6826],[-7.98883,41.68425],[-7.99026,41.68502],[-7.99211,41.68461],[-7.99408,41.68652],[-7.99629,41.68678],[-7.99729,41.68783],[-7.99937,41.6866],[-8.00214,41.68834],[-8.00443,41.68704],[-8.00574,41.688],[-8.00591,41.68908],[-8.00832,41.69034],[-8.01002,41.69049],[-8.0124,41.68937],[-8.01459,41.68944],[-8.01679,41.68903],[-8.01806,41.68917],[-8.01856,41.69097],[-8.01944,41.69163],[-8.0207,41.69415],[-8.0225,41.69479],[-8.02352,41.6972],[-8.02465,41.69798],[-8.02643,41.69805],[-8.02905,41.69769],[-8.03148,41.69845],[-8.03293,41.69929],[-8.03649,41.70061],[-8.03891,41.70059],[-8.04047,41.69867],[-8.04267,41.69664],[-8.04503,41.69543],[-8.048,41.69279],[-8.05039,41.69227],[-8.05327,41.6929],[-8.05608,41.69306],[-8.05917,41.69296],[-8.06247,41.69201],[-8.06527,41.6918],[-8.06752,41.69238],[-8.0718,41.69386],[-8.07376,41.69549],[-8.07652,41.69517],[-8.08093,41.69521],[-8.08275,41.69453],[-8.08492,41.69293],[-8.08628,41.69241],[-8.09454,41.69154],[-8.09652,41.69101],[-8.09795,41.69017],[-8.10034,41.69082],[-8.10174,41.69063],[-8.10406,41.6891],[-8.10517,41.68902],[-8.10678,41.6905],[-8.10876,41.69097],[-8.11199,41.68809],[-8.11355,41.68769],[-8.11453,41.68912],[-8.11553,41.68971],[-8.11685,41.68876],[-8.11803,41.68858],[-8.11947,41.68924],[-8.11864,41.69027],[-8.11853,41.69227],[-8.11621,41.69385],[-8.11616,41.69517],[-8.11448,41.69657],[-8.11302,41.69831],[-8.10902,41.70194],[-8.10914,41.70317],[-8.10485,41.70337],[-8.10362,41.7045],[-8.10229,41.70444],[-8.09937,41.70526],[-8.09806,41.70598],[-8.09551,41.7065],[-8.09428,41.70741],[-8.09348,41.70986],[-8.09261,41.71075],[-8.08785,41.71316],[-8.08803,41.71392],[-8.08638,41.7158],[-8.08549,41.72012],[-8.08453,41.72238],[-8.08291,41.72334],[-8.08173,41.72513],[-8.0819,41.72972],[-8.08226,41.73152],[-8.08207,41.73271],[-8.08008,41.73564],[-8.07877,41.73604],[-8.07989,41.73773],[-8.0793,41.73945],[-8.07662,41.74069],[-8.07832,41.74237],[-8.07857,41.74352],[-8.07808,41.74635],[-8.07712,41.74731],[-8.0774,41.74905],[-8.0765,41.7498],[-8.07282,41.75106],[-8.07036,41.75347],[-8.07082,41.75561],[-8.06916,41.75612],[-8.06812,41.75716],[-8.06474,41.75814],[-8.06329,41.75897],[-8.06178,41.76063],[-8.06116,41.76249],[-8.06171,41.76418],[-8.0617,41.76576],[-8.06234,41.76764],[-8.06181,41.77065],[-8.06363,41.77374],[-8.0629,41.77598],[-8.062,41.77697],[-8.06058,41.77733],[-8.06156,41.77958],[-8.0626,41.78015],[-8.06299,41.78211],[-8.06263,41.78323],[-8.06423,41.78613],[-8.06085,41.78725],[-8.06153,41.78859],[-8.06149,41.78967],[-8.05953,41.79149],[-8.05776,41.79528],[-8.05727,41.79811],[-8.04872,41.7997],[-8.04745,41.80183],[-8.04586,41.80155],[-8.0451,41.80392],[-8.04473,41.80832],[-8.04515,41.81041],[-8.04777,41.81257],[-8.04889,41.81401],[-8.05009,41.81841],[-8.05186,41.82061],[-8.05331,41.82112],[-8.05485,41.81835],[-8.05751,41.8162],[-8.06248,41.81658],[-8.0643,41.81749],[-8.06809,41.8162],[-8.07315,41.81352],[-8.07771,41.81374],[-8.07837,41.81279],[-8.08459,41.81121],[-8.08692,41.8131],[-8.08828,41.81244],[-8.08951,41.81248],[-8.09175,41.81137],[-8.09383,41.80898],[-8.09801,41.80949],[-8.09966,41.81023],[-8.10081,41.81007],[-8.10561,41.81257],[-8.10838,41.81181],[-8.11004,41.81202],[-8.11409,41.81136],[-8.11568,41.81221],[-8.11715,41.81223],[-8.11911,41.81092],[-8.12324,41.80887],[-8.12992,41.80896],[-8.14588,41.81465],[-8.15247,41.81773],[-8.15795,41.8182],[-8.16508,41.8183],[-8.16336,41.83179],[-8.16166,41.86067],[-8.16609,41.86214],[-8.16634,41.86432],[-8.16821,41.87025],[-8.16778,41.87067],[-8.16887,41.87223],[-8.16901,41.87601],[-8.17032,41.87724],[-8.17057,41.87907],[-8.17279,41.87857],[-8.17671,41.87653],[-8.17911,41.87656],[-8.18135,41.87616],[-8.18281,41.87491],[-8.18577,41.87537],[-8.18991,41.87679],[-8.19233,41.87687],[-8.19406,41.87568],[-8.19723,41.87528],[-8.19969,41.87405],[-8.20043,41.87624],[-8.2005,41.87848],[-8.19969,41.87916],[-8.19791,41.87934],[-8.19753,41.87993],[-8.20069,41.88333],[-8.19994,41.8848],[-8.20132,41.88757],[-8.20379,41.89019],[-8.20521,41.89353],[-8.21179,41.89743],[-8.21469,41.8979],[-8.21457,41.89928],[-8.21368,41.90063],[-8.21379,41.90151],[-8.21642,41.90484],[-8.21646,41.90734],[-8.21547,41.90769],[-8.21683,41.91158],[-8.21698,41.91365],[-8.21273,41.91773],[-8.21078,41.92355],[-8.20738,41.92443],[-8.20528,41.92656],[-8.20303,41.93025],[-8.20266,41.93251],[-8.19821,41.93812],[-8.1983,41.93977],[-8.19659,41.94051],[-8.19408,41.94296],[-8.19229,41.94368],[-8.19059,41.94632],[-8.18922,41.94752],[-8.18662,41.94864],[-8.18425,41.95053],[-8.18142,41.95173],[-8.17992,41.9539],[-8.17683,41.95435],[-8.1752,41.95509],[-8.17528,41.95598],[-8.17668,41.95885],[-8.1748,41.96035],[-8.1743,41.96236],[-8.17087,41.96269],[-8.16964,41.96326],[-8.16957,41.96595],[-8.16816,41.96757],[-8.16732,41.96788],[-8.16315,41.97559],[-8.16368,41.97812],[-8.16344,41.98272],[-8.14319,41.98766],[-8.14055,41.9888],[-8.13021,42.0036],[-8.12756,42.00544],[-8.12446,42.0064],[-8.11481,42.00462],[-8.10989,42.00726],[-8.09914,42.00922],[-8.09432,42.01284],[-8.09244,42.01207],[-8.08769,42.01472],[-8.08542,42.017],[-8.08419,42.02545],[-8.0829,42.02845],[-8.08386,42.03088],[-8.08376,42.03277],[-8.08281,42.03608],[-8.08384,42.03905],[-8.08425,42.04739],[-8.08531,42.04878],[-8.08526,42.04975],[-8.08693,42.05336],[-8.08801,42.05729],[-8.08886,42.05896],[-8.09305,42.06432],[-8.09685,42.07183],[-8.10069,42.07281],[-8.1045,42.07461],[-8.10722,42.0763],[-8.11848,42.08212],[-8.12411,42.08317],[-8.13769,42.07609],[-8.14907,42.07989],[-8.15894,42.07661],[-8.16405,42.07361],[-8.1701,42.06852],[-8.17141,42.06775],[-8.1763,42.0666],[-8.18228,42.06688],[-8.18726,42.07464],[-8.18458,42.07766],[-8.1847,42.07983],[-8.18607,42.08161],[-8.18543,42.0833],[-8.18695,42.08858],[-8.1867,42.09314],[-8.18592,42.09706],[-8.18676,42.10004],[-8.18899,42.11256],[-8.19052,42.11775],[-8.19245,42.1222],[-8.19316,42.12783],[-8.19277,42.12919],[-8.18893,42.13507],[-8.18881,42.13584],[-8.19122,42.14038],[-8.18885,42.14373],[-8.19119,42.14253],[-8.19207,42.14289],[-8.19331,42.14511],[-8.19578,42.14823],[-8.19577,42.15086],[-8.199,42.15442],[-8.20207,42.15317],[-8.20221,42.15224],[-8.20112,42.14954],[-8.20107,42.14842],[-8.20748,42.14091],[-8.20879,42.14024],[-8.21485,42.13951],[-8.21878,42.13814],[-8.21992,42.13724],[-8.22153,42.13445],[-8.2231,42.13338],[-8.22692,42.13282],[-8.23211,42.13322],[-8.23443,42.1342],[-8.24096,42.13888],[-8.24385,42.13947],[-8.24627,42.13919],[-8.24836,42.13819],[-8.25073,42.1377],[-8.25623,42.13515],[-8.25719,42.1325],[-8.25617,42.12728],[-8.25791,42.12246],[-8.25918,42.12104],[-8.26194,42.1202],[-8.26425,42.12044],[-8.26958,42.12288],[-8.27225,42.12334],[-8.27433,42.12331],[-8.27897,42.12048],[-8.28166,42.11842],[-8.28913,42.11437],[-8.29046,42.11161],[-8.29335,42.1114],[-8.29473,42.11095],[-8.29638,42.10792],[-8.29831,42.10712],[-8.3002,42.10556],[-8.30234,42.10508],[-8.30378,42.10413],[-8.30615,42.10429],[-8.30861,42.1037],[-8.31295,42.10319],[-8.31396,42.10328],[-8.3169,42.10464],[-8.31972,42.10247],[-8.32238,42.10197],[-8.32336,42.10109],[-8.32512,42.09708],[-8.32528,42.09555],[-8.32458,42.09329],[-8.32537,42.09019],[-8.32669,42.08887],[-8.32841,42.08778],[-8.33186,42.08422],[-8.33632,42.08412],[-8.34308,42.08533],[-8.3493,42.08831],[-8.35204,42.08895],[-8.35368,42.09044],[-8.35727,42.09051],[-8.3586,42.08997],[-8.36345,42.09026],[-8.36516,42.09005],[-8.36648,42.08935],[-8.36908,42.08861],[-8.37057,42.08894],[-8.37233,42.0862],[-8.37412,42.0851],[-8.37533,42.08364],[-8.37564,42.08238],[-8.37715,42.08056],[-8.381,42.07729],[-8.38416,42.07747],[-8.38574,42.07662],[-8.39017,42.07543],[-8.3914,42.0774],[-8.39205,42.07932],[-8.39343,42.08051],[-8.39693,42.08078],[-8.39967,42.08038],[-8.40436,42.08046],[-8.40648,42.07996],[-8.40734,42.07854],[-8.4097,42.07805],[-8.41032,42.07745],[-8.4121,42.07733],[-8.41402,42.07645],[-8.41826,42.07396],[-8.41908,42.07311],[-8.42825,42.07225],[-8.43015,42.07257],[-8.43207,42.07359],[-8.43289,42.07559],[-8.43438,42.07744],[-8.43731,42.07909],[-8.44062,42.08202],[-8.44332,42.08295],[-8.44468,42.08268],[-8.44881,42.08316],[-8.4539,42.0829],[-8.4598,42.08161],[-8.46354,42.08178],[-8.47412,42.08096],[-8.47757,42.08105],[-8.4814,42.08143],[-8.48422,42.08208],[-8.48616,42.08208],[-8.49143,42.0812],[-8.50115,42.07848],[-8.50658,42.07827],[-8.51138,42.0785],[-8.51381,42.07753],[-8.52094,42.07849],[-8.52351,42.07847],[-8.52747,42.07764],[-8.52886,42.07396],[-8.52661,42.07027],[-8.52656,42.06855],[-8.5253,42.0657],[-8.52546,42.0645],[-8.53163,42.06074],[-8.53703,42.05897],[-8.54349,42.05563],[-8.54738,42.05436],[-8.55215,42.05379],[-8.55523,42.05292],[-8.55729,42.05132],[-8.56436,42.05238],[-8.57267,42.05153],[-8.59077,42.05485],[-8.59442,42.05517],[-8.60377,42.05411],[-8.60783,42.05319],[-8.61302,42.05281],[-8.61852,42.05162],[-8.62469,42.0511],[-8.63013,42.05],[-8.63699,42.04709],[-8.64032,42.04468],[-8.64152,42.04307],[-8.64343,42.0392],[-8.64501,42.03749],[-8.64869,42.03516],[-8.65268,42.03446],[-8.65506,42.03324],[-8.65682,42.03179],[-8.65832,42.02958],[-8.6592,42.02732],[-8.65929,42.02555],[-8.65829,42.02177],[-8.6581,42.01892],[-8.66012,42.01154],[-8.66072,42.00621],[-8.66142,42.0043],[-8.66346,42.00224],[-8.67287,41.99631],[-8.67851,41.99121],[-8.68041,41.99008],[-8.68522,41.99021],[-8.6874,41.98987],[-8.69059,41.98869],[-8.69646,41.98463],[-8.69927,41.98339],[-8.71445,41.9798],[-8.71828,41.97835],[-8.73147,41.97289],[-8.73723,41.96966],[-8.74408,41.96529],[-8.74639,41.96324],[-8.74796,41.95974],[-8.74767,41.95646],[-8.74554,41.95097],[-8.74585,41.9482],[-8.74823,41.94194],[-8.75263,41.93722],[-8.75717,41.9335],[-8.75993,41.93198],[-8.7675,41.92919],[-8.77342,41.92593],[-8.77864,41.9222],[-8.78281,41.91969],[-8.78709,41.91759],[-8.80198,41.91203],[-8.81852,41.90652],[-8.82566,41.90348],[-8.83043,41.90071],[-8.83358,41.89841],[-8.83713,41.89351],[-8.83797,41.8874],[-8.83911,41.88637],[-8.8448,41.88316],[-8.8506,41.87733],[-8.85291,41.87638],[-8.85849,41.87485],[-8.86319,41.87207],[-8.86646,41.86926],[-8.87004,41.86502],[-8.87153,41.8639],[-8.86896,41.85777],[-8.86814,41.85668],[-8.86737,41.85354],[-8.86771,41.85165],[-8.86736,41.84926],[-8.86777,41.84737],[-8.86874,41.84516],[-8.87286,41.84384],[-8.87495,41.84205],[-8.87609,41.84037],[-8.87657,41.83662],[-8.8762,41.83551],[-8.8766,41.83425],[-8.87626,41.83276],[-8.87694,41.82993],[-8.87648,41.82857],[-8.87378,41.82758],[-8.87335,41.82583],[-8.87436,41.82466],[-8.87485,41.82319],[-8.87371,41.82216],[-8.87405,41.82031],[-8.87268,41.81945],[-8.87287,41.81808],[-8.87062,41.81542],[-8.87063,41.8134],[-8.86656,41.81428],[-8.86462,41.81299],[-8.8651,41.81213],[-8.86554,41.80901],[-8.86693,41.80568],[-8.86832,41.80349],[-8.86944,41.8023],[-8.87087,41.8017],[-8.87122,41.80049],[-8.8733,41.79982],[-8.87436,41.79813],[-8.87345,41.79674],[-8.87426,41.79604],[-8.87304,41.79411],[-8.87293,41.79235],[-8.87183,41.79056],[-8.87193,41.78638],[-8.87251,41.7848],[-8.8722,41.78269],[-8.8716,41.78126],[-8.8717,41.77826],[-8.87279,41.77368],[-8.87585,41.76803],[-8.87693,41.76757],[-8.87684,41.76634],[-8.87783,41.76463],[-8.87871,41.7622],[-8.87814,41.76074],[-8.87787,41.75792],[-8.87872,41.75554],[-8.87984,41.75499],[-8.88106,41.75273],[-8.88056,41.75031],[-8.87941,41.74832],[-8.87803,41.74758],[-8.87826,41.74308],[-8.87793,41.74212],[-8.8754,41.73946],[-8.87515,41.7365],[-8.87357,41.73536],[-8.87395,41.73461],[-8.87172,41.73062],[-8.87238,41.7303],[-8.87257,41.72853],[-8.87195,41.7266],[-8.87057,41.727],[-8.86911,41.72608],[-8.86703,41.72251],[-8.86734,41.72093],[-8.86656,41.71983],[-8.86589,41.71736],[-8.8648,41.7165],[-8.86351,41.7128],[-8.8618,41.71209],[-8.86144,41.71131],[-8.86177,41.70974],[-8.86012,41.70695],[-8.85977,41.70512],[-8.85873,41.70405],[-8.85766,41.70221],[-8.85687,41.70005],[-8.85483,41.69945],[-8.85371,41.69954],[-8.85112,41.69703],[-8.85015,41.69406],[-8.84892,41.69268],[-8.84675,41.67994],[-8.84443,41.67396],[-8.84396,41.67432],[-8.84608,41.67901],[-8.84641,41.68197],[-8.84399,41.68322],[-8.84134,41.68389],[-8.83873,41.68336],[-8.83637,41.68046],[-8.8364,41.67989],[-8.83282,41.67914],[-8.82934,41.67674],[-8.82822,41.6752],[-8.82625,41.67156],[-8.82531,41.66799],[-8.8251,41.66557],[-8.82531,41.66186],[-8.826,41.658],[-8.82626,41.65249],[-8.82736,41.64973],[-8.82472,41.6448],[-8.82478,41.64323],[-8.82309,41.64084],[-8.82209,41.63993],[-8.82131,41.63765],[-8.82009,41.63589],[-8.81988,41.63175],[-8.82,41.63022],[-8.82165,41.62992],[-8.82233,41.62916],[-8.82001,41.62852],[-8.81945,41.62648],[-8.81781,41.62537],[-8.81635,41.62341],[-8.81557,41.62292],[-8.81415,41.62068],[-8.81281,41.61788],[-8.81288,41.61641],[-8.81167,41.61431],[-8.81151,41.6112],[-8.80997,41.60919],[-8.80855,41.60624],[-8.80791,41.6039],[-8.80796,41.60111],[-8.80762,41.59878],[-8.80773,41.59729],[-8.80729,41.59548],[-8.80634,41.5936],[-8.80593,41.5907],[-8.80639,41.58794],[-8.80569,41.58576],[-8.80565,41.58401],[-8.80457,41.58143],[-8.80222,41.57872],[-8.80212,41.576],[-8.79905,41.57162],[-8.79888,41.56817],[-8.79936,41.56568],[-8.79894,41.5653],[-8.79906,41.56307],[-8.79807,41.56254],[-8.79812,41.56153],[-8.79655,41.55954],[-8.79626,41.55813],[-8.79549,41.55727],[-8.79571,41.55603],[-8.79422,41.55269],[-8.79338,41.5485],[-8.79387,41.54265],[-8.79376,41.54133],[-8.79208,41.54132],[-8.79287,41.53938],[-8.79147,41.53723],[-8.79159,41.53564],[-8.79082,41.5336],[-8.79104,41.53261],[-8.79243,41.53026],[-8.79275,41.52703],[-8.7922,41.52493],[-8.791,41.52364],[-8.78927,41.51993],[-8.78853,41.51707],[-8.78884,41.51561],[-8.7875,41.5152],[-8.787,41.51369],[-8.78793,41.50837],[-8.79119,41.50133],[-8.78985,41.50108],[-8.78833,41.49963],[-8.78595,41.4951],[-8.78613,41.49299],[-8.78543,41.49173],[-8.78489,41.48956],[-8.78366,41.48815],[-8.78067,41.48573],[-8.77965,41.48449],[-8.77903,41.48271],[-8.7774,41.48134],[-8.77642,41.478],[-8.77643,41.47197],[-8.77601,41.47025],[-8.77604,41.46815],[-8.77656,41.46419],[-8.7774,41.46049],[-8.77869,41.45655],[-8.77849,41.45068],[-8.77878,41.44814],[-8.77939,41.44631],[-8.78002,41.44241],[-8.78262,41.43688],[-8.78467,41.43294],[-8.78471,41.43002],[-8.78433,41.42665],[-8.78528,41.42434],[-8.78606,41.42031],[-8.78698,41.41843],[-8.78891,41.41668],[-8.78906,41.41592],[-8.78813,41.41482],[-8.78781,41.41182],[-8.78661,41.41183],[-8.78309,41.4086],[-8.78301,41.40753],[-8.781,41.40596],[-8.77897,41.40145],[-8.77938,41.39875],[-8.78082,41.39573],[-8.77873,41.39511],[-8.77654,41.39267],[-8.77508,41.39141],[-8.77501,41.38982],[-8.77543,41.38744],[-8.77509,41.3861],[-8.77215,41.38441],[-8.77127,41.38175],[-8.76972,41.38003],[-8.76873,41.37576],[-8.76927,41.37415],[-8.77196,41.37059],[-8.77138,41.37034],[-8.76889,41.37384],[-8.76674,41.37373],[-8.76332,41.37242],[-8.76445,41.372],[-8.7678,41.37215],[-8.76717,41.37058],[-8.76597,41.36953],[-8.7617,41.36789],[-8.76206,41.36575],[-8.76108,41.36454],[-8.76146,41.36272],[-8.75949,41.36117],[-8.75742,41.35909],[-8.75516,41.35489],[-8.7551,41.35123],[-8.75447,41.35049],[-8.75426,41.34602],[-8.75531,41.34289],[-8.75343,41.34195],[-8.75301,41.341],[-8.75031,41.34024],[-8.74606,41.33968],[-8.74366,41.33855],[-8.74138,41.33659],[-8.74025,41.33422],[-8.73987,41.33275],[-8.73931,41.32813],[-8.73952,41.32618],[-8.73939,41.32326],[-8.74053,41.31771],[-8.74041,41.31658],[-8.74103,41.31414],[-8.7414,41.3109],[-8.74237,41.31035],[-8.74069,41.30924],[-8.73988,41.30756],[-8.73984,41.30615],[-8.73882,41.30386],[-8.7388,41.30223],[-8.73829,41.30171],[-8.73829,41.29908],[-8.73717,41.29584],[-8.73542,41.29272],[-8.73462,41.2925],[-8.73365,41.29091],[-8.73287,41.28847],[-8.73242,41.28606],[-8.73264,41.285],[-8.73204,41.28189],[-8.72982,41.27928],[-8.73019,41.27778],[-8.72965,41.27649],[-8.72986,41.27253],[-8.72886,41.27034],[-8.72819,41.27034],[-8.72761,41.26848],[-8.72874,41.26478],[-8.72548,41.26083],[-8.72495,41.26067],[-8.72411,41.25622],[-8.72477,41.2539],[-8.72464,41.25166],[-8.72521,41.25021],[-8.72601,41.24961],[-8.72567,41.2482],[-8.7267,41.24466],[-8.72738,41.24357],[-8.72916,41.24264],[-8.72745,41.24136],[-8.72761,41.24085],[-8.72461,41.23817],[-8.72436,41.23546],[-8.72376,41.23463],[-8.72393,41.23317],[-8.72213,41.2313],[-8.72263,41.22964],[-8.72247,41.22832],[-8.72048,41.22644],[-8.71809,41.22572],[-8.7167,41.22301],[-8.71705,41.22209],[-8.71619,41.22132],[-8.71595,41.22003],[-8.71635,41.21706],[-8.71569,41.21207],[-8.71587,41.20978],[-8.71709,41.20708],[-8.71722,41.20513],[-8.71637,41.20316],[-8.71427,41.20178],[-8.71341,41.20028],[-8.71226,41.19965],[-8.7115,41.19837],[-8.71237,41.19733],[-8.71014,41.19598],[-8.70998,41.19487],[-8.7081,41.19248],[-8.70727,41.19229],[-8.70683,41.18992],[-8.70721,41.18649],[-8.71131,41.1843],[-8.71227,41.18232],[-8.70822,41.17259],[-8.70773,41.17272],[-8.71024,41.17857],[-8.70955,41.17971],[-8.71079,41.18094],[-8.70984,41.18429],[-8.70881,41.18522],[-8.70616,41.18628],[-8.70488,41.1853],[-8.70298,41.18309],[-8.69857,41.17919],[-8.69739,41.17896],[-8.69372,41.17686],[-8.69108,41.17471],[-8.69012,41.1734],[-8.68423,41.17365],[-8.67986,41.17173],[-8.67886,41.17149],[-8.67536,41.17208],[-8.67141,41.17489],[-8.67062,41.17598],[-8.66824,41.17691],[-8.66726,41.17858],[-8.66566,41.17931],[-8.66408,41.17901],[-8.66185,41.17696],[-8.65778,41.17744],[-8.65306,41.17881],[-8.648,41.18174],[-8.64263,41.18432],[-8.64132,41.18405],[-8.63266,41.17926],[-8.63197,41.17924],[-8.62182,41.18035],[-8.61838,41.18226],[-8.618,41.18303],[-8.61652,41.18351],[-8.61605,41.18426],[-8.60973,41.18533],[-8.60416,41.18594],[-8.60353,41.18586],[-8.59898,41.18368],[-8.59688,41.18375],[-8.59606,41.18194],[-8.59118,41.18009],[-8.58851,41.17966],[-8.58636,41.17999],[-8.58391,41.18136],[-8.58164,41.18043],[-8.57618,41.18095],[-8.57347,41.17972],[-8.56919,41.17823],[-8.56619,41.17605],[-8.56776,41.17413],[-8.56712,41.17202],[-8.56743,41.17121],[-8.5703,41.17002],[-8.57075,41.16814],[-8.57023,41.16757],[-8.56841,41.16748],[-8.56687,41.16686],[-8.56604,41.16565],[-8.56565,41.16208],[-8.56601,41.16138],[-8.55873,41.15614],[-8.55771,41.15807],[-8.55474,41.15962],[-8.55338,41.16006],[-8.55325,41.15886],[-8.55485,41.15732],[-8.55432,41.15494],[-8.55474,41.15321],[-8.55671,41.15254],[-8.55871,41.15049],[-8.56067,41.14958],[-8.5623,41.14963],[-8.56244,41.14811],[-8.56369,41.14637],[-8.56521,41.14674],[-8.56618,41.14639],[-8.56825,41.14673],[-8.56896,41.14736],[-8.57021,41.14478],[-8.57352,41.14406],[-8.57211,41.14267],[-8.5739,41.14234],[-8.57576,41.13996],[-8.57323,41.13611],[-8.57121,41.13007],[-8.56883,41.12619],[-8.56676,41.12482],[-8.56196,41.12412],[-8.55619,41.124],[-8.5539,41.12364],[-8.55014,41.12269],[-8.54772,41.12106],[-8.54211,41.11477],[-8.54025,41.11238],[-8.53743,41.10751],[-8.53597,41.10599],[-8.53183,41.10365],[-8.52887,41.10137],[-8.52736,41.0998],[-8.52538,41.0956],[-8.52201,41.08765],[-8.52115,41.08305],[-8.51887,41.078],[-8.51777,41.07627],[-8.51538,41.07372],[-8.51385,41.07263],[-8.51129,41.07162],[-8.50661,41.07043],[-8.50461,41.07032],[-8.49928,41.0705],[-8.49613,41.0709],[-8.49009,41.07197],[-8.48537,41.07317],[-8.48201,41.07462],[-8.47884,41.07543],[-8.47451,41.07594],[-8.47045,41.07531],[-8.46678,41.07322],[-8.4621,41.06738],[-8.46046,41.06427],[-8.45804,41.06116],[-8.45107,41.05581],[-8.44874,41.05346],[-8.44654,41.05224],[-8.44306,41.04943],[-8.44085,41.04705],[-8.43924,41.04578],[-8.43817,41.0443],[-8.43203,41.0379],[-8.43045,41.0371],[-8.42838,41.03659],[-8.42922,41.03316],[-8.43075,41.03221],[-8.43109,41.03139],[-8.43282,41.02986],[-8.4327,41.02855],[-8.43123,41.02608],[-8.42963,41.02477],[-8.4288,41.02308],[-8.42999,41.02246],[-8.42667,41.02072],[-8.42351,41.02028],[-8.42191,41.01901],[-8.42093,41.0192],[-8.41901,41.01843],[-8.41567,41.01523],[-8.40829,41.01333],[-8.40321,41.01318],[-8.40108,41.01213],[-8.39677,41.01245],[-8.396,41.01136],[-8.39436,41.01037],[-8.39356,41.00821],[-8.39121,41.00611],[-8.38885,41.00453],[-8.39042,41.00209],[-8.38922,41.00138],[-8.38947,40.99996],[-8.39256,40.99615],[-8.39377,40.99524],[-8.39619,40.99411],[-8.397,40.99264],[-8.39687,40.99135],[-8.39749,40.98985],[-8.40147,40.98764],[-8.40288,40.98643],[-8.40357,40.98485],[-8.40479,40.98443],[-8.40529,40.98334],[-8.40669,40.98275],[-8.40797,40.98311],[-8.4102,40.98263],[-8.41054,40.98158],[-8.41278,40.98037],[-8.41363,40.97954],[-8.41478,40.97653],[-8.41584,40.97467],[-8.41687,40.9743],[-8.41709,40.97304],[-8.41797,40.97204],[-8.42061,40.97262],[-8.42165,40.97126],[-8.42332,40.97148],[-8.42683,40.97263],[-8.42836,40.97059],[-8.42818,40.96941],[-8.42619,40.96763],[-8.42796,40.96518],[-8.42887,40.96332],[-8.42826,40.96204],[-8.42958,40.96033],[-8.43268,40.95988],[-8.43307,40.95893],[-8.43169,40.95818],[-8.43156,40.95728],[-8.43354,40.95559],[-8.43248,40.95399],[-8.43218,40.95277],[-8.43031,40.95101],[-8.42983,40.94963],[-8.42723,40.94821],[-8.42815,40.94685],[-8.42976,40.94592],[-8.43255,40.94371],[-8.43178,40.94181],[-8.43073,40.94077],[-8.42918,40.94005],[-8.42908,40.93811],[-8.43145,40.93644],[-8.43183,40.93569],[-8.42845,40.93433],[-8.42692,40.9345],[-8.42481,40.9338],[-8.42206,40.93409],[-8.41828,40.92978],[-8.41358,40.9276],[-8.41175,40.92798],[-8.40871,40.92787],[-8.40681,40.9263],[-8.40604,40.92438],[-8.40324,40.92266],[-8.40149,40.92088],[-8.39984,40.91868],[-8.40008,40.91802],[-8.39891,40.9165],[-8.39869,40.91514],[-8.39619,40.91272],[-8.39499,40.90916],[-8.39532,40.90742],[-8.39454,40.90688],[-8.39374,40.90532],[-8.39093,40.90542],[-8.38972,40.90575],[-8.38648,40.90572],[-8.38512,40.90495],[-8.38566,40.90226],[-8.38695,40.90057],[-8.38678,40.89993],[-8.38918,40.8992],[-8.39039,40.89801],[-8.39325,40.89681],[-8.39435,40.89801],[-8.39666,40.89494],[-8.39943,40.89301],[-8.40156,40.88957],[-8.40213,40.88778],[-8.4022,40.88572],[-8.40178,40.88451],[-8.39999,40.88311],[-8.3975,40.88214],[-8.39473,40.87987],[-8.39574,40.87793],[-8.3972,40.87722],[-8.39769,40.87567],[-8.39938,40.87296],[-8.40289,40.87147],[-8.4038,40.87077],[-8.40535,40.87133],[-8.40647,40.87298],[-8.40729,40.87166],[-8.41259,40.87403],[-8.41412,40.8741],[-8.41486,40.87329],[-8.41425,40.86985],[-8.41436,40.8691],[-8.41774,40.86879],[-8.42038,40.86752],[-8.42449,40.86725],[-8.42408,40.8655],[-8.42457,40.86361],[-8.43697,40.8535],[-8.43987,40.85085],[-8.44228,40.85027],[-8.44632,40.8498],[-8.44814,40.8508],[-8.44897,40.84875],[-8.44886,40.84516],[-8.45004,40.84417],[-8.4499,40.83991],[-8.44945,40.83903],[-8.45052,40.83815],[-8.44958,40.83711],[-8.45046,40.8352],[-8.4513,40.83437],[-8.45066,40.83327],[-8.44989,40.82747],[-8.44869,40.82657],[-8.44871,40.82583],[-8.44776,40.81547],[-8.44815,40.81415],[-8.45004,40.81237],[-8.44907,40.81102],[-8.44641,40.8123],[-8.44587,40.81299],[-8.44442,40.81068],[-8.44313,40.8051],[-8.44239,40.80301],[-8.44063,40.80131],[-8.43917,40.80036],[-8.43618,40.79981],[-8.43475,40.80056],[-8.43341,40.79872],[-8.43175,40.7983],[-8.43085,40.79731],[-8.42721,40.79481],[-8.42661,40.79392],[-8.42654,40.79204],[-8.42523,40.79217],[-8.42408,40.79088],[-8.42232,40.78991],[-8.41731,40.78839],[-8.41721,40.78873],[-8.41265,40.78905],[-8.40716,40.78801],[-8.40063,40.78836],[-8.39881,40.78805],[-8.3943,40.79432],[-8.39356,40.79617],[-8.39474,40.7992],[-8.39179,40.79833],[-8.39093,40.79698],[-8.38607,40.79589],[-8.38409,40.79697],[-8.38371,40.79863],[-8.37354,40.79945],[-8.37153,40.79935],[-8.36901,40.79992],[-8.36738,40.79945],[-8.36336,40.7934],[-8.35766,40.78792],[-8.34542,40.78048],[-8.33983,40.77745],[-8.33851,40.77646],[-8.33708,40.77648],[-8.33358,40.77791],[-8.32924,40.77863],[-8.32422,40.78564],[-8.32182,40.78618],[-8.31851,40.78658],[-8.31534,40.78632],[-8.31321,40.78573],[-8.31022,40.78059],[-8.30955,40.7799],[-8.30616,40.77849],[-8.30444,40.7771],[-8.30256,40.7771],[-8.29883,40.78095],[-8.29605,40.78304],[-8.28983,40.78412],[-8.28885,40.78407],[-8.28523,40.78476],[-8.28503,40.78366],[-8.28566,40.78273],[-8.28536,40.78088],[-8.28305,40.77918],[-8.28227,40.77957],[-8.28129,40.77839],[-8.28118,40.77693],[-8.28165,40.77569],[-8.28089,40.77333],[-8.28006,40.77262],[-8.27706,40.76839],[-8.27614,40.76953],[-8.27441,40.7691],[-8.27356,40.76817],[-8.27298,40.7662],[-8.27337,40.76317],[-8.27133,40.7649],[-8.26914,40.76728],[-8.26903,40.76851],[-8.2675,40.7706],[-8.26865,40.77128],[-8.26781,40.77321],[-8.2661,40.77424],[-8.26506,40.7774],[-8.26534,40.779],[-8.26757,40.77937],[-8.26813,40.78054],[-8.2672,40.78128],[-8.26513,40.7821],[-8.26316,40.78327],[-8.26129,40.78557],[-8.25918,40.78532],[-8.2584,40.78627],[-8.25947,40.7871],[-8.2586,40.78802],[-8.25657,40.78842],[-8.25645,40.79006],[-8.25515,40.79118],[-8.25505,40.79219],[-8.25605,40.7927],[-8.25664,40.79386],[-8.25634,40.79579],[-8.25733,40.79755],[-8.25643,40.79968],[-8.25219,40.80219],[-8.25203,40.8038],[-8.24996,40.80341],[-8.24731,40.80417],[-8.24583,40.80608],[-8.24342,40.80726],[-8.24437,40.80916],[-8.24429,40.81145],[-8.24293,40.81231],[-8.24237,40.81415],[-8.24085,40.81569],[-8.2395,40.81817],[-8.23735,40.82321],[-8.23676,40.82749],[-8.24056,40.83269],[-8.24252,40.83695],[-8.24358,40.83828],[-8.24415,40.83985],[-8.24731,40.84319],[-8.24816,40.84469],[-8.24896,40.84851],[-8.24948,40.84951],[-8.25165,40.85175],[-8.25313,40.85293],[-8.25509,40.85584],[-8.25116,40.85742],[-8.24596,40.85909],[-8.24173,40.86094],[-8.23707,40.8625],[-8.23152,40.86469],[-8.23043,40.86442],[-8.22883,40.86301],[-8.22188,40.85758],[-8.21459,40.85478],[-8.21333,40.8536],[-8.20869,40.85066],[-8.20783,40.84932],[-8.20533,40.84808],[-8.19885,40.847],[-8.19051,40.84612],[-8.18877,40.84821],[-8.18464,40.85138],[-8.17795,40.85759],[-8.17645,40.85953],[-8.17535,40.86007],[-8.17096,40.86305],[-8.16948,40.86515],[-8.16744,40.86618],[-8.16594,40.86588],[-8.1592,40.86229],[-8.15512,40.859],[-8.14924,40.85516],[-8.14535,40.85496],[-8.14276,40.8543],[-8.13971,40.85191],[-8.13538,40.84977],[-8.13374,40.8492],[-8.13117,40.84883],[-8.12844,40.84894],[-8.12656,40.84944],[-8.12488,40.84945],[-8.11995,40.85142],[-8.11705,40.85236],[-8.1133,40.85267],[-8.10994,40.85467],[-8.10642,40.85517],[-8.10304,40.86687],[-8.10613,40.87069],[-8.10804,40.87251],[-8.11014,40.87361],[-8.1107,40.87571],[-8.11199,40.87843],[-8.11119,40.87991],[-8.11113,40.88201],[-8.11218,40.88319],[-8.11489,40.88509],[-8.11593,40.88688],[-8.11562,40.88756],[-8.11559,40.89033],[-8.11975,40.89195],[-8.1203,40.89317],[-8.12459,40.89437],[-8.12589,40.89606],[-8.12796,40.89815],[-8.12809,40.89881],[-8.12689,40.90235],[-8.12532,40.90277],[-8.12482,40.90358],[-8.12499,40.90536],[-8.12369,40.90847],[-8.12453,40.91103],[-8.12273,40.91636],[-8.12042,40.91794],[-8.12149,40.92094],[-8.1229,40.92491],[-8.12468,40.92696],[-8.127,40.92824],[-8.12733,40.93046],[-8.12803,40.93115],[-8.12701,40.93241],[-8.12813,40.9337],[-8.12995,40.93453],[-8.13054,40.93604],[-8.13061,40.94036],[-8.13204,40.942],[-8.13261,40.94795],[-8.13152,40.95061],[-8.13013,40.95183],[-8.12806,40.95197],[-8.12526,40.95359],[-8.12394,40.9536],[-8.12218,40.95471],[-8.12109,40.95721],[-8.12028,40.95799],[-8.11732,40.96298],[-8.11691,40.96494],[-8.11512,40.96567],[-8.11328,40.96719],[-8.11276,40.96816],[-8.10972,40.97046],[-8.1083,40.97058],[-8.10687,40.9713],[-8.10526,40.97329],[-8.1042,40.97376],[-8.10183,40.97326],[-8.1008,40.97447],[-8.10038,40.97669],[-8.10135,40.9781],[-8.10023,40.98002],[-8.09829,40.98152],[-8.0962,40.98255],[-8.09232,40.98578],[-8.08917,40.98756],[-8.08743,40.98578],[-8.08331,40.98588],[-8.079,40.98472],[-8.07736,40.98348],[-8.07373,40.98322],[-8.07157,40.98354],[-8.06906,40.98354],[-8.06762,40.98301],[-8.0612,40.98172],[-8.05726,40.98363],[-8.05357,40.98499],[-8.05187,40.98636],[-8.05105,40.98653],[-8.04896,40.98474],[-8.04805,40.98445],[-8.04043,40.98472],[-8.04023,40.98228],[-8.03596,40.97801],[-8.03463,40.97612],[-8.02806,40.97098],[-8.02759,40.97014],[-8.02352,40.96681],[-8.01964,40.96474],[-8.01668,40.96494],[-8.01355,40.96589],[-8.01097,40.96641],[-8.00897,40.96632],[-8.00799,40.96731],[-8.0067,40.96685],[-8.00425,40.96708],[-8.00249,40.96808],[-7.99947,40.96739],[-7.99761,40.96724],[-7.99492,40.96934],[-7.9918,40.97007],[-7.99072,40.97091],[-7.99079,40.97316],[-7.98793,40.97357],[-7.98634,40.97465],[-7.98453,40.97486],[-7.98289,40.97452],[-7.98089,40.97588],[-7.97824,40.97465],[-7.9765,40.97578],[-7.97627,40.97644],[-7.97422,40.97615],[-7.97307,40.97428],[-7.97223,40.97439],[-7.97054,40.97247],[-7.96693,40.97347],[-7.96676,40.97464],[-7.96798,40.97497],[-7.96733,40.97669],[-7.96529,40.97723],[-7.96377,40.97892],[-7.9637,40.97983],[-7.96087,40.98195],[-7.95639,40.98462],[-7.95535,40.98604],[-7.95357,40.98764],[-7.95296,40.98905],[-7.95011,40.99201],[-7.94999,40.99477],[-7.95114,40.99699],[-7.95072,40.99796],[-7.95119,40.9993],[-7.9478,41.00268],[-7.94675,41.00459],[-7.94692,41.00636],[-7.94406,41.01242],[-7.93979,41.01574],[-7.93621,41.0175],[-7.93487,41.01679],[-7.93333,41.01672],[-7.92888,41.01584],[-7.92668,41.01588],[-7.92443,41.01627],[-7.92254,41.01811],[-7.9216,41.01973],[-7.91965,41.01943],[-7.91891,41.01997],[-7.91568,41.01997],[-7.91459,41.02093],[-7.91462,41.02317],[-7.91358,41.02515],[-7.91277,41.02547],[-7.91106,41.02818],[-7.91143,41.03104],[-7.91114,41.03314],[-7.9104,41.03456],[-7.90937,41.03813],[-7.90755,41.04141],[-7.90651,41.04439],[-7.90432,41.0476],[-7.89745,41.05297],[-7.89643,41.05423],[-7.89356,41.05702],[-7.89009,41.05734],[-7.88359,41.06544],[-7.88057,41.07113],[-7.87853,41.07289],[-7.87894,41.07716],[-7.87572,41.08095],[-7.87053,41.08797],[-7.86847,41.094],[-7.86945,41.09717],[-7.86702,41.09963],[-7.86325,41.1004],[-7.86031,41.10273],[-7.85981,41.10539],[-7.85479,41.10865],[-7.8507,41.11111],[-7.85035,41.11271],[-7.85164,41.11675],[-7.85214,41.1172],[-7.85301,41.11975],[-7.85369,41.12086],[-7.85594,41.122],[-7.85723,41.12393],[-7.85976,41.12535],[-7.86085,41.1266],[-7.85865,41.12909],[-7.8587,41.12996],[-7.86011,41.13035],[-7.86156,41.13164],[-7.86067,41.13233],[-7.86283,41.13518],[-7.86574,41.13768],[-7.86815,41.13914],[-7.87142,41.14198],[-7.87474,41.1445],[-7.87485,41.14568],[-7.87282,41.14756],[-7.87538,41.14961],[-7.88013,41.15051],[-7.8806,41.14911],[-7.88276,41.14515],[-7.88513,41.14284],[-7.88567,41.14096],[-7.88637,41.13645],[-7.88753,41.13394],[-7.88911,41.13299],[-7.89049,41.13341],[-7.89248,41.13472],[-7.89318,41.13468],[-7.89649,41.13277],[-7.8977,41.1312],[-7.89771,41.12934],[-7.89698,41.12734],[-7.89741,41.12406],[-7.89979,41.1205],[-7.90134,41.11941],[-7.90563,41.11873],[-7.90892,41.11953],[-7.91186,41.11989],[-7.91171,41.12261],[-7.91242,41.12418],[-7.9115,41.127],[-7.91315,41.12965],[-7.91233,41.13082],[-7.91244,41.13301],[-7.9136,41.13496],[-7.91154,41.13977],[-7.91055,41.14048],[-7.90865,41.14275],[-7.90502,41.14512],[-7.90327,41.14583],[-7.90119,41.14727],[-7.90182,41.14923],[-7.90036,41.15076],[-7.9006,41.15238],[-7.90251,41.15348],[-7.9037,41.15474],[-7.90202,41.15607],[-7.90052,41.15581],[-7.89855,41.15695],[-7.8977,41.15858],[-7.89672,41.15818],[-7.89284,41.15952],[-7.89314,41.16123],[-7.89186,41.16144],[-7.88956,41.16294],[-7.89228,41.16421],[-7.8937,41.16397],[-7.89413,41.16536],[-7.89712,41.16706],[-7.89789,41.16819],[-7.89542,41.16833],[-7.89684,41.17104],[-7.89834,41.17125],[-7.89894,41.17286],[-7.89848,41.17458],[-7.89734,41.17463],[-7.89528,41.17727],[-7.89423,41.17798],[-7.89395,41.17918],[-7.89265,41.18082],[-7.89035,41.18276],[-7.89059,41.18449],[-7.89013,41.18671],[-7.8892,41.18782],[-7.88827,41.18792],[-7.88797,41.18909],[-7.88994,41.19576],[-7.88986,41.1987],[-7.89034,41.20244],[-7.8933,41.20603],[-7.89409,41.20924],[-7.89208,41.21066],[-7.89177,41.2137],[-7.88828,41.2178],[-7.88634,41.22308],[-7.88442,41.22589],[-7.88358,41.2283],[-7.88178,41.23064],[-7.87908,41.23217],[-7.87977,41.23426],[-7.87937,41.23713],[-7.87787,41.24088],[-7.87558,41.24205],[-7.87992,41.24564],[-7.88232,41.24693],[-7.88697,41.24847],[-7.89422,41.24874],[-7.89494,41.24993]]],[[[-8.87549,41.8586],[-8.87408,41.85875],[-8.87373,41.85991],[-8.8755,41.85988],[-8.87549,41.8586]]]]},"properties":{"idApp":923001,"aopId":"vinho-verde","name":"Vinho Verde","nameJa":"ヴィーニョ・ヴェルデ","kind":"regional","tags":[],"rank":0},"bbox":[-8.88106,40.76317,-7.70407,42.15442]},{"type":"Feature","geometry":{"type":"MultiPolygon","coordinates":[[[[-7.47549,40.59982],[-7.46727,40.5999],[-7.45859,40.6011],[-7.45526,40.60139],[-7.44681,40.60144],[-7.44351,40.60294],[-7.44218,40.60525],[-7.44266,40.60667],[-7.44101,40.60855],[-7.43911,40.60958],[-7.43858,40.61087],[-7.4375,40.61189],[-7.43572,40.61471],[-7.43518,40.61625],[-7.43344,40.61684],[-7.43051,40.61667],[-7.42798,40.61776],[-7.42625,40.61947],[-7.4226,40.61924],[-7.4219,40.62007],[-7.42261,40.62084],[-7.4219,40.62271],[-7.42015,40.62432],[-7.42117,40.62741],[-7.416,40.62877],[-7.41231,40.62952],[-7.40935,40.62942],[-7.40439,40.63027],[-7.40074,40.63132],[-7.399,40.63],[-7.39893,40.62876],[-7.40118,40.6262],[-7.40008,40.62425],[-7.39786,40.62283],[-7.39597,40.62094],[-7.39278,40.61979],[-7.39287,40.61864],[-7.39414,40.61763],[-7.39468,40.61632],[-7.39475,40.61465],[-7.39404,40.61301],[-7.39443,40.6116],[-7.39704,40.60842],[-7.39715,40.60788],[-7.39378,40.60609],[-7.38514,40.60556],[-7.37383,40.61103],[-7.36767,40.61468],[-7.36483,40.6225],[-7.36408,40.61853],[-7.36378,40.61529],[-7.36308,40.61332],[-7.35892,40.61375],[-7.35724,40.61373],[-7.35553,40.61318],[-7.34975,40.60807],[-7.34854,40.60788],[-7.34637,40.60685],[-7.34396,40.60505],[-7.3402,40.60479],[-7.33573,40.604],[-7.33286,40.60278],[-7.32967,40.60097],[-7.32801,40.60038],[-7.32569,40.59876],[-7.32487,40.59854],[-7.32489,40.59717],[-7.32177,40.59713],[-7.32047,40.5965],[-7.31878,40.59678],[-7.31759,40.59748],[-7.31324,40.59577],[-7.31157,40.59474],[-7.3087,40.5949],[-7.30603,40.59376],[-7.30286,40.59327],[-7.30022,40.59528],[-7.29982,40.5967],[-7.3002,40.59747],[-7.30028,40.60173],[-7.29887,40.60136],[-7.29561,40.60175],[-7.29365,40.60088],[-7.29251,40.60163],[-7.28915,40.60203],[-7.2889,40.6028],[-7.28607,40.6027],[-7.27631,40.60624],[-7.27087,40.60464],[-7.26959,40.60578],[-7.26801,40.60836],[-7.26643,40.6098],[-7.26461,40.61308],[-7.26139,40.61672],[-7.26164,40.61931],[-7.2612,40.62144],[-7.26158,40.624],[-7.26621,40.63462],[-7.26561,40.63563],[-7.26451,40.63591],[-7.26293,40.63706],[-7.2627,40.63807],[-7.26162,40.63837],[-7.26025,40.63954],[-7.2589,40.63958],[-7.25637,40.6404],[-7.25279,40.64016],[-7.25147,40.64112],[-7.25054,40.64086],[-7.24946,40.63906],[-7.24649,40.63872],[-7.24319,40.63541],[-7.23953,40.63294],[-7.23599,40.63502],[-7.23514,40.63654],[-7.23031,40.63741],[-7.2292,40.63615],[-7.22641,40.63384],[-7.22311,40.632],[-7.22126,40.63218],[-7.21863,40.6311],[-7.21792,40.6297],[-7.21893,40.62697],[-7.21914,40.62525],[-7.22022,40.62397],[-7.22144,40.62166],[-7.22162,40.62006],[-7.22405,40.61759],[-7.22449,40.61532],[-7.2243,40.61445],[-7.22485,40.61265],[-7.22463,40.61195],[-7.22657,40.61019],[-7.22257,40.60465],[-7.22343,40.60327],[-7.22456,40.60267],[-7.22651,40.60255],[-7.22921,40.60186],[-7.23128,40.60211],[-7.2344,40.60102],[-7.23288,40.59934],[-7.23289,40.59812],[-7.23123,40.59522],[-7.23295,40.59472],[-7.2329,40.59249],[-7.23227,40.59],[-7.23142,40.58889],[-7.22979,40.58859],[-7.23135,40.58686],[-7.2318,40.58546],[-7.23401,40.58403],[-7.23371,40.58259],[-7.23416,40.58157],[-7.23591,40.58011],[-7.23625,40.57915],[-7.23021,40.58048],[-7.22892,40.58126],[-7.22804,40.58068],[-7.22286,40.58207],[-7.22121,40.5834],[-7.21842,40.58499],[-7.21801,40.58441],[-7.21532,40.58416],[-7.2137,40.58485],[-7.2102,40.58517],[-7.20843,40.58449],[-7.20637,40.58429],[-7.2021,40.58479],[-7.19282,40.58387],[-7.1918,40.58213],[-7.19132,40.58055],[-7.18905,40.57826],[-7.18786,40.57526],[-7.18668,40.57453],[-7.18585,40.57287],[-7.18459,40.57138],[-7.18197,40.57168],[-7.18115,40.56996],[-7.17816,40.56868],[-7.17714,40.56526],[-7.1766,40.56428],[-7.17463,40.5632],[-7.17378,40.56229],[-7.17332,40.56061],[-7.17207,40.55924],[-7.16942,40.55864],[-7.16827,40.55896],[-7.16094,40.55784],[-7.1481,40.55508],[-7.14787,40.55682],[-7.14627,40.55846],[-7.14491,40.55764],[-7.1435,40.55753],[-7.13744,40.55656],[-7.1363,40.55484],[-7.13425,40.5543],[-7.13414,40.55584],[-7.13332,40.55704],[-7.13126,40.5551],[-7.12903,40.55508],[-7.12824,40.55558],[-7.12505,40.55599],[-7.1238,40.55546],[-7.12038,40.55537],[-7.12009,40.55628],[-7.11774,40.55634],[-7.11654,40.556],[-7.11406,40.55667],[-7.11125,40.55584],[-7.11091,40.555],[-7.10855,40.55393],[-7.10734,40.55233],[-7.10525,40.55109],[-7.10359,40.54959],[-7.10377,40.54874],[-7.10239,40.54804],[-7.09267,40.55313],[-7.09254,40.55219],[-7.09113,40.55136],[-7.09157,40.54733],[-7.09115,40.54677],[-7.09093,40.54443],[-7.09237,40.54058],[-7.09405,40.53795],[-7.09062,40.53786],[-7.09068,40.53712],[-7.08873,40.53626],[-7.08674,40.53716],[-7.08435,40.53549],[-7.08167,40.53504],[-7.08009,40.53527],[-7.08013,40.53646],[-7.07881,40.53746],[-7.07869,40.53904],[-7.07649,40.54042],[-7.07382,40.54032],[-7.07257,40.54085],[-7.07189,40.54228],[-7.07199,40.54387],[-7.07108,40.54545],[-7.06896,40.54637],[-7.0682,40.54722],[-7.06692,40.55048],[-7.06605,40.55104],[-7.06202,40.55182],[-7.06076,40.55255],[-7.0581,40.55295],[-7.05677,40.55251],[-7.05562,40.55296],[-7.05168,40.55214],[-7.05182,40.55047],[-7.0504,40.54812],[-7.05012,40.54024],[-7.04932,40.53801],[-7.04711,40.53509],[-7.04626,40.53437],[-7.04431,40.53418],[-7.04056,40.53337],[-7.03967,40.53194],[-7.03377,40.53136],[-7.03211,40.52876],[-7.02906,40.51959],[-7.02847,40.51852],[-7.02731,40.51807],[-7.02602,40.52],[-7.02279,40.52033],[-7.02079,40.52095],[-7.01806,40.51942],[-7.01707,40.5201],[-7.01477,40.51955],[-7.01393,40.52048],[-7.01241,40.52059],[-7.01163,40.52131],[-7.0088,40.52295],[-7.00691,40.52337],[-7.00451,40.52271],[-7.00428,40.52383],[-7.00173,40.52384],[-6.99975,40.5248],[-6.99622,40.52421],[-6.99456,40.52455],[-6.99288,40.52591],[-6.99025,40.52668],[-6.98699,40.52919],[-6.98469,40.5293],[-6.98192,40.5319],[-6.98265,40.53241],[-6.98624,40.53321],[-6.98946,40.53503],[-6.99377,40.53722],[-6.99532,40.5358],[-7.00362,40.53583],[-7.00681,40.53713],[-7.01173,40.53888],[-7.01625,40.54186],[-7.01878,40.54378],[-7.01585,40.54742],[-7.0132,40.55162],[-7.01256,40.55297],[-7.00889,40.55635],[-7.0175,40.56006],[-7.01289,40.56236],[-7.00897,40.56932],[-7.00506,40.56829],[-6.99714,40.56652],[-6.9963,40.56616],[-6.99475,40.56659],[-6.99128,40.56607],[-6.98198,40.56426],[-6.98048,40.57149],[-6.98026,40.57739],[-6.97966,40.57884],[-6.98129,40.58101],[-6.98223,40.58276],[-6.98299,40.58803],[-6.98599,40.59122],[-6.9879,40.59269],[-6.97812,40.59163],[-6.97854,40.59472],[-6.97858,40.59932],[-6.97815,40.60691],[-6.97373,40.61982],[-6.97835,40.61998],[-6.97937,40.62028],[-6.98138,40.62318],[-6.98367,40.63119],[-6.97855,40.64529],[-6.97644,40.64926],[-6.974,40.65332],[-6.97251,40.65712],[-6.96894,40.66189],[-6.96937,40.66565],[-6.96978,40.6674],[-6.96796,40.66925],[-6.96792,40.67031],[-6.96654,40.67202],[-6.96534,40.67269],[-6.96419,40.67425],[-6.96456,40.67529],[-6.9635,40.67585],[-6.9618,40.67914],[-6.96153,40.68105],[-6.96074,40.68191],[-6.95885,40.68299],[-6.95679,40.6831],[-6.95572,40.68385],[-6.93763,40.69275],[-6.93245,40.69552],[-6.93011,40.6966],[-6.92948,40.69542],[-6.9303,40.69079],[-6.92917,40.69008],[-6.92718,40.69016],[-6.92448,40.68903],[-6.92411,40.6874],[-6.92444,40.6849],[-6.92379,40.68343],[-6.92261,40.68256],[-6.92122,40.67933],[-6.92063,40.67642],[-6.92013,40.6755],[-6.91839,40.67425],[-6.9159,40.6735],[-6.916,40.66946],[-6.91524,40.66809],[-6.91403,40.66725],[-6.91336,40.66491],[-6.91177,40.66371],[-6.90966,40.66146],[-6.90865,40.65978],[-6.90871,40.65849],[-6.90999,40.65528],[-6.91341,40.65102],[-6.91408,40.64911],[-6.91396,40.64693],[-6.9129,40.64602],[-6.91086,40.64539],[-6.91021,40.6433],[-6.909,40.64284],[-6.90779,40.64142],[-6.9091,40.63908],[-6.90865,40.63836],[-6.90912,40.63616],[-6.90712,40.6345],[-6.90703,40.63339],[-6.90801,40.6292],[-6.90727,40.62812],[-6.90982,40.62461],[-6.91159,40.62258],[-6.91234,40.62074],[-6.91631,40.61873],[-6.91711,40.61795],[-6.91912,40.61441],[-6.92025,40.60977],[-6.91957,40.60786],[-6.91975,40.60595],[-6.92068,40.60456],[-6.92171,40.60197],[-6.92216,40.59825],[-6.92363,40.59594],[-6.92391,40.59446],[-6.91132,40.59385],[-6.91032,40.59401],[-6.90528,40.59664],[-6.90356,40.5952],[-6.90019,40.5957],[-6.89808,40.5967],[-6.89491,40.59679],[-6.89366,40.59651],[-6.89117,40.59755],[-6.88713,40.59827],[-6.88162,40.59861],[-6.86745,40.59532],[-6.86479,40.5957],[-6.86432,40.59824],[-6.86264,40.60102],[-6.86048,40.60346],[-6.85914,40.60736],[-6.85723,40.61139],[-6.85598,40.61277],[-6.85436,40.61557],[-6.85356,40.61824],[-6.85361,40.61981],[-6.85229,40.62433],[-6.85302,40.62972],[-6.85456,40.63342],[-6.85616,40.6391],[-6.8562,40.6435],[-6.85752,40.65604],[-6.85813,40.65913],[-6.8582,40.66368],[-6.86193,40.67178],[-6.863,40.67278],[-6.85891,40.67371],[-6.84657,40.68075],[-6.84379,40.68169],[-6.84351,40.68585],[-6.84444,40.68705],[-6.84629,40.68791],[-6.84558,40.68961],[-6.84719,40.69002],[-6.8474,40.69176],[-6.84811,40.69212],[-6.84789,40.69433],[-6.85008,40.69612],[-6.85028,40.69733],[-6.84914,40.69895],[-6.84964,40.69986],[-6.84937,40.7016],[-6.85007,40.70253],[-6.85231,40.70425],[-6.85197,40.70537],[-6.85258,40.70598],[-6.85318,40.70813],[-6.85271,40.7109],[-6.85133,40.71304],[-6.85112,40.71835],[-6.85155,40.71944],[-6.85622,40.72203],[-6.8551,40.72579],[-6.85177,40.72403],[-6.84139,40.72176],[-6.83455,40.72076],[-6.82068,40.7201],[-6.81547,40.71967],[-6.81216,40.71891],[-6.81342,40.72063],[-6.81636,40.72344],[-6.81653,40.72448],[-6.81752,40.72561],[-6.81919,40.7259],[-6.8202,40.72799],[-6.8233,40.7288],[-6.82465,40.72973],[-6.82418,40.73196],[-6.82484,40.73399],[-6.82556,40.73486],[-6.82491,40.73706],[-6.82821,40.73814],[-6.82963,40.74031],[-6.82934,40.74185],[-6.83056,40.74313],[-6.82876,40.74429],[-6.82936,40.74551],[-6.82935,40.74701],[-6.83017,40.74857],[-6.82989,40.74955],[-6.83123,40.7527],[-6.82954,40.75626],[-6.82987,40.75767],[-6.82835,40.75948],[-6.82742,40.76169],[-6.82797,40.7642],[-6.82591,40.76787],[-6.82577,40.7692],[-6.82763,40.77248],[-6.82805,40.77731],[-6.82631,40.78076],[-6.82487,40.78545],[-6.82256,40.78806],[-6.81965,40.79288],[-6.8199,40.79455],[-6.81926,40.79609],[-6.81944,40.79777],[-6.817,40.80123],[-6.81803,40.80397],[-6.81754,40.80542],[-6.81746,40.80777],[-6.81948,40.81342],[-6.82123,40.81474],[-6.82175,40.81728],[-6.82313,40.8194],[-6.823,40.82166],[-6.82244,40.82332],[-6.82439,40.82621],[-6.82306,40.82783],[-6.82357,40.83072],[-6.8231,40.8339],[-6.82135,40.83314],[-6.82074,40.83409],[-6.82152,40.83536],[-6.82115,40.83691],[-6.8234,40.83836],[-6.82458,40.83971],[-6.82622,40.84045],[-6.82556,40.84207],[-6.82614,40.8433],[-6.82503,40.84497],[-6.82419,40.84521],[-6.82328,40.84351],[-6.82104,40.84369],[-6.81919,40.8423],[-6.81657,40.84345],[-6.81378,40.84202],[-6.81224,40.84212],[-6.81238,40.84301],[-6.81142,40.84409],[-6.8093,40.84357],[-6.80949,40.84496],[-6.80787,40.84484],[-6.80787,40.84615],[-6.80607,40.84593],[-6.80397,40.84638],[-6.8022,40.84514],[-6.80033,40.84833],[-6.8019,40.84944],[-6.80202,40.85122],[-6.80134,40.85276],[-6.80289,40.85432],[-6.80413,40.85664],[-6.80333,40.85831],[-6.80328,40.85963],[-6.80194,40.86105],[-6.80264,40.86237],[-6.80539,40.86545],[-6.80463,40.86926],[-6.80509,40.87028],[-6.80661,40.87189],[-6.80701,40.87576],[-6.80746,40.87668],[-6.80878,40.8821],[-6.80945,40.88272],[-6.81164,40.88265],[-6.81812,40.88094],[-6.82001,40.88092],[-6.82083,40.88153],[-6.82213,40.88388],[-6.82315,40.88447],[-6.82856,40.88449],[-6.83014,40.88488],[-6.83409,40.88807],[-6.8388,40.88956],[-6.83983,40.89174],[-6.84155,40.89289],[-6.84379,40.89553],[-6.84525,40.89812],[-6.8485,40.90089],[-6.84962,40.90265],[-6.84987,40.9067],[-6.84915,40.91041],[-6.84924,40.91289],[-6.8498,40.91436],[-6.84813,40.91825],[-6.84977,40.92238],[-6.84902,40.92461],[-6.85094,40.92758],[-6.85487,40.93102],[-6.85443,40.93282],[-6.8538,40.93348],[-6.85369,40.93566],[-6.85727,40.93982],[-6.85743,40.94242],[-6.85974,40.94594],[-6.86019,40.94895],[-6.86285,40.95184],[-6.86535,40.95394],[-6.86757,40.95698],[-6.8691,40.95822],[-6.87072,40.95881],[-6.87906,40.95004],[-6.88289,40.94394],[-6.88708,40.93649],[-6.88681,40.93583],[-6.88744,40.93417],[-6.88953,40.93165],[-6.89033,40.93105],[-6.89982,40.92837],[-6.91132,40.92535],[-6.91963,40.92399],[-6.9246,40.9233],[-6.93503,40.92284],[-6.93767,40.92317],[-6.93961,40.92446],[-6.94148,40.92432],[-6.9429,40.92481],[-6.94525,40.92491],[-6.94595,40.92636],[-6.94463,40.92972],[-6.94569,40.9321],[-6.94746,40.93254],[-6.94879,40.93216],[-6.95046,40.93339],[-6.95274,40.93379],[-6.9536,40.93501],[-6.95349,40.93665],[-6.95489,40.93824],[-6.95621,40.93905],[-6.95734,40.94066],[-6.95733,40.94218],[-6.95909,40.94362],[-6.96045,40.94375],[-6.96177,40.943],[-6.96356,40.94328],[-6.96626,40.94321],[-6.96766,40.94442],[-6.97006,40.94743],[-6.97045,40.94858],[-6.97332,40.95111],[-6.9741,40.95215],[-6.9742,40.95344],[-6.9756,40.95357],[-6.97675,40.95507],[-6.97829,40.95604],[-6.97812,40.95677],[-6.97962,40.95807],[-6.98072,40.95762],[-6.98331,40.95941],[-6.98228,40.96138],[-6.98507,40.96409],[-6.98318,40.96751],[-6.98337,40.96815],[-6.98527,40.96914],[-6.98763,40.96923],[-6.98889,40.96848],[-6.99028,40.96861],[-6.99141,40.96941],[-6.99165,40.97201],[-6.9906,40.97265],[-6.99115,40.97369],[-6.99349,40.97337],[-6.99458,40.97627],[-6.99586,40.97854],[-6.99542,40.97973],[-6.99625,40.98138],[-6.99644,40.98334],[-6.99221,40.99002],[-6.99087,40.99271],[-6.98935,40.99772],[-6.98436,41.00986],[-6.98318,41.01189],[-6.98054,41.01458],[-6.9792,41.01493],[-6.97717,41.01644],[-6.9767,41.01739],[-6.97889,41.01931],[-6.97909,41.02168],[-6.98054,41.02169],[-6.98127,41.02236],[-6.98108,41.0238],[-6.98251,41.02418],[-6.98359,41.02625],[-6.97982,41.02966],[-6.97713,41.03273],[-6.97375,41.03497],[-6.97082,41.03616],[-6.96812,41.03641],[-6.96562,41.03595],[-6.96416,41.03489],[-6.96225,41.03272],[-6.96105,41.03186],[-6.95805,41.03091],[-6.9542,41.03029],[-6.94508,41.02968],[-6.93993,41.0291],[-6.93685,41.02908],[-6.9299,41.02947],[-6.9301,41.03012],[-6.92355,41.03331],[-6.91884,41.03759],[-6.91595,41.03891],[-6.91188,41.03866],[-6.90851,41.0378],[-6.90254,41.03466],[-6.89522,41.03348],[-6.88896,41.03125],[-6.88213,41.02968],[-6.87766,41.02823],[-6.87011,41.02777],[-6.86597,41.02689],[-6.85997,41.02786],[-6.85306,41.02702],[-6.83606,41.02829],[-6.83292,41.02911],[-6.83482,41.03634],[-6.83669,41.03826],[-6.83267,41.03977],[-6.83106,41.04156],[-6.82796,41.04207],[-6.82731,41.04278],[-6.8256,41.04257],[-6.81806,41.046],[-6.81818,41.05241],[-6.81765,41.0582],[-6.81777,41.05986],[-6.82146,41.06207],[-6.82348,41.06263],[-6.82725,41.06239],[-6.83009,41.05966],[-6.83458,41.06266],[-6.8382,41.06682],[-6.84155,41.0688],[-6.84883,41.07089],[-6.85101,41.07035],[-6.85442,41.07103],[-6.85882,41.07271],[-6.86757,41.07385],[-6.87885,41.07883],[-6.87922,41.08334],[-6.8804,41.08597],[-6.88338,41.08962],[-6.88829,41.09102],[-6.89113,41.09109],[-6.89502,41.09021],[-6.89768,41.08939],[-6.90156,41.08597],[-6.9036,41.08487],[-6.90335,41.08624],[-6.90542,41.08825],[-6.90565,41.09128],[-6.90459,41.09212],[-6.90227,41.09551],[-6.89969,41.09681],[-6.89879,41.09919],[-6.89698,41.10153],[-6.8933,41.10263],[-6.89207,41.10324],[-6.89231,41.10654],[-6.89662,41.10644],[-6.9001,41.10747],[-6.90159,41.10739],[-6.90484,41.1049],[-6.90818,41.10316],[-6.91005,41.1031],[-6.9128,41.10455],[-6.91555,41.10494],[-6.9187,41.10606],[-6.92246,41.10607],[-6.92485,41.10533],[-6.92684,41.10505],[-6.92894,41.10525],[-6.93158,41.10445],[-6.93772,41.10171],[-6.94215,41.1038],[-6.94303,41.10391],[-6.94668,41.10726],[-6.94885,41.10623],[-6.95029,41.10643],[-6.95293,41.10766],[-6.95367,41.1086],[-6.95483,41.10788],[-6.95838,41.10652],[-6.96344,41.10642],[-6.96525,41.10665],[-6.97421,41.1092],[-6.97548,41.1091],[-6.97744,41.11],[-6.98006,41.1107],[-6.98734,41.10695],[-6.98828,41.10561],[-6.98999,41.1044],[-6.99101,41.10272],[-6.98973,41.1027],[-6.98792,41.09958],[-6.98609,41.09831],[-6.98394,41.09878],[-6.9814,41.09806],[-6.97784,41.098],[-6.97517,41.09596],[-6.97373,41.09112],[-6.97466,41.08979],[-6.97463,41.08736],[-6.97402,41.08618],[-6.97487,41.08514],[-6.97531,41.08287],[-6.97477,41.08191],[-6.97153,41.07913],[-6.97073,41.07801],[-6.97286,41.07531],[-6.97487,41.07406],[-6.97398,41.07294],[-6.97119,41.07213],[-6.96916,41.07094],[-6.96826,41.06683],[-6.96761,41.06122],[-6.96902,41.05957],[-6.9692,41.05876],[-6.96826,41.05693],[-6.97557,41.05346],[-6.97701,41.05297],[-6.9797,41.05021],[-6.98025,41.04811],[-6.97975,41.04628],[-6.9808,41.04496],[-6.98274,41.04393],[-6.98417,41.04213],[-6.98501,41.03892],[-6.98923,41.03534],[-6.9908,41.0351],[-6.99259,41.03356],[-6.99474,41.03307],[-6.99552,41.03481],[-6.99697,41.03599],[-6.9994,41.03728],[-7.00246,41.0365],[-7.00365,41.03647],[-7.00531,41.0372],[-7.01049,41.04077],[-7.01264,41.04137],[-7.01433,41.04106],[-7.01772,41.0394],[-7.02052,41.03862],[-7.02551,41.03816],[-7.02751,41.03831],[-7.03097,41.0396],[-7.03178,41.03744],[-7.03337,41.03562],[-7.03476,41.0349],[-7.03574,41.03317],[-7.0367,41.0323],[-7.03748,41.02994],[-7.03888,41.02924],[-7.03749,41.02766],[-7.03937,41.02584],[-7.04093,41.02523],[-7.04188,41.02384],[-7.04518,41.02117],[-7.04847,41.01937],[-7.0489,41.01755],[-7.05146,41.01628],[-7.05438,41.01694],[-7.05534,41.0158],[-7.05755,41.01594],[-7.06282,41.01269],[-7.06415,41.0133],[-7.06779,41.01284],[-7.06867,41.01337],[-7.07163,41.01316],[-7.07252,41.01036],[-7.07353,41.01136],[-7.0775,41.01136],[-7.08116,41.01022],[-7.08727,41.0095],[-7.09948,41.00662],[-7.09889,41.00569],[-7.10002,41.00488],[-7.10219,41.00626],[-7.10638,41.0047],[-7.10368,41.00197],[-7.10251,41.00049],[-7.10313,40.99824],[-7.10409,40.99687],[-7.1056,40.99664],[-7.10712,40.9972],[-7.10881,40.9963],[-7.11039,40.99691],[-7.11158,40.99657],[-7.11405,40.99688],[-7.11792,40.99569],[-7.11802,40.99424],[-7.11921,40.99175],[-7.11996,40.99087],[-7.12733,40.98985],[-7.12996,40.98968],[-7.13158,40.98879],[-7.13575,40.98857],[-7.13784,40.98744],[-7.13689,40.98631],[-7.13687,40.98515],[-7.13872,40.98545],[-7.14064,40.98645],[-7.14211,40.98674],[-7.14564,40.98664],[-7.14845,40.98602],[-7.15007,40.98523],[-7.15136,40.98334],[-7.15548,40.98355],[-7.15716,40.98082],[-7.16043,40.98025],[-7.16072,40.97945],[-7.16044,40.97754],[-7.15957,40.97673],[-7.1564,40.97543],[-7.15893,40.97411],[-7.16078,40.97385],[-7.16172,40.97311],[-7.16745,40.97311],[-7.16682,40.97123],[-7.16813,40.96892],[-7.16911,40.9655],[-7.16917,40.96425],[-7.16844,40.96203],[-7.16943,40.95915],[-7.171,40.95753],[-7.17378,40.95634],[-7.17449,40.95564],[-7.17549,40.95286],[-7.17698,40.94403],[-7.17688,40.94259],[-7.17778,40.93978],[-7.18247,40.93805],[-7.18556,40.93582],[-7.18476,40.93519],[-7.18171,40.93455],[-7.1845,40.93277],[-7.18529,40.93197],[-7.18946,40.93146],[-7.19195,40.92882],[-7.19334,40.92825],[-7.19545,40.92573],[-7.19786,40.92783],[-7.1978,40.92868],[-7.19886,40.93049],[-7.19854,40.93192],[-7.20162,40.93074],[-7.20286,40.93113],[-7.20433,40.93021],[-7.20613,40.93061],[-7.20626,40.92875],[-7.20745,40.92692],[-7.20698,40.92578],[-7.21156,40.92708],[-7.21278,40.92845],[-7.21272,40.92973],[-7.21498,40.93143],[-7.21632,40.93177],[-7.21751,40.93276],[-7.2206,40.9327],[-7.22216,40.93241],[-7.22371,40.9338],[-7.22391,40.93603],[-7.22583,40.93891],[-7.22598,40.9407],[-7.22767,40.94051],[-7.23057,40.94116],[-7.23189,40.94049],[-7.23318,40.94073],[-7.23403,40.93799],[-7.23396,40.93546],[-7.23459,40.93462],[-7.23616,40.93434],[-7.23708,40.93267],[-7.23849,40.93134],[-7.23966,40.9314],[-7.2443,40.92957],[-7.24435,40.92859],[-7.24558,40.92617],[-7.2461,40.92595],[-7.24628,40.92411],[-7.24522,40.91978],[-7.24407,40.9193],[-7.24703,40.91824],[-7.24773,40.9183],[-7.24755,40.91575],[-7.24834,40.91578],[-7.24927,40.9141],[-7.25178,40.91213],[-7.25278,40.9104],[-7.25477,40.90896],[-7.25666,40.90667],[-7.25876,40.90554],[-7.25715,40.90463],[-7.25563,40.90318],[-7.25366,40.90036],[-7.25221,40.89994],[-7.25098,40.90033],[-7.25045,40.8989],[-7.25222,40.89925],[-7.25338,40.89851],[-7.25533,40.89921],[-7.25599,40.89771],[-7.25729,40.89667],[-7.25895,40.89602],[-7.25903,40.89455],[-7.25791,40.89339],[-7.2571,40.89094],[-7.25796,40.88957],[-7.25839,40.88468],[-7.25777,40.88349],[-7.25647,40.88285],[-7.25436,40.88424],[-7.25113,40.88514],[-7.24946,40.88609],[-7.24682,40.88443],[-7.24669,40.88191],[-7.24609,40.88077],[-7.24864,40.87833],[-7.24975,40.8776],[-7.25101,40.87593],[-7.25308,40.87208],[-7.25455,40.87084],[-7.25647,40.87121],[-7.25938,40.87102],[-7.26167,40.87171],[-7.26308,40.8717],[-7.26487,40.87046],[-7.26935,40.86995],[-7.27096,40.86819],[-7.27204,40.86553],[-7.27223,40.86336],[-7.27381,40.86191],[-7.27465,40.86011],[-7.27786,40.86032],[-7.28079,40.86176],[-7.28662,40.86436],[-7.28655,40.86143],[-7.28829,40.85861],[-7.29029,40.85336],[-7.29104,40.85286],[-7.29207,40.85045],[-7.29369,40.84842],[-7.29338,40.84746],[-7.29591,40.8448],[-7.29753,40.84429],[-7.29704,40.84325],[-7.29784,40.84088],[-7.30025,40.8366],[-7.3022,40.83533],[-7.30116,40.83288],[-7.30177,40.83142],[-7.30236,40.82849],[-7.30137,40.82701],[-7.30119,40.82236],[-7.29756,40.81756],[-7.2944,40.81378],[-7.29424,40.81226],[-7.2948,40.81071],[-7.29663,40.81036],[-7.298,40.80828],[-7.29875,40.80791],[-7.2991,40.80633],[-7.30119,40.80334],[-7.30341,40.80145],[-7.30434,40.79957],[-7.3064,40.79956],[-7.30707,40.80046],[-7.30953,40.80036],[-7.31147,40.79974],[-7.3129,40.80031],[-7.31315,40.80179],[-7.31552,40.80294],[-7.31689,40.80265],[-7.31808,40.80344],[-7.31812,40.80422],[-7.32275,40.80289],[-7.32566,40.80451],[-7.32741,40.80481],[-7.32919,40.80398],[-7.33265,40.80403],[-7.33717,40.80556],[-7.34308,40.80456],[-7.34416,40.80583],[-7.34536,40.80605],[-7.34855,40.80793],[-7.34923,40.81028],[-7.35104,40.80827],[-7.35229,40.80947],[-7.35427,40.80775],[-7.35539,40.80899],[-7.35766,40.81753],[-7.35872,40.819],[-7.35931,40.82076],[-7.36026,40.82186],[-7.36227,40.82175],[-7.3745,40.82196],[-7.37422,40.81896],[-7.37513,40.8164],[-7.37486,40.81402],[-7.37545,40.81118],[-7.37673,40.80842],[-7.37923,40.80686],[-7.38007,40.80682],[-7.37999,40.80487],[-7.38176,40.80357],[-7.38414,40.7988],[-7.38784,40.79639],[-7.39309,40.79549],[-7.39991,40.79502],[-7.40442,40.79451],[-7.41109,40.7942],[-7.41327,40.79494],[-7.41467,40.79439],[-7.41709,40.79488],[-7.42119,40.7913],[-7.42048,40.7893],[-7.42297,40.78811],[-7.42512,40.7891],[-7.43381,40.78879],[-7.43762,40.78918],[-7.4439,40.7892],[-7.44558,40.78755],[-7.44638,40.78553],[-7.44724,40.78432],[-7.44031,40.78136],[-7.43674,40.77945],[-7.4344,40.77796],[-7.43213,40.77552],[-7.42904,40.77394],[-7.42692,40.77325],[-7.42473,40.77214],[-7.42329,40.76879],[-7.42198,40.76754],[-7.42249,40.76459],[-7.4224,40.76179],[-7.42447,40.75809],[-7.42125,40.75725],[-7.4092,40.76223],[-7.40608,40.76031],[-7.40404,40.76132],[-7.40177,40.76164],[-7.40026,40.76119],[-7.39991,40.75978],[-7.39833,40.75662],[-7.39626,40.75502],[-7.3968,40.75258],[-7.39431,40.75224],[-7.39283,40.75263],[-7.39168,40.7519],[-7.39201,40.75052],[-7.39317,40.74867],[-7.3931,40.747],[-7.39074,40.74621],[-7.38664,40.74441],[-7.38212,40.7469],[-7.37807,40.74874],[-7.37548,40.74863],[-7.37279,40.74732],[-7.37081,40.74713],[-7.3692,40.74578],[-7.36791,40.74523],[-7.36653,40.74394],[-7.36454,40.74284],[-7.36133,40.74257],[-7.36135,40.74112],[-7.36267,40.73856],[-7.36569,40.73464],[-7.36681,40.73429],[-7.36928,40.73108],[-7.37162,40.72522],[-7.3739,40.72076],[-7.37567,40.71603],[-7.37578,40.70625],[-7.37601,40.70391],[-7.37942,40.70304],[-7.38082,40.70184],[-7.38645,40.70372],[-7.38782,40.70398],[-7.39035,40.70343],[-7.39379,40.70451],[-7.39727,40.70513],[-7.39855,40.70432],[-7.40041,40.70254],[-7.40266,40.70213],[-7.40501,40.7011],[-7.4064,40.69725],[-7.40964,40.6965],[-7.41175,40.69673],[-7.41264,40.69465],[-7.41639,40.69204],[-7.4164,40.69106],[-7.41775,40.68945],[-7.42177,40.69074],[-7.42013,40.68839],[-7.41985,40.68663],[-7.42125,40.68563],[-7.42209,40.68445],[-7.42284,40.68011],[-7.42486,40.67864],[-7.42849,40.67278],[-7.42984,40.67181],[-7.43096,40.67039],[-7.43117,40.66877],[-7.42986,40.6663],[-7.43001,40.66452],[-7.43148,40.66105],[-7.43203,40.65781],[-7.43617,40.65372],[-7.44112,40.65062],[-7.44266,40.64914],[-7.44452,40.64547],[-7.4515,40.63965],[-7.45777,40.63657],[-7.45817,40.6361],[-7.45889,40.63275],[-7.46269,40.63],[-7.46833,40.63003],[-7.46975,40.62944],[-7.47367,40.62907],[-7.47488,40.62813],[-7.47583,40.62542],[-7.47841,40.62285],[-7.47848,40.62127],[-7.47374,40.6175],[-7.47247,40.61605],[-7.4678,40.60942],[-7.46774,40.60577],[-7.47243,40.60409],[-7.47304,40.60119],[-7.47425,40.60016],[-7.47549,40.59982]]],[[[-7.70324,39.63662],[-7.70143,39.63739],[-7.69609,39.63794],[-7.69315,39.63908],[-7.69193,39.63982],[-7.69036,39.64152],[-7.68464,39.6442],[-7.68206,39.64449],[-7.67941,39.64583],[-7.67647,39.64694],[-7.67343,39.64877],[-7.67232,39.64896],[-7.66933,39.64788],[-7.66785,39.64657],[-7.66606,39.64379],[-7.66422,39.63968],[-7.66056,39.63422],[-7.65945,39.63329],[-7.65554,39.63106],[-7.65171,39.62829],[-7.6483,39.6246],[-7.64578,39.62325],[-7.6427,39.62263],[-7.63744,39.62272],[-7.63423,39.62366],[-7.62933,39.62564],[-7.62462,39.62687],[-7.62031,39.62848],[-7.61774,39.62999],[-7.61466,39.6325],[-7.6123,39.63389],[-7.60976,39.63583],[-7.60728,39.63714],[-7.60125,39.6391],[-7.59818,39.63922],[-7.59583,39.64026],[-7.59503,39.64311],[-7.595,39.64511],[-7.59602,39.64661],[-7.5961,39.64769],[-7.59525,39.64957],[-7.59398,39.6511],[-7.59013,39.65387],[-7.58555,39.65575],[-7.58237,39.65748],[-7.57912,39.65882],[-7.57438,39.65957],[-7.5712,39.65963],[-7.56675,39.66026],[-7.56205,39.65944],[-7.55779,39.65843],[-7.55509,39.65846],[-7.55278,39.6576],[-7.55161,39.65762],[-7.54948,39.65864],[-7.54698,39.66036],[-7.54293,39.66281],[-7.54509,39.66355],[-7.54281,39.6655],[-7.53957,39.66695],[-7.53599,39.66775],[-7.53127,39.66788],[-7.52884,39.66733],[-7.52106,39.6671],[-7.51258,39.66648],[-7.5085,39.66668],[-7.49898,39.66606],[-7.49197,39.6668],[-7.48658,39.66604],[-7.4826,39.66582],[-7.47718,39.66383],[-7.46624,39.66401],[-7.4529,39.66328],[-7.44923,39.6617],[-7.4462,39.6612],[-7.44262,39.65983],[-7.4412,39.65963],[-7.43771,39.65842],[-7.42911,39.65279],[-7.42575,39.65192],[-7.41328,39.64915],[-7.40921,39.64873],[-7.40337,39.64692],[-7.4002,39.64672],[-7.3981,39.64745],[-7.394,39.64932],[-7.3903,39.65056],[-7.37945,39.65161],[-7.37479,39.65139],[-7.36185,39.64791],[-7.35219,39.64638],[-7.34655,39.64478],[-7.34426,39.64442],[-7.33681,39.64189],[-7.33377,39.64124],[-7.33102,39.64163],[-7.32622,39.64384],[-7.3204,39.64859],[-7.31676,39.6501],[-7.30996,39.65176],[-7.3034,39.65422],[-7.29429,39.65541],[-7.29237,39.65643],[-7.29007,39.65977],[-7.28708,39.66148],[-7.27552,39.6636],[-7.27232,39.66359],[-7.26425,39.66594],[-7.2571,39.66605],[-7.2535,39.66686],[-7.24857,39.66736],[-7.24411,39.6668],[-7.21649,39.66047],[-7.21541,39.66043],[-7.20802,39.66201],[-7.20311,39.66258],[-7.19236,39.66077],[-7.18904,39.66037],[-7.18731,39.65954],[-7.18439,39.65934],[-7.17887,39.65841],[-7.16796,39.65602],[-7.16152,39.65566],[-7.15272,39.65331],[-7.15059,39.65299],[-7.14571,39.6531],[-7.14451,39.65361],[-7.13473,39.65892],[-7.12883,39.66306],[-7.12624,39.66405],[-7.11226,39.66402],[-7.10432,39.66455],[-7.09767,39.66299],[-7.09341,39.66385],[-7.08823,39.6633],[-7.07296,39.65826],[-7.06931,39.65767],[-7.06481,39.65797],[-7.05811,39.65988],[-7.05168,39.66058],[-7.04667,39.66286],[-7.03524,39.66647],[-7.03228,39.6669],[-7.0298,39.66792],[-7.02752,39.66802],[-7.02426,39.66872],[-7.01774,39.67065],[-7.0154,39.67086],[-7.01429,39.67833],[-7.01287,39.68001],[-7.00813,39.68381],[-7.00773,39.68447],[-7.00756,39.6869],[-7.00659,39.69008],[-7.0066,39.69244],[-7.00347,39.69716],[-7.00484,39.7001],[-7.005,39.70176],[-7.00031,39.70909],[-6.99977,39.7103],[-6.99942,39.71427],[-6.99833,39.71542],[-6.99497,39.71721],[-6.99443,39.71812],[-6.99359,39.72158],[-6.99002,39.72439],[-6.98781,39.72714],[-6.98693,39.7278],[-6.98771,39.72895],[-6.99149,39.73075],[-6.99302,39.7321],[-6.99296,39.73314],[-6.99078,39.73602],[-6.99099,39.73819],[-6.99273,39.74058],[-6.99065,39.74561],[-6.9895,39.75191],[-6.98854,39.75345],[-6.99133,39.75373],[-6.99672,39.75515],[-6.99795,39.75631],[-6.99836,39.75752],[-7.00252,39.75766],[-7.00493,39.75862],[-7.00769,39.75828],[-7.00914,39.75921],[-7.01055,39.75946],[-7.01105,39.762],[-7.01368,39.76222],[-7.01499,39.76284],[-7.0203,39.7633],[-7.02265,39.76296],[-7.02442,39.76204],[-7.02615,39.76397],[-7.02907,39.76539],[-7.02968,39.76638],[-7.03083,39.76675],[-7.03276,39.7688],[-7.03588,39.77046],[-7.03664,39.77044],[-7.03855,39.77249],[-7.04036,39.77114],[-7.04146,39.77217],[-7.04315,39.77303],[-7.04247,39.77461],[-7.03985,39.77659],[-7.04025,39.77754],[-7.03947,39.77872],[-7.04106,39.78143],[-7.04507,39.7815],[-7.04307,39.78356],[-7.04455,39.78478],[-7.04371,39.78574],[-7.04307,39.788],[-7.04379,39.79163],[-7.04607,39.7912],[-7.04832,39.79133],[-7.04864,39.79043],[-7.05062,39.78945],[-7.05321,39.78747],[-7.05416,39.78719],[-7.0547,39.78609],[-7.0558,39.7855],[-7.05772,39.7856],[-7.05853,39.78508],[-7.06153,39.7854],[-7.06304,39.78474],[-7.06481,39.78498],[-7.06723,39.78442],[-7.06934,39.78475],[-7.07163,39.78312],[-7.07423,39.78367],[-7.07728,39.78552],[-7.07855,39.78535],[-7.07908,39.78615],[-7.07829,39.78892],[-7.07873,39.78999],[-7.07982,39.79072],[-7.08115,39.79054],[-7.08279,39.79098],[-7.08449,39.79081],[-7.08591,39.79373],[-7.08605,39.79455],[-7.08787,39.79692],[-7.08791,39.79829],[-7.08611,39.79925],[-7.08734,39.80183],[-7.08956,39.80143],[-7.09195,39.80234],[-7.09602,39.79888],[-7.09869,39.79726],[-7.09669,39.79498],[-7.09702,39.79412],[-7.09891,39.79389],[-7.10205,39.79481],[-7.10289,39.79577],[-7.10423,39.7943],[-7.10437,39.79151],[-7.10552,39.7907],[-7.10608,39.79226],[-7.10846,39.79202],[-7.11145,39.79095],[-7.1142,39.79176],[-7.11447,39.79303],[-7.11391,39.79446],[-7.11542,39.79547],[-7.1186,39.79555],[-7.11925,39.79685],[-7.12087,39.7977],[-7.12203,39.80097],[-7.12505,39.80549],[-7.12738,39.80684],[-7.12992,39.80761],[-7.13027,39.80809],[-7.13127,39.81194],[-7.13352,39.81527],[-7.1356,39.82123],[-7.13639,39.82302],[-7.13594,39.82446],[-7.13613,39.82694],[-7.13672,39.82996],[-7.13974,39.83172],[-7.13577,39.83312],[-7.13446,39.8341],[-7.13316,39.83612],[-7.13108,39.83669],[-7.1292,39.83641],[-7.12697,39.83678],[-7.1238,39.83914],[-7.11772,39.84049],[-7.11622,39.84017],[-7.116,39.84207],[-7.11745,39.84201],[-7.11835,39.84138],[-7.12139,39.84104],[-7.12237,39.84234],[-7.12389,39.84238],[-7.12382,39.84325],[-7.12147,39.84281],[-7.12095,39.84332],[-7.12205,39.84507],[-7.12264,39.84734],[-7.12186,39.84857],[-7.11951,39.84918],[-7.11909,39.85139],[-7.1174,39.85295],[-7.11492,39.85284],[-7.11407,39.85334],[-7.11339,39.8547],[-7.11278,39.85828],[-7.11777,39.85839],[-7.11894,39.85892],[-7.11942,39.86025],[-7.12145,39.86417],[-7.12346,39.86488],[-7.12464,39.86637],[-7.12321,39.86717],[-7.12005,39.86826],[-7.11939,39.86931],[-7.11816,39.86993],[-7.11647,39.87281],[-7.11692,39.87389],[-7.11635,39.87496],[-7.11676,39.876],[-7.11625,39.87682],[-7.11688,39.87843],[-7.11561,39.88027],[-7.11279,39.88208],[-7.10943,39.88383],[-7.11096,39.88614],[-7.11101,39.887],[-7.11229,39.88759],[-7.11414,39.88937],[-7.11594,39.89051],[-7.11711,39.8906],[-7.11788,39.89241],[-7.11446,39.89332],[-7.11272,39.89432],[-7.11031,39.89386],[-7.10637,39.89579],[-7.10259,39.89588],[-7.09828,39.89556],[-7.09705,39.89495],[-7.09631,39.8939],[-7.09417,39.89309],[-7.09246,39.89507],[-7.09127,39.89573],[-7.09047,39.89786],[-7.08776,39.89927],[-7.08598,39.90059],[-7.08501,39.90262],[-7.085,39.90353],[-7.08303,39.90577],[-7.08203,39.90886],[-7.07529,39.91158],[-7.07369,39.91359],[-7.07332,39.91481],[-7.07108,39.91625],[-7.07079,39.91773],[-7.07123,39.91886],[-7.07243,39.92449],[-7.07294,39.92956],[-7.07297,39.93341],[-7.07098,39.93371],[-7.06916,39.93469],[-7.06816,39.93601],[-7.06618,39.93676],[-7.06454,39.93856],[-7.06433,39.94051],[-7.06298,39.94174],[-7.06313,39.94306],[-7.06052,39.94731],[-7.05841,39.94817],[-7.05542,39.94858],[-7.05468,39.94932],[-7.05225,39.95074],[-7.05082,39.95121],[-7.04955,39.95227],[-7.04645,39.95233],[-7.04494,39.95302],[-7.04211,39.95162],[-7.04071,39.95064],[-7.03905,39.95014],[-7.03827,39.9491],[-7.03703,39.94994],[-7.03668,39.95205],[-7.03515,39.95462],[-7.03754,39.95668],[-7.03408,39.95705],[-7.0307,39.95845],[-7.02787,39.96138],[-7.02705,39.96283],[-7.02537,39.96374],[-7.02426,39.96549],[-7.02326,39.96636],[-7.02361,39.96883],[-7.02281,39.96931],[-7.01815,39.97004],[-7.01536,39.97074],[-7.01192,39.97216],[-7.01101,39.9734],[-7.0089,39.97355],[-7.00393,39.97653],[-6.99888,39.9774],[-6.99463,39.97852],[-6.9928,39.97837],[-6.99018,39.97976],[-6.98915,39.97965],[-6.98505,39.98035],[-6.9825,39.98141],[-6.9803,39.98463],[-6.97569,39.98643],[-6.97407,39.98755],[-6.97317,39.98683],[-6.97115,39.98659],[-6.96506,39.9876],[-6.95959,39.98906],[-6.95555,39.98849],[-6.95046,39.99396],[-6.94857,39.99417],[-6.94693,39.99501],[-6.94716,39.99611],[-6.94631,39.99988],[-6.94573,40.00024],[-6.94406,40.00282],[-6.94228,40.00439],[-6.94212,40.00731],[-6.93738,40.00884],[-6.93711,40.00915],[-6.93361,40.00911],[-6.93301,40.01405],[-6.92987,40.01317],[-6.92732,40.01173],[-6.9252,40.01142],[-6.92086,40.00977],[-6.91686,40.00953],[-6.91458,40.00907],[-6.91265,40.00824],[-6.91029,40.00844],[-6.90776,40.00831],[-6.90517,40.00906],[-6.90334,40.00889],[-6.90176,40.00991],[-6.89826,40.0102],[-6.88995,40.00945],[-6.88707,40.00867],[-6.88538,40.00849],[-6.88211,40.00879],[-6.88099,40.00842],[-6.8775,40.00655],[-6.87463,40.00636],[-6.8735,40.0075],[-6.87159,40.00832],[-6.8672,40.00849],[-6.86493,40.01052],[-6.8642,40.01187],[-6.86439,40.01313],[-6.8656,40.01448],[-6.86846,40.01564],[-6.87503,40.0165],[-6.87688,40.01793],[-6.87684,40.01905],[-6.87509,40.02216],[-6.87489,40.02375],[-6.87571,40.0249],[-6.87796,40.02657],[-6.87813,40.02897],[-6.88173,40.03299],[-6.88206,40.03375],[-6.8808,40.0405],[-6.88215,40.04224],[-6.88407,40.04328],[-6.88527,40.04545],[-6.88801,40.04777],[-6.89139,40.04968],[-6.89678,40.05162],[-6.89623,40.05387],[-6.89317,40.05668],[-6.89213,40.05912],[-6.89255,40.06023],[-6.89412,40.06082],[-6.90193,40.0608],[-6.90549,40.06192],[-6.90753,40.0633],[-6.90813,40.06581],[-6.90938,40.06668],[-6.9117,40.06657],[-6.91529,40.06478],[-6.91645,40.0652],[-6.91707,40.0663],[-6.9176,40.07169],[-6.91903,40.07663],[-6.91899,40.08091],[-6.92046,40.08364],[-6.92149,40.08477],[-6.92242,40.08753],[-6.92518,40.09049],[-6.92891,40.09374],[-6.93269,40.09647],[-6.93321,40.10164],[-6.93405,40.10314],[-6.93501,40.10343],[-6.93796,40.10302],[-6.93967,40.10425],[-6.9429,40.10389],[-6.94388,40.10461],[-6.94381,40.10686],[-6.9417,40.10807],[-6.94211,40.11017],[-6.9417,40.11293],[-6.94514,40.11287],[-6.94645,40.11195],[-6.94864,40.11114],[-6.9522,40.11261],[-6.95312,40.11424],[-6.9569,40.11156],[-6.95797,40.11018],[-6.96071,40.10944],[-6.96266,40.11031],[-6.96234,40.11374],[-6.96305,40.11482],[-6.96455,40.11487],[-6.96761,40.1136],[-6.96836,40.11571],[-6.97528,40.11658],[-6.9794,40.11898],[-6.98125,40.11774],[-6.98349,40.11752],[-6.986,40.1192],[-6.98899,40.11805],[-6.98997,40.11356],[-6.9935,40.11279],[-6.99423,40.11299],[-6.99316,40.11607],[-6.99339,40.11873],[-6.99557,40.11908],[-6.99846,40.11899],[-6.99833,40.12132],[-7.00231,40.12184],[-7.00276,40.12373],[-7.00606,40.12339],[-7.0064,40.12533],[-7.01196,40.12693],[-7.0118,40.12739],[-7.00856,40.12995],[-7.00875,40.13141],[-7.00992,40.13219],[-7.0124,40.13234],[-7.01273,40.13343],[-7.01149,40.13461],[-7.01279,40.13578],[-7.01306,40.1378],[-7.01407,40.13937],[-7.01436,40.14215],[-7.01738,40.14397],[-7.01971,40.14511],[-7.01642,40.14772],[-7.01519,40.14941],[-7.01296,40.15112],[-7.01429,40.1541],[-7.01335,40.15696],[-7.01332,40.15909],[-7.01829,40.16489],[-7.01842,40.16696],[-7.01987,40.16927],[-7.01763,40.17178],[-7.01678,40.17201],[-7.01673,40.17539],[-7.01641,40.17707],[-7.01571,40.17812],[-7.01995,40.18154],[-7.02422,40.18245],[-7.02893,40.18537],[-7.02746,40.18849],[-7.02641,40.19208],[-7.02459,40.19357],[-7.02383,40.19462],[-7.02066,40.19603],[-7.01906,40.19714],[-7.01958,40.19841],[-7.01913,40.20446],[-7.01792,40.20815],[-7.01641,40.21058],[-7.01464,40.21479],[-7.01292,40.21975],[-7.01148,40.22177],[-7.01103,40.22446],[-7.01222,40.22654],[-7.00949,40.22739],[-7.00587,40.2296],[-6.99741,40.236],[-6.9947,40.23586],[-6.98939,40.23642],[-6.98678,40.23729],[-6.98123,40.24022],[-6.97817,40.24094],[-6.97562,40.24067],[-6.97281,40.2369],[-6.97227,40.23673],[-6.96769,40.23671],[-6.96462,40.23764],[-6.96209,40.23907],[-6.96153,40.2425],[-6.95849,40.24578],[-6.95464,40.24907],[-6.95417,40.25051],[-6.95442,40.25227],[-6.95302,40.25439],[-6.95271,40.25569],[-6.9506,40.25831],[-6.94297,40.25741],[-6.93627,40.25912],[-6.93357,40.25792],[-6.92563,40.25885],[-6.9234,40.25803],[-6.92273,40.25913],[-6.92289,40.26119],[-6.92134,40.26337],[-6.92175,40.26618],[-6.92242,40.2672],[-6.92191,40.26802],[-6.92232,40.26915],[-6.92173,40.26973],[-6.92306,40.27131],[-6.92325,40.27215],[-6.92527,40.27305],[-6.92536,40.27476],[-6.92391,40.2756],[-6.9239,40.27922],[-6.92536,40.27983],[-6.92615,40.28182],[-6.92697,40.2828],[-6.92817,40.28766],[-6.92797,40.28999],[-6.92738,40.29169],[-6.92508,40.29337],[-6.92304,40.29397],[-6.92214,40.29461],[-6.9197,40.29514],[-6.91924,40.2956],[-6.91922,40.29917],[-6.91875,40.30029],[-6.91567,40.30053],[-6.91529,40.30296],[-6.91458,40.30415],[-6.91438,40.30597],[-6.91356,40.307],[-6.90743,40.30877],[-6.90517,40.30975],[-6.90289,40.31186],[-6.89949,40.31395],[-6.89727,40.31476],[-6.894,40.31647],[-6.89777,40.31825],[-6.9015,40.31901],[-6.90934,40.31917],[-6.91301,40.31949],[-6.91866,40.31913],[-6.92429,40.32017],[-6.93158,40.32048],[-6.93662,40.31983],[-6.94337,40.32018],[-6.94555,40.32278],[-6.94786,40.32602],[-6.94858,40.32885],[-6.95144,40.32993],[-6.95188,40.33049],[-6.958,40.33389],[-6.95955,40.33505],[-6.96438,40.33731],[-6.96719,40.33804],[-6.97424,40.33871],[-6.97828,40.33978],[-6.98163,40.34045],[-6.98466,40.34006],[-6.98813,40.3409],[-6.98859,40.34198],[-6.99054,40.34451],[-6.9899,40.3476],[-6.99223,40.34905],[-6.99301,40.35103],[-6.99395,40.3555],[-6.99136,40.35744],[-6.99017,40.35926],[-6.9874,40.36214],[-6.98784,40.363],[-6.99012,40.36269],[-6.99804,40.36575],[-7.00188,40.36944],[-7.00433,40.37028],[-7.00654,40.36969],[-7.00835,40.37012],[-7.01238,40.36886],[-7.01509,40.36844],[-7.01677,40.36716],[-7.01878,40.3666],[-7.01982,40.36585],[-7.02153,40.36545],[-7.02209,40.36476],[-7.02193,40.36348],[-7.0201,40.36202],[-7.02064,40.36147],[-7.02058,40.35844],[-7.01853,40.35646],[-7.02109,40.35714],[-7.02202,40.35612],[-7.02166,40.35544],[-7.02253,40.35414],[-7.02471,40.35266],[-7.0262,40.35118],[-7.03149,40.34949],[-7.03356,40.34844],[-7.03748,40.34799],[-7.03762,40.34943],[-7.03872,40.35157],[-7.04108,40.3505],[-7.04305,40.35167],[-7.04605,40.35289],[-7.0482,40.3543],[-7.04957,40.35576],[-7.05036,40.35888],[-7.05371,40.35922],[-7.05326,40.3629],[-7.0556,40.36417],[-7.05781,40.36607],[-7.05964,40.36705],[-7.06235,40.3693],[-7.06437,40.36984],[-7.06541,40.36957],[-7.06903,40.3694],[-7.07171,40.36879],[-7.07376,40.36922],[-7.07468,40.36887],[-7.07664,40.36575],[-7.07842,40.36623],[-7.08027,40.36818],[-7.0817,40.3692],[-7.08291,40.36828],[-7.08317,40.36602],[-7.081,40.3645],[-7.07959,40.3624],[-7.08137,40.36163],[-7.0835,40.36234],[-7.08541,40.3647],[-7.08719,40.36471],[-7.08923,40.36541],[-7.09038,40.36457],[-7.09094,40.36341],[-7.09066,40.36231],[-7.09276,40.36249],[-7.09583,40.36189],[-7.09926,40.36236],[-7.1019,40.36198],[-7.1042,40.36034],[-7.10664,40.36062],[-7.1101,40.3591],[-7.11166,40.35916],[-7.11433,40.35853],[-7.11662,40.35753],[-7.12063,40.35729],[-7.12203,40.35699],[-7.1233,40.35559],[-7.12689,40.35593],[-7.12943,40.35595],[-7.13048,40.35509],[-7.13265,40.35569],[-7.13396,40.35567],[-7.13593,40.35681],[-7.14158,40.35781],[-7.14488,40.3597],[-7.14611,40.35988],[-7.1481,40.36132],[-7.14928,40.36136],[-7.15049,40.36252],[-7.1534,40.36236],[-7.15336,40.36092],[-7.15515,40.36109],[-7.15594,40.35832],[-7.15603,40.35627],[-7.1579,40.35582],[-7.16133,40.35541],[-7.16241,40.35558],[-7.16602,40.3569],[-7.16729,40.35572],[-7.16966,40.35631],[-7.17012,40.35491],[-7.16902,40.35345],[-7.16646,40.35257],[-7.16478,40.35137],[-7.16468,40.3499],[-7.16549,40.34853],[-7.16411,40.34751],[-7.16358,40.34578],[-7.16262,40.34531],[-7.16161,40.34218],[-7.16099,40.34148],[-7.15997,40.33826],[-7.16038,40.33498],[-7.16137,40.33336],[-7.16272,40.33194],[-7.16372,40.32843],[-7.16402,40.32654],[-7.16572,40.32454],[-7.16781,40.32128],[-7.16885,40.32013],[-7.16806,40.3193],[-7.17132,40.31737],[-7.17197,40.31562],[-7.17367,40.31435],[-7.17567,40.31382],[-7.17707,40.31298],[-7.17775,40.31178],[-7.17985,40.31172],[-7.18237,40.31065],[-7.18381,40.31044],[-7.1867,40.30872],[-7.19074,40.30803],[-7.19331,40.3083],[-7.19575,40.30955],[-7.19815,40.31277],[-7.20057,40.3131],[-7.20529,40.31407],[-7.2103,40.31481],[-7.21208,40.31487],[-7.22053,40.31763],[-7.2223,40.31844],[-7.22766,40.31928],[-7.22978,40.32026],[-7.23263,40.31848],[-7.23478,40.31743],[-7.2392,40.3146],[-7.24433,40.31209],[-7.24827,40.31281],[-7.24989,40.31245],[-7.25569,40.31494],[-7.25736,40.31527],[-7.26177,40.31759],[-7.26222,40.31875],[-7.26297,40.32321],[-7.26429,40.32648],[-7.25806,40.33027],[-7.25194,40.33512],[-7.24884,40.33826],[-7.24741,40.33946],[-7.2447,40.34329],[-7.24103,40.34656],[-7.23964,40.34888],[-7.23845,40.3501],[-7.23937,40.35156],[-7.23784,40.35381],[-7.24056,40.3559],[-7.24365,40.35724],[-7.24328,40.35854],[-7.24096,40.3613],[-7.23951,40.3654],[-7.23866,40.36649],[-7.23692,40.36736],[-7.23534,40.36904],[-7.23413,40.37127],[-7.23335,40.37198],[-7.23279,40.37391],[-7.23215,40.37419],[-7.23123,40.37632],[-7.23004,40.37756],[-7.23,40.37855],[-7.229,40.37934],[-7.22709,40.38327],[-7.2248,40.38652],[-7.22526,40.3876],[-7.22504,40.3889],[-7.22359,40.38922],[-7.22364,40.39044],[-7.22484,40.39092],[-7.22609,40.3902],[-7.22748,40.39074],[-7.22895,40.39044],[-7.23052,40.39166],[-7.23056,40.3933],[-7.22816,40.39578],[-7.22795,40.39754],[-7.23065,40.39888],[-7.23326,40.40053],[-7.2319,40.4037],[-7.23109,40.40691],[-7.22903,40.41038],[-7.22749,40.41083],[-7.22557,40.4122],[-7.22324,40.41266],[-7.22229,40.4136],[-7.22053,40.41451],[-7.21898,40.4145],[-7.2167,40.41534],[-7.21457,40.41515],[-7.21375,40.41667],[-7.21465,40.41878],[-7.2131,40.42092],[-7.21362,40.42356],[-7.21449,40.42335],[-7.22251,40.42513],[-7.22522,40.42585],[-7.23267,40.42702],[-7.2346,40.42948],[-7.23538,40.42977],[-7.23628,40.43176],[-7.24097,40.4375],[-7.24195,40.43746],[-7.2438,40.43852],[-7.24824,40.44051],[-7.25432,40.44343],[-7.25474,40.44619],[-7.25605,40.44682],[-7.25983,40.44644],[-7.26059,40.44659],[-7.26843,40.44927],[-7.26937,40.44865],[-7.27137,40.44898],[-7.27467,40.45022],[-7.27561,40.45165],[-7.27876,40.45055],[-7.28056,40.44905],[-7.28235,40.44849],[-7.28241,40.45066],[-7.28191,40.45167],[-7.27987,40.45403],[-7.27818,40.45655],[-7.27898,40.45766],[-7.27678,40.45866],[-7.27659,40.45981],[-7.27511,40.46133],[-7.27494,40.46273],[-7.27271,40.46628],[-7.27315,40.46687],[-7.27657,40.46707],[-7.28057,40.46782],[-7.28479,40.46795],[-7.2919,40.46744],[-7.29385,40.46689],[-7.29731,40.46787],[-7.29799,40.46701],[-7.30114,40.46665],[-7.30372,40.46803],[-7.3055,40.46603],[-7.31588,40.46717],[-7.31938,40.46661],[-7.31846,40.46764],[-7.31602,40.46905],[-7.31705,40.47045],[-7.31731,40.47228],[-7.31664,40.47424],[-7.31711,40.47492],[-7.31663,40.4762],[-7.31908,40.47598],[-7.31898,40.4773],[-7.32068,40.48004],[-7.32009,40.482],[-7.32092,40.48257],[-7.32319,40.48268],[-7.32797,40.48504],[-7.33015,40.48316],[-7.33289,40.48166],[-7.33449,40.47988],[-7.3352,40.47803],[-7.33475,40.47607],[-7.33388,40.47516],[-7.33776,40.47098],[-7.33825,40.4683],[-7.34133,40.46577],[-7.34112,40.46481],[-7.34234,40.46299],[-7.34249,40.46137],[-7.34528,40.45892],[-7.34662,40.45823],[-7.35044,40.45783],[-7.36579,40.4567],[-7.36597,40.45731],[-7.36839,40.45902],[-7.36945,40.45865],[-7.37172,40.4586],[-7.37277,40.45799],[-7.3741,40.45806],[-7.3772,40.45715],[-7.37858,40.45755],[-7.38184,40.45683],[-7.38325,40.45628],[-7.38659,40.45438],[-7.39049,40.45245],[-7.39407,40.44956],[-7.39568,40.44888],[-7.39745,40.44756],[-7.39902,40.44682],[-7.40009,40.44526],[-7.40278,40.44409],[-7.40581,40.44706],[-7.40772,40.44821],[-7.41046,40.4483],[-7.41092,40.44913],[-7.4141,40.44925],[-7.41727,40.45135],[-7.41791,40.45363],[-7.41952,40.45618],[-7.41963,40.45994],[-7.41995,40.46272],[-7.42062,40.46422],[-7.41973,40.46579],[-7.42012,40.46647],[-7.41971,40.46857],[-7.41539,40.47351],[-7.41189,40.47685],[-7.41028,40.47882],[-7.40778,40.48268],[-7.4056,40.48327],[-7.40522,40.48483],[-7.404,40.4864],[-7.40234,40.48549],[-7.39897,40.48481],[-7.39749,40.48535],[-7.39693,40.48812],[-7.39714,40.49004],[-7.39515,40.49161],[-7.39406,40.49203],[-7.39494,40.49309],[-7.39432,40.49394],[-7.3923,40.49461],[-7.39136,40.49536],[-7.3893,40.49282],[-7.3877,40.49201],[-7.38585,40.49258],[-7.38538,40.49449],[-7.38643,40.49556],[-7.38871,40.49534],[-7.38932,40.496],[-7.38817,40.49694],[-7.38947,40.49739],[-7.39058,40.49843],[-7.38997,40.49917],[-7.38751,40.49982],[-7.38306,40.49977],[-7.38273,40.50253],[-7.3854,40.50268],[-7.3877,40.50372],[-7.38713,40.50488],[-7.38433,40.50641],[-7.38327,40.506],[-7.38399,40.50458],[-7.38226,40.50424],[-7.37913,40.5042],[-7.37791,40.50468],[-7.3773,40.50742],[-7.37913,40.50848],[-7.37823,40.51006],[-7.37613,40.50974],[-7.37524,40.5086],[-7.37398,40.50827],[-7.37093,40.50914],[-7.37128,40.5113],[-7.36858,40.51234],[-7.36607,40.51145],[-7.36466,40.51281],[-7.36322,40.51312],[-7.36234,40.51148],[-7.36047,40.51151],[-7.35851,40.51025],[-7.35704,40.51223],[-7.35426,40.51445],[-7.35316,40.51467],[-7.35164,40.51355],[-7.35048,40.51507],[-7.35103,40.51548],[-7.35099,40.5188],[-7.35042,40.5196],[-7.34818,40.52032],[-7.34922,40.52137],[-7.34829,40.52323],[-7.34847,40.52499],[-7.35038,40.52638],[-7.35368,40.5271],[-7.35882,40.52672],[-7.36381,40.52847],[-7.366,40.53015],[-7.36731,40.53047],[-7.36796,40.53137],[-7.3672,40.53291],[-7.36624,40.53363],[-7.3676,40.53439],[-7.36737,40.53642],[-7.36958,40.53839],[-7.37039,40.54011],[-7.37175,40.54012],[-7.37361,40.53734],[-7.37916,40.53786],[-7.3813,40.53851],[-7.38442,40.53985],[-7.388,40.53942],[-7.39117,40.53806],[-7.39272,40.53853],[-7.39639,40.5383],[-7.39808,40.53905],[-7.39897,40.54004],[-7.4014,40.54072],[-7.4045,40.54121],[-7.40885,40.54164],[-7.4157,40.5418],[-7.4178,40.5451],[-7.41824,40.54646],[-7.42239,40.54715],[-7.42426,40.54726],[-7.42781,40.54904],[-7.42966,40.54747],[-7.42956,40.54649],[-7.43234,40.54544],[-7.4322,40.54458],[-7.43591,40.54342],[-7.44105,40.53728],[-7.4448,40.53232],[-7.44656,40.53028],[-7.44875,40.52481],[-7.45239,40.51795],[-7.45459,40.51695],[-7.4573,40.51676],[-7.45906,40.51531],[-7.46214,40.51518],[-7.45994,40.51285],[-7.46173,40.51099],[-7.46731,40.50807],[-7.4706,40.50978],[-7.47132,40.51085],[-7.47614,40.51368],[-7.4786,40.51472],[-7.48023,40.51391],[-7.48947,40.52162],[-7.49037,40.52288],[-7.49272,40.5233],[-7.49329,40.52207],[-7.49517,40.52108],[-7.49812,40.52339],[-7.5017,40.52357],[-7.50582,40.52346],[-7.51019,40.52445],[-7.51325,40.52628],[-7.514,40.52723],[-7.51727,40.52945],[-7.51827,40.53037],[-7.52091,40.53122],[-7.51446,40.53662],[-7.50997,40.53872],[-7.50988,40.53929],[-7.50717,40.54207],[-7.50776,40.54378],[-7.50751,40.54482],[-7.50958,40.54576],[-7.50963,40.54672],[-7.51073,40.54696],[-7.51335,40.54565],[-7.51554,40.54552],[-7.51807,40.54637],[-7.51914,40.54708],[-7.51923,40.54802],[-7.52157,40.54802],[-7.52327,40.5485],[-7.53044,40.54495],[-7.52988,40.54267],[-7.52908,40.54124],[-7.52966,40.53958],[-7.52965,40.5372],[-7.53013,40.53669],[-7.53015,40.53413],[-7.52976,40.53239],[-7.52804,40.53113],[-7.52647,40.53068],[-7.52578,40.5296],[-7.52349,40.52781],[-7.52275,40.52629],[-7.52137,40.52573],[-7.5219,40.52449],[-7.52101,40.52218],[-7.5217,40.52088],[-7.52162,40.51955],[-7.52093,40.51912],[-7.5305,40.51772],[-7.53075,40.51709],[-7.53267,40.51597],[-7.53293,40.51445],[-7.53656,40.51001],[-7.53632,40.50839],[-7.5373,40.50517],[-7.53909,40.50237],[-7.53787,40.50193],[-7.53768,40.5008],[-7.53883,40.50051],[-7.53906,40.49944],[-7.53737,40.49692],[-7.53825,40.49575],[-7.53909,40.49326],[-7.53832,40.49029],[-7.53743,40.48883],[-7.53528,40.48785],[-7.53378,40.48762],[-7.53215,40.48682],[-7.53118,40.48571],[-7.52833,40.48378],[-7.52863,40.48255],[-7.52598,40.48001],[-7.52893,40.47856],[-7.53079,40.47909],[-7.53202,40.47844],[-7.53345,40.47512],[-7.53423,40.4745],[-7.53646,40.47422],[-7.53867,40.47322],[-7.53929,40.47257],[-7.54415,40.47752],[-7.54412,40.48075],[-7.54643,40.48383],[-7.54665,40.48467],[-7.54844,40.48656],[-7.55088,40.48634],[-7.55226,40.48712],[-7.55394,40.48722],[-7.555,40.48813],[-7.55592,40.49009],[-7.55761,40.49189],[-7.55989,40.49315],[-7.56078,40.49412],[-7.56044,40.4954],[-7.56078,40.49768],[-7.56271,40.49947],[-7.56366,40.50091],[-7.56341,40.50232],[-7.56398,40.50286],[-7.56463,40.50572],[-7.56643,40.5057],[-7.56706,40.50627],[-7.57027,40.50633],[-7.57427,40.507],[-7.57542,40.5068],[-7.58908,40.50865],[-7.58993,40.50898],[-7.59174,40.5079],[-7.5942,40.50695],[-7.59571,40.50602],[-7.59876,40.5051],[-7.59996,40.50563],[-7.60193,40.50573],[-7.60358,40.50536],[-7.60466,40.50419],[-7.60674,40.50419],[-7.61015,40.50356],[-7.61459,40.50406],[-7.61412,40.49768],[-7.6114,40.49477],[-7.61311,40.49119],[-7.61567,40.48793],[-7.61746,40.48629],[-7.62053,40.48255],[-7.62031,40.47839],[-7.62,40.47723],[-7.6177,40.47586],[-7.61646,40.4747],[-7.61751,40.47407],[-7.61791,40.47295],[-7.621,40.47258],[-7.62344,40.47276],[-7.62564,40.47256],[-7.62678,40.47132],[-7.62651,40.46914],[-7.62716,40.46773],[-7.62712,40.46059],[-7.63031,40.45838],[-7.62787,40.45807],[-7.62715,40.45728],[-7.62761,40.45549],[-7.62524,40.45447],[-7.62333,40.45403],[-7.62333,40.45305],[-7.62172,40.45164],[-7.62043,40.44926],[-7.61765,40.44756],[-7.61607,40.44874],[-7.61437,40.44917],[-7.61205,40.44865],[-7.61194,40.44784],[-7.6107,40.44708],[-7.61065,40.44547],[-7.61146,40.44507],[-7.61221,40.44317],[-7.61334,40.44202],[-7.61279,40.43976],[-7.6137,40.43815],[-7.61348,40.43668],[-7.61438,40.43559],[-7.61402,40.43446],[-7.61459,40.43271],[-7.61451,40.43129],[-7.6159,40.42911],[-7.61635,40.42766],[-7.61762,40.42599],[-7.61749,40.42475],[-7.61825,40.42368],[-7.6182,40.42233],[-7.62096,40.42232],[-7.62361,40.42083],[-7.62544,40.42103],[-7.62747,40.4206],[-7.62848,40.41973],[-7.63328,40.41853],[-7.63561,40.41752],[-7.63713,40.41564],[-7.63882,40.41524],[-7.63978,40.41363],[-7.64136,40.41344],[-7.64352,40.41194],[-7.64533,40.41167],[-7.64741,40.41022],[-7.6473,40.40911],[-7.65141,40.40817],[-7.65218,40.40911],[-7.65342,40.4083],[-7.65472,40.40625],[-7.65396,40.40485],[-7.65869,40.40122],[-7.65922,40.39983],[-7.66045,40.39946],[-7.66059,40.39831],[-7.66158,40.39811],[-7.66217,40.39646],[-7.65879,40.39298],[-7.65839,40.39019],[-7.65671,40.38835],[-7.65669,40.3872],[-7.65576,40.38638],[-7.6554,40.38373],[-7.65237,40.38249],[-7.65137,40.38268],[-7.64955,40.38155],[-7.6485,40.38169],[-7.64616,40.38051],[-7.6458,40.37944],[-7.64429,40.37895],[-7.6421,40.37706],[-7.63588,40.37228],[-7.63597,40.3698],[-7.6366,40.3689],[-7.64508,40.35869],[-7.64567,40.35636],[-7.64838,40.35461],[-7.64855,40.35296],[-7.65189,40.34739],[-7.65264,40.3477],[-7.65499,40.34681],[-7.65966,40.34665],[-7.66151,40.34578],[-7.66579,40.34989],[-7.66586,40.35274],[-7.66697,40.3542],[-7.66868,40.35513],[-7.67574,40.35783],[-7.68004,40.35558],[-7.68124,40.35434],[-7.6827,40.35367],[-7.6839,40.3523],[-7.68771,40.35018],[-7.68887,40.34893],[-7.69021,40.34908],[-7.69241,40.34698],[-7.69885,40.34694],[-7.70182,40.3462],[-7.70255,40.34555],[-7.70552,40.34496],[-7.70769,40.34171],[-7.70789,40.34077],[-7.70926,40.3403],[-7.71427,40.34144],[-7.71694,40.34007],[-7.72179,40.33659],[-7.72994,40.33556],[-7.73683,40.33302],[-7.74384,40.3318],[-7.74726,40.33084],[-7.75031,40.33045],[-7.75342,40.33059],[-7.7559,40.33113],[-7.75704,40.33193],[-7.75821,40.33176],[-7.76101,40.32887],[-7.76181,40.32472],[-7.76512,40.31659],[-7.76748,40.31592],[-7.77211,40.31544],[-7.77468,40.31595],[-7.77643,40.31673],[-7.77871,40.31848],[-7.78044,40.31806],[-7.78796,40.31438],[-7.7896,40.31392],[-7.79108,40.31275],[-7.79259,40.31074],[-7.79324,40.309],[-7.79713,40.30851],[-7.80109,40.30946],[-7.80436,40.30758],[-7.80463,40.30625],[-7.80644,40.30398],[-7.80592,40.30313],[-7.80625,40.3005],[-7.8077,40.29905],[-7.80687,40.29824],[-7.80708,40.29499],[-7.80885,40.29101],[-7.81089,40.28731],[-7.81354,40.28409],[-7.81817,40.28216],[-7.81742,40.28031],[-7.81665,40.2754],[-7.81687,40.27169],[-7.81827,40.26936],[-7.82062,40.26798],[-7.8243,40.26749],[-7.82624,40.26625],[-7.8256,40.25922],[-7.82693,40.25755],[-7.82806,40.25487],[-7.82956,40.25387],[-7.83292,40.25222],[-7.83444,40.25103],[-7.83387,40.24938],[-7.83368,40.24435],[-7.83407,40.24269],[-7.83706,40.24019],[-7.83736,40.23776],[-7.83832,40.23473],[-7.83808,40.23348],[-7.83979,40.23127],[-7.84053,40.22774],[-7.84157,40.2266],[-7.84122,40.22575],[-7.84249,40.22438],[-7.84218,40.2235],[-7.84344,40.22262],[-7.84224,40.22207],[-7.8446,40.21979],[-7.85061,40.21815],[-7.85335,40.21867],[-7.85653,40.21686],[-7.86059,40.21723],[-7.86312,40.21694],[-7.86584,40.21558],[-7.86823,40.21506],[-7.87002,40.21399],[-7.87259,40.2113],[-7.87648,40.21037],[-7.87775,40.21022],[-7.88319,40.21081],[-7.88721,40.20898],[-7.89167,40.20632],[-7.89148,40.20544],[-7.8923,40.20325],[-7.89323,40.20239],[-7.89448,40.20227],[-7.89637,40.20145],[-7.89673,40.20016],[-7.89824,40.19745],[-7.89961,40.19729],[-7.89942,40.19576],[-7.90143,40.19367],[-7.90333,40.19104],[-7.90205,40.19021],[-7.90225,40.18771],[-7.90315,40.18578],[-7.90385,40.18542],[-7.90401,40.18382],[-7.90556,40.18323],[-7.90779,40.18188],[-7.91064,40.1807],[-7.91105,40.1791],[-7.91046,40.17603],[-7.91109,40.1752],[-7.9123,40.17533],[-7.91314,40.17426],[-7.91603,40.1737],[-7.9177,40.17295],[-7.91826,40.1734],[-7.92384,40.16858],[-7.92624,40.17005],[-7.92713,40.17012],[-7.92864,40.16875],[-7.9295,40.16873],[-7.9306,40.17008],[-7.93262,40.16984],[-7.93525,40.17032],[-7.93665,40.17001],[-7.93788,40.16724],[-7.93989,40.16635],[-7.94119,40.16425],[-7.94298,40.16335],[-7.94287,40.16108],[-7.94377,40.1604],[-7.94506,40.16167],[-7.9467,40.16049],[-7.94695,40.16173],[-7.9479,40.16237],[-7.94939,40.16096],[-7.9498,40.15972],[-7.9511,40.15866],[-7.95076,40.15787],[-7.94918,40.15791],[-7.9485,40.15693],[-7.94961,40.15627],[-7.94968,40.1551],[-7.94861,40.15418],[-7.9526,40.15329],[-7.95504,40.15312],[-7.95579,40.15197],[-7.95723,40.15197],[-7.95908,40.15325],[-7.9608,40.15244],[-7.96329,40.15233],[-7.96425,40.15102],[-7.96274,40.15049],[-7.9622,40.14891],[-7.96337,40.14793],[-7.96513,40.1458],[-7.96764,40.14427],[-7.96713,40.14349],[-7.96537,40.14462],[-7.9639,40.14398],[-7.96487,40.14252],[-7.96647,40.14197],[-7.96846,40.14184],[-7.96966,40.14121],[-7.96999,40.13939],[-7.97112,40.13813],[-7.97252,40.13784],[-7.97765,40.13976],[-7.97678,40.13828],[-7.97426,40.13639],[-7.97569,40.13545],[-7.97415,40.13435],[-7.97342,40.13177],[-7.97199,40.13112],[-7.96928,40.13058],[-7.96819,40.1314],[-7.96656,40.13085],[-7.96491,40.12713],[-7.96529,40.12548],[-7.96301,40.12284],[-7.9643,40.12147],[-7.96103,40.11973],[-7.95955,40.11863],[-7.95715,40.1178],[-7.952,40.11818],[-7.94882,40.11733],[-7.94667,40.11905],[-7.9464,40.11979],[-7.9448,40.12113],[-7.94206,40.12175],[-7.93942,40.12174],[-7.93747,40.12338],[-7.93608,40.12359],[-7.93311,40.12225],[-7.93041,40.12218],[-7.92703,40.12296],[-7.9262,40.12388],[-7.92166,40.12647],[-7.92082,40.12732],[-7.91808,40.1283],[-7.91686,40.1292],[-7.91436,40.13171],[-7.9122,40.133],[-7.91301,40.13445],[-7.91324,40.13623],[-7.91214,40.13785],[-7.90993,40.1387],[-7.90778,40.1382],[-7.90377,40.13829],[-7.89992,40.13627],[-7.89991,40.13505],[-7.89919,40.13368],[-7.89735,40.13398],[-7.89417,40.13275],[-7.89285,40.13173],[-7.89084,40.13127],[-7.88938,40.12911],[-7.88963,40.12731],[-7.88731,40.12173],[-7.88596,40.11682],[-7.88076,40.1081],[-7.87532,40.10013],[-7.87265,40.09887],[-7.87076,40.09764],[-7.86791,40.09623],[-7.8617,40.09237],[-7.86078,40.09159],[-7.85872,40.08902],[-7.8573,40.08783],[-7.85424,40.0828],[-7.85278,40.08132],[-7.85376,40.07713],[-7.85348,40.07205],[-7.85417,40.06549],[-7.8563,40.06444],[-7.85726,40.06275],[-7.85652,40.06055],[-7.85822,40.05915],[-7.85471,40.05881],[-7.84895,40.05435],[-7.84611,40.05366],[-7.84419,40.05278],[-7.84283,40.05309],[-7.83948,40.05197],[-7.83752,40.05105],[-7.83467,40.05096],[-7.83218,40.05041],[-7.82642,40.05078],[-7.82485,40.05057],[-7.82069,40.04607],[-7.81662,40.04231],[-7.81533,40.04073],[-7.8125,40.03824],[-7.80831,40.03574],[-7.81022,40.034],[-7.81307,40.03258],[-7.81527,40.03281],[-7.81738,40.03239],[-7.81953,40.0312],[-7.82178,40.02958],[-7.8231,40.02687],[-7.82626,40.02524],[-7.82661,40.02325],[-7.82619,40.02274],[-7.82346,40.02124],[-7.82429,40.01906],[-7.82529,40.01796],[-7.82313,40.01691],[-7.82294,40.01504],[-7.8239,40.01302],[-7.82351,40.01123],[-7.82199,40.00879],[-7.82201,40.00549],[-7.82094,40.00229],[-7.82305,39.99999],[-7.82398,39.99791],[-7.82697,39.99499],[-7.82831,39.99416],[-7.82821,39.99303],[-7.82505,39.99172],[-7.82437,39.99075],[-7.82584,39.98854],[-7.82448,39.98744],[-7.82352,39.98595],[-7.82241,39.98534],[-7.82218,39.98418],[-7.82311,39.98379],[-7.82621,39.98496],[-7.83304,39.98372],[-7.8338,39.98323],[-7.83578,39.98348],[-7.83846,39.98258],[-7.84346,39.98181],[-7.84592,39.98169],[-7.84797,39.98122],[-7.85206,39.98074],[-7.85482,39.98091],[-7.85589,39.98133],[-7.85841,39.98153],[-7.86075,39.98074],[-7.86399,39.9817],[-7.86443,39.98283],[-7.866,39.98314],[-7.86624,39.98427],[-7.86773,39.98443],[-7.87199,39.98598],[-7.87352,39.98613],[-7.87646,39.98704],[-7.88065,39.98896],[-7.88554,39.99255],[-7.88682,39.99447],[-7.88834,39.99908],[-7.88824,40.00119],[-7.88875,40.00282],[-7.88856,40.00408],[-7.88961,40.00443],[-7.89029,40.00542],[-7.89163,40.00588],[-7.89012,40.00788],[-7.89034,40.00895],[-7.88742,40.01662],[-7.88759,40.01694],[-7.88522,40.02066],[-7.87822,40.02459],[-7.87815,40.02701],[-7.88025,40.02743],[-7.88548,40.0253],[-7.88832,40.02359],[-7.89173,40.02093],[-7.89194,40.01906],[-7.89174,40.0159],[-7.89222,40.01523],[-7.89551,40.0145],[-7.89845,40.01264],[-7.90083,40.01084],[-7.90155,40.0086],[-7.89858,40.0063],[-7.89804,40.00518],[-7.89933,40.00352],[-7.90196,40.00286],[-7.90692,40.00336],[-7.90996,40.00442],[-7.9132,40.0071],[-7.91474,40.00744],[-7.91579,40.00669],[-7.91582,40.00548],[-7.9138,40.00198],[-7.9144,40.00066],[-7.91828,39.99873],[-7.92021,39.99848],[-7.92348,39.99889],[-7.92765,39.99972],[-7.93471,40.00201],[-7.93627,40.0018],[-7.93877,40.00026],[-7.94131,39.99988],[-7.94394,40.0006],[-7.94866,40.00154],[-7.95115,40.00243],[-7.95293,40.0024],[-7.95337,40.00165],[-7.95292,40.00031],[-7.95349,39.99603],[-7.95106,39.99541],[-7.9498,39.99459],[-7.94593,39.99315],[-7.9481,39.99212],[-7.94728,39.9911],[-7.9463,39.99141],[-7.94467,39.98991],[-7.94294,39.98999],[-7.94085,39.98874],[-7.94121,39.98757],[-7.94006,39.98688],[-7.93868,39.9872],[-7.93738,39.98624],[-7.9356,39.98589],[-7.93479,39.98483],[-7.93591,39.98231],[-7.93571,39.98172],[-7.93837,39.98065],[-7.93589,39.97764],[-7.93064,39.97819],[-7.93036,39.97739],[-7.92892,39.97716],[-7.92891,39.97505],[-7.93105,39.97229],[-7.93067,39.97155],[-7.93173,39.97084],[-7.93183,39.96937],[-7.93106,39.96809],[-7.92913,39.9676],[-7.92945,39.96689],[-7.92762,39.96656],[-7.92668,39.96691],[-7.9242,39.96624],[-7.92377,39.96426],[-7.923,39.96389],[-7.92422,39.96233],[-7.92304,39.96123],[-7.9241,39.95992],[-7.92332,39.95907],[-7.92525,39.95579],[-7.92732,39.95406],[-7.92855,39.95195],[-7.92858,39.95067],[-7.92709,39.94937],[-7.92134,39.94587],[-7.92315,39.94594],[-7.92402,39.94523],[-7.92393,39.9443],[-7.92556,39.94444],[-7.92643,39.9435],[-7.92896,39.94325],[-7.9311,39.94364],[-7.9333,39.94518],[-7.93432,39.94685],[-7.93709,39.94798],[-7.9378,39.9471],[-7.93941,39.94732],[-7.94251,39.94855],[-7.94375,39.94935],[-7.94541,39.94902],[-7.9474,39.94654],[-7.9487,39.94576],[-7.9506,39.9453],[-7.95313,39.94412],[-7.95842,39.94412],[-7.96081,39.94329],[-7.96288,39.94374],[-7.96613,39.94546],[-7.96758,39.94492],[-7.96816,39.94228],[-7.96933,39.94114],[-7.97164,39.94064],[-7.97313,39.93998],[-7.97573,39.93793],[-7.97837,39.93686],[-7.97942,39.93599],[-7.98201,39.93535],[-7.98669,39.93449],[-7.98813,39.9338],[-7.98899,39.93197],[-7.98814,39.92861],[-7.98657,39.92721],[-7.98754,39.92575],[-7.98907,39.92538],[-7.98974,39.92467],[-7.98888,39.92279],[-7.99028,39.92179],[-7.98867,39.92139],[-7.98664,39.91975],[-7.98373,39.91911],[-7.97753,39.91884],[-7.97234,39.91899],[-7.96778,39.91861],[-7.95966,39.91832],[-7.9583,39.91763],[-7.95701,39.9164],[-7.95729,39.91532],[-7.95602,39.91077],[-7.95449,39.90929],[-7.95234,39.90567],[-7.95228,39.90437],[-7.94707,39.90115],[-7.95002,39.89829],[-7.9515,39.89778],[-7.95473,39.8921],[-7.95548,39.89148],[-7.95778,39.89134],[-7.95821,39.88916],[-7.96264,39.886],[-7.96412,39.88642],[-7.96624,39.88798],[-7.96804,39.88745],[-7.96837,39.88518],[-7.96476,39.88351],[-7.96256,39.88385],[-7.96176,39.88353],[-7.96098,39.88165],[-7.95779,39.87741],[-7.95519,39.87536],[-7.95402,39.87512],[-7.9536,39.87386],[-7.9516,39.87278],[-7.94856,39.87254],[-7.94781,39.87113],[-7.94834,39.86917],[-7.94753,39.86738],[-7.94444,39.86539],[-7.94251,39.86583],[-7.93995,39.86486],[-7.93822,39.86485],[-7.93693,39.8617],[-7.93545,39.86143],[-7.93177,39.86215],[-7.93044,39.86132],[-7.92787,39.86129],[-7.92526,39.85912],[-7.92261,39.85744],[-7.91847,39.85633],[-7.91506,39.85449],[-7.91152,39.85618],[-7.907,39.85661],[-7.90407,39.85794],[-7.90079,39.85884],[-7.90049,39.85946],[-7.89786,39.86167],[-7.89645,39.86411],[-7.89561,39.86718],[-7.89553,39.87062],[-7.89427,39.87241],[-7.89261,39.87336],[-7.89079,39.87388],[-7.88737,39.87601],[-7.88394,39.87681],[-7.88277,39.8764],[-7.88049,39.87475],[-7.87921,39.8744],[-7.87853,39.87302],[-7.87604,39.87194],[-7.87424,39.87082],[-7.86999,39.86904],[-7.86687,39.86917],[-7.86604,39.86973],[-7.86336,39.86921],[-7.86113,39.86831],[-7.85711,39.86871],[-7.85438,39.8677],[-7.85248,39.86767],[-7.85613,39.86478],[-7.85829,39.8599],[-7.85805,39.85881],[-7.85876,39.85686],[-7.85769,39.85515],[-7.85653,39.85408],[-7.85458,39.85158],[-7.85405,39.84896],[-7.8522,39.84627],[-7.85222,39.84362],[-7.85279,39.84197],[-7.85275,39.83923],[-7.85371,39.83612],[-7.85499,39.83442],[-7.85805,39.8317],[-7.86076,39.83015],[-7.86184,39.82882],[-7.86453,39.82754],[-7.86601,39.82736],[-7.86852,39.82587],[-7.87064,39.82412],[-7.87364,39.82255],[-7.87436,39.82158],[-7.87687,39.81945],[-7.87843,39.81901],[-7.88419,39.81885],[-7.88639,39.81845],[-7.89124,39.8183],[-7.89096,39.81628],[-7.89029,39.81562],[-7.88962,39.81336],[-7.88995,39.80929],[-7.89147,39.80312],[-7.89249,39.79967],[-7.89334,39.79805],[-7.89334,39.79701],[-7.89546,39.79444],[-7.89449,39.79179],[-7.89331,39.79055],[-7.89347,39.7882],[-7.89264,39.7879],[-7.89176,39.7856],[-7.89176,39.78439],[-7.89065,39.78184],[-7.88823,39.78007],[-7.88782,39.77851],[-7.88832,39.7765],[-7.88755,39.7755],[-7.88533,39.77482],[-7.88413,39.77256],[-7.88283,39.77148],[-7.88183,39.76887],[-7.88173,39.76751],[-7.8835,39.76799],[-7.88529,39.76731],[-7.88331,39.76011],[-7.88157,39.75945],[-7.88279,39.75778],[-7.88251,39.75675],[-7.88057,39.75657],[-7.88093,39.75492],[-7.88159,39.75421],[-7.88163,39.75274],[-7.88411,39.75285],[-7.886,39.75189],[-7.88668,39.75035],[-7.88577,39.74856],[-7.88635,39.74685],[-7.88762,39.74507],[-7.8881,39.74379],[-7.88562,39.74369],[-7.88359,39.74547],[-7.88139,39.74465],[-7.87923,39.74623],[-7.87686,39.74474],[-7.87615,39.74574],[-7.87628,39.7472],[-7.87284,39.74707],[-7.86951,39.74666],[-7.86789,39.74603],[-7.86777,39.74482],[-7.86585,39.74438],[-7.86508,39.74361],[-7.86354,39.74404],[-7.86012,39.74348],[-7.85912,39.7451],[-7.85925,39.74654],[-7.857,39.74697],[-7.85594,39.74478],[-7.85507,39.74369],[-7.85542,39.74178],[-7.85289,39.74315],[-7.85109,39.74239],[-7.84909,39.74279],[-7.84861,39.74105],[-7.84984,39.73985],[-7.84945,39.73881],[-7.84704,39.7386],[-7.84773,39.73756],[-7.84964,39.7378],[-7.84792,39.73586],[-7.84752,39.73407],[-7.84626,39.73391],[-7.84524,39.73497],[-7.84599,39.73599],[-7.84512,39.73696],[-7.8426,39.73561],[-7.84134,39.73622],[-7.83817,39.7359],[-7.83899,39.73363],[-7.83691,39.73363],[-7.83669,39.73501],[-7.83507,39.73557],[-7.83474,39.73395],[-7.83622,39.73204],[-7.83606,39.73138],[-7.83406,39.73168],[-7.83386,39.73291],[-7.8323,39.73304],[-7.83069,39.73218],[-7.83062,39.73029],[-7.82953,39.72996],[-7.82808,39.72829],[-7.82689,39.7281],[-7.82742,39.72659],[-7.82821,39.72642],[-7.82891,39.72466],[-7.82638,39.72498],[-7.82459,39.72582],[-7.8237,39.72519],[-7.82386,39.72316],[-7.82248,39.72368],[-7.81999,39.72171],[-7.81754,39.72179],[-7.8172,39.72295],[-7.81575,39.72177],[-7.81445,39.72168],[-7.81328,39.72315],[-7.81198,39.7217],[-7.81025,39.72223],[-7.80902,39.72112],[-7.80708,39.72312],[-7.80624,39.7244],[-7.80519,39.72328],[-7.80253,39.72251],[-7.80053,39.72289],[-7.79866,39.72193],[-7.79955,39.72128],[-7.79909,39.71985],[-7.79619,39.72013],[-7.79431,39.72088],[-7.79201,39.72089],[-7.79246,39.72002],[-7.78994,39.71935],[-7.78897,39.72009],[-7.78801,39.71962],[-7.78869,39.7184],[-7.78749,39.71822],[-7.78784,39.71628],[-7.78633,39.71667],[-7.7846,39.71548],[-7.78289,39.71639],[-7.78207,39.71528],[-7.78069,39.71463],[-7.7801,39.71278],[-7.7783,39.71303],[-7.77722,39.71265],[-7.77543,39.71333],[-7.77486,39.71206],[-7.77303,39.71027],[-7.77088,39.7091],[-7.77089,39.70752],[-7.76809,39.70404],[-7.76588,39.70728],[-7.76643,39.709],[-7.76894,39.71024],[-7.77169,39.71059],[-7.7724,39.71112],[-7.77241,39.71263],[-7.77174,39.71398],[-7.76984,39.71534],[-7.76931,39.71513],[-7.76614,39.71592],[-7.76468,39.71502],[-7.76146,39.7151],[-7.75899,39.71606],[-7.75804,39.7176],[-7.75591,39.71784],[-7.75502,39.71723],[-7.75355,39.71535],[-7.75209,39.71484],[-7.74966,39.71175],[-7.74682,39.70957],[-7.74471,39.70716],[-7.74375,39.70641],[-7.7415,39.70326],[-7.73987,39.70179],[-7.73768,39.70106],[-7.7352,39.69785],[-7.73396,39.69537],[-7.73225,39.69361],[-7.72724,39.69539],[-7.72459,39.69296],[-7.72173,39.68963],[-7.72068,39.68814],[-7.72298,39.68687],[-7.72437,39.68548],[-7.72067,39.68213],[-7.7172,39.68248],[-7.71377,39.6825],[-7.71246,39.6819],[-7.71134,39.68047],[-7.70781,39.67743],[-7.70702,39.67741],[-7.70499,39.67618],[-7.70364,39.67677],[-7.70088,39.67853],[-7.7005,39.67763],[-7.70251,39.67626],[-7.70382,39.67398],[-7.70607,39.67321],[-7.70727,39.67168],[-7.706,39.66993],[-7.70928,39.66836],[-7.71014,39.66649],[-7.71168,39.66553],[-7.71324,39.66346],[-7.71351,39.66108],[-7.71448,39.6596],[-7.71436,39.65833],[-7.71312,39.65818],[-7.71286,39.65651],[-7.71532,39.65295],[-7.7173,39.65161],[-7.71665,39.65078],[-7.71599,39.64847],[-7.71596,39.64654],[-7.71533,39.6454],[-7.71401,39.64608],[-7.71303,39.64395],[-7.71115,39.64379],[-7.70921,39.64278],[-7.70782,39.64329],[-7.70517,39.64247],[-7.70567,39.64139],[-7.70236,39.6407],[-7.70336,39.63878],[-7.70324,39.63662]]]]},"properties":{"idApp":923009,"aopId":"beira-interior","name":"Beira Interior","nameJa":"ベイラ・インテリオール","kind":"regional","tags":[],"rank":0},"bbox":[-7.99028,39.62263,-6.80033,41.1107]},{"type":"Feature","geometry":{"type":"Polygon","coordinates":[[[-8.35622,40.36723],[-8.35484,40.36916],[-8.35228,40.37014],[-8.34607,40.37078],[-8.34296,40.36991],[-8.34079,40.36785],[-8.33999,40.36532],[-8.33802,40.36402],[-8.33653,40.3623],[-8.33639,40.36144],[-8.33507,40.36028],[-8.33454,40.35914],[-8.33162,40.35718],[-8.32922,40.35477],[-8.32741,40.3545],[-8.32518,40.35478],[-8.32538,40.3566],[-8.32517,40.35924],[-8.32542,40.36143],[-8.32258,40.36117],[-8.32029,40.36202],[-8.31567,40.36169],[-8.31195,40.3618],[-8.30972,40.36139],[-8.30868,40.3608],[-8.30547,40.35984],[-8.30449,40.35925],[-8.30169,40.35885],[-8.29965,40.35817],[-8.29738,40.357],[-8.29315,40.3543],[-8.29297,40.35145],[-8.29176,40.3504],[-8.28894,40.3472],[-8.28834,40.34682],[-8.28602,40.34673],[-8.28497,40.34632],[-8.28456,40.34471],[-8.28273,40.34485],[-8.28117,40.34098],[-8.28014,40.33913],[-8.27841,40.33774],[-8.27649,40.33569],[-8.27479,40.33543],[-8.27036,40.33543],[-8.26341,40.33382],[-8.26332,40.33235],[-8.26175,40.33058],[-8.26104,40.32923],[-8.25987,40.3286],[-8.25912,40.3275],[-8.25783,40.32747],[-8.25689,40.32645],[-8.25592,40.32627],[-8.25258,40.32368],[-8.25085,40.32323],[-8.24713,40.32358],[-8.24258,40.32653],[-8.23976,40.32553],[-8.23701,40.32264],[-8.2335,40.32273],[-8.23187,40.32474],[-8.23204,40.32653],[-8.2313,40.32839],[-8.23183,40.33153],[-8.22718,40.33281],[-8.22454,40.33498],[-8.22165,40.33566],[-8.21984,40.33638],[-8.21754,40.33779],[-8.21317,40.3398],[-8.21126,40.3411],[-8.20864,40.34141],[-8.20058,40.33893],[-8.19937,40.33882],[-8.19784,40.33939],[-8.19367,40.34307],[-8.19094,40.34307],[-8.18912,40.34204],[-8.18701,40.339],[-8.18663,40.33785],[-8.18677,40.33585],[-8.18618,40.33427],[-8.18395,40.33358],[-8.18122,40.33444],[-8.17849,40.33573],[-8.17672,40.33714],[-8.17406,40.34061],[-8.17211,40.34412],[-8.17036,40.34501],[-8.16783,40.3426],[-8.16569,40.34172],[-8.16337,40.34162],[-8.16184,40.34119],[-8.15864,40.33905],[-8.15556,40.3379],[-8.15198,40.3375],[-8.14817,40.33817],[-8.14528,40.33842],[-8.14035,40.33834],[-8.13829,40.33769],[-8.13674,40.33632],[-8.1365,40.33452],[-8.13517,40.33328],[-8.13418,40.33309],[-8.13298,40.33376],[-8.13225,40.33545],[-8.13015,40.33507],[-8.12909,40.33432],[-8.12816,40.33261],[-8.12671,40.33123],[-8.12367,40.33128],[-8.12097,40.33236],[-8.11855,40.33195],[-8.11732,40.33223],[-8.11616,40.33117],[-8.11635,40.32948],[-8.11777,40.3277],[-8.1174,40.32609],[-8.11535,40.32407],[-8.11534,40.32303],[-8.1165,40.32206],[-8.11612,40.32089],[-8.11482,40.31999],[-8.11592,40.31847],[-8.11434,40.31624],[-8.11737,40.31469],[-8.11585,40.31416],[-8.11474,40.31291],[-8.11506,40.31061],[-8.11636,40.30899],[-8.11586,40.30827],[-8.11315,40.30917],[-8.1125,40.30826],[-8.11287,40.30745],[-8.11205,40.30655],[-8.10958,40.30589],[-8.11016,40.30441],[-8.10835,40.30352],[-8.10944,40.30137],[-8.11059,40.30059],[-8.11186,40.30131],[-8.11541,40.30138],[-8.11564,40.30031],[-8.11655,40.29983],[-8.11927,40.2999],[-8.1203,40.29885],[-8.12417,40.29803],[-8.12765,40.29854],[-8.13138,40.29759],[-8.13219,40.29662],[-8.13523,40.29567],[-8.13978,40.29065],[-8.14045,40.2882],[-8.14262,40.2878],[-8.14487,40.28906],[-8.14715,40.28894],[-8.14974,40.28943],[-8.15472,40.28822],[-8.15692,40.2871],[-8.15987,40.28616],[-8.16009,40.28529],[-8.16142,40.28387],[-8.16085,40.28201],[-8.16007,40.2815],[-8.16032,40.27867],[-8.16076,40.27733],[-8.16279,40.27571],[-8.16327,40.27437],[-8.16297,40.27313],[-8.162,40.27203],[-8.16168,40.27055],[-8.16536,40.26788],[-8.16591,40.26682],[-8.16723,40.26573],[-8.16794,40.26449],[-8.1694,40.26419],[-8.17481,40.26155],[-8.17529,40.25951],[-8.17642,40.2583],[-8.17991,40.25903],[-8.181,40.25967],[-8.18377,40.25964],[-8.18533,40.25896],[-8.18717,40.2592],[-8.19082,40.25857],[-8.19324,40.25849],[-8.19315,40.2567],[-8.1947,40.25658],[-8.19463,40.25835],[-8.19736,40.25877],[-8.19872,40.26029],[-8.20068,40.25983],[-8.20361,40.25808],[-8.2069,40.25715],[-8.20736,40.25589],[-8.20685,40.25438],[-8.20571,40.25397],[-8.20099,40.25469],[-8.19952,40.25275],[-8.19573,40.25052],[-8.19483,40.24936],[-8.19415,40.24554],[-8.19267,40.24561],[-8.19199,40.24671],[-8.19291,40.24884],[-8.19245,40.2498],[-8.1902,40.25061],[-8.18761,40.24972],[-8.18714,40.24864],[-8.18763,40.24736],[-8.18891,40.24632],[-8.18874,40.2453],[-8.18749,40.24414],[-8.18529,40.24375],[-8.18407,40.24447],[-8.18338,40.24618],[-8.18163,40.24842],[-8.18131,40.25075],[-8.1797,40.25154],[-8.17573,40.25154],[-8.17751,40.24895],[-8.17685,40.24783],[-8.17702,40.24681],[-8.17845,40.24625],[-8.17826,40.24538],[-8.1757,40.24501],[-8.17416,40.24532],[-8.17078,40.24792],[-8.16809,40.24889],[-8.16503,40.24943],[-8.16363,40.24928],[-8.17086,40.24271],[-8.17502,40.2379],[-8.17681,40.23683],[-8.17914,40.23688],[-8.18187,40.23626],[-8.1822,40.23431],[-8.18439,40.23261],[-8.18716,40.23108],[-8.1867,40.22943],[-8.18339,40.22671],[-8.18206,40.22489],[-8.17802,40.22333],[-8.17615,40.22297],[-8.1761,40.22211],[-8.17779,40.21989],[-8.17663,40.21805],[-8.17779,40.21571],[-8.1762,40.21304],[-8.17646,40.21154],[-8.17533,40.21101],[-8.17461,40.20867],[-8.17391,40.20762],[-8.1736,40.20555],[-8.17205,40.20552],[-8.1703,40.20896],[-8.1675,40.21176],[-8.16519,40.21286],[-8.15331,40.21142],[-8.14677,40.21042],[-8.14421,40.21108],[-8.14313,40.21082],[-8.14028,40.20907],[-8.13508,40.20828],[-8.13471,40.20797],[-8.1346,40.20533],[-8.13407,40.20415],[-8.13189,40.20296],[-8.13022,40.20255],[-8.12822,40.20252],[-8.12608,40.20287],[-8.12329,40.20257],[-8.12196,40.20159],[-8.12223,40.19839],[-8.12186,40.19689],[-8.12078,40.19492],[-8.1167,40.1967],[-8.11182,40.19747],[-8.10743,40.19764],[-8.10347,40.19873],[-8.10014,40.20023],[-8.09735,40.201],[-8.09636,40.19927],[-8.09593,40.19744],[-8.09202,40.19473],[-8.09222,40.19238],[-8.09182,40.18966],[-8.09003,40.18904],[-8.08827,40.18898],[-8.08427,40.18774],[-8.08203,40.18735],[-8.08196,40.18224],[-8.08103,40.18128],[-8.08064,40.17988],[-8.07556,40.17783],[-8.07485,40.17512],[-8.07474,40.17274],[-8.07169,40.17121],[-8.06733,40.17016],[-8.06524,40.16899],[-8.06283,40.1672],[-8.06046,40.16854],[-8.05733,40.17082],[-8.05558,40.1716],[-8.04872,40.17091],[-8.04818,40.16963],[-8.04619,40.16842],[-8.04402,40.16904],[-8.04138,40.16939],[-8.03884,40.17145],[-8.03666,40.17215],[-8.03528,40.17306],[-8.03239,40.17378],[-8.03147,40.17365],[-8.02689,40.17205],[-8.02577,40.17215],[-8.02402,40.17308],[-8.02034,40.1738],[-8.01779,40.17366],[-8.0154,40.17308],[-8.01351,40.17191],[-8.0082,40.17324],[-8.00416,40.17387],[-8.00278,40.17641],[-8.00224,40.17861],[-8.00121,40.18118],[-8.00113,40.18595],[-7.99775,40.18839],[-7.99625,40.18882],[-7.99326,40.18594],[-7.99054,40.18369],[-7.98852,40.18111],[-7.98486,40.17783],[-7.98428,40.17693],[-7.98388,40.17347],[-7.98324,40.17052],[-7.98351,40.16782],[-7.98493,40.16747],[-7.98598,40.16562],[-7.986,40.16438],[-7.98673,40.16285],[-7.98817,40.16121],[-7.98829,40.15974],[-7.98968,40.15734],[-7.99072,40.15629],[-7.98863,40.15462],[-7.98959,40.15171],[-7.99035,40.15041],[-7.98898,40.14875],[-7.9909,40.14701],[-7.99152,40.14564],[-7.99105,40.14444],[-7.99196,40.14209],[-7.99492,40.13943],[-7.99551,40.13761],[-7.99519,40.13687],[-7.99361,40.13693],[-7.99222,40.13828],[-7.99222,40.13953],[-7.99149,40.1404],[-7.9881,40.13931],[-7.9867,40.13823],[-7.98357,40.13827],[-7.98193,40.1365],[-7.98108,40.13632],[-7.9791,40.13744],[-7.97893,40.13914],[-7.97765,40.13976],[-7.97252,40.13784],[-7.97112,40.13813],[-7.96999,40.13939],[-7.96966,40.14121],[-7.96846,40.14184],[-7.96647,40.14197],[-7.96487,40.14252],[-7.9639,40.14398],[-7.96537,40.14462],[-7.96713,40.14349],[-7.96764,40.14427],[-7.96513,40.1458],[-7.96337,40.14793],[-7.9622,40.14891],[-7.96274,40.15049],[-7.96425,40.15102],[-7.96329,40.15233],[-7.9608,40.15244],[-7.95908,40.15325],[-7.95723,40.15197],[-7.95579,40.15197],[-7.95504,40.15312],[-7.9526,40.15329],[-7.94861,40.15418],[-7.94968,40.1551],[-7.94961,40.15627],[-7.9485,40.15693],[-7.94918,40.15791],[-7.95076,40.15787],[-7.9511,40.15866],[-7.9498,40.15972],[-7.94939,40.16096],[-7.9479,40.16237],[-7.94695,40.16173],[-7.9467,40.16049],[-7.94506,40.16167],[-7.94377,40.1604],[-7.94287,40.16108],[-7.94298,40.16335],[-7.94119,40.16425],[-7.93989,40.16635],[-7.93788,40.16724],[-7.93665,40.17001],[-7.93525,40.17032],[-7.93262,40.16984],[-7.9306,40.17008],[-7.9295,40.16873],[-7.92864,40.16875],[-7.92713,40.17012],[-7.92624,40.17005],[-7.92384,40.16858],[-7.91826,40.1734],[-7.9177,40.17295],[-7.91603,40.1737],[-7.91314,40.17426],[-7.9123,40.17533],[-7.91109,40.1752],[-7.91046,40.17603],[-7.91105,40.1791],[-7.91064,40.1807],[-7.90779,40.18188],[-7.90556,40.18323],[-7.90401,40.18382],[-7.90385,40.18542],[-7.90315,40.18578],[-7.90225,40.18771],[-7.90205,40.19021],[-7.90333,40.19104],[-7.90143,40.19367],[-7.89942,40.19576],[-7.89961,40.19729],[-7.89824,40.19745],[-7.89673,40.20016],[-7.89637,40.20145],[-7.89448,40.20227],[-7.89323,40.20239],[-7.8923,40.20325],[-7.89148,40.20544],[-7.89167,40.20632],[-7.88721,40.20898],[-7.88319,40.21081],[-7.87775,40.21022],[-7.87648,40.21037],[-7.87578,40.20975],[-7.87525,40.20734],[-7.87393,40.20543],[-7.87314,40.2036],[-7.87325,40.2028],[-7.87546,40.19705],[-7.87464,40.19408],[-7.87198,40.19223],[-7.86781,40.1901],[-7.8655,40.18977],[-7.86324,40.19091],[-7.85964,40.19188],[-7.85432,40.19396],[-7.85193,40.19439],[-7.85007,40.19438],[-7.84896,40.19363],[-7.84575,40.19011],[-7.84309,40.18848],[-7.84236,40.18732],[-7.841,40.18793],[-7.8394,40.18639],[-7.83795,40.18903],[-7.83765,40.19082],[-7.83772,40.19408],[-7.83746,40.19644],[-7.83519,40.19838],[-7.83289,40.19971],[-7.83067,40.20133],[-7.82918,40.20287],[-7.82796,40.20353],[-7.82494,40.20235],[-7.82172,40.19997],[-7.81894,40.19869],[-7.81823,40.19792],[-7.81755,40.19608],[-7.81391,40.19542],[-7.81087,40.19082],[-7.80808,40.18464],[-7.807,40.18513],[-7.80423,40.18768],[-7.80203,40.19044],[-7.79973,40.19575],[-7.79769,40.19798],[-7.7961,40.2004],[-7.79572,40.2016],[-7.793,40.20345],[-7.78903,40.2054],[-7.78434,40.20819],[-7.78391,40.21569],[-7.78398,40.2203],[-7.78295,40.22554],[-7.78239,40.22992],[-7.77741,40.23358],[-7.7745,40.23544],[-7.77022,40.2372],[-7.76732,40.23605],[-7.76228,40.23496],[-7.75989,40.23478],[-7.75355,40.23566],[-7.75148,40.23549],[-7.74675,40.23668],[-7.74179,40.23561],[-7.73946,40.23606],[-7.73691,40.23611],[-7.73375,40.23689],[-7.73155,40.23995],[-7.72986,40.24174],[-7.72899,40.24381],[-7.72623,40.24709],[-7.71996,40.25118],[-7.71628,40.25282],[-7.71421,40.2546],[-7.70997,40.26076],[-7.70537,40.26265],[-7.6962,40.26489],[-7.69024,40.26734],[-7.68588,40.27015],[-7.68336,40.27055],[-7.6809,40.2695],[-7.67822,40.27016],[-7.67513,40.2713],[-7.67195,40.27191],[-7.66681,40.27141],[-7.6643,40.27069],[-7.66246,40.27077],[-7.6612,40.27125],[-7.65856,40.27294],[-7.65639,40.27348],[-7.65542,40.2741],[-7.65502,40.27524],[-7.65305,40.27639],[-7.65176,40.2767],[-7.64826,40.27914],[-7.64525,40.28021],[-7.64383,40.28318],[-7.64127,40.28476],[-7.63677,40.28672],[-7.63472,40.28784],[-7.63128,40.29024],[-7.63055,40.29128],[-7.63092,40.29306],[-7.63007,40.29419],[-7.62506,40.29642],[-7.62296,40.29774],[-7.61874,40.29975],[-7.6174,40.30126],[-7.61719,40.30342],[-7.61865,40.30606],[-7.61906,40.30951],[-7.61826,40.3108],[-7.61623,40.31222],[-7.615,40.31348],[-7.61348,40.31588],[-7.61314,40.31817],[-7.61292,40.32191],[-7.61022,40.32518],[-7.59959,40.34074],[-7.59509,40.34668],[-7.59459,40.35248],[-7.59394,40.35656],[-7.59377,40.35875],[-7.59228,40.36709],[-7.59138,40.3708],[-7.59053,40.3727],[-7.58755,40.37622],[-7.58576,40.3798],[-7.58436,40.38331],[-7.58517,40.38565],[-7.58225,40.38857],[-7.58122,40.39045],[-7.58104,40.39171],[-7.57906,40.39547],[-7.57504,40.39838],[-7.5735,40.39927],[-7.57349,40.40239],[-7.57006,40.40593],[-7.56862,40.41211],[-7.56557,40.41463],[-7.56533,40.41661],[-7.56694,40.41816],[-7.56732,40.42042],[-7.57149,40.42271],[-7.57071,40.42474],[-7.56841,40.42478],[-7.56612,40.42623],[-7.56081,40.42607],[-7.55858,40.42726],[-7.55767,40.42839],[-7.55619,40.42766],[-7.55485,40.42801],[-7.55186,40.42805],[-7.55146,40.42926],[-7.55213,40.42995],[-7.55083,40.43074],[-7.54738,40.43103],[-7.54408,40.4291],[-7.54107,40.43005],[-7.54099,40.43138],[-7.53893,40.43215],[-7.53911,40.43346],[-7.5381,40.43389],[-7.5367,40.43245],[-7.53355,40.43304],[-7.53402,40.43424],[-7.53394,40.43582],[-7.5317,40.43712],[-7.53313,40.43744],[-7.53365,40.43932],[-7.533,40.4402],[-7.53374,40.44202],[-7.5326,40.4439],[-7.53147,40.44381],[-7.52994,40.44475],[-7.52898,40.44473],[-7.52238,40.44279],[-7.51971,40.44281],[-7.51841,40.44162],[-7.51639,40.44318],[-7.51294,40.44256],[-7.51172,40.44304],[-7.5107,40.4442],[-7.51027,40.44549],[-7.5108,40.44803],[-7.50912,40.44862],[-7.508,40.45067],[-7.5063,40.45132],[-7.50458,40.45132],[-7.50328,40.45059],[-7.50171,40.4514],[-7.50159,40.45239],[-7.49988,40.45411],[-7.49777,40.45379],[-7.496,40.45303],[-7.49475,40.45367],[-7.49345,40.45176],[-7.49024,40.45041],[-7.48865,40.44822],[-7.4848,40.44578],[-7.48312,40.44495],[-7.48134,40.44506],[-7.47868,40.44394],[-7.47347,40.44329],[-7.47069,40.44278],[-7.46903,40.44437],[-7.46267,40.44587],[-7.46057,40.44703],[-7.45691,40.44725],[-7.45577,40.44782],[-7.45331,40.44538],[-7.44678,40.44618],[-7.44263,40.44829],[-7.44066,40.44949],[-7.43706,40.4529],[-7.43628,40.45651],[-7.43426,40.46177],[-7.44222,40.46169],[-7.44651,40.46585],[-7.44955,40.47185],[-7.45015,40.47464],[-7.45111,40.47781],[-7.45181,40.48111],[-7.45338,40.48372],[-7.45287,40.48987],[-7.45582,40.49556],[-7.4558,40.49699],[-7.45643,40.49918],[-7.45739,40.50083],[-7.45772,40.50266],[-7.4583,40.50347],[-7.45767,40.50449],[-7.46248,40.50789],[-7.46497,40.50677],[-7.46731,40.50807],[-7.46173,40.51099],[-7.45994,40.51285],[-7.46214,40.51518],[-7.46412,40.52114],[-7.46478,40.52365],[-7.4657,40.52475],[-7.46551,40.52556],[-7.4664,40.52691],[-7.46876,40.52848],[-7.47105,40.53124],[-7.47159,40.53515],[-7.47586,40.53872],[-7.47677,40.53887],[-7.47695,40.54141],[-7.47751,40.54329],[-7.47858,40.5452],[-7.47999,40.54582],[-7.48028,40.54745],[-7.47941,40.54831],[-7.47965,40.55112],[-7.47907,40.55247],[-7.48417,40.55214],[-7.48967,40.55164],[-7.4985,40.55109],[-7.51126,40.55759],[-7.49804,40.57009],[-7.49673,40.57171],[-7.4979,40.57291],[-7.50058,40.57685],[-7.50215,40.58206],[-7.50282,40.58567],[-7.50328,40.59261],[-7.50278,40.59726],[-7.49739,40.60444],[-7.49629,40.60608],[-7.49354,40.6049],[-7.49268,40.60249],[-7.4809,40.59781],[-7.47835,40.59893],[-7.47549,40.59982],[-7.47425,40.60016],[-7.47304,40.60119],[-7.47243,40.60409],[-7.46774,40.60577],[-7.4678,40.60942],[-7.47247,40.61605],[-7.47374,40.6175],[-7.47848,40.62127],[-7.47841,40.62285],[-7.47583,40.62542],[-7.47488,40.62813],[-7.47367,40.62907],[-7.46975,40.62944],[-7.46833,40.63003],[-7.46269,40.63],[-7.45889,40.63275],[-7.45817,40.6361],[-7.45777,40.63657],[-7.4515,40.63965],[-7.44452,40.64547],[-7.44266,40.64914],[-7.44112,40.65062],[-7.43617,40.65372],[-7.43203,40.65781],[-7.43148,40.66105],[-7.43001,40.66452],[-7.42986,40.6663],[-7.43117,40.66877],[-7.43096,40.67039],[-7.42984,40.67181],[-7.42849,40.67278],[-7.42486,40.67864],[-7.42284,40.68011],[-7.42209,40.68445],[-7.42125,40.68563],[-7.41985,40.68663],[-7.42013,40.68839],[-7.42177,40.69074],[-7.42475,40.69142],[-7.42424,40.69383],[-7.42565,40.69411],[-7.42826,40.69322],[-7.43137,40.69272],[-7.43657,40.69352],[-7.43733,40.69499],[-7.43939,40.69593],[-7.43976,40.69795],[-7.44253,40.69945],[-7.44264,40.7039],[-7.44779,40.70863],[-7.44965,40.70973],[-7.45524,40.71362],[-7.46104,40.71709],[-7.45675,40.71997],[-7.45448,40.72079],[-7.45159,40.72255],[-7.44938,40.72443],[-7.44497,40.72864],[-7.43929,40.73123],[-7.43777,40.73214],[-7.43486,40.73586],[-7.43179,40.73791],[-7.4303,40.73979],[-7.4295,40.74149],[-7.42937,40.74296],[-7.42759,40.74336],[-7.42656,40.745],[-7.42528,40.74628],[-7.42149,40.75591],[-7.42125,40.75725],[-7.42447,40.75809],[-7.4224,40.76179],[-7.42249,40.76459],[-7.42198,40.76754],[-7.42329,40.76879],[-7.42473,40.77214],[-7.42692,40.77325],[-7.42904,40.77394],[-7.43213,40.77552],[-7.4344,40.77796],[-7.43674,40.77945],[-7.44031,40.78136],[-7.44724,40.78432],[-7.4483,40.78488],[-7.45296,40.78474],[-7.45509,40.78605],[-7.45982,40.78945],[-7.46045,40.79009],[-7.46281,40.79363],[-7.46672,40.79822],[-7.46724,40.79964],[-7.46707,40.80324],[-7.46526,40.8047],[-7.46025,40.80493],[-7.4541,40.8079],[-7.45474,40.81171],[-7.45408,40.81419],[-7.45503,40.81507],[-7.45625,40.81728],[-7.45751,40.81821],[-7.45898,40.81801],[-7.46112,40.8194],[-7.46259,40.8211],[-7.46444,40.82152],[-7.46487,40.82439],[-7.46378,40.82603],[-7.46482,40.82756],[-7.46693,40.82868],[-7.4691,40.82877],[-7.4707,40.82826],[-7.47305,40.82914],[-7.47475,40.83069],[-7.47679,40.83097],[-7.47912,40.83196],[-7.4805,40.83385],[-7.48281,40.83525],[-7.48344,40.83661],[-7.48335,40.83766],[-7.4823,40.83878],[-7.48245,40.8395],[-7.48534,40.84142],[-7.48594,40.84262],[-7.48809,40.84403],[-7.48878,40.84484],[-7.49106,40.8455],[-7.49235,40.84747],[-7.49312,40.84797],[-7.49454,40.84756],[-7.49651,40.8488],[-7.49666,40.85049],[-7.49583,40.85179],[-7.49598,40.85321],[-7.49729,40.85439],[-7.49806,40.85567],[-7.50015,40.85712],[-7.50275,40.85675],[-7.5044,40.85693],[-7.5069,40.85849],[-7.50952,40.85839],[-7.51082,40.85937],[-7.51419,40.86393],[-7.51406,40.86934],[-7.5293,40.87305],[-7.5463,40.8727],[-7.55725,40.87329],[-7.55853,40.87316],[-7.56348,40.87129],[-7.56538,40.86898],[-7.56616,40.86748],[-7.56994,40.86616],[-7.57684,40.86278],[-7.5831,40.8563],[-7.58604,40.85262],[-7.58794,40.84994],[-7.58965,40.84374],[-7.59073,40.83789],[-7.59066,40.83492],[-7.59133,40.82992],[-7.59698,40.83291],[-7.60422,40.83759],[-7.60846,40.84277],[-7.60943,40.84638],[-7.61231,40.85281],[-7.61428,40.85669],[-7.61659,40.86044],[-7.61921,40.86398],[-7.62309,40.86785],[-7.62776,40.87127],[-7.63278,40.87479],[-7.63377,40.87454],[-7.63771,40.87214],[-7.64466,40.87],[-7.64686,40.86919],[-7.65269,40.86814],[-7.66167,40.86462],[-7.66225,40.86393],[-7.66393,40.86344],[-7.66058,40.85717],[-7.66102,40.85407],[-7.66294,40.85372],[-7.66593,40.85461],[-7.66694,40.85639],[-7.66943,40.85595],[-7.67143,40.85627],[-7.67293,40.85537],[-7.67411,40.85571],[-7.67405,40.8569],[-7.67468,40.85852],[-7.67695,40.85818],[-7.67802,40.85881],[-7.68029,40.85923],[-7.68279,40.85878],[-7.68323,40.85673],[-7.68309,40.85528],[-7.68404,40.8549],[-7.68653,40.85508],[-7.68809,40.85412],[-7.68819,40.85337],[-7.6899,40.85147],[-7.69284,40.85126],[-7.69588,40.84973],[-7.69727,40.84864],[-7.69944,40.84796],[-7.701,40.84848],[-7.70194,40.8474],[-7.70401,40.84617],[-7.7052,40.8444],[-7.70403,40.84272],[-7.70397,40.83978],[-7.70304,40.83764],[-7.69703,40.8344],[-7.69951,40.83292],[-7.70143,40.82815],[-7.70572,40.82042],[-7.70756,40.8127],[-7.71192,40.80631],[-7.71912,40.79792],[-7.72308,40.79369],[-7.72279,40.79041],[-7.72355,40.78579],[-7.72249,40.77464],[-7.7231,40.77101],[-7.72084,40.76926],[-7.72019,40.76702],[-7.72141,40.76521],[-7.72228,40.76495],[-7.72427,40.76534],[-7.72494,40.76615],[-7.72899,40.76788],[-7.72985,40.76887],[-7.73227,40.76934],[-7.73263,40.76815],[-7.73399,40.76774],[-7.73571,40.76902],[-7.73753,40.76849],[-7.74062,40.76815],[-7.74135,40.76607],[-7.74212,40.76531],[-7.74332,40.76583],[-7.74279,40.76685],[-7.74364,40.76784],[-7.74635,40.768],[-7.74809,40.76905],[-7.74714,40.77145],[-7.75102,40.77265],[-7.75332,40.77092],[-7.75402,40.77161],[-7.75347,40.7728],[-7.75351,40.77416],[-7.75487,40.77439],[-7.75682,40.77412],[-7.75816,40.77643],[-7.75895,40.77637],[-7.76054,40.77437],[-7.76295,40.7729],[-7.76537,40.77398],[-7.76549,40.77521],[-7.764,40.77696],[-7.76391,40.77906],[-7.76417,40.78166],[-7.76238,40.78345],[-7.76386,40.78563],[-7.76892,40.79834],[-7.77607,40.80649],[-7.77692,40.80801],[-7.77923,40.80902],[-7.78007,40.81036],[-7.78133,40.81141],[-7.78138,40.81348],[-7.78199,40.81517],[-7.78294,40.8164],[-7.78536,40.81825],[-7.7859,40.81961],[-7.79353,40.8241],[-7.79579,40.82507],[-7.80298,40.8323],[-7.80444,40.83532],[-7.80525,40.83587],[-7.80631,40.83794],[-7.80719,40.83808],[-7.80855,40.84002],[-7.81103,40.84181],[-7.81364,40.8426],[-7.81778,40.83931],[-7.81688,40.83838],[-7.81984,40.83376],[-7.82115,40.83287],[-7.82308,40.83345],[-7.82468,40.83164],[-7.82657,40.83155],[-7.82828,40.83202],[-7.82858,40.83131],[-7.8308,40.83023],[-7.83102,40.82949],[-7.83651,40.82634],[-7.83769,40.82636],[-7.83913,40.82538],[-7.84,40.82412],[-7.84001,40.82317],[-7.84165,40.81956],[-7.8424,40.81667],[-7.84274,40.81378],[-7.84359,40.81179],[-7.84652,40.8028],[-7.8498,40.79874],[-7.85161,40.79453],[-7.85447,40.79286],[-7.86033,40.7899],[-7.85388,40.78398],[-7.85338,40.78325],[-7.85096,40.78168],[-7.84262,40.77166],[-7.84452,40.76785],[-7.8454,40.76252],[-7.84565,40.75998],[-7.84626,40.75842],[-7.84749,40.75738],[-7.84989,40.75678],[-7.85532,40.75618],[-7.85992,40.75717],[-7.8618,40.75493],[-7.86364,40.75386],[-7.86511,40.75215],[-7.8656,40.7501],[-7.8648,40.74874],[-7.86352,40.74449],[-7.85959,40.74088],[-7.85596,40.73258],[-7.86349,40.73257],[-7.86707,40.73106],[-7.8702,40.73103],[-7.87368,40.72984],[-7.87769,40.72966],[-7.8785,40.72937],[-7.88516,40.72864],[-7.89126,40.72682],[-7.89071,40.7212],[-7.89246,40.71965],[-7.89572,40.70948],[-7.89705,40.70849],[-7.89878,40.70326],[-7.90113,40.69456],[-7.90181,40.68796],[-7.90255,40.68631],[-7.90441,40.68536],[-7.91219,40.68581],[-7.91488,40.68626],[-7.9166,40.68689],[-7.91625,40.68886],[-7.91824,40.68945],[-7.91937,40.69251],[-7.92108,40.69572],[-7.92174,40.69849],[-7.93416,40.69812],[-7.93589,40.69635],[-7.93834,40.69463],[-7.9407,40.69175],[-7.94307,40.69048],[-7.94403,40.69031],[-7.95208,40.68788],[-7.95808,40.68334],[-7.96282,40.68527],[-7.96605,40.68823],[-7.96719,40.69213],[-7.97115,40.69753],[-7.97418,40.69974],[-7.97772,40.70034],[-7.9813,40.70033],[-7.98681,40.7006],[-7.99325,40.70134],[-7.99726,40.70088],[-8.00135,40.70065],[-8.00177,40.70089],[-8.00553,40.70106],[-8.01044,40.70091],[-8.0156,40.70093],[-8.01701,40.70058],[-8.02167,40.70047],[-8.02195,40.69823],[-8.02037,40.69547],[-8.01872,40.69328],[-8.02852,40.68807],[-8.03238,40.68568],[-8.0342,40.68068],[-8.03927,40.66936],[-8.04063,40.66931],[-8.04336,40.66751],[-8.04546,40.66688],[-8.04864,40.66509],[-8.05166,40.66266],[-8.05365,40.66065],[-8.05713,40.65904],[-8.05907,40.65776],[-8.06103,40.65787],[-8.06705,40.65537],[-8.06913,40.65406],[-8.07197,40.65279],[-8.07741,40.64903],[-8.08524,40.64017],[-8.09159,40.63486],[-8.10038,40.63745],[-8.10485,40.63937],[-8.10791,40.63937],[-8.11039,40.63863],[-8.11966,40.63872],[-8.12522,40.64044],[-8.12773,40.64028],[-8.1321,40.64067],[-8.13393,40.64046],[-8.13758,40.63883],[-8.13959,40.63768],[-8.14172,40.63358],[-8.14362,40.62842],[-8.14399,40.62702],[-8.14732,40.62328],[-8.14533,40.61992],[-8.14505,40.61748],[-8.14523,40.61589],[-8.14775,40.61412],[-8.15367,40.6086],[-8.15671,40.60763],[-8.15759,40.60589],[-8.16038,40.60331],[-8.16099,40.6016],[-8.16065,40.59895],[-8.16325,40.59549],[-8.16298,40.59406],[-8.16324,40.59243],[-8.16599,40.59053],[-8.16753,40.58884],[-8.16934,40.58798],[-8.17063,40.58507],[-8.17447,40.58251],[-8.17639,40.58061],[-8.17772,40.58021],[-8.17982,40.57859],[-8.18246,40.57691],[-8.18478,40.57358],[-8.18637,40.57178],[-8.18729,40.57131],[-8.18751,40.56841],[-8.1892,40.56613],[-8.19223,40.56456],[-8.19695,40.56388],[-8.20264,40.56367],[-8.20461,40.564],[-8.20806,40.56529],[-8.20875,40.56601],[-8.2095,40.56896],[-8.20963,40.57159],[-8.21035,40.57265],[-8.21065,40.57925],[-8.21046,40.58382],[-8.20778,40.58514],[-8.20585,40.58654],[-8.20382,40.58867],[-8.20324,40.59121],[-8.20379,40.59284],[-8.20673,40.59445],[-8.21106,40.59589],[-8.21235,40.59573],[-8.2132,40.59488],[-8.2164,40.59634],[-8.22191,40.59929],[-8.22533,40.59852],[-8.22708,40.60043],[-8.22743,40.60215],[-8.23084,40.60871],[-8.23197,40.61039],[-8.23322,40.60989],[-8.23599,40.6098],[-8.23906,40.61107],[-8.24123,40.61127],[-8.24338,40.61107],[-8.24371,40.61155],[-8.24659,40.61271],[-8.24741,40.61432],[-8.24925,40.61201],[-8.25503,40.61113],[-8.25823,40.61043],[-8.25932,40.61076],[-8.26341,40.60962],[-8.26494,40.6099],[-8.26717,40.60809],[-8.26905,40.60708],[-8.27103,40.60721],[-8.27192,40.60665],[-8.27331,40.60682],[-8.27478,40.60591],[-8.27478,40.60493],[-8.27727,40.60432],[-8.27828,40.60637],[-8.2798,40.60654],[-8.28042,40.60571],[-8.2833,40.60621],[-8.28419,40.60533],[-8.28613,40.60444],[-8.28776,40.60473],[-8.29032,40.60574],[-8.29461,40.6044],[-8.29468,40.60304],[-8.29536,40.60192],[-8.29748,40.60031],[-8.29825,40.60036],[-8.29837,40.60223],[-8.3004,40.60287],[-8.30174,40.60195],[-8.30328,40.60162],[-8.30277,40.59981],[-8.30376,40.59921],[-8.30571,40.59977],[-8.30669,40.59915],[-8.3056,40.5967],[-8.30733,40.59687],[-8.30842,40.59641],[-8.30734,40.59405],[-8.30135,40.58411],[-8.30069,40.58232],[-8.30057,40.58079],[-8.29955,40.57782],[-8.29682,40.57539],[-8.29372,40.57196],[-8.29108,40.57032],[-8.28919,40.56879],[-8.28801,40.56535],[-8.28842,40.56283],[-8.28823,40.56078],[-8.28911,40.55948],[-8.28828,40.55746],[-8.28799,40.55577],[-8.28719,40.55391],[-8.28642,40.55019],[-8.28701,40.54717],[-8.28611,40.54466],[-8.28591,40.54215],[-8.28528,40.53965],[-8.28421,40.53845],[-8.28173,40.53798],[-8.27883,40.53614],[-8.27762,40.53599],[-8.27299,40.53693],[-8.27038,40.5351],[-8.26851,40.53297],[-8.26394,40.52922],[-8.26069,40.52239],[-8.258,40.52134],[-8.25269,40.51599],[-8.25043,40.51477],[-8.25052,40.51314],[-8.25009,40.5111],[-8.25286,40.5105],[-8.25383,40.50861],[-8.25645,40.50742],[-8.25994,40.50705],[-8.26271,40.50423],[-8.26383,40.50348],[-8.26587,40.50343],[-8.26827,40.50537],[-8.27189,40.50662],[-8.27404,40.50792],[-8.27721,40.50788],[-8.28285,40.50917],[-8.28616,40.50764],[-8.28692,40.50686],[-8.28899,40.50692],[-8.29026,40.50547],[-8.29397,40.50287],[-8.29544,40.50143],[-8.29713,40.50108],[-8.29933,40.49915],[-8.30342,40.4988],[-8.30514,40.49768],[-8.31,40.49625],[-8.31327,40.49564],[-8.314,40.49491],[-8.31721,40.49408],[-8.32033,40.49359],[-8.32189,40.4929],[-8.32355,40.49269],[-8.32584,40.49174],[-8.32801,40.49223],[-8.32872,40.49304],[-8.33027,40.49299],[-8.33108,40.49092],[-8.33126,40.48934],[-8.33351,40.48788],[-8.33355,40.48714],[-8.33554,40.48579],[-8.33367,40.48513],[-8.33473,40.48279],[-8.33274,40.48188],[-8.3356,40.48105],[-8.33464,40.47875],[-8.33427,40.47455],[-8.33186,40.47158],[-8.33055,40.47079],[-8.32918,40.47057],[-8.32815,40.46955],[-8.32873,40.46847],[-8.32811,40.46728],[-8.32317,40.46367],[-8.32265,40.46217],[-8.32139,40.46001],[-8.31904,40.45745],[-8.31805,40.45343],[-8.31835,40.45195],[-8.31987,40.45051],[-8.31994,40.44778],[-8.31924,40.44468],[-8.31758,40.4412],[-8.31919,40.43989],[-8.32094,40.43942],[-8.32422,40.44015],[-8.3264,40.44005],[-8.32898,40.43817],[-8.33184,40.4372],[-8.3317,40.43652],[-8.33499,40.43411],[-8.3374,40.43006],[-8.34086,40.42868],[-8.34448,40.42481],[-8.34483,40.42304],[-8.34045,40.42189],[-8.33964,40.42025],[-8.33805,40.41881],[-8.34196,40.41456],[-8.34298,40.41377],[-8.34348,40.41252],[-8.34578,40.41053],[-8.34929,40.40973],[-8.35487,40.40886],[-8.35401,40.40539],[-8.35196,40.40325],[-8.35241,40.40179],[-8.35213,40.39994],[-8.35128,40.39819],[-8.35021,40.39694],[-8.35452,40.39524],[-8.3546,40.39382],[-8.35376,40.39192],[-8.35539,40.39064],[-8.35455,40.386],[-8.35423,40.38523],[-8.35475,40.38319],[-8.35571,40.38209],[-8.35601,40.3808],[-8.35441,40.37798],[-8.35565,40.37697],[-8.3584,40.3756],[-8.3591,40.37385],[-8.35945,40.37176],[-8.35899,40.36892],[-8.35622,40.36723]]]},"properties":{"idApp":923006,"aopId":"dao","name":"Dão","nameJa":"ダン","kind":"regional","tags":[],"rank":0},"bbox":[-8.35945,40.13632,-7.41985,40.87479]},{"type":"Feature","geometry":{"type":"MultiPolygon","coordinates":[[[[-7.35308,41.37599],[-7.35155,41.37673],[-7.34898,41.37708],[-7.3476,41.37777],[-7.3457,41.37804],[-7.34192,41.37968],[-7.33665,41.38026],[-7.33538,41.38069],[-7.33507,41.38424],[-7.33193,41.38793],[-7.32892,41.39176],[-7.32732,41.3931],[-7.32635,41.39493],[-7.32387,41.39797],[-7.32144,41.39987],[-7.32368,41.40049],[-7.3281,41.40054],[-7.33053,41.40036],[-7.34003,41.40269],[-7.33982,41.40422],[-7.33886,41.40569],[-7.33876,41.41123],[-7.33833,41.41553],[-7.33641,41.41725],[-7.33338,41.41877],[-7.33226,41.41885],[-7.32567,41.42095],[-7.32167,41.42258],[-7.3198,41.42381],[-7.31561,41.42723],[-7.30924,41.42688],[-7.30522,41.42637],[-7.30295,41.42638],[-7.29915,41.42601],[-7.29507,41.42463],[-7.29252,41.42426],[-7.28863,41.4253],[-7.28571,41.42521],[-7.28085,41.42474],[-7.27215,41.42459],[-7.26903,41.42517],[-7.26404,41.42546],[-7.2617,41.42519],[-7.25819,41.42557],[-7.25459,41.42647],[-7.25079,41.42787],[-7.24929,41.42871],[-7.24682,41.42942],[-7.24399,41.42891],[-7.24327,41.43097],[-7.24176,41.4334],[-7.23938,41.43587],[-7.23749,41.43738],[-7.2365,41.4393],[-7.23357,41.44031],[-7.23231,41.44201],[-7.22984,41.44398],[-7.22719,41.44543],[-7.22263,41.44739],[-7.2184,41.44805],[-7.21688,41.44885],[-7.21183,41.45057],[-7.20663,41.45188],[-7.19923,41.45297],[-7.19178,41.45249],[-7.19069,41.45196],[-7.18804,41.45166],[-7.18794,41.44905],[-7.18629,41.44611],[-7.18519,41.44559],[-7.18238,41.44565],[-7.17317,41.44198],[-7.17007,41.44006],[-7.16882,41.43665],[-7.16895,41.43416],[-7.16742,41.43269],[-7.16549,41.42869],[-7.16419,41.42904],[-7.15906,41.42892],[-7.15314,41.42784],[-7.14615,41.4248],[-7.14364,41.42355],[-7.14262,41.42199],[-7.14326,41.42126],[-7.14256,41.41996],[-7.13979,41.41846],[-7.13736,41.41964],[-7.13568,41.42183],[-7.13319,41.421],[-7.12959,41.42068],[-7.12861,41.42145],[-7.12868,41.42409],[-7.13015,41.42604],[-7.13009,41.42834],[-7.13052,41.42962],[-7.13055,41.43367],[-7.1295,41.43874],[-7.1299,41.4409],[-7.13125,41.4428],[-7.13213,41.44529],[-7.13115,41.44854],[-7.12923,41.4507],[-7.12771,41.45313],[-7.12792,41.45446],[-7.12768,41.45709],[-7.12792,41.45831],[-7.1304,41.46012],[-7.13183,41.46163],[-7.1317,41.46453],[-7.13302,41.46798],[-7.135,41.47003],[-7.13827,41.47416],[-7.13968,41.47624],[-7.14236,41.47917],[-7.14268,41.48034],[-7.14276,41.48336],[-7.14246,41.48632],[-7.14194,41.48848],[-7.14212,41.4899],[-7.14435,41.49356],[-7.14413,41.49506],[-7.14562,41.49572],[-7.14598,41.4971],[-7.14465,41.49719],[-7.14182,41.49852],[-7.13862,41.4985],[-7.13767,41.49812],[-7.13523,41.49834],[-7.13097,41.49976],[-7.12954,41.49974],[-7.12803,41.50043],[-7.1258,41.50033],[-7.12483,41.50204],[-7.12318,41.50277],[-7.12245,41.50124],[-7.12149,41.50086],[-7.12028,41.50166],[-7.11728,41.5023],[-7.11551,41.50366],[-7.11253,41.50354],[-7.11248,41.50475],[-7.11386,41.50727],[-7.11385,41.50868],[-7.11187,41.5104],[-7.11131,41.51274],[-7.11419,41.51553],[-7.11342,41.51674],[-7.11224,41.51669],[-7.11079,41.51539],[-7.11049,41.5143],[-7.10943,41.51387],[-7.10547,41.51401],[-7.10242,41.51489],[-7.10034,41.51403],[-7.09919,41.51398],[-7.09739,41.513],[-7.09454,41.51341],[-7.09358,41.51224],[-7.09041,41.5113],[-7.0891,41.51017],[-7.08528,41.51029],[-7.0799,41.51021],[-7.07216,41.50914],[-7.06933,41.50831],[-7.0679,41.50752],[-7.06999,41.50537],[-7.06946,41.50164],[-7.06907,41.49375],[-7.06748,41.49202],[-7.06619,41.49142],[-7.0615,41.49034],[-7.06021,41.48981],[-7.05909,41.4879],[-7.05805,41.4874],[-7.0542,41.487],[-7.05045,41.48841],[-7.04569,41.48656],[-7.04253,41.48481],[-7.03988,41.48382],[-7.03767,41.48196],[-7.02983,41.48434],[-7.02442,41.48533],[-7.0249,41.48623],[-7.02397,41.48783],[-7.02311,41.49109],[-7.02306,41.49376],[-7.02034,41.4987],[-7.01569,41.5085],[-7.01481,41.50993],[-7.01504,41.51062],[-7.01204,41.51278],[-7.01121,41.51504],[-7.01103,41.51676],[-7.00932,41.51843],[-7.00879,41.51991],[-7.0068,41.52114],[-7.00554,41.52238],[-7.00493,41.52396],[-7.00308,41.52711],[-7.0022,41.52946],[-7.00171,41.53845],[-6.99982,41.54139],[-6.99972,41.54401],[-6.99895,41.54613],[-6.9984,41.54884],[-6.99944,41.55237],[-6.99766,41.55386],[-6.99608,41.55637],[-7.0016,41.56225],[-7.00467,41.56429],[-6.99868,41.56774],[-6.99659,41.57056],[-6.99664,41.57414],[-6.99746,41.57607],[-6.99918,41.5782],[-7.00158,41.58071],[-7.00446,41.58247],[-7.00932,41.58337],[-7.01058,41.58298],[-7.01217,41.58317],[-7.01398,41.58235],[-7.0151,41.58259],[-7.01638,41.5815],[-7.01777,41.58177],[-7.02087,41.58168],[-7.02173,41.58218],[-7.02594,41.58029],[-7.02744,41.58017],[-7.03239,41.57876],[-7.03624,41.57924],[-7.04018,41.58055],[-7.04781,41.58171],[-7.0511,41.58165],[-7.05832,41.58063],[-7.06438,41.57856],[-7.07035,41.57563],[-7.07306,41.57925],[-7.08114,41.58358],[-7.08378,41.58476],[-7.08543,41.59009],[-7.08974,41.59209],[-7.09173,41.5932],[-7.08969,41.5967],[-7.08995,41.60301],[-7.08799,41.60385],[-7.08582,41.60423],[-7.08277,41.60992],[-7.08183,41.61479],[-7.09243,41.61688],[-7.09507,41.61795],[-7.09793,41.61824],[-7.09995,41.61904],[-7.1012,41.6202],[-7.10294,41.62054],[-7.10449,41.62417],[-7.10656,41.62516],[-7.10982,41.62623],[-7.11059,41.62699],[-7.10798,41.62946],[-7.10535,41.63116],[-7.10468,41.63351],[-7.10577,41.63534],[-7.10449,41.6384],[-7.10335,41.63927],[-7.10431,41.64107],[-7.10459,41.64283],[-7.10631,41.64379],[-7.10703,41.6461],[-7.10589,41.64782],[-7.10544,41.6495],[-7.10429,41.64971],[-7.10476,41.64663],[-7.1055,41.64583],[-7.10393,41.64443],[-7.1007,41.64463],[-7.09869,41.64423],[-7.09946,41.6421],[-7.10074,41.64096],[-7.10058,41.63963],[-7.0993,41.639],[-7.09735,41.64033],[-7.09377,41.64137],[-7.09254,41.64232],[-7.08873,41.64061],[-7.08764,41.64131],[-7.0875,41.64273],[-7.08577,41.64187],[-7.08315,41.64292],[-7.08093,41.64203],[-7.07724,41.64354],[-7.07334,41.63954],[-7.07197,41.63742],[-7.07033,41.63217],[-7.06688,41.63225],[-7.06221,41.63166],[-7.05801,41.63068],[-7.05077,41.62982],[-7.04501,41.62964],[-7.04343,41.62857],[-7.03462,41.62344],[-7.03308,41.62219],[-7.03284,41.62052],[-7.0305,41.62026],[-7.02967,41.62082],[-7.02769,41.61992],[-7.02572,41.61744],[-7.02419,41.61709],[-7.02321,41.61589],[-7.02211,41.61715],[-7.02077,41.61709],[-7.02065,41.61512],[-7.02007,41.61401],[-7.01687,41.61545],[-7.01504,41.61531],[-7.01393,41.61423],[-7.01305,41.61416],[-7.00711,41.6155],[-6.99998,41.61792],[-6.99992,41.61956],[-7.00118,41.62034],[-7.0053,41.62205],[-7.00686,41.62331],[-7.00825,41.62499],[-7.00873,41.62725],[-7.01092,41.63312],[-7.01702,41.64174],[-7.01752,41.64442],[-7.0175,41.64756],[-7.01706,41.64932],[-7.01595,41.65202],[-7.01377,41.65414],[-7.01664,41.65661],[-7.0207,41.66076],[-7.02325,41.66307],[-7.02571,41.66469],[-7.02967,41.66653],[-7.02904,41.66795],[-7.0287,41.67293],[-7.02755,41.67292],[-7.02633,41.67208],[-7.02468,41.67187],[-7.02232,41.67258],[-7.02058,41.6724],[-7.01855,41.67302],[-7.01635,41.67431],[-7.01409,41.67728],[-7.01365,41.67914],[-7.01286,41.68005],[-7.00936,41.68268],[-7.00827,41.68403],[-7.00536,41.68837],[-7.00274,41.69117],[-7.00041,41.69812],[-6.99856,41.70098],[-6.99842,41.70415],[-7.00054,41.7081],[-7.00023,41.70925],[-6.99734,41.71051],[-6.99867,41.71169],[-7.00291,41.71476],[-7.0039,41.71591],[-7.01329,41.71968],[-7.0108,41.72025],[-7.01022,41.72092],[-7.01405,41.72057],[-7.01531,41.72125],[-7.01763,41.72327],[-7.01952,41.72558],[-7.02066,41.7265],[-7.02138,41.72788],[-7.02124,41.72901],[-7.02241,41.7298],[-7.02546,41.72992],[-7.02854,41.73053],[-7.03831,41.73407],[-7.04007,41.7356],[-7.04485,41.73848],[-7.04856,41.7405],[-7.05208,41.74299],[-7.0556,41.74572],[-7.06013,41.74827],[-7.06257,41.75005],[-7.06999,41.751],[-7.07258,41.75251],[-7.07696,41.75416],[-7.07926,41.75574],[-7.07504,41.75936],[-7.07144,41.75857],[-7.07031,41.75893],[-7.07049,41.76137],[-7.07221,41.76284],[-7.07057,41.76426],[-7.07052,41.76581],[-7.06817,41.76867],[-7.0671,41.77046],[-7.06594,41.77157],[-7.06505,41.77341],[-7.06507,41.77483],[-7.06366,41.77545],[-7.06174,41.77572],[-7.06039,41.77741],[-7.05997,41.77892],[-7.06324,41.78034],[-7.06511,41.78164],[-7.06377,41.78353],[-7.06863,41.78495],[-7.06953,41.78683],[-7.06979,41.78835],[-7.0717,41.78951],[-7.07244,41.79245],[-7.0728,41.79762],[-7.07465,41.80237],[-7.07552,41.80388],[-7.07997,41.8074],[-7.07765,41.80858],[-7.07824,41.80978],[-7.07811,41.81198],[-7.07965,41.81385],[-7.07803,41.81592],[-7.07788,41.81846],[-7.07868,41.81893],[-7.08093,41.81829],[-7.08387,41.81884],[-7.08618,41.81748],[-7.088,41.81751],[-7.09138,41.81709],[-7.0936,41.81487],[-7.0988,41.81267],[-7.09985,41.80893],[-7.1029,41.80766],[-7.10563,41.80528],[-7.1078,41.80438],[-7.11447,41.80682],[-7.11784,41.80512],[-7.12089,41.80498],[-7.12499,41.80516],[-7.12737,41.80551],[-7.13037,41.80629],[-7.13469,41.80869],[-7.13494,41.80735],[-7.13445,41.80507],[-7.13694,41.80362],[-7.13735,41.80287],[-7.13722,41.80085],[-7.13944,41.79664],[-7.14131,41.79473],[-7.14217,41.79473],[-7.14224,41.7963],[-7.14389,41.79624],[-7.14605,41.79329],[-7.14898,41.79124],[-7.15089,41.78874],[-7.15252,41.78525],[-7.15631,41.7827],[-7.15877,41.77889],[-7.1601,41.77736],[-7.16274,41.77504],[-7.16306,41.77389],[-7.16198,41.77204],[-7.16309,41.77087],[-7.16646,41.77019],[-7.16599,41.76824],[-7.16619,41.76706],[-7.16834,41.76698],[-7.17083,41.76647],[-7.17064,41.76792],[-7.17122,41.7699],[-7.17387,41.77315],[-7.17527,41.77352],[-7.17923,41.773],[-7.17995,41.77363],[-7.17998,41.77486],[-7.18163,41.77871],[-7.18286,41.77929],[-7.18559,41.77864],[-7.18848,41.77767],[-7.18981,41.77862],[-7.18865,41.78087],[-7.18841,41.78208],[-7.1894,41.7834],[-7.1907,41.78346],[-7.19354,41.78228],[-7.19509,41.78113],[-7.19626,41.78159],[-7.19648,41.78018],[-7.19795,41.7801],[-7.19842,41.78113],[-7.20068,41.78213],[-7.20346,41.78113],[-7.20481,41.78096],[-7.20687,41.78137],[-7.21031,41.78061],[-7.21096,41.77915],[-7.21294,41.7785],[-7.21445,41.77701],[-7.21299,41.77445],[-7.20992,41.77176],[-7.21231,41.77059],[-7.2202,41.7689],[-7.2252,41.76836],[-7.22305,41.7673],[-7.22167,41.76604],[-7.21896,41.76504],[-7.21912,41.75911],[-7.21862,41.75843],[-7.22023,41.75628],[-7.22364,41.75393],[-7.22527,41.75345],[-7.22756,41.7518],[-7.2294,41.75112],[-7.23064,41.74986],[-7.23232,41.74903],[-7.23347,41.74932],[-7.23456,41.74883],[-7.23632,41.74885],[-7.23991,41.74732],[-7.24344,41.74669],[-7.24367,41.73955],[-7.24191,41.73876],[-7.24067,41.73765],[-7.23759,41.73274],[-7.23563,41.7318],[-7.23316,41.72949],[-7.2326,41.72856],[-7.24003,41.72507],[-7.24674,41.72341],[-7.24645,41.72258],[-7.24739,41.72059],[-7.24984,41.71786],[-7.25156,41.71763],[-7.25625,41.71789],[-7.25745,41.71851],[-7.25912,41.71858],[-7.26098,41.71657],[-7.26205,41.71805],[-7.26554,41.71906],[-7.26641,41.7198],[-7.27993,41.72136],[-7.28137,41.72084],[-7.28262,41.71952],[-7.28333,41.71812],[-7.28485,41.71692],[-7.28737,41.71416],[-7.29115,41.7095],[-7.29235,41.70708],[-7.29222,41.70502],[-7.29334,41.70349],[-7.30202,41.70223],[-7.3036,41.70148],[-7.30485,41.69989],[-7.30781,41.69799],[-7.30855,41.69666],[-7.31071,41.69563],[-7.31112,41.69301],[-7.30972,41.69058],[-7.30984,41.68873],[-7.30918,41.68746],[-7.31241,41.68767],[-7.32967,41.68449],[-7.32999,41.68535],[-7.32883,41.68789],[-7.33682,41.68885],[-7.34563,41.69177],[-7.34919,41.69177],[-7.35476,41.69252],[-7.35581,41.69295],[-7.35877,41.69255],[-7.36033,41.69276],[-7.36242,41.69365],[-7.36555,41.69576],[-7.37189,41.70067],[-7.36973,41.70173],[-7.36844,41.70302],[-7.36759,41.70688],[-7.36686,41.70913],[-7.36719,41.71247],[-7.36612,41.71491],[-7.36801,41.72038],[-7.37088,41.72729],[-7.37254,41.72965],[-7.37492,41.72957],[-7.37697,41.73053],[-7.38903,41.73428],[-7.39471,41.73583],[-7.40188,41.7372],[-7.40228,41.73754],[-7.40647,41.73879],[-7.40142,41.74511],[-7.40229,41.74589],[-7.40139,41.747],[-7.4004,41.75199],[-7.39854,41.75341],[-7.39498,41.75957],[-7.39402,41.76204],[-7.39303,41.76298],[-7.3934,41.76366],[-7.39128,41.76864],[-7.38936,41.76875],[-7.37993,41.77136],[-7.37759,41.77349],[-7.36992,41.77719],[-7.36394,41.78124],[-7.36053,41.78256],[-7.35459,41.78629],[-7.36313,41.79342],[-7.36516,41.79439],[-7.36407,41.79611],[-7.36454,41.79765],[-7.36582,41.79965],[-7.36715,41.80509],[-7.36216,41.80683],[-7.35947,41.80832],[-7.35499,41.81212],[-7.35603,41.81257],[-7.35699,41.81378],[-7.35863,41.81457],[-7.35919,41.81682],[-7.36163,41.8185],[-7.36355,41.81839],[-7.36641,41.81944],[-7.36817,41.81773],[-7.36961,41.81803],[-7.36727,41.82482],[-7.36702,41.82953],[-7.36488,41.83186],[-7.36514,41.83269],[-7.36376,41.83475],[-7.35738,41.84201],[-7.36381,41.85273],[-7.36726,41.8517],[-7.36888,41.84969],[-7.37277,41.84887],[-7.37885,41.84566],[-7.3837,41.84367],[-7.38502,41.84296],[-7.38607,41.8416],[-7.38999,41.84234],[-7.38994,41.83883],[-7.39183,41.83644],[-7.39226,41.83467],[-7.39393,41.83367],[-7.39487,41.83225],[-7.3951,41.83107],[-7.39431,41.82975],[-7.39741,41.82639],[-7.39926,41.82629],[-7.40201,41.82552],[-7.40232,41.82421],[-7.40179,41.82225],[-7.40316,41.82136],[-7.4046,41.81976],[-7.40756,41.81746],[-7.41435,41.81427],[-7.4159,41.81162],[-7.4172,41.81136],[-7.41926,41.81168],[-7.4206,41.81145],[-7.42545,41.80881],[-7.42727,41.8075],[-7.42773,41.80991],[-7.42918,41.81214],[-7.42757,41.81452],[-7.42498,41.81578],[-7.42407,41.81667],[-7.42443,41.8176],[-7.42652,41.81865],[-7.42803,41.82042],[-7.42973,41.82146],[-7.43025,41.82322],[-7.42944,41.82525],[-7.42624,41.8258],[-7.4251,41.82758],[-7.42502,41.82921],[-7.42673,41.83296],[-7.43431,41.83527],[-7.4414,41.83961],[-7.44412,41.83979],[-7.44572,41.84256],[-7.44673,41.84339],[-7.44765,41.84496],[-7.44815,41.8505],[-7.44895,41.85303],[-7.44796,41.85521],[-7.44545,41.8577],[-7.45278,41.86516],[-7.45843,41.86388],[-7.46527,41.86334],[-7.46786,41.86391],[-7.4743,41.86384],[-7.48501,41.8613],[-7.49052,41.86947],[-7.49097,41.87143],[-7.49734,41.87067],[-7.50212,41.86965],[-7.50674,41.86685],[-7.51103,41.86564],[-7.51312,41.86218],[-7.51056,41.85758],[-7.50722,41.8555],[-7.50648,41.85177],[-7.50539,41.85049],[-7.50971,41.84838],[-7.51138,41.84666],[-7.51477,41.84549],[-7.52107,41.84194],[-7.52235,41.84183],[-7.53505,41.83816],[-7.53885,41.83654],[-7.53981,41.83701],[-7.54188,41.83711],[-7.54336,41.83584],[-7.54452,41.83557],[-7.54877,41.83577],[-7.54993,41.83435],[-7.55083,41.83407],[-7.55902,41.83455],[-7.56602,41.83309],[-7.57415,41.82989],[-7.57636,41.8309],[-7.589,41.83148],[-7.59356,41.83283],[-7.59895,41.83317],[-7.60965,41.8297],[-7.61182,41.82948],[-7.61072,41.82814],[-7.61127,41.8272],[-7.60891,41.82567],[-7.60715,41.82511],[-7.60495,41.82393],[-7.60301,41.82381],[-7.60123,41.82445],[-7.5972,41.82426],[-7.59416,41.8251],[-7.59309,41.8249],[-7.59291,41.82375],[-7.59062,41.82108],[-7.58487,41.81753],[-7.5834,41.81605],[-7.58057,41.81231],[-7.57963,41.80919],[-7.5797,41.80548],[-7.58267,41.80163],[-7.58676,41.79941],[-7.58877,41.79548],[-7.58969,41.79231],[-7.59068,41.78689],[-7.58996,41.78672],[-7.58536,41.7827],[-7.57824,41.77729],[-7.58046,41.76687],[-7.57495,41.75978],[-7.57463,41.75878],[-7.57236,41.75521],[-7.56272,41.74473],[-7.56414,41.74036],[-7.56338,41.7377],[-7.56368,41.7353],[-7.56688,41.73402],[-7.56876,41.73298],[-7.57003,41.73171],[-7.57105,41.73006],[-7.57311,41.72873],[-7.57387,41.72746],[-7.57571,41.72548],[-7.5792,41.72411],[-7.57994,41.72312],[-7.58248,41.72417],[-7.58389,41.72145],[-7.58479,41.72147],[-7.59095,41.71667],[-7.59309,41.71348],[-7.59411,41.71239],[-7.59463,41.71104],[-7.59801,41.70874],[-7.60036,41.70594],[-7.59894,41.70259],[-7.59919,41.70065],[-7.60006,41.69747],[-7.60191,41.69685],[-7.60339,41.69481],[-7.60329,41.68943],[-7.60264,41.68813],[-7.60173,41.68759],[-7.59993,41.68543],[-7.59814,41.68377],[-7.59706,41.68116],[-7.59722,41.67665],[-7.5965,41.67559],[-7.5944,41.67442],[-7.59451,41.6725],[-7.59395,41.6722],[-7.59377,41.67049],[-7.59642,41.66666],[-7.59748,41.66425],[-7.59754,41.66223],[-7.59883,41.65995],[-7.59985,41.65908],[-7.60206,41.65909],[-7.60357,41.65735],[-7.60353,41.65469],[-7.60395,41.65316],[-7.60508,41.6521],[-7.60791,41.65283],[-7.60873,41.65271],[-7.61217,41.65068],[-7.61614,41.65048],[-7.61892,41.64879],[-7.61949,41.64773],[-7.61943,41.64635],[-7.6188,41.64525],[-7.61589,41.64417],[-7.61533,41.64369],[-7.61524,41.64131],[-7.61646,41.64047],[-7.61889,41.64034],[-7.62298,41.63859],[-7.62727,41.63712],[-7.62976,41.63711],[-7.63187,41.63643],[-7.63336,41.63655],[-7.63612,41.63488],[-7.63906,41.63406],[-7.64079,41.63525],[-7.64302,41.63574],[-7.64489,41.63473],[-7.65046,41.63291],[-7.65335,41.63098],[-7.65738,41.62977],[-7.65816,41.62846],[-7.65971,41.62763],[-7.66564,41.62611],[-7.66704,41.62503],[-7.66745,41.62322],[-7.66867,41.62197],[-7.66935,41.62046],[-7.6714,41.61936],[-7.67235,41.61755],[-7.67435,41.6155],[-7.67433,41.6143],[-7.67178,41.61239],[-7.67114,41.60933],[-7.67184,41.60813],[-7.6737,41.60672],[-7.67566,41.6062],[-7.66795,41.60411],[-7.6557,41.60283],[-7.64816,41.6037],[-7.64741,41.60475],[-7.64511,41.60594],[-7.64261,41.60577],[-7.63928,41.60648],[-7.63533,41.60617],[-7.63095,41.60714],[-7.62516,41.60864],[-7.62222,41.60598],[-7.62303,41.60286],[-7.61689,41.60146],[-7.61548,41.60142],[-7.6082,41.6002],[-7.58777,41.60227],[-7.58698,41.60241],[-7.58651,41.60032],[-7.57531,41.59595],[-7.55957,41.60313],[-7.55705,41.59833],[-7.55548,41.59674],[-7.55509,41.5952],[-7.55423,41.59422],[-7.55579,41.59345],[-7.55628,41.59214],[-7.55508,41.5898],[-7.55568,41.58832],[-7.55677,41.57657],[-7.55192,41.56678],[-7.55171,41.56561],[-7.549,41.5647],[-7.54686,41.56514],[-7.545,41.56442],[-7.54409,41.56338],[-7.5396,41.56281],[-7.53766,41.56287],[-7.53595,41.56227],[-7.52531,41.56348],[-7.52294,41.56667],[-7.52726,41.56779],[-7.52834,41.5685],[-7.52972,41.57341],[-7.53111,41.57543],[-7.52963,41.57695],[-7.5295,41.58068],[-7.52989,41.58208],[-7.52918,41.58706],[-7.52807,41.59037],[-7.5239,41.59328],[-7.52319,41.59346],[-7.51784,41.59362],[-7.51563,41.59186],[-7.50709,41.58127],[-7.50075,41.5847],[-7.49785,41.58573],[-7.49681,41.58862],[-7.49423,41.59342],[-7.49128,41.59462],[-7.48663,41.59429],[-7.48472,41.59391],[-7.48315,41.59413],[-7.48004,41.59317],[-7.47469,41.5961],[-7.47482,41.59684],[-7.47684,41.60036],[-7.48275,41.6043],[-7.48924,41.61222],[-7.49102,41.6142],[-7.49212,41.61724],[-7.49151,41.61941],[-7.49251,41.62112],[-7.49389,41.62128],[-7.49418,41.62327],[-7.49743,41.62461],[-7.49823,41.62542],[-7.49831,41.62735],[-7.49766,41.6298],[-7.49946,41.63146],[-7.49831,41.63223],[-7.49938,41.63353],[-7.49944,41.63485],[-7.49896,41.63747],[-7.49993,41.63829],[-7.49988,41.63946],[-7.501,41.6403],[-7.49438,41.64598],[-7.49367,41.64674],[-7.49383,41.65119],[-7.4921,41.65369],[-7.49198,41.65481],[-7.49247,41.65686],[-7.49097,41.6592],[-7.48821,41.65912],[-7.487,41.65877],[-7.48392,41.66011],[-7.48141,41.66048],[-7.4755,41.66056],[-7.47465,41.66127],[-7.47058,41.66324],[-7.47047,41.66407],[-7.46919,41.66501],[-7.46569,41.67224],[-7.46429,41.67368],[-7.46337,41.67641],[-7.4623,41.67836],[-7.46282,41.67985],[-7.46235,41.68113],[-7.45593,41.68524],[-7.45373,41.68778],[-7.44979,41.68984],[-7.44326,41.69078],[-7.44315,41.69167],[-7.44199,41.69349],[-7.43783,41.6976],[-7.43529,41.69764],[-7.43021,41.69849],[-7.43002,41.69932],[-7.42601,41.70052],[-7.42534,41.7004],[-7.42048,41.7019],[-7.41498,41.70322],[-7.40963,41.70574],[-7.40713,41.70642],[-7.39456,41.70818],[-7.39294,41.70692],[-7.38905,41.70186],[-7.38754,41.70091],[-7.37793,41.70066],[-7.37652,41.70004],[-7.37266,41.69758],[-7.37069,41.69584],[-7.37264,41.69085],[-7.37516,41.68797],[-7.37702,41.68338],[-7.3772,41.67963],[-7.37769,41.67586],[-7.37435,41.6722],[-7.37529,41.66956],[-7.37497,41.66706],[-7.37449,41.66581],[-7.37471,41.66239],[-7.37414,41.6602],[-7.3726,41.658],[-7.37138,41.65457],[-7.37043,41.65376],[-7.37029,41.652],[-7.37112,41.65091],[-7.37873,41.6497],[-7.3808,41.64925],[-7.38251,41.64638],[-7.38854,41.64558],[-7.38932,41.64497],[-7.38541,41.6382],[-7.38044,41.62702],[-7.38023,41.62545],[-7.37852,41.62521],[-7.37786,41.62325],[-7.37697,41.62211],[-7.37279,41.6186],[-7.37188,41.61877],[-7.36976,41.6216],[-7.36892,41.62212],[-7.36631,41.62171],[-7.36464,41.62038],[-7.36579,41.61934],[-7.36539,41.61485],[-7.36348,41.61398],[-7.36271,41.61291],[-7.36526,41.61011],[-7.36643,41.60442],[-7.36748,41.60283],[-7.36879,41.6029],[-7.37015,41.60223],[-7.37245,41.6019],[-7.37808,41.60163],[-7.38522,41.60113],[-7.39171,41.60132],[-7.4022,41.60258],[-7.40457,41.60257],[-7.40529,41.60409],[-7.40777,41.60507],[-7.41026,41.60518],[-7.41187,41.60642],[-7.41436,41.60555],[-7.41862,41.60523],[-7.42308,41.6059],[-7.42397,41.60631],[-7.4251,41.60487],[-7.42474,41.60352],[-7.42248,41.60219],[-7.42184,41.60022],[-7.42038,41.59692],[-7.42644,41.5917],[-7.4265,41.59004],[-7.42565,41.58898],[-7.42659,41.58716],[-7.43012,41.58382],[-7.43203,41.58084],[-7.43388,41.57962],[-7.44226,41.57597],[-7.4446,41.57405],[-7.446,41.57386],[-7.44751,41.5743],[-7.44896,41.5739],[-7.44938,41.57274],[-7.45167,41.57195],[-7.45221,41.571],[-7.45732,41.5708],[-7.45784,41.56944],[-7.45784,41.5679],[-7.46218,41.56398],[-7.46172,41.56207],[-7.46186,41.56086],[-7.46069,41.55422],[-7.46092,41.5523],[-7.46276,41.5508],[-7.46264,41.54948],[-7.46382,41.54848],[-7.46586,41.54333],[-7.47383,41.53854],[-7.47631,41.53869],[-7.47887,41.53664],[-7.48098,41.53574],[-7.48164,41.53469],[-7.48389,41.53331],[-7.48887,41.53146],[-7.49028,41.53113],[-7.49325,41.52949],[-7.49471,41.52901],[-7.49872,41.52689],[-7.4986,41.52623],[-7.48894,41.51327],[-7.48381,41.50181],[-7.48119,41.49984],[-7.48053,41.49826],[-7.48041,41.49609],[-7.47802,41.49399],[-7.47509,41.48961],[-7.47524,41.48544],[-7.47449,41.48411],[-7.47338,41.48068],[-7.47139,41.47942],[-7.47229,41.47671],[-7.47227,41.47549],[-7.47481,41.47307],[-7.47484,41.47049],[-7.47324,41.46987],[-7.47357,41.46813],[-7.47445,41.46739],[-7.47581,41.46742],[-7.47735,41.46662],[-7.4798,41.4648],[-7.48036,41.46382],[-7.47927,41.46231],[-7.47945,41.46149],[-7.48174,41.46147],[-7.48345,41.46107],[-7.48447,41.46033],[-7.48336,41.4577],[-7.48346,41.45663],[-7.47672,41.45629],[-7.47577,41.45567],[-7.46925,41.45387],[-7.46778,41.45324],[-7.46397,41.45226],[-7.463,41.4531],[-7.45229,41.45912],[-7.45109,41.45929],[-7.44949,41.45872],[-7.44853,41.45954],[-7.44539,41.45969],[-7.44322,41.45927],[-7.4415,41.45832],[-7.43881,41.45988],[-7.4362,41.46],[-7.43524,41.45937],[-7.43384,41.45753],[-7.43074,41.45773],[-7.42811,41.45733],[-7.42159,41.45706],[-7.41888,41.45646],[-7.41704,41.45644],[-7.41385,41.45697],[-7.4107,41.45717],[-7.40824,41.45813],[-7.40681,41.45819],[-7.40541,41.4604],[-7.40375,41.45873],[-7.40048,41.4581],[-7.39555,41.45639],[-7.39057,41.45575],[-7.38696,41.45675],[-7.38106,41.45433],[-7.37821,41.45372],[-7.37651,41.45424],[-7.37372,41.45336],[-7.37399,41.45164],[-7.37213,41.45083],[-7.36989,41.44941],[-7.36889,41.44829],[-7.36955,41.44695],[-7.36917,41.44543],[-7.36759,41.44428],[-7.36605,41.44227],[-7.36593,41.44079],[-7.3648,41.43974],[-7.36536,41.43862],[-7.36525,41.43642],[-7.36354,41.43578],[-7.36357,41.43494],[-7.36225,41.43403],[-7.36095,41.43194],[-7.36089,41.42993],[-7.35995,41.4287],[-7.36,41.42778],[-7.36113,41.42586],[-7.35961,41.42427],[-7.36098,41.42354],[-7.36167,41.42166],[-7.36331,41.42073],[-7.36427,41.41929],[-7.36345,41.41829],[-7.3637,41.41748],[-7.36575,41.41661],[-7.36563,41.41575],[-7.36673,41.41482],[-7.36503,41.41439],[-7.36411,41.41274],[-7.36639,41.4112],[-7.36637,41.40952],[-7.36373,41.4073],[-7.36224,41.40648],[-7.36252,41.40553],[-7.36422,41.40431],[-7.36639,41.40369],[-7.36659,41.4004],[-7.36594,41.39958],[-7.36589,41.39657],[-7.36191,41.39537],[-7.36157,41.39434],[-7.36226,41.39271],[-7.36215,41.39077],[-7.3608,41.39002],[-7.36163,41.38873],[-7.36074,41.38801],[-7.35869,41.38867],[-7.35815,41.38834],[-7.35946,41.38629],[-7.35888,41.38532],[-7.36126,41.38539],[-7.36055,41.38408],[-7.36122,41.38341],[-7.36137,41.38197],[-7.35679,41.37937],[-7.35744,41.37858],[-7.35614,41.37678],[-7.35259,41.37656],[-7.35308,41.37599]]],[[[-6.97572,41.25244],[-6.97779,41.25233],[-6.97908,41.25137],[-6.98069,41.25101],[-6.98166,41.25007],[-6.98294,41.24989],[-6.98377,41.24903],[-6.98374,41.24711],[-6.98247,41.24589],[-6.98239,41.24396],[-6.9832,41.24352],[-6.98368,41.23928],[-6.98551,41.23911],[-6.98773,41.23947],[-6.99127,41.2418],[-6.99416,41.24248],[-6.99632,41.24212],[-7.00006,41.23921],[-7.00312,41.23863],[-7.00721,41.23868],[-7.00869,41.23717],[-7.00934,41.23483],[-7.00899,41.23218],[-7.00978,41.23073],[-7.01143,41.22969],[-7.01285,41.22828],[-7.01499,41.22514],[-7.01839,41.2235],[-7.01969,41.22342],[-7.02253,41.22137],[-7.02393,41.21838],[-7.02727,41.21436],[-7.02871,41.21441],[-7.03163,41.21388],[-7.03721,41.2153],[-7.0412,41.21697],[-7.04197,41.21766],[-7.04358,41.21802],[-7.04644,41.21794],[-7.05064,41.21726],[-7.05396,41.21563],[-7.05521,41.21073],[-7.05708,41.20905],[-7.05914,41.20802],[-7.05812,41.20661],[-7.05591,41.20568],[-7.0554,41.20446],[-7.05573,41.20337],[-7.05427,41.20324],[-7.05364,41.20238],[-7.05388,41.20136],[-7.05297,41.20071],[-7.05112,41.20069],[-7.05005,41.19917],[-7.04885,41.19902],[-7.04668,41.19772],[-7.04497,41.1974],[-7.04374,41.19629],[-7.04261,41.19356],[-7.04277,41.19252],[-7.04139,41.19098],[-7.04002,41.19117],[-7.03737,41.18994],[-7.03765,41.189],[-7.03565,41.18792],[-7.03445,41.18999],[-7.03335,41.19083],[-7.02762,41.1902],[-7.02021,41.18982],[-7.01931,41.18962],[-7.01693,41.1835],[-7.01819,41.17894],[-7.01794,41.178],[-7.01809,41.17207],[-7.02114,41.16757],[-7.02393,41.16746],[-7.0267,41.16682],[-7.03038,41.16658],[-7.03344,41.16576],[-7.03613,41.1656],[-7.03851,41.16444],[-7.03959,41.16265],[-7.03928,41.16096],[-7.03798,41.16039],[-7.03647,41.15902],[-7.03671,41.15819],[-7.04008,41.15698],[-7.04535,41.15692],[-7.04766,41.15642],[-7.05153,41.15516],[-7.05026,41.1522],[-7.04584,41.15179],[-7.03638,41.15009],[-7.03437,41.14889],[-7.02987,41.14762],[-7.02883,41.14641],[-7.02049,41.14511],[-7.0154,41.14258],[-7.01764,41.13791],[-7.01946,41.13708],[-7.02158,41.13661],[-7.02093,41.13479],[-7.02159,41.13401],[-7.02408,41.13326],[-7.02632,41.12996],[-7.02659,41.12904],[-7.028,41.12775],[-7.02992,41.1272],[-7.02915,41.12498],[-7.03132,41.12213],[-7.03264,41.12118],[-7.03218,41.11815],[-7.03067,41.11419],[-7.02844,41.11364],[-7.02649,41.11155],[-7.0254,41.11247],[-7.02288,41.11234],[-7.02157,41.11043],[-7.02039,41.11011],[-7.01921,41.11076],[-7.01777,41.10994],[-7.01657,41.11211],[-7.01435,41.1134],[-7.01204,41.11264],[-7.00998,41.11371],[-7.01029,41.11223],[-7.00874,41.11187],[-7.00937,41.10953],[-7.01037,41.10796],[-7.00945,41.10714],[-7.00773,41.10801],[-7.00636,41.10764],[-7.00402,41.10562],[-7.00221,41.10495],[-6.99719,41.10469],[-6.99638,41.10392],[-6.99454,41.10405],[-6.99101,41.10272],[-6.98999,41.1044],[-6.98828,41.10561],[-6.98734,41.10695],[-6.98006,41.1107],[-6.97744,41.11],[-6.97548,41.1091],[-6.97421,41.1092],[-6.96525,41.10665],[-6.96344,41.10642],[-6.95838,41.10652],[-6.95483,41.10788],[-6.95367,41.1086],[-6.95293,41.10766],[-6.95029,41.10643],[-6.94885,41.10623],[-6.94668,41.10726],[-6.94303,41.10391],[-6.94215,41.1038],[-6.93772,41.10171],[-6.93158,41.10445],[-6.92894,41.10525],[-6.92684,41.10505],[-6.92485,41.10533],[-6.92246,41.10607],[-6.9187,41.10606],[-6.91555,41.10494],[-6.9128,41.10455],[-6.91005,41.1031],[-6.90818,41.10316],[-6.90484,41.1049],[-6.90159,41.10739],[-6.9001,41.10747],[-6.89662,41.10644],[-6.89231,41.10654],[-6.89035,41.10779],[-6.88777,41.10867],[-6.88786,41.10999],[-6.88669,41.11336],[-6.88327,41.11587],[-6.88212,41.11528],[-6.87863,41.11438],[-6.87355,41.11424],[-6.87207,41.12085],[-6.8705,41.12192],[-6.86916,41.12346],[-6.86793,41.12337],[-6.86553,41.125],[-6.86468,41.12625],[-6.86472,41.12729],[-6.86216,41.12712],[-6.85935,41.12653],[-6.85622,41.12671],[-6.85197,41.12663],[-6.8505,41.12839],[-6.84832,41.12957],[-6.84737,41.13081],[-6.84716,41.13227],[-6.84586,41.13355],[-6.84415,41.13383],[-6.84054,41.1355],[-6.83665,41.13795],[-6.83191,41.13904],[-6.83157,41.14147],[-6.82708,41.14273],[-6.8215,41.14286],[-6.81884,41.14182],[-6.81724,41.14157],[-6.81399,41.14218],[-6.80953,41.14401],[-6.80938,41.15056],[-6.80818,41.15057],[-6.80081,41.15201],[-6.79822,41.1541],[-6.79864,41.15541],[-6.80036,41.15659],[-6.80115,41.15816],[-6.80132,41.15948],[-6.80055,41.16133],[-6.80105,41.16357],[-6.80357,41.16541],[-6.80489,41.16877],[-6.80602,41.17029],[-6.80886,41.17133],[-6.80869,41.17327],[-6.80808,41.17394],[-6.80966,41.17741],[-6.80322,41.1752],[-6.79662,41.17396],[-6.79459,41.17306],[-6.79028,41.16963],[-6.78788,41.17037],[-6.78606,41.17045],[-6.78212,41.16867],[-6.7794,41.16673],[-6.77748,41.16749],[-6.77364,41.16564],[-6.77256,41.16439],[-6.77102,41.16483],[-6.76954,41.16348],[-6.76492,41.16319],[-6.7637,41.16211],[-6.76437,41.16136],[-6.76458,41.15869],[-6.76555,41.15443],[-6.76643,41.15354],[-6.76799,41.14908],[-6.76897,41.14805],[-6.76926,41.14667],[-6.76865,41.14551],[-6.76903,41.14451],[-6.7658,41.14298],[-6.76361,41.14256],[-6.76112,41.14336],[-6.76042,41.14496],[-6.75568,41.14489],[-6.74921,41.1429],[-6.74848,41.14346],[-6.74593,41.1468],[-6.73903,41.15067],[-6.73837,41.15404],[-6.73305,41.15929],[-6.73224,41.16076],[-6.73066,41.16235],[-6.72868,41.16366],[-6.72138,41.16606],[-6.71936,41.16701],[-6.71474,41.1696],[-6.70911,41.1736],[-6.70749,41.17736],[-6.70566,41.17929],[-6.7029,41.17946],[-6.70186,41.17998],[-6.69823,41.18354],[-6.69655,41.18644],[-6.69648,41.18851],[-6.69683,41.18926],[-6.69919,41.19217],[-6.69797,41.19364],[-6.6943,41.1936],[-6.69227,41.19389],[-6.69088,41.19536],[-6.68915,41.19925],[-6.68831,41.20351],[-6.68856,41.2044],[-6.69089,41.206],[-6.69177,41.20716],[-6.69196,41.20837],[-6.68964,41.21027],[-6.68722,41.2116],[-6.68514,41.212],[-6.68209,41.21568],[-6.6804,41.21862],[-6.67052,41.22389],[-6.66889,41.22566],[-6.66748,41.22667],[-6.66638,41.22868],[-6.6641,41.23124],[-6.65974,41.23403],[-6.65829,41.23444],[-6.65523,41.23439],[-6.65281,41.23568],[-6.65094,41.24008],[-6.64924,41.24593],[-6.64732,41.24784],[-6.6452,41.24828],[-6.64299,41.24829],[-6.6398,41.24707],[-6.63544,41.2441],[-6.63243,41.24309],[-6.62996,41.24266],[-6.62744,41.24333],[-6.62525,41.24428],[-6.62214,41.24659],[-6.61989,41.24771],[-6.61548,41.24784],[-6.60892,41.24977],[-6.60682,41.24923],[-6.60527,41.24843],[-6.60335,41.24503],[-6.60136,41.24429],[-6.59912,41.24427],[-6.59789,41.24466],[-6.59665,41.24596],[-6.596,41.24781],[-6.59579,41.25048],[-6.59456,41.25361],[-6.59278,41.2552],[-6.5914,41.25549],[-6.58829,41.25433],[-6.58609,41.2518],[-6.58581,41.24989],[-6.58656,41.24617],[-6.58495,41.24187],[-6.58135,41.23952],[-6.57643,41.23882],[-6.57127,41.23906],[-6.56863,41.24198],[-6.56675,41.24309],[-6.56419,41.24365],[-6.56149,41.24352],[-6.55538,41.24417],[-6.55195,41.24529],[-6.55048,41.24742],[-6.54984,41.25006],[-6.54828,41.25321],[-6.54748,41.2572],[-6.54673,41.25818],[-6.53957,41.26128],[-6.53053,41.26668],[-6.52838,41.26867],[-6.52581,41.27035],[-6.52386,41.27268],[-6.5227,41.27506],[-6.52183,41.27603],[-6.51765,41.27481],[-6.51602,41.27334],[-6.51454,41.27082],[-6.51269,41.26524],[-6.51182,41.26426],[-6.50987,41.26376],[-6.50463,41.26545],[-6.49964,41.2651],[-6.49704,41.26564],[-6.49045,41.26957],[-6.48709,41.27055],[-6.4858,41.27131],[-6.48116,41.27301],[-6.4787,41.27499],[-6.47883,41.27705],[-6.48383,41.28012],[-6.48909,41.28219],[-6.49112,41.28375],[-6.4918,41.28571],[-6.49,41.28877],[-6.48753,41.2903],[-6.48412,41.29303],[-6.48229,41.29387],[-6.47971,41.29438],[-6.47634,41.29604],[-6.47507,41.29821],[-6.47227,41.29989],[-6.46924,41.30114],[-6.46186,41.29911],[-6.45962,41.29804],[-6.45669,41.29843],[-6.45157,41.29839],[-6.44679,41.30007],[-6.44481,41.30128],[-6.44448,41.30192],[-6.43808,41.30534],[-6.43714,41.30716],[-6.43922,41.30963],[-6.43956,41.31086],[-6.43931,41.31233],[-6.43811,41.3149],[-6.43478,41.3193],[-6.43279,41.32083],[-6.42877,41.32208],[-6.42415,41.32397],[-6.41936,41.32621],[-6.41858,41.32727],[-6.41997,41.32864],[-6.42714,41.33357],[-6.42694,41.33507],[-6.42493,41.33753],[-6.42202,41.33993],[-6.41972,41.3441],[-6.41768,41.34483],[-6.41677,41.34755],[-6.41616,41.348],[-6.4078,41.34998],[-6.40306,41.35009],[-6.39848,41.35068],[-6.39377,41.35003],[-6.39207,41.35027],[-6.38898,41.3518],[-6.3872,41.35332],[-6.38046,41.35657],[-6.37717,41.3601],[-6.37689,41.36122],[-6.37766,41.36296],[-6.37976,41.36412],[-6.38112,41.36415],[-6.3851,41.36308],[-6.38707,41.36337],[-6.38859,41.36512],[-6.39196,41.36777],[-6.39398,41.37088],[-6.39334,41.37379],[-6.39386,41.37783],[-6.39268,41.38029],[-6.39202,41.38276],[-6.39119,41.38426],[-6.38993,41.38539],[-6.38531,41.38659],[-6.3814,41.38804],[-6.37847,41.38752],[-6.37699,41.38782],[-6.37123,41.39247],[-6.3667,41.39397],[-6.36606,41.39359],[-6.36662,41.38921],[-6.36396,41.38567],[-6.36112,41.38251],[-6.35763,41.37989],[-6.35471,41.37865],[-6.35269,41.37825],[-6.34988,41.37827],[-6.34319,41.37981],[-6.3377,41.38207],[-6.33355,41.3844],[-6.32935,41.38556],[-6.32605,41.38712],[-6.32486,41.38723],[-6.32086,41.38621],[-6.31831,41.38614],[-6.31578,41.39003],[-6.3179,41.3944],[-6.31751,41.3967],[-6.3184,41.39828],[-6.32048,41.40099],[-6.32758,41.40388],[-6.33143,41.40473],[-6.3333,41.40624],[-6.33383,41.40813],[-6.33282,41.41152],[-6.32994,41.41469],[-6.32804,41.41576],[-6.32669,41.41606],[-6.32401,41.41606],[-6.31992,41.41537],[-6.3178,41.41558],[-6.31411,41.41697],[-6.30887,41.41993],[-6.30693,41.42199],[-6.30328,41.42692],[-6.29975,41.42936],[-6.29513,41.43509],[-6.29501,41.43575],[-6.2973,41.43955],[-6.29964,41.44213],[-6.30171,41.44388],[-6.30488,41.44575],[-6.306,41.4479],[-6.30582,41.44955],[-6.30467,41.45094],[-6.30158,41.45327],[-6.30133,41.45398],[-6.29582,41.46029],[-6.28739,41.46537],[-6.28532,41.46829],[-6.28503,41.47101],[-6.28598,41.4755],[-6.28579,41.47729],[-6.28511,41.47841],[-6.2834,41.48],[-6.28127,41.4812],[-6.27884,41.48197],[-6.27752,41.48291],[-6.27504,41.48319],[-6.2738,41.48366],[-6.2707,41.48638],[-6.26808,41.48721],[-6.26238,41.4865],[-6.26273,41.48768],[-6.26816,41.49356],[-6.26827,41.49503],[-6.26668,41.49731],[-6.26475,41.49808],[-6.26077,41.49702],[-6.25711,41.49647],[-6.2556,41.49692],[-6.25292,41.49831],[-6.25049,41.50066],[-6.25521,41.51107],[-6.2561,41.51357],[-6.25498,41.51422],[-6.25296,41.51413],[-6.24877,41.51482],[-6.24387,41.51647],[-6.2407,41.52048],[-6.23755,41.52151],[-6.23632,41.52243],[-6.23365,41.5268],[-6.22929,41.53133],[-6.22736,41.53419],[-6.22569,41.53583],[-6.22078,41.53922],[-6.21975,41.54171],[-6.21753,41.54319],[-6.2168,41.54529],[-6.21654,41.54784],[-6.21727,41.55117],[-6.21482,41.55386],[-6.21262,41.5574],[-6.2112,41.56049],[-6.21017,41.56149],[-6.20375,41.56577],[-6.20263,41.56785],[-6.20183,41.56851],[-6.19884,41.56978],[-6.1967,41.57161],[-6.19348,41.57358],[-6.18935,41.57505],[-6.19481,41.58268],[-6.19635,41.58633],[-6.19698,41.58992],[-6.20088,41.59445],[-6.20541,41.59776],[-6.2085,41.59945],[-6.21304,41.59943],[-6.21731,41.60022],[-6.22271,41.60224],[-6.22938,41.60373],[-6.23049,41.60494],[-6.23524,41.60721],[-6.23661,41.60974],[-6.24157,41.61616],[-6.24487,41.62181],[-6.25354,41.63313],[-6.2592,41.6372],[-6.26152,41.63821],[-6.26282,41.63934],[-6.26894,41.64325],[-6.27633,41.64737],[-6.28219,41.65236],[-6.28829,41.65649],[-6.29184,41.65793],[-6.29559,41.66017],[-6.30012,41.66207],[-6.30294,41.6629],[-6.31536,41.66545],[-6.31963,41.6669],[-6.32361,41.66702],[-6.32697,41.66854],[-6.33241,41.67038],[-6.3387,41.67172],[-6.34293,41.67343],[-6.35677,41.67703],[-6.36064,41.67752],[-6.36287,41.67546],[-6.375,41.67382],[-6.39122,41.67699],[-6.39556,41.6771],[-6.40295,41.67956],[-6.40601,41.68109],[-6.40727,41.68106],[-6.40987,41.68037],[-6.41107,41.67841],[-6.41583,41.67858],[-6.41963,41.67989],[-6.4252,41.67917],[-6.43419,41.68225],[-6.43646,41.6808],[-6.4398,41.6842],[-6.44296,41.68488],[-6.44659,41.6845],[-6.44958,41.68328],[-6.45084,41.68165],[-6.45229,41.68111],[-6.4525,41.67539],[-6.45773,41.66686],[-6.46833,41.66666],[-6.47465,41.66401],[-6.47999,41.66067],[-6.48836,41.65755],[-6.49308,41.65697],[-6.49568,41.65787],[-6.49773,41.65723],[-6.49942,41.65725],[-6.5121,41.66126],[-6.51503,41.66455],[-6.5182,41.66679],[-6.51913,41.66884],[-6.5258,41.67297],[-6.52769,41.67504],[-6.53464,41.67652],[-6.54184,41.68042],[-6.54824,41.68564],[-6.55348,41.6935],[-6.55569,41.69222],[-6.55642,41.69095],[-6.55661,41.6881],[-6.55735,41.68694],[-6.55836,41.68687],[-6.56067,41.68523],[-6.56186,41.68315],[-6.56227,41.68124],[-6.56225,41.67832],[-6.56331,41.67731],[-6.56608,41.67804],[-6.56782,41.67797],[-6.56823,41.67702],[-6.56771,41.67497],[-6.56989,41.67225],[-6.57018,41.6711],[-6.57025,41.66791],[-6.56933,41.66594],[-6.56716,41.66471],[-6.56704,41.66293],[-6.57006,41.66097],[-6.57444,41.66056],[-6.57494,41.65878],[-6.57617,41.65647],[-6.57854,41.6578],[-6.58256,41.65862],[-6.58454,41.65935],[-6.58735,41.65891],[-6.59034,41.65895],[-6.59373,41.66171],[-6.59716,41.6624],[-6.59935,41.66394],[-6.60105,41.66579],[-6.60216,41.66578],[-6.604,41.66662],[-6.60718,41.66737],[-6.6118,41.66766],[-6.61797,41.66656],[-6.62258,41.66621],[-6.62764,41.665],[-6.6326,41.66564],[-6.63506,41.66528],[-6.6373,41.66453],[-6.63845,41.66451],[-6.64193,41.66603],[-6.64271,41.6661],[-6.64516,41.66349],[-6.64352,41.66152],[-6.64088,41.66173],[-6.63978,41.66146],[-6.63862,41.6601],[-6.63966,41.65689],[-6.64051,41.65538],[-6.63948,41.65275],[-6.6401,41.64888],[-6.64161,41.64336],[-6.64062,41.64099],[-6.64057,41.63957],[-6.63862,41.63746],[-6.63767,41.63523],[-6.63588,41.63361],[-6.63717,41.63177],[-6.63781,41.6301],[-6.64071,41.62773],[-6.64413,41.62527],[-6.64637,41.62404],[-6.64724,41.62282],[-6.64786,41.62003],[-6.64817,41.61429],[-6.65168,41.60984],[-6.64983,41.6071],[-6.64988,41.60305],[-6.65084,41.60125],[-6.65321,41.60049],[-6.65486,41.59836],[-6.65405,41.59646],[-6.65425,41.59477],[-6.65562,41.59356],[-6.65658,41.59152],[-6.65712,41.58911],[-6.65801,41.58836],[-6.66085,41.58679],[-6.66249,41.58637],[-6.66744,41.58627],[-6.66913,41.58586],[-6.67081,41.58449],[-6.67087,41.58287],[-6.67017,41.5809],[-6.66956,41.57771],[-6.67052,41.57617],[-6.67171,41.57522],[-6.67324,41.57482],[-6.67626,41.5735],[-6.6773,41.57233],[-6.67715,41.57037],[-6.67809,41.56792],[-6.67793,41.56704],[-6.67628,41.56537],[-6.67387,41.56474],[-6.67238,41.56331],[-6.6733,41.56153],[-6.67486,41.55971],[-6.67481,41.55835],[-6.67239,41.55761],[-6.66916,41.55572],[-6.66808,41.554],[-6.6678,41.55253],[-6.66874,41.54984],[-6.67057,41.54843],[-6.67115,41.54749],[-6.67205,41.54282],[-6.67189,41.54127],[-6.67116,41.53947],[-6.67148,41.53861],[-6.67407,41.53688],[-6.67256,41.53538],[-6.67037,41.53195],[-6.67005,41.53046],[-6.66924,41.52916],[-6.66735,41.5277],[-6.66726,41.52604],[-6.6708,41.52331],[-6.67205,41.52149],[-6.67201,41.52033],[-6.67348,41.51924],[-6.67353,41.51627],[-6.67293,41.51508],[-6.67247,41.50999],[-6.67351,41.50761],[-6.67334,41.50641],[-6.6704,41.50379],[-6.66991,41.50123],[-6.66926,41.50053],[-6.66673,41.50034],[-6.66357,41.49873],[-6.66273,41.49677],[-6.66255,41.49354],[-6.66088,41.49274],[-6.65856,41.49027],[-6.65953,41.48679],[-6.66043,41.48451],[-6.66086,41.48228],[-6.65994,41.48086],[-6.65941,41.47705],[-6.66044,41.47578],[-6.6613,41.4738],[-6.66272,41.47182],[-6.66282,41.47012],[-6.66576,41.46742],[-6.66666,41.4661],[-6.67159,41.46306],[-6.67285,41.4616],[-6.67291,41.45897],[-6.67136,41.45549],[-6.67233,41.4544],[-6.67593,41.45249],[-6.67788,41.4521],[-6.67948,41.45129],[-6.68014,41.44984],[-6.68189,41.44775],[-6.68245,41.44657],[-6.68412,41.44495],[-6.68516,41.44484],[-6.68894,41.44276],[-6.69059,41.44152],[-6.6914,41.44146],[-6.69338,41.43952],[-6.69459,41.43891],[-6.69942,41.43822],[-6.70298,41.4366],[-6.7052,41.43276],[-6.70583,41.43202],[-6.70744,41.43164],[-6.71142,41.43278],[-6.71483,41.43338],[-6.71835,41.43551],[-6.72053,41.43655],[-6.72219,41.43661],[-6.72504,41.436],[-6.72785,41.43343],[-6.72918,41.43262],[-6.72984,41.43162],[-6.73025,41.42844],[-6.73267,41.42711],[-6.73466,41.42716],[-6.73699,41.42646],[-6.73915,41.4265],[-6.74286,41.4276],[-6.74549,41.42603],[-6.7525,41.42371],[-6.75338,41.4226],[-6.75907,41.41898],[-6.76124,41.41803],[-6.76201,41.4164],[-6.76392,41.41513],[-6.76591,41.41473],[-6.76874,41.41467],[-6.77078,41.4143],[-6.77719,41.41449],[-6.7849,41.41188],[-6.78549,41.40905],[-6.78636,41.40842],[-6.7897,41.40807],[-6.79523,41.40636],[-6.7965,41.40639],[-6.79972,41.40567],[-6.8016,41.40489],[-6.80392,41.40683],[-6.80586,41.40742],[-6.80524,41.40909],[-6.80727,41.41058],[-6.80727,41.41136],[-6.80472,41.41266],[-6.80535,41.41587],[-6.80741,41.41629],[-6.81104,41.4184],[-6.81081,41.4195],[-6.80792,41.42005],[-6.80856,41.4213],[-6.80838,41.42349],[-6.80922,41.42479],[-6.80894,41.42779],[-6.81115,41.42737],[-6.81094,41.42647],[-6.81262,41.42608],[-6.8135,41.42689],[-6.81631,41.42728],[-6.81968,41.42624],[-6.82152,41.42673],[-6.82408,41.42542],[-6.82309,41.42424],[-6.82475,41.42327],[-6.82595,41.42375],[-6.82844,41.42341],[-6.82965,41.42234],[-6.83015,41.42047],[-6.83165,41.41952],[-6.83378,41.41738],[-6.83845,41.41582],[-6.84042,41.41559],[-6.84068,41.41495],[-6.84474,41.41216],[-6.84461,41.41117],[-6.84653,41.41071],[-6.84663,41.40917],[-6.84865,41.40802],[-6.84825,41.40739],[-6.85209,41.40622],[-6.85291,41.40656],[-6.85553,41.40576],[-6.85447,41.40468],[-6.85672,41.40369],[-6.85665,41.40302],[-6.85841,41.40271],[-6.85832,41.4012],[-6.85924,41.40009],[-6.85751,41.39909],[-6.8582,41.39813],[-6.85903,41.39483],[-6.85914,41.39327],[-6.86145,41.39264],[-6.8629,41.39167],[-6.8644,41.39145],[-6.86808,41.38803],[-6.87327,41.38544],[-6.87145,41.37885],[-6.87248,41.37845],[-6.87352,41.37699],[-6.87568,41.37639],[-6.8735,41.37473],[-6.87429,41.37292],[-6.87532,41.37292],[-6.87677,41.37079],[-6.87631,41.36884],[-6.87832,41.367],[-6.87591,41.36552],[-6.87728,41.36502],[-6.87645,41.36328],[-6.87874,41.3618],[-6.87947,41.36088],[-6.88159,41.36064],[-6.87988,41.35961],[-6.87847,41.35995],[-6.87814,41.35831],[-6.87652,41.35853],[-6.87599,41.35695],[-6.87138,41.35376],[-6.87022,41.35377],[-6.86916,41.35242],[-6.86687,41.35367],[-6.86353,41.3522],[-6.86128,41.35096],[-6.85985,41.35081],[-6.85833,41.3518],[-6.85603,41.34952],[-6.85531,41.34693],[-6.85356,41.3454],[-6.85271,41.34562],[-6.84916,41.34556],[-6.84866,41.34474],[-6.84515,41.34434],[-6.84309,41.34468],[-6.84208,41.34417],[-6.8396,41.34491],[-6.83804,41.34665],[-6.83606,41.34775],[-6.83528,41.34939],[-6.83248,41.35015],[-6.82753,41.34898],[-6.82569,41.34962],[-6.82392,41.34846],[-6.82336,41.34747],[-6.82105,41.34627],[-6.82048,41.3451],[-6.82161,41.34144],[-6.82318,41.33916],[-6.82365,41.33759],[-6.82679,41.33321],[-6.82739,41.33072],[-6.82726,41.32934],[-6.82582,41.32633],[-6.82704,41.32263],[-6.82798,41.32122],[-6.83021,41.31988],[-6.83206,41.31663],[-6.83658,41.31325],[-6.83691,41.31274],[-6.84059,41.31129],[-6.84191,41.31022],[-6.84602,41.31004],[-6.85113,41.31063],[-6.85352,41.31028],[-6.85513,41.30967],[-6.85794,41.3075],[-6.85954,41.30535],[-6.86068,41.30161],[-6.86166,41.30038],[-6.86199,41.29883],[-6.86301,41.29664],[-6.86632,41.29281],[-6.86719,41.29224],[-6.871,41.2911],[-6.87335,41.28862],[-6.87416,41.28713],[-6.87553,41.28221],[-6.87878,41.27864],[-6.88094,41.27559],[-6.88243,41.2709],[-6.88234,41.26785],[-6.88194,41.2661],[-6.88109,41.26484],[-6.88048,41.26292],[-6.87934,41.26128],[-6.87809,41.2604],[-6.87923,41.25795],[-6.88024,41.25691],[-6.88299,41.25556],[-6.88513,41.25561],[-6.88586,41.25678],[-6.88747,41.25741],[-6.88946,41.25684],[-6.8907,41.25508],[-6.89213,41.25112],[-6.89414,41.24937],[-6.8961,41.24973],[-6.89865,41.25126],[-6.89981,41.2524],[-6.9018,41.25337],[-6.90475,41.256],[-6.90682,41.25707],[-6.90967,41.25761],[-6.91155,41.25701],[-6.9126,41.25538],[-6.91286,41.25276],[-6.91177,41.25126],[-6.9107,41.25059],[-6.91018,41.24933],[-6.91067,41.2478],[-6.91108,41.24491],[-6.91338,41.24368],[-6.9157,41.24151],[-6.91734,41.24133],[-6.92019,41.24178],[-6.92159,41.24112],[-6.92887,41.2394],[-6.92961,41.23942],[-6.9327,41.24146],[-6.93119,41.24394],[-6.93109,41.24493],[-6.93264,41.24679],[-6.93466,41.24742],[-6.93705,41.24727],[-6.93829,41.2466],[-6.94278,41.24593],[-6.94442,41.2454],[-6.952,41.2453],[-6.95371,41.24629],[-6.95464,41.24759],[-6.95677,41.24769],[-6.95754,41.24812],[-6.9583,41.24982],[-6.95962,41.25031],[-6.96183,41.2504],[-6.96308,41.24991],[-6.96368,41.24759],[-6.96609,41.24666],[-6.96695,41.24694],[-6.97042,41.2499],[-6.97235,41.25],[-6.97496,41.25053],[-6.97598,41.25156],[-6.97572,41.25244]]]]},"properties":{"idApp":923005,"aopId":"tras-os-montes","name":"Trás-os-Montes","nameJa":"トラス・オス・モンテス","kind":"regional","tags":[],"rank":0},"bbox":[-7.67566,41.10171,-6.18935,41.87143]},{"type":"Feature","geometry":{"type":"MultiPolygon","coordinates":[[[[-7.78468,41.07603],[-7.78462,41.07372],[-7.78343,41.0724],[-7.78188,41.07174],[-7.78248,41.07067],[-7.78155,41.06905],[-7.77815,41.06812],[-7.77709,41.0665],[-7.77588,41.06664],[-7.77337,41.06534],[-7.77117,41.06486],[-7.76951,41.06401],[-7.76597,41.06519],[-7.76449,41.06642],[-7.76199,41.0674],[-7.75941,41.06946],[-7.7549,41.06845],[-7.75474,41.06909],[-7.75033,41.07157],[-7.75043,41.07287],[-7.75253,41.07293],[-7.75354,41.07437],[-7.75536,41.0741],[-7.75559,41.07542],[-7.75497,41.0795],[-7.75591,41.07987],[-7.7565,41.08154],[-7.75584,41.08237],[-7.75613,41.08473],[-7.75687,41.08661],[-7.75677,41.0882],[-7.7561,41.08991],[-7.75767,41.09151],[-7.75776,41.09232],[-7.75211,41.0941],[-7.75149,41.09593],[-7.74965,41.09636],[-7.74878,41.09773],[-7.74747,41.09815],[-7.74716,41.09989],[-7.74636,41.10097],[-7.74659,41.10208],[-7.74551,41.10383],[-7.744,41.10539],[-7.74273,41.10463],[-7.74219,41.10369],[-7.73866,41.10256],[-7.73813,41.10189],[-7.73677,41.10432],[-7.73437,41.10482],[-7.73242,41.10575],[-7.73134,41.1068],[-7.72842,41.10839],[-7.7271,41.10981],[-7.72627,41.1098],[-7.72531,41.10805],[-7.72517,41.10525],[-7.72569,41.1047],[-7.72537,41.10341],[-7.72658,41.09976],[-7.72361,41.09564],[-7.72149,41.08904],[-7.72123,41.09248],[-7.72025,41.09392],[-7.71652,41.09411],[-7.71467,41.09488],[-7.71319,41.09502],[-7.71214,41.09597],[-7.71035,41.09534],[-7.70763,41.09532],[-7.70718,41.09653],[-7.70542,41.09669],[-7.7007,41.09758],[-7.69754,41.09677],[-7.69578,41.09675],[-7.69502,41.09608],[-7.69479,41.09453],[-7.69544,41.09277],[-7.69506,41.09147],[-7.69806,41.08797],[-7.69757,41.08597],[-7.69794,41.08422],[-7.69714,41.08353],[-7.69416,41.08391],[-7.69275,41.08485],[-7.69248,41.08635],[-7.68927,41.08734],[-7.6856,41.08658],[-7.68367,41.08565],[-7.68218,41.08541],[-7.68154,41.08431],[-7.67894,41.08504],[-7.67598,41.08484],[-7.67189,41.08657],[-7.67032,41.08633],[-7.66722,41.08694],[-7.66781,41.08836],[-7.66866,41.09237],[-7.66832,41.09347],[-7.66881,41.09681],[-7.66941,41.09822],[-7.6705,41.09955],[-7.66863,41.10154],[-7.66869,41.10244],[-7.66588,41.10548],[-7.66356,41.10625],[-7.65922,41.10519],[-7.6565,41.10568],[-7.65436,41.10648],[-7.65304,41.10552],[-7.64875,41.10384],[-7.64705,41.10339],[-7.64555,41.10232],[-7.63765,41.10366],[-7.63116,41.10587],[-7.62718,41.10597],[-7.62705,41.10291],[-7.62214,41.10301],[-7.62083,41.10272],[-7.61952,41.10516],[-7.62215,41.10544],[-7.62081,41.10674],[-7.62223,41.11197],[-7.62221,41.11471],[-7.62074,41.11574],[-7.61474,41.11453],[-7.61274,41.11471],[-7.61181,41.114],[-7.60728,41.11337],[-7.60179,41.11054],[-7.59941,41.10973],[-7.59525,41.10889],[-7.5986,41.10092],[-7.59078,41.10453],[-7.57956,41.10303],[-7.57613,41.10272],[-7.57295,41.10202],[-7.5685,41.10157],[-7.56469,41.10139],[-7.55945,41.10045],[-7.55452,41.09788],[-7.54599,41.0958],[-7.54594,41.09145],[-7.54798,41.0886],[-7.54891,41.08627],[-7.54736,41.08332],[-7.54675,41.08107],[-7.54836,41.08007],[-7.54918,41.07825],[-7.54942,41.07358],[-7.55069,41.07179],[-7.55136,41.07173],[-7.55149,41.06968],[-7.55084,41.06865],[-7.55271,41.06619],[-7.55374,41.06597],[-7.55284,41.06581],[-7.55533,41.05822],[-7.55608,41.0564],[-7.556,41.05278],[-7.55646,41.05083],[-7.55602,41.04887],[-7.55617,41.04737],[-7.55894,41.04501],[-7.55877,41.04303],[-7.55968,41.0414],[-7.56063,41.03853],[-7.56432,41.03132],[-7.56525,41.02858],[-7.55833,41.02269],[-7.5558,41.01995],[-7.55347,41.0219],[-7.55222,41.02137],[-7.54587,41.01463],[-7.53905,41.01001],[-7.5374,41.00862],[-7.53326,41.00589],[-7.53223,41.00633],[-7.53099,41.0057],[-7.53006,41.00808],[-7.52714,41.01325],[-7.52668,41.01457],[-7.52477,41.01606],[-7.52354,41.01656],[-7.52211,41.01885],[-7.52043,41.02066],[-7.51866,41.02067],[-7.51511,41.02118],[-7.51337,41.0217],[-7.51201,41.02263],[-7.5089,41.02659],[-7.50818,41.02886],[-7.50824,41.02992],[-7.50705,41.03179],[-7.50754,41.03232],[-7.51075,41.03162],[-7.51302,41.03274],[-7.51146,41.03499],[-7.50864,41.03765],[-7.50628,41.03919],[-7.50413,41.03993],[-7.50348,41.04069],[-7.50376,41.0423],[-7.50456,41.04385],[-7.5045,41.04608],[-7.50133,41.04458],[-7.50061,41.04385],[-7.49808,41.04547],[-7.4964,41.04719],[-7.48466,41.0417],[-7.47725,41.04094],[-7.46962,41.04036],[-7.45801,41.04071],[-7.45078,41.04042],[-7.44997,41.04409],[-7.44879,41.04797],[-7.44598,41.05239],[-7.44509,41.05302],[-7.44258,41.0564],[-7.43837,41.05977],[-7.43677,41.06081],[-7.42709,41.06018],[-7.42202,41.06026],[-7.41702,41.06155],[-7.41448,41.061],[-7.41016,41.06052],[-7.40743,41.06253],[-7.40834,41.06318],[-7.40856,41.06435],[-7.40789,41.06552],[-7.4089,41.06634],[-7.40776,41.06815],[-7.40615,41.06974],[-7.40393,41.06992],[-7.40287,41.06928],[-7.39839,41.06805],[-7.39587,41.06758],[-7.39503,41.06603],[-7.39319,41.06597],[-7.39174,41.06543],[-7.38918,41.06526],[-7.38691,41.06551],[-7.3857,41.06665],[-7.38352,41.06731],[-7.3818,41.06712],[-7.3802,41.06785],[-7.37874,41.06594],[-7.37955,41.0638],[-7.37963,41.06242],[-7.37787,41.06205],[-7.37793,41.06315],[-7.37533,41.06412],[-7.37419,41.06367],[-7.37443,41.0623],[-7.37734,41.06068],[-7.37749,41.05967],[-7.37886,41.05843],[-7.37701,41.05744],[-7.377,41.05591],[-7.37419,41.05615],[-7.37203,41.05525],[-7.37184,41.05402],[-7.37059,41.05415],[-7.36889,41.05616],[-7.36655,41.0563],[-7.36601,41.0553],[-7.3645,41.05406],[-7.36309,41.05359],[-7.35965,41.05566],[-7.35846,41.05598],[-7.35486,41.055],[-7.35346,41.05553],[-7.35219,41.05709],[-7.35031,41.05703],[-7.34883,41.05535],[-7.34721,41.05473],[-7.34491,41.05571],[-7.34278,41.05751],[-7.34297,41.05488],[-7.34419,41.05193],[-7.34517,41.04743],[-7.34571,41.04641],[-7.34369,41.04609],[-7.34217,41.04498],[-7.3403,41.04437],[-7.34096,41.0433],[-7.34396,41.04091],[-7.34358,41.03888],[-7.34399,41.03741],[-7.34242,41.03685],[-7.34192,41.03574],[-7.34005,41.03526],[-7.33828,41.0341],[-7.34031,41.03142],[-7.3384,41.03067],[-7.33758,41.02918],[-7.34133,41.02841],[-7.34008,41.02759],[-7.33986,41.02618],[-7.33803,41.02721],[-7.33716,41.02712],[-7.33617,41.02535],[-7.33344,41.0246],[-7.33351,41.02347],[-7.33303,41.0227],[-7.33132,41.02177],[-7.32886,41.02125],[-7.32642,41.01973],[-7.32333,41.01858],[-7.32248,41.01748],[-7.32103,41.01695],[-7.31692,41.01643],[-7.31178,41.01612],[-7.30868,41.01536],[-7.30651,41.01511],[-7.30384,41.01529],[-7.30284,41.01589],[-7.29981,41.01559],[-7.29609,41.01589],[-7.2977,41.01305],[-7.29774,41.01006],[-7.29736,41.00899],[-7.29929,41.00756],[-7.30267,41.00549],[-7.30326,41.00392],[-7.30099,41.00464],[-7.2983,41.00331],[-7.29562,41.00294],[-7.29471,41.00245],[-7.29546,41.00106],[-7.2948,40.9999],[-7.29525,40.99909],[-7.29849,40.99584],[-7.30026,40.99506],[-7.30035,40.99373],[-7.30229,40.99144],[-7.30246,40.98519],[-7.30346,40.9838],[-7.30153,40.98262],[-7.30169,40.98175],[-7.30432,40.98111],[-7.30508,40.98052],[-7.30544,40.97872],[-7.3064,40.9773],[-7.30537,40.97622],[-7.30587,40.97556],[-7.30787,40.97508],[-7.3106,40.97242],[-7.31026,40.97081],[-7.31128,40.96974],[-7.3131,40.96918],[-7.31226,40.96802],[-7.31262,40.96697],[-7.31129,40.96669],[-7.31109,40.96508],[-7.31386,40.96346],[-7.31406,40.96237],[-7.31567,40.9623],[-7.31781,40.96139],[-7.31771,40.96024],[-7.31663,40.95941],[-7.318,40.95759],[-7.31794,40.95638],[-7.31921,40.95532],[-7.31969,40.95221],[-7.31841,40.95139],[-7.31531,40.9528],[-7.31406,40.95112],[-7.31426,40.9477],[-7.31208,40.94323],[-7.3121,40.94034],[-7.30903,40.9391],[-7.30666,40.94002],[-7.30621,40.94069],[-7.30295,40.93878],[-7.30244,40.93748],[-7.30089,40.93676],[-7.29952,40.93543],[-7.29795,40.93586],[-7.29631,40.9379],[-7.29565,40.9392],[-7.29241,40.93779],[-7.29165,40.9355],[-7.29041,40.93558],[-7.28941,40.93633],[-7.28705,40.93618],[-7.28315,40.93719],[-7.28105,40.93694],[-7.28039,40.93836],[-7.27946,40.93915],[-7.27628,40.93934],[-7.2755,40.93983],[-7.27344,40.93914],[-7.27116,40.93981],[-7.26813,40.94163],[-7.26662,40.94164],[-7.26511,40.9409],[-7.26201,40.94112],[-7.26065,40.94067],[-7.25987,40.9394],[-7.2572,40.93838],[-7.25658,40.93781],[-7.25478,40.93826],[-7.25316,40.93787],[-7.25332,40.93603],[-7.25402,40.93557],[-7.25467,40.93326],[-7.25303,40.93383],[-7.24909,40.93262],[-7.2484,40.93079],[-7.24924,40.92918],[-7.24721,40.92733],[-7.24752,40.92595],[-7.2461,40.92595],[-7.24558,40.92617],[-7.24435,40.92859],[-7.2443,40.92957],[-7.23966,40.9314],[-7.23849,40.93134],[-7.23708,40.93267],[-7.23616,40.93434],[-7.23459,40.93462],[-7.23396,40.93546],[-7.23403,40.93799],[-7.23318,40.94073],[-7.23189,40.94049],[-7.23057,40.94116],[-7.22767,40.94051],[-7.22598,40.9407],[-7.22583,40.93891],[-7.22391,40.93603],[-7.22371,40.9338],[-7.22216,40.93241],[-7.2206,40.9327],[-7.21751,40.93276],[-7.21632,40.93177],[-7.21498,40.93143],[-7.21272,40.92973],[-7.21278,40.92845],[-7.21156,40.92708],[-7.20698,40.92578],[-7.20745,40.92692],[-7.20626,40.92875],[-7.20613,40.93061],[-7.20433,40.93021],[-7.20286,40.93113],[-7.20162,40.93074],[-7.19854,40.93192],[-7.19886,40.93049],[-7.1978,40.92868],[-7.19786,40.92783],[-7.19545,40.92573],[-7.19334,40.92825],[-7.19195,40.92882],[-7.18946,40.93146],[-7.18529,40.93197],[-7.1845,40.93277],[-7.18171,40.93455],[-7.16991,40.93116],[-7.15972,40.93233],[-7.156,40.93067],[-7.15182,40.92949],[-7.14858,40.92825],[-7.14663,40.92776],[-7.14541,40.92801],[-7.1434,40.92628],[-7.14244,40.9237],[-7.14178,40.92298],[-7.13993,40.92341],[-7.13905,40.92285],[-7.1357,40.92316],[-7.13365,40.92853],[-7.13285,40.93018],[-7.1325,40.93248],[-7.13255,40.93707],[-7.13184,40.93985],[-7.13149,40.9437],[-7.12756,40.94469],[-7.12683,40.9474],[-7.12572,40.94843],[-7.12485,40.9501],[-7.12459,40.95167],[-7.12371,40.95212],[-7.12027,40.95216],[-7.11949,40.95438],[-7.11799,40.95584],[-7.11522,40.95799],[-7.11293,40.95907],[-7.1121,40.9622],[-7.10978,40.96336],[-7.10742,40.9626],[-7.10603,40.96357],[-7.10588,40.9647],[-7.10446,40.96589],[-7.10277,40.97068],[-7.10171,40.97121],[-7.1026,40.97305],[-7.1007,40.97333],[-7.08331,40.97358],[-7.08053,40.97305],[-7.06942,40.97012],[-7.0593,40.96727],[-7.05778,40.96713],[-7.04591,40.96749],[-7.03745,40.9701],[-7.03441,40.97157],[-7.03389,40.97236],[-7.03227,40.9732],[-7.02443,40.97452],[-7.01978,40.97483],[-7.01775,40.9758],[-7.00238,40.98033],[-6.99735,40.9822],[-6.99644,40.98334],[-6.99625,40.98138],[-6.99542,40.97973],[-6.99586,40.97854],[-6.99458,40.97627],[-6.99349,40.97337],[-6.99115,40.97369],[-6.9906,40.97265],[-6.99165,40.97201],[-6.99141,40.96941],[-6.99028,40.96861],[-6.98889,40.96848],[-6.98763,40.96923],[-6.98527,40.96914],[-6.98337,40.96815],[-6.98318,40.96751],[-6.98507,40.96409],[-6.98228,40.96138],[-6.98331,40.95941],[-6.98072,40.95762],[-6.97962,40.95807],[-6.97812,40.95677],[-6.97829,40.95604],[-6.97675,40.95507],[-6.9756,40.95357],[-6.9742,40.95344],[-6.9741,40.95215],[-6.97332,40.95111],[-6.97045,40.94858],[-6.97006,40.94743],[-6.96766,40.94442],[-6.96626,40.94321],[-6.96356,40.94328],[-6.96177,40.943],[-6.96045,40.94375],[-6.95909,40.94362],[-6.95733,40.94218],[-6.95734,40.94066],[-6.95621,40.93905],[-6.95489,40.93824],[-6.95349,40.93665],[-6.9536,40.93501],[-6.95274,40.93379],[-6.95046,40.93339],[-6.94879,40.93216],[-6.94746,40.93254],[-6.94569,40.9321],[-6.94463,40.92972],[-6.94595,40.92636],[-6.94525,40.92491],[-6.9429,40.92481],[-6.94148,40.92432],[-6.93961,40.92446],[-6.93767,40.92317],[-6.93503,40.92284],[-6.9246,40.9233],[-6.91963,40.92399],[-6.91132,40.92535],[-6.89982,40.92837],[-6.89033,40.93105],[-6.88953,40.93165],[-6.88744,40.93417],[-6.88681,40.93583],[-6.88708,40.93649],[-6.88289,40.94394],[-6.87906,40.95004],[-6.87072,40.95881],[-6.87537,40.9605],[-6.87642,40.96123],[-6.87848,40.96435],[-6.88431,40.96909],[-6.88712,40.97183],[-6.89121,40.97815],[-6.89201,40.98154],[-6.89823,40.98506],[-6.90385,40.98941],[-6.90454,40.99031],[-6.90502,40.99348],[-6.9077,40.99689],[-6.90859,40.999],[-6.91031,40.99984],[-6.91825,41.00152],[-6.92158,41.00339],[-6.92243,41.00496],[-6.92439,41.01152],[-6.92568,41.01258],[-6.92975,41.01485],[-6.93062,41.01577],[-6.93137,41.01775],[-6.931,41.02043],[-6.92938,41.02596],[-6.92945,41.02795],[-6.9299,41.02947],[-6.9301,41.03012],[-6.92355,41.03331],[-6.91884,41.03759],[-6.91595,41.03891],[-6.91188,41.03866],[-6.90851,41.0378],[-6.90254,41.03466],[-6.89522,41.03348],[-6.88896,41.03125],[-6.88213,41.02968],[-6.87766,41.02823],[-6.87011,41.02777],[-6.86597,41.02689],[-6.85997,41.02786],[-6.85306,41.02702],[-6.83606,41.02829],[-6.83292,41.02911],[-6.82796,41.03109],[-6.82243,41.03184],[-6.81462,41.03526],[-6.81254,41.0359],[-6.80838,41.03653],[-6.80768,41.03732],[-6.80732,41.03987],[-6.80949,41.04275],[-6.80841,41.04483],[-6.80447,41.04708],[-6.80181,41.04796],[-6.79679,41.05233],[-6.79044,41.05679],[-6.78814,41.06032],[-6.7869,41.0633],[-6.78635,41.06385],[-6.78388,41.0648],[-6.78095,41.06647],[-6.77989,41.06754],[-6.77953,41.07066],[-6.77898,41.07165],[-6.77336,41.07475],[-6.77245,41.07682],[-6.77363,41.0786],[-6.77396,41.08027],[-6.77194,41.08467],[-6.77091,41.08614],[-6.7693,41.08761],[-6.76395,41.09085],[-6.76261,41.09466],[-6.76061,41.09667],[-6.75725,41.09803],[-6.75493,41.10093],[-6.75382,41.10333],[-6.75454,41.10474],[-6.7577,41.1072],[-6.75845,41.10813],[-6.7618,41.11501],[-6.77035,41.12449],[-6.7704,41.13082],[-6.76789,41.13351],[-6.76743,41.13525],[-6.7621,41.13735],[-6.75916,41.13905],[-6.75636,41.13993],[-6.75306,41.14028],[-6.75195,41.1408],[-6.74921,41.1429],[-6.75568,41.14489],[-6.76042,41.14496],[-6.76112,41.14336],[-6.76361,41.14256],[-6.7658,41.14298],[-6.76903,41.14451],[-6.76865,41.14551],[-6.76926,41.14667],[-6.76897,41.14805],[-6.76799,41.14908],[-6.76643,41.15354],[-6.76555,41.15443],[-6.76458,41.15869],[-6.76437,41.16136],[-6.7637,41.16211],[-6.76492,41.16319],[-6.76954,41.16348],[-6.77102,41.16483],[-6.77256,41.16439],[-6.77364,41.16564],[-6.77748,41.16749],[-6.7794,41.16673],[-6.78212,41.16867],[-6.78606,41.17045],[-6.78788,41.17037],[-6.79028,41.16963],[-6.79459,41.17306],[-6.79662,41.17396],[-6.80322,41.1752],[-6.80966,41.17741],[-6.80808,41.17394],[-6.80869,41.17327],[-6.80886,41.17133],[-6.80602,41.17029],[-6.80489,41.16877],[-6.80357,41.16541],[-6.80105,41.16357],[-6.80055,41.16133],[-6.80132,41.15948],[-6.80115,41.15816],[-6.80036,41.15659],[-6.79864,41.15541],[-6.79822,41.1541],[-6.80081,41.15201],[-6.80818,41.15057],[-6.80938,41.15056],[-6.80953,41.14401],[-6.81399,41.14218],[-6.81724,41.14157],[-6.81884,41.14182],[-6.8215,41.14286],[-6.82708,41.14273],[-6.83157,41.14147],[-6.83191,41.13904],[-6.83665,41.13795],[-6.84054,41.1355],[-6.84415,41.13383],[-6.84586,41.13355],[-6.84716,41.13227],[-6.84737,41.13081],[-6.84832,41.12957],[-6.8505,41.12839],[-6.85197,41.12663],[-6.85622,41.12671],[-6.85935,41.12653],[-6.86216,41.12712],[-6.86472,41.12729],[-6.86468,41.12625],[-6.86553,41.125],[-6.86793,41.12337],[-6.86916,41.12346],[-6.8705,41.12192],[-6.87207,41.12085],[-6.87355,41.11424],[-6.87863,41.11438],[-6.88212,41.11528],[-6.88327,41.11587],[-6.88669,41.11336],[-6.88786,41.10999],[-6.88777,41.10867],[-6.89035,41.10779],[-6.89231,41.10654],[-6.89662,41.10644],[-6.9001,41.10747],[-6.90159,41.10739],[-6.90484,41.1049],[-6.90818,41.10316],[-6.91005,41.1031],[-6.9128,41.10455],[-6.91555,41.10494],[-6.9187,41.10606],[-6.92246,41.10607],[-6.92485,41.10533],[-6.92684,41.10505],[-6.92894,41.10525],[-6.93158,41.10445],[-6.93772,41.10171],[-6.94215,41.1038],[-6.94303,41.10391],[-6.94668,41.10726],[-6.94885,41.10623],[-6.95029,41.10643],[-6.95293,41.10766],[-6.95367,41.1086],[-6.95483,41.10788],[-6.95838,41.10652],[-6.96344,41.10642],[-6.96525,41.10665],[-6.97421,41.1092],[-6.97548,41.1091],[-6.97744,41.11],[-6.98006,41.1107],[-6.98734,41.10695],[-6.98828,41.10561],[-6.98999,41.1044],[-6.99101,41.10272],[-6.99454,41.10405],[-6.99638,41.10392],[-6.99719,41.10469],[-7.00221,41.10495],[-7.00402,41.10562],[-7.00636,41.10764],[-7.00773,41.10801],[-7.00945,41.10714],[-7.01037,41.10796],[-7.00937,41.10953],[-7.00874,41.11187],[-7.01029,41.11223],[-7.00998,41.11371],[-7.01204,41.11264],[-7.01435,41.1134],[-7.01657,41.11211],[-7.01777,41.10994],[-7.01921,41.11076],[-7.02039,41.11011],[-7.02157,41.11043],[-7.02288,41.11234],[-7.0254,41.11247],[-7.02649,41.11155],[-7.02844,41.11364],[-7.03067,41.11419],[-7.03218,41.11815],[-7.03264,41.12118],[-7.03132,41.12213],[-7.02915,41.12498],[-7.02992,41.1272],[-7.028,41.12775],[-7.02659,41.12904],[-7.02632,41.12996],[-7.02408,41.13326],[-7.02159,41.13401],[-7.02093,41.13479],[-7.02158,41.13661],[-7.01946,41.13708],[-7.01764,41.13791],[-7.0154,41.14258],[-7.02049,41.14511],[-7.02883,41.14641],[-7.02987,41.14762],[-7.03437,41.14889],[-7.03638,41.15009],[-7.04584,41.15179],[-7.05026,41.1522],[-7.05153,41.15516],[-7.04766,41.15642],[-7.04535,41.15692],[-7.04008,41.15698],[-7.03671,41.15819],[-7.03647,41.15902],[-7.03798,41.16039],[-7.03928,41.16096],[-7.03959,41.16265],[-7.03851,41.16444],[-7.03613,41.1656],[-7.03344,41.16576],[-7.03038,41.16658],[-7.0267,41.16682],[-7.02393,41.16746],[-7.02114,41.16757],[-7.01809,41.17207],[-7.01794,41.178],[-7.01819,41.17894],[-7.01693,41.1835],[-7.01931,41.18962],[-7.02021,41.18982],[-7.02762,41.1902],[-7.03335,41.19083],[-7.03445,41.18999],[-7.03565,41.18792],[-7.03765,41.189],[-7.03737,41.18994],[-7.04002,41.19117],[-7.04139,41.19098],[-7.04277,41.19252],[-7.04261,41.19356],[-7.04374,41.19629],[-7.04497,41.1974],[-7.04668,41.19772],[-7.04885,41.19902],[-7.05005,41.19917],[-7.05112,41.20069],[-7.05297,41.20071],[-7.05388,41.20136],[-7.05364,41.20238],[-7.05427,41.20324],[-7.05573,41.20337],[-7.0554,41.20446],[-7.05591,41.20568],[-7.05812,41.20661],[-7.05914,41.20802],[-7.05708,41.20905],[-7.05521,41.21073],[-7.05396,41.21563],[-7.05064,41.21726],[-7.04644,41.21794],[-7.04358,41.21802],[-7.04197,41.21766],[-7.0412,41.21697],[-7.03721,41.2153],[-7.03163,41.21388],[-7.02871,41.21441],[-7.02727,41.21436],[-7.02393,41.21838],[-7.02253,41.22137],[-7.01969,41.22342],[-7.01839,41.2235],[-7.01499,41.22514],[-7.01285,41.22828],[-7.01143,41.22969],[-7.00978,41.23073],[-7.00899,41.23218],[-7.00934,41.23483],[-7.00869,41.23717],[-7.00721,41.23868],[-7.00312,41.23863],[-7.00006,41.23921],[-6.99632,41.24212],[-6.99416,41.24248],[-6.99127,41.2418],[-6.98773,41.23947],[-6.98551,41.23911],[-6.98368,41.23928],[-6.9832,41.24352],[-6.98239,41.24396],[-6.98247,41.24589],[-6.98374,41.24711],[-6.98377,41.24903],[-6.98294,41.24989],[-6.98166,41.25007],[-6.98069,41.25101],[-6.97908,41.25137],[-6.97779,41.25233],[-6.97572,41.25244],[-6.97643,41.25354],[-6.97844,41.25483],[-6.9812,41.25522],[-6.98348,41.255],[-6.98483,41.25445],[-6.98634,41.25475],[-6.9985,41.26021],[-6.99919,41.26126],[-7.00209,41.26241],[-7.00922,41.26698],[-7.0092,41.26831],[-7.0161,41.27198],[-7.02113,41.27361],[-7.02267,41.27608],[-7.02701,41.28132],[-7.02844,41.2841],[-7.03019,41.28492],[-7.03422,41.28594],[-7.03514,41.28671],[-7.0375,41.29046],[-7.03874,41.29153],[-7.04426,41.29805],[-7.0469,41.30078],[-7.04784,41.30232],[-7.05026,41.3019],[-7.05134,41.30118],[-7.05366,41.30105],[-7.05525,41.30217],[-7.0568,41.30433],[-7.05916,41.30556],[-7.0626,41.30621],[-7.06445,41.30708],[-7.06605,41.30731],[-7.06683,41.30797],[-7.06955,41.30912],[-7.06922,41.31001],[-7.06614,41.31278],[-7.06412,41.31315],[-7.0625,41.31449],[-7.06062,41.315],[-7.05895,41.31782],[-7.0409,41.33034],[-7.02816,41.33786],[-7.02441,41.3399],[-7.01599,41.34101],[-7.01387,41.34213],[-7.0123,41.34569],[-7.01169,41.35146],[-7.01449,41.35629],[-7.01857,41.36268],[-7.02328,41.36496],[-7.02645,41.36796],[-7.02518,41.36917],[-7.02515,41.36991],[-7.02344,41.37159],[-7.02338,41.37553],[-7.02742,41.37377],[-7.03271,41.37114],[-7.03264,41.37083],[-7.05007,41.37004],[-7.05781,41.36917],[-7.06061,41.36869],[-7.06936,41.36833],[-7.06794,41.36977],[-7.07222,41.36963],[-7.07737,41.3672],[-7.08012,41.36734],[-7.08403,41.36665],[-7.08999,41.36587],[-7.09473,41.36492],[-7.10196,41.36381],[-7.10214,41.36418],[-7.10623,41.36826],[-7.10855,41.37137],[-7.1097,41.37346],[-7.11085,41.37458],[-7.11194,41.37738],[-7.11491,41.38371],[-7.11689,41.38924],[-7.11782,41.39128],[-7.117,41.39325],[-7.11808,41.39511],[-7.11797,41.3968],[-7.11872,41.39867],[-7.11939,41.39928],[-7.11922,41.40089],[-7.1185,41.40247],[-7.11963,41.40378],[-7.11991,41.40541],[-7.12297,41.40665],[-7.12427,41.40668],[-7.12563,41.40603],[-7.12682,41.40738],[-7.1271,41.40905],[-7.1307,41.41062],[-7.13101,41.4125],[-7.12959,41.41396],[-7.12998,41.41669],[-7.132,41.41624],[-7.13235,41.41707],[-7.13126,41.4176],[-7.1321,41.41918],[-7.13317,41.42013],[-7.13319,41.421],[-7.13568,41.42183],[-7.13736,41.41964],[-7.13979,41.41846],[-7.14256,41.41996],[-7.14326,41.42126],[-7.14262,41.42199],[-7.14364,41.42355],[-7.14615,41.4248],[-7.15314,41.42784],[-7.15906,41.42892],[-7.16419,41.42904],[-7.16549,41.42869],[-7.1654,41.42747],[-7.16574,41.42242],[-7.16752,41.41962],[-7.16863,41.41729],[-7.16933,41.41437],[-7.16949,41.41252],[-7.16901,41.4111],[-7.16776,41.40978],[-7.16628,41.40898],[-7.16436,41.40862],[-7.16169,41.40652],[-7.16079,41.40484],[-7.16091,41.40279],[-7.16205,41.40172],[-7.16489,41.39993],[-7.16797,41.39737],[-7.16829,41.39572],[-7.16802,41.3944],[-7.16708,41.39262],[-7.16677,41.39079],[-7.16728,41.38932],[-7.17018,41.38596],[-7.17204,41.38437],[-7.17376,41.38369],[-7.17511,41.38376],[-7.18039,41.38477],[-7.18356,41.38707],[-7.18512,41.38753],[-7.18733,41.38767],[-7.1927,41.3874],[-7.1986,41.38859],[-7.20082,41.38863],[-7.20924,41.3848],[-7.21304,41.38386],[-7.21712,41.38191],[-7.22096,41.38093],[-7.22259,41.38024],[-7.22417,41.37891],[-7.22562,41.37416],[-7.22515,41.37022],[-7.22567,41.36903],[-7.22752,41.36842],[-7.23128,41.36849],[-7.23247,41.36883],[-7.23565,41.3707],[-7.23729,41.37083],[-7.23842,41.37003],[-7.24005,41.36748],[-7.24156,41.36627],[-7.24452,41.36529],[-7.24706,41.36336],[-7.24997,41.36038],[-7.25058,41.35878],[-7.24976,41.35585],[-7.25061,41.35338],[-7.25262,41.35249],[-7.25525,41.35257],[-7.2618,41.35241],[-7.26611,41.35313],[-7.26847,41.35322],[-7.27123,41.35295],[-7.27444,41.35225],[-7.27562,41.35172],[-7.278,41.34895],[-7.27917,41.34691],[-7.28012,41.34638],[-7.28555,41.34647],[-7.28726,41.34587],[-7.28841,41.34431],[-7.28763,41.34325],[-7.28785,41.3419],[-7.2888,41.34051],[-7.29033,41.33931],[-7.2934,41.33768],[-7.29675,41.33473],[-7.29892,41.33374],[-7.30128,41.33427],[-7.30333,41.33586],[-7.30508,41.33679],[-7.31076,41.33738],[-7.3147,41.33839],[-7.31508,41.33976],[-7.31417,41.34145],[-7.31788,41.34221],[-7.32894,41.34531],[-7.33058,41.34549],[-7.33536,41.34718],[-7.33943,41.34986],[-7.3427,41.35041],[-7.34523,41.35134],[-7.3481,41.35163],[-7.34846,41.35298],[-7.35002,41.35411],[-7.3522,41.35481],[-7.35336,41.35562],[-7.35629,41.35859],[-7.35855,41.36193],[-7.36006,41.36284],[-7.36022,41.36364],[-7.36159,41.36478],[-7.36218,41.36697],[-7.3596,41.36982],[-7.35499,41.37193],[-7.35374,41.37527],[-7.35308,41.37599],[-7.35259,41.37656],[-7.35614,41.37678],[-7.35744,41.37858],[-7.35679,41.37937],[-7.36137,41.38197],[-7.36122,41.38341],[-7.36055,41.38408],[-7.36126,41.38539],[-7.35888,41.38532],[-7.35946,41.38629],[-7.35815,41.38834],[-7.35869,41.38867],[-7.36074,41.38801],[-7.36163,41.38873],[-7.3608,41.39002],[-7.36215,41.39077],[-7.36226,41.39271],[-7.36157,41.39434],[-7.36191,41.39537],[-7.36589,41.39657],[-7.36594,41.39958],[-7.36659,41.4004],[-7.36639,41.40369],[-7.36422,41.40431],[-7.36252,41.40553],[-7.36224,41.40648],[-7.36373,41.4073],[-7.36637,41.40952],[-7.36639,41.4112],[-7.36411,41.41274],[-7.36503,41.41439],[-7.36673,41.41482],[-7.36563,41.41575],[-7.36575,41.41661],[-7.3637,41.41748],[-7.36345,41.41829],[-7.36427,41.41929],[-7.36331,41.42073],[-7.36167,41.42166],[-7.36098,41.42354],[-7.35961,41.42427],[-7.36113,41.42586],[-7.36,41.42778],[-7.35995,41.4287],[-7.36089,41.42993],[-7.36095,41.43194],[-7.36225,41.43403],[-7.36357,41.43494],[-7.36354,41.43578],[-7.36525,41.43642],[-7.36536,41.43862],[-7.3648,41.43974],[-7.36593,41.44079],[-7.36605,41.44227],[-7.36759,41.44428],[-7.36917,41.44543],[-7.36955,41.44695],[-7.36889,41.44829],[-7.36989,41.44941],[-7.37213,41.45083],[-7.37399,41.45164],[-7.37372,41.45336],[-7.37651,41.45424],[-7.37821,41.45372],[-7.38106,41.45433],[-7.38696,41.45675],[-7.39057,41.45575],[-7.39315,41.4542],[-7.39748,41.45247],[-7.40034,41.45182],[-7.40485,41.45111],[-7.41172,41.44941],[-7.41519,41.44827],[-7.41914,41.44643],[-7.4202,41.4454],[-7.42212,41.44426],[-7.42316,41.44255],[-7.42484,41.4376],[-7.42519,41.43576],[-7.42504,41.43178],[-7.42444,41.43108],[-7.4243,41.4285],[-7.42336,41.42753],[-7.42278,41.4261],[-7.42112,41.42467],[-7.42075,41.4234],[-7.41833,41.42167],[-7.4183,41.41898],[-7.41909,41.41674],[-7.41875,41.41333],[-7.42112,41.41368],[-7.4212,41.41447],[-7.42686,41.41511],[-7.4279,41.41611],[-7.43162,41.41727],[-7.43457,41.41885],[-7.43624,41.4221],[-7.4372,41.42288],[-7.43858,41.42498],[-7.44162,41.42687],[-7.44362,41.42709],[-7.44528,41.42817],[-7.44756,41.42852],[-7.44982,41.42998],[-7.45276,41.43096],[-7.45478,41.43116],[-7.4595,41.43114],[-7.46318,41.43084],[-7.46763,41.43008],[-7.47786,41.42881],[-7.48199,41.4242],[-7.48429,41.42245],[-7.48271,41.41987],[-7.48259,41.41732],[-7.48157,41.41627],[-7.47887,41.41491],[-7.47768,41.41324],[-7.47489,41.41076],[-7.47232,41.41141],[-7.46969,41.40997],[-7.46767,41.40924],[-7.46665,41.408],[-7.46674,41.40606],[-7.46783,41.40413],[-7.46627,41.40297],[-7.46487,41.40119],[-7.46239,41.40033],[-7.46063,41.39921],[-7.45891,41.39868],[-7.45629,41.39688],[-7.45578,41.3949],[-7.45253,41.39431],[-7.45136,41.39367],[-7.45086,41.39151],[-7.44986,41.38955],[-7.45092,41.38916],[-7.45331,41.38685],[-7.45362,41.38545],[-7.457,41.38283],[-7.45781,41.38247],[-7.45861,41.38013],[-7.45827,41.37721],[-7.45813,41.37127],[-7.46298,41.36488],[-7.46572,41.36004],[-7.46783,41.35688],[-7.46967,41.35344],[-7.47197,41.34968],[-7.47351,41.34869],[-7.47329,41.34623],[-7.47249,41.34384],[-7.47287,41.34237],[-7.47091,41.34028],[-7.46953,41.33721],[-7.46416,41.33464],[-7.45844,41.33259],[-7.45575,41.33203],[-7.45264,41.33097],[-7.45362,41.32722],[-7.45408,41.32026],[-7.45441,41.31837],[-7.45542,41.31557],[-7.458,41.3112],[-7.46206,41.31112],[-7.46452,41.31073],[-7.47125,41.31055],[-7.47403,41.30989],[-7.47835,41.30669],[-7.48163,41.30474],[-7.48567,41.30295],[-7.4899,41.30157],[-7.4955,41.30187],[-7.49994,41.30318],[-7.50138,41.30228],[-7.50339,41.3033],[-7.50436,41.30258],[-7.50519,41.30378],[-7.5042,41.30534],[-7.5055,41.30591],[-7.50728,41.30865],[-7.50722,41.30983],[-7.51033,41.31034],[-7.51173,41.31114],[-7.51207,41.3122],[-7.5146,41.31134],[-7.5162,41.31187],[-7.51874,41.31097],[-7.51933,41.31175],[-7.52163,41.3118],[-7.52213,41.31297],[-7.52042,41.31354],[-7.52013,41.31533],[-7.51829,41.31601],[-7.51861,41.31815],[-7.51958,41.31901],[-7.52134,41.31911],[-7.5217,41.32032],[-7.52025,41.32184],[-7.51649,41.32423],[-7.51626,41.32508],[-7.51458,41.32623],[-7.51345,41.32644],[-7.51153,41.32804],[-7.51111,41.32931],[-7.51168,41.33063],[-7.51118,41.33214],[-7.50979,41.33336],[-7.50757,41.33403],[-7.50526,41.3356],[-7.50327,41.33835],[-7.5015,41.34157],[-7.50098,41.34465],[-7.5048,41.34338],[-7.50808,41.34272],[-7.51784,41.34114],[-7.52176,41.34015],[-7.5251,41.33707],[-7.5262,41.33575],[-7.52849,41.33701],[-7.53043,41.33936],[-7.53215,41.34441],[-7.53384,41.34817],[-7.53879,41.34677],[-7.54235,41.34478],[-7.54381,41.34333],[-7.54707,41.34232],[-7.55249,41.34187],[-7.55596,41.34179],[-7.56014,41.34221],[-7.56426,41.34224],[-7.56551,41.34205],[-7.56666,41.3405],[-7.56787,41.34009],[-7.56923,41.33838],[-7.57167,41.33674],[-7.57289,41.33625],[-7.57475,41.33417],[-7.57659,41.33166],[-7.57669,41.33065],[-7.57545,41.33042],[-7.57381,41.32945],[-7.57367,41.32856],[-7.57563,41.32742],[-7.5748,41.32539],[-7.5721,41.32536],[-7.57099,41.32484],[-7.57031,41.32305],[-7.57399,41.32237],[-7.57076,41.32009],[-7.56974,41.31853],[-7.57098,41.31755],[-7.56954,41.31619],[-7.56821,41.3156],[-7.57044,41.31421],[-7.57126,41.31292],[-7.56981,41.31221],[-7.56989,41.31143],[-7.57134,41.31071],[-7.57273,41.31072],[-7.57272,41.30954],[-7.57076,41.30886],[-7.57112,41.30738],[-7.57345,41.30716],[-7.5801,41.30585],[-7.58235,41.30471],[-7.58728,41.30083],[-7.58948,41.2993],[-7.59371,41.29765],[-7.59554,41.29667],[-7.59728,41.29498],[-7.59978,41.29118],[-7.60097,41.29005],[-7.60263,41.28915],[-7.60533,41.28883],[-7.60811,41.28983],[-7.60926,41.29205],[-7.61148,41.29338],[-7.61117,41.2957],[-7.61202,41.29745],[-7.61373,41.29931],[-7.61661,41.30171],[-7.61771,41.30068],[-7.61895,41.29853],[-7.62062,41.29766],[-7.62135,41.29662],[-7.62108,41.29463],[-7.62313,41.29289],[-7.62691,41.29085],[-7.62784,41.28926],[-7.6289,41.28846],[-7.63234,41.28299],[-7.63174,41.28156],[-7.63039,41.28024],[-7.63148,41.2794],[-7.63249,41.27753],[-7.63541,41.27624],[-7.63813,41.27676],[-7.63926,41.27567],[-7.63814,41.27468],[-7.63891,41.2734],[-7.64167,41.27311],[-7.64355,41.27252],[-7.64425,41.27103],[-7.64395,41.26969],[-7.64469,41.26905],[-7.64663,41.26923],[-7.64911,41.26786],[-7.65116,41.26587],[-7.65368,41.26484],[-7.64585,41.26376],[-7.63701,41.26022],[-7.64073,41.25367],[-7.64301,41.25344],[-7.64537,41.25256],[-7.64733,41.25065],[-7.65158,41.24859],[-7.65197,41.24552],[-7.65188,41.24372],[-7.65105,41.24294],[-7.649,41.23791],[-7.65069,41.23643],[-7.65191,41.23802],[-7.65187,41.23893],[-7.65278,41.23988],[-7.65514,41.24079],[-7.65703,41.24063],[-7.66438,41.23883],[-7.66618,41.23818],[-7.66885,41.23765],[-7.67073,41.23611],[-7.67343,41.23457],[-7.67687,41.23444],[-7.67939,41.23532],[-7.67993,41.23625],[-7.6786,41.23829],[-7.68005,41.23994],[-7.6835,41.24103],[-7.68632,41.24064],[-7.68887,41.2398],[-7.69043,41.23998],[-7.6924,41.24088],[-7.69508,41.24141],[-7.69676,41.24075],[-7.69817,41.23914],[-7.69665,41.23854],[-7.69736,41.2362],[-7.69851,41.23573],[-7.69934,41.23676],[-7.70225,41.23762],[-7.70569,41.23608],[-7.70663,41.23414],[-7.70776,41.23389],[-7.7108,41.23664],[-7.71255,41.23641],[-7.72068,41.24092],[-7.72169,41.24226],[-7.72297,41.24284],[-7.71945,41.24919],[-7.71686,41.25041],[-7.71479,41.25231],[-7.71426,41.25421],[-7.71197,41.25537],[-7.70962,41.25593],[-7.70652,41.25614],[-7.70473,41.2568],[-7.70194,41.25843],[-7.69917,41.25867],[-7.69897,41.25928],[-7.70045,41.26059],[-7.70062,41.26179],[-7.70003,41.26461],[-7.70031,41.26652],[-7.7116,41.27412],[-7.71657,41.27562],[-7.71747,41.27648],[-7.71724,41.27787],[-7.71579,41.27931],[-7.71869,41.27988],[-7.72074,41.2807],[-7.72208,41.28176],[-7.7223,41.2832],[-7.72503,41.2847],[-7.72824,41.28467],[-7.72658,41.28844],[-7.72663,41.29019],[-7.72845,41.29045],[-7.72986,41.29114],[-7.72828,41.29392],[-7.72694,41.29326],[-7.72262,41.29295],[-7.71983,41.29245],[-7.71814,41.29319],[-7.71635,41.29157],[-7.71322,41.29238],[-7.71199,41.29483],[-7.70983,41.29532],[-7.7089,41.29649],[-7.70703,41.29699],[-7.70486,41.29607],[-7.70319,41.29604],[-7.69796,41.29722],[-7.69562,41.29832],[-7.69495,41.30157],[-7.694,41.30282],[-7.69355,41.30462],[-7.69506,41.30645],[-7.69575,41.30657],[-7.6986,41.30822],[-7.70411,41.30547],[-7.70698,41.30767],[-7.71564,41.31138],[-7.71814,41.31275],[-7.72945,41.31583],[-7.73175,41.31472],[-7.7338,41.31465],[-7.73546,41.31545],[-7.73795,41.31603],[-7.74052,41.31745],[-7.7423,41.31812],[-7.74507,41.31691],[-7.7475,41.31527],[-7.74817,41.3142],[-7.74959,41.31336],[-7.75044,41.312],[-7.75233,41.30993],[-7.75337,41.30939],[-7.75434,41.30802],[-7.7543,41.30698],[-7.75278,41.30616],[-7.75283,41.30508],[-7.75414,41.30368],[-7.75702,41.30415],[-7.75939,41.30132],[-7.75908,41.29942],[-7.75994,41.29785],[-7.76188,41.29854],[-7.76321,41.29847],[-7.76499,41.29519],[-7.7648,41.29444],[-7.767,41.29354],[-7.76724,41.29255],[-7.7666,41.29093],[-7.76742,41.29053],[-7.76909,41.28734],[-7.77004,41.28649],[-7.77166,41.28678],[-7.77373,41.28634],[-7.77487,41.28519],[-7.77664,41.28499],[-7.77836,41.28429],[-7.7798,41.28428],[-7.78177,41.2833],[-7.78298,41.28359],[-7.78421,41.28196],[-7.78519,41.28164],[-7.78775,41.28226],[-7.78798,41.27913],[-7.78904,41.2782],[-7.78875,41.27588],[-7.79012,41.27397],[-7.7903,41.27233],[-7.78912,41.27137],[-7.78985,41.26996],[-7.7874,41.27054],[-7.78535,41.27021],[-7.78476,41.26895],[-7.78363,41.2682],[-7.78372,41.26679],[-7.78103,41.26723],[-7.78032,41.26813],[-7.77851,41.26856],[-7.77655,41.26828],[-7.77594,41.2696],[-7.77408,41.27027],[-7.77119,41.27002],[-7.77122,41.26917],[-7.77012,41.26671],[-7.77071,41.26554],[-7.77267,41.26517],[-7.7724,41.26448],[-7.77534,41.26339],[-7.77804,41.26399],[-7.78018,41.26002],[-7.7798,41.25941],[-7.78185,41.2574],[-7.7807,41.25593],[-7.78096,41.25478],[-7.77952,41.25299],[-7.78097,41.24911],[-7.7831,41.24747],[-7.78498,41.24725],[-7.78834,41.24629],[-7.78887,41.24754],[-7.78994,41.24749],[-7.78997,41.24905],[-7.79114,41.24974],[-7.79514,41.24999],[-7.79552,41.25163],[-7.79833,41.25173],[-7.7987,41.25311],[-7.79717,41.25429],[-7.79804,41.25513],[-7.7971,41.2574],[-7.79785,41.25749],[-7.79886,41.26044],[-7.80124,41.26057],[-7.80463,41.25765],[-7.80566,41.25802],[-7.80824,41.25716],[-7.80829,41.25663],[-7.81046,41.25605],[-7.81391,41.25769],[-7.8156,41.25968],[-7.81732,41.25988],[-7.81792,41.26216],[-7.81957,41.26212],[-7.82117,41.26144],[-7.82358,41.26328],[-7.82391,41.26418],[-7.82519,41.26437],[-7.82856,41.26574],[-7.83137,41.26436],[-7.83507,41.26418],[-7.83777,41.26473],[-7.83831,41.26428],[-7.84026,41.26556],[-7.84158,41.26506],[-7.84378,41.26226],[-7.84654,41.26353],[-7.8483,41.26301],[-7.85042,41.263],[-7.85324,41.26361],[-7.85396,41.2649],[-7.85562,41.26479],[-7.85515,41.26602],[-7.85756,41.26616],[-7.86105,41.26572],[-7.86094,41.26455],[-7.86262,41.26364],[-7.86475,41.26346],[-7.86556,41.26471],[-7.86875,41.26294],[-7.86958,41.2616],[-7.87126,41.26161],[-7.87568,41.26214],[-7.87698,41.26288],[-7.87913,41.26196],[-7.88126,41.2596],[-7.88456,41.25718],[-7.88687,41.25661],[-7.8891,41.255],[-7.89213,41.25201],[-7.89344,41.25143],[-7.89494,41.24993],[-7.89422,41.24874],[-7.88697,41.24847],[-7.88232,41.24693],[-7.87992,41.24564],[-7.87558,41.24205],[-7.87787,41.24088],[-7.87937,41.23713],[-7.87977,41.23426],[-7.87908,41.23217],[-7.88178,41.23064],[-7.88358,41.2283],[-7.88442,41.22589],[-7.88634,41.22308],[-7.88828,41.2178],[-7.89177,41.2137],[-7.89208,41.21066],[-7.89409,41.20924],[-7.8933,41.20603],[-7.89034,41.20244],[-7.88986,41.1987],[-7.88994,41.19576],[-7.88797,41.18909],[-7.88827,41.18792],[-7.8892,41.18782],[-7.89013,41.18671],[-7.89059,41.18449],[-7.89035,41.18276],[-7.89265,41.18082],[-7.89395,41.17918],[-7.89423,41.17798],[-7.89528,41.17727],[-7.89734,41.17463],[-7.89848,41.17458],[-7.89894,41.17286],[-7.89834,41.17125],[-7.89684,41.17104],[-7.89542,41.16833],[-7.89789,41.16819],[-7.89712,41.16706],[-7.89413,41.16536],[-7.8937,41.16397],[-7.89228,41.16421],[-7.88956,41.16294],[-7.89186,41.16144],[-7.89314,41.16123],[-7.89284,41.15952],[-7.89672,41.15818],[-7.8977,41.15858],[-7.89855,41.15695],[-7.90052,41.15581],[-7.90202,41.15607],[-7.9037,41.15474],[-7.90251,41.15348],[-7.9006,41.15238],[-7.90036,41.15076],[-7.90182,41.14923],[-7.90119,41.14727],[-7.90327,41.14583],[-7.90502,41.14512],[-7.90865,41.14275],[-7.91055,41.14048],[-7.91154,41.13977],[-7.9136,41.13496],[-7.91244,41.13301],[-7.91233,41.13082],[-7.91315,41.12965],[-7.9115,41.127],[-7.91242,41.12418],[-7.91171,41.12261],[-7.91186,41.11989],[-7.90892,41.11953],[-7.90563,41.11873],[-7.90134,41.11941],[-7.89979,41.1205],[-7.89758,41.11998],[-7.89434,41.12173],[-7.89213,41.12017],[-7.8891,41.12102],[-7.88602,41.11936],[-7.87626,41.11595],[-7.87489,41.11517],[-7.8742,41.11379],[-7.87132,41.11077],[-7.87078,41.10977],[-7.8694,41.1091],[-7.86031,41.10273],[-7.85981,41.10539],[-7.85479,41.10865],[-7.8507,41.11111],[-7.85035,41.11271],[-7.85164,41.11675],[-7.85214,41.1172],[-7.85301,41.11975],[-7.84703,41.12364],[-7.84613,41.12563],[-7.84442,41.12645],[-7.84327,41.12856],[-7.8392,41.12936],[-7.83833,41.12927],[-7.83656,41.13028],[-7.8356,41.12759],[-7.83396,41.12879],[-7.83071,41.1292],[-7.82839,41.12859],[-7.82773,41.12693],[-7.82942,41.12486],[-7.8275,41.12383],[-7.82843,41.12324],[-7.82877,41.1217],[-7.8299,41.12112],[-7.82653,41.11976],[-7.8237,41.11626],[-7.82515,41.11598],[-7.82545,41.11517],[-7.82435,41.11273],[-7.82511,41.11151],[-7.82594,41.109],[-7.82726,41.10822],[-7.82895,41.10899],[-7.82992,41.10751],[-7.83219,41.10881],[-7.83534,41.10997],[-7.83609,41.11137],[-7.83744,41.11126],[-7.83858,41.10993],[-7.84015,41.10965],[-7.83944,41.10858],[-7.84194,41.10812],[-7.84569,41.10508],[-7.8465,41.09805],[-7.84465,41.09553],[-7.84121,41.09199],[-7.84015,41.09062],[-7.83644,41.08698],[-7.83796,41.08565],[-7.83647,41.08345],[-7.8352,41.08331],[-7.83264,41.08556],[-7.83184,41.08701],[-7.82983,41.08715],[-7.82674,41.08903],[-7.82527,41.08941],[-7.82455,41.08896],[-7.82269,41.08897],[-7.82044,41.09045],[-7.81867,41.08964],[-7.81697,41.08976],[-7.81583,41.08852],[-7.81443,41.08932],[-7.81294,41.08815],[-7.81019,41.08768],[-7.80942,41.08829],[-7.80756,41.0883],[-7.80838,41.08634],[-7.81159,41.08249],[-7.81209,41.0814],[-7.8142,41.08057],[-7.81609,41.08049],[-7.81742,41.07794],[-7.81667,41.07646],[-7.81322,41.07527],[-7.8132,41.07411],[-7.81122,41.07417],[-7.81028,41.07579],[-7.80733,41.07796],[-7.80412,41.07884],[-7.80285,41.07975],[-7.80117,41.07885],[-7.79938,41.07928],[-7.79673,41.07898],[-7.79594,41.07836],[-7.79284,41.07785],[-7.79073,41.07788],[-7.78967,41.07959],[-7.78699,41.07798],[-7.78623,41.07643],[-7.78468,41.07603]],[[-7.30382,41.30452],[-7.29991,41.30534],[-7.29228,41.30578],[-7.29428,41.30255],[-7.29817,41.29842],[-7.28985,41.29523],[-7.28652,41.29239],[-7.28531,41.29077],[-7.28238,41.29178],[-7.27724,41.29384],[-7.27352,41.29509],[-7.27083,41.29545],[-7.26817,41.29429],[-7.26586,41.29292],[-7.25828,41.29094],[-7.25546,41.29106],[-7.25112,41.29175],[-7.24734,41.29311],[-7.24344,41.29313],[-7.2379,41.2923],[-7.23541,41.29315],[-7.22295,41.2946],[-7.21303,41.29468],[-7.21486,41.29787],[-7.21433,41.3007],[-7.21355,41.30651],[-7.21296,41.30811],[-7.21276,41.3105],[-7.21211,41.31093],[-7.21135,41.31382],[-7.20819,41.31906],[-7.20451,41.32015],[-7.19865,41.32242],[-7.19174,41.32457],[-7.18861,41.32585],[-7.18502,41.32698],[-7.18194,41.32824],[-7.17965,41.32957],[-7.1775,41.32963],[-7.17555,41.32931],[-7.17067,41.32898],[-7.16568,41.32831],[-7.16535,41.32773],[-7.16976,41.32092],[-7.17105,41.31857],[-7.17199,41.31373],[-7.17428,41.30987],[-7.1741,41.30808],[-7.17563,41.30228],[-7.17642,41.29732],[-7.17749,41.29341],[-7.17979,41.28637],[-7.18088,41.28572],[-7.1832,41.28241],[-7.18488,41.28079],[-7.18685,41.27737],[-7.18884,41.27495],[-7.19139,41.27534],[-7.19215,41.27413],[-7.19117,41.27306],[-7.19174,41.27217],[-7.19352,41.27306],[-7.19495,41.2733],[-7.19614,41.26888],[-7.19656,41.26564],[-7.19532,41.26529],[-7.19572,41.26428],[-7.19731,41.26307],[-7.19821,41.2612],[-7.19637,41.26097],[-7.19751,41.25924],[-7.19617,41.25743],[-7.19453,41.25876],[-7.19327,41.25806],[-7.19527,41.25479],[-7.18994,41.25345],[-7.18384,41.25139],[-7.17868,41.24946],[-7.17544,41.24869],[-7.1738,41.24959],[-7.17397,41.25084],[-7.17634,41.25172],[-7.17514,41.25345],[-7.17324,41.25286],[-7.17086,41.25266],[-7.17131,41.25195],[-7.17006,41.25124],[-7.16852,41.25302],[-7.16473,41.25541],[-7.16291,41.254],[-7.16119,41.25342],[-7.15927,41.2521],[-7.15877,41.25119],[-7.15757,41.25096],[-7.15752,41.24928],[-7.15829,41.24859],[-7.15812,41.24739],[-7.1568,41.24581],[-7.15686,41.24466],[-7.15803,41.24217],[-7.15397,41.24001],[-7.14937,41.23409],[-7.14624,41.23229],[-7.14915,41.22075],[-7.14985,41.21975],[-7.15748,41.2106],[-7.15802,41.2098],[-7.16228,41.20559],[-7.16349,41.20413],[-7.1671,41.20236],[-7.16957,41.20044],[-7.17629,41.201],[-7.17772,41.20147],[-7.17973,41.20022],[-7.18181,41.20123],[-7.18527,41.20168],[-7.18654,41.20144],[-7.1889,41.20254],[-7.19081,41.20381],[-7.19686,41.207],[-7.20011,41.20752],[-7.20195,41.20822],[-7.20175,41.21032],[-7.20208,41.21321],[-7.20039,41.21584],[-7.20141,41.21653],[-7.20025,41.21826],[-7.20048,41.21934],[-7.19994,41.22068],[-7.19787,41.22436],[-7.19675,41.22771],[-7.19656,41.22979],[-7.19488,41.23181],[-7.19609,41.23289],[-7.19832,41.23425],[-7.20156,41.23428],[-7.20428,41.23457],[-7.20672,41.23392],[-7.21072,41.23226],[-7.2125,41.23123],[-7.2137,41.22991],[-7.21707,41.22846],[-7.21837,41.22817],[-7.22067,41.22832],[-7.22608,41.22797],[-7.22813,41.22858],[-7.23093,41.23014],[-7.23233,41.22828],[-7.23173,41.22678],[-7.23138,41.22449],[-7.23222,41.22377],[-7.23405,41.22326],[-7.23597,41.22037],[-7.23693,41.21949],[-7.2388,41.2168],[-7.2401,41.21541],[-7.24009,41.21368],[-7.2396,41.21258],[-7.24071,41.21105],[-7.24041,41.21016],[-7.24168,41.20919],[-7.24175,41.208],[-7.24251,41.20745],[-7.24122,41.20613],[-7.24231,41.20496],[-7.24329,41.20582],[-7.24688,41.20715],[-7.24884,41.20722],[-7.24989,41.20826],[-7.25167,41.21123],[-7.25886,41.21003],[-7.26437,41.20966],[-7.26508,41.21072],[-7.26727,41.2115],[-7.27081,41.2148],[-7.2771,41.22026],[-7.27961,41.2233],[-7.28263,41.22663],[-7.28195,41.23362],[-7.29406,41.23601],[-7.29406,41.23872],[-7.28987,41.24068],[-7.29364,41.24221],[-7.29456,41.2436],[-7.29236,41.24519],[-7.29116,41.2457],[-7.29281,41.24678],[-7.29245,41.24853],[-7.29137,41.24966],[-7.29259,41.25039],[-7.29146,41.25179],[-7.28806,41.25292],[-7.28724,41.25406],[-7.28782,41.25484],[-7.28663,41.26049],[-7.28514,41.25994],[-7.28458,41.25914],[-7.2819,41.25851],[-7.2796,41.26118],[-7.28325,41.26415],[-7.28548,41.26535],[-7.28644,41.26552],[-7.28709,41.26677],[-7.28946,41.26656],[-7.29375,41.26691],[-7.2969,41.26598],[-7.3001,41.26843],[-7.30679,41.26022],[-7.31005,41.257],[-7.31043,41.25577],[-7.30958,41.25516],[-7.31065,41.25286],[-7.31037,41.25151],[-7.31222,41.24978],[-7.31272,41.24823],[-7.31592,41.24463],[-7.31832,41.24398],[-7.31919,41.24303],[-7.3191,41.24153],[-7.32032,41.24007],[-7.31999,41.23888],[-7.31538,41.23759],[-7.31509,41.23621],[-7.31405,41.23457],[-7.31684,41.23308],[-7.31378,41.23152],[-7.31213,41.23112],[-7.30875,41.22954],[-7.30833,41.22809],[-7.30551,41.22591],[-7.30169,41.22583],[-7.29933,41.22549],[-7.29808,41.22293],[-7.29763,41.2205],[-7.29777,41.21911],[-7.29899,41.21744],[-7.29929,41.21419],[-7.30134,41.21156],[-7.30338,41.21039],[-7.3057,41.20719],[-7.3048,41.2048],[-7.30637,41.20464],[-7.30794,41.20381],[-7.31033,41.20175],[-7.3106,41.20119],[-7.31534,41.19643],[-7.31761,41.19355],[-7.31841,41.19189],[-7.3195,41.19131],[-7.32093,41.1881],[-7.32283,41.18522],[-7.32304,41.1838],[-7.3246,41.18339],[-7.32585,41.17891],[-7.32662,41.17821],[-7.32792,41.17565],[-7.32913,41.17451],[-7.33217,41.17592],[-7.33265,41.1766],[-7.33579,41.17848],[-7.3353,41.17974],[-7.33699,41.1837],[-7.33731,41.1857],[-7.33644,41.19092],[-7.33684,41.19269],[-7.33902,41.19664],[-7.33921,41.1983],[-7.33819,41.19928],[-7.33862,41.19999],[-7.33804,41.20124],[-7.33905,41.20506],[-7.34046,41.21356],[-7.33857,41.2168],[-7.33765,41.21985],[-7.33733,41.22287],[-7.33819,41.22516],[-7.34035,41.22743],[-7.33946,41.23112],[-7.33681,41.23961],[-7.3324,41.24374],[-7.33375,41.24434],[-7.34451,41.25207],[-7.34479,41.26058],[-7.34334,41.26368],[-7.34443,41.2697],[-7.34345,41.27045],[-7.34263,41.27265],[-7.34227,41.27459],[-7.34095,41.27568],[-7.33738,41.27618],[-7.33608,41.2797],[-7.33301,41.28322],[-7.33208,41.28468],[-7.32848,41.28514],[-7.32705,41.28612],[-7.32333,41.288],[-7.31775,41.29049],[-7.31695,41.29249],[-7.31705,41.29334],[-7.31849,41.29429],[-7.31272,41.30031],[-7.31134,41.30075],[-7.31059,41.30275],[-7.30936,41.30338],[-7.30809,41.30547],[-7.30382,41.30452]]],[[[-7.13523,41.49834],[-7.13097,41.49976],[-7.12954,41.49974],[-7.12803,41.50043],[-7.1258,41.50033],[-7.12483,41.50204],[-7.12318,41.50277],[-7.12245,41.50124],[-7.12149,41.50086],[-7.12028,41.50166],[-7.11728,41.5023],[-7.11551,41.50366],[-7.11253,41.50354],[-7.11248,41.50475],[-7.11386,41.50727],[-7.11385,41.50868],[-7.11187,41.5104],[-7.11131,41.51274],[-7.11419,41.51553],[-7.11342,41.51674],[-7.11224,41.51669],[-7.11079,41.51539],[-7.11049,41.5143],[-7.10943,41.51387],[-7.10547,41.51401],[-7.10242,41.51489],[-7.10034,41.51403],[-7.09919,41.51398],[-7.09739,41.513],[-7.09454,41.51341],[-7.09358,41.51224],[-7.09041,41.5113],[-7.0891,41.51017],[-7.08528,41.51029],[-7.0799,41.51021],[-7.07216,41.50914],[-7.06933,41.50831],[-7.0679,41.50752],[-7.06591,41.50947],[-7.05592,41.52009],[-7.05319,41.52414],[-7.05193,41.52682],[-7.05035,41.52832],[-7.04698,41.53214],[-7.03911,41.53784],[-7.03925,41.54249],[-7.04364,41.54675],[-7.04535,41.54768],[-7.04577,41.54844],[-7.0445,41.54935],[-7.04225,41.55162],[-7.04208,41.55525],[-7.04318,41.55371],[-7.04462,41.55288],[-7.0478,41.55306],[-7.05195,41.55527],[-7.05659,41.55432],[-7.05849,41.55512],[-7.06098,41.55469],[-7.0627,41.55507],[-7.06304,41.55358],[-7.06423,41.55229],[-7.06253,41.55128],[-7.06481,41.55036],[-7.06666,41.55089],[-7.06865,41.55224],[-7.07245,41.55202],[-7.07485,41.5524],[-7.07782,41.55414],[-7.07889,41.5553],[-7.08171,41.55637],[-7.08683,41.55715],[-7.08936,41.55732],[-7.09374,41.55727],[-7.10395,41.55685],[-7.10347,41.55468],[-7.10347,41.55274],[-7.10491,41.54951],[-7.10887,41.54577],[-7.1176,41.54393],[-7.12023,41.54311],[-7.12182,41.54229],[-7.12696,41.53888],[-7.12949,41.53658],[-7.13138,41.5345],[-7.13559,41.53079],[-7.13902,41.52829],[-7.14327,41.5282],[-7.14803,41.52837],[-7.15038,41.52909],[-7.15436,41.53073],[-7.15852,41.53268],[-7.16065,41.53396],[-7.16266,41.53553],[-7.16783,41.53844],[-7.16973,41.53988],[-7.17249,41.54134],[-7.17285,41.54019],[-7.17442,41.53838],[-7.17907,41.53752],[-7.18113,41.53752],[-7.18244,41.53691],[-7.18364,41.53491],[-7.18454,41.53265],[-7.18685,41.52947],[-7.18868,41.52642],[-7.19153,41.52447],[-7.19235,41.5227],[-7.19017,41.52064],[-7.19041,41.51943],[-7.19559,41.51471],[-7.19609,41.51248],[-7.19749,41.50864],[-7.19687,41.50676],[-7.19496,41.50485],[-7.19347,41.50385],[-7.18885,41.50191],[-7.18612,41.50006],[-7.18377,41.49783],[-7.18153,41.49634],[-7.17999,41.49732],[-7.17727,41.49854],[-7.17674,41.49981],[-7.17719,41.50072],[-7.17641,41.50287],[-7.17565,41.50398],[-7.17423,41.50483],[-7.17354,41.50614],[-7.17139,41.50576],[-7.17043,41.5046],[-7.16824,41.5028],[-7.16761,41.50269],[-7.16015,41.50381],[-7.15912,41.5042],[-7.15598,41.5042],[-7.14723,41.50463],[-7.14502,41.50599],[-7.14203,41.50498],[-7.14139,41.50359],[-7.13887,41.50348],[-7.13442,41.50084],[-7.13523,41.49834]]]]},"properties":{"idApp":923002,"aopId":"douro","name":"Douro","nameJa":"ドウロ","kind":"regional","tags":[],"rank":0},"bbox":[-7.9136,40.92284,-6.74921,41.55732]},{"type":"Feature","geometry":{"type":"MultiPolygon","coordinates":[[[[-7.78468,41.07603],[-7.78462,41.07372],[-7.78343,41.0724],[-7.78188,41.07174],[-7.78248,41.07067],[-7.78155,41.06905],[-7.77815,41.06812],[-7.77709,41.0665],[-7.77588,41.06664],[-7.77337,41.06534],[-7.77117,41.06486],[-7.76951,41.06401],[-7.76597,41.06519],[-7.76449,41.06642],[-7.76199,41.0674],[-7.75941,41.06946],[-7.7549,41.06845],[-7.75474,41.06909],[-7.75033,41.07157],[-7.75043,41.07287],[-7.75253,41.07293],[-7.75354,41.07437],[-7.75536,41.0741],[-7.75559,41.07542],[-7.75497,41.0795],[-7.75591,41.07987],[-7.7565,41.08154],[-7.75584,41.08237],[-7.75613,41.08473],[-7.75687,41.08661],[-7.75677,41.0882],[-7.7561,41.08991],[-7.75767,41.09151],[-7.75776,41.09232],[-7.75211,41.0941],[-7.75149,41.09593],[-7.74965,41.09636],[-7.74878,41.09773],[-7.74747,41.09815],[-7.74716,41.09989],[-7.74636,41.10097],[-7.74659,41.10208],[-7.74551,41.10383],[-7.744,41.10539],[-7.74273,41.10463],[-7.74219,41.10369],[-7.73866,41.10256],[-7.73813,41.10189],[-7.73677,41.10432],[-7.73437,41.10482],[-7.73242,41.10575],[-7.73134,41.1068],[-7.72842,41.10839],[-7.7271,41.10981],[-7.72627,41.1098],[-7.72531,41.10805],[-7.72517,41.10525],[-7.72569,41.1047],[-7.72537,41.10341],[-7.72658,41.09976],[-7.72361,41.09564],[-7.72149,41.08904],[-7.72123,41.09248],[-7.72025,41.09392],[-7.71652,41.09411],[-7.71467,41.09488],[-7.71319,41.09502],[-7.71214,41.09597],[-7.71035,41.09534],[-7.70763,41.09532],[-7.70718,41.09653],[-7.70542,41.09669],[-7.7007,41.09758],[-7.69754,41.09677],[-7.69578,41.09675],[-7.69502,41.09608],[-7.69479,41.09453],[-7.69544,41.09277],[-7.69506,41.09147],[-7.69806,41.08797],[-7.69757,41.08597],[-7.69794,41.08422],[-7.69714,41.08353],[-7.69416,41.08391],[-7.69275,41.08485],[-7.69248,41.08635],[-7.68927,41.08734],[-7.6856,41.08658],[-7.68367,41.08565],[-7.68218,41.08541],[-7.68154,41.08431],[-7.67894,41.08504],[-7.67598,41.08484],[-7.67189,41.08657],[-7.67032,41.08633],[-7.66722,41.08694],[-7.66781,41.08836],[-7.66866,41.09237],[-7.66832,41.09347],[-7.66881,41.09681],[-7.66941,41.09822],[-7.6705,41.09955],[-7.66863,41.10154],[-7.66869,41.10244],[-7.66588,41.10548],[-7.66356,41.10625],[-7.65922,41.10519],[-7.6565,41.10568],[-7.65436,41.10648],[-7.65304,41.10552],[-7.64875,41.10384],[-7.64705,41.10339],[-7.64555,41.10232],[-7.63765,41.10366],[-7.63116,41.10587],[-7.62718,41.10597],[-7.62705,41.10291],[-7.62214,41.10301],[-7.62083,41.10272],[-7.61952,41.10516],[-7.62215,41.10544],[-7.62081,41.10674],[-7.62223,41.11197],[-7.62221,41.11471],[-7.62074,41.11574],[-7.61474,41.11453],[-7.61274,41.11471],[-7.61181,41.114],[-7.60728,41.11337],[-7.60179,41.11054],[-7.59941,41.10973],[-7.59525,41.10889],[-7.5986,41.10092],[-7.59078,41.10453],[-7.57956,41.10303],[-7.57613,41.10272],[-7.57295,41.10202],[-7.5685,41.10157],[-7.56469,41.10139],[-7.55945,41.10045],[-7.55452,41.09788],[-7.54599,41.0958],[-7.54594,41.09145],[-7.54798,41.0886],[-7.54891,41.08627],[-7.54736,41.08332],[-7.54675,41.08107],[-7.54836,41.08007],[-7.54918,41.07825],[-7.54942,41.07358],[-7.55069,41.07179],[-7.55136,41.07173],[-7.55149,41.06968],[-7.55084,41.06865],[-7.55271,41.06619],[-7.55374,41.06597],[-7.55284,41.06581],[-7.55533,41.05822],[-7.55608,41.0564],[-7.556,41.05278],[-7.55646,41.05083],[-7.55602,41.04887],[-7.55617,41.04737],[-7.55894,41.04501],[-7.55877,41.04303],[-7.55968,41.0414],[-7.56063,41.03853],[-7.56432,41.03132],[-7.56525,41.02858],[-7.55833,41.02269],[-7.5558,41.01995],[-7.55347,41.0219],[-7.55222,41.02137],[-7.54587,41.01463],[-7.53905,41.01001],[-7.5374,41.00862],[-7.53326,41.00589],[-7.53223,41.00633],[-7.53099,41.0057],[-7.53006,41.00808],[-7.52714,41.01325],[-7.52668,41.01457],[-7.52477,41.01606],[-7.52354,41.01656],[-7.52211,41.01885],[-7.52043,41.02066],[-7.51866,41.02067],[-7.51511,41.02118],[-7.51337,41.0217],[-7.51201,41.02263],[-7.5089,41.02659],[-7.50818,41.02886],[-7.50824,41.02992],[-7.50705,41.03179],[-7.50754,41.03232],[-7.51075,41.03162],[-7.51302,41.03274],[-7.51146,41.03499],[-7.50864,41.03765],[-7.50628,41.03919],[-7.50413,41.03993],[-7.50348,41.04069],[-7.50376,41.0423],[-7.50456,41.04385],[-7.5045,41.04608],[-7.50133,41.04458],[-7.50061,41.04385],[-7.49808,41.04547],[-7.4964,41.04719],[-7.48466,41.0417],[-7.47725,41.04094],[-7.46962,41.04036],[-7.45801,41.04071],[-7.45078,41.04042],[-7.44997,41.04409],[-7.44879,41.04797],[-7.44598,41.05239],[-7.44509,41.05302],[-7.44258,41.0564],[-7.43837,41.05977],[-7.43677,41.06081],[-7.42709,41.06018],[-7.42202,41.06026],[-7.41702,41.06155],[-7.41448,41.061],[-7.41016,41.06052],[-7.40743,41.06253],[-7.40834,41.06318],[-7.40856,41.06435],[-7.40789,41.06552],[-7.4089,41.06634],[-7.40776,41.06815],[-7.40615,41.06974],[-7.40393,41.06992],[-7.40287,41.06928],[-7.39839,41.06805],[-7.39587,41.06758],[-7.39503,41.06603],[-7.39319,41.06597],[-7.39174,41.06543],[-7.38918,41.06526],[-7.38691,41.06551],[-7.3857,41.06665],[-7.38352,41.06731],[-7.3818,41.06712],[-7.3802,41.06785],[-7.37874,41.06594],[-7.37955,41.0638],[-7.37963,41.06242],[-7.37787,41.06205],[-7.37793,41.06315],[-7.37533,41.06412],[-7.37419,41.06367],[-7.37443,41.0623],[-7.37734,41.06068],[-7.37749,41.05967],[-7.37886,41.05843],[-7.37701,41.05744],[-7.377,41.05591],[-7.37419,41.05615],[-7.37203,41.05525],[-7.37184,41.05402],[-7.37059,41.05415],[-7.36889,41.05616],[-7.36655,41.0563],[-7.36601,41.0553],[-7.3645,41.05406],[-7.36309,41.05359],[-7.35965,41.05566],[-7.35846,41.05598],[-7.35486,41.055],[-7.35346,41.05553],[-7.35219,41.05709],[-7.35031,41.05703],[-7.34883,41.05535],[-7.34721,41.05473],[-7.34491,41.05571],[-7.34278,41.05751],[-7.34297,41.05488],[-7.34419,41.05193],[-7.34517,41.04743],[-7.34571,41.04641],[-7.34369,41.04609],[-7.34217,41.04498],[-7.3403,41.04437],[-7.34096,41.0433],[-7.34396,41.04091],[-7.34358,41.03888],[-7.34399,41.03741],[-7.34242,41.03685],[-7.34192,41.03574],[-7.34005,41.03526],[-7.33828,41.0341],[-7.34031,41.03142],[-7.3384,41.03067],[-7.33758,41.02918],[-7.34133,41.02841],[-7.34008,41.02759],[-7.33986,41.02618],[-7.33803,41.02721],[-7.33716,41.02712],[-7.33617,41.02535],[-7.33344,41.0246],[-7.33351,41.02347],[-7.33303,41.0227],[-7.33132,41.02177],[-7.32886,41.02125],[-7.32642,41.01973],[-7.32333,41.01858],[-7.32248,41.01748],[-7.32103,41.01695],[-7.31692,41.01643],[-7.31178,41.01612],[-7.30868,41.01536],[-7.30651,41.01511],[-7.30384,41.01529],[-7.30284,41.01589],[-7.29981,41.01559],[-7.29609,41.01589],[-7.2977,41.01305],[-7.29774,41.01006],[-7.29736,41.00899],[-7.29929,41.00756],[-7.30267,41.00549],[-7.30326,41.00392],[-7.30099,41.00464],[-7.2983,41.00331],[-7.29562,41.00294],[-7.29471,41.00245],[-7.29546,41.00106],[-7.2948,40.9999],[-7.29525,40.99909],[-7.29849,40.99584],[-7.30026,40.99506],[-7.30035,40.99373],[-7.30229,40.99144],[-7.30246,40.98519],[-7.30346,40.9838],[-7.30153,40.98262],[-7.30169,40.98175],[-7.30432,40.98111],[-7.30508,40.98052],[-7.30544,40.97872],[-7.3064,40.9773],[-7.30537,40.97622],[-7.30587,40.97556],[-7.30787,40.97508],[-7.3106,40.97242],[-7.31026,40.97081],[-7.31128,40.96974],[-7.3131,40.96918],[-7.31226,40.96802],[-7.31262,40.96697],[-7.31129,40.96669],[-7.31109,40.96508],[-7.31386,40.96346],[-7.31406,40.96237],[-7.31567,40.9623],[-7.31781,40.96139],[-7.31771,40.96024],[-7.31663,40.95941],[-7.318,40.95759],[-7.31794,40.95638],[-7.31921,40.95532],[-7.31969,40.95221],[-7.31841,40.95139],[-7.31531,40.9528],[-7.31406,40.95112],[-7.31426,40.9477],[-7.31208,40.94323],[-7.3121,40.94034],[-7.30903,40.9391],[-7.30666,40.94002],[-7.30621,40.94069],[-7.30295,40.93878],[-7.30244,40.93748],[-7.30089,40.93676],[-7.29952,40.93543],[-7.29795,40.93586],[-7.29631,40.9379],[-7.29565,40.9392],[-7.29241,40.93779],[-7.29165,40.9355],[-7.29041,40.93558],[-7.28941,40.93633],[-7.28705,40.93618],[-7.28315,40.93719],[-7.28105,40.93694],[-7.28039,40.93836],[-7.27946,40.93915],[-7.27628,40.93934],[-7.2755,40.93983],[-7.27344,40.93914],[-7.27116,40.93981],[-7.26813,40.94163],[-7.26662,40.94164],[-7.26511,40.9409],[-7.26201,40.94112],[-7.26065,40.94067],[-7.25987,40.9394],[-7.2572,40.93838],[-7.25658,40.93781],[-7.25478,40.93826],[-7.25316,40.93787],[-7.25332,40.93603],[-7.25402,40.93557],[-7.25467,40.93326],[-7.25303,40.93383],[-7.24909,40.93262],[-7.2484,40.93079],[-7.24924,40.92918],[-7.24721,40.92733],[-7.24752,40.92595],[-7.2461,40.92595],[-7.24558,40.92617],[-7.24435,40.92859],[-7.2443,40.92957],[-7.23966,40.9314],[-7.23849,40.93134],[-7.23708,40.93267],[-7.23616,40.93434],[-7.23459,40.93462],[-7.23396,40.93546],[-7.23403,40.93799],[-7.23318,40.94073],[-7.23189,40.94049],[-7.23057,40.94116],[-7.22767,40.94051],[-7.22598,40.9407],[-7.22583,40.93891],[-7.22391,40.93603],[-7.22371,40.9338],[-7.22216,40.93241],[-7.2206,40.9327],[-7.21751,40.93276],[-7.21632,40.93177],[-7.21498,40.93143],[-7.21272,40.92973],[-7.21278,40.92845],[-7.21156,40.92708],[-7.20698,40.92578],[-7.20745,40.92692],[-7.20626,40.92875],[-7.20613,40.93061],[-7.20433,40.93021],[-7.20286,40.93113],[-7.20162,40.93074],[-7.19854,40.93192],[-7.19886,40.93049],[-7.1978,40.92868],[-7.19786,40.92783],[-7.19545,40.92573],[-7.19334,40.92825],[-7.19195,40.92882],[-7.18946,40.93146],[-7.18529,40.93197],[-7.1845,40.93277],[-7.18171,40.93455],[-7.16991,40.93116],[-7.15972,40.93233],[-7.156,40.93067],[-7.15182,40.92949],[-7.14858,40.92825],[-7.14663,40.92776],[-7.14541,40.92801],[-7.1434,40.92628],[-7.14244,40.9237],[-7.14178,40.92298],[-7.13993,40.92341],[-7.13905,40.92285],[-7.1357,40.92316],[-7.13365,40.92853],[-7.13285,40.93018],[-7.1325,40.93248],[-7.13255,40.93707],[-7.13184,40.93985],[-7.13149,40.9437],[-7.12756,40.94469],[-7.12683,40.9474],[-7.12572,40.94843],[-7.12485,40.9501],[-7.12459,40.95167],[-7.12371,40.95212],[-7.12027,40.95216],[-7.11949,40.95438],[-7.11799,40.95584],[-7.11522,40.95799],[-7.11293,40.95907],[-7.1121,40.9622],[-7.10978,40.96336],[-7.10742,40.9626],[-7.10603,40.96357],[-7.10588,40.9647],[-7.10446,40.96589],[-7.10277,40.97068],[-7.10171,40.97121],[-7.1026,40.97305],[-7.1007,40.97333],[-7.08331,40.97358],[-7.08053,40.97305],[-7.06942,40.97012],[-7.0593,40.96727],[-7.05778,40.96713],[-7.04591,40.96749],[-7.03745,40.9701],[-7.03441,40.97157],[-7.03389,40.97236],[-7.03227,40.9732],[-7.02443,40.97452],[-7.01978,40.97483],[-7.01775,40.9758],[-7.00238,40.98033],[-6.99735,40.9822],[-6.99644,40.98334],[-6.99625,40.98138],[-6.99542,40.97973],[-6.99586,40.97854],[-6.99458,40.97627],[-6.99349,40.97337],[-6.99115,40.97369],[-6.9906,40.97265],[-6.99165,40.97201],[-6.99141,40.96941],[-6.99028,40.96861],[-6.98889,40.96848],[-6.98763,40.96923],[-6.98527,40.96914],[-6.98337,40.96815],[-6.98318,40.96751],[-6.98507,40.96409],[-6.98228,40.96138],[-6.98331,40.95941],[-6.98072,40.95762],[-6.97962,40.95807],[-6.97812,40.95677],[-6.97829,40.95604],[-6.97675,40.95507],[-6.9756,40.95357],[-6.9742,40.95344],[-6.9741,40.95215],[-6.97332,40.95111],[-6.97045,40.94858],[-6.97006,40.94743],[-6.96766,40.94442],[-6.96626,40.94321],[-6.96356,40.94328],[-6.96177,40.943],[-6.96045,40.94375],[-6.95909,40.94362],[-6.95733,40.94218],[-6.95734,40.94066],[-6.95621,40.93905],[-6.95489,40.93824],[-6.95349,40.93665],[-6.9536,40.93501],[-6.95274,40.93379],[-6.95046,40.93339],[-6.94879,40.93216],[-6.94746,40.93254],[-6.94569,40.9321],[-6.94463,40.92972],[-6.94595,40.92636],[-6.94525,40.92491],[-6.9429,40.92481],[-6.94148,40.92432],[-6.93961,40.92446],[-6.93767,40.92317],[-6.93503,40.92284],[-6.9246,40.9233],[-6.91963,40.92399],[-6.91132,40.92535],[-6.89982,40.92837],[-6.89033,40.93105],[-6.88953,40.93165],[-6.88744,40.93417],[-6.88681,40.93583],[-6.88708,40.93649],[-6.88289,40.94394],[-6.87906,40.95004],[-6.87072,40.95881],[-6.87537,40.9605],[-6.87642,40.96123],[-6.87848,40.96435],[-6.88431,40.96909],[-6.88712,40.97183],[-6.89121,40.97815],[-6.89201,40.98154],[-6.89823,40.98506],[-6.90385,40.98941],[-6.90454,40.99031],[-6.90502,40.99348],[-6.9077,40.99689],[-6.90859,40.999],[-6.91031,40.99984],[-6.91825,41.00152],[-6.92158,41.00339],[-6.92243,41.00496],[-6.92439,41.01152],[-6.92568,41.01258],[-6.92975,41.01485],[-6.93062,41.01577],[-6.93137,41.01775],[-6.931,41.02043],[-6.92938,41.02596],[-6.92945,41.02795],[-6.9299,41.02947],[-6.9301,41.03012],[-6.92355,41.03331],[-6.91884,41.03759],[-6.91595,41.03891],[-6.91188,41.03866],[-6.90851,41.0378],[-6.90254,41.03466],[-6.89522,41.03348],[-6.88896,41.03125],[-6.88213,41.02968],[-6.87766,41.02823],[-6.87011,41.02777],[-6.86597,41.02689],[-6.85997,41.02786],[-6.85306,41.02702],[-6.83606,41.02829],[-6.83292,41.02911],[-6.82796,41.03109],[-6.82243,41.03184],[-6.81462,41.03526],[-6.81254,41.0359],[-6.80838,41.03653],[-6.80768,41.03732],[-6.80732,41.03987],[-6.80949,41.04275],[-6.80841,41.04483],[-6.80447,41.04708],[-6.80181,41.04796],[-6.79679,41.05233],[-6.79044,41.05679],[-6.78814,41.06032],[-6.7869,41.0633],[-6.78635,41.06385],[-6.78388,41.0648],[-6.78095,41.06647],[-6.77989,41.06754],[-6.77953,41.07066],[-6.77898,41.07165],[-6.77336,41.07475],[-6.77245,41.07682],[-6.77363,41.0786],[-6.77396,41.08027],[-6.77194,41.08467],[-6.77091,41.08614],[-6.7693,41.08761],[-6.76395,41.09085],[-6.76261,41.09466],[-6.76061,41.09667],[-6.75725,41.09803],[-6.75493,41.10093],[-6.75382,41.10333],[-6.75454,41.10474],[-6.7577,41.1072],[-6.75845,41.10813],[-6.7618,41.11501],[-6.77035,41.12449],[-6.7704,41.13082],[-6.76789,41.13351],[-6.76743,41.13525],[-6.7621,41.13735],[-6.75916,41.13905],[-6.75636,41.13993],[-6.75306,41.14028],[-6.75195,41.1408],[-6.74921,41.1429],[-6.75568,41.14489],[-6.76042,41.14496],[-6.76112,41.14336],[-6.76361,41.14256],[-6.7658,41.14298],[-6.76903,41.14451],[-6.76865,41.14551],[-6.76926,41.14667],[-6.76897,41.14805],[-6.76799,41.14908],[-6.76643,41.15354],[-6.76555,41.15443],[-6.76458,41.15869],[-6.76437,41.16136],[-6.7637,41.16211],[-6.76492,41.16319],[-6.76954,41.16348],[-6.77102,41.16483],[-6.77256,41.16439],[-6.77364,41.16564],[-6.77748,41.16749],[-6.7794,41.16673],[-6.78212,41.16867],[-6.78606,41.17045],[-6.78788,41.17037],[-6.79028,41.16963],[-6.79459,41.17306],[-6.79662,41.17396],[-6.80322,41.1752],[-6.80966,41.17741],[-6.80808,41.17394],[-6.80869,41.17327],[-6.80886,41.17133],[-6.80602,41.17029],[-6.80489,41.16877],[-6.80357,41.16541],[-6.80105,41.16357],[-6.80055,41.16133],[-6.80132,41.15948],[-6.80115,41.15816],[-6.80036,41.15659],[-6.79864,41.15541],[-6.79822,41.1541],[-6.80081,41.15201],[-6.80818,41.15057],[-6.80938,41.15056],[-6.80953,41.14401],[-6.81399,41.14218],[-6.81724,41.14157],[-6.81884,41.14182],[-6.8215,41.14286],[-6.82708,41.14273],[-6.83157,41.14147],[-6.83191,41.13904],[-6.83665,41.13795],[-6.84054,41.1355],[-6.84415,41.13383],[-6.84586,41.13355],[-6.84716,41.13227],[-6.84737,41.13081],[-6.84832,41.12957],[-6.8505,41.12839],[-6.85197,41.12663],[-6.85622,41.12671],[-6.85935,41.12653],[-6.86216,41.12712],[-6.86472,41.12729],[-6.86468,41.12625],[-6.86553,41.125],[-6.86793,41.12337],[-6.86916,41.12346],[-6.8705,41.12192],[-6.87207,41.12085],[-6.87355,41.11424],[-6.87863,41.11438],[-6.88212,41.11528],[-6.88327,41.11587],[-6.88669,41.11336],[-6.88786,41.10999],[-6.88777,41.10867],[-6.89035,41.10779],[-6.89231,41.10654],[-6.89662,41.10644],[-6.9001,41.10747],[-6.90159,41.10739],[-6.90484,41.1049],[-6.90818,41.10316],[-6.91005,41.1031],[-6.9128,41.10455],[-6.91555,41.10494],[-6.9187,41.10606],[-6.92246,41.10607],[-6.92485,41.10533],[-6.92684,41.10505],[-6.92894,41.10525],[-6.93158,41.10445],[-6.93772,41.10171],[-6.94215,41.1038],[-6.94303,41.10391],[-6.94668,41.10726],[-6.94885,41.10623],[-6.95029,41.10643],[-6.95293,41.10766],[-6.95367,41.1086],[-6.95483,41.10788],[-6.95838,41.10652],[-6.96344,41.10642],[-6.96525,41.10665],[-6.97421,41.1092],[-6.97548,41.1091],[-6.97744,41.11],[-6.98006,41.1107],[-6.98734,41.10695],[-6.98828,41.10561],[-6.98999,41.1044],[-6.99101,41.10272],[-6.99454,41.10405],[-6.99638,41.10392],[-6.99719,41.10469],[-7.00221,41.10495],[-7.00402,41.10562],[-7.00636,41.10764],[-7.00773,41.10801],[-7.00945,41.10714],[-7.01037,41.10796],[-7.00937,41.10953],[-7.00874,41.11187],[-7.01029,41.11223],[-7.00998,41.11371],[-7.01204,41.11264],[-7.01435,41.1134],[-7.01657,41.11211],[-7.01777,41.10994],[-7.01921,41.11076],[-7.02039,41.11011],[-7.02157,41.11043],[-7.02288,41.11234],[-7.0254,41.11247],[-7.02649,41.11155],[-7.02844,41.11364],[-7.03067,41.11419],[-7.03218,41.11815],[-7.03264,41.12118],[-7.03132,41.12213],[-7.02915,41.12498],[-7.02992,41.1272],[-7.028,41.12775],[-7.02659,41.12904],[-7.02632,41.12996],[-7.02408,41.13326],[-7.02159,41.13401],[-7.02093,41.13479],[-7.02158,41.13661],[-7.01946,41.13708],[-7.01764,41.13791],[-7.0154,41.14258],[-7.02049,41.14511],[-7.02883,41.14641],[-7.02987,41.14762],[-7.03437,41.14889],[-7.03638,41.15009],[-7.04584,41.15179],[-7.05026,41.1522],[-7.05153,41.15516],[-7.04766,41.15642],[-7.04535,41.15692],[-7.04008,41.15698],[-7.03671,41.15819],[-7.03647,41.15902],[-7.03798,41.16039],[-7.03928,41.16096],[-7.03959,41.16265],[-7.03851,41.16444],[-7.03613,41.1656],[-7.03344,41.16576],[-7.03038,41.16658],[-7.0267,41.16682],[-7.02393,41.16746],[-7.02114,41.16757],[-7.01809,41.17207],[-7.01794,41.178],[-7.01819,41.17894],[-7.01693,41.1835],[-7.01931,41.18962],[-7.02021,41.18982],[-7.02762,41.1902],[-7.03335,41.19083],[-7.03445,41.18999],[-7.03565,41.18792],[-7.03765,41.189],[-7.03737,41.18994],[-7.04002,41.19117],[-7.04139,41.19098],[-7.04277,41.19252],[-7.04261,41.19356],[-7.04374,41.19629],[-7.04497,41.1974],[-7.04668,41.19772],[-7.04885,41.19902],[-7.05005,41.19917],[-7.05112,41.20069],[-7.05297,41.20071],[-7.05388,41.20136],[-7.05364,41.20238],[-7.05427,41.20324],[-7.05573,41.20337],[-7.0554,41.20446],[-7.05591,41.20568],[-7.05812,41.20661],[-7.05914,41.20802],[-7.05708,41.20905],[-7.05521,41.21073],[-7.05396,41.21563],[-7.05064,41.21726],[-7.04644,41.21794],[-7.04358,41.21802],[-7.04197,41.21766],[-7.0412,41.21697],[-7.03721,41.2153],[-7.03163,41.21388],[-7.02871,41.21441],[-7.02727,41.21436],[-7.02393,41.21838],[-7.02253,41.22137],[-7.01969,41.22342],[-7.01839,41.2235],[-7.01499,41.22514],[-7.01285,41.22828],[-7.01143,41.22969],[-7.00978,41.23073],[-7.00899,41.23218],[-7.00934,41.23483],[-7.00869,41.23717],[-7.00721,41.23868],[-7.00312,41.23863],[-7.00006,41.23921],[-6.99632,41.24212],[-6.99416,41.24248],[-6.99127,41.2418],[-6.98773,41.23947],[-6.98551,41.23911],[-6.98368,41.23928],[-6.9832,41.24352],[-6.98239,41.24396],[-6.98247,41.24589],[-6.98374,41.24711],[-6.98377,41.24903],[-6.98294,41.24989],[-6.98166,41.25007],[-6.98069,41.25101],[-6.97908,41.25137],[-6.97779,41.25233],[-6.97572,41.25244],[-6.97643,41.25354],[-6.97844,41.25483],[-6.9812,41.25522],[-6.98348,41.255],[-6.98483,41.25445],[-6.98634,41.25475],[-6.9985,41.26021],[-6.99919,41.26126],[-7.00209,41.26241],[-7.00922,41.26698],[-7.0092,41.26831],[-7.0161,41.27198],[-7.02113,41.27361],[-7.02267,41.27608],[-7.02701,41.28132],[-7.02844,41.2841],[-7.03019,41.28492],[-7.03422,41.28594],[-7.03514,41.28671],[-7.0375,41.29046],[-7.03874,41.29153],[-7.04426,41.29805],[-7.0469,41.30078],[-7.04784,41.30232],[-7.05026,41.3019],[-7.05134,41.30118],[-7.05366,41.30105],[-7.05525,41.30217],[-7.0568,41.30433],[-7.05916,41.30556],[-7.0626,41.30621],[-7.06445,41.30708],[-7.06605,41.30731],[-7.06683,41.30797],[-7.06955,41.30912],[-7.06922,41.31001],[-7.06614,41.31278],[-7.06412,41.31315],[-7.0625,41.31449],[-7.06062,41.315],[-7.05895,41.31782],[-7.0409,41.33034],[-7.02816,41.33786],[-7.02441,41.3399],[-7.01599,41.34101],[-7.01387,41.34213],[-7.0123,41.34569],[-7.01169,41.35146],[-7.01449,41.35629],[-7.01857,41.36268],[-7.02328,41.36496],[-7.02645,41.36796],[-7.02518,41.36917],[-7.02515,41.36991],[-7.02344,41.37159],[-7.02338,41.37553],[-7.02742,41.37377],[-7.03271,41.37114],[-7.03264,41.37083],[-7.05007,41.37004],[-7.05781,41.36917],[-7.06061,41.36869],[-7.06936,41.36833],[-7.06794,41.36977],[-7.07222,41.36963],[-7.07737,41.3672],[-7.08012,41.36734],[-7.08403,41.36665],[-7.08999,41.36587],[-7.09473,41.36492],[-7.10196,41.36381],[-7.10214,41.36418],[-7.10623,41.36826],[-7.10855,41.37137],[-7.1097,41.37346],[-7.11085,41.37458],[-7.11194,41.37738],[-7.11491,41.38371],[-7.11689,41.38924],[-7.11782,41.39128],[-7.117,41.39325],[-7.11808,41.39511],[-7.11797,41.3968],[-7.11872,41.39867],[-7.11939,41.39928],[-7.11922,41.40089],[-7.1185,41.40247],[-7.11963,41.40378],[-7.11991,41.40541],[-7.12297,41.40665],[-7.12427,41.40668],[-7.12563,41.40603],[-7.12682,41.40738],[-7.1271,41.40905],[-7.1307,41.41062],[-7.13101,41.4125],[-7.12959,41.41396],[-7.12998,41.41669],[-7.132,41.41624],[-7.13235,41.41707],[-7.13126,41.4176],[-7.1321,41.41918],[-7.13317,41.42013],[-7.13319,41.421],[-7.13568,41.42183],[-7.13736,41.41964],[-7.13979,41.41846],[-7.14256,41.41996],[-7.14326,41.42126],[-7.14262,41.42199],[-7.14364,41.42355],[-7.14615,41.4248],[-7.15314,41.42784],[-7.15906,41.42892],[-7.16419,41.42904],[-7.16549,41.42869],[-7.1654,41.42747],[-7.16574,41.42242],[-7.16752,41.41962],[-7.16863,41.41729],[-7.16933,41.41437],[-7.16949,41.41252],[-7.16901,41.4111],[-7.16776,41.40978],[-7.16628,41.40898],[-7.16436,41.40862],[-7.16169,41.40652],[-7.16079,41.40484],[-7.16091,41.40279],[-7.16205,41.40172],[-7.16489,41.39993],[-7.16797,41.39737],[-7.16829,41.39572],[-7.16802,41.3944],[-7.16708,41.39262],[-7.16677,41.39079],[-7.16728,41.38932],[-7.17018,41.38596],[-7.17204,41.38437],[-7.17376,41.38369],[-7.17511,41.38376],[-7.18039,41.38477],[-7.18356,41.38707],[-7.18512,41.38753],[-7.18733,41.38767],[-7.1927,41.3874],[-7.1986,41.38859],[-7.20082,41.38863],[-7.20924,41.3848],[-7.21304,41.38386],[-7.21712,41.38191],[-7.22096,41.38093],[-7.22259,41.38024],[-7.22417,41.37891],[-7.22562,41.37416],[-7.22515,41.37022],[-7.22567,41.36903],[-7.22752,41.36842],[-7.23128,41.36849],[-7.23247,41.36883],[-7.23565,41.3707],[-7.23729,41.37083],[-7.23842,41.37003],[-7.24005,41.36748],[-7.24156,41.36627],[-7.24452,41.36529],[-7.24706,41.36336],[-7.24997,41.36038],[-7.25058,41.35878],[-7.24976,41.35585],[-7.25061,41.35338],[-7.25262,41.35249],[-7.25525,41.35257],[-7.2618,41.35241],[-7.26611,41.35313],[-7.26847,41.35322],[-7.27123,41.35295],[-7.27444,41.35225],[-7.27562,41.35172],[-7.278,41.34895],[-7.27917,41.34691],[-7.28012,41.34638],[-7.28555,41.34647],[-7.28726,41.34587],[-7.28841,41.34431],[-7.28763,41.34325],[-7.28785,41.3419],[-7.2888,41.34051],[-7.29033,41.33931],[-7.2934,41.33768],[-7.29675,41.33473],[-7.29892,41.33374],[-7.30128,41.33427],[-7.30333,41.33586],[-7.30508,41.33679],[-7.31076,41.33738],[-7.3147,41.33839],[-7.31508,41.33976],[-7.31417,41.34145],[-7.31788,41.34221],[-7.32894,41.34531],[-7.33058,41.34549],[-7.33536,41.34718],[-7.33943,41.34986],[-7.3427,41.35041],[-7.34523,41.35134],[-7.3481,41.35163],[-7.34846,41.35298],[-7.35002,41.35411],[-7.3522,41.35481],[-7.35336,41.35562],[-7.35629,41.35859],[-7.35855,41.36193],[-7.36006,41.36284],[-7.36022,41.36364],[-7.36159,41.36478],[-7.36218,41.36697],[-7.3596,41.36982],[-7.35499,41.37193],[-7.35374,41.37527],[-7.35308,41.37599],[-7.35259,41.37656],[-7.35614,41.37678],[-7.35744,41.37858],[-7.35679,41.37937],[-7.36137,41.38197],[-7.36122,41.38341],[-7.36055,41.38408],[-7.36126,41.38539],[-7.35888,41.38532],[-7.35946,41.38629],[-7.35815,41.38834],[-7.35869,41.38867],[-7.36074,41.38801],[-7.36163,41.38873],[-7.3608,41.39002],[-7.36215,41.39077],[-7.36226,41.39271],[-7.36157,41.39434],[-7.36191,41.39537],[-7.36589,41.39657],[-7.36594,41.39958],[-7.36659,41.4004],[-7.36639,41.40369],[-7.36422,41.40431],[-7.36252,41.40553],[-7.36224,41.40648],[-7.36373,41.4073],[-7.36637,41.40952],[-7.36639,41.4112],[-7.36411,41.41274],[-7.36503,41.41439],[-7.36673,41.41482],[-7.36563,41.41575],[-7.36575,41.41661],[-7.3637,41.41748],[-7.36345,41.41829],[-7.36427,41.41929],[-7.36331,41.42073],[-7.36167,41.42166],[-7.36098,41.42354],[-7.35961,41.42427],[-7.36113,41.42586],[-7.36,41.42778],[-7.35995,41.4287],[-7.36089,41.42993],[-7.36095,41.43194],[-7.36225,41.43403],[-7.36357,41.43494],[-7.36354,41.43578],[-7.36525,41.43642],[-7.36536,41.43862],[-7.3648,41.43974],[-7.36593,41.44079],[-7.36605,41.44227],[-7.36759,41.44428],[-7.36917,41.44543],[-7.36955,41.44695],[-7.36889,41.44829],[-7.36989,41.44941],[-7.37213,41.45083],[-7.37399,41.45164],[-7.37372,41.45336],[-7.37651,41.45424],[-7.37821,41.45372],[-7.38106,41.45433],[-7.38696,41.45675],[-7.39057,41.45575],[-7.39315,41.4542],[-7.39748,41.45247],[-7.40034,41.45182],[-7.40485,41.45111],[-7.41172,41.44941],[-7.41519,41.44827],[-7.41914,41.44643],[-7.4202,41.4454],[-7.42212,41.44426],[-7.42316,41.44255],[-7.42484,41.4376],[-7.42519,41.43576],[-7.42504,41.43178],[-7.42444,41.43108],[-7.4243,41.4285],[-7.42336,41.42753],[-7.42278,41.4261],[-7.42112,41.42467],[-7.42075,41.4234],[-7.41833,41.42167],[-7.4183,41.41898],[-7.41909,41.41674],[-7.41875,41.41333],[-7.42112,41.41368],[-7.4212,41.41447],[-7.42686,41.41511],[-7.4279,41.41611],[-7.43162,41.41727],[-7.43457,41.41885],[-7.43624,41.4221],[-7.4372,41.42288],[-7.43858,41.42498],[-7.44162,41.42687],[-7.44362,41.42709],[-7.44528,41.42817],[-7.44756,41.42852],[-7.44982,41.42998],[-7.45276,41.43096],[-7.45478,41.43116],[-7.4595,41.43114],[-7.46318,41.43084],[-7.46763,41.43008],[-7.47786,41.42881],[-7.48199,41.4242],[-7.48429,41.42245],[-7.48271,41.41987],[-7.48259,41.41732],[-7.48157,41.41627],[-7.47887,41.41491],[-7.47768,41.41324],[-7.47489,41.41076],[-7.47232,41.41141],[-7.46969,41.40997],[-7.46767,41.40924],[-7.46665,41.408],[-7.46674,41.40606],[-7.46783,41.40413],[-7.46627,41.40297],[-7.46487,41.40119],[-7.46239,41.40033],[-7.46063,41.39921],[-7.45891,41.39868],[-7.45629,41.39688],[-7.45578,41.3949],[-7.45253,41.39431],[-7.45136,41.39367],[-7.45086,41.39151],[-7.44986,41.38955],[-7.45092,41.38916],[-7.45331,41.38685],[-7.45362,41.38545],[-7.457,41.38283],[-7.45781,41.38247],[-7.45861,41.38013],[-7.45827,41.37721],[-7.45813,41.37127],[-7.46298,41.36488],[-7.46572,41.36004],[-7.46783,41.35688],[-7.46967,41.35344],[-7.47197,41.34968],[-7.47351,41.34869],[-7.47329,41.34623],[-7.47249,41.34384],[-7.47287,41.34237],[-7.47091,41.34028],[-7.46953,41.33721],[-7.46416,41.33464],[-7.45844,41.33259],[-7.45575,41.33203],[-7.45264,41.33097],[-7.45362,41.32722],[-7.45408,41.32026],[-7.45441,41.31837],[-7.45542,41.31557],[-7.458,41.3112],[-7.46206,41.31112],[-7.46452,41.31073],[-7.47125,41.31055],[-7.47403,41.30989],[-7.47835,41.30669],[-7.48163,41.30474],[-7.48567,41.30295],[-7.4899,41.30157],[-7.4955,41.30187],[-7.49994,41.30318],[-7.50138,41.30228],[-7.50339,41.3033],[-7.50436,41.30258],[-7.50519,41.30378],[-7.5042,41.30534],[-7.5055,41.30591],[-7.50728,41.30865],[-7.50722,41.30983],[-7.51033,41.31034],[-7.51173,41.31114],[-7.51207,41.3122],[-7.5146,41.31134],[-7.5162,41.31187],[-7.51874,41.31097],[-7.51933,41.31175],[-7.52163,41.3118],[-7.52213,41.31297],[-7.52042,41.31354],[-7.52013,41.31533],[-7.51829,41.31601],[-7.51861,41.31815],[-7.51958,41.31901],[-7.52134,41.31911],[-7.5217,41.32032],[-7.52025,41.32184],[-7.51649,41.32423],[-7.51626,41.32508],[-7.51458,41.32623],[-7.51345,41.32644],[-7.51153,41.32804],[-7.51111,41.32931],[-7.51168,41.33063],[-7.51118,41.33214],[-7.50979,41.33336],[-7.50757,41.33403],[-7.50526,41.3356],[-7.50327,41.33835],[-7.5015,41.34157],[-7.50098,41.34465],[-7.5048,41.34338],[-7.50808,41.34272],[-7.51784,41.34114],[-7.52176,41.34015],[-7.5251,41.33707],[-7.5262,41.33575],[-7.52849,41.33701],[-7.53043,41.33936],[-7.53215,41.34441],[-7.53384,41.34817],[-7.53879,41.34677],[-7.54235,41.34478],[-7.54381,41.34333],[-7.54707,41.34232],[-7.55249,41.34187],[-7.55596,41.34179],[-7.56014,41.34221],[-7.56426,41.34224],[-7.56551,41.34205],[-7.56666,41.3405],[-7.56787,41.34009],[-7.56923,41.33838],[-7.57167,41.33674],[-7.57289,41.33625],[-7.57475,41.33417],[-7.57659,41.33166],[-7.57669,41.33065],[-7.57545,41.33042],[-7.57381,41.32945],[-7.57367,41.32856],[-7.57563,41.32742],[-7.5748,41.32539],[-7.5721,41.32536],[-7.57099,41.32484],[-7.57031,41.32305],[-7.57399,41.32237],[-7.57076,41.32009],[-7.56974,41.31853],[-7.57098,41.31755],[-7.56954,41.31619],[-7.56821,41.3156],[-7.57044,41.31421],[-7.57126,41.31292],[-7.56981,41.31221],[-7.56989,41.31143],[-7.57134,41.31071],[-7.57273,41.31072],[-7.57272,41.30954],[-7.57076,41.30886],[-7.57112,41.30738],[-7.57345,41.30716],[-7.5801,41.30585],[-7.58235,41.30471],[-7.58728,41.30083],[-7.58948,41.2993],[-7.59371,41.29765],[-7.59554,41.29667],[-7.59728,41.29498],[-7.59978,41.29118],[-7.60097,41.29005],[-7.60263,41.28915],[-7.60533,41.28883],[-7.60811,41.28983],[-7.60926,41.29205],[-7.61148,41.29338],[-7.61117,41.2957],[-7.61202,41.29745],[-7.61373,41.29931],[-7.61661,41.30171],[-7.61771,41.30068],[-7.61895,41.29853],[-7.62062,41.29766],[-7.62135,41.29662],[-7.62108,41.29463],[-7.62313,41.29289],[-7.62691,41.29085],[-7.62784,41.28926],[-7.6289,41.28846],[-7.63234,41.28299],[-7.63174,41.28156],[-7.63039,41.28024],[-7.63148,41.2794],[-7.63249,41.27753],[-7.63541,41.27624],[-7.63813,41.27676],[-7.63926,41.27567],[-7.63814,41.27468],[-7.63891,41.2734],[-7.64167,41.27311],[-7.64355,41.27252],[-7.64425,41.27103],[-7.64395,41.26969],[-7.64469,41.26905],[-7.64663,41.26923],[-7.64911,41.26786],[-7.65116,41.26587],[-7.65368,41.26484],[-7.64585,41.26376],[-7.63701,41.26022],[-7.64073,41.25367],[-7.64301,41.25344],[-7.64537,41.25256],[-7.64733,41.25065],[-7.65158,41.24859],[-7.65197,41.24552],[-7.65188,41.24372],[-7.65105,41.24294],[-7.649,41.23791],[-7.65069,41.23643],[-7.65191,41.23802],[-7.65187,41.23893],[-7.65278,41.23988],[-7.65514,41.24079],[-7.65703,41.24063],[-7.66438,41.23883],[-7.66618,41.23818],[-7.66885,41.23765],[-7.67073,41.23611],[-7.67343,41.23457],[-7.67687,41.23444],[-7.67939,41.23532],[-7.67993,41.23625],[-7.6786,41.23829],[-7.68005,41.23994],[-7.6835,41.24103],[-7.68632,41.24064],[-7.68887,41.2398],[-7.69043,41.23998],[-7.6924,41.24088],[-7.69508,41.24141],[-7.69676,41.24075],[-7.69817,41.23914],[-7.69665,41.23854],[-7.69736,41.2362],[-7.69851,41.23573],[-7.69934,41.23676],[-7.70225,41.23762],[-7.70569,41.23608],[-7.70663,41.23414],[-7.70776,41.23389],[-7.7108,41.23664],[-7.71255,41.23641],[-7.72068,41.24092],[-7.72169,41.24226],[-7.72297,41.24284],[-7.71945,41.24919],[-7.71686,41.25041],[-7.71479,41.25231],[-7.71426,41.25421],[-7.71197,41.25537],[-7.70962,41.25593],[-7.70652,41.25614],[-7.70473,41.2568],[-7.70194,41.25843],[-7.69917,41.25867],[-7.69897,41.25928],[-7.70045,41.26059],[-7.70062,41.26179],[-7.70003,41.26461],[-7.70031,41.26652],[-7.7116,41.27412],[-7.71657,41.27562],[-7.71747,41.27648],[-7.71724,41.27787],[-7.71579,41.27931],[-7.71869,41.27988],[-7.72074,41.2807],[-7.72208,41.28176],[-7.7223,41.2832],[-7.72503,41.2847],[-7.72824,41.28467],[-7.72658,41.28844],[-7.72663,41.29019],[-7.72845,41.29045],[-7.72986,41.29114],[-7.72828,41.29392],[-7.72694,41.29326],[-7.72262,41.29295],[-7.71983,41.29245],[-7.71814,41.29319],[-7.71635,41.29157],[-7.71322,41.29238],[-7.71199,41.29483],[-7.70983,41.29532],[-7.7089,41.29649],[-7.70703,41.29699],[-7.70486,41.29607],[-7.70319,41.29604],[-7.69796,41.29722],[-7.69562,41.29832],[-7.69495,41.30157],[-7.694,41.30282],[-7.69355,41.30462],[-7.69506,41.30645],[-7.69575,41.30657],[-7.6986,41.30822],[-7.70411,41.30547],[-7.70698,41.30767],[-7.71564,41.31138],[-7.71814,41.31275],[-7.72945,41.31583],[-7.73175,41.31472],[-7.7338,41.31465],[-7.73546,41.31545],[-7.73795,41.31603],[-7.74052,41.31745],[-7.7423,41.31812],[-7.74507,41.31691],[-7.7475,41.31527],[-7.74817,41.3142],[-7.74959,41.31336],[-7.75044,41.312],[-7.75233,41.30993],[-7.75337,41.30939],[-7.75434,41.30802],[-7.7543,41.30698],[-7.75278,41.30616],[-7.75283,41.30508],[-7.75414,41.30368],[-7.75702,41.30415],[-7.75939,41.30132],[-7.75908,41.29942],[-7.75994,41.29785],[-7.76188,41.29854],[-7.76321,41.29847],[-7.76499,41.29519],[-7.7648,41.29444],[-7.767,41.29354],[-7.76724,41.29255],[-7.7666,41.29093],[-7.76742,41.29053],[-7.76909,41.28734],[-7.77004,41.28649],[-7.77166,41.28678],[-7.77373,41.28634],[-7.77487,41.28519],[-7.77664,41.28499],[-7.77836,41.28429],[-7.7798,41.28428],[-7.78177,41.2833],[-7.78298,41.28359],[-7.78421,41.28196],[-7.78519,41.28164],[-7.78775,41.28226],[-7.78798,41.27913],[-7.78904,41.2782],[-7.78875,41.27588],[-7.79012,41.27397],[-7.7903,41.27233],[-7.78912,41.27137],[-7.78985,41.26996],[-7.7874,41.27054],[-7.78535,41.27021],[-7.78476,41.26895],[-7.78363,41.2682],[-7.78372,41.26679],[-7.78103,41.26723],[-7.78032,41.26813],[-7.77851,41.26856],[-7.77655,41.26828],[-7.77594,41.2696],[-7.77408,41.27027],[-7.77119,41.27002],[-7.77122,41.26917],[-7.77012,41.26671],[-7.77071,41.26554],[-7.77267,41.26517],[-7.7724,41.26448],[-7.77534,41.26339],[-7.77804,41.26399],[-7.78018,41.26002],[-7.7798,41.25941],[-7.78185,41.2574],[-7.7807,41.25593],[-7.78096,41.25478],[-7.77952,41.25299],[-7.78097,41.24911],[-7.7831,41.24747],[-7.78498,41.24725],[-7.78834,41.24629],[-7.78887,41.24754],[-7.78994,41.24749],[-7.78997,41.24905],[-7.79114,41.24974],[-7.79514,41.24999],[-7.79552,41.25163],[-7.79833,41.25173],[-7.7987,41.25311],[-7.79717,41.25429],[-7.79804,41.25513],[-7.7971,41.2574],[-7.79785,41.25749],[-7.79886,41.26044],[-7.80124,41.26057],[-7.80463,41.25765],[-7.80566,41.25802],[-7.80824,41.25716],[-7.80829,41.25663],[-7.81046,41.25605],[-7.81391,41.25769],[-7.8156,41.25968],[-7.81732,41.25988],[-7.81792,41.26216],[-7.81957,41.26212],[-7.82117,41.26144],[-7.82358,41.26328],[-7.82391,41.26418],[-7.82519,41.26437],[-7.82856,41.26574],[-7.83137,41.26436],[-7.83507,41.26418],[-7.83777,41.26473],[-7.83831,41.26428],[-7.84026,41.26556],[-7.84158,41.26506],[-7.84378,41.26226],[-7.84654,41.26353],[-7.8483,41.26301],[-7.85042,41.263],[-7.85324,41.26361],[-7.85396,41.2649],[-7.85562,41.26479],[-7.85515,41.26602],[-7.85756,41.26616],[-7.86105,41.26572],[-7.86094,41.26455],[-7.86262,41.26364],[-7.86475,41.26346],[-7.86556,41.26471],[-7.86875,41.26294],[-7.86958,41.2616],[-7.87126,41.26161],[-7.87568,41.26214],[-7.87698,41.26288],[-7.87913,41.26196],[-7.88126,41.2596],[-7.88456,41.25718],[-7.88687,41.25661],[-7.8891,41.255],[-7.89213,41.25201],[-7.89344,41.25143],[-7.89494,41.24993],[-7.89422,41.24874],[-7.88697,41.24847],[-7.88232,41.24693],[-7.87992,41.24564],[-7.87558,41.24205],[-7.87787,41.24088],[-7.87937,41.23713],[-7.87977,41.23426],[-7.87908,41.23217],[-7.88178,41.23064],[-7.88358,41.2283],[-7.88442,41.22589],[-7.88634,41.22308],[-7.88828,41.2178],[-7.89177,41.2137],[-7.89208,41.21066],[-7.89409,41.20924],[-7.8933,41.20603],[-7.89034,41.20244],[-7.88986,41.1987],[-7.88994,41.19576],[-7.88797,41.18909],[-7.88827,41.18792],[-7.8892,41.18782],[-7.89013,41.18671],[-7.89059,41.18449],[-7.89035,41.18276],[-7.89265,41.18082],[-7.89395,41.17918],[-7.89423,41.17798],[-7.89528,41.17727],[-7.89734,41.17463],[-7.89848,41.17458],[-7.89894,41.17286],[-7.89834,41.17125],[-7.89684,41.17104],[-7.89542,41.16833],[-7.89789,41.16819],[-7.89712,41.16706],[-7.89413,41.16536],[-7.8937,41.16397],[-7.89228,41.16421],[-7.88956,41.16294],[-7.89186,41.16144],[-7.89314,41.16123],[-7.89284,41.15952],[-7.89672,41.15818],[-7.8977,41.15858],[-7.89855,41.15695],[-7.90052,41.15581],[-7.90202,41.15607],[-7.9037,41.15474],[-7.90251,41.15348],[-7.9006,41.15238],[-7.90036,41.15076],[-7.90182,41.14923],[-7.90119,41.14727],[-7.90327,41.14583],[-7.90502,41.14512],[-7.90865,41.14275],[-7.91055,41.14048],[-7.91154,41.13977],[-7.9136,41.13496],[-7.91244,41.13301],[-7.91233,41.13082],[-7.91315,41.12965],[-7.9115,41.127],[-7.91242,41.12418],[-7.91171,41.12261],[-7.91186,41.11989],[-7.90892,41.11953],[-7.90563,41.11873],[-7.90134,41.11941],[-7.89979,41.1205],[-7.89758,41.11998],[-7.89434,41.12173],[-7.89213,41.12017],[-7.8891,41.12102],[-7.88602,41.11936],[-7.87626,41.11595],[-7.87489,41.11517],[-7.8742,41.11379],[-7.87132,41.11077],[-7.87078,41.10977],[-7.8694,41.1091],[-7.86031,41.10273],[-7.85981,41.10539],[-7.85479,41.10865],[-7.8507,41.11111],[-7.85035,41.11271],[-7.85164,41.11675],[-7.85214,41.1172],[-7.85301,41.11975],[-7.84703,41.12364],[-7.84613,41.12563],[-7.84442,41.12645],[-7.84327,41.12856],[-7.8392,41.12936],[-7.83833,41.12927],[-7.83656,41.13028],[-7.8356,41.12759],[-7.83396,41.12879],[-7.83071,41.1292],[-7.82839,41.12859],[-7.82773,41.12693],[-7.82942,41.12486],[-7.8275,41.12383],[-7.82843,41.12324],[-7.82877,41.1217],[-7.8299,41.12112],[-7.82653,41.11976],[-7.8237,41.11626],[-7.82515,41.11598],[-7.82545,41.11517],[-7.82435,41.11273],[-7.82511,41.11151],[-7.82594,41.109],[-7.82726,41.10822],[-7.82895,41.10899],[-7.82992,41.10751],[-7.83219,41.10881],[-7.83534,41.10997],[-7.83609,41.11137],[-7.83744,41.11126],[-7.83858,41.10993],[-7.84015,41.10965],[-7.83944,41.10858],[-7.84194,41.10812],[-7.84569,41.10508],[-7.8465,41.09805],[-7.84465,41.09553],[-7.84121,41.09199],[-7.84015,41.09062],[-7.83644,41.08698],[-7.83796,41.08565],[-7.83647,41.08345],[-7.8352,41.08331],[-7.83264,41.08556],[-7.83184,41.08701],[-7.82983,41.08715],[-7.82674,41.08903],[-7.82527,41.08941],[-7.82455,41.08896],[-7.82269,41.08897],[-7.82044,41.09045],[-7.81867,41.08964],[-7.81697,41.08976],[-7.81583,41.08852],[-7.81443,41.08932],[-7.81294,41.08815],[-7.81019,41.08768],[-7.80942,41.08829],[-7.80756,41.0883],[-7.80838,41.08634],[-7.81159,41.08249],[-7.81209,41.0814],[-7.8142,41.08057],[-7.81609,41.08049],[-7.81742,41.07794],[-7.81667,41.07646],[-7.81322,41.07527],[-7.8132,41.07411],[-7.81122,41.07417],[-7.81028,41.07579],[-7.80733,41.07796],[-7.80412,41.07884],[-7.80285,41.07975],[-7.80117,41.07885],[-7.79938,41.07928],[-7.79673,41.07898],[-7.79594,41.07836],[-7.79284,41.07785],[-7.79073,41.07788],[-7.78967,41.07959],[-7.78699,41.07798],[-7.78623,41.07643],[-7.78468,41.07603]],[[-7.30382,41.30452],[-7.29991,41.30534],[-7.29228,41.30578],[-7.29428,41.30255],[-7.29817,41.29842],[-7.28985,41.29523],[-7.28652,41.29239],[-7.28531,41.29077],[-7.28238,41.29178],[-7.27724,41.29384],[-7.27352,41.29509],[-7.27083,41.29545],[-7.26817,41.29429],[-7.26586,41.29292],[-7.25828,41.29094],[-7.25546,41.29106],[-7.25112,41.29175],[-7.24734,41.29311],[-7.24344,41.29313],[-7.2379,41.2923],[-7.23541,41.29315],[-7.22295,41.2946],[-7.21303,41.29468],[-7.21486,41.29787],[-7.21433,41.3007],[-7.21355,41.30651],[-7.21296,41.30811],[-7.21276,41.3105],[-7.21211,41.31093],[-7.21135,41.31382],[-7.20819,41.31906],[-7.20451,41.32015],[-7.19865,41.32242],[-7.19174,41.32457],[-7.18861,41.32585],[-7.18502,41.32698],[-7.18194,41.32824],[-7.17965,41.32957],[-7.1775,41.32963],[-7.17555,41.32931],[-7.17067,41.32898],[-7.16568,41.32831],[-7.16535,41.32773],[-7.16976,41.32092],[-7.17105,41.31857],[-7.17199,41.31373],[-7.17428,41.30987],[-7.1741,41.30808],[-7.17563,41.30228],[-7.17642,41.29732],[-7.17749,41.29341],[-7.17979,41.28637],[-7.18088,41.28572],[-7.1832,41.28241],[-7.18488,41.28079],[-7.18685,41.27737],[-7.18884,41.27495],[-7.19139,41.27534],[-7.19215,41.27413],[-7.19117,41.27306],[-7.19174,41.27217],[-7.19352,41.27306],[-7.19495,41.2733],[-7.19614,41.26888],[-7.19656,41.26564],[-7.19532,41.26529],[-7.19572,41.26428],[-7.19731,41.26307],[-7.19821,41.2612],[-7.19637,41.26097],[-7.19751,41.25924],[-7.19617,41.25743],[-7.19453,41.25876],[-7.19327,41.25806],[-7.19527,41.25479],[-7.18994,41.25345],[-7.18384,41.25139],[-7.17868,41.24946],[-7.17544,41.24869],[-7.1738,41.24959],[-7.17397,41.25084],[-7.17634,41.25172],[-7.17514,41.25345],[-7.17324,41.25286],[-7.17086,41.25266],[-7.17131,41.25195],[-7.17006,41.25124],[-7.16852,41.25302],[-7.16473,41.25541],[-7.16291,41.254],[-7.16119,41.25342],[-7.15927,41.2521],[-7.15877,41.25119],[-7.15757,41.25096],[-7.15752,41.24928],[-7.15829,41.24859],[-7.15812,41.24739],[-7.1568,41.24581],[-7.15686,41.24466],[-7.15803,41.24217],[-7.15397,41.24001],[-7.14937,41.23409],[-7.14624,41.23229],[-7.14915,41.22075],[-7.14985,41.21975],[-7.15748,41.2106],[-7.15802,41.2098],[-7.16228,41.20559],[-7.16349,41.20413],[-7.1671,41.20236],[-7.16957,41.20044],[-7.17629,41.201],[-7.17772,41.20147],[-7.17973,41.20022],[-7.18181,41.20123],[-7.18527,41.20168],[-7.18654,41.20144],[-7.1889,41.20254],[-7.19081,41.20381],[-7.19686,41.207],[-7.20011,41.20752],[-7.20195,41.20822],[-7.20175,41.21032],[-7.20208,41.21321],[-7.20039,41.21584],[-7.20141,41.21653],[-7.20025,41.21826],[-7.20048,41.21934],[-7.19994,41.22068],[-7.19787,41.22436],[-7.19675,41.22771],[-7.19656,41.22979],[-7.19488,41.23181],[-7.19609,41.23289],[-7.19832,41.23425],[-7.20156,41.23428],[-7.20428,41.23457],[-7.20672,41.23392],[-7.21072,41.23226],[-7.2125,41.23123],[-7.2137,41.22991],[-7.21707,41.22846],[-7.21837,41.22817],[-7.22067,41.22832],[-7.22608,41.22797],[-7.22813,41.22858],[-7.23093,41.23014],[-7.23233,41.22828],[-7.23173,41.22678],[-7.23138,41.22449],[-7.23222,41.22377],[-7.23405,41.22326],[-7.23597,41.22037],[-7.23693,41.21949],[-7.2388,41.2168],[-7.2401,41.21541],[-7.24009,41.21368],[-7.2396,41.21258],[-7.24071,41.21105],[-7.24041,41.21016],[-7.24168,41.20919],[-7.24175,41.208],[-7.24251,41.20745],[-7.24122,41.20613],[-7.24231,41.20496],[-7.24329,41.20582],[-7.24688,41.20715],[-7.24884,41.20722],[-7.24989,41.20826],[-7.25167,41.21123],[-7.25886,41.21003],[-7.26437,41.20966],[-7.26508,41.21072],[-7.26727,41.2115],[-7.27081,41.2148],[-7.2771,41.22026],[-7.27961,41.2233],[-7.28263,41.22663],[-7.28195,41.23362],[-7.29406,41.23601],[-7.29406,41.23872],[-7.28987,41.24068],[-7.29364,41.24221],[-7.29456,41.2436],[-7.29236,41.24519],[-7.29116,41.2457],[-7.29281,41.24678],[-7.29245,41.24853],[-7.29137,41.24966],[-7.29259,41.25039],[-7.29146,41.25179],[-7.28806,41.25292],[-7.28724,41.25406],[-7.28782,41.25484],[-7.28663,41.26049],[-7.28514,41.25994],[-7.28458,41.25914],[-7.2819,41.25851],[-7.2796,41.26118],[-7.28325,41.26415],[-7.28548,41.26535],[-7.28644,41.26552],[-7.28709,41.26677],[-7.28946,41.26656],[-7.29375,41.26691],[-7.2969,41.26598],[-7.3001,41.26843],[-7.30679,41.26022],[-7.31005,41.257],[-7.31043,41.25577],[-7.30958,41.25516],[-7.31065,41.25286],[-7.31037,41.25151],[-7.31222,41.24978],[-7.31272,41.24823],[-7.31592,41.24463],[-7.31832,41.24398],[-7.31919,41.24303],[-7.3191,41.24153],[-7.32032,41.24007],[-7.31999,41.23888],[-7.31538,41.23759],[-7.31509,41.23621],[-7.31405,41.23457],[-7.31684,41.23308],[-7.31378,41.23152],[-7.31213,41.23112],[-7.30875,41.22954],[-7.30833,41.22809],[-7.30551,41.22591],[-7.30169,41.22583],[-7.29933,41.22549],[-7.29808,41.22293],[-7.29763,41.2205],[-7.29777,41.21911],[-7.29899,41.21744],[-7.29929,41.21419],[-7.30134,41.21156],[-7.30338,41.21039],[-7.3057,41.20719],[-7.3048,41.2048],[-7.30637,41.20464],[-7.30794,41.20381],[-7.31033,41.20175],[-7.3106,41.20119],[-7.31534,41.19643],[-7.31761,41.19355],[-7.31841,41.19189],[-7.3195,41.19131],[-7.32093,41.1881],[-7.32283,41.18522],[-7.32304,41.1838],[-7.3246,41.18339],[-7.32585,41.17891],[-7.32662,41.17821],[-7.32792,41.17565],[-7.32913,41.17451],[-7.33217,41.17592],[-7.33265,41.1766],[-7.33579,41.17848],[-7.3353,41.17974],[-7.33699,41.1837],[-7.33731,41.1857],[-7.33644,41.19092],[-7.33684,41.19269],[-7.33902,41.19664],[-7.33921,41.1983],[-7.33819,41.19928],[-7.33862,41.19999],[-7.33804,41.20124],[-7.33905,41.20506],[-7.34046,41.21356],[-7.33857,41.2168],[-7.33765,41.21985],[-7.33733,41.22287],[-7.33819,41.22516],[-7.34035,41.22743],[-7.33946,41.23112],[-7.33681,41.23961],[-7.3324,41.24374],[-7.33375,41.24434],[-7.34451,41.25207],[-7.34479,41.26058],[-7.34334,41.26368],[-7.34443,41.2697],[-7.34345,41.27045],[-7.34263,41.27265],[-7.34227,41.27459],[-7.34095,41.27568],[-7.33738,41.27618],[-7.33608,41.2797],[-7.33301,41.28322],[-7.33208,41.28468],[-7.32848,41.28514],[-7.32705,41.28612],[-7.32333,41.288],[-7.31775,41.29049],[-7.31695,41.29249],[-7.31705,41.29334],[-7.31849,41.29429],[-7.31272,41.30031],[-7.31134,41.30075],[-7.31059,41.30275],[-7.30936,41.30338],[-7.30809,41.30547],[-7.30382,41.30452]]],[[[-7.13523,41.49834],[-7.13097,41.49976],[-7.12954,41.49974],[-7.12803,41.50043],[-7.1258,41.50033],[-7.12483,41.50204],[-7.12318,41.50277],[-7.12245,41.50124],[-7.12149,41.50086],[-7.12028,41.50166],[-7.11728,41.5023],[-7.11551,41.50366],[-7.11253,41.50354],[-7.11248,41.50475],[-7.11386,41.50727],[-7.11385,41.50868],[-7.11187,41.5104],[-7.11131,41.51274],[-7.11419,41.51553],[-7.11342,41.51674],[-7.11224,41.51669],[-7.11079,41.51539],[-7.11049,41.5143],[-7.10943,41.51387],[-7.10547,41.51401],[-7.10242,41.51489],[-7.10034,41.51403],[-7.09919,41.51398],[-7.09739,41.513],[-7.09454,41.51341],[-7.09358,41.51224],[-7.09041,41.5113],[-7.0891,41.51017],[-7.08528,41.51029],[-7.0799,41.51021],[-7.07216,41.50914],[-7.06933,41.50831],[-7.0679,41.50752],[-7.06591,41.50947],[-7.05592,41.52009],[-7.05319,41.52414],[-7.05193,41.52682],[-7.05035,41.52832],[-7.04698,41.53214],[-7.03911,41.53784],[-7.03925,41.54249],[-7.04364,41.54675],[-7.04535,41.54768],[-7.04577,41.54844],[-7.0445,41.54935],[-7.04225,41.55162],[-7.04208,41.55525],[-7.04318,41.55371],[-7.04462,41.55288],[-7.0478,41.55306],[-7.05195,41.55527],[-7.05659,41.55432],[-7.05849,41.55512],[-7.06098,41.55469],[-7.0627,41.55507],[-7.06304,41.55358],[-7.06423,41.55229],[-7.06253,41.55128],[-7.06481,41.55036],[-7.06666,41.55089],[-7.06865,41.55224],[-7.07245,41.55202],[-7.07485,41.5524],[-7.07782,41.55414],[-7.07889,41.5553],[-7.08171,41.55637],[-7.08683,41.55715],[-7.08936,41.55732],[-7.09374,41.55727],[-7.10395,41.55685],[-7.10347,41.55468],[-7.10347,41.55274],[-7.10491,41.54951],[-7.10887,41.54577],[-7.1176,41.54393],[-7.12023,41.54311],[-7.12182,41.54229],[-7.12696,41.53888],[-7.12949,41.53658],[-7.13138,41.5345],[-7.13559,41.53079],[-7.13902,41.52829],[-7.14327,41.5282],[-7.14803,41.52837],[-7.15038,41.52909],[-7.15436,41.53073],[-7.15852,41.53268],[-7.16065,41.53396],[-7.16266,41.53553],[-7.16783,41.53844],[-7.16973,41.53988],[-7.17249,41.54134],[-7.17285,41.54019],[-7.17442,41.53838],[-7.17907,41.53752],[-7.18113,41.53752],[-7.18244,41.53691],[-7.18364,41.53491],[-7.18454,41.53265],[-7.18685,41.52947],[-7.18868,41.52642],[-7.19153,41.52447],[-7.19235,41.5227],[-7.19017,41.52064],[-7.19041,41.51943],[-7.19559,41.51471],[-7.19609,41.51248],[-7.19749,41.50864],[-7.19687,41.50676],[-7.19496,41.50485],[-7.19347,41.50385],[-7.18885,41.50191],[-7.18612,41.50006],[-7.18377,41.49783],[-7.18153,41.49634],[-7.17999,41.49732],[-7.17727,41.49854],[-7.17674,41.49981],[-7.17719,41.50072],[-7.17641,41.50287],[-7.17565,41.50398],[-7.17423,41.50483],[-7.17354,41.50614],[-7.17139,41.50576],[-7.17043,41.5046],[-7.16824,41.5028],[-7.16761,41.50269],[-7.16015,41.50381],[-7.15912,41.5042],[-7.15598,41.5042],[-7.14723,41.50463],[-7.14502,41.50599],[-7.14203,41.50498],[-7.14139,41.50359],[-7.13887,41.50348],[-7.13442,41.50084],[-7.13523,41.49834]]]]},"properties":{"idApp":923003,"aopId":"porto","name":"Porto","nameJa":"ポルト","kind":"regional","tags":[],"rank":0},"bbox":[-7.9136,40.92284,-6.74921,41.55732]},{"type":"Feature","geometry":{"type":"Polygon","coordinates":[[[-8.98358,39.38482],[-8.98132,39.38573],[-8.97754,39.38634],[-8.97644,39.38754],[-8.97493,39.38783],[-8.97419,39.38857],[-8.97397,39.38991],[-8.97223,39.39131],[-8.9723,39.39226],[-8.9714,39.39322],[-8.96858,39.39429],[-8.96666,39.39357],[-8.96539,39.39245],[-8.96458,39.39268],[-8.96055,39.39241],[-8.95843,39.39316],[-8.95661,39.39293],[-8.95473,39.39174],[-8.95324,39.39143],[-8.94571,39.39104],[-8.94145,39.40182],[-8.94001,39.40566],[-8.93457,39.41305],[-8.93241,39.42324],[-8.92302,39.43328],[-8.91735,39.44467],[-8.90923,39.45774],[-8.90342,39.46601],[-8.89571,39.46571],[-8.89257,39.46525],[-8.88768,39.4691],[-8.88673,39.47094],[-8.88548,39.47239],[-8.88071,39.47443],[-8.8754,39.47431],[-8.87416,39.47499],[-8.87105,39.47569],[-8.86325,39.47545],[-8.85782,39.474],[-8.84637,39.47253],[-8.83645,39.47416],[-8.83401,39.47495],[-8.82993,39.47586],[-8.81837,39.47801],[-8.80878,39.48166],[-8.80234,39.48301],[-8.79526,39.48057],[-8.78894,39.47912],[-8.78007,39.47935],[-8.77186,39.47897],[-8.76574,39.47631],[-8.76464,39.47683],[-8.75836,39.4757],[-8.75751,39.47685],[-8.75538,39.47675],[-8.75503,39.47632],[-8.75217,39.47793],[-8.75072,39.47821],[-8.74835,39.47952],[-8.74774,39.48017],[-8.74589,39.47898],[-8.74499,39.47898],[-8.74395,39.47795],[-8.74257,39.47854],[-8.74137,39.47767],[-8.74036,39.47989],[-8.73873,39.48064],[-8.73591,39.48051],[-8.7358,39.47936],[-8.73157,39.47982],[-8.73011,39.48077],[-8.73101,39.48187],[-8.73043,39.48394],[-8.73243,39.48422],[-8.73236,39.48543],[-8.73154,39.48642],[-8.73211,39.48849],[-8.73368,39.48823],[-8.7326,39.49021],[-8.73371,39.49258],[-8.73468,39.49254],[-8.73454,39.49585],[-8.73375,39.49635],[-8.73522,39.49781],[-8.73428,39.49852],[-8.73258,39.4985],[-8.7322,39.4991],[-8.73511,39.5001],[-8.73652,39.50023],[-8.73691,39.50143],[-8.73793,39.5021],[-8.73958,39.50404],[-8.74092,39.50733],[-8.7429,39.50898],[-8.74398,39.51245],[-8.74333,39.51412],[-8.74449,39.51694],[-8.74422,39.51923],[-8.74573,39.52133],[-8.74479,39.52347],[-8.74653,39.52485],[-8.74685,39.52702],[-8.74638,39.52922],[-8.74507,39.53049],[-8.74367,39.53048],[-8.74171,39.53303],[-8.74129,39.53415],[-8.74002,39.53391],[-8.7398,39.53512],[-8.73755,39.53695],[-8.73366,39.53619],[-8.73316,39.53552],[-8.73277,39.53349],[-8.73128,39.53276],[-8.72817,39.52978],[-8.72605,39.52905],[-8.72236,39.52607],[-8.71449,39.52078],[-8.71047,39.52424],[-8.70805,39.52733],[-8.70542,39.52957],[-8.70369,39.52861],[-8.70167,39.52961],[-8.69836,39.53173],[-8.69727,39.53302],[-8.69517,39.53235],[-8.69387,39.53686],[-8.69307,39.53815],[-8.69309,39.53923],[-8.69159,39.54137],[-8.69008,39.54214],[-8.68973,39.54383],[-8.69,39.54726],[-8.68767,39.55067],[-8.68537,39.55216],[-8.67614,39.55914],[-8.6704,39.56241],[-8.66922,39.56135],[-8.66924,39.5605],[-8.66773,39.56024],[-8.66703,39.5584],[-8.66349,39.55858],[-8.6613,39.55677],[-8.66178,39.55576],[-8.66007,39.55276],[-8.65871,39.5512],[-8.65608,39.54949],[-8.65579,39.54833],[-8.65377,39.54719],[-8.65285,39.54727],[-8.65086,39.54617],[-8.64909,39.5448],[-8.64859,39.54396],[-8.63665,39.53582],[-8.62594,39.54079],[-8.61705,39.54712],[-8.61134,39.55071],[-8.60053,39.55798],[-8.59222,39.56573],[-8.589,39.5706],[-8.58618,39.57172],[-8.58568,39.57614],[-8.57514,39.5813],[-8.56948,39.59576],[-8.54315,39.60586],[-8.53095,39.61284],[-8.52786,39.61474],[-8.5103,39.62674],[-8.50358,39.63211],[-8.50142,39.63896],[-8.50402,39.63972],[-8.50615,39.64064],[-8.50772,39.64048],[-8.50947,39.64196],[-8.5093,39.64358],[-8.51191,39.64531],[-8.51243,39.64856],[-8.51094,39.64851],[-8.51023,39.64956],[-8.50727,39.6526],[-8.50696,39.65514],[-8.5047,39.65847],[-8.50442,39.66079],[-8.5032,39.66193],[-8.50279,39.6647],[-8.50212,39.66644],[-8.50124,39.66763],[-8.50071,39.66953],[-8.50095,39.67105],[-8.5024,39.67497],[-8.50208,39.67763],[-8.50041,39.68014],[-8.49819,39.68249],[-8.49679,39.68446],[-8.49627,39.68706],[-8.49454,39.69124],[-8.49131,39.69155],[-8.48949,39.69223],[-8.48735,39.6916],[-8.48486,39.69243],[-8.481,39.69279],[-8.4813,39.69432],[-8.4806,39.69491],[-8.48093,39.69723],[-8.48187,39.69765],[-8.48194,39.69913],[-8.48048,39.69985],[-8.47856,39.70015],[-8.47777,39.70192],[-8.47629,39.70311],[-8.47216,39.70312],[-8.47143,39.70398],[-8.46785,39.7041],[-8.46607,39.70533],[-8.46498,39.70725],[-8.46297,39.70767],[-8.46148,39.70582],[-8.45997,39.70444],[-8.46032,39.70299],[-8.45885,39.70259],[-8.45624,39.70111],[-8.45448,39.70067],[-8.45353,39.69901],[-8.45166,39.69894],[-8.45089,39.69748],[-8.44985,39.69775],[-8.44816,39.69652],[-8.44804,39.69496],[-8.44695,39.69339],[-8.44464,39.69343],[-8.44319,39.69232],[-8.44217,39.68989],[-8.43857,39.68808],[-8.43928,39.6871],[-8.43919,39.68558],[-8.43849,39.68487],[-8.43867,39.68327],[-8.43738,39.68123],[-8.43889,39.67985],[-8.43869,39.67755],[-8.43766,39.67792],[-8.43565,39.67941],[-8.43486,39.67958],[-8.432,39.67728],[-8.43219,39.67584],[-8.43052,39.67351],[-8.42934,39.67393],[-8.42898,39.67489],[-8.42736,39.67613],[-8.42535,39.67678],[-8.4254,39.67812],[-8.4238,39.6789],[-8.42309,39.68039],[-8.42375,39.68201],[-8.4259,39.68355],[-8.42775,39.68356],[-8.42701,39.68487],[-8.42874,39.6856],[-8.43005,39.68672],[-8.43122,39.69063],[-8.42959,39.69236],[-8.43066,39.69388],[-8.42939,39.69429],[-8.42955,39.69535],[-8.42857,39.69746],[-8.42882,39.69953],[-8.4279,39.70142],[-8.42909,39.70346],[-8.42849,39.70405],[-8.4284,39.70597],[-8.43031,39.70676],[-8.43055,39.70731],[-8.4294,39.70854],[-8.43074,39.71147],[-8.43025,39.71213],[-8.43002,39.71455],[-8.43252,39.71627],[-8.43259,39.71713],[-8.43162,39.71857],[-8.43122,39.72005],[-8.4318,39.72127],[-8.43185,39.72394],[-8.4325,39.72497],[-8.43096,39.72653],[-8.43018,39.72866],[-8.43087,39.73081],[-8.42917,39.73381],[-8.43038,39.73509],[-8.42935,39.73555],[-8.42983,39.73733],[-8.42874,39.73749],[-8.4297,39.73974],[-8.4312,39.74067],[-8.43204,39.74006],[-8.4339,39.74005],[-8.43432,39.73947],[-8.43708,39.73874],[-8.43877,39.7395],[-8.44035,39.73796],[-8.44202,39.73827],[-8.44392,39.73775],[-8.44445,39.73679],[-8.44681,39.73544],[-8.44666,39.73394],[-8.44917,39.73322],[-8.45275,39.73089],[-8.4533,39.73225],[-8.45203,39.73513],[-8.45146,39.73703],[-8.45185,39.73801],[-8.4535,39.73862],[-8.45472,39.73988],[-8.45517,39.74152],[-8.45508,39.74407],[-8.45427,39.74539],[-8.45323,39.74613],[-8.45081,39.74922],[-8.45037,39.753],[-8.4509,39.75536],[-8.45316,39.75655],[-8.45381,39.75769],[-8.45345,39.75943],[-8.4549,39.76142],[-8.45783,39.76312],[-8.45718,39.7659],[-8.45915,39.76878],[-8.45998,39.76918],[-8.46123,39.77175],[-8.46256,39.77339],[-8.46225,39.77415],[-8.46175,39.78034],[-8.462,39.78145],[-8.46388,39.78284],[-8.46395,39.784],[-8.4629,39.78538],[-8.46385,39.78751],[-8.46404,39.78963],[-8.4652,39.79169],[-8.46539,39.79368],[-8.46495,39.79508],[-8.46532,39.79641],[-8.46478,39.79736],[-8.46504,39.79887],[-8.46466,39.80012],[-8.46361,39.80139],[-8.46226,39.80317],[-8.46243,39.80432],[-8.46526,39.80556],[-8.46696,39.80668],[-8.46756,39.80782],[-8.46768,39.80946],[-8.46922,39.81188],[-8.46941,39.81329],[-8.4704,39.81629],[-8.4704,39.81727],[-8.47128,39.81825],[-8.47289,39.81915],[-8.47425,39.82103],[-8.4747,39.82276],[-8.47447,39.82472],[-8.47493,39.82752],[-8.47418,39.82988],[-8.47479,39.8323],[-8.47437,39.83375],[-8.4746,39.83486],[-8.47552,39.8355],[-8.47637,39.83765],[-8.47795,39.83873],[-8.4786,39.8366],[-8.48313,39.83451],[-8.48271,39.83387],[-8.48448,39.8328],[-8.48607,39.83235],[-8.48685,39.83073],[-8.48868,39.82978],[-8.49197,39.82965],[-8.49371,39.82991],[-8.49415,39.82834],[-8.496,39.82851],[-8.49563,39.82753],[-8.49684,39.82623],[-8.49788,39.82615],[-8.50098,39.82399],[-8.50132,39.82315],[-8.50105,39.81894],[-8.5013,39.81776],[-8.50275,39.81768],[-8.50501,39.81689],[-8.50644,39.81505],[-8.50769,39.81592],[-8.50791,39.81689],[-8.51042,39.81941],[-8.51173,39.82036],[-8.51174,39.8212],[-8.51307,39.82321],[-8.51443,39.82394],[-8.51655,39.82645],[-8.5175,39.82805],[-8.52055,39.82826],[-8.52354,39.8278],[-8.5324,39.84597],[-8.54132,39.85574],[-8.54163,39.85653],[-8.54735,39.85865],[-8.5512,39.86662],[-8.55142,39.87131],[-8.55077,39.87436],[-8.5527,39.87759],[-8.55396,39.88024],[-8.55527,39.88112],[-8.55532,39.88403],[-8.55424,39.88473],[-8.55249,39.88685],[-8.55226,39.88881],[-8.5512,39.88919],[-8.55025,39.8907],[-8.54961,39.89267],[-8.54811,39.89357],[-8.54746,39.89479],[-8.54679,39.89815],[-8.54518,39.9024],[-8.54408,39.90311],[-8.54229,39.90549],[-8.54151,39.91174],[-8.54006,39.92026],[-8.54053,39.92579],[-8.54072,39.93039],[-8.55015,39.93012],[-8.55582,39.93461],[-8.56073,39.93931],[-8.56495,39.94996],[-8.56559,39.95178],[-8.57141,39.95704],[-8.57263,39.95864],[-8.57378,39.95925],[-8.57557,39.95901],[-8.5764,39.96007],[-8.5808,39.9599],[-8.58136,39.96152],[-8.58268,39.96252],[-8.58386,39.96424],[-8.58582,39.966],[-8.58888,39.96701],[-8.59232,39.967],[-8.59483,39.96846],[-8.59723,39.96933],[-8.59871,39.97118],[-8.59821,39.97447],[-8.59737,39.97542],[-8.59913,39.97772],[-8.60187,39.97939],[-8.60488,39.97983],[-8.60892,39.9829],[-8.61247,39.9829],[-8.6133,39.98248],[-8.61613,39.98351],[-8.61445,39.98544],[-8.61607,39.98567],[-8.61856,39.99134],[-8.62051,39.99138],[-8.62493,39.99089],[-8.6297,39.9908],[-8.63343,39.99149],[-8.64323,39.99036],[-8.64312,39.98903],[-8.64116,39.98669],[-8.64252,39.98489],[-8.64171,39.98425],[-8.64114,39.9818],[-8.64251,39.97953],[-8.64445,39.97762],[-8.64452,39.97618],[-8.64702,39.97529],[-8.64902,39.97341],[-8.64927,39.97254],[-8.65344,39.97004],[-8.65487,39.96975],[-8.6575,39.96846],[-8.66123,39.96775],[-8.6647,39.96597],[-8.6683,39.96493],[-8.66957,39.9638],[-8.67307,39.96193],[-8.67314,39.95835],[-8.6734,39.95688],[-8.67213,39.95349],[-8.67187,39.95197],[-8.6724,39.94852],[-8.67308,39.94593],[-8.67414,39.94626],[-8.67996,39.94143],[-8.68165,39.93985],[-8.6823,39.9371],[-8.68773,39.93687],[-8.69706,39.93692],[-8.69808,39.93759],[-8.69986,39.93765],[-8.70071,39.9382],[-8.70295,39.93846],[-8.70564,39.93827],[-8.70681,39.93963],[-8.70977,39.93938],[-8.71051,39.93823],[-8.71025,39.93663],[-8.71051,39.93419],[-8.71033,39.93256],[-8.70941,39.93157],[-8.70806,39.93095],[-8.70822,39.92963],[-8.70743,39.92855],[-8.70771,39.92613],[-8.70924,39.92519],[-8.71099,39.92252],[-8.71305,39.92102],[-8.71475,39.91891],[-8.71529,39.9177],[-8.71642,39.91727],[-8.71829,39.91508],[-8.71763,39.91329],[-8.71809,39.9125],[-8.71973,39.91141],[-8.72105,39.90988],[-8.72127,39.90846],[-8.72211,39.90751],[-8.7232,39.90332],[-8.72178,39.9028],[-8.72168,39.90203],[-8.71631,39.89962],[-8.7149,39.89966],[-8.70913,39.89585],[-8.7061,39.89206],[-8.70338,39.89201],[-8.70181,39.89115],[-8.69935,39.89078],[-8.69737,39.89116],[-8.69533,39.89072],[-8.69473,39.89162],[-8.69297,39.89036],[-8.69058,39.89103],[-8.69017,39.89038],[-8.6918,39.88893],[-8.69251,39.88775],[-8.69414,39.88365],[-8.69458,39.881],[-8.69599,39.87984],[-8.69807,39.87946],[-8.69867,39.87875],[-8.71128,39.86733],[-8.71375,39.86136],[-8.71647,39.85392],[-8.72461,39.85395],[-8.72564,39.85259],[-8.7274,39.84874],[-8.72633,39.84153],[-8.72938,39.83929],[-8.72792,39.83522],[-8.72662,39.83422],[-8.72609,39.83254],[-8.72624,39.8315],[-8.72969,39.82835],[-8.72734,39.82585],[-8.72809,39.82334],[-8.72899,39.8222],[-8.7301,39.8219],[-8.73197,39.82277],[-8.7333,39.8224],[-8.73382,39.82152],[-8.73525,39.82085],[-8.736,39.81993],[-8.7413,39.82002],[-8.74288,39.8203],[-8.74402,39.82189],[-8.74554,39.81997],[-8.74568,39.82239],[-8.74786,39.82304],[-8.7491,39.8225],[-8.75196,39.82282],[-8.75443,39.82248],[-8.75536,39.82042],[-8.75834,39.82258],[-8.76359,39.82478],[-8.76487,39.82433],[-8.77058,39.8263],[-8.77113,39.82688],[-8.76996,39.82806],[-8.77029,39.82966],[-8.77295,39.83112],[-8.7751,39.83052],[-8.77472,39.83235],[-8.77349,39.83339],[-8.77199,39.83756],[-8.77104,39.83812],[-8.77035,39.83951],[-8.77089,39.84096],[-8.7704,39.84283],[-8.77119,39.8452],[-8.76995,39.84631],[-8.76765,39.84618],[-8.76711,39.84745],[-8.76866,39.84785],[-8.76964,39.84966],[-8.76864,39.84982],[-8.76818,39.85205],[-8.76746,39.85255],[-8.76733,39.85473],[-8.76776,39.85589],[-8.76694,39.85702],[-8.76691,39.8586],[-8.7674,39.85993],[-8.76723,39.86131],[-8.76619,39.86327],[-8.76321,39.86662],[-8.76098,39.8684],[-8.76034,39.86979],[-8.75843,39.87072],[-8.75502,39.87508],[-8.76298,39.87365],[-8.77731,39.87145],[-8.7801,39.87159],[-8.78281,39.87118],[-8.78653,39.87006],[-8.79257,39.86963],[-8.79354,39.86925],[-8.79665,39.86977],[-8.79891,39.86929],[-8.79995,39.86745],[-8.80149,39.86748],[-8.80676,39.86587],[-8.80908,39.8641],[-8.81019,39.8648],[-8.81018,39.86614],[-8.8113,39.86806],[-8.81426,39.86748],[-8.81603,39.86785],[-8.81795,39.86738],[-8.8221,39.86711],[-8.82417,39.86591],[-8.82596,39.86532],[-8.82643,39.86416],[-8.82867,39.86343],[-8.83132,39.86154],[-8.83201,39.86198],[-8.83541,39.86201],[-8.83793,39.86113],[-8.839,39.86277],[-8.8418,39.86305],[-8.84478,39.86418],[-8.84748,39.85759],[-8.84815,39.85211],[-8.85085,39.85247],[-8.85226,39.85237],[-8.85244,39.84997],[-8.85377,39.84776],[-8.85838,39.84233],[-8.8598,39.83955],[-8.86015,39.83666],[-8.85925,39.82791],[-8.85898,39.82641],[-8.85786,39.82311],[-8.8601,39.8234],[-8.86217,39.82165],[-8.86724,39.81943],[-8.86843,39.81994],[-8.87073,39.81971],[-8.87283,39.81997],[-8.87466,39.82054],[-8.87697,39.82013],[-8.87805,39.81887],[-8.88019,39.81739],[-8.88449,39.81518],[-8.88617,39.81491],[-8.89237,39.81484],[-8.89514,39.81427],[-8.90228,39.81132],[-8.90651,39.80362],[-8.91177,39.80121],[-8.9105,39.7997],[-8.90628,39.79375],[-8.90621,39.78807],[-8.90447,39.78523],[-8.90338,39.78391],[-8.90214,39.78329],[-8.89774,39.7817],[-8.89549,39.78424],[-8.89414,39.78373],[-8.89303,39.7824],[-8.88858,39.78217],[-8.88657,39.78322],[-8.8843,39.78372],[-8.88057,39.77938],[-8.87435,39.77743],[-8.86885,39.77556],[-8.86802,39.77341],[-8.86861,39.77061],[-8.86862,39.76811],[-8.87047,39.76594],[-8.8706,39.76511],[-8.87217,39.76384],[-8.87247,39.76094],[-8.87402,39.75894],[-8.87362,39.75725],[-8.8763,39.75508],[-8.87609,39.75394],[-8.87685,39.75267],[-8.8766,39.75008],[-8.87401,39.74256],[-8.8763,39.74214],[-8.8793,39.74118],[-8.88226,39.73909],[-8.88383,39.73853],[-8.88515,39.73731],[-8.88803,39.7341],[-8.89126,39.72968],[-8.89329,39.72755],[-8.89566,39.72583],[-8.90023,39.72379],[-8.90111,39.72488],[-8.90353,39.7258],[-8.90736,39.72773],[-8.90954,39.72551],[-8.91094,39.72455],[-8.91205,39.72456],[-8.91282,39.72126],[-8.91428,39.72055],[-8.91708,39.72036],[-8.91639,39.71832],[-8.91603,39.71525],[-8.91533,39.71429],[-8.91668,39.71352],[-8.92051,39.71481],[-8.92297,39.71474],[-8.92379,39.71384],[-8.92334,39.71191],[-8.921,39.70376],[-8.92342,39.69973],[-8.92489,39.6979],[-8.92712,39.69597],[-8.93363,39.69444],[-8.9333,39.69383],[-8.93587,39.69222],[-8.93526,39.69141],[-8.93248,39.68946],[-8.93409,39.68778],[-8.94052,39.68653],[-8.93851,39.68206],[-8.94125,39.68119],[-8.9406,39.67862],[-8.94159,39.67727],[-8.94125,39.67661],[-8.93913,39.67697],[-8.93876,39.67513],[-8.93905,39.67362],[-8.93685,39.67168],[-8.93608,39.67259],[-8.9323,39.67164],[-8.93271,39.67048],[-8.93076,39.66951],[-8.92893,39.66953],[-8.9281,39.66843],[-8.92646,39.66845],[-8.92549,39.66771],[-8.92493,39.66628],[-8.92035,39.66624],[-8.91887,39.66647],[-8.91645,39.66768],[-8.91522,39.6653],[-8.91601,39.66282],[-8.91481,39.66154],[-8.91506,39.66097],[-8.91475,39.65845],[-8.91671,39.65597],[-8.91542,39.65389],[-8.91519,39.65261],[-8.9132,39.65175],[-8.91198,39.65182],[-8.91176,39.65072],[-8.91253,39.64991],[-8.90967,39.64892],[-8.91144,39.64664],[-8.9117,39.6452],[-8.91378,39.64429],[-8.913,39.64192],[-8.9139,39.64122],[-8.91709,39.64141],[-8.91761,39.64275],[-8.91917,39.64327],[-8.92238,39.64383],[-8.92375,39.64498],[-8.92738,39.64917],[-8.93025,39.649],[-8.93158,39.65011],[-8.93581,39.64926],[-8.93886,39.64935],[-8.94269,39.64887],[-8.94347,39.64846],[-8.94444,39.64953],[-8.94587,39.64989],[-8.94774,39.65242],[-8.94876,39.65279],[-8.95303,39.64886],[-8.95626,39.64823],[-8.95716,39.64955],[-8.95709,39.65035],[-8.95595,39.6524],[-8.96441,39.65115],[-8.96536,39.64955],[-8.96578,39.64741],[-8.96859,39.64483],[-8.97096,39.64471],[-8.97423,39.63889],[-8.98324,39.62912],[-8.98303,39.61804],[-8.98491,39.61017],[-8.99604,39.61434],[-8.99616,39.61536],[-8.99821,39.61505],[-8.9978,39.6106],[-8.99628,39.60814],[-8.99764,39.60788],[-8.9963,39.60517],[-8.9922,39.60197],[-8.993,39.60014],[-8.99436,39.59821],[-8.99432,39.59669],[-8.99233,39.59793],[-8.99053,39.598],[-8.9895,39.59627],[-8.9896,39.59451],[-8.99062,39.59417],[-8.9908,39.59124],[-8.98937,39.58804],[-8.98971,39.5856],[-8.98912,39.58414],[-8.98982,39.58318],[-8.99274,39.58247],[-8.99348,39.58159],[-8.99451,39.57755],[-8.99662,39.57628],[-8.99729,39.57454],[-8.99854,39.57272],[-8.99947,39.57208],[-9.00256,39.57117],[-9.00371,39.57057],[-9.00456,39.57119],[-9.00992,39.57398],[-9.01249,39.57489],[-9.02107,39.57725],[-9.02458,39.57786],[-9.03142,39.57799],[-9.03501,39.57724],[-9.03748,39.57724],[-9.0456,39.57511],[-9.04797,39.57477],[-9.05043,39.57477],[-9.05395,39.57384],[-9.0569,39.57262],[-9.05927,39.57271],[-9.06194,39.5725],[-9.0663,39.57259],[-9.06614,39.57183],[-9.06354,39.56928],[-9.06226,39.56635],[-9.06226,39.56318],[-9.06055,39.56037],[-9.06031,39.5588],[-9.06074,39.5577],[-9.064,39.55553],[-9.06534,39.55411],[-9.06596,39.55241],[-9.06548,39.54815],[-9.06564,39.54561],[-9.06629,39.54409],[-9.06691,39.54011],[-9.06604,39.5381],[-9.06519,39.53709],[-9.06342,39.53609],[-9.05975,39.53221],[-9.06201,39.53236],[-9.06343,39.53188],[-9.06278,39.53051],[-9.06386,39.52997],[-9.06184,39.52755],[-9.06171,39.52643],[-9.06281,39.52427],[-9.06234,39.52175],[-9.06115,39.52027],[-9.06131,39.51945],[-9.06329,39.51736],[-9.0652,39.51578],[-9.06625,39.51406],[-9.06928,39.51294],[-9.07087,39.51194],[-9.07348,39.51104],[-9.07472,39.51175],[-9.07799,39.51214],[-9.07978,39.51311],[-9.08486,39.51534],[-9.08906,39.51592],[-9.091,39.51781],[-9.09512,39.51901],[-9.09599,39.51886],[-9.1002,39.51484],[-9.10269,39.51283],[-9.1037,39.51164],[-9.10446,39.50966],[-9.10646,39.50814],[-9.11006,39.50708],[-9.11683,39.50556],[-9.12202,39.50357],[-9.12525,39.501],[-9.1264,39.49909],[-9.12854,39.49633],[-9.13042,39.49518],[-9.1415,39.49402],[-9.14018,39.49004],[-9.13823,39.48854],[-9.13835,39.48632],[-9.13432,39.48437],[-9.12501,39.47897],[-9.12415,39.47892],[-9.12312,39.4747],[-9.12166,39.46797],[-9.12064,39.46211],[-9.11878,39.4592],[-9.11983,39.45804],[-9.12091,39.45531],[-9.12236,39.45235],[-9.12216,39.4505],[-9.11993,39.44924],[-9.11832,39.44882],[-9.11779,39.44816],[-9.11632,39.44608],[-9.11641,39.44514],[-9.11543,39.44401],[-9.11405,39.44349],[-9.1113,39.4412],[-9.11082,39.44012],[-9.11095,39.43753],[-9.10916,39.43476],[-9.10503,39.43352],[-9.1042,39.43246],[-9.10481,39.43082],[-9.10651,39.42911],[-9.10655,39.42833],[-9.10353,39.42751],[-9.10262,39.42686],[-9.10008,39.42612],[-9.09757,39.42441],[-9.09638,39.42186],[-9.09515,39.42126],[-9.09482,39.42016],[-9.093,39.41833],[-9.09481,39.41776],[-9.09706,39.41756],[-9.09865,39.41699],[-9.09872,39.41594],[-9.09998,39.41451],[-9.10138,39.41413],[-9.10432,39.41427],[-9.10802,39.41352],[-9.10917,39.41273],[-9.10945,39.40985],[-9.10918,39.4084],[-9.106,39.40679],[-9.10201,39.40501],[-9.10114,39.40401],[-9.10304,39.40233],[-9.1015,39.40201],[-9.10249,39.40078],[-9.1011,39.40018],[-9.09601,39.39464],[-9.09499,39.39581],[-9.09055,39.398],[-9.08417,39.40257],[-9.08178,39.40407],[-9.08021,39.40453],[-9.07802,39.40465],[-9.07656,39.40514],[-9.0735,39.40529],[-9.07329,39.40806],[-9.07238,39.40938],[-9.06972,39.41201],[-9.06821,39.41273],[-9.06754,39.41367],[-9.06586,39.41449],[-9.06527,39.41548],[-9.06068,39.41624],[-9.05935,39.41674],[-9.05694,39.41688],[-9.05571,39.41661],[-9.05291,39.41691],[-9.05082,39.4177],[-9.05,39.41883],[-9.04978,39.4209],[-9.04866,39.42298],[-9.04655,39.42257],[-9.04527,39.42275],[-9.03976,39.41888],[-9.03816,39.41877],[-9.03608,39.42002],[-9.03222,39.42342],[-9.03019,39.42327],[-9.02811,39.42362],[-9.02567,39.42316],[-9.02456,39.42337],[-9.02304,39.42245],[-9.02209,39.42247],[-9.01883,39.42036],[-9.01786,39.41934],[-9.01589,39.41823],[-9.01307,39.41592],[-9.00807,39.41213],[-9.00691,39.41036],[-9.00306,39.40711],[-8.99906,39.40527],[-8.99875,39.40373],[-8.99733,39.40251],[-8.99494,39.40229],[-8.99382,39.40282],[-8.9931,39.40175],[-8.99191,39.40284],[-8.99046,39.40342],[-8.98892,39.40329],[-8.98691,39.40393],[-8.98595,39.40192],[-8.98712,39.40111],[-8.986,39.40007],[-8.98646,39.39889],[-8.98863,39.40013],[-8.98953,39.39971],[-8.99039,39.39757],[-8.98932,39.39705],[-8.98745,39.39485],[-8.98619,39.39416],[-8.98697,39.39335],[-8.98578,39.39089],[-8.98382,39.38979],[-8.98289,39.38861],[-8.9825,39.38703],[-8.98358,39.38482]]]},"properties":{"idApp":923010,"aopId":"encostas-daire","name":"Encostas d'Aire","nameJa":"エンコスタス・ダイレ","kind":"regional","tags":[],"rank":0},"bbox":[-9.1415,39.38482,-8.42309,39.99149]},{"type":"Feature","geometry":{"type":"Polygon","coordinates":[[[-8.30842,40.59641],[-8.30872,40.59655],[-8.31136,40.60283],[-8.31478,40.60671],[-8.31445,40.60767],[-8.31762,40.60991],[-8.31887,40.60904],[-8.3206,40.61008],[-8.32188,40.61015],[-8.32536,40.60927],[-8.32784,40.60723],[-8.33131,40.60714],[-8.33707,40.60512],[-8.33765,40.60534],[-8.33937,40.60428],[-8.34094,40.60428],[-8.34193,40.60361],[-8.34541,40.60286],[-8.34963,40.60246],[-8.35121,40.60134],[-8.35221,40.60162],[-8.35491,40.60103],[-8.35637,40.6004],[-8.36039,40.5994],[-8.36242,40.59926],[-8.3646,40.59839],[-8.36667,40.59928],[-8.37027,40.59973],[-8.37184,40.59957],[-8.37472,40.60073],[-8.37639,40.60053],[-8.37685,40.60144],[-8.37513,40.60318],[-8.37762,40.60677],[-8.37779,40.60815],[-8.3771,40.60891],[-8.37517,40.60921],[-8.37979,40.6125],[-8.38097,40.61389],[-8.38296,40.61434],[-8.38357,40.61527],[-8.38487,40.61568],[-8.38638,40.61701],[-8.38639,40.61811],[-8.3893,40.62309],[-8.39463,40.62801],[-8.40517,40.63239],[-8.40439,40.63332],[-8.40176,40.63289],[-8.39987,40.63328],[-8.39877,40.63435],[-8.3963,40.6342],[-8.39433,40.63465],[-8.39364,40.63383],[-8.39086,40.63276],[-8.38935,40.63175],[-8.38664,40.63096],[-8.38584,40.62996],[-8.38435,40.63002],[-8.38168,40.62899],[-8.37988,40.62881],[-8.37873,40.62805],[-8.37737,40.62843],[-8.37552,40.63058],[-8.37422,40.6309],[-8.37319,40.63202],[-8.37128,40.63277],[-8.37061,40.63457],[-8.36978,40.63556],[-8.36745,40.63573],[-8.36734,40.63659],[-8.36427,40.63885],[-8.36286,40.63945],[-8.36153,40.64128],[-8.35977,40.64207],[-8.35888,40.64358],[-8.35795,40.64398],[-8.35555,40.64394],[-8.35279,40.64614],[-8.35253,40.64717],[-8.35997,40.6505],[-8.36108,40.6512],[-8.36304,40.65345],[-8.36404,40.65547],[-8.36398,40.65951],[-8.36523,40.66054],[-8.36806,40.66193],[-8.36898,40.66329],[-8.37219,40.66668],[-8.3741,40.66809],[-8.37663,40.66617],[-8.37855,40.66666],[-8.37957,40.66491],[-8.38224,40.66597],[-8.38445,40.66433],[-8.38736,40.66516],[-8.39024,40.66487],[-8.39114,40.66626],[-8.39367,40.6673],[-8.39394,40.6683],[-8.39549,40.66921],[-8.39632,40.66884],[-8.3984,40.66687],[-8.39909,40.66515],[-8.40044,40.66501],[-8.4038,40.66643],[-8.40474,40.66573],[-8.40472,40.66466],[-8.40606,40.66409],[-8.40699,40.66471],[-8.40843,40.66426],[-8.4091,40.6633],[-8.41032,40.66275],[-8.41328,40.66308],[-8.4161,40.66294],[-8.41828,40.66182],[-8.41874,40.66071],[-8.42225,40.65988],[-8.42563,40.65796],[-8.42519,40.65566],[-8.42509,40.65195],[-8.42784,40.64859],[-8.4307,40.64635],[-8.43273,40.64559],[-8.43365,40.64445],[-8.43662,40.64489],[-8.43831,40.64463],[-8.43911,40.64369],[-8.44042,40.64081],[-8.44076,40.63882],[-8.44142,40.63743],[-8.444,40.63755],[-8.44763,40.6383],[-8.4495,40.63827],[-8.45102,40.63649],[-8.45543,40.63551],[-8.45405,40.63213],[-8.46012,40.62773],[-8.46004,40.62621],[-8.45805,40.62311],[-8.45826,40.62119],[-8.4577,40.61919],[-8.45567,40.61654],[-8.45331,40.61416],[-8.45379,40.6124],[-8.45293,40.61142],[-8.4536,40.60652],[-8.45345,40.6032],[-8.45243,40.60291],[-8.44963,40.60096],[-8.44631,40.59956],[-8.44505,40.59879],[-8.44388,40.599],[-8.44631,40.59601],[-8.44946,40.59548],[-8.45223,40.59592],[-8.45604,40.59479],[-8.4594,40.59416],[-8.46252,40.59424],[-8.46891,40.59575],[-8.47089,40.59581],[-8.47372,40.59749],[-8.4744,40.59821],[-8.47637,40.5983],[-8.47877,40.5975],[-8.47983,40.59829],[-8.48193,40.59861],[-8.48507,40.5977],[-8.48609,40.59705],[-8.48953,40.59724],[-8.4916,40.5963],[-8.49565,40.5977],[-8.49696,40.59871],[-8.49944,40.60162],[-8.50052,40.60202],[-8.50215,40.60376],[-8.50355,40.60436],[-8.50467,40.60179],[-8.50862,40.60308],[-8.51074,40.60288],[-8.51294,40.60323],[-8.51491,40.60504],[-8.5152,40.60601],[-8.51781,40.60685],[-8.51755,40.60791],[-8.5205,40.60947],[-8.52343,40.60936],[-8.52234,40.6068],[-8.5222,40.60561],[-8.52284,40.60362],[-8.52464,40.60338],[-8.52527,40.60274],[-8.52567,40.60066],[-8.52793,40.60024],[-8.53383,40.60013],[-8.53903,40.59851],[-8.54028,40.59868],[-8.54389,40.59822],[-8.54459,40.59894],[-8.549,40.59859],[-8.5503,40.59899],[-8.5505,40.60036],[-8.55204,40.60146],[-8.55471,40.60042],[-8.55595,40.60083],[-8.55689,40.59989],[-8.56225,40.5971],[-8.56431,40.59725],[-8.56591,40.597],[-8.56924,40.59731],[-8.57158,40.59819],[-8.57255,40.59757],[-8.57383,40.59783],[-8.57337,40.60151],[-8.57464,40.60167],[-8.57549,40.60007],[-8.57822,40.59893],[-8.57945,40.59662],[-8.58114,40.59688],[-8.58374,40.59471],[-8.58604,40.59455],[-8.58687,40.59326],[-8.58701,40.59165],[-8.59173,40.58629],[-8.59343,40.58476],[-8.59657,40.58436],[-8.59608,40.58248],[-8.59879,40.58165],[-8.60132,40.58278],[-8.6065,40.58049],[-8.6064,40.57735],[-8.60575,40.57347],[-8.60502,40.5723],[-8.60674,40.57002],[-8.60882,40.5681],[-8.60865,40.57057],[-8.61043,40.57232],[-8.61287,40.57314],[-8.61506,40.5742],[-8.6168,40.57444],[-8.61875,40.57371],[-8.62204,40.57433],[-8.624,40.57389],[-8.6249,40.57286],[-8.62482,40.57173],[-8.62649,40.5717],[-8.62976,40.57209],[-8.63381,40.57131],[-8.63509,40.57028],[-8.6379,40.56627],[-8.64276,40.56616],[-8.64855,40.56581],[-8.65006,40.56745],[-8.65603,40.56696],[-8.65693,40.56569],[-8.65983,40.56576],[-8.66163,40.56666],[-8.66443,40.56683],[-8.66678,40.56837],[-8.66888,40.56756],[-8.6702,40.56742],[-8.6716,40.56611],[-8.67299,40.56544],[-8.67686,40.56244],[-8.67624,40.56143],[-8.67565,40.5577],[-8.6744,40.55595],[-8.67284,40.55549],[-8.67185,40.55587],[-8.67077,40.55478],[-8.6705,40.55222],[-8.67076,40.55145],[-8.67379,40.54901],[-8.67419,40.54841],[-8.67484,40.54536],[-8.67446,40.54274],[-8.67438,40.5392],[-8.67149,40.53778],[-8.66793,40.53712],[-8.66692,40.53364],[-8.66855,40.53158],[-8.66954,40.53118],[-8.66914,40.52943],[-8.66591,40.52831],[-8.6645,40.52665],[-8.66368,40.52495],[-8.66583,40.52405],[-8.66542,40.52091],[-8.6638,40.51992],[-8.66292,40.51996],[-8.66129,40.51864],[-8.66118,40.51784],[-8.6642,40.51733],[-8.66554,40.51643],[-8.66545,40.51425],[-8.6643,40.51353],[-8.66355,40.51236],[-8.66082,40.51189],[-8.6601,40.51141],[-8.65973,40.50924],[-8.66066,40.50899],[-8.66176,40.50677],[-8.6602,40.50607],[-8.65958,40.50428],[-8.65757,40.50359],[-8.65606,40.50266],[-8.65311,40.50225],[-8.65132,40.5015],[-8.65171,40.49842],[-8.65455,40.49565],[-8.65495,40.49476],[-8.65542,40.49112],[-8.6576,40.49228],[-8.65941,40.49228],[-8.66086,40.49137],[-8.66245,40.491],[-8.66329,40.49191],[-8.66435,40.491],[-8.66618,40.491],[-8.66806,40.49142],[-8.67171,40.48982],[-8.67287,40.48974],[-8.68064,40.49354],[-8.68236,40.48749],[-8.68084,40.48537],[-8.68124,40.4832],[-8.68195,40.48199],[-8.68226,40.48034],[-8.68193,40.47905],[-8.68219,40.47757],[-8.68334,40.47569],[-8.68283,40.47466],[-8.68285,40.4725],[-8.68333,40.47066],[-8.68407,40.46947],[-8.68287,40.4651],[-8.68164,40.46325],[-8.68775,40.46475],[-8.69434,40.46088],[-8.70031,40.45769],[-8.69001,40.44785],[-8.68998,40.44753],[-8.68712,40.44468],[-8.68614,40.44403],[-8.68387,40.44175],[-8.68587,40.44051],[-8.68724,40.4401],[-8.68334,40.43633],[-8.68393,40.43399],[-8.68515,40.43189],[-8.68416,40.4287],[-8.68349,40.42881],[-8.68226,40.42744],[-8.68197,40.42419],[-8.68394,40.42375],[-8.68696,40.42482],[-8.69101,40.42449],[-8.69223,40.4248],[-8.69265,40.42313],[-8.69243,40.42032],[-8.69108,40.41849],[-8.68992,40.41441],[-8.68819,40.41321],[-8.68774,40.41045],[-8.68709,40.40892],[-8.68747,40.40687],[-8.69,40.40462],[-8.69124,40.40294],[-8.69416,40.40104],[-8.69646,40.40023],[-8.69654,40.39869],[-8.69741,40.39853],[-8.69937,40.39471],[-8.69862,40.39231],[-8.6997,40.39151],[-8.70049,40.38939],[-8.70217,40.38781],[-8.70197,40.38558],[-8.70147,40.38505],[-8.70188,40.38161],[-8.70338,40.37942],[-8.70281,40.37833],[-8.70365,40.37559],[-8.70568,40.37244],[-8.70823,40.37161],[-8.71221,40.37174],[-8.71346,40.371],[-8.71708,40.37147],[-8.7186,40.37194],[-8.72422,40.37225],[-8.72635,40.37196],[-8.72515,40.3703],[-8.72085,40.36799],[-8.71975,40.36661],[-8.71975,40.36498],[-8.72336,40.36],[-8.7239,40.35797],[-8.7228,40.35662],[-8.72301,40.35551],[-8.72206,40.35456],[-8.72367,40.35247],[-8.72517,40.35144],[-8.72446,40.34988],[-8.72502,40.34816],[-8.72598,40.34679],[-8.72582,40.34417],[-8.72481,40.34224],[-8.72476,40.34043],[-8.72533,40.33891],[-8.72427,40.33697],[-8.72777,40.3355],[-8.72878,40.33422],[-8.72751,40.33308],[-8.72867,40.33269],[-8.73035,40.3311],[-8.73185,40.33059],[-8.73338,40.32915],[-8.7339,40.32564],[-8.73521,40.32549],[-8.73513,40.32436],[-8.73809,40.32332],[-8.73962,40.32181],[-8.74271,40.32014],[-8.74216,40.31807],[-8.74377,40.3179],[-8.74392,40.31677],[-8.74575,40.31125],[-8.74524,40.31104],[-8.7381,40.30993],[-8.7295,40.30823],[-8.72776,40.30684],[-8.72579,40.30607],[-8.72311,40.30586],[-8.72191,40.30527],[-8.71306,40.30535],[-8.70708,40.30489],[-8.6978,40.30444],[-8.69252,40.30389],[-8.68732,40.30175],[-8.68515,40.30198],[-8.68375,40.30177],[-8.67816,40.29997],[-8.67509,40.29986],[-8.66834,40.29924],[-8.65768,40.29928],[-8.65447,40.29953],[-8.65295,40.29848],[-8.65086,40.29803],[-8.65036,40.29991],[-8.64724,40.3013],[-8.64423,40.30184],[-8.64151,40.30117],[-8.63803,40.30129],[-8.63622,40.30034],[-8.63377,40.30356],[-8.63301,40.30293],[-8.63107,40.30018],[-8.62969,40.29691],[-8.62876,40.29643],[-8.63157,40.29295],[-8.62639,40.2897],[-8.62375,40.2879],[-8.61437,40.28224],[-8.61324,40.28055],[-8.61523,40.27878],[-8.61606,40.27757],[-8.61826,40.27684],[-8.61481,40.27416],[-8.61288,40.27411],[-8.6089,40.27324],[-8.60859,40.27228],[-8.60669,40.27319],[-8.60403,40.27398],[-8.60289,40.27471],[-8.59929,40.27592],[-8.59752,40.2776],[-8.59656,40.27992],[-8.59565,40.28094],[-8.59391,40.2817],[-8.58916,40.28225],[-8.58796,40.28265],[-8.58706,40.28373],[-8.58577,40.2843],[-8.5828,40.28621],[-8.57755,40.2883],[-8.57605,40.28815],[-8.57504,40.28911],[-8.57385,40.28914],[-8.57269,40.29101],[-8.56972,40.29217],[-8.56783,40.29198],[-8.56611,40.29226],[-8.56517,40.29126],[-8.5616,40.29012],[-8.5627,40.28912],[-8.5651,40.28779],[-8.56462,40.28392],[-8.56323,40.28101],[-8.56268,40.27786],[-8.5618,40.27621],[-8.56187,40.27495],[-8.56293,40.27374],[-8.56052,40.2723],[-8.56045,40.27033],[-8.56079,40.26849],[-8.56032,40.26698],[-8.55831,40.26505],[-8.55687,40.26255],[-8.55523,40.2613],[-8.55521,40.26059],[-8.55349,40.25916],[-8.55285,40.25779],[-8.55354,40.2546],[-8.55344,40.2534],[-8.5513,40.25181],[-8.54926,40.25156],[-8.54811,40.25189],[-8.54636,40.25154],[-8.54502,40.24912],[-8.54261,40.24694],[-8.54126,40.2453],[-8.53095,40.25141],[-8.52596,40.2534],[-8.5207,40.25572],[-8.51673,40.25538],[-8.51272,40.2528],[-8.5114,40.25257],[-8.50865,40.25122],[-8.50466,40.24998],[-8.50317,40.2487],[-8.50168,40.24682],[-8.50082,40.24906],[-8.50159,40.2541],[-8.50048,40.25599],[-8.49825,40.254],[-8.49619,40.25149],[-8.49615,40.25063],[-8.49491,40.24949],[-8.49682,40.24647],[-8.4997,40.24241],[-8.50023,40.24195],[-8.49442,40.23426],[-8.49112,40.23573],[-8.48964,40.23603],[-8.48891,40.23466],[-8.48673,40.23467],[-8.48327,40.2332],[-8.48203,40.23304],[-8.47855,40.23405],[-8.47462,40.237],[-8.47094,40.23943],[-8.47006,40.23957],[-8.46577,40.23881],[-8.4657,40.2406],[-8.46642,40.24274],[-8.46322,40.24354],[-8.45724,40.24554],[-8.45247,40.24767],[-8.45148,40.24847],[-8.44473,40.24868],[-8.44231,40.24981],[-8.4424,40.25061],[-8.44366,40.25307],[-8.44409,40.25659],[-8.44385,40.25761],[-8.44126,40.25717],[-8.43934,40.25944],[-8.43665,40.26215],[-8.43374,40.26361],[-8.43204,40.26402],[-8.42996,40.26397],[-8.42837,40.26537],[-8.4265,40.26612],[-8.42459,40.26601],[-8.42186,40.26504],[-8.41802,40.2651],[-8.4175,40.2679],[-8.41808,40.26903],[-8.41755,40.2715],[-8.41951,40.27233],[-8.41559,40.27425],[-8.41192,40.27926],[-8.40969,40.28165],[-8.40847,40.28232],[-8.40639,40.28218],[-8.40299,40.28031],[-8.39961,40.28094],[-8.3977,40.28062],[-8.39646,40.28165],[-8.39402,40.28245],[-8.39315,40.28361],[-8.39124,40.2831],[-8.3905,40.28249],[-8.38849,40.28373],[-8.38948,40.28564],[-8.38858,40.28828],[-8.38965,40.29058],[-8.38893,40.29319],[-8.38779,40.294],[-8.38598,40.29691],[-8.38449,40.29788],[-8.38547,40.29877],[-8.38628,40.30319],[-8.3872,40.30469],[-8.38718,40.30616],[-8.38869,40.31089],[-8.3896,40.31249],[-8.38687,40.31328],[-8.38543,40.31521],[-8.38399,40.3152],[-8.38289,40.31584],[-8.38253,40.31757],[-8.37899,40.31722],[-8.37813,40.31643],[-8.37536,40.3166],[-8.374,40.31817],[-8.37416,40.31919],[-8.37202,40.31922],[-8.37086,40.32036],[-8.37092,40.32127],[-8.36785,40.32613],[-8.36809,40.32732],[-8.36904,40.32884],[-8.37164,40.3318],[-8.37524,40.33547],[-8.37585,40.33637],[-8.37533,40.3413],[-8.37336,40.34199],[-8.37038,40.34381],[-8.36966,40.34477],[-8.36686,40.34529],[-8.36356,40.34619],[-8.35786,40.34741],[-8.35723,40.34809],[-8.3568,40.35207],[-8.3558,40.35604],[-8.35468,40.36186],[-8.35622,40.36723],[-8.35899,40.36892],[-8.35945,40.37176],[-8.3591,40.37385],[-8.3584,40.3756],[-8.35565,40.37697],[-8.35441,40.37798],[-8.35601,40.3808],[-8.35571,40.38209],[-8.35475,40.38319],[-8.35423,40.38523],[-8.35455,40.386],[-8.35539,40.39064],[-8.35376,40.39192],[-8.3546,40.39382],[-8.35452,40.39524],[-8.35021,40.39694],[-8.35128,40.39819],[-8.35213,40.39994],[-8.35241,40.40179],[-8.35196,40.40325],[-8.35401,40.40539],[-8.35487,40.40886],[-8.34929,40.40973],[-8.34578,40.41053],[-8.34348,40.41252],[-8.34298,40.41377],[-8.34196,40.41456],[-8.33805,40.41881],[-8.33964,40.42025],[-8.34045,40.42189],[-8.34483,40.42304],[-8.34448,40.42481],[-8.34086,40.42868],[-8.3374,40.43006],[-8.33499,40.43411],[-8.3317,40.43652],[-8.33184,40.4372],[-8.32898,40.43817],[-8.3264,40.44005],[-8.32422,40.44015],[-8.32094,40.43942],[-8.31919,40.43989],[-8.31758,40.4412],[-8.31924,40.44468],[-8.31994,40.44778],[-8.31987,40.45051],[-8.31835,40.45195],[-8.31805,40.45343],[-8.31904,40.45745],[-8.32139,40.46001],[-8.32265,40.46217],[-8.32317,40.46367],[-8.32811,40.46728],[-8.32873,40.46847],[-8.32815,40.46955],[-8.32918,40.47057],[-8.33055,40.47079],[-8.33186,40.47158],[-8.33427,40.47455],[-8.33464,40.47875],[-8.3356,40.48105],[-8.33274,40.48188],[-8.33473,40.48279],[-8.33367,40.48513],[-8.33554,40.48579],[-8.33355,40.48714],[-8.33351,40.48788],[-8.33126,40.48934],[-8.33108,40.49092],[-8.33027,40.49299],[-8.32872,40.49304],[-8.32801,40.49223],[-8.32584,40.49174],[-8.32355,40.49269],[-8.32189,40.4929],[-8.32033,40.49359],[-8.31721,40.49408],[-8.314,40.49491],[-8.31327,40.49564],[-8.31,40.49625],[-8.30514,40.49768],[-8.30342,40.4988],[-8.29933,40.49915],[-8.29713,40.50108],[-8.29544,40.50143],[-8.29397,40.50287],[-8.29026,40.50547],[-8.28899,40.50692],[-8.28692,40.50686],[-8.28616,40.50764],[-8.28285,40.50917],[-8.27721,40.50788],[-8.27404,40.50792],[-8.27189,40.50662],[-8.26827,40.50537],[-8.26587,40.50343],[-8.26383,40.50348],[-8.26271,40.50423],[-8.25994,40.50705],[-8.25645,40.50742],[-8.25383,40.50861],[-8.25286,40.5105],[-8.25009,40.5111],[-8.25052,40.51314],[-8.25043,40.51477],[-8.25269,40.51599],[-8.258,40.52134],[-8.26069,40.52239],[-8.26394,40.52922],[-8.26851,40.53297],[-8.27038,40.5351],[-8.27299,40.53693],[-8.27762,40.53599],[-8.27883,40.53614],[-8.28173,40.53798],[-8.28421,40.53845],[-8.28528,40.53965],[-8.28591,40.54215],[-8.28611,40.54466],[-8.28701,40.54717],[-8.28642,40.55019],[-8.28719,40.55391],[-8.28799,40.55577],[-8.28828,40.55746],[-8.28911,40.55948],[-8.28823,40.56078],[-8.28842,40.56283],[-8.28801,40.56535],[-8.28919,40.56879],[-8.29108,40.57032],[-8.29372,40.57196],[-8.29682,40.57539],[-8.29955,40.57782],[-8.30057,40.58079],[-8.30069,40.58232],[-8.30135,40.58411],[-8.30734,40.59405],[-8.30842,40.59641]]]},"properties":{"idApp":923008,"aopId":"bairrada","name":"Bairrada","nameJa":"バイラーダ","kind":"regional","tags":[],"rank":0},"bbox":[-8.74575,40.23304,-8.25009,40.66921]},{"type":"Feature","geometry":{"type":"Polygon","coordinates":[[[-8.9525,38.72388],[-8.95665,38.72246],[-8.95745,38.72355],[-8.96065,38.72336],[-8.96261,38.72609],[-8.96577,38.72568],[-8.96675,38.72751],[-8.96889,38.72729],[-8.97148,38.72635],[-8.97333,38.72626],[-8.97637,38.72558],[-8.97809,38.72478],[-8.9786,38.72572],[-8.9798,38.72519],[-8.98027,38.72364],[-8.9833,38.72359],[-8.98421,38.72504],[-8.98564,38.72384],[-8.99128,38.72048],[-8.99294,38.72048],[-8.9971,38.71999],[-9.00003,38.71901],[-9.00141,38.71913],[-9.00254,38.7184],[-9.00492,38.71801],[-9.00567,38.71858],[-9.0081,38.71715],[-9.01161,38.7199],[-9.01621,38.72137],[-9.01989,38.72373],[-9.02408,38.72573],[-9.02694,38.72522],[-9.03133,38.72382],[-9.03506,38.72205],[-9.03653,38.72162],[-9.03797,38.72048],[-9.04369,38.7171],[-9.04465,38.71603],[-9.04631,38.71309],[-9.04639,38.71182],[-9.04756,38.70831],[-9.04814,38.70557],[-9.04834,38.70327],[-9.04854,38.69632],[-9.04932,38.69283],[-9.04984,38.69161],[-9.04888,38.69036],[-9.04312,38.69181],[-9.04003,38.69755],[-9.03326,38.70066],[-9.02766,38.7007],[-9.01599,38.70136],[-9.01236,38.70272],[-9.00677,38.70372],[-9.00721,38.69971],[-9.0038,38.69916],[-9.00408,38.70202],[-8.99505,38.70018],[-8.99253,38.70099],[-8.99118,38.70215],[-8.98813,38.70225],[-8.98461,38.70178],[-8.97926,38.70201],[-8.97742,38.70088],[-8.97237,38.70096],[-8.9678,38.69943],[-8.96195,38.69851],[-8.95901,38.69701],[-8.95704,38.69435],[-8.9575,38.69206],[-8.95945,38.69281],[-8.96021,38.69548],[-8.96339,38.69641],[-8.97421,38.69775],[-8.97682,38.69744],[-8.97919,38.69513],[-8.98002,38.69182],[-8.97762,38.68839],[-8.97591,38.68668],[-8.97534,38.68497],[-8.9761,38.68404],[-8.97575,38.6813],[-8.97645,38.6772],[-8.97539,38.67261],[-8.97575,38.67082],[-8.97471,38.66849],[-8.97434,38.66664],[-8.97305,38.6647],[-8.97197,38.6639],[-8.97212,38.65889],[-8.97263,38.65576],[-8.9694,38.65509],[-8.96936,38.6539],[-8.96654,38.65554],[-8.9607,38.65678],[-8.95576,38.65646],[-8.95464,38.65488],[-8.95193,38.64907],[-8.94975,38.6466],[-8.94836,38.64466],[-8.94784,38.64258],[-8.94779,38.64075],[-8.94643,38.63886],[-8.94619,38.63784],[-8.94849,38.63333],[-8.94772,38.63268],[-8.94907,38.63041],[-8.95293,38.6262],[-8.95052,38.62561],[-8.95123,38.62436],[-8.95172,38.62169],[-8.95158,38.62051],[-8.9541,38.6183],[-8.95988,38.62496],[-8.9657,38.63027],[-8.96777,38.63188],[-8.97682,38.63497],[-8.9795,38.63605],[-8.98188,38.6348],[-8.98199,38.63188],[-8.9841,38.62552],[-8.97761,38.60827],[-8.98977,38.60725],[-8.99286,38.60623],[-8.99489,38.60621],[-8.99695,38.60516],[-8.999,38.60467],[-9.00526,38.60379],[-9.00649,38.60288],[-9.00965,38.60184],[-9.01245,38.60121],[-9.0125,38.59816],[-9.01204,38.59583],[-9.00568,38.59562],[-8.99786,38.59519],[-8.99714,38.59306],[-8.99869,38.59266],[-9.0076,38.59313],[-9.01312,38.59255],[-9.01773,38.58827],[-9.01901,38.58592],[-9.01679,38.5853],[-9.01873,38.58132],[-9.02283,38.58179],[-9.02326,38.57959],[-9.02585,38.57828],[-9.02708,38.57796],[-9.02926,38.57813],[-9.03173,38.5801],[-9.03317,38.57961],[-9.03418,38.58072],[-9.03732,38.57961],[-9.03557,38.57729],[-9.0346,38.57213],[-9.0329,38.56885],[-9.03233,38.5662],[-9.03162,38.56496],[-9.03181,38.5636],[-9.03436,38.55581],[-9.03424,38.55459],[-9.03491,38.55391],[-9.0356,38.55186],[-9.03795,38.55079],[-9.04082,38.54726],[-9.04158,38.54502],[-9.0434,38.54251],[-9.04507,38.5412],[-9.04533,38.54006],[-9.04499,38.53867],[-9.04787,38.53886],[-9.05105,38.53748],[-9.05324,38.53483],[-9.05506,38.53464],[-9.05983,38.53342],[-9.06259,38.53369],[-9.0659,38.53329],[-9.07088,38.53414],[-9.07282,38.53385],[-9.07456,38.53315],[-9.07718,38.53404],[-9.07962,38.53564],[-9.08278,38.53565],[-9.08313,38.53486],[-9.08834,38.53489],[-9.09053,38.53455],[-9.09369,38.53313],[-9.09498,38.53485],[-9.0961,38.53537],[-9.09995,38.53518],[-9.1006,38.53543],[-9.09871,38.54457],[-9.10084,38.55174],[-9.10634,38.55514],[-9.11164,38.5608],[-9.1143,38.56413],[-9.11833,38.56451],[-9.1205,38.56749],[-9.12371,38.5751],[-9.12489,38.57519],[-9.13342,38.57478],[-9.13709,38.57491],[-9.14059,38.57553],[-9.14561,38.57574],[-9.15484,38.5743],[-9.15975,38.57289],[-9.16286,38.57221],[-9.16518,38.57129],[-9.17514,38.56692],[-9.18268,38.56378],[-9.18335,38.56031],[-9.18462,38.55938],[-9.18661,38.55852],[-9.18399,38.55105],[-9.18782,38.55032],[-9.18696,38.54647],[-9.18567,38.54187],[-9.18504,38.53801],[-9.18355,38.53169],[-9.18289,38.52778],[-9.18256,38.52431],[-9.18262,38.519],[-9.18291,38.51224],[-9.18337,38.50472],[-9.18332,38.50305],[-9.18366,38.49531],[-9.18398,38.49092],[-9.18441,38.48845],[-9.18725,38.47877],[-9.18884,38.47382],[-9.19016,38.47059],[-9.19177,38.46824],[-9.19225,38.46656],[-9.19355,38.46423],[-9.19395,38.46208],[-9.19491,38.46124],[-9.19593,38.45945],[-9.19681,38.45908],[-9.19896,38.45669],[-9.19873,38.45499],[-9.19907,38.45355],[-9.20182,38.45238],[-9.20154,38.4505],[-9.20571,38.449],[-9.20637,38.44779],[-9.20597,38.44655],[-9.20751,38.44508],[-9.20753,38.44364],[-9.20884,38.44203],[-9.21076,38.44031],[-9.20972,38.4395],[-9.20983,38.43713],[-9.21267,38.43391],[-9.215,38.43024],[-9.21757,38.42799],[-9.21737,38.42682],[-9.21804,38.42609],[-9.21738,38.42525],[-9.21489,38.42404],[-9.21487,38.42321],[-9.21611,38.42242],[-9.21853,38.42166],[-9.21826,38.42024],[-9.21743,38.41893],[-9.21838,38.41809],[-9.2203,38.41734],[-9.21984,38.41485],[-9.22274,38.41436],[-9.22286,38.41375],[-9.22012,38.41262],[-9.21733,38.41279],[-9.21292,38.41253],[-9.21107,38.412],[-9.20502,38.41091],[-9.20416,38.41031],[-9.20027,38.4093],[-9.19608,38.40951],[-9.19374,38.41152],[-9.19078,38.41219],[-9.18922,38.41339],[-9.18885,38.41447],[-9.18925,38.41553],[-9.18777,38.41681],[-9.18799,38.41783],[-9.18656,38.41906],[-9.18565,38.41893],[-9.1811,38.42073],[-9.1777,38.42347],[-9.17531,38.42621],[-9.1735,38.42693],[-9.17168,38.42658],[-9.17009,38.42875],[-9.16886,38.42968],[-9.16733,38.43002],[-9.16517,38.42969],[-9.16354,38.43036],[-9.1586,38.43104],[-9.15662,38.43045],[-9.15545,38.43073],[-9.14986,38.42992],[-9.14808,38.43005],[-9.14558,38.43088],[-9.1442,38.43033],[-9.14271,38.4303],[-9.13781,38.42888],[-9.13459,38.42987],[-9.13344,38.42934],[-9.13287,38.43066],[-9.13134,38.43062],[-9.13075,38.43271],[-9.12966,38.43308],[-9.12631,38.43298],[-9.1244,38.43238],[-9.12365,38.43336],[-9.12151,38.43365],[-9.11891,38.43305],[-9.1175,38.43404],[-9.11595,38.43398],[-9.11355,38.43455],[-9.11061,38.43661],[-9.11218,38.43822],[-9.1139,38.43833],[-9.1125,38.44013],[-9.11038,38.43974],[-9.1097,38.44242],[-9.11,38.44416],[-9.10975,38.44568],[-9.11101,38.44652],[-9.10711,38.44806],[-9.10685,38.44934],[-9.10521,38.4506],[-9.10308,38.45147],[-9.10304,38.45056],[-9.10032,38.45053],[-9.10037,38.45117],[-9.09732,38.45143],[-9.0974,38.45318],[-9.09386,38.45351],[-9.09371,38.45294],[-9.09204,38.45173],[-9.09203,38.45023],[-9.08918,38.44554],[-9.08679,38.4443],[-9.08578,38.44099],[-9.08379,38.44112],[-9.085,38.43743],[-9.08239,38.4364],[-9.07464,38.43617],[-9.0709,38.43516],[-9.06968,38.43544],[-9.06705,38.43489],[-9.06395,38.43512],[-9.06395,38.43728],[-9.06266,38.43958],[-9.06153,38.44062],[-9.05738,38.44113],[-9.05559,38.44068],[-9.05433,38.44097],[-9.05339,38.44021],[-9.052,38.44103],[-9.04845,38.44235],[-9.04711,38.44351],[-9.04462,38.44387],[-9.0439,38.44527],[-9.04191,38.44707],[-9.03922,38.44718],[-9.03819,38.44792],[-9.03502,38.44821],[-9.03031,38.44712],[-9.02894,38.44598],[-9.02702,38.44775],[-9.02556,38.44832],[-9.02533,38.44943],[-9.02317,38.45013],[-9.02188,38.45139],[-9.01935,38.45229],[-9.01765,38.45408],[-9.01277,38.45545],[-9.01117,38.45604],[-9.00922,38.45578],[-9.00686,38.45586],[-9.00603,38.4567],[-9.00451,38.45733],[-9.00282,38.45856],[-9.00023,38.45899],[-8.99877,38.46016],[-8.99538,38.46186],[-8.99337,38.46371],[-8.99259,38.46383],[-8.99044,38.46525],[-8.98977,38.46628],[-8.99051,38.46721],[-8.98724,38.46873],[-8.9843,38.47295],[-8.98261,38.47391],[-8.9843,38.47563],[-8.98423,38.47623],[-8.98127,38.47898],[-8.97723,38.48011],[-8.97498,38.48032],[-8.97231,38.48011],[-8.96956,38.48043],[-8.96873,38.4821],[-8.96867,38.48348],[-8.96672,38.48412],[-8.96249,38.48442],[-8.96089,38.48484],[-8.95623,38.48467],[-8.95371,38.48494],[-8.9505,38.48452],[-8.94751,38.48448],[-8.94459,38.48389],[-8.94288,38.48412],[-8.94173,38.48536],[-8.93408,38.48834],[-8.933,38.49148],[-8.93207,38.49329],[-8.93055,38.495],[-8.92958,38.4983],[-8.92859,38.49996],[-8.92757,38.50383],[-8.92614,38.50457],[-8.92583,38.50679],[-8.92474,38.50674],[-8.92407,38.50784],[-8.92202,38.50938],[-8.91885,38.51039],[-8.91732,38.51112],[-8.91335,38.51071],[-8.91066,38.51316],[-8.91048,38.51396],[-8.90885,38.51473],[-8.9068,38.51649],[-8.90093,38.51874],[-8.90087,38.51973],[-8.89863,38.52024],[-8.8968,38.51944],[-8.89259,38.52041],[-8.88761,38.5208],[-8.88704,38.52175],[-8.88367,38.5213],[-8.88356,38.52027],[-8.88247,38.51978],[-8.87526,38.51808],[-8.86913,38.5158],[-8.86882,38.51618],[-8.86499,38.51434],[-8.86121,38.51314],[-8.85477,38.51001],[-8.85401,38.51022],[-8.85141,38.50877],[-8.84725,38.50593],[-8.84334,38.503],[-8.8407,38.49993],[-8.83844,38.4984],[-8.83612,38.49628],[-8.83516,38.49618],[-8.8336,38.4948],[-8.83075,38.49289],[-8.82918,38.49315],[-8.82298,38.49195],[-8.81677,38.4903],[-8.81374,38.48935],[-8.80972,38.48848],[-8.80235,38.48802],[-8.79704,38.4875],[-8.79312,38.4879],[-8.79086,38.48773],[-8.78933,38.48882],[-8.78667,38.48862],[-8.78654,38.48799],[-8.78461,38.48765],[-8.78253,38.4888],[-8.77942,38.49203],[-8.77948,38.49296],[-8.77723,38.49349],[-8.77428,38.4917],[-8.77076,38.49304],[-8.76988,38.49441],[-8.76789,38.49564],[-8.76966,38.49683],[-8.77176,38.49606],[-8.77251,38.4967],[-8.77207,38.49766],[-8.77094,38.49769],[-8.7684,38.49671],[-8.76757,38.49826],[-8.76547,38.49788],[-8.76505,38.49945],[-8.76597,38.50103],[-8.76634,38.50253],[-8.76557,38.50268],[-8.76293,38.50146],[-8.76181,38.50021],[-8.7604,38.49957],[-8.7585,38.4994],[-8.75894,38.49746],[-8.75723,38.49707],[-8.75571,38.4981],[-8.76174,38.50204],[-8.76588,38.50448],[-8.76837,38.50514],[-8.76977,38.506],[-8.77157,38.50604],[-8.77372,38.5065],[-8.77453,38.50719],[-8.78276,38.50755],[-8.78285,38.50883],[-8.78407,38.50931],[-8.78423,38.51033],[-8.78548,38.51147],[-8.78619,38.51137],[-8.78695,38.51277],[-8.7899,38.51305],[-8.79179,38.515],[-8.79059,38.51602],[-8.78871,38.5159],[-8.78841,38.51676],[-8.79019,38.51717],[-8.79107,38.518],[-8.78783,38.51885],[-8.78484,38.51832],[-8.78478,38.51897],[-8.78666,38.51982],[-8.78979,38.52054],[-8.79067,38.52033],[-8.79348,38.52164],[-8.79493,38.52271],[-8.79562,38.52393],[-8.79681,38.52344],[-8.79841,38.52459],[-8.80059,38.5267],[-8.80407,38.52543],[-8.80407,38.52639],[-8.80293,38.52812],[-8.80092,38.53051],[-8.80284,38.53093],[-8.80239,38.53209],[-8.80019,38.53271],[-8.79906,38.53371],[-8.79582,38.53448],[-8.79485,38.53625],[-8.79361,38.53737],[-8.79376,38.53872],[-8.79506,38.53883],[-8.79467,38.5403],[-8.79334,38.54075],[-8.79142,38.54052],[-8.79203,38.53973],[-8.79078,38.53873],[-8.78878,38.54072],[-8.78867,38.54225],[-8.78681,38.54214],[-8.78481,38.54052],[-8.78231,38.53954],[-8.78277,38.54082],[-8.78103,38.5409],[-8.78106,38.53972],[-8.78176,38.53878],[-8.78303,38.53835],[-8.78403,38.53868],[-8.7853,38.5376],[-8.78482,38.53685],[-8.78235,38.53458],[-8.78055,38.53461],[-8.77992,38.53277],[-8.77708,38.53327],[-8.7747,38.53321],[-8.77008,38.53499],[-8.767,38.53588],[-8.76582,38.53558],[-8.76176,38.53849],[-8.75969,38.53952],[-8.75833,38.54073],[-8.75539,38.54529],[-8.75372,38.54835],[-8.75082,38.55008],[-8.74742,38.55086],[-8.74793,38.55276],[-8.7489,38.55352],[-8.74722,38.55525],[-8.74578,38.55754],[-8.7475,38.55925],[-8.74824,38.56153],[-8.74705,38.56345],[-8.74536,38.56479],[-8.7399,38.56528],[-8.73782,38.56426],[-8.74217,38.56061],[-8.74239,38.5587],[-8.74043,38.55681],[-8.73968,38.55395],[-8.74039,38.55128],[-8.73867,38.54881],[-8.7372,38.54767],[-8.73525,38.54673],[-8.73621,38.54501],[-8.73862,38.54347],[-8.74006,38.54175],[-8.74042,38.53898],[-8.74147,38.5378],[-8.74127,38.53415],[-8.74028,38.52941],[-8.73933,38.5263],[-8.73927,38.52416],[-8.73792,38.52159],[-8.73505,38.51911],[-8.73506,38.51567],[-8.73421,38.51614],[-8.73006,38.5167],[-8.72893,38.51661],[-8.7259,38.51529],[-8.71974,38.51476],[-8.71776,38.51327],[-8.71561,38.51361],[-8.71349,38.51532],[-8.7125,38.5169],[-8.71087,38.51732],[-8.7089,38.51653],[-8.70736,38.51762],[-8.70859,38.51855],[-8.70825,38.52053],[-8.70752,38.52062],[-8.70575,38.51891],[-8.7037,38.51839],[-8.70321,38.5194],[-8.70462,38.52019],[-8.70246,38.52195],[-8.69846,38.52392],[-8.69716,38.52632],[-8.69302,38.52888],[-8.69177,38.53044],[-8.69061,38.5305],[-8.68917,38.53164],[-8.68818,38.533],[-8.68826,38.53387],[-8.68359,38.53729],[-8.68269,38.53902],[-8.68285,38.53988],[-8.68162,38.54249],[-8.67848,38.54339],[-8.6766,38.54366],[-8.67352,38.54485],[-8.67174,38.54472],[-8.66635,38.54638],[-8.66307,38.54635],[-8.65857,38.54733],[-8.65661,38.54825],[-8.65543,38.54766],[-8.65033,38.54862],[-8.64823,38.54854],[-8.64521,38.54806],[-8.63911,38.54949],[-8.63957,38.55154],[-8.6398,38.55431],[-8.6406,38.55835],[-8.64092,38.56102],[-8.64092,38.56747],[-8.64822,38.57732],[-8.65111,38.58952],[-8.65086,38.59103],[-8.65157,38.59351],[-8.65334,38.5947],[-8.65361,38.59771],[-8.65474,38.59858],[-8.65628,38.60046],[-8.65818,38.60198],[-8.65842,38.60367],[-8.65682,38.60587],[-8.65653,38.60781],[-8.65292,38.61082],[-8.65347,38.61227],[-8.6493,38.6127],[-8.64779,38.61304],[-8.64454,38.61501],[-8.6432,38.61626],[-8.64091,38.61749],[-8.63985,38.61853],[-8.63671,38.62037],[-8.63476,38.62308],[-8.6347,38.62436],[-8.63352,38.62572],[-8.63217,38.62809],[-8.62872,38.63038],[-8.62536,38.63148],[-8.62216,38.63345],[-8.62146,38.63355],[-8.6198,38.63529],[-8.61949,38.63684],[-8.61838,38.63757],[-8.61678,38.63984],[-8.6153,38.64067],[-8.61417,38.64292],[-8.61239,38.64469],[-8.60621,38.64529],[-8.60152,38.64589],[-8.59066,38.65405],[-8.58373,38.66262],[-8.5774,38.66762],[-8.579,38.6716],[-8.57578,38.67323],[-8.57129,38.67606],[-8.56729,38.67791],[-8.56621,38.67818],[-8.56408,38.67745],[-8.55946,38.67743],[-8.55831,38.67775],[-8.55233,38.6822],[-8.54713,38.68443],[-8.54453,38.6846],[-8.54071,38.68568],[-8.54014,38.68876],[-8.53121,38.69186],[-8.52799,38.69688],[-8.52004,38.70895],[-8.51404,38.71103],[-8.5044,38.71423],[-8.50102,38.71549],[-8.50254,38.71813],[-8.50089,38.72221],[-8.50462,38.72534],[-8.50669,38.72786],[-8.50914,38.72771],[-8.51138,38.73257],[-8.51051,38.73724],[-8.50744,38.74214],[-8.50559,38.74586],[-8.50023,38.7499],[-8.49173,38.7546],[-8.492,38.75806],[-8.49097,38.76131],[-8.49756,38.76281],[-8.50553,38.76371],[-8.51451,38.76489],[-8.5179,38.76342],[-8.52456,38.76178],[-8.5432,38.76326],[-8.5468,38.76344],[-8.54815,38.76275],[-8.55744,38.76929],[-8.56658,38.76994],[-8.57242,38.77197],[-8.57793,38.77189],[-8.5845,38.7667],[-8.59198,38.77054],[-8.59651,38.77161],[-8.59668,38.77345],[-8.5974,38.77478],[-8.59883,38.7758],[-8.60122,38.77658],[-8.60255,38.77642],[-8.60601,38.77677],[-8.60722,38.77736],[-8.60795,38.77921],[-8.60988,38.78161],[-8.61231,38.78182],[-8.6132,38.78334],[-8.61254,38.78372],[-8.6125,38.78596],[-8.61079,38.78763],[-8.60876,38.78817],[-8.60787,38.78888],[-8.60675,38.79096],[-8.60535,38.79183],[-8.60545,38.79511],[-8.60446,38.79629],[-8.60488,38.79944],[-8.60397,38.80127],[-8.60535,38.80559],[-8.60671,38.8083],[-8.60644,38.81109],[-8.60491,38.81395],[-8.60435,38.81596],[-8.60439,38.81912],[-8.60385,38.82275],[-8.6049,38.825],[-8.60604,38.82641],[-8.60282,38.82889],[-8.60098,38.829],[-8.60018,38.83063],[-8.59926,38.83139],[-8.59683,38.83715],[-8.59582,38.83766],[-8.59611,38.84128],[-8.59831,38.84036],[-8.60212,38.84014],[-8.60599,38.84026],[-8.60971,38.83963],[-8.61217,38.83889],[-8.61395,38.83686],[-8.61494,38.83526],[-8.61821,38.8336],[-8.62237,38.8321],[-8.62667,38.83149],[-8.62931,38.83067],[-8.63069,38.82661],[-8.63066,38.82205],[-8.63289,38.81967],[-8.63493,38.81819],[-8.63737,38.81531],[-8.63868,38.81325],[-8.63873,38.81045],[-8.63931,38.80929],[-8.64204,38.80993],[-8.6444,38.81003],[-8.64791,38.80949],[-8.65157,38.81069],[-8.65476,38.81249],[-8.65758,38.81296],[-8.65852,38.81216],[-8.6595,38.81417],[-8.6619,38.81571],[-8.66405,38.81674],[-8.6661,38.81891],[-8.66882,38.8204],[-8.66784,38.82114],[-8.6707,38.82247],[-8.67172,38.82235],[-8.67353,38.8229],[-8.67501,38.8224],[-8.67652,38.82278],[-8.67891,38.8242],[-8.68014,38.82439],[-8.6817,38.82571],[-8.68376,38.82625],[-8.68512,38.82624],[-8.68646,38.82691],[-8.68906,38.82926],[-8.69005,38.83072],[-8.69079,38.83281],[-8.69205,38.83388],[-8.69313,38.83616],[-8.69538,38.8381],[-8.69596,38.83954],[-8.69692,38.84039],[-8.69945,38.84113],[-8.70224,38.84251],[-8.704,38.84304],[-8.704,38.83996],[-8.70484,38.83672],[-8.70616,38.83322],[-8.70935,38.82589],[-8.71639,38.81575],[-8.72126,38.81092],[-8.72353,38.80738],[-8.73004,38.79758],[-8.73388,38.79339],[-8.73883,38.78575],[-8.74388,38.77745],[-8.74414,38.77383],[-8.74492,38.76906],[-8.74582,38.76485],[-8.74725,38.75955],[-8.74859,38.75297],[-8.74992,38.74879],[-8.75168,38.74507],[-8.75361,38.74282],[-8.7561,38.74151],[-8.75865,38.74054],[-8.76258,38.73962],[-8.76654,38.73787],[-8.77403,38.73518],[-8.77913,38.73392],[-8.7858,38.73419],[-8.79158,38.73412],[-8.79641,38.73773],[-8.80185,38.74163],[-8.80227,38.74168],[-8.8103,38.74012],[-8.81107,38.73844],[-8.81712,38.72647],[-8.82241,38.71749],[-8.82304,38.71657],[-8.82483,38.71207],[-8.82364,38.70764],[-8.8236,38.70623],[-8.82561,38.70499],[-8.82657,38.70344],[-8.82938,38.70182],[-8.83206,38.69743],[-8.83462,38.6966],[-8.83604,38.69525],[-8.83644,38.69379],[-8.83621,38.69197],[-8.83497,38.6914],[-8.836,38.68961],[-8.83669,38.68936],[-8.83604,38.68736],[-8.83956,38.68804],[-8.8393,38.67909],[-8.85615,38.67707],[-8.85921,38.67647],[-8.86722,38.67656],[-8.88049,38.6743],[-8.88534,38.6745],[-8.89351,38.67436],[-8.89657,38.67408],[-8.90171,38.67329],[-8.90794,38.67192],[-8.91128,38.67137],[-8.91145,38.67603],[-8.91188,38.68075],[-8.91225,38.68244],[-8.91415,38.68655],[-8.91511,38.69035],[-8.91894,38.70283],[-8.91879,38.70554],[-8.92075,38.70604],[-8.92068,38.70896],[-8.92144,38.70992],[-8.92305,38.70869],[-8.92989,38.71606],[-8.93127,38.71451],[-8.93181,38.71326],[-8.93431,38.71447],[-8.93949,38.71761],[-8.94168,38.71846],[-8.94296,38.71952],[-8.94677,38.72171],[-8.95113,38.7236],[-8.9525,38.72388]]]},"properties":{"idApp":923019,"aopId":"palmela","name":"Palmela","nameJa":"パルメラ","kind":"regional","tags":[],"rank":0},"bbox":[-9.22286,38.4093,-8.49097,38.84304]},{"type":"Feature","geometry":{"type":"Polygon","coordinates":[[[-8.9525,38.72388],[-8.95665,38.72246],[-8.95745,38.72355],[-8.96065,38.72336],[-8.96261,38.72609],[-8.96577,38.72568],[-8.96675,38.72751],[-8.96889,38.72729],[-8.97148,38.72635],[-8.97333,38.72626],[-8.97637,38.72558],[-8.97809,38.72478],[-8.9786,38.72572],[-8.9798,38.72519],[-8.98027,38.72364],[-8.9833,38.72359],[-8.98421,38.72504],[-8.98564,38.72384],[-8.99128,38.72048],[-8.99294,38.72048],[-8.9971,38.71999],[-9.00003,38.71901],[-9.00141,38.71913],[-9.00254,38.7184],[-9.00492,38.71801],[-9.00567,38.71858],[-9.0081,38.71715],[-9.01161,38.7199],[-9.01621,38.72137],[-9.01989,38.72373],[-9.02408,38.72573],[-9.02694,38.72522],[-9.03133,38.72382],[-9.03506,38.72205],[-9.03653,38.72162],[-9.03797,38.72048],[-9.04369,38.7171],[-9.04465,38.71603],[-9.04631,38.71309],[-9.04639,38.71182],[-9.04756,38.70831],[-9.04814,38.70557],[-9.04834,38.70327],[-9.04854,38.69632],[-9.04932,38.69283],[-9.04984,38.69161],[-9.04888,38.69036],[-9.04312,38.69181],[-9.04003,38.69755],[-9.03326,38.70066],[-9.02766,38.7007],[-9.01599,38.70136],[-9.01236,38.70272],[-9.00677,38.70372],[-9.00721,38.69971],[-9.0038,38.69916],[-9.00408,38.70202],[-8.99505,38.70018],[-8.99253,38.70099],[-8.99118,38.70215],[-8.98813,38.70225],[-8.98461,38.70178],[-8.97926,38.70201],[-8.97742,38.70088],[-8.97237,38.70096],[-8.9678,38.69943],[-8.96195,38.69851],[-8.95901,38.69701],[-8.95704,38.69435],[-8.9575,38.69206],[-8.95945,38.69281],[-8.96021,38.69548],[-8.96339,38.69641],[-8.97421,38.69775],[-8.97682,38.69744],[-8.97919,38.69513],[-8.98002,38.69182],[-8.97762,38.68839],[-8.97591,38.68668],[-8.97534,38.68497],[-8.9761,38.68404],[-8.97575,38.6813],[-8.97645,38.6772],[-8.97539,38.67261],[-8.97575,38.67082],[-8.97471,38.66849],[-8.97434,38.66664],[-8.97305,38.6647],[-8.97197,38.6639],[-8.97212,38.65889],[-8.97263,38.65576],[-8.9694,38.65509],[-8.96936,38.6539],[-8.96654,38.65554],[-8.9607,38.65678],[-8.95576,38.65646],[-8.95464,38.65488],[-8.95193,38.64907],[-8.94975,38.6466],[-8.94836,38.64466],[-8.94784,38.64258],[-8.94779,38.64075],[-8.94643,38.63886],[-8.94619,38.63784],[-8.94849,38.63333],[-8.94772,38.63268],[-8.94907,38.63041],[-8.95293,38.6262],[-8.95052,38.62561],[-8.95123,38.62436],[-8.95172,38.62169],[-8.95158,38.62051],[-8.9541,38.6183],[-8.95988,38.62496],[-8.9657,38.63027],[-8.96777,38.63188],[-8.97682,38.63497],[-8.9795,38.63605],[-8.98188,38.6348],[-8.98199,38.63188],[-8.9841,38.62552],[-8.97761,38.60827],[-8.98977,38.60725],[-8.99286,38.60623],[-8.99489,38.60621],[-8.99695,38.60516],[-8.999,38.60467],[-9.00526,38.60379],[-9.00649,38.60288],[-9.00965,38.60184],[-9.01245,38.60121],[-9.0125,38.59816],[-9.01204,38.59583],[-9.00568,38.59562],[-8.99786,38.59519],[-8.99714,38.59306],[-8.99869,38.59266],[-9.0076,38.59313],[-9.01312,38.59255],[-9.01773,38.58827],[-9.01901,38.58592],[-9.01679,38.5853],[-9.01873,38.58132],[-9.02283,38.58179],[-9.02326,38.57959],[-9.02585,38.57828],[-9.02708,38.57796],[-9.02926,38.57813],[-9.03173,38.5801],[-9.03317,38.57961],[-9.03418,38.58072],[-9.03732,38.57961],[-9.03557,38.57729],[-9.0346,38.57213],[-9.0329,38.56885],[-9.03233,38.5662],[-9.03162,38.56496],[-9.03181,38.5636],[-9.03436,38.55581],[-9.03424,38.55459],[-9.03491,38.55391],[-9.0356,38.55186],[-9.03795,38.55079],[-9.04082,38.54726],[-9.04158,38.54502],[-9.0434,38.54251],[-9.04507,38.5412],[-9.04533,38.54006],[-9.04499,38.53867],[-9.04787,38.53886],[-9.05105,38.53748],[-9.05324,38.53483],[-9.05506,38.53464],[-9.05983,38.53342],[-9.06259,38.53369],[-9.0659,38.53329],[-9.07088,38.53414],[-9.07282,38.53385],[-9.07456,38.53315],[-9.07718,38.53404],[-9.07962,38.53564],[-9.08278,38.53565],[-9.08313,38.53486],[-9.08834,38.53489],[-9.09053,38.53455],[-9.09369,38.53313],[-9.09498,38.53485],[-9.0961,38.53537],[-9.09995,38.53518],[-9.1006,38.53543],[-9.09871,38.54457],[-9.10084,38.55174],[-9.10634,38.55514],[-9.11164,38.5608],[-9.1143,38.56413],[-9.11833,38.56451],[-9.1205,38.56749],[-9.12371,38.5751],[-9.12489,38.57519],[-9.13342,38.57478],[-9.13709,38.57491],[-9.14059,38.57553],[-9.14561,38.57574],[-9.15484,38.5743],[-9.15975,38.57289],[-9.16286,38.57221],[-9.16518,38.57129],[-9.17514,38.56692],[-9.18268,38.56378],[-9.18335,38.56031],[-9.18462,38.55938],[-9.18661,38.55852],[-9.18399,38.55105],[-9.18782,38.55032],[-9.18696,38.54647],[-9.18567,38.54187],[-9.18504,38.53801],[-9.18355,38.53169],[-9.18289,38.52778],[-9.18256,38.52431],[-9.18262,38.519],[-9.18291,38.51224],[-9.18337,38.50472],[-9.18332,38.50305],[-9.18366,38.49531],[-9.18398,38.49092],[-9.18441,38.48845],[-9.18725,38.47877],[-9.18884,38.47382],[-9.19016,38.47059],[-9.19177,38.46824],[-9.19225,38.46656],[-9.19355,38.46423],[-9.19395,38.46208],[-9.19491,38.46124],[-9.19593,38.45945],[-9.19681,38.45908],[-9.19896,38.45669],[-9.19873,38.45499],[-9.19907,38.45355],[-9.20182,38.45238],[-9.20154,38.4505],[-9.20571,38.449],[-9.20637,38.44779],[-9.20597,38.44655],[-9.20751,38.44508],[-9.20753,38.44364],[-9.20884,38.44203],[-9.21076,38.44031],[-9.20972,38.4395],[-9.20983,38.43713],[-9.21267,38.43391],[-9.215,38.43024],[-9.21757,38.42799],[-9.21737,38.42682],[-9.21804,38.42609],[-9.21738,38.42525],[-9.21489,38.42404],[-9.21487,38.42321],[-9.21611,38.42242],[-9.21853,38.42166],[-9.21826,38.42024],[-9.21743,38.41893],[-9.21838,38.41809],[-9.2203,38.41734],[-9.21984,38.41485],[-9.22274,38.41436],[-9.22286,38.41375],[-9.22012,38.41262],[-9.21733,38.41279],[-9.21292,38.41253],[-9.21107,38.412],[-9.20502,38.41091],[-9.20416,38.41031],[-9.20027,38.4093],[-9.19608,38.40951],[-9.19374,38.41152],[-9.19078,38.41219],[-9.18922,38.41339],[-9.18885,38.41447],[-9.18925,38.41553],[-9.18777,38.41681],[-9.18799,38.41783],[-9.18656,38.41906],[-9.18565,38.41893],[-9.1811,38.42073],[-9.1777,38.42347],[-9.17531,38.42621],[-9.1735,38.42693],[-9.17168,38.42658],[-9.17009,38.42875],[-9.16886,38.42968],[-9.16733,38.43002],[-9.16517,38.42969],[-9.16354,38.43036],[-9.1586,38.43104],[-9.15662,38.43045],[-9.15545,38.43073],[-9.14986,38.42992],[-9.14808,38.43005],[-9.14558,38.43088],[-9.1442,38.43033],[-9.14271,38.4303],[-9.13781,38.42888],[-9.13459,38.42987],[-9.13344,38.42934],[-9.13287,38.43066],[-9.13134,38.43062],[-9.13075,38.43271],[-9.12966,38.43308],[-9.12631,38.43298],[-9.1244,38.43238],[-9.12365,38.43336],[-9.12151,38.43365],[-9.11891,38.43305],[-9.1175,38.43404],[-9.11595,38.43398],[-9.11355,38.43455],[-9.11061,38.43661],[-9.11218,38.43822],[-9.1139,38.43833],[-9.1125,38.44013],[-9.11038,38.43974],[-9.1097,38.44242],[-9.11,38.44416],[-9.10975,38.44568],[-9.11101,38.44652],[-9.10711,38.44806],[-9.10685,38.44934],[-9.10521,38.4506],[-9.10308,38.45147],[-9.10304,38.45056],[-9.10032,38.45053],[-9.10037,38.45117],[-9.09732,38.45143],[-9.0974,38.45318],[-9.09386,38.45351],[-9.09371,38.45294],[-9.09204,38.45173],[-9.09203,38.45023],[-9.08918,38.44554],[-9.08679,38.4443],[-9.08578,38.44099],[-9.08379,38.44112],[-9.085,38.43743],[-9.08239,38.4364],[-9.07464,38.43617],[-9.0709,38.43516],[-9.06968,38.43544],[-9.06705,38.43489],[-9.06395,38.43512],[-9.06395,38.43728],[-9.06266,38.43958],[-9.06153,38.44062],[-9.05738,38.44113],[-9.05559,38.44068],[-9.05433,38.44097],[-9.05339,38.44021],[-9.052,38.44103],[-9.04845,38.44235],[-9.04711,38.44351],[-9.04462,38.44387],[-9.0439,38.44527],[-9.04191,38.44707],[-9.03922,38.44718],[-9.03819,38.44792],[-9.03502,38.44821],[-9.03031,38.44712],[-9.02894,38.44598],[-9.02702,38.44775],[-9.02556,38.44832],[-9.02533,38.44943],[-9.02317,38.45013],[-9.02188,38.45139],[-9.01935,38.45229],[-9.01765,38.45408],[-9.01277,38.45545],[-9.01117,38.45604],[-9.00922,38.45578],[-9.00686,38.45586],[-9.00603,38.4567],[-9.00451,38.45733],[-9.00282,38.45856],[-9.00023,38.45899],[-8.99877,38.46016],[-8.99538,38.46186],[-8.99337,38.46371],[-8.99259,38.46383],[-8.99044,38.46525],[-8.98977,38.46628],[-8.99051,38.46721],[-8.98724,38.46873],[-8.9843,38.47295],[-8.98261,38.47391],[-8.9843,38.47563],[-8.98423,38.47623],[-8.98127,38.47898],[-8.97723,38.48011],[-8.97498,38.48032],[-8.97231,38.48011],[-8.96956,38.48043],[-8.96873,38.4821],[-8.96867,38.48348],[-8.96672,38.48412],[-8.96249,38.48442],[-8.96089,38.48484],[-8.95623,38.48467],[-8.95371,38.48494],[-8.9505,38.48452],[-8.94751,38.48448],[-8.94459,38.48389],[-8.94288,38.48412],[-8.94173,38.48536],[-8.93408,38.48834],[-8.933,38.49148],[-8.93207,38.49329],[-8.93055,38.495],[-8.92958,38.4983],[-8.92859,38.49996],[-8.92757,38.50383],[-8.92614,38.50457],[-8.92583,38.50679],[-8.92474,38.50674],[-8.92407,38.50784],[-8.92202,38.50938],[-8.91885,38.51039],[-8.91732,38.51112],[-8.91335,38.51071],[-8.91066,38.51316],[-8.91048,38.51396],[-8.90885,38.51473],[-8.9068,38.51649],[-8.90093,38.51874],[-8.90087,38.51973],[-8.89863,38.52024],[-8.8968,38.51944],[-8.89259,38.52041],[-8.88761,38.5208],[-8.88704,38.52175],[-8.88367,38.5213],[-8.88356,38.52027],[-8.88247,38.51978],[-8.87526,38.51808],[-8.86913,38.5158],[-8.86882,38.51618],[-8.86499,38.51434],[-8.86121,38.51314],[-8.85477,38.51001],[-8.85401,38.51022],[-8.85141,38.50877],[-8.84725,38.50593],[-8.84334,38.503],[-8.8407,38.49993],[-8.83844,38.4984],[-8.83612,38.49628],[-8.83516,38.49618],[-8.8336,38.4948],[-8.83075,38.49289],[-8.82918,38.49315],[-8.82298,38.49195],[-8.81677,38.4903],[-8.81374,38.48935],[-8.80972,38.48848],[-8.80235,38.48802],[-8.79704,38.4875],[-8.79312,38.4879],[-8.79086,38.48773],[-8.78933,38.48882],[-8.78667,38.48862],[-8.78654,38.48799],[-8.78461,38.48765],[-8.78253,38.4888],[-8.77942,38.49203],[-8.77948,38.49296],[-8.77723,38.49349],[-8.77428,38.4917],[-8.77076,38.49304],[-8.76988,38.49441],[-8.76789,38.49564],[-8.76966,38.49683],[-8.77176,38.49606],[-8.77251,38.4967],[-8.77207,38.49766],[-8.77094,38.49769],[-8.7684,38.49671],[-8.76757,38.49826],[-8.76547,38.49788],[-8.76505,38.49945],[-8.76597,38.50103],[-8.76634,38.50253],[-8.76557,38.50268],[-8.76293,38.50146],[-8.76181,38.50021],[-8.7604,38.49957],[-8.7585,38.4994],[-8.75894,38.49746],[-8.75723,38.49707],[-8.75571,38.4981],[-8.76174,38.50204],[-8.76588,38.50448],[-8.76837,38.50514],[-8.76977,38.506],[-8.77157,38.50604],[-8.77372,38.5065],[-8.77453,38.50719],[-8.78276,38.50755],[-8.78285,38.50883],[-8.78407,38.50931],[-8.78423,38.51033],[-8.78548,38.51147],[-8.78619,38.51137],[-8.78695,38.51277],[-8.7899,38.51305],[-8.79179,38.515],[-8.79059,38.51602],[-8.78871,38.5159],[-8.78841,38.51676],[-8.79019,38.51717],[-8.79107,38.518],[-8.78783,38.51885],[-8.78484,38.51832],[-8.78478,38.51897],[-8.78666,38.51982],[-8.78979,38.52054],[-8.79067,38.52033],[-8.79348,38.52164],[-8.79493,38.52271],[-8.79562,38.52393],[-8.79681,38.52344],[-8.79841,38.52459],[-8.80059,38.5267],[-8.80407,38.52543],[-8.80407,38.52639],[-8.80293,38.52812],[-8.80092,38.53051],[-8.80284,38.53093],[-8.80239,38.53209],[-8.80019,38.53271],[-8.79906,38.53371],[-8.79582,38.53448],[-8.79485,38.53625],[-8.79361,38.53737],[-8.79376,38.53872],[-8.79506,38.53883],[-8.79467,38.5403],[-8.79334,38.54075],[-8.79142,38.54052],[-8.79203,38.53973],[-8.79078,38.53873],[-8.78878,38.54072],[-8.78867,38.54225],[-8.78681,38.54214],[-8.78481,38.54052],[-8.78231,38.53954],[-8.78277,38.54082],[-8.78103,38.5409],[-8.78106,38.53972],[-8.78176,38.53878],[-8.78303,38.53835],[-8.78403,38.53868],[-8.7853,38.5376],[-8.78482,38.53685],[-8.78235,38.53458],[-8.78055,38.53461],[-8.77992,38.53277],[-8.77708,38.53327],[-8.7747,38.53321],[-8.77008,38.53499],[-8.767,38.53588],[-8.76582,38.53558],[-8.76176,38.53849],[-8.75969,38.53952],[-8.75833,38.54073],[-8.75539,38.54529],[-8.75372,38.54835],[-8.75082,38.55008],[-8.74742,38.55086],[-8.74793,38.55276],[-8.7489,38.55352],[-8.74722,38.55525],[-8.74578,38.55754],[-8.7475,38.55925],[-8.74824,38.56153],[-8.74705,38.56345],[-8.74536,38.56479],[-8.7399,38.56528],[-8.73782,38.56426],[-8.74217,38.56061],[-8.74239,38.5587],[-8.74043,38.55681],[-8.73968,38.55395],[-8.74039,38.55128],[-8.73867,38.54881],[-8.7372,38.54767],[-8.73525,38.54673],[-8.73621,38.54501],[-8.73862,38.54347],[-8.74006,38.54175],[-8.74042,38.53898],[-8.74147,38.5378],[-8.74127,38.53415],[-8.74028,38.52941],[-8.73933,38.5263],[-8.73927,38.52416],[-8.73792,38.52159],[-8.73505,38.51911],[-8.73506,38.51567],[-8.73421,38.51614],[-8.73006,38.5167],[-8.72893,38.51661],[-8.7259,38.51529],[-8.71974,38.51476],[-8.71776,38.51327],[-8.71561,38.51361],[-8.71349,38.51532],[-8.7125,38.5169],[-8.71087,38.51732],[-8.7089,38.51653],[-8.70736,38.51762],[-8.70859,38.51855],[-8.70825,38.52053],[-8.70752,38.52062],[-8.70575,38.51891],[-8.7037,38.51839],[-8.70321,38.5194],[-8.70462,38.52019],[-8.70246,38.52195],[-8.69846,38.52392],[-8.69716,38.52632],[-8.69302,38.52888],[-8.69177,38.53044],[-8.69061,38.5305],[-8.68917,38.53164],[-8.68818,38.533],[-8.68826,38.53387],[-8.68359,38.53729],[-8.68269,38.53902],[-8.68285,38.53988],[-8.68162,38.54249],[-8.67848,38.54339],[-8.6766,38.54366],[-8.67352,38.54485],[-8.67174,38.54472],[-8.66635,38.54638],[-8.66307,38.54635],[-8.65857,38.54733],[-8.65661,38.54825],[-8.65543,38.54766],[-8.65033,38.54862],[-8.64823,38.54854],[-8.64521,38.54806],[-8.63911,38.54949],[-8.63957,38.55154],[-8.6398,38.55431],[-8.6406,38.55835],[-8.64092,38.56102],[-8.64092,38.56747],[-8.64822,38.57732],[-8.65111,38.58952],[-8.65086,38.59103],[-8.65157,38.59351],[-8.65334,38.5947],[-8.65361,38.59771],[-8.65474,38.59858],[-8.65628,38.60046],[-8.65818,38.60198],[-8.65842,38.60367],[-8.65682,38.60587],[-8.65653,38.60781],[-8.65292,38.61082],[-8.65347,38.61227],[-8.6493,38.6127],[-8.64779,38.61304],[-8.64454,38.61501],[-8.6432,38.61626],[-8.64091,38.61749],[-8.63985,38.61853],[-8.63671,38.62037],[-8.63476,38.62308],[-8.6347,38.62436],[-8.63352,38.62572],[-8.63217,38.62809],[-8.62872,38.63038],[-8.62536,38.63148],[-8.62216,38.63345],[-8.62146,38.63355],[-8.6198,38.63529],[-8.61949,38.63684],[-8.61838,38.63757],[-8.61678,38.63984],[-8.6153,38.64067],[-8.61417,38.64292],[-8.61239,38.64469],[-8.60621,38.64529],[-8.60152,38.64589],[-8.59066,38.65405],[-8.58373,38.66262],[-8.5774,38.66762],[-8.579,38.6716],[-8.57578,38.67323],[-8.57129,38.67606],[-8.56729,38.67791],[-8.56621,38.67818],[-8.56408,38.67745],[-8.55946,38.67743],[-8.55831,38.67775],[-8.55233,38.6822],[-8.54713,38.68443],[-8.54453,38.6846],[-8.54071,38.68568],[-8.54014,38.68876],[-8.53121,38.69186],[-8.52799,38.69688],[-8.52004,38.70895],[-8.51404,38.71103],[-8.5044,38.71423],[-8.50102,38.71549],[-8.50254,38.71813],[-8.50089,38.72221],[-8.50462,38.72534],[-8.50669,38.72786],[-8.50914,38.72771],[-8.51138,38.73257],[-8.51051,38.73724],[-8.50744,38.74214],[-8.50559,38.74586],[-8.50023,38.7499],[-8.49173,38.7546],[-8.492,38.75806],[-8.49097,38.76131],[-8.49756,38.76281],[-8.50553,38.76371],[-8.51451,38.76489],[-8.5179,38.76342],[-8.52456,38.76178],[-8.5432,38.76326],[-8.5468,38.76344],[-8.54815,38.76275],[-8.55744,38.76929],[-8.56658,38.76994],[-8.57242,38.77197],[-8.57793,38.77189],[-8.5845,38.7667],[-8.59198,38.77054],[-8.59651,38.77161],[-8.59668,38.77345],[-8.5974,38.77478],[-8.59883,38.7758],[-8.60122,38.77658],[-8.60255,38.77642],[-8.60601,38.77677],[-8.60722,38.77736],[-8.60795,38.77921],[-8.60988,38.78161],[-8.61231,38.78182],[-8.6132,38.78334],[-8.61254,38.78372],[-8.6125,38.78596],[-8.61079,38.78763],[-8.60876,38.78817],[-8.60787,38.78888],[-8.60675,38.79096],[-8.60535,38.79183],[-8.60545,38.79511],[-8.60446,38.79629],[-8.60488,38.79944],[-8.60397,38.80127],[-8.60535,38.80559],[-8.60671,38.8083],[-8.60644,38.81109],[-8.60491,38.81395],[-8.60435,38.81596],[-8.60439,38.81912],[-8.60385,38.82275],[-8.6049,38.825],[-8.60604,38.82641],[-8.60282,38.82889],[-8.60098,38.829],[-8.60018,38.83063],[-8.59926,38.83139],[-8.59683,38.83715],[-8.59582,38.83766],[-8.59611,38.84128],[-8.59831,38.84036],[-8.60212,38.84014],[-8.60599,38.84026],[-8.60971,38.83963],[-8.61217,38.83889],[-8.61395,38.83686],[-8.61494,38.83526],[-8.61821,38.8336],[-8.62237,38.8321],[-8.62667,38.83149],[-8.62931,38.83067],[-8.63069,38.82661],[-8.63066,38.82205],[-8.63289,38.81967],[-8.63493,38.81819],[-8.63737,38.81531],[-8.63868,38.81325],[-8.63873,38.81045],[-8.63931,38.80929],[-8.64204,38.80993],[-8.6444,38.81003],[-8.64791,38.80949],[-8.65157,38.81069],[-8.65476,38.81249],[-8.65758,38.81296],[-8.65852,38.81216],[-8.6595,38.81417],[-8.6619,38.81571],[-8.66405,38.81674],[-8.6661,38.81891],[-8.66882,38.8204],[-8.66784,38.82114],[-8.6707,38.82247],[-8.67172,38.82235],[-8.67353,38.8229],[-8.67501,38.8224],[-8.67652,38.82278],[-8.67891,38.8242],[-8.68014,38.82439],[-8.6817,38.82571],[-8.68376,38.82625],[-8.68512,38.82624],[-8.68646,38.82691],[-8.68906,38.82926],[-8.69005,38.83072],[-8.69079,38.83281],[-8.69205,38.83388],[-8.69313,38.83616],[-8.69538,38.8381],[-8.69596,38.83954],[-8.69692,38.84039],[-8.69945,38.84113],[-8.70224,38.84251],[-8.704,38.84304],[-8.704,38.83996],[-8.70484,38.83672],[-8.70616,38.83322],[-8.70935,38.82589],[-8.71639,38.81575],[-8.72126,38.81092],[-8.72353,38.80738],[-8.73004,38.79758],[-8.73388,38.79339],[-8.73883,38.78575],[-8.74388,38.77745],[-8.74414,38.77383],[-8.74492,38.76906],[-8.74582,38.76485],[-8.74725,38.75955],[-8.74859,38.75297],[-8.74992,38.74879],[-8.75168,38.74507],[-8.75361,38.74282],[-8.7561,38.74151],[-8.75865,38.74054],[-8.76258,38.73962],[-8.76654,38.73787],[-8.77403,38.73518],[-8.77913,38.73392],[-8.7858,38.73419],[-8.79158,38.73412],[-8.79641,38.73773],[-8.80185,38.74163],[-8.80227,38.74168],[-8.8103,38.74012],[-8.81107,38.73844],[-8.81712,38.72647],[-8.82241,38.71749],[-8.82304,38.71657],[-8.82483,38.71207],[-8.82364,38.70764],[-8.8236,38.70623],[-8.82561,38.70499],[-8.82657,38.70344],[-8.82938,38.70182],[-8.83206,38.69743],[-8.83462,38.6966],[-8.83604,38.69525],[-8.83644,38.69379],[-8.83621,38.69197],[-8.83497,38.6914],[-8.836,38.68961],[-8.83669,38.68936],[-8.83604,38.68736],[-8.83956,38.68804],[-8.8393,38.67909],[-8.85615,38.67707],[-8.85921,38.67647],[-8.86722,38.67656],[-8.88049,38.6743],[-8.88534,38.6745],[-8.89351,38.67436],[-8.89657,38.67408],[-8.90171,38.67329],[-8.90794,38.67192],[-8.91128,38.67137],[-8.91145,38.67603],[-8.91188,38.68075],[-8.91225,38.68244],[-8.91415,38.68655],[-8.91511,38.69035],[-8.91894,38.70283],[-8.91879,38.70554],[-8.92075,38.70604],[-8.92068,38.70896],[-8.92144,38.70992],[-8.92305,38.70869],[-8.92989,38.71606],[-8.93127,38.71451],[-8.93181,38.71326],[-8.93431,38.71447],[-8.93949,38.71761],[-8.94168,38.71846],[-8.94296,38.71952],[-8.94677,38.72171],[-8.95113,38.7236],[-8.9525,38.72388]]]},"properties":{"idApp":923020,"aopId":"setubal","name":"Setúbal","nameJa":"セトゥーバル","kind":"regional","tags":[],"rank":0},"bbox":[-9.22286,38.4093,-8.49097,38.84304]},{"type":"Feature","geometry":{"type":"Polygon","coordinates":[[[-8.24741,40.61432],[-8.24659,40.61271],[-8.24371,40.61155],[-8.24338,40.61107],[-8.24123,40.61127],[-8.23906,40.61107],[-8.23599,40.6098],[-8.23322,40.60989],[-8.23197,40.61039],[-8.23084,40.60871],[-8.22743,40.60215],[-8.22708,40.60043],[-8.22533,40.59852],[-8.22191,40.59929],[-8.2164,40.59634],[-8.2132,40.59488],[-8.21235,40.59573],[-8.21106,40.59589],[-8.20673,40.59445],[-8.20379,40.59284],[-8.20324,40.59121],[-8.20382,40.58867],[-8.20585,40.58654],[-8.20778,40.58514],[-8.21046,40.58382],[-8.21065,40.57925],[-8.21035,40.57265],[-8.20963,40.57159],[-8.2095,40.56896],[-8.20875,40.56601],[-8.20806,40.56529],[-8.20461,40.564],[-8.20264,40.56367],[-8.19695,40.56388],[-8.19223,40.56456],[-8.1892,40.56613],[-8.18751,40.56841],[-8.18729,40.57131],[-8.18637,40.57178],[-8.18478,40.57358],[-8.18246,40.57691],[-8.17982,40.57859],[-8.17772,40.58021],[-8.17639,40.58061],[-8.17447,40.58251],[-8.17063,40.58507],[-8.16934,40.58798],[-8.16753,40.58884],[-8.16599,40.59053],[-8.16324,40.59243],[-8.16298,40.59406],[-8.16325,40.59549],[-8.16065,40.59895],[-8.16099,40.6016],[-8.16038,40.60331],[-8.15759,40.60589],[-8.15671,40.60763],[-8.15367,40.6086],[-8.14775,40.61412],[-8.14523,40.61589],[-8.14505,40.61748],[-8.14533,40.61992],[-8.14732,40.62328],[-8.14399,40.62702],[-8.14362,40.62842],[-8.14172,40.63358],[-8.13959,40.63768],[-8.13758,40.63883],[-8.13393,40.64046],[-8.1321,40.64067],[-8.12773,40.64028],[-8.12522,40.64044],[-8.11966,40.63872],[-8.11039,40.63863],[-8.10791,40.63937],[-8.10485,40.63937],[-8.10038,40.63745],[-8.09159,40.63486],[-8.08524,40.64017],[-8.07741,40.64903],[-8.07197,40.65279],[-8.06913,40.65406],[-8.06705,40.65537],[-8.06103,40.65787],[-8.05907,40.65776],[-8.05713,40.65904],[-8.05365,40.66065],[-8.05166,40.66266],[-8.04864,40.66509],[-8.04546,40.66688],[-8.04336,40.66751],[-8.04063,40.66931],[-8.03927,40.66936],[-8.0342,40.68068],[-8.03238,40.68568],[-8.02852,40.68807],[-8.01872,40.69328],[-8.02037,40.69547],[-8.02195,40.69823],[-8.02167,40.70047],[-8.02107,40.70167],[-8.01799,40.70495],[-8.01655,40.70995],[-8.01483,40.71335],[-8.01429,40.71856],[-8.00964,40.7244],[-8.00837,40.7255],[-8.00862,40.72728],[-8.00742,40.72969],[-8.00937,40.73077],[-8.00935,40.7318],[-8.01125,40.73285],[-8.01271,40.74376],[-8.01609,40.74661],[-8.02311,40.74681],[-8.03042,40.74482],[-8.03039,40.74886],[-8.02949,40.75056],[-8.02779,40.75186],[-8.02692,40.7561],[-8.0272,40.75733],[-8.02568,40.7578],[-8.02518,40.75894],[-8.02249,40.75965],[-8.02213,40.76086],[-8.02238,40.76228],[-8.01911,40.76449],[-8.01516,40.76476],[-8.01235,40.76576],[-8.01137,40.76529],[-8.00776,40.7657],[-8.00656,40.76683],[-8.00392,40.76612],[-8.00192,40.76508],[-8.00194,40.76217],[-8.00286,40.76095],[-7.99893,40.75945],[-7.99563,40.75983],[-7.99292,40.76109],[-7.9926,40.76183],[-7.99299,40.76394],[-7.9928,40.76538],[-7.99065,40.76566],[-7.98988,40.7646],[-7.98606,40.76305],[-7.98429,40.76125],[-7.98244,40.76113],[-7.98091,40.76162],[-7.97958,40.76314],[-7.97837,40.76304],[-7.97714,40.76111],[-7.97542,40.76052],[-7.97439,40.76076],[-7.97354,40.76194],[-7.97141,40.76172],[-7.96969,40.76248],[-7.96884,40.76356],[-7.96716,40.76274],[-7.96479,40.76379],[-7.96402,40.76508],[-7.96239,40.76527],[-7.96092,40.76716],[-7.95876,40.76804],[-7.9573,40.76964],[-7.95489,40.77117],[-7.95216,40.77175],[-7.9521,40.77303],[-7.95072,40.7749],[-7.95032,40.77605],[-7.94788,40.77811],[-7.94732,40.77928],[-7.94572,40.78024],[-7.94168,40.78176],[-7.93967,40.78284],[-7.93726,40.78302],[-7.93609,40.7847],[-7.9378,40.78595],[-7.93154,40.78971],[-7.92815,40.79237],[-7.92801,40.79581],[-7.9277,40.79695],[-7.92791,40.79947],[-7.92977,40.79893],[-7.93203,40.79762],[-7.93324,40.79551],[-7.93478,40.79568],[-7.93618,40.7965],[-7.93398,40.79889],[-7.93343,40.80022],[-7.9352,40.8012],[-7.93488,40.80265],[-7.93565,40.80357],[-7.93806,40.8043],[-7.938,40.80555],[-7.93898,40.80616],[-7.93905,40.80721],[-7.9399,40.8087],[-7.9398,40.81061],[-7.94094,40.81263],[-7.94024,40.81348],[-7.94166,40.81475],[-7.94298,40.81495],[-7.9427,40.81604],[-7.94418,40.81716],[-7.94575,40.81896],[-7.94877,40.81884],[-7.96199,40.8186],[-7.96569,40.8207],[-7.97045,40.82136],[-7.96668,40.82485],[-7.9663,40.82593],[-7.96461,40.82728],[-7.96479,40.8311],[-7.96453,40.83295],[-7.962,40.83428],[-7.9614,40.83515],[-7.96277,40.83653],[-7.96164,40.83897],[-7.96242,40.8411],[-7.96912,40.8392],[-7.97851,40.84157],[-7.99438,40.84707],[-7.99937,40.85044],[-7.99881,40.85432],[-7.99588,40.85707],[-7.99184,40.86113],[-7.99174,40.86601],[-7.992,40.87323],[-7.9918,40.87534],[-7.99222,40.87609],[-7.9962,40.87582],[-8.0008,40.87526],[-8.00305,40.87366],[-8.00333,40.87301],[-8.00556,40.87099],[-8.00564,40.86901],[-8.00669,40.86836],[-8.01638,40.88174],[-8.01614,40.88267],[-8.01426,40.88622],[-8.01503,40.88806],[-8.01359,40.8895],[-8.01251,40.88981],[-8.01155,40.89084],[-8.00999,40.89169],[-8.01091,40.89355],[-8.01258,40.89456],[-8.01377,40.89726],[-8.01528,40.89746],[-8.01727,40.89924],[-8.01878,40.89671],[-8.0186,40.89545],[-8.01963,40.89431],[-8.01905,40.89095],[-8.01926,40.89022],[-8.02154,40.88799],[-8.02401,40.88928],[-8.02671,40.88963],[-8.02943,40.88839],[-8.03281,40.88804],[-8.03632,40.88557],[-8.03834,40.8861],[-8.04029,40.88563],[-8.04206,40.8864],[-8.0444,40.88689],[-8.04551,40.88663],[-8.04736,40.88713],[-8.04839,40.88845],[-8.04849,40.8903],[-8.05014,40.89248],[-8.04988,40.89389],[-8.04887,40.8954],[-8.04857,40.89791],[-8.04874,40.89976],[-8.04503,40.90331],[-8.04268,40.90673],[-8.03919,40.90944],[-8.04102,40.91176],[-8.04126,40.91302],[-8.03682,40.9155],[-8.03624,40.91638],[-8.03617,40.91823],[-8.03784,40.91829],[-8.03939,40.91917],[-8.04049,40.91913],[-8.04212,40.91708],[-8.04237,40.91588],[-8.04359,40.91487],[-8.04506,40.91541],[-8.04651,40.91748],[-8.0476,40.91807],[-8.04992,40.9172],[-8.05338,40.9163],[-8.05975,40.91931],[-8.06086,40.91931],[-8.06137,40.91768],[-8.06219,40.91654],[-8.06372,40.91635],[-8.06457,40.91689],[-8.06426,40.91836],[-8.06297,40.91917],[-8.061,40.92173],[-8.06153,40.92288],[-8.0602,40.92478],[-8.06003,40.92568],[-8.06085,40.92721],[-8.0644,40.92729],[-8.065,40.92821],[-8.06402,40.92957],[-8.06493,40.93079],[-8.06684,40.93181],[-8.06944,40.93218],[-8.07076,40.932],[-8.0731,40.9306],[-8.07478,40.93114],[-8.0747,40.93336],[-8.07604,40.93352],[-8.07955,40.93331],[-8.08087,40.93376],[-8.0826,40.93546],[-8.08427,40.93534],[-8.08473,40.93445],[-8.08435,40.93329],[-8.0852,40.93218],[-8.08722,40.93112],[-8.08906,40.93071],[-8.09036,40.93088],[-8.09128,40.93176],[-8.0941,40.93312],[-8.09758,40.93423],[-8.09868,40.93391],[-8.09904,40.93238],[-8.10042,40.93096],[-8.10143,40.92927],[-8.10222,40.92875],[-8.10358,40.92972],[-8.10604,40.93072],[-8.1067,40.93145],[-8.10635,40.93253],[-8.10514,40.93308],[-8.10381,40.93601],[-8.10653,40.9365],[-8.11017,40.93526],[-8.11242,40.93612],[-8.11351,40.93566],[-8.11275,40.9337],[-8.11375,40.93246],[-8.1148,40.93263],[-8.11794,40.93424],[-8.11896,40.93326],[-8.11859,40.93103],[-8.11981,40.92985],[-8.12134,40.92748],[-8.1202,40.92538],[-8.12004,40.92358],[-8.12149,40.92094],[-8.12042,40.91794],[-8.12273,40.91636],[-8.12453,40.91103],[-8.12369,40.90847],[-8.12499,40.90536],[-8.12482,40.90358],[-8.12532,40.90277],[-8.12689,40.90235],[-8.12809,40.89881],[-8.12796,40.89815],[-8.12589,40.89606],[-8.12459,40.89437],[-8.1203,40.89317],[-8.11975,40.89195],[-8.11559,40.89033],[-8.11562,40.88756],[-8.11593,40.88688],[-8.11489,40.88509],[-8.11218,40.88319],[-8.11113,40.88201],[-8.11119,40.87991],[-8.11199,40.87843],[-8.1107,40.87571],[-8.11014,40.87361],[-8.10804,40.87251],[-8.10613,40.87069],[-8.10304,40.86687],[-8.10642,40.85517],[-8.10994,40.85467],[-8.1133,40.85267],[-8.11705,40.85236],[-8.11995,40.85142],[-8.12488,40.84945],[-8.12656,40.84944],[-8.12844,40.84894],[-8.13117,40.84883],[-8.13374,40.8492],[-8.13538,40.84977],[-8.13971,40.85191],[-8.14276,40.8543],[-8.14535,40.85496],[-8.14924,40.85516],[-8.15512,40.859],[-8.1592,40.86229],[-8.16594,40.86588],[-8.16744,40.86618],[-8.16948,40.86515],[-8.17096,40.86305],[-8.17535,40.86007],[-8.17645,40.85953],[-8.17795,40.85759],[-8.18464,40.85138],[-8.18877,40.84821],[-8.19051,40.84612],[-8.19885,40.847],[-8.20533,40.84808],[-8.20783,40.84932],[-8.20869,40.85066],[-8.21333,40.8536],[-8.21459,40.85478],[-8.22188,40.85758],[-8.22883,40.86301],[-8.23043,40.86442],[-8.23152,40.86469],[-8.23707,40.8625],[-8.24173,40.86094],[-8.24596,40.85909],[-8.25116,40.85742],[-8.25509,40.85584],[-8.25313,40.85293],[-8.25165,40.85175],[-8.24948,40.84951],[-8.24896,40.84851],[-8.24816,40.84469],[-8.24731,40.84319],[-8.24415,40.83985],[-8.24358,40.83828],[-8.24252,40.83695],[-8.24056,40.83269],[-8.23676,40.82749],[-8.23735,40.82321],[-8.2395,40.81817],[-8.24085,40.81569],[-8.24237,40.81415],[-8.24293,40.81231],[-8.24429,40.81145],[-8.24437,40.80916],[-8.24342,40.80726],[-8.24583,40.80608],[-8.24731,40.80417],[-8.24996,40.80341],[-8.25203,40.8038],[-8.25219,40.80219],[-8.25643,40.79968],[-8.25733,40.79755],[-8.25634,40.79579],[-8.25664,40.79386],[-8.25605,40.7927],[-8.25505,40.79219],[-8.25515,40.79118],[-8.25645,40.79006],[-8.25657,40.78842],[-8.2586,40.78802],[-8.25947,40.7871],[-8.2584,40.78627],[-8.25918,40.78532],[-8.26129,40.78557],[-8.26316,40.78327],[-8.26513,40.7821],[-8.2672,40.78128],[-8.26813,40.78054],[-8.26757,40.77937],[-8.26534,40.779],[-8.26506,40.7774],[-8.2661,40.77424],[-8.26781,40.77321],[-8.26865,40.77128],[-8.2675,40.7706],[-8.26903,40.76851],[-8.26914,40.76728],[-8.27133,40.7649],[-8.27337,40.76317],[-8.27433,40.76457],[-8.27533,40.76519],[-8.27646,40.7646],[-8.27692,40.76283],[-8.27648,40.76203],[-8.27442,40.76199],[-8.27298,40.76122],[-8.27193,40.75974],[-8.27275,40.75829],[-8.27319,40.7565],[-8.27528,40.75636],[-8.27694,40.75702],[-8.27805,40.75841],[-8.28024,40.75765],[-8.28609,40.75329],[-8.28715,40.75205],[-8.28933,40.75122],[-8.29289,40.75107],[-8.29432,40.75026],[-8.29506,40.74853],[-8.29584,40.74778],[-8.2988,40.74674],[-8.30336,40.74607],[-8.30479,40.74548],[-8.30857,40.74269],[-8.31169,40.74253],[-8.31436,40.74156],[-8.31597,40.74154],[-8.31973,40.7429],[-8.3226,40.74223],[-8.32423,40.7402],[-8.32541,40.73938],[-8.32732,40.73942],[-8.32922,40.74018],[-8.33199,40.74006],[-8.33287,40.73781],[-8.33359,40.737],[-8.33335,40.73427],[-8.33246,40.73267],[-8.33157,40.72979],[-8.32812,40.72755],[-8.32733,40.72679],[-8.32615,40.72399],[-8.32416,40.72129],[-8.32355,40.71946],[-8.32385,40.71687],[-8.32444,40.71506],[-8.32633,40.71119],[-8.3212,40.70564],[-8.31752,40.7048],[-8.31607,40.70411],[-8.31377,40.7038],[-8.31306,40.70262],[-8.3123,40.7],[-8.31009,40.69535],[-8.30811,40.69331],[-8.30672,40.69253],[-8.2988,40.6945],[-8.29764,40.69434],[-8.29674,40.6921],[-8.29661,40.69016],[-8.29895,40.68167],[-8.29814,40.67575],[-8.29712,40.67415],[-8.29379,40.67159],[-8.2917,40.66887],[-8.28883,40.66902],[-8.28985,40.66603],[-8.29076,40.66257],[-8.29158,40.66044],[-8.29175,40.65758],[-8.29237,40.65469],[-8.29312,40.65245],[-8.29435,40.65269],[-8.29604,40.65221],[-8.29662,40.6514],[-8.29645,40.64979],[-8.2948,40.64568],[-8.2947,40.64373],[-8.29506,40.64242],[-8.29551,40.63784],[-8.29433,40.635],[-8.29325,40.63378],[-8.29164,40.63329],[-8.28985,40.63214],[-8.28624,40.63086],[-8.28389,40.63038],[-8.28186,40.6323],[-8.27987,40.6331],[-8.2721,40.62989],[-8.26944,40.62834],[-8.26003,40.62521],[-8.2589,40.62405],[-8.25464,40.62102],[-8.25086,40.61951],[-8.24736,40.61733],[-8.24538,40.61641],[-8.24741,40.61432]]]},"properties":{"idApp":923007,"aopId":"lafoes","name":"Lafões","nameJa":"ラフォンイス","kind":"regional","tags":[],"rank":0},"bbox":[-8.33359,40.56367,-7.9277,40.9365]},{"type":"Feature","geometry":{"type":"Polygon","coordinates":[[[-9.17844,39.19784],[-9.18039,39.19937],[-9.18523,39.20249],[-9.18766,39.20541],[-9.18943,39.20709],[-9.19162,39.20841],[-9.19515,39.20771],[-9.19921,39.21087],[-9.19982,39.21318],[-9.20086,39.21415],[-9.20361,39.21484],[-9.20616,39.21517],[-9.2076,39.21494],[-9.20909,39.21559],[-9.21176,39.21542],[-9.21275,39.21441],[-9.2147,39.21514],[-9.21662,39.2153],[-9.21865,39.21481],[-9.21992,39.21502],[-9.22285,39.21465],[-9.22527,39.21584],[-9.22918,39.21616],[-9.23471,39.21618],[-9.24072,39.21587],[-9.24134,39.21549],[-9.23939,39.21366],[-9.2391,39.2127],[-9.23961,39.21164],[-9.23919,39.20897],[-9.23978,39.20798],[-9.23943,39.20482],[-9.23812,39.20315],[-9.23711,39.19932],[-9.23732,39.19825],[-9.24091,39.19822],[-9.24294,39.19853],[-9.24727,39.19724],[-9.25309,39.19612],[-9.2567,39.19589],[-9.2591,39.19527],[-9.2617,39.19578],[-9.26448,39.19552],[-9.26697,39.19431],[-9.27222,39.19294],[-9.27684,39.19331],[-9.27894,39.19272],[-9.28111,39.1915],[-9.28107,39.19102],[-9.28348,39.18852],[-9.28748,39.18402],[-9.29007,39.18251],[-9.29176,39.17962],[-9.29245,39.18104],[-9.29549,39.18266],[-9.29894,39.18274],[-9.30154,39.18105],[-9.30206,39.17961],[-9.30882,39.17697],[-9.3105,39.1761],[-9.31415,39.17475],[-9.31591,39.1745],[-9.317,39.17578],[-9.32121,39.17627],[-9.32228,39.1769],[-9.32165,39.17851],[-9.32271,39.18036],[-9.32278,39.18189],[-9.32441,39.18275],[-9.32258,39.18562],[-9.32363,39.18745],[-9.32395,39.1897],[-9.32543,39.18988],[-9.32819,39.19163],[-9.32881,39.19294],[-9.3307,39.19408],[-9.33171,39.19541],[-9.33505,39.19534],[-9.33822,39.19414],[-9.34142,39.19318],[-9.34914,39.19214],[-9.35161,39.19169],[-9.35396,39.18768],[-9.3544,39.18628],[-9.35588,39.18348],[-9.35681,39.18247],[-9.35833,39.18183],[-9.35796,39.18055],[-9.35659,39.17994],[-9.35634,39.17876],[-9.35686,39.17725],[-9.35821,39.17699],[-9.35817,39.17439],[-9.35887,39.17241],[-9.35999,39.17034],[-9.36087,39.16956],[-9.3622,39.16695],[-9.36279,39.16651],[-9.36454,39.16394],[-9.36547,39.16216],[-9.3672,39.16051],[-9.36696,39.15984],[-9.36909,39.15527],[-9.37086,39.153],[-9.37332,39.14826],[-9.37624,39.14388],[-9.37995,39.13962],[-9.38206,39.13671],[-9.38304,39.13627],[-9.38364,39.13511],[-9.38622,39.13268],[-9.38565,39.13159],[-9.38825,39.12776],[-9.39049,39.12511],[-9.39181,39.12393],[-9.39215,39.12269],[-9.39361,39.12184],[-9.39425,39.12053],[-9.39297,39.11877],[-9.39302,39.11544],[-9.3946,39.11201],[-9.39635,39.10962],[-9.39735,39.10888],[-9.39998,39.10565],[-9.40163,39.10317],[-9.40326,39.10174],[-9.4046,39.1],[-9.40484,39.09875],[-9.40599,39.09713],[-9.41004,39.09397],[-9.41205,39.09149],[-9.41277,39.09016],[-9.41465,39.0884],[-9.41461,39.08641],[-9.41664,39.08343],[-9.41765,39.08287],[-9.41767,39.08117],[-9.41877,39.07899],[-9.42082,39.0759],[-9.42198,39.07464],[-9.42113,39.07114],[-9.4192,39.06933],[-9.41883,39.06792],[-9.41798,39.06697],[-9.41629,39.06384],[-9.41619,39.0595],[-9.41525,39.05707],[-9.41721,39.05174],[-9.41788,39.05069],[-9.41663,39.04872],[-9.41708,39.04674],[-9.41616,39.04388],[-9.41627,39.04266],[-9.41744,39.03989],[-9.41816,39.03899],[-9.41808,39.03778],[-9.4196,39.03562],[-9.41864,39.03405],[-9.41875,39.03236],[-9.41942,39.03139],[-9.42084,39.03062],[-9.42116,39.0286],[-9.42195,39.0276],[-9.42163,39.02678],[-9.42323,39.02542],[-9.42406,39.02378],[-9.4236,39.02078],[-9.42498,39.01914],[-9.42228,39.01519],[-9.42196,39.01175],[-9.42342,39.01007],[-9.42472,39.01053],[-9.4268,39.00827],[-9.42567,39.00671],[-9.42509,39.00488],[-9.42612,39.00422],[-9.42751,39.00433],[-9.42768,39.00195],[-9.42677,39.00101],[-9.42447,38.99954],[-9.42424,38.99824],[-9.42551,38.9962],[-9.42466,38.99469],[-9.4248,38.99363],[-9.42328,38.99178],[-9.42263,38.99039],[-9.41992,38.98831],[-9.41833,38.98814],[-9.41782,38.98877],[-9.41385,38.99038],[-9.41272,38.9898],[-9.41113,38.99016],[-9.40924,38.98892],[-9.40537,38.98867],[-9.40425,38.98922],[-9.40207,38.98891],[-9.40048,38.99029],[-9.39997,38.98952],[-9.39725,38.98842],[-9.39584,38.98724],[-9.39334,38.98672],[-9.39049,38.98389],[-9.38807,38.9821],[-9.38739,38.98071],[-9.38577,38.98035],[-9.38472,38.97823],[-9.38294,38.97653],[-9.38141,38.97574],[-9.37851,38.97276],[-9.37618,38.9717],[-9.37441,38.97128],[-9.37292,38.97211],[-9.37098,38.97569],[-9.3719,38.97664],[-9.37162,38.97753],[-9.36915,38.97744],[-9.36803,38.97621],[-9.36675,38.97637],[-9.3653,38.97525],[-9.36373,38.97457],[-9.36069,38.97824],[-9.35952,38.9791],[-9.35704,38.97916],[-9.35562,38.98038],[-9.35761,38.98238],[-9.35984,38.982],[-9.36182,38.98274],[-9.36163,38.98398],[-9.35859,38.98476],[-9.35728,38.98445],[-9.35677,38.98686],[-9.35949,38.98811],[-9.35805,38.98893],[-9.35745,38.98983],[-9.35511,38.98886],[-9.35442,38.98997],[-9.3533,38.99066],[-9.35206,38.99051],[-9.34875,38.9919],[-9.34906,38.99347],[-9.34797,38.99419],[-9.34755,38.99793],[-9.34827,38.99921],[-9.34925,39.00223],[-9.3453,39.00419],[-9.34384,39.00292],[-9.34299,39.00359],[-9.3411,39.00206],[-9.34127,39.00135],[-9.33967,38.99969],[-9.33887,38.99758],[-9.33976,38.99723],[-9.33981,38.99613],[-9.33835,38.99457],[-9.33699,38.99179],[-9.33486,38.99076],[-9.33336,38.98943],[-9.32948,38.98931],[-9.32774,38.98875],[-9.32579,38.98701],[-9.32351,38.98372],[-9.32241,38.98179],[-9.32161,38.98133],[-9.32051,38.97958],[-9.32065,38.97818],[-9.31931,38.97658],[-9.31795,38.97596],[-9.31621,38.97411],[-9.31671,38.97278],[-9.31521,38.97182],[-9.31328,38.97178],[-9.31141,38.97129],[-9.30897,38.97025],[-9.30924,38.96852],[-9.30884,38.96674],[-9.30605,38.96537],[-9.30094,38.96431],[-9.2997,38.96448],[-9.29758,38.96606],[-9.29598,38.9681],[-9.29465,38.97063],[-9.29279,38.9721],[-9.2916,38.97388],[-9.28769,38.97156],[-9.28527,38.97054],[-9.28373,38.96812],[-9.28116,38.9679],[-9.27882,38.96629],[-9.27837,38.96553],[-9.27634,38.96484],[-9.27491,38.96388],[-9.27253,38.96009],[-9.27288,38.95767],[-9.27222,38.9562],[-9.27034,38.95479],[-9.27012,38.95328],[-9.26937,38.95213],[-9.26659,38.95001],[-9.26574,38.94673],[-9.266,38.94415],[-9.26428,38.94409],[-9.26324,38.94604],[-9.2603,38.9466],[-9.25968,38.94738],[-9.26002,38.94976],[-9.25992,38.95121],[-9.26057,38.95221],[-9.26062,38.95509],[-9.25979,38.95659],[-9.25723,38.9561],[-9.25434,38.9572],[-9.25149,38.95683],[-9.24945,38.9585],[-9.24993,38.95986],[-9.25156,38.96093],[-9.25287,38.96249],[-9.24918,38.96374],[-9.24781,38.96285],[-9.24538,38.96187],[-9.24419,38.96218],[-9.24243,38.96182],[-9.24019,38.96227],[-9.23934,38.96349],[-9.23851,38.96224],[-9.23731,38.96506],[-9.23595,38.96617],[-9.23389,38.96524],[-9.23217,38.96315],[-9.23006,38.9625],[-9.23052,38.96118],[-9.22942,38.95867],[-9.22861,38.95553],[-9.22887,38.95366],[-9.23232,38.95472],[-9.23285,38.95376],[-9.23425,38.95285],[-9.23456,38.95201],[-9.23709,38.95125],[-9.23958,38.95095],[-9.24057,38.94842],[-9.23755,38.94789],[-9.22954,38.94873],[-9.22935,38.94955],[-9.22668,38.95064],[-9.22577,38.95048],[-9.21893,38.95163],[-9.21476,38.95125],[-9.21369,38.9521],[-9.21212,38.95239],[-9.21022,38.95225],[-9.2089,38.95426],[-9.21038,38.955],[-9.21105,38.95639],[-9.21042,38.95719],[-9.20794,38.95698],[-9.20621,38.95569],[-9.20415,38.95599],[-9.20261,38.95727],[-9.19947,38.95818],[-9.19797,38.95701],[-9.19562,38.95665],[-9.19352,38.95773],[-9.19153,38.95776],[-9.19015,38.95822],[-9.18885,38.95773],[-9.19003,38.9563],[-9.18902,38.95574],[-9.18954,38.95331],[-9.18798,38.95149],[-9.18513,38.95314],[-9.18262,38.95305],[-9.17987,38.95212],[-9.17932,38.95507],[-9.17721,38.95522],[-9.17712,38.9568],[-9.17511,38.95727],[-9.17341,38.95808],[-9.17015,38.95686],[-9.16872,38.95608],[-9.16638,38.95571],[-9.16458,38.95637],[-9.16731,38.95853],[-9.1689,38.96074],[-9.16489,38.96166],[-9.16334,38.96251],[-9.16631,38.96364],[-9.16928,38.96868],[-9.17015,38.96933],[-9.17102,38.97098],[-9.17307,38.97224],[-9.17605,38.97159],[-9.17576,38.97269],[-9.17671,38.97446],[-9.17853,38.9759],[-9.17565,38.97768],[-9.17643,38.97813],[-9.17609,38.97958],[-9.17313,38.97927],[-9.17199,38.98069],[-9.17321,38.98281],[-9.17196,38.98351],[-9.17013,38.9823],[-9.16655,38.98369],[-9.16495,38.98312],[-9.1624,38.98297],[-9.16071,38.98216],[-9.16107,38.98023],[-9.15929,38.97854],[-9.15573,38.97602],[-9.15545,38.97468],[-9.15649,38.97271],[-9.15489,38.9711],[-9.15358,38.9705],[-9.15214,38.96906],[-9.14987,38.96958],[-9.15058,38.97139],[-9.15021,38.9724],[-9.15191,38.9749],[-9.15206,38.97608],[-9.15092,38.97723],[-9.14821,38.97753],[-9.14755,38.97653],[-9.14563,38.97722],[-9.142,38.97741],[-9.14108,38.97771],[-9.14181,38.97936],[-9.14157,38.98033],[-9.13922,38.98088],[-9.13781,38.9803],[-9.13728,38.98112],[-9.13547,38.98032],[-9.1344,38.98142],[-9.12814,38.98301],[-9.12893,38.98487],[-9.12725,38.98605],[-9.12797,38.98665],[-9.12777,38.98914],[-9.12871,38.99046],[-9.12791,38.99137],[-9.12369,38.99205],[-9.12275,38.99387],[-9.12301,38.99506],[-9.12039,38.99504],[-9.11797,38.99566],[-9.11811,38.99663],[-9.11931,38.99763],[-9.11883,38.99875],[-9.11731,38.99941],[-9.1165,38.9991],[-9.11433,39.00009],[-9.11366,38.99874],[-9.11364,38.99718],[-9.11241,38.99528],[-9.11209,38.99415],[-9.11274,38.99054],[-9.11465,38.98993],[-9.11622,38.98869],[-9.1146,38.98684],[-9.11494,38.98606],[-9.11427,38.98472],[-9.11305,38.98487],[-9.1104,38.9843],[-9.10794,38.98459],[-9.10873,38.98629],[-9.10854,38.98747],[-9.10698,38.98851],[-9.10521,38.98888],[-9.10191,38.99212],[-9.10156,38.99324],[-9.0993,38.99324],[-9.10004,38.99514],[-9.10173,38.99589],[-9.10366,38.99777],[-9.10479,38.99812],[-9.10487,39.00283],[-9.10473,39.00547],[-9.10401,39.00615],[-9.10457,39.00703],[-9.10561,39.01022],[-9.10339,39.0111],[-9.10416,39.01215],[-9.10457,39.0152],[-9.10417,39.0163],[-9.10436,39.01845],[-9.10353,39.02069],[-9.1035,39.02249],[-9.10133,39.02292],[-9.09971,39.02113],[-9.0987,39.0209],[-9.09863,39.0222],[-9.09968,39.02427],[-9.10034,39.02633],[-9.10286,39.0284],[-9.10431,39.02888],[-9.1058,39.03041],[-9.10803,39.03163],[-9.11163,39.03242],[-9.11642,39.03317],[-9.11897,39.0342],[-9.12118,39.0355],[-9.12337,39.03591],[-9.12671,39.03561],[-9.12579,39.03695],[-9.1261,39.0381],[-9.12718,39.03974],[-9.12737,39.04113],[-9.12808,39.04192],[-9.12821,39.0441],[-9.12887,39.04512],[-9.12866,39.04866],[-9.12753,39.05028],[-9.1274,39.05133],[-9.12919,39.05469],[-9.13082,39.05635],[-9.13191,39.05881],[-9.13293,39.0618],[-9.13256,39.06333],[-9.13185,39.06413],[-9.13022,39.06476],[-9.12988,39.06598],[-9.13127,39.0677],[-9.13146,39.06929],[-9.12986,39.07294],[-9.12731,39.07528],[-9.12993,39.07791],[-9.13282,39.07979],[-9.13493,39.08201],[-9.13554,39.08375],[-9.13852,39.08497],[-9.14025,39.086],[-9.14348,39.087],[-9.1442,39.08791],[-9.14667,39.08891],[-9.1494,39.09074],[-9.15225,39.09191],[-9.15623,39.0958],[-9.157,39.09751],[-9.16262,39.10496],[-9.16389,39.10631],[-9.16172,39.10717],[-9.15956,39.10892],[-9.15763,39.10995],[-9.15571,39.11162],[-9.15347,39.11312],[-9.15024,39.11617],[-9.1503,39.11772],[-9.14911,39.11841],[-9.14831,39.11956],[-9.145,39.12071],[-9.14302,39.12222],[-9.14089,39.12467],[-9.13907,39.12882],[-9.13797,39.1302],[-9.13593,39.13206],[-9.13652,39.13323],[-9.13729,39.13632],[-9.1389,39.13883],[-9.14113,39.14382],[-9.14139,39.14488],[-9.1429,39.14716],[-9.14264,39.14843],[-9.1441,39.15025],[-9.14309,39.15141],[-9.14376,39.15494],[-9.14523,39.15605],[-9.14554,39.15792],[-9.14638,39.16055],[-9.14778,39.1632],[-9.14873,39.16612],[-9.1508,39.17087],[-9.15377,39.17484],[-9.15606,39.17944],[-9.15494,39.18029],[-9.15443,39.18389],[-9.15585,39.1855],[-9.15544,39.18663],[-9.15627,39.18847],[-9.15743,39.18883],[-9.15862,39.18822],[-9.15998,39.18906],[-9.16303,39.19027],[-9.16751,39.19083],[-9.17442,39.19372],[-9.17844,39.19784]],[[-9.19287,38.99207],[-9.19461,38.99333],[-9.19469,38.99477],[-9.19867,38.99451],[-9.19958,38.99546],[-9.20124,38.99392],[-9.20419,38.99383],[-9.20406,38.99561],[-9.20466,38.99942],[-9.20558,39.00056],[-9.20672,39.00305],[-9.20765,39.00393],[-9.2093,39.00734],[-9.21214,39.00985],[-9.21243,39.01042],[-9.20954,39.01053],[-9.2055,39.01414],[-9.20512,39.01489],[-9.20317,39.01476],[-9.20257,39.01219],[-9.20374,39.01092],[-9.20171,39.00966],[-9.20253,39.00858],[-9.20251,39.00744],[-9.20034,39.00456],[-9.19907,39.00429],[-9.19656,39.00511],[-9.19443,39.00644],[-9.19452,39.00782],[-9.19713,39.00818],[-9.19687,39.00885],[-9.19311,39.00891],[-9.19347,39.01025],[-9.19332,39.01186],[-9.18991,39.0116],[-9.18711,39.00941],[-9.18518,39.01047],[-9.1835,39.01032],[-9.18334,39.00859],[-9.18166,39.00876],[-9.18203,39.00998],[-9.18113,39.01044],[-9.1814,39.01292],[-9.17843,39.01294],[-9.17704,39.01153],[-9.1756,39.01246],[-9.17453,39.01215],[-9.17534,39.01095],[-9.17227,39.00998],[-9.17062,39.01015],[-9.16948,39.01087],[-9.16995,39.01219],[-9.16776,39.01204],[-9.16702,39.01314],[-9.16812,39.01381],[-9.16546,39.01538],[-9.16473,39.01457],[-9.16277,39.01501],[-9.1625,39.01679],[-9.16354,39.01887],[-9.16725,39.02153],[-9.16557,39.0236],[-9.16014,39.02659],[-9.15989,39.02719],[-9.15745,39.02766],[-9.15645,39.02821],[-9.15672,39.02971],[-9.15546,39.03126],[-9.15322,39.03291],[-9.15076,39.0325],[-9.14964,39.03192],[-9.14829,39.03197],[-9.14459,39.03319],[-9.14308,39.03315],[-9.14266,39.03246],[-9.13802,39.03383],[-9.13613,39.03482],[-9.13402,39.03366],[-9.1334,39.03237],[-9.13486,39.03022],[-9.13622,39.02892],[-9.1357,39.02535],[-9.13962,39.0214],[-9.14381,39.0202],[-9.14402,39.01963],[-9.14586,39.01847],[-9.14648,39.0187],[-9.14831,39.01772],[-9.14994,39.01491],[-9.1518,39.0156],[-9.15206,39.01271],[-9.1531,39.01146],[-9.15344,39.01024],[-9.15504,39.00768],[-9.15862,39.00766],[-9.16182,39.00713],[-9.1631,39.00636],[-9.16721,39.00599],[-9.16905,39.00562],[-9.1702,39.00447],[-9.17206,39.00435],[-9.17436,39.00316],[-9.17537,39.00323],[-9.17677,39.0042],[-9.17887,39.00445],[-9.17931,39.00498],[-9.18232,39.00628],[-9.18469,39.0051],[-9.18513,39.0042],[-9.18766,39.002],[-9.18789,39.00067],[-9.18925,38.99975],[-9.19014,38.99851],[-9.19148,38.99787],[-9.19145,38.99637],[-9.19245,38.99417],[-9.19287,38.99207]]]},"properties":{"idApp":923014,"aopId":"torres-vedras","name":"Torres Vedras","nameJa":"トレス・ヴェドラス","kind":"regional","tags":[],"rank":0},"bbox":[-9.42768,38.94409,-9.09863,39.21618]},{"type":"Feature","geometry":{"type":"Polygon","coordinates":[[[-9.06714,39.17699],[-9.06018,39.17429],[-9.05826,39.17388],[-9.05306,39.17418],[-9.0487,39.17368],[-9.04851,39.17337],[-9.03875,39.17912],[-9.02971,39.17927],[-9.02838,39.18001],[-9.02676,39.18159],[-9.02313,39.18243],[-9.02108,39.18358],[-9.02115,39.18468],[-9.01942,39.18871],[-9.01765,39.18834],[-9.01336,39.18797],[-9.01187,39.18732],[-9.00987,39.18544],[-9.00475,39.1864],[-9.00455,39.18727],[-9.00455,39.19251],[-9.00362,39.19517],[-8.99874,39.20368],[-8.99723,39.20705],[-8.99665,39.20968],[-8.99683,39.21187],[-8.99643,39.21338],[-8.99483,39.21324],[-8.99526,39.21534],[-8.99484,39.21734],[-8.9938,39.21798],[-8.99414,39.21964],[-8.9931,39.22126],[-8.99183,39.22117],[-8.99128,39.22441],[-8.9905,39.22732],[-8.99103,39.22846],[-8.98955,39.22876],[-8.98783,39.23068],[-8.98871,39.23207],[-8.98879,39.23389],[-8.98809,39.23627],[-8.98839,39.24089],[-8.98772,39.24216],[-8.98554,39.24404],[-8.98427,39.24701],[-8.98383,39.24956],[-8.98131,39.24938],[-8.98389,39.25352],[-8.9791,39.27396],[-8.97703,39.27978],[-8.97576,39.28248],[-8.97522,39.28714],[-8.98007,39.28843],[-8.98366,39.28691],[-8.98532,39.28838],[-8.98657,39.29008],[-8.99011,39.29053],[-8.99149,39.29434],[-8.99265,39.2967],[-8.99411,39.29695],[-8.99273,39.29915],[-8.99272,39.30186],[-8.99166,39.30291],[-8.99122,39.30495],[-8.99013,39.30801],[-8.98854,39.31114],[-8.9889,39.31305],[-8.9883,39.31519],[-8.98725,39.3163],[-8.98645,39.31877],[-8.98687,39.32009],[-8.98938,39.32119],[-8.99018,39.32265],[-8.99156,39.3239],[-8.99282,39.32571],[-8.99457,39.32616],[-8.99701,39.32858],[-8.99758,39.33075],[-8.99908,39.3332],[-8.99946,39.3346],[-8.99931,39.33612],[-8.99808,39.33799],[-8.99872,39.34132],[-8.99815,39.3433],[-9.00026,39.34594],[-9.00095,39.35067],[-9.00095,39.35186],[-9.00157,39.35464],[-9.00098,39.35572],[-8.99819,39.35805],[-8.99904,39.35848],[-8.99864,39.36088],[-8.99667,39.36359],[-8.99517,39.36676],[-8.99433,39.36775],[-8.99416,39.36983],[-8.99278,39.3721],[-8.99175,39.37304],[-8.9918,39.37575],[-8.98694,39.38018],[-8.98577,39.38075],[-8.9839,39.38311],[-8.98358,39.38482],[-8.9825,39.38703],[-8.98289,39.38861],[-8.98382,39.38979],[-8.98578,39.39089],[-8.98697,39.39335],[-8.98619,39.39416],[-8.98745,39.39485],[-8.98932,39.39705],[-8.99039,39.39757],[-8.98953,39.39971],[-8.98863,39.40013],[-8.98646,39.39889],[-8.986,39.40007],[-8.98712,39.40111],[-8.98595,39.40192],[-8.98691,39.40393],[-8.98892,39.40329],[-8.99046,39.40342],[-8.99191,39.40284],[-8.9931,39.40175],[-8.99382,39.40282],[-8.99494,39.40229],[-8.99733,39.40251],[-8.99875,39.40373],[-8.99906,39.40527],[-9.00306,39.40711],[-9.00691,39.41036],[-9.00807,39.41213],[-9.01307,39.41592],[-9.01589,39.41823],[-9.01786,39.41934],[-9.01883,39.42036],[-9.02209,39.42247],[-9.02304,39.42245],[-9.02456,39.42337],[-9.02567,39.42316],[-9.02811,39.42362],[-9.03019,39.42327],[-9.03222,39.42342],[-9.03608,39.42002],[-9.03816,39.41877],[-9.03976,39.41888],[-9.04527,39.42275],[-9.04655,39.42257],[-9.04866,39.42298],[-9.04978,39.4209],[-9.05,39.41883],[-9.05082,39.4177],[-9.05291,39.41691],[-9.05571,39.41661],[-9.05694,39.41688],[-9.05935,39.41674],[-9.06068,39.41624],[-9.06527,39.41548],[-9.06586,39.41449],[-9.06754,39.41367],[-9.06821,39.41273],[-9.06972,39.41201],[-9.07238,39.40938],[-9.07329,39.40806],[-9.0735,39.40529],[-9.07656,39.40514],[-9.07802,39.40465],[-9.08021,39.40453],[-9.08178,39.40407],[-9.08417,39.40257],[-9.09055,39.398],[-9.09499,39.39581],[-9.09601,39.39464],[-9.1011,39.40018],[-9.10249,39.40078],[-9.1015,39.40201],[-9.10304,39.40233],[-9.10114,39.40401],[-9.10201,39.40501],[-9.106,39.40679],[-9.10918,39.4084],[-9.10945,39.40985],[-9.10917,39.41273],[-9.10802,39.41352],[-9.10432,39.41427],[-9.10138,39.41413],[-9.09998,39.41451],[-9.09872,39.41594],[-9.09865,39.41699],[-9.09706,39.41756],[-9.09481,39.41776],[-9.093,39.41833],[-9.09482,39.42016],[-9.09515,39.42126],[-9.09638,39.42186],[-9.09757,39.42441],[-9.10008,39.42612],[-9.10262,39.42686],[-9.10353,39.42751],[-9.10655,39.42833],[-9.10651,39.42911],[-9.10481,39.43082],[-9.1042,39.43246],[-9.10503,39.43352],[-9.10916,39.43476],[-9.11095,39.43753],[-9.11082,39.44012],[-9.1113,39.4412],[-9.11405,39.44349],[-9.11543,39.44401],[-9.11641,39.44514],[-9.11632,39.44608],[-9.11779,39.44816],[-9.11973,39.44641],[-9.12181,39.44013],[-9.12207,39.4386],[-9.12202,39.43527],[-9.12454,39.43086],[-9.12498,39.42945],[-9.12507,39.42616],[-9.12605,39.4251],[-9.12734,39.42051],[-9.12991,39.42149],[-9.1366,39.42306],[-9.1418,39.42414],[-9.14278,39.42262],[-9.14416,39.42298],[-9.14429,39.4215],[-9.14333,39.41922],[-9.13878,39.40076],[-9.13909,39.39864],[-9.14036,39.39644],[-9.14046,39.39419],[-9.13855,39.38804],[-9.14043,39.39031],[-9.14244,39.39127],[-9.14599,39.39366],[-9.14675,39.39463],[-9.15152,39.39444],[-9.15391,39.3951],[-9.15883,39.39594],[-9.16321,39.39635],[-9.16663,39.39841],[-9.16829,39.39846],[-9.17087,39.39915],[-9.17342,39.40021],[-9.17751,39.40135],[-9.17853,39.40111],[-9.18589,39.40137],[-9.18763,39.40298],[-9.19198,39.4049],[-9.19335,39.40418],[-9.19677,39.40373],[-9.19893,39.40215],[-9.20528,39.40174],[-9.20697,39.40124],[-9.2062,39.39959],[-9.20573,39.39753],[-9.2059,39.39596],[-9.20036,39.39183],[-9.19912,39.39137],[-9.19917,39.38943],[-9.20223,39.38675],[-9.20414,39.38357],[-9.20452,39.38252],[-9.20419,39.37907],[-9.20371,39.37671],[-9.20176,39.37239],[-9.1986,39.36729],[-9.19659,39.36298],[-9.19686,39.36085],[-9.19662,39.359],[-9.19585,39.35767],[-9.19574,39.35516],[-9.19613,39.35334],[-9.1956,39.35174],[-9.19388,39.34944],[-9.19221,39.34921],[-9.18981,39.3481],[-9.18875,39.3466],[-9.18588,39.33575],[-9.18575,39.33415],[-9.18612,39.33229],[-9.18931,39.33244],[-9.19137,39.33209],[-9.1994,39.3301],[-9.20072,39.32955],[-9.20229,39.32797],[-9.20276,39.32599],[-9.20245,39.32352],[-9.20304,39.3219],[-9.20545,39.32355],[-9.20554,39.32266],[-9.20693,39.32175],[-9.20604,39.32087],[-9.20641,39.3193],[-9.20618,39.31783],[-9.20492,39.31782],[-9.20283,39.31904],[-9.20292,39.32188],[-9.1934,39.32093],[-9.19163,39.32],[-9.19335,39.31787],[-9.19415,39.315],[-9.19833,39.31349],[-9.20166,39.31342],[-9.20132,39.30863],[-9.19988,39.30828],[-9.19911,39.30733],[-9.20081,39.30479],[-9.19951,39.30427],[-9.1996,39.30176],[-9.20074,39.30207],[-9.20134,39.30115],[-9.2028,39.30058],[-9.20089,39.29946],[-9.20087,39.29802],[-9.1995,39.29603],[-9.20013,39.29487],[-9.20006,39.29344],[-9.1988,39.29051],[-9.19771,39.28535],[-9.19651,39.28329],[-9.19604,39.28067],[-9.19473,39.28013],[-9.19412,39.2782],[-9.19281,39.27716],[-9.19141,39.27544],[-9.18822,39.27351],[-9.18702,39.26886],[-9.18871,39.26908],[-9.19468,39.2626],[-9.19713,39.25865],[-9.19713,39.25678],[-9.19595,39.25392],[-9.19623,39.25163],[-9.19783,39.24911],[-9.19885,39.24819],[-9.2003,39.24829],[-9.20239,39.24768],[-9.20048,39.24403],[-9.20049,39.243],[-9.19949,39.24049],[-9.19958,39.2398],[-9.19857,39.23799],[-9.19881,39.23476],[-9.19378,39.23015],[-9.18649,39.22697],[-9.18803,39.22061],[-9.18757,39.21851],[-9.18559,39.21498],[-9.18305,39.21265],[-9.17799,39.21158],[-9.17669,39.20783],[-9.17587,39.20051],[-9.17844,39.19784],[-9.17442,39.19372],[-9.16751,39.19083],[-9.16303,39.19027],[-9.15998,39.18906],[-9.15862,39.18822],[-9.15743,39.18883],[-9.15627,39.18847],[-9.15544,39.18663],[-9.15585,39.1855],[-9.15443,39.18389],[-9.15194,39.18412],[-9.14792,39.18321],[-9.14335,39.18427],[-9.14216,39.18539],[-9.14115,39.18526],[-9.13828,39.18735],[-9.13748,39.18665],[-9.13619,39.18355],[-9.13485,39.18347],[-9.13302,39.18215],[-9.13291,39.18141],[-9.13072,39.18079],[-9.12692,39.18037],[-9.12211,39.17812],[-9.12325,39.17744],[-9.12154,39.17433],[-9.12015,39.17462],[-9.11844,39.17437],[-9.1166,39.17594],[-9.11477,39.17392],[-9.11386,39.17414],[-9.1125,39.17236],[-9.11085,39.1717],[-9.1113,39.17058],[-9.11066,39.16971],[-9.10741,39.16762],[-9.10368,39.16876],[-9.10192,39.16848],[-9.09598,39.17014],[-9.08905,39.17231],[-9.08734,39.17353],[-9.08581,39.17397],[-9.06714,39.17699]],[[-9.17183,39.33388],[-9.17412,39.33447],[-9.17387,39.33655],[-9.17232,39.33956],[-9.17099,39.3409],[-9.16086,39.34638],[-9.1577,39.34846],[-9.15548,39.34734],[-9.15649,39.34414],[-9.15476,39.3423],[-9.15088,39.33608],[-9.14902,39.33635],[-9.14869,39.3383],[-9.14744,39.3359],[-9.14555,39.33449],[-9.14247,39.33347],[-9.14163,39.33379],[-9.13831,39.33239],[-9.13665,39.3323],[-9.13525,39.33312],[-9.13374,39.33199],[-9.13264,39.33245],[-9.13219,39.3334],[-9.13064,39.33469],[-9.12937,39.33664],[-9.12787,39.33715],[-9.12683,39.33596],[-9.12589,39.33302],[-9.12613,39.33044],[-9.12822,39.33057],[-9.12836,39.32664],[-9.12921,39.32635],[-9.13148,39.32705],[-9.13588,39.32757],[-9.13636,39.32661],[-9.13609,39.3252],[-9.13744,39.32351],[-9.1397,39.32497],[-9.14119,39.32485],[-9.14414,39.32281],[-9.14471,39.3216],[-9.14607,39.32067],[-9.1466,39.31954],[-9.14609,39.3172],[-9.14396,39.31437],[-9.14754,39.3147],[-9.14989,39.31415],[-9.15553,39.31569],[-9.15682,39.31676],[-9.16055,39.31778],[-9.15856,39.31971],[-9.15916,39.32065],[-9.16032,39.32029],[-9.16051,39.3215],[-9.16431,39.32251],[-9.16683,39.32269],[-9.16652,39.32413],[-9.16751,39.32447],[-9.16748,39.32545],[-9.17039,39.32716],[-9.17134,39.32986],[-9.16978,39.33349],[-9.17183,39.33388]]]},"properties":{"idApp":923011,"aopId":"obidos","name":"Óbidos","nameJa":"オビドス","kind":"regional","tags":[],"rank":0},"bbox":[-9.20697,39.16762,-8.97522,39.44816]},{"type":"Feature","geometry":{"type":"MultiPolygon","coordinates":[[[[-7.8352,41.08331],[-7.83591,41.08284],[-7.83915,41.08182],[-7.83903,41.07945],[-7.83997,41.07775],[-7.83987,41.07471],[-7.84008,41.07278],[-7.83876,41.07092],[-7.83922,41.06973],[-7.83839,41.06918],[-7.83889,41.06821],[-7.84121,41.06691],[-7.84388,41.06881],[-7.8454,41.06754],[-7.8481,41.06721],[-7.84981,41.06669],[-7.85263,41.0621],[-7.85397,41.06168],[-7.85533,41.06201],[-7.85706,41.05982],[-7.85606,41.05817],[-7.85767,41.0574],[-7.85875,41.0558],[-7.85908,41.05436],[-7.85852,41.05327],[-7.85658,41.0519],[-7.85406,41.04942],[-7.85419,41.04667],[-7.85492,41.0457],[-7.85603,41.04541],[-7.85837,41.0432],[-7.85898,41.0392],[-7.85653,41.04126],[-7.85485,41.04324],[-7.85055,41.04149],[-7.84654,41.03935],[-7.83987,41.03685],[-7.83863,41.03562],[-7.8363,41.03513],[-7.83472,41.0339],[-7.83147,41.03539],[-7.83044,41.03386],[-7.83459,41.03151],[-7.83325,41.02914],[-7.83118,41.02704],[-7.8294,41.02628],[-7.82804,41.02493],[-7.82775,41.02379],[-7.82621,41.02261],[-7.82616,41.02105],[-7.82541,41.02012],[-7.82606,41.01862],[-7.82524,41.01703],[-7.82706,41.01648],[-7.83032,41.01659],[-7.82349,41.01288],[-7.82088,41.01092],[-7.82041,41.01002],[-7.81265,41.00987],[-7.80634,41.00879],[-7.80606,41.00737],[-7.80438,41.00694],[-7.8019,41.00539],[-7.80199,41.00377],[-7.80151,41.00268],[-7.79834,41.00124],[-7.79547,41.00118],[-7.79458,40.99841],[-7.7914,40.99577],[-7.79193,40.9825],[-7.79226,40.98136],[-7.79024,40.98098],[-7.78775,40.97965],[-7.78149,40.97786],[-7.77977,40.97749],[-7.77861,40.9824],[-7.77586,40.98415],[-7.77487,40.98878],[-7.77353,40.99084],[-7.77011,40.99239],[-7.76331,40.99843],[-7.76441,41.01016],[-7.76425,41.01446],[-7.76112,41.01381],[-7.76221,41.01321],[-7.76173,41.01061],[-7.76194,41.00987],[-7.76078,41.00919],[-7.75781,41.00948],[-7.75637,41.00997],[-7.75536,41.01096],[-7.75532,41.01217],[-7.75391,41.01221],[-7.75355,41.01144],[-7.75212,41.01137],[-7.75115,41.01249],[-7.74802,41.01201],[-7.74597,41.00988],[-7.7434,41.00802],[-7.73949,41.00717],[-7.73813,41.00631],[-7.73702,41.00621],[-7.72841,41.00633],[-7.72654,41.00555],[-7.72748,41.01578],[-7.72711,41.01838],[-7.72594,41.02055],[-7.72604,41.02249],[-7.72559,41.02516],[-7.72074,41.0265],[-7.71858,41.02675],[-7.71329,41.02642],[-7.71256,41.02657],[-7.70392,41.02626],[-7.70324,41.02499],[-7.70152,41.02409],[-7.6993,41.02426],[-7.69831,41.02344],[-7.69404,41.02168],[-7.69332,41.02011],[-7.69221,41.01963],[-7.69218,41.01794],[-7.69268,41.01726],[-7.69213,41.01611],[-7.68995,41.01671],[-7.68847,41.01657],[-7.68794,41.01575],[-7.68633,41.0154],[-7.68674,41.01368],[-7.68642,41.01259],[-7.68454,41.01223],[-7.68061,41.00954],[-7.67805,41.00816],[-7.67364,41.00535],[-7.67241,41.00733],[-7.67202,41.0088],[-7.67078,41.01012],[-7.66932,41.01254],[-7.66642,41.01477],[-7.66523,41.01676],[-7.66458,41.01877],[-7.66259,41.02227],[-7.6614,41.02525],[-7.66029,41.02912],[-7.65978,41.03192],[-7.66125,41.03141],[-7.66354,41.02961],[-7.66673,41.02745],[-7.66738,41.02979],[-7.66654,41.03099],[-7.66664,41.03314],[-7.66508,41.03584],[-7.66413,41.04095],[-7.66517,41.04368],[-7.6663,41.04565],[-7.66689,41.04756],[-7.66826,41.04902],[-7.67011,41.05274],[-7.66969,41.05529],[-7.67086,41.05578],[-7.67206,41.05738],[-7.67214,41.0611],[-7.67282,41.06292],[-7.67198,41.06475],[-7.67225,41.06811],[-7.67381,41.06977],[-7.6725,41.07185],[-7.6732,41.07301],[-7.67273,41.07434],[-7.67346,41.07536],[-7.67336,41.07808],[-7.67417,41.0786],[-7.67614,41.0784],[-7.67705,41.07751],[-7.67975,41.07765],[-7.68052,41.07952],[-7.68041,41.08228],[-7.68154,41.08431],[-7.68218,41.08541],[-7.68367,41.08565],[-7.6856,41.08658],[-7.68927,41.08734],[-7.69248,41.08635],[-7.69275,41.08485],[-7.69416,41.08391],[-7.69714,41.08353],[-7.69794,41.08422],[-7.69757,41.08597],[-7.69806,41.08797],[-7.69506,41.09147],[-7.69544,41.09277],[-7.69479,41.09453],[-7.69502,41.09608],[-7.69578,41.09675],[-7.69754,41.09677],[-7.7007,41.09758],[-7.70542,41.09669],[-7.70718,41.09653],[-7.70763,41.09532],[-7.71035,41.09534],[-7.71214,41.09597],[-7.71319,41.09502],[-7.71467,41.09488],[-7.71652,41.09411],[-7.72025,41.09392],[-7.72123,41.09248],[-7.72149,41.08904],[-7.72361,41.09564],[-7.72658,41.09976],[-7.72537,41.10341],[-7.72569,41.1047],[-7.72517,41.10525],[-7.72531,41.10805],[-7.72627,41.1098],[-7.7271,41.10981],[-7.72842,41.10839],[-7.73134,41.1068],[-7.73242,41.10575],[-7.73437,41.10482],[-7.73677,41.10432],[-7.73813,41.10189],[-7.73866,41.10256],[-7.74219,41.10369],[-7.74273,41.10463],[-7.744,41.10539],[-7.74551,41.10383],[-7.74659,41.10208],[-7.74636,41.10097],[-7.74716,41.09989],[-7.74747,41.09815],[-7.74878,41.09773],[-7.74965,41.09636],[-7.75149,41.09593],[-7.75211,41.0941],[-7.75776,41.09232],[-7.75897,41.09281],[-7.76142,41.09309],[-7.76233,41.09175],[-7.76369,41.0921],[-7.76437,41.0934],[-7.7663,41.09375],[-7.76689,41.09475],[-7.7706,41.09502],[-7.77275,41.09615],[-7.77655,41.09776],[-7.7782,41.09618],[-7.77836,41.09457],[-7.7776,41.09337],[-7.77491,41.09196],[-7.77553,41.09136],[-7.77536,41.08944],[-7.77721,41.08833],[-7.778,41.0873],[-7.77729,41.08606],[-7.77629,41.08674],[-7.7745,41.08552],[-7.77377,41.0843],[-7.77233,41.08363],[-7.77293,41.08186],[-7.77297,41.07993],[-7.7723,41.07905],[-7.77473,41.07748],[-7.77725,41.07756],[-7.77892,41.07695],[-7.78238,41.07785],[-7.78348,41.07741],[-7.78468,41.07603],[-7.78623,41.07643],[-7.78699,41.07798],[-7.78967,41.07959],[-7.79073,41.07788],[-7.79284,41.07785],[-7.79594,41.07836],[-7.79673,41.07898],[-7.79938,41.07928],[-7.80117,41.07885],[-7.80285,41.07975],[-7.80412,41.07884],[-7.80733,41.07796],[-7.81028,41.07579],[-7.81122,41.07417],[-7.8132,41.07411],[-7.81322,41.07527],[-7.81667,41.07646],[-7.81742,41.07794],[-7.81609,41.08049],[-7.8142,41.08057],[-7.81209,41.0814],[-7.81159,41.08249],[-7.80838,41.08634],[-7.80756,41.0883],[-7.80942,41.08829],[-7.81019,41.08768],[-7.81294,41.08815],[-7.81443,41.08932],[-7.81583,41.08852],[-7.81697,41.08976],[-7.81867,41.08964],[-7.82044,41.09045],[-7.82269,41.08897],[-7.82455,41.08896],[-7.82527,41.08941],[-7.82674,41.08903],[-7.82983,41.08715],[-7.83184,41.08701],[-7.83264,41.08556],[-7.8352,41.08331]]],[[[-7.40743,41.06253],[-7.40172,41.0565],[-7.4006,41.05385],[-7.40025,41.05111],[-7.39884,41.04378],[-7.39767,41.04029],[-7.39836,41.03853],[-7.3994,41.03711],[-7.39916,41.03613],[-7.4,41.03261],[-7.3976,41.03324],[-7.39202,41.03173],[-7.39004,41.03057],[-7.38878,41.03025],[-7.387,41.03063],[-7.3844,41.02805],[-7.38161,41.02718],[-7.37846,41.02716],[-7.37589,41.02892],[-7.37527,41.03042],[-7.37424,41.02952],[-7.37449,41.02767],[-7.37286,41.02575],[-7.37895,41.02421],[-7.38207,41.02428],[-7.38478,41.0234],[-7.3864,41.02009],[-7.38478,41.01673],[-7.3865,41.01171],[-7.38797,41.00858],[-7.38266,41.00646],[-7.37987,41.00674],[-7.3794,41.00806],[-7.37966,41.00921],[-7.37874,41.01113],[-7.37923,41.01203],[-7.37905,41.01336],[-7.37533,41.01392],[-7.36737,41.01385],[-7.36285,41.01424],[-7.35889,41.01312],[-7.35583,41.01141],[-7.34803,41.0111],[-7.34266,41.01239],[-7.33993,41.01258],[-7.33745,41.01436],[-7.33564,41.01915],[-7.33506,41.01976],[-7.33508,41.02158],[-7.33351,41.02347],[-7.33344,41.0246],[-7.33617,41.02535],[-7.33716,41.02712],[-7.33803,41.02721],[-7.33986,41.02618],[-7.34008,41.02759],[-7.34133,41.02841],[-7.33758,41.02918],[-7.3384,41.03067],[-7.34031,41.03142],[-7.33828,41.0341],[-7.34005,41.03526],[-7.34192,41.03574],[-7.34242,41.03685],[-7.34399,41.03741],[-7.34358,41.03888],[-7.34396,41.04091],[-7.34096,41.0433],[-7.3403,41.04437],[-7.34217,41.04498],[-7.34369,41.04609],[-7.34571,41.04641],[-7.34517,41.04743],[-7.34419,41.05193],[-7.34297,41.05488],[-7.34278,41.05751],[-7.34046,41.0585],[-7.3399,41.0594],[-7.3396,41.06127],[-7.33987,41.06443],[-7.33869,41.06802],[-7.33741,41.06944],[-7.3365,41.07127],[-7.33606,41.0736],[-7.3326,41.07456],[-7.33237,41.07652],[-7.33003,41.07826],[-7.33062,41.08009],[-7.33022,41.08128],[-7.33139,41.08225],[-7.33038,41.08408],[-7.33147,41.08512],[-7.33175,41.08614],[-7.3314,41.08778],[-7.32992,41.08923],[-7.32914,41.09089],[-7.32922,41.09177],[-7.32819,41.0927],[-7.32785,41.09448],[-7.32848,41.10113],[-7.32818,41.10437],[-7.32618,41.10613],[-7.32717,41.10685],[-7.3288,41.10663],[-7.33176,41.10779],[-7.33268,41.10854],[-7.33555,41.10921],[-7.33903,41.11218],[-7.34088,41.11465],[-7.34525,41.11475],[-7.34748,41.1154],[-7.34928,41.11734],[-7.35009,41.12055],[-7.35516,41.12108],[-7.36271,41.1226],[-7.36611,41.12289],[-7.36653,41.12213],[-7.36877,41.12057],[-7.372,41.12021],[-7.37464,41.12102],[-7.37627,41.12026],[-7.37809,41.12024],[-7.3798,41.12074],[-7.38037,41.12152],[-7.38182,41.12122],[-7.38521,41.12219],[-7.38748,41.12209],[-7.39258,41.12042],[-7.39469,41.12103],[-7.3955,41.1205],[-7.3975,41.12054],[-7.39944,41.11937],[-7.40131,41.11911],[-7.40281,41.11847],[-7.40367,41.11647],[-7.40495,41.11532],[-7.40636,41.11465],[-7.40702,41.11347],[-7.40592,41.11191],[-7.40563,41.11065],[-7.40706,41.11037],[-7.40768,41.10803],[-7.40567,41.10705],[-7.40421,41.10776],[-7.40426,41.10512],[-7.40299,41.10434],[-7.40104,41.10411],[-7.40193,41.10223],[-7.40018,41.10015],[-7.40151,41.09908],[-7.40184,41.09751],[-7.40319,41.09533],[-7.40199,41.09439],[-7.40138,41.09543],[-7.3994,41.09454],[-7.39912,41.09321],[-7.3981,41.09319],[-7.39654,41.09117],[-7.39813,41.08919],[-7.39662,41.08845],[-7.39693,41.08722],[-7.39567,41.08619],[-7.39501,41.08746],[-7.39389,41.08734],[-7.39268,41.08849],[-7.39087,41.08675],[-7.39142,41.08489],[-7.39124,41.08297],[-7.38631,41.08409],[-7.38356,41.08352],[-7.38423,41.08126],[-7.38631,41.08062],[-7.38635,41.07946],[-7.38568,41.07841],[-7.38417,41.07898],[-7.38393,41.07995],[-7.38199,41.08088],[-7.38204,41.07925],[-7.37991,41.07891],[-7.37852,41.07817],[-7.37928,41.07672],[-7.38106,41.07582],[-7.38111,41.07493],[-7.37861,41.0742],[-7.37763,41.07202],[-7.38004,41.07198],[-7.38078,41.07088],[-7.37956,41.07052],[-7.37721,41.07054],[-7.37623,41.07008],[-7.37637,41.06868],[-7.37732,41.06701],[-7.3802,41.06785],[-7.3818,41.06712],[-7.38352,41.06731],[-7.3857,41.06665],[-7.38691,41.06551],[-7.38918,41.06526],[-7.39174,41.06543],[-7.39319,41.06597],[-7.39503,41.06603],[-7.39587,41.06758],[-7.39839,41.06805],[-7.40287,41.06928],[-7.40393,41.06992],[-7.40615,41.06974],[-7.40776,41.06815],[-7.4089,41.06634],[-7.40789,41.06552],[-7.40856,41.06435],[-7.40834,41.06318],[-7.40743,41.06253]]],[[[-7.66781,41.08836],[-7.66678,41.08864],[-7.65467,41.08928],[-7.65115,41.08818],[-7.65053,41.0875],[-7.65099,41.08479],[-7.64999,41.08355],[-7.64593,41.08012],[-7.64504,41.07858],[-7.64562,41.07743],[-7.64476,41.07676],[-7.65085,41.07207],[-7.6513,41.06885],[-7.65244,41.06524],[-7.65445,41.06272],[-7.65488,41.06061],[-7.65495,41.0565],[-7.65696,41.05421],[-7.6572,41.05234],[-7.65601,41.04852],[-7.65756,41.04718],[-7.65717,41.0448],[-7.6551,41.04152],[-7.65424,41.03971],[-7.65525,41.03696],[-7.65697,41.03401],[-7.6566,41.03251],[-7.65775,41.03081],[-7.65865,41.03025],[-7.6574,41.02748],[-7.65624,41.02591],[-7.65575,41.02425],[-7.6547,41.02234],[-7.65308,41.02147],[-7.65154,41.02157],[-7.64939,41.02087],[-7.64932,41.02019],[-7.63429,41.01903],[-7.63471,41.01676],[-7.63437,41.01463],[-7.63583,41.01235],[-7.63517,41.01159],[-7.63583,41.01062],[-7.63191,41.01091],[-7.62949,41.01073],[-7.623,41.01191],[-7.62068,41.01385],[-7.62004,41.01403],[-7.62,41.01035],[-7.61825,41.00834],[-7.61693,41.00591],[-7.61797,41.00044],[-7.61932,40.997],[-7.61904,40.99559],[-7.62033,40.99255],[-7.61905,40.99048],[-7.61903,40.98975],[-7.62034,40.98916],[-7.62183,40.98941],[-7.62369,40.98828],[-7.62333,40.9844],[-7.62274,40.98285],[-7.62176,40.98335],[-7.61975,40.97887],[-7.61904,40.97505],[-7.61681,40.97128],[-7.61832,40.96963],[-7.61919,40.96732],[-7.61858,40.96582],[-7.6165,40.96739],[-7.60254,40.96186],[-7.59783,40.95568],[-7.59769,40.95472],[-7.5958,40.95045],[-7.59548,40.94868],[-7.59616,40.94713],[-7.59371,40.94323],[-7.58876,40.94063],[-7.58382,40.93746],[-7.5772,40.93482],[-7.57568,40.93458],[-7.57368,40.93171],[-7.56963,40.92957],[-7.5673,40.92766],[-7.56483,40.92332],[-7.56575,40.92326],[-7.55845,40.91735],[-7.55689,40.91631],[-7.55641,40.91409],[-7.55548,40.91334],[-7.54829,40.90658],[-7.54544,40.9062],[-7.54552,40.90064],[-7.54488,40.89975],[-7.54749,40.89668],[-7.54891,40.8957],[-7.54884,40.89464],[-7.55168,40.89263],[-7.55611,40.89028],[-7.5578,40.88892],[-7.55784,40.88723],[-7.56063,40.8839],[-7.56077,40.88323],[-7.5626,40.88106],[-7.565,40.88182],[-7.55853,40.87316],[-7.55725,40.87329],[-7.5463,40.8727],[-7.5293,40.87305],[-7.51406,40.86934],[-7.51419,40.86393],[-7.51082,40.85937],[-7.50952,40.85839],[-7.5069,40.85849],[-7.5044,40.85693],[-7.50275,40.85675],[-7.50015,40.85712],[-7.49806,40.85567],[-7.49729,40.85439],[-7.49598,40.85321],[-7.49583,40.85179],[-7.49666,40.85049],[-7.49651,40.8488],[-7.49454,40.84756],[-7.49312,40.84797],[-7.49235,40.84747],[-7.49106,40.8455],[-7.48878,40.84484],[-7.48809,40.84403],[-7.48594,40.84262],[-7.48534,40.84142],[-7.48245,40.8395],[-7.4823,40.83878],[-7.48335,40.83766],[-7.48344,40.83661],[-7.48281,40.83525],[-7.4805,40.83385],[-7.47916,40.83543],[-7.47955,40.83657],[-7.47856,40.83756],[-7.47768,40.83945],[-7.4771,40.84355],[-7.47652,40.84593],[-7.47731,40.84977],[-7.47657,40.85008],[-7.47462,40.85258],[-7.47461,40.85463],[-7.4737,40.85672],[-7.47144,40.85969],[-7.47211,40.86376],[-7.46994,40.87098],[-7.46758,40.87149],[-7.46691,40.87209],[-7.4631,40.87151],[-7.46225,40.88211],[-7.46202,40.89053],[-7.46171,40.89564],[-7.45735,40.89535],[-7.45181,40.89533],[-7.44419,40.89551],[-7.43024,40.89533],[-7.42986,40.8994],[-7.43011,40.90344],[-7.42955,40.90529],[-7.42836,40.90766],[-7.42431,40.91438],[-7.42161,40.91666],[-7.42123,40.91797],[-7.41932,40.92076],[-7.41591,40.92321],[-7.41386,40.92527],[-7.41783,40.92782],[-7.42956,40.93577],[-7.43381,40.93957],[-7.4353,40.94224],[-7.43565,40.94345],[-7.43686,40.94345],[-7.43808,40.94431],[-7.44034,40.94528],[-7.44119,40.94435],[-7.44299,40.94418],[-7.44395,40.94198],[-7.44544,40.94074],[-7.44711,40.94092],[-7.45049,40.94037],[-7.45216,40.9394],[-7.4553,40.93932],[-7.45717,40.93872],[-7.45885,40.93919],[-7.462,40.93807],[-7.46384,40.93904],[-7.46346,40.94044],[-7.4651,40.94117],[-7.4658,40.94094],[-7.46919,40.94252],[-7.47167,40.94122],[-7.47426,40.9417],[-7.47626,40.94119],[-7.48056,40.94059],[-7.48208,40.93998],[-7.48519,40.93953],[-7.4865,40.94018],[-7.4888,40.93896],[-7.49089,40.9393],[-7.49189,40.93989],[-7.49486,40.9382],[-7.49829,40.93716],[-7.50265,40.93414],[-7.50318,40.93337],[-7.50514,40.93331],[-7.50844,40.93379],[-7.50858,40.93476],[-7.5101,40.93637],[-7.5091,40.93825],[-7.50992,40.93949],[-7.51251,40.94045],[-7.51328,40.94123],[-7.51017,40.94707],[-7.5075,40.9506],[-7.51248,40.95239],[-7.50626,40.95497],[-7.50522,40.95553],[-7.50403,40.95847],[-7.49953,40.96246],[-7.49909,40.96467],[-7.49923,40.96762],[-7.49964,40.96862],[-7.49932,40.96989],[-7.49973,40.9711],[-7.4996,40.9739],[-7.50227,40.9787],[-7.50609,40.9837],[-7.50816,40.98692],[-7.50762,40.98793],[-7.50785,40.98941],[-7.50742,40.99141],[-7.50615,40.99363],[-7.49871,41.0015],[-7.49853,41.003],[-7.49647,41.00509],[-7.49678,41.0062],[-7.4826,41.00306],[-7.47567,41.00231],[-7.47121,40.99937],[-7.46543,40.99999],[-7.46146,41.00061],[-7.45578,41.01266],[-7.45249,41.01517],[-7.45173,41.0175],[-7.4509,41.02099],[-7.45108,41.02882],[-7.45041,41.03475],[-7.45084,41.03763],[-7.45078,41.04042],[-7.45801,41.04071],[-7.46962,41.04036],[-7.47725,41.04094],[-7.48466,41.0417],[-7.4964,41.04719],[-7.49808,41.04547],[-7.50061,41.04385],[-7.50133,41.04458],[-7.5045,41.04608],[-7.50456,41.04385],[-7.50376,41.0423],[-7.50348,41.04069],[-7.50413,41.03993],[-7.50628,41.03919],[-7.50864,41.03765],[-7.51146,41.03499],[-7.51302,41.03274],[-7.51075,41.03162],[-7.50754,41.03232],[-7.50705,41.03179],[-7.50824,41.02992],[-7.50818,41.02886],[-7.5089,41.02659],[-7.51201,41.02263],[-7.51337,41.0217],[-7.51511,41.02118],[-7.51866,41.02067],[-7.52043,41.02066],[-7.52211,41.01885],[-7.52354,41.01656],[-7.52477,41.01606],[-7.52668,41.01457],[-7.52714,41.01325],[-7.53006,41.00808],[-7.53099,41.0057],[-7.53186,41.00478],[-7.53187,41.00385],[-7.53383,41.00338],[-7.53507,41.00175],[-7.5357,40.99954],[-7.53474,40.99847],[-7.53718,40.99827],[-7.53704,40.99716],[-7.54839,40.99766],[-7.55216,40.99756],[-7.5537,40.99638],[-7.55766,40.99659],[-7.55844,40.99818],[-7.56083,41.00063],[-7.56236,41.0016],[-7.57189,41.00215],[-7.57891,41.00149],[-7.58121,41.00222],[-7.58332,41.00165],[-7.58609,41.0092],[-7.58701,41.01011],[-7.5895,41.01484],[-7.59026,41.01547],[-7.5908,41.0208],[-7.58874,41.02161],[-7.58549,41.02333],[-7.58457,41.02458],[-7.5822,41.0247],[-7.58166,41.02541],[-7.57801,41.02839],[-7.57176,41.03251],[-7.56825,41.03262],[-7.56594,41.02916],[-7.56525,41.02858],[-7.56432,41.03132],[-7.56063,41.03853],[-7.55968,41.0414],[-7.55877,41.04303],[-7.55894,41.04501],[-7.55617,41.04737],[-7.55602,41.04887],[-7.55646,41.05083],[-7.556,41.05278],[-7.55608,41.0564],[-7.55533,41.05822],[-7.55284,41.06581],[-7.54958,41.06317],[-7.54447,41.06253],[-7.53682,41.05928],[-7.52879,41.05823],[-7.52439,41.05815],[-7.52383,41.05563],[-7.524,41.05285],[-7.5232,41.0511],[-7.51958,41.05139],[-7.51769,41.05239],[-7.51676,41.05589],[-7.51549,41.05858],[-7.51567,41.06089],[-7.51343,41.06143],[-7.51156,41.06083],[-7.51029,41.06105],[-7.5084,41.06263],[-7.50835,41.06371],[-7.50627,41.06499],[-7.5052,41.06643],[-7.50623,41.06713],[-7.50784,41.06708],[-7.50906,41.06833],[-7.50902,41.06994],[-7.51216,41.07243],[-7.512,41.0743],[-7.51272,41.07619],[-7.51251,41.07691],[-7.51046,41.07776],[-7.51138,41.07939],[-7.51147,41.08051],[-7.51063,41.08352],[-7.51104,41.08411],[-7.51605,41.08325],[-7.52285,41.08341],[-7.52891,41.08416],[-7.53844,41.08202],[-7.54432,41.0808],[-7.54675,41.08107],[-7.54836,41.08007],[-7.54918,41.07825],[-7.54942,41.07358],[-7.55069,41.07179],[-7.55136,41.07173],[-7.55149,41.06968],[-7.55084,41.06865],[-7.55271,41.06619],[-7.55374,41.06597],[-7.55642,41.0667],[-7.55745,41.06782],[-7.56275,41.06928],[-7.56594,41.06881],[-7.57382,41.06957],[-7.57986,41.0728],[-7.58567,41.07625],[-7.58632,41.07638],[-7.59141,41.07955],[-7.60074,41.07857],[-7.60226,41.07738],[-7.60439,41.07629],[-7.60637,41.07575],[-7.60724,41.07688],[-7.61025,41.07724],[-7.61068,41.07785],[-7.61006,41.07991],[-7.61385,41.07939],[-7.61502,41.07959],[-7.61715,41.0771],[-7.61705,41.07577],[-7.62029,41.07449],[-7.62256,41.07454],[-7.62278,41.07811],[-7.61601,41.07863],[-7.61694,41.08761],[-7.61731,41.08948],[-7.61757,41.09494],[-7.61811,41.0985],[-7.62003,41.09858],[-7.62687,41.0985],[-7.6277,41.10112],[-7.62705,41.10291],[-7.62718,41.10597],[-7.63116,41.10587],[-7.63765,41.10366],[-7.64555,41.10232],[-7.64705,41.10339],[-7.64875,41.10384],[-7.65304,41.10552],[-7.65436,41.10648],[-7.6565,41.10568],[-7.65922,41.10519],[-7.66356,41.10625],[-7.66588,41.10548],[-7.66869,41.10244],[-7.66863,41.10154],[-7.6705,41.09955],[-7.66941,41.09822],[-7.66881,41.09681],[-7.66832,41.09347],[-7.66866,41.09237],[-7.66781,41.08836]]]]},"properties":{"idApp":923004,"aopId":"tavora-varosa","name":"Távora-Varosa","nameJa":"タヴォラ・ヴァローザ","kind":"regional","tags":[],"rank":0},"bbox":[-7.85908,40.83385,-7.32618,41.12289]},{"type":"Feature","geometry":{"type":"Polygon","coordinates":[[[-9.0987,39.0209],[-9.09661,39.01989],[-9.09441,39.02005],[-9.0928,39.02335],[-9.093,39.02444],[-9.09573,39.02437],[-9.09636,39.02486],[-9.09665,39.02656],[-9.09531,39.02754],[-9.09559,39.02862],[-9.0933,39.02877],[-9.09115,39.02751],[-9.09054,39.02654],[-9.08826,39.02595],[-9.08798,39.02465],[-9.08422,39.02394],[-9.0825,39.02398],[-9.08252,39.02273],[-9.08321,39.02219],[-9.08355,39.02077],[-9.0819,39.02088],[-9.08126,39.02031],[-9.08101,39.01814],[-9.07948,39.01779],[-9.07542,39.01771],[-9.07316,39.01725],[-9.07068,39.01512],[-9.06899,39.01589],[-9.06883,39.0174],[-9.06776,39.01929],[-9.06804,39.02045],[-9.06629,39.02149],[-9.06153,39.02024],[-9.05797,39.02023],[-9.05607,39.02131],[-9.05369,39.02174],[-9.05233,39.02084],[-9.05067,39.02157],[-9.04859,39.02092],[-9.04698,39.0225],[-9.04677,39.02514],[-9.04478,39.02319],[-9.04351,39.02272],[-9.04215,39.02109],[-9.04135,39.01891],[-9.04187,39.01706],[-9.04169,39.01591],[-9.04265,39.01409],[-9.04228,39.0127],[-9.04096,39.01155],[-9.04002,39.01144],[-9.03873,39.00877],[-9.03478,39.00993],[-9.03324,39.01226],[-9.03174,39.01275],[-9.02994,39.01458],[-9.02839,39.01517],[-9.02628,39.01713],[-9.02373,39.01653],[-9.02305,39.01539],[-9.02205,39.01561],[-9.0206,39.01511],[-9.01769,39.01268],[-9.01173,39.01455],[-9.0101,39.01554],[-9.00811,39.01394],[-9.00868,39.01116],[-9.0085,39.00838],[-9.0045,39.00269],[-9.00375,39.00187],[-9.00225,39.0016],[-9.00072,39.00298],[-8.9979,39.00434],[-8.9963,39.0045],[-8.99445,39.00518],[-8.99366,39.00452],[-8.99197,39.00416],[-8.9904,39.00241],[-8.9892,39.00223],[-8.9883,39.00298],[-8.98745,39.00479],[-8.98613,39.00599],[-8.98714,39.00682],[-8.98614,39.00902],[-8.98444,39.00908],[-8.98309,39.01003],[-8.98264,39.01245],[-8.98172,39.01289],[-8.98049,39.0148],[-8.97718,39.01508],[-8.97492,39.01557],[-8.9732,39.01533],[-8.96872,39.01401],[-8.96685,39.0132],[-8.96426,39.01249],[-8.95839,39.0104],[-8.95517,39.00842],[-8.95241,39.00698],[-8.95142,39.00608],[-8.94871,39.00446],[-8.9478,39.0036],[-8.94512,39.00192],[-8.94043,39.00072],[-8.93685,39.00614],[-8.93556,39.01046],[-8.93363,39.014],[-8.93169,39.0166],[-8.93028,39.01802],[-8.93198,39.02205],[-8.935,39.03338],[-8.93576,39.03544],[-8.94374,39.03231],[-8.94596,39.03199],[-8.9491,39.03288],[-8.9545,39.03656],[-8.95606,39.03687],[-8.96066,39.03831],[-8.95945,39.04142],[-8.95686,39.03986],[-8.95567,39.03961],[-8.95503,39.04347],[-8.95466,39.04842],[-8.95365,39.04762],[-8.95167,39.04754],[-8.95044,39.0479],[-8.9525,39.05457],[-8.95134,39.05567],[-8.94905,39.05295],[-8.94696,39.0508],[-8.94755,39.05376],[-8.94739,39.05716],[-8.94686,39.06027],[-8.94527,39.06767],[-8.94477,39.06943],[-8.93968,39.0835],[-8.93958,39.0845],[-8.94115,39.09187],[-8.94625,39.09713],[-8.94694,39.0976],[-8.94163,39.09928],[-8.94223,39.09978],[-8.94454,39.09994],[-8.9459,39.09956],[-8.94872,39.09992],[-8.94971,39.10069],[-8.95101,39.10031],[-8.95413,39.10247],[-8.95539,39.10437],[-8.95608,39.1072],[-8.95562,39.10985],[-8.95459,39.10932],[-8.94644,39.10861],[-8.93984,39.10884],[-8.93009,39.10777],[-8.9222,39.10643],[-8.9187,39.10606],[-8.91956,39.1081],[-8.91992,39.11102],[-8.92368,39.11198],[-8.92402,39.11683],[-8.9235,39.11948],[-8.92506,39.1205],[-8.92579,39.12268],[-8.9291,39.12406],[-8.93161,39.12658],[-8.9333,39.12859],[-8.93712,39.13439],[-8.93765,39.14315],[-8.93652,39.1445],[-8.93853,39.14806],[-8.9387,39.14932],[-8.93767,39.15048],[-8.9377,39.15355],[-8.93691,39.1552],[-8.93908,39.15439],[-8.94107,39.15084],[-8.94644,39.14822],[-8.94746,39.14714],[-8.94877,39.1481],[-8.95106,39.15093],[-8.95853,39.15825],[-8.96277,39.15993],[-8.96708,39.16224],[-8.97084,39.16261],[-8.96903,39.16986],[-8.96843,39.17491],[-8.9693,39.17646],[-8.97119,39.17876],[-8.97865,39.18074],[-8.99052,39.18238],[-8.99512,39.18117],[-8.99929,39.18036],[-8.99998,39.18209],[-9.00322,39.18363],[-9.00384,39.18666],[-9.00475,39.1864],[-9.00987,39.18544],[-9.01187,39.18732],[-9.01336,39.18797],[-9.01765,39.18834],[-9.01942,39.18871],[-9.02115,39.18468],[-9.02108,39.18358],[-9.02313,39.18243],[-9.02676,39.18159],[-9.02838,39.18001],[-9.02971,39.17927],[-9.03875,39.17912],[-9.04851,39.17337],[-9.0487,39.17368],[-9.05306,39.17418],[-9.05826,39.17388],[-9.06018,39.17429],[-9.06714,39.17699],[-9.08581,39.17397],[-9.08734,39.17353],[-9.08905,39.17231],[-9.09598,39.17014],[-9.10192,39.16848],[-9.10368,39.16876],[-9.10741,39.16762],[-9.11066,39.16971],[-9.1113,39.17058],[-9.11085,39.1717],[-9.1125,39.17236],[-9.11386,39.17414],[-9.11477,39.17392],[-9.1166,39.17594],[-9.11844,39.17437],[-9.12015,39.17462],[-9.12154,39.17433],[-9.12325,39.17744],[-9.12211,39.17812],[-9.12692,39.18037],[-9.13072,39.18079],[-9.13291,39.18141],[-9.13302,39.18215],[-9.13485,39.18347],[-9.13619,39.18355],[-9.13748,39.18665],[-9.13828,39.18735],[-9.14115,39.18526],[-9.14216,39.18539],[-9.14335,39.18427],[-9.14792,39.18321],[-9.15194,39.18412],[-9.15443,39.18389],[-9.15494,39.18029],[-9.15606,39.17944],[-9.15377,39.17484],[-9.1508,39.17087],[-9.14873,39.16612],[-9.14778,39.1632],[-9.14638,39.16055],[-9.14554,39.15792],[-9.14523,39.15605],[-9.14376,39.15494],[-9.14309,39.15141],[-9.1441,39.15025],[-9.14264,39.14843],[-9.1429,39.14716],[-9.14139,39.14488],[-9.14113,39.14382],[-9.1389,39.13883],[-9.13729,39.13632],[-9.13652,39.13323],[-9.13593,39.13206],[-9.13797,39.1302],[-9.13907,39.12882],[-9.14089,39.12467],[-9.14302,39.12222],[-9.145,39.12071],[-9.14831,39.11956],[-9.14911,39.11841],[-9.1503,39.11772],[-9.15024,39.11617],[-9.15347,39.11312],[-9.15571,39.11162],[-9.15763,39.10995],[-9.15956,39.10892],[-9.16172,39.10717],[-9.16389,39.10631],[-9.16262,39.10496],[-9.157,39.09751],[-9.15623,39.0958],[-9.15225,39.09191],[-9.1494,39.09074],[-9.14667,39.08891],[-9.1442,39.08791],[-9.14348,39.087],[-9.14025,39.086],[-9.13852,39.08497],[-9.13554,39.08375],[-9.13493,39.08201],[-9.13282,39.07979],[-9.12993,39.07791],[-9.12731,39.07528],[-9.12986,39.07294],[-9.13146,39.06929],[-9.13127,39.0677],[-9.12988,39.06598],[-9.13022,39.06476],[-9.13185,39.06413],[-9.13256,39.06333],[-9.13293,39.0618],[-9.13191,39.05881],[-9.13082,39.05635],[-9.12919,39.05469],[-9.1274,39.05133],[-9.12753,39.05028],[-9.12866,39.04866],[-9.12887,39.04512],[-9.12821,39.0441],[-9.12808,39.04192],[-9.12737,39.04113],[-9.12718,39.03974],[-9.1261,39.0381],[-9.12579,39.03695],[-9.12671,39.03561],[-9.12337,39.03591],[-9.12118,39.0355],[-9.11897,39.0342],[-9.11642,39.03317],[-9.11163,39.03242],[-9.10803,39.03163],[-9.1058,39.03041],[-9.10431,39.02888],[-9.10286,39.0284],[-9.10034,39.02633],[-9.09968,39.02427],[-9.09863,39.0222],[-9.0987,39.0209]]]},"properties":{"idApp":923012,"aopId":"alenquer","name":"Alenquer","nameJa":"アレンケル","kind":"regional","tags":[],"rank":0},"bbox":[-9.16389,39.00072,-8.9187,39.18871]},{"type":"Feature","geometry":{"type":"Polygon","coordinates":[[[-9.35342,38.74284],[-9.35391,38.74525],[-9.35361,38.74731],[-9.35441,38.75016],[-9.35537,38.75183],[-9.3577,38.75463],[-9.35856,38.75707],[-9.35957,38.75855],[-9.35246,38.76322],[-9.34973,38.76294],[-9.34834,38.76313],[-9.34937,38.76574],[-9.34864,38.76732],[-9.34933,38.76809],[-9.34873,38.76954],[-9.34572,38.77109],[-9.34448,38.77198],[-9.34355,38.77421],[-9.34332,38.77594],[-9.34251,38.77799],[-9.34163,38.77882],[-9.34596,38.77912],[-9.34959,38.7799],[-9.34884,38.78313],[-9.34977,38.78583],[-9.35253,38.78669],[-9.35505,38.78857],[-9.35594,38.79149],[-9.35426,38.7924],[-9.35549,38.79326],[-9.35594,38.7948],[-9.35959,38.79446],[-9.36068,38.79655],[-9.36166,38.79617],[-9.36542,38.79707],[-9.3667,38.79854],[-9.36704,38.80033],[-9.36586,38.80039],[-9.36503,38.80189],[-9.36401,38.80469],[-9.36609,38.80598],[-9.36668,38.8086],[-9.36615,38.80918],[-9.3606,38.81137],[-9.35939,38.81106],[-9.35372,38.81189],[-9.35242,38.8115],[-9.35089,38.8121],[-9.35009,38.81026],[-9.34827,38.80979],[-9.34462,38.80997],[-9.34525,38.81199],[-9.34602,38.81301],[-9.34494,38.8138],[-9.34376,38.81636],[-9.34331,38.81845],[-9.34253,38.8194],[-9.34127,38.8197],[-9.34234,38.82135],[-9.3437,38.82123],[-9.3449,38.82219],[-9.34529,38.82381],[-9.34789,38.8252],[-9.34672,38.82615],[-9.34584,38.8291],[-9.34296,38.83665],[-9.34226,38.83791],[-9.34234,38.83959],[-9.34102,38.842],[-9.33832,38.84376],[-9.33937,38.84635],[-9.33862,38.84653],[-9.33831,38.84925],[-9.33915,38.85015],[-9.33841,38.85149],[-9.33681,38.85224],[-9.33723,38.8533],[-9.33705,38.8551],[-9.33874,38.856],[-9.34023,38.85887],[-9.33889,38.86012],[-9.33894,38.8607],[-9.33767,38.86254],[-9.33539,38.8645],[-9.33236,38.86848],[-9.32977,38.87401],[-9.32972,38.87984],[-9.33015,38.88225],[-9.33318,38.88283],[-9.33608,38.88429],[-9.33765,38.88396],[-9.33942,38.88441],[-9.34287,38.88391],[-9.34524,38.88325],[-9.34497,38.88501],[-9.34359,38.88515],[-9.345,38.88732],[-9.34688,38.88768],[-9.34739,38.88914],[-9.34835,38.89013],[-9.34942,38.89002],[-9.34963,38.89112],[-9.35071,38.89191],[-9.34933,38.89363],[-9.35001,38.89639],[-9.35184,38.89618],[-9.35141,38.89829],[-9.3532,38.89874],[-9.35567,38.89693],[-9.35903,38.89555],[-9.36066,38.89439],[-9.36194,38.89531],[-9.36075,38.89746],[-9.36166,38.89844],[-9.36346,38.89852],[-9.36394,38.89982],[-9.36403,38.90165],[-9.36525,38.90251],[-9.36657,38.90119],[-9.36677,38.90022],[-9.37103,38.90087],[-9.37281,38.90316],[-9.37562,38.90364],[-9.37622,38.90267],[-9.37797,38.90345],[-9.38028,38.90508],[-9.38071,38.90644],[-9.37889,38.90705],[-9.37996,38.91009],[-9.37753,38.91099],[-9.37793,38.9123],[-9.37989,38.91398],[-9.37893,38.91523],[-9.37969,38.91624],[-9.37936,38.91859],[-9.38057,38.91998],[-9.38277,38.91944],[-9.38442,38.921],[-9.38516,38.92069],[-9.38939,38.92399],[-9.39033,38.92642],[-9.39305,38.9284],[-9.39437,38.92999],[-9.39575,38.93096],[-9.39775,38.93122],[-9.40162,38.93078],[-9.40307,38.93134],[-9.40439,38.93059],[-9.40437,38.92919],[-9.40808,38.92912],[-9.41138,38.92841],[-9.41261,38.92752],[-9.41549,38.92879],[-9.41806,38.9312],[-9.41983,38.93243],[-9.42256,38.92733],[-9.42307,38.92689],[-9.42423,38.92251],[-9.42542,38.9206],[-9.42617,38.9185],[-9.42952,38.91372],[-9.43124,38.91212],[-9.4315,38.91044],[-9.43235,38.90901],[-9.4334,38.90622],[-9.43311,38.90489],[-9.43474,38.90261],[-9.4355,38.90049],[-9.43515,38.89855],[-9.43646,38.89794],[-9.43662,38.89706],[-9.43811,38.89596],[-9.43931,38.89343],[-9.43866,38.89189],[-9.43915,38.89005],[-9.44026,38.88969],[-9.43938,38.8873],[-9.44026,38.8863],[-9.44091,38.88325],[-9.44407,38.88006],[-9.44389,38.87864],[-9.44444,38.87672],[-9.4442,38.87458],[-9.44633,38.87218],[-9.44814,38.87154],[-9.44883,38.86903],[-9.45136,38.86708],[-9.45112,38.8652],[-9.44978,38.86485],[-9.44923,38.86394],[-9.44964,38.86214],[-9.45061,38.86016],[-9.45331,38.85642],[-9.45505,38.85309],[-9.45567,38.85112],[-9.45653,38.85031],[-9.45818,38.84719],[-9.46061,38.84447],[-9.46118,38.84309],[-9.46259,38.84134],[-9.46313,38.83999],[-9.46662,38.83648],[-9.46752,38.83508],[-9.46781,38.83308],[-9.46912,38.8308],[-9.46882,38.82975],[-9.47013,38.82863],[-9.47024,38.82657],[-9.47121,38.82523],[-9.47315,38.82451],[-9.47312,38.822],[-9.47483,38.81896],[-9.4762,38.81746],[-9.47637,38.81634],[-9.48039,38.81038],[-9.48431,38.80767],[-9.48375,38.80648],[-9.48461,38.80529],[-9.48453,38.80243],[-9.48626,38.80259],[-9.48886,38.80102],[-9.48903,38.79959],[-9.4899,38.79859],[-9.48942,38.79665],[-9.49051,38.79621],[-9.49235,38.79314],[-9.49231,38.79029],[-9.49464,38.78837],[-9.49614,38.7876],[-9.49569,38.78587],[-9.49695,38.785],[-9.49724,38.78389],[-9.49895,38.78253],[-9.50053,38.78071],[-9.49997,38.77843],[-9.49622,38.7761],[-9.49394,38.7761],[-9.49336,38.7751],[-9.49467,38.77407],[-9.49428,38.77181],[-9.49504,38.77078],[-9.49506,38.76845],[-9.49403,38.76755],[-9.49349,38.76627],[-9.49092,38.76597],[-9.49077,38.76484],[-9.49176,38.76387],[-9.48934,38.76175],[-9.48759,38.76139],[-9.48498,38.76171],[-9.48499,38.7593],[-9.48378,38.75735],[-9.48121,38.75976],[-9.47538,38.76577],[-9.47357,38.76675],[-9.46894,38.76766],[-9.46287,38.76827],[-9.45962,38.76763],[-9.45918,38.76821],[-9.45383,38.76803],[-9.44337,38.76736],[-9.44109,38.76898],[-9.43889,38.76823],[-9.43894,38.767],[-9.42272,38.76589],[-9.42164,38.76445],[-9.42099,38.76221],[-9.41943,38.76044],[-9.41887,38.75896],[-9.41678,38.75814],[-9.41515,38.7581],[-9.4131,38.75853],[-9.41278,38.76022],[-9.41048,38.76107],[-9.40828,38.76021],[-9.41002,38.75845],[-9.40847,38.75857],[-9.40652,38.75786],[-9.40564,38.75651],[-9.40339,38.75727],[-9.40181,38.75453],[-9.40088,38.75422],[-9.39974,38.75294],[-9.39705,38.7543],[-9.39196,38.75594],[-9.38862,38.75558],[-9.38207,38.75792],[-9.38069,38.75573],[-9.38113,38.75531],[-9.37893,38.74999],[-9.37496,38.74704],[-9.37233,38.74598],[-9.37001,38.74701],[-9.36922,38.74503],[-9.36735,38.74274],[-9.3673,38.74114],[-9.36563,38.73941],[-9.36438,38.74007],[-9.36311,38.73988],[-9.36269,38.73858],[-9.36017,38.73934],[-9.35898,38.74014],[-9.35544,38.74069],[-9.35395,38.74184],[-9.35342,38.74284]]]},"properties":{"idApp":923016,"aopId":"colares","name":"Colares","nameJa":"コラーレス","kind":"regional","tags":[],"rank":0},"bbox":[-9.50053,38.73858,-9.32972,38.93243]},{"type":"Feature","geometry":{"type":"Polygon","coordinates":[[[-9.00204,38.93268],[-9.00576,38.93426],[-9.00636,38.93504],[-9.00559,38.93622],[-9.00642,38.93667],[-9.00735,38.93831],[-9.00929,38.93909],[-9.01002,38.94023],[-9.01337,38.93907],[-9.01479,38.94062],[-9.0173,38.94111],[-9.01694,38.94228],[-9.01748,38.94488],[-9.01833,38.94639],[-9.02086,38.94968],[-9.02203,38.95257],[-9.02073,38.95327],[-9.02158,38.95791],[-9.02004,38.95867],[-9.01948,38.96044],[-9.01666,38.96315],[-9.01621,38.96526],[-9.0166,38.96672],[-9.01637,38.97196],[-9.01586,38.9728],[-9.01504,38.97634],[-9.01428,38.97783],[-9.00908,38.97845],[-9.0104,38.98174],[-9.01033,38.98275],[-9.01137,38.98424],[-9.01002,38.98488],[-9.00809,38.98502],[-9.00553,38.98438],[-9.00368,38.98505],[-9.004,38.98706],[-9.0032,38.98876],[-9.0025,38.98914],[-9.00017,38.98814],[-8.99952,38.98727],[-8.99934,38.98545],[-8.99685,38.98504],[-8.99567,38.98515],[-8.99271,38.98366],[-8.9899,38.98336],[-8.98782,38.9825],[-8.98352,38.97816],[-8.97751,38.976],[-8.97386,38.97593],[-8.96942,38.97612],[-8.96711,38.97417],[-8.96684,38.97316],[-8.96523,38.97209],[-8.96354,38.97003],[-8.96082,38.96762],[-8.95795,38.96575],[-8.95476,38.96871],[-8.95093,38.97303],[-8.94749,38.97765],[-8.94378,38.98822],[-8.94276,38.99176],[-8.94166,38.99759],[-8.94043,39.00072],[-8.94512,39.00192],[-8.9478,39.0036],[-8.94871,39.00446],[-8.95142,39.00608],[-8.95241,39.00698],[-8.95517,39.00842],[-8.95839,39.0104],[-8.96426,39.01249],[-8.96685,39.0132],[-8.96872,39.01401],[-8.9732,39.01533],[-8.97492,39.01557],[-8.97718,39.01508],[-8.98049,39.0148],[-8.98172,39.01289],[-8.98264,39.01245],[-8.98309,39.01003],[-8.98444,39.00908],[-8.98614,39.00902],[-8.98714,39.00682],[-8.98613,39.00599],[-8.98745,39.00479],[-8.9883,39.00298],[-8.9892,39.00223],[-8.9904,39.00241],[-8.99197,39.00416],[-8.99366,39.00452],[-8.99445,39.00518],[-8.9963,39.0045],[-8.9979,39.00434],[-9.00072,39.00298],[-9.00225,39.0016],[-9.00375,39.00187],[-9.0045,39.00269],[-9.0085,39.00838],[-9.00868,39.01116],[-9.00811,39.01394],[-9.0101,39.01554],[-9.01173,39.01455],[-9.01769,39.01268],[-9.0206,39.01511],[-9.02205,39.01561],[-9.02305,39.01539],[-9.02373,39.01653],[-9.02628,39.01713],[-9.02839,39.01517],[-9.02994,39.01458],[-9.03174,39.01275],[-9.03324,39.01226],[-9.03478,39.00993],[-9.03873,39.00877],[-9.04002,39.01144],[-9.04096,39.01155],[-9.04228,39.0127],[-9.04265,39.01409],[-9.04169,39.01591],[-9.04187,39.01706],[-9.04135,39.01891],[-9.04215,39.02109],[-9.04351,39.02272],[-9.04478,39.02319],[-9.04677,39.02514],[-9.04698,39.0225],[-9.04859,39.02092],[-9.05067,39.02157],[-9.05233,39.02084],[-9.05369,39.02174],[-9.05607,39.02131],[-9.05797,39.02023],[-9.06153,39.02024],[-9.06629,39.02149],[-9.06804,39.02045],[-9.06776,39.01929],[-9.06883,39.0174],[-9.06899,39.01589],[-9.07068,39.01512],[-9.07316,39.01725],[-9.07542,39.01771],[-9.07948,39.01779],[-9.08101,39.01814],[-9.08126,39.02031],[-9.0819,39.02088],[-9.08355,39.02077],[-9.08321,39.02219],[-9.08252,39.02273],[-9.0825,39.02398],[-9.08422,39.02394],[-9.08798,39.02465],[-9.08826,39.02595],[-9.09054,39.02654],[-9.09115,39.02751],[-9.0933,39.02877],[-9.09559,39.02862],[-9.09531,39.02754],[-9.09665,39.02656],[-9.09636,39.02486],[-9.09573,39.02437],[-9.093,39.02444],[-9.0928,39.02335],[-9.09441,39.02005],[-9.09661,39.01989],[-9.0987,39.0209],[-9.09863,39.0222],[-9.09968,39.02427],[-9.10034,39.02633],[-9.10286,39.0284],[-9.10431,39.02888],[-9.1058,39.03041],[-9.10803,39.03163],[-9.11163,39.03242],[-9.11642,39.03317],[-9.11897,39.0342],[-9.12118,39.0355],[-9.12337,39.03591],[-9.12671,39.03561],[-9.13003,39.03458],[-9.13107,39.03347],[-9.1334,39.03237],[-9.13486,39.03022],[-9.13622,39.02892],[-9.1357,39.02535],[-9.13962,39.0214],[-9.14381,39.0202],[-9.14402,39.01963],[-9.14586,39.01847],[-9.14648,39.0187],[-9.14831,39.01772],[-9.14994,39.01491],[-9.1518,39.0156],[-9.15206,39.01271],[-9.1531,39.01146],[-9.15344,39.01024],[-9.15504,39.00768],[-9.15862,39.00766],[-9.16182,39.00713],[-9.1631,39.00636],[-9.16721,39.00599],[-9.16905,39.00562],[-9.1702,39.00447],[-9.17206,39.00435],[-9.17436,39.00316],[-9.17537,39.00323],[-9.17677,39.0042],[-9.17887,39.00445],[-9.17931,39.00498],[-9.18232,39.00628],[-9.18469,39.0051],[-9.18513,39.0042],[-9.18766,39.002],[-9.18789,39.00067],[-9.18925,38.99975],[-9.19014,38.99851],[-9.19148,38.99787],[-9.19145,38.99637],[-9.19245,38.99417],[-9.19287,38.99207],[-9.19517,38.99129],[-9.19625,38.99032],[-9.19383,38.98901],[-9.19203,38.98885],[-9.19057,38.98777],[-9.18871,38.98707],[-9.18762,38.98724],[-9.18651,38.98624],[-9.18441,38.98674],[-9.18014,38.98637],[-9.17676,38.98464],[-9.17457,38.98297],[-9.17321,38.98281],[-9.17199,38.98069],[-9.17313,38.97927],[-9.17609,38.97958],[-9.17643,38.97813],[-9.17565,38.97768],[-9.17853,38.9759],[-9.17671,38.97446],[-9.17576,38.97269],[-9.17605,38.97159],[-9.17307,38.97224],[-9.17102,38.97098],[-9.17015,38.96933],[-9.16928,38.96868],[-9.16631,38.96364],[-9.16334,38.96251],[-9.16489,38.96166],[-9.1689,38.96074],[-9.16731,38.95853],[-9.16458,38.95637],[-9.16234,38.95408],[-9.16176,38.95287],[-9.16186,38.95137],[-9.16076,38.94956],[-9.16148,38.94821],[-9.16224,38.94336],[-9.16197,38.94225],[-9.16255,38.94113],[-9.16058,38.93783],[-9.16141,38.93715],[-9.16341,38.9375],[-9.16513,38.93568],[-9.16445,38.93376],[-9.16271,38.93248],[-9.16109,38.9327],[-9.15983,38.93216],[-9.15998,38.93086],[-9.15943,38.92978],[-9.15418,38.93616],[-9.14969,38.94051],[-9.14612,38.93698],[-9.14499,38.93654],[-9.14255,38.93826],[-9.14024,38.93804],[-9.13898,38.93901],[-9.13696,38.9393],[-9.13467,38.94071],[-9.13178,38.94082],[-9.12916,38.93944],[-9.12717,38.93777],[-9.12489,38.93661],[-9.12377,38.93643],[-9.12237,38.93509],[-9.12201,38.93305],[-9.12103,38.93179],[-9.12014,38.92973],[-9.11796,38.92871],[-9.11634,38.92753],[-9.11594,38.92954],[-9.11301,38.92891],[-9.11244,38.92646],[-9.11259,38.92569],[-9.11119,38.92321],[-9.10984,38.9231],[-9.10781,38.92458],[-9.10709,38.92358],[-9.10524,38.92204],[-9.10305,38.92267],[-9.10141,38.92187],[-9.09763,38.92215],[-9.09541,38.92211],[-9.09384,38.92366],[-9.09009,38.92597],[-9.08941,38.92682],[-9.08665,38.9286],[-9.08356,38.92926],[-9.08392,38.92848],[-9.08342,38.9269],[-9.08082,38.92445],[-9.08079,38.92174],[-9.07888,38.91885],[-9.07717,38.91815],[-9.0722,38.91863],[-9.07123,38.91937],[-9.06945,38.91955],[-9.06614,38.91888],[-9.06426,38.91914],[-9.06347,38.9233],[-9.06276,38.92429],[-9.06107,38.92469],[-9.06244,38.92644],[-9.062,38.92741],[-9.06064,38.92777],[-9.06044,38.92636],[-9.05866,38.92757],[-9.05772,38.92937],[-9.05575,38.92953],[-9.05546,38.92854],[-9.05271,38.92894],[-9.05127,38.92837],[-9.05093,38.92941],[-9.05372,38.93146],[-9.05209,38.9335],[-9.05013,38.93395],[-9.04835,38.93504],[-9.04715,38.93511],[-9.04297,38.93684],[-9.04025,38.93524],[-9.04021,38.93333],[-9.03684,38.93142],[-9.03545,38.93011],[-9.03122,38.92871],[-9.02772,38.9267],[-9.02659,38.92666],[-9.02168,38.92496],[-9.01855,38.92503],[-9.01849,38.92391],[-9.01994,38.92139],[-9.0179,38.91942],[-9.01619,38.91947],[-9.01555,38.9165],[-9.01378,38.91529],[-9.01512,38.91288],[-9.01429,38.91286],[-9.01253,38.91621],[-9.00816,38.92078],[-9.00511,38.92497],[-9.00359,38.93049],[-9.00204,38.93268]]]},"properties":{"idApp":923013,"aopId":"arruda","name":"Arruda","nameJa":"アルーダ","kind":"regional","tags":[],"rank":0},"bbox":[-9.19625,38.91286,-8.94043,39.03591]},{"type":"Feature","geometry":{"type":"Polygon","coordinates":[[[-9.48378,38.75735],[-9.4827,38.75791],[-9.48136,38.75744],[-9.48177,38.75638],[-9.47869,38.75569],[-9.47634,38.75476],[-9.47579,38.75376],[-9.47319,38.7514],[-9.47439,38.75079],[-9.47198,38.75018],[-9.47239,38.74904],[-9.4723,38.74735],[-9.47269,38.74598],[-9.47225,38.74467],[-9.47332,38.74384],[-9.4723,38.74326],[-9.47258,38.74212],[-9.47197,38.7415],[-9.47376,38.74034],[-9.47327,38.73854],[-9.47227,38.73668],[-9.47295,38.73567],[-9.47367,38.73335],[-9.47529,38.73002],[-9.47546,38.7292],[-9.47713,38.72871],[-9.47619,38.72757],[-9.4772,38.72456],[-9.47786,38.72352],[-9.47979,38.72303],[-9.47887,38.72138],[-9.47899,38.72043],[-9.47999,38.7189],[-9.4834,38.71629],[-9.48459,38.71471],[-9.48493,38.71212],[-9.48588,38.71199],[-9.48592,38.70989],[-9.48655,38.70961],[-9.48622,38.70814],[-9.48236,38.70529],[-9.47972,38.70503],[-9.47945,38.70331],[-9.47707,38.70165],[-9.475,38.70218],[-9.47284,38.70074],[-9.47086,38.7002],[-9.46969,38.69937],[-9.46794,38.69921],[-9.46439,38.697],[-9.46214,38.69624],[-9.45948,38.69487],[-9.45762,38.6947],[-9.45559,38.69502],[-9.45066,38.69484],[-9.44793,38.69539],[-9.44651,38.69496],[-9.44383,38.69484],[-9.4397,38.69576],[-9.43701,38.69478],[-9.43522,38.69281],[-9.43359,38.69181],[-9.43201,38.69165],[-9.42987,38.69051],[-9.42709,38.68962],[-9.42636,38.69002],[-9.42298,38.68973],[-9.42082,38.69006],[-9.41792,38.68995],[-9.41369,38.6932],[-9.41337,38.69394],[-9.41586,38.69379],[-9.41664,38.69465],[-9.41821,38.69398],[-9.41881,38.69533],[-9.41996,38.69638],[-9.41826,38.69737],[-9.41787,38.69926],[-9.41703,38.70008],[-9.4138,38.7008],[-9.41231,38.70154],[-9.41021,38.70186],[-9.40862,38.70167],[-9.40742,38.70295],[-9.40577,38.70364],[-9.39959,38.70262],[-9.39835,38.70204],[-9.39549,38.70188],[-9.39218,38.70203],[-9.3895,38.70053],[-9.38775,38.69898],[-9.38535,38.69855],[-9.38172,38.69676],[-9.38047,38.69664],[-9.37602,38.69439],[-9.37332,38.69375],[-9.37261,38.69219],[-9.37156,38.69365],[-9.3691,38.69327],[-9.36601,38.69188],[-9.36382,38.68976],[-9.35989,38.68777],[-9.3584,38.68635],[-9.35595,38.68529],[-9.35518,38.68581],[-9.35226,38.6846],[-9.34992,38.684],[-9.34921,38.68278],[-9.34725,38.68094],[-9.34548,38.68065],[-9.34323,38.68166],[-9.34056,38.68109],[-9.33571,38.67969],[-9.33269,38.67854],[-9.32837,38.67636],[-9.32691,38.67599],[-9.32726,38.67474],[-9.32585,38.67352],[-9.3241,38.67361],[-9.32389,38.67535],[-9.32145,38.67622],[-9.32056,38.67529],[-9.3184,38.67491],[-9.31646,38.67598],[-9.31627,38.67711],[-9.31705,38.67757],[-9.31569,38.67974],[-9.31434,38.68111],[-9.31424,38.6832],[-9.31252,38.68437],[-9.3107,38.68502],[-9.30545,38.68531],[-9.3026,38.68663],[-9.30195,38.68647],[-9.30063,38.68793],[-9.29819,38.68974],[-9.29541,38.69033],[-9.2946,38.69012],[-9.29323,38.69087],[-9.29345,38.69166],[-9.29161,38.6925],[-9.29181,38.69354],[-9.29111,38.69447],[-9.28924,38.69563],[-9.28734,38.69599],[-9.28601,38.6968],[-9.28414,38.69718],[-9.28231,38.69715],[-9.28188,38.69838],[-9.27896,38.69871],[-9.27592,38.69778],[-9.27448,38.69763],[-9.27318,38.69814],[-9.27092,38.69782],[-9.27043,38.69836],[-9.26833,38.69905],[-9.26602,38.6987],[-9.26405,38.69952],[-9.26197,38.69984],[-9.26003,38.69964],[-9.26047,38.70195],[-9.26138,38.70371],[-9.26379,38.70703],[-9.26638,38.70737],[-9.26673,38.70943],[-9.26599,38.71027],[-9.26276,38.71123],[-9.26213,38.7122],[-9.2621,38.71362],[-9.26454,38.71408],[-9.26817,38.71563],[-9.26987,38.71603],[-9.27268,38.71611],[-9.28914,38.7136],[-9.29366,38.71337],[-9.29837,38.71362],[-9.30271,38.71328],[-9.3043,38.71295],[-9.30862,38.71141],[-9.31238,38.70946],[-9.31622,38.70819],[-9.32009,38.70775],[-9.32137,38.71128],[-9.32003,38.71181],[-9.31884,38.71398],[-9.31744,38.71405],[-9.3178,38.71561],[-9.31659,38.71762],[-9.31492,38.71792],[-9.31565,38.71966],[-9.31502,38.72228],[-9.3154,38.72374],[-9.31656,38.72613],[-9.31645,38.72814],[-9.3188,38.72931],[-9.31856,38.73098],[-9.31737,38.73104],[-9.31637,38.73211],[-9.31552,38.73193],[-9.31244,38.73343],[-9.31061,38.73579],[-9.31081,38.73748],[-9.30976,38.73905],[-9.30896,38.74167],[-9.30807,38.74271],[-9.30855,38.74451],[-9.31202,38.74486],[-9.3122,38.74434],[-9.31642,38.74274],[-9.31883,38.74228],[-9.31939,38.74134],[-9.32065,38.74182],[-9.3221,38.7436],[-9.3221,38.74426],[-9.32389,38.74537],[-9.3245,38.7462],[-9.3239,38.74787],[-9.3257,38.74839],[-9.32718,38.7503],[-9.32882,38.75183],[-9.32982,38.75214],[-9.33185,38.75162],[-9.33281,38.75087],[-9.33377,38.74931],[-9.33517,38.74808],[-9.33593,38.74674],[-9.339,38.74714],[-9.33925,38.74628],[-9.34194,38.74543],[-9.34567,38.7449],[-9.34845,38.7465],[-9.35025,38.74425],[-9.35165,38.74336],[-9.35342,38.74284],[-9.35395,38.74184],[-9.35544,38.74069],[-9.35898,38.74014],[-9.36017,38.73934],[-9.36269,38.73858],[-9.36311,38.73988],[-9.36438,38.74007],[-9.36563,38.73941],[-9.3673,38.74114],[-9.36735,38.74274],[-9.36922,38.74503],[-9.37001,38.74701],[-9.37233,38.74598],[-9.37496,38.74704],[-9.37893,38.74999],[-9.38113,38.75531],[-9.38069,38.75573],[-9.38207,38.75792],[-9.38862,38.75558],[-9.39196,38.75594],[-9.39705,38.7543],[-9.39974,38.75294],[-9.40088,38.75422],[-9.40181,38.75453],[-9.40339,38.75727],[-9.40564,38.75651],[-9.40652,38.75786],[-9.40847,38.75857],[-9.41002,38.75845],[-9.40828,38.76021],[-9.41048,38.76107],[-9.41278,38.76022],[-9.4131,38.75853],[-9.41515,38.7581],[-9.41678,38.75814],[-9.41887,38.75896],[-9.41943,38.76044],[-9.42099,38.76221],[-9.42164,38.76445],[-9.42272,38.76589],[-9.43894,38.767],[-9.43889,38.76823],[-9.44109,38.76898],[-9.44337,38.76736],[-9.45383,38.76803],[-9.45918,38.76821],[-9.45962,38.76763],[-9.46287,38.76827],[-9.46894,38.76766],[-9.47357,38.76675],[-9.47538,38.76577],[-9.48121,38.75976],[-9.48378,38.75735]]]},"properties":{"idApp":923017,"aopId":"carcavelos","name":"Carcavelos","nameJa":"カルカヴェロス","kind":"regional","tags":[],"rank":0},"bbox":[-9.48655,38.67352,-9.26003,38.76898]},{"type":"Feature","geometry":{"type":"Polygon","coordinates":[[[-9.15943,38.92978],[-9.16166,38.92628],[-9.16147,38.92527],[-9.1624,38.92294],[-9.1638,38.92182],[-9.16616,38.92165],[-9.16671,38.92211],[-9.16846,38.92201],[-9.16785,38.92106],[-9.17004,38.92003],[-9.17007,38.91821],[-9.17101,38.91732],[-9.17111,38.91582],[-9.17272,38.91598],[-9.17457,38.91701],[-9.17619,38.91742],[-9.17763,38.9172],[-9.17943,38.91745],[-9.17977,38.91427],[-9.18042,38.91292],[-9.18001,38.91126],[-9.18221,38.90852],[-9.18509,38.90655],[-9.18915,38.90686],[-9.19035,38.90502],[-9.18971,38.90417],[-9.19013,38.9028],[-9.18886,38.90006],[-9.18863,38.89852],[-9.18658,38.89807],[-9.1867,38.89594],[-9.18821,38.89312],[-9.18904,38.89026],[-9.18842,38.88906],[-9.18706,38.88282],[-9.18588,38.88085],[-9.1848,38.87755],[-9.18518,38.87639],[-9.18434,38.87437],[-9.18536,38.87121],[-9.18486,38.87042],[-9.18351,38.86994],[-9.18404,38.86882],[-9.18163,38.86428],[-9.18172,38.8624],[-9.18143,38.85955],[-9.18185,38.85752],[-9.18185,38.85504],[-9.18095,38.8546],[-9.1805,38.85347],[-9.17867,38.85485],[-9.17782,38.85493],[-9.17556,38.85407],[-9.17333,38.85135],[-9.17398,38.85004],[-9.17343,38.84804],[-9.17231,38.84694],[-9.17137,38.84714],[-9.16908,38.84377],[-9.1674,38.84217],[-9.1664,38.84372],[-9.16456,38.84059],[-9.16379,38.84202],[-9.16269,38.8429],[-9.16253,38.84605],[-9.16162,38.84832],[-9.16022,38.84601],[-9.16085,38.84572],[-9.15954,38.84379],[-9.15872,38.84398],[-9.15806,38.84196],[-9.15623,38.84176],[-9.15491,38.84118],[-9.15182,38.83911],[-9.14949,38.83679],[-9.14722,38.83524],[-9.14578,38.83331],[-9.1447,38.83248],[-9.14302,38.83289],[-9.13866,38.83487],[-9.13654,38.83657],[-9.13497,38.83713],[-9.13349,38.83712],[-9.13132,38.83648],[-9.1294,38.83637],[-9.12531,38.83731],[-9.12257,38.83712],[-9.11868,38.83592],[-9.11904,38.83783],[-9.11843,38.83904],[-9.11657,38.84103],[-9.11665,38.84267],[-9.11549,38.84376],[-9.11415,38.84663],[-9.1142,38.84905],[-9.11627,38.85],[-9.11601,38.85272],[-9.11251,38.85567],[-9.11479,38.85657],[-9.1164,38.86101],[-9.11427,38.86117],[-9.11263,38.86184],[-9.10419,38.86368],[-9.09979,38.86451],[-9.09898,38.865],[-9.09987,38.86643],[-9.1,38.86828],[-9.09949,38.86914],[-9.10045,38.87091],[-9.10208,38.87197],[-9.10223,38.87311],[-9.10155,38.87393],[-9.10334,38.87568],[-9.10469,38.87811],[-9.10682,38.87933],[-9.109,38.88248],[-9.10956,38.8839],[-9.11156,38.88547],[-9.11293,38.88697],[-9.11782,38.89141],[-9.11142,38.89311],[-9.11004,38.8939],[-9.10798,38.89364],[-9.10483,38.89371],[-9.10173,38.89473],[-9.09668,38.89542],[-9.0935,38.89542],[-9.09161,38.89646],[-9.08981,38.89671],[-9.08873,38.89562],[-9.08577,38.89534],[-9.0815,38.89643],[-9.08002,38.89635],[-9.07756,38.89773],[-9.07462,38.89784],[-9.074,38.8983],[-9.07313,38.90289],[-9.07051,38.90525],[-9.07126,38.9062],[-9.07043,38.90713],[-9.07108,38.90806],[-9.07222,38.91102],[-9.07123,38.91937],[-9.0722,38.91863],[-9.07717,38.91815],[-9.07888,38.91885],[-9.08079,38.92174],[-9.08082,38.92445],[-9.08342,38.9269],[-9.08392,38.92848],[-9.08356,38.92926],[-9.08665,38.9286],[-9.08941,38.92682],[-9.09009,38.92597],[-9.09384,38.92366],[-9.09541,38.92211],[-9.09763,38.92215],[-9.10141,38.92187],[-9.10305,38.92267],[-9.10524,38.92204],[-9.10709,38.92358],[-9.10781,38.92458],[-9.10984,38.9231],[-9.11119,38.92321],[-9.11259,38.92569],[-9.11244,38.92646],[-9.11301,38.92891],[-9.11594,38.92954],[-9.11634,38.92753],[-9.11796,38.92871],[-9.12014,38.92973],[-9.12103,38.93179],[-9.12201,38.93305],[-9.12237,38.93509],[-9.12377,38.93643],[-9.12489,38.93661],[-9.12717,38.93777],[-9.12916,38.93944],[-9.13178,38.94082],[-9.13467,38.94071],[-9.13696,38.9393],[-9.13898,38.93901],[-9.14024,38.93804],[-9.14255,38.93826],[-9.14499,38.93654],[-9.14612,38.93698],[-9.14969,38.94051],[-9.15418,38.93616],[-9.15943,38.92978]]]},"properties":{"idApp":923015,"aopId":"bucelas","name":"Bucelas","nameJa":"ブセラス","kind":"regional","tags":[],"rank":0},"bbox":[-9.19035,38.83248,-9.07043,38.94082]}]}