{"type":"FeatureCollection","features":[{"type":"Feature","properties":{"level":"region","regionId":"portugal","nameJa":"ポルトガル"},"geometry":{"type":"MultiPolygon","coordinates":[[[[-8.56592,41.16143],[-8.56227,41.15857],[-8.56085,41.15596],[-8.56145,41.15174],[-8.56359,41.14937],[-8.56894,41.14733],[-8.57351,41.14399],[-8.57566,41.14004],[-8.5732,41.13601],[-8.57121,41.13007],[-8.56894,41.1264],[-8.5669,41.12493],[-8.56187,41.12412],[-8.55619,41.124],[-8.54975,41.12231],[-8.54707,41.12033],[-8.54025,41.11238],[-8.53747,41.10758],[-8.53168,41.10355],[-8.52773,41.10014],[-8.52538,41.0956],[-8.52201,41.08765],[-8.52115,41.08305],[-8.51887,41.078],[-8.51538,41.07372],[-8.51129,41.07162],[-8.50661,41.07043],[-8.49928,41.0705],[-8.49009,41.07197],[-8.47884,41.07543],[-8.47452,41.07582],[-8.47055,41.07515],[-8.46691,41.07313],[-8.4621,41.06738],[-8.45804,41.06116],[-8.45107,41.05581],[-8.44874,41.05346],[-8.44306,41.04943],[-8.4316,41.03719],[-8.43079,41.0343],[-8.43269,41.02873],[-8.42995,41.02256],[-8.4185,41.0177],[-8.4158,41.01538],[-8.40803,41.01328],[-8.40382,41.01304],[-8.39832,41.01166],[-8.39528,41.01011],[-8.39128,41.00595],[-8.39035,41.003],[-8.39093,40.99839],[-8.39292,40.99599],[-8.39606,40.9941],[-8.39801,40.99044],[-8.40452,40.98476],[-8.40992,40.98267],[-8.41351,40.97962],[-8.41626,40.97486],[-8.42087,40.97254],[-8.42674,40.97259],[-8.42826,40.97067],[-8.42766,40.96734],[-8.42958,40.96227],[-8.43259,40.9599],[-8.43347,40.95564],[-8.43041,40.95031],[-8.43018,40.94769],[-8.43243,40.94376],[-8.43108,40.94029],[-8.43169,40.93575],[-8.42873,40.93446],[-8.42216,40.93299],[-8.41848,40.93003],[-8.41387,40.92774],[-8.40857,40.92641],[-8.4031,40.92252],[-8.4008,40.91991],[-8.39866,40.91517],[-8.39629,40.91252],[-8.39525,40.90747],[-8.3929,40.90375],[-8.39274,40.90087],[-8.3968,40.89484],[-8.39915,40.8932],[-8.40159,40.88949],[-8.4022,40.88572],[-8.40081,40.88254],[-8.40129,40.87846],[-8.40324,40.87611],[-8.40619,40.87447],[-8.40971,40.87378],[-8.41403,40.87406],[-8.41802,40.86909],[-8.42446,40.8672],[-8.42489,40.86432],[-8.42698,40.86165],[-8.43923,40.85177],[-8.4444,40.85035],[-8.44805,40.85074],[-8.44991,40.84431],[-8.4499,40.83972],[-8.45124,40.83438],[-8.44994,40.82788],[-8.44849,40.82415],[-8.44802,40.81585],[-8.44995,40.81241],[-8.44917,40.8112],[-8.44492,40.80865],[-8.44246,40.80325],[-8.43941,40.80054],[-8.4351,40.79958],[-8.42835,40.79545],[-8.4265,40.79207],[-8.4222,40.78987],[-8.41773,40.78852],[-8.41441,40.78893],[-8.40717,40.78808],[-8.3989,40.78811],[-8.39486,40.79334],[-8.39212,40.79506],[-8.38613,40.79595],[-8.38208,40.79815],[-8.37835,40.79906],[-8.37056,40.79915],[-8.36583,40.79679],[-8.36336,40.7934],[-8.35766,40.78792],[-8.34542,40.78048],[-8.3374,40.7765],[-8.3294,40.77863],[-8.32625,40.78264],[-8.32324,40.78442],[-8.31768,40.78513],[-8.31415,40.78419],[-8.3097,40.78009],[-8.30442,40.77718],[-8.30266,40.77713],[-8.29682,40.78206],[-8.29159,40.78309],[-8.28808,40.78247],[-8.28312,40.77908],[-8.28098,40.77365],[-8.27677,40.76772],[-8.27634,40.76513],[-8.27725,40.7611],[-8.2799,40.75777],[-8.28791,40.75218],[-8.29279,40.75103],[-8.29899,40.7469],[-8.30332,40.74602],[-8.3076,40.74361],[-8.31303,40.74214],[-8.31967,40.74283],[-8.32736,40.74026],[-8.33186,40.74004],[-8.33344,40.73712],[-8.33335,40.73442],[-8.33156,40.7299],[-8.32816,40.72741],[-8.32403,40.72074],[-8.32433,40.7153],[-8.32625,40.7113],[-8.3212,40.7057],[-8.31629,40.70421],[-8.31345,40.70204],[-8.31008,40.69534],[-8.30811,40.69331],[-8.30099,40.69063],[-8.29888,40.68835],[-8.2981,40.6856],[-8.29886,40.68171],[-8.29817,40.67601],[-8.29722,40.67433],[-8.29376,40.67153],[-8.2908,40.66746],[-8.29061,40.66321],[-8.29197,40.65666],[-8.29334,40.65424],[-8.29651,40.65151],[-8.29476,40.6449],[-8.29547,40.6381],[-8.29324,40.63382],[-8.28985,40.63214],[-8.28389,40.63042],[-8.27922,40.6316],[-8.2758,40.63128],[-8.26939,40.62831],[-8.26085,40.62537],[-8.25554,40.62146],[-8.25385,40.6177],[-8.25507,40.61379],[-8.25735,40.6117],[-8.26045,40.61038],[-8.2649,40.60986],[-8.26875,40.60767],[-8.27525,40.60634],[-8.27961,40.6065],[-8.28732,40.6054],[-8.29019,40.60565],[-8.29778,40.60315],[-8.30646,40.60186],[-8.31135,40.60349],[-8.31445,40.6075],[-8.31763,40.60988],[-8.32161,40.61011],[-8.32512,40.60932],[-8.32872,40.60755],[-8.33774,40.60528],[-8.34541,40.60286],[-8.34942,40.60246],[-8.36012,40.59947],[-8.36482,40.59903],[-8.37031,40.59989],[-8.37347,40.60158],[-8.37544,40.60411],[-8.37526,40.60913],[-8.38102,40.61386],[-8.38513,40.61645],[-8.38701,40.62031],[-8.38578,40.62437],[-8.38182,40.62729],[-8.37748,40.62844],[-8.37109,40.63297],[-8.36557,40.63789],[-8.36056,40.64166],[-8.35577,40.64393],[-8.35259,40.64708],[-8.36068,40.65103],[-8.36335,40.65408],[-8.36401,40.65941],[-8.36849,40.66273],[-8.37411,40.66805],[-8.37659,40.667],[-8.38562,40.66525],[-8.38928,40.66559],[-8.39546,40.66915],[-8.40032,40.66677],[-8.40384,40.66638],[-8.40599,40.66505],[-8.41103,40.66335],[-8.41594,40.66293],[-8.42559,40.65795],[-8.42523,40.65303],[-8.42784,40.64859],[-8.43078,40.64644],[-8.43404,40.6452],[-8.43817,40.64462],[-8.44253,40.63984],[-8.44585,40.63856],[-8.44954,40.6382],[-8.45192,40.63656],[-8.45538,40.63545],[-8.4556,40.63244],[-8.45711,40.63007],[-8.46,40.62778],[-8.4576,40.61917],[-8.45419,40.61437],[-8.45322,40.61059],[-8.4536,40.6065],[-8.45338,40.60103],[-8.45458,40.59838],[-8.45698,40.59626],[-8.46024,40.59497],[-8.46388,40.59471],[-8.47165,40.59649],[-8.47436,40.59811],[-8.48181,40.59857],[-8.48688,40.59731],[-8.49228,40.59729],[-8.49699,40.5991],[-8.50215,40.60366],[-8.51026,40.60364],[-8.51379,40.60493],[-8.52036,40.60936],[-8.52338,40.60933],[-8.52307,40.60659],[-8.52427,40.60388],[-8.52674,40.60171],[-8.53009,40.60042],[-8.53783,40.59886],[-8.54197,40.59855],[-8.54803,40.59929],[-8.55207,40.60142],[-8.55587,40.60079],[-8.56123,40.59782],[-8.56503,40.59725],[-8.56878,40.59789],[-8.57462,40.60163],[-8.57624,40.60004],[-8.58305,40.5955],[-8.58596,40.59449],[-8.58832,40.59016],[-8.59183,40.58638],[-8.59463,40.58485],[-8.60093,40.5828],[-8.60623,40.5806],[-8.60828,40.57733],[-8.61114,40.57538],[-8.61476,40.57443],[-8.62194,40.57428],[-8.62646,40.57268],[-8.63363,40.57132],[-8.63772,40.56777],[-8.64113,40.56641],[-8.64555,40.5661],[-8.64991,40.56734],[-8.65873,40.56647],[-8.66313,40.56682],[-8.66674,40.56829],[-8.67014,40.5674],[-8.67677,40.56247],[-8.67566,40.55788],[-8.6733,40.5542],[-8.67291,40.55167],[-8.67483,40.5453],[-8.67434,40.53924],[-8.67001,40.5357],[-8.66916,40.5296],[-8.66603,40.52582],[-8.66501,40.51864],[-8.66541,40.51434],[-8.66217,40.51047],[-8.66171,40.50677],[-8.658,40.503],[-8.65653,40.50032],[-8.65658,40.4974],[-8.65814,40.49471],[-8.6627,40.49204],[-8.67135,40.49068],[-8.67525,40.4911],[-8.68052,40.49345],[-8.68228,40.48774],[-8.68142,40.484],[-8.68228,40.47793],[-8.68328,40.47564],[-8.68299,40.47199],[-8.68524,40.46678],[-8.68785,40.46455],[-8.70014,40.45775],[-8.69091,40.44873],[-8.68765,40.445],[-8.68718,40.44014],[-8.68523,40.43802],[-8.68437,40.434],[-8.68619,40.42857],[-8.68841,40.42638],[-8.69211,40.4248],[-8.69241,40.42049],[-8.69002,40.41477],[-8.68827,40.41232],[-8.68768,40.4088],[-8.68884,40.40589],[-8.69136,40.40301],[-8.69644,40.40017],[-8.69923,40.39497],[-8.69929,40.3926],[-8.70206,40.38784],[-8.70168,40.38344],[-8.70394,40.37648],[-8.70607,40.37392],[-8.71126,40.37181],[-8.71565,40.37142],[-8.72428,40.37224],[-8.72522,40.37041],[-8.72251,40.36819],[-8.72138,40.36552],[-8.72169,40.36271],[-8.72382,40.35821],[-8.72395,40.35319],[-8.72512,40.35143],[-8.72587,40.3469],[-8.725,40.34228],[-8.72583,40.33768],[-8.72993,40.33218],[-8.73336,40.3291],[-8.73384,40.32733],[-8.7366,40.32415],[-8.74266,40.32013],[-8.74564,40.31158],[-8.74503,40.31101],[-8.7381,40.30993],[-8.73,40.30813],[-8.72585,40.30612],[-8.72211,40.30538],[-8.71298,40.30534],[-8.6978,40.30444],[-8.69257,40.30378],[-8.68717,40.30177],[-8.6846,40.30182],[-8.6784,40.30006],[-8.66829,40.29924],[-8.65564,40.29919],[-8.65107,40.2981],[-8.64617,40.30083],[-8.6388,40.30111],[-8.63544,40.30002],[-8.63292,40.298],[-8.63153,40.29309],[-8.61917,40.28496],[-8.61705,40.28108],[-8.61816,40.27691],[-8.61469,40.27416],[-8.60862,40.27234],[-8.59961,40.27584],[-8.59599,40.27964],[-8.59334,40.28129],[-8.58916,40.28225],[-8.58275,40.28623],[-8.57861,40.28779],[-8.57305,40.28849],[-8.56948,40.28789],[-8.56541,40.28516],[-8.56323,40.28102],[-8.56247,40.27531],[-8.56036,40.26719],[-8.55428,40.25954],[-8.5533,40.25665],[-8.55342,40.2535],[-8.55123,40.25182],[-8.54836,40.25124],[-8.54511,40.24929],[-8.54133,40.24543],[-8.53094,40.25141],[-8.5224,40.25476],[-8.51873,40.25504],[-8.51522,40.25423],[-8.50516,40.24998],[-8.50074,40.24547],[-8.50015,40.24212],[-8.49461,40.23452],[-8.48684,40.23449],[-8.4822,40.23308],[-8.47882,40.23399],[-8.47318,40.23785],[-8.46844,40.23902],[-8.4658,40.23886],[-8.46421,40.24203],[-8.4617,40.24391],[-8.45128,40.24809],[-8.44489,40.24869],[-8.44241,40.24979],[-8.44299,40.25336],[-8.44212,40.25619],[-8.43674,40.26191],[-8.43232,40.26378],[-8.42489,40.26535],[-8.41815,40.26513],[-8.41718,40.27217],[-8.4126,40.27808],[-8.40804,40.2803],[-8.39771,40.28066],[-8.39501,40.282],[-8.39058,40.28254],[-8.38853,40.28375],[-8.38906,40.28602],[-8.3887,40.29258],[-8.38455,40.29788],[-8.38549,40.2995],[-8.38784,40.30884],[-8.38773,40.31027],[-8.3853,40.31411],[-8.3805,40.31629],[-8.3754,40.31663],[-8.37093,40.32033],[-8.36796,40.32601],[-8.36904,40.32885],[-8.37411,40.33461],[-8.3749,40.33721],[-8.37439,40.33987],[-8.37266,40.34222],[-8.36892,40.34461],[-8.35826,40.34733],[-8.35736,40.34798],[-8.35678,40.35216],[-8.3545,40.36179],[-8.35369,40.3631],[-8.3495,40.366],[-8.34584,40.36669],[-8.34216,40.36623],[-8.33757,40.36341],[-8.33457,40.35925],[-8.32926,40.35485],[-8.32519,40.35484],[-8.32268,40.35931],[-8.31964,40.36101],[-8.31178,40.36164],[-8.30009,40.35831],[-8.2953,40.35559],[-8.29293,40.35155],[-8.28894,40.3472],[-8.2833,40.3439],[-8.28021,40.33929],[-8.27654,40.33578],[-8.27036,40.33543],[-8.26641,40.3344],[-8.2638,40.33286],[-8.25909,40.32754],[-8.25113,40.32333],[-8.24294,40.32434],[-8.2371,40.32273],[-8.23363,40.32275],[-8.23195,40.32471],[-8.23067,40.3298],[-8.22845,40.33208],[-8.22401,40.33492],[-8.21984,40.33638],[-8.21173,40.34032],[-8.20832,40.34078],[-8.20058,40.33893],[-8.19515,40.33966],[-8.19147,40.33909],[-8.18841,40.33745],[-8.18615,40.33434],[-8.18408,40.33364],[-8.17849,40.33573],[-8.17476,40.33943],[-8.1718,40.34116],[-8.16821,40.3419],[-8.16323,40.34141],[-8.15552,40.33796],[-8.15227,40.33754],[-8.14797,40.33819],[-8.14185,40.33806],[-8.13854,40.3366],[-8.13528,40.33342],[-8.12885,40.33242],[-8.12662,40.33125],[-8.12253,40.33072],[-8.11954,40.32912],[-8.11651,40.32406],[-8.11602,40.3173],[-8.11727,40.31454],[-8.11633,40.31292],[-8.11629,40.30891],[-8.11543,40.30462],[-8.11782,40.30085],[-8.12101,40.29903],[-8.12755,40.29848],[-8.13136,40.29757],[-8.13509,40.29567],[-8.13962,40.29103],[-8.14263,40.28954],[-8.14612,40.289],[-8.14962,40.28936],[-8.1548,40.28818],[-8.15978,40.28616],[-8.16133,40.28387],[-8.16059,40.28029],[-8.16321,40.27436],[-8.16299,40.27204],[-8.16413,40.26916],[-8.16854,40.26463],[-8.17676,40.26046],[-8.17993,40.25965],[-8.19307,40.25852],[-8.19867,40.26021],[-8.20683,40.25709],[-8.20683,40.25447],[-8.20242,40.25387],[-8.19894,40.2525],[-8.19493,40.24871],[-8.19406,40.24557],[-8.18857,40.2447],[-8.18514,40.24304],[-8.18294,40.24086],[-8.18206,40.23678],[-8.18322,40.23411],[-8.18705,40.23106],[-8.18672,40.22957],[-8.1819,40.22484],[-8.17953,40.22325],[-8.17789,40.22053],[-8.17773,40.21573],[-8.17642,40.21154],[-8.17213,40.20555],[-8.16997,40.20914],[-8.16743,40.2111],[-8.16236,40.21238],[-8.14262,40.21006],[-8.13773,40.20825],[-8.13206,40.20307],[-8.1272,40.20198],[-8.12428,40.20044],[-8.1208,40.19501],[-8.11654,40.19672],[-8.10731,40.19771],[-8.10263,40.19882],[-8.09898,40.19864],[-8.09441,40.19644],[-8.09264,40.19401],[-8.09179,40.18975],[-8.08663,40.18823],[-8.08399,40.18653],[-8.08061,40.17996],[-8.07676,40.17776],[-8.07467,40.17282],[-8.07142,40.1711],[-8.06691,40.16988],[-8.06289,40.16728],[-8.05839,40.16983],[-8.0547,40.17086],[-8.05081,40.17064],[-8.04624,40.16849],[-8.04147,40.16941],[-8.03873,40.17131],[-8.03432,40.17289],[-8.03044,40.17303],[-8.02686,40.17211],[-8.01923,40.17369],[-8.01357,40.172],[-8.00427,40.17388],[-8.00008,40.17978],[-7.99502,40.1817],[-7.99127,40.18158],[-7.98791,40.18033],[-7.98521,40.17794],[-7.9841,40.17532],[-7.98353,40.17063],[-7.9863,40.16389],[-7.99067,40.15629],[-7.98975,40.1521],[-7.99166,40.14381],[-7.99545,40.13768],[-7.99358,40.13694],[-7.98798,40.13833],[-7.98435,40.13772],[-7.9772,40.13534],[-7.97336,40.13185],[-7.96857,40.12981],[-7.96616,40.12756],[-7.9644,40.12375],[-7.96426,40.12157],[-7.95722,40.11785],[-7.95215,40.11802],[-7.94886,40.11741],[-7.94482,40.1204],[-7.94188,40.12148],[-7.93647,40.12244],[-7.93062,40.12221],[-7.92627,40.12384],[-7.91676,40.1293],[-7.91451,40.13156],[-7.90983,40.13446],[-7.90443,40.13539],[-7.89664,40.13342],[-7.89163,40.13088],[-7.88986,40.12834],[-7.88729,40.12165],[-7.88596,40.11682],[-7.88076,40.1081],[-7.87537,40.10024],[-7.86791,40.09623],[-7.86121,40.09194],[-7.85671,40.08685],[-7.85356,40.08133],[-7.85348,40.07205],[-7.85419,40.06725],[-7.85724,40.06265],[-7.85816,40.05918],[-7.8554,40.05861],[-7.84912,40.05452],[-7.83752,40.05111],[-7.82831,40.05053],[-7.82337,40.04872],[-7.81562,40.04105],[-7.81459,40.03853],[-7.81482,40.03587],[-7.81743,40.03241],[-7.82184,40.02945],[-7.82351,40.02707],[-7.82613,40.02524],[-7.82657,40.02339],[-7.82513,40.02004],[-7.82342,40.01093],[-7.82222,40.00875],[-7.82189,40.00241],[-7.8241,39.99796],[-7.82822,39.99415],[-7.8278,39.98958],[-7.82898,39.98705],[-7.83274,39.98424],[-7.83868,39.98255],[-7.85257,39.98078],[-7.86114,39.9817],[-7.86626,39.98423],[-7.87646,39.98704],[-7.88065,39.98896],[-7.88552,39.9927],[-7.88824,39.99904],[-7.88861,40.00407],[-7.89016,40.00889],[-7.88708,40.01773],[-7.88329,40.02174],[-7.87833,40.02456],[-7.87818,40.02694],[-7.8801,40.02738],[-7.88555,40.02526],[-7.89168,40.02093],[-7.89229,40.01789],[-7.89417,40.01534],[-7.89856,40.01256],[-7.90366,40.00805],[-7.90699,40.00675],[-7.91068,40.00653],[-7.91466,40.00739],[-7.91665,40.00372],[-7.9188,40.0015],[-7.92185,40.00004],[-7.92536,39.99955],[-7.92883,40.0001],[-7.9346,40.00195],[-7.94067,40.00044],[-7.94403,40.00062],[-7.95286,40.00237],[-7.95344,39.99637],[-7.94968,39.99412],[-7.9473,39.99118],[-7.94241,39.98871],[-7.93995,39.98662],[-7.93834,39.98401],[-7.93829,39.98077],[-7.93604,39.97784],[-7.93267,39.97505],[-7.9316,39.97235],[-7.9311,39.96821],[-7.92608,39.96493],[-7.92449,39.96268],[-7.92404,39.96013],[-7.92516,39.95624],[-7.92931,39.951],[-7.93329,39.94855],[-7.93979,39.94801],[-7.9437,39.94929],[-7.94533,39.94901],[-7.94963,39.94565],[-7.95406,39.94424],[-7.96134,39.94399],[-7.96611,39.94538],[-7.96895,39.94259],[-7.9758,39.938],[-7.98047,39.93579],[-7.98673,39.93441],[-7.98892,39.93205],[-7.98825,39.92847],[-7.99021,39.92192],[-7.98667,39.91984],[-7.98361,39.9191],[-7.97234,39.91899],[-7.96333,39.91832],[-7.95886,39.91634],[-7.957,39.91409],[-7.95603,39.91094],[-7.95253,39.90598],[-7.95071,39.90021],[-7.95157,39.8974],[-7.95401,39.89368],[-7.96051,39.88918],[-7.96793,39.88746],[-7.96833,39.88527],[-7.96247,39.88255],[-7.95781,39.87743],[-7.95346,39.87382],[-7.95006,39.8717],[-7.94757,39.86752],[-7.94434,39.86539],[-7.94168,39.86496],[-7.93691,39.86178],[-7.93117,39.86153],[-7.92789,39.8607],[-7.92281,39.85758],[-7.91836,39.85627],[-7.91507,39.85454],[-7.91125,39.85607],[-7.90728,39.8566],[-7.90081,39.85891],[-7.89643,39.86419],[-7.89541,39.86894],[-7.89413,39.87141],[-7.88947,39.87457],[-7.88611,39.87532],[-7.88103,39.87456],[-7.87424,39.87082],[-7.87004,39.86909],[-7.86529,39.86905],[-7.86184,39.86797],[-7.85842,39.86463],[-7.85784,39.86177],[-7.85868,39.85692],[-7.85481,39.85167],[-7.85258,39.84659],[-7.85275,39.83923],[-7.85415,39.83556],[-7.85799,39.83173],[-7.8633,39.82823],[-7.86593,39.82731],[-7.87372,39.82243],[-7.87514,39.82102],[-7.87971,39.8191],[-7.88644,39.81844],[-7.89383,39.81841],[-7.89723,39.81943],[-7.90092,39.82198],[-7.90514,39.81806],[-7.90804,39.81652],[-7.91145,39.81591],[-7.91573,39.81652],[-7.9218,39.81545],[-7.9243,39.81595],[-7.93393,39.81264],[-7.93446,39.80788],[-7.93648,39.80562],[-7.93943,39.80408],[-7.94288,39.80348],[-7.94943,39.80381],[-7.94984,39.80003],[-7.95352,39.79579],[-7.95815,39.79348],[-7.96223,39.79219],[-7.96145,39.7872],[-7.96471,39.78265],[-7.97172,39.77859],[-7.97459,39.7754],[-7.98168,39.77088],[-7.98513,39.77007],[-7.98913,39.77019],[-7.99704,39.7681],[-8.00916,39.76875],[-8.01351,39.76546],[-8.01697,39.76407],[-8.02084,39.76388],[-8.02715,39.76585],[-8.03446,39.76756],[-8.03789,39.76977],[-8.04335,39.77118],[-8.04587,39.77295],[-8.04737,39.77532],[-8.04787,39.7786],[-8.05254,39.78001],[-8.0589,39.78013],[-8.06099,39.77911],[-8.06625,39.7785],[-8.06931,39.77739],[-8.07286,39.77712],[-8.07772,39.77866],[-8.08089,39.78261],[-8.08426,39.78517],[-8.08756,39.78651],[-8.0942,39.78729],[-8.09853,39.78682],[-8.10742,39.787],[-8.12104,39.79033],[-8.1317,39.78943],[-8.13586,39.79085],[-8.14148,39.78958],[-8.14699,39.78967],[-8.15009,39.79089],[-8.15236,39.79294],[-8.15354,39.79687],[-8.15127,39.80126],[-8.15282,39.80828],[-8.15549,39.8116],[-8.15644,39.81756],[-8.15916,39.81947],[-8.16081,39.8221],[-8.16114,39.82629],[-8.16256,39.82775],[-8.16778,39.82945],[-8.17476,39.83319],[-8.17843,39.83395],[-8.1868,39.83344],[-8.1945,39.83456],[-8.1976,39.8356],[-8.20236,39.83965],[-8.20561,39.8407],[-8.21327,39.84194],[-8.22124,39.8468],[-8.22385,39.85095],[-8.2278,39.85462],[-8.23334,39.84819],[-8.23685,39.84655],[-8.23992,39.84609],[-8.24937,39.84596],[-8.25471,39.84295],[-8.26041,39.84198],[-8.26493,39.84291],[-8.26898,39.84265],[-8.27381,39.8431],[-8.2794,39.84188],[-8.28297,39.84259],[-8.28782,39.84561],[-8.28971,39.8478],[-8.29159,39.85262],[-8.29158,39.85615],[-8.29344,39.86269],[-8.29333,39.8658],[-8.29624,39.86824],[-8.30252,39.86837],[-8.31098,39.86666],[-8.31625,39.86509],[-8.31817,39.86203],[-8.32344,39.85553],[-8.32775,39.85185],[-8.33122,39.84813],[-8.33297,39.84339],[-8.33572,39.84141],[-8.33922,39.84039],[-8.34399,39.8405],[-8.34884,39.84264],[-8.35403,39.84015],[-8.35859,39.83325],[-8.3644,39.82634],[-8.37126,39.81667],[-8.37908,39.81217],[-8.37855,39.80814],[-8.38203,39.80287],[-8.38313,39.79812],[-8.38527,39.79399],[-8.38984,39.79029],[-8.39763,39.78781],[-8.40335,39.78791],[-8.40637,39.78887],[-8.4112,39.79339],[-8.41207,39.79593],[-8.4128,39.80334],[-8.42763,39.81791],[-8.4345,39.8161],[-8.44103,39.81556],[-8.44302,39.81388],[-8.45804,39.80699],[-8.46343,39.8072],[-8.4665,39.80865],[-8.4686,39.8109],[-8.47044,39.81717],[-8.47342,39.82017],[-8.47451,39.82285],[-8.47458,39.83465],[-8.47794,39.83868],[-8.48021,39.83607],[-8.48881,39.83068],[-8.4937,39.82983],[-8.49597,39.82848],[-8.49868,39.82548],[-8.50289,39.82282],[-8.50797,39.82181],[-8.51137,39.82241],[-8.51422,39.82393],[-8.51759,39.82801],[-8.52214,39.82903],[-8.52584,39.83251],[-8.5324,39.84597],[-8.54116,39.85556],[-8.54577,39.85826],[-8.54792,39.86015],[-8.55108,39.86664],[-8.55142,39.87131],[-8.55083,39.87421],[-8.55431,39.88143],[-8.55404,39.88443],[-8.55181,39.88845],[-8.54744,39.89491],[-8.54555,39.90143],[-8.5425,39.90524],[-8.54006,39.92024],[-8.54075,39.93031],[-8.54815,39.93036],[-8.55297,39.93235],[-8.56058,39.93937],[-8.56548,39.95148],[-8.5738,39.95922],[-8.58007,39.96094],[-8.58562,39.96579],[-8.59428,39.96857],[-8.59658,39.97078],[-8.59743,39.97532],[-8.599,39.97753],[-8.60213,39.97945],[-8.60511,39.98029],[-8.6091,39.98294],[-8.61307,39.98432],[-8.61667,39.98741],[-8.61856,39.99125],[-8.6297,39.9908],[-8.63305,39.99142],[-8.64314,39.99034],[-8.642,39.98214],[-8.6428,39.97962],[-8.64525,39.9766],[-8.65016,39.97214],[-8.65753,39.96849],[-8.66117,39.96769],[-8.66832,39.96485],[-8.67294,39.96197],[-8.67334,39.95705],[-8.67196,39.95237],[-8.67267,39.94824],[-8.67483,39.94553],[-8.68303,39.93868],[-8.68598,39.93734],[-8.68933,39.93688],[-8.69596,39.93703],[-8.70462,39.93874],[-8.70679,39.93952],[-8.71043,39.9383],[-8.71022,39.93246],[-8.70851,39.92964],[-8.70844,39.92702],[-8.70959,39.92453],[-8.71811,39.91526],[-8.71901,39.91245],[-8.72097,39.90989],[-8.72316,39.90333],[-8.72188,39.90224],[-8.71268,39.89819],[-8.70921,39.89579],[-8.706,39.89207],[-8.70066,39.89089],[-8.69775,39.88922],[-8.69552,39.88542],[-8.69644,39.88126],[-8.69891,39.87854],[-8.71101,39.86756],[-8.71521,39.85795],[-8.71767,39.85561],[-8.72112,39.85422],[-8.72451,39.85389],[-8.72727,39.84898],[-8.72677,39.84354],[-8.72929,39.83932],[-8.72747,39.83331],[-8.7282,39.83024],[-8.72965,39.82834],[-8.73143,39.82395],[-8.73404,39.82201],[-8.73737,39.82095],[-8.74095,39.82094],[-8.74786,39.82299],[-8.75623,39.82244],[-8.75817,39.8227],[-8.76545,39.82523],[-8.76858,39.82709],[-8.77163,39.83123],[-8.7723,39.83571],[-8.77047,39.83932],[-8.77048,39.84222],[-8.7672,39.84766],[-8.76794,39.85033],[-8.76676,39.86185],[-8.76321,39.86662],[-8.75885,39.87049],[-8.75514,39.87496],[-8.77728,39.87145],[-8.7801,39.87159],[-8.78648,39.87008],[-8.799,39.86922],[-8.80478,39.86682],[-8.80863,39.86704],[-8.81138,39.868],[-8.82198,39.86709],[-8.83004,39.86273],[-8.83313,39.86202],[-8.83704,39.86219],[-8.84469,39.86407],[-8.84871,39.85505],[-8.85224,39.85231],[-8.85288,39.84931],[-8.85836,39.84236],[-8.8598,39.83955],[-8.86016,39.83661],[-8.85928,39.82638],[-8.86043,39.82365],[-8.86285,39.82146],[-8.86616,39.82014],[-8.87138,39.8198],[-8.8769,39.82011],[-8.88019,39.81739],[-8.88425,39.81546],[-8.89514,39.81427],[-8.90217,39.81134],[-8.90632,39.80444],[-8.91168,39.80121],[-8.90679,39.79429],[-8.9062,39.78835],[-8.90439,39.78513],[-8.90193,39.78321],[-8.89774,39.78174],[-8.89448,39.78246],[-8.88658,39.78216],[-8.88066,39.77952],[-8.87251,39.77665],[-8.87008,39.77471],[-8.86877,39.77219],[-8.86874,39.7691],[-8.87213,39.76384],[-8.87269,39.76106],[-8.87675,39.75269],[-8.87581,39.74729],[-8.87624,39.74458],[-8.87792,39.74216],[-8.88529,39.73715],[-8.89126,39.72968],[-8.89361,39.72743],[-8.89662,39.72596],[-8.90009,39.72544],[-8.90353,39.72596],[-8.90734,39.72769],[-8.91208,39.72447],[-8.91463,39.72156],[-8.91708,39.72028],[-8.9204,39.7159],[-8.92366,39.71393],[-8.92145,39.7045],[-8.92342,39.69973],[-8.92814,39.69586],[-8.93352,39.69444],[-8.93583,39.6922],[-8.93832,39.68789],[-8.94047,39.68646],[-8.94012,39.68396],[-8.94121,39.68117],[-8.94153,39.67729],[-8.93703,39.67186],[-8.93373,39.67104],[-8.92606,39.66735],[-8.91926,39.66501],[-8.91686,39.66294],[-8.91562,39.65888],[-8.9175,39.65346],[-8.91952,39.65123],[-8.92411,39.64929],[-8.92822,39.64916],[-8.93148,39.65002],[-8.93601,39.64927],[-8.94208,39.64942],[-8.94518,39.65041],[-8.94772,39.65233],[-8.95574,39.65231],[-8.96431,39.65114],[-8.96709,39.64699],[-8.97082,39.64471],[-8.97428,39.63884],[-8.98308,39.62926],[-8.98322,39.6208],[-8.98454,39.61822],[-8.98855,39.61548],[-8.99378,39.61484],[-8.99809,39.61505],[-8.99758,39.60802],[-8.99443,39.60299],[-8.99388,39.6002],[-8.99428,39.59671],[-8.99184,39.59448],[-8.98981,39.58851],[-8.99077,39.5845],[-8.99337,39.58169],[-8.99437,39.57867],[-8.99804,39.57485],[-9.00109,39.57328],[-9.00465,39.57272],[-9.00819,39.57325],[-9.01249,39.57489],[-9.02107,39.57725],[-9.02458,39.57786],[-9.03142,39.57799],[-9.03732,39.57719],[-9.04566,39.5751],[-9.05033,39.57472],[-9.05639,39.573],[-9.06621,39.57256],[-9.06359,39.56913],[-9.06238,39.56633],[-9.06164,39.56189],[-9.06236,39.55752],[-9.06586,39.55263],[-9.06549,39.54806],[-9.06685,39.54038],[-9.06405,39.53563],[-9.06331,39.53302],[-9.06378,39.52995],[-9.0624,39.52633],[-9.06233,39.5205],[-9.06429,39.51658],[-9.0693,39.51293],[-9.07399,39.51182],[-9.07745,39.51219],[-9.08456,39.5152],[-9.0876,39.51584],[-9.0909,39.51769],[-9.09573,39.51888],[-9.10269,39.51283],[-9.105,39.50976],[-9.10803,39.50775],[-9.11681,39.50557],[-9.12174,39.50367],[-9.1252,39.50101],[-9.12768,39.49756],[-9.13211,39.49514],[-9.14136,39.49401],[-9.13834,39.48645],[-9.12563,39.47917],[-9.12341,39.47566],[-9.12166,39.46797],[-9.11986,39.45809],[-9.12223,39.45256],[-9.12215,39.45069],[-9.12007,39.44654],[-9.12182,39.44005],[-9.12224,39.4353],[-9.12582,39.42722],[-9.12804,39.42483],[-9.13127,39.42331],[-9.13683,39.42311],[-9.14196,39.42404],[-9.14405,39.42298],[-9.13923,39.40185],[-9.14203,39.39669],[-9.14508,39.39509],[-9.15168,39.3946],[-9.16231,39.39638],[-9.16662,39.39836],[-9.17087,39.39915],[-9.17742,39.40129],[-9.18359,39.40139],[-9.19173,39.40478],[-9.1969,39.40363],[-9.20005,39.40224],[-9.20689,39.40123],[-9.20581,39.39602],[-9.20281,39.39353],[-9.20147,39.39081],[-9.20165,39.38787],[-9.20441,39.38257],[-9.20371,39.37671],[-9.20176,39.37239],[-9.1986,39.36729],[-9.19682,39.36295],[-9.19586,39.35694],[-9.19603,39.35349],[-9.19382,39.34946],[-9.19034,39.34764],[-9.18861,39.34551],[-9.18683,39.33874],[-9.18741,39.3361],[-9.18918,39.33377],[-9.19189,39.33209],[-9.1994,39.3301],[-9.20216,39.32804],[-9.20362,39.32511],[-9.20685,39.3218],[-9.2062,39.31808],[-9.20323,39.31589],[-9.20169,39.31331],[-9.2007,39.30688],[-9.20113,39.30309],[-9.20271,39.30062],[-9.2002,39.29679],[-9.19999,39.29329],[-9.1988,39.29051],[-9.19771,39.28535],[-9.19594,39.28068],[-9.18988,39.27353],[-9.18919,39.27063],[-9.19006,39.26773],[-9.19471,39.26256],[-9.19698,39.25885],[-9.19663,39.25362],[-9.1978,39.25083],[-9.20224,39.2477],[-9.20057,39.24423],[-9.1988,39.23786],[-9.19871,39.23484],[-9.19398,39.23034],[-9.19042,39.22846],[-9.18837,39.22626],[-9.18755,39.22359],[-9.18855,39.21849],[-9.19181,39.21504],[-9.19512,39.21379],[-9.19876,39.21363],[-9.20363,39.21483],[-9.20897,39.21551],[-9.22141,39.21492],[-9.22935,39.21616],[-9.24025,39.21589],[-9.23925,39.20967],[-9.2395,39.20372],[-9.24156,39.19999],[-9.24422,39.19822],[-9.25309,39.19612],[-9.26422,39.19552],[-9.26723,39.19424],[-9.27224,39.19311],[-9.2765,39.19327],[-9.2791,39.19263],[-9.28731,39.18451],[-9.29057,39.18294],[-9.29881,39.18272],[-9.30522,39.17838],[-9.31124,39.1761],[-9.31472,39.17583],[-9.31804,39.17658],[-9.32173,39.17935],[-9.32282,39.18191],[-9.32264,39.18558],[-9.32404,39.18971],[-9.32734,39.19137],[-9.33169,39.19531],[-9.33479,39.19533],[-9.34127,39.1932],[-9.35147,39.19169],[-9.35611,39.18355],[-9.35829,39.18177],[-9.35778,39.17871],[-9.35835,39.17398],[-9.35978,39.1708],[-9.36718,39.16042],[-9.36909,39.15527],[-9.37624,39.14388],[-9.3815,39.13748],[-9.38622,39.13256],[-9.38825,39.12776],[-9.39347,39.1219],[-9.39413,39.12027],[-9.39313,39.11554],[-9.3946,39.11201],[-9.40326,39.10174],[-9.4071,39.09627],[-9.41004,39.09397],[-9.41464,39.0883],[-9.41579,39.08472],[-9.41759,39.08282],[-9.41877,39.07899],[-9.42184,39.07467],[-9.42111,39.07117],[-9.41958,39.06952],[-9.41645,39.06381],[-9.41601,39.05501],[-9.41782,39.05067],[-9.41632,39.04395],[-9.4173,39.04021],[-9.41956,39.03556],[-9.41972,39.03269],[-9.42106,39.02903],[-9.42398,39.02391],[-9.4249,39.01918],[-9.42333,39.01648],[-9.42341,39.0125],[-9.4268,39.00807],[-9.42765,39.00197],[-9.42617,39.00018],[-9.42476,38.99377],[-9.42262,38.99056],[-9.41999,38.98841],[-9.41271,38.98954],[-9.40572,38.98871],[-9.40379,38.98902],[-9.39805,38.98835],[-9.39287,38.98603],[-9.38847,38.98224],[-9.38274,38.97636],[-9.37869,38.97296],[-9.37449,38.97132],[-9.37078,38.97362],[-9.36738,38.97466],[-9.36377,38.97461],[-9.36115,38.97738],[-9.35569,38.98043],[-9.35685,38.98248],[-9.35696,38.98527],[-9.35571,38.98792],[-9.35329,38.99002],[-9.34647,38.99298],[-9.34282,38.99355],[-9.33922,38.99295],[-9.33329,38.98947],[-9.32868,38.98867],[-9.32595,38.98695],[-9.32121,38.98016],[-9.32057,38.97828],[-9.31669,38.97287],[-9.31037,38.96932],[-9.30883,38.96686],[-9.30624,38.96548],[-9.29989,38.96448],[-9.29326,38.96908],[-9.28959,38.96973],[-9.28593,38.96917],[-9.28117,38.96746],[-9.27636,38.96466],[-9.2739,38.96228],[-9.2728,38.95781],[-9.26932,38.95211],[-9.26722,38.95021],[-9.26599,38.94768],[-9.26591,38.94422],[-9.26409,38.94426],[-9.25977,38.94734],[-9.25988,38.95043],[-9.2588,38.95302],[-9.2566,38.95514],[-9.25358,38.95649],[-9.24891,38.95705],[-9.24406,38.95576],[-9.2417,38.95382],[-9.24045,38.95131],[-9.2405,38.94851],[-9.23785,38.94796],[-9.22989,38.9487],[-9.22639,38.95038],[-9.21879,38.95154],[-9.21518,38.95129],[-9.21025,38.95228],[-9.20635,38.95538],[-9.20054,38.95705],[-9.19348,38.95616],[-9.19061,38.95456],[-9.18796,38.95153],[-9.18544,38.95241],[-9.17989,38.95216],[-9.17765,38.95454],[-9.17275,38.95638],[-9.16914,38.95625],[-9.16488,38.95482],[-9.16251,38.95263],[-9.16148,38.94839],[-9.16223,38.94185],[-9.16334,38.93781],[-9.16502,38.93567],[-9.16213,38.93022],[-9.16224,38.92736],[-9.16375,38.92473],[-9.16843,38.92198],[-9.17261,38.91829],[-9.17609,38.91738],[-9.17933,38.91742],[-9.17979,38.9144],[-9.18132,38.91086],[-9.18347,38.90869],[-9.18906,38.9068],[-9.19011,38.90304],[-9.1879,38.89687],[-9.18898,38.89032],[-9.18706,38.88282],[-9.18588,38.88085],[-9.18471,38.87419],[-9.18527,38.87126],[-9.1819,38.86447],[-9.18145,38.85945],[-9.18181,38.85506],[-9.18039,38.85347],[-9.17535,38.85114],[-9.17344,38.84823],[-9.16751,38.84231],[-9.16449,38.84064],[-9.15848,38.84185],[-9.15497,38.84102],[-9.15182,38.83911],[-9.14476,38.83257],[-9.1428,38.83298],[-9.1358,38.8361],[-9.12927,38.83644],[-9.12505,38.8372],[-9.11909,38.83605],[-9.11426,38.84642],[-9.11459,38.85161],[-9.11098,38.8603],[-9.10853,38.86228],[-9.09903,38.86501],[-9.09956,38.86901],[-9.10158,38.87381],[-9.10484,38.8782],[-9.10885,38.88226],[-9.1104,38.8858],[-9.10967,38.89005],[-9.10601,38.89329],[-9.10155,38.89476],[-9.09123,38.89582],[-9.08612,38.89539],[-9.08003,38.89638],[-9.0741,38.89827],[-9.07281,38.90269],[-9.07054,38.90535],[-9.07206,38.9114],[-9.07158,38.9142],[-9.06977,38.91668],[-9.06435,38.91916],[-9.06273,38.9232],[-9.05826,38.92716],[-9.05496,38.92832],[-9.05126,38.92843],[-9.04844,38.93132],[-9.04317,38.93289],[-9.03946,38.93245],[-9.03557,38.9303],[-9.02208,38.92451],[-9.01989,38.92148],[-9.01627,38.91785],[-9.01486,38.91285],[-9.00998,38.91119],[-9.00778,38.90882],[-9.007,38.90592],[-9.00701,38.89927],[-9.01044,38.88747],[-9.01088,38.8811],[-9.01315,38.87737],[-9.01595,38.87567],[-9.02109,38.87491],[-9.02649,38.87684],[-9.03038,38.87479],[-9.0353,38.86713],[-9.04052,38.86348],[-9.04973,38.86031],[-9.05727,38.85644],[-9.06137,38.85278],[-9.06546,38.84575],[-9.0685,38.83893],[-9.0725,38.83284],[-9.07821,38.82637],[-9.08221,38.81932],[-9.08449,38.81056],[-9.08482,38.79825],[-9.07335,38.81168],[-9.06837,38.81633],[-9.06384,38.81902],[-9.05811,38.8237],[-9.04772,38.83128],[-9.04278,38.83787],[-9.04034,38.84261],[-9.0359,38.84485],[-9.03069,38.84487],[-9.02762,38.84361],[-9.0254,38.84153],[-9.02325,38.83662],[-9.0201,38.82537],[-9.01605,38.82369],[-9.01303,38.82039],[-9.00911,38.81134],[-9.00375,38.80961],[-9.00154,38.80767],[-9.00038,38.80522],[-8.99872,38.79834],[-8.99401,38.80263],[-8.98732,38.80803],[-8.98475,38.80902],[-8.98159,38.81163],[-8.9728,38.82069],[-8.96978,38.82216],[-8.96456,38.82249],[-8.96003,38.82053],[-8.95365,38.8154],[-8.94774,38.80866],[-8.94185,38.80047],[-8.93868,38.79418],[-8.93549,38.78506],[-8.93383,38.77561],[-8.9321,38.76937],[-8.9333,38.76544],[-8.93553,38.76335],[-8.93856,38.76202],[-8.9471,38.76184],[-8.95277,38.76012],[-8.96407,38.75571],[-8.96731,38.75235],[-8.97231,38.74906],[-8.97958,38.74615],[-8.99535,38.74198],[-9.00706,38.73705],[-9.01176,38.73209],[-9.01291,38.72942],[-9.01514,38.72718],[-9.01826,38.72576],[-9.02391,38.72566],[-9.03133,38.72382],[-9.03641,38.72159],[-9.04339,38.71728],[-9.04623,38.71317],[-9.04756,38.70831],[-9.04834,38.70327],[-9.04854,38.69632],[-9.04973,38.69165],[-9.04892,38.69046],[-9.04325,38.69181],[-9.04016,38.69679],[-9.0373,38.69881],[-9.03239,38.70056],[-9.01628,38.70134],[-9.01027,38.70125],[-9.00406,38.69921],[-9.00042,38.70042],[-8.99513,38.70027],[-8.9895,38.70177],[-8.98607,38.7016],[-8.983,38.70044],[-8.97996,38.69724],[-8.97942,38.69458],[-8.97997,38.6919],[-8.97631,38.68619],[-8.97579,38.68118],[-8.97636,38.67721],[-8.97569,38.67088],[-8.97424,38.66653],[-8.97225,38.66296],[-8.97258,38.65578],[-8.96936,38.65396],[-8.96626,38.6555],[-8.96207,38.65633],[-8.95834,38.65587],[-8.95519,38.65426],[-8.95184,38.64888],[-8.94845,38.64458],[-8.94688,38.63816],[-8.94701,38.63665],[-8.94948,38.63077],[-8.95173,38.62856],[-8.9566,38.62686],[-8.96013,38.62704],[-8.96327,38.62826],[-8.96752,38.63168],[-8.9794,38.63598],[-8.98177,38.63483],[-8.98204,38.63174],[-8.98403,38.62567],[-8.98045,38.61527],[-8.98159,38.61115],[-8.9839,38.60896],[-8.98708,38.60761],[-8.99493,38.60617],[-8.99808,38.6049],[-9.00482,38.60385],[-9.01233,38.60118],[-9.01219,38.59584],[-9.01283,38.59333],[-9.01756,38.58842],[-9.01977,38.58438],[-9.02484,38.58062],[-9.03006,38.57981],[-9.03413,38.58064],[-9.03725,38.5796],[-9.03566,38.57708],[-9.0346,38.57213],[-9.03291,38.56887],[-9.03198,38.56374],[-9.0349,38.55399],[-9.0407,38.54739],[-9.0434,38.54251],[-9.04711,38.53927],[-9.05599,38.5344],[-9.05985,38.5336],[-9.06589,38.53341],[-9.07077,38.53409],[-9.07387,38.53381],[-9.07954,38.53552],[-9.09194,38.53486],[-9.09512,38.53586],[-9.09758,38.53773],[-9.09895,38.54021],[-9.09878,38.54427],[-9.10081,38.55155],[-9.10642,38.55522],[-9.11436,38.56411],[-9.11754,38.56507],[-9.12019,38.56727],[-9.12371,38.57502],[-9.13342,38.57478],[-9.14561,38.57574],[-9.15484,38.5743],[-9.16286,38.57221],[-9.18229,38.56394],[-9.18405,38.56056],[-9.18652,38.55855],[-9.18563,38.5555],[-9.18605,38.5528],[-9.1877,38.55038],[-9.18355,38.53169],[-9.18256,38.52431],[-9.18262,38.519],[-9.18337,38.50472],[-9.18366,38.49531],[-9.18441,38.48845],[-9.18884,38.47382],[-9.19177,38.46824],[-9.19542,38.46028],[-9.19882,38.45682],[-9.20035,38.45372],[-9.20322,38.45059],[-9.20559,38.44903],[-9.20831,38.44291],[-9.21073,38.44023],[-9.21134,38.43564],[-9.215,38.43024],[-9.2175,38.42799],[-9.21787,38.42348],[-9.21893,38.41941],[-9.22281,38.41384],[-9.22024,38.41269],[-9.21292,38.41253],[-9.20056,38.40939],[-9.19599,38.40959],[-9.18929,38.41337],[-9.1879,38.41662],[-9.1853,38.41901],[-9.18137,38.42063],[-9.1752,38.42545],[-9.17149,38.42677],[-9.16916,38.42859],[-9.1631,38.43042],[-9.15904,38.43082],[-9.14986,38.42992],[-9.14224,38.43016],[-9.1378,38.42891],[-9.13345,38.42938],[-9.12925,38.43173],[-9.12193,38.43305],[-9.11901,38.43309],[-9.11389,38.43448],[-9.11082,38.43648],[-9.10974,38.44365],[-9.1088,38.44621],[-9.10676,38.44836],[-9.10289,38.45022],[-9.09854,38.45079],[-9.09498,38.45042],[-9.09192,38.44897],[-9.08693,38.44358],[-9.08498,38.43916],[-9.08494,38.43751],[-9.0827,38.43654],[-9.07453,38.43614],[-9.07104,38.43522],[-9.06396,38.43517],[-9.06266,38.43721],[-9.05984,38.43928],[-9.05344,38.44026],[-9.04659,38.44335],[-9.03996,38.44701],[-9.03667,38.44785],[-9.03292,38.44772],[-9.029,38.44605],[-9.02198,38.45111],[-9.01512,38.45479],[-9.0117,38.45566],[-9.00731,38.45585],[-9.00033,38.459],[-8.99063,38.46515],[-8.98444,38.47256],[-8.98251,38.47416],[-8.98076,38.47726],[-8.9779,38.47921],[-8.97433,38.48012],[-8.96959,38.48047],[-8.96755,38.48259],[-8.9641,38.48414],[-8.96087,38.48472],[-8.95371,38.48486],[-8.94308,38.48411],[-8.93988,38.48608],[-8.93422,38.48832],[-8.93234,38.49288],[-8.93068,38.49497],[-8.92769,38.50266],[-8.92434,38.50737],[-8.92175,38.50932],[-8.917,38.51078],[-8.91344,38.51078],[-8.90654,38.51647],[-8.89892,38.51929],[-8.89244,38.52042],[-8.88597,38.52076],[-8.87526,38.51808],[-8.86121,38.51314],[-8.85108,38.50855],[-8.84334,38.503],[-8.8407,38.49993],[-8.83617,38.49636],[-8.83101,38.49307],[-8.82298,38.49195],[-8.80972,38.48848],[-8.79704,38.4875],[-8.78773,38.48811],[-8.78473,38.4877],[-8.77845,38.49127],[-8.77445,38.49173],[-8.77081,38.49307],[-8.76593,38.49684],[-8.76222,38.49777],[-8.75732,38.49712],[-8.75584,38.49804],[-8.76602,38.50448],[-8.77444,38.50711],[-8.77941,38.50751],[-8.78265,38.50886],[-8.78524,38.51146],[-8.78615,38.51425],[-8.78482,38.51894],[-8.78694,38.52006],[-8.7914,38.52091],[-8.79449,38.52263],[-8.79734,38.52553],[-8.79864,38.52952],[-8.79782,38.53224],[-8.79408,38.53566],[-8.79086,38.53672],[-8.78741,38.53678],[-8.78421,38.53583],[-8.77991,38.53284],[-8.77498,38.53324],[-8.76821,38.53545],[-8.76599,38.53562],[-8.75969,38.53952],[-8.75645,38.54252],[-8.75347,38.54395],[-8.74834,38.54427],[-8.7452,38.54322],[-8.7428,38.54131],[-8.74148,38.53882],[-8.74125,38.53404],[-8.73919,38.52423],[-8.73538,38.51826],[-8.73499,38.51572],[-8.72885,38.51628],[-8.72105,38.51479],[-8.71781,38.51334],[-8.71315,38.51541],[-8.70377,38.51841],[-8.70213,38.52129],[-8.69841,38.52403],[-8.69671,38.52638],[-8.6891,38.53174],[-8.68699,38.53466],[-8.68377,38.53719],[-8.6816,38.54072],[-8.67924,38.54259],[-8.67368,38.54458],[-8.66614,38.54627],[-8.66299,38.54635],[-8.65661,38.54765],[-8.64953,38.54858],[-8.64563,38.54814],[-8.63921,38.54949],[-8.64092,38.56102],[-8.64094,38.56731],[-8.64811,38.57739],[-8.65105,38.58928],[-8.65165,38.59358],[-8.65365,38.59768],[-8.65659,38.60106],[-8.65713,38.60492],[-8.65454,38.60947],[-8.65124,38.61192],[-8.64799,38.61305],[-8.637,38.62022],[-8.63185,38.6281],[-8.62866,38.6303],[-8.62163,38.63352],[-8.61691,38.63949],[-8.61164,38.64409],[-8.60815,38.6451],[-8.60179,38.64587],[-8.59063,38.65408],[-8.58373,38.66262],[-8.5777,38.66738],[-8.57696,38.67106],[-8.5751,38.67352],[-8.56976,38.67676],[-8.56515,38.67759],[-8.55865,38.67768],[-8.55223,38.68224],[-8.54708,38.68427],[-8.54069,38.68576],[-8.5385,38.68872],[-8.53137,38.69182],[-8.52071,38.70768],[-8.5169,38.71001],[-8.5044,38.71423],[-8.5011,38.7157],[-8.50186,38.71927],[-8.50097,38.7221],[-8.50684,38.72794],[-8.50997,38.73055],[-8.51102,38.73343],[-8.5104,38.73721],[-8.5054,38.74576],[-8.49935,38.75038],[-8.49606,38.75143],[-8.49254,38.75144],[-8.48584,38.74941],[-8.47506,38.74875],[-8.46899,38.74908],[-8.46299,38.7483],[-8.45562,38.74483],[-8.44857,38.74359],[-8.44392,38.74153],[-8.44205,38.73912],[-8.44153,38.73631],[-8.44449,38.7301],[-8.44269,38.72614],[-8.43814,38.72529],[-8.43425,38.72367],[-8.42867,38.72327],[-8.42435,38.72106],[-8.42122,38.71852],[-8.41472,38.71775],[-8.40911,38.71444],[-8.40435,38.71226],[-8.3984,38.71829],[-8.39496,38.72014],[-8.39256,38.72353],[-8.38848,38.72748],[-8.38388,38.72926],[-8.37705,38.73078],[-8.37319,38.73073],[-8.36146,38.72754],[-8.35868,38.72747],[-8.35408,38.72965],[-8.35446,38.73271],[-8.35625,38.73837],[-8.35511,38.74388],[-8.35189,38.74725],[-8.34903,38.74839],[-8.34876,38.75201],[-8.34695,38.75461],[-8.34399,38.75645],[-8.34038,38.75723],[-8.3367,38.75683],[-8.32327,38.75287],[-8.31954,38.75216],[-8.314,38.75413],[-8.30949,38.75453],[-8.30506,38.75371],[-8.30043,38.75106],[-8.29722,38.74669],[-8.29449,38.73761],[-8.28761,38.7287],[-8.2811,38.72738],[-8.27272,38.72476],[-8.26901,38.72184],[-8.26801,38.71915],[-8.2684,38.71635],[-8.27058,38.71232],[-8.27665,38.70703],[-8.2795,38.70562],[-8.28278,38.7051],[-8.28679,38.70574],[-8.28849,38.70187],[-8.28725,38.6979],[-8.285,38.69361],[-8.28548,38.69087],[-8.29328,38.68289],[-8.29933,38.68061],[-8.30354,38.68055],[-8.30752,38.67884],[-8.31111,38.67857],[-8.32443,38.68063],[-8.32707,38.68177],[-8.33145,38.68195],[-8.33837,38.68402],[-8.34157,38.68398],[-8.34475,38.68263],[-8.3481,38.68235],[-8.35131,38.68304],[-8.3551,38.6853],[-8.35679,38.68731],[-8.362,38.68996],[-8.36462,38.69313],[-8.37032,38.69674],[-8.37296,38.69784],[-8.37808,38.70225],[-8.38511,38.70532],[-8.38663,38.70424],[-8.38422,38.70203],[-8.38157,38.69755],[-8.381,38.69492],[-8.38209,38.69005],[-8.37892,38.68392],[-8.37948,38.68004],[-8.38163,38.67711],[-8.38319,38.67242],[-8.38024,38.66494],[-8.38038,38.66109],[-8.3818,38.65853],[-8.38433,38.65655],[-8.38935,38.65529],[-8.39151,38.65545],[-8.39629,38.64946],[-8.39823,38.64577],[-8.39902,38.6387],[-8.40076,38.63607],[-8.40366,38.63418],[-8.41036,38.63269],[-8.40277,38.62952],[-8.39886,38.62664],[-8.39368,38.61825],[-8.39352,38.61192],[-8.39139,38.60793],[-8.3892,38.60527],[-8.38625,38.59924],[-8.38402,38.59273],[-8.38388,38.59016],[-8.38075,38.58195],[-8.37896,38.57939],[-8.37452,38.56837],[-8.37392,38.56506],[-8.37503,38.56026],[-8.37399,38.55794],[-8.36871,38.55294],[-8.36608,38.55469],[-8.35548,38.55688],[-8.35255,38.55684],[-8.34656,38.55978],[-8.34379,38.56034],[-8.34149,38.56296],[-8.34077,38.56535],[-8.34348,38.57094],[-8.34361,38.57352],[-8.34167,38.58183],[-8.33858,38.5872],[-8.33636,38.58964],[-8.33314,38.59134],[-8.31935,38.59381],[-8.31403,38.59258],[-8.31133,38.59555],[-8.30384,38.6003],[-8.30034,38.60123],[-8.29516,38.60173],[-8.29276,38.60293],[-8.29019,38.60621],[-8.28596,38.61031],[-8.28318,38.61218],[-8.27972,38.61307],[-8.27068,38.61275],[-8.26415,38.61179],[-8.25534,38.61156],[-8.25084,38.60963],[-8.24894,38.60736],[-8.24844,38.6033],[-8.24974,38.60072],[-8.25374,38.59777],[-8.25786,38.59643],[-8.26088,38.59331],[-8.26131,38.591],[-8.25312,38.58635],[-8.25041,38.58328],[-8.24439,38.58174],[-8.24209,38.57953],[-8.2411,38.57677],[-8.24157,38.57389],[-8.24342,38.57136],[-8.24888,38.56891],[-8.24607,38.56646],[-8.24474,38.56223],[-8.24555,38.55794],[-8.24475,38.55347],[-8.24734,38.54958],[-8.25103,38.54682],[-8.25297,38.54439],[-8.25759,38.54219],[-8.25729,38.53566],[-8.26092,38.52873],[-8.25998,38.52673],[-8.25481,38.53061],[-8.25167,38.53195],[-8.24585,38.53327],[-8.2424,38.53307],[-8.23933,38.53187],[-8.23635,38.5286],[-8.23631,38.52395],[-8.23386,38.5211],[-8.23219,38.51576],[-8.2322,38.51318],[-8.23504,38.50631],[-8.23145,38.50441],[-8.22929,38.50204],[-8.22854,38.49915],[-8.23017,38.49232],[-8.22884,38.48615],[-8.22699,38.47344],[-8.22243,38.47526],[-8.21449,38.47646],[-8.20856,38.47475],[-8.185,38.47797],[-8.18148,38.47736],[-8.1775,38.47456],[-8.17632,38.47188],[-8.17656,38.46901],[-8.17826,38.46578],[-8.17607,38.4636],[-8.16525,38.46624],[-8.16239,38.4664],[-8.15422,38.46818],[-8.15013,38.47125],[-8.14275,38.47547],[-8.13917,38.47619],[-8.13556,38.47575],[-8.13196,38.47379],[-8.12953,38.47414],[-8.12439,38.47302],[-8.12102,38.46979],[-8.1186,38.46207],[-8.11857,38.45937],[-8.11465,38.45543],[-8.11341,38.45283],[-8.11154,38.44092],[-8.10507,38.44098],[-8.10194,38.4401],[-8.09945,38.43838],[-8.09793,38.43604],[-8.09709,38.43071],[-8.09719,38.42673],[-8.09846,38.42412],[-8.10238,38.42134],[-8.10597,38.42044],[-8.10307,38.41454],[-8.0982,38.40918],[-8.09612,38.40092],[-8.09323,38.39489],[-8.07495,38.3955],[-8.06566,38.39453],[-8.06135,38.39212],[-8.05894,38.388],[-8.0591,38.3842],[-8.06041,38.3818],[-8.06105,38.37766],[-8.06322,38.3744],[-8.06488,38.37041],[-8.06477,38.36714],[-8.05694,38.36766],[-8.05209,38.37178],[-8.04845,38.37681],[-8.04338,38.38073],[-8.03818,38.38239],[-8.03432,38.38449],[-8.03005,38.38603],[-8.02539,38.38678],[-8.02374,38.38832],[-8.01945,38.38997],[-8.01578,38.39314],[-8.01105,38.39561],[-8.00882,38.39793],[-8.00179,38.40186],[-7.9977,38.40275],[-7.98927,38.40122],[-7.98506,38.40114],[-7.98028,38.40223],[-7.97094,38.40892],[-7.9676,38.41],[-7.96046,38.41045],[-7.95694,38.41131],[-7.95273,38.41116],[-7.94613,38.41217],[-7.94126,38.41204],[-7.93564,38.41044],[-7.93078,38.40663],[-7.92938,38.40396],[-7.92944,38.40104],[-7.93096,38.39597],[-7.93318,38.39163],[-7.9274,38.38837],[-7.92449,38.3847],[-7.92484,38.38031],[-7.92687,38.3778],[-7.93062,38.37492],[-7.93386,38.37377],[-7.93928,38.37345],[-7.9404,38.36793],[-7.9401,38.36473],[-7.94075,38.36143],[-7.94262,38.35882],[-7.94679,38.35657],[-7.94398,38.35467],[-7.94119,38.35133],[-7.93543,38.35411],[-7.93157,38.35515],[-7.9227,38.35599],[-7.91788,38.35826],[-7.90934,38.36066],[-7.90684,38.36245],[-7.90445,38.36609],[-7.90123,38.36786],[-7.89332,38.37034],[-7.88963,38.37032],[-7.88493,38.36818],[-7.88235,38.36499],[-7.88014,38.36023],[-7.87355,38.3645],[-7.87047,38.36559],[-7.86549,38.36544],[-7.85964,38.36289],[-7.85667,38.35939],[-7.85629,38.35639],[-7.85788,38.35221],[-7.85723,38.34836],[-7.85283,38.34497],[-7.84496,38.34143],[-7.84074,38.34072],[-7.83513,38.34248],[-7.83251,38.34712],[-7.83197,38.35163],[-7.82971,38.3549],[-7.8258,38.35797],[-7.82213,38.35917],[-7.81812,38.35909],[-7.81281,38.35656],[-7.81094,38.35412],[-7.81075,38.34783],[-7.81211,38.3412],[-7.80461,38.3365],[-7.80122,38.33346],[-7.79462,38.33214],[-7.78797,38.32735],[-7.78249,38.32629],[-7.78099,38.33181],[-7.77892,38.33426],[-7.77351,38.33638],[-7.77217,38.3383],[-7.77137,38.34243],[-7.76897,38.34663],[-7.76389,38.35105],[-7.76056,38.35221],[-7.75695,38.35227],[-7.74861,38.35109],[-7.74262,38.35592],[-7.73877,38.357],[-7.7354,38.35684],[-7.73111,38.35482],[-7.72778,38.35148],[-7.72267,38.34858],[-7.71975,38.35077],[-7.71437,38.35243],[-7.7105,38.35534],[-7.70455,38.35736],[-7.69948,38.3574],[-7.69312,38.35452],[-7.68866,38.35332],[-7.68093,38.35241],[-7.67615,38.3508],[-7.67095,38.35321],[-7.66542,38.35321],[-7.66223,38.35176],[-7.65334,38.33965],[-7.65064,38.33533],[-7.64923,38.3313],[-7.64628,38.32861],[-7.64508,38.32578],[-7.64517,38.32349],[-7.64104,38.32359],[-7.63657,38.32209],[-7.63435,38.31998],[-7.62739,38.31701],[-7.62306,38.31037],[-7.62119,38.30952],[-7.61597,38.30492],[-7.61463,38.30094],[-7.61541,38.29821],[-7.61972,38.29394],[-7.62274,38.28798],[-7.6247,38.28546],[-7.62773,38.28374],[-7.63134,38.28309],[-7.63546,38.28356],[-7.63802,38.28246],[-7.63469,38.27828],[-7.63095,38.27572],[-7.62899,38.27321],[-7.62798,38.26784],[-7.62831,38.26475],[-7.63043,38.26027],[-7.63353,38.25746],[-7.62711,38.25546],[-7.61975,38.25448],[-7.61698,38.25304],[-7.61508,38.25089],[-7.61428,38.24818],[-7.61198,38.24587],[-7.61094,38.2431],[-7.61137,38.24019],[-7.61527,38.23482],[-7.61777,38.23322],[-7.61782,38.2303],[-7.61942,38.2275],[-7.6274,38.21889],[-7.63418,38.21073],[-7.63969,38.20778],[-7.64327,38.20713],[-7.65015,38.20426],[-7.65383,38.20389],[-7.66299,38.2015],[-7.66727,38.20083],[-7.67251,38.20199],[-7.67742,38.20431],[-7.68205,38.20734],[-7.68737,38.20831],[-7.68946,38.20969],[-7.69421,38.21138],[-7.70049,38.21154],[-7.70466,38.21218],[-7.7123,38.21463],[-7.7178,38.21863],[-7.72398,38.22189],[-7.73131,38.22844],[-7.7326,38.23189],[-7.73398,38.23324],[-7.73856,38.23502],[-7.74511,38.23842],[-7.7487,38.23961],[-7.75891,38.24643],[-7.76553,38.24808],[-7.77287,38.2483],[-7.78008,38.24901],[-7.78305,38.25041],[-7.78766,38.2537],[-7.79047,38.25475],[-7.79782,38.25056],[-7.80236,38.24935],[-7.80647,38.24592],[-7.81275,38.24508],[-7.81627,38.24608],[-7.81964,38.24875],[-7.82118,38.25179],[-7.82515,38.25434],[-7.83273,38.25251],[-7.83908,38.25317],[-7.84317,38.25527],[-7.84529,38.2573],[-7.85067,38.25857],[-7.85421,38.26017],[-7.85789,38.26336],[-7.86373,38.26569],[-7.86891,38.26636],[-7.87566,38.27134],[-7.87925,38.27265],[-7.88504,38.27639],[-7.88974,38.27748],[-7.89672,38.28147],[-7.90027,38.28469],[-7.90404,38.28494],[-7.91634,38.29104],[-7.92276,38.29277],[-7.9303,38.2959],[-7.93918,38.3033],[-7.94355,38.30518],[-7.94857,38.30525],[-7.95671,38.30723],[-7.96426,38.31064],[-7.97332,38.316],[-7.98128,38.31741],[-7.986,38.31435],[-7.99388,38.30828],[-7.99476,38.30563],[-7.99663,38.3034],[-7.99938,38.30183],[-8.00372,38.30093],[-8.00731,38.30134],[-8.01047,38.30271],[-8.01308,38.30149],[-8.01669,38.30097],[-8.02179,38.30235],[-8.02787,38.30705],[-8.02903,38.30867],[-8.03691,38.31599],[-8.04024,38.32031],[-8.04366,38.32601],[-8.04927,38.32576],[-8.05285,38.32677],[-8.05503,38.32823],[-8.06584,38.32136],[-8.06896,38.32029],[-8.07232,38.32018],[-8.07744,38.32223],[-8.08553,38.32023],[-8.09842,38.32092],[-8.11136,38.31967],[-8.12057,38.31526],[-8.12998,38.31337],[-8.13878,38.31413],[-8.14336,38.3167],[-8.14583,38.32078],[-8.14642,38.32293],[-8.14953,38.32752],[-8.15231,38.32929],[-8.15633,38.32867],[-8.16178,38.32706],[-8.16199,38.32382],[-8.16432,38.31935],[-8.16135,38.31761],[-8.15404,38.3101],[-8.15115,38.30624],[-8.14325,38.29778],[-8.1397,38.28809],[-8.13876,38.28432],[-8.13612,38.27882],[-8.13657,38.27455],[-8.13052,38.26689],[-8.13002,38.26373],[-8.13096,38.256],[-8.12992,38.25173],[-8.12994,38.24417],[-8.13129,38.23116],[-8.12983,38.22407],[-8.12479,38.22294],[-8.12215,38.22088],[-8.12079,38.21814],[-8.12071,38.213],[-8.11748,38.21086],[-8.11602,38.20828],[-8.11188,38.19305],[-8.11247,38.19028],[-8.1146,38.18764],[-8.11387,38.18572],[-8.10923,38.18183],[-8.10597,38.1783],[-8.10505,38.17608],[-8.10391,38.16818],[-8.10282,38.16498],[-8.1018,38.15704],[-8.09657,38.15069],[-8.08509,38.15159],[-8.08186,38.15158],[-8.07057,38.15358],[-8.06137,38.15684],[-8.05851,38.15845],[-8.05248,38.16036],[-8.04036,38.16002],[-8.03444,38.16086],[-8.02973,38.16254],[-8.02391,38.16174],[-8.02057,38.16626],[-8.01789,38.16818],[-8.01272,38.16923],[-8.00777,38.16783],[-8.0043,38.16499],[-8.00033,38.16743],[-7.99683,38.168],[-7.99336,38.16747],[-7.98771,38.16463],[-7.98276,38.1603],[-7.98137,38.15651],[-7.98272,38.15265],[-7.98499,38.15063],[-7.9936,38.1453],[-8.00282,38.14111],[-8.00331,38.13578],[-8.00284,38.12574],[-7.99966,38.12111],[-7.98792,38.11846],[-7.97627,38.11368],[-7.96244,38.10589],[-7.95769,38.11021],[-7.95283,38.11183],[-7.94934,38.1116],[-7.94544,38.11017],[-7.94109,38.11287],[-7.93897,38.11351],[-7.93686,38.11802],[-7.93394,38.12004],[-7.92272,38.12298],[-7.9194,38.12424],[-7.91347,38.12475],[-7.90599,38.13058],[-7.90288,38.13207],[-7.89914,38.13262],[-7.89388,38.13113],[-7.88387,38.12477],[-7.87904,38.12729],[-7.87473,38.13151],[-7.87137,38.13321],[-7.86423,38.13415],[-7.86341,38.13942],[-7.85902,38.147],[-7.85648,38.14881],[-7.85331,38.14978],[-7.84785,38.14975],[-7.83909,38.14691],[-7.83521,38.14842],[-7.83177,38.14852],[-7.82719,38.14679],[-7.82458,38.14334],[-7.8247,38.13632],[-7.82192,38.13416],[-7.82048,38.13012],[-7.82186,38.12446],[-7.81523,38.12034],[-7.81195,38.11753],[-7.80998,38.11479],[-7.80906,38.11188],[-7.8094,38.1091],[-7.81103,38.10659],[-7.81373,38.10475],[-7.81884,38.10378],[-7.82104,38.10408],[-7.8225,38.10043],[-7.8148,38.09798],[-7.81225,38.09624],[-7.8107,38.09386],[-7.81037,38.09117],[-7.81172,38.08791],[-7.80586,38.08168],[-7.80499,38.0788],[-7.80566,38.07585],[-7.80761,38.07349],[-7.80309,38.06753],[-7.79279,38.06511],[-7.7856,38.06413],[-7.78069,38.06657],[-7.77888,38.07288],[-7.77458,38.0793],[-7.77353,38.0817],[-7.77126,38.08391],[-7.76812,38.08528],[-7.76191,38.08654],[-7.75666,38.08814],[-7.75256,38.09045],[-7.74934,38.09402],[-7.74786,38.09665],[-7.74981,38.10517],[-7.74947,38.10986],[-7.74704,38.11345],[-7.74422,38.11503],[-7.74093,38.11569],[-7.7383,38.11729],[-7.73259,38.11884],[-7.72906,38.11909],[-7.72458,38.11819],[-7.72182,38.11865],[-7.71488,38.11811],[-7.71173,38.11715],[-7.70647,38.11421],[-7.70137,38.10837],[-7.69682,38.10673],[-7.6915,38.10256],[-7.68467,38.10006],[-7.67977,38.09885],[-7.67398,38.09312],[-7.67154,38.09223],[-7.66616,38.08788],[-7.65888,38.08713],[-7.65301,38.08407],[-7.64927,38.08087],[-7.6442,38.07782],[-7.63773,38.07224],[-7.63425,38.067],[-7.63386,38.06419],[-7.63583,38.06025],[-7.6402,38.05779],[-7.64743,38.05761],[-7.65175,38.05566],[-7.65213,38.05276],[-7.64827,38.04316],[-7.64606,38.0392],[-7.6443,38.03474],[-7.64325,38.02829],[-7.64377,38.02636],[-7.64225,38.01734],[-7.64173,38.00921],[-7.64188,38.00096],[-7.64153,37.99625],[-7.64205,37.99346],[-7.64416,37.99059],[-7.65024,37.98543],[-7.65198,37.9829],[-7.65468,37.981],[-7.66005,37.97936],[-7.66201,37.97814],[-7.66316,37.97346],[-7.66556,37.967],[-7.66845,37.96235],[-7.6714,37.95443],[-7.67558,37.94814],[-7.68134,37.94226],[-7.68163,37.93835],[-7.67807,37.93356],[-7.67654,37.93047],[-7.67098,37.92869],[-7.66774,37.92647],[-7.66185,37.92053],[-7.65511,37.91762],[-7.64664,37.9118],[-7.64327,37.90727],[-7.64348,37.90317],[-7.64519,37.90075],[-7.6479,37.89899],[-7.65152,37.89791],[-7.65479,37.89501],[-7.6554,37.89335],[-7.65543,37.88788],[-7.65256,37.88203],[-7.65164,37.87865],[-7.65116,37.8717],[-7.65024,37.86633],[-7.64899,37.86231],[-7.64853,37.85685],[-7.64762,37.85421],[-7.64758,37.85017],[-7.64837,37.84355],[-7.64779,37.83341],[-7.64685,37.83117],[-7.64611,37.82157],[-7.64454,37.81905],[-7.63963,37.81525],[-7.63639,37.81401],[-7.63405,37.81172],[-7.6331,37.80885],[-7.63309,37.80508],[-7.63646,37.79886],[-7.64047,37.7941],[-7.64175,37.79056],[-7.64293,37.78239],[-7.64348,37.76944],[-7.64537,37.76491],[-7.64817,37.76078],[-7.64945,37.75762],[-7.64874,37.75408],[-7.63949,37.74605],[-7.63655,37.74613],[-7.62798,37.74942],[-7.62506,37.75167],[-7.62156,37.75267],[-7.61586,37.75258],[-7.61136,37.75424],[-7.60347,37.7584],[-7.60075,37.7589],[-7.59632,37.76319],[-7.59096,37.76573],[-7.58819,37.76624],[-7.58477,37.77145],[-7.58212,37.77328],[-7.57884,37.77419],[-7.57377,37.7736],[-7.5708,37.7718],[-7.56649,37.77162],[-7.56309,37.77058],[-7.56026,37.76819],[-7.55342,37.76725],[-7.55061,37.76591],[-7.54866,37.7639],[-7.5448,37.76347],[-7.53997,37.76216],[-7.53554,37.76234],[-7.53153,37.76506],[-7.52956,37.76779],[-7.52686,37.77],[-7.52372,37.77125],[-7.52025,37.77148],[-7.51582,37.77013],[-7.51221,37.77027],[-7.50496,37.76851],[-7.49728,37.76885],[-7.49404,37.768],[-7.49146,37.76623],[-7.48902,37.76168],[-7.48477,37.75857],[-7.48055,37.75792],[-7.47682,37.75597],[-7.47332,37.75572],[-7.46689,37.75399],[-7.4588,37.751],[-7.45573,37.74673],[-7.45287,37.74441],[-7.44745,37.74125],[-7.44231,37.74127],[-7.43555,37.74295],[-7.43249,37.7429],[-7.42761,37.74176],[-7.42005,37.7435],[-7.41838,37.7469],[-7.42017,37.75317],[-7.41844,37.75703],[-7.41348,37.75988],[-7.40958,37.76323],[-7.40649,37.76476],[-7.40293,37.76523],[-7.39857,37.76422],[-7.39596,37.76493],[-7.39161,37.77068],[-7.38793,37.7731],[-7.38238,37.77524],[-7.38006,37.78043],[-7.37669,37.78365],[-7.37083,37.78579],[-7.36866,37.78758],[-7.36537,37.79195],[-7.36105,37.79355],[-7.35759,37.79756],[-7.35491,37.79955],[-7.34923,37.80237],[-7.34536,37.80564],[-7.34161,37.8068],[-7.3375,37.8101],[-7.33269,37.81267],[-7.32754,37.81403],[-7.32449,37.81568],[-7.32154,37.8188],[-7.32044,37.82539],[-7.3254,37.83955],[-7.33218,37.85811],[-7.33672,37.87257],[-7.3497,37.90958],[-7.34938,37.9123],[-7.34783,37.91476],[-7.34274,37.91752],[-7.34302,37.92381],[-7.3469,37.93169],[-7.35137,37.93346],[-7.35659,37.93802],[-7.35843,37.9406],[-7.35943,37.94733],[-7.36244,37.95736],[-7.36221,37.96001],[-7.36031,37.96331],[-7.35807,37.96513],[-7.35399,37.96683],[-7.35014,37.97064],[-7.34778,37.97414],[-7.34358,37.97779],[-7.33972,37.98337],[-7.34217,37.98938],[-7.34226,37.99128],[-7.34506,37.99886],[-7.35081,38.00308],[-7.35316,38.00594],[-7.3544,38.00884],[-7.35881,38.01265],[-7.36006,38.01516],[-7.36089,38.01973],[-7.36039,38.02245],[-7.35509,38.03007],[-7.35143,38.03448],[-7.34446,38.04088],[-7.34883,38.04255],[-7.35191,38.04561],[-7.35259,38.04821],[-7.35271,38.06161],[-7.35029,38.0654],[-7.3459,38.06909],[-7.33867,38.07591],[-7.33707,38.0783],[-7.32876,38.085],[-7.32585,38.08864],[-7.31892,38.09294],[-7.31352,38.09359],[-7.31012,38.09257],[-7.30535,38.08933],[-7.30233,38.08571],[-7.29762,38.08984],[-7.29251,38.09265],[-7.28713,38.09324],[-7.28235,38.09129],[-7.27992,38.08759],[-7.27361,38.08664],[-7.27082,38.0855],[-7.26714,38.08264],[-7.26459,38.08219],[-7.26132,38.0804],[-7.25557,38.07563],[-7.2547,38.07431],[-7.25276,38.06673],[-7.24721,38.06711],[-7.24211,38.07048],[-7.23691,38.07144],[-7.23016,38.07059],[-7.21977,38.06625],[-7.21519,38.06566],[-7.20986,38.06335],[-7.20763,38.06144],[-7.20628,38.05867],[-7.207,38.05449],[-7.21122,38.05091],[-7.21241,38.04809],[-7.21503,38.0452],[-7.21871,38.03976],[-7.2216,38.03816],[-7.22605,38.0375],[-7.22315,38.03297],[-7.21879,38.0316],[-7.21326,38.03182],[-7.20577,38.02984],[-7.20151,38.02679],[-7.19764,38.02507],[-7.19553,38.02278],[-7.19285,38.01588],[-7.19187,38.01159],[-7.18767,38.007],[-7.18703,38.00311],[-7.18326,37.99709],[-7.17938,37.99697],[-7.17644,37.99587],[-7.17377,37.99348],[-7.16895,37.99441],[-7.15623,37.99399],[-7.14883,37.99939],[-7.14574,38.00058],[-7.14234,38.00078],[-7.13689,37.99924],[-7.13295,38.00004],[-7.12552,38.00363],[-7.12098,38.00542],[-7.12605,38.00957],[-7.12776,38.01199],[-7.12844,38.01609],[-7.12754,38.02072],[-7.12571,38.02333],[-7.12381,38.02765],[-7.12148,38.02971],[-7.11641,38.03191],[-7.11377,38.03494],[-7.11106,38.03626],[-7.10784,38.03918],[-7.101,38.04188],[-7.0972,38.04195],[-7.09374,38.04077],[-7.09046,38.03845],[-7.08666,38.03754],[-7.07739,38.03358],[-7.07541,38.03239],[-7.06969,38.03097],[-7.06529,38.02616],[-7.06345,38.01989],[-7.05965,38.0176],[-7.05688,38.0183],[-7.05244,38.01837],[-7.04954,38.0175],[-7.04472,38.01433],[-7.04071,38.01698],[-7.0385,38.01749],[-7.02994,38.0226],[-7.02624,38.02365],[-7.02143,38.02322],[-7.01611,38.02153],[-7.00772,38.02106],[-7.0026,38.02274],[-7.00232,38.03024],[-6.99928,38.03506],[-7.00218,38.04317],[-7.00031,38.0487],[-6.99764,38.05095],[-6.99247,38.05342],[-6.99025,38.05547],[-6.98998,38.05868],[-6.99065,38.06346],[-6.99061,38.06825],[-6.98775,38.07467],[-6.98958,38.08495],[-6.98998,38.09059],[-6.98923,38.09703],[-6.98762,38.10002],[-6.98493,38.10209],[-6.97887,38.10425],[-6.9757,38.10434],[-6.97425,38.10766],[-6.97099,38.11065],[-6.97184,38.11381],[-6.97093,38.11789],[-6.96795,38.1227],[-6.96754,38.12495],[-6.96408,38.13025],[-6.95926,38.13385],[-6.95763,38.13806],[-6.95909,38.14054],[-6.95923,38.14338],[-6.9575,38.14825],[-6.95308,38.15176],[-6.95293,38.15407],[-6.95701,38.15605],[-6.96115,38.15665],[-6.96428,38.15794],[-6.96718,38.16141],[-6.9675,38.16423],[-6.96446,38.16983],[-6.96146,38.17692],[-6.95562,38.18431],[-6.95198,38.18753],[-6.94901,38.18884],[-6.94714,38.19068],[-6.94175,38.19397],[-6.93811,38.19836],[-6.93421,38.20174],[-6.93191,38.20845],[-6.9364,38.21178],[-6.9373,38.21465],[-6.93623,38.22039],[-6.94414,38.21775],[-6.95117,38.21775],[-6.95704,38.21655],[-6.95865,38.21444],[-6.96632,38.20808],[-6.96951,38.20681],[-6.97303,38.2066],[-6.97636,38.20747],[-6.98034,38.21113],[-6.98332,38.21123],[-6.99031,38.2066],[-6.99479,38.20447],[-6.99817,38.2036],[-7.0023,38.20369],[-7.00787,38.20503],[-7.01119,38.2046],[-7.01267,38.20109],[-7.01759,38.19592],[-7.01836,38.19171],[-7.02308,38.18619],[-7.02777,38.18387],[-7.03144,38.18371],[-7.03486,38.18471],[-7.03727,38.18635],[-7.04354,38.1871],[-7.0463,38.18534],[-7.04972,38.18436],[-7.05331,38.18451],[-7.05797,38.18662],[-7.06688,38.18575],[-7.067,38.18268],[-7.06829,38.18018],[-7.07063,38.1782],[-7.07855,38.17499],[-7.08415,38.175],[-7.08736,38.17649],[-7.08936,38.17846],[-7.09638,38.17964],[-7.09934,38.18111],[-7.10135,38.18338],[-7.1032,38.18713],[-7.1059,38.18903],[-7.10757,38.19268],[-7.10993,38.19544],[-7.1129,38.20283],[-7.11335,38.20665],[-7.11684,38.21054],[-7.11744,38.2138],[-7.12231,38.21853],[-7.12432,38.22215],[-7.12916,38.22872],[-7.13125,38.23055],[-7.13885,38.23568],[-7.14232,38.24013],[-7.14381,38.24612],[-7.14421,38.25193],[-7.14286,38.25554],[-7.14391,38.25899],[-7.14335,38.26187],[-7.14674,38.26594],[-7.14714,38.26893],[-7.15033,38.27279],[-7.15187,38.27625],[-7.15593,38.27894],[-7.1616,38.28012],[-7.16655,38.28249],[-7.1688,38.28483],[-7.17251,38.28621],[-7.17556,38.28873],[-7.17852,38.29272],[-7.18249,38.29614],[-7.18701,38.30234],[-7.18777,38.3041],[-7.19169,38.30893],[-7.19799,38.31918],[-7.19988,38.32299],[-7.20073,38.32688],[-7.20193,38.3287],[-7.2137,38.34003],[-7.21983,38.34331],[-7.23153,38.35596],[-7.24595,38.3677],[-7.25076,38.37283],[-7.25575,38.37943],[-7.25941,38.38227],[-7.26791,38.39114],[-7.27248,38.39717],[-7.27418,38.40034],[-7.27564,38.40518],[-7.27806,38.40964],[-7.28024,38.41578],[-7.28058,38.42027],[-7.28564,38.42373],[-7.28902,38.42471],[-7.29427,38.42838],[-7.30006,38.42916],[-7.30366,38.43206],[-7.30692,38.43272],[-7.31343,38.437],[-7.31664,38.43982],[-7.32226,38.44018],[-7.32956,38.43879],[-7.33308,38.4393],[-7.33716,38.44196],[-7.33862,38.446],[-7.33793,38.44872],[-7.34105,38.45364],[-7.34158,38.45621],[-7.34068,38.46902],[-7.34458,38.47157],[-7.34719,38.47517],[-7.34729,38.47799],[-7.34441,38.48769],[-7.34632,38.49202],[-7.349,38.49362],[-7.35511,38.49908],[-7.36539,38.50921],[-7.3685,38.51017],[-7.37092,38.51188],[-7.3724,38.51415],[-7.37737,38.51648],[-7.38341,38.52449],[-7.38572,38.52892],[-7.38583,38.53268],[-7.3933,38.53989],[-7.39449,38.54252],[-7.39431,38.54533],[-7.39091,38.55072],[-7.39341,38.5551],[-7.39298,38.55789],[-7.39124,38.56037],[-7.3841,38.56478],[-7.38763,38.57041],[-7.38827,38.57329],[-7.38739,38.57616],[-7.38391,38.57943],[-7.3817,38.58435],[-7.37687,38.58761],[-7.3716,38.58824],[-7.36518,38.58663],[-7.36477,38.58937],[-7.36213,38.59509],[-7.35975,38.59828],[-7.35495,38.60084],[-7.35127,38.6012],[-7.34774,38.60037],[-7.3447,38.59854],[-7.33675,38.5907],[-7.33529,38.58781],[-7.33035,38.58442],[-7.32794,38.58134],[-7.32217,38.57982],[-7.31895,38.57837],[-7.31542,38.57477],[-7.31106,38.57397],[-7.30698,38.57122],[-7.30565,38.56709],[-7.30632,38.56435],[-7.30509,38.56193],[-7.30226,38.56059],[-7.29895,38.55624],[-7.29717,38.55059],[-7.29202,38.55506],[-7.29059,38.55689],[-7.28686,38.56479],[-7.28598,38.57131],[-7.28257,38.57454],[-7.27532,38.57608],[-7.27384,38.57719],[-7.26876,38.58497],[-7.26391,38.58847],[-7.26371,38.59217],[-7.2608,38.59709],[-7.26038,38.60422],[-7.25834,38.60833],[-7.25721,38.61207],[-7.25478,38.61559],[-7.25227,38.61769],[-7.24631,38.62099],[-7.24464,38.62283],[-7.24413,38.62532],[-7.24671,38.62801],[-7.25118,38.62908],[-7.25598,38.628],[-7.26007,38.62774],[-7.26364,38.62857],[-7.26646,38.63047],[-7.26805,38.63312],[-7.26978,38.63886],[-7.26971,38.64376],[-7.26814,38.6488],[-7.26683,38.6564],[-7.26802,38.66403],[-7.26784,38.67163],[-7.26534,38.67763],[-7.2642,38.68373],[-7.26631,38.68895],[-7.26621,38.69221],[-7.26518,38.69539],[-7.2643,38.70377],[-7.26163,38.70867],[-7.25348,38.71748],[-7.25297,38.71981],[-7.25414,38.72188],[-7.25408,38.72585],[-7.25253,38.72825],[-7.24981,38.73036],[-7.23965,38.73609],[-7.2362,38.73679],[-7.22848,38.7367],[-7.2256,38.73752],[-7.21771,38.74311],[-7.21314,38.74499],[-7.20626,38.74962],[-7.20323,38.75096],[-7.20546,38.75275],[-7.21082,38.75525],[-7.21503,38.75946],[-7.21709,38.76414],[-7.22035,38.76497],[-7.22425,38.76712],[-7.23139,38.76623],[-7.23506,38.7663],[-7.24024,38.76814],[-7.24692,38.77389],[-7.24983,38.77309],[-7.25831,38.77314],[-7.26095,38.77398],[-7.26365,38.77341],[-7.26514,38.77049],[-7.26997,38.76613],[-7.27327,38.76451],[-7.2761,38.7577],[-7.27973,38.75363],[-7.28328,38.75132],[-7.28288,38.74799],[-7.28359,38.74544],[-7.28539,38.74323],[-7.29134,38.73838],[-7.29452,38.73718],[-7.29802,38.737],[-7.30131,38.73785],[-7.31061,38.7428],[-7.31533,38.7425],[-7.32369,38.73969],[-7.32741,38.73944],[-7.33091,38.74038],[-7.33362,38.74234],[-7.33918,38.74852],[-7.34329,38.75381],[-7.3492,38.74982],[-7.35714,38.74729],[-7.36064,38.74762],[-7.3649,38.74998],[-7.36973,38.75814],[-7.37288,38.76198],[-7.37411,38.76565],[-7.37374,38.77005],[-7.3684,38.77669],[-7.36838,38.77938],[-7.3733,38.78363],[-7.37612,38.78794],[-7.37614,38.7922],[-7.37441,38.79475],[-7.36672,38.79976],[-7.3634,38.80062],[-7.35994,38.80045],[-7.355,38.79788],[-7.34709,38.79812],[-7.34343,38.79937],[-7.33425,38.80334],[-7.33015,38.80361],[-7.3263,38.80465],[-7.32497,38.8063],[-7.31907,38.80951],[-7.31933,38.81325],[-7.32219,38.81724],[-7.3228,38.81991],[-7.32052,38.82524],[-7.31787,38.82731],[-7.31012,38.82906],[-7.3065,38.83057],[-7.30067,38.83501],[-7.29738,38.83618],[-7.29381,38.83628],[-7.29049,38.83531],[-7.28308,38.82987],[-7.28081,38.82768],[-7.2792,38.82794],[-7.27499,38.83226],[-7.27059,38.83555],[-7.26624,38.83721],[-7.25971,38.8374],[-7.2589,38.84079],[-7.25923,38.84383],[-7.25728,38.84962],[-7.25819,38.85915],[-7.25737,38.86165],[-7.25704,38.86705],[-7.2581,38.86929],[-7.26319,38.87481],[-7.26453,38.87707],[-7.26653,38.88372],[-7.26613,38.88635],[-7.26383,38.89186],[-7.26151,38.89559],[-7.25778,38.9],[-7.25573,38.9062],[-7.25652,38.90861],[-7.259,38.91072],[-7.26225,38.91732],[-7.26618,38.92117],[-7.27073,38.92388],[-7.27282,38.92714],[-7.27548,38.92979],[-7.27749,38.93066],[-7.28082,38.93365],[-7.28163,38.93625],[-7.28117,38.93893],[-7.27619,38.94451],[-7.27695,38.9485],[-7.27893,38.95049],[-7.28069,38.95444],[-7.28741,38.96193],[-7.28969,38.96509],[-7.29514,38.96684],[-7.29903,38.96673],[-7.30469,38.96854],[-7.30758,38.97079],[-7.3131,38.97389],[-7.31894,38.97974],[-7.32623,38.9846],[-7.32806,38.98645],[-7.33452,38.99087],[-7.33931,38.99523],[-7.3413,38.9961],[-7.34436,38.99227],[-7.35257,38.97962],[-7.35882,38.97082],[-7.36178,38.96935],[-7.36569,38.96883],[-7.37162,38.96407],[-7.37288,38.9618],[-7.37549,38.95969],[-7.38079,38.95838],[-7.3844,38.95897],[-7.3874,38.96063],[-7.3945,38.96806],[-7.39786,38.97043],[-7.39762,38.96331],[-7.39855,38.96061],[-7.40069,38.95836],[-7.40374,38.9569],[-7.40724,38.95643],[-7.41067,38.95703],[-7.42111,38.96315],[-7.42595,38.96222],[-7.43354,38.95982],[-7.44057,38.96078],[-7.44416,38.96299],[-7.44599,38.96507],[-7.44808,38.96568],[-7.45282,38.96303],[-7.45632,38.95992],[-7.45942,38.95849],[-7.46357,38.95491],[-7.46296,38.95125],[-7.46303,38.94613],[-7.46692,38.93872],[-7.46926,38.93635],[-7.4726,38.9349],[-7.47637,38.93461],[-7.47994,38.93554],[-7.48306,38.93719],[-7.48564,38.94052],[-7.49756,38.94586],[-7.50021,38.94788],[-7.50427,38.94737],[-7.50791,38.94805],[-7.51429,38.94665],[-7.53686,38.94805],[-7.55019,38.94939],[-7.55468,38.951],[-7.55847,38.95095],[-7.56464,38.95245],[-7.5753,38.95332],[-7.58069,38.95404],[-7.59224,38.95431],[-7.59706,38.9564],[-7.60429,38.95378],[-7.61098,38.94838],[-7.61664,38.94555],[-7.61995,38.94307],[-7.62125,38.93829],[-7.62339,38.93616],[-7.62897,38.9343],[-7.63409,38.9294],[-7.6343,38.9265],[-7.63584,38.92399],[-7.64204,38.91731],[-7.64673,38.91514],[-7.65035,38.91503],[-7.65371,38.91602],[-7.66608,38.9221],[-7.67483,38.925],[-7.68335,38.9293],[-7.68882,38.92381],[-7.69196,38.92221],[-7.69651,38.91762],[-7.70146,38.91579],[-7.7051,38.91594],[-7.70834,38.9172],[-7.7136,38.92042],[-7.7229,38.92914],[-7.73285,38.93913],[-7.73478,38.93687],[-7.73551,38.93396],[-7.74114,38.92653],[-7.74239,38.91927],[-7.74415,38.91628],[-7.75212,38.90832],[-7.75746,38.90543],[-7.76844,38.90223],[-7.77363,38.9028],[-7.77606,38.90402],[-7.7855,38.90707],[-7.78627,38.90333],[-7.78801,38.90091],[-7.79076,38.89915],[-7.79589,38.89828],[-7.80426,38.8993],[-7.80842,38.89877],[-7.82031,38.89926],[-7.82346,38.9],[-7.82748,38.90226],[-7.83172,38.90193],[-7.83884,38.90262],[-7.84121,38.90243],[-7.84734,38.90339],[-7.8514,38.90331],[-7.85622,38.90537],[-7.86029,38.90634],[-7.86456,38.9089],[-7.86977,38.90992],[-7.87286,38.91136],[-7.87497,38.91363],[-7.87578,38.91639],[-7.87602,38.92318],[-7.87704,38.92634],[-7.87967,38.92641],[-7.88357,38.92776],[-7.88627,38.92742],[-7.89077,38.92834],[-7.89206,38.92518],[-7.89103,38.92008],[-7.89204,38.91722],[-7.89693,38.91094],[-7.90597,38.90609],[-7.91575,38.90447],[-7.92513,38.90582],[-7.92743,38.89918],[-7.93001,38.89685],[-7.9387,38.8944],[-7.94262,38.89039],[-7.94791,38.88898],[-7.95508,38.89032],[-7.95767,38.88967],[-7.95915,38.88756],[-7.95613,38.87902],[-7.95256,38.87545],[-7.95212,38.87261],[-7.95313,38.86983],[-7.95695,38.86672],[-7.96045,38.86583],[-7.96614,38.86653],[-7.96969,38.86476],[-7.97159,38.86289],[-7.97185,38.85896],[-7.97364,38.85556],[-7.97974,38.85054],[-7.97982,38.84681],[-7.97871,38.84138],[-7.97866,38.83569],[-7.97292,38.83428],[-7.96156,38.83495],[-7.95664,38.83324],[-7.95396,38.83068],[-7.94995,38.82923],[-7.94701,38.82909],[-7.93937,38.83173],[-7.93752,38.83464],[-7.92915,38.84013],[-7.92585,38.84077],[-7.9225,38.84044],[-7.91782,38.83863],[-7.91561,38.83664],[-7.91439,38.8328],[-7.91501,38.83006],[-7.91365,38.82659],[-7.91391,38.821],[-7.91291,38.81975],[-7.90797,38.81908],[-7.90526,38.81932],[-7.89723,38.81805],[-7.89302,38.81583],[-7.89139,38.81348],[-7.89127,38.80945],[-7.89312,38.80381],[-7.88952,38.80067],[-7.88907,38.79585],[-7.88218,38.79082],[-7.87834,38.79137],[-7.87495,38.79077],[-7.87212,38.7892],[-7.87027,38.7869],[-7.86986,38.78283],[-7.87146,38.7794],[-7.86964,38.77545],[-7.86608,38.77685],[-7.86231,38.77739],[-7.85924,38.78051],[-7.85678,38.78421],[-7.85321,38.79212],[-7.849,38.79509],[-7.84533,38.79575],[-7.84044,38.79573],[-7.83175,38.79432],[-7.82237,38.78975],[-7.81567,38.78471],[-7.8102,38.78439],[-7.80537,38.78187],[-7.80319,38.77948],[-7.80066,38.77427],[-7.79869,38.77167],[-7.79865,38.76749],[-7.8003,38.76497],[-7.8036,38.76189],[-7.80367,38.75852],[-7.80479,38.75605],[-7.80865,38.75126],[-7.80319,38.74847],[-7.80137,38.74626],[-7.80084,38.74127],[-7.80214,38.73864],[-7.80938,38.73337],[-7.81468,38.73176],[-7.81841,38.7322],[-7.82392,38.73455],[-7.82662,38.73421],[-7.83226,38.73572],[-7.83923,38.73405],[-7.85062,38.73406],[-7.85746,38.73608],[-7.86686,38.73961],[-7.87088,38.73611],[-7.87418,38.73464],[-7.88119,38.73305],[-7.88667,38.7336],[-7.89068,38.73653],[-7.89177,38.73932],[-7.89154,38.74256],[-7.89528,38.74619],[-7.89777,38.75712],[-7.90458,38.75605],[-7.91024,38.75357],[-7.91355,38.75073],[-7.91246,38.74617],[-7.9128,38.74242],[-7.91406,38.73986],[-7.91643,38.73782],[-7.91957,38.73661],[-7.92303,38.73639],[-7.92785,38.7374],[-7.93633,38.72921],[-7.93667,38.72602],[-7.93839,38.72327],[-7.94352,38.71711],[-7.94464,38.71413],[-7.95029,38.70851],[-7.94996,38.70521],[-7.95125,38.70251],[-7.95537,38.69965],[-7.95893,38.69899],[-7.96841,38.70008],[-7.97534,38.68939],[-7.98004,38.68685],[-7.98773,38.68662],[-7.99161,38.68551],[-7.99583,38.6854],[-7.99911,38.68603],[-8.00288,38.68862],[-8.00474,38.6919],[-8.01148,38.689],[-8.01339,38.68691],[-8.01648,38.68511],[-8.02209,38.68456],[-8.02708,38.68655],[-8.03395,38.68786],[-8.03749,38.68969],[-8.03998,38.69325],[-8.03994,38.69648],[-8.04391,38.69917],[-8.04557,38.70172],[-8.0454,38.70601],[-8.04354,38.70853],[-8.04058,38.7103],[-8.02986,38.71267],[-8.02724,38.72307],[-8.02933,38.72974],[-8.03156,38.73371],[-8.03366,38.73495],[-8.0367,38.7382],[-8.03763,38.74112],[-8.04097,38.74266],[-8.04329,38.74505],[-8.04801,38.74745],[-8.05132,38.74986],[-8.054,38.75272],[-8.05536,38.75749],[-8.06001,38.75928],[-8.06202,38.76147],[-8.06283,38.76411],[-8.06129,38.76854],[-8.06082,38.77217],[-8.05973,38.77413],[-8.05921,38.77795],[-8.06081,38.78043],[-8.06456,38.78407],[-8.06562,38.78691],[-8.06574,38.79009],[-8.06783,38.79232],[-8.06931,38.79545],[-8.06847,38.80057],[-8.06616,38.80323],[-8.06705,38.80524],[-8.067,38.80929],[-8.07108,38.80853],[-8.0808,38.80893],[-8.08791,38.81109],[-8.09052,38.81287],[-8.09237,38.81666],[-8.09204,38.81916],[-8.09513,38.82231],[-8.10073,38.82364],[-8.10407,38.82678],[-8.10477,38.8295],[-8.10411,38.83225],[-8.10219,38.83462],[-8.0968,38.83851],[-8.08936,38.84237],[-8.08633,38.84459],[-8.07907,38.84682],[-8.07268,38.85092],[-8.071,38.85648],[-8.06816,38.85954],[-8.06541,38.86131],[-8.06286,38.86445],[-8.06368,38.86757],[-8.0672,38.87157],[-8.07044,38.87406],[-8.07188,38.8764],[-8.07239,38.87954],[-8.07674,38.88966],[-8.07863,38.89191],[-8.08059,38.89712],[-8.08329,38.89867],[-8.09259,38.89732],[-8.10192,38.89881],[-8.10821,38.90067],[-8.11428,38.89965],[-8.11792,38.90021],[-8.12349,38.90327],[-8.12698,38.90755],[-8.13096,38.91158],[-8.13252,38.91624],[-8.13772,38.921],[-8.13912,38.92376],[-8.13831,38.92818],[-8.13487,38.93244],[-8.13421,38.93521],[-8.13103,38.94154],[-8.12993,38.94708],[-8.12986,38.95041],[-8.1334,38.95364],[-8.13461,38.95619],[-8.13451,38.95893],[-8.13137,38.96324],[-8.1253,38.96651],[-8.12022,38.96728],[-8.11766,38.96683],[-8.11073,38.96806],[-8.10726,38.96757],[-8.10328,38.9691],[-8.1063,38.97423],[-8.1068,38.97756],[-8.10958,38.98219],[-8.1137,38.99197],[-8.11712,38.99425],[-8.11858,38.99703],[-8.11837,39.00465],[-8.11608,39.0086],[-8.11325,39.0108],[-8.10793,39.01241],[-8.10124,39.01191],[-8.09874,39.01267],[-8.10388,39.02266],[-8.11162,39.02161],[-8.1197,39.02273],[-8.12242,39.02364],[-8.12769,39.0242],[-8.13082,39.02557],[-8.13301,39.02779],[-8.13392,39.03052],[-8.1334,39.03334],[-8.12887,39.04026],[-8.12222,39.04539],[-8.11999,39.04887],[-8.11634,39.05151],[-8.11331,39.05504],[-8.10873,39.05737],[-8.1039,39.06053],[-8.10208,39.06523],[-8.10018,39.06828],[-8.09808,39.07465],[-8.09517,39.07758],[-8.09473,39.07949],[-8.09092,39.08533],[-8.08812,39.08831],[-8.08228,39.09256],[-8.07504,39.09918],[-8.07232,39.10069],[-8.07199,39.10309],[-8.06866,39.1103],[-8.06653,39.1126],[-8.06347,39.11411],[-8.05992,39.11461],[-8.05335,39.11454],[-8.05258,39.11789],[-8.04847,39.12182],[-8.04747,39.12638],[-8.0431,39.13264],[-8.03835,39.13488],[-8.03456,39.13516],[-8.03493,39.14013],[-8.03321,39.14792],[-8.03673,39.15247],[-8.03662,39.15707],[-8.04378,39.15541],[-8.04853,39.15549],[-8.05289,39.15722],[-8.05579,39.16079],[-8.05804,39.16506],[-8.05962,39.17116],[-8.05898,39.17394],[-8.0551,39.1788],[-8.05508,39.1835],[-8.05429,39.18564],[-8.05042,39.19162],[-8.04676,39.1942],[-8.04388,39.19894],[-8.03957,39.20158],[-8.03598,39.20208],[-8.02708,39.20177],[-8.02432,39.20123],[-8.01855,39.2013],[-8.01013,39.20077],[-7.99678,39.20374],[-7.99439,39.20365],[-7.9899,39.20531],[-7.98546,39.20626],[-7.98167,39.20583],[-7.97787,39.20377],[-7.97102,39.2015],[-7.96763,39.19767],[-7.96343,39.19639],[-7.95731,39.19605],[-7.94654,39.19971],[-7.94513,39.20245],[-7.94117,39.20547],[-7.93762,39.20627],[-7.93398,39.20594],[-7.92239,39.20092],[-7.91912,39.20179],[-7.91407,39.20122],[-7.90883,39.19849],[-7.89786,39.19747],[-7.88917,39.19697],[-7.88946,39.19989],[-7.89172,39.20554],[-7.89145,39.20837],[-7.88981,39.21094],[-7.88705,39.21283],[-7.88359,39.21376],[-7.87997,39.21358],[-7.87525,39.21236],[-7.87173,39.21024],[-7.86688,39.21034],[-7.86446,39.2124],[-7.85945,39.21384],[-7.85514,39.21357],[-7.85515,39.21877],[-7.85219,39.22201],[-7.84043,39.22956],[-7.84515,39.23064],[-7.84987,39.23096],[-7.86582,39.22976],[-7.86938,39.23054],[-7.87417,39.23414],[-7.87512,39.2383],[-7.87396,39.24103],[-7.86715,39.24977],[-7.86591,39.25325],[-7.86685,39.25564],[-7.86787,39.26471],[-7.86735,39.26783],[-7.87029,39.27204],[-7.87075,39.27477],[-7.86895,39.27866],[-7.86534,39.28125],[-7.85788,39.2828],[-7.84814,39.28752],[-7.84492,39.28815],[-7.84169,39.29047],[-7.83644,39.29221],[-7.83033,39.29586],[-7.82832,39.30193],[-7.82802,39.30832],[-7.82879,39.31087],[-7.82845,39.31444],[-7.82544,39.31977],[-7.82441,39.3264],[-7.82513,39.32841],[-7.82783,39.32978],[-7.83488,39.32899],[-7.84336,39.3298],[-7.84984,39.33114],[-7.85445,39.33292],[-7.85943,39.33328],[-7.86254,39.33484],[-7.86459,39.33724],[-7.86523,39.34011],[-7.86436,39.34296],[-7.8618,39.34595],[-7.86549,39.3502],[-7.86928,39.35218],[-7.87618,39.36099],[-7.87933,39.36716],[-7.87854,39.37258],[-7.88314,39.38016],[-7.88335,39.38312],[-7.88149,39.38747],[-7.87798,39.39104],[-7.87645,39.39349],[-7.87263,39.39706],[-7.87209,39.39873],[-7.87412,39.40226],[-7.88094,39.40386],[-7.88484,39.40639],[-7.88753,39.41004],[-7.88816,39.41281],[-7.88648,39.41683],[-7.88224,39.4195],[-7.87792,39.4203],[-7.8811,39.42639],[-7.88469,39.42937],[-7.88642,39.43435],[-7.88616,39.4377],[-7.88478,39.44026],[-7.88227,39.44224],[-7.87902,39.44337],[-7.87548,39.44348],[-7.87083,39.44221],[-7.85778,39.4404],[-7.85384,39.44065],[-7.84984,39.44185],[-7.83402,39.444],[-7.82728,39.44878],[-7.82379,39.44979],[-7.81876,39.45013],[-7.81373,39.44912],[-7.81116,39.44731],[-7.80966,39.44487],[-7.8091,39.44027],[-7.79869,39.43592],[-7.79235,39.43018],[-7.7871,39.42647],[-7.78263,39.42205],[-7.78175,39.4172],[-7.77968,39.41615],[-7.7759,39.41787],[-7.77131,39.41878],[-7.76594,39.41787],[-7.7637,39.41655],[-7.76072,39.41655],[-7.75011,39.41355],[-7.74551,39.41074],[-7.73141,39.422],[-7.72858,39.42591],[-7.71996,39.43147],[-7.71658,39.4327],[-7.70915,39.43449],[-7.70408,39.43742],[-7.70223,39.43911],[-7.69374,39.44333],[-7.69335,39.4461],[-7.69447,39.4487],[-7.69396,39.45486],[-7.69245,39.45759],[-7.68683,39.46227],[-7.68254,39.4646],[-7.68051,39.46951],[-7.6825,39.47593],[-7.68904,39.48734],[-7.69089,39.48963],[-7.69235,39.49311],[-7.69157,39.49731],[-7.69006,39.49916],[-7.69026,39.50447],[-7.69243,39.50898],[-7.6928,39.51204],[-7.69735,39.51326],[-7.70007,39.51505],[-7.70169,39.51752],[-7.70184,39.52108],[-7.70957,39.52404],[-7.71457,39.52314],[-7.71917,39.52372],[-7.72469,39.52526],[-7.72785,39.52732],[-7.73254,39.52667],[-7.73705,39.52757],[-7.74086,39.52638],[-7.7444,39.52649],[-7.74761,39.52763],[-7.75,39.52963],[-7.75212,39.53342],[-7.75326,39.53781],[-7.75842,39.54408],[-7.76181,39.54571],[-7.76403,39.54805],[-7.76545,39.55104],[-7.76943,39.55231],[-7.77289,39.55534],[-7.77371,39.55801],[-7.77243,39.56201],[-7.76829,39.56594],[-7.76382,39.57147],[-7.76085,39.57583],[-7.75876,39.58027],[-7.75794,39.58445],[-7.755,39.58783],[-7.74988,39.58972],[-7.74026,39.59175],[-7.7361,39.59315],[-7.73017,39.59284],[-7.7263,39.59169],[-7.72368,39.59238],[-7.72086,39.5951],[-7.7193,39.59973],[-7.71617,39.60503],[-7.71287,39.60843],[-7.71282,39.61048],[-7.71579,39.62243],[-7.71456,39.62623],[-7.71022,39.62967],[-7.70491,39.63546],[-7.70157,39.63717],[-7.69613,39.63801],[-7.69307,39.63913],[-7.69022,39.64141],[-7.68494,39.64395],[-7.68207,39.64456],[-7.67702,39.64667],[-7.67347,39.64705],[-7.66851,39.64564],[-7.66616,39.6436],[-7.66422,39.63968],[-7.66056,39.63422],[-7.65171,39.62829],[-7.64845,39.62477],[-7.64259,39.62263],[-7.63773,39.62272],[-7.62031,39.62848],[-7.60976,39.63583],[-7.60728,39.63714],[-7.596,39.64021],[-7.59503,39.64323],[-7.59533,39.64678],[-7.59359,39.65116],[-7.59013,39.65387],[-7.57912,39.65882],[-7.57438,39.65957],[-7.56676,39.66011],[-7.55175,39.65765],[-7.54331,39.66258],[-7.53934,39.6665],[-7.53607,39.66762],[-7.52106,39.6671],[-7.51258,39.66648],[-7.5085,39.66668],[-7.49891,39.66606],[-7.49198,39.66671],[-7.48264,39.6657],[-7.47759,39.66399],[-7.46615,39.66401],[-7.45297,39.66312],[-7.43771,39.65842],[-7.42944,39.653],[-7.42562,39.65189],[-7.41328,39.64915],[-7.40928,39.64874],[-7.40332,39.64697],[-7.40035,39.64675],[-7.3903,39.65056],[-7.37945,39.65161],[-7.37479,39.65139],[-7.36185,39.64791],[-7.35219,39.64638],[-7.34426,39.64442],[-7.33681,39.64189],[-7.33131,39.64161],[-7.32611,39.64391],[-7.32033,39.64851],[-7.31676,39.6501],[-7.30996,39.65176],[-7.3034,39.65422],[-7.2948,39.65534],[-7.2926,39.65634],[-7.29,39.65958],[-7.28691,39.66136],[-7.27571,39.66357],[-7.27238,39.66366],[-7.26414,39.66585],[-7.2571,39.66605],[-7.24857,39.66736],[-7.24411,39.6668],[-7.21663,39.6605],[-7.20796,39.66202],[-7.20316,39.66246],[-7.18932,39.66035],[-7.1875,39.65967],[-7.17887,39.65841],[-7.16796,39.65602],[-7.16152,39.65566],[-7.15272,39.65331],[-7.14598,39.65312],[-7.14426,39.65375],[-7.13464,39.65897],[-7.12875,39.66295],[-7.12377,39.66404],[-7.11214,39.66402],[-7.10434,39.66442],[-7.09774,39.66303],[-7.09323,39.66372],[-7.08823,39.6633],[-7.07296,39.65826],[-7.06931,39.65767],[-7.06481,39.65797],[-7.05811,39.65988],[-7.05203,39.66055],[-7.04656,39.6629],[-7.03538,39.66643],[-7.02426,39.66872],[-7.01551,39.67091],[-7.01412,39.67806],[-7.01199,39.68072],[-7.00786,39.68431],[-7.00633,39.69239],[-7.00354,39.69713],[-7.00456,39.70128],[-7.0036,39.70395],[-7.00031,39.70909],[-6.99934,39.71283],[-6.99748,39.71554],[-6.99508,39.7172],[-6.99273,39.72206],[-6.98701,39.72777],[-6.98952,39.73044],[-6.99092,39.73313],[-6.99099,39.73795],[-6.99194,39.74204],[-6.99065,39.74561],[-6.98954,39.75167],[-6.98864,39.75339],[-6.99521,39.75493],[-6.99836,39.75745],[-7.00234,39.7578],[-7.00797,39.75952],[-7.01103,39.76192],[-7.01467,39.76268],[-7.02513,39.7636],[-7.028,39.76487],[-7.03279,39.76875],[-7.03738,39.77144],[-7.03969,39.77489],[-7.03951,39.77858],[-7.04231,39.78277],[-7.04337,39.78568],[-7.04382,39.79156],[-7.04825,39.79127],[-7.05322,39.78751],[-7.05896,39.78542],[-7.06697,39.7846],[-7.07107,39.78476],[-7.07474,39.78577],[-7.07753,39.78787],[-7.07878,39.78994],[-7.08473,39.7934],[-7.0864,39.7972],[-7.08737,39.80179],[-7.09186,39.80228],[-7.0961,39.79884],[-7.10029,39.79645],[-7.10519,39.79451],[-7.10901,39.79374],[-7.11287,39.79426],[-7.11922,39.79708],[-7.12123,39.79917],[-7.125,39.80535],[-7.12935,39.80826],[-7.13352,39.81527],[-7.13603,39.82242],[-7.13648,39.82965],[-7.1356,39.83241],[-7.13342,39.83471],[-7.13029,39.83621],[-7.12699,39.83681],[-7.12348,39.83902],[-7.11865,39.8402],[-7.11604,39.84188],[-7.11813,39.84461],[-7.11832,39.84901],[-7.11655,39.85166],[-7.11417,39.85338],[-7.11283,39.85825],[-7.11835,39.86063],[-7.12009,39.86315],[-7.12001,39.86744],[-7.1166,39.87261],[-7.11598,39.87819],[-7.11339,39.88162],[-7.10951,39.88383],[-7.11077,39.88613],[-7.11049,39.89027],[-7.10732,39.89365],[-7.10409,39.89492],[-7.09874,39.89487],[-7.09426,39.89316],[-7.08939,39.89821],[-7.08623,39.90043],[-7.08243,39.90717],[-7.07997,39.90952],[-7.07545,39.91153],[-7.07118,39.91622],[-7.07085,39.9176],[-7.07243,39.92449],[-7.07279,39.92973],[-7.07175,39.93233],[-7.06457,39.93858],[-7.06249,39.94388],[-7.06062,39.94628],[-7.04965,39.95167],[-7.04619,39.95214],[-7.04277,39.9516],[-7.03829,39.94918],[-7.03418,39.95607],[-7.03104,39.95833],[-7.02548,39.96369],[-7.02246,39.96745],[-7.01948,39.96953],[-7.01536,39.97074],[-7.00909,39.97353],[-7.00371,39.97641],[-6.99065,39.97938],[-6.98496,39.98039],[-6.98255,39.98143],[-6.98041,39.984],[-6.97756,39.9857],[-6.9647,39.98766],[-6.9598,39.9888],[-6.9556,39.98857],[-6.95123,39.99291],[-6.94702,39.995],[-6.94625,39.99952],[-6.9439,40.00296],[-6.93908,40.00769],[-6.93359,40.00915],[-6.92821,40.01119],[-6.92482,40.01107],[-6.92079,40.00983],[-6.91597,40.00935],[-6.91271,40.00832],[-6.90335,40.00893],[-6.89712,40.0101],[-6.88995,40.00945],[-6.88707,40.00867],[-6.88109,40.00816],[-6.8775,40.00662],[-6.87464,40.0064],[-6.87083,40.00813],[-6.8673,40.00856],[-6.86427,40.01179],[-6.86545,40.01426],[-6.87232,40.01734],[-6.8744,40.01978],[-6.87498,40.02372],[-6.87815,40.02886],[-6.88098,40.03232],[-6.8817,40.03485],[-6.88087,40.04036],[-6.88524,40.04531],[-6.89122,40.04973],[-6.89351,40.05318],[-6.89355,40.05581],[-6.8922,40.05903],[-6.89387,40.0607],[-6.90155,40.06098],[-6.90637,40.06324],[-6.90926,40.06657],[-6.91372,40.06771],[-6.91629,40.0696],[-6.91772,40.07212],[-6.91903,40.07663],[-6.919,40.08064],[-6.92248,40.08743],[-6.92525,40.09055],[-6.93119,40.09554],[-6.93263,40.09779],[-6.93405,40.10307],[-6.93858,40.10474],[-6.94087,40.10682],[-6.94196,40.10943],[-6.94181,40.11284],[-6.94792,40.11266],[-6.95313,40.1142],[-6.95891,40.11346],[-6.96304,40.11477],[-6.97528,40.11681],[-6.97904,40.11877],[-6.98603,40.11916],[-6.98841,40.11844],[-6.99498,40.11911],[-7.0067,40.1259],[-7.00841,40.12854],[-7.00885,40.13147],[-7.01229,40.13559],[-7.01557,40.14434],[-7.01569,40.14698],[-7.01301,40.15112],[-7.01384,40.15368],[-7.01335,40.15897],[-7.01788,40.16478],[-7.01849,40.16845],[-7.0169,40.17193],[-7.01581,40.17803],[-7.01997,40.18152],[-7.024,40.18302],[-7.0269,40.18649],[-7.02718,40.18927],[-7.02607,40.19195],[-7.02292,40.19489],[-7.01911,40.19715],[-7.01955,40.19876],[-7.01913,40.20446],[-7.01641,40.21058],[-7.01298,40.21958],[-7.01154,40.22184],[-7.01071,40.22523],[-7.00891,40.22758],[-6.99874,40.23476],[-6.99492,40.23584],[-6.98939,40.23642],[-6.98188,40.23924],[-6.97828,40.23932],[-6.97245,40.23683],[-6.96802,40.23672],[-6.96215,40.23908],[-6.96116,40.24259],[-6.95849,40.24578],[-6.95474,40.24901],[-6.95301,40.2537],[-6.95076,40.2558],[-6.94768,40.25713],[-6.9384,40.25851],[-6.93373,40.25801],[-6.92611,40.2586],[-6.92347,40.25809],[-6.92149,40.26326],[-6.92177,40.2696],[-6.92396,40.27399],[-6.92391,40.27893],[-6.9273,40.28415],[-6.92798,40.28766],[-6.9272,40.29046],[-6.92507,40.29284],[-6.91976,40.29519],[-6.91855,40.29778],[-6.91577,40.30053],[-6.91373,40.30544],[-6.91087,40.3076],[-6.90541,40.30966],[-6.89949,40.31395],[-6.89416,40.31642],[-6.89788,40.31827],[-6.9015,40.31901],[-6.9131,40.3195],[-6.91865,40.31922],[-6.92429,40.32017],[-6.93158,40.32048],[-6.93662,40.31983],[-6.94221,40.32068],[-6.94508,40.32241],[-6.94777,40.3259],[-6.94866,40.32879],[-6.95047,40.32953],[-6.95955,40.33505],[-6.96719,40.33804],[-6.97424,40.33871],[-6.984,40.34084],[-6.98846,40.34359],[-6.98998,40.34762],[-6.99303,40.35129],[-6.99322,40.35401],[-6.99208,40.35661],[-6.98748,40.3621],[-6.99266,40.36367],[-6.9979,40.36588],[-7.0017,40.36924],[-7.00416,40.3702],[-7.00829,40.37006],[-7.01515,40.36835],[-7.02144,40.36544],[-7.02182,40.3633],[-7.02072,40.35884],[-7.02296,40.35434],[-7.02674,40.35119],[-7.03058,40.34991],[-7.03566,40.35015],[-7.03896,40.35156],[-7.04301,40.35179],[-7.04605,40.35289],[-7.0494,40.356],[-7.05044,40.35892],[-7.05328,40.3628],[-7.06218,40.36912],[-7.06427,40.36978],[-7.07796,40.36849],[-7.08163,40.36915],[-7.08469,40.36687],[-7.0892,40.36536],[-7.09255,40.3632],[-7.09629,40.36225],[-7.10162,40.36201],[-7.10993,40.35936],[-7.11669,40.3577],[-7.12699,40.35593],[-7.13236,40.35586],[-7.14164,40.358],[-7.15046,40.36243],[-7.15337,40.36233],[-7.15655,40.35935],[-7.15963,40.35748],[-7.1634,40.35671],[-7.16955,40.35629],[-7.17006,40.35499],[-7.16635,40.35098],[-7.16548,40.34864],[-7.1624,40.34442],[-7.1601,40.33825],[-7.16069,40.33463],[-7.16255,40.33201],[-7.16446,40.32622],[-7.16781,40.32128],[-7.17288,40.31544],[-7.17853,40.31208],[-7.18611,40.3093],[-7.18967,40.30873],[-7.19322,40.30923],[-7.1982,40.3127],[-7.21362,40.31537],[-7.22225,40.31836],[-7.22973,40.32017],[-7.2392,40.3146],[-7.24285,40.31303],[-7.24705,40.31265],[-7.25107,40.31312],[-7.25748,40.31544],[-7.26036,40.31711],[-7.26258,40.32088],[-7.26295,40.32431],[-7.26184,40.32719],[-7.25194,40.33512],[-7.24741,40.33946],[-7.2447,40.34329],[-7.24103,40.34656],[-7.23847,40.35017],[-7.23791,40.35377],[-7.24006,40.35567],[-7.24132,40.35845],[-7.24101,40.3614],[-7.23938,40.36512],[-7.23528,40.36914],[-7.22993,40.37779],[-7.22368,40.38914],[-7.22735,40.39365],[-7.22804,40.39754],[-7.23041,40.39939],[-7.23185,40.40323],[-7.23109,40.40691],[-7.22928,40.40953],[-7.2259,40.41184],[-7.22035,40.41418],[-7.21466,40.41518],[-7.21323,40.42078],[-7.2136,40.42337],[-7.23036,40.42678],[-7.23429,40.4291],[-7.24071,40.43718],[-7.25209,40.44256],[-7.25476,40.44609],[-7.26229,40.44717],[-7.26803,40.44913],[-7.27118,40.44967],[-7.27444,40.4512],[-7.27659,40.45362],[-7.27729,40.45651],[-7.27641,40.45962],[-7.27277,40.46624],[-7.27312,40.46678],[-7.28057,40.46782],[-7.28487,40.46795],[-7.29458,40.46737],[-7.30395,40.46798],[-7.31034,40.46778],[-7.31366,40.46925],[-7.31589,40.47162],[-7.31669,40.4762],[-7.31982,40.47995],[-7.32016,40.48194],[-7.3279,40.48497],[-7.33281,40.48162],[-7.33512,40.4781],[-7.33575,40.47335],[-7.33878,40.46829],[-7.3413,40.4657],[-7.34335,40.46126],[-7.34573,40.45928],[-7.35059,40.45782],[-7.3628,40.45705],[-7.36838,40.45895],[-7.38199,40.45677],[-7.39057,40.45241],[-7.39414,40.44963],[-7.39861,40.44741],[-7.40213,40.44684],[-7.40564,40.44732],[-7.41353,40.44979],[-7.41747,40.45293],[-7.41931,40.45622],[-7.42012,40.46419],[-7.41951,40.46803],[-7.41817,40.47033],[-7.41189,40.47685],[-7.40859,40.48121],[-7.40363,40.48422],[-7.39756,40.48536],[-7.39506,40.48966],[-7.39044,40.49179],[-7.38598,40.49257],[-7.38518,40.49665],[-7.3822,40.50158],[-7.37376,40.50829],[-7.36783,40.51092],[-7.36407,40.51158],[-7.35863,40.51035],[-7.35579,40.51243],[-7.35175,40.51357],[-7.35024,40.51734],[-7.34823,40.52033],[-7.34849,40.5249],[-7.35358,40.52705],[-7.35831,40.52694],[-7.36319,40.52865],[-7.36536,40.53084],[-7.36741,40.53634],[-7.37043,40.54004],[-7.3775,40.53824],[-7.38108,40.53857],[-7.38425,40.53975],[-7.39225,40.53842],[-7.39593,40.53873],[-7.40157,40.54075],[-7.41165,40.54185],[-7.415,40.54302],[-7.41825,40.54638],[-7.42484,40.54768],[-7.42773,40.54897],[-7.43107,40.54616],[-7.43565,40.54348],[-7.44109,40.53722],[-7.44663,40.5302],[-7.44876,40.52529],[-7.45122,40.52303],[-7.45462,40.52169],[-7.45841,40.52147],[-7.46198,40.52241],[-7.46474,40.52436],[-7.46632,40.52675],[-7.46888,40.52863],[-7.47081,40.53131],[-7.47161,40.53504],[-7.47601,40.53917],[-7.47928,40.54669],[-7.47915,40.55236],[-7.49731,40.55134],[-7.50118,40.55245],[-7.50427,40.55421],[-7.50631,40.5567],[-7.50685,40.55963],[-7.5058,40.56251],[-7.49681,40.57167],[-7.50058,40.57685],[-7.50282,40.58567],[-7.50328,40.59261],[-7.50266,40.59662],[-7.50093,40.59919],[-7.4963,40.60163],[-7.49257,40.60194],[-7.489,40.60113],[-7.4809,40.59785],[-7.47583,40.59963],[-7.46727,40.5999],[-7.45526,40.60139],[-7.44699,40.60146],[-7.4437,40.60288],[-7.44132,40.60742],[-7.43608,40.61386],[-7.43357,40.61569],[-7.42577,40.61875],[-7.42264,40.6193],[-7.42103,40.6232],[-7.4189,40.62627],[-7.41611,40.62833],[-7.41056,40.62946],[-7.40684,40.6292],[-7.40361,40.62808],[-7.39547,40.62013],[-7.39465,40.61698],[-7.39469,40.61251],[-7.3971,40.60796],[-7.39395,40.60619],[-7.38543,40.6056],[-7.37014,40.613],[-7.36612,40.61371],[-7.35766,40.61332],[-7.35453,40.6121],[-7.35008,40.60836],[-7.34408,40.60518],[-7.33573,40.604],[-7.32636,40.59906],[-7.32486,40.59721],[-7.31434,40.59615],[-7.31147,40.59476],[-7.30298,40.59332],[-7.30026,40.5953],[-7.29769,40.59902],[-7.29178,40.60165],[-7.28622,40.60272],[-7.27808,40.60542],[-7.27435,40.60551],[-7.27097,40.6047],[-7.26654,40.60976],[-7.26455,40.61314],[-7.26153,40.61662],[-7.26159,40.62407],[-7.26481,40.63189],[-7.26368,40.63621],[-7.26109,40.63858],[-7.25609,40.64017],[-7.25198,40.63997],[-7.24684,40.6383],[-7.23955,40.633],[-7.23614,40.63475],[-7.23228,40.63539],[-7.22845,40.63478],[-7.22212,40.63129],[-7.22027,40.62902],[-7.21983,40.62504],[-7.22211,40.61986],[-7.22396,40.6176],[-7.22472,40.61309],[-7.22652,40.61018],[-7.22645,40.60707],[-7.2279,40.60442],[-7.23056,40.60239],[-7.23434,40.60101],[-7.2329,40.5984],[-7.23287,40.59226],[-7.23203,40.58849],[-7.2327,40.58579],[-7.23616,40.57927],[-7.22328,40.58197],[-7.21794,40.5841],[-7.21184,40.58488],[-7.20618,40.58431],[-7.2021,40.58479],[-7.19648,40.58408],[-7.1932,40.58254],[-7.18908,40.57805],[-7.18799,40.5756],[-7.18456,40.57141],[-7.17978,40.56919],[-7.17644,40.5642],[-7.17215,40.55938],[-7.16094,40.55784],[-7.14854,40.55518],[-7.14427,40.55643],[-7.13864,40.55597],[-7.13426,40.55433],[-7.1264,40.55562],[-7.12063,40.55539],[-7.11841,40.55591],[-7.11227,40.55555],[-7.10883,40.55381],[-7.10529,40.55092],[-7.10379,40.54884],[-7.09642,40.54638],[-7.09411,40.54411],[-7.09317,40.54131],[-7.09399,40.53797],[-7.08899,40.53639],[-7.08198,40.5351],[-7.08012,40.5353],[-7.07675,40.53913],[-7.07268,40.54083],[-7.07107,40.54422],[-7.06677,40.5489],[-7.06203,40.55119],[-7.0583,40.55139],[-7.05479,40.55046],[-7.05111,40.54734],[-7.05027,40.54457],[-7.05012,40.54024],[-7.04932,40.53801],[-7.04612,40.53436],[-7.04303,40.53382],[-7.03968,40.532],[-7.03724,40.53163],[-7.03297,40.52921],[-7.03144,40.52675],[-7.0291,40.51972],[-7.02731,40.51811],[-7.02154,40.51983],[-7.01485,40.51959],[-7.00913,40.52228],[-7.00455,40.52275],[-6.99915,40.52433],[-6.99461,40.52457],[-6.98788,40.52836],[-6.98491,40.52928],[-6.98212,40.53173],[-6.98631,40.53329],[-6.99343,40.53704],[-6.99938,40.53581],[-7.00337,40.536],[-7.01178,40.53891],[-7.01584,40.54302],[-7.01623,40.54565],[-7.01535,40.54822],[-7.01228,40.55323],[-7.00919,40.55608],[-7.00962,40.56111],[-7.00812,40.5637],[-7.0038,40.56634],[-7.00018,40.56687],[-6.99205,40.56618],[-6.98211,40.56431],[-6.98048,40.57154],[-6.97976,40.57878],[-6.98223,40.58276],[-6.98254,40.58605],[-6.98161,40.58866],[-6.97825,40.59159],[-6.97858,40.59932],[-6.97815,40.60691],[-6.97385,40.61948],[-6.97738,40.62056],[-6.98034,40.62251],[-6.98197,40.62524],[-6.98338,40.63119],[-6.98304,40.63292],[-6.97855,40.64529],[-6.974,40.65332],[-6.97251,40.65712],[-6.96904,40.66181],[-6.96926,40.66655],[-6.96706,40.67101],[-6.96432,40.67411],[-6.96089,40.68051],[-6.95536,40.68402],[-6.93947,40.6917],[-6.93599,40.69224],[-6.93253,40.69177],[-6.92714,40.68897],[-6.92522,40.68695],[-6.92122,40.67933],[-6.92011,40.67555],[-6.9173,40.67314],[-6.91539,40.66843],[-6.91327,40.66486],[-6.91025,40.66201],[-6.90918,40.65767],[-6.91046,40.65484],[-6.91334,40.65113],[-6.91392,40.64705],[-6.91132,40.64483],[-6.90934,40.64178],[-6.90907,40.63612],[-6.90748,40.63253],[-6.90826,40.6273],[-6.91334,40.62053],[-6.91717,40.61784],[-6.91912,40.61441],[-6.92015,40.61017],[-6.91982,40.60677],[-6.92174,40.60188],[-6.92227,40.59841],[-6.92385,40.59459],[-6.91126,40.59386],[-6.90569,40.59531],[-6.89375,40.59656],[-6.88713,40.59827],[-6.88164,40.59848],[-6.86799,40.59544],[-6.8649,40.59572],[-6.86421,40.59842],[-6.86059,40.60346],[-6.85723,40.61139],[-6.85436,40.61557],[-6.85239,40.62431],[-6.85304,40.62976],[-6.85616,40.6391],[-6.8562,40.6435],[-6.85821,40.6635],[-6.8603,40.66962],[-6.85873,40.67335],[-6.85635,40.67527],[-6.8467,40.68067],[-6.84391,40.68172],[-6.84355,40.68579],[-6.84714,40.69142],[-6.84905,40.69663],[-6.84943,40.70147],[-6.85287,40.7073],[-6.85284,40.70999],[-6.85146,40.71298],[-6.85111,40.71609],[-6.84839,40.71965],[-6.84359,40.72155],[-6.83455,40.72076],[-6.82068,40.7201],[-6.81235,40.71897],[-6.81746,40.72551],[-6.82225,40.72926],[-6.824,40.73139],[-6.82496,40.73705],[-6.82868,40.74112],[-6.83062,40.75341],[-6.82746,40.76182],[-6.82753,40.7644],[-6.82583,40.76893],[-6.82765,40.77267],[-6.82782,40.77729],[-6.82472,40.7854],[-6.8197,40.79287],[-6.81888,40.79832],[-6.81704,40.80132],[-6.81746,40.80777],[-6.81937,40.81312],[-6.82276,40.81917],[-6.8225,40.82338],[-6.82332,40.82579],[-6.82278,40.83106],[-6.82082,40.834],[-6.82009,40.83761],[-6.81796,40.84004],[-6.81226,40.84215],[-6.80991,40.84398],[-6.80671,40.84512],[-6.80229,40.84522],[-6.80038,40.84833],[-6.8014,40.85278],[-6.80344,40.85699],[-6.80204,40.86099],[-6.80417,40.86431],[-6.80471,40.86901],[-6.80653,40.8726],[-6.80871,40.88181],[-6.8094,40.88264],[-6.81655,40.88199],[-6.82024,40.8828],[-6.82308,40.88439],[-6.82773,40.88463],[-6.83099,40.88576],[-6.83401,40.88796],[-6.83692,40.88906],[-6.84168,40.89304],[-6.84538,40.89818],[-6.84864,40.90128],[-6.84987,40.9067],[-6.84914,40.91045],[-6.84927,40.91522],[-6.84819,40.9182],[-6.8494,40.92227],[-6.84909,40.92452],[-6.85274,40.92937],[-6.85389,40.93203],[-6.85373,40.93557],[-6.85689,40.93977],[-6.85749,40.94228],[-6.8597,40.94597],[-6.86026,40.94889],[-6.86897,40.95809],[-6.87508,40.96059],[-6.87848,40.96435],[-6.88712,40.97183],[-6.89121,40.97815],[-6.892,40.98141],[-6.89829,40.98511],[-6.90341,40.98927],[-6.9051,40.99336],[-6.90858,40.99887],[-6.91021,40.99977],[-6.91822,41.0017],[-6.92119,41.00363],[-6.92284,41.00633],[-6.92438,41.0114],[-6.92867,41.01441],[-6.93099,41.01804],[-6.93089,41.02077],[-6.92786,41.03041],[-6.91918,41.03705],[-6.91395,41.03859],[-6.90851,41.0378],[-6.90284,41.03483],[-6.89513,41.03345],[-6.88896,41.03125],[-6.87766,41.02831],[-6.87004,41.02776],[-6.86627,41.02698],[-6.85977,41.02774],[-6.85306,41.02702],[-6.83606,41.02829],[-6.82792,41.03101],[-6.82278,41.0318],[-6.81398,41.03552],[-6.80842,41.0366],[-6.80669,41.04428],[-6.7967,41.05239],[-6.79071,41.05661],[-6.78716,41.06215],[-6.78095,41.06647],[-6.77746,41.0723],[-6.77353,41.07468],[-6.77251,41.07687],[-6.77341,41.08111],[-6.77176,41.08506],[-6.76959,41.08733],[-6.7641,41.0908],[-6.76254,41.0944],[-6.76034,41.09655],[-6.75738,41.09804],[-6.7549,41.10101],[-6.75449,41.10458],[-6.75804,41.10767],[-6.76182,41.11505],[-6.76962,41.12393],[-6.77022,41.12985],[-6.76648,41.13511],[-6.75916,41.13905],[-6.75179,41.14092],[-6.74835,41.14356],[-6.74577,41.1467],[-6.73907,41.15069],[-6.73798,41.15411],[-6.73031,41.16257],[-6.72739,41.16406],[-6.7214,41.16605],[-6.71474,41.1696],[-6.70918,41.17358],[-6.70779,41.17628],[-6.70554,41.1783],[-6.70207,41.17991],[-6.6982,41.18359],[-6.69662,41.18639],[-6.69616,41.18983],[-6.69426,41.19255],[-6.69104,41.19521],[-6.68914,41.1993],[-6.68835,41.20346],[-6.68865,41.20791],[-6.68064,41.2179],[-6.67816,41.21982],[-6.67087,41.2237],[-6.66762,41.22666],[-6.6641,41.23124],[-6.66021,41.23352],[-6.6554,41.23443],[-6.65301,41.2356],[-6.64991,41.24207],[-6.64602,41.24492],[-6.64256,41.24573],[-6.63897,41.24552],[-6.63014,41.24271],[-6.62513,41.24433],[-6.62205,41.2465],[-6.619,41.24756],[-6.61309,41.24847],[-6.60959,41.24844],[-6.60636,41.24746],[-6.6033,41.24509],[-6.59933,41.24429],[-6.5926,41.2456],[-6.5892,41.24495],[-6.58638,41.2434],[-6.58149,41.23963],[-6.57634,41.23882],[-6.57132,41.23909],[-6.56713,41.24249],[-6.56349,41.24347],[-6.55538,41.24417],[-6.55208,41.24527],[-6.5506,41.24727],[-6.54762,41.25569],[-6.54591,41.25799],[-6.53957,41.26128],[-6.53036,41.26678],[-6.52797,41.26884],[-6.52296,41.2705],[-6.51932,41.27031],[-6.51606,41.2691],[-6.51188,41.26438],[-6.50991,41.2638],[-6.50461,41.26522],[-6.4974,41.26558],[-6.49047,41.26953],[-6.48144,41.27292],[-6.47882,41.27493],[-6.47885,41.2769],[-6.48675,41.28195],[-6.48848,41.28455],[-6.48869,41.28747],[-6.48614,41.29141],[-6.48262,41.29362],[-6.47665,41.2959],[-6.47373,41.29861],[-6.47022,41.29998],[-6.46631,41.30017],[-6.45961,41.29811],[-6.45199,41.2984],[-6.44668,41.30014],[-6.44348,41.30246],[-6.43824,41.30528],[-6.43719,41.30715],[-6.43906,41.31063],[-6.43871,41.31359],[-6.43472,41.31921],[-6.43225,41.32088],[-6.42415,41.32397],[-6.41867,41.32721],[-6.42364,41.33184],[-6.42457,41.33439],[-6.4242,41.33705],[-6.41996,41.3432],[-6.41498,41.34768],[-6.4078,41.34998],[-6.39848,41.35057],[-6.39239,41.35024],[-6.3872,41.35332],[-6.38078,41.35643],[-6.37741,41.35986],[-6.37763,41.36283],[-6.38011,41.36417],[-6.38705,41.36461],[-6.39201,41.36798],[-6.39333,41.37032],[-6.39362,41.37781],[-6.39192,41.38233],[-6.38796,41.38573],[-6.38263,41.38742],[-6.37858,41.38756],[-6.37351,41.38885],[-6.36993,41.3888],[-6.36665,41.38775],[-6.36112,41.38251],[-6.35763,41.37989],[-6.35471,41.37865],[-6.34988,41.37827],[-6.34319,41.37981],[-6.3377,41.38207],[-6.33355,41.3844],[-6.32622,41.38651],[-6.31845,41.38617],[-6.31586,41.38997],[-6.31761,41.39433],[-6.31758,41.39663],[-6.32044,41.40089],[-6.32468,41.4028],[-6.32761,41.4063],[-6.32787,41.40909],[-6.32669,41.41177],[-6.32426,41.41392],[-6.31403,41.41702],[-6.3091,41.41981],[-6.30318,41.42686],[-6.29975,41.42936],[-6.29507,41.43561],[-6.29735,41.43961],[-6.30272,41.44496],[-6.30392,41.44772],[-6.30355,41.45063],[-6.30136,41.45394],[-6.29573,41.46023],[-6.28768,41.46521],[-6.2855,41.46806],[-6.28503,41.47124],[-6.28572,41.47529],[-6.28469,41.47821],[-6.28218,41.48057],[-6.27395,41.48363],[-6.26841,41.48658],[-6.26248,41.48659],[-6.26318,41.48986],[-6.26134,41.49404],[-6.25844,41.49605],[-6.25297,41.49836],[-6.25061,41.50059],[-6.25349,41.50752],[-6.25272,41.51144],[-6.2507,41.51364],[-6.244,41.51646],[-6.2411,41.51966],[-6.23655,41.52229],[-6.23359,41.52687],[-6.22929,41.53133],[-6.22569,41.53583],[-6.22074,41.53932],[-6.21769,41.54312],[-6.21679,41.54541],[-6.21676,41.54968],[-6.21596,41.55238],[-6.21115,41.56027],[-6.20417,41.56549],[-6.20155,41.56838],[-6.19348,41.57358],[-6.18952,41.57502],[-6.19483,41.58273],[-6.19693,41.58959],[-6.20096,41.59451],[-6.20836,41.59934],[-6.21322,41.59946],[-6.21731,41.60022],[-6.22281,41.60228],[-6.22791,41.60351],[-6.23449,41.6071],[-6.24157,41.61616],[-6.24487,41.62181],[-6.25354,41.63313],[-6.25934,41.6373],[-6.26894,41.64325],[-6.27633,41.64737],[-6.28219,41.65236],[-6.28829,41.65649],[-6.29559,41.66017],[-6.30294,41.6629],[-6.31536,41.66545],[-6.31968,41.66688],[-6.32375,41.66729],[-6.33241,41.67038],[-6.3387,41.67172],[-6.34293,41.67343],[-6.35677,41.67703],[-6.36066,41.67746],[-6.36621,41.67501],[-6.37499,41.67399],[-6.3914,41.67702],[-6.39552,41.67723],[-6.40295,41.67956],[-6.40593,41.68102],[-6.41264,41.67938],[-6.41659,41.67917],[-6.41961,41.67983],[-6.42445,41.67945],[-6.42787,41.68008],[-6.44265,41.6848],[-6.44631,41.68452],[-6.44954,41.68326],[-6.4522,41.68109],[-6.45272,41.67535],[-6.45608,41.66985],[-6.46028,41.66732],[-6.46785,41.66666],[-6.47475,41.66395],[-6.47999,41.66067],[-6.48839,41.65763],[-6.49253,41.65725],[-6.50202,41.65807],[-6.51111,41.66109],[-6.51778,41.6667],[-6.51912,41.66871],[-6.52585,41.67302],[-6.5276,41.67489],[-6.53471,41.67667],[-6.54184,41.68042],[-6.54824,41.68564],[-6.55346,41.69341],[-6.55557,41.69227],[-6.55837,41.6869],[-6.56041,41.68539],[-6.56325,41.68073],[-6.56771,41.67798],[-6.56842,41.67471],[-6.57018,41.67096],[-6.57013,41.66582],[-6.57254,41.66177],[-6.57663,41.65946],[-6.5803,41.65876],[-6.58841,41.65929],[-6.59839,41.6633],[-6.60117,41.66578],[-6.6071,41.66735],[-6.61179,41.66759],[-6.62281,41.66619],[-6.62748,41.66522],[-6.63272,41.66558],[-6.63751,41.66509],[-6.6426,41.66607],[-6.64506,41.66355],[-6.64217,41.66043],[-6.64058,41.65765],[-6.63966,41.65258],[-6.6401,41.64888],[-6.64156,41.64346],[-6.64051,41.63965],[-6.63855,41.6373],[-6.63741,41.63421],[-6.63823,41.63029],[-6.64028,41.6281],[-6.64711,41.62296],[-6.64827,41.61494],[-6.65163,41.60984],[-6.65027,41.60725],[-6.65097,41.60277],[-6.65469,41.59855],[-6.65468,41.59555],[-6.65767,41.58973],[-6.66196,41.58694],[-6.66909,41.58579],[-6.6707,41.58455],[-6.67031,41.5807],[-6.67092,41.57776],[-6.67304,41.57523],[-6.6772,41.57238],[-6.6779,41.56706],[-6.67471,41.56248],[-6.67479,41.55851],[-6.67163,41.55667],[-6.66933,41.55285],[-6.66961,41.55002],[-6.67117,41.54737],[-6.67203,41.5404],[-6.67398,41.53691],[-6.67037,41.53195],[-6.66913,41.52779],[-6.6696,41.5251],[-6.67334,41.51932],[-6.67262,41.51023],[-6.6733,41.50644],[-6.67082,41.50379],[-6.66907,41.50048],[-6.66506,41.49858],[-6.66306,41.49602],[-6.66247,41.49351],[-6.66069,41.49188],[-6.65941,41.48764],[-6.66076,41.48202],[-6.65973,41.47797],[-6.6613,41.4738],[-6.66362,41.46961],[-6.66676,41.46626],[-6.67274,41.46169],[-6.67311,41.45679],[-6.67597,41.45309],[-6.67937,41.45131],[-6.68369,41.44572],[-6.69501,41.4391],[-6.69932,41.43817],[-6.70265,41.43674],[-6.70619,41.43418],[-6.71175,41.43317],[-6.71543,41.43393],[-6.72044,41.43648],[-6.72484,41.43602],[-6.72905,41.43262],[-6.73059,41.43043],[-6.73458,41.4277],[-6.73804,41.42697],[-6.7428,41.42752],[-6.74572,41.42595],[-6.75246,41.42368],[-6.75376,41.42236],[-6.76397,41.41591],[-6.77078,41.4143],[-6.77673,41.41447],[-6.78456,41.41199],[-6.78719,41.40937],[-6.79017,41.40793],[-6.79572,41.40684],[-6.79947,41.40746],[-6.80256,41.40916],[-6.80449,41.41164],[-6.80543,41.41591],[-6.80699,41.41757],[-6.80835,41.42112],[-6.80903,41.42771],[-6.81342,41.42706],[-6.8214,41.42669],[-6.8295,41.42246],[-6.83111,41.42006],[-6.83466,41.4172],[-6.84042,41.41554],[-6.85056,41.40725],[-6.85559,41.40565],[-6.85844,41.40247],[-6.85952,41.39536],[-6.86143,41.39307],[-6.86419,41.39151],[-6.86818,41.38798],[-6.87316,41.38546],[-6.87238,41.38186],[-6.87305,41.3792],[-6.87563,41.37636],[-6.87549,41.37331],[-6.87831,41.36687],[-6.87839,41.36487],[-6.88147,41.36068],[-6.86913,41.35246],[-6.86436,41.35222],[-6.8589,41.35022],[-6.85376,41.34559],[-6.84215,41.34424],[-6.83731,41.34636],[-6.83376,41.34728],[-6.83003,41.34711],[-6.82536,41.3449],[-6.82355,41.34246],[-6.82312,41.33966],[-6.82416,41.33694],[-6.8267,41.3332],[-6.82738,41.33065],[-6.82634,41.32701],[-6.82652,41.3242],[-6.83229,41.31662],[-6.83755,41.31252],[-6.84306,41.3104],[-6.85084,41.31059],[-6.85504,41.30963],[-6.85954,41.30535],[-6.86289,41.29696],[-6.86612,41.29328],[-6.87086,41.29107],[-6.8734,41.28853],[-6.87571,41.28227],[-6.88094,41.27559],[-6.88243,41.2709],[-6.88155,41.26396],[-6.88348,41.25973],[-6.88647,41.25772],[-6.88951,41.25675],[-6.89302,41.25429],[-6.89836,41.25347],[-6.90184,41.25423],[-6.9066,41.25695],[-6.90952,41.25755],[-6.91245,41.25558],[-6.91285,41.25281],[-6.91142,41.24939],[-6.91291,41.24516],[-6.91561,41.24302],[-6.92317,41.2414],[-6.92698,41.24202],[-6.93012,41.24375],[-6.93258,41.24667],[-6.93689,41.24726],[-6.9463,41.24538],[-6.95294,41.24648],[-6.95941,41.25021],[-6.96819,41.24941],[-6.97311,41.25076],[-6.97833,41.25474],[-6.98532,41.25502],[-6.98905,41.25597],[-6.99753,41.25987],[-7.00226,41.26252],[-7.00782,41.2663],[-7.00921,41.26818],[-7.01636,41.27211],[-7.01955,41.27326],[-7.02215,41.27534],[-7.02703,41.28135],[-7.0284,41.28395],[-7.03269,41.2857],[-7.03547,41.28756],[-7.04792,41.30229],[-7.05399,41.30275],[-7.06005,41.30624],[-7.06187,41.30867],[-7.06231,41.31147],[-7.06129,41.31419],[-7.05746,41.31885],[-7.0409,41.33034],[-7.02816,41.33786],[-7.02431,41.33972],[-7.0163,41.34099],[-7.01409,41.34204],[-7.01229,41.34579],[-7.01174,41.35111],[-7.01455,41.35639],[-7.01857,41.36262],[-7.02329,41.36632],[-7.02405,41.36891],[-7.02341,41.37541],[-7.03272,41.37127],[-7.03598,41.37068],[-7.05011,41.37004],[-7.06329,41.36862],[-7.06779,41.36966],[-7.0721,41.36961],[-7.07634,41.3678],[-7.09023,41.36584],[-7.09749,41.36459],[-7.10143,41.36511],[-7.10471,41.36681],[-7.1107,41.37464],[-7.11491,41.38371],[-7.11734,41.39126],[-7.11705,41.3933],[-7.11893,41.39963],[-7.11854,41.40247],[-7.11994,41.40532],[-7.12438,41.40712],[-7.12857,41.41054],[-7.12964,41.4133],[-7.13003,41.41836],[-7.12874,41.42134],[-7.12869,41.42392],[-7.13052,41.42962],[-7.13055,41.43367],[-7.1295,41.43874],[-7.13184,41.44511],[-7.13123,41.44797],[-7.12778,41.45308],[-7.12795,41.45824],[-7.13151,41.46254],[-7.13296,41.46778],[-7.14194,41.47895],[-7.14276,41.48336],[-7.14193,41.48852],[-7.14231,41.49181],[-7.1405,41.49556],[-7.13792,41.49742],[-7.13121,41.49958],[-7.1215,41.5009],[-7.11534,41.50309],[-7.11263,41.50356],[-7.11304,41.50723],[-7.11111,41.51125],[-7.10826,41.51318],[-7.10425,41.51424],[-7.10032,41.51402],[-7.09089,41.51135],[-7.08913,41.51023],[-7.07998,41.51022],[-7.07397,41.50887],[-7.07048,41.50585],[-7.06964,41.50322],[-7.06905,41.49388],[-7.06763,41.49221],[-7.06255,41.49043],[-7.05829,41.48755],[-7.0545,41.48704],[-7.05077,41.4876],[-7.04683,41.48699],[-7.0402,41.48384],[-7.03769,41.48208],[-7.02973,41.48436],[-7.02449,41.48535],[-7.02289,41.49374],[-7.01572,41.50844],[-7.0122,41.51272],[-7.01052,41.51705],[-7.00569,41.52226],[-7.00218,41.52952],[-7.00151,41.53841],[-6.99997,41.5412],[-6.99844,41.54885],[-6.9985,41.55233],[-6.99618,41.55628],[-6.99992,41.56061],[-7.00069,41.56325],[-7.00009,41.56594],[-6.9967,41.57044],[-6.99665,41.57394],[-6.99751,41.57613],[-7.00158,41.58071],[-7.00417,41.58228],[-7.00898,41.58329],[-7.01724,41.58204],[-7.02171,41.58213],[-7.0262,41.58041],[-7.03174,41.57909],[-7.03541,41.57915],[-7.04015,41.58055],[-7.04781,41.58171],[-7.05844,41.58061],[-7.06597,41.57819],[-7.07001,41.57818],[-7.07367,41.57941],[-7.08235,41.58438],[-7.08415,41.58645],[-7.08546,41.59006],[-7.08826,41.59201],[-7.08968,41.59455],[-7.08969,41.5998],[-7.08604,41.60413],[-7.08276,41.60998],[-7.08189,41.61467],[-7.09231,41.61687],[-7.0977,41.61836],[-7.10307,41.62174],[-7.1058,41.62611],[-7.10619,41.62864],[-7.10401,41.63537],[-7.10082,41.63834],[-7.0953,41.64084],[-7.08859,41.6407],[-7.08304,41.64221],[-7.0758,41.64096],[-7.0732,41.63909],[-7.07032,41.63225],[-7.06221,41.63166],[-7.05801,41.63068],[-7.04638,41.62953],[-7.04291,41.62827],[-7.03487,41.62344],[-7.03277,41.62055],[-7.03004,41.62007],[-7.02005,41.61404],[-7.01334,41.61422],[-7.00701,41.61553],[-7.00008,41.61791],[-7.00042,41.62003],[-7.00526,41.62217],[-7.00815,41.62527],[-7.01093,41.63316],[-7.01688,41.64178],[-7.0175,41.64756],[-7.01592,41.6518],[-7.01391,41.65412],[-7.02296,41.66301],[-7.02375,41.66835],[-7.02087,41.67185],[-7.01663,41.67416],[-7.01268,41.67999],[-7.00936,41.68268],[-7.00536,41.68837],[-7.00296,41.69094],[-7.00038,41.69817],[-6.99873,41.70074],[-6.99888,41.70786],[-6.99743,41.71046],[-7.00392,41.71586],[-7.00709,41.71726],[-7.01026,41.72089],[-7.01607,41.72227],[-7.01839,41.72419],[-7.02231,41.72969],[-7.02854,41.73053],[-7.03819,41.73419],[-7.04856,41.7405],[-7.0556,41.74572],[-7.06256,41.75],[-7.06666,41.75114],[-7.0693,41.75321],[-7.07062,41.7559],[-7.0708,41.76252],[-7.06997,41.7663],[-7.06392,41.77437],[-7.06052,41.77728],[-7.06011,41.77898],[-7.06237,41.78069],[-7.06381,41.7835],[-7.06865,41.78632],[-7.07152,41.79012],[-7.07245,41.79283],[-7.0728,41.79761],[-7.07465,41.80237],[-7.07729,41.80629],[-7.07816,41.80955],[-7.07842,41.81451],[-7.07791,41.81832],[-7.08389,41.8188],[-7.09134,41.81706],[-7.09393,41.81487],[-7.09873,41.81266],[-7.09959,41.81047],[-7.10501,41.80654],[-7.10896,41.80577],[-7.11448,41.80675],[-7.11945,41.80507],[-7.12532,41.80517],[-7.13002,41.80625],[-7.13466,41.80864],[-7.13569,41.80515],[-7.13815,41.80009],[-7.1404,41.79777],[-7.14374,41.79624],[-7.14613,41.79327],[-7.14888,41.79123],[-7.15236,41.78591],[-7.15603,41.78287],[-7.1601,41.77736],[-7.16417,41.77402],[-7.16781,41.7727],[-7.17183,41.7726],[-7.17761,41.77435],[-7.18021,41.77629],[-7.1817,41.77863],[-7.18658,41.7806],[-7.18939,41.78333],[-7.19453,41.782],[-7.20069,41.78208],[-7.20999,41.78067],[-7.21444,41.77678],[-7.21473,41.77377],[-7.21773,41.77033],[-7.22304,41.76723],[-7.21966,41.76369],[-7.21928,41.75883],[-7.22057,41.75641],[-7.22291,41.75447],[-7.23214,41.74966],[-7.2433,41.74664],[-7.24362,41.73957],[-7.24002,41.73662],[-7.23779,41.73275],[-7.23758,41.73005],[-7.23976,41.72632],[-7.24257,41.72458],[-7.24687,41.72321],[-7.25033,41.71975],[-7.25524,41.7184],[-7.262,41.71849],[-7.26607,41.71959],[-7.27953,41.72131],[-7.28121,41.72088],[-7.28737,41.71416],[-7.29125,41.70937],[-7.29315,41.7059],[-7.29769,41.70302],[-7.30178,41.70225],[-7.31063,41.69564],[-7.31162,41.69118],[-7.31362,41.68868],[-7.31676,41.68695],[-7.32225,41.686],[-7.32634,41.68664],[-7.32869,41.68776],[-7.33691,41.68888],[-7.34537,41.69167],[-7.35822,41.69276],[-7.3621,41.69365],[-7.36555,41.69576],[-7.36826,41.69863],[-7.36892,41.70135],[-7.36691,41.7092],[-7.36624,41.71483],[-7.36804,41.72044],[-7.37088,41.72729],[-7.37257,41.72962],[-7.37589,41.73013],[-7.38917,41.73432],[-7.39749,41.73669],[-7.40126,41.74002],[-7.40196,41.74292],[-7.40048,41.751],[-7.39882,41.7532],[-7.39308,41.763],[-7.39184,41.76614],[-7.38963,41.76818],[-7.38662,41.76951],[-7.38008,41.77134],[-7.37742,41.77357],[-7.36992,41.77719],[-7.36394,41.78124],[-7.36053,41.78256],[-7.35473,41.78623],[-7.36297,41.79344],[-7.36546,41.79941],[-7.36564,41.80225],[-7.36318,41.80609],[-7.35947,41.80832],[-7.35508,41.81209],[-7.35918,41.81667],[-7.36588,41.82125],[-7.36725,41.82522],[-7.36694,41.82861],[-7.36336,41.8352],[-7.35751,41.8419],[-7.36379,41.85264],[-7.3669,41.85179],[-7.37888,41.84565],[-7.38671,41.84259],[-7.38994,41.84229],[-7.39029,41.83892],[-7.39756,41.82757],[-7.4019,41.82549],[-7.40359,41.82091],[-7.40747,41.8175],[-7.41325,41.81496],[-7.41905,41.81472],[-7.42253,41.81601],[-7.42617,41.81925],[-7.42727,41.82333],[-7.42506,41.82899],[-7.4267,41.83281],[-7.4344,41.83533],[-7.44394,41.84083],[-7.44693,41.84394],[-7.44778,41.84644],[-7.44828,41.85363],[-7.44559,41.85766],[-7.45272,41.86506],[-7.45857,41.86387],[-7.46502,41.86347],[-7.47452,41.86383],[-7.47914,41.86284],[-7.48294,41.8631],[-7.48628,41.86445],[-7.48863,41.86667],[-7.49103,41.87132],[-7.49743,41.87065],[-7.50178,41.86971],[-7.50689,41.86681],[-7.51086,41.86566],[-7.51301,41.8623],[-7.51072,41.8579],[-7.50803,41.85423],[-7.50792,41.85156],[-7.51016,41.84793],[-7.52012,41.84247],[-7.53874,41.83712],[-7.54199,41.83704],[-7.54563,41.83587],[-7.54882,41.83572],[-7.55323,41.83438],[-7.55866,41.83452],[-7.56621,41.83304],[-7.5718,41.83096],[-7.57542,41.83067],[-7.58909,41.83151],[-7.59356,41.83283],[-7.59874,41.83315],[-7.60939,41.82979],[-7.61175,41.82943],[-7.61123,41.82732],[-7.60493,41.824],[-7.59596,41.82404],[-7.59242,41.82262],[-7.58455,41.81719],[-7.5807,41.81235],[-7.57963,41.80919],[-7.57983,41.80614],[-7.58284,41.80174],[-7.58656,41.7995],[-7.58879,41.7954],[-7.59063,41.78691],[-7.58951,41.78632],[-7.58047,41.77881],[-7.57888,41.77505],[-7.58039,41.76709],[-7.57493,41.75971],[-7.57233,41.75516],[-7.56418,41.74603],[-7.56347,41.7431],[-7.56392,41.73894],[-7.565,41.73601],[-7.56865,41.733],[-7.57439,41.72696],[-7.57712,41.72516],[-7.58244,41.72414],[-7.58474,41.72132],[-7.59084,41.71674],[-7.59542,41.71064],[-7.60027,41.70598],[-7.59915,41.70247],[-7.60016,41.69864],[-7.60327,41.69494],[-7.60329,41.68968],[-7.59814,41.68349],[-7.59718,41.68042],[-7.59714,41.67665],[-7.59512,41.67382],[-7.59449,41.67083],[-7.59811,41.66252],[-7.60191,41.65909],[-7.60506,41.65498],[-7.60752,41.65321],[-7.61236,41.65099],[-7.61601,41.65042],[-7.61937,41.6479],[-7.61935,41.64304],[-7.62077,41.64055],[-7.6233,41.63862],[-7.62693,41.63735],[-7.63334,41.63652],[-7.63665,41.63532],[-7.64296,41.6357],[-7.65059,41.63279],[-7.65752,41.62964],[-7.66067,41.62751],[-7.66536,41.62616],[-7.67423,41.61557],[-7.67323,41.61053],[-7.67549,41.60627],[-7.66788,41.6041],[-7.6557,41.60283],[-7.64805,41.60375],[-7.64525,41.60524],[-7.63904,41.60636],[-7.6322,41.60677],[-7.62874,41.6065],[-7.62566,41.60531],[-7.62308,41.60301],[-7.61679,41.60146],[-7.60854,41.60026],[-7.59161,41.6018],[-7.58787,41.60098],[-7.57542,41.59602],[-7.56882,41.59883],[-7.56302,41.59896],[-7.55825,41.59655],[-7.55653,41.59394],[-7.55558,41.58919],[-7.55673,41.57691],[-7.55166,41.5657],[-7.54419,41.56351],[-7.53617,41.56236],[-7.52545,41.56349],[-7.523,41.56664],[-7.52658,41.56819],[-7.52871,41.57049],[-7.53004,41.57456],[-7.52925,41.58535],[-7.52623,41.5888],[-7.52303,41.59018],[-7.5194,41.59056],[-7.51586,41.58989],[-7.51185,41.58718],[-7.50714,41.58139],[-7.49795,41.58573],[-7.49575,41.59042],[-7.49318,41.59264],[-7.48967,41.59393],[-7.48356,41.59393],[-7.48013,41.59326],[-7.47478,41.59608],[-7.47667,41.60006],[-7.48279,41.60437],[-7.49107,41.61433],[-7.4916,41.61933],[-7.49425,41.62329],[-7.49745,41.62691],[-7.49775,41.62997],[-7.49925,41.63468],[-7.49862,41.64163],[-7.49377,41.64668],[-7.49354,41.65106],[-7.49112,41.65588],[-7.48865,41.65805],[-7.48275,41.66027],[-7.4756,41.66059],[-7.47073,41.66319],[-7.46574,41.67209],[-7.46444,41.67362],[-7.46134,41.68102],[-7.45578,41.68533],[-7.4536,41.68768],[-7.44971,41.68969],[-7.44329,41.69081],[-7.44168,41.69372],[-7.43809,41.69667],[-7.43068,41.69841],[-7.42691,41.70008],[-7.41498,41.70322],[-7.40713,41.70642],[-7.39869,41.70746],[-7.395,41.70686],[-7.39194,41.70524],[-7.38769,41.70104],[-7.37915,41.70058],[-7.37589,41.69944],[-7.37345,41.69747],[-7.37217,41.69495],[-7.37278,41.69093],[-7.37516,41.68797],[-7.37702,41.68338],[-7.37765,41.67591],[-7.37528,41.67235],[-7.37471,41.66239],[-7.37283,41.65722],[-7.37383,41.65322],[-7.37605,41.65104],[-7.38079,41.64917],[-7.38514,41.64625],[-7.38919,41.64504],[-7.38539,41.63814],[-7.38055,41.62726],[-7.38012,41.62541],[-7.37697,41.62211],[-7.37262,41.61858],[-7.36823,41.61707],[-7.36513,41.61332],[-7.36502,41.61032],[-7.36614,41.60646],[-7.36943,41.60322],[-7.37449,41.60178],[-7.38522,41.60113],[-7.39171,41.60132],[-7.40239,41.60275],[-7.41183,41.60636],[-7.41861,41.60531],[-7.4239,41.60624],[-7.42469,41.60348],[-7.42213,41.60034],[-7.42187,41.59751],[-7.42309,41.5948],[-7.42637,41.59172],[-7.42678,41.58798],[-7.4321,41.58106],[-7.43502,41.57912],[-7.44432,41.57495],[-7.44905,41.57381],[-7.45396,41.57116],[-7.45725,41.57074],[-7.45901,41.56704],[-7.46207,41.56402],[-7.46093,41.55455],[-7.46124,41.55316],[-7.46586,41.544],[-7.46827,41.54188],[-7.47233,41.53958],[-7.47622,41.53865],[-7.48325,41.53372],[-7.49014,41.53112],[-7.49836,41.52708],[-7.49861,41.52648],[-7.48893,41.51324],[-7.48398,41.5022],[-7.48094,41.49875],[-7.48033,41.49618],[-7.47791,41.49383],[-7.47538,41.48956],[-7.4752,41.48559],[-7.47265,41.4789],[-7.47327,41.475],[-7.4747,41.4731],[-7.47504,41.46988],[-7.47652,41.46741],[-7.47979,41.46475],[-7.48155,41.46234],[-7.48436,41.46037],[-7.48342,41.45674],[-7.4778,41.45636],[-7.46401,41.4523],[-7.45384,41.45806],[-7.44644,41.45922],[-7.44137,41.45835],[-7.43669,41.45844],[-7.4338,41.4576],[-7.42511,41.45707],[-7.42183,41.4559],[-7.41939,41.45387],[-7.41816,41.45129],[-7.41892,41.44722],[-7.42322,41.44238],[-7.42521,41.43566],[-7.42518,41.4309],[-7.42746,41.42724],[-7.43029,41.42555],[-7.43553,41.42472],[-7.43897,41.42543],[-7.44185,41.42692],[-7.44743,41.42869],[-7.45276,41.43096],[-7.4595,41.43114],[-7.47767,41.42881],[-7.48419,41.42249],[-7.4825,41.41735],[-7.47474,41.41073],[-7.46974,41.40824],[-7.46779,41.40419],[-7.4648,41.40124],[-7.45755,41.39744],[-7.45286,41.39137],[-7.45267,41.38852],[-7.45413,41.38538],[-7.45765,41.38255],[-7.45853,41.38032],[-7.4583,41.37197],[-7.45946,41.36952],[-7.46298,41.36488],[-7.47182,41.35013],[-7.47339,41.34874],[-7.47281,41.34246],[-7.46959,41.33741],[-7.46395,41.33455],[-7.45744,41.33208],[-7.455,41.33004],[-7.45378,41.32744],[-7.45408,41.32026],[-7.45577,41.31506],[-7.45788,41.31289],[-7.46087,41.31144],[-7.46452,41.31073],[-7.47125,41.31055],[-7.47362,41.30997],[-7.48163,41.30474],[-7.48994,41.30178],[-7.49543,41.30187],[-7.50219,41.30396],[-7.50578,41.30671],[-7.50731,41.30982],[-7.5146,41.31309],[-7.5171,41.31499],[-7.51847,41.31747],[-7.5186,41.32111],[-7.5169,41.32389],[-7.51163,41.32798],[-7.50899,41.33307],[-7.50549,41.33546],[-7.5015,41.34157],[-7.50103,41.34454],[-7.50495,41.34335],[-7.52224,41.34017],[-7.52591,41.34034],[-7.53054,41.3425],[-7.53382,41.34806],[-7.53888,41.34672],[-7.54685,41.34249],[-7.55596,41.34179],[-7.56014,41.34221],[-7.56545,41.34202],[-7.56994,41.33792],[-7.57268,41.33635],[-7.57665,41.33077],[-7.5739,41.32234],[-7.5711,41.31848],[-7.57092,41.31358],[-7.57432,41.30849],[-7.57719,41.30667],[-7.58253,41.3046],[-7.58932,41.29947],[-7.59371,41.29765],[-7.59884,41.29435],[-7.60424,41.29345],[-7.60778,41.29419],[-7.61067,41.2959],[-7.61655,41.30163],[-7.62126,41.29669],[-7.6237,41.2928],[-7.62683,41.29081],[-7.63217,41.28325],[-7.63492,41.27845],[-7.63797,41.27678],[-7.64067,41.27413],[-7.64351,41.27249],[-7.6457,41.26977],[-7.65346,41.26488],[-7.64844,41.26402],[-7.64546,41.26254],[-7.64289,41.25902],[-7.6428,41.2563],[-7.64406,41.25373],[-7.64761,41.25051],[-7.6515,41.2486],[-7.65221,41.24504],[-7.65397,41.2426],[-7.6585,41.24027],[-7.67156,41.2371],[-7.67696,41.23789],[-7.67996,41.23981],[-7.68341,41.24098],[-7.68929,41.24042],[-7.69498,41.24137],[-7.69934,41.23864],[-7.705,41.23655],[-7.70905,41.2363],[-7.71327,41.23708],[-7.71829,41.23975],[-7.72015,41.24201],[-7.72059,41.24598],[-7.71926,41.24848],[-7.71324,41.25393],[-7.70981,41.25563],[-7.70669,41.25617],[-7.69925,41.2587],[-7.70001,41.26118],[-7.70031,41.26638],[-7.71337,41.27523],[-7.71586,41.27931],[-7.71952,41.2825],[-7.72029,41.28529],[-7.71864,41.28939],[-7.71147,41.29411],[-7.70795,41.29573],[-7.7034,41.29607],[-7.6979,41.29725],[-7.69577,41.29829],[-7.6936,41.30453],[-7.69507,41.3064],[-7.69861,41.30818],[-7.70202,41.30723],[-7.70608,41.30748],[-7.71564,41.31138],[-7.71814,41.31275],[-7.72904,41.31572],[-7.73408,41.31528],[-7.73789,41.31612],[-7.74219,41.31805],[-7.74518,41.31683],[-7.7494,41.31343],[-7.75426,41.30808],[-7.75582,41.30523],[-7.76118,41.29955],[-7.76312,41.29847],[-7.76691,41.29356],[-7.76899,41.28896],[-7.77163,41.28707],[-7.77677,41.28487],[-7.78766,41.28222],[-7.79025,41.27252],[-7.78937,41.26724],[-7.79044,41.26441],[-7.79289,41.26211],[-7.79633,41.26072],[-7.80119,41.26054],[-7.80642,41.25785],[-7.81003,41.25764],[-7.81345,41.25846],[-7.81796,41.26213],[-7.8215,41.26283],[-7.82854,41.26569],[-7.83478,41.26428],[-7.84024,41.26549],[-7.84441,41.26387],[-7.84904,41.26348],[-7.85772,41.26614],[-7.86549,41.26467],[-7.86921,41.26286],[-7.87277,41.26224],[-7.8769,41.26282],[-7.88409,41.25883],[-7.88779,41.25842],[-7.89139,41.25911],[-7.89542,41.26194],[-7.8966,41.2646],[-7.89649,41.26752],[-7.90276,41.27143],[-7.90969,41.27332],[-7.91259,41.27536],[-7.9141,41.27813],[-7.91463,41.28168],[-7.91728,41.28339],[-7.919,41.28567],[-7.9195,41.28829],[-7.91528,41.29694],[-7.91141,41.3002],[-7.89896,41.30763],[-7.89506,41.31499],[-7.89232,41.31663],[-7.88631,41.31822],[-7.87767,41.32168],[-7.8701,41.32534],[-7.86582,41.32588],[-7.85912,41.32764],[-7.85317,41.32774],[-7.83984,41.33975],[-7.83428,41.3435],[-7.83094,41.34719],[-7.8198,41.36416],[-7.81931,41.36709],[-7.82132,41.37802],[-7.82068,41.38062],[-7.8158,41.38986],[-7.81142,41.39269],[-7.80589,41.39331],[-7.80046,41.39774],[-7.79505,41.39985],[-7.78992,41.40884],[-7.78409,41.41196],[-7.78048,41.41211],[-7.77396,41.41039],[-7.76825,41.40584],[-7.76702,41.40373],[-7.75803,41.40453],[-7.75396,41.40565],[-7.74748,41.40539],[-7.7453,41.40659],[-7.74365,41.4097],[-7.73726,41.4158],[-7.73445,41.42156],[-7.73463,41.42569],[-7.73294,41.43155],[-7.73301,41.43377],[-7.73159,41.43667],[-7.72931,41.43866],[-7.72662,41.44389],[-7.7284,41.44609],[-7.73368,41.45613],[-7.74285,41.45799],[-7.75016,41.46153],[-7.75496,41.46618],[-7.75706,41.4671],[-7.76616,41.46957],[-7.77069,41.47204],[-7.77686,41.47669],[-7.78147,41.48454],[-7.78168,41.48846],[-7.78026,41.49089],[-7.77728,41.49334],[-7.77119,41.49686],[-7.76555,41.49756],[-7.75981,41.49682],[-7.75691,41.49763],[-7.7498,41.51277],[-7.74727,41.51523],[-7.7441,41.51676],[-7.74042,41.51727],[-7.73678,41.51669],[-7.72989,41.51426],[-7.72684,41.51144],[-7.71783,41.50665],[-7.71323,41.5147],[-7.70633,41.51868],[-7.70848,41.52196],[-7.71528,41.52541],[-7.72026,41.52971],[-7.72231,41.53232],[-7.73095,41.5343],[-7.73494,41.53679],[-7.73831,41.54098],[-7.74232,41.54286],[-7.74661,41.54374],[-7.75045,41.54599],[-7.75259,41.54954],[-7.75152,41.55671],[-7.75048,41.55908],[-7.74687,41.56253],[-7.7437,41.56394],[-7.73545,41.56474],[-7.73291,41.56749],[-7.7321,41.57221],[-7.73013,41.57486],[-7.72294,41.57881],[-7.72635,41.58086],[-7.73081,41.58739],[-7.73236,41.59282],[-7.73181,41.59726],[-7.7299,41.59979],[-7.71811,41.60784],[-7.71741,41.61197],[-7.71741,41.61745],[-7.71445,41.62147],[-7.70782,41.62507],[-7.70467,41.62613],[-7.70412,41.63159],[-7.70938,41.63512],[-7.71279,41.64011],[-7.7177,41.64062],[-7.72092,41.64195],[-7.7322,41.65232],[-7.73658,41.65048],[-7.74331,41.65041],[-7.75186,41.64721],[-7.75434,41.64524],[-7.75671,41.64082],[-7.75834,41.63402],[-7.76083,41.62064],[-7.76651,41.61396],[-7.76932,41.60904],[-7.77356,41.60368],[-7.77536,41.60045],[-7.78307,41.59429],[-7.78534,41.59116],[-7.78807,41.58933],[-7.79331,41.58829],[-7.80098,41.58889],[-7.80427,41.58676],[-7.80777,41.58545],[-7.81165,41.58527],[-7.81836,41.58792],[-7.82203,41.59156],[-7.82452,41.59599],[-7.82738,41.59856],[-7.82963,41.60225],[-7.83523,41.60628],[-7.83682,41.60877],[-7.84298,41.61259],[-7.8508,41.61501],[-7.85202,41.61176],[-7.85674,41.6029],[-7.86051,41.60022],[-7.863,41.5995],[-7.86728,41.59486],[-7.87761,41.58959],[-7.88348,41.58943],[-7.89075,41.59317],[-7.89444,41.5918],[-7.89641,41.58963],[-7.90025,41.58758],[-7.90414,41.58695],[-7.91543,41.58861],[-7.92322,41.59116],[-7.93186,41.59519],[-7.94118,41.59475],[-7.94689,41.59602],[-7.951,41.59533],[-7.95596,41.59639],[-7.9585,41.59814],[-7.96247,41.60213],[-7.96668,41.6039],[-7.97701,41.60302],[-7.98113,41.6013],[-7.98498,41.60084],[-7.9939,41.60271],[-7.998,41.60535],[-7.99961,41.6081],[-8.00043,41.61564],[-8.00261,41.6205],[-8.0021,41.62837],[-8.001,41.63514],[-8.00112,41.63816],[-7.99771,41.64244],[-7.99611,41.64661],[-7.9944,41.64813],[-7.99412,41.65062],[-7.99629,41.65288],[-7.99712,41.65689],[-7.99573,41.66068],[-7.99333,41.66395],[-7.98896,41.66647],[-7.98528,41.67046],[-7.98179,41.67769],[-7.98445,41.68146],[-7.99026,41.68498],[-7.99731,41.6878],[-8.00534,41.68889],[-8.00813,41.6902],[-8.01378,41.69032],[-8.01716,41.69124],[-8.01983,41.69303],[-8.02453,41.69785],[-8.02992,41.69826],[-8.03623,41.70049],[-8.03887,41.70056],[-8.0425,41.69687],[-8.04782,41.69375],[-8.05133,41.69292],[-8.05913,41.69294],[-8.06291,41.69206],[-8.06655,41.69219],[-8.07144,41.69385],[-8.07377,41.69541],[-8.08064,41.69518],[-8.08499,41.69313],[-8.08865,41.69216],[-8.0964,41.69148],[-8.10002,41.69219],[-8.10297,41.69389],[-8.10481,41.69633],[-8.10524,41.69912],[-8.10421,41.70184],[-8.10188,41.70409],[-8.09558,41.70653],[-8.09162,41.71111],[-8.0879,41.71317],[-8.08654,41.71566],[-8.08505,41.72098],[-8.08194,41.72487],[-8.08183,41.73195],[-8.07879,41.73614],[-8.07668,41.74071],[-8.07788,41.7455],[-8.07634,41.74855],[-8.0706,41.75325],[-8.068,41.75649],[-8.06334,41.75902],[-8.06126,41.76234],[-8.06215,41.76751],[-8.06248,41.77302],[-8.06069,41.77727],[-8.06237,41.78111],[-8.06262,41.78352],[-8.06028,41.79037],[-8.05722,41.79597],[-8.05302,41.79876],[-8.04874,41.79973],[-8.046,41.80155],[-8.04509,41.80403],[-8.04516,41.81031],[-8.04807,41.81299],[-8.05004,41.8182],[-8.05339,41.82099],[-8.05532,41.81909],[-8.05871,41.81761],[-8.06409,41.81744],[-8.07208,41.81428],[-8.07779,41.81368],[-8.08044,41.81277],[-8.08689,41.81306],[-8.09408,41.81043],[-8.09797,41.81001],[-8.1019,41.81076],[-8.10561,41.81253],[-8.11216,41.81173],[-8.11721,41.81217],[-8.12199,41.80959],[-8.12627,41.80891],[-8.13177,41.80962],[-8.14588,41.81465],[-8.15225,41.8176],[-8.15785,41.81831],[-8.16095,41.81964],[-8.16314,41.82174],[-8.16414,41.82567],[-8.16336,41.83179],[-8.16168,41.86032],[-8.1648,41.86244],[-8.16663,41.86524],[-8.16872,41.87258],[-8.16912,41.87611],[-8.17059,41.87898],[-8.17613,41.87708],[-8.18415,41.8757],[-8.1923,41.87698],[-8.19537,41.87807],[-8.19918,41.88179],[-8.20142,41.88771],[-8.20369,41.89023],[-8.20519,41.89341],[-8.2119,41.89774],[-8.21575,41.90508],[-8.21554,41.90758],[-8.21654,41.91123],[-8.21542,41.91497],[-8.21293,41.91756],[-8.21151,41.92114],[-8.20522,41.92666],[-8.20238,41.93262],[-8.19754,41.93953],[-8.19242,41.94367],[-8.19039,41.94637],[-8.17961,41.9532],[-8.17526,41.9551],[-8.17479,41.95905],[-8.17297,41.96138],[-8.16969,41.96328],[-8.16319,41.97559],[-8.16344,41.97798],[-8.16239,41.98072],[-8.16001,41.98297],[-8.15666,41.98437],[-8.14319,41.98766],[-8.14078,41.98872],[-8.13036,42.0031],[-8.12754,42.00489],[-8.12405,42.00579],[-8.11493,42.00467],[-8.10965,42.00719],[-8.09923,42.00923],[-8.09662,42.01098],[-8.09266,42.01207],[-8.0879,42.01461],[-8.08558,42.01687],[-8.08417,42.02549],[-8.08295,42.02845],[-8.0838,42.03167],[-8.08291,42.03583],[-8.08385,42.03923],[-8.08423,42.04696],[-8.08886,42.05896],[-8.09305,42.06432],[-8.09683,42.07171],[-8.10087,42.0729],[-8.11821,42.08197],[-8.12394,42.08311],[-8.13502,42.07769],[-8.13887,42.07714],[-8.14268,42.07776],[-8.14888,42.0798],[-8.159,42.07658],[-8.16413,42.07356],[-8.17043,42.06846],[-8.17396,42.0672],[-8.17785,42.06706],[-8.18147,42.06808],[-8.18423,42.07009],[-8.18568,42.07275],[-8.18471,42.07956],[-8.18694,42.0887],[-8.18598,42.09684],[-8.18899,42.11256],[-8.19052,42.11775],[-8.19245,42.1222],[-8.19299,42.12777],[-8.18888,42.13572],[-8.19018,42.13901],[-8.18894,42.14372],[-8.19373,42.14611],[-8.19582,42.15072],[-8.19896,42.15432],[-8.20235,42.15292],[-8.20161,42.15022],[-8.20224,42.14733],[-8.20688,42.14192],[-8.21034,42.14022],[-8.21485,42.13951],[-8.21856,42.1382],[-8.22385,42.13397],[-8.2277,42.13304],[-8.23197,42.13338],[-8.23552,42.13498],[-8.24086,42.13879],[-8.24609,42.13918],[-8.25073,42.1377],[-8.25609,42.13519],[-8.25711,42.13264],[-8.25671,42.12922],[-8.25774,42.12652],[-8.26006,42.12429],[-8.26333,42.12287],[-8.26706,42.12247],[-8.27406,42.12329],[-8.28166,42.11842],[-8.28873,42.11459],[-8.2919,42.11202],[-8.2947,42.11087],[-8.29604,42.10883],[-8.30015,42.10586],[-8.30379,42.10457],[-8.31108,42.10345],[-8.31689,42.10459],[-8.32314,42.10125],[-8.32509,42.09709],[-8.32513,42.09168],[-8.32691,42.08894],[-8.33001,42.08637],[-8.33328,42.08486],[-8.33706,42.0844],[-8.34303,42.08542],[-8.3536,42.09033],[-8.36345,42.09026],[-8.37051,42.0889],[-8.37852,42.07944],[-8.38168,42.07793],[-8.38546,42.07738],[-8.38891,42.07784],[-8.39336,42.08042],[-8.39673,42.08076],[-8.40439,42.08039],[-8.41434,42.07629],[-8.41916,42.07358],[-8.42254,42.07279],[-8.4274,42.07281],[-8.43192,42.07474],[-8.43445,42.07738],[-8.44043,42.08183],[-8.44314,42.08287],[-8.45401,42.08289],[-8.45981,42.08172],[-8.46354,42.08178],[-8.47412,42.08096],[-8.48628,42.08206],[-8.49148,42.08119],[-8.50117,42.07857],[-8.51093,42.07848],[-8.51489,42.07784],[-8.52351,42.07847],[-8.52731,42.07765],[-8.52881,42.07401],[-8.52678,42.07015],[-8.52664,42.06617],[-8.52784,42.06367],[-8.53163,42.06074],[-8.53703,42.05897],[-8.54349,42.05563],[-8.54738,42.05436],[-8.55215,42.05379],[-8.55762,42.05214],[-8.56436,42.05232],[-8.57274,42.05166],[-8.59077,42.05485],[-8.59442,42.05517],[-8.60377,42.05411],[-8.60783,42.05319],[-8.61302,42.05281],[-8.61852,42.05162],[-8.62469,42.0511],[-8.63013,42.05],[-8.63693,42.04712],[-8.64028,42.04462],[-8.64388,42.03875],[-8.64861,42.03543],[-8.65255,42.03441],[-8.65682,42.03179],[-8.65832,42.02958],[-8.65929,42.02555],[-8.6581,42.01892],[-8.66014,42.01146],[-8.66096,42.00559],[-8.66346,42.00224],[-8.67295,41.99626],[-8.67794,41.99192],[-8.68107,41.99059],[-8.6874,41.98987],[-8.69059,41.98869],[-8.69646,41.98463],[-8.69927,41.98339],[-8.71445,41.9798],[-8.73147,41.97289],[-8.73723,41.96966],[-8.74408,41.96529],[-8.74616,41.96343],[-8.74783,41.95999],[-8.74763,41.9563],[-8.7457,41.95096],[-8.74585,41.9482],[-8.74835,41.94198],[-8.75263,41.93722],[-8.75717,41.9335],[-8.75993,41.93198],[-8.7675,41.92919],[-8.77342,41.92593],[-8.77864,41.9222],[-8.78709,41.91759],[-8.80198,41.91203],[-8.81852,41.90652],[-8.82566,41.90348],[-8.83349,41.89838],[-8.83698,41.89368],[-8.83797,41.88863],[-8.84139,41.88508],[-8.84487,41.88312],[-8.85051,41.87764],[-8.85842,41.87479],[-8.86324,41.87203],[-8.86646,41.86926],[-8.87542,41.85861],[-8.87126,41.85718],[-8.86892,41.85508],[-8.86761,41.84967],[-8.86969,41.84576],[-8.87504,41.84192],[-8.87653,41.83683],[-8.87687,41.83012],[-8.87537,41.82715],[-8.87392,41.82015],[-8.87108,41.81569],[-8.87057,41.81341],[-8.8679,41.81118],[-8.86674,41.80695],[-8.86792,41.80415],[-8.87315,41.79987],[-8.87421,41.79611],[-8.872,41.79025],[-8.8724,41.78491],[-8.8717,41.77826],[-8.87279,41.77368],[-8.87704,41.76639],[-8.87867,41.76206],[-8.87802,41.75914],[-8.87893,41.75612],[-8.88097,41.75286],[-8.8805,41.75014],[-8.87835,41.74624],[-8.87826,41.74308],[-8.87576,41.73939],[-8.87507,41.73648],[-8.87253,41.73191],[-8.87185,41.72656],[-8.8679,41.723],[-8.86574,41.71722],[-8.86024,41.70708],[-8.85676,41.70004],[-8.85402,41.69901],[-8.85136,41.69675],[-8.84864,41.69103],[-8.84675,41.67994],[-8.84456,41.67428],[-8.83902,41.67716],[-8.83368,41.67738],[-8.83042,41.67629],[-8.82796,41.67437],[-8.82625,41.67156],[-8.82531,41.66799],[-8.82531,41.66186],[-8.82626,41.65249],[-8.82726,41.64987],[-8.82475,41.6434],[-8.82184,41.63919],[-8.82036,41.63597],[-8.82008,41.63311],[-8.82225,41.62915],[-8.81763,41.62512],[-8.81523,41.62238],[-8.81298,41.61824],[-8.81149,41.61143],[-8.80855,41.60624],[-8.80791,41.6039],[-8.80773,41.59729],[-8.80634,41.5936],[-8.80629,41.58792],[-8.80565,41.58401],[-8.80269,41.5789],[-8.80203,41.57608],[-8.79924,41.57144],[-8.79899,41.56305],[-8.79661,41.55945],[-8.79419,41.55254],[-8.79338,41.5485],[-8.79375,41.54147],[-8.7918,41.53746],[-8.79121,41.53417],[-8.79273,41.52696],[-8.78927,41.51993],[-8.78879,41.51559],[-8.78743,41.51246],[-8.78793,41.50837],[-8.79113,41.50134],[-8.7884,41.49934],[-8.78625,41.49538],[-8.7848,41.48963],[-8.7803,41.48522],[-8.77744,41.48085],[-8.77642,41.478],[-8.77604,41.46815],[-8.7774,41.46049],[-8.77869,41.45655],[-8.77849,41.45068],[-8.78002,41.44241],[-8.78454,41.43316],[-8.78451,41.42666],[-8.78627,41.4199],[-8.78884,41.41665],[-8.78771,41.4118],[-8.7849,41.41017],[-8.78105,41.40569],[-8.77922,41.40151],[-8.78073,41.39572],[-8.77834,41.39447],[-8.77586,41.39159],[-8.77498,41.38604],[-8.77219,41.38364],[-8.76982,41.37977],[-8.76902,41.37639],[-8.7696,41.37393],[-8.77189,41.37062],[-8.76684,41.36971],[-8.7637,41.36792],[-8.76182,41.3653],[-8.76137,41.3627],[-8.75762,41.35923],[-8.75532,41.35486],[-8.75426,41.34602],[-8.75525,41.34296],[-8.75306,41.34114],[-8.74455,41.33891],[-8.74189,41.33694],[-8.74013,41.33409],[-8.7393,41.32818],[-8.73939,41.32326],[-8.74142,41.31205],[-8.74232,41.31035],[-8.74072,41.30866],[-8.73893,41.304],[-8.73829,41.29908],[-8.73717,41.29584],[-8.73316,41.28934],[-8.73202,41.28198],[-8.73066,41.28008],[-8.72967,41.27607],[-8.72983,41.27264],[-8.72814,41.26812],[-8.72863,41.26481],[-8.72499,41.25995],[-8.72426,41.25622],[-8.72483,41.25215],[-8.72597,41.24959],[-8.72665,41.24531],[-8.72907,41.24261],[-8.72544,41.23865],[-8.72246,41.22846],[-8.71764,41.2237],[-8.71615,41.21955],[-8.71569,41.21207],[-8.71709,41.20708],[-8.71632,41.20316],[-8.71451,41.20172],[-8.71231,41.19735],[-8.70805,41.19213],[-8.70766,41.18937],[-8.70869,41.18668],[-8.71214,41.18253],[-8.70833,41.17288],[-8.70422,41.1762],[-8.69882,41.17753],[-8.69343,41.17633],[-8.69008,41.17346],[-8.68502,41.17345],[-8.67889,41.17157],[-8.67554,41.17207],[-8.66951,41.1761],[-8.66454,41.17722],[-8.65765,41.17748],[-8.65297,41.17884],[-8.64693,41.18221],[-8.64358,41.18297],[-8.64011,41.18278],[-8.63172,41.17927],[-8.622,41.18034],[-8.61588,41.18387],[-8.61256,41.18485],[-8.60596,41.18568],[-8.60108,41.18468],[-8.5962,41.18212],[-8.58877,41.17972],[-8.58427,41.18044],[-8.57729,41.18065],[-8.57389,41.17984],[-8.57015,41.17703],[-8.56908,41.17446],[-8.5707,41.16819],[-8.56812,41.16618],[-8.56592,41.16143]]],[[[-7.59382,39.45473],[-7.5955,39.45252],[-7.60025,39.45013],[-7.604,39.44992],[-7.60869,39.45157],[-7.61381,39.45023],[-7.62018,39.44952],[-7.62704,39.44776],[-7.63913,39.44553],[-7.64475,39.44334],[-7.65418,39.44201],[-7.65611,39.44127],[-7.65886,39.43758],[-7.65534,39.43387],[-7.65272,39.43207],[-7.65116,39.42948],[-7.65148,39.42345],[-7.64999,39.42147],[-7.64996,39.41647],[-7.64599,39.40811],[-7.64277,39.40277],[-7.64077,39.40081],[-7.63687,39.39423],[-7.63243,39.38999],[-7.6311,39.38592],[-7.63322,39.37931],[-7.63539,39.37701],[-7.63851,39.37551],[-7.64209,39.37505],[-7.6456,39.37569],[-7.65097,39.37856],[-7.65619,39.37656],[-7.65984,39.37418],[-7.66264,39.36876],[-7.66501,39.36699],[-7.67283,39.36353],[-7.67852,39.35982],[-7.68141,39.35874],[-7.68595,39.35845],[-7.69074,39.35963],[-7.69398,39.35442],[-7.69541,39.34932],[-7.69268,39.34552],[-7.69272,39.34258],[-7.69493,39.33841],[-7.68684,39.3316],[-7.6854,39.32885],[-7.68552,39.32587],[-7.68676,39.32346],[-7.68728,39.31784],[-7.68241,39.31348],[-7.68166,39.30912],[-7.68422,39.30322],[-7.68467,39.29947],[-7.68683,39.29275],[-7.68993,39.28918],[-7.69045,39.28503],[-7.69166,39.28225],[-7.69096,39.27242],[-7.69327,39.26854],[-7.69579,39.26667],[-7.69898,39.26563],[-7.70435,39.26594],[-7.70661,39.26522],[-7.71403,39.26511],[-7.71512,39.26268],[-7.72031,39.25659],[-7.72357,39.25493],[-7.72915,39.2536],[-7.73389,39.25335],[-7.73586,39.25226],[-7.73967,39.24847],[-7.74916,39.24268],[-7.75277,39.24202],[-7.75716,39.23842],[-7.75983,39.23744],[-7.76697,39.23359],[-7.77209,39.2324],[-7.77467,39.23061],[-7.77166,39.22741],[-7.76311,39.22367],[-7.7606,39.22193],[-7.75749,39.22132],[-7.74966,39.21876],[-7.74518,39.21816],[-7.73516,39.21345],[-7.72929,39.21262],[-7.72589,39.21087],[-7.72017,39.20986],[-7.71612,39.20695],[-7.715,39.20418],[-7.71493,39.19881],[-7.70332,39.19695],[-7.69882,39.19682],[-7.68972,39.19555],[-7.68538,39.19328],[-7.68317,39.18939],[-7.67736,39.1844],[-7.67629,39.18186],[-7.67649,39.17918],[-7.6796,39.17272],[-7.67543,39.17145],[-7.67186,39.16828],[-7.67114,39.16634],[-7.66809,39.16355],[-7.66724,39.16083],[-7.66856,39.15676],[-7.67326,39.15222],[-7.67981,39.14926],[-7.6835,39.14892],[-7.68894,39.15054],[-7.69315,39.13409],[-7.69572,39.13068],[-7.69093,39.12516],[-7.68716,39.12469],[-7.68307,39.12311],[-7.6736,39.11816],[-7.67077,39.11599],[-7.66664,39.11779],[-7.66603,39.12251],[-7.66259,39.12564],[-7.65937,39.12987],[-7.6555,39.13359],[-7.65408,39.13672],[-7.65156,39.13939],[-7.64749,39.14196],[-7.64435,39.14287],[-7.6389,39.14234],[-7.63527,39.14534],[-7.63007,39.14776],[-7.62562,39.14889],[-7.62176,39.1487],[-7.61616,39.14616],[-7.60933,39.14734],[-7.60695,39.14831],[-7.59638,39.14941],[-7.59231,39.149],[-7.5897,39.14981],[-7.58608,39.15347],[-7.57944,39.1572],[-7.56865,39.15966],[-7.56371,39.15909],[-7.56123,39.16374],[-7.55846,39.16545],[-7.55334,39.16627],[-7.55,39.16553],[-7.5468,39.16361],[-7.5451,39.16109],[-7.5448,39.15823],[-7.54704,39.15428],[-7.54997,39.15249],[-7.55403,39.1515],[-7.55747,39.15181],[-7.55961,39.14771],[-7.56801,39.14315],[-7.56542,39.14191],[-7.55809,39.13628],[-7.55643,39.13207],[-7.55833,39.12755],[-7.5551,39.12349],[-7.55201,39.11749],[-7.5483,39.11127],[-7.54839,39.1083],[-7.54002,39.10004],[-7.53544,39.09488],[-7.53428,39.09087],[-7.53656,39.08653],[-7.53186,39.07854],[-7.53196,39.0746],[-7.5344,39.07089],[-7.53147,39.06383],[-7.52831,39.06239],[-7.52548,39.05962],[-7.51315,39.04471],[-7.51244,39.04223],[-7.51316,39.03704],[-7.5096,39.03806],[-7.50613,39.03807],[-7.50294,39.03707],[-7.50017,39.03517],[-7.49754,39.0347],[-7.48953,39.03537],[-7.4816,39.03456],[-7.47601,39.03615],[-7.47205,39.03554],[-7.46913,39.03627],[-7.46709,39.03786],[-7.4671,39.04727],[-7.46916,39.05093],[-7.46938,39.05962],[-7.47435,39.06136],[-7.47685,39.06338],[-7.47856,39.06646],[-7.4785,39.06923],[-7.47713,39.0718],[-7.47131,39.07704],[-7.46901,39.08118],[-7.4614,39.08748],[-7.45703,39.0904],[-7.45447,39.09282],[-7.45346,39.09661],[-7.4496,39.10008],[-7.45206,39.10385],[-7.45687,39.10721],[-7.45846,39.1099],[-7.45875,39.11272],[-7.45764,39.11543],[-7.45528,39.11762],[-7.45206,39.11896],[-7.44845,39.11923],[-7.44502,39.1184],[-7.44104,39.11608],[-7.4391,39.11331],[-7.43212,39.1104],[-7.42645,39.11362],[-7.42098,39.11376],[-7.41774,39.11245],[-7.41361,39.10751],[-7.40747,39.10274],[-7.39779,39.10542],[-7.39056,39.10492],[-7.38584,39.10282],[-7.37946,39.09542],[-7.37628,39.0936],[-7.37205,39.09255],[-7.36954,39.09883],[-7.36679,39.1014],[-7.3658,39.10417],[-7.36276,39.10733],[-7.3626,39.10964],[-7.36098,39.11243],[-7.35325,39.11901],[-7.35802,39.12467],[-7.36489,39.13066],[-7.37251,39.13592],[-7.3776,39.13893],[-7.38404,39.14416],[-7.38584,39.14675],[-7.38614,39.14971],[-7.38488,39.15254],[-7.38122,39.15738],[-7.3784,39.15919],[-7.37122,39.16196],[-7.36511,39.16297],[-7.35983,39.16166],[-7.35654,39.15819],[-7.35579,39.15457],[-7.35241,39.14755],[-7.34993,39.14597],[-7.34355,39.14495],[-7.33861,39.14515],[-7.33482,39.1443],[-7.32841,39.14067],[-7.32104,39.13849],[-7.31769,39.1386],[-7.31729,39.14173],[-7.31551,39.14417],[-7.31092,39.14648],[-7.30524,39.15089],[-7.29962,39.15262],[-7.29603,39.15292],[-7.2926,39.15212],[-7.28886,39.14918],[-7.2879,39.14708],[-7.28381,39.14466],[-7.28066,39.14127],[-7.2799,39.13832],[-7.2772,39.13371],[-7.27684,39.13199],[-7.2697,39.12977],[-7.25884,39.13427],[-7.2551,39.13455],[-7.25198,39.13392],[-7.25024,39.13723],[-7.2493,39.14214],[-7.24452,39.14704],[-7.23973,39.14854],[-7.23631,39.14832],[-7.23326,39.14712],[-7.23075,39.14509],[-7.22796,39.14453],[-7.22438,39.14265],[-7.21507,39.13963],[-7.21091,39.13581],[-7.20772,39.13404],[-7.20305,39.12941],[-7.19559,39.12886],[-7.18919,39.12774],[-7.17976,39.12545],[-7.17246,39.12611],[-7.16918,39.12575],[-7.16565,39.12409],[-7.16165,39.12407],[-7.15621,39.12326],[-7.1522,39.1217],[-7.14834,39.11926],[-7.14776,39.12299],[-7.14363,39.12787],[-7.14367,39.13063],[-7.14217,39.13393],[-7.14108,39.13902],[-7.13746,39.14197],[-7.13629,39.14505],[-7.13786,39.15],[-7.13767,39.15276],[-7.13337,39.1605],[-7.1323,39.1647],[-7.13463,39.17106],[-7.13624,39.17215],[-7.14022,39.17288],[-7.14515,39.17263],[-7.15052,39.17456],[-7.1567,39.17588],[-7.16409,39.18032],[-7.16772,39.18136],[-7.17145,39.18079],[-7.17723,39.18077],[-7.18171,39.18163],[-7.18791,39.18353],[-7.19337,39.18689],[-7.19538,39.18746],[-7.19884,39.1865],[-7.20698,39.18737],[-7.21061,39.18933],[-7.2149,39.1908],[-7.2213,39.1939],[-7.22537,39.19695],[-7.22801,39.20054],[-7.23125,39.20347],[-7.23839,39.20727],[-7.2409,39.21135],[-7.24025,39.21874],[-7.24443,39.22523],[-7.24505,39.22833],[-7.24461,39.23094],[-7.24205,39.2343],[-7.24178,39.24131],[-7.24631,39.24765],[-7.24755,39.25284],[-7.24616,39.25697],[-7.23834,39.26941],[-7.23155,39.27837],[-7.23362,39.2798],[-7.24042,39.28302],[-7.24348,39.28565],[-7.25166,39.29082],[-7.25694,39.29485],[-7.26753,39.30171],[-7.26954,39.30571],[-7.26919,39.30955],[-7.27252,39.31153],[-7.27447,39.31401],[-7.28278,39.32085],[-7.28619,39.3224],[-7.28891,39.32549],[-7.29299,39.32904],[-7.29881,39.33034],[-7.30431,39.33356],[-7.30826,39.33696],[-7.30978,39.33979],[-7.30956,39.34358],[-7.30641,39.35125],[-7.30648,39.35576],[-7.31065,39.36266],[-7.31103,39.36841],[-7.31228,39.37069],[-7.31541,39.37315],[-7.31746,39.37758],[-7.32019,39.38008],[-7.32142,39.38422],[-7.31941,39.38823],[-7.31414,39.39335],[-7.31294,39.39608],[-7.30741,39.40158],[-7.30698,39.40534],[-7.3054,39.40932],[-7.30239,39.41339],[-7.30162,39.41687],[-7.30238,39.42221],[-7.30444,39.42409],[-7.3075,39.42852],[-7.30802,39.43135],[-7.30576,39.4375],[-7.30593,39.44306],[-7.30498,39.44634],[-7.29479,39.4559],[-7.29665,39.45903],[-7.30058,39.46273],[-7.30515,39.46385],[-7.30856,39.4596],[-7.31137,39.45739],[-7.31629,39.45587],[-7.3215,39.45634],[-7.33056,39.45197],[-7.3341,39.45115],[-7.33792,39.44731],[-7.34088,39.44635],[-7.34541,39.43951],[-7.34635,39.43607],[-7.34944,39.43083],[-7.35212,39.42884],[-7.35738,39.42769],[-7.36093,39.42831],[-7.36733,39.4312],[-7.37187,39.43274],[-7.37476,39.43061],[-7.37898,39.4261],[-7.3834,39.42394],[-7.38686,39.42368],[-7.39017,39.42443],[-7.39325,39.42642],[-7.39827,39.42606],[-7.40163,39.42709],[-7.40419,39.42905],[-7.40627,39.43244],[-7.40955,39.43472],[-7.41109,39.43868],[-7.41039,39.44144],[-7.4084,39.4438],[-7.40417,39.44687],[-7.40391,39.44983],[-7.40573,39.45168],[-7.40699,39.45473],[-7.40773,39.45998],[-7.40646,39.46856],[-7.40704,39.47832],[-7.40612,39.48114],[-7.40385,39.48348],[-7.4006,39.48495],[-7.39383,39.48618],[-7.38922,39.49128],[-7.3861,39.49284],[-7.38016,39.4931],[-7.37802,39.4947],[-7.37842,39.49689],[-7.38469,39.50005],[-7.38933,39.50321],[-7.39683,39.49977],[-7.40206,39.49895],[-7.41012,39.50045],[-7.4153,39.50016],[-7.42009,39.50165],[-7.42314,39.50514],[-7.42835,39.50626],[-7.43142,39.50538],[-7.43998,39.50475],[-7.44058,39.50288],[-7.44426,39.49759],[-7.44799,39.49474],[-7.45279,39.49346],[-7.45614,39.49379],[-7.45963,39.49526],[-7.46358,39.49815],[-7.4654,39.50058],[-7.46875,39.50286],[-7.47045,39.50552],[-7.47008,39.50997],[-7.46873,39.51321],[-7.47535,39.51304],[-7.47945,39.51236],[-7.48727,39.51341],[-7.48933,39.50956],[-7.48893,39.50687],[-7.48999,39.50328],[-7.49345,39.49756],[-7.49835,39.49488],[-7.50389,39.49491],[-7.5162,39.49817],[-7.52033,39.50214],[-7.52529,39.50167],[-7.53508,39.49831],[-7.54153,39.49703],[-7.54569,39.49687],[-7.55177,39.49563],[-7.55488,39.4933],[-7.55977,39.49134],[-7.56343,39.49139],[-7.57145,39.49479],[-7.57167,39.48507],[-7.56938,39.48199],[-7.56711,39.47147],[-7.56985,39.46708],[-7.57255,39.46541],[-7.58078,39.46412],[-7.58123,39.4603],[-7.58255,39.4577],[-7.58504,39.45566],[-7.58831,39.45448],[-7.59382,39.45473]]],[[[-9.34275,38.82163],[-9.34568,38.82474],[-9.3458,38.8292],[-9.34159,38.84061],[-9.33838,38.8438],[-9.33873,38.84663],[-9.33689,38.8522],[-9.33843,38.86],[-9.33717,38.86276],[-9.33236,38.86848],[-9.32989,38.87376],[-9.32973,38.87989],[-9.33017,38.88218],[-9.33615,38.88426],[-9.33954,38.88441],[-9.34272,38.88548],[-9.34777,38.88945],[-9.34925,38.89239],[-9.34998,38.8962],[-9.35139,38.8982],[-9.35984,38.8988],[-9.36509,38.90237],[-9.36895,38.90185],[-9.37254,38.90241],[-9.37553,38.90403],[-9.37788,38.90787],[-9.37761,38.91089],[-9.38058,38.91992],[-9.38642,38.9218],[-9.38903,38.92394],[-9.39037,38.92635],[-9.39566,38.93087],[-9.40305,38.93128],[-9.40635,38.9296],[-9.41057,38.92873],[-9.41587,38.92973],[-9.41974,38.93234],[-9.42294,38.92692],[-9.42428,38.92243],[-9.42617,38.9185],[-9.43118,38.91205],[-9.43575,38.89915],[-9.43918,38.89365],[-9.44022,38.88953],[-9.44013,38.88634],[-9.44131,38.88313],[-9.44401,38.88007],[-9.44496,38.87488],[-9.44823,38.87135],[-9.45126,38.86709],[-9.45048,38.86127],[-9.45824,38.84714],[-9.46062,38.84436],[-9.46419,38.83892],[-9.46742,38.83519],[-9.46792,38.8329],[-9.47094,38.82671],[-9.47311,38.8245],[-9.47339,38.82182],[-9.47708,38.81529],[-9.48052,38.81046],[-9.48427,38.80765],[-9.48484,38.80485],[-9.48884,38.80096],[-9.49029,38.79654],[-9.49428,38.78895],[-9.4961,38.78758],[-9.49686,38.78507],[-9.50042,38.78079],[-9.49996,38.77849],[-9.49696,38.77643],[-9.49499,38.77294],[-9.49503,38.76853],[-9.49181,38.76408],[-9.48952,38.76192],[-9.48632,38.76042],[-9.48375,38.75737],[-9.47736,38.75479],[-9.47525,38.75274],[-9.47307,38.7488],[-9.47268,38.74577],[-9.4737,38.74038],[-9.47294,38.73636],[-9.47367,38.73335],[-9.47709,38.72866],[-9.47814,38.72476],[-9.47976,38.72294],[-9.47998,38.72045],[-9.4834,38.71629],[-9.48576,38.71209],[-9.48623,38.70832],[-9.47726,38.70181],[-9.47398,38.70118],[-9.46741,38.69876],[-9.45968,38.695],[-9.451,38.69485],[-9.44084,38.69503],[-9.43763,38.69424],[-9.43383,38.69196],[-9.42714,38.68967],[-9.4181,38.68998],[-9.41401,38.69297],[-9.41268,38.6983],[-9.41051,38.70063],[-9.40654,38.70257],[-9.40142,38.70292],[-9.39869,38.70218],[-9.39219,38.70152],[-9.3877,38.69904],[-9.37913,38.69596],[-9.37259,38.69222],[-9.36909,38.69224],[-9.3657,38.69113],[-9.35571,38.68525],[-9.35064,38.68383],[-9.34732,38.68105],[-9.34097,38.68105],[-9.33571,38.67969],[-9.32895,38.67652],[-9.3259,38.67361],[-9.3185,38.67497],[-9.31655,38.67597],[-9.31572,38.67918],[-9.31291,38.68278],[-9.30884,38.68489],[-9.30198,38.68651],[-9.29991,38.68838],[-9.29341,38.6908],[-9.28994,38.69448],[-9.28481,38.69692],[-9.27878,38.69794],[-9.27092,38.69785],[-9.26325,38.69959],[-9.26015,38.69969],[-9.26052,38.70204],[-9.26295,38.70612],[-9.26324,38.71001],[-9.26214,38.71356],[-9.26817,38.71563],[-9.27268,38.71611],[-9.28914,38.7136],[-9.29837,38.71362],[-9.30577,38.71278],[-9.30921,38.71311],[-9.31221,38.71443],[-9.31498,38.7178],[-9.31509,38.7221],[-9.31641,38.72648],[-9.31537,38.73088],[-9.31078,38.73561],[-9.30856,38.74441],[-9.31171,38.74482],[-9.31602,38.74412],[-9.31954,38.74469],[-9.32248,38.74629],[-9.32855,38.75156],[-9.33162,38.75165],[-9.33653,38.74788],[-9.34162,38.74609],[-9.34562,38.7458],[-9.35105,38.74732],[-9.35443,38.7502],[-9.35658,38.75396],[-9.35629,38.75827],[-9.35434,38.76077],[-9.3484,38.76318],[-9.34832,38.76818],[-9.34458,38.77199],[-9.3417,38.7788],[-9.3451,38.77963],[-9.34778,38.78153],[-9.34983,38.78583],[-9.35382,38.78957],[-9.35429,38.79231],[-9.35598,38.79477],[-9.35836,38.79533],[-9.36229,38.79765],[-9.36397,38.79989],[-9.3645,38.80248],[-9.36336,38.80669],[-9.36134,38.80906],[-9.35835,38.81066],[-9.35305,38.81114],[-9.3485,38.80987],[-9.34469,38.81],[-9.34449,38.81504],[-9.34136,38.81965],[-9.34275,38.82163]]]]}},{"type":"Feature","properties":{"level":"subregion","subregionId":"minho","nameJa":"ミーニョ(ヴィーニョ・ヴェルデ)"},"geometry":{"type":"Polygon","coordinates":[[[-8.56592,41.16143],[-8.56227,41.15857],[-8.56085,41.15596],[-8.56145,41.15174],[-8.56359,41.14937],[-8.56894,41.14733],[-8.57351,41.14399],[-8.57566,41.14004],[-8.5732,41.13601],[-8.57121,41.13007],[-8.56894,41.1264],[-8.5669,41.12493],[-8.56187,41.12412],[-8.55619,41.124],[-8.54975,41.12231],[-8.54707,41.12033],[-8.54025,41.11238],[-8.53747,41.10758],[-8.53168,41.10355],[-8.52773,41.10014],[-8.52538,41.0956],[-8.52201,41.08765],[-8.52115,41.08305],[-8.51887,41.078],[-8.51538,41.07372],[-8.51129,41.07162],[-8.50661,41.07043],[-8.49928,41.0705],[-8.49009,41.07197],[-8.47884,41.07543],[-8.47452,41.07582],[-8.47055,41.07515],[-8.46691,41.07313],[-8.4621,41.06738],[-8.45804,41.06116],[-8.45107,41.05581],[-8.44874,41.05346],[-8.44306,41.04943],[-8.4316,41.03719],[-8.43079,41.0343],[-8.43269,41.02873],[-8.42995,41.02256],[-8.4185,41.0177],[-8.4158,41.01538],[-8.40803,41.01328],[-8.40382,41.01304],[-8.39832,41.01166],[-8.39528,41.01011],[-8.39128,41.00595],[-8.39035,41.003],[-8.39093,40.99839],[-8.39292,40.99599],[-8.39606,40.9941],[-8.39801,40.99044],[-8.40452,40.98476],[-8.40992,40.98267],[-8.41351,40.97962],[-8.41626,40.97486],[-8.42087,40.97254],[-8.42674,40.97259],[-8.42826,40.97067],[-8.42766,40.96734],[-8.42958,40.96227],[-8.43259,40.9599],[-8.43347,40.95564],[-8.43041,40.95031],[-8.43018,40.94769],[-8.43243,40.94376],[-8.43108,40.94029],[-8.43169,40.93575],[-8.42873,40.93446],[-8.42216,40.93299],[-8.41848,40.93003],[-8.41387,40.92774],[-8.40857,40.92641],[-8.4031,40.92252],[-8.4008,40.91991],[-8.39866,40.91517],[-8.39629,40.91252],[-8.39525,40.90747],[-8.3929,40.90375],[-8.39274,40.90087],[-8.3968,40.89484],[-8.39915,40.8932],[-8.40159,40.88949],[-8.4022,40.88572],[-8.40081,40.88254],[-8.40129,40.87846],[-8.40324,40.87611],[-8.40619,40.87447],[-8.40971,40.87378],[-8.41403,40.87406],[-8.41802,40.86909],[-8.42446,40.8672],[-8.42489,40.86432],[-8.42698,40.86165],[-8.43923,40.85177],[-8.4444,40.85035],[-8.44805,40.85074],[-8.44991,40.84431],[-8.4499,40.83972],[-8.45124,40.83438],[-8.44994,40.82788],[-8.44849,40.82415],[-8.44802,40.81585],[-8.44995,40.81241],[-8.44917,40.8112],[-8.44492,40.80865],[-8.44246,40.80325],[-8.43941,40.80054],[-8.4351,40.79958],[-8.42835,40.79545],[-8.4265,40.79207],[-8.4222,40.78987],[-8.41773,40.78852],[-8.41441,40.78893],[-8.40717,40.78808],[-8.3989,40.78811],[-8.39486,40.79334],[-8.39212,40.79506],[-8.38613,40.79595],[-8.38205,40.79816],[-8.37824,40.79907],[-8.3721,40.79937],[-8.36859,40.79854],[-8.36579,40.79674],[-8.36336,40.7934],[-8.35766,40.78792],[-8.34542,40.78048],[-8.3374,40.7765],[-8.3294,40.77863],[-8.32625,40.78264],[-8.32324,40.78442],[-8.31768,40.78513],[-8.31415,40.78419],[-8.3097,40.78009],[-8.30442,40.77718],[-8.30266,40.77713],[-8.29682,40.78206],[-8.29159,40.78309],[-8.28808,40.78247],[-8.28312,40.77908],[-8.28098,40.77365],[-8.27727,40.76869],[-8.27496,40.76676],[-8.27333,40.76333],[-8.26917,40.76725],[-8.26514,40.7772],[-8.26408,40.78201],[-8.25925,40.78537],[-8.25529,40.79105],[-8.25617,40.79434],[-8.25609,40.79784],[-8.25442,40.80053],[-8.25044,40.80323],[-8.24727,40.80424],[-8.24347,40.8073],[-8.24379,40.81004],[-8.24198,40.81438],[-8.2395,40.81817],[-8.23735,40.82321],[-8.23681,40.82731],[-8.24059,40.83276],[-8.2442,40.83981],[-8.24776,40.84398],[-8.25038,40.85165],[-8.25023,40.85459],[-8.24856,40.85727],[-8.24173,40.86094],[-8.23505,40.86302],[-8.23126,40.86307],[-8.22634,40.86106],[-8.22202,40.8577],[-8.21466,40.85462],[-8.20559,40.84822],[-8.19877,40.84699],[-8.1906,40.84616],[-8.18464,40.85138],[-8.17565,40.85987],[-8.16898,40.86371],[-8.16363,40.86399],[-8.16035,40.8629],[-8.15517,40.85903],[-8.14927,40.85523],[-8.14467,40.85472],[-8.13538,40.84977],[-8.13117,40.84883],[-8.12518,40.84948],[-8.1172,40.85225],[-8.11335,40.8527],[-8.10989,40.85445],[-8.10658,40.85521],[-8.1031,40.86674],[-8.10621,40.87077],[-8.10991,40.87434],[-8.1113,40.8774],[-8.11116,40.88187],[-8.11398,40.88468],[-8.1155,40.88746],[-8.11563,40.89029],[-8.11852,40.89161],[-8.12462,40.89556],[-8.12606,40.89796],[-8.12624,40.90062],[-8.12487,40.90355],[-8.12374,40.90862],[-8.12423,40.91124],[-8.12292,40.91537],[-8.12055,40.91789],[-8.12283,40.92469],[-8.12603,40.92841],[-8.12706,40.93233],[-8.13031,40.93675],[-8.13074,40.94057],[-8.13187,40.94238],[-8.13231,40.94693],[-8.1298,40.95095],[-8.12226,40.9547],[-8.116,40.96492],[-8.11119,40.96927],[-8.10099,40.97428],[-8.10018,40.97815],[-8.09866,40.98071],[-8.09359,40.98448],[-8.08989,40.98571],[-8.08315,40.98573],[-8.07748,40.98363],[-8.06861,40.98323],[-8.06127,40.98177],[-8.0545,40.98458],[-8.05069,40.98493],[-8.04372,40.98415],[-8.04069,40.98272],[-8.03463,40.97612],[-8.02823,40.97112],[-8.02346,40.96678],[-8.01974,40.96482],[-8.01639,40.96498],[-8.01185,40.96622],[-8.00197,40.96746],[-7.99755,40.96731],[-7.99187,40.9701],[-7.98764,40.97338],[-7.98023,40.97484],[-7.97559,40.97457],[-7.97057,40.97256],[-7.96698,40.97349],[-7.96582,40.9767],[-7.96229,40.98083],[-7.95656,40.98455],[-7.95025,40.9919],[-7.95071,40.99775],[-7.94974,41.00051],[-7.94679,41.00466],[-7.94624,41.00781],[-7.94386,41.01233],[-7.93985,41.01547],[-7.93409,41.0167],[-7.92888,41.01584],[-7.92448,41.01629],[-7.92214,41.01829],[-7.91578,41.02002],[-7.9111,41.02818],[-7.9112,41.03259],[-7.90937,41.03813],[-7.90651,41.04439],[-7.90423,41.04755],[-7.89725,41.05313],[-7.89541,41.05517],[-7.89025,41.05734],[-7.88357,41.06548],[-7.88068,41.07093],[-7.8786,41.07294],[-7.87807,41.07792],[-7.87053,41.08797],[-7.86731,41.09738],[-7.86038,41.10273],[-7.85924,41.10524],[-7.857,41.10721],[-7.85081,41.11107],[-7.85152,41.11632],[-7.85387,41.12096],[-7.85823,41.12532],[-7.85874,41.12994],[-7.8629,41.13524],[-7.86815,41.13914],[-7.87176,41.14245],[-7.87289,41.14746],[-7.87526,41.14949],[-7.88005,41.15047],[-7.88276,41.14515],[-7.88566,41.14267],[-7.88672,41.13842],[-7.88892,41.13631],[-7.89196,41.13493],[-7.89575,41.13445],[-7.90099,41.13577],[-7.9043,41.1391],[-7.90484,41.14188],[-7.90392,41.14464],[-7.901,41.14735],[-7.90047,41.15319],[-7.89912,41.15602],[-7.89637,41.15822],[-7.89282,41.15953],[-7.88967,41.16294],[-7.89296,41.16473],[-7.89503,41.16724],[-7.89697,41.17166],[-7.89692,41.17425],[-7.89333,41.17996],[-7.89038,41.18284],[-7.88992,41.18576],[-7.88807,41.18884],[-7.88994,41.19583],[-7.89036,41.2023],[-7.89258,41.20552],[-7.89289,41.20862],[-7.89143,41.21373],[-7.88837,41.21781],[-7.88631,41.22313],[-7.88224,41.22992],[-7.87917,41.23217],[-7.87937,41.23713],[-7.87811,41.23979],[-7.87572,41.242],[-7.87999,41.24568],[-7.88232,41.24693],[-7.89204,41.2499],[-7.89444,41.25209],[-7.89549,41.25483],[-7.89429,41.26067],[-7.89658,41.26431],[-7.8965,41.26752],[-7.90276,41.27143],[-7.90969,41.27332],[-7.91259,41.27536],[-7.9141,41.27813],[-7.91465,41.28171],[-7.91736,41.28351],[-7.91906,41.28582],[-7.9195,41.28846],[-7.91528,41.29694],[-7.91141,41.3002],[-7.89896,41.30763],[-7.89506,41.31499],[-7.89232,41.31663],[-7.88631,41.31822],[-7.87767,41.32168],[-7.8701,41.32534],[-7.86582,41.32588],[-7.85912,41.32764],[-7.85317,41.32774],[-7.83984,41.33975],[-7.83428,41.3435],[-7.83094,41.34719],[-7.8198,41.36416],[-7.81931,41.36709],[-7.82132,41.37802],[-7.82068,41.38062],[-7.8158,41.38986],[-7.81142,41.39269],[-7.80589,41.39331],[-7.80046,41.39774],[-7.79505,41.39985],[-7.78992,41.40884],[-7.78409,41.41196],[-7.78048,41.41211],[-7.77396,41.41039],[-7.76825,41.40584],[-7.76702,41.40373],[-7.75803,41.40453],[-7.75396,41.40565],[-7.74748,41.40539],[-7.7453,41.40659],[-7.74365,41.4097],[-7.73726,41.4158],[-7.73445,41.42156],[-7.73463,41.42569],[-7.73294,41.43155],[-7.73301,41.43377],[-7.73159,41.43667],[-7.72931,41.43866],[-7.72662,41.44389],[-7.7284,41.44609],[-7.73368,41.45613],[-7.74285,41.45799],[-7.75016,41.46153],[-7.75496,41.46618],[-7.75706,41.4671],[-7.76616,41.46957],[-7.77069,41.47204],[-7.77686,41.47669],[-7.78147,41.48454],[-7.78168,41.48846],[-7.78026,41.49089],[-7.77728,41.49334],[-7.77119,41.49686],[-7.76555,41.49756],[-7.75981,41.49682],[-7.75691,41.49763],[-7.7498,41.51277],[-7.74727,41.51523],[-7.7441,41.51676],[-7.74042,41.51727],[-7.73678,41.51669],[-7.72989,41.51426],[-7.72684,41.51144],[-7.71783,41.50665],[-7.71323,41.5147],[-7.70633,41.51868],[-7.70848,41.52196],[-7.71528,41.52541],[-7.72026,41.52971],[-7.72231,41.53232],[-7.73095,41.5343],[-7.73494,41.53679],[-7.73831,41.54098],[-7.74232,41.54286],[-7.74661,41.54374],[-7.75045,41.54599],[-7.75259,41.54954],[-7.75152,41.55671],[-7.75048,41.55908],[-7.74687,41.56253],[-7.7437,41.56394],[-7.73545,41.56474],[-7.73291,41.56749],[-7.7321,41.57221],[-7.73013,41.57486],[-7.72294,41.57881],[-7.72635,41.58086],[-7.73081,41.58739],[-7.73236,41.59282],[-7.73181,41.59726],[-7.7299,41.59979],[-7.71811,41.60784],[-7.71741,41.61197],[-7.71741,41.61745],[-7.71445,41.62147],[-7.70782,41.62507],[-7.70467,41.62613],[-7.70412,41.63159],[-7.70938,41.63512],[-7.71279,41.64011],[-7.7177,41.64062],[-7.72092,41.64195],[-7.7322,41.65232],[-7.73658,41.65048],[-7.74331,41.65041],[-7.75186,41.64721],[-7.75434,41.64524],[-7.75671,41.64082],[-7.75834,41.63402],[-7.76083,41.62064],[-7.76651,41.61396],[-7.76932,41.60904],[-7.77356,41.60368],[-7.77536,41.60045],[-7.78307,41.59429],[-7.78534,41.59116],[-7.78807,41.58933],[-7.79331,41.58829],[-7.80098,41.58889],[-7.80427,41.58676],[-7.80777,41.58545],[-7.81165,41.58527],[-7.81836,41.58792],[-7.82203,41.59156],[-7.82452,41.59599],[-7.82738,41.59856],[-7.82963,41.60225],[-7.83523,41.60628],[-7.83682,41.60877],[-7.84298,41.61259],[-7.8508,41.61501],[-7.85202,41.61176],[-7.85674,41.6029],[-7.86051,41.60022],[-7.863,41.5995],[-7.86728,41.59486],[-7.87761,41.58959],[-7.88348,41.58943],[-7.89075,41.59317],[-7.89448,41.59177],[-7.89657,41.5895],[-7.90064,41.58748],[-7.90434,41.58695],[-7.91543,41.58861],[-7.92322,41.59116],[-7.93186,41.59519],[-7.94118,41.59475],[-7.94689,41.59602],[-7.951,41.59533],[-7.95596,41.59639],[-7.9585,41.59814],[-7.96247,41.60213],[-7.96668,41.6039],[-7.97701,41.60302],[-7.98113,41.6013],[-7.98498,41.60084],[-7.9939,41.60271],[-7.998,41.60535],[-7.99961,41.6081],[-8.00043,41.61564],[-8.00261,41.6205],[-8.0021,41.62837],[-8.001,41.63514],[-8.00112,41.63816],[-7.99771,41.64244],[-7.99611,41.64661],[-7.9944,41.64813],[-7.99412,41.65062],[-7.99629,41.65288],[-7.99712,41.65689],[-7.99573,41.66068],[-7.99333,41.66395],[-7.98896,41.66647],[-7.98528,41.67046],[-7.98179,41.67769],[-7.98445,41.68146],[-7.99026,41.68498],[-7.99731,41.6878],[-8.00534,41.68889],[-8.00813,41.6902],[-8.01378,41.69032],[-8.01716,41.69124],[-8.01983,41.69303],[-8.02453,41.69785],[-8.02992,41.69826],[-8.03623,41.70049],[-8.03887,41.70056],[-8.0425,41.69687],[-8.04782,41.69375],[-8.05133,41.69292],[-8.05913,41.69294],[-8.06291,41.69206],[-8.06655,41.69219],[-8.07144,41.69385],[-8.07377,41.69541],[-8.08064,41.69518],[-8.08499,41.69313],[-8.08865,41.69216],[-8.0964,41.69148],[-8.10002,41.69219],[-8.10297,41.69389],[-8.10481,41.69633],[-8.10524,41.69912],[-8.10421,41.70184],[-8.10188,41.70409],[-8.09558,41.70653],[-8.09162,41.71111],[-8.0879,41.71317],[-8.08654,41.71566],[-8.08505,41.72098],[-8.08194,41.72487],[-8.08183,41.73195],[-8.07879,41.73614],[-8.07668,41.74071],[-8.07788,41.7455],[-8.07634,41.74855],[-8.0706,41.75325],[-8.068,41.75649],[-8.06334,41.75902],[-8.06126,41.76234],[-8.06215,41.76751],[-8.06248,41.77302],[-8.06069,41.77727],[-8.06237,41.78111],[-8.06262,41.78352],[-8.06028,41.79037],[-8.05722,41.79597],[-8.05302,41.79876],[-8.04874,41.79973],[-8.046,41.80155],[-8.04509,41.80403],[-8.04516,41.81031],[-8.04807,41.81299],[-8.05004,41.8182],[-8.05339,41.82099],[-8.05532,41.81909],[-8.05871,41.81761],[-8.06409,41.81744],[-8.07208,41.81428],[-8.07779,41.81368],[-8.08044,41.81277],[-8.08689,41.81306],[-8.09408,41.81043],[-8.09797,41.81001],[-8.1019,41.81076],[-8.10561,41.81253],[-8.11216,41.81173],[-8.11721,41.81217],[-8.12199,41.80959],[-8.12627,41.80891],[-8.13177,41.80962],[-8.14588,41.81465],[-8.15225,41.8176],[-8.15785,41.81831],[-8.16095,41.81964],[-8.16314,41.82174],[-8.16414,41.82567],[-8.16336,41.83179],[-8.16168,41.86032],[-8.1648,41.86244],[-8.16663,41.86524],[-8.16872,41.87258],[-8.16912,41.87611],[-8.17059,41.87898],[-8.17613,41.87708],[-8.18415,41.8757],[-8.1923,41.87698],[-8.19537,41.87807],[-8.19918,41.88179],[-8.20142,41.88771],[-8.20369,41.89023],[-8.20519,41.89341],[-8.2119,41.89774],[-8.21575,41.90508],[-8.21554,41.90758],[-8.21654,41.91123],[-8.21542,41.91497],[-8.21293,41.91756],[-8.21151,41.92114],[-8.20522,41.92666],[-8.20238,41.93262],[-8.19754,41.93953],[-8.19242,41.94367],[-8.19039,41.94637],[-8.17961,41.9532],[-8.17526,41.9551],[-8.17479,41.95905],[-8.17297,41.96138],[-8.16969,41.96328],[-8.16319,41.97559],[-8.16344,41.97798],[-8.16239,41.98072],[-8.16001,41.98297],[-8.15666,41.98437],[-8.14319,41.98766],[-8.14078,41.98872],[-8.13036,42.0031],[-8.12754,42.00489],[-8.12405,42.00579],[-8.11493,42.00467],[-8.10965,42.00719],[-8.09923,42.00923],[-8.09662,42.01098],[-8.09266,42.01207],[-8.0879,42.01461],[-8.08558,42.01687],[-8.08417,42.02549],[-8.08295,42.02845],[-8.0838,42.03167],[-8.08291,42.03583],[-8.08385,42.03923],[-8.08423,42.04696],[-8.08886,42.05896],[-8.09305,42.06432],[-8.09683,42.07171],[-8.10087,42.0729],[-8.11821,42.08197],[-8.12394,42.08311],[-8.13502,42.07769],[-8.13887,42.07714],[-8.14268,42.07776],[-8.14888,42.0798],[-8.159,42.07658],[-8.16413,42.07356],[-8.17043,42.06846],[-8.17396,42.0672],[-8.17785,42.06706],[-8.18147,42.06808],[-8.18423,42.07009],[-8.18568,42.07275],[-8.18471,42.07956],[-8.18694,42.0887],[-8.18598,42.09684],[-8.18899,42.11256],[-8.19052,42.11775],[-8.19245,42.1222],[-8.19299,42.12777],[-8.18888,42.13572],[-8.19018,42.13901],[-8.18894,42.14372],[-8.19373,42.14611],[-8.19582,42.15072],[-8.19896,42.15432],[-8.20235,42.15292],[-8.20161,42.15022],[-8.20224,42.14733],[-8.20688,42.14192],[-8.21034,42.14022],[-8.21485,42.13951],[-8.21856,42.1382],[-8.22385,42.13397],[-8.2277,42.13304],[-8.23197,42.13338],[-8.23552,42.13498],[-8.24086,42.13879],[-8.24609,42.13918],[-8.25073,42.1377],[-8.25609,42.13519],[-8.25711,42.13264],[-8.25671,42.12922],[-8.25774,42.12652],[-8.26006,42.12429],[-8.26333,42.12287],[-8.26706,42.12247],[-8.27406,42.12329],[-8.28166,42.11842],[-8.28873,42.11459],[-8.2919,42.11202],[-8.2947,42.11087],[-8.29604,42.10883],[-8.30015,42.10586],[-8.30379,42.10457],[-8.31108,42.10345],[-8.31689,42.10459],[-8.32314,42.10125],[-8.32509,42.09709],[-8.32513,42.09168],[-8.32691,42.08894],[-8.33001,42.08637],[-8.33328,42.08486],[-8.33706,42.0844],[-8.34303,42.08542],[-8.3536,42.09033],[-8.36345,42.09026],[-8.37051,42.0889],[-8.37852,42.07944],[-8.38168,42.07793],[-8.38546,42.07738],[-8.38891,42.07784],[-8.39336,42.08042],[-8.39673,42.08076],[-8.40439,42.08039],[-8.41434,42.07629],[-8.41916,42.07358],[-8.42254,42.07279],[-8.4274,42.07281],[-8.43192,42.07474],[-8.43445,42.07738],[-8.44043,42.08183],[-8.44314,42.08287],[-8.45401,42.08289],[-8.45981,42.08172],[-8.46354,42.08178],[-8.47412,42.08096],[-8.48628,42.08206],[-8.49148,42.08119],[-8.50117,42.07857],[-8.51093,42.07848],[-8.51489,42.07784],[-8.52351,42.07847],[-8.52731,42.07765],[-8.52881,42.07401],[-8.52678,42.07015],[-8.52664,42.06617],[-8.52784,42.06367],[-8.53163,42.06074],[-8.53703,42.05897],[-8.54349,42.05563],[-8.54738,42.05436],[-8.55215,42.05379],[-8.55762,42.05214],[-8.56436,42.05232],[-8.57274,42.05166],[-8.59077,42.05485],[-8.59442,42.05517],[-8.60377,42.05411],[-8.60783,42.05319],[-8.61302,42.05281],[-8.61852,42.05162],[-8.62469,42.0511],[-8.63013,42.05],[-8.63693,42.04712],[-8.64028,42.04462],[-8.64388,42.03875],[-8.64861,42.03543],[-8.65255,42.03441],[-8.65682,42.03179],[-8.65832,42.02958],[-8.65929,42.02555],[-8.6581,42.01892],[-8.66014,42.01146],[-8.66096,42.00559],[-8.66346,42.00224],[-8.67295,41.99626],[-8.67794,41.99192],[-8.68107,41.99059],[-8.6874,41.98987],[-8.69059,41.98869],[-8.69646,41.98463],[-8.69927,41.98339],[-8.71445,41.9798],[-8.73147,41.97289],[-8.73723,41.96966],[-8.74408,41.96529],[-8.74616,41.96343],[-8.74783,41.95999],[-8.74763,41.9563],[-8.7457,41.95096],[-8.74585,41.9482],[-8.74835,41.94198],[-8.75263,41.93722],[-8.75717,41.9335],[-8.75993,41.93198],[-8.7675,41.92919],[-8.77342,41.92593],[-8.77864,41.9222],[-8.78709,41.91759],[-8.80198,41.91203],[-8.81852,41.90652],[-8.82566,41.90348],[-8.83349,41.89838],[-8.83698,41.89368],[-8.83797,41.88863],[-8.84139,41.88508],[-8.84487,41.88312],[-8.85051,41.87764],[-8.85842,41.87479],[-8.86324,41.87203],[-8.86646,41.86926],[-8.87542,41.85861],[-8.87126,41.85718],[-8.86892,41.85508],[-8.86761,41.84967],[-8.86969,41.84576],[-8.87504,41.84192],[-8.87653,41.83683],[-8.87687,41.83012],[-8.87537,41.82715],[-8.87392,41.82015],[-8.87108,41.81569],[-8.87057,41.81341],[-8.8679,41.81118],[-8.86674,41.80695],[-8.86792,41.80415],[-8.87315,41.79987],[-8.87421,41.79611],[-8.872,41.79025],[-8.8724,41.78491],[-8.8717,41.77826],[-8.87279,41.77368],[-8.87704,41.76639],[-8.87867,41.76206],[-8.87802,41.75914],[-8.87893,41.75612],[-8.88097,41.75286],[-8.8805,41.75014],[-8.87835,41.74624],[-8.87826,41.74308],[-8.87576,41.73939],[-8.87507,41.73648],[-8.87253,41.73191],[-8.87185,41.72656],[-8.8679,41.723],[-8.86574,41.71722],[-8.86024,41.70708],[-8.85676,41.70004],[-8.85402,41.69901],[-8.85136,41.69675],[-8.84864,41.69103],[-8.84675,41.67994],[-8.84456,41.67428],[-8.83902,41.67716],[-8.83368,41.67738],[-8.83042,41.67629],[-8.82796,41.67437],[-8.82625,41.67156],[-8.82531,41.66799],[-8.82531,41.66186],[-8.82626,41.65249],[-8.82726,41.64987],[-8.82475,41.6434],[-8.82184,41.63919],[-8.82036,41.63597],[-8.82008,41.63311],[-8.82225,41.62915],[-8.81763,41.62512],[-8.81523,41.62238],[-8.81298,41.61824],[-8.81149,41.61143],[-8.80855,41.60624],[-8.80791,41.6039],[-8.80773,41.59729],[-8.80634,41.5936],[-8.80629,41.58792],[-8.80565,41.58401],[-8.80269,41.5789],[-8.80203,41.57608],[-8.79924,41.57144],[-8.79899,41.56305],[-8.79661,41.55945],[-8.79419,41.55254],[-8.79338,41.5485],[-8.79375,41.54147],[-8.7918,41.53746],[-8.79121,41.53417],[-8.79273,41.52696],[-8.78927,41.51993],[-8.78879,41.51559],[-8.78743,41.51246],[-8.78793,41.50837],[-8.79113,41.50134],[-8.7884,41.49934],[-8.78625,41.49538],[-8.7848,41.48963],[-8.7803,41.48522],[-8.77744,41.48085],[-8.77642,41.478],[-8.77604,41.46815],[-8.7774,41.46049],[-8.77869,41.45655],[-8.77849,41.45068],[-8.78002,41.44241],[-8.78454,41.43316],[-8.78451,41.42666],[-8.78627,41.4199],[-8.78884,41.41665],[-8.78771,41.4118],[-8.7849,41.41017],[-8.78105,41.40569],[-8.77922,41.40151],[-8.78073,41.39572],[-8.77834,41.39447],[-8.77586,41.39159],[-8.77498,41.38604],[-8.77219,41.38364],[-8.76982,41.37977],[-8.76902,41.37639],[-8.7696,41.37393],[-8.77189,41.37062],[-8.76684,41.36971],[-8.7637,41.36792],[-8.76182,41.3653],[-8.76137,41.3627],[-8.75762,41.35923],[-8.75532,41.35486],[-8.75426,41.34602],[-8.75525,41.34296],[-8.75306,41.34114],[-8.74455,41.33891],[-8.74189,41.33694],[-8.74013,41.33409],[-8.7393,41.32818],[-8.73939,41.32326],[-8.74142,41.31205],[-8.74232,41.31035],[-8.74072,41.30866],[-8.73893,41.304],[-8.73829,41.29908],[-8.73717,41.29584],[-8.73316,41.28934],[-8.73202,41.28198],[-8.73066,41.28008],[-8.72967,41.27607],[-8.72983,41.27264],[-8.72814,41.26812],[-8.72863,41.26481],[-8.72499,41.25995],[-8.72426,41.25622],[-8.72483,41.25215],[-8.72597,41.24959],[-8.72665,41.24531],[-8.72907,41.24261],[-8.72544,41.23865],[-8.72246,41.22846],[-8.71764,41.2237],[-8.71615,41.21955],[-8.71569,41.21207],[-8.71709,41.20708],[-8.71632,41.20316],[-8.71451,41.20172],[-8.71231,41.19735],[-8.70805,41.19213],[-8.70766,41.18937],[-8.70869,41.18668],[-8.71214,41.18253],[-8.70833,41.17288],[-8.70422,41.1762],[-8.69882,41.17753],[-8.69343,41.17633],[-8.69008,41.17346],[-8.68502,41.17345],[-8.67889,41.17157],[-8.67554,41.17207],[-8.66951,41.1761],[-8.66454,41.17722],[-8.65765,41.17748],[-8.65297,41.17884],[-8.64693,41.18221],[-8.64358,41.18297],[-8.64011,41.18278],[-8.63172,41.17927],[-8.622,41.18034],[-8.61588,41.18387],[-8.61256,41.18485],[-8.60596,41.18568],[-8.60108,41.18468],[-8.5962,41.18212],[-8.58877,41.17972],[-8.58427,41.18044],[-8.57729,41.18065],[-8.57389,41.17984],[-8.57015,41.17703],[-8.56908,41.17446],[-8.5707,41.16819],[-8.56812,41.16618],[-8.56592,41.16143]]]}},{"type":"Feature","properties":{"level":"subregion","subregionId":"douro-tras-os-montes","nameJa":"ドウロ / トラス・オス・モンテス"},"geometry":{"type":"Polygon","coordinates":[[[-7.20673,40.92589],[-7.20126,40.92726],[-7.19548,40.92581],[-7.18977,40.93055],[-7.18188,40.93323],[-7.17626,40.93298],[-7.17002,40.93121],[-7.16079,40.93201],[-7.15876,40.9317],[-7.14642,40.92752],[-7.14347,40.92537],[-7.14176,40.92302],[-7.13585,40.92317],[-7.13285,40.93018],[-7.13255,40.93707],[-7.13131,40.94125],[-7.12772,40.94465],[-7.12702,40.94684],[-7.12434,40.95009],[-7.12027,40.95223],[-7.1191,40.95466],[-7.11544,40.95783],[-7.11017,40.96155],[-7.10607,40.96358],[-7.10312,40.96939],[-7.10101,40.97149],[-7.09807,40.97289],[-7.09469,40.97342],[-7.08331,40.97358],[-7.08053,40.97305],[-7.0593,40.96727],[-7.04627,40.96748],[-7.0374,40.97012],[-7.03176,40.97307],[-7.02443,40.97452],[-7.02002,40.97484],[-7.01742,40.9759],[-7.00453,40.97955],[-7.00078,40.97947],[-6.996,40.97736],[-6.99204,40.97152],[-6.99139,40.96949],[-6.98601,40.96581],[-6.98358,40.96198],[-6.98326,40.95951],[-6.97676,40.95496],[-6.97067,40.94849],[-6.96624,40.94326],[-6.96261,40.94308],[-6.95787,40.941],[-6.9543,40.93697],[-6.95253,40.93374],[-6.94773,40.93126],[-6.94613,40.9286],[-6.94525,40.92499],[-6.93489,40.92285],[-6.9246,40.9233],[-6.91132,40.92535],[-6.89081,40.93091],[-6.88744,40.93417],[-6.88654,40.93745],[-6.87906,40.95004],[-6.8708,40.95877],[-6.87512,40.96061],[-6.87848,40.96435],[-6.88712,40.97183],[-6.89121,40.97815],[-6.892,40.98141],[-6.89829,40.98511],[-6.90341,40.98927],[-6.9051,40.99336],[-6.90858,40.99887],[-6.91021,40.99977],[-6.91822,41.0017],[-6.92119,41.00363],[-6.92284,41.00633],[-6.92438,41.0114],[-6.92867,41.01441],[-6.93099,41.01804],[-6.93089,41.02077],[-6.92786,41.03041],[-6.91918,41.03705],[-6.91395,41.03859],[-6.90851,41.0378],[-6.90284,41.03483],[-6.89513,41.03345],[-6.88896,41.03125],[-6.87766,41.02831],[-6.87004,41.02776],[-6.86627,41.02698],[-6.85977,41.02774],[-6.85306,41.02702],[-6.83606,41.02829],[-6.82792,41.03101],[-6.82278,41.0318],[-6.81398,41.03552],[-6.80842,41.0366],[-6.80669,41.04428],[-6.7967,41.05239],[-6.79071,41.05661],[-6.78716,41.06215],[-6.78095,41.06647],[-6.77746,41.0723],[-6.77353,41.07468],[-6.77251,41.07687],[-6.77341,41.08111],[-6.77176,41.08506],[-6.76959,41.08733],[-6.7641,41.0908],[-6.76254,41.0944],[-6.76034,41.09655],[-6.75738,41.09804],[-6.7549,41.10101],[-6.75449,41.10458],[-6.75804,41.10767],[-6.76182,41.11505],[-6.76962,41.12393],[-6.77022,41.12985],[-6.76648,41.13511],[-6.75916,41.13905],[-6.75179,41.14092],[-6.74835,41.14356],[-6.74577,41.1467],[-6.73907,41.15069],[-6.73798,41.15411],[-6.73031,41.16257],[-6.72739,41.16406],[-6.7214,41.16605],[-6.71474,41.1696],[-6.70918,41.17358],[-6.70779,41.17628],[-6.70554,41.1783],[-6.70207,41.17991],[-6.6982,41.18359],[-6.69662,41.18639],[-6.69616,41.18983],[-6.69426,41.19255],[-6.69104,41.19521],[-6.68914,41.1993],[-6.68835,41.20346],[-6.68865,41.20791],[-6.68064,41.2179],[-6.67816,41.21982],[-6.67087,41.2237],[-6.66762,41.22666],[-6.6641,41.23124],[-6.66021,41.23352],[-6.6554,41.23443],[-6.65301,41.2356],[-6.64991,41.24207],[-6.64602,41.24492],[-6.64256,41.24573],[-6.63897,41.24552],[-6.63014,41.24271],[-6.62513,41.24433],[-6.62205,41.2465],[-6.619,41.24756],[-6.61309,41.24847],[-6.60959,41.24844],[-6.60636,41.24746],[-6.6033,41.24509],[-6.59933,41.24429],[-6.5926,41.2456],[-6.5892,41.24495],[-6.58638,41.2434],[-6.58149,41.23963],[-6.57634,41.23882],[-6.57132,41.23909],[-6.56713,41.24249],[-6.56349,41.24347],[-6.55538,41.24417],[-6.55208,41.24527],[-6.5506,41.24727],[-6.54762,41.25569],[-6.54591,41.25799],[-6.53957,41.26128],[-6.53036,41.26678],[-6.52797,41.26884],[-6.52296,41.2705],[-6.51932,41.27031],[-6.51606,41.2691],[-6.51188,41.26438],[-6.50991,41.2638],[-6.50461,41.26522],[-6.4974,41.26558],[-6.49047,41.26953],[-6.48144,41.27292],[-6.47882,41.27493],[-6.47885,41.2769],[-6.48675,41.28195],[-6.48848,41.28455],[-6.48869,41.28747],[-6.48614,41.29141],[-6.48262,41.29362],[-6.47665,41.2959],[-6.47373,41.29861],[-6.47022,41.29998],[-6.46631,41.30017],[-6.45961,41.29811],[-6.45199,41.2984],[-6.44668,41.30014],[-6.44348,41.30246],[-6.43824,41.30528],[-6.43719,41.30715],[-6.43906,41.31063],[-6.43871,41.31359],[-6.43472,41.31921],[-6.43225,41.32088],[-6.42415,41.32397],[-6.41867,41.32721],[-6.42364,41.33184],[-6.42457,41.33439],[-6.4242,41.33705],[-6.41996,41.3432],[-6.41498,41.34768],[-6.4078,41.34998],[-6.39848,41.35057],[-6.39239,41.35024],[-6.3872,41.35332],[-6.38078,41.35643],[-6.37741,41.35986],[-6.37763,41.36283],[-6.38011,41.36417],[-6.38705,41.36461],[-6.39201,41.36798],[-6.39333,41.37032],[-6.39362,41.37781],[-6.39192,41.38233],[-6.38796,41.38573],[-6.38263,41.38742],[-6.37858,41.38756],[-6.37351,41.38885],[-6.36993,41.3888],[-6.36665,41.38775],[-6.36112,41.38251],[-6.35763,41.37989],[-6.35471,41.37865],[-6.34988,41.37827],[-6.34319,41.37981],[-6.3377,41.38207],[-6.33355,41.3844],[-6.32622,41.38651],[-6.31845,41.38617],[-6.31586,41.38997],[-6.31761,41.39433],[-6.31758,41.39663],[-6.32044,41.40089],[-6.32468,41.4028],[-6.32761,41.4063],[-6.32787,41.40909],[-6.32669,41.41177],[-6.32426,41.41392],[-6.31403,41.41702],[-6.3091,41.41981],[-6.30318,41.42686],[-6.29975,41.42936],[-6.29507,41.43561],[-6.29735,41.43961],[-6.30272,41.44496],[-6.30392,41.44772],[-6.30355,41.45063],[-6.30136,41.45394],[-6.29573,41.46023],[-6.28768,41.46521],[-6.2855,41.46806],[-6.28503,41.47124],[-6.28572,41.47529],[-6.28469,41.47821],[-6.28218,41.48057],[-6.27395,41.48363],[-6.26841,41.48658],[-6.26248,41.48659],[-6.26318,41.48986],[-6.26134,41.49404],[-6.25844,41.49605],[-6.25297,41.49836],[-6.25061,41.50059],[-6.25349,41.50752],[-6.25272,41.51144],[-6.2507,41.51364],[-6.244,41.51646],[-6.2411,41.51966],[-6.23655,41.52229],[-6.23359,41.52687],[-6.22929,41.53133],[-6.22569,41.53583],[-6.22074,41.53932],[-6.21769,41.54312],[-6.21679,41.54541],[-6.21676,41.54968],[-6.21596,41.55238],[-6.21115,41.56027],[-6.20417,41.56549],[-6.20155,41.56838],[-6.19348,41.57358],[-6.18952,41.57502],[-6.19483,41.58273],[-6.19693,41.58959],[-6.20096,41.59451],[-6.20836,41.59934],[-6.21322,41.59946],[-6.21731,41.60022],[-6.22281,41.60228],[-6.22791,41.60351],[-6.23449,41.6071],[-6.24157,41.61616],[-6.24487,41.62181],[-6.25354,41.63313],[-6.25934,41.6373],[-6.26894,41.64325],[-6.27633,41.64737],[-6.28219,41.65236],[-6.28829,41.65649],[-6.29559,41.66017],[-6.30294,41.6629],[-6.31536,41.66545],[-6.31968,41.66688],[-6.32375,41.66729],[-6.33241,41.67038],[-6.3387,41.67172],[-6.34293,41.67343],[-6.35677,41.67703],[-6.36066,41.67746],[-6.36621,41.67501],[-6.37499,41.67399],[-6.3914,41.67702],[-6.39552,41.67723],[-6.40295,41.67956],[-6.40593,41.68102],[-6.41264,41.67938],[-6.41659,41.67917],[-6.41961,41.67983],[-6.42445,41.67945],[-6.42787,41.68008],[-6.44265,41.6848],[-6.44631,41.68452],[-6.44954,41.68326],[-6.4522,41.68109],[-6.45272,41.67535],[-6.45608,41.66985],[-6.46028,41.66732],[-6.46785,41.66666],[-6.47475,41.66395],[-6.47999,41.66067],[-6.48839,41.65763],[-6.49253,41.65725],[-6.50202,41.65807],[-6.51111,41.66109],[-6.51778,41.6667],[-6.51912,41.66871],[-6.52585,41.67302],[-6.5276,41.67489],[-6.53471,41.67667],[-6.54184,41.68042],[-6.54824,41.68564],[-6.55346,41.69341],[-6.55557,41.69227],[-6.55837,41.6869],[-6.56041,41.68539],[-6.56325,41.68073],[-6.56771,41.67798],[-6.56842,41.67471],[-6.57018,41.67096],[-6.57013,41.66582],[-6.57254,41.66177],[-6.57663,41.65946],[-6.5803,41.65876],[-6.58841,41.65929],[-6.59839,41.6633],[-6.60117,41.66578],[-6.6071,41.66735],[-6.61179,41.66759],[-6.62281,41.66619],[-6.62748,41.66522],[-6.63272,41.66558],[-6.63751,41.66509],[-6.6426,41.66607],[-6.64506,41.66355],[-6.64217,41.66043],[-6.64058,41.65765],[-6.63966,41.65258],[-6.6401,41.64888],[-6.64156,41.64346],[-6.64051,41.63965],[-6.63855,41.6373],[-6.63741,41.63421],[-6.63823,41.63029],[-6.64028,41.6281],[-6.64711,41.62296],[-6.64827,41.61494],[-6.65163,41.60984],[-6.65027,41.60725],[-6.65097,41.60277],[-6.65469,41.59855],[-6.65468,41.59555],[-6.65767,41.58973],[-6.66196,41.58694],[-6.66909,41.58579],[-6.6707,41.58455],[-6.67031,41.5807],[-6.67092,41.57776],[-6.67304,41.57523],[-6.6772,41.57238],[-6.6779,41.56706],[-6.67471,41.56248],[-6.67479,41.55851],[-6.67163,41.55667],[-6.66933,41.55285],[-6.66961,41.55002],[-6.67117,41.54737],[-6.67203,41.5404],[-6.67398,41.53691],[-6.67037,41.53195],[-6.66913,41.52779],[-6.6696,41.5251],[-6.67334,41.51932],[-6.67262,41.51023],[-6.6733,41.50644],[-6.67082,41.50379],[-6.66907,41.50048],[-6.66506,41.49858],[-6.66306,41.49602],[-6.66247,41.49351],[-6.66069,41.49188],[-6.65941,41.48764],[-6.66076,41.48202],[-6.65973,41.47797],[-6.6613,41.4738],[-6.66362,41.46961],[-6.66676,41.46626],[-6.67274,41.46169],[-6.67311,41.45679],[-6.67597,41.45309],[-6.67937,41.45131],[-6.68369,41.44572],[-6.69501,41.4391],[-6.69932,41.43817],[-6.70265,41.43674],[-6.70619,41.43418],[-6.71175,41.43317],[-6.71543,41.43393],[-6.72044,41.43648],[-6.72484,41.43602],[-6.72905,41.43262],[-6.73059,41.43043],[-6.73458,41.4277],[-6.73804,41.42697],[-6.7428,41.42752],[-6.74572,41.42595],[-6.75246,41.42368],[-6.75376,41.42236],[-6.76397,41.41591],[-6.77078,41.4143],[-6.77673,41.41447],[-6.78456,41.41199],[-6.78719,41.40937],[-6.79017,41.40793],[-6.79572,41.40684],[-6.79947,41.40746],[-6.80256,41.40916],[-6.80449,41.41164],[-6.80543,41.41591],[-6.80699,41.41757],[-6.80835,41.42112],[-6.80903,41.42771],[-6.81342,41.42706],[-6.8214,41.42669],[-6.8295,41.42246],[-6.83111,41.42006],[-6.83466,41.4172],[-6.84042,41.41554],[-6.85056,41.40725],[-6.85559,41.40565],[-6.85844,41.40247],[-6.85952,41.39536],[-6.86143,41.39307],[-6.86419,41.39151],[-6.86818,41.38798],[-6.87316,41.38546],[-6.87238,41.38186],[-6.87305,41.3792],[-6.87563,41.37636],[-6.87549,41.37331],[-6.87831,41.36687],[-6.87839,41.36487],[-6.88147,41.36068],[-6.86913,41.35246],[-6.86436,41.35222],[-6.8589,41.35022],[-6.85376,41.34559],[-6.84215,41.34424],[-6.83731,41.34636],[-6.83376,41.34728],[-6.83003,41.34711],[-6.82536,41.3449],[-6.82355,41.34246],[-6.82312,41.33966],[-6.82416,41.33694],[-6.8267,41.3332],[-6.82738,41.33065],[-6.82634,41.32701],[-6.82652,41.3242],[-6.83229,41.31662],[-6.83755,41.31252],[-6.84306,41.3104],[-6.85084,41.31059],[-6.85504,41.30963],[-6.85954,41.30535],[-6.86289,41.29696],[-6.86612,41.29328],[-6.87086,41.29107],[-6.8734,41.28853],[-6.87571,41.28227],[-6.88094,41.27559],[-6.88243,41.2709],[-6.88155,41.26396],[-6.88348,41.25973],[-6.88647,41.25772],[-6.88951,41.25675],[-6.89302,41.25429],[-6.89836,41.25347],[-6.90184,41.25423],[-6.9066,41.25695],[-6.90952,41.25755],[-6.91245,41.25558],[-6.91285,41.25281],[-6.91142,41.24939],[-6.91291,41.24516],[-6.91561,41.24302],[-6.92317,41.2414],[-6.92698,41.24202],[-6.93012,41.24375],[-6.93258,41.24667],[-6.93689,41.24726],[-6.9463,41.24538],[-6.95294,41.24648],[-6.95941,41.25021],[-6.96819,41.24941],[-6.97311,41.25076],[-6.97833,41.25474],[-6.98532,41.25502],[-6.98905,41.25597],[-6.99753,41.25987],[-7.00226,41.26252],[-7.00782,41.2663],[-7.00921,41.26818],[-7.01636,41.27211],[-7.01955,41.27326],[-7.02215,41.27534],[-7.02703,41.28135],[-7.0284,41.28395],[-7.03269,41.2857],[-7.03547,41.28756],[-7.04792,41.30229],[-7.05399,41.30275],[-7.06005,41.30624],[-7.06187,41.30867],[-7.06231,41.31147],[-7.06129,41.31419],[-7.05746,41.31885],[-7.0409,41.33034],[-7.02816,41.33786],[-7.02431,41.33972],[-7.0163,41.34099],[-7.01409,41.34204],[-7.01229,41.34579],[-7.01174,41.35111],[-7.01455,41.35639],[-7.01857,41.36262],[-7.02329,41.36632],[-7.02405,41.36891],[-7.02341,41.37541],[-7.03272,41.37127],[-7.03598,41.37068],[-7.05011,41.37004],[-7.06329,41.36862],[-7.06779,41.36966],[-7.0721,41.36961],[-7.07634,41.3678],[-7.09023,41.36584],[-7.09749,41.36459],[-7.10143,41.36511],[-7.10471,41.36681],[-7.1107,41.37464],[-7.11491,41.38371],[-7.11734,41.39126],[-7.11705,41.3933],[-7.11893,41.39963],[-7.11854,41.40247],[-7.11994,41.40532],[-7.12438,41.40712],[-7.12857,41.41054],[-7.12964,41.4133],[-7.13003,41.41836],[-7.12874,41.42134],[-7.12869,41.42392],[-7.13052,41.42962],[-7.13055,41.43367],[-7.1295,41.43874],[-7.13184,41.44511],[-7.13123,41.44797],[-7.12778,41.45308],[-7.12795,41.45824],[-7.13151,41.46254],[-7.13296,41.46778],[-7.14194,41.47895],[-7.14276,41.48336],[-7.14193,41.48852],[-7.14231,41.49181],[-7.1405,41.49556],[-7.13792,41.49742],[-7.13121,41.49958],[-7.1215,41.5009],[-7.11534,41.50309],[-7.11263,41.50356],[-7.11304,41.50714],[-7.11221,41.50985],[-7.10862,41.51301],[-7.10299,41.51429],[-7.09963,41.51388],[-7.09089,41.51135],[-7.08913,41.51023],[-7.07998,41.51022],[-7.07397,41.50887],[-7.07048,41.50585],[-7.06964,41.50322],[-7.06905,41.49388],[-7.06763,41.49221],[-7.06255,41.49043],[-7.05829,41.48755],[-7.0545,41.48704],[-7.05077,41.4876],[-7.04683,41.48699],[-7.0402,41.48384],[-7.03769,41.48208],[-7.02973,41.48436],[-7.02449,41.48535],[-7.02289,41.49374],[-7.01572,41.50844],[-7.0122,41.51272],[-7.01052,41.51705],[-7.00569,41.52226],[-7.00218,41.52952],[-7.00151,41.53841],[-6.99997,41.5412],[-6.99844,41.54885],[-6.9985,41.55233],[-6.99618,41.55628],[-6.99992,41.56061],[-7.00069,41.56325],[-7.00009,41.56594],[-6.9967,41.57044],[-6.99665,41.57394],[-6.99751,41.57613],[-7.00158,41.58071],[-7.00417,41.58228],[-7.00898,41.58329],[-7.01724,41.58204],[-7.02171,41.58213],[-7.0262,41.58041],[-7.03174,41.57909],[-7.03541,41.57915],[-7.04015,41.58055],[-7.04781,41.58171],[-7.05844,41.58061],[-7.06597,41.57819],[-7.07001,41.57818],[-7.07367,41.57941],[-7.08235,41.58438],[-7.08415,41.58645],[-7.08546,41.59006],[-7.08826,41.59201],[-7.08968,41.59455],[-7.08969,41.5998],[-7.08604,41.60413],[-7.08276,41.60998],[-7.08189,41.61467],[-7.09231,41.61687],[-7.0977,41.61836],[-7.10307,41.62174],[-7.1058,41.62611],[-7.10619,41.62864],[-7.10401,41.63537],[-7.10082,41.63834],[-7.0953,41.64084],[-7.08859,41.6407],[-7.08304,41.64221],[-7.0758,41.64096],[-7.0732,41.63909],[-7.07032,41.63225],[-7.06221,41.63166],[-7.05801,41.63068],[-7.04638,41.62953],[-7.04291,41.62827],[-7.03487,41.62344],[-7.03277,41.62055],[-7.03004,41.62007],[-7.02005,41.61404],[-7.01334,41.61422],[-7.00701,41.61553],[-7.00008,41.61791],[-7.00042,41.62003],[-7.00526,41.62217],[-7.00815,41.62527],[-7.01093,41.63316],[-7.01688,41.64178],[-7.0175,41.64756],[-7.01592,41.6518],[-7.01391,41.65412],[-7.02296,41.66301],[-7.02375,41.66835],[-7.02087,41.67185],[-7.01663,41.67416],[-7.01268,41.67999],[-7.00936,41.68268],[-7.00536,41.68837],[-7.00296,41.69094],[-7.00038,41.69817],[-6.99873,41.70074],[-6.99888,41.70786],[-6.99743,41.71046],[-7.00392,41.71586],[-7.00709,41.71726],[-7.01026,41.72089],[-7.01607,41.72227],[-7.01839,41.72419],[-7.02231,41.72969],[-7.02854,41.73053],[-7.03819,41.73419],[-7.04856,41.7405],[-7.0556,41.74572],[-7.06256,41.75],[-7.06666,41.75114],[-7.0693,41.75321],[-7.07062,41.7559],[-7.0708,41.76252],[-7.06997,41.7663],[-7.06392,41.77437],[-7.06052,41.77728],[-7.06011,41.77898],[-7.06237,41.78069],[-7.06381,41.7835],[-7.06865,41.78632],[-7.07152,41.79012],[-7.07245,41.79283],[-7.0728,41.79761],[-7.07465,41.80237],[-7.07729,41.80629],[-7.07816,41.80955],[-7.07842,41.81451],[-7.07791,41.81832],[-7.08389,41.8188],[-7.09134,41.81706],[-7.09393,41.81487],[-7.09873,41.81266],[-7.09959,41.81047],[-7.10501,41.80654],[-7.10896,41.80577],[-7.11448,41.80675],[-7.11945,41.80507],[-7.12532,41.80517],[-7.13002,41.80625],[-7.13466,41.80864],[-7.13569,41.80515],[-7.13815,41.80009],[-7.1404,41.79777],[-7.14374,41.79624],[-7.14613,41.79327],[-7.14888,41.79123],[-7.15236,41.78591],[-7.15603,41.78287],[-7.1601,41.77736],[-7.16417,41.77402],[-7.16781,41.7727],[-7.17183,41.7726],[-7.17761,41.77435],[-7.18021,41.77629],[-7.1817,41.77863],[-7.18658,41.7806],[-7.18939,41.78333],[-7.19453,41.782],[-7.20069,41.78208],[-7.20999,41.78067],[-7.21444,41.77678],[-7.21473,41.77377],[-7.21773,41.77033],[-7.22304,41.76723],[-7.21966,41.76369],[-7.21928,41.75883],[-7.22057,41.75641],[-7.22291,41.75447],[-7.23214,41.74966],[-7.2433,41.74664],[-7.24362,41.73957],[-7.24002,41.73662],[-7.23779,41.73275],[-7.23758,41.73005],[-7.23976,41.72632],[-7.24257,41.72458],[-7.24687,41.72321],[-7.25033,41.71975],[-7.25524,41.7184],[-7.262,41.71849],[-7.26607,41.71959],[-7.27953,41.72131],[-7.28121,41.72088],[-7.28737,41.71416],[-7.29125,41.70937],[-7.29315,41.7059],[-7.29769,41.70302],[-7.30178,41.70225],[-7.31063,41.69564],[-7.31162,41.69118],[-7.31362,41.68868],[-7.31676,41.68695],[-7.32225,41.686],[-7.32634,41.68664],[-7.32869,41.68776],[-7.33691,41.68888],[-7.34537,41.69167],[-7.35822,41.69276],[-7.3621,41.69365],[-7.36555,41.69576],[-7.36826,41.69863],[-7.36892,41.70135],[-7.36691,41.7092],[-7.36624,41.71483],[-7.36804,41.72044],[-7.37088,41.72729],[-7.37257,41.72962],[-7.37589,41.73013],[-7.38917,41.73432],[-7.39749,41.73669],[-7.40126,41.74002],[-7.40196,41.74292],[-7.40048,41.751],[-7.39882,41.7532],[-7.39308,41.763],[-7.39184,41.76614],[-7.38963,41.76818],[-7.38662,41.76951],[-7.38008,41.77134],[-7.37742,41.77357],[-7.36992,41.77719],[-7.36394,41.78124],[-7.36053,41.78256],[-7.35473,41.78623],[-7.36297,41.79344],[-7.36546,41.79941],[-7.36564,41.80225],[-7.36318,41.80609],[-7.35947,41.80832],[-7.35508,41.81209],[-7.35918,41.81667],[-7.36588,41.82125],[-7.36725,41.82522],[-7.36694,41.82861],[-7.36336,41.8352],[-7.35751,41.8419],[-7.36379,41.85264],[-7.3669,41.85179],[-7.37888,41.84565],[-7.38671,41.84259],[-7.38994,41.84229],[-7.39029,41.83892],[-7.39756,41.82757],[-7.4019,41.82549],[-7.40359,41.82091],[-7.40747,41.8175],[-7.41325,41.81496],[-7.41905,41.81472],[-7.42253,41.81601],[-7.42617,41.81925],[-7.42727,41.82333],[-7.42506,41.82899],[-7.4267,41.83281],[-7.4344,41.83533],[-7.44394,41.84083],[-7.44693,41.84394],[-7.44778,41.84644],[-7.44828,41.85363],[-7.44559,41.85766],[-7.45272,41.86506],[-7.45857,41.86387],[-7.46502,41.86347],[-7.47452,41.86383],[-7.47914,41.86284],[-7.48294,41.8631],[-7.48628,41.86445],[-7.48863,41.86667],[-7.49103,41.87132],[-7.49743,41.87065],[-7.50178,41.86971],[-7.50689,41.86681],[-7.51086,41.86566],[-7.51301,41.8623],[-7.51072,41.8579],[-7.50803,41.85423],[-7.50792,41.85156],[-7.51016,41.84793],[-7.52012,41.84247],[-7.53874,41.83712],[-7.54199,41.83704],[-7.54563,41.83587],[-7.54882,41.83572],[-7.55323,41.83438],[-7.55866,41.83452],[-7.56621,41.83304],[-7.5718,41.83096],[-7.57542,41.83067],[-7.58909,41.83151],[-7.59356,41.83283],[-7.59874,41.83315],[-7.60939,41.82979],[-7.61175,41.82943],[-7.61123,41.82732],[-7.60493,41.824],[-7.59596,41.82404],[-7.59242,41.82262],[-7.58455,41.81719],[-7.5807,41.81235],[-7.57963,41.80919],[-7.57983,41.80614],[-7.58284,41.80174],[-7.58656,41.7995],[-7.58879,41.7954],[-7.59063,41.78691],[-7.58951,41.78632],[-7.58047,41.77881],[-7.57888,41.77505],[-7.58039,41.76709],[-7.57493,41.75971],[-7.57233,41.75516],[-7.56418,41.74603],[-7.56347,41.7431],[-7.56392,41.73894],[-7.565,41.73601],[-7.56865,41.733],[-7.57439,41.72696],[-7.57712,41.72516],[-7.58244,41.72414],[-7.58474,41.72132],[-7.59084,41.71674],[-7.59542,41.71064],[-7.60027,41.70598],[-7.59915,41.70247],[-7.60016,41.69864],[-7.60327,41.69494],[-7.60329,41.68968],[-7.59814,41.68349],[-7.59718,41.68042],[-7.59714,41.67665],[-7.59512,41.67382],[-7.59449,41.67083],[-7.59811,41.66252],[-7.60191,41.65909],[-7.60506,41.65498],[-7.60752,41.65321],[-7.61236,41.65099],[-7.61601,41.65042],[-7.61937,41.6479],[-7.61935,41.64304],[-7.62077,41.64055],[-7.6233,41.63862],[-7.62693,41.63735],[-7.63334,41.63652],[-7.63665,41.63532],[-7.64296,41.6357],[-7.65059,41.63279],[-7.65752,41.62964],[-7.66067,41.62751],[-7.66536,41.62616],[-7.67423,41.61557],[-7.67323,41.61053],[-7.67549,41.60627],[-7.66788,41.6041],[-7.6557,41.60283],[-7.64805,41.60375],[-7.64525,41.60524],[-7.63904,41.60636],[-7.6322,41.60677],[-7.62874,41.6065],[-7.62566,41.60531],[-7.62308,41.60301],[-7.61679,41.60146],[-7.60854,41.60026],[-7.59161,41.6018],[-7.58787,41.60098],[-7.57542,41.59602],[-7.56882,41.59883],[-7.56302,41.59896],[-7.55825,41.59655],[-7.55653,41.59394],[-7.55558,41.58919],[-7.55673,41.57691],[-7.55166,41.5657],[-7.54419,41.56351],[-7.53617,41.56236],[-7.52545,41.56349],[-7.523,41.56664],[-7.52658,41.56819],[-7.52871,41.57049],[-7.53004,41.57456],[-7.52925,41.58535],[-7.52623,41.5888],[-7.52303,41.59018],[-7.5194,41.59056],[-7.51586,41.58989],[-7.51185,41.58718],[-7.50714,41.58139],[-7.49795,41.58573],[-7.49575,41.59042],[-7.49318,41.59264],[-7.48967,41.59393],[-7.48356,41.59393],[-7.48013,41.59326],[-7.47478,41.59608],[-7.47667,41.60006],[-7.48279,41.60437],[-7.49107,41.61433],[-7.4916,41.61933],[-7.49425,41.62329],[-7.49745,41.62691],[-7.49775,41.62997],[-7.49925,41.63468],[-7.49862,41.64163],[-7.49377,41.64668],[-7.49354,41.65106],[-7.49112,41.65588],[-7.48865,41.65805],[-7.48275,41.66027],[-7.4756,41.66059],[-7.47073,41.66319],[-7.46574,41.67209],[-7.46444,41.67362],[-7.46134,41.68102],[-7.45578,41.68533],[-7.4536,41.68768],[-7.44971,41.68969],[-7.44329,41.69081],[-7.44168,41.69372],[-7.43809,41.69667],[-7.43068,41.69841],[-7.42691,41.70008],[-7.41498,41.70322],[-7.40713,41.70642],[-7.39869,41.70746],[-7.395,41.70686],[-7.39194,41.70524],[-7.38769,41.70104],[-7.37915,41.70058],[-7.37589,41.69944],[-7.37345,41.69747],[-7.37217,41.69495],[-7.37278,41.69093],[-7.37516,41.68797],[-7.37702,41.68338],[-7.37765,41.67591],[-7.37528,41.67235],[-7.37471,41.66239],[-7.37283,41.65722],[-7.37383,41.65322],[-7.37605,41.65104],[-7.38079,41.64917],[-7.38514,41.64625],[-7.38919,41.64504],[-7.38539,41.63814],[-7.38055,41.62726],[-7.38012,41.62541],[-7.37697,41.62211],[-7.37262,41.61858],[-7.36823,41.61707],[-7.36513,41.61332],[-7.36502,41.61032],[-7.36614,41.60646],[-7.36943,41.60322],[-7.37449,41.60178],[-7.38522,41.60113],[-7.39171,41.60132],[-7.40239,41.60275],[-7.41183,41.60636],[-7.41861,41.60531],[-7.4239,41.60624],[-7.42469,41.60348],[-7.42213,41.60034],[-7.42187,41.59751],[-7.42309,41.5948],[-7.42637,41.59172],[-7.42678,41.58798],[-7.4321,41.58106],[-7.43502,41.57912],[-7.44432,41.57495],[-7.44905,41.57381],[-7.45396,41.57116],[-7.45725,41.57074],[-7.45901,41.56704],[-7.46207,41.56402],[-7.46093,41.55455],[-7.46124,41.55316],[-7.46586,41.544],[-7.46827,41.54188],[-7.47233,41.53958],[-7.47622,41.53865],[-7.48325,41.53372],[-7.49014,41.53112],[-7.49836,41.52708],[-7.49861,41.52648],[-7.48893,41.51324],[-7.48398,41.5022],[-7.48094,41.49875],[-7.48033,41.49618],[-7.47791,41.49383],[-7.47538,41.48956],[-7.4752,41.48559],[-7.47265,41.4789],[-7.47327,41.475],[-7.4747,41.4731],[-7.47504,41.46988],[-7.47652,41.46741],[-7.47979,41.46475],[-7.48155,41.46234],[-7.48436,41.46037],[-7.48342,41.45674],[-7.4778,41.45636],[-7.46401,41.4523],[-7.45384,41.45806],[-7.44644,41.45922],[-7.44137,41.45835],[-7.43669,41.45844],[-7.4338,41.4576],[-7.42511,41.45707],[-7.42183,41.4559],[-7.41939,41.45387],[-7.41816,41.45129],[-7.41892,41.44722],[-7.42322,41.44238],[-7.42521,41.43566],[-7.42518,41.4309],[-7.42746,41.42724],[-7.43029,41.42555],[-7.43553,41.42472],[-7.43897,41.42543],[-7.44185,41.42692],[-7.44743,41.42869],[-7.45276,41.43096],[-7.4595,41.43114],[-7.47767,41.42881],[-7.48419,41.42249],[-7.4825,41.41735],[-7.47474,41.41073],[-7.46974,41.40824],[-7.46779,41.40419],[-7.4648,41.40124],[-7.45755,41.39744],[-7.45286,41.39137],[-7.45267,41.38852],[-7.45413,41.38538],[-7.45765,41.38255],[-7.45853,41.38032],[-7.4583,41.37197],[-7.45946,41.36952],[-7.46298,41.36488],[-7.47182,41.35013],[-7.47339,41.34874],[-7.47281,41.34246],[-7.46959,41.33741],[-7.46395,41.33455],[-7.45744,41.33208],[-7.455,41.33004],[-7.45378,41.32744],[-7.45408,41.32026],[-7.45577,41.31506],[-7.45788,41.31289],[-7.46087,41.31144],[-7.46452,41.31073],[-7.47125,41.31055],[-7.47362,41.30997],[-7.48163,41.30474],[-7.48994,41.30178],[-7.49543,41.30187],[-7.50219,41.30396],[-7.50578,41.30671],[-7.50731,41.30982],[-7.5146,41.31309],[-7.5171,41.31499],[-7.51847,41.31747],[-7.5186,41.32111],[-7.5169,41.32389],[-7.51163,41.32798],[-7.50899,41.33307],[-7.50549,41.33546],[-7.5015,41.34157],[-7.50103,41.34454],[-7.50495,41.34335],[-7.52224,41.34017],[-7.52591,41.34034],[-7.53054,41.3425],[-7.53382,41.34806],[-7.53888,41.34672],[-7.54685,41.34249],[-7.55596,41.34179],[-7.56014,41.34221],[-7.56545,41.34202],[-7.56994,41.33792],[-7.57268,41.33635],[-7.57665,41.33077],[-7.5739,41.32234],[-7.5711,41.31848],[-7.57092,41.31358],[-7.57432,41.30849],[-7.57719,41.30667],[-7.58253,41.3046],[-7.58932,41.29947],[-7.59371,41.29765],[-7.59884,41.29435],[-7.60424,41.29345],[-7.60778,41.29419],[-7.61067,41.2959],[-7.61655,41.30163],[-7.62126,41.29669],[-7.6237,41.2928],[-7.62683,41.29081],[-7.63217,41.28325],[-7.63492,41.27845],[-7.63797,41.27678],[-7.64067,41.27413],[-7.64351,41.27249],[-7.6457,41.26977],[-7.65346,41.26488],[-7.64844,41.26402],[-7.64546,41.26254],[-7.64289,41.25902],[-7.6428,41.2563],[-7.64406,41.25373],[-7.64761,41.25051],[-7.6515,41.2486],[-7.65221,41.24504],[-7.65397,41.2426],[-7.6585,41.24027],[-7.67156,41.2371],[-7.67696,41.23789],[-7.67996,41.23981],[-7.68341,41.24098],[-7.68929,41.24042],[-7.69498,41.24137],[-7.69934,41.23864],[-7.705,41.23655],[-7.70905,41.2363],[-7.71327,41.23708],[-7.71829,41.23975],[-7.72015,41.24201],[-7.72059,41.24598],[-7.71926,41.24848],[-7.71324,41.25393],[-7.70981,41.25563],[-7.70669,41.25617],[-7.69925,41.2587],[-7.70001,41.26118],[-7.70031,41.26638],[-7.71337,41.27523],[-7.71586,41.27931],[-7.71952,41.2825],[-7.72029,41.28529],[-7.71864,41.28939],[-7.71147,41.29411],[-7.70795,41.29573],[-7.7034,41.29607],[-7.6979,41.29725],[-7.69577,41.29829],[-7.6936,41.30453],[-7.69507,41.3064],[-7.69861,41.30818],[-7.70202,41.30723],[-7.70608,41.30748],[-7.71564,41.31138],[-7.71814,41.31275],[-7.72904,41.31572],[-7.73408,41.31528],[-7.73789,41.31612],[-7.74219,41.31805],[-7.74518,41.31683],[-7.7494,41.31343],[-7.75426,41.30808],[-7.75582,41.30523],[-7.76118,41.29955],[-7.76312,41.29847],[-7.76691,41.29356],[-7.76899,41.28896],[-7.77163,41.28707],[-7.77677,41.28487],[-7.78766,41.28222],[-7.79025,41.27252],[-7.78937,41.26724],[-7.79044,41.26441],[-7.79289,41.26211],[-7.79633,41.26072],[-7.80119,41.26054],[-7.80642,41.25785],[-7.81003,41.25764],[-7.81345,41.25846],[-7.81796,41.26213],[-7.8215,41.26283],[-7.82854,41.26569],[-7.83478,41.26428],[-7.84024,41.26549],[-7.84441,41.26387],[-7.84904,41.26348],[-7.85772,41.26614],[-7.86549,41.26467],[-7.86921,41.26286],[-7.87277,41.26224],[-7.8769,41.26282],[-7.88144,41.25947],[-7.88922,41.25488],[-7.89484,41.24998],[-7.89424,41.24885],[-7.88687,41.24833],[-7.88207,41.24668],[-7.87946,41.24449],[-7.87826,41.24018],[-7.88024,41.23266],[-7.88362,41.2282],[-7.88637,41.22303],[-7.88838,41.21783],[-7.89175,41.21366],[-7.89396,41.20932],[-7.8933,41.20614],[-7.89053,41.20227],[-7.88994,41.19563],[-7.88865,41.19052],[-7.89115,41.18278],[-7.8945,41.17809],[-7.89838,41.17457],[-7.89884,41.17313],[-7.89784,41.16829],[-7.89618,41.16579],[-7.89552,41.16287],[-7.89648,41.15998],[-7.89927,41.15727],[-7.90364,41.15474],[-7.90179,41.15033],[-7.90271,41.14748],[-7.90863,41.14268],[-7.91139,41.13985],[-7.91348,41.13522],[-7.9122,41.1276],[-7.91182,41.11997],[-7.90565,41.11881],[-7.89464,41.12041],[-7.88675,41.11961],[-7.87709,41.11613],[-7.87484,41.11446],[-7.87075,41.10983],[-7.8603,41.10277],[-7.85391,41.10359],[-7.85051,41.10257],[-7.84791,41.10066],[-7.84457,41.09545],[-7.83854,41.08858],[-7.83791,41.08579],[-7.83987,41.07783],[-7.84012,41.07318],[-7.84164,41.07055],[-7.84484,41.06822],[-7.84973,41.06669],[-7.85144,41.06427],[-7.85521,41.06198],[-7.85689,41.06001],[-7.85903,41.05445],[-7.85626,41.0508],[-7.85567,41.04802],[-7.85823,41.04323],[-7.85893,41.03946],[-7.85274,41.04105],[-7.84899,41.04047],[-7.84039,41.03693],[-7.83684,41.03459],[-7.83317,41.02906],[-7.82927,41.0255],[-7.8277,41.02165],[-7.82833,41.01896],[-7.83018,41.01666],[-7.82343,41.01283],[-7.82044,41.01013],[-7.81256,41.00985],[-7.80899,41.00907],[-7.8038,41.00605],[-7.80143,41.00272],[-7.79649,41.00028],[-7.79269,40.99656],[-7.79152,40.99288],[-7.79219,40.98139],[-7.78775,40.97965],[-7.77982,40.97758],[-7.7786,40.98136],[-7.77595,40.98412],[-7.77474,40.98852],[-7.76343,40.99836],[-7.7637,41.00376],[-7.76242,41.00651],[-7.75982,41.00867],[-7.75361,41.01086],[-7.74806,41.01061],[-7.74366,41.00823],[-7.73666,41.0062],[-7.72886,41.00617],[-7.72671,41.00564],[-7.72747,41.01583],[-7.72711,41.01838],[-7.72502,41.02259],[-7.72267,41.02484],[-7.71752,41.02654],[-7.70642,41.02621],[-7.69538,41.02199],[-7.69338,41.01976],[-7.69216,41.01624],[-7.6886,41.01472],[-7.67373,41.00544],[-7.6693,41.01236],[-7.66646,41.01484],[-7.66374,41.01888],[-7.66093,41.0208],[-7.65737,41.02177],[-7.65363,41.02162],[-7.64945,41.0203],[-7.64215,41.01955],[-7.63754,41.01699],[-7.63599,41.01432],[-7.63578,41.01071],[-7.62697,41.01111],[-7.62341,41.01066],[-7.62036,41.00924],[-7.61825,41.00704],[-7.61739,41.00439],[-7.61954,40.99441],[-7.62109,40.99076],[-7.62355,40.98833],[-7.6233,40.98432],[-7.61975,40.97887],[-7.61796,40.97066],[-7.61912,40.96743],[-7.61864,40.96602],[-7.61483,40.96615],[-7.61142,40.96538],[-7.60346,40.96208],[-7.59832,40.95632],[-7.59583,40.95011],[-7.59608,40.94725],[-7.59378,40.94337],[-7.58377,40.93743],[-7.57654,40.93444],[-7.57373,40.93191],[-7.56741,40.9276],[-7.5657,40.92338],[-7.55734,40.91612],[-7.55642,40.91424],[-7.54644,40.90466],[-7.5457,40.89985],[-7.54986,40.89423],[-7.55778,40.88887],[-7.55842,40.88673],[-7.56099,40.88373],[-7.56481,40.88181],[-7.55873,40.87343],[-7.54626,40.8727],[-7.52932,40.87295],[-7.51891,40.87037],[-7.51613,40.86855],[-7.51416,40.86408],[-7.5095,40.85842],[-7.50236,40.85657],[-7.49938,40.8551],[-7.49735,40.85288],[-7.49649,40.8489],[-7.48655,40.84291],[-7.48406,40.83979],[-7.48284,40.83538],[-7.47935,40.83524],[-7.47767,40.83953],[-7.47615,40.85054],[-7.47462,40.85268],[-7.47424,40.85547],[-7.47156,40.85959],[-7.47195,40.8639],[-7.47083,40.8673],[-7.46841,40.86976],[-7.46325,40.87151],[-7.46224,40.88225],[-7.46187,40.88951],[-7.46044,40.89207],[-7.45785,40.89405],[-7.4545,40.89516],[-7.44417,40.89551],[-7.43037,40.89536],[-7.42996,40.90385],[-7.42841,40.90758],[-7.42438,40.91426],[-7.42163,40.91675],[-7.41921,40.9207],[-7.41396,40.92521],[-7.42956,40.93577],[-7.43372,40.93961],[-7.43572,40.94343],[-7.44034,40.9452],[-7.44789,40.94088],[-7.45716,40.93909],[-7.46195,40.93972],[-7.46925,40.94247],[-7.48343,40.94],[-7.4918,40.93984],[-7.49503,40.93815],[-7.50006,40.93675],[-7.50534,40.9371],[-7.50949,40.93955],[-7.51096,40.94199],[-7.51113,40.9447],[-7.50776,40.95025],[-7.50669,40.9538],[-7.50371,40.95857],[-7.49967,40.96236],[-7.4991,40.96478],[-7.49962,40.97358],[-7.50238,40.97889],[-7.50727,40.98576],[-7.50763,40.99042],[-7.50624,40.99354],[-7.49739,41.00263],[-7.49401,41.00417],[-7.49013,41.00457],[-7.48246,41.00303],[-7.47666,41.00229],[-7.47133,40.99948],[-7.46163,41.00061],[-7.45564,41.01249],[-7.45259,41.01519],[-7.4509,41.02099],[-7.45108,41.02882],[-7.45041,41.03475],[-7.45078,41.04042],[-7.44879,41.04797],[-7.44251,41.05646],[-7.43897,41.05912],[-7.43586,41.06028],[-7.43243,41.06053],[-7.422,41.06028],[-7.41746,41.06119],[-7.4078,41.06028],[-7.40417,41.05878],[-7.40182,41.05646],[-7.4006,41.05385],[-7.39812,41.0409],[-7.39937,41.03709],[-7.39995,41.03264],[-7.39663,41.0328],[-7.39233,41.03181],[-7.38764,41.02928],[-7.38509,41.02565],[-7.3851,41.02287],[-7.38636,41.0201],[-7.38529,41.01723],[-7.38553,41.01455],[-7.38789,41.00868],[-7.38281,41.00655],[-7.37995,41.00676],[-7.37857,41.00989],[-7.37494,41.01282],[-7.37163,41.01376],[-7.36289,41.01404],[-7.35889,41.01312],[-7.35601,41.01153],[-7.34835,41.01112],[-7.34015,41.01259],[-7.33763,41.01425],[-7.33452,41.01755],[-7.3292,41.01914],[-7.32541,41.01878],[-7.32085,41.01693],[-7.31178,41.01612],[-7.30646,41.01467],[-7.3027,41.01166],[-7.30182,41.00755],[-7.30317,41.00409],[-7.29962,40.99988],[-7.29945,40.99704],[-7.30218,40.99146],[-7.3026,40.98555],[-7.30388,40.98211],[-7.30741,40.97547],[-7.31306,40.96917],[-7.31356,40.96508],[-7.31776,40.96138],[-7.31781,40.95806],[-7.31964,40.95228],[-7.31605,40.95003],[-7.314,40.94744],[-7.31221,40.94311],[-7.31206,40.94045],[-7.30926,40.93921],[-7.30456,40.93851],[-7.29948,40.93549],[-7.29484,40.93612],[-7.29017,40.93564],[-7.28361,40.93697],[-7.28106,40.93698],[-7.27616,40.93903],[-7.27352,40.93921],[-7.26861,40.9407],[-7.26445,40.94091],[-7.2579,40.93853],[-7.25568,40.9364],[-7.25452,40.93322],[-7.24997,40.93038],[-7.24749,40.92602],[-7.24563,40.92618],[-7.24176,40.93027],[-7.23859,40.93134],[-7.23575,40.93371],[-7.23263,40.93499],[-7.22913,40.93532],[-7.22423,40.934],[-7.22207,40.93243],[-7.21746,40.93193],[-7.21432,40.93026],[-7.21166,40.92723],[-7.20673,40.92589]]]}},{"type":"Feature","properties":{"level":"subregion","subregionId":"beiras","nameJa":"ベイラ(ダン / バイラーダ)"},"geometry":{"type":"Polygon","coordinates":[[[-7.6179,40.86221],[-7.62309,40.86785],[-7.63241,40.87453],[-7.63779,40.87213],[-7.64711,40.86915],[-7.65269,40.86814],[-7.6639,40.86341],[-7.66572,40.86097],[-7.66868,40.85919],[-7.67229,40.85841],[-7.67999,40.85915],[-7.68277,40.85875],[-7.68494,40.85601],[-7.68943,40.85285],[-7.69816,40.84885],[-7.70097,40.84845],[-7.70513,40.84429],[-7.70315,40.83791],[-7.70122,40.836],[-7.7001,40.83169],[-7.70148,40.82807],[-7.70574,40.82039],[-7.70766,40.81273],[-7.71192,40.80631],[-7.72298,40.79376],[-7.72281,40.79031],[-7.72356,40.78574],[-7.72279,40.77574],[-7.72401,40.773],[-7.72654,40.77081],[-7.73253,40.7692],[-7.73631,40.76764],[-7.74001,40.76745],[-7.74349,40.76835],[-7.74712,40.77134],[-7.75664,40.77527],[-7.76007,40.77761],[-7.76195,40.77996],[-7.76247,40.78341],[-7.76392,40.78577],[-7.76892,40.79834],[-7.7759,40.8063],[-7.7795,40.80972],[-7.78203,40.81522],[-7.78585,40.81941],[-7.79694,40.82623],[-7.80298,40.8323],[-7.80646,40.83803],[-7.81084,40.84166],[-7.81352,40.84254],[-7.81752,40.8395],[-7.81965,40.83558],[-7.8224,40.8337],[-7.82818,40.83199],[-7.83214,40.82885],[-7.83895,40.82548],[-7.84165,40.81956],[-7.84274,40.81378],[-7.84663,40.80283],[-7.84992,40.79859],[-7.85157,40.79521],[-7.85453,40.79285],[-7.86019,40.78994],[-7.85084,40.78154],[-7.84434,40.77349],[-7.84368,40.7709],[-7.84575,40.76147],[-7.84885,40.75804],[-7.85207,40.75671],[-7.85569,40.7564],[-7.85985,40.75713],[-7.86493,40.75233],[-7.86554,40.75018],[-7.86354,40.74468],[-7.86065,40.74164],[-7.85976,40.73761],[-7.86089,40.73497],[-7.86322,40.73282],[-7.86641,40.73148],[-7.87395,40.72992],[-7.88516,40.72864],[-7.89118,40.72682],[-7.89102,40.72239],[-7.89587,40.70979],[-7.89684,40.70868],[-7.89881,40.70315],[-7.90182,40.69256],[-7.90389,40.69019],[-7.90697,40.68859],[-7.91245,40.68813],[-7.91728,40.69006],[-7.9193,40.69238],[-7.92174,40.69836],[-7.93407,40.6981],[-7.93851,40.69451],[-7.94074,40.69201],[-7.94415,40.69028],[-7.95616,40.68632],[-7.95975,40.6863],[-7.96447,40.68815],[-7.97115,40.69753],[-7.97405,40.69963],[-7.97783,40.70034],[-7.98674,40.7006],[-7.99336,40.70128],[-8.00023,40.70069],[-8.00902,40.70109],[-8.01246,40.70206],[-8.01512,40.70396],[-8.0166,40.70651],[-8.01667,40.70932],[-8.01477,40.71347],[-8.01403,40.7185],[-8.0084,40.72559],[-8.00751,40.72967],[-8.01068,40.73327],[-8.01164,40.73576],[-8.01271,40.74358],[-8.01606,40.74654],[-8.01986,40.74681],[-8.02324,40.74812],[-8.02634,40.75169],[-8.02616,40.75602],[-8.0209,40.76212],[-8.01802,40.76399],[-8.01343,40.76527],[-8.00981,40.76521],[-8.00633,40.76419],[-8.00291,40.76109],[-7.99909,40.75954],[-7.99581,40.75983],[-7.99145,40.76159],[-7.98634,40.76182],[-7.97979,40.76145],[-7.97538,40.76059],[-7.96509,40.76367],[-7.96238,40.76532],[-7.95663,40.77006],[-7.95218,40.7718],[-7.94975,40.77644],[-7.94573,40.78001],[-7.93943,40.78273],[-7.93738,40.78304],[-7.93383,40.7882],[-7.92827,40.7923],[-7.9277,40.79695],[-7.92818,40.79951],[-7.93308,40.80104],[-7.93744,40.80489],[-7.93957,40.80839],[-7.9403,40.81338],[-7.9457,40.81885],[-7.95733,40.81884],[-7.96084,40.81995],[-7.96346,40.82204],[-7.96476,40.82477],[-7.96461,40.83046],[-7.96144,40.83525],[-7.96243,40.84102],[-7.96827,40.83968],[-7.97227,40.84],[-7.97851,40.84157],[-7.99401,40.8471],[-7.99729,40.85049],[-7.99777,40.85331],[-7.99677,40.85608],[-7.99202,40.86099],[-7.99174,40.8661],[-7.9922,40.87598],[-8.00033,40.87532],[-8.00471,40.87432],[-8.00824,40.87461],[-8.01136,40.87587],[-8.01514,40.88036],[-8.01545,40.88335],[-8.01387,40.88777],[-8.01009,40.89167],[-8.01388,40.89726],[-8.0172,40.89913],[-8.02042,40.89301],[-8.02284,40.89097],[-8.02946,40.88854],[-8.03285,40.88796],[-8.0379,40.88613],[-8.0416,40.88631],[-8.04581,40.88777],[-8.04893,40.89132],[-8.04922,40.89421],[-8.04817,40.89954],[-8.04259,40.90668],[-8.03951,40.90919],[-8.03873,40.91313],[-8.03639,40.91627],[-8.0362,40.91807],[-8.04037,40.91911],[-8.04458,40.91797],[-8.0527,40.91769],[-8.05617,40.91882],[-8.05958,40.92219],[-8.06076,40.92702],[-8.06662,40.93167],[-8.07885,40.93381],[-8.08261,40.93538],[-8.08975,40.933],[-8.09337,40.93303],[-8.10054,40.93456],[-8.10649,40.93645],[-8.11234,40.93607],[-8.11786,40.93421],[-8.12128,40.92748],[-8.1204,40.92374],[-8.12144,40.91893],[-8.12445,40.91125],[-8.12407,40.90839],[-8.12796,40.89835],[-8.1246,40.89445],[-8.12185,40.89349],[-8.11801,40.89078],[-8.11487,40.88514],[-8.11206,40.88162],[-8.11193,40.87856],[-8.11003,40.87359],[-8.10769,40.87214],[-8.10436,40.86834],[-8.10386,40.86403],[-8.10575,40.8581],[-8.10784,40.85578],[-8.11358,40.8529],[-8.11693,40.85233],[-8.12469,40.84969],[-8.12941,40.84891],[-8.13394,40.84931],[-8.13971,40.85191],[-8.14252,40.85409],[-8.14811,40.85526],[-8.15157,40.85668],[-8.1592,40.86229],[-8.1656,40.8657],[-8.16944,40.86514],[-8.17121,40.86299],[-8.17624,40.85956],[-8.18464,40.85138],[-8.18933,40.84796],[-8.19435,40.84665],[-8.19885,40.847],[-8.20638,40.84881],[-8.21455,40.85464],[-8.22192,40.85772],[-8.23047,40.86437],[-8.23136,40.86463],[-8.24173,40.86094],[-8.24596,40.85909],[-8.25495,40.85587],[-8.25305,40.85287],[-8.24933,40.84902],[-8.24816,40.84469],[-8.24428,40.8398],[-8.24051,40.83259],[-8.23744,40.82812],[-8.23735,40.82321],[-8.24073,40.81591],[-8.24422,40.81146],[-8.24459,40.80898],[-8.24649,40.80627],[-8.252,40.80377],[-8.25631,40.79966],[-8.25724,40.79772],[-8.25644,40.79196],[-8.25742,40.78931],[-8.26371,40.78298],[-8.26807,40.78055],[-8.26676,40.77716],[-8.26734,40.77391],[-8.26943,40.76917],[-8.27175,40.76674],[-8.27633,40.76463],[-8.27787,40.75988],[-8.2799,40.75777],[-8.28791,40.75218],[-8.29279,40.75103],[-8.29899,40.7469],[-8.30332,40.74602],[-8.3076,40.74361],[-8.31303,40.74214],[-8.31967,40.74283],[-8.32736,40.74026],[-8.33186,40.74004],[-8.33344,40.73712],[-8.33335,40.73442],[-8.33156,40.7299],[-8.32816,40.72741],[-8.32403,40.72074],[-8.32433,40.7153],[-8.32625,40.7113],[-8.3212,40.7057],[-8.31629,40.70421],[-8.31345,40.70204],[-8.31008,40.69534],[-8.30811,40.69331],[-8.30099,40.69063],[-8.29888,40.68835],[-8.2981,40.6856],[-8.29886,40.68171],[-8.29817,40.67601],[-8.29722,40.67433],[-8.29376,40.67153],[-8.2908,40.66746],[-8.29061,40.66321],[-8.29197,40.65666],[-8.29334,40.65424],[-8.29651,40.65151],[-8.29476,40.6449],[-8.29547,40.6381],[-8.29324,40.63382],[-8.28985,40.63214],[-8.28389,40.63042],[-8.27922,40.6316],[-8.2758,40.63128],[-8.26939,40.62831],[-8.26085,40.62537],[-8.25554,40.62146],[-8.25385,40.6177],[-8.25507,40.61379],[-8.25735,40.6117],[-8.26045,40.61038],[-8.2649,40.60986],[-8.26875,40.60767],[-8.27525,40.60634],[-8.27961,40.6065],[-8.28732,40.6054],[-8.29019,40.60565],[-8.29778,40.60315],[-8.30646,40.60186],[-8.31135,40.60349],[-8.31445,40.6075],[-8.31763,40.60988],[-8.32161,40.61011],[-8.32512,40.60932],[-8.32872,40.60755],[-8.33774,40.60528],[-8.34541,40.60286],[-8.34942,40.60246],[-8.36012,40.59947],[-8.36482,40.59903],[-8.37031,40.59989],[-8.37347,40.60158],[-8.37544,40.60411],[-8.37526,40.60913],[-8.38102,40.61386],[-8.38513,40.61645],[-8.38701,40.62031],[-8.38578,40.62437],[-8.38182,40.62729],[-8.37748,40.62844],[-8.37109,40.63297],[-8.36557,40.63789],[-8.36056,40.64166],[-8.35577,40.64393],[-8.35259,40.64708],[-8.36068,40.65103],[-8.36335,40.65408],[-8.36401,40.65941],[-8.36849,40.66273],[-8.37411,40.66805],[-8.37659,40.667],[-8.38562,40.66525],[-8.38928,40.66559],[-8.39546,40.66915],[-8.40032,40.66677],[-8.40384,40.66638],[-8.40599,40.66505],[-8.41103,40.66335],[-8.41594,40.66293],[-8.42559,40.65795],[-8.42523,40.65303],[-8.42784,40.64859],[-8.43078,40.64644],[-8.43404,40.6452],[-8.43817,40.64462],[-8.44253,40.63984],[-8.44585,40.63856],[-8.44954,40.6382],[-8.45192,40.63656],[-8.45538,40.63545],[-8.4556,40.63244],[-8.45711,40.63007],[-8.46,40.62778],[-8.4576,40.61917],[-8.45419,40.61437],[-8.45322,40.61059],[-8.4536,40.6065],[-8.45338,40.60103],[-8.45458,40.59838],[-8.45698,40.59626],[-8.46024,40.59497],[-8.46388,40.59471],[-8.47165,40.59649],[-8.47436,40.59811],[-8.48181,40.59857],[-8.48688,40.59731],[-8.49228,40.59729],[-8.49699,40.5991],[-8.50215,40.60366],[-8.51026,40.60364],[-8.51379,40.60493],[-8.52036,40.60936],[-8.52338,40.60933],[-8.52307,40.60659],[-8.52427,40.60388],[-8.52674,40.60171],[-8.53009,40.60042],[-8.53783,40.59886],[-8.54197,40.59855],[-8.54803,40.59929],[-8.55207,40.60142],[-8.55587,40.60079],[-8.56123,40.59782],[-8.56503,40.59725],[-8.56878,40.59789],[-8.57462,40.60163],[-8.57624,40.60004],[-8.58305,40.5955],[-8.58596,40.59449],[-8.58832,40.59016],[-8.59183,40.58638],[-8.59463,40.58485],[-8.60093,40.5828],[-8.60623,40.5806],[-8.60828,40.57733],[-8.61114,40.57538],[-8.61476,40.57443],[-8.62194,40.57428],[-8.62646,40.57268],[-8.63363,40.57132],[-8.63772,40.56777],[-8.64113,40.56641],[-8.64555,40.5661],[-8.64991,40.56734],[-8.65873,40.56647],[-8.66313,40.56682],[-8.66674,40.56829],[-8.67014,40.5674],[-8.67677,40.56247],[-8.67566,40.55788],[-8.6733,40.5542],[-8.67291,40.55167],[-8.67483,40.5453],[-8.67434,40.53924],[-8.67001,40.5357],[-8.66916,40.5296],[-8.66603,40.52582],[-8.66501,40.51864],[-8.66541,40.51434],[-8.66217,40.51047],[-8.66171,40.50677],[-8.658,40.503],[-8.65653,40.50032],[-8.65658,40.4974],[-8.65814,40.49471],[-8.6627,40.49204],[-8.67135,40.49068],[-8.67525,40.4911],[-8.68052,40.49345],[-8.68228,40.48774],[-8.68142,40.484],[-8.68228,40.47793],[-8.68328,40.47564],[-8.68299,40.47199],[-8.68524,40.46678],[-8.68785,40.46455],[-8.70014,40.45775],[-8.69091,40.44873],[-8.68765,40.445],[-8.68718,40.44014],[-8.68523,40.43802],[-8.68437,40.434],[-8.68619,40.42857],[-8.68841,40.42638],[-8.69211,40.4248],[-8.69241,40.42049],[-8.69002,40.41477],[-8.68827,40.41232],[-8.68768,40.4088],[-8.68884,40.40589],[-8.69136,40.40301],[-8.69644,40.40017],[-8.69923,40.39497],[-8.69929,40.3926],[-8.70206,40.38784],[-8.70168,40.38344],[-8.70394,40.37648],[-8.70607,40.37392],[-8.71126,40.37181],[-8.71565,40.37142],[-8.72428,40.37224],[-8.72522,40.37041],[-8.72251,40.36819],[-8.72138,40.36552],[-8.72169,40.36271],[-8.72382,40.35821],[-8.72395,40.35319],[-8.72512,40.35143],[-8.72587,40.3469],[-8.725,40.34228],[-8.72583,40.33768],[-8.72993,40.33218],[-8.73336,40.3291],[-8.73384,40.32733],[-8.7366,40.32415],[-8.74266,40.32013],[-8.74564,40.31158],[-8.74503,40.31101],[-8.7381,40.30993],[-8.73,40.30813],[-8.72585,40.30612],[-8.72211,40.30538],[-8.71298,40.30534],[-8.6978,40.30444],[-8.69257,40.30378],[-8.68717,40.30177],[-8.6846,40.30182],[-8.6784,40.30006],[-8.66829,40.29924],[-8.65564,40.29919],[-8.65107,40.2981],[-8.64617,40.30083],[-8.6388,40.30111],[-8.63544,40.30002],[-8.63292,40.298],[-8.63153,40.29309],[-8.61917,40.28496],[-8.61705,40.28108],[-8.61816,40.27691],[-8.61469,40.27416],[-8.60862,40.27234],[-8.59961,40.27584],[-8.59599,40.27964],[-8.59334,40.28129],[-8.58916,40.28225],[-8.58275,40.28623],[-8.57861,40.28779],[-8.57305,40.28849],[-8.56948,40.28789],[-8.56541,40.28516],[-8.56323,40.28102],[-8.56247,40.27531],[-8.56036,40.26719],[-8.55428,40.25954],[-8.5533,40.25665],[-8.55342,40.2535],[-8.55123,40.25182],[-8.54836,40.25124],[-8.54511,40.24929],[-8.54133,40.24543],[-8.53094,40.25141],[-8.5224,40.25476],[-8.51873,40.25504],[-8.51522,40.25423],[-8.50516,40.24998],[-8.50074,40.24547],[-8.50015,40.24212],[-8.49461,40.23452],[-8.48684,40.23449],[-8.4822,40.23308],[-8.47882,40.23399],[-8.47318,40.23785],[-8.46844,40.23902],[-8.4658,40.23886],[-8.46421,40.24203],[-8.4617,40.24391],[-8.45128,40.24809],[-8.44489,40.24869],[-8.44241,40.24979],[-8.44299,40.25336],[-8.44212,40.25619],[-8.43674,40.26191],[-8.43232,40.26378],[-8.42489,40.26535],[-8.41815,40.26513],[-8.41718,40.27217],[-8.4126,40.27808],[-8.40804,40.2803],[-8.39771,40.28066],[-8.39501,40.282],[-8.39058,40.28254],[-8.38853,40.28375],[-8.38906,40.28602],[-8.3887,40.29258],[-8.38455,40.29788],[-8.38549,40.2995],[-8.38784,40.30884],[-8.38773,40.31027],[-8.3853,40.31411],[-8.3805,40.31629],[-8.3754,40.31663],[-8.37093,40.32033],[-8.36796,40.32601],[-8.36904,40.32885],[-8.37411,40.33461],[-8.3749,40.33721],[-8.37439,40.33987],[-8.37266,40.34222],[-8.36892,40.34461],[-8.35826,40.34733],[-8.35736,40.34798],[-8.35678,40.35216],[-8.3545,40.36179],[-8.35369,40.3631],[-8.3495,40.366],[-8.34584,40.36669],[-8.34216,40.36623],[-8.33757,40.36341],[-8.33457,40.35925],[-8.32926,40.35485],[-8.32519,40.35484],[-8.32268,40.35931],[-8.31964,40.36101],[-8.31178,40.36164],[-8.30009,40.35831],[-8.2953,40.35559],[-8.29293,40.35155],[-8.28894,40.3472],[-8.2833,40.3439],[-8.28021,40.33929],[-8.27654,40.33578],[-8.27036,40.33543],[-8.26641,40.3344],[-8.2638,40.33286],[-8.25909,40.32754],[-8.25113,40.32333],[-8.24294,40.32434],[-8.2371,40.32273],[-8.23363,40.32275],[-8.23195,40.32471],[-8.23067,40.3298],[-8.22845,40.33208],[-8.22401,40.33492],[-8.21984,40.33638],[-8.21173,40.34032],[-8.20832,40.34078],[-8.20058,40.33893],[-8.19515,40.33966],[-8.19147,40.33909],[-8.18841,40.33745],[-8.18615,40.33434],[-8.18408,40.33364],[-8.17849,40.33573],[-8.17476,40.33943],[-8.1718,40.34116],[-8.16821,40.3419],[-8.16323,40.34141],[-8.15552,40.33796],[-8.15227,40.33754],[-8.14797,40.33819],[-8.14185,40.33806],[-8.13854,40.3366],[-8.13528,40.33342],[-8.12885,40.33242],[-8.12662,40.33125],[-8.12253,40.33072],[-8.11954,40.32912],[-8.11651,40.32406],[-8.11602,40.3173],[-8.11727,40.31454],[-8.11633,40.31292],[-8.11629,40.30891],[-8.11543,40.30462],[-8.11782,40.30085],[-8.12101,40.29903],[-8.12755,40.29848],[-8.13136,40.29757],[-8.13509,40.29567],[-8.13962,40.29103],[-8.14263,40.28954],[-8.14612,40.289],[-8.14962,40.28936],[-8.1548,40.28818],[-8.15978,40.28616],[-8.16133,40.28387],[-8.16059,40.28029],[-8.16321,40.27436],[-8.16299,40.27204],[-8.16413,40.26916],[-8.16854,40.26463],[-8.17676,40.26046],[-8.17993,40.25965],[-8.19307,40.25852],[-8.19867,40.26021],[-8.20683,40.25709],[-8.20683,40.25447],[-8.20242,40.25387],[-8.19894,40.2525],[-8.19493,40.24871],[-8.19406,40.24557],[-8.18857,40.2447],[-8.18514,40.24304],[-8.18294,40.24086],[-8.18206,40.23678],[-8.18322,40.23411],[-8.18705,40.23106],[-8.18672,40.22957],[-8.1819,40.22484],[-8.17953,40.22325],[-8.17789,40.22053],[-8.17773,40.21573],[-8.17642,40.21154],[-8.17213,40.20555],[-8.16997,40.20914],[-8.16743,40.2111],[-8.16236,40.21238],[-8.14262,40.21006],[-8.13773,40.20825],[-8.13206,40.20307],[-8.1272,40.20198],[-8.12428,40.20044],[-8.1208,40.19501],[-8.11654,40.19672],[-8.10731,40.19771],[-8.10263,40.19882],[-8.09898,40.19864],[-8.09441,40.19644],[-8.09264,40.19401],[-8.09179,40.18975],[-8.08663,40.18823],[-8.08399,40.18653],[-8.08061,40.17996],[-8.07676,40.17776],[-8.07467,40.17282],[-8.07142,40.1711],[-8.06691,40.16988],[-8.06289,40.16728],[-8.05839,40.16983],[-8.0547,40.17086],[-8.05081,40.17064],[-8.04624,40.16849],[-8.04147,40.16941],[-8.03873,40.17131],[-8.03432,40.17289],[-8.03044,40.17303],[-8.02686,40.17211],[-8.01923,40.17369],[-8.01357,40.172],[-8.00427,40.17388],[-8.00008,40.17978],[-7.99502,40.1817],[-7.99127,40.18158],[-7.98791,40.18033],[-7.98521,40.17794],[-7.9841,40.17532],[-7.98353,40.17063],[-7.9863,40.16389],[-7.99067,40.15629],[-7.98975,40.1521],[-7.99166,40.14381],[-7.99545,40.13768],[-7.99358,40.13694],[-7.98798,40.13833],[-7.98435,40.13772],[-7.9772,40.13534],[-7.97336,40.13185],[-7.96857,40.12981],[-7.96616,40.12756],[-7.9644,40.12375],[-7.96426,40.12157],[-7.95722,40.11785],[-7.95215,40.11802],[-7.94886,40.11741],[-7.94482,40.1204],[-7.94188,40.12148],[-7.93647,40.12244],[-7.93062,40.12221],[-7.92627,40.12384],[-7.91676,40.1293],[-7.91451,40.13156],[-7.90983,40.13446],[-7.90443,40.13539],[-7.89664,40.13342],[-7.89163,40.13088],[-7.88986,40.12834],[-7.88729,40.12165],[-7.88596,40.11682],[-7.88076,40.1081],[-7.87537,40.10024],[-7.86791,40.09623],[-7.86121,40.09194],[-7.85671,40.08685],[-7.85356,40.08133],[-7.85348,40.07205],[-7.85419,40.06725],[-7.85724,40.06265],[-7.85816,40.05918],[-7.8554,40.05861],[-7.84912,40.05452],[-7.83752,40.05111],[-7.82831,40.05053],[-7.82337,40.04872],[-7.81562,40.04105],[-7.81459,40.03853],[-7.81482,40.03587],[-7.81743,40.03241],[-7.82184,40.02945],[-7.82351,40.02707],[-7.82613,40.02524],[-7.82657,40.02339],[-7.82513,40.02004],[-7.82342,40.01093],[-7.82222,40.00875],[-7.82189,40.00241],[-7.8241,39.99796],[-7.82822,39.99415],[-7.8278,39.98958],[-7.82898,39.98705],[-7.83274,39.98424],[-7.83868,39.98255],[-7.85257,39.98078],[-7.86114,39.9817],[-7.86626,39.98423],[-7.87646,39.98704],[-7.88065,39.98896],[-7.88552,39.9927],[-7.88824,39.99904],[-7.88861,40.00407],[-7.89016,40.00889],[-7.88708,40.01773],[-7.88329,40.02174],[-7.87833,40.02456],[-7.87818,40.02694],[-7.8801,40.02738],[-7.88555,40.02526],[-7.89168,40.02093],[-7.89229,40.01789],[-7.89417,40.01534],[-7.89856,40.01256],[-7.90366,40.00805],[-7.90699,40.00675],[-7.91068,40.00653],[-7.91466,40.00739],[-7.91665,40.00372],[-7.9188,40.0015],[-7.92185,40.00004],[-7.92536,39.99955],[-7.92883,40.0001],[-7.9346,40.00195],[-7.94067,40.00044],[-7.94403,40.00062],[-7.95286,40.00237],[-7.95344,39.99637],[-7.94968,39.99412],[-7.9473,39.99118],[-7.94241,39.98871],[-7.93995,39.98662],[-7.93834,39.98401],[-7.93829,39.98077],[-7.93604,39.97784],[-7.93267,39.97505],[-7.9316,39.97235],[-7.9311,39.96821],[-7.92608,39.96493],[-7.92449,39.96268],[-7.92404,39.96013],[-7.92516,39.95624],[-7.92931,39.951],[-7.93329,39.94855],[-7.93979,39.94801],[-7.9437,39.94929],[-7.94533,39.94901],[-7.94963,39.94565],[-7.95406,39.94424],[-7.96134,39.94399],[-7.96611,39.94538],[-7.96895,39.94259],[-7.9758,39.938],[-7.98047,39.93579],[-7.98673,39.93441],[-7.98892,39.93205],[-7.98825,39.92847],[-7.99021,39.92192],[-7.98667,39.91984],[-7.98361,39.9191],[-7.97234,39.91899],[-7.96333,39.91832],[-7.95886,39.91634],[-7.957,39.91409],[-7.95603,39.91094],[-7.95253,39.90598],[-7.95071,39.90021],[-7.95157,39.8974],[-7.95401,39.89368],[-7.96051,39.88918],[-7.96793,39.88746],[-7.96833,39.88527],[-7.96247,39.88255],[-7.95781,39.87743],[-7.95346,39.87382],[-7.95006,39.8717],[-7.94757,39.86752],[-7.94434,39.86539],[-7.94168,39.86496],[-7.93691,39.86178],[-7.93117,39.86153],[-7.92789,39.8607],[-7.92281,39.85758],[-7.91836,39.85627],[-7.91507,39.85454],[-7.91125,39.85607],[-7.90728,39.8566],[-7.90081,39.85891],[-7.89643,39.86419],[-7.89541,39.86894],[-7.89413,39.87141],[-7.88947,39.87457],[-7.88611,39.87532],[-7.88103,39.87456],[-7.87424,39.87082],[-7.87004,39.86909],[-7.86529,39.86905],[-7.86184,39.86797],[-7.85842,39.86463],[-7.85784,39.86177],[-7.85868,39.85692],[-7.85481,39.85167],[-7.85258,39.84659],[-7.85275,39.8391],[-7.85437,39.83525],[-7.85805,39.8317],[-7.8633,39.82823],[-7.86593,39.82731],[-7.87372,39.82243],[-7.87651,39.82016],[-7.87971,39.8191],[-7.89111,39.81828],[-7.88984,39.81403],[-7.88995,39.80925],[-7.89245,39.79975],[-7.89532,39.79447],[-7.89078,39.78217],[-7.88873,39.77953],[-7.88828,39.77658],[-7.88545,39.77346],[-7.88452,39.7694],[-7.88517,39.76738],[-7.88274,39.75749],[-7.8833,39.7549],[-7.88665,39.75023],[-7.88641,39.74818],[-7.88803,39.74387],[-7.87669,39.7448],[-7.87064,39.74561],[-7.86384,39.7438],[-7.85755,39.74354],[-7.85416,39.74271],[-7.85146,39.74095],[-7.84748,39.73414],[-7.84076,39.73399],[-7.83194,39.72979],[-7.82967,39.7274],[-7.82887,39.72469],[-7.8263,39.72424],[-7.82012,39.72182],[-7.81187,39.72172],[-7.80902,39.72116],[-7.80542,39.72175],[-7.80156,39.72114],[-7.79903,39.71991],[-7.79284,39.7197],[-7.78954,39.71809],[-7.78781,39.71631],[-7.78207,39.71442],[-7.78004,39.7128],[-7.77405,39.71109],[-7.77186,39.70911],[-7.76815,39.70415],[-7.76527,39.70937],[-7.76326,39.71178],[-7.75847,39.71387],[-7.75304,39.71355],[-7.74682,39.70957],[-7.7415,39.70326],[-7.73735,39.70038],[-7.73396,39.69537],[-7.73211,39.69359],[-7.72681,39.69158],[-7.7249,39.68933],[-7.72433,39.68561],[-7.72068,39.68219],[-7.71681,39.68237],[-7.71213,39.68097],[-7.7081,39.67748],[-7.70692,39.67491],[-7.70788,39.67007],[-7.7131,39.66359],[-7.7144,39.65966],[-7.71488,39.65427],[-7.71721,39.65163],[-7.71534,39.64549],[-7.713,39.64397],[-7.70668,39.64172],[-7.70371,39.63849],[-7.70113,39.63739],[-7.69613,39.63801],[-7.69307,39.63913],[-7.69022,39.64141],[-7.68494,39.64395],[-7.68207,39.64456],[-7.67702,39.64667],[-7.67347,39.64705],[-7.66851,39.64564],[-7.66616,39.6436],[-7.66422,39.63968],[-7.66056,39.63422],[-7.65171,39.62829],[-7.64845,39.62477],[-7.64259,39.62263],[-7.63773,39.62272],[-7.62031,39.62848],[-7.60976,39.63583],[-7.60728,39.63714],[-7.596,39.64021],[-7.59503,39.64323],[-7.59533,39.64678],[-7.59359,39.65116],[-7.59013,39.65387],[-7.57912,39.65882],[-7.57438,39.65957],[-7.56676,39.66011],[-7.55175,39.65765],[-7.54331,39.66258],[-7.53934,39.6665],[-7.53607,39.66762],[-7.52106,39.6671],[-7.51258,39.66648],[-7.5085,39.66668],[-7.49891,39.66606],[-7.49198,39.66671],[-7.48264,39.6657],[-7.47759,39.66399],[-7.46615,39.66401],[-7.45297,39.66312],[-7.43771,39.65842],[-7.42944,39.653],[-7.42562,39.65189],[-7.41328,39.64915],[-7.40928,39.64874],[-7.40332,39.64697],[-7.40035,39.64675],[-7.3903,39.65056],[-7.37945,39.65161],[-7.37479,39.65139],[-7.36185,39.64791],[-7.35219,39.64638],[-7.34426,39.64442],[-7.33681,39.64189],[-7.33131,39.64161],[-7.32611,39.64391],[-7.32033,39.64851],[-7.31676,39.6501],[-7.30996,39.65176],[-7.3034,39.65422],[-7.2948,39.65534],[-7.2926,39.65634],[-7.29,39.65958],[-7.28691,39.66136],[-7.27571,39.66357],[-7.27238,39.66366],[-7.26414,39.66585],[-7.2571,39.66605],[-7.24857,39.66736],[-7.24411,39.6668],[-7.21663,39.6605],[-7.20796,39.66202],[-7.20316,39.66246],[-7.18932,39.66035],[-7.1875,39.65967],[-7.17887,39.65841],[-7.16796,39.65602],[-7.16152,39.65566],[-7.15272,39.65331],[-7.14598,39.65312],[-7.14426,39.65375],[-7.13464,39.65897],[-7.12875,39.66295],[-7.12377,39.66404],[-7.11214,39.66402],[-7.10434,39.66442],[-7.09774,39.66303],[-7.09323,39.66372],[-7.08823,39.6633],[-7.07296,39.65826],[-7.06931,39.65767],[-7.06481,39.65797],[-7.05811,39.65988],[-7.05203,39.66055],[-7.04656,39.6629],[-7.03538,39.66643],[-7.02426,39.66872],[-7.01551,39.67091],[-7.01412,39.67806],[-7.01199,39.68072],[-7.00786,39.68431],[-7.00633,39.69239],[-7.00354,39.69713],[-7.00456,39.70128],[-7.0036,39.70395],[-7.00031,39.70909],[-6.99934,39.71283],[-6.99748,39.71554],[-6.99508,39.7172],[-6.99273,39.72206],[-6.98701,39.72777],[-6.98952,39.73044],[-6.99092,39.73313],[-6.99099,39.73795],[-6.99194,39.74204],[-6.99065,39.74561],[-6.98954,39.75167],[-6.98864,39.75339],[-6.99521,39.75493],[-6.99836,39.75745],[-7.00234,39.7578],[-7.00797,39.75952],[-7.01103,39.76192],[-7.01467,39.76268],[-7.02513,39.7636],[-7.028,39.76487],[-7.03279,39.76875],[-7.03738,39.77144],[-7.03969,39.77489],[-7.03951,39.77858],[-7.04231,39.78277],[-7.04337,39.78568],[-7.04382,39.79156],[-7.04825,39.79127],[-7.05322,39.78751],[-7.05896,39.78542],[-7.06697,39.7846],[-7.07107,39.78476],[-7.07474,39.78577],[-7.07753,39.78787],[-7.07878,39.78994],[-7.08473,39.7934],[-7.0864,39.7972],[-7.08737,39.80179],[-7.09186,39.80228],[-7.0961,39.79884],[-7.10029,39.79645],[-7.10519,39.79451],[-7.10901,39.79374],[-7.11287,39.79426],[-7.11922,39.79708],[-7.12123,39.79917],[-7.125,39.80535],[-7.12935,39.80826],[-7.13352,39.81527],[-7.13603,39.82242],[-7.13648,39.82965],[-7.1356,39.83241],[-7.13342,39.83471],[-7.13029,39.83621],[-7.12699,39.83681],[-7.12348,39.83902],[-7.11865,39.8402],[-7.11604,39.84188],[-7.11813,39.84461],[-7.11832,39.84901],[-7.11655,39.85166],[-7.11417,39.85338],[-7.11283,39.85825],[-7.11835,39.86063],[-7.12009,39.86315],[-7.12001,39.86744],[-7.1166,39.87261],[-7.11598,39.87819],[-7.11339,39.88162],[-7.10951,39.88383],[-7.11077,39.88613],[-7.11049,39.89027],[-7.10732,39.89365],[-7.10409,39.89492],[-7.09874,39.89487],[-7.09426,39.89316],[-7.08939,39.89821],[-7.08623,39.90043],[-7.08243,39.90717],[-7.07997,39.90952],[-7.07545,39.91153],[-7.07118,39.91622],[-7.07085,39.9176],[-7.07243,39.92449],[-7.07279,39.92973],[-7.07175,39.93233],[-7.06457,39.93858],[-7.06249,39.94388],[-7.06062,39.94628],[-7.04965,39.95167],[-7.04619,39.95214],[-7.04277,39.9516],[-7.03829,39.94918],[-7.03418,39.95607],[-7.03104,39.95833],[-7.02548,39.96369],[-7.02246,39.96745],[-7.01948,39.96953],[-7.01536,39.97074],[-7.00909,39.97353],[-7.00371,39.97641],[-6.99065,39.97938],[-6.98496,39.98039],[-6.98255,39.98143],[-6.98041,39.984],[-6.97756,39.9857],[-6.9647,39.98766],[-6.9598,39.9888],[-6.9556,39.98857],[-6.95123,39.99291],[-6.94702,39.995],[-6.94625,39.99952],[-6.9439,40.00296],[-6.93908,40.00769],[-6.93359,40.00915],[-6.92821,40.01119],[-6.92482,40.01107],[-6.92079,40.00983],[-6.91597,40.00935],[-6.91271,40.00832],[-6.90335,40.00893],[-6.89712,40.0101],[-6.88995,40.00945],[-6.88707,40.00867],[-6.88109,40.00816],[-6.8775,40.00662],[-6.87464,40.0064],[-6.87083,40.00813],[-6.8673,40.00856],[-6.86427,40.01179],[-6.86545,40.01426],[-6.87232,40.01734],[-6.8744,40.01978],[-6.87498,40.02372],[-6.87815,40.02886],[-6.88098,40.03232],[-6.8817,40.03485],[-6.88087,40.04036],[-6.88524,40.04531],[-6.89122,40.04973],[-6.89351,40.05318],[-6.89355,40.05581],[-6.8922,40.05903],[-6.89387,40.0607],[-6.90155,40.06098],[-6.90637,40.06324],[-6.90926,40.06657],[-6.91372,40.06771],[-6.91629,40.0696],[-6.91772,40.07212],[-6.91903,40.07663],[-6.919,40.08064],[-6.92248,40.08743],[-6.92525,40.09055],[-6.93119,40.09554],[-6.93263,40.09779],[-6.93405,40.10307],[-6.93858,40.10474],[-6.94087,40.10682],[-6.94196,40.10943],[-6.94181,40.11284],[-6.94792,40.11266],[-6.95313,40.1142],[-6.95891,40.11346],[-6.96304,40.11477],[-6.97528,40.11681],[-6.97904,40.11877],[-6.98603,40.11916],[-6.98841,40.11844],[-6.99498,40.11911],[-7.0067,40.1259],[-7.00841,40.12854],[-7.00885,40.13147],[-7.01229,40.13559],[-7.01557,40.14434],[-7.01569,40.14698],[-7.01301,40.15112],[-7.01384,40.15368],[-7.01335,40.15897],[-7.01788,40.16478],[-7.01849,40.16845],[-7.0169,40.17193],[-7.01581,40.17803],[-7.01997,40.18152],[-7.024,40.18302],[-7.0269,40.18649],[-7.02718,40.18927],[-7.02607,40.19195],[-7.02292,40.19489],[-7.01911,40.19715],[-7.01955,40.19876],[-7.01913,40.20446],[-7.01641,40.21058],[-7.01298,40.21958],[-7.01154,40.22184],[-7.01071,40.22523],[-7.00891,40.22758],[-6.99874,40.23476],[-6.99492,40.23584],[-6.98939,40.23642],[-6.98188,40.23924],[-6.97828,40.23932],[-6.97245,40.23683],[-6.96802,40.23672],[-6.96215,40.23908],[-6.96116,40.24259],[-6.95849,40.24578],[-6.95474,40.24901],[-6.95301,40.2537],[-6.95076,40.2558],[-6.94768,40.25713],[-6.9384,40.25851],[-6.93373,40.25801],[-6.92611,40.2586],[-6.92347,40.25809],[-6.92149,40.26326],[-6.92177,40.2696],[-6.92396,40.27399],[-6.92391,40.27893],[-6.9273,40.28415],[-6.92798,40.28766],[-6.9272,40.29046],[-6.92507,40.29284],[-6.91976,40.29519],[-6.91855,40.29778],[-6.91577,40.30053],[-6.91373,40.30544],[-6.91087,40.3076],[-6.90541,40.30966],[-6.89949,40.31395],[-6.89416,40.31642],[-6.89788,40.31827],[-6.9015,40.31901],[-6.9131,40.3195],[-6.91865,40.31922],[-6.92429,40.32017],[-6.93158,40.32048],[-6.93662,40.31983],[-6.94221,40.32068],[-6.94508,40.32241],[-6.94777,40.3259],[-6.94866,40.32879],[-6.95047,40.32953],[-6.95955,40.33505],[-6.96719,40.33804],[-6.97424,40.33871],[-6.984,40.34084],[-6.98846,40.34359],[-6.98998,40.34762],[-6.99303,40.35129],[-6.99322,40.35401],[-6.99208,40.35661],[-6.98748,40.3621],[-6.99266,40.36367],[-6.9979,40.36588],[-7.0017,40.36924],[-7.00416,40.3702],[-7.00829,40.37006],[-7.01515,40.36835],[-7.02144,40.36544],[-7.02182,40.3633],[-7.02072,40.35884],[-7.02296,40.35434],[-7.02674,40.35119],[-7.03058,40.34991],[-7.03566,40.35015],[-7.03896,40.35156],[-7.04301,40.35179],[-7.04605,40.35289],[-7.0494,40.356],[-7.05044,40.35892],[-7.05328,40.3628],[-7.06218,40.36912],[-7.06427,40.36978],[-7.07796,40.36849],[-7.08163,40.36915],[-7.08469,40.36687],[-7.0892,40.36536],[-7.09255,40.3632],[-7.09629,40.36225],[-7.10162,40.36201],[-7.10993,40.35936],[-7.11669,40.3577],[-7.12699,40.35593],[-7.13236,40.35586],[-7.14164,40.358],[-7.15046,40.36243],[-7.15337,40.36233],[-7.15655,40.35935],[-7.15963,40.35748],[-7.1634,40.35671],[-7.16955,40.35629],[-7.17006,40.35499],[-7.16635,40.35098],[-7.16548,40.34864],[-7.1624,40.34442],[-7.1601,40.33825],[-7.16069,40.33463],[-7.16255,40.33201],[-7.16446,40.32622],[-7.16781,40.32128],[-7.17288,40.31544],[-7.17853,40.31208],[-7.18611,40.3093],[-7.18967,40.30873],[-7.19322,40.30923],[-7.1982,40.3127],[-7.21362,40.31537],[-7.22225,40.31836],[-7.22973,40.32017],[-7.2392,40.3146],[-7.24285,40.31303],[-7.24705,40.31265],[-7.25107,40.31312],[-7.25748,40.31544],[-7.26036,40.31711],[-7.26258,40.32088],[-7.26295,40.32431],[-7.26184,40.32719],[-7.25194,40.33512],[-7.24741,40.33946],[-7.2447,40.34329],[-7.24103,40.34656],[-7.23847,40.35017],[-7.23791,40.35377],[-7.24006,40.35567],[-7.24132,40.35845],[-7.24101,40.3614],[-7.23938,40.36512],[-7.23528,40.36914],[-7.22993,40.37779],[-7.22368,40.38914],[-7.22735,40.39365],[-7.22804,40.39754],[-7.23041,40.39939],[-7.23185,40.40323],[-7.23109,40.40691],[-7.22928,40.40953],[-7.2259,40.41184],[-7.22035,40.41418],[-7.21466,40.41518],[-7.21323,40.42078],[-7.2136,40.42337],[-7.23036,40.42678],[-7.23429,40.4291],[-7.24071,40.43718],[-7.25209,40.44256],[-7.25476,40.44609],[-7.26229,40.44717],[-7.26803,40.44913],[-7.27118,40.44967],[-7.27444,40.4512],[-7.27659,40.45362],[-7.27729,40.45651],[-7.27641,40.45962],[-7.27277,40.46624],[-7.27312,40.46678],[-7.28057,40.46782],[-7.28487,40.46795],[-7.29458,40.46737],[-7.30395,40.46798],[-7.31034,40.46778],[-7.31366,40.46925],[-7.31589,40.47162],[-7.31669,40.4762],[-7.31982,40.47995],[-7.32016,40.48194],[-7.3279,40.48497],[-7.33281,40.48162],[-7.33512,40.4781],[-7.33575,40.47335],[-7.33878,40.46829],[-7.3413,40.4657],[-7.34335,40.46126],[-7.34573,40.45928],[-7.35059,40.45782],[-7.3628,40.45705],[-7.36838,40.45895],[-7.38199,40.45677],[-7.39057,40.45241],[-7.39414,40.44963],[-7.39861,40.44741],[-7.40213,40.44684],[-7.40564,40.44732],[-7.41353,40.44979],[-7.41747,40.45293],[-7.41931,40.45622],[-7.42012,40.46419],[-7.41951,40.46803],[-7.41817,40.47033],[-7.41189,40.47685],[-7.40859,40.48121],[-7.40363,40.48422],[-7.39756,40.48536],[-7.39506,40.48966],[-7.39044,40.49179],[-7.38598,40.49257],[-7.38518,40.49665],[-7.3822,40.50158],[-7.37376,40.50829],[-7.36783,40.51092],[-7.36407,40.51158],[-7.35863,40.51035],[-7.35579,40.51243],[-7.35175,40.51357],[-7.35024,40.51734],[-7.34823,40.52033],[-7.34849,40.5249],[-7.35358,40.52705],[-7.35831,40.52694],[-7.36319,40.52865],[-7.36536,40.53084],[-7.36741,40.53634],[-7.37043,40.54004],[-7.3775,40.53824],[-7.38108,40.53857],[-7.38425,40.53975],[-7.39225,40.53842],[-7.39593,40.53873],[-7.40157,40.54075],[-7.41165,40.54185],[-7.415,40.54302],[-7.41825,40.54638],[-7.42484,40.54768],[-7.42773,40.54897],[-7.43107,40.54616],[-7.43565,40.54348],[-7.44109,40.53722],[-7.44663,40.5302],[-7.44876,40.52529],[-7.45122,40.52303],[-7.45462,40.52169],[-7.45841,40.52147],[-7.46198,40.52241],[-7.46474,40.52436],[-7.46632,40.52675],[-7.46888,40.52863],[-7.47081,40.53131],[-7.47161,40.53504],[-7.47601,40.53917],[-7.47928,40.54669],[-7.47915,40.55236],[-7.49731,40.55134],[-7.50118,40.55245],[-7.50427,40.55421],[-7.50631,40.5567],[-7.50685,40.55963],[-7.5058,40.56251],[-7.49681,40.57167],[-7.50058,40.57685],[-7.50282,40.58567],[-7.50328,40.59261],[-7.50266,40.59662],[-7.50093,40.59919],[-7.4963,40.60163],[-7.49257,40.60194],[-7.489,40.60113],[-7.4809,40.59785],[-7.47583,40.59963],[-7.46727,40.5999],[-7.45526,40.60139],[-7.44699,40.60146],[-7.4437,40.60288],[-7.44132,40.60742],[-7.43608,40.61386],[-7.43357,40.61569],[-7.42577,40.61875],[-7.42264,40.6193],[-7.42103,40.6232],[-7.4189,40.62627],[-7.41611,40.62833],[-7.41056,40.62946],[-7.40684,40.6292],[-7.40361,40.62808],[-7.39547,40.62013],[-7.39465,40.61698],[-7.39469,40.61251],[-7.3971,40.60796],[-7.39395,40.60619],[-7.38543,40.6056],[-7.37014,40.613],[-7.36612,40.61371],[-7.35766,40.61332],[-7.35453,40.6121],[-7.35008,40.60836],[-7.34408,40.60518],[-7.33573,40.604],[-7.32636,40.59906],[-7.32486,40.59721],[-7.31434,40.59615],[-7.31147,40.59476],[-7.30298,40.59332],[-7.30026,40.5953],[-7.29769,40.59902],[-7.29178,40.60165],[-7.28622,40.60272],[-7.27808,40.60542],[-7.27435,40.60551],[-7.27097,40.6047],[-7.26654,40.60976],[-7.26455,40.61314],[-7.26153,40.61662],[-7.26159,40.62407],[-7.26481,40.63189],[-7.26368,40.63621],[-7.26109,40.63858],[-7.25609,40.64017],[-7.25198,40.63997],[-7.24684,40.6383],[-7.23955,40.633],[-7.23614,40.63475],[-7.23228,40.63539],[-7.22845,40.63478],[-7.22212,40.63129],[-7.22027,40.62902],[-7.21983,40.62504],[-7.22211,40.61986],[-7.22396,40.6176],[-7.22472,40.61309],[-7.22652,40.61018],[-7.22645,40.60707],[-7.2279,40.60442],[-7.23056,40.60239],[-7.23434,40.60101],[-7.2329,40.5984],[-7.23287,40.59226],[-7.23203,40.58849],[-7.2327,40.58579],[-7.23616,40.57927],[-7.22328,40.58197],[-7.21794,40.5841],[-7.21184,40.58488],[-7.20618,40.58431],[-7.2021,40.58479],[-7.19648,40.58408],[-7.1932,40.58254],[-7.18908,40.57805],[-7.18799,40.5756],[-7.18456,40.57141],[-7.17978,40.56919],[-7.17644,40.5642],[-7.17215,40.55938],[-7.16094,40.55784],[-7.14854,40.55518],[-7.14427,40.55643],[-7.13864,40.55597],[-7.13426,40.55433],[-7.1264,40.55562],[-7.12063,40.55539],[-7.11841,40.55591],[-7.11227,40.55555],[-7.10883,40.55381],[-7.10529,40.55092],[-7.10379,40.54884],[-7.09642,40.54638],[-7.09411,40.54411],[-7.09317,40.54131],[-7.09399,40.53797],[-7.08899,40.53639],[-7.08198,40.5351],[-7.08012,40.5353],[-7.07675,40.53913],[-7.07268,40.54083],[-7.07107,40.54422],[-7.06677,40.5489],[-7.06203,40.55119],[-7.0583,40.55139],[-7.05479,40.55046],[-7.05111,40.54734],[-7.05027,40.54457],[-7.05012,40.54024],[-7.04932,40.53801],[-7.04612,40.53436],[-7.04303,40.53382],[-7.03968,40.532],[-7.03724,40.53163],[-7.03297,40.52921],[-7.03144,40.52675],[-7.0291,40.51972],[-7.02731,40.51811],[-7.02154,40.51983],[-7.01485,40.51959],[-7.00913,40.52228],[-7.00455,40.52275],[-6.99915,40.52433],[-6.99461,40.52457],[-6.98788,40.52836],[-6.98491,40.52928],[-6.98212,40.53173],[-6.98631,40.53329],[-6.99343,40.53704],[-6.99938,40.53581],[-7.00337,40.536],[-7.01178,40.53891],[-7.01584,40.54302],[-7.01623,40.54565],[-7.01535,40.54822],[-7.01228,40.55323],[-7.00919,40.55608],[-7.00962,40.56111],[-7.00812,40.5637],[-7.0038,40.56634],[-7.00018,40.56687],[-6.99205,40.56618],[-6.98211,40.56431],[-6.98048,40.57154],[-6.97976,40.57878],[-6.98223,40.58276],[-6.98254,40.58605],[-6.98161,40.58866],[-6.97825,40.59159],[-6.97858,40.59932],[-6.97815,40.60691],[-6.97385,40.61948],[-6.97738,40.62056],[-6.98034,40.62251],[-6.98197,40.62524],[-6.98338,40.63119],[-6.98304,40.63292],[-6.97855,40.64529],[-6.974,40.65332],[-6.97251,40.65712],[-6.96904,40.66181],[-6.96926,40.66655],[-6.96706,40.67101],[-6.96432,40.67411],[-6.96089,40.68051],[-6.95536,40.68402],[-6.93947,40.6917],[-6.93599,40.69224],[-6.93253,40.69177],[-6.92714,40.68897],[-6.92522,40.68695],[-6.92122,40.67933],[-6.92011,40.67555],[-6.9173,40.67314],[-6.91539,40.66843],[-6.91327,40.66486],[-6.91025,40.66201],[-6.90918,40.65767],[-6.91046,40.65484],[-6.91334,40.65113],[-6.91392,40.64705],[-6.91132,40.64483],[-6.90934,40.64178],[-6.90907,40.63612],[-6.90748,40.63253],[-6.90826,40.6273],[-6.91334,40.62053],[-6.91717,40.61784],[-6.91912,40.61441],[-6.92015,40.61017],[-6.91982,40.60677],[-6.92174,40.60188],[-6.92227,40.59841],[-6.92385,40.59459],[-6.91126,40.59386],[-6.90569,40.59531],[-6.89375,40.59656],[-6.88713,40.59827],[-6.88164,40.59848],[-6.86799,40.59544],[-6.8649,40.59572],[-6.86421,40.59842],[-6.86059,40.60346],[-6.85723,40.61139],[-6.85436,40.61557],[-6.85239,40.62431],[-6.85304,40.62976],[-6.85616,40.6391],[-6.8562,40.6435],[-6.85821,40.6635],[-6.8603,40.66962],[-6.85873,40.67335],[-6.85635,40.67527],[-6.8467,40.68067],[-6.84391,40.68172],[-6.84355,40.68579],[-6.84714,40.69142],[-6.84905,40.69663],[-6.84943,40.70147],[-6.85287,40.7073],[-6.85284,40.70999],[-6.85146,40.71298],[-6.85111,40.71609],[-6.84839,40.71965],[-6.84359,40.72155],[-6.83455,40.72076],[-6.82068,40.7201],[-6.81235,40.71897],[-6.81746,40.72551],[-6.82225,40.72926],[-6.824,40.73139],[-6.82496,40.73705],[-6.82868,40.74112],[-6.83062,40.75341],[-6.82746,40.76182],[-6.82753,40.7644],[-6.82583,40.76893],[-6.82765,40.77267],[-6.82782,40.77729],[-6.82472,40.7854],[-6.8197,40.79287],[-6.81888,40.79832],[-6.81704,40.80132],[-6.81746,40.80777],[-6.81937,40.81312],[-6.82276,40.81917],[-6.8225,40.82338],[-6.82332,40.82579],[-6.82278,40.83106],[-6.82082,40.834],[-6.82009,40.83761],[-6.81796,40.84004],[-6.81226,40.84215],[-6.80991,40.84398],[-6.80671,40.84512],[-6.80229,40.84522],[-6.80038,40.84833],[-6.8014,40.85278],[-6.80344,40.85699],[-6.80204,40.86099],[-6.80417,40.86431],[-6.80471,40.86901],[-6.80653,40.8726],[-6.80871,40.88181],[-6.8094,40.88264],[-6.81655,40.88199],[-6.82024,40.8828],[-6.82308,40.88439],[-6.82773,40.88463],[-6.83099,40.88576],[-6.83401,40.88796],[-6.83692,40.88906],[-6.84168,40.89304],[-6.84538,40.89818],[-6.84864,40.90128],[-6.84987,40.9067],[-6.84914,40.91045],[-6.84927,40.91522],[-6.84819,40.9182],[-6.8494,40.92227],[-6.84909,40.92452],[-6.85274,40.92937],[-6.85389,40.93203],[-6.85373,40.93557],[-6.85689,40.93977],[-6.85749,40.94228],[-6.8597,40.94597],[-6.86026,40.94889],[-6.86535,40.95394],[-6.86757,40.95698],[-6.87059,40.95873],[-6.87908,40.95],[-6.88691,40.93679],[-6.88821,40.93358],[-6.89039,40.93153],[-6.89336,40.93019],[-6.91137,40.92534],[-6.9245,40.9233],[-6.93521,40.92298],[-6.93882,40.924],[-6.9429,40.92649],[-6.94571,40.93206],[-6.94995,40.93337],[-6.95284,40.93564],[-6.95903,40.94352],[-6.96518,40.9442],[-6.96829,40.94579],[-6.97325,40.95124],[-6.97424,40.95342],[-6.97664,40.95496],[-6.98109,40.95934],[-6.98347,40.96325],[-6.98338,40.96806],[-6.98975,40.97158],[-6.99336,40.97515],[-6.99515,40.97783],[-6.99605,40.98131],[-6.9958,40.98405],[-6.99087,40.99271],[-6.98935,40.99772],[-6.98436,41.00986],[-6.98148,41.01362],[-6.97677,41.01736],[-6.97861,41.01973],[-6.98094,41.02485],[-6.98083,41.02765],[-6.97932,41.03023],[-6.97629,41.03327],[-6.97145,41.03521],[-6.9678,41.03523],[-6.96444,41.0342],[-6.96127,41.03203],[-6.9542,41.03029],[-6.93993,41.0291],[-6.93036,41.02944],[-6.92352,41.0334],[-6.91918,41.03705],[-6.91395,41.03859],[-6.90851,41.0378],[-6.90284,41.03483],[-6.89513,41.03345],[-6.88896,41.03125],[-6.87766,41.02831],[-6.87004,41.02776],[-6.86627,41.02698],[-6.85977,41.02774],[-6.85306,41.02702],[-6.83606,41.02829],[-6.83306,41.0291],[-6.83439,41.03525],[-6.8337,41.0379],[-6.83043,41.0411],[-6.82589,41.04255],[-6.81823,41.04595],[-6.81779,41.05972],[-6.82316,41.06253],[-6.82916,41.06221],[-6.83264,41.06271],[-6.83561,41.06416],[-6.84133,41.06866],[-6.84838,41.07076],[-6.85195,41.07063],[-6.85887,41.07273],[-6.86752,41.07396],[-6.87604,41.07775],[-6.87887,41.08124],[-6.8804,41.08597],[-6.88328,41.08945],[-6.89026,41.09157],[-6.8942,41.09456],[-6.89518,41.09875],[-6.89222,41.10322],[-6.89234,41.10649],[-6.90153,41.10737],[-6.90466,41.10525],[-6.90826,41.10422],[-6.91208,41.10433],[-6.9184,41.10594],[-6.92241,41.10604],[-6.92883,41.1052],[-6.93628,41.10301],[-6.94007,41.1032],[-6.94342,41.1045],[-6.94637,41.10698],[-6.95124,41.1076],[-6.95367,41.10856],[-6.9571,41.10703],[-6.96434,41.10653],[-6.97992,41.11064],[-6.98707,41.10708],[-6.99088,41.1029],[-6.98627,41.09846],[-6.97957,41.09756],[-6.97573,41.09485],[-6.97455,41.09233],[-6.97445,41.08629],[-6.97526,41.08296],[-6.97326,41.07771],[-6.97478,41.07411],[-6.97066,41.07123],[-6.96876,41.06869],[-6.96789,41.06231],[-6.96975,41.05761],[-6.97216,41.05519],[-6.97682,41.05302],[-6.97949,41.0504],[-6.981,41.04591],[-6.98694,41.03795],[-6.98991,41.03643],[-6.99338,41.03584],[-6.99944,41.03725],[-7.00255,41.03709],[-7.00619,41.03801],[-7.01031,41.04063],[-7.0141,41.04108],[-7.02052,41.03862],[-7.02566,41.03826],[-7.03096,41.03951],[-7.03217,41.03712],[-7.03465,41.03492],[-7.03899,41.02885],[-7.04214,41.02363],[-7.04518,41.02117],[-7.05061,41.01796],[-7.05736,41.01596],[-7.0608,41.01402],[-7.06401,41.01324],[-7.07179,41.01306],[-7.07386,41.01204],[-7.08135,41.0102],[-7.08726,41.0095],[-7.10042,41.00638],[-7.10637,41.0046],[-7.1081,40.99984],[-7.11091,40.99784],[-7.11761,40.99578],[-7.11887,40.99377],[-7.12264,40.9909],[-7.12602,40.99004],[-7.13581,40.9885],[-7.13834,40.98733],[-7.1485,40.98601],[-7.15256,40.98406],[-7.15551,40.98347],[-7.16037,40.98021],[-7.16309,40.97524],[-7.16739,40.97309],[-7.16743,40.97054],[-7.16911,40.9655],[-7.16907,40.96152],[-7.17042,40.9588],[-7.17429,40.95579],[-7.17552,40.95271],[-7.17741,40.94245],[-7.1791,40.94008],[-7.18558,40.93575],[-7.18971,40.93217],[-7.19313,40.93127],[-7.19854,40.93188],[-7.20885,40.93011],[-7.21229,40.93039],[-7.22035,40.93345],[-7.22344,40.93544],[-7.22604,40.94066],[-7.23309,40.94069],[-7.23505,40.93559],[-7.23871,40.93185],[-7.24394,40.9297],[-7.24595,40.92607],[-7.24626,40.9208],[-7.2489,40.91485],[-7.25657,40.90696],[-7.2587,40.90551],[-7.25646,40.90094],[-7.25899,40.89475],[-7.25776,40.8918],[-7.25835,40.885],[-7.2555,40.87947],[-7.25668,40.87532],[-7.25912,40.87313],[-7.26584,40.87048],[-7.2692,40.86994],[-7.27286,40.86528],[-7.27574,40.86351],[-7.27925,40.86269],[-7.28289,40.86294],[-7.28658,40.86426],[-7.28686,40.86129],[-7.29217,40.85032],[-7.29547,40.84572],[-7.29749,40.84427],[-7.29754,40.84192],[-7.30023,40.83697],[-7.30215,40.83531],[-7.30158,40.83343],[-7.30228,40.82836],[-7.30118,40.82268],[-7.29613,40.81538],[-7.29576,40.81256],[-7.29929,40.80606],[-7.30243,40.80265],[-7.30554,40.80128],[-7.30907,40.80087],[-7.31253,40.80149],[-7.31813,40.80419],[-7.32224,40.80372],[-7.32741,40.80478],[-7.33332,40.80439],[-7.33711,40.8055],[-7.34238,40.80533],[-7.34606,40.80669],[-7.34927,40.81025],[-7.35338,40.81143],[-7.35661,40.81441],[-7.35774,40.81756],[-7.36024,40.82178],[-7.3744,40.82193],[-7.37489,40.81387],[-7.37582,40.81051],[-7.3804,40.80549],[-7.3843,40.79903],[-7.38846,40.79642],[-7.39309,40.79549],[-7.40442,40.79451],[-7.41064,40.79436],[-7.41701,40.79484],[-7.42258,40.79035],[-7.42609,40.78912],[-7.4339,40.7888],[-7.44391,40.78916],[-7.44899,40.78645],[-7.45283,40.78625],[-7.45643,40.78722],[-7.4601,40.78979],[-7.4646,40.796],[-7.46511,40.79739],[-7.46436,40.80164],[-7.46213,40.80399],[-7.45419,40.80789],[-7.45414,40.81417],[-7.45634,40.81724],[-7.46045,40.81937],[-7.46271,40.82139],[-7.4647,40.82733],[-7.46693,40.82865],[-7.47133,40.8291],[-7.47778,40.83161],[-7.48015,40.83341],[-7.48213,40.83644],[-7.48247,40.83938],[-7.49447,40.84919],[-7.49609,40.85322],[-7.49998,40.85698],[-7.50338,40.8572],[-7.50976,40.85944],[-7.51363,40.8634],[-7.5141,40.8692],[-7.52896,40.87296],[-7.54633,40.8727],[-7.55709,40.87328],[-7.56336,40.87131],[-7.56647,40.86793],[-7.57651,40.86294],[-7.58313,40.85626],[-7.58798,40.84989],[-7.59026,40.84222],[-7.59386,40.83894],[-7.59922,40.83772],[-7.60286,40.8383],[-7.6059,40.83991],[-7.60832,40.84281],[-7.60943,40.84638],[-7.61428,40.85669],[-7.6179,40.86221]]]}},{"type":"Feature","properties":{"level":"subregion","subregionId":"lisboa","nameJa":"リスボア"},"geometry":{"type":"MultiPolygon","coordinates":[[[[-9.00904,38.97862],[-9.00644,38.98312],[-9.00147,38.98524],[-8.99515,38.98477],[-8.9875,38.98199],[-8.98377,38.97843],[-8.9777,38.97609],[-8.97188,38.97574],[-8.96892,38.97471],[-8.96504,38.97186],[-8.96082,38.96762],[-8.95803,38.96584],[-8.95469,38.96878],[-8.94749,38.97765],[-8.94378,38.98822],[-8.94166,38.99759],[-8.94043,39.00072],[-8.93685,39.00614],[-8.93556,39.01046],[-8.93363,39.014],[-8.93041,39.018],[-8.932,39.02214],[-8.93576,39.03535],[-8.94288,39.0328],[-8.94641,39.03262],[-8.94973,39.03349],[-8.95368,39.0362],[-8.95525,39.03874],[-8.95475,39.04399],[-8.95278,39.04649],[-8.94707,39.05082],[-8.94739,39.05725],[-8.94477,39.06943],[-8.93968,39.0835],[-8.94106,39.09145],[-8.94284,39.0954],[-8.94072,39.10394],[-8.93714,39.1069],[-8.93388,39.10784],[-8.93044,39.10779],[-8.91882,39.1061],[-8.91996,39.111],[-8.92239,39.11291],[-8.9237,39.11532],[-8.92355,39.11947],[-8.92584,39.12264],[-8.92914,39.1243],[-8.9333,39.12859],[-8.93692,39.13444],[-8.93745,39.14222],[-8.93658,39.14448],[-8.93793,39.14749],[-8.93763,39.15344],[-8.94588,39.15117],[-8.9495,39.15142],[-8.95268,39.15275],[-8.95833,39.15803],[-8.96695,39.16233],[-8.96884,39.1646],[-8.9695,39.16728],[-8.96846,39.17479],[-8.97107,39.17857],[-8.97874,39.18075],[-8.99046,39.18235],[-8.99415,39.18155],[-8.99767,39.18177],[-9.00079,39.183],[-9.00305,39.18508],[-9.00444,39.18825],[-9.00455,39.19251],[-9.00362,39.19517],[-8.99874,39.20368],[-8.99606,39.21151],[-8.99488,39.21325],[-8.99476,39.21611],[-8.99191,39.22114],[-8.99013,39.22795],[-8.9879,39.23075],[-8.98868,39.23358],[-8.98817,39.23979],[-8.98418,39.24697],[-8.98141,39.24942],[-8.98329,39.25301],[-8.98335,39.25584],[-8.9791,39.27396],[-8.97576,39.28248],[-8.97526,39.28705],[-8.98544,39.2894],[-8.99062,39.29284],[-8.9928,39.29744],[-8.99261,39.30104],[-8.98855,39.31129],[-8.98864,39.31334],[-8.98655,39.31857],[-8.99298,39.32578],[-8.99698,39.32917],[-8.9988,39.33309],[-8.99819,39.33788],[-8.99822,39.34331],[-9.00011,39.34616],[-9.00092,39.35385],[-8.99823,39.35809],[-8.99791,39.36156],[-8.99435,39.3678],[-8.99391,39.37004],[-8.99179,39.37305],[-8.99053,39.37674],[-8.986,39.38067],[-8.98281,39.38417],[-8.9751,39.38781],[-8.97275,39.39013],[-8.96829,39.39221],[-8.95831,39.39253],[-8.953,39.39142],[-8.94586,39.39107],[-8.93999,39.40569],[-8.93473,39.41286],[-8.93214,39.4232],[-8.92302,39.43328],[-8.91735,39.44467],[-8.90923,39.45774],[-8.90523,39.46313],[-8.90053,39.46551],[-8.89267,39.46533],[-8.88795,39.4689],[-8.88622,39.47133],[-8.88318,39.47337],[-8.87982,39.47429],[-8.87554,39.47434],[-8.87104,39.4756],[-8.86325,39.47545],[-8.85782,39.474],[-8.84675,39.47258],[-8.83639,39.47418],[-8.82993,39.47586],[-8.81837,39.47801],[-8.80878,39.48166],[-8.80344,39.48259],[-8.79938,39.48199],[-8.78924,39.47919],[-8.78002,39.47935],[-8.77193,39.4788],[-8.76573,39.47635],[-8.75836,39.47573],[-8.75523,39.47634],[-8.7492,39.47853],[-8.74139,39.47771],[-8.7392,39.47879],[-8.73171,39.47983],[-8.73017,39.481],[-8.73248,39.48969],[-8.73402,39.49379],[-8.73366,39.49671],[-8.73227,39.49905],[-8.73534,39.50027],[-8.73958,39.50404],[-8.74104,39.50743],[-8.74275,39.50931],[-8.74439,39.5169],[-8.74516,39.5256],[-8.74435,39.52836],[-8.74226,39.53069],[-8.73919,39.53225],[-8.73382,39.53265],[-8.73051,39.53156],[-8.72575,39.52881],[-8.72236,39.52607],[-8.71457,39.52087],[-8.7086,39.52637],[-8.69813,39.53165],[-8.69529,39.5324],[-8.69393,39.5366],[-8.69194,39.54043],[-8.69022,39.54214],[-8.68979,39.54655],[-8.68753,39.55058],[-8.67696,39.55831],[-8.6715,39.55948],[-8.66559,39.55805],[-8.66276,39.55654],[-8.66,39.55269],[-8.65583,39.54845],[-8.65146,39.54638],[-8.64888,39.54435],[-8.63676,39.53593],[-8.62589,39.54082],[-8.61705,39.54712],[-8.60053,39.55798],[-8.59214,39.5658],[-8.58952,39.56957],[-8.58619,39.5718],[-8.58456,39.5759],[-8.58166,39.57811],[-8.57529,39.58125],[-8.5699,39.59412],[-8.56575,39.59719],[-8.54315,39.60586],[-8.52786,39.61474],[-8.5103,39.62674],[-8.50375,39.63199],[-8.50147,39.63893],[-8.5063,39.64075],[-8.50858,39.64253],[-8.51019,39.64545],[-8.50963,39.64981],[-8.5073,39.6527],[-8.50671,39.65528],[-8.50335,39.66177],[-8.50263,39.66539],[-8.50078,39.66934],[-8.50222,39.67496],[-8.50186,39.67767],[-8.49685,39.68443],[-8.49613,39.68687],[-8.49303,39.69008],[-8.48995,39.6913],[-8.4811,39.69281],[-8.48037,39.69759],[-8.47719,39.70137],[-8.47379,39.70287],[-8.46516,39.70432],[-8.46167,39.70364],[-8.45483,39.70037],[-8.4487,39.69592],[-8.44702,39.69353],[-8.44387,39.69184],[-8.44042,39.68839],[-8.43879,39.68482],[-8.43869,39.67776],[-8.43499,39.67695],[-8.43049,39.67359],[-8.42544,39.67679],[-8.42319,39.68027],[-8.42372,39.68189],[-8.42869,39.6864],[-8.43007,39.69027],[-8.42939,39.69545],[-8.42795,39.70146],[-8.42844,39.70596],[-8.43037,39.71117],[-8.43005,39.71439],[-8.43126,39.7168],[-8.43174,39.72463],[-8.43026,39.72849],[-8.43032,39.73122],[-8.42881,39.73737],[-8.43119,39.74062],[-8.44098,39.73889],[-8.44466,39.73888],[-8.44942,39.74089],[-8.45137,39.74327],[-8.45196,39.74607],[-8.45039,39.75311],[-8.451,39.75543],[-8.45654,39.76346],[-8.4572,39.76565],[-8.46039,39.77004],[-8.46206,39.77388],[-8.46175,39.78034],[-8.46526,39.79295],[-8.46481,39.79868],[-8.46237,39.80309],[-8.46247,39.8043],[-8.46637,39.80687],[-8.46914,39.81208],[-8.47044,39.81717],[-8.47342,39.82017],[-8.47451,39.82285],[-8.47458,39.83465],[-8.47794,39.83868],[-8.48021,39.83607],[-8.48881,39.83068],[-8.4937,39.82983],[-8.49597,39.82848],[-8.49868,39.82548],[-8.50289,39.82282],[-8.50797,39.82181],[-8.51137,39.82241],[-8.51422,39.82393],[-8.51759,39.82801],[-8.52214,39.82903],[-8.52584,39.83251],[-8.5324,39.84597],[-8.54116,39.85556],[-8.54577,39.85826],[-8.54792,39.86015],[-8.55108,39.86664],[-8.55142,39.87131],[-8.55083,39.87421],[-8.55431,39.88143],[-8.55404,39.88443],[-8.55181,39.88845],[-8.54744,39.89491],[-8.54555,39.90143],[-8.5425,39.90524],[-8.54006,39.92024],[-8.54075,39.93031],[-8.54815,39.93036],[-8.55297,39.93235],[-8.56058,39.93937],[-8.56548,39.95148],[-8.5738,39.95922],[-8.58007,39.96094],[-8.58562,39.96579],[-8.59428,39.96857],[-8.59658,39.97078],[-8.59743,39.97532],[-8.599,39.97753],[-8.60213,39.97945],[-8.60511,39.98029],[-8.6091,39.98294],[-8.61307,39.98432],[-8.61667,39.98741],[-8.61856,39.99125],[-8.6297,39.9908],[-8.63305,39.99142],[-8.64314,39.99034],[-8.642,39.98214],[-8.6428,39.97962],[-8.64525,39.9766],[-8.65016,39.97214],[-8.65753,39.96849],[-8.66117,39.96769],[-8.66832,39.96485],[-8.67294,39.96197],[-8.67334,39.95705],[-8.67196,39.95237],[-8.67267,39.94824],[-8.67483,39.94553],[-8.68303,39.93868],[-8.68598,39.93734],[-8.68933,39.93688],[-8.69596,39.93703],[-8.70462,39.93874],[-8.70679,39.93952],[-8.71043,39.9383],[-8.71022,39.93246],[-8.70851,39.92964],[-8.70844,39.92702],[-8.70959,39.92453],[-8.71811,39.91526],[-8.71901,39.91245],[-8.72097,39.90989],[-8.72316,39.90333],[-8.72188,39.90224],[-8.71268,39.89819],[-8.70921,39.89579],[-8.706,39.89207],[-8.70066,39.89089],[-8.69775,39.88922],[-8.69552,39.88542],[-8.69644,39.88126],[-8.69891,39.87854],[-8.71101,39.86756],[-8.71521,39.85795],[-8.71767,39.85561],[-8.72112,39.85422],[-8.72451,39.85389],[-8.72727,39.84898],[-8.72677,39.84354],[-8.72929,39.83932],[-8.72747,39.83331],[-8.7282,39.83024],[-8.72965,39.82834],[-8.73143,39.82395],[-8.73404,39.82201],[-8.73737,39.82095],[-8.74095,39.82094],[-8.74786,39.82299],[-8.75623,39.82244],[-8.75817,39.8227],[-8.76545,39.82523],[-8.76858,39.82709],[-8.77163,39.83123],[-8.7723,39.83571],[-8.77047,39.83932],[-8.77048,39.84222],[-8.7672,39.84766],[-8.76794,39.85033],[-8.76676,39.86185],[-8.76321,39.86662],[-8.75885,39.87049],[-8.75514,39.87496],[-8.77728,39.87145],[-8.7801,39.87159],[-8.78648,39.87008],[-8.799,39.86922],[-8.80478,39.86682],[-8.80863,39.86704],[-8.81138,39.868],[-8.82198,39.86709],[-8.83004,39.86273],[-8.83313,39.86202],[-8.83704,39.86219],[-8.84469,39.86407],[-8.84871,39.85505],[-8.85224,39.85231],[-8.85288,39.84931],[-8.85836,39.84236],[-8.8598,39.83955],[-8.86016,39.83661],[-8.85928,39.82638],[-8.86043,39.82365],[-8.86285,39.82146],[-8.86616,39.82014],[-8.87138,39.8198],[-8.8769,39.82011],[-8.88019,39.81739],[-8.88425,39.81546],[-8.89514,39.81427],[-8.90217,39.81134],[-8.90632,39.80444],[-8.91168,39.80121],[-8.90679,39.79429],[-8.9062,39.78835],[-8.90439,39.78513],[-8.90193,39.78321],[-8.89774,39.78174],[-8.89448,39.78246],[-8.88658,39.78216],[-8.88066,39.77952],[-8.87251,39.77665],[-8.87008,39.77471],[-8.86877,39.77219],[-8.86874,39.7691],[-8.87213,39.76384],[-8.87269,39.76106],[-8.87675,39.75269],[-8.87581,39.74729],[-8.87624,39.74458],[-8.87792,39.74216],[-8.88529,39.73715],[-8.89126,39.72968],[-8.89361,39.72743],[-8.89662,39.72596],[-8.90009,39.72544],[-8.90353,39.72596],[-8.90734,39.72769],[-8.91208,39.72447],[-8.91463,39.72156],[-8.91708,39.72028],[-8.9204,39.7159],[-8.92366,39.71393],[-8.92145,39.7045],[-8.92342,39.69973],[-8.92814,39.69586],[-8.93352,39.69444],[-8.93583,39.6922],[-8.93832,39.68789],[-8.94047,39.68646],[-8.94012,39.68396],[-8.94121,39.68117],[-8.94153,39.67729],[-8.93703,39.67186],[-8.93373,39.67104],[-8.92606,39.66735],[-8.91926,39.66501],[-8.91686,39.66294],[-8.91562,39.65888],[-8.9175,39.65346],[-8.91952,39.65123],[-8.92411,39.64929],[-8.92822,39.64916],[-8.93148,39.65002],[-8.93601,39.64927],[-8.94208,39.64942],[-8.94518,39.65041],[-8.94772,39.65233],[-8.95574,39.65231],[-8.96431,39.65114],[-8.96709,39.64699],[-8.97082,39.64471],[-8.97428,39.63884],[-8.98308,39.62926],[-8.98322,39.6208],[-8.98454,39.61822],[-8.98855,39.61548],[-8.99378,39.61484],[-8.99809,39.61505],[-8.99758,39.60802],[-8.99443,39.60299],[-8.99388,39.6002],[-8.99428,39.59671],[-8.99184,39.59448],[-8.98981,39.58851],[-8.99077,39.5845],[-8.99337,39.58169],[-8.99437,39.57867],[-8.99804,39.57485],[-9.00109,39.57328],[-9.00465,39.57272],[-9.00819,39.57325],[-9.01249,39.57489],[-9.02107,39.57725],[-9.02458,39.57786],[-9.03142,39.57799],[-9.03732,39.57719],[-9.04566,39.5751],[-9.05033,39.57472],[-9.05639,39.573],[-9.06621,39.57256],[-9.06359,39.56913],[-9.06238,39.56633],[-9.06164,39.56189],[-9.06236,39.55752],[-9.06586,39.55263],[-9.06549,39.54806],[-9.06685,39.54038],[-9.06405,39.53563],[-9.06331,39.53302],[-9.06378,39.52995],[-9.0624,39.52633],[-9.06233,39.5205],[-9.06429,39.51658],[-9.0693,39.51293],[-9.07399,39.51182],[-9.07745,39.51219],[-9.08456,39.5152],[-9.0876,39.51584],[-9.0909,39.51769],[-9.09573,39.51888],[-9.10269,39.51283],[-9.105,39.50976],[-9.10803,39.50775],[-9.11681,39.50557],[-9.12174,39.50367],[-9.1252,39.50101],[-9.12768,39.49756],[-9.13211,39.49514],[-9.14136,39.49401],[-9.13834,39.48645],[-9.12563,39.47917],[-9.12341,39.47566],[-9.12166,39.46797],[-9.11986,39.45809],[-9.12223,39.45256],[-9.12215,39.45069],[-9.12007,39.44654],[-9.12182,39.44005],[-9.12224,39.4353],[-9.12582,39.42722],[-9.12804,39.42483],[-9.13127,39.42331],[-9.13683,39.42311],[-9.14196,39.42404],[-9.14405,39.42298],[-9.13923,39.40185],[-9.14203,39.39669],[-9.14508,39.39509],[-9.15168,39.3946],[-9.16231,39.39638],[-9.16662,39.39836],[-9.17087,39.39915],[-9.17742,39.40129],[-9.18359,39.40139],[-9.19173,39.40478],[-9.1969,39.40363],[-9.20005,39.40224],[-9.20689,39.40123],[-9.20581,39.39602],[-9.20281,39.39353],[-9.20147,39.39081],[-9.20165,39.38787],[-9.20441,39.38257],[-9.20371,39.37671],[-9.20176,39.37239],[-9.1986,39.36729],[-9.19682,39.36295],[-9.19586,39.35694],[-9.19603,39.35349],[-9.19382,39.34946],[-9.19034,39.34764],[-9.18861,39.34551],[-9.18683,39.33874],[-9.18741,39.3361],[-9.18918,39.33377],[-9.19189,39.33209],[-9.1994,39.3301],[-9.20216,39.32804],[-9.20362,39.32511],[-9.20685,39.3218],[-9.2062,39.31808],[-9.20323,39.31589],[-9.20169,39.31331],[-9.2007,39.30688],[-9.20113,39.30309],[-9.20271,39.30062],[-9.2002,39.29679],[-9.19999,39.29329],[-9.1988,39.29051],[-9.19771,39.28535],[-9.19594,39.28068],[-9.18988,39.27353],[-9.18919,39.27063],[-9.19006,39.26773],[-9.19471,39.26256],[-9.19698,39.25885],[-9.19663,39.25362],[-9.1978,39.25083],[-9.20224,39.2477],[-9.20057,39.24423],[-9.1988,39.23786],[-9.19871,39.23484],[-9.19398,39.23034],[-9.19042,39.22846],[-9.18837,39.22626],[-9.18755,39.22359],[-9.18855,39.21849],[-9.19181,39.21504],[-9.19512,39.21379],[-9.19876,39.21363],[-9.20363,39.21483],[-9.20897,39.21551],[-9.22141,39.21492],[-9.22935,39.21616],[-9.24025,39.21589],[-9.23925,39.20967],[-9.2395,39.20372],[-9.24156,39.19999],[-9.24422,39.19822],[-9.25309,39.19612],[-9.26422,39.19552],[-9.26723,39.19424],[-9.27224,39.19311],[-9.2765,39.19327],[-9.2791,39.19263],[-9.28731,39.18451],[-9.29057,39.18294],[-9.29881,39.18272],[-9.30522,39.17838],[-9.31124,39.1761],[-9.31472,39.17583],[-9.31804,39.17658],[-9.32173,39.17935],[-9.32282,39.18191],[-9.32264,39.18558],[-9.32404,39.18971],[-9.32734,39.19137],[-9.33169,39.19531],[-9.33479,39.19533],[-9.34127,39.1932],[-9.35147,39.19169],[-9.35611,39.18355],[-9.35829,39.18177],[-9.35778,39.17871],[-9.35823,39.17423],[-9.35986,39.17058],[-9.36718,39.16042],[-9.36909,39.15527],[-9.37624,39.14388],[-9.3815,39.13748],[-9.38622,39.13256],[-9.38825,39.12776],[-9.39347,39.1219],[-9.39416,39.1204],[-9.39309,39.11593],[-9.39453,39.1121],[-9.40326,39.10174],[-9.4071,39.09627],[-9.41004,39.09397],[-9.41464,39.0883],[-9.41579,39.08472],[-9.41759,39.08282],[-9.41877,39.07899],[-9.42184,39.07467],[-9.42111,39.07117],[-9.41958,39.06952],[-9.41645,39.06381],[-9.41601,39.05501],[-9.41782,39.05067],[-9.41632,39.04395],[-9.4173,39.04021],[-9.41956,39.03556],[-9.41972,39.03269],[-9.42106,39.02903],[-9.42398,39.02391],[-9.4249,39.01918],[-9.42333,39.01648],[-9.42341,39.0125],[-9.4268,39.00807],[-9.42765,39.00197],[-9.42617,39.00018],[-9.42476,38.99377],[-9.42262,38.99056],[-9.41999,38.98841],[-9.41271,38.98954],[-9.40572,38.98871],[-9.40379,38.98902],[-9.39805,38.98835],[-9.39287,38.98603],[-9.38847,38.98224],[-9.38274,38.97636],[-9.37869,38.97296],[-9.37449,38.97132],[-9.37078,38.97362],[-9.36738,38.97466],[-9.36377,38.97461],[-9.36115,38.97738],[-9.35569,38.98043],[-9.35685,38.98248],[-9.35696,38.98527],[-9.35571,38.98792],[-9.35329,38.99002],[-9.34647,38.99298],[-9.34282,38.99355],[-9.33922,38.99295],[-9.33329,38.98947],[-9.32868,38.98867],[-9.32595,38.98695],[-9.32121,38.98016],[-9.32057,38.97828],[-9.31669,38.97287],[-9.31037,38.96932],[-9.30883,38.96686],[-9.30624,38.96548],[-9.29989,38.96448],[-9.29326,38.96908],[-9.28959,38.96973],[-9.28593,38.96917],[-9.28117,38.96746],[-9.27636,38.96466],[-9.2739,38.96228],[-9.2728,38.95781],[-9.26932,38.95211],[-9.26722,38.95021],[-9.26599,38.94768],[-9.26591,38.94422],[-9.26409,38.94426],[-9.25977,38.94734],[-9.25988,38.95043],[-9.2588,38.95302],[-9.2566,38.95514],[-9.25358,38.95649],[-9.24891,38.95705],[-9.24406,38.95576],[-9.2417,38.95382],[-9.24045,38.95131],[-9.2405,38.94851],[-9.23785,38.94796],[-9.22989,38.9487],[-9.22639,38.95038],[-9.21879,38.95154],[-9.21518,38.95129],[-9.21025,38.95228],[-9.20635,38.95538],[-9.20054,38.95705],[-9.19348,38.95616],[-9.19061,38.95456],[-9.18796,38.95153],[-9.18544,38.95241],[-9.17989,38.95216],[-9.17765,38.95454],[-9.17275,38.95638],[-9.16914,38.95625],[-9.16488,38.95482],[-9.16251,38.95263],[-9.16148,38.94839],[-9.16223,38.94185],[-9.16334,38.93781],[-9.16502,38.93567],[-9.16213,38.93022],[-9.16224,38.92736],[-9.16375,38.92473],[-9.16843,38.92198],[-9.17261,38.91829],[-9.17609,38.91738],[-9.17933,38.91742],[-9.17979,38.9144],[-9.18132,38.91086],[-9.18347,38.90869],[-9.18906,38.9068],[-9.19011,38.90304],[-9.1879,38.89687],[-9.18898,38.89032],[-9.18706,38.88282],[-9.18588,38.88085],[-9.18471,38.87419],[-9.18527,38.87126],[-9.1819,38.86447],[-9.18145,38.85945],[-9.18181,38.85506],[-9.18039,38.85347],[-9.17535,38.85114],[-9.17344,38.84823],[-9.16751,38.84231],[-9.16449,38.84064],[-9.15848,38.84185],[-9.15497,38.84102],[-9.15182,38.83911],[-9.14476,38.83257],[-9.1428,38.83298],[-9.1358,38.8361],[-9.12927,38.83644],[-9.12505,38.8372],[-9.11909,38.83605],[-9.11426,38.84642],[-9.11459,38.85161],[-9.11098,38.8603],[-9.10853,38.86228],[-9.09903,38.86501],[-9.09956,38.86901],[-9.10158,38.87381],[-9.10484,38.8782],[-9.10885,38.88226],[-9.1104,38.8858],[-9.10967,38.89005],[-9.10601,38.89329],[-9.10155,38.89476],[-9.09123,38.89582],[-9.08612,38.89539],[-9.08003,38.89638],[-9.0741,38.89827],[-9.07281,38.90269],[-9.07054,38.90535],[-9.07206,38.9114],[-9.07158,38.9142],[-9.06977,38.91668],[-9.06435,38.91916],[-9.06273,38.9232],[-9.05826,38.92716],[-9.05496,38.92832],[-9.05126,38.92843],[-9.04844,38.93132],[-9.04317,38.93289],[-9.03946,38.93245],[-9.03557,38.9303],[-9.02208,38.92451],[-9.01989,38.92148],[-9.01627,38.91785],[-9.01441,38.91289],[-9.01243,38.91632],[-9.0082,38.92074],[-9.00519,38.925],[-9.00361,38.93036],[-9.00213,38.9327],[-9.00434,38.93428],[-9.0074,38.93828],[-9.01015,38.94024],[-9.01251,38.94073],[-9.01635,38.94319],[-9.02051,38.94958],[-9.02104,38.9562],[-9.01917,38.96067],[-9.01675,38.96317],[-9.0164,38.97128],[-9.01515,38.97447],[-9.01191,38.97745],[-9.00904,38.97862]]],[[[-9.34275,38.82163],[-9.34568,38.82474],[-9.3458,38.8292],[-9.34159,38.84061],[-9.33838,38.8438],[-9.33873,38.84663],[-9.33689,38.8522],[-9.33843,38.86],[-9.33717,38.86276],[-9.33236,38.86848],[-9.32989,38.87376],[-9.32973,38.87989],[-9.33017,38.88218],[-9.33615,38.88426],[-9.33954,38.88441],[-9.34272,38.88548],[-9.34777,38.88945],[-9.34925,38.89239],[-9.34998,38.8962],[-9.35139,38.8982],[-9.35984,38.8988],[-9.36509,38.90237],[-9.36895,38.90185],[-9.37254,38.90241],[-9.37553,38.90403],[-9.37788,38.90787],[-9.37761,38.91089],[-9.38058,38.91992],[-9.38642,38.9218],[-9.38903,38.92394],[-9.39037,38.92635],[-9.39566,38.93087],[-9.40305,38.93128],[-9.40635,38.9296],[-9.41057,38.92873],[-9.41587,38.92973],[-9.41974,38.93234],[-9.42294,38.92692],[-9.42428,38.92243],[-9.42617,38.9185],[-9.43118,38.91205],[-9.43575,38.89915],[-9.43918,38.89365],[-9.44022,38.88953],[-9.44013,38.88634],[-9.44131,38.88313],[-9.44401,38.88007],[-9.44496,38.87488],[-9.44823,38.87135],[-9.45126,38.86709],[-9.45048,38.86127],[-9.45824,38.84714],[-9.46062,38.84436],[-9.46419,38.83892],[-9.46742,38.83519],[-9.46792,38.8329],[-9.47094,38.82671],[-9.47311,38.8245],[-9.47339,38.82182],[-9.47708,38.81529],[-9.48052,38.81046],[-9.48427,38.80765],[-9.48484,38.80485],[-9.48884,38.80096],[-9.49029,38.79654],[-9.49428,38.78895],[-9.4961,38.78758],[-9.49686,38.78507],[-9.50042,38.78079],[-9.49996,38.77849],[-9.49696,38.77643],[-9.49499,38.77294],[-9.49503,38.76853],[-9.49181,38.76408],[-9.48952,38.76192],[-9.48632,38.76042],[-9.48375,38.75737],[-9.47736,38.75479],[-9.47525,38.75274],[-9.47307,38.7488],[-9.47268,38.74577],[-9.4737,38.74038],[-9.47294,38.73636],[-9.47367,38.73335],[-9.47709,38.72866],[-9.47814,38.72476],[-9.47976,38.72294],[-9.47998,38.72045],[-9.4834,38.71629],[-9.48576,38.71209],[-9.48623,38.70832],[-9.47726,38.70181],[-9.47398,38.70118],[-9.46741,38.69876],[-9.45968,38.695],[-9.451,38.69485],[-9.44084,38.69503],[-9.43763,38.69424],[-9.43383,38.69196],[-9.42714,38.68967],[-9.4181,38.68998],[-9.41401,38.69297],[-9.41268,38.6983],[-9.41051,38.70063],[-9.40654,38.70257],[-9.40142,38.70292],[-9.39869,38.70218],[-9.39219,38.70152],[-9.3877,38.69904],[-9.37913,38.69596],[-9.37259,38.69222],[-9.36909,38.69224],[-9.3657,38.69113],[-9.35571,38.68525],[-9.35064,38.68383],[-9.34732,38.68105],[-9.34097,38.68105],[-9.33571,38.67969],[-9.32895,38.67652],[-9.3259,38.67361],[-9.3185,38.67497],[-9.31655,38.67597],[-9.31572,38.67918],[-9.31291,38.68278],[-9.30884,38.68489],[-9.30198,38.68651],[-9.29991,38.68838],[-9.29341,38.6908],[-9.28994,38.69448],[-9.28481,38.69692],[-9.27878,38.69794],[-9.27092,38.69785],[-9.26325,38.69959],[-9.26015,38.69969],[-9.26052,38.70204],[-9.26295,38.70612],[-9.26324,38.71001],[-9.26214,38.71356],[-9.26817,38.71563],[-9.27268,38.71611],[-9.28914,38.7136],[-9.29837,38.71362],[-9.30577,38.71278],[-9.30921,38.71311],[-9.31221,38.71443],[-9.31498,38.7178],[-9.31509,38.7221],[-9.31641,38.72648],[-9.31537,38.73088],[-9.31078,38.73561],[-9.30856,38.74441],[-9.31171,38.74482],[-9.31602,38.74412],[-9.31954,38.74469],[-9.32248,38.74629],[-9.32855,38.75156],[-9.33162,38.75165],[-9.33653,38.74788],[-9.34162,38.74609],[-9.34562,38.7458],[-9.35105,38.74732],[-9.35443,38.7502],[-9.35658,38.75396],[-9.35629,38.75827],[-9.35434,38.76077],[-9.3484,38.76318],[-9.34832,38.76818],[-9.34458,38.77199],[-9.3417,38.7788],[-9.3451,38.77963],[-9.34778,38.78153],[-9.34983,38.78583],[-9.35382,38.78957],[-9.35429,38.79231],[-9.35598,38.79477],[-9.35836,38.79533],[-9.36229,38.79765],[-9.36397,38.79989],[-9.3645,38.80248],[-9.36336,38.80669],[-9.36134,38.80906],[-9.35835,38.81066],[-9.35305,38.81114],[-9.3485,38.80987],[-9.34469,38.81],[-9.34449,38.81504],[-9.34136,38.81965],[-9.34275,38.82163]]]]}},{"type":"Feature","properties":{"level":"subregion","subregionId":"tejo","nameJa":"テージョ"},"geometry":{"type":"Polygon","coordinates":[[[-8.12487,39.02393],[-8.12769,39.0242],[-8.13082,39.02557],[-8.13301,39.02779],[-8.13392,39.03052],[-8.1334,39.03334],[-8.12887,39.04026],[-8.12222,39.04539],[-8.11999,39.04887],[-8.11634,39.05151],[-8.11331,39.05504],[-8.10873,39.05737],[-8.1039,39.06053],[-8.10208,39.06523],[-8.10018,39.06828],[-8.09808,39.07465],[-8.09517,39.07758],[-8.09473,39.07949],[-8.09092,39.08533],[-8.08812,39.08831],[-8.08228,39.09256],[-8.07504,39.09918],[-8.07232,39.10069],[-8.07199,39.10309],[-8.06866,39.1103],[-8.06653,39.1126],[-8.06347,39.11411],[-8.05992,39.11461],[-8.05335,39.11454],[-8.05258,39.11789],[-8.04847,39.12182],[-8.04747,39.12638],[-8.0431,39.13264],[-8.03835,39.13488],[-8.03456,39.13516],[-8.03493,39.14013],[-8.03321,39.14792],[-8.03673,39.15247],[-8.03662,39.15707],[-8.04378,39.15541],[-8.04853,39.15549],[-8.05289,39.15722],[-8.05579,39.16079],[-8.05804,39.16506],[-8.05962,39.17116],[-8.05898,39.17394],[-8.0551,39.1788],[-8.05508,39.1835],[-8.05429,39.18564],[-8.05042,39.19162],[-8.04676,39.1942],[-8.04388,39.19894],[-8.03957,39.20158],[-8.03598,39.20208],[-8.02708,39.20177],[-8.02432,39.20123],[-8.01855,39.2013],[-8.01013,39.20077],[-7.99678,39.20374],[-7.99439,39.20365],[-7.9899,39.20531],[-7.98546,39.20626],[-7.98167,39.20583],[-7.97787,39.20377],[-7.97102,39.2015],[-7.96763,39.19767],[-7.96343,39.19639],[-7.95731,39.19605],[-7.94654,39.19971],[-7.94513,39.20245],[-7.94117,39.20547],[-7.93762,39.20627],[-7.93398,39.20594],[-7.92239,39.20092],[-7.91912,39.20179],[-7.91407,39.20122],[-7.90883,39.19849],[-7.89786,39.19747],[-7.88917,39.19697],[-7.88946,39.19989],[-7.89172,39.20554],[-7.89145,39.20837],[-7.88981,39.21094],[-7.88705,39.21283],[-7.88359,39.21376],[-7.87997,39.21358],[-7.87525,39.21236],[-7.87173,39.21024],[-7.86688,39.21034],[-7.86446,39.2124],[-7.85945,39.21384],[-7.85514,39.21357],[-7.85515,39.21877],[-7.85219,39.22201],[-7.84043,39.22956],[-7.84515,39.23064],[-7.84987,39.23096],[-7.86582,39.22976],[-7.86938,39.23054],[-7.87417,39.23414],[-7.87512,39.2383],[-7.87396,39.24103],[-7.86715,39.24977],[-7.86591,39.25325],[-7.86685,39.25564],[-7.86787,39.26471],[-7.86735,39.26783],[-7.87029,39.27204],[-7.87075,39.27477],[-7.86895,39.27866],[-7.86534,39.28125],[-7.85788,39.2828],[-7.84814,39.28752],[-7.84492,39.28815],[-7.84169,39.29047],[-7.83644,39.29221],[-7.83033,39.29586],[-7.82832,39.30193],[-7.82802,39.30832],[-7.82879,39.31087],[-7.82845,39.31444],[-7.82544,39.31977],[-7.82441,39.3264],[-7.82513,39.32841],[-7.82783,39.32978],[-7.83488,39.32899],[-7.84336,39.3298],[-7.84984,39.33114],[-7.85445,39.33292],[-7.85943,39.33328],[-7.86254,39.33484],[-7.86459,39.33724],[-7.86523,39.34011],[-7.86436,39.34296],[-7.8618,39.34595],[-7.86549,39.3502],[-7.86928,39.35218],[-7.87618,39.36099],[-7.87933,39.36716],[-7.87854,39.37258],[-7.88314,39.38016],[-7.88335,39.38312],[-7.88149,39.38747],[-7.87798,39.39104],[-7.87645,39.39349],[-7.87263,39.39706],[-7.87209,39.39873],[-7.87412,39.40226],[-7.88094,39.40386],[-7.88484,39.40639],[-7.88753,39.41004],[-7.88816,39.41281],[-7.88648,39.41683],[-7.88224,39.4195],[-7.87792,39.4203],[-7.8811,39.42639],[-7.88469,39.42937],[-7.88642,39.43435],[-7.88616,39.4377],[-7.88478,39.44026],[-7.88227,39.44224],[-7.87902,39.44337],[-7.87548,39.44348],[-7.87083,39.44221],[-7.85778,39.4404],[-7.85384,39.44065],[-7.84984,39.44185],[-7.83402,39.444],[-7.82728,39.44878],[-7.82379,39.44979],[-7.81876,39.45013],[-7.81373,39.44912],[-7.81116,39.44731],[-7.80966,39.44487],[-7.8091,39.44027],[-7.79869,39.43592],[-7.79235,39.43018],[-7.7871,39.42647],[-7.78263,39.42205],[-7.78175,39.4172],[-7.77968,39.41615],[-7.7759,39.41787],[-7.77131,39.41878],[-7.76594,39.41787],[-7.7637,39.41655],[-7.76072,39.41655],[-7.75011,39.41355],[-7.74551,39.41074],[-7.73141,39.422],[-7.72858,39.42591],[-7.71996,39.43147],[-7.71658,39.4327],[-7.70915,39.43449],[-7.70408,39.43742],[-7.70223,39.43911],[-7.69374,39.44333],[-7.69335,39.4461],[-7.69447,39.4487],[-7.69396,39.45486],[-7.69245,39.45759],[-7.68683,39.46227],[-7.68254,39.4646],[-7.68051,39.46951],[-7.6825,39.47593],[-7.68904,39.48734],[-7.69089,39.48963],[-7.69235,39.49311],[-7.69157,39.49731],[-7.69006,39.49916],[-7.69026,39.50447],[-7.69243,39.50898],[-7.6928,39.51204],[-7.69735,39.51326],[-7.70007,39.51505],[-7.70169,39.51752],[-7.70184,39.52108],[-7.70957,39.52404],[-7.71457,39.52314],[-7.71917,39.52372],[-7.72469,39.52526],[-7.72785,39.52732],[-7.73254,39.52667],[-7.73705,39.52757],[-7.74086,39.52638],[-7.7444,39.52649],[-7.74761,39.52763],[-7.75,39.52963],[-7.75212,39.53342],[-7.75326,39.53781],[-7.75842,39.54408],[-7.76181,39.54571],[-7.76403,39.54805],[-7.76545,39.55104],[-7.76943,39.55231],[-7.77289,39.55534],[-7.77371,39.55801],[-7.77243,39.56201],[-7.76829,39.56594],[-7.76382,39.57147],[-7.76085,39.57583],[-7.75876,39.58027],[-7.75794,39.58445],[-7.755,39.58783],[-7.74988,39.58972],[-7.74026,39.59175],[-7.7361,39.59315],[-7.73017,39.59284],[-7.7263,39.59169],[-7.72368,39.59238],[-7.72092,39.59491],[-7.7193,39.59973],[-7.71617,39.60503],[-7.71287,39.60843],[-7.71282,39.61048],[-7.71579,39.62243],[-7.71456,39.62623],[-7.71022,39.62967],[-7.70539,39.63519],[-7.70328,39.63667],[-7.70243,39.6407],[-7.70508,39.64235],[-7.71081,39.64395],[-7.71502,39.64727],[-7.71591,39.64995],[-7.71544,39.65271],[-7.71297,39.65641],[-7.71363,39.66017],[-7.71319,39.66294],[-7.70851,39.66844],[-7.70602,39.66999],[-7.7055,39.67176],[-7.70237,39.6761],[-7.70059,39.67763],[-7.70727,39.67839],[-7.71038,39.67981],[-7.71249,39.68179],[-7.71575,39.68301],[-7.71949,39.68561],[-7.72184,39.68976],[-7.72744,39.69539],[-7.72999,39.6955],[-7.73478,39.6976],[-7.73773,39.70104],[-7.74099,39.70284],[-7.74682,39.70957],[-7.74966,39.71175],[-7.75201,39.7147],[-7.75584,39.71775],[-7.76403,39.71575],[-7.76983,39.7153],[-7.77294,39.71396],[-7.77673,39.71368],[-7.78031,39.71459],[-7.78597,39.71765],[-7.78888,39.72002],[-7.79612,39.72106],[-7.80081,39.72291],[-7.80625,39.72436],[-7.81024,39.72311],[-7.81551,39.72278],[-7.82011,39.72332],[-7.82358,39.72498],[-7.82893,39.72948],[-7.83073,39.73216],[-7.83508,39.73552],[-7.84325,39.73661],[-7.84636,39.73817],[-7.84913,39.74276],[-7.85283,39.74351],[-7.857,39.74688],[-7.86469,39.7454],[-7.87536,39.74755],[-7.87958,39.75021],[-7.88093,39.75286],[-7.88062,39.7565],[-7.88263,39.76088],[-7.88328,39.76388],[-7.88185,39.76747],[-7.88286,39.77141],[-7.88758,39.77754],[-7.88826,39.78001],[-7.89108,39.78293],[-7.89429,39.79286],[-7.89401,39.79575],[-7.89249,39.79967],[-7.88995,39.80929],[-7.88962,39.81336],[-7.89129,39.81824],[-7.89727,39.81943],[-7.90092,39.82198],[-7.90514,39.81806],[-7.90804,39.81652],[-7.91145,39.81591],[-7.91573,39.81652],[-7.9218,39.81545],[-7.9243,39.81595],[-7.93393,39.81264],[-7.93446,39.80788],[-7.93648,39.80562],[-7.93943,39.80408],[-7.94288,39.80348],[-7.94943,39.80381],[-7.94984,39.80003],[-7.95352,39.79579],[-7.95815,39.79348],[-7.96223,39.79219],[-7.96145,39.7872],[-7.96471,39.78265],[-7.97172,39.77859],[-7.97459,39.7754],[-7.98168,39.77088],[-7.98513,39.77007],[-7.98913,39.77019],[-7.99704,39.7681],[-8.00916,39.76875],[-8.01351,39.76546],[-8.01697,39.76407],[-8.02084,39.76388],[-8.02715,39.76585],[-8.03446,39.76756],[-8.03789,39.76977],[-8.04335,39.77118],[-8.04587,39.77295],[-8.04737,39.77532],[-8.04787,39.7786],[-8.05254,39.78001],[-8.0589,39.78013],[-8.06099,39.77911],[-8.06625,39.7785],[-8.06931,39.77739],[-8.07286,39.77712],[-8.07772,39.77866],[-8.08089,39.78261],[-8.08426,39.78517],[-8.08756,39.78651],[-8.0942,39.78729],[-8.09853,39.78682],[-8.10742,39.787],[-8.12104,39.79033],[-8.1317,39.78943],[-8.13586,39.79085],[-8.14148,39.78958],[-8.14699,39.78967],[-8.15009,39.79089],[-8.15236,39.79294],[-8.15354,39.79687],[-8.15127,39.80126],[-8.15282,39.80828],[-8.15549,39.8116],[-8.15644,39.81756],[-8.15916,39.81947],[-8.16081,39.8221],[-8.16114,39.82629],[-8.16256,39.82775],[-8.16778,39.82945],[-8.17476,39.83319],[-8.17843,39.83395],[-8.1868,39.83344],[-8.1945,39.83456],[-8.1976,39.8356],[-8.20236,39.83965],[-8.20561,39.8407],[-8.21327,39.84194],[-8.22124,39.8468],[-8.22385,39.85095],[-8.2278,39.85462],[-8.23334,39.84819],[-8.23685,39.84655],[-8.23992,39.84609],[-8.24937,39.84596],[-8.25471,39.84295],[-8.26041,39.84198],[-8.26493,39.84291],[-8.26898,39.84265],[-8.27381,39.8431],[-8.2794,39.84188],[-8.28297,39.84259],[-8.28782,39.84561],[-8.28971,39.8478],[-8.29159,39.85262],[-8.29158,39.85615],[-8.29344,39.86269],[-8.29333,39.8658],[-8.29624,39.86824],[-8.30252,39.86837],[-8.31098,39.86666],[-8.31625,39.86509],[-8.31817,39.86203],[-8.32344,39.85553],[-8.32775,39.85185],[-8.33122,39.84813],[-8.33297,39.84339],[-8.33572,39.84141],[-8.33922,39.84039],[-8.34399,39.8405],[-8.34884,39.84264],[-8.35403,39.84015],[-8.35859,39.83325],[-8.3644,39.82634],[-8.37126,39.81667],[-8.37908,39.81217],[-8.37855,39.80814],[-8.38203,39.80287],[-8.38313,39.79812],[-8.38527,39.79399],[-8.38984,39.79029],[-8.39763,39.78781],[-8.40335,39.78791],[-8.40637,39.78887],[-8.4112,39.79339],[-8.41207,39.79593],[-8.4128,39.80334],[-8.42763,39.81791],[-8.4345,39.8161],[-8.44103,39.81556],[-8.44302,39.81388],[-8.45804,39.80699],[-8.46343,39.8072],[-8.4665,39.80865],[-8.4686,39.8109],[-8.47044,39.81717],[-8.47342,39.82017],[-8.47451,39.82285],[-8.47458,39.83465],[-8.47794,39.83868],[-8.48021,39.83607],[-8.48881,39.83068],[-8.4937,39.82983],[-8.49597,39.82848],[-8.49868,39.82548],[-8.50289,39.82282],[-8.50797,39.82181],[-8.51137,39.82241],[-8.51422,39.82393],[-8.51755,39.82794],[-8.52348,39.82778],[-8.52497,39.82078],[-8.52784,39.81695],[-8.53134,39.81494],[-8.535,39.81123],[-8.53934,39.80808],[-8.54072,39.80369],[-8.54498,39.7989],[-8.55099,39.79622],[-8.5563,39.79257],[-8.55971,39.79178],[-8.56516,39.79185],[-8.56805,39.78983],[-8.5723,39.78794],[-8.5751,39.78745],[-8.57651,39.78557],[-8.57575,39.78219],[-8.57596,39.77633],[-8.5742,39.7715],[-8.57027,39.76759],[-8.5661,39.76257],[-8.5624,39.75981],[-8.55806,39.75225],[-8.55775,39.74938],[-8.55862,39.74431],[-8.55664,39.73943],[-8.55256,39.73966],[-8.53916,39.73528],[-8.53668,39.7336],[-8.53281,39.7281],[-8.52946,39.72194],[-8.51991,39.72318],[-8.51625,39.72253],[-8.51288,39.72078],[-8.51042,39.72225],[-8.50491,39.72303],[-8.50039,39.72199],[-8.49689,39.72006],[-8.49436,39.71638],[-8.49135,39.71066],[-8.49156,39.70772],[-8.49327,39.70506],[-8.49649,39.703],[-8.49895,39.69955],[-8.50231,39.69754],[-8.50853,39.6967],[-8.51325,39.69772],[-8.52266,39.70081],[-8.52668,39.69879],[-8.53402,39.69684],[-8.5364,39.69567],[-8.54208,39.69517],[-8.54557,39.69635],[-8.5477,39.69794],[-8.56069,39.69917],[-8.56142,39.69638],[-8.55973,39.69319],[-8.55598,39.6901],[-8.55514,39.68734],[-8.55598,39.68192],[-8.55383,39.67983],[-8.55253,39.67667],[-8.55191,39.66921],[-8.54986,39.66645],[-8.54853,39.66263],[-8.54874,39.66007],[-8.55101,39.65616],[-8.55532,39.65351],[-8.55822,39.65295],[-8.56164,39.65106],[-8.56599,39.65022],[-8.57448,39.65054],[-8.58,39.65308],[-8.58441,39.65255],[-8.58847,39.65332],[-8.59139,39.6551],[-8.59428,39.66068],[-8.59856,39.66515],[-8.60178,39.66656],[-8.60667,39.66735],[-8.60967,39.6648],[-8.61107,39.66118],[-8.60991,39.65514],[-8.61184,39.64946],[-8.61,39.64683],[-8.60956,39.64391],[-8.61201,39.63713],[-8.61,39.63257],[-8.61017,39.62973],[-8.61176,39.6265],[-8.61399,39.62415],[-8.61904,39.62229],[-8.62275,39.62246],[-8.63006,39.62396],[-8.63359,39.62527],[-8.64243,39.63048],[-8.64749,39.6352],[-8.65284,39.64172],[-8.65863,39.64627],[-8.66351,39.64757],[-8.66961,39.65175],[-8.6762,39.65083],[-8.67972,39.64717],[-8.69082,39.64251],[-8.69755,39.64145],[-8.70095,39.64168],[-8.70522,39.64373],[-8.70698,39.64597],[-8.71094,39.65419],[-8.71513,39.66055],[-8.71745,39.66503],[-8.72347,39.66764],[-8.72866,39.66882],[-8.73195,39.66619],[-8.7373,39.65458],[-8.73934,39.65261],[-8.74758,39.64645],[-8.7472,39.64377],[-8.74534,39.6398],[-8.74558,39.63437],[-8.74687,39.63157],[-8.74696,39.6223],[-8.74308,39.61451],[-8.7431,39.61171],[-8.73761,39.60764],[-8.7354,39.60494],[-8.73322,39.60022],[-8.73312,39.59795],[-8.73029,39.59521],[-8.72949,39.59246],[-8.73006,39.58902],[-8.73192,39.58665],[-8.73477,39.58496],[-8.7382,39.58421],[-8.74304,39.58482],[-8.74881,39.58471],[-8.75361,39.58656],[-8.75825,39.58564],[-8.76168,39.58591],[-8.76621,39.58806],[-8.77222,39.58953],[-8.77728,39.59189],[-8.78565,39.59191],[-8.79286,39.59157],[-8.80143,39.58605],[-8.80347,39.58319],[-8.80918,39.5802],[-8.81121,39.5766],[-8.81442,39.57262],[-8.81043,39.56879],[-8.80822,39.56216],[-8.80702,39.55563],[-8.80754,39.55131],[-8.81008,39.54808],[-8.80919,39.54411],[-8.80804,39.54233],[-8.80776,39.5385],[-8.81045,39.53447],[-8.81563,39.53224],[-8.81643,39.52847],[-8.81497,39.52365],[-8.81517,39.52171],[-8.81364,39.51876],[-8.81385,39.5159],[-8.81547,39.51331],[-8.81992,39.51077],[-8.82357,39.51036],[-8.8271,39.51108],[-8.83548,39.51597],[-8.85368,39.52386],[-8.8575,39.52834],[-8.85997,39.5295],[-8.87051,39.53268],[-8.88901,39.53535],[-8.88725,39.52617],[-8.8864,39.51703],[-8.88743,39.51439],[-8.89024,39.51181],[-8.8918,39.50897],[-8.8947,39.50659],[-8.89588,39.5025],[-8.89653,39.49673],[-8.89919,39.48791],[-8.90395,39.48233],[-8.90697,39.48069],[-8.91054,39.48007],[-8.91411,39.48056],[-8.9279,39.48478],[-8.93358,39.48624],[-8.93952,39.48679],[-8.94634,39.48871],[-8.9524,39.4887],[-8.95717,39.49012],[-8.97112,39.49307],[-8.97747,39.49403],[-8.98196,39.49531],[-8.98806,39.49583],[-8.98996,39.49456],[-8.9953,39.48723],[-8.99801,39.48548],[-9.0076,39.48266],[-9.00859,39.48176],[-9.00485,39.47816],[-9.00377,39.47523],[-9.00338,39.47043],[-9.00138,39.46093],[-8.99902,39.45452],[-8.99168,39.45311],[-8.98739,39.45062],[-8.98531,39.44812],[-8.98474,39.44516],[-8.98532,39.43924],[-8.98659,39.43542],[-8.99045,39.43085],[-8.99148,39.42883],[-8.995,39.4252],[-9.0008,39.42107],[-9.00553,39.41954],[-9.01388,39.41858],[-9.0185,39.42014],[-9.02459,39.42332],[-9.03223,39.42337],[-9.03368,39.42228],[-9.0392,39.42092],[-9.04524,39.42269],[-9.04861,39.42292],[-9.05054,39.4199],[-9.05303,39.41802],[-9.0562,39.41696],[-9.06521,39.41546],[-9.06944,39.41214],[-9.07412,39.40717],[-9.07711,39.4053],[-9.08173,39.40401],[-9.09055,39.398],[-9.09484,39.39585],[-9.09993,39.39168],[-9.10168,39.38932],[-9.10234,39.38543],[-9.10168,39.38133],[-9.09817,39.37757],[-9.09406,39.37715],[-9.08246,39.37809],[-9.07553,39.37799],[-9.07055,39.37602],[-9.06226,39.36507],[-9.05839,39.36148],[-9.05244,39.35404],[-9.0468,39.35354],[-9.04258,39.35196],[-9.03287,39.34595],[-9.0296,39.34422],[-9.02446,39.33841],[-9.0237,39.33377],[-9.02054,39.32936],[-9.0202,39.32652],[-9.02236,39.32256],[-9.02772,39.32002],[-9.02914,39.31576],[-9.02933,39.313],[-9.02562,39.30476],[-9.02581,39.29681],[-9.02709,39.29407],[-9.03188,39.289],[-9.03295,39.28377],[-9.03437,39.28198],[-9.03413,39.27984],[-9.03635,39.27546],[-9.0355,39.27063],[-9.03635,39.26786],[-9.03809,39.26573],[-9.03159,39.26236],[-9.02932,39.26014],[-9.02775,39.25729],[-9.023,39.25562],[-9.01967,39.25232],[-9.01909,39.24951],[-9.01996,39.24672],[-9.02211,39.24344],[-9.02481,39.24147],[-9.02826,39.24046],[-9.03452,39.24135],[-9.03718,39.24045],[-9.04278,39.24071],[-9.04591,39.24231],[-9.04792,39.24478],[-9.04873,39.24773],[-9.05015,39.24882],[-9.05961,39.24777],[-9.06639,39.24828],[-9.07078,39.24484],[-9.07396,39.24335],[-9.07982,39.24254],[-9.08106,39.24063],[-9.08435,39.23831],[-9.08543,39.23361],[-9.08768,39.23152],[-9.09176,39.22993],[-9.09271,39.22623],[-9.0947,39.22402],[-9.09357,39.21915],[-9.09665,39.21364],[-9.1005,39.21068],[-9.10293,39.20792],[-9.1023,39.20491],[-9.09877,39.20413],[-9.09475,39.20239],[-9.09223,39.19965],[-9.08896,39.19793],[-9.08205,39.19714],[-9.07837,39.19457],[-9.076,39.18849],[-9.07097,39.18656],[-9.06823,39.18482],[-9.06655,39.18239],[-9.06655,39.17823],[-9.06822,39.17573],[-9.07701,39.16707],[-9.07136,39.15943],[-9.07043,39.15515],[-9.0714,39.15252],[-9.07353,39.15034],[-9.07652,39.1489],[-9.07186,39.13861],[-9.06889,39.13582],[-9.06222,39.13408],[-9.05982,39.13223],[-9.05819,39.12823],[-9.05883,39.12491],[-9.05669,39.12391],[-9.05409,39.12116],[-9.04995,39.11826],[-9.04773,39.11586],[-9.04505,39.11473],[-9.03585,39.11314],[-9.03297,39.11133],[-9.03127,39.10876],[-9.03073,39.10493],[-9.02717,39.10492],[-9.0219,39.10392],[-9.01866,39.10195],[-9.01601,39.09919],[-9.01499,39.09525],[-9.01686,39.09144],[-9.01944,39.08958],[-9.02359,39.08845],[-9.02765,39.08325],[-9.02901,39.0778],[-9.03391,39.06952],[-9.04161,39.0638],[-9.04704,39.06142],[-9.05066,39.05634],[-9.04971,39.05279],[-9.05001,39.04782],[-9.04456,39.04665],[-9.04178,39.04504],[-9.03999,39.04273],[-9.03915,39.03855],[-9.04096,39.03244],[-9.04404,39.02895],[-9.04732,39.02719],[-9.04683,39.02538],[-9.04321,39.02181],[-9.04187,39.01904],[-9.0423,39.01284],[-9.03872,39.00887],[-9.03479,39.00997],[-9.0307,39.01363],[-9.02736,39.01501],[-9.02363,39.01525],[-9.02013,39.01432],[-9.01762,39.01271],[-9.01235,39.01191],[-9.00967,39.01016],[-9.00444,39.00263],[-9.00267,39.00141],[-8.99956,39.00311],[-8.99618,39.00376],[-8.98928,39.00227],[-8.98195,39.01184],[-8.97943,39.01382],[-8.9744,39.01511],[-8.96872,39.01401],[-8.95839,39.0104],[-8.95241,39.00698],[-8.94398,39.00101],[-8.94198,38.99696],[-8.94276,38.99176],[-8.94749,38.97765],[-8.95155,38.97247],[-8.95608,38.97021],[-8.95964,38.96996],[-8.96447,38.97159],[-8.96939,38.97604],[-8.9773,38.97612],[-8.98336,38.97832],[-8.98767,38.98232],[-8.99287,38.98389],[-8.99824,38.98632],[-9.00246,38.98912],[-9.00482,38.98693],[-9.01135,38.98414],[-9.01253,38.97953],[-9.01508,38.97619],[-9.0162,38.97222],[-9.01683,38.96414],[-9.02151,38.95792],[-9.02194,38.95267],[-9.02076,38.9495],[-9.01772,38.94526],[-9.01725,38.94113],[-9.01323,38.93905],[-9.01059,38.93847],[-9.00755,38.93664],[-9.00576,38.93431],[-9.00275,38.93283],[-8.99999,38.92912],[-8.99994,38.9262],[-9.00137,38.92347],[-9.00532,38.91884],[-9.00738,38.91394],[-9.007,38.90815],[-9.00701,38.89927],[-9.01044,38.88747],[-9.01088,38.8811],[-9.01315,38.87737],[-9.01595,38.87567],[-9.02109,38.87491],[-9.02649,38.87684],[-9.03038,38.87479],[-9.0353,38.86713],[-9.04052,38.86348],[-9.04973,38.86031],[-9.05727,38.85644],[-9.06137,38.85278],[-9.06546,38.84575],[-9.0685,38.83893],[-9.0725,38.83284],[-9.07821,38.82637],[-9.08221,38.81932],[-9.08449,38.81056],[-9.08482,38.79825],[-9.07335,38.81168],[-9.06837,38.81633],[-9.06384,38.81902],[-9.05811,38.8237],[-9.04772,38.83128],[-9.04278,38.83787],[-9.04034,38.84261],[-9.0359,38.84485],[-9.03069,38.84487],[-9.02762,38.84361],[-9.0254,38.84153],[-9.02325,38.83662],[-9.0201,38.82537],[-9.01605,38.82369],[-9.01303,38.82039],[-9.00911,38.81134],[-9.00375,38.80961],[-9.00154,38.80767],[-9.00038,38.80522],[-8.99867,38.79838],[-8.99401,38.80263],[-8.98732,38.80803],[-8.98475,38.80902],[-8.98159,38.81163],[-8.9728,38.82069],[-8.96978,38.82216],[-8.96456,38.82249],[-8.96003,38.82053],[-8.95365,38.8154],[-8.94774,38.80866],[-8.94185,38.80047],[-8.93868,38.79418],[-8.93549,38.78506],[-8.93383,38.77561],[-8.9321,38.76937],[-8.9333,38.76544],[-8.93553,38.76335],[-8.93856,38.76202],[-8.9471,38.76184],[-8.95277,38.76012],[-8.96407,38.75571],[-8.96731,38.75235],[-8.97231,38.74906],[-8.97958,38.74615],[-8.99535,38.74198],[-9.00706,38.73705],[-9.01176,38.73209],[-9.00887,38.72951],[-9.00498,38.72896],[-9.00042,38.7255],[-8.99728,38.72535],[-8.99031,38.72972],[-8.98643,38.73119],[-8.9816,38.73573],[-8.97756,38.7386],[-8.97432,38.73965],[-8.97083,38.73969],[-8.96679,38.73863],[-8.9643,38.73701],[-8.96067,38.73673],[-8.95769,38.73564],[-8.95543,38.73379],[-8.95229,38.72896],[-8.95244,38.72391],[-8.94677,38.72171],[-8.9322,38.71345],[-8.92601,38.71158],[-8.92177,38.70764],[-8.91942,38.70438],[-8.91511,38.69035],[-8.91415,38.68655],[-8.91212,38.68215],[-8.91125,38.67147],[-8.90171,38.67329],[-8.89351,38.67436],[-8.88049,38.6743],[-8.86722,38.67656],[-8.86246,38.67637],[-8.8592,38.67525],[-8.85677,38.67322],[-8.85554,38.67059],[-8.8565,38.66302],[-8.85608,38.63836],[-8.85677,38.63681],[-8.85675,38.63194],[-8.85313,38.63043],[-8.85088,38.62853],[-8.84952,38.62478],[-8.84946,38.6182],[-8.80421,38.619],[-8.80096,38.61804],[-8.79845,38.61617],[-8.7968,38.6123],[-8.79633,38.6011],[-8.79574,38.59832],[-8.7964,38.59516],[-8.79824,38.59284],[-8.80101,38.5912],[-8.80492,38.59042],[-8.81097,38.58747],[-8.80563,38.58064],[-8.80502,38.57797],[-8.80571,38.57528],[-8.80947,38.57173],[-8.80853,38.56912],[-8.8065,38.56752],[-8.80499,38.5645],[-8.80386,38.5591],[-8.80113,38.55572],[-8.79411,38.55774],[-8.77123,38.56769],[-8.76803,38.56833],[-8.75759,38.56881],[-8.75249,38.57033],[-8.74882,38.57045],[-8.744,38.56853],[-8.742,38.56615],[-8.74136,38.56331],[-8.74235,38.55872],[-8.73991,38.55416],[-8.74031,38.55128],[-8.73846,38.54824],[-8.73816,38.54545],[-8.74131,38.53794],[-8.74125,38.53404],[-8.73919,38.52423],[-8.73538,38.51826],[-8.73499,38.51572],[-8.72885,38.51628],[-8.72105,38.51479],[-8.71781,38.51334],[-8.71315,38.51541],[-8.70377,38.51841],[-8.70213,38.52129],[-8.69841,38.52403],[-8.69671,38.52638],[-8.6891,38.53174],[-8.68699,38.53466],[-8.68377,38.53719],[-8.6816,38.54072],[-8.67924,38.54259],[-8.67368,38.54458],[-8.66614,38.54627],[-8.66299,38.54635],[-8.65661,38.54765],[-8.64953,38.54858],[-8.64563,38.54814],[-8.63921,38.54949],[-8.64092,38.56102],[-8.64094,38.56731],[-8.64811,38.57739],[-8.65105,38.58928],[-8.65165,38.59358],[-8.65365,38.59768],[-8.65659,38.60106],[-8.65713,38.60492],[-8.65454,38.60947],[-8.65124,38.61192],[-8.64799,38.61305],[-8.637,38.62022],[-8.63185,38.6281],[-8.62866,38.6303],[-8.62163,38.63352],[-8.61254,38.64464],[-8.61841,38.66212],[-8.62408,38.66203],[-8.63018,38.66084],[-8.65891,38.64954],[-8.66226,38.64927],[-8.66548,38.64996],[-8.66814,38.65153],[-8.67367,38.65626],[-8.68297,38.65938],[-8.68542,38.6613],[-8.68695,38.6652],[-8.68551,38.66918],[-8.6827,38.67175],[-8.67907,38.67404],[-8.67764,38.677],[-8.6915,38.6826],[-8.70113,38.68299],[-8.71368,38.68503],[-8.72023,38.68723],[-8.72423,38.68964],[-8.72653,38.69361],[-8.72545,38.69794],[-8.71149,38.71787],[-8.70863,38.71971],[-8.70511,38.72054],[-8.7015,38.72023],[-8.69449,38.71847],[-8.69053,38.71819],[-8.67243,38.72189],[-8.66615,38.72161],[-8.66288,38.72037],[-8.65981,38.71688],[-8.65947,38.71401],[-8.66158,38.70956],[-8.65652,38.70484],[-8.6478,38.70094],[-8.64298,38.70073],[-8.63583,38.70125],[-8.63161,38.70297],[-8.62561,38.7085],[-8.62248,38.70985],[-8.61722,38.70994],[-8.61481,38.70913],[-8.60996,38.70991],[-8.60798,38.71087],[-8.60245,38.71166],[-8.59217,38.70965],[-8.58872,38.70682],[-8.58601,38.7012],[-8.58122,38.696],[-8.58034,38.69387],[-8.57978,38.68898],[-8.57634,38.68547],[-8.57286,38.6834],[-8.57034,38.68073],[-8.56438,38.67756],[-8.55865,38.67768],[-8.55223,38.68224],[-8.54708,38.68427],[-8.54069,38.68576],[-8.5385,38.68872],[-8.53137,38.69182],[-8.52071,38.70768],[-8.5169,38.71001],[-8.5044,38.71423],[-8.5011,38.7157],[-8.50186,38.71927],[-8.50097,38.7221],[-8.50684,38.72794],[-8.50997,38.73055],[-8.51102,38.73343],[-8.5104,38.73721],[-8.5054,38.74576],[-8.49935,38.75038],[-8.49606,38.75143],[-8.49254,38.75144],[-8.48584,38.74941],[-8.47506,38.74875],[-8.46899,38.74908],[-8.46299,38.7483],[-8.45562,38.74483],[-8.44857,38.74359],[-8.44392,38.74153],[-8.44205,38.73912],[-8.44153,38.73631],[-8.44449,38.7301],[-8.44269,38.72614],[-8.43814,38.72529],[-8.43425,38.72367],[-8.42867,38.72327],[-8.42435,38.72106],[-8.42122,38.71852],[-8.41472,38.71775],[-8.40911,38.71444],[-8.40435,38.71226],[-8.3984,38.71829],[-8.39496,38.72014],[-8.39256,38.72353],[-8.38848,38.72748],[-8.38388,38.72926],[-8.37705,38.73078],[-8.37319,38.73073],[-8.36146,38.72754],[-8.35868,38.72747],[-8.35408,38.72965],[-8.35446,38.73271],[-8.35625,38.73837],[-8.35511,38.74388],[-8.35189,38.74725],[-8.34903,38.74839],[-8.34876,38.75201],[-8.34695,38.75461],[-8.34399,38.75645],[-8.34038,38.75723],[-8.3367,38.75683],[-8.32327,38.75287],[-8.31954,38.75216],[-8.314,38.75413],[-8.30949,38.75453],[-8.30506,38.75371],[-8.30043,38.75106],[-8.29722,38.74669],[-8.29449,38.73761],[-8.28761,38.7287],[-8.2811,38.72738],[-8.27272,38.72476],[-8.26901,38.72184],[-8.26801,38.71915],[-8.2684,38.71635],[-8.27058,38.71232],[-8.27665,38.70703],[-8.2795,38.70562],[-8.28278,38.7051],[-8.28679,38.70574],[-8.28849,38.70187],[-8.28725,38.6979],[-8.285,38.69361],[-8.28548,38.69087],[-8.29328,38.68289],[-8.29933,38.68061],[-8.30354,38.68055],[-8.30752,38.67884],[-8.31111,38.67857],[-8.32443,38.68063],[-8.32707,38.68177],[-8.33145,38.68195],[-8.33837,38.68402],[-8.34157,38.68398],[-8.34475,38.68263],[-8.3481,38.68235],[-8.35131,38.68304],[-8.3551,38.6853],[-8.35679,38.68731],[-8.362,38.68996],[-8.36462,38.69313],[-8.37032,38.69674],[-8.37296,38.69784],[-8.37808,38.70225],[-8.38511,38.70532],[-8.38663,38.70424],[-8.38422,38.70203],[-8.38157,38.69755],[-8.381,38.69492],[-8.38209,38.69005],[-8.37892,38.68392],[-8.37948,38.68004],[-8.38163,38.67711],[-8.38319,38.67242],[-8.38024,38.66494],[-8.38038,38.66109],[-8.3818,38.65853],[-8.38433,38.65655],[-8.38935,38.65529],[-8.39151,38.65545],[-8.39629,38.64946],[-8.39823,38.64577],[-8.39902,38.6387],[-8.40076,38.63607],[-8.40366,38.63418],[-8.41036,38.63269],[-8.40277,38.62952],[-8.39886,38.62664],[-8.39368,38.61825],[-8.39352,38.61192],[-8.39139,38.60793],[-8.3892,38.60527],[-8.38625,38.59924],[-8.38402,38.59273],[-8.38388,38.59016],[-8.38075,38.58195],[-8.37896,38.57939],[-8.37452,38.56837],[-8.37392,38.56506],[-8.37503,38.56026],[-8.37399,38.55794],[-8.36871,38.55294],[-8.36608,38.55469],[-8.35548,38.55688],[-8.35255,38.55684],[-8.34656,38.55978],[-8.34379,38.56034],[-8.34149,38.56296],[-8.34077,38.56535],[-8.34348,38.57094],[-8.34361,38.57352],[-8.34167,38.58183],[-8.33858,38.5872],[-8.33636,38.58964],[-8.33314,38.59134],[-8.31935,38.59381],[-8.31403,38.59258],[-8.31133,38.59555],[-8.30384,38.6003],[-8.30034,38.60123],[-8.29516,38.60173],[-8.29276,38.60293],[-8.29019,38.60621],[-8.28596,38.61031],[-8.28318,38.61218],[-8.27972,38.61307],[-8.27068,38.61275],[-8.26415,38.61179],[-8.25534,38.61156],[-8.25084,38.60963],[-8.24894,38.60736],[-8.24844,38.6033],[-8.24974,38.60072],[-8.25374,38.59777],[-8.25786,38.59643],[-8.26088,38.59331],[-8.26131,38.591],[-8.25312,38.58635],[-8.25043,38.5833],[-8.24566,38.58295],[-8.24251,38.58173],[-8.23737,38.5776],[-8.23577,38.57521],[-8.2348,38.57126],[-8.23161,38.57107],[-8.22624,38.57178],[-8.2221,38.57095],[-8.21772,38.57101],[-8.21242,38.56933],[-8.20378,38.56724],[-8.20136,38.57489],[-8.20307,38.57804],[-8.20328,38.58075],[-8.20234,38.58691],[-8.19956,38.59111],[-8.19607,38.59518],[-8.19322,38.5968],[-8.18983,38.59748],[-8.18291,38.59691],[-8.17878,38.59884],[-8.17538,38.59908],[-8.17212,38.59833],[-8.16703,38.59597],[-8.16292,38.5954],[-8.15837,38.59701],[-8.15481,38.60393],[-8.15263,38.60723],[-8.15619,38.6096],[-8.16212,38.61182],[-8.16445,38.61448],[-8.16506,38.61729],[-8.16424,38.6201],[-8.16052,38.62443],[-8.15597,38.62654],[-8.15247,38.6267],[-8.14918,38.6258],[-8.14525,38.62212],[-8.13954,38.62263],[-8.13366,38.62124],[-8.1252,38.62139],[-8.11993,38.62049],[-8.11722,38.61936],[-8.11324,38.6192],[-8.11032,38.61806],[-8.1072,38.615],[-8.10186,38.61352],[-8.09946,38.61147],[-8.09826,38.60884],[-8.09886,38.60454],[-8.09776,38.59867],[-8.09806,38.59611],[-8.09182,38.59906],[-8.08816,38.59958],[-8.08241,38.59783],[-8.07875,38.59732],[-8.07424,38.59771],[-8.06685,38.60083],[-8.06156,38.60093],[-8.05814,38.59973],[-8.04829,38.59993],[-8.04596,38.60445],[-8.0431,38.60622],[-8.03962,38.60699],[-8.0326,38.60744],[-8.03126,38.60922],[-8.03564,38.61274],[-8.03638,38.61564],[-8.03608,38.61886],[-8.03329,38.62367],[-8.03595,38.62688],[-8.0364,38.62949],[-8.03562,38.63289],[-8.03905,38.6362],[-8.04042,38.64047],[-8.03957,38.64474],[-8.03825,38.64633],[-8.03823,38.65131],[-8.03943,38.65234],[-8.04455,38.6524],[-8.04754,38.65367],[-8.04969,38.65573],[-8.05098,38.65926],[-8.05342,38.66173],[-8.0586,38.6645],[-8.06075,38.66848],[-8.06157,38.67715],[-8.05933,38.68117],[-8.05636,38.68298],[-8.0527,38.68373],[-8.04873,38.68628],[-8.04266,38.69142],[-8.04,38.69652],[-8.04391,38.69917],[-8.04557,38.70172],[-8.0454,38.70601],[-8.04354,38.70853],[-8.04058,38.7103],[-8.02986,38.71267],[-8.02724,38.72307],[-8.02933,38.72974],[-8.03156,38.73371],[-8.03366,38.73495],[-8.0367,38.7382],[-8.03763,38.74112],[-8.04097,38.74266],[-8.04329,38.74505],[-8.04801,38.74745],[-8.05132,38.74986],[-8.054,38.75272],[-8.05536,38.75749],[-8.06001,38.75928],[-8.06202,38.76147],[-8.06283,38.76411],[-8.06129,38.76854],[-8.06082,38.77217],[-8.05973,38.77413],[-8.05921,38.77795],[-8.06081,38.78043],[-8.06456,38.78407],[-8.06562,38.78691],[-8.06574,38.79009],[-8.06783,38.79232],[-8.06931,38.79545],[-8.06847,38.80057],[-8.06616,38.80323],[-8.06705,38.80524],[-8.067,38.80929],[-8.07108,38.80853],[-8.0808,38.80893],[-8.08791,38.81109],[-8.09052,38.81287],[-8.09237,38.81666],[-8.09204,38.81916],[-8.09513,38.82231],[-8.10073,38.82364],[-8.10407,38.82678],[-8.10477,38.8295],[-8.10411,38.83225],[-8.10219,38.83462],[-8.0968,38.83851],[-8.08936,38.84237],[-8.08633,38.84459],[-8.07907,38.84682],[-8.07268,38.85092],[-8.071,38.85648],[-8.06816,38.85954],[-8.06541,38.86131],[-8.06286,38.86445],[-8.06368,38.86757],[-8.0672,38.87157],[-8.07044,38.87406],[-8.07188,38.8764],[-8.07239,38.87954],[-8.07674,38.88966],[-8.07863,38.89191],[-8.08059,38.89712],[-8.08329,38.89867],[-8.09259,38.89732],[-8.10192,38.89881],[-8.10821,38.90067],[-8.11428,38.89965],[-8.11792,38.90021],[-8.12349,38.90327],[-8.12698,38.90755],[-8.13096,38.91158],[-8.13252,38.91624],[-8.13772,38.921],[-8.13912,38.92376],[-8.13831,38.92818],[-8.13487,38.93244],[-8.13421,38.93521],[-8.13103,38.94154],[-8.12993,38.94708],[-8.12986,38.95041],[-8.1334,38.95364],[-8.13461,38.95619],[-8.13451,38.95893],[-8.13137,38.96324],[-8.1253,38.96651],[-8.12022,38.96728],[-8.11766,38.96683],[-8.11073,38.96806],[-8.10726,38.96757],[-8.10328,38.9691],[-8.1063,38.97423],[-8.1068,38.97756],[-8.10958,38.98219],[-8.1137,38.99197],[-8.11712,38.99425],[-8.11858,38.99703],[-8.11837,39.00465],[-8.11608,39.0086],[-8.11325,39.0108],[-8.10793,39.01241],[-8.10124,39.01191],[-8.09874,39.01267],[-8.10388,39.02266],[-8.11162,39.02161],[-8.1197,39.02273],[-8.12487,39.02393]]]}},{"type":"Feature","properties":{"level":"subregion","subregionId":"peninsula-de-setubal","nameJa":"セトゥーバル半島"},"geometry":{"type":"Polygon","coordinates":[[[-8.73499,38.51572],[-8.72885,38.51628],[-8.72105,38.51479],[-8.71781,38.51334],[-8.71315,38.51541],[-8.70377,38.51841],[-8.70213,38.52129],[-8.69841,38.52403],[-8.69671,38.52638],[-8.6891,38.53174],[-8.68699,38.53466],[-8.68377,38.53719],[-8.6816,38.54072],[-8.67924,38.54259],[-8.67368,38.54458],[-8.66614,38.54627],[-8.66299,38.54635],[-8.65661,38.54765],[-8.64953,38.54858],[-8.64563,38.54814],[-8.63921,38.54949],[-8.64092,38.56102],[-8.64094,38.56731],[-8.64811,38.57739],[-8.65105,38.58928],[-8.65165,38.59358],[-8.65365,38.59768],[-8.65659,38.60106],[-8.65713,38.60492],[-8.65454,38.60947],[-8.65124,38.61192],[-8.64799,38.61305],[-8.637,38.62022],[-8.63185,38.6281],[-8.62866,38.6303],[-8.62163,38.63352],[-8.61691,38.63949],[-8.61164,38.64409],[-8.60815,38.6451],[-8.60179,38.64587],[-8.59063,38.65408],[-8.58373,38.66262],[-8.5777,38.66738],[-8.57696,38.67106],[-8.5751,38.67352],[-8.56976,38.67676],[-8.56515,38.67759],[-8.55865,38.67768],[-8.55223,38.68224],[-8.54708,38.68427],[-8.54069,38.68576],[-8.5385,38.68872],[-8.53137,38.69182],[-8.52071,38.70768],[-8.5169,38.71001],[-8.5044,38.71423],[-8.5011,38.7157],[-8.50186,38.71927],[-8.50097,38.7221],[-8.50684,38.72794],[-8.50997,38.73055],[-8.51102,38.73343],[-8.5104,38.73721],[-8.5054,38.74576],[-8.50023,38.7499],[-8.49186,38.75456],[-8.49195,38.7582],[-8.49103,38.76121],[-8.49764,38.76282],[-8.51432,38.76484],[-8.51811,38.76337],[-8.52643,38.76193],[-8.54816,38.76368],[-8.5516,38.76518],[-8.5573,38.76916],[-8.56664,38.77005],[-8.57208,38.77184],[-8.57789,38.77186],[-8.58087,38.76985],[-8.58411,38.76887],[-8.5892,38.76927],[-8.59471,38.77176],[-8.59869,38.77568],[-8.60567,38.77765],[-8.60965,38.78162],[-8.61018,38.78457],[-8.60914,38.78747],[-8.60542,38.79182],[-8.60409,38.80112],[-8.60642,38.8081],[-8.60637,38.81088],[-8.60435,38.81596],[-8.60382,38.82487],[-8.60269,38.82733],[-8.5995,38.83122],[-8.59593,38.83759],[-8.59615,38.84124],[-8.59871,38.84044],[-8.60599,38.84026],[-8.61201,38.83891],[-8.61579,38.83498],[-8.62237,38.8321],[-8.62916,38.83069],[-8.63074,38.82639],[-8.63087,38.82302],[-8.63243,38.82022],[-8.63493,38.81819],[-8.63915,38.81279],[-8.64169,38.81095],[-8.647,38.80977],[-8.65052,38.81035],[-8.65477,38.81245],[-8.65785,38.8132],[-8.66385,38.81677],[-8.66787,38.82103],[-8.67041,38.82232],[-8.67638,38.8232],[-8.686,38.82699],[-8.68966,38.83015],[-8.69321,38.83614],[-8.69677,38.84022],[-8.70389,38.84298],[-8.70403,38.83983],[-8.70616,38.83322],[-8.70935,38.82589],[-8.71639,38.81575],[-8.72126,38.81092],[-8.73004,38.79758],[-8.73388,38.79339],[-8.74373,38.77768],[-8.74582,38.76485],[-8.74859,38.75297],[-8.75168,38.74507],[-8.7547,38.74226],[-8.75849,38.74058],[-8.76258,38.73962],[-8.77403,38.73518],[-8.77915,38.73404],[-8.78967,38.73427],[-8.7942,38.73604],[-8.80201,38.74161],[-8.81012,38.74013],[-8.81714,38.72644],[-8.82304,38.71657],[-8.82478,38.71214],[-8.8241,38.70888],[-8.82463,38.70638],[-8.82658,38.70369],[-8.82933,38.70178],[-8.83138,38.69875],[-8.83583,38.6954],[-8.83688,38.69115],[-8.83948,38.688],[-8.83971,38.68385],[-8.84124,38.68115],[-8.84399,38.67913],[-8.84751,38.67811],[-8.85921,38.67647],[-8.86722,38.67656],[-8.88049,38.6743],[-8.89351,38.67436],[-8.90302,38.67325],[-8.90831,38.67468],[-8.91146,38.6783],[-8.91225,38.68244],[-8.91415,38.68655],[-8.9189,38.70269],[-8.91888,38.70563],[-8.92176,38.71002],[-8.92668,38.71261],[-8.92991,38.71603],[-8.93373,38.7156],[-8.93708,38.71632],[-8.94677,38.72171],[-8.95113,38.7236],[-8.9575,38.72353],[-8.96275,38.72609],[-8.96676,38.72744],[-8.97623,38.7257],[-8.98417,38.72498],[-8.99027,38.72121],[-8.99914,38.71931],[-9.00514,38.71853],[-9.00849,38.71874],[-9.01632,38.72144],[-9.02397,38.72565],[-9.03133,38.72382],[-9.03641,38.72159],[-9.04339,38.71728],[-9.04623,38.71317],[-9.04756,38.70831],[-9.04834,38.70327],[-9.04854,38.69632],[-9.04973,38.69165],[-9.04892,38.69046],[-9.04325,38.69181],[-9.04016,38.69679],[-9.0373,38.69881],[-9.03239,38.70056],[-9.01628,38.70134],[-9.01027,38.70125],[-9.00406,38.69921],[-9.00042,38.70042],[-8.99513,38.70027],[-8.99113,38.70148],[-8.98757,38.7018],[-8.98267,38.70024],[-8.98044,38.69808],[-8.97944,38.6954],[-8.97997,38.6919],[-8.97631,38.68619],[-8.97579,38.68118],[-8.97636,38.67721],[-8.97569,38.67088],[-8.97424,38.66653],[-8.97225,38.66296],[-8.97258,38.65578],[-8.96936,38.65396],[-8.96626,38.6555],[-8.96207,38.65633],[-8.95834,38.65587],[-8.95519,38.65426],[-8.95184,38.64888],[-8.94845,38.64458],[-8.94688,38.63816],[-8.94701,38.63665],[-8.94948,38.63077],[-8.95173,38.62856],[-8.9566,38.62686],[-8.96013,38.62704],[-8.96327,38.62826],[-8.96752,38.63168],[-8.9794,38.63598],[-8.98177,38.63483],[-8.98204,38.63174],[-8.98403,38.62567],[-8.98045,38.61527],[-8.98159,38.61115],[-8.9839,38.60896],[-8.98708,38.60761],[-8.99493,38.60617],[-8.99808,38.6049],[-9.00482,38.60385],[-9.01233,38.60118],[-9.01219,38.59584],[-9.01283,38.59333],[-9.01756,38.58842],[-9.01977,38.58438],[-9.02484,38.58062],[-9.03006,38.57981],[-9.03413,38.58064],[-9.03725,38.5796],[-9.03566,38.57708],[-9.0346,38.57213],[-9.03291,38.56887],[-9.03198,38.56374],[-9.0349,38.55399],[-9.0407,38.54739],[-9.0434,38.54251],[-9.04711,38.53927],[-9.05599,38.5344],[-9.05985,38.5336],[-9.06589,38.53341],[-9.07077,38.53409],[-9.07387,38.53381],[-9.07954,38.53552],[-9.09194,38.53486],[-9.09512,38.53586],[-9.09758,38.53773],[-9.09895,38.54021],[-9.09878,38.54427],[-9.10081,38.55155],[-9.10642,38.55522],[-9.11436,38.56411],[-9.11754,38.56507],[-9.12019,38.56727],[-9.12371,38.57502],[-9.13342,38.57478],[-9.14561,38.57574],[-9.15484,38.5743],[-9.16286,38.57221],[-9.18229,38.56394],[-9.18405,38.56056],[-9.18652,38.55855],[-9.18563,38.5555],[-9.18605,38.5528],[-9.1877,38.55038],[-9.18355,38.53169],[-9.18256,38.52431],[-9.18262,38.519],[-9.18337,38.50472],[-9.18366,38.49531],[-9.18441,38.48845],[-9.18884,38.47382],[-9.19177,38.46824],[-9.19542,38.46028],[-9.19882,38.45682],[-9.20035,38.45372],[-9.20322,38.45059],[-9.20559,38.44903],[-9.20831,38.44291],[-9.21073,38.44023],[-9.21134,38.43564],[-9.215,38.43024],[-9.2175,38.42799],[-9.21787,38.42348],[-9.21893,38.41941],[-9.22281,38.41384],[-9.22024,38.41269],[-9.21292,38.41253],[-9.20056,38.40939],[-9.19599,38.40959],[-9.18929,38.41337],[-9.1879,38.41662],[-9.1853,38.41901],[-9.18137,38.42063],[-9.1752,38.42545],[-9.17149,38.42677],[-9.16916,38.42859],[-9.1631,38.43042],[-9.15904,38.43082],[-9.14986,38.42992],[-9.14224,38.43016],[-9.1378,38.42891],[-9.13345,38.42938],[-9.12925,38.43173],[-9.12193,38.43305],[-9.11901,38.43309],[-9.11389,38.43448],[-9.11082,38.43648],[-9.10974,38.44365],[-9.1088,38.44621],[-9.10676,38.44836],[-9.10289,38.45022],[-9.09854,38.45079],[-9.09498,38.45042],[-9.09192,38.44897],[-9.08693,38.44358],[-9.08498,38.43916],[-9.08494,38.43751],[-9.0827,38.43654],[-9.07453,38.43614],[-9.07104,38.43522],[-9.06396,38.43517],[-9.06266,38.43721],[-9.05984,38.43928],[-9.05344,38.44026],[-9.04659,38.44335],[-9.03996,38.44701],[-9.03667,38.44785],[-9.03292,38.44772],[-9.029,38.44605],[-9.02198,38.45111],[-9.01512,38.45479],[-9.0117,38.45566],[-9.00731,38.45585],[-9.00033,38.459],[-8.99063,38.46515],[-8.98444,38.47256],[-8.98251,38.47416],[-8.98076,38.47726],[-8.9779,38.47921],[-8.97433,38.48012],[-8.96959,38.48047],[-8.96755,38.48259],[-8.9641,38.48414],[-8.96087,38.48472],[-8.95371,38.48486],[-8.94308,38.48411],[-8.93988,38.48608],[-8.93422,38.48832],[-8.93234,38.49288],[-8.93068,38.49497],[-8.92769,38.50266],[-8.92434,38.50737],[-8.92175,38.50932],[-8.917,38.51078],[-8.91344,38.51078],[-8.90654,38.51647],[-8.89892,38.51929],[-8.89244,38.52042],[-8.88597,38.52076],[-8.87526,38.51808],[-8.86121,38.51314],[-8.85108,38.50855],[-8.84334,38.503],[-8.8407,38.49993],[-8.83617,38.49636],[-8.83101,38.49307],[-8.82298,38.49195],[-8.80972,38.48848],[-8.79704,38.4875],[-8.78773,38.48811],[-8.78473,38.4877],[-8.77845,38.49127],[-8.77445,38.49173],[-8.77081,38.49307],[-8.76593,38.49684],[-8.76222,38.49777],[-8.75732,38.49712],[-8.75584,38.49804],[-8.76602,38.50448],[-8.77444,38.50711],[-8.77941,38.50751],[-8.78265,38.50886],[-8.78524,38.51146],[-8.78615,38.51425],[-8.78482,38.51894],[-8.78694,38.52006],[-8.7914,38.52091],[-8.79449,38.52263],[-8.79734,38.52553],[-8.79864,38.52952],[-8.79782,38.53224],[-8.79408,38.53566],[-8.79086,38.53672],[-8.78741,38.53678],[-8.78421,38.53583],[-8.77991,38.53284],[-8.77498,38.53324],[-8.76821,38.53545],[-8.76599,38.53562],[-8.75969,38.53952],[-8.75645,38.54252],[-8.75347,38.54395],[-8.74834,38.54427],[-8.7452,38.54322],[-8.7428,38.54131],[-8.74148,38.53882],[-8.74125,38.53404],[-8.73919,38.52423],[-8.73538,38.51826],[-8.73499,38.51572]]]}},{"type":"Feature","properties":{"level":"subregion","subregionId":"alentejo","nameJa":"アレンテージョ"},"geometry":{"type":"MultiPolygon","coordinates":[[[[-7.87713,38.36185],[-7.87355,38.3645],[-7.87047,38.36559],[-7.86549,38.36544],[-7.85964,38.36289],[-7.85667,38.35939],[-7.85629,38.35639],[-7.85788,38.35221],[-7.85723,38.34836],[-7.85283,38.34497],[-7.84496,38.34143],[-7.84074,38.34072],[-7.83513,38.34248],[-7.83251,38.34712],[-7.83197,38.35163],[-7.82971,38.3549],[-7.8258,38.35797],[-7.82213,38.35917],[-7.81812,38.35909],[-7.81281,38.35656],[-7.81094,38.35412],[-7.81075,38.34783],[-7.81211,38.3412],[-7.80461,38.3365],[-7.80122,38.33346],[-7.79462,38.33214],[-7.78797,38.32735],[-7.78249,38.32629],[-7.78099,38.33181],[-7.77892,38.33426],[-7.77351,38.33638],[-7.77217,38.3383],[-7.77137,38.34243],[-7.76897,38.34663],[-7.76389,38.35105],[-7.76056,38.35221],[-7.75695,38.35227],[-7.74861,38.35109],[-7.74262,38.35592],[-7.73877,38.357],[-7.7354,38.35684],[-7.73111,38.35482],[-7.72778,38.35148],[-7.72267,38.34858],[-7.71975,38.35077],[-7.71437,38.35243],[-7.7105,38.35534],[-7.70455,38.35736],[-7.69948,38.3574],[-7.69312,38.35452],[-7.68866,38.35332],[-7.68093,38.35241],[-7.67615,38.3508],[-7.67095,38.35321],[-7.66542,38.35321],[-7.66223,38.35176],[-7.65334,38.33965],[-7.65064,38.33533],[-7.64923,38.3313],[-7.64628,38.32861],[-7.64508,38.32578],[-7.64517,38.32349],[-7.64104,38.32359],[-7.63657,38.32209],[-7.63435,38.31998],[-7.62739,38.31701],[-7.62306,38.31037],[-7.62119,38.30952],[-7.61597,38.30492],[-7.61463,38.30094],[-7.61541,38.29821],[-7.61972,38.29394],[-7.62274,38.28798],[-7.6247,38.28546],[-7.62773,38.28374],[-7.63134,38.28309],[-7.63546,38.28356],[-7.63802,38.28246],[-7.63469,38.27828],[-7.63095,38.27572],[-7.62899,38.27321],[-7.62798,38.26784],[-7.62831,38.26475],[-7.63043,38.26027],[-7.63353,38.25746],[-7.62711,38.25546],[-7.61975,38.25448],[-7.61698,38.25304],[-7.61508,38.25089],[-7.61428,38.24818],[-7.61198,38.24587],[-7.61094,38.2431],[-7.61137,38.24019],[-7.61527,38.23482],[-7.61777,38.23322],[-7.61782,38.2303],[-7.61942,38.2275],[-7.6274,38.21889],[-7.63418,38.21073],[-7.63969,38.20778],[-7.64327,38.20713],[-7.65015,38.20426],[-7.65383,38.20389],[-7.66299,38.2015],[-7.66727,38.20083],[-7.67251,38.20199],[-7.67742,38.20431],[-7.68205,38.20734],[-7.68737,38.20831],[-7.68946,38.20969],[-7.69421,38.21138],[-7.70049,38.21154],[-7.70466,38.21218],[-7.7123,38.21463],[-7.7178,38.21863],[-7.72398,38.22189],[-7.73131,38.22844],[-7.7326,38.23189],[-7.73398,38.23324],[-7.73856,38.23502],[-7.74511,38.23842],[-7.7487,38.23961],[-7.75891,38.24643],[-7.76553,38.24808],[-7.77287,38.2483],[-7.78008,38.24901],[-7.78305,38.25041],[-7.78766,38.2537],[-7.79047,38.25475],[-7.79782,38.25056],[-7.80236,38.24935],[-7.80647,38.24592],[-7.81275,38.24508],[-7.81627,38.24608],[-7.81964,38.24875],[-7.82118,38.25179],[-7.82515,38.25434],[-7.83273,38.25251],[-7.83908,38.25317],[-7.84317,38.25527],[-7.84529,38.2573],[-7.85067,38.25857],[-7.85421,38.26017],[-7.85789,38.26336],[-7.86373,38.26569],[-7.86891,38.26636],[-7.87566,38.27134],[-7.87925,38.27265],[-7.88504,38.27639],[-7.88974,38.27748],[-7.89672,38.28147],[-7.90027,38.28469],[-7.90404,38.28494],[-7.91634,38.29104],[-7.92276,38.29277],[-7.9303,38.2959],[-7.93918,38.3033],[-7.94355,38.30518],[-7.94857,38.30525],[-7.95671,38.30723],[-7.96426,38.31064],[-7.97332,38.316],[-7.98128,38.31741],[-7.986,38.31435],[-7.99388,38.30828],[-7.99476,38.30563],[-7.99663,38.3034],[-7.99938,38.30183],[-8.00372,38.30093],[-8.00731,38.30134],[-8.01047,38.30271],[-8.01308,38.30149],[-8.01669,38.30097],[-8.02179,38.30235],[-8.02787,38.30705],[-8.02903,38.30867],[-8.03691,38.31599],[-8.04024,38.32031],[-8.04366,38.32601],[-8.04927,38.32576],[-8.05285,38.32677],[-8.05503,38.32823],[-8.06584,38.32136],[-8.06896,38.32029],[-8.07232,38.32018],[-8.07744,38.32223],[-8.08553,38.32023],[-8.09842,38.32092],[-8.11136,38.31967],[-8.12057,38.31526],[-8.12998,38.31337],[-8.13878,38.31413],[-8.14336,38.3167],[-8.14583,38.32078],[-8.14642,38.32293],[-8.14953,38.32752],[-8.15231,38.32929],[-8.15633,38.32867],[-8.16178,38.32706],[-8.16199,38.32382],[-8.16432,38.31935],[-8.16135,38.31761],[-8.15404,38.3101],[-8.15115,38.30624],[-8.14325,38.29778],[-8.1397,38.28809],[-8.13876,38.28432],[-8.13612,38.27882],[-8.13657,38.27455],[-8.13052,38.26689],[-8.13002,38.26373],[-8.13096,38.256],[-8.12992,38.25173],[-8.12994,38.24417],[-8.13129,38.23116],[-8.12983,38.22407],[-8.12479,38.22294],[-8.12215,38.22088],[-8.12079,38.21814],[-8.12071,38.213],[-8.11748,38.21086],[-8.11602,38.20828],[-8.11188,38.19305],[-8.11247,38.19028],[-8.1146,38.18764],[-8.11387,38.18572],[-8.10923,38.18183],[-8.10597,38.1783],[-8.10505,38.17608],[-8.10391,38.16818],[-8.10282,38.16498],[-8.1018,38.15704],[-8.09657,38.15069],[-8.08509,38.15159],[-8.08186,38.15158],[-8.07057,38.15358],[-8.06137,38.15684],[-8.05851,38.15845],[-8.05248,38.16036],[-8.04036,38.16002],[-8.03444,38.16086],[-8.02973,38.16254],[-8.02391,38.16174],[-8.02057,38.16626],[-8.01789,38.16818],[-8.01272,38.16923],[-8.00777,38.16783],[-8.0043,38.16499],[-8.00033,38.16743],[-7.99683,38.168],[-7.99336,38.16747],[-7.98771,38.16463],[-7.98276,38.1603],[-7.98137,38.15651],[-7.98272,38.15265],[-7.98499,38.15063],[-7.9936,38.1453],[-8.00282,38.14111],[-8.00331,38.13578],[-8.00284,38.12574],[-7.99966,38.12111],[-7.98792,38.11846],[-7.97627,38.11368],[-7.96244,38.10589],[-7.95769,38.11021],[-7.95283,38.11183],[-7.94934,38.1116],[-7.94544,38.11017],[-7.94109,38.11287],[-7.93897,38.11351],[-7.93686,38.11802],[-7.93394,38.12004],[-7.92272,38.12298],[-7.9194,38.12424],[-7.91347,38.12475],[-7.90599,38.13058],[-7.90288,38.13207],[-7.89914,38.13262],[-7.89388,38.13113],[-7.88387,38.12477],[-7.87904,38.12729],[-7.87473,38.13151],[-7.87137,38.13321],[-7.86423,38.13415],[-7.86341,38.13942],[-7.85902,38.147],[-7.85648,38.14881],[-7.85331,38.14978],[-7.84785,38.14975],[-7.83909,38.14691],[-7.83521,38.14842],[-7.83177,38.14852],[-7.82719,38.14679],[-7.82458,38.14334],[-7.8247,38.13632],[-7.82192,38.13416],[-7.82048,38.13012],[-7.82186,38.12446],[-7.81523,38.12034],[-7.81195,38.11753],[-7.80998,38.11479],[-7.80906,38.11188],[-7.8094,38.1091],[-7.81103,38.10659],[-7.81373,38.10475],[-7.81884,38.10378],[-7.82104,38.10408],[-7.8225,38.10043],[-7.8148,38.09798],[-7.81225,38.09624],[-7.8107,38.09386],[-7.81037,38.09117],[-7.81172,38.08791],[-7.80586,38.08168],[-7.80499,38.0788],[-7.80566,38.07585],[-7.80761,38.07349],[-7.80309,38.06753],[-7.79279,38.06511],[-7.7856,38.06413],[-7.78069,38.06657],[-7.77888,38.07288],[-7.77458,38.0793],[-7.77353,38.0817],[-7.77126,38.08391],[-7.76812,38.08528],[-7.76191,38.08654],[-7.75666,38.08814],[-7.75256,38.09045],[-7.74934,38.09402],[-7.74786,38.09665],[-7.74981,38.10517],[-7.74947,38.10986],[-7.74704,38.11345],[-7.74422,38.11503],[-7.74093,38.11569],[-7.73669,38.11785],[-7.73077,38.11906],[-7.72458,38.11819],[-7.72182,38.11865],[-7.71488,38.11811],[-7.71173,38.11715],[-7.70647,38.11421],[-7.70137,38.10837],[-7.69682,38.10673],[-7.6915,38.10256],[-7.68467,38.10006],[-7.67977,38.09885],[-7.67398,38.09312],[-7.67154,38.09223],[-7.66616,38.08788],[-7.65888,38.08713],[-7.65301,38.08407],[-7.64927,38.08087],[-7.64445,38.07801],[-7.63773,38.07224],[-7.63425,38.067],[-7.63386,38.06419],[-7.63583,38.06025],[-7.6402,38.05779],[-7.64743,38.05761],[-7.65175,38.05566],[-7.65213,38.05276],[-7.64827,38.04316],[-7.64606,38.0392],[-7.6443,38.03474],[-7.64325,38.02829],[-7.64377,38.02636],[-7.64225,38.01734],[-7.64173,38.00921],[-7.64188,38.00096],[-7.64153,37.99625],[-7.64205,37.99346],[-7.64416,37.99059],[-7.65024,37.98543],[-7.65198,37.9829],[-7.65468,37.981],[-7.66005,37.97936],[-7.66201,37.97814],[-7.66316,37.97346],[-7.66556,37.967],[-7.66845,37.96235],[-7.6714,37.95443],[-7.67558,37.94814],[-7.68134,37.94226],[-7.68163,37.93835],[-7.67807,37.93356],[-7.67654,37.93047],[-7.67098,37.92869],[-7.66774,37.92647],[-7.66185,37.92053],[-7.65511,37.91762],[-7.64664,37.9118],[-7.64327,37.90727],[-7.64348,37.90317],[-7.64519,37.90075],[-7.6479,37.89899],[-7.65152,37.89791],[-7.65479,37.89501],[-7.6554,37.89335],[-7.65543,37.88788],[-7.65256,37.88203],[-7.65164,37.87865],[-7.65116,37.8717],[-7.65024,37.86633],[-7.64899,37.86231],[-7.64853,37.85685],[-7.64762,37.85421],[-7.64758,37.85017],[-7.64837,37.84355],[-7.64779,37.83341],[-7.64685,37.83117],[-7.64611,37.82157],[-7.64454,37.81905],[-7.63963,37.81525],[-7.63639,37.81401],[-7.63405,37.81172],[-7.6331,37.80885],[-7.63309,37.80508],[-7.63646,37.79886],[-7.64047,37.7941],[-7.64175,37.79056],[-7.64293,37.78239],[-7.64348,37.76944],[-7.64537,37.76491],[-7.64817,37.76078],[-7.64945,37.75762],[-7.64874,37.75408],[-7.63949,37.74605],[-7.63655,37.74613],[-7.62798,37.74942],[-7.62506,37.75167],[-7.62156,37.75267],[-7.61586,37.75258],[-7.61136,37.75424],[-7.60347,37.7584],[-7.60075,37.7589],[-7.59632,37.76319],[-7.59096,37.76573],[-7.58819,37.76624],[-7.58477,37.77145],[-7.58212,37.77328],[-7.57884,37.77419],[-7.57377,37.7736],[-7.5708,37.7718],[-7.56649,37.77162],[-7.56309,37.77058],[-7.56026,37.76819],[-7.55342,37.76725],[-7.55061,37.76591],[-7.54866,37.7639],[-7.5448,37.76347],[-7.53997,37.76216],[-7.53554,37.76234],[-7.53153,37.76506],[-7.52956,37.76779],[-7.52686,37.77],[-7.52372,37.77125],[-7.52025,37.77148],[-7.51582,37.77013],[-7.51221,37.77027],[-7.50496,37.76851],[-7.49728,37.76885],[-7.49404,37.768],[-7.49146,37.76623],[-7.48902,37.76168],[-7.48477,37.75857],[-7.48055,37.75792],[-7.47682,37.75597],[-7.47332,37.75572],[-7.46689,37.75399],[-7.4588,37.751],[-7.45573,37.74673],[-7.45287,37.74441],[-7.44745,37.74125],[-7.44231,37.74127],[-7.43555,37.74295],[-7.43249,37.7429],[-7.42761,37.74176],[-7.42005,37.7435],[-7.41838,37.7469],[-7.42017,37.75317],[-7.41844,37.75703],[-7.41348,37.75988],[-7.40958,37.76323],[-7.40649,37.76476],[-7.40293,37.76523],[-7.39857,37.76422],[-7.39596,37.76493],[-7.39161,37.77068],[-7.38793,37.7731],[-7.38238,37.77524],[-7.38006,37.78043],[-7.37669,37.78365],[-7.37083,37.78579],[-7.36866,37.78758],[-7.36537,37.79195],[-7.36105,37.79355],[-7.35759,37.79756],[-7.35491,37.79955],[-7.34923,37.80237],[-7.34536,37.80564],[-7.34161,37.8068],[-7.3375,37.8101],[-7.33269,37.81267],[-7.32754,37.81403],[-7.32449,37.81568],[-7.32154,37.8188],[-7.32044,37.82539],[-7.3254,37.83955],[-7.33218,37.85811],[-7.33672,37.87257],[-7.3497,37.90958],[-7.34938,37.9123],[-7.34783,37.91476],[-7.34274,37.91752],[-7.34302,37.92381],[-7.3469,37.93169],[-7.35137,37.93346],[-7.35659,37.93802],[-7.35843,37.9406],[-7.35943,37.94733],[-7.36244,37.95736],[-7.36221,37.96001],[-7.36031,37.96331],[-7.35807,37.96513],[-7.35399,37.96683],[-7.35014,37.97064],[-7.34778,37.97414],[-7.34358,37.97779],[-7.33972,37.98337],[-7.34217,37.98938],[-7.34226,37.99128],[-7.34506,37.99886],[-7.35081,38.00308],[-7.35316,38.00594],[-7.3544,38.00884],[-7.35881,38.01265],[-7.36006,38.01516],[-7.36089,38.01973],[-7.36039,38.02245],[-7.35509,38.03007],[-7.35143,38.03448],[-7.34446,38.04088],[-7.34883,38.04255],[-7.35191,38.04561],[-7.35259,38.04821],[-7.35271,38.06161],[-7.35029,38.0654],[-7.3459,38.06909],[-7.33867,38.07591],[-7.33707,38.0783],[-7.32876,38.085],[-7.32585,38.08864],[-7.31892,38.09294],[-7.31352,38.09359],[-7.31012,38.09257],[-7.30535,38.08933],[-7.30233,38.08571],[-7.29762,38.08984],[-7.29251,38.09265],[-7.28713,38.09324],[-7.28235,38.09129],[-7.27992,38.08759],[-7.27361,38.08664],[-7.27082,38.0855],[-7.26714,38.08264],[-7.26459,38.08219],[-7.26132,38.0804],[-7.25557,38.07563],[-7.2547,38.07431],[-7.25276,38.06673],[-7.24721,38.06711],[-7.24211,38.07048],[-7.23691,38.07144],[-7.23016,38.07059],[-7.21977,38.06625],[-7.21519,38.06566],[-7.20986,38.06335],[-7.20763,38.06144],[-7.20628,38.05867],[-7.207,38.05449],[-7.21122,38.05091],[-7.21241,38.04809],[-7.21503,38.0452],[-7.21871,38.03976],[-7.2216,38.03816],[-7.22605,38.0375],[-7.22315,38.03297],[-7.21879,38.0316],[-7.21326,38.03182],[-7.20577,38.02984],[-7.20151,38.02679],[-7.19764,38.02507],[-7.19553,38.02278],[-7.19285,38.01588],[-7.19187,38.01159],[-7.18767,38.007],[-7.18703,38.00311],[-7.18326,37.99709],[-7.17938,37.99697],[-7.17644,37.99587],[-7.17377,37.99348],[-7.16895,37.99441],[-7.15623,37.99399],[-7.14883,37.99939],[-7.14574,38.00058],[-7.14234,38.00078],[-7.13689,37.99924],[-7.13295,38.00004],[-7.12552,38.00363],[-7.12098,38.00542],[-7.12605,38.00957],[-7.12776,38.01199],[-7.12844,38.01609],[-7.12754,38.02072],[-7.12571,38.02333],[-7.12381,38.02765],[-7.12148,38.02971],[-7.11641,38.03191],[-7.11377,38.03494],[-7.11106,38.03626],[-7.10784,38.03918],[-7.101,38.04188],[-7.0972,38.04195],[-7.09374,38.04077],[-7.09046,38.03845],[-7.08666,38.03754],[-7.07739,38.03358],[-7.07541,38.03239],[-7.06969,38.03097],[-7.06529,38.02616],[-7.06345,38.01989],[-7.05965,38.0176],[-7.05688,38.0183],[-7.05244,38.01837],[-7.04954,38.0175],[-7.04472,38.01433],[-7.04071,38.01698],[-7.0385,38.01749],[-7.02994,38.0226],[-7.02624,38.02365],[-7.02143,38.02322],[-7.01611,38.02153],[-7.00772,38.02106],[-7.0026,38.02274],[-7.00232,38.03024],[-6.99928,38.03506],[-7.00218,38.04317],[-7.00031,38.0487],[-6.99764,38.05095],[-6.99247,38.05342],[-6.99025,38.05547],[-6.98998,38.05868],[-6.99065,38.06346],[-6.99061,38.06825],[-6.98775,38.07467],[-6.98958,38.08495],[-6.98998,38.09059],[-6.98923,38.09703],[-6.98762,38.10002],[-6.98493,38.10209],[-6.97887,38.10425],[-6.9757,38.10434],[-6.97425,38.10766],[-6.97099,38.11065],[-6.97184,38.11381],[-6.97093,38.11789],[-6.96795,38.1227],[-6.96754,38.12495],[-6.96408,38.13025],[-6.95926,38.13385],[-6.95763,38.13806],[-6.95909,38.14054],[-6.95923,38.14338],[-6.9575,38.14825],[-6.95308,38.15176],[-6.95293,38.15407],[-6.95701,38.15605],[-6.96115,38.15665],[-6.96428,38.15794],[-6.96718,38.16141],[-6.9675,38.16423],[-6.96446,38.16983],[-6.96146,38.17692],[-6.95562,38.18431],[-6.95198,38.18753],[-6.94901,38.18884],[-6.94714,38.19068],[-6.94175,38.19397],[-6.93811,38.19836],[-6.93421,38.20174],[-6.93191,38.20845],[-6.9364,38.21178],[-6.9373,38.21465],[-6.93623,38.22039],[-6.94414,38.21775],[-6.95117,38.21775],[-6.95704,38.21655],[-6.95865,38.21444],[-6.96632,38.20808],[-6.96951,38.20681],[-6.97303,38.2066],[-6.97636,38.20747],[-6.98034,38.21113],[-6.98332,38.21123],[-6.99031,38.2066],[-6.99479,38.20447],[-6.99817,38.2036],[-7.0023,38.20369],[-7.00787,38.20503],[-7.01119,38.2046],[-7.01267,38.20109],[-7.01759,38.19592],[-7.01836,38.19171],[-7.02308,38.18619],[-7.02777,38.18387],[-7.03144,38.18371],[-7.03486,38.18471],[-7.03727,38.18635],[-7.04354,38.1871],[-7.0463,38.18534],[-7.04972,38.18436],[-7.05331,38.18451],[-7.05797,38.18662],[-7.06688,38.18575],[-7.067,38.18268],[-7.06829,38.18018],[-7.07063,38.1782],[-7.07855,38.17499],[-7.08415,38.175],[-7.08736,38.17649],[-7.08936,38.17846],[-7.09638,38.17964],[-7.09934,38.18111],[-7.10135,38.18338],[-7.1032,38.18713],[-7.1059,38.18903],[-7.10757,38.19268],[-7.10993,38.19544],[-7.1129,38.20283],[-7.11335,38.20665],[-7.11684,38.21054],[-7.11744,38.2138],[-7.12231,38.21853],[-7.12432,38.22215],[-7.12916,38.22872],[-7.13125,38.23055],[-7.13885,38.23568],[-7.14232,38.24013],[-7.14381,38.24612],[-7.14421,38.25193],[-7.14286,38.25554],[-7.14391,38.25899],[-7.14335,38.26187],[-7.14674,38.26594],[-7.14714,38.26893],[-7.15033,38.27279],[-7.15187,38.27625],[-7.15593,38.27894],[-7.1616,38.28012],[-7.16655,38.28249],[-7.1688,38.28483],[-7.17251,38.28621],[-7.17556,38.28873],[-7.17852,38.29272],[-7.18249,38.29614],[-7.18701,38.30234],[-7.18777,38.3041],[-7.19169,38.30893],[-7.19799,38.31918],[-7.19988,38.32299],[-7.20073,38.32688],[-7.20193,38.3287],[-7.2137,38.34003],[-7.21983,38.34331],[-7.23153,38.35596],[-7.24595,38.3677],[-7.25076,38.37283],[-7.25575,38.37943],[-7.25941,38.38227],[-7.26791,38.39114],[-7.27248,38.39717],[-7.27418,38.40034],[-7.27564,38.40518],[-7.27806,38.40964],[-7.28024,38.41578],[-7.28058,38.42027],[-7.28564,38.42373],[-7.28902,38.42471],[-7.29427,38.42838],[-7.30006,38.42916],[-7.30366,38.43206],[-7.30692,38.43272],[-7.31343,38.437],[-7.31664,38.43982],[-7.32226,38.44018],[-7.32956,38.43879],[-7.33308,38.4393],[-7.33716,38.44196],[-7.33862,38.446],[-7.33793,38.44872],[-7.34105,38.45364],[-7.34158,38.45621],[-7.34068,38.46902],[-7.34458,38.47157],[-7.34719,38.47517],[-7.34729,38.47799],[-7.34441,38.48769],[-7.34632,38.49202],[-7.349,38.49362],[-7.35511,38.49908],[-7.36539,38.50921],[-7.3685,38.51017],[-7.37092,38.51188],[-7.3724,38.51415],[-7.37737,38.51648],[-7.38341,38.52449],[-7.38572,38.52892],[-7.38583,38.53268],[-7.3933,38.53989],[-7.39449,38.54252],[-7.39431,38.54533],[-7.39091,38.55072],[-7.39341,38.5551],[-7.39298,38.55789],[-7.39124,38.56037],[-7.3841,38.56478],[-7.38763,38.57041],[-7.38827,38.57329],[-7.38739,38.57616],[-7.38391,38.57943],[-7.3817,38.58435],[-7.37687,38.58761],[-7.3716,38.58824],[-7.36518,38.58663],[-7.36477,38.58937],[-7.36213,38.59509],[-7.35975,38.59828],[-7.35495,38.60084],[-7.35127,38.6012],[-7.34774,38.60037],[-7.3447,38.59854],[-7.33675,38.5907],[-7.33529,38.58781],[-7.33035,38.58442],[-7.32794,38.58134],[-7.32217,38.57982],[-7.31895,38.57837],[-7.31542,38.57477],[-7.31106,38.57397],[-7.30698,38.57122],[-7.30565,38.56709],[-7.30632,38.56435],[-7.30509,38.56193],[-7.30226,38.56059],[-7.29895,38.55624],[-7.29717,38.55059],[-7.29202,38.55506],[-7.29059,38.55689],[-7.28686,38.56479],[-7.28598,38.57131],[-7.28257,38.57454],[-7.27532,38.57608],[-7.27384,38.57719],[-7.26876,38.58497],[-7.26391,38.58847],[-7.26371,38.59217],[-7.2608,38.59709],[-7.26038,38.60422],[-7.25834,38.60833],[-7.25721,38.61207],[-7.25478,38.61559],[-7.25227,38.61769],[-7.24631,38.62099],[-7.24464,38.62283],[-7.24413,38.62532],[-7.24671,38.62801],[-7.25118,38.62908],[-7.25598,38.628],[-7.26007,38.62774],[-7.26364,38.62857],[-7.26646,38.63047],[-7.26805,38.63312],[-7.26978,38.63886],[-7.26971,38.64376],[-7.26814,38.6488],[-7.26683,38.6564],[-7.26802,38.66403],[-7.26784,38.67163],[-7.26534,38.67763],[-7.2642,38.68373],[-7.26631,38.68895],[-7.26621,38.69221],[-7.26518,38.69539],[-7.2643,38.70377],[-7.26163,38.70867],[-7.25348,38.71748],[-7.25297,38.71981],[-7.25414,38.72188],[-7.25408,38.72585],[-7.25253,38.72825],[-7.24981,38.73036],[-7.23965,38.73609],[-7.2362,38.73679],[-7.22848,38.7367],[-7.2256,38.73752],[-7.21771,38.74311],[-7.21314,38.74499],[-7.20626,38.74962],[-7.20323,38.75096],[-7.20546,38.75275],[-7.21082,38.75525],[-7.21503,38.75946],[-7.21709,38.76414],[-7.22035,38.76497],[-7.22425,38.76712],[-7.23139,38.76623],[-7.23506,38.7663],[-7.24024,38.76814],[-7.24692,38.77389],[-7.24983,38.77309],[-7.25831,38.77314],[-7.26095,38.77398],[-7.26365,38.77341],[-7.26514,38.77049],[-7.26997,38.76613],[-7.27327,38.76451],[-7.2761,38.7577],[-7.27973,38.75363],[-7.28328,38.75132],[-7.28288,38.74799],[-7.28359,38.74544],[-7.28539,38.74323],[-7.29134,38.73838],[-7.29452,38.73718],[-7.29802,38.737],[-7.30131,38.73785],[-7.31061,38.7428],[-7.31533,38.7425],[-7.32369,38.73969],[-7.32741,38.73944],[-7.33091,38.74038],[-7.33362,38.74234],[-7.33918,38.74852],[-7.34329,38.75381],[-7.3492,38.74982],[-7.35714,38.74729],[-7.36064,38.74762],[-7.3649,38.74998],[-7.36973,38.75814],[-7.37288,38.76198],[-7.37411,38.76565],[-7.37374,38.77005],[-7.3684,38.77669],[-7.36838,38.77938],[-7.3733,38.78363],[-7.37612,38.78794],[-7.37614,38.7922],[-7.37441,38.79475],[-7.36672,38.79976],[-7.3634,38.80062],[-7.35994,38.80045],[-7.355,38.79788],[-7.34709,38.79812],[-7.34343,38.79937],[-7.33425,38.80334],[-7.33015,38.80361],[-7.3263,38.80465],[-7.32497,38.8063],[-7.31907,38.80951],[-7.31933,38.81325],[-7.32219,38.81724],[-7.3228,38.81991],[-7.32052,38.82524],[-7.31787,38.82731],[-7.31012,38.82906],[-7.3065,38.83057],[-7.30067,38.83501],[-7.29738,38.83618],[-7.29381,38.83628],[-7.29049,38.83531],[-7.28308,38.82987],[-7.28081,38.82768],[-7.2792,38.82794],[-7.27499,38.83226],[-7.27059,38.83555],[-7.26624,38.83721],[-7.25971,38.8374],[-7.2589,38.84079],[-7.25923,38.84383],[-7.25728,38.84962],[-7.25819,38.85915],[-7.25737,38.86165],[-7.25704,38.86705],[-7.2581,38.86929],[-7.26319,38.87481],[-7.26453,38.87707],[-7.26653,38.88372],[-7.26613,38.88635],[-7.26383,38.89186],[-7.26151,38.89559],[-7.25778,38.9],[-7.25573,38.9062],[-7.25652,38.90861],[-7.259,38.91072],[-7.26225,38.91732],[-7.26618,38.92117],[-7.27073,38.92388],[-7.27282,38.92714],[-7.27548,38.92979],[-7.27749,38.93066],[-7.28082,38.93365],[-7.28163,38.93625],[-7.28117,38.93893],[-7.27619,38.94451],[-7.27695,38.9485],[-7.27893,38.95049],[-7.28069,38.95444],[-7.28741,38.96193],[-7.28969,38.96509],[-7.29514,38.96684],[-7.29903,38.96673],[-7.30469,38.96854],[-7.30758,38.97079],[-7.3131,38.97389],[-7.31894,38.97974],[-7.32623,38.9846],[-7.32806,38.98645],[-7.33452,38.99087],[-7.33931,38.99523],[-7.3413,38.9961],[-7.34436,38.99227],[-7.35257,38.97962],[-7.35882,38.97082],[-7.36178,38.96935],[-7.36569,38.96883],[-7.37162,38.96407],[-7.37288,38.9618],[-7.37549,38.95969],[-7.38079,38.95838],[-7.3844,38.95897],[-7.3874,38.96063],[-7.3945,38.96806],[-7.39786,38.97043],[-7.39762,38.96331],[-7.39855,38.96061],[-7.40069,38.95836],[-7.40374,38.9569],[-7.40724,38.95643],[-7.41067,38.95703],[-7.42111,38.96315],[-7.42595,38.96222],[-7.43354,38.95982],[-7.44057,38.96078],[-7.44416,38.96299],[-7.44599,38.96507],[-7.44808,38.96568],[-7.45282,38.96303],[-7.45632,38.95992],[-7.45942,38.95849],[-7.46357,38.95491],[-7.46296,38.95125],[-7.46303,38.94613],[-7.46692,38.93872],[-7.46926,38.93635],[-7.4726,38.9349],[-7.47637,38.93461],[-7.47994,38.93554],[-7.48306,38.93719],[-7.48564,38.94052],[-7.49756,38.94586],[-7.50021,38.94788],[-7.50427,38.94737],[-7.50791,38.94805],[-7.51429,38.94665],[-7.53686,38.94805],[-7.55019,38.94939],[-7.55468,38.951],[-7.55847,38.95095],[-7.56464,38.95245],[-7.5753,38.95332],[-7.58069,38.95404],[-7.59224,38.95431],[-7.59706,38.9564],[-7.60429,38.95378],[-7.61098,38.94838],[-7.61664,38.94555],[-7.61995,38.94307],[-7.62125,38.93829],[-7.62339,38.93616],[-7.62897,38.9343],[-7.63409,38.9294],[-7.6343,38.9265],[-7.63584,38.92399],[-7.64204,38.91731],[-7.64673,38.91514],[-7.65035,38.91503],[-7.65371,38.91602],[-7.66608,38.9221],[-7.67483,38.925],[-7.68335,38.9293],[-7.68882,38.92381],[-7.69196,38.92221],[-7.69651,38.91762],[-7.70146,38.91579],[-7.7051,38.91594],[-7.70834,38.9172],[-7.7136,38.92042],[-7.7229,38.92914],[-7.73285,38.93913],[-7.73478,38.93687],[-7.73551,38.93396],[-7.74114,38.92653],[-7.74239,38.91927],[-7.74415,38.91628],[-7.75212,38.90832],[-7.75746,38.90543],[-7.76844,38.90223],[-7.77363,38.9028],[-7.77606,38.90402],[-7.7855,38.90707],[-7.78627,38.90333],[-7.78801,38.90091],[-7.79076,38.89915],[-7.79589,38.89828],[-7.80426,38.8993],[-7.80842,38.89877],[-7.82031,38.89926],[-7.82346,38.9],[-7.82748,38.90226],[-7.83172,38.90193],[-7.83884,38.90262],[-7.84121,38.90243],[-7.84734,38.90339],[-7.8514,38.90331],[-7.85622,38.90537],[-7.86029,38.90634],[-7.86456,38.9089],[-7.86977,38.90992],[-7.87286,38.91136],[-7.87497,38.91363],[-7.87578,38.91639],[-7.87602,38.92318],[-7.87704,38.92634],[-7.87967,38.92641],[-7.88357,38.92776],[-7.88627,38.92742],[-7.89077,38.92834],[-7.89206,38.92518],[-7.89103,38.92008],[-7.89204,38.91722],[-7.89693,38.91094],[-7.90597,38.90609],[-7.91575,38.90447],[-7.92513,38.90582],[-7.92743,38.89918],[-7.93001,38.89685],[-7.9387,38.8944],[-7.94262,38.89039],[-7.94791,38.88898],[-7.95508,38.89032],[-7.95767,38.88967],[-7.95915,38.88756],[-7.95613,38.87902],[-7.95256,38.87545],[-7.95212,38.87261],[-7.95313,38.86983],[-7.95695,38.86672],[-7.96045,38.86583],[-7.96614,38.86653],[-7.96969,38.86476],[-7.97159,38.86289],[-7.97185,38.85896],[-7.97364,38.85556],[-7.97974,38.85054],[-7.97982,38.84681],[-7.97871,38.84138],[-7.97866,38.83569],[-7.97292,38.83428],[-7.96156,38.83495],[-7.95664,38.83324],[-7.95396,38.83068],[-7.94995,38.82923],[-7.94701,38.82909],[-7.93937,38.83173],[-7.93752,38.83464],[-7.92915,38.84013],[-7.92585,38.84077],[-7.9225,38.84044],[-7.91782,38.83863],[-7.91561,38.83664],[-7.91439,38.8328],[-7.91501,38.83006],[-7.91365,38.82659],[-7.91391,38.821],[-7.91291,38.81975],[-7.90797,38.81908],[-7.90526,38.81932],[-7.89723,38.81805],[-7.89302,38.81583],[-7.89139,38.81348],[-7.89127,38.80945],[-7.89312,38.80381],[-7.88952,38.80067],[-7.88907,38.79585],[-7.88218,38.79082],[-7.87834,38.79137],[-7.87495,38.79077],[-7.87212,38.7892],[-7.87027,38.7869],[-7.86986,38.78283],[-7.87146,38.7794],[-7.86964,38.77545],[-7.86608,38.77685],[-7.86231,38.77739],[-7.85924,38.78051],[-7.85678,38.78421],[-7.85321,38.79212],[-7.849,38.79509],[-7.84533,38.79575],[-7.84044,38.79573],[-7.83175,38.79432],[-7.82237,38.78975],[-7.81567,38.78471],[-7.8102,38.78439],[-7.80537,38.78187],[-7.80319,38.77948],[-7.80066,38.77427],[-7.79869,38.77167],[-7.79865,38.76749],[-7.8003,38.76497],[-7.8036,38.76189],[-7.80367,38.75852],[-7.80479,38.75605],[-7.80865,38.75126],[-7.80319,38.74847],[-7.80137,38.74626],[-7.80084,38.74127],[-7.80214,38.73864],[-7.80938,38.73337],[-7.81468,38.73176],[-7.81841,38.7322],[-7.82392,38.73455],[-7.82662,38.73421],[-7.83226,38.73572],[-7.83923,38.73405],[-7.85062,38.73406],[-7.85746,38.73608],[-7.86686,38.73961],[-7.87088,38.73611],[-7.87418,38.73464],[-7.88119,38.73305],[-7.88667,38.7336],[-7.89068,38.73653],[-7.89177,38.73932],[-7.89154,38.74256],[-7.89528,38.74619],[-7.89777,38.75712],[-7.90458,38.75605],[-7.91024,38.75357],[-7.91355,38.75073],[-7.91246,38.74617],[-7.9128,38.74242],[-7.91406,38.73986],[-7.91643,38.73782],[-7.91957,38.73661],[-7.92303,38.73639],[-7.92785,38.7374],[-7.93633,38.72921],[-7.93667,38.72602],[-7.93839,38.72327],[-7.94352,38.71711],[-7.94464,38.71413],[-7.95029,38.70851],[-7.94996,38.70521],[-7.95125,38.70251],[-7.95537,38.69965],[-7.95893,38.69899],[-7.96841,38.70008],[-7.97534,38.68939],[-7.98004,38.68685],[-7.98773,38.68662],[-7.99161,38.68551],[-7.99583,38.6854],[-7.99911,38.68603],[-8.00288,38.68862],[-8.00474,38.6919],[-8.01148,38.689],[-8.01339,38.68691],[-8.01648,38.68511],[-8.02209,38.68456],[-8.02708,38.68655],[-8.03395,38.68786],[-8.03776,38.68967],[-8.04188,38.68855],[-8.04591,38.68875],[-8.04801,38.68713],[-8.0533,38.68576],[-8.05694,38.68632],[-8.06337,38.68967],[-8.06843,38.69166],[-8.07081,38.69375],[-8.072,38.69766],[-8.07548,38.70191],[-8.0765,38.70823],[-8.08123,38.70752],[-8.0876,38.7055],[-8.09093,38.7054],[-8.09542,38.70698],[-8.1004,38.71185],[-8.1022,38.71703],[-8.10054,38.72164],[-8.10403,38.72481],[-8.11297,38.72987],[-8.11729,38.7334],[-8.1211,38.73779],[-8.12981,38.74392],[-8.14,38.74842],[-8.14352,38.75288],[-8.14303,38.75826],[-8.14511,38.76581],[-8.14631,38.76732],[-8.1512,38.77066],[-8.15266,38.77336],[-8.15975,38.77618],[-8.16334,38.77664],[-8.16641,38.77803],[-8.16989,38.78066],[-8.17368,38.78201],[-8.17813,38.78575],[-8.18378,38.78259],[-8.18905,38.78051],[-8.20351,38.77915],[-8.21141,38.78073],[-8.21374,38.77791],[-8.21584,38.77331],[-8.22101,38.76884],[-8.22291,38.76587],[-8.22453,38.75933],[-8.22423,38.75564],[-8.22575,38.75167],[-8.22803,38.74963],[-8.23395,38.74615],[-8.23691,38.74304],[-8.23976,38.74153],[-8.24308,38.74094],[-8.24642,38.74132],[-8.25316,38.74385],[-8.25268,38.73954],[-8.2532,38.73588],[-8.25695,38.72725],[-8.26101,38.72328],[-8.26391,38.71893],[-8.26761,38.71721],[-8.27058,38.71232],[-8.27665,38.70703],[-8.2795,38.70562],[-8.28278,38.7051],[-8.28679,38.70574],[-8.28849,38.70187],[-8.28725,38.6979],[-8.285,38.69361],[-8.28548,38.69087],[-8.29328,38.68289],[-8.29933,38.68061],[-8.30354,38.68055],[-8.30752,38.67884],[-8.31111,38.67857],[-8.32443,38.68063],[-8.32707,38.68177],[-8.33145,38.68195],[-8.33837,38.68402],[-8.34157,38.68398],[-8.34475,38.68263],[-8.3481,38.68235],[-8.35131,38.68304],[-8.3551,38.6853],[-8.35679,38.68731],[-8.362,38.68996],[-8.36462,38.69313],[-8.37032,38.69674],[-8.37296,38.69784],[-8.37808,38.70225],[-8.38511,38.70532],[-8.38663,38.70424],[-8.38422,38.70203],[-8.38157,38.69755],[-8.381,38.69492],[-8.38209,38.69005],[-8.37892,38.68392],[-8.37948,38.68004],[-8.38163,38.67711],[-8.38319,38.67242],[-8.38024,38.66494],[-8.38038,38.66109],[-8.3818,38.65853],[-8.38433,38.65655],[-8.38935,38.65529],[-8.39151,38.65545],[-8.39629,38.64946],[-8.39823,38.64577],[-8.39902,38.6387],[-8.40076,38.63607],[-8.40366,38.63418],[-8.41036,38.63269],[-8.40277,38.62952],[-8.39886,38.62664],[-8.39368,38.61825],[-8.39352,38.61192],[-8.39139,38.60793],[-8.3892,38.60527],[-8.38625,38.59924],[-8.38402,38.59273],[-8.38388,38.59016],[-8.38075,38.58195],[-8.37896,38.57939],[-8.37452,38.56837],[-8.37392,38.56506],[-8.37503,38.56026],[-8.37399,38.55794],[-8.36871,38.55294],[-8.36608,38.55469],[-8.35548,38.55688],[-8.35255,38.55684],[-8.34656,38.55978],[-8.34379,38.56034],[-8.34149,38.56296],[-8.34077,38.56535],[-8.34348,38.57094],[-8.34361,38.57352],[-8.34167,38.58183],[-8.33858,38.5872],[-8.33636,38.58964],[-8.33314,38.59134],[-8.31935,38.59381],[-8.31403,38.59258],[-8.31133,38.59555],[-8.30384,38.6003],[-8.30034,38.60123],[-8.29516,38.60173],[-8.29276,38.60293],[-8.29019,38.60621],[-8.28596,38.61031],[-8.28318,38.61218],[-8.27972,38.61307],[-8.27068,38.61275],[-8.26415,38.61179],[-8.25534,38.61156],[-8.25084,38.60963],[-8.24894,38.60736],[-8.24844,38.6033],[-8.24974,38.60072],[-8.25374,38.59777],[-8.25786,38.59643],[-8.26088,38.59331],[-8.26131,38.591],[-8.25312,38.58635],[-8.25041,38.58328],[-8.24439,38.58174],[-8.24209,38.57953],[-8.2411,38.57677],[-8.24157,38.57389],[-8.24342,38.57136],[-8.24888,38.56891],[-8.24607,38.56646],[-8.24474,38.56223],[-8.24555,38.55794],[-8.24475,38.55347],[-8.24734,38.54958],[-8.25103,38.54682],[-8.25297,38.54439],[-8.25759,38.54219],[-8.25729,38.53566],[-8.26092,38.52873],[-8.25998,38.52673],[-8.25481,38.53061],[-8.25167,38.53195],[-8.24585,38.53327],[-8.2424,38.53307],[-8.23933,38.53187],[-8.23635,38.5286],[-8.23631,38.52395],[-8.23386,38.5211],[-8.23219,38.51576],[-8.2322,38.51318],[-8.23504,38.50631],[-8.23145,38.50441],[-8.22929,38.50204],[-8.22854,38.49915],[-8.23017,38.49232],[-8.22884,38.48615],[-8.22699,38.47344],[-8.22243,38.47526],[-8.21449,38.47646],[-8.20856,38.47475],[-8.185,38.47797],[-8.18148,38.47736],[-8.1775,38.47456],[-8.17632,38.47188],[-8.17656,38.46901],[-8.17826,38.46578],[-8.17607,38.4636],[-8.16525,38.46624],[-8.16239,38.4664],[-8.15422,38.46818],[-8.15013,38.47125],[-8.14275,38.47547],[-8.13917,38.47619],[-8.13556,38.47575],[-8.13196,38.47379],[-8.12953,38.47414],[-8.12439,38.47302],[-8.12102,38.46979],[-8.1186,38.46207],[-8.11857,38.45937],[-8.11465,38.45543],[-8.11341,38.45283],[-8.11154,38.44092],[-8.10507,38.44098],[-8.10194,38.4401],[-8.09945,38.43838],[-8.09793,38.43604],[-8.09709,38.43071],[-8.09719,38.42673],[-8.09846,38.42412],[-8.10238,38.42134],[-8.10597,38.42044],[-8.10307,38.41454],[-8.0982,38.40918],[-8.09612,38.40092],[-8.09323,38.39489],[-8.07495,38.3955],[-8.06566,38.39453],[-8.06135,38.39212],[-8.05894,38.388],[-8.0591,38.3842],[-8.06041,38.3818],[-8.06105,38.37766],[-8.06322,38.3744],[-8.06488,38.37041],[-8.06477,38.36714],[-8.05694,38.36766],[-8.05209,38.37178],[-8.04845,38.37681],[-8.04338,38.38073],[-8.03818,38.38239],[-8.03432,38.38449],[-8.03005,38.38603],[-8.02539,38.38678],[-8.02374,38.38832],[-8.01945,38.38997],[-8.01578,38.39314],[-8.01105,38.39561],[-8.00882,38.39793],[-8.00179,38.40186],[-7.9977,38.40275],[-7.98927,38.40122],[-7.98506,38.40114],[-7.98028,38.40223],[-7.97094,38.40892],[-7.9676,38.41],[-7.96046,38.41045],[-7.95694,38.41131],[-7.95273,38.41116],[-7.94613,38.41217],[-7.94126,38.41204],[-7.93564,38.41044],[-7.93078,38.40663],[-7.92938,38.40396],[-7.92944,38.40104],[-7.93096,38.39597],[-7.93318,38.39163],[-7.9274,38.38837],[-7.92449,38.3847],[-7.92484,38.38031],[-7.92687,38.3778],[-7.93062,38.37492],[-7.93386,38.37377],[-7.93928,38.37345],[-7.9404,38.36793],[-7.9401,38.36473],[-7.94075,38.36143],[-7.94262,38.35882],[-7.94679,38.35657],[-7.94398,38.35467],[-7.94119,38.35133],[-7.93543,38.35411],[-7.93157,38.35515],[-7.9227,38.35599],[-7.91788,38.35826],[-7.90934,38.36066],[-7.90684,38.36245],[-7.90445,38.36609],[-7.90123,38.36786],[-7.89332,38.37034],[-7.88963,38.37032],[-7.88493,38.36818],[-7.88235,38.36499],[-7.88014,38.36023],[-7.87713,38.36185]]],[[[-7.59382,39.45473],[-7.5955,39.45252],[-7.60025,39.45013],[-7.604,39.44992],[-7.60869,39.45157],[-7.61381,39.45023],[-7.62018,39.44952],[-7.62704,39.44776],[-7.63913,39.44553],[-7.64475,39.44334],[-7.65418,39.44201],[-7.65611,39.44127],[-7.65886,39.43758],[-7.65534,39.43387],[-7.65272,39.43207],[-7.65116,39.42948],[-7.65148,39.42345],[-7.64999,39.42147],[-7.64996,39.41647],[-7.64599,39.40811],[-7.64277,39.40277],[-7.64077,39.40081],[-7.63687,39.39423],[-7.63243,39.38999],[-7.6311,39.38592],[-7.63322,39.37931],[-7.63539,39.37701],[-7.63851,39.37551],[-7.64209,39.37505],[-7.6456,39.37569],[-7.65097,39.37856],[-7.65619,39.37656],[-7.65984,39.37418],[-7.66264,39.36876],[-7.66501,39.36699],[-7.67283,39.36353],[-7.67852,39.35982],[-7.68141,39.35874],[-7.68595,39.35845],[-7.69074,39.35963],[-7.69398,39.35442],[-7.69541,39.34932],[-7.69268,39.34552],[-7.69272,39.34258],[-7.69493,39.33841],[-7.68684,39.3316],[-7.6854,39.32885],[-7.68552,39.32587],[-7.68676,39.32346],[-7.68728,39.31784],[-7.68241,39.31348],[-7.68166,39.30912],[-7.68422,39.30322],[-7.68467,39.29947],[-7.68683,39.29275],[-7.68993,39.28918],[-7.69045,39.28503],[-7.69166,39.28225],[-7.69096,39.27242],[-7.69327,39.26854],[-7.69579,39.26667],[-7.69898,39.26563],[-7.70435,39.26594],[-7.70661,39.26522],[-7.71403,39.26511],[-7.71512,39.26268],[-7.72031,39.25659],[-7.72357,39.25493],[-7.72915,39.2536],[-7.73389,39.25335],[-7.73586,39.25226],[-7.73967,39.24847],[-7.74916,39.24268],[-7.75277,39.24202],[-7.75716,39.23842],[-7.75983,39.23744],[-7.76697,39.23359],[-7.77209,39.2324],[-7.77467,39.23061],[-7.77166,39.22741],[-7.76311,39.22367],[-7.7606,39.22193],[-7.75749,39.22132],[-7.74966,39.21876],[-7.74518,39.21816],[-7.73516,39.21345],[-7.72929,39.21262],[-7.72589,39.21087],[-7.72017,39.20986],[-7.71612,39.20695],[-7.715,39.20418],[-7.71493,39.19881],[-7.70332,39.19695],[-7.69882,39.19682],[-7.68972,39.19555],[-7.68538,39.19328],[-7.68317,39.18939],[-7.67736,39.1844],[-7.67629,39.18186],[-7.67649,39.17918],[-7.6796,39.17272],[-7.67543,39.17145],[-7.67186,39.16828],[-7.67114,39.16634],[-7.66809,39.16355],[-7.66724,39.16083],[-7.66856,39.15676],[-7.67326,39.15222],[-7.67981,39.14926],[-7.6835,39.14892],[-7.68894,39.15054],[-7.69315,39.13409],[-7.69572,39.13068],[-7.69093,39.12516],[-7.68716,39.12469],[-7.68307,39.12311],[-7.6736,39.11816],[-7.67077,39.11599],[-7.66664,39.11779],[-7.66603,39.12251],[-7.66259,39.12564],[-7.65937,39.12987],[-7.6555,39.13359],[-7.65408,39.13672],[-7.65156,39.13939],[-7.64749,39.14196],[-7.64435,39.14287],[-7.6389,39.14234],[-7.63527,39.14534],[-7.63007,39.14776],[-7.62562,39.14889],[-7.62176,39.1487],[-7.61616,39.14616],[-7.60933,39.14734],[-7.60695,39.14831],[-7.59638,39.14941],[-7.59231,39.149],[-7.5897,39.14981],[-7.58608,39.15347],[-7.57944,39.1572],[-7.56865,39.15966],[-7.56371,39.15909],[-7.56123,39.16374],[-7.55846,39.16545],[-7.55334,39.16627],[-7.55,39.16553],[-7.5468,39.16361],[-7.5451,39.16109],[-7.5448,39.15823],[-7.54704,39.15428],[-7.54997,39.15249],[-7.55403,39.1515],[-7.55747,39.15181],[-7.55961,39.14771],[-7.56801,39.14315],[-7.56542,39.14191],[-7.55809,39.13628],[-7.55643,39.13207],[-7.55833,39.12755],[-7.5551,39.12349],[-7.55201,39.11749],[-7.5483,39.11127],[-7.54839,39.1083],[-7.54002,39.10004],[-7.53544,39.09488],[-7.53428,39.09087],[-7.53656,39.08653],[-7.53186,39.07854],[-7.53196,39.0746],[-7.5344,39.07089],[-7.53147,39.06383],[-7.52831,39.06239],[-7.52548,39.05962],[-7.51315,39.04471],[-7.51244,39.04223],[-7.51316,39.03704],[-7.5096,39.03806],[-7.50613,39.03807],[-7.50294,39.03707],[-7.50017,39.03517],[-7.49754,39.0347],[-7.48953,39.03537],[-7.4816,39.03456],[-7.47601,39.03615],[-7.47205,39.03554],[-7.46913,39.03627],[-7.46709,39.03786],[-7.4671,39.04727],[-7.46916,39.05093],[-7.46938,39.05962],[-7.47435,39.06136],[-7.47685,39.06338],[-7.47856,39.06646],[-7.4785,39.06923],[-7.47713,39.0718],[-7.47131,39.07704],[-7.46901,39.08118],[-7.4614,39.08748],[-7.45703,39.0904],[-7.45447,39.09282],[-7.45346,39.09661],[-7.4496,39.10008],[-7.45206,39.10385],[-7.45687,39.10721],[-7.45846,39.1099],[-7.45875,39.11272],[-7.45764,39.11543],[-7.45528,39.11762],[-7.45206,39.11896],[-7.44845,39.11923],[-7.44502,39.1184],[-7.44104,39.11608],[-7.4391,39.11331],[-7.43212,39.1104],[-7.42645,39.11362],[-7.42098,39.11376],[-7.41774,39.11245],[-7.41361,39.10751],[-7.40747,39.10274],[-7.39779,39.10542],[-7.39056,39.10492],[-7.38584,39.10282],[-7.37946,39.09542],[-7.37628,39.0936],[-7.37205,39.09255],[-7.36954,39.09883],[-7.36679,39.1014],[-7.3658,39.10417],[-7.36276,39.10733],[-7.3626,39.10964],[-7.36098,39.11243],[-7.35325,39.11901],[-7.35802,39.12467],[-7.36489,39.13066],[-7.37251,39.13592],[-7.3776,39.13893],[-7.38404,39.14416],[-7.38584,39.14675],[-7.38614,39.14971],[-7.38488,39.15254],[-7.38122,39.15738],[-7.3784,39.15919],[-7.37122,39.16196],[-7.36511,39.16297],[-7.35983,39.16166],[-7.35654,39.15819],[-7.35579,39.15457],[-7.35241,39.14755],[-7.34993,39.14597],[-7.34355,39.14495],[-7.33861,39.14515],[-7.33482,39.1443],[-7.32841,39.14067],[-7.32104,39.13849],[-7.31769,39.1386],[-7.31729,39.14173],[-7.31551,39.14417],[-7.31092,39.14648],[-7.30524,39.15089],[-7.29962,39.15262],[-7.29603,39.15292],[-7.2926,39.15212],[-7.28886,39.14918],[-7.2879,39.14708],[-7.28381,39.14466],[-7.28066,39.14127],[-7.2799,39.13832],[-7.2772,39.13371],[-7.27684,39.13199],[-7.2697,39.12977],[-7.25884,39.13427],[-7.2551,39.13455],[-7.25198,39.13392],[-7.25024,39.13723],[-7.2493,39.14214],[-7.24452,39.14704],[-7.23973,39.14854],[-7.23631,39.14832],[-7.23326,39.14712],[-7.23075,39.14509],[-7.22796,39.14453],[-7.22438,39.14265],[-7.21507,39.13963],[-7.21091,39.13581],[-7.20772,39.13404],[-7.20305,39.12941],[-7.19559,39.12886],[-7.18919,39.12774],[-7.17976,39.12545],[-7.17246,39.12611],[-7.16918,39.12575],[-7.16565,39.12409],[-7.16165,39.12407],[-7.15621,39.12326],[-7.1522,39.1217],[-7.14834,39.11926],[-7.14776,39.12299],[-7.14363,39.12787],[-7.14367,39.13063],[-7.14217,39.13393],[-7.14108,39.13902],[-7.13746,39.14197],[-7.13629,39.14505],[-7.13786,39.15],[-7.13767,39.15276],[-7.13337,39.1605],[-7.1323,39.1647],[-7.13463,39.17106],[-7.13624,39.17215],[-7.14022,39.17288],[-7.14515,39.17263],[-7.15052,39.17456],[-7.1567,39.17588],[-7.16409,39.18032],[-7.16772,39.18136],[-7.17145,39.18079],[-7.17723,39.18077],[-7.18171,39.18163],[-7.18791,39.18353],[-7.19337,39.18689],[-7.19538,39.18746],[-7.19884,39.1865],[-7.20698,39.18737],[-7.21061,39.18933],[-7.2149,39.1908],[-7.2213,39.1939],[-7.22537,39.19695],[-7.22801,39.20054],[-7.23125,39.20347],[-7.23839,39.20727],[-7.2409,39.21135],[-7.24025,39.21874],[-7.24443,39.22523],[-7.24505,39.22833],[-7.24461,39.23094],[-7.24205,39.2343],[-7.24178,39.24131],[-7.24631,39.24765],[-7.24755,39.25284],[-7.24616,39.25697],[-7.23834,39.26941],[-7.23155,39.27837],[-7.23362,39.2798],[-7.24042,39.28302],[-7.24348,39.28565],[-7.25166,39.29082],[-7.25694,39.29485],[-7.26753,39.30171],[-7.26954,39.30571],[-7.26919,39.30955],[-7.27252,39.31153],[-7.27447,39.31401],[-7.28278,39.32085],[-7.28619,39.3224],[-7.28891,39.32549],[-7.29299,39.32904],[-7.29881,39.33034],[-7.30431,39.33356],[-7.30826,39.33696],[-7.30978,39.33979],[-7.30956,39.34358],[-7.30641,39.35125],[-7.30648,39.35576],[-7.31065,39.36266],[-7.31103,39.36841],[-7.31228,39.37069],[-7.31541,39.37315],[-7.31746,39.37758],[-7.32019,39.38008],[-7.32142,39.38422],[-7.31941,39.38823],[-7.31414,39.39335],[-7.31294,39.39608],[-7.30741,39.40158],[-7.30698,39.40534],[-7.3054,39.40932],[-7.30239,39.41339],[-7.30162,39.41687],[-7.30238,39.42221],[-7.30444,39.42409],[-7.3075,39.42852],[-7.30802,39.43135],[-7.30576,39.4375],[-7.30593,39.44306],[-7.30498,39.44634],[-7.29479,39.4559],[-7.29665,39.45903],[-7.30058,39.46273],[-7.30515,39.46385],[-7.30856,39.4596],[-7.31137,39.45739],[-7.31629,39.45587],[-7.3215,39.45634],[-7.33056,39.45197],[-7.3341,39.45115],[-7.33792,39.44731],[-7.34088,39.44635],[-7.34541,39.43951],[-7.34635,39.43607],[-7.34944,39.43083],[-7.35212,39.42884],[-7.35738,39.42769],[-7.36093,39.42831],[-7.36733,39.4312],[-7.37187,39.43274],[-7.37476,39.43061],[-7.37898,39.4261],[-7.3834,39.42394],[-7.38686,39.42368],[-7.39017,39.42443],[-7.39325,39.42642],[-7.39827,39.42606],[-7.40163,39.42709],[-7.40419,39.42905],[-7.40627,39.43244],[-7.40955,39.43472],[-7.41109,39.43868],[-7.41039,39.44144],[-7.4084,39.4438],[-7.40417,39.44687],[-7.40391,39.44983],[-7.40573,39.45168],[-7.40699,39.45473],[-7.40773,39.45998],[-7.40646,39.46856],[-7.40704,39.47832],[-7.40612,39.48114],[-7.40385,39.48348],[-7.4006,39.48495],[-7.39383,39.48618],[-7.38922,39.49128],[-7.3861,39.49284],[-7.38016,39.4931],[-7.37802,39.4947],[-7.37842,39.49689],[-7.38469,39.50005],[-7.38933,39.50321],[-7.39683,39.49977],[-7.40206,39.49895],[-7.41012,39.50045],[-7.4153,39.50016],[-7.42009,39.50165],[-7.42314,39.50514],[-7.42835,39.50626],[-7.43142,39.50538],[-7.43998,39.50475],[-7.44058,39.50288],[-7.44426,39.49759],[-7.44799,39.49474],[-7.45279,39.49346],[-7.45614,39.49379],[-7.45963,39.49526],[-7.46358,39.49815],[-7.4654,39.50058],[-7.46875,39.50286],[-7.47045,39.50552],[-7.47008,39.50997],[-7.46873,39.51321],[-7.47535,39.51304],[-7.47945,39.51236],[-7.48727,39.51341],[-7.48933,39.50956],[-7.48893,39.50687],[-7.48999,39.50328],[-7.49345,39.49756],[-7.49835,39.49488],[-7.50389,39.49491],[-7.5162,39.49817],[-7.52033,39.50214],[-7.52529,39.50167],[-7.53508,39.49831],[-7.54153,39.49703],[-7.54569,39.49687],[-7.55177,39.49563],[-7.55488,39.4933],[-7.55977,39.49134],[-7.56343,39.49139],[-7.57145,39.49479],[-7.57167,39.48507],[-7.56938,39.48199],[-7.56711,39.47147],[-7.56985,39.46708],[-7.57255,39.46541],[-7.58078,39.46412],[-7.58123,39.4603],[-7.58255,39.4577],[-7.58504,39.45566],[-7.58831,39.45448],[-7.59382,39.45473]]]]}}]}