{"type":"FeatureCollection","features":[{"type":"Feature","properties":{"level":"region","regionId":"rioja","nameJa":"リオハ / エブロ川流域"},"geometry":{"type":"MultiPolygon","coordinates":[[[[-1.52303,42.07884],[-1.52122,42.08222],[-1.51667,42.08511],[-1.51265,42.08587],[-1.50766,42.09456],[-1.5071,42.09824],[-1.5055,42.10066],[-1.50143,42.10412],[-1.49752,42.11091],[-1.48846,42.1171],[-1.48491,42.12283],[-1.48452,42.12627],[-1.48556,42.13284],[-1.48818,42.13637],[-1.4907,42.13688],[-1.494,42.1355],[-1.50588,42.12805],[-1.50998,42.12698],[-1.51712,42.12614],[-1.52288,42.12377],[-1.53149,42.12358],[-1.5388,42.12054],[-1.54419,42.11971],[-1.54788,42.12043],[-1.55539,42.12318],[-1.56301,42.1243],[-1.56629,42.12594],[-1.5684,42.12844],[-1.56865,42.13284],[-1.56522,42.13678],[-1.56047,42.13873],[-1.55566,42.1435],[-1.54424,42.15375],[-1.54198,42.15484],[-1.53238,42.16439],[-1.52727,42.1785],[-1.52677,42.18454],[-1.52564,42.18727],[-1.52313,42.19829],[-1.52299,42.20485],[-1.52183,42.20874],[-1.52149,42.21346],[-1.52278,42.21627],[-1.52598,42.21948],[-1.52657,42.22254],[-1.52391,42.22721],[-1.51721,42.23208],[-1.51699,42.23758],[-1.51762,42.24298],[-1.51584,42.25193],[-1.51671,42.25833],[-1.5207,42.26052],[-1.52548,42.26235],[-1.53031,42.26314],[-1.53472,42.26565],[-1.53822,42.26972],[-1.54515,42.27093],[-1.55209,42.27342],[-1.55661,42.27215],[-1.56221,42.26387],[-1.5619,42.26163],[-1.55739,42.26009],[-1.55496,42.25837],[-1.55226,42.25419],[-1.55257,42.24985],[-1.55608,42.24516],[-1.55664,42.24258],[-1.55574,42.23761],[-1.55718,42.23512],[-1.55974,42.23319],[-1.56929,42.22957],[-1.57362,42.22681],[-1.57772,42.2254],[-1.58126,42.22514],[-1.58673,42.22669],[-1.59097,42.22956],[-1.59671,42.22748],[-1.6005,42.22772],[-1.61729,42.2337],[-1.63672,42.24676],[-1.64484,42.25095],[-1.64975,42.25416],[-1.65551,42.25652],[-1.67205,42.26129],[-1.67678,42.26301],[-1.68021,42.26634],[-1.6808,42.26913],[-1.68026,42.27571],[-1.67872,42.27824],[-1.67602,42.28017],[-1.6707,42.28133],[-1.66336,42.28037],[-1.63998,42.27438],[-1.63488,42.27097],[-1.62707,42.26079],[-1.61437,42.26092],[-1.6098,42.26286],[-1.6063,42.26357],[-1.59831,42.27159],[-1.58885,42.28245],[-1.59016,42.2859],[-1.58893,42.28968],[-1.58501,42.29415],[-1.58207,42.29612],[-1.5784,42.2972],[-1.57483,42.2998],[-1.5689,42.30133],[-1.55818,42.30478],[-1.54545,42.31152],[-1.5376,42.31739],[-1.53274,42.31887],[-1.53039,42.32156],[-1.5258,42.32383],[-1.52198,42.3265],[-1.51954,42.33063],[-1.51692,42.3329],[-1.5101,42.33725],[-1.50654,42.33875],[-1.50248,42.33903],[-1.49768,42.33808],[-1.49179,42.3397],[-1.4865,42.33863],[-1.48381,42.33676],[-1.48154,42.33348],[-1.47837,42.33228],[-1.47586,42.33025],[-1.47446,42.32627],[-1.47715,42.3209],[-1.46769,42.31395],[-1.46385,42.31225],[-1.45421,42.30944],[-1.44984,42.31087],[-1.43316,42.314],[-1.42937,42.31321],[-1.42143,42.30856],[-1.41893,42.30621],[-1.40975,42.30435],[-1.40169,42.29913],[-1.3978,42.29275],[-1.38364,42.30374],[-1.37515,42.3157],[-1.35885,42.3335],[-1.3521,42.33933],[-1.34218,42.34275],[-1.33762,42.34546],[-1.33535,42.3477],[-1.32929,42.3551],[-1.33017,42.35725],[-1.32984,42.36125],[-1.3328,42.36405],[-1.33411,42.36906],[-1.33665,42.37222],[-1.34174,42.37298],[-1.34969,42.37267],[-1.35442,42.37489],[-1.35626,42.37732],[-1.35671,42.3801],[-1.35494,42.38538],[-1.35002,42.39279],[-1.34801,42.40097],[-1.3432,42.40776],[-1.34171,42.41262],[-1.34075,42.41908],[-1.34068,42.4238],[-1.33677,42.42924],[-1.32776,42.43653],[-1.32381,42.44196],[-1.316,42.44837],[-1.30809,42.45211],[-1.30083,42.4541],[-1.29798,42.45415],[-1.29001,42.45731],[-1.28592,42.46178],[-1.28138,42.46455],[-1.28071,42.46827],[-1.27617,42.47552],[-1.27466,42.47968],[-1.27279,42.48214],[-1.27554,42.4905],[-1.27519,42.49566],[-1.27778,42.49747],[-1.28429,42.49994],[-1.28716,42.50362],[-1.28759,42.50862],[-1.28945,42.51167],[-1.28943,42.5144],[-1.28627,42.52528],[-1.28057,42.53294],[-1.27839,42.53507],[-1.27288,42.54327],[-1.27067,42.54898],[-1.26872,42.55142],[-1.26593,42.55319],[-1.26247,42.55408],[-1.25708,42.55352],[-1.25339,42.55174],[-1.24364,42.54852],[-1.24083,42.54792],[-1.23513,42.54476],[-1.23056,42.54282],[-1.22631,42.54227],[-1.21936,42.548],[-1.21277,42.5497],[-1.20288,42.54971],[-1.20106,42.55239],[-1.20393,42.55853],[-1.20452,42.56828],[-1.20258,42.57533],[-1.20035,42.57761],[-1.18515,42.58819],[-1.17614,42.59221],[-1.17267,42.59475],[-1.16724,42.59637],[-1.16171,42.59605],[-1.15813,42.59911],[-1.16118,42.60401],[-1.16028,42.60803],[-1.15724,42.61079],[-1.15684,42.61559],[-1.15735,42.6195],[-1.15613,42.62806],[-1.15429,42.63239],[-1.15487,42.63842],[-1.15434,42.64239],[-1.15261,42.64498],[-1.14965,42.64687],[-1.14294,42.64788],[-1.13479,42.64708],[-1.13056,42.64605],[-1.12043,42.645],[-1.10957,42.64519],[-1.10343,42.64605],[-1.10405,42.66567],[-1.0996,42.68536],[-1.09976,42.68729],[-1.10541,42.68723],[-1.11439,42.68899],[-1.11843,42.689],[-1.12971,42.69101],[-1.13844,42.69704],[-1.14251,42.69838],[-1.14966,42.70233],[-1.15427,42.70378],[-1.16149,42.70812],[-1.17143,42.71178],[-1.17785,42.7103],[-1.18587,42.71059],[-1.19361,42.71311],[-1.19722,42.71665],[-1.1977,42.71963],[-1.19643,42.7233],[-1.20109,42.72699],[-1.20238,42.73101],[-1.20093,42.73595],[-1.20419,42.74192],[-1.20444,42.74483],[-1.20311,42.74759],[-1.19815,42.75337],[-1.19497,42.75507],[-1.18921,42.75561],[-1.1856,42.75455],[-1.18032,42.75172],[-1.17735,42.75442],[-1.17395,42.75564],[-1.16528,42.75604],[-1.16252,42.75553],[-1.15954,42.7566],[-1.15084,42.76982],[-1.14788,42.77176],[-1.14413,42.77268],[-1.14093,42.77468],[-1.13513,42.77576],[-1.13447,42.77894],[-1.13148,42.78245],[-1.13543,42.78386],[-1.13913,42.78391],[-1.1427,42.78498],[-1.14631,42.78825],[-1.14659,42.79316],[-1.15007,42.79705],[-1.1503,42.79986],[-1.15777,42.803],[-1.16025,42.80546],[-1.16111,42.80848],[-1.16147,42.8146],[-1.16278,42.81836],[-1.16249,42.82094],[-1.16004,42.82577],[-1.15905,42.83403],[-1.16985,42.8351],[-1.17299,42.83634],[-1.17605,42.83953],[-1.17744,42.84524],[-1.18968,42.85282],[-1.19397,42.85515],[-1.19644,42.85761],[-1.20004,42.86437],[-1.20212,42.86653],[-1.20795,42.86776],[-1.21282,42.86764],[-1.21791,42.8662],[-1.23154,42.86713],[-1.24111,42.87141],[-1.24421,42.87519],[-1.24961,42.87269],[-1.25469,42.86949],[-1.25959,42.86708],[-1.26347,42.86241],[-1.2636,42.86052],[-1.25438,42.85539],[-1.25197,42.85199],[-1.25126,42.84882],[-1.25204,42.84594],[-1.25431,42.84352],[-1.2595,42.84108],[-1.26177,42.84063],[-1.26226,42.8379],[-1.26573,42.8335],[-1.26324,42.82443],[-1.26393,42.82161],[-1.26645,42.81742],[-1.26963,42.81523],[-1.27814,42.81181],[-1.29793,42.81217],[-1.30182,42.81345],[-1.3106,42.81931],[-1.31378,42.82389],[-1.3171,42.82363],[-1.32101,42.82444],[-1.32412,42.82636],[-1.32611,42.82975],[-1.33293,42.83248],[-1.33672,42.83233],[-1.33957,42.82874],[-1.34355,42.82583],[-1.34686,42.82471],[-1.35047,42.82456],[-1.3539,42.82539],[-1.3612,42.8285],[-1.3642,42.83171],[-1.36509,42.8353],[-1.37513,42.83612],[-1.38128,42.83787],[-1.39042,42.83601],[-1.39622,42.83701],[-1.40123,42.83978],[-1.40522,42.83702],[-1.407,42.83307],[-1.41022,42.82968],[-1.40471,42.82792],[-1.40191,42.82612],[-1.40024,42.82367],[-1.39994,42.82092],[-1.40123,42.81784],[-1.40673,42.81384],[-1.41032,42.81293],[-1.41408,42.81309],[-1.41886,42.81524],[-1.42179,42.81864],[-1.42365,42.82302],[-1.42593,42.82105],[-1.4271,42.81765],[-1.42414,42.81179],[-1.42213,42.80478],[-1.42156,42.79898],[-1.42491,42.79303],[-1.42604,42.78869],[-1.42377,42.784],[-1.42384,42.78125],[-1.42649,42.77763],[-1.43136,42.77565],[-1.43647,42.77538],[-1.43698,42.77374],[-1.4411,42.76784],[-1.43968,42.76693],[-1.42406,42.76013],[-1.42189,42.75817],[-1.42071,42.75546],[-1.41718,42.75497],[-1.41092,42.75259],[-1.40639,42.75263],[-1.40321,42.75185],[-1.39262,42.74762],[-1.38726,42.74516],[-1.38233,42.74214],[-1.38031,42.73991],[-1.36463,42.73109],[-1.35536,42.7243],[-1.3537,42.72006],[-1.35472,42.71626],[-1.35242,42.71264],[-1.35183,42.70978],[-1.35381,42.70579],[-1.3534,42.69535],[-1.35888,42.68704],[-1.36147,42.68512],[-1.36482,42.68403],[-1.3731,42.68442],[-1.37902,42.68182],[-1.37974,42.67426],[-1.37914,42.67078],[-1.38119,42.66665],[-1.38424,42.66472],[-1.39173,42.66285],[-1.39822,42.66048],[-1.40873,42.66053],[-1.40978,42.65982],[-1.41168,42.65414],[-1.41513,42.65098],[-1.41958,42.64453],[-1.42273,42.64258],[-1.42732,42.64165],[-1.43661,42.64284],[-1.44756,42.64716],[-1.45397,42.64611],[-1.45751,42.64698],[-1.4635,42.64975],[-1.47492,42.65179],[-1.48106,42.65432],[-1.48813,42.65461],[-1.49141,42.65618],[-1.49456,42.65939],[-1.49937,42.65993],[-1.50367,42.66199],[-1.50958,42.66402],[-1.51619,42.66763],[-1.52951,42.66907],[-1.53441,42.67083],[-1.54344,42.67689],[-1.55016,42.67884],[-1.56197,42.67958],[-1.5655,42.68061],[-1.56935,42.68367],[-1.5703,42.6864],[-1.56811,42.69273],[-1.57084,42.69281],[-1.58475,42.68789],[-1.59061,42.68794],[-1.59401,42.68939],[-1.59672,42.69234],[-1.60332,42.69377],[-1.6064,42.69559],[-1.61058,42.69946],[-1.61718,42.70963],[-1.62021,42.71356],[-1.62273,42.71548],[-1.63147,42.7183],[-1.63372,42.71987],[-1.6396,42.72046],[-1.64642,42.71817],[-1.64372,42.7135],[-1.64352,42.70837],[-1.64533,42.70569],[-1.64945,42.70292],[-1.65115,42.70097],[-1.65562,42.69796],[-1.65306,42.69175],[-1.65294,42.68895],[-1.65507,42.68537],[-1.6601,42.68087],[-1.66315,42.67951],[-1.67191,42.67817],[-1.67806,42.67883],[-1.68308,42.68076],[-1.6859,42.68493],[-1.68941,42.6871],[-1.69243,42.6904],[-1.69585,42.69243],[-1.69821,42.69635],[-1.69772,42.69961],[-1.69857,42.70337],[-1.69781,42.70793],[-1.69653,42.7099],[-1.69811,42.7145],[-1.69699,42.7173],[-1.694,42.72121],[-1.68881,42.72412],[-1.68709,42.72781],[-1.68878,42.72905],[-1.69307,42.72982],[-1.70235,42.73296],[-1.70713,42.73567],[-1.70946,42.73774],[-1.71059,42.7403],[-1.71042,42.74444],[-1.70922,42.74923],[-1.70719,42.75325],[-1.70503,42.75597],[-1.70389,42.76076],[-1.70553,42.76531],[-1.70453,42.77191],[-1.70289,42.77434],[-1.69767,42.77709],[-1.7019,42.78003],[-1.70471,42.7835],[-1.70557,42.78598],[-1.70492,42.78921],[-1.70565,42.79203],[-1.70896,42.7965],[-1.71327,42.79936],[-1.72237,42.80053],[-1.72862,42.79936],[-1.73216,42.79926],[-1.74048,42.80013],[-1.74421,42.79458],[-1.74925,42.792],[-1.75397,42.7916],[-1.75983,42.79229],[-1.76322,42.79375],[-1.76705,42.79388],[-1.77414,42.79583],[-1.7781,42.79924],[-1.77992,42.80527],[-1.79073,42.80518],[-1.8012,42.80596],[-1.80542,42.8073],[-1.80901,42.81027],[-1.8119,42.81474],[-1.81723,42.81899],[-1.82101,42.81811],[-1.82503,42.81832],[-1.82983,42.82068],[-1.8385,42.82083],[-1.8396,42.81749],[-1.84269,42.81449],[-1.85413,42.80809],[-1.8578,42.80733],[-1.86502,42.80801],[-1.8704,42.80991],[-1.87234,42.80788],[-1.87289,42.80558],[-1.87122,42.80076],[-1.87062,42.79642],[-1.87026,42.78774],[-1.87241,42.77939],[-1.86893,42.77461],[-1.86337,42.77141],[-1.86143,42.76897],[-1.86125,42.76474],[-1.86298,42.76218],[-1.86689,42.75989],[-1.86894,42.75748],[-1.87182,42.75593],[-1.87723,42.75488],[-1.88665,42.75639],[-1.89179,42.75892],[-1.89346,42.76133],[-1.89743,42.76294],[-1.89966,42.76524],[-1.9005,42.768],[-1.90002,42.77083],[-1.90057,42.7757],[-1.89645,42.78202],[-1.89565,42.78913],[-1.89654,42.79326],[-1.89565,42.79976],[-1.90217,42.80074],[-1.90925,42.79966],[-1.91473,42.80076],[-1.91747,42.8027],[-1.92234,42.81069],[-1.92765,42.81512],[-1.93302,42.8166],[-1.93606,42.81838],[-1.93992,42.82177],[-1.94401,42.82271],[-1.94701,42.82443],[-1.94964,42.82917],[-1.94913,42.83226],[-1.9464,42.83734],[-1.94216,42.84114],[-1.93418,42.84421],[-1.93691,42.85017],[-1.93694,42.85311],[-1.93537,42.85583],[-1.93066,42.85852],[-1.92518,42.85889],[-1.92116,42.86187],[-1.91859,42.86644],[-1.91645,42.86853],[-1.91177,42.87031],[-1.90276,42.87155],[-1.90238,42.87406],[-1.90373,42.87672],[-1.90292,42.88093],[-1.90062,42.88323],[-1.8973,42.88471],[-1.88618,42.88596],[-1.87364,42.88409],[-1.87346,42.88656],[-1.8803,42.88842],[-1.90079,42.88981],[-1.90546,42.88915],[-1.92142,42.88759],[-1.92448,42.88702],[-1.93323,42.88704],[-1.93714,42.88644],[-1.94438,42.88635],[-1.95382,42.88515],[-1.96391,42.88562],[-1.97376,42.88669],[-1.97261,42.88436],[-1.96804,42.88348],[-1.96012,42.88094],[-1.95029,42.87911],[-1.94735,42.8775],[-1.94544,42.87519],[-1.94484,42.87251],[-1.94583,42.8692],[-1.94949,42.86599],[-1.95302,42.86492],[-1.96206,42.86368],[-1.9743,42.86377],[-1.97733,42.86291],[-1.98563,42.86219],[-1.99351,42.86286],[-1.99821,42.86215],[-2.00533,42.86222],[-2.00824,42.86174],[-2.02072,42.86141],[-2.0317,42.86307],[-2.03453,42.86399],[-2.04441,42.86571],[-2.0546,42.87025],[-2.05982,42.87113],[-2.06964,42.87135],[-2.0852,42.87466],[-2.09058,42.87645],[-2.09859,42.87665],[-2.10324,42.87398],[-2.1108,42.87193],[-2.1241,42.87102],[-2.13455,42.87247],[-2.14029,42.87296],[-2.15826,42.87167],[-2.16657,42.86921],[-2.17048,42.86843],[-2.17614,42.86623],[-2.18137,42.86299],[-2.18501,42.85997],[-2.18823,42.8589],[-2.19968,42.85824],[-2.21094,42.85638],[-2.21576,42.85457],[-2.23577,42.85094],[-2.23234,42.84278],[-2.22772,42.83635],[-2.225,42.83018],[-2.21691,42.82046],[-2.21051,42.81878],[-2.20443,42.81614],[-2.19315,42.80856],[-2.18189,42.80235],[-2.17446,42.80117],[-2.16522,42.80034],[-2.1626,42.80054],[-2.15307,42.80257],[-2.14939,42.80259],[-2.14453,42.80076],[-2.1424,42.79856],[-2.14153,42.79593],[-2.14197,42.7873],[-2.14437,42.78357],[-2.14596,42.77977],[-2.14883,42.77699],[-2.15312,42.77505],[-2.15691,42.7746],[-2.16157,42.77559],[-2.16532,42.77482],[-2.17097,42.77473],[-2.17433,42.77559],[-2.18224,42.77639],[-2.19481,42.77883],[-2.1985,42.7809],[-2.20477,42.78256],[-2.20866,42.78304],[-2.21465,42.78274],[-2.2257,42.78401],[-2.23089,42.7843],[-2.23598,42.78271],[-2.23969,42.78286],[-2.24389,42.78448],[-2.25106,42.78404],[-2.25664,42.78538],[-2.2634,42.78859],[-2.26875,42.79061],[-2.27362,42.79111],[-2.27909,42.78794],[-2.28098,42.78509],[-2.27636,42.77976],[-2.27326,42.76855],[-2.27036,42.76547],[-2.26411,42.76511],[-2.25474,42.76097],[-2.24892,42.76065],[-2.24605,42.75975],[-2.2421,42.75969],[-2.23832,42.75851],[-2.22994,42.75846],[-2.21956,42.75498],[-2.21669,42.7555],[-2.20916,42.75438],[-2.203,42.75175],[-2.19805,42.75225],[-2.18631,42.75176],[-2.18187,42.75216],[-2.17731,42.75439],[-2.174,42.75521],[-2.16774,42.75564],[-2.16061,42.75528],[-2.1586,42.75703],[-2.15416,42.75901],[-2.1494,42.75943],[-2.14652,42.76071],[-2.14024,42.76194],[-2.13399,42.7637],[-2.12383,42.76298],[-2.11894,42.76135],[-2.1133,42.75744],[-2.11154,42.75474],[-2.11143,42.75173],[-2.11243,42.74952],[-2.11051,42.74692],[-2.11011,42.74309],[-2.11149,42.73998],[-2.11004,42.73739],[-2.11016,42.73453],[-2.11177,42.73192],[-2.11546,42.72864],[-2.11908,42.7245],[-2.12094,42.7204],[-2.12622,42.71289],[-2.13018,42.7102],[-2.13545,42.70842],[-2.14005,42.70758],[-2.14633,42.70877],[-2.14759,42.70675],[-2.14546,42.70177],[-2.14591,42.69844],[-2.1492,42.69482],[-2.15514,42.69238],[-2.1589,42.68773],[-2.1571,42.6853],[-2.15626,42.68137],[-2.15827,42.67608],[-2.16586,42.6707],[-2.16177,42.66555],[-2.16164,42.66181],[-2.16294,42.65841],[-2.16693,42.65518],[-2.1707,42.65424],[-2.17692,42.65523],[-2.19353,42.65157],[-2.19939,42.65261],[-2.20231,42.65469],[-2.20665,42.65968],[-2.20746,42.66693],[-2.20874,42.67391],[-2.2151,42.68026],[-2.21558,42.68457],[-2.21295,42.68932],[-2.20729,42.69315],[-2.20467,42.69816],[-2.19511,42.70471],[-2.19456,42.70632],[-2.1971,42.714],[-2.19704,42.71625],[-2.19941,42.71704],[-2.20544,42.72057],[-2.20782,42.72434],[-2.23136,42.73356],[-2.24074,42.73394],[-2.24746,42.73317],[-2.25779,42.73595],[-2.26163,42.73632],[-2.26844,42.73885],[-2.2709,42.74057],[-2.27652,42.74319],[-2.28296,42.74263],[-2.28654,42.7429],[-2.28821,42.74086],[-2.29153,42.73904],[-2.30315,42.73612],[-2.30703,42.73616],[-2.31436,42.7379],[-2.3168,42.7392],[-2.31717,42.73577],[-2.31968,42.7287],[-2.31702,42.72757],[-2.31462,42.72531],[-2.31312,42.72209],[-2.30885,42.72078],[-2.3063,42.71865],[-2.30507,42.71595],[-2.30537,42.7131],[-2.30813,42.70877],[-2.30546,42.70814],[-2.29594,42.70853],[-2.29232,42.70769],[-2.28812,42.70429],[-2.28127,42.69994],[-2.27872,42.696],[-2.27604,42.69499],[-2.27243,42.69206],[-2.27117,42.68958],[-2.27122,42.68691],[-2.27312,42.68365],[-2.2762,42.68012],[-2.27307,42.67711],[-2.272,42.67438],[-2.27322,42.67023],[-2.27574,42.66805],[-2.28476,42.66297],[-2.28783,42.66215],[-2.28758,42.65833],[-2.28866,42.65576],[-2.29242,42.65285],[-2.29585,42.65195],[-2.30102,42.65194],[-2.30755,42.65261],[-2.31352,42.65171],[-2.32035,42.64843],[-2.32952,42.6462],[-2.33218,42.64611],[-2.33539,42.64355],[-2.33873,42.63875],[-2.34294,42.63581],[-2.34624,42.63471],[-2.34984,42.63458],[-2.35683,42.63539],[-2.36072,42.6367],[-2.3659,42.63697],[-2.36506,42.63417],[-2.36558,42.63141],[-2.36884,42.62802],[-2.37609,42.62574],[-2.36627,42.61489],[-2.35853,42.6135],[-2.35582,42.61166],[-2.35394,42.60786],[-2.35441,42.60514],[-2.35855,42.5958],[-2.36128,42.59228],[-2.36396,42.59055],[-2.36729,42.58963],[-2.37463,42.5902],[-2.38961,42.59075],[-2.3931,42.59196],[-2.39565,42.59408],[-2.39688,42.59678],[-2.39951,42.59838],[-2.40641,42.59858],[-2.41189,42.60037],[-2.41692,42.60433],[-2.4187,42.60762],[-2.42828,42.61091],[-2.43498,42.61186],[-2.43787,42.61373],[-2.44361,42.61598],[-2.45147,42.61755],[-2.45545,42.61776],[-2.45912,42.61922],[-2.46275,42.62174],[-2.46445,42.62436],[-2.4646,42.62716],[-2.47102,42.6272],[-2.47939,42.61703],[-2.48232,42.61507],[-2.48604,42.61411],[-2.48994,42.61432],[-2.50011,42.61644],[-2.51471,42.61724],[-2.52414,42.61531],[-2.52858,42.61482],[-2.53685,42.61256],[-2.54441,42.61163],[-2.55308,42.60824],[-2.55877,42.60555],[-2.56321,42.6046],[-2.57274,42.60152],[-2.57861,42.60022],[-2.59735,42.59951],[-2.61517,42.60376],[-2.62553,42.6048],[-2.63078,42.60388],[-2.63872,42.59902],[-2.64411,42.59666],[-2.65797,42.59327],[-2.66733,42.59233],[-2.67136,42.59301],[-2.67775,42.59509],[-2.68591,42.59527],[-2.69998,42.59811],[-2.70796,42.60022],[-2.71116,42.60165],[-2.7159,42.60511],[-2.71925,42.6064],[-2.72281,42.60896],[-2.72807,42.61363],[-2.7306,42.61751],[-2.73622,42.61933],[-2.74064,42.62238],[-2.74936,42.62364],[-2.75406,42.62129],[-2.75774,42.62091],[-2.76383,42.62275],[-2.7692,42.62245],[-2.77493,42.62492],[-2.77847,42.62911],[-2.78693,42.6326],[-2.78994,42.63461],[-2.79632,42.63435],[-2.79992,42.63546],[-2.80352,42.63887],[-2.8063,42.64012],[-2.81297,42.6396],[-2.81637,42.64021],[-2.82228,42.64392],[-2.82554,42.64486],[-2.82839,42.6444],[-2.83606,42.64183],[-2.84594,42.6403],[-2.85411,42.64028],[-2.85996,42.63909],[-2.86648,42.63877],[-2.87038,42.63969],[-2.87637,42.64397],[-2.88751,42.64852],[-2.89049,42.65132],[-2.89465,42.65408],[-2.89633,42.65643],[-2.89896,42.66431],[-2.89778,42.67018],[-2.89824,42.67508],[-2.89522,42.67922],[-2.9024,42.68577],[-2.90315,42.68842],[-2.90257,42.69353],[-2.90748,42.69556],[-2.90989,42.69572],[-2.91738,42.69762],[-2.92173,42.70113],[-2.92711,42.70353],[-2.93056,42.70807],[-2.93851,42.70837],[-2.94704,42.70961],[-2.9563,42.71032],[-2.96363,42.70821],[-2.97348,42.70861],[-2.98022,42.70778],[-2.98545,42.7097],[-2.98766,42.7121],[-2.98907,42.71864],[-2.99414,42.72141],[-3.00084,42.72242],[-3.00395,42.72386],[-3.00609,42.72605],[-3.00697,42.72869],[-3.006,42.73239],[-3.01309,42.73525],[-3.01548,42.73758],[-3.0164,42.74037],[-3.02048,42.74064],[-3.03211,42.73747],[-3.04072,42.73841],[-3.04304,42.73562],[-3.04277,42.7325],[-3.03646,42.72427],[-3.03223,42.72005],[-3.02938,42.71301],[-3.02976,42.71019],[-3.03159,42.70768],[-3.03712,42.70508],[-3.04162,42.70472],[-3.04478,42.70247],[-3.05195,42.69918],[-3.05443,42.69486],[-3.05562,42.68973],[-3.05556,42.68645],[-3.05403,42.68217],[-3.05331,42.67622],[-3.05235,42.67585],[-3.04577,42.67731],[-3.04192,42.67741],[-3.03334,42.67559],[-3.02997,42.67361],[-3.02342,42.67487],[-3.01993,42.67465],[-3.01679,42.67352],[-3.01042,42.66904],[-3.00893,42.66659],[-3.00802,42.66039],[-3.00579,42.65609],[-3.00631,42.65273],[-3.00468,42.64839],[-3.00534,42.64564],[-3.00735,42.64327],[-3.01448,42.64025],[-3.01796,42.63776],[-3.02161,42.63674],[-3.02549,42.63686],[-3.02944,42.63809],[-3.0349,42.63838],[-3.04045,42.6399],[-3.05087,42.64015],[-3.05851,42.63965],[-3.06516,42.63964],[-3.06939,42.63886],[-3.07774,42.63935],[-3.08413,42.64061],[-3.08471,42.6352],[-3.08444,42.63018],[-3.08634,42.62773],[-3.08187,42.62651],[-3.07824,42.62378],[-3.07342,42.62206],[-3.07004,42.61885],[-3.06796,42.61289],[-3.06612,42.60984],[-3.06558,42.60696],[-3.0637,42.6044],[-3.06318,42.60164],[-3.06447,42.59837],[-3.06565,42.59208],[-3.06747,42.58964],[-3.07039,42.58788],[-3.07978,42.58357],[-3.08608,42.58219],[-3.08367,42.57648],[-3.08448,42.57251],[-3.08947,42.56672],[-3.09717,42.56278],[-3.10219,42.55956],[-3.1053,42.55507],[-3.10957,42.55233],[-3.11459,42.5513],[-3.11792,42.54958],[-3.12161,42.54667],[-3.12568,42.54436],[-3.13128,42.54331],[-3.13419,42.54203],[-3.13098,42.53717],[-3.12544,42.53318],[-3.11734,42.53221],[-3.1114,42.53049],[-3.10759,42.52882],[-3.10336,42.5327],[-3.10044,42.53406],[-3.09455,42.53523],[-3.09079,42.53537],[-3.08727,42.53445],[-3.08416,42.53227],[-3.07969,42.53061],[-3.07702,42.52883],[-3.0751,42.52513],[-3.07641,42.52082],[-3.07432,42.51552],[-3.07597,42.50554],[-3.07969,42.4991],[-3.08319,42.49658],[-3.09309,42.49158],[-3.09464,42.48816],[-3.09184,42.48417],[-3.0904,42.47789],[-3.08665,42.4773],[-3.08235,42.47454],[-3.07617,42.47564],[-3.07257,42.47533],[-3.06939,42.47405],[-3.06432,42.471],[-3.06016,42.47172],[-3.05217,42.4747],[-3.04921,42.47794],[-3.0453,42.48051],[-3.03004,42.48398],[-3.01706,42.48607],[-3.01356,42.4857],[-3.0044,42.4833],[-2.997,42.47923],[-2.99399,42.48798],[-2.9937,42.49125],[-2.98983,42.5011],[-2.98728,42.50301],[-2.98399,42.50411],[-2.97817,42.50507],[-2.96739,42.50468],[-2.95965,42.5033],[-2.95196,42.50139],[-2.94918,42.49973],[-2.94742,42.49744],[-2.9469,42.49482],[-2.9481,42.49096],[-2.95168,42.48781],[-2.95574,42.48638],[-2.95697,42.47982],[-2.9524,42.47767],[-2.95015,42.47538],[-2.94928,42.47261],[-2.94907,42.46714],[-2.95081,42.46032],[-2.95085,42.45751],[-2.94603,42.45462],[-2.94459,42.45004],[-2.93991,42.44339],[-2.93499,42.43775],[-2.91988,42.43514],[-2.91293,42.43335],[-2.91008,42.43157],[-2.90802,42.42775],[-2.90839,42.42171],[-2.91057,42.4179],[-2.90889,42.41016],[-2.90674,42.40637],[-2.89755,42.40464],[-2.89068,42.40425],[-2.88655,42.40149],[-2.8827,42.39279],[-2.88355,42.38996],[-2.88866,42.38408],[-2.89578,42.37878],[-2.89736,42.37529],[-2.90396,42.36832],[-2.90623,42.36672],[-2.90563,42.36175],[-2.90767,42.35271],[-2.91002,42.34923],[-2.91192,42.3429],[-2.91326,42.34127],[-2.91159,42.33992],[-2.90872,42.33969],[-2.90132,42.33739],[-2.89888,42.3358],[-2.89329,42.33069],[-2.88814,42.33269],[-2.88506,42.33308],[-2.88161,42.33511],[-2.86949,42.33946],[-2.86558,42.33921],[-2.85819,42.33625],[-2.85585,42.3341],[-2.8548,42.33002],[-2.85611,42.32194],[-2.85787,42.31948],[-2.86363,42.31491],[-2.86544,42.3107],[-2.86779,42.30797],[-2.87192,42.30561],[-2.87542,42.305],[-2.87896,42.30538],[-2.88339,42.30709],[-2.88559,42.30697],[-2.89426,42.30358],[-2.9045,42.29727],[-2.90888,42.29366],[-2.91049,42.29091],[-2.91683,42.28549],[-2.92118,42.27979],[-2.92246,42.27567],[-2.91321,42.27147],[-2.91004,42.27129],[-2.89997,42.27261],[-2.89573,42.27438],[-2.89199,42.27802],[-2.88122,42.28155],[-2.8793,42.28542],[-2.87659,42.28765],[-2.87291,42.28887],[-2.867,42.28906],[-2.86035,42.29107],[-2.85622,42.29389],[-2.85457,42.29786],[-2.84968,42.30316],[-2.84654,42.30454],[-2.84251,42.30728],[-2.83836,42.31172],[-2.83368,42.31376],[-2.83116,42.31624],[-2.82705,42.31874],[-2.8237,42.31981],[-2.82007,42.3199],[-2.81667,42.31898],[-2.81397,42.31719],[-2.81236,42.31478],[-2.81085,42.31015],[-2.80646,42.30303],[-2.80613,42.29633],[-2.80725,42.29342],[-2.81163,42.29025],[-2.81735,42.28403],[-2.82053,42.28174],[-2.82606,42.27872],[-2.82998,42.27714],[-2.83319,42.27671],[-2.84045,42.27153],[-2.84415,42.27042],[-2.84712,42.26821],[-2.84133,42.26471],[-2.83661,42.25983],[-2.83571,42.25724],[-2.8327,42.25347],[-2.82843,42.25201],[-2.82305,42.25345],[-2.81296,42.2583],[-2.81217,42.25998],[-2.81231,42.26406],[-2.80843,42.26892],[-2.80533,42.27047],[-2.80101,42.2712],[-2.79742,42.27107],[-2.7947,42.27195],[-2.78999,42.272],[-2.78597,42.27367],[-2.78364,42.27648],[-2.78058,42.27819],[-2.77363,42.27934],[-2.77058,42.27915],[-2.76793,42.28317],[-2.76315,42.28659],[-2.76137,42.28907],[-2.76521,42.29854],[-2.76436,42.30239],[-2.76267,42.30489],[-2.75983,42.30673],[-2.75341,42.3084],[-2.74738,42.30762],[-2.73825,42.30813],[-2.73622,42.30961],[-2.73988,42.31456],[-2.74007,42.31734],[-2.73883,42.31998],[-2.73421,42.32304],[-2.7307,42.32604],[-2.7256,42.32773],[-2.72183,42.32973],[-2.71362,42.33124],[-2.71033,42.33134],[-2.70146,42.33049],[-2.69303,42.33206],[-2.68951,42.33192],[-2.68419,42.33028],[-2.68201,42.33188],[-2.68174,42.33869],[-2.68052,42.34147],[-2.67794,42.34368],[-2.6744,42.34496],[-2.66981,42.34502],[-2.66542,42.34715],[-2.66191,42.34753],[-2.65299,42.34517],[-2.65039,42.34363],[-2.64507,42.33852],[-2.64076,42.33297],[-2.63804,42.3311],[-2.63414,42.33246],[-2.63016,42.33264],[-2.62644,42.33161],[-2.61697,42.32757],[-2.60666,42.32918],[-2.60366,42.33215],[-2.60048,42.33342],[-2.5936,42.33328],[-2.58748,42.33492],[-2.58318,42.33422],[-2.58021,42.33452],[-2.57744,42.3369],[-2.57035,42.3411],[-2.56214,42.34417],[-2.55707,42.34478],[-2.55215,42.3434],[-2.54769,42.33881],[-2.54682,42.33502],[-2.54729,42.33309],[-2.544,42.32804],[-2.5365,42.32728],[-2.53287,42.32596],[-2.5303,42.32364],[-2.52908,42.32098],[-2.52389,42.31828],[-2.51398,42.32051],[-2.51135,42.32176],[-2.50342,42.32374],[-2.49955,42.32353],[-2.49571,42.32205],[-2.4933,42.31988],[-2.49181,42.31553],[-2.49204,42.31245],[-2.4949,42.30729],[-2.49554,42.30448],[-2.4911,42.30392],[-2.48773,42.30238],[-2.48032,42.29305],[-2.47727,42.29453],[-2.46883,42.29562],[-2.46474,42.29659],[-2.45795,42.301],[-2.45113,42.30233],[-2.44681,42.305],[-2.44911,42.3107],[-2.44807,42.31854],[-2.44643,42.32098],[-2.4437,42.3228],[-2.44027,42.32376],[-2.43662,42.3237],[-2.4276,42.32076],[-2.42478,42.32081],[-2.41071,42.31495],[-2.4074,42.31053],[-2.40737,42.30705],[-2.40286,42.30646],[-2.39361,42.30335],[-2.38621,42.30029],[-2.38288,42.29791],[-2.38096,42.29384],[-2.38249,42.28861],[-2.38748,42.28331],[-2.38801,42.28023],[-2.3905,42.27539],[-2.39403,42.27085],[-2.38445,42.25518],[-2.38407,42.25305],[-2.38029,42.24871],[-2.37646,42.24622],[-2.3664,42.24145],[-2.35868,42.23867],[-2.34218,42.23557],[-2.33705,42.23629],[-2.33959,42.24476],[-2.33907,42.2491],[-2.33724,42.25164],[-2.33424,42.25346],[-2.32497,42.2556],[-2.32213,42.25867],[-2.31486,42.2611],[-2.31215,42.26615],[-2.31117,42.26974],[-2.30901,42.27331],[-2.30877,42.27541],[-2.31056,42.27977],[-2.30863,42.28566],[-2.30371,42.29044],[-2.30016,42.29168],[-2.29625,42.29178],[-2.28602,42.28933],[-2.28314,42.28774],[-2.27259,42.27946],[-2.26765,42.2767],[-2.26344,42.27174],[-2.25522,42.27202],[-2.24747,42.2696],[-2.24472,42.2679],[-2.24166,42.26198],[-2.24203,42.25907],[-2.24393,42.25649],[-2.25149,42.25184],[-2.25452,42.24745],[-2.26015,42.24369],[-2.26717,42.2406],[-2.26957,42.23835],[-2.27693,42.2338],[-2.2761,42.22906],[-2.27774,42.22415],[-2.28147,42.22089],[-2.28382,42.21754],[-2.28737,42.21544],[-2.28653,42.21325],[-2.28667,42.20804],[-2.2874,42.20623],[-2.28429,42.20449],[-2.27917,42.19906],[-2.27282,42.19675],[-2.26663,42.19547],[-2.26341,42.19354],[-2.26087,42.18973],[-2.26068,42.18682],[-2.26206,42.18407],[-2.26651,42.18123],[-2.2686,42.1792],[-2.26747,42.17604],[-2.2641,42.17361],[-2.26202,42.17589],[-2.25744,42.179],[-2.25183,42.18015],[-2.24805,42.17946],[-2.24262,42.1774],[-2.2388,42.17338],[-2.23159,42.16879],[-2.22934,42.16792],[-2.2217,42.16335],[-2.219,42.15941],[-2.215,42.15493],[-2.21379,42.14957],[-2.2094,42.14729],[-2.20368,42.1426],[-2.20133,42.13854],[-2.19803,42.13477],[-2.19676,42.13217],[-2.1919,42.1266],[-2.18755,42.12475],[-2.18392,42.12119],[-2.18305,42.11703],[-2.18027,42.11042],[-2.17526,42.10435],[-2.17079,42.10491],[-2.16647,42.10417],[-2.15739,42.10476],[-2.14758,42.10373],[-2.13567,42.10162],[-2.13142,42.09937],[-2.12915,42.09727],[-2.1281,42.09468],[-2.1284,42.08989],[-2.12723,42.08641],[-2.12734,42.08226],[-2.12891,42.07949],[-2.13343,42.07589],[-2.1364,42.07461],[-2.14271,42.07402],[-2.14636,42.07285],[-2.15103,42.06945],[-2.15412,42.06816],[-2.16176,42.06675],[-2.1611,42.06255],[-2.15877,42.05863],[-2.15892,42.05583],[-2.15686,42.05324],[-2.15473,42.04704],[-2.15236,42.04544],[-2.15052,42.04218],[-2.14658,42.04162],[-2.14337,42.03986],[-2.13903,42.03643],[-2.13645,42.0331],[-2.13425,42.03168],[-2.129,42.02626],[-2.12211,42.02425],[-2.11781,42.02067],[-2.11649,42.01819],[-2.11523,42.01151],[-2.11072,42.00567],[-2.10766,42.00288],[-2.09525,42.00381],[-2.09178,42.0031],[-2.08534,41.99852],[-2.08,41.99611],[-2.07503,41.99658],[-2.06843,41.99902],[-2.06485,41.9993],[-2.06141,41.99858],[-2.05814,41.99673],[-2.05334,41.99497],[-2.05167,41.99349],[-2.04707,41.99233],[-2.04409,41.99041],[-2.04133,41.98672],[-2.04047,41.98252],[-2.04176,41.97983],[-2.04988,41.97434],[-2.05095,41.96918],[-2.04878,41.96372],[-2.04793,41.96002],[-2.04871,41.95604],[-2.05109,41.95118],[-2.04778,41.94976],[-2.04516,41.9476],[-2.04233,41.94384],[-2.03741,41.94155],[-2.03034,41.94571],[-2.02663,41.94643],[-2.02285,41.94602],[-2.01512,41.9428],[-2.01311,41.94093],[-2.00503,41.93944],[-2.00049,41.93674],[-1.99837,41.93086],[-1.99155,41.92475],[-1.9842,41.92012],[-1.98145,41.91911],[-1.97069,41.91913],[-1.96148,41.9203],[-1.95842,41.92387],[-1.95552,41.92551],[-1.9502,41.92623],[-1.94091,41.92548],[-1.93534,41.92698],[-1.9228,41.93258],[-1.91904,41.93303],[-1.91515,41.93239],[-1.91147,41.93865],[-1.90198,41.94554],[-1.89811,41.94676],[-1.8907,41.94778],[-1.87759,41.95242],[-1.86668,41.95921],[-1.85665,41.96634],[-1.86085,41.97214],[-1.86129,41.97497],[-1.86023,41.97771],[-1.85784,41.97995],[-1.85419,41.98161],[-1.84443,41.9871],[-1.84333,41.99067],[-1.84132,41.99294],[-1.83834,41.9945],[-1.83482,41.99514],[-1.83,41.99476],[-1.82515,41.99562],[-1.81991,41.99581],[-1.81149,41.9973],[-1.80637,41.99647],[-1.80046,41.99308],[-1.79248,41.98977],[-1.78523,41.99087],[-1.77496,41.99498],[-1.7674,41.99492],[-1.764,41.99358],[-1.75973,41.98983],[-1.75203,41.97996],[-1.74708,41.97515],[-1.7438,41.97267],[-1.74123,41.96831],[-1.73886,41.96726],[-1.7343,41.96389],[-1.73114,41.96259],[-1.72321,41.96061],[-1.7152,41.95703],[-1.70713,41.95705],[-1.7024,41.95536],[-1.70078,41.954],[-1.69373,41.95503],[-1.68683,41.95288],[-1.68176,41.95586],[-1.68075,41.95861],[-1.67675,41.96201],[-1.6714,41.96317],[-1.66776,41.9626],[-1.66362,41.96002],[-1.65866,41.96037],[-1.65453,41.96185],[-1.65059,41.96204],[-1.64688,41.96104],[-1.64406,41.95921],[-1.63866,41.95732],[-1.63227,41.95585],[-1.62708,41.95399],[-1.6211,41.95277],[-1.61664,41.95134],[-1.61103,41.9475],[-1.60643,41.94141],[-1.60404,41.93688],[-1.59942,41.93006],[-1.59626,41.92714],[-1.59262,41.9261],[-1.58943,41.92429],[-1.58311,41.92177],[-1.5808,41.91953],[-1.57985,41.91678],[-1.57955,41.91021],[-1.58083,41.90751],[-1.5834,41.90538],[-1.58686,41.90416],[-1.59421,41.90277],[-1.59974,41.90087],[-1.60395,41.90041],[-1.60934,41.90064],[-1.61949,41.90254],[-1.62408,41.90389],[-1.62065,41.88467],[-1.61857,41.88252],[-1.61744,41.87971],[-1.61872,41.87543],[-1.62284,41.87124],[-1.6208,41.86538],[-1.62085,41.86206],[-1.62312,41.85824],[-1.6263,41.85634],[-1.63023,41.85557],[-1.64174,41.85703],[-1.64732,41.86007],[-1.65097,41.8593],[-1.6549,41.85968],[-1.6639,41.8624],[-1.66953,41.86169],[-1.67273,41.86212],[-1.68032,41.85995],[-1.68594,41.85684],[-1.69666,41.85481],[-1.69973,41.85006],[-1.70017,41.84757],[-1.69953,41.84349],[-1.69985,41.83807],[-1.69934,41.83609],[-1.70018,41.83171],[-1.69996,41.82793],[-1.70198,41.8238],[-1.702,41.82181],[-1.70469,41.81784],[-1.71206,41.81251],[-1.72425,41.8086],[-1.73329,41.80451],[-1.73661,41.80364],[-1.74262,41.79962],[-1.74298,41.79791],[-1.73461,41.79268],[-1.72376,41.79976],[-1.71839,41.80066],[-1.71472,41.80005],[-1.70468,41.80158],[-1.69694,41.80033],[-1.69353,41.79887],[-1.68887,41.80244],[-1.68597,41.8031],[-1.68305,41.81063],[-1.67963,41.81381],[-1.6753,41.81571],[-1.66454,41.81809],[-1.66074,41.81786],[-1.65603,41.81552],[-1.65427,41.81299],[-1.65397,41.81014],[-1.65513,41.80704],[-1.65531,41.80091],[-1.65784,41.79781],[-1.66103,41.79611],[-1.66483,41.7955],[-1.67211,41.79545],[-1.67521,41.79486],[-1.68032,41.7841],[-1.68261,41.78248],[-1.68415,41.77929],[-1.68475,41.77382],[-1.68444,41.76875],[-1.68739,41.76255],[-1.68225,41.75801],[-1.67663,41.75574],[-1.6657,41.75641],[-1.66217,41.75561],[-1.65908,41.75389],[-1.63866,41.75326],[-1.63265,41.75057],[-1.62492,41.74304],[-1.62204,41.73967],[-1.61922,41.73487],[-1.61862,41.73006],[-1.61716,41.72691],[-1.61655,41.72181],[-1.61764,41.71929],[-1.61984,41.71724],[-1.61984,41.71108],[-1.61628,41.70646],[-1.60747,41.70401],[-1.60147,41.69969],[-1.59987,41.69601],[-1.59575,41.69281],[-1.59317,41.68917],[-1.58475,41.68537],[-1.57602,41.68336],[-1.57271,41.68154],[-1.56977,41.67767],[-1.56901,41.67516],[-1.56564,41.67223],[-1.55118,41.66783],[-1.54846,41.6653],[-1.54749,41.66316],[-1.54248,41.65921],[-1.53526,41.65426],[-1.53126,41.64913],[-1.52801,41.64708],[-1.52599,41.64443],[-1.52094,41.64375],[-1.51534,41.63966],[-1.51396,41.63606],[-1.51389,41.63303],[-1.51546,41.62877],[-1.51561,41.62601],[-1.5088,41.62256],[-1.5044,41.62098],[-1.50122,41.62481],[-1.49627,41.62716],[-1.49004,41.62682],[-1.48359,41.62982],[-1.4812,41.63347],[-1.47857,41.63535],[-1.46251,41.64317],[-1.45957,41.64642],[-1.45395,41.65626],[-1.45309,41.65975],[-1.44965,41.66495],[-1.44619,41.66817],[-1.44314,41.67435],[-1.4414,41.67973],[-1.44051,41.68826],[-1.43874,41.6916],[-1.43394,41.69496],[-1.42521,41.69772],[-1.42176,41.70237],[-1.41932,41.70404],[-1.40755,41.70747],[-1.40399,41.70972],[-1.39733,41.71128],[-1.39486,41.7127],[-1.38744,41.71904],[-1.38476,41.72419],[-1.3827,41.72695],[-1.37984,41.72904],[-1.37467,41.73051],[-1.36742,41.731],[-1.36224,41.73231],[-1.3437,41.7349],[-1.33534,41.73551],[-1.33517,41.74206],[-1.33884,41.74945],[-1.33901,41.75378],[-1.34039,41.75671],[-1.34054,41.75962],[-1.34379,41.77081],[-1.34143,41.7749],[-1.33992,41.77596],[-1.33341,41.7864],[-1.32824,41.79301],[-1.32424,41.79723],[-1.32193,41.80105],[-1.31745,41.80424],[-1.31966,41.80949],[-1.32483,41.81648],[-1.33075,41.82044],[-1.33745,41.82578],[-1.34072,41.82983],[-1.3561,41.84618],[-1.3598,41.85637],[-1.3599,41.85899],[-1.35832,41.86657],[-1.35824,41.8716],[-1.35989,41.87787],[-1.36484,41.88395],[-1.3773,41.89319],[-1.38467,41.89595],[-1.39018,41.89948],[-1.39194,41.90144],[-1.39685,41.90413],[-1.40136,41.90594],[-1.40552,41.9063],[-1.40862,41.90768],[-1.41559,41.91662],[-1.41951,41.91417],[-1.42329,41.91336],[-1.43489,41.91447],[-1.44039,41.91632],[-1.44566,41.91562],[-1.45445,41.91615],[-1.45789,41.91739],[-1.4658,41.92192],[-1.47278,41.92436],[-1.47767,41.92489],[-1.48665,41.92402],[-1.49185,41.92438],[-1.49526,41.92564],[-1.49774,41.9278],[-1.49913,41.93214],[-1.50233,41.93515],[-1.50799,41.93725],[-1.51069,41.93883],[-1.52019,41.94286],[-1.52619,41.94467],[-1.53236,41.94764],[-1.54035,41.94939],[-1.5468,41.94999],[-1.55007,41.95131],[-1.55242,41.95346],[-1.55348,41.95614],[-1.5531,41.95892],[-1.55134,41.9614],[-1.54676,41.96563],[-1.53806,41.97101],[-1.54256,41.97712],[-1.54522,41.98568],[-1.55201,41.98418],[-1.55668,41.98438],[-1.56405,41.98345],[-1.5744,41.98479],[-1.57889,41.98712],[-1.58483,41.99411],[-1.58934,41.99589],[-1.59342,41.99873],[-1.59671,42.00326],[-1.59753,42.00624],[-1.59895,42.00734],[-1.6028,42.01381],[-1.60381,42.01642],[-1.60343,42.01915],[-1.60174,42.02158],[-1.59758,42.02428],[-1.59273,42.02555],[-1.58318,42.02615],[-1.58287,42.02956],[-1.581,42.03207],[-1.57559,42.03589],[-1.57045,42.03691],[-1.5654,42.03576],[-1.55513,42.03078],[-1.55238,42.03826],[-1.55225,42.04512],[-1.55624,42.04915],[-1.562,42.0526],[-1.5634,42.05518],[-1.56353,42.05852],[-1.56212,42.06109],[-1.558,42.06389],[-1.55596,42.06697],[-1.55308,42.06894],[-1.54521,42.07106],[-1.54143,42.07348],[-1.53784,42.07692],[-1.53344,42.07914],[-1.5276,42.07991],[-1.52303,42.07884]]],[[[-1.69185,42.77728],[-1.68466,42.77475],[-1.68135,42.77232],[-1.67773,42.77128],[-1.67089,42.77753],[-1.66471,42.7793],[-1.66087,42.7836],[-1.66272,42.7869],[-1.66254,42.79627],[-1.66847,42.80045],[-1.67401,42.79747],[-1.67574,42.79459],[-1.67835,42.7928],[-1.68318,42.79156],[-1.68488,42.78763],[-1.68411,42.78462],[-1.68484,42.78173],[-1.68852,42.77835],[-1.69185,42.77728]]],[[[-0.06098,41.857],[-0.05632,41.85555],[-0.05395,41.85343],[-0.05284,41.85078],[-0.05305,41.84688],[-0.0463,41.84257],[-0.04156,41.8405],[-0.03549,41.83574],[-0.03394,41.83151],[-0.03492,41.82863],[-0.03783,41.82551],[-0.03737,41.82264],[-0.03788,41.819],[-0.0367,41.81633],[-0.03059,41.81726],[-0.02186,41.81712],[-0.01459,41.81655],[-0.01269,41.81845],[-0.00759,41.82154],[-0.00375,41.82269],[0.00013,41.82531],[0.00458,41.82983],[0.00773,41.83098],[0.01307,41.83133],[0.01667,41.8305],[0.02608,41.83077],[0.03443,41.83589],[0.02853,41.84283],[0.02785,41.84571],[0.02977,41.84983],[0.03196,41.85152],[0.03145,41.8574],[0.02809,41.86027],[0.02681,41.86269],[0.02644,41.86851],[0.03158,41.88061],[0.03427,41.88289],[0.03797,41.88414],[0.04365,41.88432],[0.04893,41.88676],[0.05014,41.89093],[0.05529,41.89786],[0.06085,41.90648],[0.06337,41.90831],[0.06836,41.91065],[0.07388,41.91109],[0.07864,41.90979],[0.08315,41.90713],[0.08627,41.90607],[0.08958,41.91962],[0.08336,41.93041],[0.08028,41.93313],[0.07899,41.93568],[0.07907,41.93842],[0.08198,41.94685],[0.08621,41.9549],[0.09025,41.95765],[0.09649,41.95946],[0.09904,41.96085],[0.10614,41.96294],[0.10802,41.96739],[0.10789,41.97056],[0.10912,41.97315],[0.11311,41.97595],[0.11846,41.97671],[0.12323,41.97541],[0.13107,41.98035],[0.135,41.98151],[0.14398,41.98126],[0.14728,41.98042],[0.14826,41.98303],[0.1505,41.98521],[0.15365,41.98662],[0.1579,41.98714],[0.1662,41.98579],[0.17037,41.98318],[0.17338,41.97813],[0.17743,41.97727],[0.18798,41.97805],[0.21067,41.97257],[0.2167,41.97187],[0.23351,41.96814],[0.23816,41.96985],[0.24015,41.97388],[0.24291,41.97643],[0.24591,41.97785],[0.25178,41.97818],[0.25787,41.97905],[0.26937,41.97735],[0.27183,41.97742],[0.27411,41.98166],[0.27563,41.98818],[0.27739,41.99047],[0.28011,41.99215],[0.28345,41.99299],[0.29498,41.9942],[0.29858,41.99487],[0.30224,41.9989],[0.30236,42.00324],[0.30514,42.01081],[0.30147,42.01443],[0.29879,42.01619],[0.29693,42.01915],[0.29567,42.02357],[0.29543,42.02817],[0.29664,42.03227],[0.29857,42.03456],[0.30319,42.03665],[0.30855,42.03657],[0.31694,42.03415],[0.32221,42.04676],[0.31664,42.05523],[0.31515,42.06032],[0.31664,42.0645],[0.32104,42.06732],[0.32586,42.06887],[0.33224,42.06954],[0.33885,42.06878],[0.34343,42.06617],[0.34497,42.06351],[0.34508,42.05769],[0.36249,42.06009],[0.3693,42.06031],[0.37878,42.06157],[0.38316,42.06097],[0.38935,42.06432],[0.39477,42.06483],[0.40211,42.06243],[0.40632,42.06592],[0.40815,42.06668],[0.41286,42.07109],[0.41351,42.07246],[0.41326,42.07699],[0.4146,42.08097],[0.41417,42.08666],[0.41178,42.08925],[0.41023,42.09347],[0.41042,42.09591],[0.40722,42.10081],[0.40498,42.10304],[0.40296,42.10697],[0.39989,42.11078],[0.39783,42.11482],[0.39375,42.11709],[0.39213,42.11947],[0.39179,42.12214],[0.39248,42.12569],[0.39917,42.13388],[0.40543,42.13773],[0.41772,42.14158],[0.42114,42.14417],[0.42449,42.1454],[0.43002,42.14529],[0.43675,42.14173],[0.44263,42.14118],[0.4487,42.1391],[0.46248,42.13933],[0.46958,42.1415],[0.47693,42.14444],[0.48398,42.1445],[0.48739,42.14296],[0.488,42.14738],[0.48545,42.15413],[0.48643,42.16364],[0.49065,42.17414],[0.49063,42.17808],[0.49259,42.18199],[0.49399,42.18701],[0.49475,42.19863],[0.49442,42.20465],[0.49497,42.20598],[0.49026,42.20916],[0.4888,42.21182],[0.48886,42.21471],[0.49231,42.22003],[0.49793,42.22485],[0.4985,42.22984],[0.50004,42.23251],[0.50518,42.23656],[0.51013,42.23786],[0.51259,42.24131],[0.51564,42.24409],[0.5104,42.25108],[0.51005,42.25425],[0.51317,42.27086],[0.50603,42.28159],[0.49661,42.29],[0.48968,42.29372],[0.48701,42.29809],[0.48268,42.29746],[0.47917,42.29808],[0.47621,42.29962],[0.46087,42.31285],[0.46002,42.31449],[0.45456,42.33057],[0.44819,42.33193],[0.44325,42.33372],[0.43336,42.33535],[0.42532,42.33581],[0.41967,42.33788],[0.41726,42.3403],[0.41533,42.34457],[0.41112,42.34634],[0.40783,42.35013],[0.40017,42.3498],[0.39464,42.35148],[0.39022,42.34808],[0.38708,42.34737],[0.38365,42.34142],[0.38004,42.33877],[0.38173,42.33614],[0.3818,42.33327],[0.37962,42.32539],[0.37727,42.32287],[0.36966,42.31984],[0.3723,42.31732],[0.37351,42.31481],[0.3742,42.31018],[0.38029,42.31038],[0.3866,42.30931],[0.38979,42.3075],[0.3917,42.30487],[0.39308,42.30083],[0.39181,42.29661],[0.38756,42.29367],[0.37975,42.2915],[0.37605,42.29],[0.37243,42.28958],[0.36887,42.29019],[0.36475,42.29281],[0.36142,42.30067],[0.36193,42.30449],[0.35323,42.304],[0.34947,42.30088],[0.34604,42.29992],[0.34065,42.30038],[0.33071,42.30518],[0.32527,42.30438],[0.32182,42.30086],[0.32042,42.29722],[0.31825,42.29458],[0.31463,42.29217],[0.30889,42.29083],[0.30726,42.28377],[0.30311,42.28037],[0.29912,42.27937],[0.29352,42.27968],[0.28973,42.27802],[0.28428,42.27645],[0.27627,42.26998],[0.26928,42.26781],[0.26525,42.2581],[0.26499,42.25395],[0.2628,42.25099],[0.26257,42.24667],[0.26128,42.24425],[0.25706,42.2408],[0.25203,42.23935],[0.24844,42.23962],[0.24429,42.24154],[0.23896,42.24226],[0.22834,42.2446],[0.22478,42.24676],[0.22417,42.24212],[0.22684,42.23751],[0.22901,42.23207],[0.22878,42.22938],[0.22725,42.22694],[0.22462,42.22507],[0.22128,42.22405],[0.21789,42.22399],[0.20236,42.22284],[0.18989,42.21775],[0.18434,42.21741],[0.17961,42.21892],[0.17698,42.22097],[0.17265,42.22753],[0.16365,42.23254],[0.15803,42.2369],[0.15243,42.23956],[0.15035,42.23981],[0.14827,42.2374],[0.1439,42.23483],[0.13972,42.23346],[0.13958,42.23214],[0.14191,42.22665],[0.14077,42.22229],[0.13481,42.21418],[0.13326,42.21275],[0.13388,42.20984],[0.1329,42.20606],[0.12717,42.19997],[0.12253,42.19567],[0.11683,42.19245],[0.11336,42.19142],[0.10964,42.19144],[0.10622,42.19252],[0.10273,42.19571],[0.10201,42.19843],[0.10272,42.20117],[0.10642,42.2057],[0.10411,42.21136],[0.0984,42.216],[0.08781,42.21821],[0.08722,42.21453],[0.08233,42.20891],[0.0793,42.20756],[0.07387,42.20685],[0.06887,42.20793],[0.06629,42.20969],[0.06208,42.21386],[0.05705,42.21596],[0.04688,42.21713],[0.04296,42.21865],[0.03702,42.21682],[0.03164,42.21588],[0.02586,42.21687],[0.02111,42.2198],[0.01811,42.22231],[0.01535,42.22332],[0.01054,42.2237],[0.0071,42.22516],[0.00273,42.22904],[-0.00297,42.23234],[-0.00783,42.23768],[-0.00892,42.2408],[-0.00851,42.24389],[-0.00521,42.24771],[0.00392,42.25099],[0.00938,42.25477],[0.00504,42.26144],[-0.00354,42.26211],[-0.0109,42.26318],[-0.01959,42.26331],[-0.02353,42.26486],[-0.0277,42.265],[-0.03105,42.26605],[-0.03364,42.26795],[-0.03509,42.27043],[-0.0352,42.27315],[-0.03326,42.27711],[-0.03005,42.27958],[-0.03407,42.28241],[-0.03792,42.28378],[-0.04023,42.28579],[-0.04139,42.2883],[-0.04183,42.29234],[-0.04111,42.297],[-0.04136,42.30016],[-0.03916,42.30802],[-0.036,42.31147],[-0.03687,42.31517],[-0.04187,42.31997],[-0.04447,42.32166],[-0.05036,42.32948],[-0.05271,42.33092],[-0.05548,42.33463],[-0.05511,42.33919],[-0.05611,42.34378],[-0.0546,42.34801],[-0.0483,42.35395],[-0.05443,42.35486],[-0.06193,42.36048],[-0.06673,42.35713],[-0.07608,42.35308],[-0.08352,42.3462],[-0.08225,42.34294],[-0.08292,42.34004],[-0.08665,42.33662],[-0.09311,42.33544],[-0.0996,42.33301],[-0.11019,42.32538],[-0.11833,42.32042],[-0.12691,42.31671],[-0.13094,42.31549],[-0.13597,42.30852],[-0.13875,42.30672],[-0.15736,42.29866],[-0.16356,42.29167],[-0.16366,42.28726],[-0.16254,42.28408],[-0.16315,42.28131],[-0.16656,42.27796],[-0.16999,42.27677],[-0.17376,42.27665],[-0.17824,42.27771],[-0.18679,42.28202],[-0.19054,42.28315],[-0.19343,42.283],[-0.20448,42.28528],[-0.21023,42.28853],[-0.21776,42.29021],[-0.22526,42.28986],[-0.23545,42.28671],[-0.23876,42.28667],[-0.24322,42.28438],[-0.24685,42.28396],[-0.2504,42.28457],[-0.25315,42.28408],[-0.25624,42.27442],[-0.25858,42.27202],[-0.26202,42.27051],[-0.26613,42.27016],[-0.27352,42.26476],[-0.27244,42.25975],[-0.27309,42.25403],[-0.27075,42.24872],[-0.26737,42.24434],[-0.26594,42.23846],[-0.26685,42.23493],[-0.26378,42.23055],[-0.25697,42.22891],[-0.25001,42.22817],[-0.24769,42.22738],[-0.24143,42.22832],[-0.2345,42.22696],[-0.22458,42.22576],[-0.21849,42.22587],[-0.21536,42.22478],[-0.20889,42.22028],[-0.20196,42.21735],[-0.1968,42.21373],[-0.19284,42.20906],[-0.18922,42.20639],[-0.18741,42.20229],[-0.1897,42.19703],[-0.1925,42.19502],[-0.19385,42.19231],[-0.19654,42.19008],[-0.20174,42.18739],[-0.2043,42.18507],[-0.20785,42.18361],[-0.21188,42.18335],[-0.21851,42.18398],[-0.22234,42.18273],[-0.23184,42.18084],[-0.23656,42.17929],[-0.24029,42.17931],[-0.24992,42.18107],[-0.25428,42.17762],[-0.26051,42.17388],[-0.26251,42.16946],[-0.26532,42.16761],[-0.26885,42.16668],[-0.27921,42.16639],[-0.28263,42.15721],[-0.28249,42.15158],[-0.28361,42.14703],[-0.28579,42.14447],[-0.28915,42.14279],[-0.29793,42.1415],[-0.31075,42.14064],[-0.31143,42.13443],[-0.31327,42.13176],[-0.32756,42.12249],[-0.33333,42.1215],[-0.33341,42.11918],[-0.33024,42.11856],[-0.32708,42.11686],[-0.3251,42.11436],[-0.32461,42.11147],[-0.32569,42.10865],[-0.32806,42.10647],[-0.32679,42.10019],[-0.32448,42.09171],[-0.32525,42.08855],[-0.32857,42.08464],[-0.32741,42.08044],[-0.328,42.0729],[-0.32,42.0665],[-0.31213,42.05908],[-0.31073,42.0555],[-0.30853,42.05224],[-0.30795,42.04963],[-0.30606,42.04789],[-0.30445,42.04462],[-0.3,42.04053],[-0.29455,42.04184],[-0.28073,42.04219],[-0.27786,42.04319],[-0.27367,42.04336],[-0.26662,42.04139],[-0.25563,42.03944],[-0.24922,42.04011],[-0.23684,42.04009],[-0.23315,42.03889],[-0.22394,42.03395],[-0.21103,42.02754],[-0.20884,42.02493],[-0.20795,42.02108],[-0.20606,42.01664],[-0.20418,42.01428],[-0.20286,42.01043],[-0.1962,42.00126],[-0.19155,41.99785],[-0.18906,41.99275],[-0.18664,41.99],[-0.18079,41.98815],[-0.17622,41.98586],[-0.17342,41.98522],[-0.16863,41.98162],[-0.16573,41.98219],[-0.16061,41.98435],[-0.15234,41.98578],[-0.14579,41.98761],[-0.13729,41.98835],[-0.12798,41.98672],[-0.12379,41.98411],[-0.12126,41.97737],[-0.12112,41.97358],[-0.12014,41.96964],[-0.12114,41.9668],[-0.12371,41.96409],[-0.12922,41.96082],[-0.13055,41.95646],[-0.12736,41.95139],[-0.12241,41.94652],[-0.12061,41.93977],[-0.12079,41.93675],[-0.12373,41.93272],[-0.1236,41.93089],[-0.12635,41.92319],[-0.12421,41.91739],[-0.12519,41.91256],[-0.12303,41.91067],[-0.11918,41.90529],[-0.11545,41.90212],[-0.11442,41.89965],[-0.11453,41.89547],[-0.1129,41.89275],[-0.11291,41.88993],[-0.11537,41.88639],[-0.10983,41.88239],[-0.10324,41.88087],[-0.09345,41.87725],[-0.08978,41.87679],[-0.08446,41.877],[-0.07976,41.87615],[-0.07195,41.87285],[-0.06335,41.86708],[-0.0614,41.86299],[-0.06282,41.85861],[-0.06098,41.857]]],[[[-1.7919,41.11624],[-1.78661,41.11816],[-1.78133,41.11851],[-1.764,41.12223],[-1.75284,41.1239],[-1.74924,41.1234],[-1.74498,41.12084],[-1.74331,41.11689],[-1.74444,41.1092],[-1.74646,41.10503],[-1.74555,41.10148],[-1.73954,41.09356],[-1.73706,41.08626],[-1.73396,41.08209],[-1.73227,41.08409],[-1.72733,41.08786],[-1.72596,41.09061],[-1.72373,41.09275],[-1.72003,41.09436],[-1.71787,41.09683],[-1.71362,41.0989],[-1.69126,41.10426],[-1.65343,41.11711],[-1.64464,41.11778],[-1.6313,41.12274],[-1.61654,41.12686],[-1.61283,41.12702],[-1.60934,41.12609],[-1.6066,41.1242],[-1.60494,41.12184],[-1.60044,41.11895],[-1.59226,41.11927],[-1.58896,41.11849],[-1.58638,41.11693],[-1.58045,41.11694],[-1.56938,41.116],[-1.56359,41.11324],[-1.56089,41.11119],[-1.55945,41.1088],[-1.55222,41.09953],[-1.54683,41.10085],[-1.53954,41.10689],[-1.53725,41.11401],[-1.53431,41.11808],[-1.53007,41.12147],[-1.52448,41.12445],[-1.51774,41.12679],[-1.52377,41.12904],[-1.52664,41.13105],[-1.52817,41.13379],[-1.5283,41.13748],[-1.52754,41.15125],[-1.52676,41.15744],[-1.52541,41.16112],[-1.53193,41.16184],[-1.53462,41.16353],[-1.54129,41.16944],[-1.54221,41.17211],[-1.54096,41.17799],[-1.53823,41.18177],[-1.53091,41.18518],[-1.52942,41.18969],[-1.52658,41.19293],[-1.51942,41.19817],[-1.5102,41.20214],[-1.50691,41.20277],[-1.50307,41.20574],[-1.49788,41.2066],[-1.49444,41.20591],[-1.48852,41.20271],[-1.47904,41.20366],[-1.47376,41.20149],[-1.46891,41.20028],[-1.46028,41.19662],[-1.45346,41.19275],[-1.45039,41.18753],[-1.44826,41.19512],[-1.44952,41.2039],[-1.44779,41.20764],[-1.43725,41.219],[-1.43305,41.2257],[-1.42937,41.22957],[-1.42092,41.241],[-1.41563,41.24429],[-1.40459,41.24666],[-1.39929,41.24585],[-1.39577,41.24695],[-1.39084,41.25343],[-1.38769,41.2553],[-1.38395,41.26003],[-1.38111,41.26177],[-1.37151,41.26577],[-1.36626,41.26627],[-1.36157,41.26512],[-1.35496,41.26466],[-1.3502,41.26228],[-1.34382,41.2537],[-1.33953,41.24865],[-1.33415,41.24439],[-1.32818,41.23748],[-1.32402,41.23725],[-1.31889,41.24141],[-1.31627,41.2426],[-1.31065,41.24859],[-1.30775,41.2501],[-1.30434,41.25072],[-1.29755,41.25021],[-1.29095,41.25309],[-1.28779,41.25509],[-1.28268,41.25609],[-1.27769,41.25488],[-1.27363,41.25205],[-1.26907,41.25148],[-1.26221,41.24951],[-1.25938,41.24749],[-1.25707,41.24171],[-1.25496,41.23931],[-1.25103,41.23103],[-1.24493,41.23392],[-1.23941,41.23968],[-1.23558,41.24286],[-1.2323,41.24451],[-1.22648,41.24483],[-1.22319,41.24408],[-1.21267,41.24342],[-1.20767,41.24361],[-1.20018,41.24215],[-1.19642,41.23999],[-1.19465,41.23771],[-1.19412,41.23421],[-1.1926,41.22993],[-1.19016,41.2261],[-1.18234,41.22924],[-1.17787,41.2296],[-1.1716,41.22828],[-1.1654,41.22766],[-1.15338,41.23224],[-1.15008,41.23245],[-1.14482,41.23095],[-1.13757,41.2297],[-1.13002,41.22716],[-1.12777,41.22712],[-1.1265,41.22927],[-1.12741,41.23342],[-1.12921,41.23824],[-1.12821,41.24187],[-1.12208,41.25192],[-1.1181,41.25444],[-1.11229,41.25585],[-1.10878,41.25607],[-1.10472,41.25504],[-1.09293,41.25504],[-1.08967,41.25689],[-1.08824,41.26127],[-1.08605,41.26374],[-1.07918,41.26762],[-1.07549,41.26853],[-1.07306,41.27057],[-1.07284,41.27524],[-1.06922,41.28115],[-1.07497,41.29028],[-1.07476,41.29305],[-1.0732,41.29557],[-1.07051,41.29746],[-1.06256,41.29909],[-1.05711,41.31322],[-1.05677,41.31679],[-1.05512,41.31942],[-1.05226,41.32136],[-1.04862,41.3223],[-1.04481,41.32208],[-1.04144,41.32075],[-1.0371,41.31571],[-1.02177,41.31566],[-0.98305,41.31508],[-0.97633,41.32218],[-0.97948,41.3266],[-0.97988,41.32954],[-0.97896,41.33224],[-0.98016,41.33526],[-0.98309,41.33832],[-0.98505,41.34268],[-0.98497,41.34561],[-0.98337,41.34828],[-0.97853,41.35165],[-0.97344,41.35284],[-0.96493,41.3617],[-0.96396,41.36469],[-0.96021,41.36984],[-0.95659,41.38066],[-0.95818,41.38345],[-0.95944,41.39043],[-0.96327,41.39181],[-0.98245,41.40169],[-0.99054,41.40264],[-0.99526,41.40516],[-1.00356,41.40861],[-1.00663,41.41177],[-1.01165,41.41503],[-1.01899,41.41708],[-1.02355,41.42116],[-1.02437,41.42371],[-1.02559,41.43232],[-1.02572,41.43698],[-1.02777,41.44068],[-1.02983,41.45017],[-1.03496,41.4538],[-1.03958,41.45941],[-1.04665,41.46095],[-1.05238,41.46579],[-1.05676,41.4681],[-1.0626,41.47318],[-1.06508,41.47477],[-1.06924,41.47928],[-1.07379,41.48063],[-1.08101,41.48111],[-1.08464,41.48302],[-1.08907,41.48433],[-1.09425,41.48712],[-1.10365,41.49378],[-1.10754,41.49788],[-1.11433,41.50395],[-1.11821,41.50578],[-1.12128,41.50897],[-1.12294,41.51183],[-1.12797,41.5168],[-1.12984,41.52349],[-1.13378,41.52482],[-1.15371,41.52429],[-1.16481,41.52497],[-1.16881,41.5245],[-1.18516,41.51637],[-1.18824,41.51392],[-1.19195,41.50946],[-1.19507,41.50773],[-1.19882,41.50707],[-1.2026,41.50757],[-1.20579,41.50915],[-1.211,41.51379],[-1.21693,41.51677],[-1.22975,41.51613],[-1.23876,41.51674],[-1.24358,41.51755],[-1.24956,41.51632],[-1.25474,41.51413],[-1.25915,41.51146],[-1.27221,41.50245],[-1.27724,41.49965],[-1.27958,41.49705],[-1.28199,41.49096],[-1.28565,41.48552],[-1.29033,41.47728],[-1.29321,41.47377],[-1.29999,41.46423],[-1.30414,41.4619],[-1.3093,41.46103],[-1.31905,41.46015],[-1.33629,41.45809],[-1.33883,41.45643],[-1.34176,41.45324],[-1.34228,41.45123],[-1.34706,41.44472],[-1.34952,41.44271],[-1.35278,41.44153],[-1.35814,41.44162],[-1.36168,41.44287],[-1.36793,41.44224],[-1.37916,41.44455],[-1.38497,41.44021],[-1.39183,41.43943],[-1.4001,41.43789],[-1.40702,41.43479],[-1.41006,41.43196],[-1.41542,41.42979],[-1.41845,41.42444],[-1.41371,41.41834],[-1.4111,41.40472],[-1.41132,41.39892],[-1.40861,41.39746],[-1.40565,41.39404],[-1.4019,41.39117],[-1.40113,41.3861],[-1.39925,41.38328],[-1.39791,41.3771],[-1.39513,41.37469],[-1.39084,41.37332],[-1.38681,41.37853],[-1.38168,41.3829],[-1.37473,41.38554],[-1.36691,41.38592],[-1.36333,41.38496],[-1.36055,41.38301],[-1.35901,41.38038],[-1.35896,41.3775],[-1.36041,41.37482],[-1.36447,41.37208],[-1.36973,41.37006],[-1.37626,41.36596],[-1.37746,41.36293],[-1.38028,41.36025],[-1.37601,41.35734],[-1.37281,41.35428],[-1.37158,41.35042],[-1.36929,41.34848],[-1.35877,41.34625],[-1.35579,41.34448],[-1.35397,41.34197],[-1.3536,41.3391],[-1.35474,41.33634],[-1.35721,41.33413],[-1.36071,41.33279],[-1.36609,41.32683],[-1.37133,41.32357],[-1.38132,41.32094],[-1.38442,41.31903],[-1.38919,41.31759],[-1.39732,41.31426],[-1.4033,41.31461],[-1.40729,41.31651],[-1.41482,41.31545],[-1.4185,41.31614],[-1.4215,41.31788],[-1.42337,41.32037],[-1.42417,41.32453],[-1.4276,41.3319],[-1.43244,41.33513],[-1.43497,41.33866],[-1.43518,41.3413],[-1.43842,41.34417],[-1.44185,41.3497],[-1.44353,41.35634],[-1.45021,41.36137],[-1.45191,41.36394],[-1.45213,41.36683],[-1.45084,41.36956],[-1.43578,41.38848],[-1.43962,41.39593],[-1.44394,41.39834],[-1.44862,41.40014],[-1.4581,41.40829],[-1.46558,41.41284],[-1.46755,41.41538],[-1.47311,41.41895],[-1.47544,41.42269],[-1.47547,41.42513],[-1.47837,41.42883],[-1.4845,41.43161],[-1.48743,41.43535],[-1.495,41.44281],[-1.49792,41.44678],[-1.49886,41.44913],[-1.50255,41.45063],[-1.50785,41.45537],[-1.50975,41.45899],[-1.51704,41.45914],[-1.51794,41.4562],[-1.51978,41.45365],[-1.52718,41.44704],[-1.53162,41.44078],[-1.53116,41.43697],[-1.52459,41.43188],[-1.52269,41.42938],[-1.52209,41.42639],[-1.52316,41.42346],[-1.52546,41.421],[-1.52949,41.41829],[-1.5295,41.41514],[-1.53228,41.4112],[-1.54406,41.40254],[-1.54885,41.39863],[-1.55206,41.39745],[-1.55561,41.39723],[-1.55901,41.39802],[-1.56177,41.39969],[-1.56736,41.40551],[-1.56933,41.41052],[-1.57193,41.41262],[-1.57311,41.41501],[-1.57485,41.4223],[-1.57539,41.42732],[-1.57929,41.42912],[-1.58152,41.43124],[-1.58253,41.43493],[-1.58687,41.43794],[-1.59139,41.44573],[-1.59387,41.44715],[-1.59576,41.44959],[-1.59572,41.45441],[-1.59748,41.45715],[-1.60525,41.45555],[-1.60823,41.4559],[-1.61351,41.45538],[-1.6216,41.45828],[-1.62341,41.4574],[-1.63038,41.4561],[-1.63155,41.45404],[-1.63618,41.45109],[-1.64007,41.45048],[-1.64393,41.45112],[-1.65297,41.457],[-1.66164,41.45833],[-1.66471,41.46012],[-1.66656,41.46269],[-1.6678,41.47044],[-1.66663,41.47352],[-1.66939,41.47671],[-1.67267,41.47869],[-1.67499,41.4826],[-1.67516,41.48719],[-1.67456,41.48982],[-1.67817,41.49516],[-1.67984,41.5014],[-1.67948,41.50573],[-1.67727,41.51292],[-1.68296,41.51603],[-1.6862,41.52029],[-1.69297,41.5242],[-1.69673,41.53004],[-1.69983,41.5337],[-1.70976,41.53409],[-1.71433,41.53019],[-1.71842,41.52832],[-1.72428,41.52823],[-1.73004,41.53059],[-1.73236,41.5328],[-1.73521,41.53998],[-1.737,41.54155],[-1.74296,41.54258],[-1.748,41.54482],[-1.75382,41.54483],[-1.75691,41.54591],[-1.76256,41.5491],[-1.76516,41.54909],[-1.77408,41.54515],[-1.77645,41.54297],[-1.78289,41.53985],[-1.78803,41.53932],[-1.79502,41.54019],[-1.79831,41.54171],[-1.80052,41.5441],[-1.80275,41.54923],[-1.80699,41.55186],[-1.81129,41.5529],[-1.816,41.55286],[-1.82533,41.55505],[-1.83223,41.55886],[-1.8389,41.5567],[-1.842,41.55632],[-1.84886,41.5541],[-1.85509,41.55151],[-1.85869,41.54933],[-1.86214,41.54447],[-1.86644,41.5398],[-1.86513,41.5363],[-1.86257,41.53494],[-1.85528,41.52788],[-1.85402,41.52411],[-1.85474,41.52154],[-1.85956,41.51591],[-1.86102,41.51498],[-1.86639,41.51367],[-1.87188,41.51431],[-1.87553,41.51164],[-1.88222,41.50869],[-1.88686,41.50829],[-1.89799,41.50883],[-1.90518,41.50977],[-1.91222,41.50394],[-1.91517,41.50274],[-1.92273,41.5008],[-1.92593,41.49851],[-1.93319,41.49503],[-1.94823,41.49028],[-1.9536,41.48834],[-1.95773,41.48796],[-1.95994,41.48652],[-1.96515,41.48461],[-1.96985,41.4815],[-1.96505,41.47679],[-1.95738,41.46836],[-1.95325,41.46239],[-1.95168,41.45605],[-1.95285,41.45193],[-1.95232,41.44551],[-1.94891,41.43543],[-1.94911,41.43043],[-1.9503,41.42742],[-1.95358,41.42431],[-1.95268,41.42336],[-1.94386,41.42009],[-1.94102,41.41825],[-1.93936,41.41571],[-1.93805,41.40827],[-1.93892,41.40363],[-1.93814,41.40202],[-1.93701,41.39518],[-1.93543,41.39127],[-1.93172,41.38863],[-1.93012,41.38613],[-1.92993,41.38326],[-1.92713,41.38141],[-1.92542,41.37868],[-1.92537,41.37564],[-1.92653,41.37123],[-1.92912,41.36699],[-1.93515,41.36138],[-1.93857,41.35964],[-1.94408,41.35899],[-1.94263,41.35368],[-1.94317,41.35101],[-1.94625,41.34772],[-1.9506,41.34582],[-1.95776,41.34193],[-1.9629,41.33993],[-1.9673,41.33948],[-1.97084,41.33998],[-1.98006,41.33905],[-1.98406,41.3397],[-1.99152,41.34407],[-1.99454,41.34854],[-1.99981,41.35456],[-2.00766,41.36006],[-2.01318,41.36601],[-2.01321,41.37055],[-2.01543,41.37425],[-2.0184,41.37525],[-2.02319,41.37841],[-2.02483,41.3808],[-2.02536,41.38384],[-2.02976,41.38511],[-2.03202,41.38675],[-2.04033,41.38265],[-2.0439,41.3825],[-2.0523,41.38546],[-2.05819,41.38448],[-2.06201,41.38494],[-2.06717,41.3839],[-2.0711,41.38168],[-2.08587,41.37728],[-2.08942,41.37724],[-2.09755,41.3783],[-2.09896,41.37345],[-2.09703,41.36514],[-2.09645,41.35609],[-2.09865,41.35231],[-2.10422,41.3487],[-2.1035,41.34631],[-2.10374,41.33771],[-2.10084,41.32912],[-2.09755,41.32061],[-2.09517,41.30928],[-2.0966,41.29945],[-2.09213,41.29986],[-2.0853,41.29887],[-2.08187,41.29708],[-2.07811,41.29398],[-2.07045,41.282],[-2.07013,41.27549],[-2.06606,41.26762],[-2.05918,41.26188],[-2.05805,41.25955],[-2.05746,41.25495],[-2.05223,41.25695],[-2.04105,41.2584],[-2.02581,41.25484],[-2.01983,41.25266],[-2.01655,41.24956],[-2.01598,41.24558],[-2.01688,41.24341],[-2.01724,41.23902],[-2.01437,41.23217],[-2.00902,41.22651],[-1.99917,41.21507],[-1.99053,41.21452],[-1.97178,41.21197],[-1.96117,41.21399],[-1.95711,41.2155],[-1.95359,41.2158],[-1.95019,41.2151],[-1.9449,41.21133],[-1.9426,41.20782],[-1.93876,41.19735],[-1.93659,41.18877],[-1.93261,41.18541],[-1.92818,41.18354],[-1.92362,41.1837],[-1.91117,41.18042],[-1.90598,41.1774],[-1.90042,41.16952],[-1.89973,41.16712],[-1.88593,41.14586],[-1.88223,41.14586],[-1.87726,41.14964],[-1.87338,41.15118],[-1.86874,41.1541],[-1.85888,41.15769],[-1.85376,41.16148],[-1.85071,41.16266],[-1.84519,41.16377],[-1.84001,41.1637],[-1.83196,41.16455],[-1.82629,41.16343],[-1.82323,41.16159],[-1.82143,41.15897],[-1.82095,41.15562],[-1.82258,41.15115],[-1.81869,41.1446],[-1.81524,41.13735],[-1.80998,41.1328],[-1.80865,41.12938],[-1.80787,41.11959],[-1.80958,41.1158],[-1.80754,41.11363],[-1.7919,41.11624]]]]}},{"type":"Feature","properties":{"level":"subregion","subregionId":"rioja","nameJa":"リオハ"},"geometry":{"type":"Polygon","coordinates":[[[-1.89915,42.40963],[-1.90393,42.41213],[-1.90603,42.41447],[-1.90675,42.41724],[-1.9065,42.42366],[-1.9041,42.42736],[-1.90615,42.43044],[-1.9096,42.43313],[-1.92004,42.43166],[-1.92355,42.43086],[-1.92866,42.42877],[-1.93102,42.42414],[-1.93317,42.41746],[-1.93648,42.41399],[-1.94134,42.40628],[-1.94883,42.40105],[-1.95771,42.39256],[-1.95999,42.39109],[-1.96199,42.3864],[-1.96494,42.38448],[-1.97156,42.38207],[-1.97615,42.37807],[-1.9796,42.37671],[-1.98537,42.37677],[-1.98872,42.3782],[-1.9944,42.38194],[-2.00025,42.38469],[-2.00805,42.39049],[-2.01148,42.39638],[-2.01461,42.39887],[-2.01883,42.40722],[-2.02409,42.40832],[-2.03058,42.4115],[-2.03327,42.41008],[-2.04174,42.40799],[-2.05604,42.40013],[-2.06143,42.39243],[-2.06438,42.38961],[-2.06526,42.38654],[-2.06778,42.38327],[-2.06709,42.38085],[-2.06105,42.37841],[-2.05708,42.37354],[-2.05623,42.36929],[-2.05752,42.36364],[-2.05699,42.3609],[-2.05445,42.35841],[-2.05337,42.35584],[-2.05429,42.35187],[-2.0579,42.34886],[-2.06179,42.34758],[-2.06916,42.34383],[-2.07283,42.3433],[-2.08356,42.34507],[-2.08657,42.34643],[-2.08871,42.3485],[-2.09007,42.35379],[-2.08948,42.35667],[-2.0873,42.3598],[-2.07911,42.36639],[-2.07939,42.36893],[-2.08753,42.37373],[-2.0894,42.37617],[-2.08954,42.38036],[-2.08764,42.38354],[-2.08896,42.38479],[-2.09575,42.38788],[-2.10447,42.39092],[-2.10951,42.39397],[-2.11251,42.39733],[-2.11371,42.39994],[-2.1135,42.40269],[-2.11114,42.4072],[-2.10565,42.41432],[-2.10516,42.41582],[-2.11199,42.41989],[-2.11613,42.41935],[-2.12394,42.42051],[-2.12817,42.42312],[-2.12959,42.42565],[-2.13043,42.4324],[-2.12975,42.43738],[-2.12858,42.43984],[-2.12565,42.44265],[-2.11865,42.44689],[-2.12719,42.45515],[-2.1332,42.46449],[-2.13624,42.47078],[-2.14212,42.47822],[-2.14561,42.48164],[-2.15037,42.48095],[-2.15596,42.48217],[-2.15868,42.48426],[-2.16211,42.48824],[-2.1666,42.4888],[-2.17073,42.4882],[-2.17829,42.48911],[-2.18545,42.49066],[-2.19779,42.49528],[-2.20044,42.4902],[-2.20696,42.48265],[-2.20988,42.47853],[-2.21551,42.4745],[-2.22161,42.47217],[-2.22954,42.47214],[-2.233,42.47342],[-2.2403,42.4772],[-2.24609,42.47775],[-2.2549,42.47919],[-2.26223,42.48151],[-2.26625,42.48203],[-2.27593,42.48542],[-2.28456,42.48726],[-2.29079,42.48951],[-2.29325,42.49189],[-2.29402,42.49768],[-2.29214,42.50143],[-2.28937,42.50989],[-2.28656,42.51419],[-2.28589,42.51691],[-2.28798,42.52322],[-2.28822,42.52626],[-2.2923,42.53212],[-2.29357,42.53589],[-2.2973,42.54397],[-2.30044,42.54991],[-2.29957,42.55443],[-2.29684,42.55729],[-2.29782,42.56088],[-2.30193,42.56569],[-2.30556,42.57115],[-2.30682,42.57665],[-2.30884,42.579],[-2.31434,42.58227],[-2.31722,42.58609],[-2.31816,42.58963],[-2.3205,42.59156],[-2.32565,42.59186],[-2.32926,42.59311],[-2.33342,42.59032],[-2.3343,42.58529],[-2.33781,42.58215],[-2.3412,42.58107],[-2.34729,42.58097],[-2.35654,42.58324],[-2.35942,42.58468],[-2.36239,42.58833],[-2.37469,42.5902],[-2.38961,42.59075],[-2.3931,42.59196],[-2.39565,42.59408],[-2.39688,42.59678],[-2.39951,42.59838],[-2.40641,42.59858],[-2.41189,42.60037],[-2.41681,42.6042],[-2.41856,42.60702],[-2.42098,42.60707],[-2.42459,42.6047],[-2.42521,42.60197],[-2.42963,42.59717],[-2.44023,42.58055],[-2.44154,42.578],[-2.44412,42.57581],[-2.44765,42.57454],[-2.45344,42.57476],[-2.45673,42.57628],[-2.45951,42.58003],[-2.46221,42.5872],[-2.47266,42.58934],[-2.48574,42.58921],[-2.48921,42.59018],[-2.49286,42.59322],[-2.49409,42.59637],[-2.49483,42.60283],[-2.49921,42.61046],[-2.50012,42.61635],[-2.50347,42.6168],[-2.51471,42.61724],[-2.52414,42.61531],[-2.52858,42.61482],[-2.53685,42.61256],[-2.54441,42.61163],[-2.55308,42.60824],[-2.55877,42.60555],[-2.56321,42.6046],[-2.57274,42.60152],[-2.57861,42.60022],[-2.59735,42.59951],[-2.61517,42.60376],[-2.62553,42.6048],[-2.63078,42.60388],[-2.63872,42.59902],[-2.64411,42.59666],[-2.65797,42.59327],[-2.66733,42.59233],[-2.67136,42.59301],[-2.67775,42.59509],[-2.68591,42.59527],[-2.69998,42.59811],[-2.70796,42.60022],[-2.71116,42.60165],[-2.7159,42.60511],[-2.71925,42.6064],[-2.72281,42.60896],[-2.72807,42.61363],[-2.7306,42.61751],[-2.73622,42.61933],[-2.74064,42.62238],[-2.74936,42.62364],[-2.75406,42.62129],[-2.75774,42.62091],[-2.76383,42.62275],[-2.7692,42.62245],[-2.77493,42.62492],[-2.77847,42.62911],[-2.78693,42.6326],[-2.78994,42.63461],[-2.79632,42.63435],[-2.79992,42.63546],[-2.80352,42.63887],[-2.8063,42.64012],[-2.81297,42.6396],[-2.81637,42.64021],[-2.82228,42.64392],[-2.82554,42.64486],[-2.82839,42.6444],[-2.83606,42.64183],[-2.84594,42.6403],[-2.85411,42.64028],[-2.85996,42.63909],[-2.86648,42.63877],[-2.87038,42.63969],[-2.87637,42.64397],[-2.88751,42.64852],[-2.89049,42.65132],[-2.89465,42.65408],[-2.89633,42.65643],[-2.89896,42.66431],[-2.89778,42.67018],[-2.89824,42.67508],[-2.89522,42.67922],[-2.9024,42.68577],[-2.90315,42.68842],[-2.90257,42.69353],[-2.90748,42.69556],[-2.90989,42.69572],[-2.91738,42.69762],[-2.92173,42.70113],[-2.92711,42.70353],[-2.93056,42.70807],[-2.93851,42.70837],[-2.94704,42.70961],[-2.9563,42.71032],[-2.96363,42.70821],[-2.97348,42.70861],[-2.98022,42.70778],[-2.98545,42.7097],[-2.98766,42.7121],[-2.98907,42.71864],[-2.99414,42.72141],[-3.00084,42.72242],[-3.00395,42.72386],[-3.00609,42.72605],[-3.00697,42.72869],[-3.006,42.73239],[-3.01309,42.73525],[-3.01548,42.73758],[-3.0164,42.74037],[-3.02048,42.74064],[-3.03211,42.73747],[-3.04072,42.73841],[-3.04304,42.73562],[-3.04277,42.7325],[-3.03646,42.72427],[-3.03223,42.72005],[-3.02938,42.71301],[-3.02976,42.71019],[-3.03159,42.70768],[-3.03712,42.70508],[-3.04162,42.70472],[-3.04478,42.70247],[-3.05195,42.69918],[-3.05443,42.69486],[-3.05562,42.68973],[-3.05556,42.68645],[-3.05403,42.68217],[-3.05331,42.67622],[-3.05235,42.67585],[-3.04577,42.67731],[-3.04192,42.67741],[-3.03334,42.67559],[-3.02997,42.67361],[-3.02342,42.67487],[-3.01993,42.67465],[-3.01679,42.67352],[-3.01042,42.66904],[-3.00893,42.66659],[-3.00802,42.66039],[-3.00579,42.65609],[-3.00631,42.65273],[-3.00468,42.64839],[-3.00534,42.64564],[-3.00735,42.64327],[-3.01448,42.64025],[-3.01796,42.63776],[-3.02161,42.63674],[-3.02549,42.63686],[-3.02944,42.63809],[-3.0349,42.63838],[-3.04045,42.6399],[-3.05087,42.64015],[-3.05851,42.63965],[-3.06516,42.63964],[-3.06939,42.63886],[-3.07774,42.63935],[-3.08413,42.64061],[-3.08471,42.6352],[-3.08444,42.63018],[-3.08634,42.62773],[-3.08187,42.62651],[-3.07824,42.62378],[-3.07342,42.62206],[-3.07004,42.61885],[-3.06796,42.61289],[-3.06612,42.60984],[-3.06558,42.60696],[-3.0637,42.6044],[-3.06318,42.60164],[-3.06447,42.59837],[-3.06565,42.59208],[-3.06747,42.58964],[-3.07039,42.58788],[-3.07978,42.58357],[-3.08608,42.58219],[-3.08367,42.57648],[-3.08448,42.57251],[-3.08947,42.56672],[-3.09717,42.56278],[-3.10219,42.55956],[-3.1053,42.55507],[-3.10957,42.55233],[-3.11459,42.5513],[-3.11792,42.54958],[-3.12161,42.54667],[-3.12568,42.54436],[-3.13128,42.54331],[-3.13419,42.54203],[-3.13098,42.53717],[-3.12544,42.53318],[-3.11734,42.53221],[-3.1114,42.53049],[-3.10759,42.52882],[-3.10336,42.5327],[-3.10044,42.53406],[-3.09455,42.53523],[-3.09079,42.53537],[-3.08727,42.53445],[-3.08416,42.53227],[-3.07969,42.53061],[-3.07702,42.52883],[-3.0751,42.52513],[-3.07641,42.52082],[-3.07432,42.51552],[-3.07597,42.50554],[-3.07969,42.4991],[-3.08319,42.49658],[-3.09309,42.49158],[-3.09464,42.48816],[-3.09184,42.48417],[-3.0904,42.47789],[-3.08665,42.4773],[-3.08235,42.47454],[-3.07617,42.47564],[-3.07257,42.47533],[-3.06939,42.47405],[-3.06432,42.471],[-3.06016,42.47172],[-3.05217,42.4747],[-3.04921,42.47794],[-3.0453,42.48051],[-3.03004,42.48398],[-3.01706,42.48607],[-3.01356,42.4857],[-3.0044,42.4833],[-2.997,42.47923],[-2.99399,42.48798],[-2.9937,42.49125],[-2.98983,42.5011],[-2.98728,42.50301],[-2.98399,42.50411],[-2.97817,42.50507],[-2.96739,42.50468],[-2.95965,42.5033],[-2.95196,42.50139],[-2.94918,42.49973],[-2.94742,42.49744],[-2.9469,42.49482],[-2.9481,42.49096],[-2.95168,42.48781],[-2.95574,42.48638],[-2.95697,42.47982],[-2.9524,42.47767],[-2.95015,42.47538],[-2.94928,42.47261],[-2.94907,42.46714],[-2.95081,42.46032],[-2.95085,42.45751],[-2.94603,42.45462],[-2.94459,42.45004],[-2.93991,42.44339],[-2.93499,42.43775],[-2.91988,42.43514],[-2.91293,42.43335],[-2.91008,42.43157],[-2.90802,42.42775],[-2.90839,42.42171],[-2.91057,42.4179],[-2.90889,42.41016],[-2.90674,42.40637],[-2.89755,42.40464],[-2.89068,42.40425],[-2.88655,42.40149],[-2.8827,42.39279],[-2.88355,42.38996],[-2.88866,42.38408],[-2.89578,42.37878],[-2.89736,42.37529],[-2.90396,42.36832],[-2.90623,42.36672],[-2.90563,42.36175],[-2.90767,42.35271],[-2.91002,42.34923],[-2.91192,42.3429],[-2.91326,42.34127],[-2.91159,42.33992],[-2.90872,42.33969],[-2.90132,42.33739],[-2.89888,42.3358],[-2.89329,42.33069],[-2.88814,42.33269],[-2.88506,42.33308],[-2.88161,42.33511],[-2.86949,42.33946],[-2.86558,42.33921],[-2.85819,42.33625],[-2.85585,42.3341],[-2.8548,42.33002],[-2.85611,42.32194],[-2.85787,42.31948],[-2.86363,42.31491],[-2.86544,42.3107],[-2.86779,42.30797],[-2.87192,42.30561],[-2.87542,42.305],[-2.87896,42.30538],[-2.88339,42.30709],[-2.88559,42.30697],[-2.89426,42.30358],[-2.9045,42.29727],[-2.90888,42.29366],[-2.91049,42.29091],[-2.91683,42.28549],[-2.92118,42.27979],[-2.92246,42.27567],[-2.91321,42.27147],[-2.91004,42.27129],[-2.89997,42.27261],[-2.89573,42.27438],[-2.89199,42.27802],[-2.88122,42.28155],[-2.8793,42.28542],[-2.87659,42.28765],[-2.87291,42.28887],[-2.867,42.28906],[-2.86035,42.29107],[-2.85622,42.29389],[-2.85457,42.29786],[-2.84968,42.30316],[-2.84654,42.30454],[-2.84251,42.30728],[-2.83836,42.31172],[-2.83368,42.31376],[-2.83116,42.31624],[-2.82705,42.31874],[-2.8237,42.31981],[-2.82007,42.3199],[-2.81667,42.31898],[-2.81397,42.31719],[-2.81236,42.31478],[-2.81085,42.31015],[-2.80646,42.30303],[-2.80613,42.29633],[-2.80725,42.29342],[-2.81163,42.29025],[-2.81735,42.28403],[-2.82053,42.28174],[-2.82606,42.27872],[-2.82998,42.27714],[-2.83319,42.27671],[-2.84045,42.27153],[-2.84415,42.27042],[-2.84712,42.26821],[-2.84133,42.26471],[-2.83661,42.25983],[-2.83571,42.25724],[-2.8327,42.25347],[-2.82843,42.25201],[-2.82305,42.25345],[-2.81296,42.2583],[-2.81217,42.25998],[-2.81231,42.26406],[-2.80843,42.26892],[-2.80533,42.27047],[-2.80101,42.2712],[-2.79742,42.27107],[-2.7947,42.27195],[-2.78999,42.272],[-2.78597,42.27367],[-2.78364,42.27648],[-2.78058,42.27819],[-2.77363,42.27934],[-2.77058,42.27915],[-2.76793,42.28317],[-2.76315,42.28659],[-2.76137,42.28907],[-2.76521,42.29854],[-2.76436,42.30239],[-2.76267,42.30489],[-2.75983,42.30673],[-2.75341,42.3084],[-2.74738,42.30762],[-2.73825,42.30813],[-2.73622,42.30961],[-2.73988,42.31456],[-2.74007,42.31734],[-2.73883,42.31998],[-2.73421,42.32304],[-2.7307,42.32604],[-2.7256,42.32773],[-2.72183,42.32973],[-2.71362,42.33124],[-2.71033,42.33134],[-2.70146,42.33049],[-2.69303,42.33206],[-2.68951,42.33192],[-2.68419,42.33028],[-2.68201,42.33188],[-2.68174,42.33869],[-2.68052,42.34147],[-2.67794,42.34368],[-2.6744,42.34496],[-2.66981,42.34502],[-2.66542,42.34715],[-2.66191,42.34753],[-2.65299,42.34517],[-2.65039,42.34363],[-2.64507,42.33852],[-2.64076,42.33297],[-2.63804,42.3311],[-2.63414,42.33246],[-2.63016,42.33264],[-2.62644,42.33161],[-2.61697,42.32757],[-2.60666,42.32918],[-2.60366,42.33215],[-2.60048,42.33342],[-2.5936,42.33328],[-2.58748,42.33492],[-2.58318,42.33422],[-2.58021,42.33452],[-2.57744,42.3369],[-2.57035,42.3411],[-2.56214,42.34417],[-2.55707,42.34478],[-2.55215,42.3434],[-2.54769,42.33881],[-2.54682,42.33502],[-2.54729,42.33309],[-2.544,42.32804],[-2.5365,42.32728],[-2.53287,42.32596],[-2.5303,42.32364],[-2.52908,42.32098],[-2.52389,42.31828],[-2.51398,42.32051],[-2.51135,42.32176],[-2.50342,42.32374],[-2.49955,42.32353],[-2.49571,42.32205],[-2.4933,42.31988],[-2.49181,42.31553],[-2.49204,42.31245],[-2.4949,42.30729],[-2.49554,42.30448],[-2.4911,42.30392],[-2.48773,42.30238],[-2.48032,42.29305],[-2.47727,42.29453],[-2.46883,42.29562],[-2.46474,42.29659],[-2.45795,42.301],[-2.45113,42.30233],[-2.44681,42.305],[-2.44911,42.3107],[-2.44807,42.31854],[-2.44643,42.32098],[-2.4437,42.3228],[-2.44027,42.32376],[-2.43662,42.3237],[-2.4276,42.32076],[-2.42478,42.32081],[-2.41071,42.31495],[-2.4074,42.31053],[-2.40737,42.30705],[-2.40286,42.30646],[-2.39361,42.30335],[-2.38621,42.30029],[-2.38288,42.29791],[-2.38096,42.29384],[-2.38249,42.28861],[-2.38748,42.28331],[-2.38801,42.28023],[-2.39017,42.27597],[-2.39403,42.27085],[-2.38445,42.25518],[-2.38407,42.25305],[-2.38029,42.24871],[-2.37646,42.24622],[-2.3664,42.24145],[-2.35868,42.23867],[-2.34218,42.23557],[-2.33705,42.23629],[-2.33959,42.24476],[-2.33907,42.2491],[-2.33724,42.25164],[-2.33424,42.25346],[-2.32497,42.2556],[-2.32213,42.25867],[-2.31486,42.2611],[-2.31215,42.26615],[-2.31117,42.26974],[-2.30901,42.27331],[-2.30877,42.27541],[-2.31056,42.27977],[-2.30863,42.28566],[-2.30371,42.29044],[-2.30016,42.29168],[-2.29625,42.29178],[-2.28613,42.28937],[-2.28348,42.28811],[-2.27259,42.27946],[-2.26765,42.2767],[-2.26344,42.27174],[-2.25522,42.27202],[-2.24747,42.2696],[-2.24472,42.2679],[-2.24166,42.26198],[-2.24203,42.25907],[-2.24393,42.25649],[-2.25149,42.25184],[-2.25452,42.24745],[-2.26015,42.24369],[-2.26717,42.2406],[-2.26957,42.23835],[-2.27693,42.2338],[-2.2761,42.22906],[-2.27774,42.22415],[-2.28147,42.22089],[-2.28382,42.21754],[-2.28737,42.21544],[-2.28653,42.21325],[-2.28667,42.20804],[-2.2874,42.20623],[-2.28429,42.20449],[-2.27917,42.19906],[-2.27282,42.19675],[-2.26663,42.19547],[-2.26341,42.19354],[-2.26087,42.18973],[-2.26068,42.18682],[-2.26206,42.18407],[-2.26651,42.18123],[-2.2686,42.1792],[-2.26747,42.17604],[-2.2641,42.17361],[-2.26202,42.17589],[-2.25744,42.179],[-2.25183,42.18015],[-2.24805,42.17946],[-2.24262,42.1774],[-2.2388,42.17338],[-2.23159,42.16879],[-2.22934,42.16792],[-2.2217,42.16335],[-2.219,42.15941],[-2.215,42.15493],[-2.21379,42.14957],[-2.2094,42.14729],[-2.20368,42.1426],[-2.20133,42.13854],[-2.19803,42.13477],[-2.19676,42.13217],[-2.1919,42.1266],[-2.18755,42.12475],[-2.18392,42.12119],[-2.18305,42.11703],[-2.18027,42.11042],[-2.17526,42.10435],[-2.17079,42.10491],[-2.16647,42.10417],[-2.15739,42.10476],[-2.14758,42.10373],[-2.13567,42.10162],[-2.13142,42.09937],[-2.12915,42.09727],[-2.1281,42.09468],[-2.1284,42.08989],[-2.12723,42.08641],[-2.12734,42.08226],[-2.12891,42.07949],[-2.13343,42.07589],[-2.1364,42.07461],[-2.14271,42.07402],[-2.14636,42.07285],[-2.15103,42.06945],[-2.15412,42.06816],[-2.16176,42.06675],[-2.1611,42.06255],[-2.15877,42.05863],[-2.15892,42.05583],[-2.15686,42.05324],[-2.15473,42.04704],[-2.15236,42.04544],[-2.15052,42.04218],[-2.14658,42.04162],[-2.14337,42.03986],[-2.13903,42.03643],[-2.13645,42.0331],[-2.13425,42.03168],[-2.129,42.02626],[-2.12211,42.02425],[-2.11781,42.02067],[-2.11649,42.01819],[-2.11523,42.01151],[-2.11072,42.00567],[-2.10766,42.00288],[-2.09525,42.00381],[-2.09178,42.0031],[-2.08534,41.99852],[-2.08,41.99611],[-2.07503,41.99658],[-2.06843,41.99902],[-2.06485,41.9993],[-2.06141,41.99858],[-2.05814,41.99673],[-2.05334,41.99497],[-2.05167,41.99349],[-2.04707,41.99233],[-2.04409,41.99041],[-2.04133,41.98672],[-2.04047,41.98252],[-2.04176,41.97983],[-2.04988,41.97434],[-2.05095,41.96918],[-2.04878,41.96372],[-2.04793,41.96002],[-2.04871,41.95604],[-2.05109,41.95118],[-2.04778,41.94976],[-2.04516,41.9476],[-2.04233,41.94384],[-2.03741,41.94155],[-2.03034,41.94571],[-2.02663,41.94643],[-2.02285,41.94602],[-2.01512,41.9428],[-2.01311,41.94093],[-2.00503,41.93944],[-2.00049,41.93674],[-1.99837,41.93086],[-1.99155,41.92475],[-1.98411,41.92007],[-1.98163,41.91911],[-1.97069,41.91913],[-1.96148,41.9203],[-1.95842,41.92387],[-1.95552,41.92551],[-1.9502,41.92623],[-1.94091,41.92548],[-1.93534,41.92698],[-1.9228,41.93258],[-1.91904,41.93303],[-1.91515,41.93239],[-1.91147,41.93865],[-1.90198,41.94554],[-1.89811,41.94676],[-1.8907,41.94778],[-1.87759,41.95242],[-1.86668,41.95921],[-1.85665,41.96634],[-1.86085,41.97214],[-1.86129,41.97497],[-1.86023,41.97771],[-1.85784,41.97995],[-1.85419,41.98161],[-1.84416,41.98729],[-1.84477,41.98913],[-1.84733,41.99105],[-1.84988,41.99577],[-1.84916,42.00004],[-1.84721,42.00234],[-1.84722,42.00794],[-1.85344,42.00667],[-1.85852,42.00812],[-1.86301,42.01168],[-1.86486,42.01501],[-1.86972,42.01456],[-1.87537,42.01625],[-1.88032,42.02088],[-1.88304,42.02626],[-1.88645,42.02743],[-1.89143,42.02686],[-1.89666,42.02809],[-1.90035,42.03016],[-1.90243,42.0327],[-1.90263,42.03866],[-1.90412,42.04385],[-1.9048,42.05091],[-1.90338,42.05442],[-1.90641,42.0593],[-1.90545,42.06762],[-1.90263,42.07118],[-1.90231,42.07287],[-1.89929,42.07782],[-1.89387,42.08283],[-1.89186,42.08588],[-1.88856,42.08831],[-1.88176,42.09427],[-1.87381,42.09988],[-1.87121,42.10298],[-1.86329,42.10803],[-1.85856,42.11523],[-1.84064,42.12787],[-1.83756,42.13381],[-1.83782,42.14108],[-1.83627,42.14398],[-1.83232,42.14815],[-1.82419,42.15221],[-1.82062,42.1527],[-1.81708,42.15217],[-1.81084,42.15028],[-1.80813,42.14869],[-1.80371,42.1473],[-1.80106,42.14542],[-1.79918,42.14179],[-1.79492,42.14032],[-1.79005,42.1398],[-1.78439,42.13813],[-1.77905,42.13774],[-1.77659,42.14234],[-1.76987,42.14541],[-1.76479,42.14914],[-1.75936,42.15043],[-1.75077,42.1505],[-1.7398,42.14957],[-1.73614,42.14823],[-1.72572,42.14163],[-1.71997,42.13355],[-1.69024,42.14839],[-1.67984,42.15163],[-1.68667,42.15623],[-1.69144,42.15755],[-1.69422,42.15935],[-1.69945,42.16684],[-1.7005,42.17209],[-1.69985,42.17463],[-1.69708,42.17962],[-1.69269,42.18265],[-1.67939,42.18814],[-1.67949,42.19101],[-1.68573,42.19396],[-1.68831,42.19326],[-1.6963,42.19339],[-1.70117,42.195],[-1.70413,42.1983],[-1.70563,42.20183],[-1.70574,42.20686],[-1.70914,42.20989],[-1.71318,42.21038],[-1.71813,42.21211],[-1.72159,42.21258],[-1.72588,42.21415],[-1.72888,42.21377],[-1.73659,42.21502],[-1.74064,42.21371],[-1.74736,42.21422],[-1.76599,42.2211],[-1.77315,42.22023],[-1.77681,42.22131],[-1.78012,42.22403],[-1.78792,42.22505],[-1.79379,42.22272],[-1.79887,42.22291],[-1.8034,42.22482],[-1.80634,42.22779],[-1.81374,42.22829],[-1.81703,42.22984],[-1.81922,42.23223],[-1.81995,42.23509],[-1.81985,42.23984],[-1.81838,42.24609],[-1.82053,42.24909],[-1.8296,42.24726],[-1.83502,42.24871],[-1.83993,42.25164],[-1.84178,42.25391],[-1.84276,42.26165],[-1.84221,42.26404],[-1.83689,42.27538],[-1.83913,42.28161],[-1.83895,42.28376],[-1.84081,42.28647],[-1.84185,42.29048],[-1.85055,42.30872],[-1.85586,42.3157],[-1.85743,42.32141],[-1.85882,42.32294],[-1.86755,42.32818],[-1.87058,42.3316],[-1.87631,42.33586],[-1.8783,42.33966],[-1.87718,42.34368],[-1.87356,42.34804],[-1.87493,42.35069],[-1.87981,42.35405],[-1.88497,42.35937],[-1.88942,42.36208],[-1.89447,42.36808],[-1.89507,42.37218],[-1.89314,42.3759],[-1.89363,42.38515],[-1.89284,42.38741],[-1.88743,42.39436],[-1.88455,42.39611],[-1.88126,42.3969],[-1.8945,42.40656],[-1.89915,42.40963]]]}},{"type":"Feature","properties":{"level":"subregion","subregionId":"navarra","nameJa":"ナバーラ"},"geometry":{"type":"MultiPolygon","coordinates":[[[[-2.49056,42.58546],[-2.48599,42.58844],[-2.48193,42.58916],[-2.47253,42.58933],[-2.46609,42.58797],[-2.46217,42.58548],[-2.46006,42.58174],[-2.45992,42.57889],[-2.45703,42.57527],[-2.45628,42.57245],[-2.45446,42.57036],[-2.45328,42.56723],[-2.44381,42.57465],[-2.4418,42.57694],[-2.44009,42.58077],[-2.42959,42.59724],[-2.42503,42.60021],[-2.42352,42.60375],[-2.41991,42.60781],[-2.42828,42.61091],[-2.43498,42.61186],[-2.43787,42.61373],[-2.44361,42.61598],[-2.45147,42.61755],[-2.45545,42.61776],[-2.45912,42.61922],[-2.46275,42.62174],[-2.46445,42.62436],[-2.4646,42.62716],[-2.47102,42.6272],[-2.47939,42.61702],[-2.48232,42.61507],[-2.48604,42.61411],[-2.48994,42.61432],[-2.49994,42.61638],[-2.49935,42.61065],[-2.49461,42.60212],[-2.4941,42.59641],[-2.4908,42.58784],[-2.49056,42.58546]]],[[[-1.52303,42.07884],[-1.52122,42.08222],[-1.51667,42.08511],[-1.51265,42.08587],[-1.50766,42.09456],[-1.5071,42.09824],[-1.5055,42.10066],[-1.50143,42.10412],[-1.49752,42.11091],[-1.48846,42.1171],[-1.48491,42.12283],[-1.48452,42.12627],[-1.48556,42.13284],[-1.48818,42.13637],[-1.4907,42.13688],[-1.494,42.1355],[-1.50588,42.12805],[-1.50998,42.12698],[-1.51712,42.12614],[-1.52288,42.12377],[-1.53149,42.12358],[-1.5388,42.12054],[-1.54419,42.11971],[-1.54788,42.12043],[-1.55539,42.12318],[-1.56301,42.1243],[-1.56629,42.12594],[-1.5684,42.12844],[-1.56865,42.13284],[-1.56522,42.13678],[-1.56047,42.13873],[-1.55566,42.1435],[-1.54424,42.15375],[-1.54198,42.15484],[-1.53238,42.16439],[-1.52727,42.1785],[-1.52677,42.18454],[-1.52564,42.18727],[-1.52313,42.19829],[-1.52299,42.20485],[-1.52183,42.20874],[-1.52149,42.21346],[-1.52278,42.21627],[-1.52598,42.21948],[-1.52657,42.22254],[-1.52391,42.22721],[-1.51721,42.23208],[-1.51699,42.23758],[-1.51762,42.24298],[-1.51584,42.25193],[-1.51671,42.25833],[-1.5207,42.26052],[-1.52548,42.26235],[-1.53031,42.26314],[-1.53472,42.26565],[-1.53822,42.26972],[-1.54515,42.27093],[-1.55209,42.27342],[-1.55661,42.27215],[-1.56221,42.26387],[-1.5619,42.26163],[-1.55739,42.26009],[-1.55496,42.25837],[-1.55226,42.25419],[-1.55257,42.24985],[-1.55608,42.24516],[-1.55664,42.24258],[-1.55574,42.23761],[-1.55718,42.23512],[-1.55974,42.23319],[-1.56929,42.22957],[-1.57362,42.22681],[-1.57772,42.2254],[-1.58126,42.22514],[-1.58673,42.22669],[-1.59097,42.22956],[-1.59671,42.22748],[-1.6005,42.22772],[-1.61729,42.2337],[-1.63672,42.24676],[-1.64484,42.25095],[-1.64975,42.25416],[-1.65551,42.25652],[-1.67205,42.26129],[-1.67678,42.26301],[-1.68021,42.26634],[-1.6808,42.26913],[-1.68026,42.27571],[-1.67872,42.27824],[-1.67602,42.28017],[-1.6707,42.28133],[-1.66336,42.28037],[-1.63998,42.27438],[-1.63488,42.27097],[-1.62707,42.26079],[-1.61437,42.26092],[-1.6098,42.26286],[-1.6063,42.26357],[-1.59831,42.27159],[-1.58885,42.28245],[-1.59016,42.2859],[-1.58893,42.28968],[-1.58501,42.29415],[-1.58207,42.29612],[-1.5784,42.2972],[-1.57483,42.2998],[-1.5689,42.30133],[-1.55818,42.30478],[-1.54545,42.31152],[-1.5376,42.31739],[-1.53274,42.31887],[-1.53039,42.32156],[-1.5258,42.32383],[-1.52198,42.3265],[-1.51954,42.33063],[-1.51692,42.3329],[-1.5101,42.33725],[-1.50654,42.33875],[-1.50248,42.33903],[-1.49768,42.33808],[-1.49179,42.3397],[-1.4865,42.33863],[-1.48381,42.33676],[-1.48154,42.33348],[-1.47837,42.33228],[-1.47586,42.33025],[-1.47446,42.32627],[-1.47715,42.3209],[-1.46769,42.31395],[-1.46385,42.31225],[-1.45421,42.30944],[-1.44984,42.31087],[-1.43316,42.314],[-1.42937,42.31321],[-1.42143,42.30856],[-1.41893,42.30621],[-1.40975,42.30435],[-1.40169,42.29913],[-1.3978,42.29275],[-1.38364,42.30374],[-1.37515,42.3157],[-1.35885,42.3335],[-1.3521,42.33933],[-1.34218,42.34275],[-1.33762,42.34546],[-1.33535,42.3477],[-1.32929,42.3551],[-1.33017,42.35725],[-1.32984,42.36125],[-1.3328,42.36405],[-1.33411,42.36906],[-1.33665,42.37222],[-1.34174,42.37298],[-1.34969,42.37267],[-1.35442,42.37489],[-1.35626,42.37732],[-1.35671,42.3801],[-1.35494,42.38538],[-1.35002,42.39279],[-1.34801,42.40097],[-1.3432,42.40776],[-1.34171,42.41262],[-1.34075,42.41908],[-1.34068,42.4238],[-1.33677,42.42924],[-1.32776,42.43653],[-1.32381,42.44196],[-1.316,42.44837],[-1.30809,42.45211],[-1.30083,42.4541],[-1.29798,42.45415],[-1.29001,42.45731],[-1.28592,42.46178],[-1.28138,42.46455],[-1.28071,42.46827],[-1.27617,42.47552],[-1.27466,42.47968],[-1.27279,42.48214],[-1.27554,42.4905],[-1.27519,42.49566],[-1.27778,42.49747],[-1.28429,42.49994],[-1.28716,42.50362],[-1.28759,42.50862],[-1.28945,42.51167],[-1.28943,42.5144],[-1.28627,42.52528],[-1.28057,42.53294],[-1.27839,42.53507],[-1.27288,42.54327],[-1.27067,42.54898],[-1.26872,42.55142],[-1.26593,42.55319],[-1.26247,42.55408],[-1.25708,42.55352],[-1.25339,42.55174],[-1.24364,42.54852],[-1.24083,42.54792],[-1.23513,42.54476],[-1.23056,42.54282],[-1.22631,42.54227],[-1.21936,42.548],[-1.21277,42.5497],[-1.20288,42.54971],[-1.20106,42.55239],[-1.20393,42.55853],[-1.20452,42.56828],[-1.20258,42.57533],[-1.20035,42.57761],[-1.18515,42.58819],[-1.17614,42.59221],[-1.17267,42.59475],[-1.16724,42.59637],[-1.16171,42.59605],[-1.15813,42.59911],[-1.16118,42.60401],[-1.16028,42.60803],[-1.15724,42.61079],[-1.15684,42.61559],[-1.15735,42.6195],[-1.15613,42.62806],[-1.15429,42.63239],[-1.15487,42.63842],[-1.15434,42.64239],[-1.15261,42.64498],[-1.14965,42.64687],[-1.14294,42.64788],[-1.13479,42.64708],[-1.13056,42.64605],[-1.12043,42.645],[-1.10957,42.64519],[-1.10343,42.64605],[-1.10405,42.66567],[-1.0996,42.68536],[-1.09976,42.68729],[-1.10541,42.68723],[-1.11439,42.68899],[-1.11843,42.689],[-1.12971,42.69101],[-1.13844,42.69704],[-1.14251,42.69838],[-1.14966,42.70233],[-1.15427,42.70378],[-1.16149,42.70812],[-1.17143,42.71178],[-1.17785,42.7103],[-1.18587,42.71059],[-1.19361,42.71311],[-1.19722,42.71665],[-1.1977,42.71963],[-1.19643,42.7233],[-1.20109,42.72699],[-1.20238,42.73101],[-1.20093,42.73595],[-1.20419,42.74192],[-1.20444,42.74483],[-1.20311,42.74759],[-1.19815,42.75337],[-1.19497,42.75507],[-1.18921,42.75561],[-1.1856,42.75455],[-1.18032,42.75172],[-1.17735,42.75442],[-1.17395,42.75564],[-1.16528,42.75604],[-1.16252,42.75553],[-1.15954,42.7566],[-1.15084,42.76982],[-1.14788,42.77176],[-1.14413,42.77268],[-1.14093,42.77468],[-1.13513,42.77576],[-1.13447,42.77894],[-1.13148,42.78245],[-1.13543,42.78386],[-1.13913,42.78391],[-1.1427,42.78498],[-1.14631,42.78825],[-1.14659,42.79316],[-1.15007,42.79705],[-1.1503,42.79986],[-1.15777,42.803],[-1.16025,42.80546],[-1.16111,42.80848],[-1.16147,42.8146],[-1.16278,42.81836],[-1.16249,42.82094],[-1.16004,42.82577],[-1.15905,42.83403],[-1.16985,42.8351],[-1.17299,42.83634],[-1.17605,42.83953],[-1.17744,42.84524],[-1.18968,42.85282],[-1.19397,42.85515],[-1.19644,42.85761],[-1.20004,42.86437],[-1.20212,42.86653],[-1.20795,42.86776],[-1.21282,42.86764],[-1.21791,42.8662],[-1.23154,42.86713],[-1.24111,42.87141],[-1.24421,42.87519],[-1.24961,42.87269],[-1.25469,42.86949],[-1.25959,42.86708],[-1.26347,42.86241],[-1.2636,42.86052],[-1.25438,42.85539],[-1.25197,42.85199],[-1.25126,42.84882],[-1.25204,42.84594],[-1.25431,42.84352],[-1.2595,42.84108],[-1.26177,42.84063],[-1.26226,42.8379],[-1.26573,42.8335],[-1.26324,42.82443],[-1.26393,42.82161],[-1.26645,42.81742],[-1.26963,42.81523],[-1.27814,42.81181],[-1.29793,42.81217],[-1.30182,42.81345],[-1.3106,42.81931],[-1.31378,42.82389],[-1.3171,42.82363],[-1.32101,42.82444],[-1.32412,42.82636],[-1.32611,42.82975],[-1.33293,42.83248],[-1.33672,42.83233],[-1.33957,42.82874],[-1.34355,42.82583],[-1.34686,42.82471],[-1.35047,42.82456],[-1.3539,42.82539],[-1.3612,42.8285],[-1.3642,42.83171],[-1.36509,42.8353],[-1.37513,42.83612],[-1.38128,42.83787],[-1.39042,42.83601],[-1.39622,42.83701],[-1.40123,42.83978],[-1.40522,42.83702],[-1.407,42.83307],[-1.41022,42.82968],[-1.40471,42.82792],[-1.40191,42.82612],[-1.40024,42.82367],[-1.39994,42.82092],[-1.40123,42.81784],[-1.40673,42.81384],[-1.41032,42.81293],[-1.41408,42.81309],[-1.41886,42.81524],[-1.42179,42.81864],[-1.42365,42.82302],[-1.42593,42.82105],[-1.4271,42.81765],[-1.42414,42.81179],[-1.42213,42.80478],[-1.42156,42.79898],[-1.42491,42.79303],[-1.42604,42.78869],[-1.42377,42.784],[-1.42384,42.78125],[-1.42649,42.77763],[-1.43136,42.77565],[-1.43647,42.77538],[-1.43698,42.77374],[-1.4411,42.76784],[-1.43968,42.76693],[-1.42406,42.76013],[-1.42189,42.75817],[-1.42071,42.75546],[-1.41718,42.75497],[-1.41092,42.75259],[-1.40639,42.75263],[-1.40321,42.75185],[-1.39262,42.74762],[-1.38726,42.74516],[-1.38233,42.74214],[-1.38031,42.73991],[-1.36463,42.73109],[-1.35536,42.7243],[-1.3537,42.72006],[-1.35472,42.71626],[-1.35242,42.71264],[-1.35183,42.70978],[-1.35381,42.70579],[-1.3534,42.69535],[-1.35888,42.68704],[-1.36147,42.68512],[-1.36482,42.68403],[-1.3731,42.68442],[-1.37902,42.68182],[-1.37974,42.67426],[-1.37914,42.67078],[-1.38119,42.66665],[-1.38424,42.66472],[-1.39173,42.66285],[-1.39822,42.66048],[-1.40873,42.66053],[-1.40978,42.65982],[-1.41168,42.65414],[-1.41513,42.65098],[-1.41958,42.64453],[-1.42273,42.64258],[-1.42732,42.64165],[-1.43661,42.64284],[-1.44756,42.64716],[-1.45397,42.64611],[-1.45751,42.64698],[-1.4635,42.64975],[-1.47492,42.65179],[-1.48106,42.65432],[-1.48813,42.65461],[-1.49141,42.65618],[-1.49456,42.65939],[-1.49937,42.65993],[-1.50367,42.66199],[-1.50958,42.66402],[-1.51619,42.66763],[-1.52951,42.66907],[-1.53441,42.67083],[-1.54344,42.67689],[-1.55016,42.67884],[-1.56197,42.67958],[-1.5655,42.68061],[-1.56935,42.68367],[-1.5703,42.6864],[-1.56811,42.69273],[-1.57084,42.69281],[-1.58475,42.68789],[-1.59061,42.68794],[-1.59401,42.68939],[-1.59672,42.69234],[-1.60332,42.69377],[-1.6064,42.69559],[-1.61058,42.69946],[-1.61718,42.70963],[-1.62021,42.71356],[-1.62273,42.71548],[-1.63147,42.7183],[-1.63372,42.71987],[-1.6396,42.72046],[-1.64642,42.71817],[-1.64372,42.7135],[-1.64352,42.70837],[-1.64533,42.70569],[-1.64945,42.70292],[-1.65115,42.70097],[-1.65562,42.69796],[-1.65306,42.69175],[-1.65294,42.68895],[-1.65507,42.68537],[-1.6601,42.68087],[-1.66315,42.67951],[-1.67191,42.67817],[-1.67806,42.67883],[-1.68308,42.68076],[-1.6859,42.68493],[-1.68941,42.6871],[-1.69243,42.6904],[-1.69585,42.69243],[-1.69821,42.69635],[-1.69772,42.69961],[-1.69857,42.70337],[-1.69781,42.70793],[-1.69653,42.7099],[-1.69811,42.7145],[-1.69699,42.7173],[-1.694,42.72121],[-1.68881,42.72412],[-1.68709,42.72781],[-1.68878,42.72905],[-1.69307,42.72982],[-1.70235,42.73296],[-1.70713,42.73567],[-1.70946,42.73774],[-1.71059,42.7403],[-1.71042,42.74444],[-1.70922,42.74923],[-1.70719,42.75325],[-1.70503,42.75597],[-1.70389,42.76076],[-1.70553,42.76531],[-1.70453,42.77191],[-1.70289,42.77434],[-1.69767,42.77709],[-1.7019,42.78003],[-1.70471,42.7835],[-1.70557,42.78598],[-1.70492,42.78921],[-1.70565,42.79203],[-1.70896,42.7965],[-1.71327,42.79936],[-1.72237,42.80053],[-1.72862,42.79936],[-1.73216,42.79926],[-1.74048,42.80013],[-1.74421,42.79458],[-1.74925,42.792],[-1.75397,42.7916],[-1.75983,42.79229],[-1.76322,42.79375],[-1.76705,42.79388],[-1.77414,42.79583],[-1.7781,42.79924],[-1.77992,42.80527],[-1.79073,42.80518],[-1.8012,42.80596],[-1.80542,42.8073],[-1.80901,42.81027],[-1.8119,42.81474],[-1.81723,42.81899],[-1.82101,42.81811],[-1.82503,42.81832],[-1.82983,42.82068],[-1.8385,42.82083],[-1.8396,42.81749],[-1.84269,42.81449],[-1.85413,42.80809],[-1.8578,42.80733],[-1.86502,42.80801],[-1.8704,42.80991],[-1.87234,42.80788],[-1.87289,42.80558],[-1.87122,42.80076],[-1.87062,42.79642],[-1.87026,42.78774],[-1.87241,42.77939],[-1.86893,42.77461],[-1.86337,42.77141],[-1.86143,42.76897],[-1.86125,42.76474],[-1.86298,42.76218],[-1.86689,42.75989],[-1.86894,42.75748],[-1.87182,42.75593],[-1.87723,42.75488],[-1.88665,42.75639],[-1.89179,42.75892],[-1.89346,42.76133],[-1.89743,42.76294],[-1.89966,42.76524],[-1.9005,42.768],[-1.90002,42.77083],[-1.90057,42.7757],[-1.89645,42.78202],[-1.89565,42.78913],[-1.89654,42.79326],[-1.89565,42.79976],[-1.90217,42.80074],[-1.90925,42.79966],[-1.91473,42.80076],[-1.91747,42.8027],[-1.92234,42.81069],[-1.92765,42.81512],[-1.93302,42.8166],[-1.93606,42.81838],[-1.93992,42.82177],[-1.94401,42.82271],[-1.94701,42.82443],[-1.94964,42.82917],[-1.94913,42.83226],[-1.9464,42.83734],[-1.94216,42.84114],[-1.93418,42.84421],[-1.93691,42.85017],[-1.93694,42.85311],[-1.93537,42.85583],[-1.93066,42.85852],[-1.92518,42.85889],[-1.92116,42.86187],[-1.91859,42.86644],[-1.91645,42.86853],[-1.91177,42.87031],[-1.90276,42.87155],[-1.90238,42.87406],[-1.90373,42.87672],[-1.90292,42.88093],[-1.90062,42.88323],[-1.8973,42.88471],[-1.88618,42.88596],[-1.87364,42.88409],[-1.87346,42.88656],[-1.8803,42.88842],[-1.90079,42.88981],[-1.90546,42.88915],[-1.92142,42.88759],[-1.92448,42.88702],[-1.93323,42.88704],[-1.93714,42.88644],[-1.94438,42.88635],[-1.95382,42.88515],[-1.96391,42.88562],[-1.97376,42.88669],[-1.97261,42.88436],[-1.96804,42.88348],[-1.96012,42.88094],[-1.95029,42.87911],[-1.94735,42.8775],[-1.94544,42.87519],[-1.94484,42.87251],[-1.94583,42.8692],[-1.94949,42.86599],[-1.95302,42.86492],[-1.96206,42.86368],[-1.9743,42.86377],[-1.97733,42.86291],[-1.98563,42.86219],[-1.99351,42.86286],[-1.99821,42.86215],[-2.00533,42.86222],[-2.00824,42.86174],[-2.02072,42.86141],[-2.0317,42.86307],[-2.03453,42.86399],[-2.04441,42.86571],[-2.0546,42.87025],[-2.05982,42.87113],[-2.06964,42.87135],[-2.0852,42.87466],[-2.09058,42.87645],[-2.09859,42.87665],[-2.10324,42.87398],[-2.1108,42.87193],[-2.1241,42.87102],[-2.13455,42.87247],[-2.14029,42.87296],[-2.15826,42.87167],[-2.16657,42.86921],[-2.17048,42.86843],[-2.17614,42.86623],[-2.18137,42.86299],[-2.18501,42.85997],[-2.18823,42.8589],[-2.19968,42.85824],[-2.21094,42.85638],[-2.21576,42.85457],[-2.23577,42.85094],[-2.23234,42.84278],[-2.22772,42.83635],[-2.225,42.83018],[-2.21691,42.82046],[-2.21051,42.81878],[-2.20443,42.81614],[-2.19315,42.80856],[-2.18189,42.80235],[-2.17446,42.80117],[-2.16522,42.80034],[-2.1626,42.80054],[-2.15307,42.80257],[-2.14939,42.80259],[-2.14453,42.80076],[-2.1424,42.79856],[-2.14153,42.79593],[-2.14197,42.7873],[-2.14437,42.78357],[-2.14596,42.77977],[-2.14883,42.77699],[-2.15312,42.77505],[-2.15691,42.7746],[-2.16157,42.77559],[-2.16532,42.77482],[-2.17097,42.77473],[-2.17433,42.77559],[-2.18224,42.77639],[-2.19481,42.77883],[-2.1985,42.7809],[-2.20477,42.78256],[-2.20866,42.78304],[-2.21465,42.78274],[-2.2257,42.78401],[-2.23089,42.7843],[-2.23598,42.78271],[-2.23969,42.78286],[-2.24389,42.78448],[-2.25106,42.78404],[-2.25664,42.78538],[-2.2634,42.78859],[-2.26875,42.79061],[-2.27362,42.79111],[-2.27909,42.78794],[-2.28098,42.78509],[-2.27636,42.77976],[-2.27326,42.76855],[-2.27036,42.76547],[-2.26411,42.76511],[-2.25474,42.76097],[-2.24892,42.76065],[-2.24605,42.75975],[-2.2421,42.75969],[-2.23832,42.75851],[-2.22994,42.75846],[-2.21956,42.75498],[-2.21669,42.7555],[-2.20916,42.75438],[-2.203,42.75175],[-2.19805,42.75225],[-2.18631,42.75176],[-2.18187,42.75216],[-2.17731,42.75439],[-2.174,42.75521],[-2.16774,42.75564],[-2.16061,42.75528],[-2.1586,42.75703],[-2.15416,42.75901],[-2.1494,42.75943],[-2.14652,42.76071],[-2.14024,42.76194],[-2.13399,42.7637],[-2.12383,42.76298],[-2.11894,42.76135],[-2.1133,42.75744],[-2.11154,42.75474],[-2.11143,42.75173],[-2.11243,42.74952],[-2.11051,42.74692],[-2.11011,42.74309],[-2.11149,42.73998],[-2.11004,42.73739],[-2.11016,42.73453],[-2.11177,42.73192],[-2.11546,42.72864],[-2.11908,42.7245],[-2.12094,42.7204],[-2.12622,42.71289],[-2.13018,42.7102],[-2.13545,42.70842],[-2.14005,42.70758],[-2.14633,42.70877],[-2.14759,42.70675],[-2.14546,42.70177],[-2.14591,42.69844],[-2.1492,42.69482],[-2.15514,42.69238],[-2.1589,42.68773],[-2.1571,42.6853],[-2.15626,42.68137],[-2.15827,42.67608],[-2.16586,42.6707],[-2.16177,42.66555],[-2.16164,42.66181],[-2.16294,42.65841],[-2.16693,42.65518],[-2.1707,42.65424],[-2.17692,42.65523],[-2.19353,42.65157],[-2.19939,42.65261],[-2.20231,42.65469],[-2.20665,42.65968],[-2.20746,42.66693],[-2.20874,42.67391],[-2.2151,42.68026],[-2.21558,42.68457],[-2.21295,42.68932],[-2.20729,42.69315],[-2.20467,42.69816],[-2.19511,42.70471],[-2.19456,42.70632],[-2.1971,42.714],[-2.19704,42.71625],[-2.19941,42.71704],[-2.20544,42.72057],[-2.20782,42.72434],[-2.23136,42.73356],[-2.24074,42.73394],[-2.24746,42.73317],[-2.25779,42.73595],[-2.26163,42.73632],[-2.26844,42.73885],[-2.2709,42.74057],[-2.27652,42.74319],[-2.28296,42.74263],[-2.28654,42.7429],[-2.28821,42.74086],[-2.29153,42.73904],[-2.30315,42.73612],[-2.30703,42.73616],[-2.31436,42.7379],[-2.3168,42.7392],[-2.31717,42.73577],[-2.31968,42.7287],[-2.31702,42.72757],[-2.31462,42.72531],[-2.31312,42.72209],[-2.30885,42.72078],[-2.3063,42.71865],[-2.30507,42.71595],[-2.30537,42.7131],[-2.30813,42.70877],[-2.30546,42.70814],[-2.29594,42.70853],[-2.29232,42.70769],[-2.28812,42.70429],[-2.28127,42.69994],[-2.27872,42.696],[-2.27604,42.69499],[-2.27243,42.69206],[-2.27117,42.68958],[-2.27122,42.68691],[-2.27312,42.68365],[-2.2762,42.68012],[-2.27307,42.67711],[-2.272,42.67438],[-2.27322,42.67023],[-2.27574,42.66805],[-2.28476,42.66297],[-2.28783,42.66215],[-2.28758,42.65833],[-2.28866,42.65576],[-2.29242,42.65285],[-2.29585,42.65195],[-2.30102,42.65194],[-2.30755,42.65261],[-2.31352,42.65171],[-2.32035,42.64843],[-2.32952,42.6462],[-2.33218,42.64611],[-2.33539,42.64355],[-2.33873,42.63875],[-2.34294,42.63581],[-2.34624,42.63471],[-2.34984,42.63458],[-2.35683,42.63539],[-2.36072,42.6367],[-2.3659,42.63697],[-2.36506,42.63417],[-2.36558,42.63141],[-2.36884,42.62802],[-2.37609,42.62574],[-2.36627,42.61489],[-2.35853,42.6135],[-2.35582,42.61166],[-2.35394,42.60786],[-2.35441,42.60514],[-2.35855,42.5958],[-2.36143,42.59182],[-2.36235,42.58864],[-2.35949,42.58373],[-2.35228,42.58236],[-2.34786,42.58104],[-2.34192,42.58084],[-2.33665,42.57892],[-2.33407,42.57641],[-2.33118,42.58171],[-2.32583,42.58498],[-2.32043,42.58526],[-2.3171,42.58421],[-2.30881,42.57853],[-2.3071,42.5759],[-2.3055,42.57107],[-2.30185,42.56557],[-2.29846,42.56134],[-2.29819,42.55695],[-2.30146,42.55157],[-2.29722,42.5438],[-2.2936,42.53596],[-2.29229,42.532],[-2.28852,42.52686],[-2.28796,42.52302],[-2.28605,42.51722],[-2.28656,42.51419],[-2.28937,42.50989],[-2.29214,42.50143],[-2.29406,42.498],[-2.29408,42.49176],[-2.29357,42.49002],[-2.2852,42.48736],[-2.27597,42.48543],[-2.26618,42.48199],[-2.26202,42.48145],[-2.2549,42.47919],[-2.24578,42.4777],[-2.24077,42.47722],[-2.23762,42.47603],[-2.23082,42.47217],[-2.22264,42.47173],[-2.21546,42.47454],[-2.20988,42.47853],[-2.20677,42.48287],[-2.20009,42.49033],[-2.19855,42.49128],[-2.19289,42.49253],[-2.17829,42.48911],[-2.17099,42.48807],[-2.16399,42.48794],[-2.16067,42.4863],[-2.15695,42.48227],[-2.15386,42.4808],[-2.14452,42.47876],[-2.14145,42.47696],[-2.13624,42.47078],[-2.1332,42.46449],[-2.12712,42.45505],[-2.12332,42.4509],[-2.12273,42.44648],[-2.12438,42.44374],[-2.12935,42.4388],[-2.13077,42.43175],[-2.12992,42.42901],[-2.13031,42.4264],[-2.13294,42.42125],[-2.1281,42.41911],[-2.12427,42.41999],[-2.12091,42.41991],[-2.1146,42.41877],[-2.11142,42.4171],[-2.10894,42.4132],[-2.10921,42.41029],[-2.11154,42.40719],[-2.11231,42.40482],[-2.11508,42.40086],[-2.11546,42.39911],[-2.11231,42.397],[-2.11029,42.39386],[-2.10483,42.39111],[-2.096,42.38776],[-2.09285,42.38609],[-2.09086,42.38363],[-2.09065,42.37934],[-2.09273,42.37586],[-2.0896,42.37475],[-2.08442,42.37169],[-2.08208,42.36809],[-2.0827,42.3641],[-2.08731,42.35983],[-2.08948,42.35694],[-2.09006,42.35369],[-2.08986,42.34703],[-2.08391,42.34513],[-2.07014,42.34255],[-2.06499,42.34604],[-2.06179,42.34758],[-2.05532,42.34948],[-2.05176,42.35117],[-2.04606,42.35606],[-2.04565,42.35897],[-2.05041,42.35929],[-2.05362,42.36073],[-2.05584,42.36298],[-2.05673,42.3657],[-2.05619,42.36922],[-2.05712,42.3736],[-2.05937,42.37734],[-2.06365,42.38043],[-2.06544,42.38455],[-2.06397,42.38972],[-2.05644,42.39946],[-2.05423,42.40116],[-2.04174,42.40799],[-2.03138,42.41016],[-2.02562,42.40897],[-2.02247,42.40728],[-2.01808,42.40142],[-2.01168,42.39644],[-2.00833,42.39068],[-2.00025,42.38469],[-1.9944,42.38194],[-1.98806,42.37777],[-1.98073,42.37426],[-1.97215,42.38141],[-1.96493,42.38443],[-1.95813,42.38651],[-1.95779,42.39152],[-1.95604,42.39416],[-1.94883,42.40105],[-1.94141,42.40604],[-1.93643,42.41394],[-1.93262,42.41791],[-1.931,42.42421],[-1.92933,42.42731],[-1.92701,42.42932],[-1.92337,42.43093],[-1.91659,42.4321],[-1.91094,42.43101],[-1.9072,42.4277],[-1.90648,42.42483],[-1.90677,42.41438],[-1.90561,42.41289],[-1.89896,42.40951],[-1.88827,42.40192],[-1.88653,42.39817],[-1.88774,42.39428],[-1.89282,42.38744],[-1.89371,42.38533],[-1.8934,42.37794],[-1.89499,42.37502],[-1.89717,42.37327],[-1.898,42.37039],[-1.89367,42.36696],[-1.89244,42.3648],[-1.88904,42.36179],[-1.88531,42.3595],[-1.88363,42.35745],[-1.87753,42.35228],[-1.87597,42.34965],[-1.87592,42.34677],[-1.87863,42.34296],[-1.88241,42.34012],[-1.87932,42.33763],[-1.87058,42.3316],[-1.8678,42.32826],[-1.85919,42.32304],[-1.85742,42.32082],[-1.85613,42.31594],[-1.85198,42.31112],[-1.85055,42.30872],[-1.84185,42.29048],[-1.84097,42.2866],[-1.83735,42.27618],[-1.83788,42.27321],[-1.84296,42.2624],[-1.84232,42.25898],[-1.84315,42.25332],[-1.83454,42.24841],[-1.83124,42.24503],[-1.82294,42.2422],[-1.82009,42.23836],[-1.81959,42.23229],[-1.81838,42.23065],[-1.8147,42.22844],[-1.80846,42.22744],[-1.80482,42.22586],[-1.8024,42.22355],[-1.79494,42.22262],[-1.78485,42.22392],[-1.78125,42.22308],[-1.77838,42.22127],[-1.77424,42.21555],[-1.76975,42.2141],[-1.76529,42.21704],[-1.75968,42.21811],[-1.75593,42.21738],[-1.74114,42.21196],[-1.73508,42.21395],[-1.73136,42.21359],[-1.72721,42.21214],[-1.725,42.21261],[-1.71791,42.21202],[-1.71028,42.2093],[-1.70763,42.20709],[-1.70642,42.20426],[-1.70655,42.20191],[-1.70382,42.19735],[-1.70428,42.19208],[-1.70009,42.19107],[-1.69614,42.18822],[-1.69499,42.1856],[-1.69526,42.18283],[-1.70076,42.17329],[-1.69941,42.16678],[-1.69399,42.15872],[-1.69116,42.15655],[-1.68957,42.15256],[-1.69033,42.1498],[-1.69389,42.14655],[-1.71262,42.13728],[-1.71852,42.13693],[-1.7221,42.13819],[-1.72548,42.14151],[-1.7362,42.14826],[-1.73936,42.14956],[-1.75084,42.1505],[-1.76459,42.15036],[-1.76975,42.14557],[-1.78455,42.13964],[-1.78803,42.13946],[-1.79399,42.14034],[-1.79707,42.14164],[-1.80267,42.14686],[-1.81051,42.15009],[-1.82148,42.15349],[-1.8292,42.15004],[-1.83231,42.14819],[-1.83795,42.14208],[-1.83784,42.13753],[-1.83871,42.13137],[-1.842,42.1269],[-1.85439,42.11819],[-1.85926,42.11505],[-1.86338,42.10813],[-1.87128,42.10349],[-1.87424,42.09958],[-1.88176,42.09427],[-1.88856,42.08831],[-1.89177,42.08613],[-1.89412,42.0826],[-1.89929,42.0778],[-1.90224,42.07379],[-1.90324,42.07092],[-1.90548,42.06808],[-1.90633,42.0624],[-1.90912,42.05915],[-1.90556,42.05423],[-1.90413,42.04429],[-1.90268,42.03867],[-1.90312,42.03516],[-1.90154,42.02971],[-1.89635,42.02687],[-1.88871,42.0266],[-1.88384,42.02476],[-1.88032,42.02088],[-1.87201,42.0127],[-1.86789,42.01245],[-1.8632,42.01038],[-1.86086,42.00689],[-1.85549,42.00279],[-1.84997,42.00415],[-1.84638,42.00443],[-1.84138,42.00298],[-1.83377,41.99516],[-1.83,41.99476],[-1.82515,41.99562],[-1.81991,41.99581],[-1.81149,41.9973],[-1.80637,41.99647],[-1.80046,41.99308],[-1.79248,41.98977],[-1.78523,41.99087],[-1.77496,41.99498],[-1.7674,41.99492],[-1.764,41.99358],[-1.75973,41.98983],[-1.75203,41.97996],[-1.74708,41.97515],[-1.7438,41.97267],[-1.74123,41.96831],[-1.73886,41.96726],[-1.7343,41.96389],[-1.73114,41.96259],[-1.72321,41.96061],[-1.7152,41.95703],[-1.70713,41.95705],[-1.7024,41.95536],[-1.70078,41.954],[-1.69373,41.95503],[-1.68683,41.95288],[-1.68176,41.95586],[-1.68075,41.95861],[-1.67675,41.96201],[-1.6714,41.96317],[-1.66776,41.9626],[-1.66362,41.96002],[-1.65866,41.96037],[-1.65453,41.96185],[-1.65059,41.96204],[-1.64688,41.96104],[-1.64406,41.95921],[-1.63866,41.95732],[-1.63227,41.95585],[-1.62708,41.95399],[-1.6211,41.95277],[-1.61664,41.95134],[-1.61103,41.9475],[-1.60643,41.94141],[-1.60404,41.93688],[-1.59942,41.93006],[-1.59626,41.92714],[-1.59262,41.9261],[-1.58943,41.92429],[-1.58276,41.92228],[-1.57335,41.91789],[-1.55954,41.91406],[-1.54267,41.91233],[-1.53562,41.91061],[-1.52343,41.90992],[-1.52064,41.91162],[-1.51285,41.91476],[-1.5063,41.91583],[-1.50301,41.91944],[-1.50176,41.92426],[-1.4993,41.92865],[-1.49913,41.93214],[-1.50233,41.93515],[-1.50799,41.93725],[-1.51069,41.93883],[-1.52019,41.94286],[-1.52619,41.94467],[-1.53236,41.94764],[-1.54035,41.94939],[-1.5468,41.94999],[-1.55007,41.95131],[-1.55242,41.95346],[-1.55348,41.95614],[-1.5531,41.95892],[-1.55134,41.9614],[-1.54676,41.96563],[-1.53806,41.97101],[-1.54256,41.97712],[-1.54522,41.98568],[-1.55201,41.98418],[-1.55668,41.98438],[-1.56405,41.98345],[-1.5744,41.98479],[-1.57889,41.98712],[-1.58483,41.99411],[-1.58934,41.99589],[-1.59342,41.99873],[-1.59671,42.00326],[-1.59753,42.00624],[-1.59895,42.00734],[-1.6028,42.01381],[-1.60381,42.01642],[-1.60343,42.01915],[-1.60174,42.02158],[-1.59758,42.02428],[-1.59273,42.02555],[-1.58318,42.02615],[-1.58287,42.02956],[-1.581,42.03207],[-1.57559,42.03589],[-1.57045,42.03691],[-1.5654,42.03576],[-1.55513,42.03078],[-1.55238,42.03826],[-1.55225,42.04512],[-1.55624,42.04915],[-1.562,42.0526],[-1.5634,42.05518],[-1.56353,42.05852],[-1.56212,42.06109],[-1.558,42.06389],[-1.55596,42.06697],[-1.55308,42.06894],[-1.54521,42.07106],[-1.54143,42.07348],[-1.53784,42.07692],[-1.53344,42.07914],[-1.5276,42.07991],[-1.52303,42.07884]]],[[[-1.69185,42.77728],[-1.68466,42.77475],[-1.68135,42.77232],[-1.67773,42.77128],[-1.67089,42.77753],[-1.66471,42.7793],[-1.66087,42.7836],[-1.66272,42.7869],[-1.66254,42.79627],[-1.66847,42.80045],[-1.67401,42.79747],[-1.67574,42.79459],[-1.67835,42.7928],[-1.68318,42.79156],[-1.68488,42.78763],[-1.68411,42.78462],[-1.68484,42.78173],[-1.68852,42.77835],[-1.69185,42.77728]]]]}},{"type":"Feature","properties":{"level":"subregion","subregionId":"aragon","nameJa":"アラゴン"},"geometry":{"type":"MultiPolygon","coordinates":[[[[-0.06098,41.857],[-0.05632,41.85555],[-0.05395,41.85343],[-0.05284,41.85078],[-0.05305,41.84688],[-0.0463,41.84257],[-0.04156,41.8405],[-0.03549,41.83574],[-0.03394,41.83151],[-0.03492,41.82863],[-0.03783,41.82551],[-0.03737,41.82264],[-0.03788,41.819],[-0.0367,41.81633],[-0.03059,41.81726],[-0.02186,41.81712],[-0.01459,41.81655],[-0.01269,41.81845],[-0.00759,41.82154],[-0.00375,41.82269],[0.00013,41.82531],[0.00458,41.82983],[0.00773,41.83098],[0.01307,41.83133],[0.01667,41.8305],[0.02608,41.83077],[0.03443,41.83589],[0.02853,41.84283],[0.02785,41.84571],[0.02977,41.84983],[0.03196,41.85152],[0.03145,41.8574],[0.02809,41.86027],[0.02681,41.86269],[0.02644,41.86851],[0.03158,41.88061],[0.03427,41.88289],[0.03797,41.88414],[0.04365,41.88432],[0.04893,41.88676],[0.05014,41.89093],[0.05529,41.89786],[0.06085,41.90648],[0.06337,41.90831],[0.06836,41.91065],[0.07388,41.91109],[0.07864,41.90979],[0.08315,41.90713],[0.08627,41.90607],[0.08958,41.91962],[0.08336,41.93041],[0.08028,41.93313],[0.07899,41.93568],[0.07907,41.93842],[0.08198,41.94685],[0.08621,41.9549],[0.09025,41.95765],[0.09649,41.95946],[0.09904,41.96085],[0.10614,41.96294],[0.10802,41.96739],[0.10789,41.97056],[0.10912,41.97315],[0.11311,41.97595],[0.11846,41.97671],[0.12323,41.97541],[0.13107,41.98035],[0.135,41.98151],[0.14398,41.98126],[0.14728,41.98042],[0.14826,41.98303],[0.1505,41.98521],[0.15365,41.98662],[0.1579,41.98714],[0.1662,41.98579],[0.17037,41.98318],[0.17338,41.97813],[0.17743,41.97727],[0.18798,41.97805],[0.21067,41.97257],[0.2167,41.97187],[0.23351,41.96814],[0.23816,41.96985],[0.24015,41.97388],[0.24291,41.97643],[0.24591,41.97785],[0.25178,41.97818],[0.25787,41.97905],[0.26937,41.97735],[0.27183,41.97742],[0.27411,41.98166],[0.27563,41.98818],[0.27739,41.99047],[0.28011,41.99215],[0.28345,41.99299],[0.29498,41.9942],[0.29858,41.99487],[0.30224,41.9989],[0.30236,42.00324],[0.30514,42.01081],[0.30147,42.01443],[0.29879,42.01619],[0.29693,42.01915],[0.29567,42.02357],[0.29543,42.02817],[0.29664,42.03227],[0.29857,42.03456],[0.30319,42.03665],[0.30855,42.03657],[0.31694,42.03415],[0.32221,42.04676],[0.31664,42.05523],[0.31515,42.06032],[0.31664,42.0645],[0.32104,42.06732],[0.32586,42.06887],[0.33224,42.06954],[0.33885,42.06878],[0.34343,42.06617],[0.34497,42.06351],[0.34508,42.05769],[0.36249,42.06009],[0.3693,42.06031],[0.37878,42.06157],[0.38316,42.06097],[0.38935,42.06432],[0.39477,42.06483],[0.40211,42.06243],[0.40632,42.06592],[0.40815,42.06668],[0.41286,42.07109],[0.41351,42.07246],[0.41326,42.07699],[0.4146,42.08097],[0.41417,42.08666],[0.41178,42.08925],[0.41023,42.09347],[0.41042,42.09591],[0.40722,42.10081],[0.40498,42.10304],[0.40296,42.10697],[0.39989,42.11078],[0.39783,42.11482],[0.39375,42.11709],[0.39213,42.11947],[0.39179,42.12214],[0.39248,42.12569],[0.39917,42.13388],[0.40543,42.13773],[0.41772,42.14158],[0.42114,42.14417],[0.42449,42.1454],[0.43002,42.14529],[0.43675,42.14173],[0.44263,42.14118],[0.4487,42.1391],[0.46248,42.13933],[0.46958,42.1415],[0.47693,42.14444],[0.48398,42.1445],[0.48739,42.14296],[0.488,42.14738],[0.48545,42.15413],[0.48643,42.16364],[0.49065,42.17414],[0.49063,42.17808],[0.49259,42.18199],[0.49399,42.18701],[0.49475,42.19863],[0.49442,42.20465],[0.49497,42.20598],[0.49026,42.20916],[0.4888,42.21182],[0.48886,42.21471],[0.49231,42.22003],[0.49793,42.22485],[0.4985,42.22984],[0.50004,42.23251],[0.50518,42.23656],[0.51013,42.23786],[0.51259,42.24131],[0.51564,42.24409],[0.5104,42.25108],[0.51005,42.25425],[0.51317,42.27086],[0.50603,42.28159],[0.49661,42.29],[0.48968,42.29372],[0.48701,42.29809],[0.48268,42.29746],[0.47917,42.29808],[0.47621,42.29962],[0.46087,42.31285],[0.46002,42.31449],[0.45456,42.33057],[0.44819,42.33193],[0.44325,42.33372],[0.43336,42.33535],[0.42532,42.33581],[0.41967,42.33788],[0.41726,42.3403],[0.41533,42.34457],[0.41112,42.34634],[0.40783,42.35013],[0.40017,42.3498],[0.39464,42.35148],[0.39022,42.34808],[0.38708,42.34737],[0.38365,42.34142],[0.38004,42.33877],[0.38173,42.33614],[0.3818,42.33327],[0.37962,42.32539],[0.37727,42.32287],[0.36966,42.31984],[0.3723,42.31732],[0.37351,42.31481],[0.3742,42.31018],[0.38029,42.31038],[0.3866,42.30931],[0.38979,42.3075],[0.3917,42.30487],[0.39308,42.30083],[0.39181,42.29661],[0.38756,42.29367],[0.37975,42.2915],[0.37605,42.29],[0.37243,42.28958],[0.36887,42.29019],[0.36475,42.29281],[0.36142,42.30067],[0.36193,42.30449],[0.35323,42.304],[0.34947,42.30088],[0.34604,42.29992],[0.34065,42.30038],[0.33071,42.30518],[0.32527,42.30438],[0.32182,42.30086],[0.32042,42.29722],[0.31825,42.29458],[0.31463,42.29217],[0.30889,42.29083],[0.30726,42.28377],[0.30311,42.28037],[0.29912,42.27937],[0.29352,42.27968],[0.28973,42.27802],[0.28428,42.27645],[0.27627,42.26998],[0.26928,42.26781],[0.26525,42.2581],[0.26499,42.25395],[0.2628,42.25099],[0.26257,42.24667],[0.26128,42.24425],[0.25706,42.2408],[0.25203,42.23935],[0.24844,42.23962],[0.24429,42.24154],[0.23896,42.24226],[0.22834,42.2446],[0.22478,42.24676],[0.22417,42.24212],[0.22684,42.23751],[0.22901,42.23207],[0.22878,42.22938],[0.22725,42.22694],[0.22462,42.22507],[0.22128,42.22405],[0.21789,42.22399],[0.20236,42.22284],[0.18989,42.21775],[0.18434,42.21741],[0.17961,42.21892],[0.17698,42.22097],[0.17265,42.22753],[0.16365,42.23254],[0.15803,42.2369],[0.15243,42.23956],[0.15035,42.23981],[0.14827,42.2374],[0.1439,42.23483],[0.13972,42.23346],[0.13958,42.23214],[0.14191,42.22665],[0.14077,42.22229],[0.13481,42.21418],[0.13326,42.21275],[0.13388,42.20984],[0.1329,42.20606],[0.12717,42.19997],[0.12253,42.19567],[0.11683,42.19245],[0.11336,42.19142],[0.10964,42.19144],[0.10622,42.19252],[0.10273,42.19571],[0.10201,42.19843],[0.10272,42.20117],[0.10642,42.2057],[0.10411,42.21136],[0.0984,42.216],[0.08781,42.21821],[0.08722,42.21453],[0.08233,42.20891],[0.0793,42.20756],[0.07387,42.20685],[0.06887,42.20793],[0.06629,42.20969],[0.06208,42.21386],[0.05705,42.21596],[0.04688,42.21713],[0.04296,42.21865],[0.03702,42.21682],[0.03164,42.21588],[0.02586,42.21687],[0.02111,42.2198],[0.01811,42.22231],[0.01535,42.22332],[0.01054,42.2237],[0.0071,42.22516],[0.00273,42.22904],[-0.00297,42.23234],[-0.00783,42.23768],[-0.00892,42.2408],[-0.00851,42.24389],[-0.00521,42.24771],[0.00392,42.25099],[0.00938,42.25477],[0.00504,42.26144],[-0.00354,42.26211],[-0.0109,42.26318],[-0.01959,42.26331],[-0.02353,42.26486],[-0.0277,42.265],[-0.03105,42.26605],[-0.03364,42.26795],[-0.03509,42.27043],[-0.0352,42.27315],[-0.03326,42.27711],[-0.03005,42.27958],[-0.03407,42.28241],[-0.03792,42.28378],[-0.04023,42.28579],[-0.04139,42.2883],[-0.04183,42.29234],[-0.04111,42.297],[-0.04136,42.30016],[-0.03916,42.30802],[-0.036,42.31147],[-0.03687,42.31517],[-0.04187,42.31997],[-0.04447,42.32166],[-0.05036,42.32948],[-0.05271,42.33092],[-0.05548,42.33463],[-0.05511,42.33919],[-0.05611,42.34378],[-0.0546,42.34801],[-0.0483,42.35395],[-0.05443,42.35486],[-0.06193,42.36048],[-0.06673,42.35713],[-0.07608,42.35308],[-0.08352,42.3462],[-0.08225,42.34294],[-0.08292,42.34004],[-0.08665,42.33662],[-0.09311,42.33544],[-0.0996,42.33301],[-0.11019,42.32538],[-0.11833,42.32042],[-0.12691,42.31671],[-0.13094,42.31549],[-0.13597,42.30852],[-0.13875,42.30672],[-0.15736,42.29866],[-0.16356,42.29167],[-0.16366,42.28726],[-0.16254,42.28408],[-0.16315,42.28131],[-0.16656,42.27796],[-0.16999,42.27677],[-0.17376,42.27665],[-0.17824,42.27771],[-0.18679,42.28202],[-0.19054,42.28315],[-0.19343,42.283],[-0.20448,42.28528],[-0.21023,42.28853],[-0.21776,42.29021],[-0.22526,42.28986],[-0.23545,42.28671],[-0.23876,42.28667],[-0.24322,42.28438],[-0.24685,42.28396],[-0.2504,42.28457],[-0.25315,42.28408],[-0.25624,42.27442],[-0.25858,42.27202],[-0.26202,42.27051],[-0.26613,42.27016],[-0.27352,42.26476],[-0.27244,42.25975],[-0.27309,42.25403],[-0.27075,42.24872],[-0.26737,42.24434],[-0.26594,42.23846],[-0.26685,42.23493],[-0.26378,42.23055],[-0.25697,42.22891],[-0.25001,42.22817],[-0.24769,42.22738],[-0.24143,42.22832],[-0.2345,42.22696],[-0.22458,42.22576],[-0.21849,42.22587],[-0.21536,42.22478],[-0.20889,42.22028],[-0.20196,42.21735],[-0.1968,42.21373],[-0.19284,42.20906],[-0.18922,42.20639],[-0.18741,42.20229],[-0.1897,42.19703],[-0.1925,42.19502],[-0.19385,42.19231],[-0.19654,42.19008],[-0.20174,42.18739],[-0.2043,42.18507],[-0.20785,42.18361],[-0.21188,42.18335],[-0.21851,42.18398],[-0.22234,42.18273],[-0.23184,42.18084],[-0.23656,42.17929],[-0.24029,42.17931],[-0.24992,42.18107],[-0.25428,42.17762],[-0.26051,42.17388],[-0.26251,42.16946],[-0.26532,42.16761],[-0.26885,42.16668],[-0.27921,42.16639],[-0.28263,42.15721],[-0.28249,42.15158],[-0.28361,42.14703],[-0.28579,42.14447],[-0.28915,42.14279],[-0.29793,42.1415],[-0.31075,42.14064],[-0.31143,42.13443],[-0.31327,42.13176],[-0.32756,42.12249],[-0.33333,42.1215],[-0.33341,42.11918],[-0.33024,42.11856],[-0.32708,42.11686],[-0.3251,42.11436],[-0.32461,42.11147],[-0.32569,42.10865],[-0.32806,42.10647],[-0.32679,42.10019],[-0.32448,42.09171],[-0.32525,42.08855],[-0.32857,42.08464],[-0.32741,42.08044],[-0.328,42.0729],[-0.32,42.0665],[-0.31213,42.05908],[-0.31073,42.0555],[-0.30853,42.05224],[-0.30795,42.04963],[-0.30606,42.04789],[-0.30445,42.04462],[-0.3,42.04053],[-0.29455,42.04184],[-0.28073,42.04219],[-0.27786,42.04319],[-0.27367,42.04336],[-0.26662,42.04139],[-0.25563,42.03944],[-0.24922,42.04011],[-0.23684,42.04009],[-0.23315,42.03889],[-0.22394,42.03395],[-0.21103,42.02754],[-0.20884,42.02493],[-0.20795,42.02108],[-0.20606,42.01664],[-0.20418,42.01428],[-0.20286,42.01043],[-0.1962,42.00126],[-0.19155,41.99785],[-0.18906,41.99275],[-0.18664,41.99],[-0.18079,41.98815],[-0.17622,41.98586],[-0.17342,41.98522],[-0.16863,41.98162],[-0.16573,41.98219],[-0.16061,41.98435],[-0.15234,41.98578],[-0.14579,41.98761],[-0.13729,41.98835],[-0.12798,41.98672],[-0.12379,41.98411],[-0.12126,41.97737],[-0.12112,41.97358],[-0.12014,41.96964],[-0.12114,41.9668],[-0.12371,41.96409],[-0.12922,41.96082],[-0.13055,41.95646],[-0.12736,41.95139],[-0.12241,41.94652],[-0.12061,41.93977],[-0.12079,41.93675],[-0.12373,41.93272],[-0.1236,41.93089],[-0.12635,41.92319],[-0.12421,41.91739],[-0.12519,41.91256],[-0.12303,41.91067],[-0.11918,41.90529],[-0.11545,41.90212],[-0.11442,41.89965],[-0.11453,41.89547],[-0.1129,41.89275],[-0.11291,41.88993],[-0.11537,41.88639],[-0.10983,41.88239],[-0.10324,41.88087],[-0.09345,41.87725],[-0.08978,41.87679],[-0.08446,41.877],[-0.07976,41.87615],[-0.07195,41.87285],[-0.06335,41.86708],[-0.0614,41.86299],[-0.06282,41.85861],[-0.06098,41.857]]],[[[-1.7919,41.11624],[-1.78661,41.11816],[-1.78133,41.11851],[-1.764,41.12223],[-1.75284,41.1239],[-1.74924,41.1234],[-1.74498,41.12084],[-1.74331,41.11689],[-1.74444,41.1092],[-1.74646,41.10503],[-1.74555,41.10148],[-1.73954,41.09356],[-1.73706,41.08626],[-1.73396,41.08209],[-1.73227,41.08409],[-1.72733,41.08786],[-1.72596,41.09061],[-1.72373,41.09275],[-1.72003,41.09436],[-1.71787,41.09683],[-1.71362,41.0989],[-1.69126,41.10426],[-1.65343,41.11711],[-1.64464,41.11778],[-1.6313,41.12274],[-1.61654,41.12686],[-1.61283,41.12702],[-1.60934,41.12609],[-1.6066,41.1242],[-1.60494,41.12184],[-1.60044,41.11895],[-1.59226,41.11927],[-1.58896,41.11849],[-1.58638,41.11693],[-1.58045,41.11694],[-1.56938,41.116],[-1.56359,41.11324],[-1.56089,41.11119],[-1.55945,41.1088],[-1.55222,41.09953],[-1.54683,41.10085],[-1.53954,41.10689],[-1.53725,41.11401],[-1.53431,41.11808],[-1.53007,41.12147],[-1.52448,41.12445],[-1.51774,41.12679],[-1.52377,41.12904],[-1.52664,41.13105],[-1.52817,41.13379],[-1.5283,41.13748],[-1.52754,41.15125],[-1.52676,41.15744],[-1.52541,41.16112],[-1.53193,41.16184],[-1.53462,41.16353],[-1.54129,41.16944],[-1.54221,41.17211],[-1.54096,41.17799],[-1.53823,41.18177],[-1.53091,41.18518],[-1.52942,41.18969],[-1.52658,41.19293],[-1.51942,41.19817],[-1.5102,41.20214],[-1.50691,41.20277],[-1.50307,41.20574],[-1.49788,41.2066],[-1.49444,41.20591],[-1.48852,41.20271],[-1.47904,41.20366],[-1.47376,41.20149],[-1.46891,41.20028],[-1.46028,41.19662],[-1.45346,41.19275],[-1.45039,41.18753],[-1.44826,41.19512],[-1.44952,41.2039],[-1.44779,41.20764],[-1.43725,41.219],[-1.43305,41.2257],[-1.42937,41.22957],[-1.42092,41.241],[-1.41563,41.24429],[-1.40459,41.24666],[-1.39929,41.24585],[-1.39577,41.24695],[-1.39084,41.25343],[-1.38769,41.2553],[-1.38395,41.26003],[-1.38111,41.26177],[-1.37151,41.26577],[-1.36626,41.26627],[-1.36157,41.26512],[-1.35496,41.26466],[-1.3502,41.26228],[-1.34382,41.2537],[-1.33953,41.24865],[-1.33415,41.24439],[-1.32818,41.23748],[-1.32402,41.23725],[-1.31889,41.24141],[-1.31627,41.2426],[-1.31065,41.24859],[-1.30775,41.2501],[-1.30434,41.25072],[-1.29755,41.25021],[-1.29095,41.25309],[-1.28779,41.25509],[-1.28268,41.25609],[-1.27769,41.25488],[-1.27363,41.25205],[-1.26907,41.25148],[-1.26221,41.24951],[-1.25938,41.24749],[-1.25707,41.24171],[-1.25496,41.23931],[-1.25103,41.23103],[-1.24493,41.23392],[-1.23941,41.23968],[-1.23558,41.24286],[-1.2323,41.24451],[-1.22648,41.24483],[-1.22319,41.24408],[-1.21267,41.24342],[-1.20767,41.24361],[-1.20018,41.24215],[-1.19642,41.23999],[-1.19465,41.23771],[-1.19412,41.23421],[-1.1926,41.22993],[-1.19016,41.2261],[-1.18234,41.22924],[-1.17787,41.2296],[-1.1716,41.22828],[-1.1654,41.22766],[-1.15338,41.23224],[-1.15008,41.23245],[-1.14482,41.23095],[-1.13757,41.2297],[-1.13002,41.22716],[-1.12777,41.22712],[-1.1265,41.22927],[-1.12741,41.23342],[-1.12921,41.23824],[-1.12821,41.24187],[-1.12208,41.25192],[-1.1181,41.25444],[-1.11229,41.25585],[-1.10878,41.25607],[-1.10472,41.25504],[-1.09293,41.25504],[-1.08967,41.25689],[-1.08824,41.26127],[-1.08605,41.26374],[-1.07918,41.26762],[-1.07549,41.26853],[-1.07306,41.27057],[-1.07284,41.27524],[-1.06922,41.28115],[-1.07497,41.29028],[-1.07476,41.29305],[-1.0732,41.29557],[-1.07051,41.29746],[-1.06256,41.29909],[-1.05711,41.31322],[-1.05677,41.31679],[-1.05512,41.31942],[-1.05226,41.32136],[-1.04862,41.3223],[-1.04481,41.32208],[-1.04144,41.32075],[-1.0371,41.31571],[-1.02177,41.31566],[-0.98305,41.31508],[-0.97633,41.32218],[-0.97948,41.3266],[-0.97988,41.32954],[-0.97896,41.33224],[-0.98016,41.33526],[-0.98309,41.33832],[-0.98505,41.34268],[-0.98497,41.34561],[-0.98337,41.34828],[-0.97853,41.35165],[-0.97344,41.35284],[-0.96493,41.3617],[-0.96396,41.36469],[-0.96021,41.36984],[-0.95659,41.38066],[-0.95818,41.38345],[-0.95944,41.39043],[-0.96327,41.39181],[-0.98245,41.40169],[-0.99054,41.40264],[-0.99526,41.40516],[-1.00356,41.40861],[-1.00663,41.41177],[-1.01165,41.41503],[-1.01899,41.41708],[-1.02355,41.42116],[-1.02437,41.42371],[-1.02559,41.43232],[-1.02572,41.43698],[-1.02777,41.44068],[-1.02983,41.45017],[-1.03496,41.4538],[-1.03958,41.45941],[-1.04665,41.46095],[-1.05238,41.46579],[-1.05676,41.4681],[-1.0626,41.47318],[-1.06508,41.47477],[-1.06924,41.47928],[-1.07379,41.48063],[-1.08101,41.48111],[-1.08464,41.48302],[-1.08907,41.48433],[-1.09425,41.48712],[-1.10365,41.49378],[-1.10754,41.49788],[-1.11433,41.50395],[-1.11821,41.50578],[-1.12128,41.50897],[-1.12294,41.51183],[-1.12797,41.5168],[-1.12984,41.52349],[-1.13378,41.52482],[-1.15371,41.52429],[-1.16481,41.52497],[-1.16881,41.5245],[-1.18516,41.51637],[-1.18824,41.51392],[-1.19195,41.50946],[-1.19507,41.50773],[-1.19882,41.50707],[-1.2026,41.50757],[-1.20579,41.50915],[-1.211,41.51379],[-1.21693,41.51677],[-1.22975,41.51613],[-1.23876,41.51674],[-1.24358,41.51755],[-1.24956,41.51632],[-1.25474,41.51413],[-1.25915,41.51146],[-1.27221,41.50245],[-1.27724,41.49965],[-1.27958,41.49705],[-1.28199,41.49096],[-1.28565,41.48552],[-1.29033,41.47728],[-1.29321,41.47377],[-1.29999,41.46423],[-1.30414,41.4619],[-1.3093,41.46103],[-1.31905,41.46015],[-1.33629,41.45809],[-1.33883,41.45643],[-1.34176,41.45324],[-1.34228,41.45123],[-1.34706,41.44472],[-1.34952,41.44271],[-1.35278,41.44153],[-1.35814,41.44162],[-1.36168,41.44287],[-1.36793,41.44224],[-1.37916,41.44455],[-1.38497,41.44021],[-1.39183,41.43943],[-1.4001,41.43789],[-1.40702,41.43479],[-1.41006,41.43196],[-1.41542,41.42979],[-1.41845,41.42444],[-1.41371,41.41834],[-1.4111,41.40472],[-1.41132,41.39892],[-1.40861,41.39746],[-1.40565,41.39404],[-1.4019,41.39117],[-1.40113,41.3861],[-1.39925,41.38328],[-1.39791,41.3771],[-1.39513,41.37469],[-1.39084,41.37332],[-1.38681,41.37853],[-1.38168,41.3829],[-1.37473,41.38554],[-1.36691,41.38592],[-1.36333,41.38496],[-1.36055,41.38301],[-1.35901,41.38038],[-1.35896,41.3775],[-1.36041,41.37482],[-1.36447,41.37208],[-1.36973,41.37006],[-1.37626,41.36596],[-1.37746,41.36293],[-1.38028,41.36025],[-1.37601,41.35734],[-1.37281,41.35428],[-1.37158,41.35042],[-1.36929,41.34848],[-1.35877,41.34625],[-1.35579,41.34448],[-1.35397,41.34197],[-1.3536,41.3391],[-1.35474,41.33634],[-1.35721,41.33413],[-1.36071,41.33279],[-1.36609,41.32683],[-1.37133,41.32357],[-1.38132,41.32094],[-1.38442,41.31903],[-1.38919,41.31759],[-1.39732,41.31426],[-1.4033,41.31461],[-1.40729,41.31651],[-1.41482,41.31545],[-1.4185,41.31614],[-1.4215,41.31788],[-1.42337,41.32037],[-1.42417,41.32453],[-1.4276,41.3319],[-1.43244,41.33513],[-1.43497,41.33866],[-1.43518,41.3413],[-1.43842,41.34417],[-1.44185,41.3497],[-1.44353,41.35634],[-1.45021,41.36137],[-1.45191,41.36394],[-1.45213,41.36683],[-1.45084,41.36956],[-1.43578,41.38848],[-1.43962,41.39593],[-1.44394,41.39834],[-1.44862,41.40014],[-1.4581,41.40829],[-1.46558,41.41284],[-1.46755,41.41538],[-1.47311,41.41895],[-1.47544,41.42269],[-1.47547,41.42513],[-1.47837,41.42883],[-1.4845,41.43161],[-1.48743,41.43535],[-1.495,41.44281],[-1.49792,41.44678],[-1.49886,41.44913],[-1.50255,41.45063],[-1.50785,41.45537],[-1.50975,41.45899],[-1.51704,41.45914],[-1.51794,41.4562],[-1.51978,41.45365],[-1.52718,41.44704],[-1.53162,41.44078],[-1.53116,41.43697],[-1.52459,41.43188],[-1.52269,41.42938],[-1.52209,41.42639],[-1.52316,41.42346],[-1.52546,41.421],[-1.52949,41.41829],[-1.5295,41.41514],[-1.53228,41.4112],[-1.54406,41.40254],[-1.54885,41.39863],[-1.55206,41.39745],[-1.55561,41.39723],[-1.55901,41.39802],[-1.56177,41.39969],[-1.56736,41.40551],[-1.56933,41.41052],[-1.57193,41.41262],[-1.57311,41.41501],[-1.57485,41.4223],[-1.57539,41.42732],[-1.57929,41.42912],[-1.58152,41.43124],[-1.58253,41.43493],[-1.58687,41.43794],[-1.59139,41.44573],[-1.59387,41.44715],[-1.59576,41.44959],[-1.59572,41.45441],[-1.59748,41.45715],[-1.60525,41.45555],[-1.60823,41.4559],[-1.61351,41.45538],[-1.6216,41.45828],[-1.62341,41.4574],[-1.63038,41.4561],[-1.63155,41.45404],[-1.63618,41.45109],[-1.64007,41.45048],[-1.64393,41.45112],[-1.65297,41.457],[-1.66164,41.45833],[-1.66471,41.46012],[-1.66656,41.46269],[-1.6678,41.47044],[-1.66663,41.47352],[-1.66939,41.47671],[-1.67267,41.47869],[-1.67499,41.4826],[-1.67516,41.48719],[-1.67456,41.48982],[-1.67817,41.49516],[-1.67984,41.5014],[-1.67948,41.50573],[-1.67727,41.51292],[-1.68296,41.51603],[-1.6862,41.52029],[-1.69297,41.5242],[-1.69673,41.53004],[-1.69983,41.5337],[-1.70976,41.53409],[-1.71433,41.53019],[-1.71842,41.52832],[-1.72428,41.52823],[-1.73004,41.53059],[-1.73236,41.5328],[-1.73521,41.53998],[-1.737,41.54155],[-1.74296,41.54258],[-1.748,41.54482],[-1.75382,41.54483],[-1.75691,41.54591],[-1.76256,41.5491],[-1.76516,41.54909],[-1.77408,41.54515],[-1.77645,41.54297],[-1.78289,41.53985],[-1.78803,41.53932],[-1.79502,41.54019],[-1.79831,41.54171],[-1.80052,41.5441],[-1.80275,41.54923],[-1.80699,41.55186],[-1.81129,41.5529],[-1.816,41.55286],[-1.82533,41.55505],[-1.83223,41.55886],[-1.8389,41.5567],[-1.842,41.55632],[-1.84886,41.5541],[-1.85509,41.55151],[-1.85869,41.54933],[-1.86214,41.54447],[-1.86644,41.5398],[-1.86513,41.5363],[-1.86257,41.53494],[-1.85528,41.52788],[-1.85402,41.52411],[-1.85474,41.52154],[-1.85956,41.51591],[-1.86102,41.51498],[-1.86639,41.51367],[-1.87188,41.51431],[-1.87553,41.51164],[-1.88222,41.50869],[-1.88686,41.50829],[-1.89799,41.50883],[-1.90518,41.50977],[-1.91222,41.50394],[-1.91517,41.50274],[-1.92273,41.5008],[-1.92593,41.49851],[-1.93319,41.49503],[-1.94823,41.49028],[-1.9536,41.48834],[-1.95773,41.48796],[-1.95994,41.48652],[-1.96515,41.48461],[-1.96985,41.4815],[-1.96505,41.47679],[-1.95738,41.46836],[-1.95325,41.46239],[-1.95168,41.45605],[-1.95285,41.45193],[-1.95232,41.44551],[-1.94891,41.43543],[-1.94911,41.43043],[-1.9503,41.42742],[-1.95358,41.42431],[-1.95268,41.42336],[-1.94386,41.42009],[-1.94102,41.41825],[-1.93936,41.41571],[-1.93805,41.40827],[-1.93892,41.40363],[-1.93814,41.40202],[-1.93701,41.39518],[-1.93543,41.39127],[-1.93172,41.38863],[-1.93012,41.38613],[-1.92993,41.38326],[-1.92713,41.38141],[-1.92542,41.37868],[-1.92537,41.37564],[-1.92653,41.37123],[-1.92912,41.36699],[-1.93515,41.36138],[-1.93857,41.35964],[-1.94408,41.35899],[-1.94263,41.35368],[-1.94317,41.35101],[-1.94625,41.34772],[-1.9506,41.34582],[-1.95776,41.34193],[-1.9629,41.33993],[-1.9673,41.33948],[-1.97084,41.33998],[-1.98006,41.33905],[-1.98406,41.3397],[-1.99152,41.34407],[-1.99454,41.34854],[-1.99981,41.35456],[-2.00766,41.36006],[-2.01318,41.36601],[-2.01321,41.37055],[-2.01543,41.37425],[-2.0184,41.37525],[-2.02319,41.37841],[-2.02483,41.3808],[-2.02536,41.38384],[-2.02976,41.38511],[-2.03202,41.38675],[-2.04033,41.38265],[-2.0439,41.3825],[-2.0523,41.38546],[-2.05819,41.38448],[-2.06201,41.38494],[-2.06717,41.3839],[-2.0711,41.38168],[-2.08587,41.37728],[-2.08942,41.37724],[-2.09755,41.3783],[-2.09896,41.37345],[-2.09703,41.36514],[-2.09645,41.35609],[-2.09865,41.35231],[-2.10422,41.3487],[-2.1035,41.34631],[-2.10374,41.33771],[-2.10084,41.32912],[-2.09755,41.32061],[-2.09517,41.30928],[-2.0966,41.29945],[-2.09213,41.29986],[-2.0853,41.29887],[-2.08187,41.29708],[-2.07811,41.29398],[-2.07045,41.282],[-2.07013,41.27549],[-2.06606,41.26762],[-2.05918,41.26188],[-2.05805,41.25955],[-2.05746,41.25495],[-2.05223,41.25695],[-2.04105,41.2584],[-2.02581,41.25484],[-2.01983,41.25266],[-2.01655,41.24956],[-2.01598,41.24558],[-2.01688,41.24341],[-2.01724,41.23902],[-2.01437,41.23217],[-2.00902,41.22651],[-1.99917,41.21507],[-1.99053,41.21452],[-1.97178,41.21197],[-1.96117,41.21399],[-1.95711,41.2155],[-1.95359,41.2158],[-1.95019,41.2151],[-1.9449,41.21133],[-1.9426,41.20782],[-1.93876,41.19735],[-1.93659,41.18877],[-1.93261,41.18541],[-1.92818,41.18354],[-1.92362,41.1837],[-1.91117,41.18042],[-1.90598,41.1774],[-1.90042,41.16952],[-1.89973,41.16712],[-1.88593,41.14586],[-1.88223,41.14586],[-1.87726,41.14964],[-1.87338,41.15118],[-1.86874,41.1541],[-1.85888,41.15769],[-1.85376,41.16148],[-1.85071,41.16266],[-1.84519,41.16377],[-1.84001,41.1637],[-1.83196,41.16455],[-1.82629,41.16343],[-1.82323,41.16159],[-1.82143,41.15897],[-1.82095,41.15562],[-1.82258,41.15115],[-1.81869,41.1446],[-1.81524,41.13735],[-1.80998,41.1328],[-1.80865,41.12938],[-1.80787,41.11959],[-1.80958,41.1158],[-1.80754,41.11363],[-1.7919,41.11624]]],[[[-1.50291,41.62243],[-1.49979,41.62585],[-1.49627,41.62716],[-1.49004,41.62682],[-1.48359,41.62982],[-1.4812,41.63347],[-1.47857,41.63535],[-1.46251,41.64317],[-1.45957,41.64642],[-1.45395,41.65626],[-1.45309,41.65975],[-1.44965,41.66495],[-1.44619,41.66817],[-1.44314,41.67435],[-1.4414,41.67973],[-1.44051,41.68826],[-1.43874,41.6916],[-1.43394,41.69496],[-1.42521,41.69772],[-1.42176,41.70237],[-1.41932,41.70404],[-1.40755,41.70747],[-1.40399,41.70972],[-1.39733,41.71128],[-1.39486,41.7127],[-1.38744,41.71904],[-1.38476,41.72419],[-1.3827,41.72695],[-1.37984,41.72904],[-1.37467,41.73051],[-1.36742,41.731],[-1.36224,41.73231],[-1.3437,41.7349],[-1.33534,41.73551],[-1.33517,41.74206],[-1.33884,41.74945],[-1.33901,41.75378],[-1.34039,41.75671],[-1.34054,41.75962],[-1.34379,41.77081],[-1.34143,41.7749],[-1.33992,41.77596],[-1.33341,41.7864],[-1.32824,41.79301],[-1.32424,41.79723],[-1.32193,41.80105],[-1.31745,41.80424],[-1.31966,41.80949],[-1.32483,41.81648],[-1.33075,41.82044],[-1.33745,41.82578],[-1.34072,41.82983],[-1.3561,41.84618],[-1.3598,41.85637],[-1.3599,41.85899],[-1.35832,41.86657],[-1.35824,41.8716],[-1.35989,41.87787],[-1.36484,41.88395],[-1.3773,41.89319],[-1.38467,41.89595],[-1.39018,41.89948],[-1.39194,41.90144],[-1.39685,41.90413],[-1.40136,41.90594],[-1.40552,41.9063],[-1.40862,41.90768],[-1.41559,41.91662],[-1.41951,41.91417],[-1.42329,41.91336],[-1.43489,41.91447],[-1.44039,41.91632],[-1.44566,41.91562],[-1.45445,41.91615],[-1.45789,41.91739],[-1.4658,41.92192],[-1.47278,41.92436],[-1.47767,41.92489],[-1.48665,41.92402],[-1.49511,41.92437],[-1.50169,41.92423],[-1.50295,41.91974],[-1.50499,41.91736],[-1.50809,41.91574],[-1.51282,41.9148],[-1.52374,41.91045],[-1.52744,41.91013],[-1.53562,41.91061],[-1.54267,41.91233],[-1.55918,41.9141],[-1.56759,41.91609],[-1.57335,41.91789],[-1.58,41.92089],[-1.57953,41.91014],[-1.58197,41.90632],[-1.58504,41.90463],[-1.59421,41.90277],[-1.59974,41.90087],[-1.60395,41.90041],[-1.60934,41.90064],[-1.61949,41.90254],[-1.62408,41.90389],[-1.62065,41.88467],[-1.61857,41.88252],[-1.61744,41.87971],[-1.61872,41.87543],[-1.62284,41.87124],[-1.6208,41.86538],[-1.62085,41.86206],[-1.62312,41.85824],[-1.6263,41.85634],[-1.63023,41.85557],[-1.64174,41.85703],[-1.64732,41.86007],[-1.65097,41.8593],[-1.6549,41.85968],[-1.6639,41.8624],[-1.66953,41.86169],[-1.67273,41.86212],[-1.68032,41.85995],[-1.68594,41.85684],[-1.69666,41.85481],[-1.69973,41.85006],[-1.70017,41.84757],[-1.69953,41.84349],[-1.69985,41.83807],[-1.69934,41.83609],[-1.70018,41.83171],[-1.69996,41.82793],[-1.70198,41.8238],[-1.702,41.82181],[-1.70469,41.81784],[-1.71206,41.81251],[-1.72425,41.8086],[-1.73329,41.80451],[-1.73661,41.80364],[-1.74262,41.79962],[-1.74298,41.79791],[-1.73461,41.79268],[-1.72376,41.79976],[-1.71839,41.80066],[-1.71472,41.80005],[-1.70468,41.80158],[-1.69694,41.80033],[-1.69353,41.79887],[-1.68887,41.80244],[-1.68597,41.8031],[-1.68305,41.81063],[-1.67963,41.81381],[-1.6753,41.81571],[-1.66454,41.81809],[-1.66074,41.81786],[-1.65603,41.81552],[-1.65427,41.81299],[-1.65397,41.81014],[-1.65513,41.80704],[-1.65531,41.80091],[-1.65784,41.79781],[-1.66103,41.79611],[-1.66483,41.7955],[-1.67211,41.79545],[-1.67521,41.79486],[-1.68032,41.7841],[-1.68261,41.78248],[-1.68415,41.77929],[-1.68475,41.77382],[-1.68444,41.76875],[-1.68739,41.76255],[-1.68225,41.75801],[-1.67663,41.75574],[-1.6657,41.75641],[-1.66217,41.75561],[-1.65908,41.75389],[-1.63866,41.75326],[-1.63265,41.75057],[-1.62492,41.74304],[-1.62204,41.73967],[-1.61922,41.73487],[-1.61862,41.73006],[-1.61716,41.72691],[-1.61655,41.72181],[-1.61764,41.71929],[-1.61984,41.71724],[-1.61984,41.71108],[-1.61628,41.70646],[-1.60747,41.70401],[-1.60147,41.69969],[-1.59987,41.69601],[-1.59575,41.69281],[-1.59317,41.68917],[-1.58475,41.68537],[-1.57602,41.68336],[-1.57271,41.68154],[-1.56977,41.67767],[-1.56901,41.67516],[-1.56564,41.67223],[-1.55118,41.66783],[-1.54846,41.6653],[-1.54749,41.66316],[-1.54248,41.65921],[-1.53526,41.65426],[-1.53126,41.64913],[-1.52801,41.64708],[-1.52599,41.64443],[-1.52094,41.64375],[-1.51534,41.63966],[-1.51396,41.63606],[-1.51389,41.63303],[-1.51546,41.62877],[-1.51561,41.62601],[-1.5088,41.62256],[-1.5044,41.62098],[-1.50291,41.62243]]]]}}]}