{"type":"FeatureCollection","features":[{"type":"Feature","geometry":{"type":"MultiPolygon","coordinates":[[[[-2.5001,42.61644],[-2.49933,42.61044],[-2.49482,42.60279],[-2.49432,42.60119],[-2.49409,42.59637],[-2.49231,42.59103],[-2.49071,42.58765],[-2.49065,42.58532],[-2.48895,42.58771],[-2.48772,42.58834],[-2.48577,42.58851],[-2.48373,42.58913],[-2.47253,42.58933],[-2.46222,42.58735],[-2.46099,42.58371],[-2.45966,42.58168],[-2.46003,42.57882],[-2.45683,42.57527],[-2.45626,42.57413],[-2.45634,42.57248],[-2.45435,42.57061],[-2.45326,42.56708],[-2.44381,42.57465],[-2.4418,42.57694],[-2.44009,42.58077],[-2.42959,42.59724],[-2.42669,42.59993],[-2.42496,42.6002],[-2.42438,42.60196],[-2.42486,42.60453],[-2.42114,42.60709],[-2.41857,42.60711],[-2.41865,42.60769],[-2.42151,42.60806],[-2.4226,42.60897],[-2.42859,42.61103],[-2.43212,42.61],[-2.43609,42.61171],[-2.43787,42.61378],[-2.43992,42.61423],[-2.44151,42.61505],[-2.4432,42.61449],[-2.44439,42.61505],[-2.44381,42.61613],[-2.45189,42.61764],[-2.46012,42.61653],[-2.46032,42.62014],[-2.46444,42.62262],[-2.4653,42.62368],[-2.46785,42.62371],[-2.46704,42.62598],[-2.46492,42.62673],[-2.46454,42.62728],[-2.47108,42.62723],[-2.47267,42.62454],[-2.47429,42.62365],[-2.47811,42.61879],[-2.479,42.61591],[-2.48121,42.61442],[-2.48309,42.61213],[-2.49074,42.61451],[-2.5001,42.61644]]],[[[-2.36243,42.58845],[-2.35946,42.58363],[-2.35226,42.58237],[-2.3479,42.58098],[-2.34571,42.58083],[-2.33896,42.58112],[-2.33733,42.57993],[-2.33404,42.57632],[-2.33328,42.57721],[-2.33314,42.57912],[-2.33186,42.5812],[-2.33076,42.58206],[-2.33256,42.58419],[-2.33355,42.58662],[-2.33353,42.59029],[-2.32938,42.59319],[-2.32553,42.59158],[-2.32049,42.5916],[-2.31816,42.58978],[-2.31736,42.58605],[-2.31446,42.58219],[-2.31126,42.5802],[-2.30897,42.57917],[-2.30672,42.57675],[-2.30687,42.57471],[-2.30556,42.57115],[-2.30193,42.56569],[-2.29772,42.56076],[-2.29667,42.55898],[-2.2967,42.55737],[-2.30015,42.55416],[-2.30125,42.55265],[-2.30152,42.55139],[-2.29724,42.54384],[-2.29357,42.53589],[-2.29242,42.53208],[-2.28919,42.52814],[-2.28822,42.52647],[-2.28797,42.52313],[-2.2858,42.51723],[-2.28656,42.51419],[-2.28937,42.50989],[-2.29214,42.50143],[-2.29423,42.49771],[-2.2941,42.49183],[-2.29357,42.48992],[-2.29025,42.48871],[-2.28662,42.48803],[-2.28501,42.48723],[-2.28139,42.48673],[-2.27593,42.48542],[-2.26628,42.48195],[-2.26213,42.48148],[-2.2549,42.47919],[-2.24596,42.47773],[-2.2406,42.47733],[-2.23788,42.47624],[-2.23063,42.47204],[-2.2224,42.47171],[-2.21551,42.4745],[-2.20988,42.47853],[-2.20793,42.48041],[-2.20687,42.48276],[-2.20038,42.49027],[-2.1979,42.49535],[-2.19395,42.49388],[-2.19262,42.4931],[-2.18545,42.49066],[-2.17829,42.48911],[-2.17041,42.48799],[-2.16662,42.48884],[-2.16218,42.48837],[-2.15677,42.48202],[-2.15406,42.48086],[-2.14931,42.47948],[-2.14751,42.48134],[-2.14562,42.4817],[-2.14212,42.47822],[-2.1382,42.47277],[-2.13624,42.47078],[-2.1332,42.46449],[-2.12719,42.45515],[-2.12255,42.45038],[-2.11851,42.44694],[-2.1271,42.44178],[-2.12932,42.43888],[-2.1299,42.43722],[-2.12982,42.43472],[-2.13082,42.43173],[-2.12981,42.42932],[-2.12979,42.42744],[-2.13028,42.42617],[-2.13277,42.42255],[-2.13299,42.42117],[-2.13107,42.41988],[-2.12784,42.41903],[-2.12702,42.42031],[-2.12331,42.42028],[-2.11643,42.41921],[-2.11429,42.41925],[-2.11229,42.42007],[-2.10509,42.41592],[-2.10565,42.41432],[-2.11049,42.40803],[-2.11166,42.40714],[-2.11217,42.40501],[-2.11521,42.4007],[-2.11552,42.39906],[-2.11311,42.39767],[-2.11099,42.39596],[-2.11033,42.39379],[-2.10944,42.39316],[-2.10623,42.39212],[-2.10468,42.39097],[-2.09933,42.38902],[-2.09841,42.38827],[-2.09599,42.38803],[-2.09296,42.38646],[-2.08913,42.38496],[-2.08756,42.3836],[-2.09282,42.3758],[-2.08979,42.37486],[-2.07952,42.36911],[-2.07865,42.3681],[-2.07899,42.36647],[-2.08159,42.36413],[-2.08739,42.35985],[-2.08966,42.35671],[-2.09007,42.35379],[-2.08944,42.34912],[-2.08997,42.34695],[-2.08401,42.34515],[-2.08148,42.34459],[-2.07747,42.34419],[-2.07597,42.34365],[-2.06999,42.3425],[-2.0651,42.34599],[-2.06179,42.34758],[-2.05532,42.34948],[-2.05176,42.35117],[-2.04589,42.35617],[-2.04561,42.35901],[-2.04985,42.35875],[-2.05384,42.359],[-2.0561,42.36004],[-2.05701,42.36083],[-2.05759,42.36342],[-2.05607,42.36929],[-2.05708,42.37354],[-2.05943,42.3775],[-2.06143,42.37876],[-2.06706,42.38078],[-2.06789,42.38164],[-2.06789,42.38318],[-2.06497,42.38663],[-2.06443,42.38961],[-2.06143,42.39243],[-2.06012,42.39478],[-2.05797,42.39729],[-2.05619,42.40007],[-2.04761,42.40482],[-2.04583,42.40609],[-2.04174,42.40799],[-2.03776,42.4091],[-2.03235,42.41014],[-2.03059,42.41155],[-2.02402,42.40815],[-2.0188,42.40728],[-2.02014,42.40459],[-2.0162,42.40258],[-2.01815,42.40136],[-2.01156,42.39658],[-2.0082,42.39042],[-2.00335,42.38667],[-2.00025,42.38469],[-1.9944,42.38194],[-1.98806,42.37777],[-1.98062,42.37418],[-1.9764,42.37761],[-1.97164,42.38213],[-1.9688,42.38281],[-1.96271,42.38556],[-1.96165,42.38489],[-1.95801,42.38653],[-1.95767,42.3878],[-1.95885,42.38992],[-1.96001,42.39117],[-1.95787,42.39241],[-1.94883,42.40105],[-1.94111,42.40623],[-1.93663,42.41395],[-1.93522,42.41501],[-1.93252,42.41798],[-1.93235,42.41996],[-1.931,42.42421],[-1.92882,42.42873],[-1.92355,42.43086],[-1.92004,42.43166],[-1.90972,42.43321],[-1.90863,42.43273],[-1.90608,42.43038],[-1.90397,42.42739],[-1.90667,42.42461],[-1.9068,42.42008],[-1.90678,42.41404],[-1.90546,42.41271],[-1.89902,42.40955],[-1.89447,42.40654],[-1.88102,42.3969],[-1.88387,42.39687],[-1.88713,42.39532],[-1.88882,42.39274],[-1.89283,42.38742],[-1.89381,42.38512],[-1.89304,42.37608],[-1.89347,42.37498],[-1.89725,42.37332],[-1.89719,42.37242],[-1.8981,42.37037],[-1.89423,42.36761],[-1.89249,42.36581],[-1.89237,42.36454],[-1.8893,42.36198],[-1.88513,42.35962],[-1.88363,42.35745],[-1.87981,42.35405],[-1.87477,42.35058],[-1.87369,42.34934],[-1.87346,42.34803],[-1.8753,42.34624],[-1.87595,42.34495],[-1.88253,42.34007],[-1.87942,42.33769],[-1.87401,42.3342],[-1.87058,42.3316],[-1.86768,42.32809],[-1.86301,42.32549],[-1.85863,42.32283],[-1.85746,42.32167],[-1.85607,42.31564],[-1.85203,42.31121],[-1.85055,42.30872],[-1.8491,42.30486],[-1.84802,42.30332],[-1.84185,42.29048],[-1.8409,42.28627],[-1.8389,42.2838],[-1.83951,42.28184],[-1.83679,42.2755],[-1.84304,42.26228],[-1.84232,42.25907],[-1.84227,42.25437],[-1.84328,42.25326],[-1.84106,42.25175],[-1.83915,42.25106],[-1.83444,42.24848],[-1.83124,42.24503],[-1.82973,42.24412],[-1.8279,42.24402],[-1.82621,42.24466],[-1.82447,42.2461],[-1.824,42.24843],[-1.82254,42.24898],[-1.8206,42.24916],[-1.81862,42.24803],[-1.8183,42.24604],[-1.81985,42.23989],[-1.81997,42.23409],[-1.81956,42.23206],[-1.8185,42.23073],[-1.81594,42.22893],[-1.8147,42.22844],[-1.81138,42.2278],[-1.80851,42.22762],[-1.80635,42.22785],[-1.80233,42.22343],[-1.79999,42.2228],[-1.79508,42.22273],[-1.79472,42.22254],[-1.79052,42.22302],[-1.78782,42.22514],[-1.78562,42.22509],[-1.78016,42.22417],[-1.774,42.21521],[-1.77264,42.21442],[-1.76966,42.21406],[-1.76733,42.21575],[-1.7664,42.22125],[-1.74114,42.21192],[-1.73973,42.21391],[-1.73671,42.21507],[-1.73338,42.21462],[-1.72745,42.21208],[-1.72607,42.21278],[-1.72578,42.21418],[-1.72164,42.21248],[-1.71799,42.21206],[-1.71301,42.21032],[-1.70924,42.20997],[-1.70765,42.20905],[-1.70572,42.207],[-1.70552,42.20409],[-1.70665,42.20194],[-1.7049,42.20029],[-1.70303,42.19581],[-1.70509,42.19269],[-1.70424,42.19201],[-1.70018,42.19123],[-1.69894,42.19363],[-1.69547,42.19324],[-1.69289,42.1935],[-1.68991,42.19267],[-1.68807,42.19266],[-1.68572,42.19396],[-1.68432,42.19371],[-1.68145,42.1924],[-1.67953,42.19113],[-1.67872,42.18947],[-1.67901,42.1883],[-1.69269,42.18265],[-1.69695,42.18035],[-1.69935,42.17546],[-1.7009,42.17311],[-1.69945,42.16684],[-1.6938,42.15843],[-1.69167,42.15743],[-1.6868,42.15635],[-1.67966,42.15167],[-1.68449,42.14992],[-1.69027,42.14838],[-1.7199,42.13342],[-1.72209,42.13618],[-1.72552,42.14174],[-1.73614,42.14823],[-1.73974,42.14972],[-1.75077,42.1505],[-1.76471,42.15039],[-1.76641,42.14807],[-1.76965,42.14547],[-1.7799,42.14172],[-1.78057,42.14069],[-1.77918,42.13922],[-1.77901,42.13769],[-1.78069,42.13818],[-1.78198,42.13772],[-1.78439,42.13813],[-1.78703,42.13911],[-1.79005,42.1398],[-1.79504,42.14033],[-1.79924,42.14169],[-1.79991,42.14461],[-1.80036,42.1453],[-1.80255,42.14681],[-1.80454,42.14771],[-1.80824,42.14867],[-1.81061,42.15021],[-1.82162,42.15355],[-1.82923,42.15003],[-1.83242,42.14822],[-1.83811,42.14195],[-1.8378,42.13748],[-1.83839,42.13533],[-1.83741,42.13409],[-1.84028,42.12811],[-1.85419,42.11833],[-1.85525,42.11727],[-1.85946,42.11497],[-1.86104,42.11139],[-1.86329,42.10803],[-1.86422,42.1072],[-1.87135,42.1035],[-1.87247,42.10102],[-1.87381,42.09988],[-1.88176,42.09427],[-1.88856,42.08831],[-1.89203,42.08597],[-1.894,42.08271],[-1.89943,42.07769],[-1.90058,42.07537],[-1.9023,42.07385],[-1.90253,42.07114],[-1.90465,42.06941],[-1.9056,42.06792],[-1.9063,42.06041],[-1.90727,42.06038],[-1.90924,42.05911],[-1.9071,42.05609],[-1.90603,42.05536],[-1.90375,42.05519],[-1.90332,42.05447],[-1.90481,42.05132],[-1.90509,42.04953],[-1.90434,42.04775],[-1.90458,42.04617],[-1.90399,42.04511],[-1.90419,42.04409],[-1.90254,42.03876],[-1.90317,42.0349],[-1.90158,42.02967],[-1.89772,42.02875],[-1.8963,42.02675],[-1.89177,42.02666],[-1.88662,42.02747],[-1.88523,42.02729],[-1.88295,42.02632],[-1.88326,42.02424],[-1.88095,42.022],[-1.88032,42.02088],[-1.87202,42.01266],[-1.86999,42.01265],[-1.86833,42.01339],[-1.8671,42.01473],[-1.86484,42.01507],[-1.8625,42.01017],[-1.86045,42.00964],[-1.86084,42.00674],[-1.85523,42.00259],[-1.85419,42.00257],[-1.85168,42.00361],[-1.84903,42.00524],[-1.84718,42.00799],[-1.8464,42.008],[-1.84037,42.00416],[-1.83798,42.00041],[-1.83794,41.999],[-1.8337,41.99505],[-1.8297,41.99472],[-1.8253,41.99561],[-1.82,41.99581],[-1.81123,41.99747],[-1.81035,41.99801],[-1.80577,41.99627],[-1.80008,41.99286],[-1.79873,41.99258],[-1.79234,41.98968],[-1.78537,41.99083],[-1.77408,41.9955],[-1.77061,41.99526],[-1.7669,41.99578],[-1.76306,41.99294],[-1.75973,41.98983],[-1.75203,41.97996],[-1.74953,41.97815],[-1.7472,41.9753],[-1.74359,41.97278],[-1.74136,41.96835],[-1.73975,41.96832],[-1.73672,41.9655],[-1.7343,41.96389],[-1.73114,41.96259],[-1.72321,41.96061],[-1.72028,41.95924],[-1.71866,41.95904],[-1.71522,41.95695],[-1.70444,41.95721],[-1.70274,41.95629],[-1.70077,41.95393],[-1.69969,41.95393],[-1.6985,41.95478],[-1.69551,41.95573],[-1.69324,41.95574],[-1.68881,41.95496],[-1.6882,41.95324],[-1.68681,41.95284],[-1.68538,41.95437],[-1.68396,41.95444],[-1.68156,41.95597],[-1.68213,41.95774],[-1.6797,41.96039],[-1.67856,41.96087],[-1.67699,41.96276],[-1.67714,41.96503],[-1.67546,41.96674],[-1.67366,41.96642],[-1.67037,41.96427],[-1.66757,41.96387],[-1.66453,41.96241],[-1.66363,41.95998],[-1.66196,41.96041],[-1.65818,41.96036],[-1.65943,41.96123],[-1.65935,41.9626],[-1.65761,41.96384],[-1.65414,41.96534],[-1.6494,41.96347],[-1.64399,41.95906],[-1.63877,41.95735],[-1.63227,41.95585],[-1.62708,41.95399],[-1.6211,41.95277],[-1.61962,41.95213],[-1.61686,41.9515],[-1.61482,41.95051],[-1.61103,41.9475],[-1.60786,41.94278],[-1.60626,41.94149],[-1.60404,41.93688],[-1.60237,41.93494],[-1.59942,41.93006],[-1.59625,41.92708],[-1.59276,41.92631],[-1.58943,41.92429],[-1.58667,41.92323],[-1.58276,41.92228],[-1.58016,41.92096],[-1.57869,41.92052],[-1.57335,41.91789],[-1.56759,41.91609],[-1.56208,41.91507],[-1.55925,41.91393],[-1.55538,41.91377],[-1.54267,41.91233],[-1.53562,41.91061],[-1.5233,41.90988],[-1.52085,41.91153],[-1.51289,41.91485],[-1.50611,41.91584],[-1.50304,41.91936],[-1.50234,41.921],[-1.50176,41.92426],[-1.4993,41.92865],[-1.49884,41.93067],[-1.49914,41.9323],[-1.50256,41.93538],[-1.50786,41.93717],[-1.51069,41.93883],[-1.51771,41.94163],[-1.52019,41.94286],[-1.52619,41.94467],[-1.53236,41.94764],[-1.53671,41.94864],[-1.5388,41.94879],[-1.54046,41.94947],[-1.54426,41.94958],[-1.55298,41.95083],[-1.55442,41.95171],[-1.55581,41.95325],[-1.55613,41.95498],[-1.55573,41.95654],[-1.55103,41.96181],[-1.5467,41.96567],[-1.54295,41.96812],[-1.53879,41.97024],[-1.53795,41.97108],[-1.54101,41.97465],[-1.54256,41.97712],[-1.54374,41.98194],[-1.54521,41.98575],[-1.54701,41.98573],[-1.55054,41.98377],[-1.55668,41.98445],[-1.56484,41.98319],[-1.56806,41.98407],[-1.57341,41.98451],[-1.57714,41.98555],[-1.57968,41.98783],[-1.58144,41.9905],[-1.58494,41.99423],[-1.58567,41.9947],[-1.58927,41.99569],[-1.59353,41.99867],[-1.5968,42.00338],[-1.59742,42.00617],[-1.59915,42.00725],[-1.6012,42.01093],[-1.60141,42.01233],[-1.60481,42.01398],[-1.6072,42.01403],[-1.60582,42.01734],[-1.606,42.01899],[-1.59766,42.02439],[-1.59276,42.02571],[-1.58896,42.02552],[-1.58315,42.02604],[-1.58516,42.03003],[-1.5854,42.03118],[-1.58443,42.03214],[-1.58077,42.03251],[-1.57884,42.03347],[-1.579,42.03451],[-1.57816,42.03581],[-1.57632,42.03726],[-1.5751,42.03643],[-1.57326,42.03713],[-1.57347,42.03781],[-1.5707,42.03881],[-1.56506,42.03559],[-1.55501,42.0307],[-1.5539,42.035],[-1.55228,42.03828],[-1.55187,42.04432],[-1.55231,42.04532],[-1.55629,42.04923],[-1.55733,42.04985],[-1.56143,42.05024],[-1.5661,42.05391],[-1.56344,42.0559],[-1.56442,42.05919],[-1.56141,42.06211],[-1.55758,42.06411],[-1.55787,42.06644],[-1.55579,42.06805],[-1.55387,42.07067],[-1.55061,42.07128],[-1.5484,42.06996],[-1.54591,42.07137],[-1.54516,42.07104],[-1.54275,42.0733],[-1.54133,42.07348],[-1.54156,42.07623],[-1.53583,42.07771],[-1.53244,42.08104],[-1.52895,42.08054],[-1.52684,42.08076],[-1.52456,42.07914],[-1.52296,42.0788],[-1.52069,42.08376],[-1.51581,42.08541],[-1.51248,42.08587],[-1.51019,42.09056],[-1.50754,42.0947],[-1.50718,42.09897],[-1.50613,42.1004],[-1.50291,42.10261],[-1.50143,42.10412],[-1.4997,42.10725],[-1.49914,42.11093],[-1.49816,42.11151],[-1.49489,42.11254],[-1.49112,42.1152],[-1.48932,42.11603],[-1.48859,42.1169],[-1.48475,42.12306],[-1.48451,42.12618],[-1.48562,42.13321],[-1.48822,42.13647],[-1.4897,42.13698],[-1.49105,42.13688],[-1.49384,42.13559],[-1.50156,42.131],[-1.50545,42.12811],[-1.50804,42.12714],[-1.51528,42.12654],[-1.517,42.12617],[-1.52429,42.123],[-1.5267,42.12318],[-1.52979,42.12387],[-1.53176,42.12355],[-1.53874,42.12056],[-1.5422,42.11964],[-1.54566,42.11959],[-1.55524,42.12321],[-1.56135,42.12394],[-1.56444,42.12399],[-1.56617,42.12468],[-1.57137,42.13079],[-1.57106,42.13166],[-1.56785,42.13428],[-1.56742,42.13584],[-1.56619,42.13667],[-1.56037,42.13869],[-1.55571,42.14346],[-1.54411,42.15408],[-1.54179,42.15488],[-1.53686,42.16021],[-1.53422,42.16252],[-1.53278,42.1645],[-1.53219,42.1645],[-1.52977,42.17123],[-1.52939,42.17334],[-1.52785,42.17654],[-1.52722,42.17861],[-1.52739,42.18006],[-1.52677,42.18454],[-1.52564,42.18727],[-1.52429,42.19432],[-1.52313,42.19829],[-1.52299,42.20485],[-1.52174,42.20904],[-1.52257,42.21114],[-1.52258,42.21209],[-1.52141,42.21353],[-1.52274,42.2163],[-1.52741,42.21863],[-1.52639,42.22087],[-1.52868,42.2248],[-1.52691,42.22591],[-1.52701,42.22703],[-1.52284,42.22792],[-1.52014,42.2302],[-1.51702,42.23216],[-1.51698,42.2375],[-1.51762,42.24298],[-1.51584,42.25193],[-1.51617,42.25769],[-1.51683,42.25856],[-1.52056,42.26047],[-1.52548,42.26235],[-1.52727,42.26268],[-1.53166,42.26257],[-1.5347,42.26508],[-1.53638,42.26817],[-1.53833,42.26984],[-1.54283,42.27092],[-1.54567,42.27081],[-1.54677,42.27109],[-1.55224,42.27352],[-1.55527,42.27331],[-1.55653,42.27226],[-1.56245,42.26351],[-1.56192,42.26157],[-1.55553,42.25974],[-1.55325,42.25591],[-1.55196,42.25508],[-1.54895,42.25413],[-1.54877,42.25325],[-1.54934,42.24981],[-1.5489,42.24664],[-1.55089,42.24628],[-1.55284,42.24781],[-1.55438,42.24763],[-1.55604,42.24526],[-1.55674,42.2436],[-1.55665,42.24245],[-1.5544,42.23977],[-1.55235,42.23866],[-1.55226,42.23671],[-1.55334,42.23517],[-1.56663,42.23077],[-1.56929,42.22957],[-1.57385,42.22666],[-1.57584,42.22602],[-1.57791,42.2243],[-1.58036,42.22498],[-1.58273,42.22513],[-1.5868,42.22662],[-1.59098,42.22961],[-1.59458,42.22724],[-1.59637,42.22537],[-1.60274,42.22827],[-1.60382,42.22905],[-1.61732,42.23361],[-1.63672,42.24676],[-1.64484,42.25095],[-1.64975,42.25416],[-1.65551,42.25652],[-1.66369,42.25902],[-1.67205,42.26129],[-1.68107,42.26427],[-1.68033,42.27761],[-1.6808,42.28268],[-1.67971,42.28527],[-1.66758,42.28098],[-1.66339,42.28038],[-1.63983,42.27456],[-1.63629,42.27183],[-1.63406,42.27067],[-1.63025,42.26458],[-1.62861,42.26382],[-1.62711,42.26065],[-1.61419,42.26091],[-1.60976,42.26291],[-1.60617,42.26352],[-1.59834,42.27156],[-1.58876,42.2825],[-1.59229,42.28845],[-1.58887,42.29001],[-1.58655,42.29191],[-1.5845,42.29587],[-1.57846,42.29712],[-1.57735,42.2994],[-1.5689,42.30133],[-1.55818,42.30478],[-1.55611,42.30571],[-1.54545,42.31152],[-1.54178,42.31401],[-1.53872,42.31725],[-1.53269,42.31885],[-1.53009,42.32238],[-1.52563,42.32382],[-1.52178,42.32663],[-1.52085,42.32798],[-1.51897,42.33254],[-1.51591,42.33339],[-1.51166,42.33591],[-1.50943,42.34008],[-1.50889,42.34177],[-1.50622,42.34003],[-1.49782,42.338],[-1.49681,42.34033],[-1.49747,42.34729],[-1.49854,42.3521],[-1.49937,42.35423],[-1.50416,42.36144],[-1.50291,42.36232],[-1.50119,42.36168],[-1.50011,42.35914],[-1.49649,42.3548],[-1.4956,42.35129],[-1.49463,42.34951],[-1.49347,42.34841],[-1.49002,42.34654],[-1.48691,42.34579],[-1.48666,42.34269],[-1.485,42.33899],[-1.48154,42.33342],[-1.47347,42.33073],[-1.47011,42.3292],[-1.46832,42.32776],[-1.4687,42.32582],[-1.4749,42.32323],[-1.47554,42.32205],[-1.47681,42.32178],[-1.47721,42.32087],[-1.47574,42.31991],[-1.47468,42.31865],[-1.47283,42.31781],[-1.46769,42.31395],[-1.46385,42.31225],[-1.45408,42.30937],[-1.45003,42.31084],[-1.44512,42.31155],[-1.4391,42.31277],[-1.43253,42.31583],[-1.42939,42.31342],[-1.42143,42.30856],[-1.41881,42.30605],[-1.41196,42.30486],[-1.40926,42.30594],[-1.40849,42.30576],[-1.40526,42.30117],[-1.40207,42.2995],[-1.39947,42.29734],[-1.39928,42.29461],[-1.39772,42.29261],[-1.38366,42.30371],[-1.37515,42.3157],[-1.35885,42.3335],[-1.35227,42.3395],[-1.34218,42.34275],[-1.33746,42.34552],[-1.33731,42.34695],[-1.33504,42.34788],[-1.32908,42.35536],[-1.3326,42.35918],[-1.32978,42.36129],[-1.33331,42.36426],[-1.33381,42.36505],[-1.33402,42.36911],[-1.33672,42.37235],[-1.34161,42.37298],[-1.34358,42.37291],[-1.34679,42.37212],[-1.35061,42.37005],[-1.35704,42.37439],[-1.35972,42.37759],[-1.35977,42.37834],[-1.3572,42.38144],[-1.35593,42.38245],[-1.35501,42.38527],[-1.35004,42.39275],[-1.34814,42.401],[-1.34294,42.40812],[-1.34319,42.40918],[-1.34171,42.41262],[-1.34077,42.41895],[-1.34084,42.42199],[-1.34151,42.42392],[-1.33677,42.42924],[-1.32776,42.43653],[-1.32381,42.44196],[-1.3152,42.44919],[-1.31216,42.44979],[-1.31178,42.45068],[-1.30957,42.45167],[-1.2997,42.45463],[-1.29786,42.45411],[-1.29509,42.45565],[-1.28984,42.45734],[-1.28662,42.46124],[-1.28512,42.46241],[-1.28136,42.46442],[-1.28179,42.46765],[-1.27882,42.47051],[-1.27738,42.4743],[-1.27596,42.47566],[-1.27472,42.47971],[-1.27278,42.48187],[-1.27273,42.48234],[-1.27473,42.48628],[-1.27435,42.48748],[-1.27565,42.49034],[-1.27557,42.49457],[-1.27511,42.49573],[-1.27781,42.49752],[-1.2804,42.49792],[-1.28223,42.49889],[-1.28673,42.4985],[-1.28723,42.49944],[-1.28749,42.50853],[-1.29347,42.51093],[-1.28919,42.51486],[-1.28747,42.52173],[-1.28814,42.52276],[-1.28057,42.53294],[-1.27839,42.53507],[-1.27428,42.54172],[-1.27273,42.54333],[-1.27071,42.54892],[-1.26545,42.55626],[-1.26477,42.55678],[-1.26008,42.55509],[-1.25697,42.5552],[-1.25597,42.55463],[-1.25613,42.55304],[-1.25372,42.55187],[-1.25169,42.55134],[-1.2501,42.55136],[-1.2491,42.55009],[-1.24342,42.54845],[-1.24045,42.5486],[-1.23831,42.54679],[-1.23676,42.54605],[-1.23529,42.54479],[-1.23347,42.54501],[-1.2322,42.54442],[-1.23222,42.54333],[-1.23052,42.54277],[-1.22921,42.54343],[-1.22839,42.54252],[-1.22617,42.54222],[-1.21832,42.54914],[-1.21277,42.5497],[-1.20792,42.54961],[-1.20675,42.55088],[-1.20279,42.54963],[-1.20096,42.55249],[-1.20404,42.55843],[-1.20452,42.56828],[-1.2043,42.57056],[-1.20318,42.57431],[-1.20156,42.57705],[-1.20192,42.57821],[-1.19985,42.57889],[-1.19787,42.57884],[-1.19483,42.58158],[-1.18898,42.58551],[-1.18639,42.58763],[-1.17614,42.59221],[-1.17483,42.59303],[-1.17068,42.59679],[-1.16923,42.59726],[-1.16612,42.59642],[-1.16167,42.59601],[-1.15993,42.5983],[-1.15803,42.59912],[-1.15845,42.59984],[-1.16308,42.60228],[-1.1672,42.60354],[-1.16949,42.60509],[-1.17307,42.60531],[-1.17525,42.60595],[-1.18004,42.60783],[-1.17977,42.61059],[-1.17878,42.6151],[-1.17632,42.61477],[-1.17472,42.61545],[-1.17308,42.61678],[-1.16992,42.61687],[-1.16554,42.61499],[-1.16219,42.61407],[-1.16069,42.6133],[-1.15765,42.61044],[-1.15711,42.61086],[-1.15683,42.61552],[-1.15735,42.6195],[-1.157,42.62364],[-1.15613,42.62806],[-1.15429,42.63239],[-1.15416,42.63517],[-1.15496,42.63703],[-1.15466,42.64155],[-1.15241,42.64753],[-1.15042,42.6483],[-1.14529,42.64779],[-1.14382,42.6482],[-1.13887,42.64718],[-1.13479,42.64708],[-1.13056,42.64605],[-1.12731,42.64598],[-1.12043,42.645],[-1.11367,42.64532],[-1.10957,42.64519],[-1.10324,42.64605],[-1.10406,42.66564],[-1.0996,42.68536],[-1.09973,42.68739],[-1.10526,42.6872],[-1.11439,42.68899],[-1.11843,42.689],[-1.12509,42.69008],[-1.12897,42.69027],[-1.13471,42.69412],[-1.13479,42.69467],[-1.13863,42.69718],[-1.14239,42.69831],[-1.14958,42.70229],[-1.15433,42.7037],[-1.16149,42.70812],[-1.16727,42.71011],[-1.17122,42.71188],[-1.17142,42.71069],[-1.17744,42.70922],[-1.18031,42.71067],[-1.18544,42.7104],[-1.18751,42.71062],[-1.18936,42.71162],[-1.19906,42.71463],[-1.1989,42.71728],[-1.19636,42.72336],[-1.197,42.72416],[-1.2045,42.72824],[-1.20383,42.73009],[-1.20478,42.73165],[-1.20146,42.73362],[-1.20088,42.73608],[-1.20187,42.73824],[-1.20493,42.74266],[-1.20549,42.74469],[-1.19583,42.75647],[-1.19301,42.75768],[-1.18552,42.75478],[-1.18216,42.75214],[-1.18027,42.75168],[-1.17819,42.75437],[-1.17762,42.756],[-1.1753,42.75744],[-1.1693,42.75568],[-1.16601,42.7571],[-1.16238,42.75547],[-1.15927,42.75668],[-1.15006,42.77138],[-1.1468,42.7726],[-1.14403,42.77266],[-1.13918,42.77598],[-1.13507,42.77573],[-1.13466,42.77974],[-1.13131,42.78249],[-1.13563,42.78396],[-1.14181,42.78373],[-1.1468,42.78405],[-1.14742,42.78532],[-1.14917,42.78723],[-1.14653,42.79317],[-1.15113,42.79474],[-1.15085,42.79783],[-1.15025,42.79993],[-1.15907,42.80331],[-1.16116,42.80477],[-1.16106,42.81162],[-1.16146,42.81449],[-1.16285,42.81811],[-1.16409,42.82008],[-1.16147,42.82278],[-1.16004,42.82577],[-1.15922,42.83051],[-1.15901,42.83412],[-1.17309,42.83527],[-1.17608,42.83887],[-1.17745,42.84538],[-1.18996,42.85299],[-1.19061,42.85378],[-1.19616,42.85277],[-1.19809,42.85677],[-1.19703,42.85881],[-1.19725,42.85998],[-1.19991,42.86326],[-1.20003,42.86452],[-1.20226,42.8667],[-1.20782,42.86776],[-1.213,42.86766],[-1.21949,42.86547],[-1.22405,42.8667],[-1.22953,42.86693],[-1.2344,42.86633],[-1.23702,42.86987],[-1.23831,42.86894],[-1.23981,42.86942],[-1.2431,42.87119],[-1.24419,42.87526],[-1.24716,42.87329],[-1.24991,42.87268],[-1.25456,42.86955],[-1.25997,42.8669],[-1.26357,42.86232],[-1.26364,42.86041],[-1.25276,42.85471],[-1.25097,42.84853],[-1.25179,42.84556],[-1.25434,42.84333],[-1.2598,42.84079],[-1.26181,42.84066],[-1.26139,42.83856],[-1.26211,42.83709],[-1.26316,42.8367],[-1.26584,42.8334],[-1.26446,42.82778],[-1.26226,42.82472],[-1.26732,42.81531],[-1.27084,42.8148],[-1.27243,42.81395],[-1.27356,42.814],[-1.27645,42.81147],[-1.28223,42.81154],[-1.28412,42.81198],[-1.28983,42.81213],[-1.29698,42.81201],[-1.30121,42.81135],[-1.30211,42.81363],[-1.3046,42.81562],[-1.30823,42.81797],[-1.31105,42.81855],[-1.31376,42.82394],[-1.3192,42.82323],[-1.32481,42.82304],[-1.32608,42.82986],[-1.33084,42.83116],[-1.33294,42.83259],[-1.3353,42.83269],[-1.33689,42.83231],[-1.33883,42.82972],[-1.33938,42.82836],[-1.34119,42.82761],[-1.34168,42.82453],[-1.34228,42.82313],[-1.34428,42.8226],[-1.34639,42.82157],[-1.34977,42.8219],[-1.35174,42.82154],[-1.35354,42.82033],[-1.35524,42.8247],[-1.35491,42.82595],[-1.36263,42.82894],[-1.36431,42.8314],[-1.36508,42.8354],[-1.37216,42.83601],[-1.3759,42.83593],[-1.37799,42.83687],[-1.38138,42.83792],[-1.3937,42.83506],[-1.39895,42.83868],[-1.40132,42.83986],[-1.40523,42.8371],[-1.40456,42.83626],[-1.40499,42.83518],[-1.41048,42.8294],[-1.4059,42.82833],[-1.4011,42.82818],[-1.39827,42.82707],[-1.39791,42.82473],[-1.39827,42.82282],[-1.39975,42.82093],[-1.40137,42.8171],[-1.40603,42.81411],[-1.41117,42.81164],[-1.41621,42.8132],[-1.41916,42.81535],[-1.42179,42.81864],[-1.42376,42.82307],[-1.4262,42.82082],[-1.4272,42.81738],[-1.42667,42.81587],[-1.42565,42.81503],[-1.42414,42.81179],[-1.42212,42.80475],[-1.4216,42.80093],[-1.42029,42.79932],[-1.42142,42.79897],[-1.42313,42.79541],[-1.42504,42.79301],[-1.42609,42.78857],[-1.42244,42.78183],[-1.42202,42.78032],[-1.42506,42.77716],[-1.42659,42.77677],[-1.42926,42.77496],[-1.43263,42.77549],[-1.43655,42.77541],[-1.43584,42.77322],[-1.43814,42.77239],[-1.44118,42.76778],[-1.43989,42.76703],[-1.42332,42.75994],[-1.42093,42.75798],[-1.42075,42.75542],[-1.41739,42.75517],[-1.4105,42.75242],[-1.40856,42.75418],[-1.40782,42.75407],[-1.40368,42.75204],[-1.39262,42.74762],[-1.38726,42.74516],[-1.38216,42.74203],[-1.38028,42.73975],[-1.36466,42.73111],[-1.35187,42.72204],[-1.35335,42.72022],[-1.35481,42.71629],[-1.35445,42.71518],[-1.35071,42.71089],[-1.35094,42.70879],[-1.34929,42.70631],[-1.34914,42.70439],[-1.35397,42.70568],[-1.35375,42.69834],[-1.35276,42.69705],[-1.35241,42.6954],[-1.35292,42.69337],[-1.35665,42.69084],[-1.35837,42.68766],[-1.35889,42.68514],[-1.35873,42.68364],[-1.36762,42.68383],[-1.37326,42.68446],[-1.37918,42.68177],[-1.37974,42.67446],[-1.3778,42.66563],[-1.38284,42.66488],[-1.39159,42.66288],[-1.39696,42.66079],[-1.39989,42.66004],[-1.40366,42.66039],[-1.40884,42.66057],[-1.40992,42.65974],[-1.41148,42.65428],[-1.41104,42.65164],[-1.41202,42.65034],[-1.4153,42.65093],[-1.41849,42.64583],[-1.41887,42.64137],[-1.42169,42.64199],[-1.42549,42.64186],[-1.42767,42.64127],[-1.43076,42.64201],[-1.43654,42.64281],[-1.44753,42.6472],[-1.44783,42.64638],[-1.45376,42.6441],[-1.46053,42.6488],[-1.46338,42.64973],[-1.47492,42.65179],[-1.48151,42.65451],[-1.48526,42.65353],[-1.48989,42.65505],[-1.49172,42.65626],[-1.49455,42.65943],[-1.50033,42.65979],[-1.50367,42.66199],[-1.50958,42.66402],[-1.51636,42.66774],[-1.52946,42.66906],[-1.53549,42.67102],[-1.5367,42.6725],[-1.53946,42.67455],[-1.54275,42.67619],[-1.54347,42.67696],[-1.5459,42.67735],[-1.55016,42.67884],[-1.55386,42.67931],[-1.56197,42.67958],[-1.57263,42.68223],[-1.57102,42.68514],[-1.57131,42.68594],[-1.56804,42.69281],[-1.571,42.69283],[-1.57451,42.69146],[-1.57687,42.69087],[-1.58769,42.68655],[-1.59016,42.68665],[-1.59338,42.68532],[-1.59671,42.69242],[-1.60434,42.69374],[-1.61068,42.69941],[-1.61199,42.70187],[-1.61444,42.70495],[-1.61718,42.70963],[-1.61937,42.71218],[-1.62018,42.7137],[-1.62288,42.71561],[-1.62917,42.71735],[-1.63324,42.71891],[-1.63371,42.71997],[-1.63983,42.7205],[-1.64655,42.71815],[-1.64521,42.71558],[-1.64372,42.71377],[-1.64306,42.71212],[-1.64333,42.70803],[-1.64524,42.70554],[-1.6496,42.70285],[-1.65094,42.70111],[-1.65573,42.69793],[-1.65537,42.69674],[-1.65326,42.69463],[-1.65377,42.69318],[-1.65149,42.69123],[-1.65008,42.69138],[-1.65349,42.68749],[-1.65412,42.68625],[-1.65872,42.68199],[-1.65927,42.67971],[-1.66049,42.67982],[-1.66753,42.67882],[-1.67122,42.67772],[-1.67568,42.67876],[-1.67977,42.67588],[-1.67493,42.67266],[-1.67218,42.66489],[-1.67044,42.66346],[-1.66867,42.66119],[-1.66605,42.65152],[-1.66528,42.64965],[-1.664,42.6486],[-1.66608,42.64592],[-1.66759,42.64498],[-1.67266,42.63994],[-1.67257,42.63651],[-1.67192,42.6358],[-1.67159,42.63376],[-1.67501,42.6327],[-1.68066,42.62916],[-1.68246,42.63274],[-1.68277,42.63822],[-1.68546,42.64184],[-1.6863,42.6452],[-1.68457,42.64661],[-1.68472,42.64778],[-1.68334,42.65131],[-1.68442,42.6561],[-1.68617,42.65875],[-1.68807,42.66076],[-1.6931,42.6602],[-1.69349,42.66346],[-1.69647,42.66524],[-1.69973,42.66615],[-1.6976,42.66813],[-1.69075,42.66824],[-1.68905,42.66861],[-1.68334,42.67374],[-1.68169,42.67568],[-1.68302,42.67623],[-1.68387,42.67988],[-1.68532,42.68069],[-1.68587,42.68503],[-1.69112,42.68797],[-1.69117,42.68938],[-1.6921,42.69017],[-1.69833,42.69361],[-1.6998,42.69489],[-1.69984,42.69565],[-1.69763,42.69972],[-1.69806,42.70163],[-1.69923,42.70296],[-1.69824,42.70583],[-1.69868,42.70878],[-1.69646,42.70987],[-1.69962,42.71017],[-1.70229,42.71111],[-1.7029,42.71164],[-1.69715,42.71708],[-1.69369,42.72188],[-1.68866,42.72416],[-1.68702,42.72788],[-1.68889,42.72915],[-1.69293,42.72978],[-1.69828,42.73147],[-1.69925,42.73203],[-1.70246,42.73276],[-1.70531,42.73484],[-1.70937,42.73216],[-1.71092,42.73412],[-1.71107,42.73577],[-1.71335,42.7411],[-1.71168,42.74117],[-1.7105,42.74192],[-1.71046,42.74426],[-1.70922,42.74923],[-1.70732,42.7533],[-1.70577,42.75472],[-1.70503,42.75597],[-1.70381,42.76109],[-1.705,42.76202],[-1.70553,42.76533],[-1.70495,42.76973],[-1.70526,42.77168],[-1.70628,42.7734],[-1.69888,42.77672],[-1.7018,42.77906],[-1.703,42.78154],[-1.70407,42.7822],[-1.70492,42.78386],[-1.70716,42.7863],[-1.70632,42.78789],[-1.70481,42.78925],[-1.7056,42.79195],[-1.70654,42.79327],[-1.70825,42.79425],[-1.70892,42.79652],[-1.71078,42.79624],[-1.71097,42.79726],[-1.71334,42.79947],[-1.71807,42.79974],[-1.72272,42.80061],[-1.7263,42.80003],[-1.72849,42.79886],[-1.74057,42.80016],[-1.74256,42.79686],[-1.74292,42.79488],[-1.74396,42.79278],[-1.74952,42.79198],[-1.75018,42.79125],[-1.76209,42.79236],[-1.76327,42.79384],[-1.7668,42.79382],[-1.77811,42.79665],[-1.78099,42.79791],[-1.78006,42.79906],[-1.77878,42.80194],[-1.77993,42.80538],[-1.79066,42.80517],[-1.8012,42.80596],[-1.80736,42.80772],[-1.8119,42.81474],[-1.81726,42.81906],[-1.82757,42.81622],[-1.82992,42.8208],[-1.83861,42.82086],[-1.83999,42.81568],[-1.84234,42.81469],[-1.8528,42.80868],[-1.85174,42.80645],[-1.85666,42.80657],[-1.85866,42.8073],[-1.86193,42.80762],[-1.86356,42.80682],[-1.86558,42.80686],[-1.86719,42.80763],[-1.86869,42.80981],[-1.87051,42.80994],[-1.87256,42.80768],[-1.87294,42.80542],[-1.87237,42.80301],[-1.87051,42.79938],[-1.8711,42.79855],[-1.87064,42.79672],[-1.87035,42.79129],[-1.86946,42.78788],[-1.87081,42.78651],[-1.8717,42.7831],[-1.87186,42.78043],[-1.87249,42.77933],[-1.87111,42.77784],[-1.86902,42.77458],[-1.85857,42.76896],[-1.85342,42.77072],[-1.85101,42.77032],[-1.85221,42.76852],[-1.8529,42.76634],[-1.85507,42.76334],[-1.86163,42.7609],[-1.86688,42.75997],[-1.86709,42.75819],[-1.86888,42.75516],[-1.87119,42.75417],[-1.87354,42.75553],[-1.87823,42.75435],[-1.88337,42.75602],[-1.8879,42.75611],[-1.88795,42.75684],[-1.89109,42.75757],[-1.89258,42.75826],[-1.89343,42.76139],[-1.89928,42.76283],[-1.9021,42.76397],[-1.90354,42.76531],[-1.90168,42.76698],[-1.9007,42.76847],[-1.89994,42.77071],[-1.90232,42.77483],[-1.89831,42.77882],[-1.8963,42.78227],[-1.89566,42.78894],[-1.89669,42.79286],[-1.8975,42.79424],[-1.89588,42.79557],[-1.89606,42.79843],[-1.89555,42.79987],[-1.90249,42.8008],[-1.91316,42.79884],[-1.91774,42.79845],[-1.91904,42.80556],[-1.9223,42.81066],[-1.92777,42.81522],[-1.92867,42.81567],[-1.93322,42.81649],[-1.93525,42.81766],[-1.94026,42.82206],[-1.94196,42.82207],[-1.944,42.82258],[-1.94787,42.8246],[-1.94991,42.82923],[-1.94936,42.83202],[-1.94642,42.83781],[-1.94446,42.83892],[-1.94266,42.84117],[-1.93835,42.84291],[-1.93404,42.84422],[-1.93478,42.84625],[-1.93674,42.84951],[-1.93857,42.85139],[-1.93907,42.85585],[-1.93671,42.85844],[-1.9336,42.85823],[-1.92708,42.85911],[-1.92502,42.85886],[-1.92121,42.8618],[-1.91996,42.86343],[-1.91885,42.8662],[-1.91717,42.8689],[-1.9143,42.86995],[-1.90753,42.87091],[-1.9025,42.87178],[-1.89967,42.8712],[-1.89931,42.87164],[-1.9105,42.88016],[-1.90971,42.88248],[-1.89654,42.88494],[-1.88617,42.88608],[-1.87351,42.88404],[-1.87342,42.88669],[-1.88012,42.88839],[-1.88656,42.88872],[-1.88724,42.8891],[-1.88993,42.88893],[-1.89755,42.88955],[-1.89863,42.88932],[-1.90096,42.88987],[-1.90533,42.88916],[-1.92198,42.88754],[-1.92266,42.88688],[-1.92511,42.88659],[-1.92678,42.88697],[-1.93312,42.88707],[-1.93694,42.88622],[-1.93897,42.88652],[-1.94415,42.88636],[-1.94592,42.88591],[-1.94878,42.88599],[-1.95117,42.88502],[-1.96391,42.88562],[-1.97376,42.88669],[-1.97722,42.88761],[-1.97925,42.8876],[-1.98096,42.88864],[-1.98613,42.8901],[-1.98713,42.88994],[-1.99292,42.89239],[-1.99159,42.89053],[-1.98996,42.88982],[-1.98368,42.88792],[-1.98073,42.88783],[-1.97261,42.88436],[-1.96804,42.88348],[-1.96012,42.88094],[-1.95752,42.88066],[-1.946,42.87841],[-1.93913,42.87617],[-1.94177,42.86967],[-1.94526,42.87079],[-1.94541,42.87004],[-1.9446,42.86746],[-1.94303,42.86671],[-1.94309,42.86592],[-1.95032,42.86464],[-1.95184,42.86498],[-1.95331,42.86463],[-1.9562,42.86485],[-1.95781,42.86408],[-1.9608,42.86363],[-1.96653,42.86386],[-1.96988,42.86345],[-1.97202,42.86385],[-1.97422,42.86382],[-1.97659,42.86264],[-1.97771,42.86294],[-1.98133,42.86237],[-1.98563,42.86219],[-1.99351,42.86286],[-1.99539,42.86279],[-1.99777,42.862],[-2.00533,42.86222],[-2.00824,42.86174],[-2.01245,42.86174],[-2.01532,42.86132],[-2.01676,42.86164],[-2.02043,42.86123],[-2.02647,42.86248],[-2.03203,42.86311],[-2.03435,42.864],[-2.03672,42.86377],[-2.03816,42.86453],[-2.03913,42.8642],[-2.04032,42.8651],[-2.04292,42.86497],[-2.04565,42.86623],[-2.04758,42.86612],[-2.05058,42.86813],[-2.05023,42.86866],[-2.05449,42.87023],[-2.05981,42.87117],[-2.0614,42.87069],[-2.06494,42.87128],[-2.06964,42.87135],[-2.0852,42.87466],[-2.08737,42.87569],[-2.09058,42.87645],[-2.09565,42.87694],[-2.09869,42.87667],[-2.10222,42.87434],[-2.10443,42.87355],[-2.10906,42.87265],[-2.11091,42.87095],[-2.1145,42.87064],[-2.11691,42.87167],[-2.12115,42.87133],[-2.1241,42.87085],[-2.13455,42.87247],[-2.14029,42.87296],[-2.15265,42.87222],[-2.15826,42.87167],[-2.16144,42.87095],[-2.16657,42.86921],[-2.17048,42.86843],[-2.17614,42.86623],[-2.17964,42.86392],[-2.18178,42.86277],[-2.17979,42.86008],[-2.18076,42.85856],[-2.18233,42.85856],[-2.18478,42.8576],[-2.1902,42.85879],[-2.19961,42.85825],[-2.2064,42.85723],[-2.21094,42.85638],[-2.21576,42.85457],[-2.23596,42.85093],[-2.23237,42.84283],[-2.22772,42.83635],[-2.225,42.83018],[-2.21685,42.82035],[-2.2106,42.81882],[-2.20443,42.81614],[-2.19315,42.80856],[-2.18154,42.80214],[-2.17477,42.8012],[-2.17084,42.80128],[-2.16859,42.80068],[-2.16522,42.80034],[-2.1626,42.80054],[-2.15547,42.802],[-2.14964,42.80373],[-2.1332,42.81186],[-2.13196,42.81208],[-2.12463,42.81128],[-2.12163,42.81149],[-2.11834,42.80985],[-2.11377,42.80867],[-2.1101,42.80556],[-2.1069,42.80421],[-2.09097,42.7987],[-2.08371,42.79705],[-2.07876,42.7968],[-2.07333,42.79592],[-2.07162,42.79488],[-2.06749,42.79028],[-2.06582,42.78902],[-2.06221,42.78736],[-2.05494,42.78647],[-2.05502,42.78808],[-2.05213,42.79078],[-2.05162,42.79304],[-2.04904,42.79668],[-2.04831,42.79968],[-2.04673,42.80343],[-2.04601,42.80424],[-2.04299,42.80648],[-2.0409,42.80706],[-2.03994,42.8069],[-2.03808,42.80571],[-2.03622,42.80539],[-2.03623,42.80632],[-2.03363,42.80647],[-2.03035,42.80871],[-2.02849,42.809],[-2.02634,42.80866],[-2.02335,42.80902],[-2.02411,42.81743],[-2.02122,42.81774],[-2.0187,42.82007],[-2.01729,42.82071],[-2.0159,42.82017],[-2.01286,42.82013],[-2.0119,42.82075],[-2.00903,42.82018],[-2.00445,42.82009],[-2.00155,42.81936],[-1.99478,42.81661],[-1.99305,42.81538],[-1.99015,42.81167],[-1.98922,42.80913],[-1.98741,42.80067],[-1.98735,42.79775],[-1.98701,42.79664],[-1.98534,42.79539],[-1.98517,42.79209],[-1.98463,42.79026],[-1.98517,42.78742],[-1.98523,42.78308],[-1.98121,42.78192],[-1.98044,42.78136],[-1.9783,42.78144],[-1.97688,42.77938],[-1.97495,42.77824],[-1.97669,42.77797],[-1.98095,42.7765],[-1.98203,42.77655],[-1.98384,42.77798],[-1.98508,42.77802],[-1.98805,42.77649],[-1.98837,42.7741],[-1.98933,42.77113],[-1.98925,42.76962],[-1.98779,42.76514],[-1.98789,42.763],[-1.98711,42.76138],[-1.98766,42.75985],[-1.98717,42.75786],[-1.99023,42.75805],[-1.99161,42.75907],[-1.99487,42.76015],[-1.99623,42.76169],[-1.99799,42.76189],[-1.99803,42.76451],[-2.0014,42.77064],[-2.00101,42.77187],[-2.00692,42.7724],[-2.01033,42.77433],[-2.01131,42.77892],[-2.01261,42.77917],[-2.02378,42.77765],[-2.02597,42.77647],[-2.0262,42.77801],[-2.02586,42.77927],[-2.02753,42.77989],[-2.02813,42.78179],[-2.03309,42.78126],[-2.03772,42.78427],[-2.03711,42.78677],[-2.0374,42.78801],[-2.0409,42.78516],[-2.03904,42.78267],[-2.04216,42.78244],[-2.04044,42.78005],[-2.03968,42.77496],[-2.03973,42.7723],[-2.04041,42.76832],[-2.03946,42.76492],[-2.03556,42.76203],[-2.0316,42.7601],[-2.0318,42.7575],[-2.03097,42.75622],[-2.0312,42.75205],[-2.03002,42.74823],[-2.02368,42.73883],[-2.01973,42.73815],[-2.01845,42.74026],[-2.01658,42.7385],[-2.01533,42.73647],[-2.00835,42.731],[-2.00647,42.73136],[-2.00717,42.72498],[-2.00563,42.7224],[-2.00435,42.71801],[-2.0111,42.71019],[-2.01267,42.71109],[-2.01539,42.71031],[-2.01693,42.71033],[-2.02168,42.71202],[-2.02674,42.71244],[-2.02832,42.71423],[-2.03457,42.71667],[-2.03241,42.71912],[-2.03157,42.7209],[-2.03809,42.7225],[-2.04324,42.72881],[-2.04188,42.73158],[-2.04358,42.73439],[-2.04598,42.73671],[-2.04709,42.7389],[-2.05214,42.74084],[-2.05373,42.73956],[-2.05385,42.73836],[-2.05611,42.73809],[-2.05675,42.74009],[-2.06374,42.74245],[-2.06526,42.7447],[-2.06778,42.74662],[-2.07008,42.75159],[-2.07373,42.75422],[-2.07329,42.7578],[-2.07159,42.76237],[-2.06936,42.76405],[-2.06704,42.7665],[-2.06499,42.76939],[-2.0626,42.76981],[-2.06108,42.77241],[-2.06104,42.77327],[-2.0595,42.77465],[-2.05684,42.77892],[-2.0546,42.78157],[-2.05363,42.78462],[-2.05456,42.78515],[-2.05781,42.78382],[-2.06108,42.7806],[-2.06344,42.7807],[-2.06545,42.78021],[-2.07249,42.77583],[-2.0749,42.77357],[-2.07695,42.77291],[-2.07904,42.77395],[-2.08005,42.77548],[-2.08419,42.77841],[-2.08557,42.78025],[-2.08777,42.78137],[-2.09048,42.78122],[-2.09274,42.77972],[-2.09637,42.77841],[-2.09856,42.78134],[-2.09877,42.78233],[-2.097,42.78448],[-2.09824,42.7858],[-2.10038,42.78596],[-2.10643,42.78926],[-2.10931,42.7904],[-2.10982,42.79099],[-2.11261,42.79179],[-2.1201,42.79554],[-2.12231,42.79608],[-2.12374,42.79967],[-2.12485,42.80437],[-2.12599,42.80523],[-2.13386,42.80626],[-2.13618,42.80535],[-2.13706,42.80336],[-2.1381,42.80227],[-2.13878,42.8004],[-2.14101,42.79859],[-2.14165,42.79452],[-2.14146,42.79218],[-2.14191,42.7913],[-2.14139,42.7901],[-2.14179,42.78911],[-2.14181,42.78625],[-2.14445,42.78361],[-2.14569,42.77983],[-2.14871,42.77689],[-2.1516,42.77558],[-2.1557,42.77321],[-2.15839,42.7729],[-2.1589,42.77405],[-2.16158,42.77568],[-2.1651,42.77483],[-2.17136,42.77451],[-2.17444,42.77568],[-2.18218,42.77626],[-2.18331,42.77666],[-2.18879,42.77736],[-2.18949,42.77794],[-2.19569,42.77877],[-2.19763,42.77992],[-2.19851,42.781],[-2.20469,42.78255],[-2.20868,42.78304],[-2.21236,42.78287],[-2.21538,42.78221],[-2.21671,42.78308],[-2.22076,42.78346],[-2.22269,42.78297],[-2.226,42.78413],[-2.23098,42.78433],[-2.23412,42.7829],[-2.23506,42.78204],[-2.23555,42.78055],[-2.23704,42.78014],[-2.24392,42.78455],[-2.2456,42.78422],[-2.24756,42.78445],[-2.24957,42.78371],[-2.25169,42.78358],[-2.25664,42.78538],[-2.26329,42.78854],[-2.26696,42.78952],[-2.26883,42.79073],[-2.2738,42.79115],[-2.27914,42.78797],[-2.27978,42.786],[-2.28103,42.78509],[-2.27884,42.78344],[-2.27806,42.78178],[-2.27533,42.77895],[-2.27559,42.77624],[-2.27371,42.77074],[-2.2733,42.76854],[-2.27243,42.76821],[-2.27158,42.76633],[-2.27037,42.76544],[-2.26893,42.76633],[-2.26603,42.76642],[-2.26404,42.76708],[-2.26321,42.76525],[-2.26133,42.76376],[-2.25908,42.76261],[-2.25611,42.76176],[-2.25495,42.76097],[-2.25296,42.7617],[-2.25208,42.76083],[-2.24972,42.76094],[-2.2472,42.76053],[-2.24607,42.7597],[-2.24489,42.75976],[-2.24457,42.76138],[-2.24205,42.7617],[-2.24055,42.76025],[-2.23842,42.75957],[-2.23824,42.75843],[-2.2358,42.75856],[-2.23568,42.75931],[-2.23379,42.75972],[-2.23203,42.7615],[-2.23142,42.76004],[-2.23019,42.75845],[-2.22811,42.75792],[-2.22361,42.75729],[-2.22385,42.75639],[-2.22146,42.75601],[-2.21958,42.75494],[-2.21823,42.75553],[-2.21548,42.75577],[-2.21294,42.75552],[-2.21123,42.75461],[-2.20777,42.75526],[-2.20613,42.75495],[-2.20704,42.75404],[-2.20643,42.75339],[-2.20438,42.75314],[-2.20299,42.75167],[-2.20076,42.75163],[-2.19898,42.75286],[-2.19623,42.75295],[-2.19379,42.75199],[-2.19227,42.75276],[-2.18945,42.75176],[-2.18754,42.75225],[-2.18653,42.75171],[-2.18364,42.75304],[-2.18174,42.75212],[-2.17941,42.75322],[-2.17796,42.75468],[-2.17502,42.75547],[-2.17028,42.75517],[-2.16812,42.75644],[-2.16644,42.75566],[-2.16511,42.75555],[-2.16323,42.75607],[-2.16185,42.75519],[-2.16044,42.75527],[-2.15856,42.75839],[-2.15626,42.75816],[-2.15479,42.76041],[-2.15272,42.76065],[-2.15121,42.75977],[-2.14941,42.75938],[-2.14714,42.76101],[-2.14399,42.76108],[-2.14184,42.76198],[-2.14018,42.76192],[-2.14,42.76337],[-2.13717,42.76307],[-2.13469,42.76395],[-2.13126,42.76424],[-2.13054,42.76339],[-2.1289,42.7633],[-2.1266,42.76453],[-2.12481,42.76393],[-2.12182,42.76217],[-2.12104,42.76237],[-2.12044,42.76436],[-2.1183,42.76433],[-2.11812,42.76287],[-2.11693,42.76142],[-2.1164,42.75959],[-2.11569,42.75895],[-2.11362,42.75823],[-2.11062,42.75769],[-2.10727,42.75645],[-2.10225,42.75597],[-2.10136,42.75536],[-2.10134,42.7541],[-2.11253,42.74954],[-2.11077,42.74757],[-2.11006,42.7459],[-2.10881,42.74447],[-2.10862,42.74132],[-2.11088,42.74153],[-2.11156,42.74004],[-2.10937,42.73774],[-2.1088,42.73639],[-2.10943,42.73293],[-2.11101,42.7317],[-2.11285,42.73103],[-2.11276,42.72971],[-2.11546,42.72869],[-2.11656,42.72631],[-2.11921,42.72448],[-2.12089,42.72047],[-2.12306,42.71706],[-2.12461,42.71582],[-2.12544,42.71371],[-2.12875,42.71015],[-2.13222,42.70967],[-2.13272,42.70787],[-2.13562,42.70848],[-2.13765,42.70798],[-2.13967,42.7071],[-2.14485,42.70802],[-2.14642,42.70885],[-2.1477,42.70664],[-2.14712,42.70501],[-2.14447,42.70241],[-2.14444,42.70163],[-2.14551,42.70049],[-2.14415,42.698],[-2.1439,42.69624],[-2.14429,42.69441],[-2.14639,42.69218],[-2.14851,42.69153],[-2.14981,42.6925],[-2.15116,42.69234],[-2.15252,42.69355],[-2.15518,42.6924],[-2.15612,42.68962],[-2.15787,42.68906],[-2.15899,42.68769],[-2.15871,42.68704],[-2.15527,42.68546],[-2.15651,42.68027],[-2.15728,42.67881],[-2.15542,42.67833],[-2.15311,42.67842],[-2.15227,42.67706],[-2.15129,42.67657],[-2.14713,42.67643],[-2.14561,42.67692],[-2.14444,42.67649],[-2.14297,42.67521],[-2.14301,42.67438],[-2.14457,42.67331],[-2.14517,42.67162],[-2.12847,42.66306],[-2.12756,42.65607],[-2.13234,42.65754],[-2.13575,42.66022],[-2.138,42.66388],[-2.1412,42.66733],[-2.14492,42.66929],[-2.15019,42.67041],[-2.1515,42.67128],[-2.15668,42.67278],[-2.16132,42.67323],[-2.16519,42.67217],[-2.16591,42.67069],[-2.16432,42.6697],[-2.16303,42.66748],[-2.16127,42.6667],[-2.1605,42.66542],[-2.16261,42.6587],[-2.16389,42.65718],[-2.16384,42.65566],[-2.16239,42.65398],[-2.16307,42.65253],[-2.16637,42.65257],[-2.16728,42.65179],[-2.16834,42.65268],[-2.17158,42.6538],[-2.17327,42.6534],[-2.17705,42.65533],[-2.18132,42.65449],[-2.18753,42.65271],[-2.18983,42.6524],[-2.191,42.64987],[-2.19151,42.64678],[-2.19737,42.64837],[-2.19961,42.64962],[-2.19902,42.65133],[-2.20762,42.66053],[-2.20747,42.66129],[-2.20963,42.66215],[-2.20669,42.66523],[-2.20742,42.66671],[-2.20873,42.67405],[-2.21131,42.67595],[-2.21279,42.67784],[-2.21451,42.67896],[-2.2178,42.68266],[-2.21926,42.68366],[-2.21656,42.6846],[-2.2144,42.68668],[-2.21513,42.68845],[-2.21478,42.68932],[-2.2119,42.69012],[-2.20988,42.6917],[-2.20909,42.69279],[-2.20722,42.69315],[-2.20571,42.69767],[-2.20129,42.70052],[-2.19909,42.70255],[-2.19732,42.7031],[-2.19496,42.70478],[-2.19445,42.70662],[-2.19694,42.71317],[-2.1973,42.7149],[-2.197,42.7163],[-2.19915,42.7169],[-2.2076,42.7216],[-2.2078,42.72449],[-2.2261,42.73157],[-2.22837,42.73284],[-2.23126,42.73356],[-2.24119,42.73396],[-2.24289,42.73173],[-2.24359,42.73168],[-2.24645,42.73296],[-2.2488,42.73316],[-2.25058,42.73397],[-2.25419,42.73481],[-2.25769,42.736],[-2.26389,42.73639],[-2.26536,42.73781],[-2.26794,42.73838],[-2.26966,42.73959],[-2.27174,42.74002],[-2.27114,42.74081],[-2.27669,42.7433],[-2.28041,42.743],[-2.28246,42.74233],[-2.28654,42.74296],[-2.2871,42.74139],[-2.2894,42.7396],[-2.29258,42.73864],[-2.29446,42.73843],[-2.29721,42.73738],[-2.29896,42.7373],[-2.30186,42.73634],[-2.30628,42.73554],[-2.31009,42.73706],[-2.31075,42.73601],[-2.31474,42.73787],[-2.31687,42.73931],[-2.31696,42.73573],[-2.31858,42.73318],[-2.31833,42.73006],[-2.31978,42.7287],[-2.31711,42.72819],[-2.31612,42.72831],[-2.31434,42.72965],[-2.3152,42.72715],[-2.31327,42.72211],[-2.30467,42.72333],[-2.30136,42.71498],[-2.30694,42.71077],[-2.30821,42.70871],[-2.30696,42.70778],[-2.30325,42.70881],[-2.30246,42.70812],[-2.29073,42.70901],[-2.28806,42.70415],[-2.28479,42.70225],[-2.28193,42.70138],[-2.27875,42.69598],[-2.27658,42.69564],[-2.27147,42.69146],[-2.26623,42.68603],[-2.26572,42.68523],[-2.2661,42.68406],[-2.26556,42.68303],[-2.26604,42.68079],[-2.26797,42.68214],[-2.27025,42.68486],[-2.27209,42.68509],[-2.27265,42.6835],[-2.27579,42.68174],[-2.27625,42.68008],[-2.27443,42.67852],[-2.27171,42.67722],[-2.26786,42.67666],[-2.26836,42.67547],[-2.2714,42.6734],[-2.26769,42.67137],[-2.2725,42.66802],[-2.27665,42.66766],[-2.284,42.66325],[-2.2843,42.66279],[-2.28795,42.66219],[-2.2869,42.65421],[-2.291,42.65074],[-2.29335,42.65083],[-2.29893,42.65192],[-2.30094,42.65189],[-2.30439,42.65266],[-2.30745,42.65263],[-2.31393,42.65165],[-2.32212,42.64759],[-2.32325,42.64783],[-2.32998,42.64598],[-2.3322,42.64615],[-2.33317,42.64469],[-2.3355,42.64355],[-2.33609,42.64252],[-2.33637,42.64051],[-2.34311,42.6355],[-2.34491,42.63448],[-2.34731,42.63404],[-2.34863,42.63446],[-2.35687,42.6353],[-2.36104,42.63683],[-2.36596,42.637],[-2.36503,42.63478],[-2.36495,42.63256],[-2.36432,42.62998],[-2.36749,42.62733],[-2.36853,42.62498],[-2.36986,42.62492],[-2.37087,42.62347],[-2.37312,42.62471],[-2.37459,42.6265],[-2.37625,42.62569],[-2.36604,42.61464],[-2.36301,42.61547],[-2.3608,42.6142],[-2.35809,42.6136],[-2.35385,42.61093],[-2.35408,42.61032],[-2.35286,42.60864],[-2.35855,42.5958],[-2.36143,42.59182],[-2.36243,42.58845]],[[-1.79253,42.74559],[-1.79674,42.74571],[-1.80023,42.74472],[-1.80219,42.74379],[-1.80825,42.74194],[-1.81241,42.74251],[-1.81663,42.74353],[-1.82161,42.74225],[-1.82642,42.73828],[-1.83037,42.73793],[-1.83128,42.73886],[-1.83228,42.74077],[-1.83557,42.74322],[-1.83717,42.74262],[-1.83759,42.74182],[-1.84198,42.74027],[-1.8435,42.7394],[-1.84388,42.73814],[-1.845,42.73841],[-1.8436,42.74379],[-1.8462,42.74597],[-1.84894,42.74932],[-1.84915,42.75154],[-1.8524,42.7545],[-1.84587,42.75662],[-1.84131,42.75932],[-1.83961,42.76109],[-1.82947,42.76191],[-1.82941,42.76401],[-1.8312,42.76713],[-1.83141,42.76847],[-1.82872,42.77103],[-1.8265,42.77063],[-1.82411,42.77113],[-1.82397,42.77206],[-1.82535,42.7753],[-1.82976,42.779],[-1.83107,42.77925],[-1.8335,42.7821],[-1.8354,42.78185],[-1.83968,42.77929],[-1.84633,42.78253],[-1.84555,42.78419],[-1.84406,42.78597],[-1.84402,42.7889],[-1.84735,42.79331],[-1.84826,42.79591],[-1.84316,42.79889],[-1.83998,42.79879],[-1.83681,42.79832],[-1.82487,42.79835],[-1.81668,42.79655],[-1.81005,42.79642],[-1.80885,42.79567],[-1.80555,42.79549],[-1.80416,42.79338],[-1.80302,42.7878],[-1.80272,42.78277],[-1.79948,42.78266],[-1.796,42.78345],[-1.79481,42.78305],[-1.79238,42.77977],[-1.78971,42.77898],[-1.7806,42.78003],[-1.77666,42.78176],[-1.77359,42.78157],[-1.77123,42.77615],[-1.77191,42.77218],[-1.77107,42.77024],[-1.77225,42.76854],[-1.77162,42.76805],[-1.77269,42.76646],[-1.77442,42.76504],[-1.77447,42.76379],[-1.77538,42.76278],[-1.77729,42.76159],[-1.78086,42.76075],[-1.78257,42.75961],[-1.78354,42.75819],[-1.78574,42.75301],[-1.78686,42.74806],[-1.78952,42.74769],[-1.79253,42.74559]],[[-2.08854,42.62199],[-2.08652,42.62091],[-2.08457,42.62116],[-2.08383,42.62199],[-2.08001,42.62273],[-2.07842,42.62359],[-2.0757,42.62246],[-2.07479,42.62372],[-2.07646,42.62852],[-2.07083,42.6325],[-2.06371,42.63299],[-2.06386,42.6234],[-2.0619,42.62096],[-2.06103,42.61911],[-2.06194,42.61865],[-2.06185,42.61453],[-2.0628,42.6109],[-2.06956,42.6092],[-2.07186,42.60595],[-2.07058,42.6042],[-2.06938,42.60133],[-2.07286,42.60451],[-2.07506,42.60502],[-2.07767,42.60635],[-2.08031,42.60642],[-2.08238,42.6076],[-2.08548,42.60999],[-2.0839,42.61225],[-2.08086,42.61272],[-2.07955,42.61381],[-2.07935,42.61582],[-2.08141,42.61775],[-2.08122,42.62019],[-2.08451,42.61961],[-2.08663,42.62042],[-2.09746,42.61551],[-2.09693,42.62087],[-2.10154,42.61989],[-2.10874,42.61647],[-2.11086,42.61288],[-2.11009,42.61026],[-2.1091,42.60857],[-2.11426,42.60553],[-2.11757,42.60471],[-2.11884,42.60386],[-2.12147,42.60372],[-2.12426,42.60264],[-2.12648,42.59888],[-2.12932,42.59553],[-2.13532,42.59348],[-2.13477,42.59172],[-2.13715,42.5914],[-2.13755,42.58878],[-2.13916,42.58692],[-2.1431,42.58565],[-2.14561,42.58338],[-2.14814,42.58978],[-2.14467,42.59507],[-2.13901,42.59526],[-2.13625,42.59653],[-2.13575,42.59774],[-2.13385,42.59898],[-2.13293,42.60229],[-2.13422,42.60294],[-2.1359,42.60627],[-2.13555,42.60764],[-2.13609,42.61286],[-2.13567,42.61575],[-2.13184,42.61591],[-2.13319,42.61409],[-2.13287,42.61193],[-2.13114,42.60999],[-2.12815,42.60997],[-2.127,42.61071],[-2.12809,42.61523],[-2.12744,42.61659],[-2.12812,42.61732],[-2.12584,42.61902],[-2.11912,42.62284],[-2.10971,42.62025],[-2.10796,42.61858],[-2.09773,42.62213],[-2.09129,42.62292],[-2.08945,42.62276],[-2.08854,42.62199]],[[-2.19835,42.58973],[-2.19912,42.58928],[-2.20217,42.58919],[-2.20263,42.59339],[-2.19939,42.60389],[-2.20008,42.60578],[-2.19979,42.60794],[-2.1988,42.61126],[-2.19716,42.61291],[-2.19457,42.61285],[-2.19292,42.61228],[-2.19431,42.61655],[-2.19391,42.6186],[-2.19244,42.61911],[-2.19213,42.62074],[-2.19117,42.6208],[-2.19159,42.62319],[-2.19051,42.62476],[-2.1867,42.62551],[-2.18727,42.62656],[-2.18305,42.62686],[-2.17642,42.63089],[-2.17506,42.63013],[-2.17299,42.62835],[-2.17153,42.62641],[-2.16147,42.62955],[-2.15827,42.63126],[-2.15758,42.6326],[-2.15362,42.6328],[-2.15073,42.6315],[-2.15286,42.62577],[-2.14647,42.61819],[-2.14497,42.61385],[-2.14115,42.60929],[-2.1416,42.60648],[-2.14312,42.60391],[-2.14931,42.6044],[-2.15387,42.60183],[-2.15945,42.60154],[-2.16752,42.60197],[-2.17104,42.60179],[-2.17169,42.60264],[-2.17233,42.60483],[-2.17761,42.6036],[-2.18216,42.60155],[-2.18314,42.60046],[-2.18995,42.59166],[-2.19062,42.58866],[-2.19622,42.58859],[-2.1967,42.58946],[-2.19835,42.58973]],[[-2.1486,42.57032],[-2.15339,42.57103],[-2.15302,42.57381],[-2.15195,42.57508],[-2.15013,42.57632],[-2.14831,42.57941],[-2.14772,42.58123],[-2.14618,42.58139],[-2.14336,42.57989],[-2.14194,42.57964],[-2.14199,42.57761],[-2.1415,42.57634],[-2.14243,42.57386],[-2.14183,42.57343],[-2.14386,42.57202],[-2.1486,42.57032]],[[-1.38318,42.80033],[-1.3819,42.80154],[-1.37673,42.80083],[-1.37312,42.79917],[-1.36798,42.79932],[-1.36532,42.8003],[-1.36075,42.80106],[-1.35339,42.79562],[-1.34429,42.80298],[-1.3419,42.80341],[-1.33977,42.80112],[-1.33406,42.80093],[-1.32765,42.80184],[-1.32002,42.801],[-1.31964,42.80057],[-1.31955,42.79478],[-1.31816,42.79232],[-1.31972,42.78854],[-1.32553,42.785],[-1.33078,42.78405],[-1.33124,42.77855],[-1.33234,42.77892],[-1.3352,42.7814],[-1.33688,42.78167],[-1.33838,42.78254],[-1.34119,42.78284],[-1.34391,42.78203],[-1.34535,42.78103],[-1.34611,42.78134],[-1.34979,42.7812],[-1.35093,42.78142],[-1.35271,42.78395],[-1.35583,42.78646],[-1.35693,42.78649],[-1.35935,42.78433],[-1.35946,42.78371],[-1.36186,42.78136],[-1.36181,42.77754],[-1.36097,42.77528],[-1.36401,42.77043],[-1.36551,42.76706],[-1.36972,42.7657],[-1.3698,42.76321],[-1.37638,42.76417],[-1.38208,42.76579],[-1.38486,42.76198],[-1.38634,42.7617],[-1.3877,42.76248],[-1.38697,42.76322],[-1.38645,42.76504],[-1.38532,42.76567],[-1.38517,42.76677],[-1.38259,42.76871],[-1.38179,42.76845],[-1.37911,42.77029],[-1.37886,42.77108],[-1.3769,42.77369],[-1.37986,42.77592],[-1.37892,42.77638],[-1.38092,42.77785],[-1.38027,42.78047],[-1.38194,42.78295],[-1.38664,42.78159],[-1.38653,42.78455],[-1.38526,42.78582],[-1.3872,42.7884],[-1.38786,42.7899],[-1.38767,42.79179],[-1.38661,42.79253],[-1.38727,42.79472],[-1.38606,42.7967],[-1.38554,42.79934],[-1.38318,42.80033]]],[[[-1.66295,42.7943],[-1.66249,42.79629],[-1.66458,42.79671],[-1.66606,42.79621],[-1.66732,42.79814],[-1.6676,42.80133],[-1.66859,42.79946],[-1.67055,42.79942],[-1.67231,42.79756],[-1.67409,42.79748],[-1.67523,42.7941],[-1.67637,42.79246],[-1.67542,42.79187],[-1.67553,42.78981],[-1.68058,42.79207],[-1.68335,42.79156],[-1.68499,42.78737],[-1.68379,42.7864],[-1.68418,42.78532],[-1.6834,42.78464],[-1.6827,42.78196],[-1.6867,42.77953],[-1.68853,42.77801],[-1.68844,42.77599],[-1.68604,42.776],[-1.68111,42.7721],[-1.6776,42.77122],[-1.66939,42.77917],[-1.66753,42.77967],[-1.66458,42.77927],[-1.66079,42.78364],[-1.66103,42.78457],[-1.66317,42.78514],[-1.66481,42.78722],[-1.66402,42.78981],[-1.66443,42.79092],[-1.6623,42.79189],[-1.66375,42.79349],[-1.66295,42.7943]]]]},"properties":{"idApp":922002,"aopId":"navarra","name":"Navarra","nameJa":"ナバーラ","kind":"regional","tags":["do"],"rank":0},"bbox":[-2.5001,41.90988,-1.0996,42.89239]},{"type":"Feature","geometry":{"type":"Polygon","coordinates":[[[-2.5001,42.61644],[-2.50332,42.61679],[-2.51471,42.61724],[-2.52088,42.61619],[-2.52317,42.61515],[-2.52442,42.61542],[-2.52833,42.61488],[-2.53714,42.61236],[-2.54039,42.61248],[-2.54124,42.61207],[-2.54457,42.61166],[-2.55303,42.60826],[-2.55877,42.60555],[-2.56321,42.6046],[-2.57274,42.60152],[-2.57861,42.60022],[-2.59738,42.59938],[-2.61517,42.60376],[-2.62589,42.60484],[-2.63123,42.6038],[-2.63863,42.59907],[-2.64149,42.59758],[-2.64411,42.59666],[-2.65031,42.59496],[-2.65915,42.59301],[-2.65948,42.59328],[-2.66294,42.59248],[-2.66733,42.59233],[-2.67169,42.59295],[-2.67456,42.59439],[-2.67634,42.59439],[-2.67796,42.59519],[-2.68179,42.59536],[-2.6851,42.59493],[-2.6887,42.59592],[-2.69998,42.59811],[-2.70796,42.60022],[-2.71116,42.60165],[-2.71399,42.60345],[-2.71602,42.60527],[-2.719,42.60622],[-2.72281,42.60896],[-2.72424,42.61048],[-2.72819,42.61357],[-2.7306,42.61759],[-2.73621,42.61913],[-2.74079,42.62252],[-2.74651,42.62311],[-2.74945,42.62369],[-2.75664,42.61897],[-2.76046,42.61994],[-2.76374,42.6228],[-2.7659,42.62012],[-2.77396,42.62421],[-2.77551,42.62531],[-2.77862,42.62934],[-2.78107,42.6305],[-2.78319,42.63057],[-2.78566,42.63212],[-2.78721,42.63259],[-2.7899,42.63468],[-2.79183,42.63452],[-2.7952,42.6323],[-2.804,42.63123],[-2.80499,42.63274],[-2.80452,42.6353],[-2.80334,42.63715],[-2.80348,42.6389],[-2.80505,42.63903],[-2.80631,42.64022],[-2.81384,42.63938],[-2.81573,42.63954],[-2.8174,42.64031],[-2.82251,42.64411],[-2.82571,42.64493],[-2.82818,42.64446],[-2.83603,42.64175],[-2.84246,42.6411],[-2.84592,42.64018],[-2.85422,42.6403],[-2.85831,42.63927],[-2.85895,42.63877],[-2.8613,42.63905],[-2.86679,42.63858],[-2.87024,42.63934],[-2.87282,42.64104],[-2.8745,42.643],[-2.87616,42.64388],[-2.88875,42.64888],[-2.89048,42.65144],[-2.89574,42.6546],[-2.89637,42.65552],[-2.8969,42.65908],[-2.89767,42.66118],[-2.90073,42.66777],[-2.89787,42.66883],[-2.89774,42.67037],[-2.89992,42.67291],[-2.89691,42.67735],[-2.89608,42.67883],[-2.89508,42.67928],[-2.89806,42.68227],[-2.90142,42.68254],[-2.90381,42.68639],[-2.90246,42.6921],[-2.90253,42.69357],[-2.90693,42.69415],[-2.90742,42.69561],[-2.90959,42.69565],[-2.91766,42.69749],[-2.92058,42.69965],[-2.92169,42.70115],[-2.93034,42.69963],[-2.9305,42.70055],[-2.92805,42.70472],[-2.9306,42.70818],[-2.93204,42.70844],[-2.93851,42.70837],[-2.94704,42.70961],[-2.95639,42.71035],[-2.96347,42.70798],[-2.97401,42.70864],[-2.98066,42.70378],[-2.98703,42.70882],[-2.9887,42.71542],[-2.98904,42.71878],[-2.99064,42.72004],[-2.99434,42.7215],[-3.00749,42.72317],[-3.00951,42.72503],[-3.01102,42.72721],[-3.01118,42.72819],[-3.00722,42.72999],[-3.00587,42.73242],[-3.00717,42.73361],[-3.00939,42.73368],[-3.01239,42.73297],[-3.01423,42.73296],[-3.01634,42.73385],[-3.01686,42.73542],[-3.01636,42.74045],[-3.01785,42.74119],[-3.02019,42.74071],[-3.03308,42.73703],[-3.04079,42.73845],[-3.04202,42.73633],[-3.04316,42.73557],[-3.04274,42.73216],[-3.03656,42.72439],[-3.03206,42.72007],[-3.03015,42.71524],[-3.0286,42.71305],[-3.02625,42.71032],[-3.02506,42.70938],[-3.01695,42.70657],[-3.01822,42.70614],[-3.02438,42.70627],[-3.02484,42.70672],[-3.02957,42.70713],[-3.03515,42.70565],[-3.03689,42.70491],[-3.04176,42.70474],[-3.04463,42.70254],[-3.04951,42.70011],[-3.05208,42.69921],[-3.05441,42.69493],[-3.05562,42.68973],[-3.05556,42.68645],[-3.05403,42.68217],[-3.05327,42.67585],[-3.05211,42.67582],[-3.04587,42.6773],[-3.0419,42.67753],[-3.03477,42.67601],[-3.03238,42.6758],[-3.02994,42.67353],[-3.02445,42.67478],[-3.02152,42.67787],[-3.01925,42.67669],[-3.01698,42.67395],[-3.01378,42.67122],[-3.00971,42.67082],[-3.00844,42.66873],[-3.00868,42.66458],[-3.00836,42.66415],[-3.0081,42.66044],[-3.00644,42.65979],[-3.00528,42.65719],[-3.00639,42.65276],[-3.00605,42.65203],[-3.00396,42.6517],[-3.00473,42.64869],[-3.00382,42.64624],[-3.00478,42.64423],[-3.00874,42.64082],[-3.01076,42.64162],[-3.0148,42.64014],[-3.0172,42.63474],[-3.01633,42.63349],[-3.01804,42.63214],[-3.02229,42.63383],[-3.02693,42.63718],[-3.02946,42.63817],[-3.03131,42.63834],[-3.03407,42.638],[-3.04081,42.64001],[-3.05081,42.64015],[-3.05851,42.63965],[-3.065,42.63964],[-3.06938,42.63874],[-3.07774,42.63935],[-3.08418,42.64065],[-3.08368,42.63856],[-3.08477,42.63531],[-3.08109,42.63128],[-3.08643,42.62768],[-3.07955,42.62606],[-3.0779,42.62481],[-3.07822,42.6237],[-3.07048,42.62138],[-3.06912,42.61585],[-3.068,42.613],[-3.0659,42.60974],[-3.06566,42.60701],[-3.0647,42.60588],[-3.06044,42.60253],[-3.06097,42.60099],[-3.06043,42.60056],[-3.06464,42.59825],[-3.06521,42.59414],[-3.06356,42.59128],[-3.05985,42.58916],[-3.06258,42.58881],[-3.06813,42.58888],[-3.07521,42.58597],[-3.07933,42.58364],[-3.08182,42.58291],[-3.08359,42.58284],[-3.08622,42.58218],[-3.08238,42.57399],[-3.08424,42.57255],[-3.08719,42.56946],[-3.08831,42.56707],[-3.09717,42.56278],[-3.10245,42.5594],[-3.10426,42.55676],[-3.10444,42.55513],[-3.10378,42.55408],[-3.10546,42.55389],[-3.10891,42.5523],[-3.11494,42.55125],[-3.11781,42.54967],[-3.12161,42.54667],[-3.12636,42.54378],[-3.13162,42.5433],[-3.13429,42.54202],[-3.13299,42.5407],[-3.13105,42.53718],[-3.12935,42.53655],[-3.12535,42.53308],[-3.11742,42.53223],[-3.1114,42.53049],[-3.10748,42.52874],[-3.09994,42.53614],[-3.09914,42.53504],[-3.09681,42.53455],[-3.09411,42.53638],[-3.08933,42.53825],[-3.08842,42.53815],[-3.08725,42.5367],[-3.08575,42.53562],[-3.08418,42.53529],[-3.08272,42.53368],[-3.08409,42.53215],[-3.0813,42.53115],[-3.07883,42.53215],[-3.0765,42.5322],[-3.07462,42.53016],[-3.0726,42.52889],[-3.0718,42.52764],[-3.07296,42.52493],[-3.07647,42.52079],[-3.074,42.51563],[-3.0754,42.50965],[-3.07516,42.50706],[-3.07945,42.49897],[-3.08319,42.49658],[-3.08682,42.49495],[-3.08828,42.49392],[-3.0911,42.49285],[-3.09327,42.49149],[-3.09472,42.48804],[-3.09401,42.48627],[-3.09146,42.48624],[-3.09044,42.47786],[-3.08933,42.47885],[-3.0828,42.47592],[-3.08233,42.47446],[-3.07334,42.47645],[-3.06423,42.47092],[-3.06027,42.47168],[-3.05204,42.47475],[-3.05056,42.47567],[-3.04885,42.47886],[-3.04797,42.47953],[-3.04223,42.48163],[-3.04076,42.4815],[-3.03599,42.48272],[-3.03307,42.48448],[-3.03213,42.48384],[-3.03031,42.48394],[-3.01927,42.48582],[-3.01659,42.48673],[-3.01415,42.48585],[-3.00434,42.48339],[-2.99686,42.47912],[-2.99399,42.48793],[-2.9937,42.49125],[-2.99159,42.49613],[-2.99126,42.50194],[-2.98984,42.50306],[-2.97818,42.50515],[-2.96739,42.50468],[-2.95965,42.5033],[-2.95214,42.50156],[-2.94842,42.50316],[-2.94551,42.50162],[-2.94626,42.49634],[-2.94864,42.48861],[-2.95593,42.48635],[-2.95702,42.47976],[-2.95317,42.47817],[-2.94907,42.47806],[-2.94934,42.47409],[-2.94907,42.46714],[-2.95081,42.46032],[-2.95099,42.45754],[-2.94837,42.45765],[-2.94368,42.45534],[-2.94105,42.45312],[-2.94469,42.44995],[-2.94198,42.44678],[-2.94083,42.44389],[-2.93987,42.44334],[-2.9349,42.43761],[-2.91993,42.43515],[-2.90652,42.43198],[-2.90675,42.42793],[-2.90843,42.42513],[-2.90808,42.42108],[-2.91063,42.41796],[-2.90909,42.41609],[-2.9093,42.41415],[-2.90988,42.413],[-2.90895,42.41026],[-2.90671,42.40626],[-2.90081,42.40544],[-2.89763,42.40459],[-2.88933,42.40559],[-2.88422,42.4065],[-2.88044,42.40679],[-2.88108,42.40472],[-2.88254,42.40207],[-2.88556,42.39968],[-2.88498,42.39742],[-2.88193,42.3942],[-2.87732,42.39127],[-2.87955,42.39125],[-2.88176,42.39056],[-2.88586,42.38759],[-2.88723,42.38616],[-2.88716,42.38329],[-2.89194,42.38204],[-2.89574,42.37883],[-2.89674,42.37753],[-2.89656,42.3759],[-2.89993,42.37215],[-2.90077,42.37188],[-2.90185,42.3703],[-2.9041,42.36819],[-2.90636,42.36673],[-2.90588,42.36304],[-2.90529,42.36235],[-2.90767,42.35271],[-2.90996,42.34932],[-2.91177,42.34253],[-2.91336,42.34123],[-2.91156,42.33986],[-2.909,42.33977],[-2.90045,42.33724],[-2.89326,42.33062],[-2.89153,42.33123],[-2.88866,42.33326],[-2.88779,42.33281],[-2.88504,42.33305],[-2.88434,42.33413],[-2.87515,42.33742],[-2.87589,42.33831],[-2.87753,42.3385],[-2.87737,42.34002],[-2.88226,42.33869],[-2.88392,42.34003],[-2.88275,42.3408],[-2.88206,42.34253],[-2.88047,42.34202],[-2.87884,42.34266],[-2.87658,42.34259],[-2.87603,42.34417],[-2.87699,42.34506],[-2.87633,42.3466],[-2.87668,42.34817],[-2.87525,42.34825],[-2.87561,42.34974],[-2.87634,42.35025],[-2.87593,42.35157],[-2.87824,42.35251],[-2.87288,42.35736],[-2.87011,42.36032],[-2.86753,42.36121],[-2.86557,42.36142],[-2.86255,42.36295],[-2.85891,42.36378],[-2.85688,42.36399],[-2.85145,42.36383],[-2.8497,42.36351],[-2.84812,42.36063],[-2.84875,42.36042],[-2.84744,42.35786],[-2.84881,42.35574],[-2.85006,42.35601],[-2.85391,42.35489],[-2.85285,42.35401],[-2.85243,42.3516],[-2.85331,42.34976],[-2.8521,42.34669],[-2.85114,42.34549],[-2.85423,42.34459],[-2.8591,42.34452],[-2.86236,42.34364],[-2.86295,42.34132],[-2.86424,42.34003],[-2.86382,42.33876],[-2.86165,42.33849],[-2.86192,42.33764],[-2.85552,42.33764],[-2.85555,42.33603],[-2.85423,42.33411],[-2.85615,42.32038],[-2.85936,42.31837],[-2.86193,42.31548],[-2.86381,42.31486],[-2.86488,42.31265],[-2.86535,42.30976],[-2.86877,42.30724],[-2.87116,42.30489],[-2.87094,42.30183],[-2.88353,42.30718],[-2.88596,42.30696],[-2.89243,42.30398],[-2.89453,42.30358],[-2.89808,42.30146],[-2.9045,42.29727],[-2.90922,42.29338],[-2.90901,42.29309],[-2.91147,42.28942],[-2.91347,42.28852],[-2.91473,42.28695],[-2.917,42.28544],[-2.92117,42.27983],[-2.92252,42.27558],[-2.91706,42.2733],[-2.91642,42.27253],[-2.91325,42.27145],[-2.91107,42.27161],[-2.90977,42.27122],[-2.90638,42.27171],[-2.90537,42.27212],[-2.90208,42.27194],[-2.90016,42.27251],[-2.89788,42.2737],[-2.89572,42.2743],[-2.89509,42.27729],[-2.89164,42.27879],[-2.88851,42.27908],[-2.88649,42.28002],[-2.88341,42.28065],[-2.88114,42.28154],[-2.88053,42.28312],[-2.88107,42.28472],[-2.87838,42.28638],[-2.87782,42.28784],[-2.87517,42.28978],[-2.8707,42.28904],[-2.8666,42.28906],[-2.85994,42.29119],[-2.85841,42.29328],[-2.85615,42.29383],[-2.85518,42.29686],[-2.85423,42.29849],[-2.85245,42.29999],[-2.85082,42.30277],[-2.85029,42.30463],[-2.84834,42.30513],[-2.84625,42.30461],[-2.84264,42.30717],[-2.83775,42.3126],[-2.83663,42.31332],[-2.83355,42.31375],[-2.83134,42.31614],[-2.82899,42.31749],[-2.8146,42.32808],[-2.81171,42.3305],[-2.81021,42.33246],[-2.8088,42.33376],[-2.80622,42.33375],[-2.80459,42.33323],[-2.8027,42.33368],[-2.80117,42.33324],[-2.79976,42.33425],[-2.79783,42.33464],[-2.79442,42.33342],[-2.79012,42.33235],[-2.79392,42.32666],[-2.79534,42.32579],[-2.79833,42.31989],[-2.79969,42.31839],[-2.80248,42.31643],[-2.80418,42.31668],[-2.80828,42.31623],[-2.81213,42.31385],[-2.81113,42.3116],[-2.81093,42.31001],[-2.80871,42.30741],[-2.80757,42.3051],[-2.80598,42.30331],[-2.8037,42.30178],[-2.80419,42.30014],[-2.80663,42.29943],[-2.80633,42.29831],[-2.8041,42.29657],[-2.80638,42.2953],[-2.80578,42.29187],[-2.8119,42.2902],[-2.81728,42.28408],[-2.82059,42.28153],[-2.82413,42.28038],[-2.82506,42.27892],[-2.83019,42.27694],[-2.83326,42.27676],[-2.83946,42.27198],[-2.84156,42.27099],[-2.84427,42.27045],[-2.84723,42.26816],[-2.84458,42.26692],[-2.84133,42.26471],[-2.83617,42.25973],[-2.83576,42.25718],[-2.83362,42.25512],[-2.83273,42.25337],[-2.82839,42.25197],[-2.8262,42.253],[-2.82278,42.25341],[-2.81264,42.25845],[-2.81209,42.26009],[-2.81269,42.26259],[-2.81245,42.26477],[-2.80808,42.26954],[-2.80818,42.27016],[-2.80101,42.27129],[-2.79749,42.27102],[-2.79711,42.27225],[-2.79553,42.27381],[-2.7937,42.27403],[-2.78986,42.27194],[-2.78565,42.2738],[-2.78548,42.27704],[-2.78244,42.27892],[-2.78093,42.27901],[-2.77789,42.27983],[-2.77599,42.2789],[-2.77192,42.27997],[-2.77048,42.2791],[-2.76875,42.28078],[-2.76865,42.28582],[-2.76556,42.28584],[-2.76301,42.28661],[-2.76124,42.2892],[-2.76191,42.29158],[-2.76296,42.29258],[-2.76392,42.29562],[-2.76568,42.29773],[-2.76648,42.29925],[-2.76586,42.30057],[-2.76446,42.30186],[-2.76437,42.30386],[-2.76263,42.30542],[-2.75955,42.30701],[-2.75608,42.30778],[-2.75548,42.30925],[-2.75257,42.30938],[-2.75161,42.30896],[-2.74951,42.30944],[-2.74727,42.30754],[-2.74356,42.30766],[-2.73933,42.30848],[-2.73813,42.30808],[-2.73615,42.30963],[-2.73772,42.31082],[-2.73919,42.31319],[-2.74478,42.31446],[-2.7466,42.31454],[-2.74786,42.31841],[-2.74397,42.31937],[-2.74312,42.3205],[-2.74214,42.32023],[-2.73917,42.32155],[-2.73409,42.32305],[-2.72932,42.32753],[-2.72682,42.32739],[-2.72553,42.32772],[-2.72096,42.33055],[-2.71623,42.33044],[-2.71358,42.33135],[-2.71189,42.33149],[-2.70146,42.33049],[-2.69892,42.33077],[-2.69306,42.33218],[-2.6887,42.33209],[-2.6863,42.33085],[-2.68409,42.33023],[-2.68191,42.33191],[-2.68214,42.33348],[-2.68166,42.33646],[-2.68246,42.34294],[-2.68182,42.34409],[-2.68057,42.34486],[-2.6796,42.34965],[-2.67779,42.35025],[-2.677,42.352],[-2.67584,42.35325],[-2.67518,42.35199],[-2.67567,42.35058],[-2.67297,42.34999],[-2.67359,42.34743],[-2.67124,42.34623],[-2.66974,42.34498],[-2.66511,42.34796],[-2.66318,42.34819],[-2.65884,42.34827],[-2.65642,42.34602],[-2.6517,42.34496],[-2.65091,42.34447],[-2.64768,42.34054],[-2.6448,42.33832],[-2.64413,42.33711],[-2.64106,42.33449],[-2.64077,42.33286],[-2.63799,42.33103],[-2.62946,42.33441],[-2.62876,42.33342],[-2.62542,42.33107],[-2.62197,42.32951],[-2.61924,42.32945],[-2.61696,42.32752],[-2.61462,42.32795],[-2.60736,42.32886],[-2.60656,42.3292],[-2.60289,42.33413],[-2.60148,42.33467],[-2.59802,42.33485],[-2.59472,42.33342],[-2.59355,42.33324],[-2.5895,42.33533],[-2.58751,42.33588],[-2.58302,42.33413],[-2.58009,42.33451],[-2.5776,42.33682],[-2.57483,42.33814],[-2.57035,42.3411],[-2.56214,42.34417],[-2.55893,42.34487],[-2.55567,42.3462],[-2.55304,42.34665],[-2.55287,42.34576],[-2.55119,42.34318],[-2.54753,42.33886],[-2.54646,42.33467],[-2.5474,42.33295],[-2.54396,42.32793],[-2.53898,42.32746],[-2.53538,42.32816],[-2.53296,42.32793],[-2.53062,42.32513],[-2.52909,42.3209],[-2.52427,42.31906],[-2.52382,42.31818],[-2.5169,42.32005],[-2.51382,42.32049],[-2.51163,42.32175],[-2.50772,42.32247],[-2.50183,42.32649],[-2.49777,42.32287],[-2.49256,42.32099],[-2.49189,42.31934],[-2.4908,42.31797],[-2.49218,42.31643],[-2.4912,42.31481],[-2.4915,42.31261],[-2.49252,42.31149],[-2.49306,42.3093],[-2.49514,42.30707],[-2.49559,42.30444],[-2.48772,42.30393],[-2.48487,42.29885],[-2.48008,42.29275],[-2.47765,42.29508],[-2.46883,42.29562],[-2.46439,42.29665],[-2.46012,42.29969],[-2.45842,42.3015],[-2.45091,42.30234],[-2.44674,42.30501],[-2.44867,42.30653],[-2.4482,42.30824],[-2.44912,42.31044],[-2.449,42.31507],[-2.44845,42.316],[-2.44836,42.31769],[-2.44926,42.31993],[-2.44831,42.31986],[-2.44019,42.32512],[-2.43977,42.3262],[-2.43848,42.32687],[-2.43824,42.32774],[-2.43592,42.325],[-2.43327,42.3226],[-2.4303,42.32191],[-2.42774,42.32074],[-2.42613,42.32118],[-2.42115,42.32137],[-2.41866,42.31834],[-2.4071,42.31364],[-2.40741,42.30702],[-2.40531,42.30729],[-2.39344,42.30329],[-2.39092,42.30193],[-2.38911,42.30205],[-2.38701,42.30147],[-2.38528,42.29965],[-2.38423,42.299],[-2.37841,42.29728],[-2.37783,42.29536],[-2.37926,42.2943],[-2.38116,42.29088],[-2.38207,42.29029],[-2.38229,42.28706],[-2.38502,42.28504],[-2.38646,42.28486],[-2.38764,42.2831],[-2.38706,42.282],[-2.38684,42.28016],[-2.38812,42.27881],[-2.38949,42.27814],[-2.38976,42.27669],[-2.39078,42.27489],[-2.39411,42.2708],[-2.39334,42.26947],[-2.39354,42.26834],[-2.39248,42.26801],[-2.38413,42.25496],[-2.38413,42.2529],[-2.38036,42.24876],[-2.37646,42.24622],[-2.37142,42.24408],[-2.36638,42.24144],[-2.36144,42.23972],[-2.3601,42.23952],[-2.3583,42.23844],[-2.34181,42.2355],[-2.33748,42.23592],[-2.33692,42.23636],[-2.33819,42.24122],[-2.33981,42.24474],[-2.3391,42.2504],[-2.33714,42.25527],[-2.33059,42.25424],[-2.32703,42.2553],[-2.32493,42.25554],[-2.32273,42.25901],[-2.32136,42.2605],[-2.31823,42.26015],[-2.31465,42.26113],[-2.31217,42.26607],[-2.31117,42.26974],[-2.30888,42.27349],[-2.30872,42.27542],[-2.3115,42.27745],[-2.31201,42.27835],[-2.31173,42.27953],[-2.30909,42.28346],[-2.3094,42.28477],[-2.3085,42.28774],[-2.3059,42.28868],[-2.30455,42.28994],[-2.30464,42.29262],[-2.30243,42.29445],[-2.30182,42.29402],[-2.29474,42.29359],[-2.29268,42.29071],[-2.28942,42.29002],[-2.28681,42.28988],[-2.28348,42.28811],[-2.27807,42.28363],[-2.27446,42.28135],[-2.2725,42.27931],[-2.27017,42.27846],[-2.26765,42.2767],[-2.26342,42.27167],[-2.25489,42.27223],[-2.25311,42.27204],[-2.25034,42.27032],[-2.24852,42.26994],[-2.2453,42.26987],[-2.24392,42.2691],[-2.2428,42.26651],[-2.24267,42.2648],[-2.24016,42.25901],[-2.24405,42.25623],[-2.24828,42.25375],[-2.24937,42.25272],[-2.25158,42.25185],[-2.25233,42.25023],[-2.25441,42.24739],[-2.25887,42.24438],[-2.25959,42.24351],[-2.26243,42.24295],[-2.26338,42.24166],[-2.2654,42.24165],[-2.26704,42.24072],[-2.26957,42.23835],[-2.27164,42.23714],[-2.27272,42.23571],[-2.27548,42.23494],[-2.27702,42.23377],[-2.27576,42.22871],[-2.27685,42.22654],[-2.27643,42.22512],[-2.2804,42.22137],[-2.28151,42.22091],[-2.28181,42.21831],[-2.28264,42.21705],[-2.2838,42.21658],[-2.28518,42.21675],[-2.28741,42.21545],[-2.2864,42.21349],[-2.28653,42.20868],[-2.28602,42.20723],[-2.28747,42.20623],[-2.28463,42.20541],[-2.28202,42.20155],[-2.27891,42.19882],[-2.27308,42.19682],[-2.26761,42.19582],[-2.26376,42.19445],[-2.2598,42.18846],[-2.25696,42.18717],[-2.25702,42.18599],[-2.25535,42.18501],[-2.25562,42.18354],[-2.26223,42.18286],[-2.26626,42.18097],[-2.26856,42.1808],[-2.26863,42.17903],[-2.26749,42.17599],[-2.26461,42.17456],[-2.26407,42.17348],[-2.26218,42.17577],[-2.25678,42.17969],[-2.25437,42.18033],[-2.25233,42.18132],[-2.25122,42.18059],[-2.24487,42.17833],[-2.2413,42.17765],[-2.23862,42.17304],[-2.23169,42.16883],[-2.22934,42.16792],[-2.22542,42.16555],[-2.22059,42.16367],[-2.2201,42.16089],[-2.21896,42.15932],[-2.21709,42.15847],[-2.215,42.15493],[-2.21382,42.14949],[-2.20781,42.14677],[-2.20765,42.14537],[-2.20558,42.14387],[-2.20377,42.14338],[-2.20202,42.14046],[-2.20133,42.13854],[-2.19991,42.13665],[-2.19759,42.13461],[-2.19684,42.13204],[-2.19327,42.12892],[-2.19282,42.12744],[-2.19176,42.12642],[-2.18916,42.12537],[-2.18753,42.12557],[-2.18436,42.12538],[-2.18305,42.11703],[-2.18027,42.11042],[-2.17531,42.10431],[-2.17357,42.10513],[-2.17134,42.10516],[-2.166,42.10407],[-2.16498,42.10434],[-2.1619,42.10413],[-2.15889,42.10491],[-2.15717,42.10484],[-2.15291,42.10401],[-2.14926,42.10379],[-2.14812,42.10443],[-2.14564,42.10321],[-2.14261,42.10306],[-2.13864,42.1023],[-2.13676,42.10307],[-2.1355,42.10165],[-2.13338,42.10113],[-2.13311,42.10018],[-2.1309,42.09942],[-2.12989,42.09853],[-2.12733,42.09715],[-2.12764,42.09476],[-2.12739,42.09335],[-2.1284,42.09208],[-2.12842,42.08961],[-2.12683,42.08804],[-2.12723,42.0858],[-2.12708,42.08088],[-2.12724,42.08045],[-2.13188,42.07717],[-2.13239,42.07612],[-2.13541,42.07462],[-2.14028,42.074],[-2.14262,42.07408],[-2.14444,42.07297],[-2.14634,42.07292],[-2.14694,42.07198],[-2.14922,42.07099],[-2.14992,42.0699],[-2.15204,42.06869],[-2.15813,42.06715],[-2.16005,42.06742],[-2.16192,42.06672],[-2.16113,42.06253],[-2.15894,42.06057],[-2.15838,42.05933],[-2.159,42.05584],[-2.15679,42.05343],[-2.15477,42.04702],[-2.14993,42.04501],[-2.15082,42.0434],[-2.15057,42.04214],[-2.14612,42.04224],[-2.1449,42.04158],[-2.14437,42.04061],[-2.14291,42.0398],[-2.14201,42.03832],[-2.13896,42.0367],[-2.13651,42.0331],[-2.1352,42.03255],[-2.13165,42.02928],[-2.1298,42.02681],[-2.1289,42.02617],[-2.12551,42.02557],[-2.1207,42.02394],[-2.11968,42.02223],[-2.11701,42.0215],[-2.11602,42.01909],[-2.11636,42.01634],[-2.11561,42.0153],[-2.1158,42.01351],[-2.11524,42.01144],[-2.11402,42.011],[-2.11391,42.01005],[-2.11056,42.00544],[-2.10846,42.00415],[-2.10763,42.00276],[-2.09225,42.00425],[-2.08534,41.99852],[-2.07989,41.99604],[-2.07476,41.9966],[-2.06393,42.0009],[-2.06254,42.00103],[-2.0584,41.99678],[-2.05692,41.99687],[-2.05378,41.99594],[-2.05168,41.99344],[-2.0474,41.99256],[-2.04418,41.99117],[-2.04237,41.98792],[-2.04041,41.98679],[-2.03732,41.98571],[-2.03612,41.9861],[-2.03504,41.98714],[-2.03275,41.98817],[-2.02644,41.98508],[-2.0234,41.98454],[-2.02188,41.98277],[-2.02447,41.98167],[-2.03454,41.9812],[-2.04347,41.97723],[-2.04521,41.97732],[-2.047,41.97662],[-2.04752,41.97485],[-2.05002,41.97432],[-2.05064,41.97332],[-2.04977,41.97205],[-2.05104,41.9691],[-2.05016,41.96574],[-2.04871,41.96395],[-2.04778,41.96002],[-2.04871,41.95604],[-2.05125,41.95085],[-2.04881,41.95053],[-2.04664,41.95092],[-2.04529,41.95006],[-2.04537,41.94825],[-2.04386,41.94677],[-2.04411,41.94549],[-2.04229,41.94376],[-2.0406,41.9436],[-2.03741,41.94145],[-2.03579,41.94242],[-2.03555,41.94382],[-2.0335,41.94382],[-2.03476,41.94549],[-2.03255,41.94794],[-2.03065,41.94804],[-2.03135,41.94949],[-2.02974,41.95035],[-2.03031,41.95143],[-2.0299,41.95304],[-2.02831,41.95337],[-2.02616,41.9514],[-2.02399,41.95022],[-2.02095,41.94792],[-2.01956,41.94446],[-2.01819,41.94423],[-2.01609,41.94483],[-2.01308,41.9408],[-2.00824,41.93991],[-2.00465,41.94005],[-2.00134,41.9385],[-2.00013,41.93722],[-1.99866,41.93442],[-1.99892,41.93267],[-1.99835,41.9307],[-1.99397,41.92734],[-1.99155,41.92475],[-1.98411,41.92007],[-1.98144,41.91902],[-1.9703,41.91913],[-1.96692,41.92012],[-1.96386,41.91994],[-1.96134,41.92029],[-1.95826,41.92434],[-1.95486,41.92743],[-1.94736,41.92572],[-1.94056,41.92544],[-1.93665,41.92677],[-1.93533,41.92694],[-1.93523,41.92804],[-1.93405,41.92833],[-1.93264,41.9304],[-1.92952,41.92953],[-1.92612,41.93103],[-1.92149,41.93425],[-1.91755,41.9339],[-1.91517,41.93224],[-1.915,41.93381],[-1.91294,41.9362],[-1.91153,41.93905],[-1.9112,41.94062],[-1.90887,41.94063],[-1.90688,41.94228],[-1.90467,41.94332],[-1.90481,41.94395],[-1.90667,41.94558],[-1.8907,41.94778],[-1.87759,41.95242],[-1.86668,41.95921],[-1.85654,41.96639],[-1.86519,41.97759],[-1.86233,41.97826],[-1.85419,41.98161],[-1.84405,41.98732],[-1.84467,41.98908],[-1.84739,41.99069],[-1.85132,41.99806],[-1.84703,42.00249],[-1.84718,42.00799],[-1.84903,42.00524],[-1.85168,42.00361],[-1.85419,42.00257],[-1.85523,42.00259],[-1.86084,42.00674],[-1.86045,42.00964],[-1.8625,42.01017],[-1.86484,42.01507],[-1.8671,42.01473],[-1.86833,42.01339],[-1.86999,42.01265],[-1.87202,42.01266],[-1.88032,42.02088],[-1.88095,42.022],[-1.88326,42.02424],[-1.88295,42.02632],[-1.88523,42.02729],[-1.88662,42.02747],[-1.89177,42.02666],[-1.8963,42.02675],[-1.89772,42.02875],[-1.90158,42.02967],[-1.90317,42.0349],[-1.90254,42.03876],[-1.90419,42.04409],[-1.90399,42.04511],[-1.90458,42.04617],[-1.90434,42.04775],[-1.90509,42.04953],[-1.90481,42.05132],[-1.90332,42.05447],[-1.90375,42.05519],[-1.90603,42.05536],[-1.9071,42.05609],[-1.90924,42.05911],[-1.90727,42.06038],[-1.9063,42.06041],[-1.9056,42.06792],[-1.90465,42.06941],[-1.90253,42.07114],[-1.9023,42.07385],[-1.90058,42.07537],[-1.89943,42.07769],[-1.894,42.08271],[-1.89203,42.08597],[-1.88856,42.08831],[-1.88176,42.09427],[-1.87381,42.09988],[-1.87247,42.10102],[-1.87135,42.1035],[-1.86422,42.1072],[-1.86329,42.10803],[-1.86104,42.11139],[-1.85946,42.11497],[-1.85525,42.11727],[-1.85419,42.11833],[-1.84028,42.12811],[-1.83741,42.13409],[-1.83839,42.13533],[-1.8378,42.13748],[-1.83811,42.14195],[-1.83242,42.14822],[-1.82923,42.15003],[-1.82162,42.15355],[-1.81061,42.15021],[-1.80824,42.14867],[-1.80454,42.14771],[-1.80255,42.14681],[-1.80036,42.1453],[-1.79991,42.14461],[-1.79924,42.14169],[-1.79504,42.14033],[-1.79005,42.1398],[-1.78703,42.13911],[-1.78439,42.13813],[-1.78198,42.13772],[-1.78069,42.13818],[-1.77901,42.13769],[-1.77918,42.13922],[-1.78057,42.14069],[-1.7799,42.14172],[-1.76965,42.14547],[-1.76641,42.14807],[-1.76471,42.15039],[-1.75077,42.1505],[-1.73974,42.14972],[-1.73614,42.14823],[-1.72552,42.14174],[-1.72209,42.13618],[-1.7199,42.13342],[-1.69027,42.14838],[-1.68449,42.14992],[-1.67966,42.15167],[-1.6868,42.15635],[-1.69167,42.15743],[-1.6938,42.15843],[-1.69945,42.16684],[-1.7009,42.17311],[-1.69935,42.17546],[-1.69695,42.18035],[-1.69269,42.18265],[-1.67901,42.1883],[-1.67872,42.18947],[-1.67953,42.19113],[-1.68145,42.1924],[-1.68432,42.19371],[-1.68572,42.19396],[-1.68807,42.19266],[-1.68991,42.19267],[-1.69289,42.1935],[-1.69547,42.19324],[-1.69894,42.19363],[-1.70018,42.19123],[-1.70424,42.19201],[-1.70509,42.19269],[-1.70303,42.19581],[-1.7049,42.20029],[-1.70665,42.20194],[-1.70552,42.20409],[-1.70572,42.207],[-1.70765,42.20905],[-1.70924,42.20997],[-1.71301,42.21032],[-1.71799,42.21206],[-1.72164,42.21248],[-1.72578,42.21418],[-1.72607,42.21278],[-1.72745,42.21208],[-1.73338,42.21462],[-1.73671,42.21507],[-1.73973,42.21391],[-1.74114,42.21192],[-1.7664,42.22125],[-1.76733,42.21575],[-1.76966,42.21406],[-1.77264,42.21442],[-1.774,42.21521],[-1.78016,42.22417],[-1.78562,42.22509],[-1.78782,42.22514],[-1.79052,42.22302],[-1.79472,42.22254],[-1.79508,42.22273],[-1.79999,42.2228],[-1.80233,42.22343],[-1.80635,42.22785],[-1.80851,42.22762],[-1.81138,42.2278],[-1.8147,42.22844],[-1.81594,42.22893],[-1.8185,42.23073],[-1.81956,42.23206],[-1.81997,42.23409],[-1.81985,42.23989],[-1.8183,42.24604],[-1.81862,42.24803],[-1.8206,42.24916],[-1.82254,42.24898],[-1.824,42.24843],[-1.82447,42.2461],[-1.82621,42.24466],[-1.8279,42.24402],[-1.82973,42.24412],[-1.83124,42.24503],[-1.83444,42.24848],[-1.83915,42.25106],[-1.84106,42.25175],[-1.84328,42.25326],[-1.84227,42.25437],[-1.84232,42.25907],[-1.84304,42.26228],[-1.83679,42.2755],[-1.83951,42.28184],[-1.8389,42.2838],[-1.8409,42.28627],[-1.84185,42.29048],[-1.84802,42.30332],[-1.8491,42.30486],[-1.85055,42.30872],[-1.85203,42.31121],[-1.85607,42.31564],[-1.85746,42.32167],[-1.85863,42.32283],[-1.86301,42.32549],[-1.86768,42.32809],[-1.87058,42.3316],[-1.87401,42.3342],[-1.87942,42.33769],[-1.88253,42.34007],[-1.87595,42.34495],[-1.8753,42.34624],[-1.87346,42.34803],[-1.87369,42.34934],[-1.87477,42.35058],[-1.87981,42.35405],[-1.88363,42.35745],[-1.88513,42.35962],[-1.8893,42.36198],[-1.89237,42.36454],[-1.89249,42.36581],[-1.89423,42.36761],[-1.8981,42.37037],[-1.89719,42.37242],[-1.89725,42.37332],[-1.89347,42.37498],[-1.89304,42.37608],[-1.89381,42.38512],[-1.89283,42.38742],[-1.88882,42.39274],[-1.88713,42.39532],[-1.88387,42.39687],[-1.88102,42.3969],[-1.89447,42.40654],[-1.89902,42.40955],[-1.90546,42.41271],[-1.90678,42.41404],[-1.9068,42.42008],[-1.90667,42.42461],[-1.90397,42.42739],[-1.90608,42.43038],[-1.90863,42.43273],[-1.90972,42.43321],[-1.92004,42.43166],[-1.92355,42.43086],[-1.92882,42.42873],[-1.931,42.42421],[-1.93235,42.41996],[-1.93252,42.41798],[-1.93522,42.41501],[-1.93663,42.41395],[-1.94111,42.40623],[-1.94883,42.40105],[-1.95787,42.39241],[-1.96001,42.39117],[-1.95885,42.38992],[-1.95767,42.3878],[-1.95801,42.38653],[-1.96165,42.38489],[-1.96271,42.38556],[-1.9688,42.38281],[-1.97164,42.38213],[-1.9764,42.37761],[-1.98062,42.37418],[-1.98806,42.37777],[-1.9944,42.38194],[-2.00025,42.38469],[-2.00335,42.38667],[-2.0082,42.39042],[-2.01156,42.39658],[-2.01815,42.40136],[-2.0162,42.40258],[-2.02014,42.40459],[-2.0188,42.40728],[-2.02402,42.40815],[-2.03059,42.41155],[-2.03235,42.41014],[-2.03776,42.4091],[-2.04174,42.40799],[-2.04583,42.40609],[-2.04761,42.40482],[-2.05619,42.40007],[-2.05797,42.39729],[-2.06012,42.39478],[-2.06143,42.39243],[-2.06443,42.38961],[-2.06497,42.38663],[-2.06789,42.38318],[-2.06789,42.38164],[-2.06706,42.38078],[-2.06143,42.37876],[-2.05943,42.3775],[-2.05708,42.37354],[-2.05607,42.36929],[-2.05759,42.36342],[-2.05701,42.36083],[-2.0561,42.36004],[-2.05384,42.359],[-2.04985,42.35875],[-2.04561,42.35901],[-2.04589,42.35617],[-2.05176,42.35117],[-2.05532,42.34948],[-2.06179,42.34758],[-2.0651,42.34599],[-2.06999,42.3425],[-2.07597,42.34365],[-2.07747,42.34419],[-2.08148,42.34459],[-2.08401,42.34515],[-2.08997,42.34695],[-2.08944,42.34912],[-2.09007,42.35379],[-2.08966,42.35671],[-2.08739,42.35985],[-2.08159,42.36413],[-2.07899,42.36647],[-2.07865,42.3681],[-2.07952,42.36911],[-2.08979,42.37486],[-2.09282,42.3758],[-2.08756,42.3836],[-2.08913,42.38496],[-2.09296,42.38646],[-2.09599,42.38803],[-2.09841,42.38827],[-2.09933,42.38902],[-2.10468,42.39097],[-2.10623,42.39212],[-2.10944,42.39316],[-2.11033,42.39379],[-2.11099,42.39596],[-2.11311,42.39767],[-2.11552,42.39906],[-2.11521,42.4007],[-2.11217,42.40501],[-2.11166,42.40714],[-2.11049,42.40803],[-2.10565,42.41432],[-2.10509,42.41592],[-2.11229,42.42007],[-2.11429,42.41925],[-2.11643,42.41921],[-2.12331,42.42028],[-2.12702,42.42031],[-2.12784,42.41903],[-2.13107,42.41988],[-2.13299,42.42117],[-2.13277,42.42255],[-2.13028,42.42617],[-2.12979,42.42744],[-2.12981,42.42932],[-2.13082,42.43173],[-2.12982,42.43472],[-2.1299,42.43722],[-2.12932,42.43888],[-2.1271,42.44178],[-2.11851,42.44694],[-2.12255,42.45038],[-2.12719,42.45515],[-2.1332,42.46449],[-2.13624,42.47078],[-2.1382,42.47277],[-2.14212,42.47822],[-2.14562,42.4817],[-2.14751,42.48134],[-2.14931,42.47948],[-2.15406,42.48086],[-2.15677,42.48202],[-2.16218,42.48837],[-2.16662,42.48884],[-2.17041,42.48799],[-2.17829,42.48911],[-2.18545,42.49066],[-2.19262,42.4931],[-2.19395,42.49388],[-2.1979,42.49535],[-2.20038,42.49027],[-2.20687,42.48276],[-2.20793,42.48041],[-2.20988,42.47853],[-2.21551,42.4745],[-2.2224,42.47171],[-2.23063,42.47204],[-2.23788,42.47624],[-2.2406,42.47733],[-2.24596,42.47773],[-2.2549,42.47919],[-2.26213,42.48148],[-2.26628,42.48195],[-2.27593,42.48542],[-2.28139,42.48673],[-2.28501,42.48723],[-2.28662,42.48803],[-2.29025,42.48871],[-2.29357,42.48992],[-2.2941,42.49183],[-2.29423,42.49771],[-2.29214,42.50143],[-2.28937,42.50989],[-2.28656,42.51419],[-2.2858,42.51723],[-2.28797,42.52313],[-2.28822,42.52647],[-2.28919,42.52814],[-2.29242,42.53208],[-2.29357,42.53589],[-2.29724,42.54384],[-2.30152,42.55139],[-2.30125,42.55265],[-2.30015,42.55416],[-2.2967,42.55737],[-2.29667,42.55898],[-2.29772,42.56076],[-2.30193,42.56569],[-2.30556,42.57115],[-2.30687,42.57471],[-2.30672,42.57675],[-2.30897,42.57917],[-2.31126,42.5802],[-2.31446,42.58219],[-2.31736,42.58605],[-2.31816,42.58978],[-2.32049,42.5916],[-2.32553,42.59158],[-2.32938,42.59319],[-2.33353,42.59029],[-2.33355,42.58662],[-2.33256,42.58419],[-2.33076,42.58206],[-2.33186,42.5812],[-2.33314,42.57912],[-2.33328,42.57721],[-2.33404,42.57632],[-2.33733,42.57993],[-2.33896,42.58112],[-2.34571,42.58083],[-2.3479,42.58098],[-2.35226,42.58237],[-2.35946,42.58363],[-2.36243,42.58845],[-2.37457,42.59019],[-2.38918,42.59059],[-2.39156,42.59082],[-2.39382,42.59029],[-2.39821,42.58615],[-2.40005,42.58907],[-2.39934,42.59111],[-2.39922,42.59352],[-2.39747,42.59544],[-2.39677,42.59907],[-2.39934,42.59785],[-2.40116,42.5983],[-2.40645,42.59846],[-2.412,42.60025],[-2.41695,42.60413],[-2.41857,42.60711],[-2.42114,42.60709],[-2.42486,42.60453],[-2.42438,42.60196],[-2.42496,42.6002],[-2.42669,42.59993],[-2.42959,42.59724],[-2.44009,42.58077],[-2.4418,42.57694],[-2.44381,42.57465],[-2.45326,42.56708],[-2.45435,42.57061],[-2.45634,42.57248],[-2.45626,42.57413],[-2.45683,42.57527],[-2.46003,42.57882],[-2.45966,42.58168],[-2.46099,42.58371],[-2.46222,42.58735],[-2.47253,42.58933],[-2.48373,42.58913],[-2.48577,42.58851],[-2.48772,42.58834],[-2.48895,42.58771],[-2.49065,42.58532],[-2.49071,42.58765],[-2.49231,42.59103],[-2.49409,42.59637],[-2.49432,42.60119],[-2.49482,42.60279],[-2.49933,42.61044],[-2.5001,42.61644]]]},"properties":{"idApp":922001,"aopId":"rioja","name":"Rioja","nameJa":"リオハ","kind":"regional","tags":["doca"],"rank":0},"bbox":[-3.13429,41.91902,-1.67872,42.74119]},{"type":"Feature","geometry":{"type":"Polygon","coordinates":[[[0.02649,41.8646],[0.02667,41.86634],[0.02591,41.86777],[0.03291,41.88429],[0.04385,41.88431],[0.04837,41.88626],[0.04903,41.88681],[0.04973,41.89011],[0.05041,41.89148],[0.05526,41.89782],[0.0608,41.90667],[0.06178,41.90751],[0.06827,41.91077],[0.07082,41.91247],[0.07366,41.9113],[0.07864,41.90979],[0.08315,41.90713],[0.08642,41.90599],[0.08965,41.91982],[0.08321,41.93067],[0.08213,41.93149],[0.07764,41.93341],[0.08006,41.94188],[0.08199,41.94689],[0.08518,41.95303],[0.08506,41.95473],[0.08834,41.95784],[0.0903,41.9578],[0.09381,41.95851],[0.09631,41.9594],[0.09897,41.96095],[0.10538,41.96247],[0.10636,41.96304],[0.10813,41.96765],[0.10314,41.96932],[0.10457,41.97209],[0.10428,41.97588],[0.10625,41.98138],[0.10866,41.98119],[0.11235,41.98217],[0.11686,41.97821],[0.12322,41.97535],[0.12458,41.97537],[0.12511,41.97658],[0.12721,41.97805],[0.12722,41.97902],[0.12945,41.9792],[0.13123,41.98072],[0.13432,41.98172],[0.14398,41.98126],[0.14731,41.98038],[0.14624,41.98425],[0.15334,41.98733],[0.15654,41.98705],[0.15793,41.98726],[0.16914,41.98545],[0.17087,41.98475],[0.17128,41.98171],[0.17341,41.97803],[0.17776,41.9772],[0.19374,41.97864],[0.19306,41.97664],[0.21063,41.97257],[0.2167,41.97187],[0.234,41.96803],[0.23541,41.96959],[0.23821,41.96981],[0.23849,41.97097],[0.24015,41.97388],[0.24567,41.97939],[0.25173,41.97814],[0.25412,41.98014],[0.26006,41.97863],[0.26937,41.97735],[0.27198,41.9774],[0.27406,41.98152],[0.27542,41.98796],[0.27677,41.99028],[0.28056,41.99268],[0.29498,41.9942],[0.29876,41.99488],[0.30248,41.99916],[0.30178,42.00016],[0.30189,42.00198],[0.30521,42.01091],[0.30173,42.01421],[0.29709,42.01696],[0.29575,42.01921],[0.29676,42.02016],[0.29568,42.02346],[0.29543,42.02817],[0.29794,42.03805],[0.29978,42.03771],[0.30405,42.03762],[0.31235,42.03568],[0.31708,42.03408],[0.32229,42.0469],[0.31666,42.05518],[0.31386,42.06358],[0.3155,42.06553],[0.32586,42.06887],[0.33224,42.06962],[0.33843,42.06897],[0.34333,42.06778],[0.34525,42.06287],[0.34512,42.06011],[0.34452,42.05869],[0.34511,42.05757],[0.36296,42.06016],[0.36424,42.06011],[0.36628,42.06075],[0.36952,42.06023],[0.38048,42.06199],[0.38199,42.0611],[0.3833,42.06093],[0.38517,42.0615],[0.38765,42.06447],[0.39416,42.06514],[0.4002,42.06348],[0.40213,42.06235],[0.40707,42.06692],[0.40846,42.06676],[0.41306,42.07128],[0.4136,42.07262],[0.41309,42.07689],[0.4147,42.08121],[0.41408,42.08476],[0.41426,42.08665],[0.4117,42.08905],[0.40996,42.09367],[0.4105,42.09596],[0.40841,42.09853],[0.40736,42.10075],[0.40495,42.10284],[0.40296,42.10697],[0.39989,42.11078],[0.39786,42.11484],[0.39536,42.11495],[0.39425,42.11462],[0.39248,42.11584],[0.3912,42.11731],[0.39223,42.1258],[0.39776,42.13225],[0.39723,42.13461],[0.40056,42.13631],[0.40246,42.1357],[0.40579,42.13843],[0.40848,42.13869],[0.41827,42.14175],[0.42184,42.14498],[0.42655,42.14822],[0.43684,42.14163],[0.44168,42.14138],[0.44464,42.14084],[0.44564,42.14006],[0.44897,42.13899],[0.45219,42.13899],[0.46284,42.13934],[0.46951,42.14147],[0.47693,42.14444],[0.48396,42.14561],[0.48744,42.14288],[0.48799,42.14377],[0.48778,42.14508],[0.4881,42.14745],[0.48699,42.15058],[0.48512,42.15336],[0.48601,42.15836],[0.48643,42.16364],[0.49079,42.17449],[0.49025,42.17794],[0.49259,42.18199],[0.49408,42.18734],[0.4936,42.18943],[0.49432,42.19093],[0.49476,42.1986],[0.49428,42.20057],[0.49437,42.20205],[0.49339,42.20393],[0.49366,42.20489],[0.49504,42.20605],[0.49353,42.20692],[0.48986,42.20735],[0.48726,42.20811],[0.48414,42.20858],[0.48222,42.20998],[0.48324,42.21113],[0.48558,42.21225],[0.48738,42.2146],[0.49118,42.21807],[0.49201,42.21989],[0.49712,42.22448],[0.49808,42.22488],[0.49845,42.22974],[0.49988,42.23258],[0.50457,42.23634],[0.5079,42.23798],[0.51018,42.2378],[0.511,42.23852],[0.51118,42.24045],[0.51477,42.24303],[0.51572,42.24414],[0.50957,42.25171],[0.51323,42.27106],[0.50703,42.28032],[0.50603,42.28159],[0.49669,42.28993],[0.48717,42.2948],[0.48716,42.29814],[0.48561,42.29695],[0.47925,42.29711],[0.47848,42.29682],[0.47309,42.30292],[0.47178,42.3036],[0.46061,42.31274],[0.45456,42.3307],[0.44832,42.33188],[0.44325,42.33372],[0.43982,42.33445],[0.43578,42.33452],[0.43317,42.33549],[0.42921,42.33542],[0.42834,42.33576],[0.42518,42.33572],[0.42387,42.33597],[0.42074,42.33726],[0.41777,42.33893],[0.417,42.33991],[0.41624,42.34293],[0.41533,42.34464],[0.41098,42.34625],[0.40887,42.34751],[0.40785,42.34877],[0.40785,42.35022],[0.39925,42.34954],[0.3946,42.35153],[0.39191,42.34803],[0.39052,42.34683],[0.38697,42.34738],[0.38398,42.34136],[0.37999,42.33878],[0.38254,42.33628],[0.3795,42.324],[0.37853,42.32324],[0.37318,42.32085],[0.3692,42.31971],[0.37269,42.31874],[0.37409,42.3174],[0.37297,42.3166],[0.3745,42.31009],[0.38227,42.31057],[0.38274,42.30992],[0.38543,42.30995],[0.38679,42.311],[0.38862,42.31369],[0.38897,42.3118],[0.39348,42.30033],[0.39595,42.29566],[0.39317,42.29387],[0.38779,42.29356],[0.38428,42.2929],[0.37995,42.29156],[0.3776,42.29053],[0.37262,42.2876],[0.367,42.28566],[0.36382,42.28827],[0.36021,42.2895],[0.36323,42.29713],[0.36001,42.30001],[0.36163,42.30231],[0.3619,42.3046],[0.35321,42.30403],[0.35127,42.29604],[0.35149,42.29357],[0.35118,42.2925],[0.34501,42.29938],[0.341,42.29969],[0.33886,42.30112],[0.33062,42.30525],[0.32548,42.30405],[0.32515,42.30444],[0.32159,42.30063],[0.32161,42.29876],[0.31834,42.29452],[0.31402,42.29159],[0.30875,42.29084],[0.30801,42.28795],[0.30923,42.2868],[0.30843,42.2853],[0.30945,42.2846],[0.30201,42.27936],[0.29843,42.27926],[0.29305,42.27972],[0.29176,42.27945],[0.29139,42.27846],[0.28987,42.27745],[0.28804,42.27744],[0.28542,42.27642],[0.28416,42.27649],[0.27767,42.27099],[0.27665,42.26961],[0.26912,42.2678],[0.26777,42.26343],[0.26645,42.26133],[0.26618,42.25994],[0.26522,42.25822],[0.26543,42.25727],[0.2668,42.25542],[0.26514,42.25213],[0.26321,42.25166],[0.26276,42.25099],[0.26287,42.24767],[0.26188,42.24435],[0.25915,42.24242],[0.25899,42.24061],[0.25996,42.23968],[0.25171,42.23877],[0.24708,42.23856],[0.24416,42.24166],[0.23911,42.24221],[0.23601,42.24326],[0.23477,42.24322],[0.22748,42.24462],[0.22611,42.24545],[0.22471,42.24688],[0.22391,42.24495],[0.22418,42.24187],[0.22681,42.23758],[0.22933,42.23175],[0.23045,42.22793],[0.23007,42.22507],[0.22805,42.22232],[0.2264,42.22294],[0.21786,42.22399],[0.20195,42.22282],[0.1944,42.21974],[0.18724,42.21633],[0.17832,42.21918],[0.17632,42.22182],[0.17509,42.22444],[0.17259,42.22692],[0.17261,42.22769],[0.16718,42.23078],[0.16335,42.23257],[0.16121,42.23472],[0.15888,42.23531],[0.15796,42.23702],[0.15418,42.23843],[0.15243,42.23965],[0.15027,42.23985],[0.14812,42.23702],[0.14794,42.23564],[0.14518,42.23566],[0.14398,42.23468],[0.13961,42.23346],[0.13955,42.23196],[0.14216,42.22657],[0.14192,42.22385],[0.13468,42.214],[0.13316,42.21275],[0.1335,42.21123],[0.13473,42.2097],[0.13525,42.20668],[0.13149,42.20444],[0.12944,42.20237],[0.12857,42.20207],[0.12719,42.19989],[0.12515,42.19836],[0.1244,42.197],[0.12427,42.19359],[0.12165,42.19374],[0.11979,42.1945],[0.11492,42.19087],[0.10899,42.18835],[0.10773,42.18961],[0.10223,42.19004],[0.09792,42.19349],[0.09842,42.19493],[0.09953,42.19606],[0.10047,42.19826],[0.1017,42.19912],[0.10232,42.20058],[0.10213,42.20147],[0.10388,42.20275],[0.1065,42.20576],[0.10509,42.20874],[0.1051,42.21007],[0.10429,42.21123],[0.10242,42.21265],[0.10151,42.21391],[0.09828,42.21611],[0.09424,42.21662],[0.08774,42.21826],[0.08807,42.21329],[0.08502,42.21212],[0.08341,42.20798],[0.06982,42.20619],[0.06184,42.21411],[0.05718,42.21593],[0.05471,42.21647],[0.05184,42.21647],[0.04663,42.21703],[0.04297,42.21873],[0.04115,42.21794],[0.04077,42.2168],[0.03896,42.21739],[0.03823,42.2163],[0.03648,42.21614],[0.03531,42.21672],[0.03349,42.21465],[0.03141,42.21564],[0.02827,42.21532],[0.02483,42.21581],[0.02343,42.21667],[0.02423,42.21788],[0.0232,42.21852],[0.02152,42.21822],[0.01999,42.22101],[0.01827,42.22224],[0.01588,42.22332],[0.01302,42.22248],[0.01214,42.22301],[0.01082,42.22236],[0.01012,42.22386],[0.00698,42.22318],[0.00595,42.2261],[0.00295,42.22775],[0.00275,42.22908],[0.00063,42.22959],[-0.00019,42.23091],[-0.00111,42.23084],[-0.00317,42.23195],[-0.0037,42.23298],[-0.00538,42.23291],[-0.00515,42.23501],[-0.00697,42.23577],[-0.00779,42.23695],[-0.00882,42.24046],[-0.00895,42.24242],[-0.00763,42.24697],[-0.00091,42.24952],[0.00398,42.25094],[0.00853,42.25365],[0.0095,42.25487],[0.005,42.26155],[0.00032,42.26206],[-0.00356,42.26202],[-0.00699,42.2628],[-0.0109,42.26318],[-0.01371,42.26292],[-0.01646,42.26308],[-0.02128,42.26255],[-0.02358,42.26493],[-0.03093,42.26492],[-0.03834,42.2644],[-0.03739,42.26565],[-0.03859,42.26999],[-0.03685,42.27142],[-0.03695,42.27307],[-0.03414,42.27536],[-0.0329,42.27824],[-0.02996,42.27959],[-0.03053,42.28007],[-0.03358,42.28086],[-0.03411,42.2825],[-0.04052,42.28387],[-0.04184,42.28523],[-0.04246,42.28694],[-0.0424,42.28828],[-0.04138,42.2904],[-0.04245,42.29185],[-0.04171,42.29366],[-0.04107,42.29695],[-0.04164,42.29782],[-0.04144,42.30033],[-0.04019,42.30295],[-0.04054,42.30498],[-0.03929,42.30807],[-0.03586,42.31157],[-0.03689,42.31531],[-0.0398,42.31774],[-0.04187,42.31997],[-0.04447,42.32166],[-0.04683,42.32432],[-0.0506,42.32982],[-0.05483,42.33057],[-0.05826,42.33026],[-0.05943,42.33049],[-0.05713,42.33196],[-0.0559,42.33384],[-0.05565,42.33597],[-0.05689,42.33717],[-0.05683,42.33804],[-0.05547,42.33849],[-0.05502,42.33931],[-0.05561,42.34183],[-0.05715,42.34398],[-0.05712,42.34544],[-0.058,42.34825],[-0.05667,42.34816],[-0.05206,42.34996],[-0.04821,42.354],[-0.05191,42.35412],[-0.05542,42.35482],[-0.06005,42.35918],[-0.062,42.36056],[-0.06661,42.35717],[-0.07212,42.35511],[-0.07608,42.35308],[-0.08358,42.34619],[-0.07912,42.33967],[-0.08342,42.33295],[-0.08776,42.33164],[-0.09002,42.33348],[-0.09329,42.3355],[-0.09954,42.33306],[-0.11019,42.32538],[-0.11833,42.32042],[-0.12691,42.31671],[-0.13107,42.31548],[-0.1348,42.30978],[-0.13678,42.30757],[-0.15755,42.29859],[-0.16124,42.29401],[-0.16144,42.29282],[-0.1637,42.29162],[-0.16346,42.28799],[-0.16371,42.28726],[-0.1543,42.27921],[-0.15398,42.27821],[-0.15209,42.27739],[-0.15424,42.27522],[-0.15758,42.27356],[-0.16137,42.27287],[-0.16455,42.27456],[-0.17062,42.27643],[-0.17473,42.2767],[-0.17835,42.27776],[-0.18267,42.27964],[-0.18715,42.28223],[-0.18747,42.28195],[-0.19046,42.28319],[-0.19205,42.28278],[-0.19337,42.28155],[-0.19527,42.28243],[-0.19769,42.28413],[-0.1999,42.2838],[-0.20139,42.28463],[-0.2038,42.28471],[-0.21023,42.28853],[-0.21382,42.28965],[-0.21798,42.29026],[-0.22333,42.28945],[-0.22536,42.2899],[-0.23575,42.28634],[-0.23877,42.28671],[-0.23974,42.286],[-0.24237,42.28113],[-0.24506,42.28164],[-0.24774,42.28347],[-0.25051,42.28464],[-0.25328,42.28408],[-0.2563,42.27347],[-0.25822,42.2705],[-0.2619,42.2669],[-0.26352,42.26877],[-0.26628,42.27021],[-0.27042,42.26669],[-0.27363,42.26472],[-0.27399,42.26386],[-0.27305,42.26253],[-0.27244,42.25975],[-0.27309,42.25403],[-0.2728,42.25295],[-0.2708,42.24882],[-0.26705,42.24425],[-0.26676,42.24167],[-0.2658,42.23998],[-0.26603,42.23741],[-0.26696,42.23493],[-0.26396,42.23233],[-0.2638,42.23043],[-0.25705,42.22892],[-0.25157,42.22832],[-0.25049,42.22847],[-0.24767,42.22732],[-0.24303,42.22821],[-0.23995,42.22847],[-0.2345,42.22696],[-0.22905,42.22648],[-0.22411,42.22568],[-0.22301,42.22977],[-0.22163,42.23212],[-0.22125,42.23022],[-0.21628,42.22672],[-0.2146,42.22436],[-0.21112,42.22167],[-0.20889,42.22028],[-0.20196,42.21735],[-0.1968,42.21373],[-0.19284,42.20906],[-0.19161,42.20805],[-0.18496,42.20519],[-0.19001,42.19606],[-0.19148,42.19466],[-0.19261,42.195],[-0.19435,42.19071],[-0.19574,42.18997],[-0.19925,42.18904],[-0.20147,42.18759],[-0.20331,42.18578],[-0.20478,42.18376],[-0.20435,42.18206],[-0.20606,42.18062],[-0.21047,42.18114],[-0.2108,42.18336],[-0.21894,42.18402],[-0.21965,42.18326],[-0.23233,42.18074],[-0.23394,42.17843],[-0.23819,42.17851],[-0.24266,42.17991],[-0.25003,42.18111],[-0.2525,42.17946],[-0.25327,42.17791],[-0.25853,42.17552],[-0.26051,42.17399],[-0.25958,42.17018],[-0.26121,42.16749],[-0.26309,42.16578],[-0.26504,42.16655],[-0.2728,42.16671],[-0.2794,42.16641],[-0.28263,42.15726],[-0.28249,42.15158],[-0.28409,42.14357],[-0.28862,42.1427],[-0.29793,42.1415],[-0.31088,42.14066],[-0.31117,42.13507],[-0.30865,42.1336],[-0.30999,42.13184],[-0.31657,42.12983],[-0.32491,42.1242],[-0.32703,42.12219],[-0.32745,42.12096],[-0.33341,42.12154],[-0.33403,42.12069],[-0.33343,42.11913],[-0.32545,42.11794],[-0.32019,42.11643],[-0.3194,42.11081],[-0.3282,42.10641],[-0.32683,42.10036],[-0.3244,42.09231],[-0.32452,42.09157],[-0.32334,42.08952],[-0.32501,42.0894],[-0.32452,42.0882],[-0.32612,42.08746],[-0.32749,42.08524],[-0.32865,42.08462],[-0.32713,42.08059],[-0.32775,42.07832],[-0.32804,42.07275],[-0.32004,42.06654],[-0.31127,42.05844],[-0.31083,42.0555],[-0.30823,42.05225],[-0.30804,42.04968],[-0.30618,42.04885],[-0.30442,42.04445],[-0.30243,42.0429],[-0.30163,42.04163],[-0.30001,42.04049],[-0.2976,42.04222],[-0.2951,42.04213],[-0.29376,42.04172],[-0.28448,42.04191],[-0.28354,42.04169],[-0.28085,42.04214],[-0.27915,42.04287],[-0.27751,42.0444],[-0.2768,42.0445],[-0.26662,42.04139],[-0.25528,42.03937],[-0.24935,42.04011],[-0.2357,42.04026],[-0.22402,42.03399],[-0.21046,42.02746],[-0.20869,42.02538],[-0.20795,42.02108],[-0.20594,42.01635],[-0.20408,42.01453],[-0.20286,42.01043],[-0.19612,42.00113],[-0.19004,41.99704],[-0.1898,41.99474],[-0.18899,41.99253],[-0.18654,41.98985],[-0.1809,41.98821],[-0.17582,41.98566],[-0.1705,41.98491],[-0.16861,41.98151],[-0.16588,41.98213],[-0.16061,41.98435],[-0.15234,41.98578],[-0.14579,41.98761],[-0.14297,41.98808],[-0.13729,41.98835],[-0.13086,41.98732],[-0.12128,41.98752],[-0.12093,41.98507],[-0.12318,41.98391],[-0.12126,41.97744],[-0.12111,41.97319],[-0.11788,41.97128],[-0.11989,41.96776],[-0.12376,41.96405],[-0.12639,41.96232],[-0.12712,41.96142],[-0.12938,41.9608],[-0.13061,41.95636],[-0.12816,41.95341],[-0.12741,41.95134],[-0.12621,41.94999],[-0.12247,41.94834],[-0.12141,41.94164],[-0.11918,41.94006],[-0.11886,41.93946],[-0.11969,41.93721],[-0.11981,41.93548],[-0.12252,41.93425],[-0.12375,41.93297],[-0.12269,41.93119],[-0.12103,41.93094],[-0.12094,41.92968],[-0.12155,41.92901],[-0.12347,41.92869],[-0.12493,41.92791],[-0.12643,41.92294],[-0.12622,41.92182],[-0.12408,41.92044],[-0.1227,41.91893],[-0.12385,41.91546],[-0.12549,41.91389],[-0.1252,41.91245],[-0.12315,41.91084],[-0.11894,41.90495],[-0.11734,41.90404],[-0.11469,41.90174],[-0.11184,41.90051],[-0.11185,41.89945],[-0.11469,41.89699],[-0.11459,41.8955],[-0.11337,41.89426],[-0.11222,41.89389],[-0.11063,41.89442],[-0.10964,41.89421],[-0.11011,41.89246],[-0.11182,41.89092],[-0.11171,41.88916],[-0.11464,41.88667],[-0.11548,41.88632],[-0.10953,41.88216],[-0.1034,41.88093],[-0.09345,41.87725],[-0.08989,41.8768],[-0.08445,41.8771],[-0.07976,41.87615],[-0.07199,41.87287],[-0.06463,41.86818],[-0.05955,41.86394],[-0.06115,41.86342],[-0.06185,41.8601],[-0.06289,41.85855],[-0.06145,41.85707],[-0.05882,41.85831],[-0.0548,41.86172],[-0.05164,41.86033],[-0.05196,41.85864],[-0.05137,41.85417],[-0.05046,41.85369],[-0.05022,41.85222],[-0.05188,41.85269],[-0.05278,41.84967],[-0.0531,41.84677],[-0.05194,41.8459],[-0.04735,41.8436],[-0.04617,41.84237],[-0.04171,41.84061],[-0.03629,41.83656],[-0.03441,41.83623],[-0.03347,41.8345],[-0.03101,41.8345],[-0.03041,41.8335],[-0.03105,41.83221],[-0.03081,41.83081],[-0.03397,41.82952],[-0.03792,41.82547],[-0.03741,41.82336],[-0.03682,41.82248],[-0.03762,41.82138],[-0.03704,41.81986],[-0.03792,41.819],[-0.03678,41.81784],[-0.03673,41.81622],[-0.03072,41.81726],[-0.02186,41.81712],[-0.01461,41.81649],[-0.01259,41.81894],[-0.01002,41.81974],[-0.00863,41.82297],[-0.00351,41.82269],[0.00006,41.82523],[0.00126,41.82657],[0.00245,41.82871],[0.00513,41.83176],[0.006,41.83134],[0.00768,41.83212],[0.01028,41.83123],[0.01079,41.83224],[0.01311,41.83329],[0.01688,41.83037],[0.02637,41.83076],[0.03457,41.83595],[0.02401,41.84768],[0.02858,41.85018],[0.02969,41.84986],[0.03205,41.85155],[0.0322,41.85271],[0.0314,41.85526],[0.03156,41.85742],[0.02706,41.86079],[0.02649,41.8646]]]},"properties":{"idApp":922009,"aopId":"somontano","name":"Somontano","nameJa":"ソモンターノ","kind":"regional","tags":["do"],"rank":0},"bbox":[-0.33403,41.81622,0.51572,42.36056]},{"type":"Feature","geometry":{"type":"Polygon","coordinates":[[[-1.34483,41.33068],[-1.34998,41.33129],[-1.35309,41.33137],[-1.35646,41.33239],[-1.35994,41.33292],[-1.36088,41.3328],[-1.3661,41.32653],[-1.36869,41.32537],[-1.3697,41.32427],[-1.37394,41.32245],[-1.37622,41.32246],[-1.38174,41.32082],[-1.38399,41.31894],[-1.38924,41.31764],[-1.39292,41.3157],[-1.40015,41.31303],[-1.40171,41.31356],[-1.40728,41.31655],[-1.40953,41.31492],[-1.41241,41.31566],[-1.41527,41.31525],[-1.4194,41.31552],[-1.42292,41.318],[-1.42475,41.31895],[-1.42349,41.32088],[-1.4242,41.32476],[-1.42563,41.32607],[-1.42673,41.32835],[-1.42604,41.32977],[-1.4277,41.33208],[-1.43025,41.3335],[-1.43115,41.33437],[-1.43387,41.33559],[-1.43692,41.33938],[-1.43503,41.34121],[-1.43739,41.3425],[-1.44185,41.3497],[-1.44319,41.35274],[-1.443,41.35556],[-1.44357,41.35649],[-1.44766,41.35976],[-1.45601,41.36308],[-1.43567,41.38857],[-1.43968,41.39609],[-1.44418,41.39848],[-1.44795,41.39925],[-1.45075,41.40201],[-1.45431,41.40428],[-1.45443,41.40522],[-1.45796,41.40819],[-1.46816,41.41423],[-1.46757,41.41552],[-1.47242,41.41839],[-1.47408,41.41973],[-1.47608,41.42358],[-1.47541,41.42529],[-1.47838,41.4289],[-1.47978,41.42837],[-1.48105,41.42864],[-1.48135,41.43022],[-1.48515,41.43109],[-1.48743,41.43535],[-1.48963,41.43764],[-1.49289,41.43987],[-1.49297,41.44107],[-1.49536,41.44124],[-1.49581,41.44318],[-1.49654,41.4439],[-1.49614,41.4449],[-1.49806,41.44631],[-1.49877,41.44912],[-1.50257,41.45029],[-1.50557,41.45338],[-1.5089,41.45542],[-1.50886,41.45742],[-1.50977,41.45909],[-1.51412,41.45924],[-1.51711,41.45916],[-1.51754,41.45844],[-1.51774,41.45625],[-1.51894,41.45441],[-1.52751,41.44674],[-1.5272,41.44514],[-1.52831,41.44417],[-1.52836,41.44312],[-1.53022,41.44283],[-1.53173,41.44066],[-1.53157,41.43824],[-1.53113,41.43679],[-1.52463,41.43193],[-1.52217,41.42907],[-1.52126,41.42622],[-1.52481,41.42107],[-1.52826,41.41954],[-1.52967,41.41814],[-1.52758,41.41698],[-1.52683,41.41495],[-1.52749,41.41332],[-1.53175,41.4117],[-1.53958,41.40582],[-1.54213,41.40346],[-1.54406,41.40254],[-1.54648,41.40054],[-1.54812,41.39857],[-1.54853,41.39563],[-1.55216,41.39619],[-1.55393,41.3961],[-1.56152,41.3987],[-1.56292,41.40103],[-1.56467,41.40195],[-1.56542,41.4034],[-1.56736,41.40551],[-1.56868,41.40838],[-1.56912,41.41039],[-1.57209,41.41073],[-1.57485,41.4223],[-1.57536,41.4274],[-1.5819,41.43009],[-1.58207,41.43191],[-1.58341,41.43338],[-1.5825,41.43504],[-1.58453,41.43651],[-1.58645,41.4364],[-1.58753,41.43734],[-1.5886,41.43962],[-1.5895,41.44072],[-1.58913,41.44198],[-1.59106,41.44254],[-1.59085,41.44414],[-1.59129,41.44571],[-1.59421,41.44666],[-1.59469,41.44778],[-1.59706,41.44924],[-1.59627,41.45001],[-1.59695,41.45121],[-1.5992,41.45176],[-1.59807,41.4537],[-1.59563,41.45451],[-1.5961,41.45596],[-1.59751,41.45722],[-1.59845,41.45663],[-1.60139,41.45612],[-1.60665,41.45427],[-1.60823,41.45594],[-1.60972,41.45537],[-1.61466,41.45519],[-1.61584,41.4555],[-1.6196,41.45793],[-1.62162,41.45831],[-1.62244,41.45763],[-1.62917,41.45604],[-1.63043,41.45613],[-1.6309,41.45373],[-1.63504,41.45151],[-1.63459,41.44807],[-1.63534,41.44647],[-1.63729,41.4445],[-1.63819,41.4412],[-1.63986,41.44217],[-1.64251,41.44519],[-1.64408,41.44886],[-1.64642,41.45149],[-1.64766,41.45344],[-1.65058,41.45476],[-1.65123,41.45622],[-1.65326,41.45715],[-1.65732,41.45737],[-1.66203,41.45825],[-1.66388,41.4594],[-1.66582,41.45943],[-1.66825,41.46171],[-1.66798,41.46355],[-1.66688,41.46546],[-1.66753,41.46822],[-1.66849,41.46976],[-1.66882,41.47185],[-1.66654,41.47356],[-1.66681,41.47428],[-1.66848,41.47496],[-1.66938,41.47678],[-1.67126,41.47776],[-1.67358,41.47844],[-1.67502,41.47934],[-1.6762,41.48109],[-1.6751,41.48242],[-1.67484,41.4856],[-1.67636,41.48704],[-1.67449,41.4899],[-1.6783,41.49504],[-1.67893,41.49862],[-1.68009,41.50075],[-1.67955,41.50392],[-1.67991,41.50508],[-1.67854,41.50807],[-1.67782,41.51173],[-1.67718,41.51296],[-1.68079,41.51419],[-1.68215,41.51513],[-1.68494,41.51823],[-1.68614,41.52035],[-1.69276,41.52393],[-1.6941,41.52504],[-1.69693,41.53041],[-1.69893,41.53179],[-1.69983,41.53382],[-1.71012,41.53411],[-1.71092,41.53378],[-1.71405,41.53011],[-1.71936,41.52772],[-1.72019,41.52777],[-1.72286,41.52694],[-1.72737,41.52943],[-1.73047,41.52897],[-1.73351,41.53217],[-1.73377,41.53313],[-1.73328,41.53533],[-1.73532,41.54029],[-1.73713,41.54168],[-1.73995,41.54122],[-1.74808,41.54488],[-1.74915,41.54409],[-1.75086,41.54456],[-1.75427,41.54474],[-1.75726,41.54601],[-1.75936,41.54763],[-1.7627,41.54919],[-1.76547,41.54909],[-1.76646,41.54818],[-1.77013,41.54703],[-1.77452,41.54494],[-1.77438,41.54325],[-1.77733,41.54241],[-1.78283,41.53972],[-1.78511,41.53932],[-1.78803,41.53932],[-1.79431,41.53997],[-1.79746,41.53939],[-1.79977,41.53988],[-1.79994,41.54263],[-1.80064,41.54378],[-1.80143,41.54675],[-1.80285,41.54944],[-1.8042,41.55054],[-1.80699,41.55186],[-1.81129,41.5529],[-1.81369,41.55294],[-1.81623,41.552],[-1.81782,41.55217],[-1.8202,41.554],[-1.82617,41.55502],[-1.82833,41.55674],[-1.8323,41.55893],[-1.83517,41.55826],[-1.83759,41.55672],[-1.842,41.55632],[-1.84886,41.5541],[-1.85509,41.55151],[-1.85897,41.54917],[-1.86108,41.54644],[-1.86221,41.54356],[-1.86433,41.54255],[-1.86494,41.5407],[-1.86653,41.53981],[-1.86564,41.53823],[-1.86518,41.53627],[-1.86292,41.53532],[-1.86001,41.53313],[-1.86024,41.53228],[-1.85418,41.5271],[-1.85188,41.52468],[-1.8587,41.51666],[-1.86161,41.51138],[-1.86467,41.51226],[-1.86548,41.5135],[-1.8723,41.51437],[-1.87287,41.51401],[-1.87441,41.51112],[-1.87791,41.51067],[-1.87893,41.50865],[-1.88113,41.50775],[-1.88356,41.50852],[-1.8867,41.50828],[-1.89823,41.50874],[-1.89933,41.50916],[-1.90532,41.50981],[-1.91263,41.50338],[-1.92282,41.5008],[-1.92573,41.49849],[-1.92964,41.49697],[-1.93164,41.49554],[-1.94244,41.49197],[-1.9456,41.49057],[-1.9483,41.49033],[-1.95359,41.48812],[-1.95774,41.48803],[-1.95975,41.48656],[-1.96521,41.48465],[-1.96997,41.48145],[-1.96663,41.47894],[-1.96505,41.47679],[-1.95723,41.46819],[-1.95667,41.46655],[-1.95327,41.46245],[-1.95217,41.45963],[-1.9515,41.45604],[-1.95295,41.45174],[-1.95222,41.44948],[-1.9524,41.44551],[-1.94881,41.43579],[-1.94901,41.43338],[-1.94948,41.43269],[-1.94873,41.42964],[-1.95089,41.42658],[-1.95368,41.42427],[-1.95249,41.42314],[-1.94719,41.42104],[-1.94229,41.41986],[-1.93652,41.4199],[-1.93944,41.41865],[-1.93992,41.41701],[-1.93867,41.41374],[-1.93903,41.41248],[-1.93716,41.4113],[-1.93817,41.4094],[-1.93729,41.40786],[-1.93865,41.40654],[-1.93803,41.40522],[-1.93897,41.40368],[-1.9377,41.40179],[-1.93804,41.40012],[-1.93569,41.39968],[-1.93752,41.39811],[-1.93655,41.39656],[-1.93709,41.3952],[-1.93486,41.39409],[-1.93571,41.39204],[-1.93542,41.39114],[-1.92882,41.38686],[-1.92998,41.38324],[-1.92818,41.38327],[-1.9274,41.38228],[-1.92448,41.38312],[-1.92326,41.38083],[-1.91997,41.38024],[-1.91997,41.37936],[-1.9214,41.37883],[-1.92558,41.37531],[-1.92648,41.37133],[-1.92825,41.3681],[-1.9281,41.36723],[-1.93182,41.36499],[-1.9322,41.36306],[-1.9367,41.3605],[-1.93578,41.35813],[-1.93424,41.35622],[-1.94038,41.35891],[-1.94421,41.35907],[-1.94296,41.35527],[-1.94158,41.35331],[-1.9418,41.35124],[-1.94049,41.34991],[-1.9506,41.34582],[-1.95776,41.34193],[-1.96285,41.33981],[-1.96755,41.33934],[-1.97093,41.34006],[-1.97457,41.3398],[-1.98233,41.33849],[-1.99174,41.34393],[-1.99454,41.34854],[-1.99978,41.35453],[-2.00776,41.36],[-2.00952,41.36239],[-2.01461,41.36484],[-2.01398,41.3695],[-2.01314,41.37052],[-2.01476,41.37152],[-2.01536,41.37428],[-2.01821,41.37501],[-2.0282,41.3815],[-2.02511,41.3838],[-2.02927,41.38416],[-2.03203,41.38684],[-2.03419,41.38635],[-2.03858,41.38111],[-2.03887,41.38028],[-2.04182,41.3804],[-2.04457,41.3814],[-2.04652,41.38314],[-2.05234,41.38551],[-2.05664,41.38457],[-2.05911,41.38435],[-2.06194,41.38498],[-2.0634,41.38448],[-2.06568,41.38436],[-2.0672,41.38393],[-2.06749,41.38279],[-2.08672,41.37688],[-2.09767,41.37834],[-2.09822,41.37538],[-2.09906,41.37339],[-2.09703,41.36518],[-2.09607,41.35372],[-2.10431,41.34868],[-2.10349,41.34651],[-2.10358,41.3431],[-2.10316,41.34159],[-2.10373,41.33999],[-2.10374,41.33771],[-2.10117,41.33113],[-2.10084,41.32912],[-2.09901,41.32487],[-2.09864,41.32288],[-2.09755,41.32061],[-2.09517,41.30928],[-2.09515,41.30755],[-2.09601,41.30439],[-2.09665,41.29935],[-2.09232,41.29988],[-2.08584,41.29911],[-2.08459,41.29932],[-2.07811,41.29398],[-2.0702,41.28205],[-2.07013,41.27521],[-2.06722,41.26944],[-2.06593,41.26739],[-2.06255,41.26508],[-2.05885,41.26176],[-2.05791,41.26044],[-2.0579,41.2562],[-2.05746,41.25486],[-2.05507,41.25609],[-2.05223,41.25695],[-2.03902,41.25883],[-2.03614,41.25732],[-2.03176,41.25606],[-2.02581,41.25484],[-2.0185,41.25235],[-2.01517,41.2504],[-2.01336,41.24779],[-2.01558,41.24569],[-2.01703,41.24327],[-2.01726,41.2388],[-2.01582,41.23492],[-2.01437,41.23217],[-2.00902,41.22651],[-2.00403,41.22049],[-2.00227,41.21905],[-1.99912,41.21496],[-1.99061,41.21453],[-1.97884,41.21299],[-1.9755,41.21222],[-1.97141,41.21194],[-1.96327,41.21373],[-1.96119,41.21391],[-1.95817,41.21524],[-1.95126,41.21725],[-1.94863,41.21455],[-1.94481,41.21138],[-1.9426,41.20782],[-1.93876,41.19735],[-1.93755,41.19108],[-1.93776,41.19049],[-1.93668,41.18885],[-1.9324,41.18522],[-1.92784,41.1834],[-1.92621,41.18416],[-1.92158,41.18341],[-1.92032,41.18286],[-1.91112,41.18049],[-1.90578,41.17753],[-1.90042,41.16952],[-1.89973,41.16712],[-1.88572,41.14553],[-1.88212,41.14585],[-1.87745,41.1497],[-1.87338,41.15118],[-1.86874,41.1541],[-1.85888,41.15769],[-1.85613,41.15943],[-1.85564,41.16087],[-1.8543,41.16254],[-1.85314,41.16335],[-1.8489,41.16291],[-1.84541,41.16391],[-1.83994,41.16367],[-1.83681,41.16449],[-1.83513,41.16425],[-1.83122,41.16477],[-1.82911,41.16407],[-1.82451,41.16445],[-1.82166,41.16501],[-1.8208,41.16232],[-1.82112,41.15717],[-1.81925,41.1545],[-1.82146,41.15398],[-1.82102,41.15322],[-1.82269,41.15105],[-1.81872,41.14466],[-1.81524,41.13735],[-1.81426,41.1363],[-1.81005,41.13366],[-1.80865,41.12938],[-1.8076,41.11956],[-1.80967,41.11571],[-1.80747,41.11352],[-1.79211,41.1162],[-1.78667,41.11834],[-1.78119,41.11849],[-1.77957,41.11903],[-1.77609,41.11956],[-1.764,41.12223],[-1.74556,41.12522],[-1.74353,41.12215],[-1.74256,41.11932],[-1.74403,41.11306],[-1.74431,41.10918],[-1.7466,41.10482],[-1.74653,41.1037],[-1.74555,41.10148],[-1.73948,41.09348],[-1.73873,41.09096],[-1.73811,41.09029],[-1.73831,41.08839],[-1.73695,41.08605],[-1.73496,41.08451],[-1.735,41.08336],[-1.73393,41.082],[-1.73246,41.08396],[-1.7291,41.08627],[-1.72892,41.0869],[-1.72724,41.08786],[-1.72627,41.09048],[-1.72477,41.09192],[-1.72375,41.09382],[-1.72242,41.09372],[-1.72,41.09432],[-1.71725,41.09803],[-1.69128,41.10426],[-1.65516,41.11664],[-1.65419,41.11756],[-1.65114,41.11748],[-1.64874,41.11708],[-1.64694,41.11766],[-1.64432,41.11774],[-1.63136,41.12272],[-1.61915,41.12601],[-1.61908,41.12775],[-1.61775,41.12938],[-1.61538,41.12805],[-1.61238,41.12848],[-1.61095,41.12934],[-1.60986,41.12828],[-1.6098,41.12714],[-1.60799,41.12531],[-1.60651,41.12479],[-1.60493,41.12172],[-1.60033,41.11885],[-1.59558,41.11913],[-1.58933,41.12033],[-1.58765,41.11916],[-1.5863,41.11683],[-1.58057,41.11695],[-1.57724,41.11678],[-1.57518,41.11635],[-1.5685,41.11713],[-1.56624,41.11667],[-1.56583,41.11613],[-1.566,41.11409],[-1.56336,41.11392],[-1.56062,41.1123],[-1.5602,41.11026],[-1.55945,41.1088],[-1.55219,41.09944],[-1.54661,41.10089],[-1.53918,41.10719],[-1.53833,41.10973],[-1.53855,41.11211],[-1.53823,41.11364],[-1.53542,41.11582],[-1.53516,41.11761],[-1.53019,41.12161],[-1.52852,41.12214],[-1.52448,41.12445],[-1.51778,41.12691],[-1.51486,41.12708],[-1.5125,41.12757],[-1.51644,41.12826],[-1.52082,41.12787],[-1.52628,41.12785],[-1.52703,41.12936],[-1.52867,41.13571],[-1.5283,41.13748],[-1.52754,41.15125],[-1.52676,41.15744],[-1.52535,41.16116],[-1.52725,41.1603],[-1.52889,41.1591],[-1.53031,41.15944],[-1.53436,41.16284],[-1.53487,41.1639],[-1.53729,41.166],[-1.54019,41.16797],[-1.54239,41.16885],[-1.54424,41.1705],[-1.54304,41.17363],[-1.54139,41.17551],[-1.54132,41.17784],[-1.53939,41.18045],[-1.53911,41.18145],[-1.53668,41.18344],[-1.53271,41.18425],[-1.5309,41.18503],[-1.53116,41.18651],[-1.53023,41.18877],[-1.52763,41.19173],[-1.52674,41.19376],[-1.52495,41.19398],[-1.52053,41.19757],[-1.51876,41.19852],[-1.51472,41.19994],[-1.50996,41.20248],[-1.50691,41.20271],[-1.50576,41.20447],[-1.50422,41.20592],[-1.49893,41.20889],[-1.49594,41.20635],[-1.49237,41.20526],[-1.48981,41.20313],[-1.48826,41.20259],[-1.48568,41.20264],[-1.48159,41.20418],[-1.47625,41.20473],[-1.47497,41.20364],[-1.47435,41.20183],[-1.47357,41.20133],[-1.46906,41.20034],[-1.46669,41.19944],[-1.46343,41.1978],[-1.46028,41.19662],[-1.4524,41.19239],[-1.45024,41.18718],[-1.44965,41.18786],[-1.44959,41.18962],[-1.4482,41.19532],[-1.44995,41.2053],[-1.43704,41.21923],[-1.43617,41.22133],[-1.43301,41.22575],[-1.42937,41.22945],[-1.42865,41.23104],[-1.42435,41.23625],[-1.42099,41.24124],[-1.41786,41.24303],[-1.41695,41.24421],[-1.40722,41.24616],[-1.4036,41.24821],[-1.40104,41.24775],[-1.39919,41.24578],[-1.39555,41.247],[-1.39277,41.25048],[-1.3928,41.25393],[-1.39046,41.25503],[-1.38749,41.25534],[-1.38595,41.25703],[-1.38749,41.25897],[-1.38655,41.26059],[-1.38455,41.26063],[-1.38173,41.26152],[-1.37374,41.26475],[-1.37342,41.26756],[-1.37444,41.26901],[-1.37458,41.2715],[-1.37104,41.27061],[-1.36856,41.26926],[-1.36704,41.26727],[-1.36472,41.26598],[-1.36169,41.26515],[-1.35467,41.26479],[-1.3522,41.26485],[-1.34928,41.2624],[-1.34859,41.26119],[-1.34856,41.25992],[-1.34401,41.25393],[-1.34203,41.25244],[-1.34131,41.25062],[-1.34038,41.25008],[-1.33944,41.24844],[-1.3342,41.24445],[-1.33275,41.24274],[-1.3311,41.24143],[-1.32942,41.23877],[-1.32813,41.23739],[-1.32658,41.23688],[-1.32385,41.23725],[-1.3225,41.23814],[-1.32069,41.23994],[-1.31948,41.24222],[-1.31607,41.24262],[-1.3112,41.2482],[-1.31071,41.25022],[-1.30692,41.25111],[-1.2976,41.25015],[-1.29597,41.25142],[-1.29052,41.25323],[-1.29156,41.257],[-1.29478,41.25805],[-1.29776,41.26456],[-1.30055,41.26473],[-1.30163,41.26527],[-1.30395,41.2681],[-1.306,41.26942],[-1.31342,41.2755],[-1.31349,41.27864],[-1.31091,41.27982],[-1.31506,41.28453],[-1.3166,41.28715],[-1.31972,41.28966],[-1.31994,41.29093],[-1.31964,41.29346],[-1.31812,41.29624],[-1.31862,41.29789],[-1.32012,41.30035],[-1.32177,41.29989],[-1.32408,41.30035],[-1.32687,41.2988],[-1.33255,41.29954],[-1.33342,41.29911],[-1.33622,41.30158],[-1.33617,41.30423],[-1.3386,41.3082],[-1.33901,41.31089],[-1.34051,41.31311],[-1.34032,41.31631],[-1.33957,41.31768],[-1.34164,41.32162],[-1.34116,41.32417],[-1.34211,41.328],[-1.34483,41.33068]],[[-1.92698,41.2364],[-1.92747,41.23428],[-1.92879,41.2344],[-1.93039,41.23529],[-1.93173,41.23669],[-1.93206,41.23822],[-1.93452,41.24033],[-1.93657,41.24126],[-1.93675,41.24202],[-1.93819,41.243],[-1.93941,41.24587],[-1.94018,41.24628],[-1.94126,41.24807],[-1.94397,41.25013],[-1.94379,41.25138],[-1.94184,41.25283],[-1.94241,41.25547],[-1.94085,41.25742],[-1.94106,41.25962],[-1.93922,41.27829],[-1.93554,41.29632],[-1.93534,41.30044],[-1.934,41.30719],[-1.92345,41.32554],[-1.92127,41.32869],[-1.91814,41.32743],[-1.91988,41.32552],[-1.92069,41.32362],[-1.92062,41.32175],[-1.91557,41.31746],[-1.91297,41.31374],[-1.91023,41.31129],[-1.90714,41.30769],[-1.91135,41.29597],[-1.91825,41.29433],[-1.91764,41.29546],[-1.91959,41.29557],[-1.9232,41.29314],[-1.92538,41.29115],[-1.9251,41.28879],[-1.92635,41.27454],[-1.92572,41.27081],[-1.926,41.26943],[-1.92246,41.26498],[-1.92347,41.26136],[-1.91894,41.25454],[-1.91622,41.25345],[-1.91576,41.25222],[-1.91301,41.25067],[-1.91754,41.24809],[-1.91941,41.24621],[-1.92686,41.24242],[-1.92771,41.24112],[-1.92651,41.23908],[-1.92733,41.23735],[-1.92698,41.2364]]]},"properties":{"idApp":922007,"aopId":"calatayud","name":"Calatayud","nameJa":"カラタユド","kind":"regional","tags":["do"],"rank":0},"bbox":[-2.10431,41.082,-1.29052,41.55893]},{"type":"Feature","geometry":{"type":"Polygon","coordinates":[[[-1.29156,41.257],[-1.29039,41.25814],[-1.28976,41.25967],[-1.28838,41.26035],[-1.28673,41.25929],[-1.28327,41.25944],[-1.28127,41.25814],[-1.28056,41.25669],[-1.27833,41.25554],[-1.27351,41.25192],[-1.26926,41.25153],[-1.25808,41.24858],[-1.25702,41.24683],[-1.25807,41.24499],[-1.257,41.24143],[-1.25561,41.24057],[-1.25445,41.23835],[-1.25326,41.23741],[-1.25361,41.23601],[-1.251,41.23091],[-1.24463,41.23406],[-1.24277,41.236],[-1.24254,41.2371],[-1.24132,41.2378],[-1.23921,41.23987],[-1.23732,41.24102],[-1.2372,41.24351],[-1.23793,41.24671],[-1.23738,41.24741],[-1.23777,41.24888],[-1.23519,41.25061],[-1.2318,41.25137],[-1.22952,41.25086],[-1.2274,41.24712],[-1.22443,41.24422],[-1.22277,41.244],[-1.2203,41.24467],[-1.21883,41.2436],[-1.2175,41.24431],[-1.21286,41.24338],[-1.21245,41.24398],[-1.20905,41.24574],[-1.20585,41.24312],[-1.19977,41.24229],[-1.19824,41.24118],[-1.1966,41.24147],[-1.19423,41.23816],[-1.19385,41.23695],[-1.19419,41.23405],[-1.19263,41.2299],[-1.19037,41.2277],[-1.19018,41.226],[-1.18748,41.22714],[-1.18602,41.22745],[-1.18356,41.22933],[-1.17785,41.22974],[-1.1716,41.22828],[-1.16516,41.22762],[-1.15867,41.23021],[-1.15645,41.23191],[-1.14671,41.23296],[-1.14474,41.23086],[-1.13759,41.2299],[-1.13551,41.22879],[-1.12979,41.22707],[-1.12765,41.2271],[-1.12644,41.22933],[-1.12749,41.23177],[-1.12736,41.2334],[-1.12927,41.23466],[-1.12994,41.2355],[-1.13156,41.23562],[-1.13256,41.23666],[-1.13038,41.23784],[-1.12891,41.23943],[-1.12897,41.2416],[-1.12754,41.24279],[-1.12185,41.25259],[-1.12146,41.25679],[-1.11754,41.25598],[-1.11473,41.25504],[-1.11288,41.25627],[-1.10983,41.25707],[-1.10728,41.25621],[-1.10555,41.25617],[-1.10454,41.25492],[-1.09868,41.25522],[-1.09291,41.255],[-1.09247,41.25585],[-1.08958,41.25688],[-1.08967,41.25763],[-1.08836,41.26131],[-1.08615,41.26381],[-1.07974,41.26746],[-1.07685,41.26837],[-1.07532,41.26855],[-1.07301,41.27056],[-1.07402,41.27219],[-1.07382,41.2733],[-1.07191,41.27707],[-1.0709,41.27781],[-1.06912,41.28128],[-1.0725,41.28647],[-1.08614,41.29421],[-1.08523,41.29529],[-1.08331,41.29628],[-1.0624,41.29909],[-1.05716,41.31306],[-1.05642,41.32696],[-1.05681,41.32964],[-1.0431,41.32445],[-1.03706,41.3156],[-1.02181,41.31566],[-0.98288,41.31506],[-0.97625,41.32222],[-0.981,41.3281],[-0.97887,41.33223],[-0.97967,41.33352],[-0.98009,41.33525],[-0.98357,41.33844],[-0.984,41.34073],[-0.98818,41.34514],[-0.97763,41.35246],[-0.97325,41.35278],[-0.96464,41.362],[-0.96412,41.36447],[-0.96021,41.36984],[-0.95654,41.38074],[-0.95816,41.38332],[-0.95942,41.39053],[-0.96311,41.39173],[-0.98292,41.40193],[-0.99407,41.40289],[-0.99367,41.40396],[-0.99545,41.40534],[-0.99973,41.40672],[-1.00438,41.40886],[-1.00648,41.41172],[-1.00814,41.41195],[-1.01169,41.4151],[-1.01822,41.4166],[-1.02109,41.41822],[-1.02254,41.41989],[-1.02414,41.42054],[-1.02461,41.42712],[-1.02559,41.43232],[-1.02571,41.43723],[-1.02774,41.44055],[-1.02992,41.45056],[-1.03132,41.45153],[-1.03338,41.452],[-1.03617,41.45485],[-1.03635,41.45621],[-1.03795,41.45649],[-1.03823,41.45835],[-1.03956,41.45944],[-1.04017,41.45844],[-1.03968,41.45671],[-1.04305,41.45792],[-1.04337,41.45917],[-1.04454,41.46032],[-1.04618,41.46069],[-1.04923,41.46021],[-1.04941,41.46259],[-1.05058,41.46448],[-1.05226,41.46573],[-1.05676,41.4681],[-1.06289,41.47343],[-1.06477,41.47418],[-1.06817,41.47845],[-1.06943,41.47945],[-1.07185,41.48022],[-1.073,41.47968],[-1.0738,41.48066],[-1.07713,41.47988],[-1.07815,41.48044],[-1.08068,41.48076],[-1.08464,41.48302],[-1.08907,41.48433],[-1.09425,41.48712],[-1.10365,41.49378],[-1.10754,41.49788],[-1.11464,41.50423],[-1.11668,41.505],[-1.11901,41.50517],[-1.12049,41.50592],[-1.12012,41.50751],[-1.12124,41.50886],[-1.12284,41.5118],[-1.12817,41.51667],[-1.12928,41.52022],[-1.12902,41.52222],[-1.12988,41.5236],[-1.13421,41.52497],[-1.15366,41.52429],[-1.16031,41.52451],[-1.16482,41.52504],[-1.16926,41.52445],[-1.18513,41.5164],[-1.1882,41.51395],[-1.19023,41.51147],[-1.1919,41.50847],[-1.19203,41.50659],[-1.19129,41.50541],[-1.19092,41.50314],[-1.19267,41.50162],[-1.19288,41.49969],[-1.19657,41.50223],[-1.19973,41.50557],[-1.20362,41.50763],[-1.20672,41.50979],[-1.20945,41.51194],[-1.21121,41.51406],[-1.21704,41.51684],[-1.2224,41.51628],[-1.22975,41.51613],[-1.236,41.51679],[-1.23877,41.51665],[-1.24378,41.5176],[-1.24949,41.51635],[-1.25474,41.51413],[-1.25915,41.51146],[-1.27221,41.50245],[-1.27751,41.49951],[-1.27974,41.49688],[-1.28044,41.49433],[-1.28199,41.49096],[-1.28565,41.48552],[-1.29033,41.47728],[-1.29318,41.47381],[-1.30124,41.46218],[-1.30264,41.46076],[-1.3057,41.46165],[-1.30912,41.46105],[-1.31905,41.46015],[-1.3368,41.45803],[-1.33872,41.45655],[-1.34171,41.45343],[-1.34188,41.45145],[-1.34611,41.44621],[-1.34935,41.43992],[-1.35019,41.43566],[-1.35398,41.43782],[-1.35803,41.44155],[-1.3616,41.44291],[-1.36392,41.44204],[-1.36568,41.44186],[-1.37324,41.44312],[-1.37925,41.4446],[-1.38087,41.44356],[-1.38312,41.43823],[-1.38433,41.43818],[-1.3871,41.43933],[-1.39168,41.43946],[-1.4001,41.43789],[-1.40302,41.43687],[-1.40715,41.43475],[-1.41045,41.43127],[-1.41551,41.42985],[-1.41673,41.4268],[-1.41857,41.42443],[-1.41318,41.41795],[-1.41105,41.41734],[-1.41327,41.41476],[-1.41253,41.41292],[-1.41291,41.41103],[-1.41079,41.40977],[-1.41162,41.40802],[-1.4108,41.40436],[-1.41174,41.40261],[-1.4107,41.40067],[-1.41139,41.39891],[-1.408,41.39788],[-1.40667,41.39503],[-1.40586,41.39413],[-1.40003,41.39209],[-1.39852,41.38922],[-1.40121,41.38609],[-1.39792,41.38179],[-1.39905,41.37971],[-1.39781,41.37683],[-1.39489,41.37447],[-1.39054,41.37322],[-1.38688,41.37846],[-1.38181,41.38302],[-1.37478,41.38569],[-1.3636,41.38622],[-1.36058,41.38533],[-1.35663,41.38513],[-1.3571,41.38427],[-1.35663,41.38222],[-1.35484,41.37951],[-1.35322,41.37788],[-1.35247,41.37463],[-1.35846,41.37356],[-1.3618,41.37354],[-1.36432,41.37213],[-1.3698,41.3701],[-1.37511,41.36637],[-1.37666,41.36483],[-1.37663,41.36406],[-1.37833,41.36156],[-1.38043,41.36022],[-1.37608,41.35741],[-1.37472,41.3562],[-1.37248,41.35503],[-1.37176,41.35365],[-1.37164,41.35035],[-1.36916,41.34835],[-1.36147,41.34687],[-1.35983,41.34751],[-1.358,41.34711],[-1.35416,41.3437],[-1.3461,41.33912],[-1.34604,41.33744],[-1.34458,41.33592],[-1.34357,41.33326],[-1.34424,41.33268],[-1.34483,41.33068],[-1.34211,41.328],[-1.34116,41.32417],[-1.34164,41.32162],[-1.33957,41.31768],[-1.34032,41.31631],[-1.34051,41.31311],[-1.33901,41.31089],[-1.3386,41.3082],[-1.33617,41.30423],[-1.33622,41.30158],[-1.33342,41.29911],[-1.33255,41.29954],[-1.32687,41.2988],[-1.32408,41.30035],[-1.32177,41.29989],[-1.32012,41.30035],[-1.31862,41.29789],[-1.31812,41.29624],[-1.31964,41.29346],[-1.31994,41.29093],[-1.31972,41.28966],[-1.3166,41.28715],[-1.31506,41.28453],[-1.31091,41.27982],[-1.31349,41.27864],[-1.31342,41.2755],[-1.306,41.26942],[-1.30395,41.2681],[-1.30163,41.26527],[-1.30055,41.26473],[-1.29776,41.26456],[-1.29478,41.25805],[-1.29156,41.257]]]},"properties":{"idApp":922008,"aopId":"carinena","name":"Cariñena","nameJa":"カリニェナ","kind":"regional","tags":["do"],"rank":0},"bbox":[-1.41857,41.226,-0.95654,41.52504]},{"type":"Feature","geometry":{"type":"Polygon","coordinates":[[[-1.58016,41.92096],[-1.57935,41.91005],[-1.57664,41.90446],[-1.58039,41.90367],[-1.58484,41.90408],[-1.58964,41.90392],[-1.59421,41.90277],[-1.59974,41.90087],[-1.60456,41.90034],[-1.60642,41.90056],[-1.60811,41.90016],[-1.61248,41.90145],[-1.61694,41.90208],[-1.61877,41.90194],[-1.62185,41.90349],[-1.62427,41.90395],[-1.62059,41.88435],[-1.61447,41.87915],[-1.61508,41.8772],[-1.61633,41.87551],[-1.62082,41.87358],[-1.62298,41.87111],[-1.62304,41.87018],[-1.62193,41.86861],[-1.6208,41.86538],[-1.62067,41.86031],[-1.62232,41.85921],[-1.62327,41.85744],[-1.62701,41.85468],[-1.62882,41.85261],[-1.63208,41.85379],[-1.63355,41.85591],[-1.63623,41.85613],[-1.63767,41.85658],[-1.64094,41.85638],[-1.6467,41.8595],[-1.64731,41.86011],[-1.64954,41.85643],[-1.65067,41.85593],[-1.65208,41.85705],[-1.65478,41.85722],[-1.65543,41.85783],[-1.65652,41.86032],[-1.65759,41.86075],[-1.66056,41.86097],[-1.66389,41.86244],[-1.66602,41.86108],[-1.66814,41.86177],[-1.66986,41.86134],[-1.67141,41.86202],[-1.67295,41.86216],[-1.67451,41.86068],[-1.67848,41.86053],[-1.68044,41.85993],[-1.68663,41.85618],[-1.68996,41.85612],[-1.69669,41.85484],[-1.6967,41.85402],[-1.69833,41.85241],[-1.69977,41.84999],[-1.70024,41.84767],[-1.69928,41.84322],[-1.69996,41.84184],[-1.69987,41.83836],[-1.6989,41.83535],[-1.69982,41.83353],[-1.70016,41.83182],[-1.69983,41.8284],[-1.69918,41.82627],[-1.70107,41.82549],[-1.70198,41.82404],[-1.70131,41.82041],[-1.71193,41.81235],[-1.71769,41.81081],[-1.72425,41.8086],[-1.72988,41.80622],[-1.73324,41.80443],[-1.73704,41.80355],[-1.74272,41.79958],[-1.74303,41.79781],[-1.7402,41.7959],[-1.73741,41.79589],[-1.73684,41.79418],[-1.73453,41.79259],[-1.72805,41.79723],[-1.72263,41.80065],[-1.71862,41.80094],[-1.71469,41.79998],[-1.70476,41.80177],[-1.69689,41.80042],[-1.6935,41.79882],[-1.69201,41.80095],[-1.69013,41.80185],[-1.69045,41.80267],[-1.68536,41.80468],[-1.68565,41.80683],[-1.68404,41.80737],[-1.68313,41.81151],[-1.6792,41.81419],[-1.67757,41.8146],[-1.6751,41.81618],[-1.67208,41.81636],[-1.66724,41.8175],[-1.66532,41.81875],[-1.66149,41.81864],[-1.66076,41.81922],[-1.65925,41.81919],[-1.65844,41.81861],[-1.65301,41.8194],[-1.65239,41.81878],[-1.65198,41.81251],[-1.65298,41.81152],[-1.65522,41.80705],[-1.65524,41.80546],[-1.65362,41.80147],[-1.65605,41.79982],[-1.65773,41.79766],[-1.66152,41.79552],[-1.67259,41.79545],[-1.67636,41.7925],[-1.67842,41.78775],[-1.67886,41.78422],[-1.68023,41.78336],[-1.6828,41.7824],[-1.68429,41.779],[-1.68406,41.77774],[-1.68465,41.77645],[-1.68476,41.77396],[-1.68446,41.77205],[-1.68354,41.77017],[-1.68613,41.76531],[-1.68688,41.76453],[-1.68745,41.76247],[-1.68536,41.7615],[-1.68501,41.76078],[-1.68252,41.75899],[-1.68217,41.75783],[-1.67647,41.75566],[-1.66348,41.75676],[-1.65906,41.7538],[-1.63759,41.7534],[-1.63265,41.75057],[-1.62492,41.74304],[-1.62204,41.73967],[-1.61902,41.73483],[-1.61872,41.73011],[-1.61664,41.72613],[-1.617,41.72512],[-1.61404,41.72263],[-1.61401,41.71964],[-1.6164,41.71846],[-1.61988,41.71725],[-1.61958,41.71585],[-1.62015,41.7144],[-1.61982,41.71074],[-1.61624,41.70638],[-1.60742,41.70419],[-1.59958,41.69859],[-1.59994,41.69594],[-1.59581,41.69289],[-1.59311,41.68902],[-1.58944,41.68784],[-1.58437,41.68517],[-1.58231,41.68483],[-1.58101,41.68414],[-1.57742,41.68373],[-1.57497,41.68533],[-1.57272,41.68466],[-1.5731,41.68269],[-1.57099,41.67941],[-1.56972,41.67846],[-1.56909,41.67513],[-1.56701,41.67378],[-1.56562,41.67208],[-1.55652,41.66934],[-1.55342,41.66958],[-1.55149,41.66898],[-1.54984,41.66679],[-1.54803,41.66573],[-1.54754,41.66314],[-1.5457,41.66258],[-1.54235,41.65906],[-1.53981,41.65778],[-1.53526,41.65426],[-1.53102,41.64883],[-1.52808,41.64777],[-1.52609,41.64442],[-1.52084,41.64452],[-1.5134,41.63818],[-1.51399,41.63523],[-1.51384,41.63317],[-1.51546,41.62877],[-1.51565,41.62593],[-1.51254,41.62476],[-1.5088,41.62256],[-1.50432,41.62092],[-1.50296,41.6223],[-1.50251,41.62365],[-1.50274,41.62479],[-1.50199,41.62622],[-1.50173,41.62853],[-1.49884,41.62955],[-1.49081,41.62724],[-1.48997,41.62676],[-1.48742,41.6283],[-1.48352,41.62982],[-1.48106,41.63414],[-1.46206,41.64339],[-1.45963,41.64631],[-1.45395,41.65626],[-1.45309,41.65975],[-1.45232,41.6613],[-1.4496,41.66502],[-1.44612,41.66812],[-1.44477,41.67064],[-1.4452,41.67144],[-1.44302,41.6744],[-1.44231,41.67776],[-1.44131,41.67977],[-1.44101,41.68397],[-1.44055,41.68501],[-1.44073,41.68814],[-1.4398,41.69004],[-1.43995,41.692],[-1.43675,41.69315],[-1.4329,41.69587],[-1.43066,41.69587],[-1.42627,41.6971],[-1.42515,41.69767],[-1.42074,41.70417],[-1.41706,41.70486],[-1.41263,41.70629],[-1.41056,41.70616],[-1.40754,41.70744],[-1.40655,41.70881],[-1.40517,41.70923],[-1.40405,41.71027],[-1.4004,41.71043],[-1.39706,41.71134],[-1.39495,41.71263],[-1.38965,41.71688],[-1.38725,41.71922],[-1.38479,41.72415],[-1.3827,41.72695],[-1.37995,41.72916],[-1.37629,41.7304],[-1.36742,41.731],[-1.36224,41.73231],[-1.34946,41.7341],[-1.34621,41.73417],[-1.34402,41.73488],[-1.33517,41.7355],[-1.33492,41.74069],[-1.33517,41.74206],[-1.33819,41.74751],[-1.33884,41.74945],[-1.33897,41.75384],[-1.34056,41.75649],[-1.34054,41.75962],[-1.34248,41.76649],[-1.34423,41.76721],[-1.34789,41.76715],[-1.3464,41.77176],[-1.34646,41.77396],[-1.34101,41.77524],[-1.33959,41.77613],[-1.33689,41.78056],[-1.33661,41.78159],[-1.33341,41.7864],[-1.32824,41.79301],[-1.32431,41.79716],[-1.32119,41.80264],[-1.31813,41.80357],[-1.31736,41.80429],[-1.31893,41.80703],[-1.31961,41.80958],[-1.32499,41.8167],[-1.3307,41.8204],[-1.33562,41.8245],[-1.33756,41.82571],[-1.34071,41.82981],[-1.35624,41.84613],[-1.3598,41.85637],[-1.3599,41.85899],[-1.35832,41.86657],[-1.35824,41.8716],[-1.35887,41.87345],[-1.35995,41.87817],[-1.36479,41.88391],[-1.37126,41.88887],[-1.37752,41.89335],[-1.38462,41.89592],[-1.39028,41.89941],[-1.39213,41.9017],[-1.3971,41.90427],[-1.399,41.90351],[-1.40133,41.90598],[-1.40471,41.90576],[-1.41056,41.90664],[-1.41165,41.90735],[-1.41106,41.90832],[-1.41178,41.90999],[-1.41115,41.91061],[-1.41192,41.91243],[-1.41418,41.91422],[-1.41577,41.91693],[-1.41778,41.91383],[-1.42177,41.91306],[-1.43628,41.91448],[-1.43829,41.91597],[-1.44072,41.9164],[-1.44544,41.9156],[-1.45095,41.91598],[-1.45329,41.91571],[-1.45706,41.91688],[-1.46582,41.92193],[-1.47305,41.92446],[-1.47759,41.92489],[-1.48252,41.92462],[-1.48665,41.92402],[-1.49511,41.92437],[-1.50176,41.92426],[-1.50234,41.921],[-1.50304,41.91936],[-1.50611,41.91584],[-1.51289,41.91485],[-1.52085,41.91153],[-1.5233,41.90988],[-1.53562,41.91061],[-1.54267,41.91233],[-1.55538,41.91377],[-1.55925,41.91393],[-1.56208,41.91507],[-1.56759,41.91609],[-1.57335,41.91789],[-1.57869,41.92052],[-1.58016,41.92096]]]},"properties":{"idApp":922006,"aopId":"campo-de-borja","name":"Campo de Borja","nameJa":"カンポ・デ・ボルハ","kind":"regional","tags":["do"],"rank":0},"bbox":[-1.74303,41.62092,-1.31736,41.92489]},{"type":"Feature","geometry":{"type":"MultiPolygon","coordinates":[[[[-1.69868,42.70878],[-1.69646,42.70987],[-1.69962,42.71017],[-1.70229,42.71111],[-1.7029,42.71164],[-1.69715,42.71708],[-1.69369,42.72188],[-1.68866,42.72416],[-1.68702,42.72788],[-1.68889,42.72915],[-1.69293,42.72978],[-1.69828,42.73147],[-1.69925,42.73203],[-1.70246,42.73276],[-1.70531,42.73484],[-1.70937,42.73216],[-1.71092,42.73412],[-1.71107,42.73577],[-1.71335,42.7411],[-1.71168,42.74117],[-1.7105,42.74192],[-1.71046,42.74426],[-1.70922,42.74923],[-1.70732,42.7533],[-1.70577,42.75472],[-1.70503,42.75597],[-1.70381,42.76109],[-1.705,42.76202],[-1.70553,42.76533],[-1.70495,42.76973],[-1.70526,42.77168],[-1.70628,42.7734],[-1.69888,42.77672],[-1.7018,42.77906],[-1.703,42.78154],[-1.70407,42.7822],[-1.70492,42.78386],[-1.70716,42.7863],[-1.70632,42.78789],[-1.70481,42.78925],[-1.7056,42.79195],[-1.70654,42.79327],[-1.70825,42.79425],[-1.70892,42.79652],[-1.71078,42.79624],[-1.71097,42.79726],[-1.71334,42.79947],[-1.71807,42.79974],[-1.72272,42.80061],[-1.7263,42.80003],[-1.72849,42.79886],[-1.74057,42.80016],[-1.74256,42.79686],[-1.74292,42.79488],[-1.74396,42.79278],[-1.74952,42.79198],[-1.75018,42.79125],[-1.76209,42.79236],[-1.76327,42.79384],[-1.7668,42.79382],[-1.77811,42.79665],[-1.78099,42.79791],[-1.78006,42.79906],[-1.77878,42.80194],[-1.77993,42.80538],[-1.79066,42.80517],[-1.8012,42.80596],[-1.80736,42.80772],[-1.8119,42.81474],[-1.81726,42.81906],[-1.82757,42.81622],[-1.82992,42.8208],[-1.83861,42.82086],[-1.83999,42.81568],[-1.84234,42.81469],[-1.8528,42.80868],[-1.85174,42.80645],[-1.84773,42.80373],[-1.84826,42.79591],[-1.84316,42.79889],[-1.83998,42.79879],[-1.83681,42.79832],[-1.82487,42.79835],[-1.81668,42.79655],[-1.81005,42.79642],[-1.80885,42.79567],[-1.80555,42.79549],[-1.80416,42.79338],[-1.80302,42.7878],[-1.80272,42.78277],[-1.79948,42.78266],[-1.796,42.78345],[-1.79481,42.78305],[-1.79238,42.77977],[-1.78971,42.77898],[-1.7806,42.78003],[-1.77666,42.78176],[-1.77359,42.78157],[-1.77123,42.77615],[-1.77191,42.77218],[-1.77107,42.77024],[-1.77225,42.76854],[-1.77162,42.76805],[-1.77269,42.76646],[-1.77442,42.76504],[-1.77447,42.76379],[-1.77538,42.76278],[-1.77729,42.76159],[-1.78086,42.76075],[-1.78257,42.75961],[-1.78354,42.75819],[-1.78574,42.75301],[-1.78686,42.74806],[-1.78952,42.74769],[-1.79253,42.74559],[-1.78956,42.74311],[-1.789,42.74142],[-1.78656,42.74082],[-1.78495,42.7379],[-1.78069,42.738],[-1.77712,42.73855],[-1.77191,42.7388],[-1.7692,42.73834],[-1.76583,42.73835],[-1.76356,42.73409],[-1.76023,42.73433],[-1.75558,42.73355],[-1.7543,42.73413],[-1.75299,42.73371],[-1.75214,42.73167],[-1.74904,42.72768],[-1.74477,42.7257],[-1.73488,42.72645],[-1.72855,42.72556],[-1.72712,42.72506],[-1.72709,42.72349],[-1.72944,42.72268],[-1.72979,42.72187],[-1.72827,42.72007],[-1.72544,42.7182],[-1.72398,42.71642],[-1.73105,42.71476],[-1.73618,42.71399],[-1.7455,42.7077],[-1.74468,42.70702],[-1.74153,42.70609],[-1.73851,42.70977],[-1.73293,42.71096],[-1.72745,42.71441],[-1.72543,42.71513],[-1.72243,42.71514],[-1.72187,42.71602],[-1.7192,42.71727],[-1.71843,42.71586],[-1.71629,42.71756],[-1.71476,42.7169],[-1.715,42.71542],[-1.71669,42.712],[-1.71691,42.71068],[-1.715,42.70858],[-1.71327,42.70739],[-1.70684,42.70752],[-1.70409,42.70831],[-1.69868,42.70878]]],[[[-1.66295,42.7943],[-1.66249,42.79629],[-1.66458,42.79671],[-1.66606,42.79621],[-1.66732,42.79814],[-1.6676,42.80133],[-1.66859,42.79946],[-1.67055,42.79942],[-1.67231,42.79756],[-1.67409,42.79748],[-1.67523,42.7941],[-1.67637,42.79246],[-1.67542,42.79187],[-1.67553,42.78981],[-1.68058,42.79207],[-1.68335,42.79156],[-1.68499,42.78737],[-1.68379,42.7864],[-1.68418,42.78532],[-1.6834,42.78464],[-1.6827,42.78196],[-1.6867,42.77953],[-1.68853,42.77801],[-1.68844,42.77599],[-1.68604,42.776],[-1.68111,42.7721],[-1.6776,42.77122],[-1.66939,42.77917],[-1.66753,42.77967],[-1.66458,42.77927],[-1.66079,42.78364],[-1.66103,42.78457],[-1.66317,42.78514],[-1.66481,42.78722],[-1.66402,42.78981],[-1.66443,42.79092],[-1.6623,42.79189],[-1.66375,42.79349],[-1.66295,42.7943]]]]},"properties":{"idApp":922004,"aopId":"pago-de-otazu","name":"Pago de Otazu","nameJa":"パゴ・デ・オタス","kind":"vineyard","tags":["vino-de-pago"],"rank":2},"bbox":[-1.8528,42.70609,-1.66079,42.82086]},{"type":"Feature","geometry":{"type":"Polygon","coordinates":[[[-1.02774,41.44055],[-1.036,41.44417],[-1.03848,41.4441],[-1.04006,41.44498],[-1.04267,41.44523],[-1.04334,41.44642],[-1.04657,41.44508],[-1.05214,41.44525],[-1.05331,41.44608],[-1.05599,41.44653],[-1.06131,41.44703],[-1.07458,41.44736],[-1.07839,41.44816],[-1.08876,41.44714],[-1.09262,41.4458],[-1.10019,41.44208],[-1.10704,41.43976],[-1.11326,41.4358],[-1.11426,41.43441],[-1.11664,41.43301],[-1.11861,41.43104],[-1.11917,41.42941],[-1.12277,41.42847],[-1.12705,41.42575],[-1.12877,41.42584],[-1.13064,41.42541],[-1.13293,41.42265],[-1.13405,41.42198],[-1.13356,41.41742],[-1.13183,41.41578],[-1.13083,41.4141],[-1.12755,41.41175],[-1.12647,41.40894],[-1.1247,41.40711],[-1.12226,41.40585],[-1.12069,41.40436],[-1.12103,41.40235],[-1.11719,41.39683],[-1.11311,41.39517],[-1.11341,41.39387],[-1.1151,41.3908],[-1.11199,41.38542],[-1.11082,41.38533],[-1.10072,41.38225],[-1.09652,41.37961],[-1.08521,41.37395],[-1.07314,41.37471],[-1.06735,41.3745],[-1.0599,41.37679],[-1.05439,41.37815],[-1.0452,41.37985],[-1.03995,41.38369],[-1.03903,41.38502],[-1.03547,41.38706],[-1.03071,41.38913],[-1.02958,41.3908],[-1.02232,41.39644],[-1.02019,41.39745],[-1.01509,41.39857],[-1.00877,41.40204],[-1.0077,41.40305],[-1.00139,41.40437],[-0.99703,41.40273],[-0.99407,41.40289],[-0.99367,41.40396],[-0.99545,41.40534],[-0.99973,41.40672],[-1.00438,41.40886],[-1.00648,41.41172],[-1.00814,41.41195],[-1.01169,41.4151],[-1.01822,41.4166],[-1.02109,41.41822],[-1.02254,41.41989],[-1.02414,41.42054],[-1.02461,41.42712],[-1.02559,41.43232],[-1.02571,41.43723],[-1.02774,41.44055]]]},"properties":{"idApp":922010,"aopId":"ayles","name":"Aylés","nameJa":"アイレス","kind":"vineyard","tags":["vino-de-pago"],"rank":2},"bbox":[-1.13405,41.37395,-0.99367,41.44816]},{"type":"Feature","geometry":{"type":"Polygon","coordinates":[[[-2.04523,42.6294],[-2.04389,42.62712],[-2.03836,42.62176],[-2.03606,42.62197],[-2.03511,42.62164],[-2.03305,42.62304],[-2.02638,42.61924],[-2.02349,42.6188],[-2.02161,42.61901],[-2.01851,42.61777],[-2.01753,42.61777],[-2.01015,42.61569],[-1.99988,42.60908],[-1.99511,42.60714],[-1.99329,42.60548],[-1.99011,42.60437],[-1.98542,42.59886],[-1.98242,42.5973],[-1.97439,42.59405],[-1.97052,42.59193],[-1.96752,42.58821],[-1.96506,42.58696],[-1.96222,42.58421],[-1.96124,42.58408],[-1.95786,42.58247],[-1.95248,42.58147],[-1.94742,42.58193],[-1.93971,42.58058],[-1.93933,42.5826],[-1.94079,42.58826],[-1.94072,42.58926],[-1.94221,42.59249],[-1.94344,42.59735],[-1.94966,42.60006],[-1.9541,42.60106],[-1.95762,42.60242],[-1.95794,42.60338],[-1.95938,42.60424],[-1.95995,42.60572],[-1.96426,42.60789],[-1.96973,42.61179],[-1.97097,42.61479],[-1.97653,42.62017],[-1.97671,42.62205],[-1.97632,42.62323],[-1.9724,42.62719],[-1.97467,42.62839],[-1.97721,42.63046],[-1.98051,42.63109],[-1.98167,42.63264],[-1.9838,42.63298],[-1.98589,42.63417],[-1.98884,42.63479],[-1.99095,42.63774],[-1.99399,42.63692],[-1.99601,42.63797],[-1.99783,42.6381],[-1.99859,42.63932],[-1.99843,42.64027],[-1.99676,42.64185],[-1.99646,42.64326],[-1.99702,42.64389],[-1.99976,42.64439],[-2.00157,42.64387],[-2.00222,42.64273],[-2.00467,42.6416],[-2.00706,42.64135],[-2.0083,42.64052],[-2.01178,42.63943],[-2.01524,42.639],[-2.01816,42.6394],[-2.02087,42.63856],[-2.02867,42.63494],[-2.03071,42.63311],[-2.0341,42.63174],[-2.03656,42.63202],[-2.04001,42.63049],[-2.0423,42.63134],[-2.0442,42.63079],[-2.04523,42.6294]]]},"properties":{"idApp":922003,"aopId":"pago-de-arinzano","name":"Pago de Arínzano","nameJa":"パゴ・デ・アリンサノ","kind":"vineyard","tags":["vino-de-pago"],"rank":2},"bbox":[-2.04523,42.58058,-1.93933,42.64439]},{"type":"Feature","geometry":{"type":"Polygon","coordinates":[[[-2.03656,42.63202],[-2.03206,42.63562],[-2.03194,42.63729],[-2.03085,42.63891],[-2.02723,42.64203],[-2.02551,42.64284],[-2.02753,42.64462],[-2.03012,42.64516],[-2.03178,42.64634],[-2.03149,42.64735],[-2.03017,42.64912],[-2.0326,42.64978],[-2.03067,42.65242],[-2.02915,42.65546],[-2.03285,42.65733],[-2.03719,42.66374],[-2.04244,42.66635],[-2.0435,42.6685],[-2.04673,42.66779],[-2.05221,42.66551],[-2.05435,42.66561],[-2.0574,42.66503],[-2.059,42.66441],[-2.06066,42.66258],[-2.06119,42.66119],[-2.06543,42.66041],[-2.07047,42.65759],[-2.06657,42.65583],[-2.06505,42.65149],[-2.06248,42.64641],[-2.06129,42.64501],[-2.05333,42.62872],[-2.04837,42.62802],[-2.04523,42.6294],[-2.0442,42.63079],[-2.0423,42.63134],[-2.04001,42.63049],[-2.03656,42.63202]]]},"properties":{"idApp":922005,"aopId":"prado-de-irache","name":"Prado de Irache","nameJa":"プラド・デ・イラチェ","kind":"vineyard","tags":["vino-de-pago"],"rank":2},"bbox":[-2.07047,42.62802,-2.02551,42.6685]}]}