{"type":"FeatureCollection","features":[{"type":"Feature","geometry":{"type":"MultiPolygon","coordinates":[[[[11.41693,45.12933],[11.42222,45.12724],[11.42993,45.12365],[11.43871,45.1203],[11.44259,45.11919],[11.44921,45.11806],[11.45126,45.11746],[11.45882,45.11324],[11.4613,45.1115],[11.46804,45.10882],[11.47513,45.10701],[11.48548,45.10499],[11.49175,45.10328],[11.49301,45.10307],[11.49613,45.1037],[11.50088,45.10718],[11.50271,45.10803],[11.50707,45.10837],[11.51129,45.10926],[11.51325,45.11021],[11.51448,45.11134],[11.51597,45.11614],[11.51757,45.11842],[11.51883,45.11918],[11.52218,45.12018],[11.52432,45.12048],[11.52894,45.12085],[11.53474,45.12041],[11.54468,45.12064],[11.54891,45.12052],[11.55214,45.12013],[11.55726,45.11905],[11.55981,45.11943],[11.56225,45.12109],[11.56349,45.12154],[11.56966,45.12265],[11.57258,45.12414],[11.57707,45.12396],[11.57985,45.12277],[11.58144,45.12051],[11.58243,45.11831],[11.58371,45.11685],[11.58605,45.11662],[11.58947,45.1176],[11.59213,45.11769],[11.59533,45.11836],[11.59894,45.11793],[11.60084,45.11717],[11.60382,45.11439],[11.60511,45.11387],[11.60774,45.11364],[11.60943,45.11254],[11.61068,45.10985],[11.61345,45.1087],[11.61774,45.10891],[11.62707,45.10981],[11.62827,45.10976],[11.63198,45.10865],[11.6342,45.10828],[11.63855,45.10866],[11.64216,45.10854],[11.6478,45.10884],[11.65034,45.10839],[11.65387,45.10616],[11.6551,45.10563],[11.66299,45.10386],[11.6643,45.10407],[11.66648,45.10563],[11.66811,45.10604],[11.67437,45.10426],[11.68171,45.10375],[11.68277,45.10355],[11.68492,45.10212],[11.69064,45.09981],[11.69448,45.09863],[11.69683,45.09891],[11.70643,45.10162],[11.70886,45.10209],[11.71193,45.10204],[11.71726,45.10109],[11.7207,45.0983],[11.72327,45.09733],[11.72747,45.09745],[11.73325,45.09825],[11.73746,45.09772],[11.74186,45.0969],[11.74724,45.09695],[11.75051,45.09678],[11.75679,45.09548],[11.76128,45.09563],[11.76892,45.09758],[11.77353,45.09847],[11.77572,45.09916],[11.7771,45.10009],[11.77992,45.10306],[11.78421,45.10555],[11.78668,45.10782],[11.79109,45.10887],[11.79363,45.11027],[11.79667,45.11158],[11.79912,45.11388],[11.80369,45.11747],[11.8057,45.1197],[11.80806,45.12118],[11.81309,45.12313],[11.81671,45.12328],[11.82171,45.12171],[11.82493,45.12136],[11.83235,45.12202],[11.83406,45.12276],[11.83585,45.12478],[11.83765,45.12737],[11.83893,45.1279],[11.84186,45.1283],[11.84522,45.12846],[11.85195,45.12943],[11.85444,45.13022],[11.85719,45.13174],[11.86534,45.13339],[11.87075,45.13297],[11.87255,45.13311],[11.87535,45.13393],[11.8801,45.13503],[11.88144,45.13591],[11.8844,45.13694],[11.88867,45.13588],[11.89157,45.13428],[11.89379,45.1336],[11.89722,45.13328],[11.89841,45.13355],[11.90538,45.1361],[11.90924,45.13655],[11.91548,45.13679],[11.91692,45.13716],[11.91804,45.13808],[11.92135,45.14194],[11.9245,45.14313],[11.92657,45.14329],[11.93329,45.14313],[11.9351,45.14286],[11.93757,45.14193],[11.94227,45.13888],[11.94557,45.13643],[11.9485,45.13535],[11.95208,45.13483],[11.95673,45.13378],[11.96314,45.13347],[11.96624,45.13347],[11.96879,45.13398],[11.97138,45.13471],[11.97388,45.13477],[11.97816,45.13565],[11.99015,45.13895],[11.99489,45.13972],[12.00573,45.14025],[12.00789,45.14013],[12.01255,45.13879],[12.01645,45.1387],[12.02143,45.13821],[12.023,45.13857],[12.02593,45.13866],[12.02916,45.13777],[12.03014,45.1369],[12.0309,45.13485],[12.03189,45.13391],[12.03467,45.13336],[12.03883,45.13319],[12.04264,45.13327],[12.04419,45.13301],[12.04608,45.13189],[12.04564,45.13017],[12.04365,45.12987],[12.03662,45.12957],[12.03556,45.12928],[12.03475,45.12771],[12.0335,45.12697],[12.02956,45.12529],[12.02732,45.12189],[12.02553,45.1199],[12.02789,45.11866],[12.03113,45.11799],[12.03552,45.11742],[12.04041,45.11628],[12.04503,45.11557],[12.04886,45.11544],[12.05011,45.11501],[12.05037,45.11415],[12.0489,45.11109],[12.04735,45.10636],[12.0477,45.10536],[12.0541,45.10096],[12.05933,45.09802],[12.06507,45.09409],[12.06994,45.09097],[12.07395,45.0881],[12.07711,45.08618],[12.0801,45.08407],[12.0823,45.08196],[12.08764,45.07879],[12.09061,45.07647],[12.09257,45.0754],[12.11011,45.06415],[12.11414,45.06201],[12.11634,45.0613],[12.11817,45.06155],[12.11985,45.05969],[12.12301,45.05829],[12.12495,45.058],[12.12845,45.05835],[12.13198,45.05762],[12.13317,45.05696],[12.13654,45.05626],[12.14159,45.05561],[12.14273,45.05699],[12.14609,45.05705],[12.14817,45.05758],[12.14846,45.05824],[12.14681,45.06052],[12.14652,45.0619],[12.1478,45.06691],[12.14785,45.06857],[12.14917,45.06977],[12.15396,45.07178],[12.15543,45.07215],[12.15823,45.07205],[12.15894,45.07244],[12.1603,45.07464],[12.16093,45.07683],[12.16183,45.07839],[12.16152,45.07917],[12.15885,45.0807],[12.15957,45.082],[12.15991,45.08408],[12.1656,45.09071],[12.16784,45.09395],[12.16851,45.09405],[12.17005,45.09271],[12.17111,45.0926],[12.17319,45.09329],[12.17425,45.09314],[12.17472,45.0913],[12.18009,45.08848],[12.1837,45.08942],[12.18803,45.08905],[12.18897,45.08983],[12.19126,45.09466],[12.19268,45.09708],[12.19525,45.09985],[12.19672,45.09908],[12.19829,45.09916],[12.20011,45.10025],[12.20108,45.10224],[12.20209,45.10336],[12.2028,45.10509],[12.20507,45.10542],[12.20872,45.10522],[12.21532,45.10448],[12.21861,45.10444],[12.2227,45.10492],[12.22988,45.10642],[12.23561,45.10622],[12.23961,45.10664],[12.24587,45.10826],[12.25194,45.11012],[12.26007,45.1131],[12.26967,45.11743],[12.27461,45.12008],[12.28072,45.12293],[12.2843,45.12578],[12.28524,45.12764],[12.28513,45.13021],[12.28235,45.13466],[12.28048,45.13803],[12.28031,45.13907],[12.28079,45.14129],[12.28275,45.14338],[12.28648,45.14434],[12.28825,45.1445],[12.29417,45.14333],[12.3008,45.14332],[12.30467,45.14371],[12.30932,45.1438],[12.31257,45.14465],[12.31411,45.14566],[12.31786,45.14931],[12.32196,45.15228],[12.32387,45.15494],[12.32897,45.15871],[12.33057,45.16055],[12.32815,45.16127],[12.33055,45.16247],[12.3313,45.16487],[12.33079,45.16636],[12.32908,45.1684],[12.32713,45.17123],[12.32635,45.1719],[12.32165,45.17768],[12.32086,45.1782],[12.31722,45.18265],[12.31097,45.18557],[12.30984,45.18729],[12.30967,45.18906],[12.30895,45.19058],[12.30602,45.19506],[12.30568,45.19631],[12.30365,45.19959],[12.30246,45.20233],[12.30048,45.20826],[12.29876,45.21598],[12.29865,45.21861],[12.29903,45.22232],[12.29985,45.22468],[12.30063,45.22811],[12.3012,45.22944],[12.29446,45.23007],[12.29314,45.2295],[12.29443,45.22608],[12.29418,45.22377],[12.29319,45.22189],[12.29107,45.22237],[12.29014,45.22089],[12.29139,45.22014],[12.2902,45.21746],[12.28917,45.21664],[12.28853,45.21356],[12.28715,45.20964],[12.28589,45.20786],[12.28423,45.20458],[12.28397,45.20343],[12.28259,45.20099],[12.28116,45.2],[12.28159,45.19874],[12.27986,45.19754],[12.27978,45.19939],[12.28023,45.20033],[12.28195,45.20084],[12.28282,45.20241],[12.27834,45.20372],[12.27846,45.20541],[12.27783,45.20588],[12.27826,45.20861],[12.27797,45.21184],[12.272,45.21341],[12.27009,45.21319],[12.27107,45.20902],[12.26999,45.20866],[12.26916,45.20739],[12.26609,45.20701],[12.26576,45.20813],[12.26407,45.20791],[12.26287,45.2119],[12.26101,45.21174],[12.26142,45.20931],[12.26309,45.20632],[12.26406,45.20585],[12.2646,45.20244],[12.26795,45.19767],[12.26787,45.19644],[12.26982,45.19302],[12.26893,45.19147],[12.26455,45.19179],[12.26376,45.1909],[12.26416,45.18963],[12.26167,45.18861],[12.26172,45.18691],[12.25942,45.18514],[12.26072,45.18402],[12.26264,45.18417],[12.26277,45.1848],[12.265,45.18571],[12.26624,45.18682],[12.26704,45.18402],[12.26642,45.18347],[12.25948,45.18356],[12.24851,45.1841],[12.24368,45.1856],[12.21655,45.19325],[12.20646,45.19566],[12.20457,45.19768],[12.20624,45.19825],[12.21142,45.1992],[12.21441,45.20025],[12.21758,45.1996],[12.21983,45.20042],[12.22183,45.20066],[12.22205,45.20397],[12.21833,45.20541],[12.21852,45.20577],[12.21562,45.20861],[12.21517,45.21233],[12.21383,45.21442],[12.21101,45.22105],[12.20711,45.22958],[12.20249,45.23248],[12.20222,45.23286],[12.20494,45.23805],[12.20588,45.23925],[12.2094,45.24249],[12.21306,45.24498],[12.2143,45.25088],[12.21313,45.25449],[12.20489,45.25832],[12.20216,45.25792],[12.20049,45.25734],[12.19788,45.25646],[12.19327,45.25765],[12.18881,45.25821],[12.18752,45.25784],[12.18579,45.25657],[12.18217,45.25503],[12.17318,45.25238],[12.16749,45.25424],[12.15833,45.25367],[12.15521,45.2595],[12.15376,45.26102],[12.14676,45.26395],[12.13482,45.25807],[12.13313,45.25814],[12.13006,45.26095],[12.1292,45.26288],[12.13256,45.30037],[12.13262,45.30307],[12.13366,45.31611],[12.13686,45.31673],[12.1383,45.31734],[12.13921,45.31833],[12.14011,45.32408],[12.13909,45.32665],[12.14201,45.337],[12.14223,45.34152],[12.14,45.34151],[12.1393,45.34312],[12.13937,45.34492],[12.14011,45.34687],[12.14149,45.34911],[12.14037,45.35309],[12.14164,45.35697],[12.14077,45.35818],[12.14218,45.35854],[12.14396,45.35841],[12.14781,45.36136],[12.14899,45.36146],[12.15099,45.36088],[12.15423,45.36043],[12.15629,45.35969],[12.15604,45.358],[12.15749,45.35854],[12.15781,45.35949],[12.16117,45.3596],[12.16369,45.3579],[12.16614,45.35713],[12.16892,45.35826],[12.1696,45.3589],[12.17042,45.36158],[12.16921,45.36226],[12.16706,45.35971],[12.16569,45.35956],[12.164,45.36041],[12.15825,45.36178],[12.15652,45.36152],[12.153,45.36272],[12.15219,45.36372],[12.1502,45.3648],[12.14803,45.36845],[12.14812,45.3712],[12.14692,45.37308],[12.14735,45.37947],[12.14463,45.37977],[12.14318,45.38035],[12.14401,45.39043],[12.14558,45.39037],[12.1477,45.39123],[12.14859,45.39108],[12.15431,45.38668],[12.15419,45.3851],[12.15661,45.38306],[12.1578,45.38287],[12.15882,45.38186],[12.15875,45.38075],[12.15741,45.38007],[12.15934,45.37733],[12.16271,45.37539],[12.16399,45.37497],[12.16353,45.37223],[12.16611,45.37073],[12.17009,45.36994],[12.17322,45.36971],[12.17448,45.36885],[12.17429,45.36697],[12.17694,45.36666],[12.18034,45.36788],[12.17965,45.36915],[12.18074,45.3699],[12.18193,45.36872],[12.18405,45.3684],[12.18668,45.37145],[12.18633,45.37213],[12.18774,45.37426],[12.18696,45.37499],[12.17489,45.38342],[12.1683,45.38781],[12.16468,45.39073],[12.17278,45.39663],[12.19163,45.40939],[12.19193,45.41223],[12.19327,45.41287],[12.21161,45.41721],[12.23923,45.42342],[12.24082,45.42309],[12.24508,45.42087],[12.24782,45.41975],[12.25126,45.41798],[12.25566,45.41607],[12.25712,45.4161],[12.25774,45.41838],[12.25943,45.41855],[12.25863,45.42354],[12.25885,45.42443],[12.25834,45.43146],[12.25879,45.4346],[12.25846,45.45068],[12.26106,45.45752],[12.26287,45.45647],[12.27336,45.44868],[12.27619,45.45334],[12.27729,45.45873],[12.27654,45.45971],[12.28015,45.46401],[12.31397,45.44485],[12.31501,45.44347],[12.31516,45.44191],[12.3141,45.4413],[12.30793,45.44398],[12.30577,45.44382],[12.30205,45.43928],[12.30432,45.43827],[12.30733,45.44181],[12.3093,45.44093],[12.30369,45.43436],[12.30625,45.43326],[12.31102,45.43885],[12.31269,45.43819],[12.31217,45.43723],[12.30798,45.4324],[12.31186,45.43115],[12.31569,45.43131],[12.32163,45.43065],[12.32977,45.42865],[12.3316,45.42841],[12.33384,45.42886],[12.33573,45.43036],[12.33709,45.43098],[12.33736,45.4323],[12.34093,45.43338],[12.34449,45.43377],[12.34802,45.43322],[12.35057,45.43183],[12.35516,45.42968],[12.35787,45.42734],[12.36153,45.42512],[12.36384,45.4247],[12.36655,45.42542],[12.3658,45.42775],[12.36696,45.42823],[12.36272,45.4326],[12.36128,45.43327],[12.36129,45.43434],[12.35957,45.43554],[12.35914,45.43646],[12.36187,45.43791],[12.36308,45.43809],[12.36303,45.43968],[12.36219,45.4408],[12.35906,45.44005],[12.35674,45.43846],[12.35403,45.43802],[12.34715,45.4393],[12.33677,45.44511],[12.3361,45.44423],[12.33427,45.44507],[12.33552,45.44633],[12.33276,45.44753],[12.32896,45.44869],[12.32618,45.44933],[12.32162,45.44784],[12.31895,45.44773],[12.31832,45.44675],[12.31657,45.44543],[12.31674,45.44417],[12.31384,45.44563],[12.28048,45.46432],[12.28179,45.46557],[12.28476,45.46725],[12.28187,45.47111],[12.28238,45.47318],[12.27893,45.47757],[12.28471,45.4781],[12.28635,45.47802],[12.29023,45.47869],[12.29115,45.47917],[12.29512,45.47995],[12.29626,45.47813],[12.30045,45.47847],[12.30137,45.47888],[12.29986,45.4813],[12.30476,45.48314],[12.30578,45.48306],[12.30782,45.48417],[12.31584,45.4874],[12.32256,45.49168],[12.33334,45.49796],[12.33424,45.49833],[12.33614,45.50054],[12.33753,45.50045],[12.33452,45.49809],[12.33444,45.49661],[12.33142,45.49299],[12.32995,45.49088],[12.33088,45.48908],[12.33505,45.49191],[12.33681,45.4909],[12.34021,45.49268],[12.34237,45.49447],[12.34232,45.49547],[12.36812,45.51562],[12.36853,45.51705],[12.37014,45.51832],[12.36872,45.51941],[12.37202,45.52108],[12.3797,45.51965],[12.38546,45.51877],[12.38806,45.51892],[12.38718,45.51604],[12.38949,45.51672],[12.39356,45.51886],[12.39347,45.51999],[12.3942,45.52427],[12.39401,45.52627],[12.39508,45.52869],[12.39504,45.53281],[12.39704,45.53402],[12.40032,45.53266],[12.40072,45.53418],[12.40446,45.53678],[12.40479,45.5356],[12.40399,45.5349],[12.40405,45.53353],[12.40525,45.53219],[12.4094,45.53274],[12.41073,45.5323],[12.41125,45.53358],[12.41093,45.53528],[12.41002,45.53694],[12.40965,45.53853],[12.41011,45.54173],[12.41349,45.5423],[12.41368,45.54431],[12.41566,45.54515],[12.42449,45.5417],[12.42683,45.53792],[12.42873,45.53613],[12.42944,45.53485],[12.42938,45.5335],[12.4278,45.53079],[12.42693,45.52877],[12.42731,45.52738],[12.42862,45.52633],[12.43267,45.52684],[12.43571,45.52798],[12.43674,45.52894],[12.4356,45.53084],[12.43843,45.53252],[12.43723,45.53416],[12.43898,45.53583],[12.44129,45.53636],[12.44411,45.53612],[12.44626,45.53481],[12.44704,45.53582],[12.44934,45.53683],[12.45087,45.53867],[12.45193,45.54253],[12.45187,45.54485],[12.45649,45.5451],[12.45894,45.54547],[12.4586,45.54805],[12.4571,45.55273],[12.45892,45.55307],[12.45992,45.55398],[12.46375,45.55557],[12.46555,45.55739],[12.46777,45.55903],[12.46997,45.56008],[12.47173,45.5616],[12.47362,45.56206],[12.4866,45.56466],[12.5046,45.5688],[12.50531,45.56877],[12.51293,45.57066],[12.51541,45.571],[12.53342,45.57468],[12.53599,45.57492],[12.54009,45.57572],[12.53931,45.57456],[12.54043,45.57323],[12.53941,45.57029],[12.53754,45.56823],[12.53918,45.5681],[12.54149,45.56576],[12.5423,45.56422],[12.54466,45.56346],[12.54918,45.56445],[12.5514,45.56406],[12.55247,45.56344],[12.55343,45.56169],[12.55388,45.55976],[12.55741,45.55877],[12.55886,45.55892],[12.55968,45.56036],[12.56025,45.56337],[12.56228,45.56467],[12.57324,45.55165],[12.57359,45.55141],[12.5966,45.54527],[12.59285,45.54163],[12.58776,45.53945],[12.58571,45.53818],[12.58443,45.53511],[12.58355,45.53365],[12.58069,45.53178],[12.5809,45.52996],[12.58039,45.52892],[12.57669,45.52786],[12.57245,45.52731],[12.57075,45.52513],[12.56821,45.52538],[12.56744,45.52438],[12.56317,45.52195],[12.56078,45.52099],[12.54686,45.51401],[12.54567,45.51368],[12.54485,45.51204],[12.54294,45.51109],[12.54223,45.51007],[12.53985,45.51055],[12.53874,45.5128],[12.53623,45.51312],[12.53196,45.5127],[12.53237,45.51189],[12.53126,45.50913],[12.53343,45.50655],[12.533,45.50378],[12.53211,45.50314],[12.52817,45.50124],[12.52963,45.50033],[12.53139,45.49982],[12.53333,45.50022],[12.53543,45.50108],[12.53643,45.5024],[12.53968,45.50462],[12.54545,45.50716],[12.54275,45.50999],[12.54343,45.51098],[12.54511,45.51207],[12.54608,45.51338],[12.54948,45.51488],[12.55972,45.52005],[12.56412,45.52192],[12.56744,45.52403],[12.5708,45.52465],[12.57364,45.52667],[12.57708,45.52678],[12.57841,45.5263],[12.58436,45.52517],[12.5861,45.52588],[12.58854,45.52782],[12.58951,45.52921],[12.58954,45.53111],[12.59515,45.53527],[12.59765,45.53695],[12.60349,45.53846],[12.60501,45.53847],[12.60832,45.53694],[12.61095,45.53626],[12.61358,45.53672],[12.61566,45.53752],[12.61763,45.53757],[12.61971,45.53654],[12.62174,45.53704],[12.62991,45.53512],[12.63184,45.53434],[12.6315,45.53064],[12.63316,45.52824],[12.63071,45.52184],[12.62882,45.51821],[12.62761,45.51644],[12.62413,45.51353],[12.62223,45.51279],[12.61927,45.51462],[12.61818,45.51478],[12.61304,45.51462],[12.61333,45.51596],[12.61479,45.51914],[12.614,45.51913],[12.61199,45.51472],[12.60259,45.51522],[12.59631,45.51254],[12.59353,45.51114],[12.59145,45.50923],[12.59134,45.50802],[12.58965,45.5074],[12.58695,45.50581],[12.58309,45.50693],[12.58236,45.50638],[12.58032,45.50616],[12.57711,45.50527],[12.5736,45.50256],[12.57142,45.50274],[12.57002,45.50202],[12.56965,45.50021],[12.56893,45.50015],[12.5706,45.49651],[12.5728,45.49597],[12.57493,45.49602],[12.57602,45.49538],[12.5745,45.4935],[12.57295,45.49297],[12.56966,45.49073],[12.56826,45.49036],[12.5668,45.4893],[12.56222,45.48695],[12.55895,45.48654],[12.55754,45.48667],[12.55577,45.48777],[12.55432,45.48726],[12.55355,45.48596],[12.55238,45.48622],[12.55399,45.49089],[12.55369,45.49231],[12.5519,45.49477],[12.55037,45.49585],[12.54489,45.49892],[12.54064,45.49986],[12.53843,45.49993],[12.53468,45.499],[12.53203,45.49881],[12.52862,45.4994],[12.52597,45.50103],[12.52518,45.50271],[12.51655,45.50292],[12.51156,45.50279],[12.50936,45.5036],[12.50757,45.50342],[12.50515,45.49976],[12.50435,45.49813],[12.5026,45.49711],[12.49937,45.49759],[12.49725,45.49671],[12.49556,45.4968],[12.49349,45.49779],[12.49267,45.49863],[12.49077,45.49853],[12.48726,45.49952],[12.48563,45.49897],[12.48455,45.49729],[12.48367,45.49382],[12.4812,45.49214],[12.47828,45.49164],[12.47512,45.49224],[12.47771,45.48962],[12.47831,45.48776],[12.47776,45.4846],[12.4745,45.48078],[12.47198,45.47829],[12.46826,45.47541],[12.46579,45.47443],[12.46367,45.47393],[12.45984,45.47393],[12.45278,45.47357],[12.4453,45.47065],[12.4443,45.46778],[12.44129,45.46374],[12.44142,45.46315],[12.43915,45.46052],[12.43756,45.45814],[12.43495,45.45572],[12.43234,45.45383],[12.42805,45.45028],[12.42702,45.44976],[12.42457,45.44749],[12.4234,45.44595],[12.421,45.442],[12.42112,45.43757],[12.42194,45.43493],[12.42456,45.43148],[12.42733,45.42889],[12.43128,45.42608],[12.43377,45.42458],[12.43537,45.42644],[12.4373,45.42777],[12.44328,45.43256],[12.44605,45.43444],[12.45074,45.43728],[12.45381,45.43892],[12.46317,45.44315],[12.46993,45.44605],[12.47363,45.44684],[12.47672,45.44816],[12.47823,45.44907],[12.48088,45.44997],[12.48373,45.44989],[12.48805,45.451],[12.4891,45.45153],[12.49874,45.45418],[12.5038,45.45542],[12.50653,45.45625],[12.51023,45.45697],[12.51241,45.45797],[12.51659,45.45932],[12.52423,45.46111],[12.52603,45.46177],[12.53388,45.464],[12.53544,45.46489],[12.54227,45.46716],[12.54346,45.4674],[12.54842,45.4693],[12.54918,45.46996],[12.55143,45.47073],[12.55664,45.47208],[12.56078,45.47344],[12.56256,45.47381],[12.56758,45.47555],[12.57267,45.47626],[12.5756,45.47726],[12.57771,45.4775],[12.58025,45.47841],[12.58392,45.47825],[12.58397,45.47916],[12.58869,45.48158],[12.60018,45.48673],[12.61125,45.49134],[12.61528,45.49292],[12.62172,45.49505],[12.62847,45.49762],[12.63261,45.4994],[12.64859,45.50497],[12.65455,45.50679],[12.65761,45.50793],[12.66521,45.51021],[12.6742,45.5134],[12.68391,45.51654],[12.68533,45.51679],[12.69049,45.5184],[12.69781,45.52029],[12.70293,45.52129],[12.70755,45.52238],[12.71004,45.52231],[12.71681,45.52415],[12.71865,45.52428],[12.72171,45.52563],[12.72405,45.52758],[12.72541,45.52919],[12.72981,45.52895],[12.73589,45.53135],[12.73909,45.53289],[12.74866,45.53712],[12.75269,45.53863],[12.76719,45.54536],[12.77076,45.54747],[12.78784,45.55673],[12.79202,45.5586],[12.79866,45.56188],[12.80584,45.56467],[12.81246,45.56674],[12.81298,45.56711],[12.82038,45.5706],[12.82663,45.57321],[12.83721,45.57777],[12.83994,45.57869],[12.84739,45.58176],[12.85252,45.58363],[12.85841,45.58538],[12.86399,45.58738],[12.86279,45.59073],[12.86548,45.59001],[12.86683,45.58842],[12.86861,45.58969],[12.87417,45.59267],[12.87741,45.59384],[12.88536,45.59721],[12.88777,45.59729],[12.88911,45.59778],[12.89325,45.60048],[12.89144,45.60113],[12.89177,45.60218],[12.89479,45.60382],[12.89988,45.60713],[12.90096,45.60905],[12.9027,45.61069],[12.90868,45.61476],[12.91323,45.61509],[12.91393,45.61315],[12.91704,45.61287],[12.92262,45.61382],[12.94551,45.61932],[12.95516,45.6213],[12.96316,45.62244],[12.96923,45.62285],[12.97193,45.6246],[12.97363,45.62536],[12.97833,45.62533],[12.98012,45.62515],[12.98425,45.62529],[13.00077,45.62756],[13.00873,45.62849],[13.02173,45.62972],[13.02816,45.63017],[13.034,45.6304],[13.0532,45.63049],[13.05974,45.63077],[13.06731,45.63148],[13.07474,45.63247],[13.08282,45.63392],[13.08676,45.63443],[13.09256,45.63555],[13.09384,45.63534],[13.09738,45.63574],[13.09989,45.63915],[13.09993,45.64023],[13.09867,45.64105],[13.0982,45.64331],[13.09879,45.64453],[13.0992,45.64538],[13.10169,45.64596],[13.10324,45.65166],[13.10677,45.65899],[13.10808,45.66034],[13.10931,45.66279],[13.11282,45.66621],[13.11466,45.66743],[13.11755,45.66993],[13.11951,45.67129],[13.14104,45.6842],[13.14738,45.68861],[13.15227,45.69337],[13.15361,45.69646],[13.15185,45.70029],[13.14883,45.69885],[13.14597,45.6997],[13.14527,45.69874],[13.14284,45.69807],[13.14212,45.69687],[13.13924,45.6953],[13.1346,45.69232],[13.13074,45.69093],[13.12496,45.68942],[13.12063,45.68869],[13.11787,45.68767],[13.11267,45.68628],[13.10756,45.68551],[13.10607,45.68643],[13.10692,45.68715],[13.10455,45.68838],[13.10365,45.68731],[13.10231,45.6883],[13.0981,45.68939],[13.09715,45.68767],[13.09061,45.68947],[13.08998,45.69001],[13.08632,45.69007],[13.08214,45.69062],[13.07984,45.69032],[13.07645,45.69062],[13.07623,45.69209],[13.07779,45.69304],[13.07772,45.69587],[13.0791,45.69599],[13.07964,45.69713],[13.07866,45.69794],[13.07766,45.69698],[13.07349,45.70106],[13.07192,45.7069],[13.06848,45.70893],[13.06723,45.71049],[13.06719,45.71124],[13.06932,45.71193],[13.06999,45.71363],[13.07147,45.71339],[13.07615,45.71393],[13.07777,45.71365],[13.0791,45.71267],[13.08024,45.71111],[13.08118,45.71103],[13.08145,45.71298],[13.08116,45.71424],[13.07921,45.71587],[13.07705,45.71568],[13.07577,45.716],[13.07656,45.71703],[13.07855,45.71706],[13.08029,45.71763],[13.08053,45.71881],[13.08167,45.71936],[13.08413,45.71905],[13.08504,45.7181],[13.08753,45.71833],[13.08669,45.72013],[13.0865,45.72172],[13.08766,45.72258],[13.09079,45.72363],[13.09071,45.72451],[13.08922,45.7254],[13.09165,45.72733],[13.09112,45.7287],[13.09009,45.72899],[13.09041,45.73012],[13.09262,45.7335],[13.09236,45.7342],[13.0971,45.73443],[13.10381,45.73595],[13.10619,45.73637],[13.10582,45.7372],[13.1066,45.73815],[13.10625,45.7432],[13.10805,45.74533],[13.11144,45.74787],[13.11273,45.74983],[13.11397,45.75063],[13.11606,45.75089],[13.11646,45.75232],[13.11372,45.75467],[13.11238,45.75773],[13.11263,45.75928],[13.1144,45.76044],[13.11843,45.76152],[13.11886,45.76126],[13.12429,45.76185],[13.12348,45.76282],[13.12419,45.76433],[13.12536,45.76567],[13.12514,45.76727],[13.13026,45.76915],[13.12967,45.77142],[13.13085,45.77184],[13.13171,45.76987],[13.13222,45.76658],[13.13306,45.76505],[13.13775,45.76242],[13.14004,45.76033],[13.14018,45.75833],[13.13898,45.75792],[13.13593,45.75843],[13.13539,45.75791],[13.13731,45.75686],[13.13917,45.75428],[13.14357,45.75117],[13.14637,45.751],[13.15138,45.75401],[13.15329,45.75398],[13.15481,45.75845],[13.1564,45.76048],[13.15799,45.76034],[13.15653,45.7577],[13.15457,45.75634],[13.15428,45.7552],[13.15643,45.75542],[13.1609,45.7528],[13.16239,45.75436],[13.1645,45.75516],[13.16529,45.757],[13.16513,45.7577],[13.16615,45.76239],[13.16828,45.7632],[13.17474,45.76195],[13.18328,45.76217],[13.18073,45.76482],[13.18216,45.76533],[13.182,45.76744],[13.18275,45.76934],[13.18238,45.77077],[13.18246,45.7733],[13.18492,45.77385],[13.1861,45.77232],[13.18778,45.7717],[13.19116,45.7722],[13.19181,45.77357],[13.1911,45.77484],[13.19286,45.7747],[13.19366,45.77337],[13.19581,45.77209],[13.19605,45.77127],[13.19751,45.77088],[13.19847,45.76983],[13.19919,45.76702],[13.20174,45.76758],[13.20216,45.7663],[13.20524,45.76609],[13.20902,45.76734],[13.21021,45.76739],[13.21142,45.76819],[13.21348,45.77142],[13.21571,45.77231],[13.21983,45.77222],[13.22185,45.77179],[13.22287,45.77044],[13.22313,45.76857],[13.22321,45.76393],[13.22516,45.76096],[13.22673,45.75765],[13.22695,45.7555],[13.22975,45.7543],[13.2312,45.75429],[13.23506,45.75339],[13.23733,45.75428],[13.23834,45.75285],[13.24463,45.75271],[13.2463,45.75226],[13.24673,45.75147],[13.24876,45.75055],[13.25145,45.75024],[13.25258,45.75051],[13.25481,45.7503],[13.25604,45.7507],[13.2585,45.75057],[13.25978,45.75182],[13.2612,45.75225],[13.26338,45.7521],[13.26369,45.75065],[13.26452,45.75011],[13.26626,45.75063],[13.26981,45.75318],[13.27333,45.75186],[13.27383,45.75084],[13.27223,45.75053],[13.27317,45.74892],[13.2729,45.74761],[13.27562,45.74725],[13.27679,45.74832],[13.28283,45.74907],[13.28481,45.74913],[13.2873,45.75008],[13.29114,45.75023],[13.29251,45.74951],[13.29483,45.74924],[13.29657,45.74811],[13.30228,45.74898],[13.30416,45.74827],[13.30988,45.74814],[13.31218,45.74902],[13.31396,45.74904],[13.31538,45.74781],[13.31624,45.74786],[13.31769,45.74409],[13.32029,45.74439],[13.32418,45.74268],[13.3281,45.74324],[13.33111,45.74126],[13.33556,45.74161],[13.33942,45.74026],[13.34059,45.73708],[13.34283,45.73631],[13.34498,45.73708],[13.34644,45.73612],[13.34933,45.73561],[13.36269,45.73394],[13.36579,45.73273],[13.36984,45.7301],[13.37234,45.73062],[13.37365,45.72961],[13.37829,45.72893],[13.37905,45.72765],[13.38103,45.72713],[13.38157,45.72563],[13.3829,45.72526],[13.38584,45.72514],[13.38573,45.72306],[13.38503,45.71781],[13.38264,45.70805],[13.38256,45.70392],[13.38431,45.69075],[13.38523,45.68456],[13.38616,45.68569],[13.38509,45.6869],[13.38282,45.70387],[13.38269,45.70645],[13.38445,45.71342],[13.38579,45.71986],[13.38641,45.72511],[13.38859,45.72486],[13.38981,45.7237],[13.39203,45.724],[13.39668,45.72513],[13.39662,45.72604],[13.39843,45.72622],[13.3989,45.72544],[13.40178,45.72493],[13.40602,45.72502],[13.40783,45.72567],[13.41338,45.72482],[13.41604,45.72422],[13.41584,45.72122],[13.41867,45.7209],[13.42228,45.71782],[13.42608,45.71656],[13.42922,45.71463],[13.43106,45.71587],[13.43314,45.71809],[13.43536,45.71795],[13.43787,45.71714],[13.43909,45.71867],[13.4408,45.71997],[13.44315,45.72045],[13.44624,45.71868],[13.44762,45.71711],[13.45308,45.71723],[13.45462,45.71544],[13.45447,45.71456],[13.45198,45.71145],[13.45637,45.71037],[13.45766,45.71046],[13.45992,45.71134],[13.46382,45.7109],[13.46769,45.70889],[13.4726,45.7049],[13.47298,45.70415],[13.4773,45.704],[13.48144,45.70491],[13.48359,45.70444],[13.48606,45.70478],[13.48855,45.70587],[13.4937,45.7074],[13.49775,45.70925],[13.50312,45.71107],[13.50733,45.71271],[13.50805,45.71345],[13.51613,45.71746],[13.51774,45.71852],[13.53142,45.72383],[13.53427,45.72339],[13.53529,45.72272],[13.538,45.72272],[13.54071,45.72335],[13.54723,45.72327],[13.55216,45.72393],[13.55235,45.72487],[13.54942,45.72605],[13.55474,45.72834],[13.55402,45.72947],[13.55561,45.73206],[13.55165,45.72996],[13.54861,45.73125],[13.54632,45.73166],[13.54086,45.73336],[13.54009,45.73399],[13.5376,45.73485],[13.53542,45.73499],[13.53359,45.73727],[13.53161,45.73775],[13.52747,45.73727],[13.52646,45.73667],[13.52325,45.73879],[13.52307,45.73973],[13.52095,45.74045],[13.51871,45.74233],[13.51854,45.74304],[13.51654,45.74425],[13.51831,45.74555],[13.51851,45.74785],[13.52167,45.74859],[13.52277,45.74913],[13.52494,45.7486],[13.52397,45.75021],[13.5211,45.7513],[13.52122,45.75304],[13.52184,45.75377],[13.52092,45.75709],[13.52086,45.76253],[13.5217,45.76363],[13.52228,45.76611],[13.5246,45.76904],[13.52562,45.7709],[13.52746,45.77128],[13.52944,45.77317],[13.53217,45.77508],[13.53152,45.77582],[13.5337,45.77783],[13.5342,45.77782],[13.53688,45.78008],[13.53891,45.78022],[13.54012,45.78123],[13.5399,45.7823],[13.54298,45.78285],[13.54548,45.78493],[13.54719,45.78601],[13.54535,45.78662],[13.5419,45.78644],[13.54049,45.78482],[13.53906,45.78409],[13.53973,45.78254],[13.53841,45.78197],[13.53729,45.78307],[13.53459,45.78456],[13.5327,45.78503],[13.53234,45.78576],[13.52912,45.7889],[13.5313,45.78895],[13.53237,45.79048],[13.53333,45.78914],[13.53591,45.78701],[13.53835,45.7873],[13.53873,45.78784],[13.53777,45.78926],[13.53748,45.79078],[13.53933,45.79186],[13.53992,45.79154],[13.54211,45.7928],[13.5463,45.78921],[13.54812,45.79024],[13.54372,45.79402],[13.54206,45.79473],[13.54478,45.79555],[13.54052,45.80015],[13.54196,45.80003],[13.54776,45.79346],[13.54766,45.79319],[13.55706,45.78241],[13.55975,45.78242],[13.56171,45.78375],[13.5636,45.7833],[13.56424,45.78178],[13.55854,45.78008],[13.55986,45.77789],[13.56207,45.77844],[13.579,45.77486],[13.58011,45.77539],[13.57855,45.78721],[13.58278,45.78633],[13.58177,45.78393],[13.58195,45.78332],[13.5857,45.78245],[13.58654,45.77979],[13.58819,45.77817],[13.58869,45.77679],[13.59092,45.77534],[13.5942,45.77433],[13.59642,45.77467],[13.59815,45.77435],[13.60051,45.77197],[13.6014,45.77238],[13.60349,45.77126],[13.60518,45.77193],[13.60801,45.77213],[13.60966,45.77182],[13.61282,45.77182],[13.61497,45.77111],[13.61768,45.77067],[13.6187,45.76999],[13.62084,45.76965],[13.62277,45.76887],[13.6256,45.76908],[13.62736,45.77058],[13.62955,45.77109],[13.6318,45.77018],[13.63274,45.76914],[13.63163,45.76728],[13.63346,45.76657],[13.63484,45.76436],[13.63723,45.76266],[13.638,45.76135],[13.64163,45.75772],[13.64342,45.75646],[13.64847,45.75439],[13.65051,45.75241],[13.65431,45.75085],[13.65605,45.74937],[13.65913,45.74794],[13.66007,45.74649],[13.66497,45.74329],[13.66873,45.74121],[13.67205,45.73974],[13.67696,45.73698],[13.68071,45.73408],[13.68233,45.73233],[13.68718,45.72921],[13.68774,45.72848],[13.69045,45.72667],[13.69229,45.72513],[13.6939,45.72259],[13.69695,45.72071],[13.69822,45.71929],[13.7095,45.71219],[13.71215,45.7102],[13.71366,45.70788],[13.71328,45.70634],[13.71103,45.70457],[13.71294,45.7024],[13.71518,45.70161],[13.71689,45.70204],[13.719,45.70103],[13.72171,45.70094],[13.72503,45.69943],[13.73341,45.69622],[13.73751,45.69339],[13.74235,45.68955],[13.74581,45.68717],[13.74626,45.68616],[13.74854,45.68452],[13.75221,45.68094],[13.75336,45.6806],[13.75395,45.6781],[13.75201,45.67624],[13.75399,45.67404],[13.75615,45.67349],[13.75658,45.67193],[13.75862,45.66815],[13.75854,45.66619],[13.75915,45.66562],[13.76083,45.66609],[13.7619,45.66417],[13.76021,45.66362],[13.76251,45.65962],[13.76486,45.66027],[13.76642,45.65792],[13.76392,45.65721],[13.76428,45.65657],[13.7668,45.65729],[13.76913,45.653],[13.76854,45.65212],[13.765,45.64983],[13.76282,45.6512],[13.76209,45.65074],[13.76408,45.64916],[13.76024,45.64713],[13.75904,45.64571],[13.75786,45.64584],[13.75584,45.6468],[13.7558,45.65008],[13.75403,45.64771],[13.75185,45.64668],[13.7484,45.64451],[13.7487,45.64406],[13.7479,45.64128],[13.74388,45.6408],[13.74434,45.63915],[13.74884,45.63967],[13.74973,45.63957],[13.75382,45.63806],[13.75363,45.63757],[13.74914,45.63706],[13.7495,45.63559],[13.75754,45.6365],[13.75844,45.6364],[13.76238,45.63493],[13.7627,45.63345],[13.75493,45.63125],[13.75685,45.62791],[13.76598,45.63049],[13.76656,45.63682],[13.76771,45.63561],[13.77367,45.63537],[13.77425,45.63467],[13.7766,45.63377],[13.77816,45.6312],[13.77391,45.62982],[13.77357,45.62913],[13.77449,45.62781],[13.77573,45.62735],[13.77504,45.62583],[13.7724,45.62616],[13.77195,45.6249],[13.77599,45.62238],[13.77635,45.62021],[13.77532,45.62034],[13.77888,45.61662],[13.78234,45.61422],[13.78369,45.61371],[13.78574,45.61377],[13.78834,45.61253],[13.79074,45.61276],[13.79343,45.61177],[13.7965,45.61151],[13.79981,45.60977],[13.80188,45.61024],[13.804,45.61141],[13.81096,45.61373],[13.81227,45.61368],[13.81297,45.61256],[13.80953,45.61122],[13.80238,45.60886],[13.7973,45.60655],[13.79658,45.6056],[13.7971,45.60358],[13.79256,45.60244],[13.7906,45.60221],[13.79011,45.60123],[13.78789,45.60108],[13.78575,45.5995],[13.78543,45.59788],[13.78415,45.5987],[13.78228,45.59864],[13.77973,45.59948],[13.77784,45.60112],[13.7778,45.60254],[13.77486,45.60421],[13.77169,45.60482],[13.76977,45.60446],[13.76787,45.60505],[13.76547,45.60628],[13.76392,45.60633],[13.76167,45.60696],[13.75756,45.60754],[13.75296,45.60693],[13.75128,45.60758],[13.75127,45.60879],[13.74987,45.60928],[13.7488,45.60866],[13.74437,45.60856],[13.74106,45.60895],[13.73664,45.6106],[13.73444,45.61055],[13.7326,45.61003],[13.73077,45.60811],[13.72843,45.60647],[13.72722,45.60604],[13.7243,45.60618],[13.72157,45.60542],[13.7191,45.60569],[13.71944,45.6031],[13.72106,45.60086],[13.71991,45.60053],[13.72072,45.59803],[13.72256,45.59749],[13.72347,45.59551],[13.72508,45.59472],[13.72973,45.5954],[13.73211,45.59617],[13.73406,45.59602],[13.7367,45.59633],[13.74692,45.59792],[13.75,45.5965],[13.75285,45.59544],[13.76298,45.59141],[13.77768,45.58523],[13.78097,45.584],[13.78574,45.58349],[13.7871,45.58284],[13.7901,45.58261],[13.79213,45.58282],[13.8028,45.58157],[13.81011,45.58089],[13.82561,45.58195],[13.83908,45.58225],[13.84712,45.5846],[13.85133,45.58483],[13.85065,45.58906],[13.85317,45.5908],[13.85313,45.59181],[13.85447,45.59278],[13.85773,45.59374],[13.8602,45.59541],[13.86421,45.59582],[13.86569,45.5968],[13.86632,45.59911],[13.86798,45.60162],[13.86769,45.60376],[13.86854,45.60712],[13.8683,45.60788],[13.86905,45.60934],[13.87673,45.61085],[13.87889,45.61147],[13.88277,45.61341],[13.88334,45.61421],[13.88769,45.61618],[13.89052,45.61692],[13.89265,45.6191],[13.89538,45.62063],[13.89732,45.62074],[13.9011,45.62219],[13.90519,45.62464],[13.90685,45.62498],[13.91097,45.62759],[13.91223,45.62879],[13.91572,45.6304],[13.91831,45.6312],[13.91866,45.63352],[13.912,45.63731],[13.91112,45.638],[13.90791,45.63955],[13.90314,45.64255],[13.8955,45.64403],[13.89455,45.64503],[13.89305,45.64503],[13.87923,45.6522],[13.87525,45.65455],[13.87439,45.65475],[13.8677,45.65902],[13.85765,45.66586],[13.85401,45.67105],[13.85138,45.6733],[13.84515,45.68074],[13.83897,45.68431],[13.83606,45.68622],[13.83364,45.68709],[13.83124,45.6929],[13.83219,45.69574],[13.83593,45.69794],[13.83531,45.70034],[13.83436,45.70166],[13.83393,45.70718],[13.82632,45.71471],[13.81343,45.72198],[13.81076,45.7233],[13.80566,45.72869],[13.80252,45.73414],[13.79971,45.74038],[13.79441,45.74409],[13.78586,45.74774],[13.78425,45.7483],[13.77986,45.74842],[13.77834,45.74892],[13.77455,45.74884],[13.77229,45.75003],[13.77163,45.74988],[13.76557,45.75089],[13.76555,45.75264],[13.76228,45.75623],[13.75797,45.75566],[13.74589,45.75532],[13.743,45.75688],[13.7399,45.758],[13.73851,45.7597],[13.73555,45.75958],[13.73351,45.76105],[13.73739,45.76182],[13.73514,45.76346],[13.73059,45.7661],[13.72896,45.76684],[13.72284,45.76845],[13.71956,45.77029],[13.71403,45.77231],[13.71,45.77404],[13.70083,45.77929],[13.69699,45.78292],[13.68698,45.78968],[13.68029,45.79284],[13.67929,45.79424],[13.67592,45.79256],[13.67584,45.79134],[13.6746,45.79064],[13.67376,45.79201],[13.67225,45.79545],[13.67089,45.79683],[13.67081,45.79788],[13.66936,45.7997],[13.65811,45.80036],[13.6505,45.79931],[13.64253,45.79861],[13.63752,45.79828],[13.63747,45.80137],[13.62672,45.79744],[13.62406,45.79605],[13.62345,45.79836],[13.62375,45.80016],[13.61947,45.80073],[13.61739,45.80138],[13.61524,45.80277],[13.61374,45.80317],[13.61123,45.80264],[13.60761,45.80373],[13.60412,45.804],[13.59587,45.80812],[13.59646,45.81477],[13.59715,45.81952],[13.5924,45.82337],[13.58856,45.83535],[13.57616,45.84232],[13.5746,45.84234],[13.57445,45.84336],[13.57667,45.84334],[13.57508,45.84539],[13.57673,45.85098],[13.5755,45.85223],[13.57517,45.8535],[13.57694,45.85515],[13.57986,45.85643],[13.57958,45.85727],[13.5817,45.85988],[13.58429,45.86665],[13.58725,45.87129],[13.59326,45.87468],[13.58956,45.87855],[13.58666,45.88071],[13.5865,45.88192],[13.58757,45.88374],[13.59269,45.88995],[13.59288,45.89113],[13.59415,45.89185],[13.59565,45.89147],[13.59645,45.89306],[13.5961,45.89502],[13.59994,45.89564],[13.60427,45.8975],[13.60593,45.89787],[13.60759,45.89903],[13.60893,45.89921],[13.61311,45.90686],[13.61405,45.90775],[13.61567,45.90772],[13.61645,45.91193],[13.61798,45.91561],[13.62024,45.91825],[13.6218,45.91956],[13.62259,45.92101],[13.62454,45.92018],[13.62683,45.92212],[13.62669,45.92449],[13.62902,45.92646],[13.6309,45.92981],[13.63375,45.93197],[13.63445,45.93311],[13.638,45.93516],[13.63805,45.93657],[13.63633,45.93996],[13.6367,45.94014],[13.63376,45.94688],[13.63286,45.94927],[13.63347,45.95015],[13.63404,45.95293],[13.63464,45.95413],[13.63491,45.95607],[13.63674,45.96156],[13.63824,45.96515],[13.63745,45.9664],[13.63878,45.96929],[13.64065,45.97003],[13.63995,45.97065],[13.6402,45.97398],[13.64007,45.97601],[13.63933,45.97943],[13.64304,45.9827],[13.64036,45.98441],[13.63784,45.98637],[13.63669,45.98681],[13.63351,45.98913],[13.63052,45.98715],[13.62848,45.98734],[13.6252,45.98555],[13.62087,45.9846],[13.61925,45.98336],[13.61706,45.98344],[13.61683,45.98418],[13.61514,45.98428],[13.61327,45.98533],[13.61155,45.98536],[13.60848,45.98426],[13.60596,45.98552],[13.60495,45.98685],[13.60333,45.98746],[13.59821,45.98789],[13.59712,45.9887],[13.59552,45.98876],[13.59219,45.9898],[13.59059,45.98986],[13.58895,45.98866],[13.58596,45.98863],[13.58457,45.98816],[13.58561,45.98686],[13.58423,45.98592],[13.58319,45.98593],[13.58138,45.98486],[13.58105,45.98404],[13.57899,45.98371],[13.57735,45.98273],[13.57645,45.98092],[13.57682,45.97878],[13.57519,45.97588],[13.57099,45.97258],[13.56902,45.9704],[13.56851,45.96872],[13.56777,45.96851],[13.56499,45.96899],[13.56142,45.97002],[13.55993,45.96969],[13.55464,45.97046],[13.55166,45.97054],[13.54815,45.97002],[13.5471,45.96898],[13.54631,45.96653],[13.54552,45.96563],[13.54181,45.96478],[13.5373,45.96605],[13.53534,45.9658],[13.53059,45.96625],[13.5283,45.96693],[13.52753,45.96847],[13.52765,45.97039],[13.52639,45.97267],[13.52532,45.97318],[13.52137,45.97301],[13.51829,45.97474],[13.51524,45.97875],[13.51375,45.97988],[13.51061,45.98005],[13.50852,45.97959],[13.50571,45.98056],[13.5039,45.98026],[13.50178,45.98038],[13.50041,45.98168],[13.49992,45.98294],[13.4984,45.98336],[13.49794,45.98419],[13.49631,45.98516],[13.49411,45.9879],[13.4941,45.98888],[13.49283,45.98966],[13.49109,45.99214],[13.48837,45.99408],[13.48833,45.99612],[13.48686,45.99753],[13.48595,45.99956],[13.48486,46.00053],[13.48158,46.00217],[13.48031,46.00236],[13.47863,46.00355],[13.47752,46.00563],[13.47616,46.00608],[13.47711,46.00766],[13.48097,46.00961],[13.47994,46.01042],[13.47962,46.01152],[13.48356,46.01288],[13.48498,46.0126],[13.48901,46.01488],[13.49183,46.01436],[13.49476,46.01503],[13.49694,46.01646],[13.4977,46.01879],[13.49921,46.02069],[13.49931,46.0215],[13.50076,46.02288],[13.50151,46.02451],[13.50353,46.0257],[13.50431,46.0268],[13.50481,46.03048],[13.50587,46.03089],[13.50811,46.0337],[13.5086,46.03593],[13.50888,46.03931],[13.51015,46.04212],[13.50807,46.0433],[13.50871,46.04401],[13.50849,46.04595],[13.50648,46.04586],[13.50032,46.04723],[13.49857,46.04734],[13.49632,46.04831],[13.4966,46.04968],[13.49788,46.05173],[13.49726,46.05295],[13.49752,46.05609],[13.49631,46.0583],[13.49812,46.05925],[13.49957,46.05917],[13.50054,46.06093],[13.50268,46.06254],[13.50426,46.06263],[13.50676,46.06045],[13.50913,46.06267],[13.51048,46.06286],[13.5132,46.06195],[13.51597,46.06231],[13.51876,46.06389],[13.52226,46.06521],[13.52545,46.06747],[13.52778,46.06668],[13.52974,46.06644],[13.53024,46.06738],[13.52922,46.06895],[13.52964,46.07024],[13.53202,46.06943],[13.53358,46.06985],[13.53334,46.07171],[13.53389,46.07267],[13.53611,46.07359],[13.53796,46.07474],[13.53861,46.07647],[13.54157,46.07678],[13.54275,46.07752],[13.54341,46.07919],[13.54295,46.08171],[13.54423,46.08304],[13.54639,46.08338],[13.54965,46.08212],[13.55096,46.08261],[13.55106,46.08412],[13.55238,46.08454],[13.55359,46.08373],[13.55657,46.08482],[13.55993,46.0855],[13.56091,46.08694],[13.56346,46.08783],[13.56643,46.08742],[13.5696,46.08933],[13.57075,46.08929],[13.57194,46.08845],[13.5729,46.08872],[13.57387,46.09124],[13.57539,46.09187],[13.57664,46.09298],[13.57651,46.09451],[13.57872,46.09564],[13.57904,46.09764],[13.57962,46.09824],[13.58158,46.0981],[13.58302,46.09926],[13.58319,46.10058],[13.58659,46.10011],[13.58904,46.10118],[13.59034,46.10265],[13.59271,46.10354],[13.59463,46.10365],[13.59649,46.10467],[13.59692,46.10549],[13.59638,46.10691],[13.5988,46.10744],[13.60032,46.10846],[13.5997,46.10999],[13.60198,46.11118],[13.60131,46.1128],[13.60534,46.11426],[13.60735,46.11624],[13.60999,46.11597],[13.61195,46.11691],[13.61242,46.11876],[13.61531,46.11971],[13.61662,46.12096],[13.61905,46.12095],[13.61965,46.12209],[13.62379,46.12411],[13.6266,46.12888],[13.62853,46.12908],[13.63026,46.13068],[13.63026,46.13207],[13.63192,46.1327],[13.63308,46.13395],[13.6348,46.135],[13.63674,46.13462],[13.63954,46.13454],[13.64196,46.13631],[13.64454,46.13773],[13.6452,46.13937],[13.64641,46.13977],[13.64797,46.14232],[13.64928,46.14295],[13.6498,46.145],[13.6527,46.14801],[13.65284,46.14937],[13.65467,46.15137],[13.65456,46.15402],[13.65566,46.15482],[13.65451,46.15782],[13.65347,46.15863],[13.65396,46.15985],[13.65345,46.16058],[13.65427,46.16221],[13.65617,46.16346],[13.65721,46.16466],[13.6594,46.16554],[13.66265,46.16847],[13.66367,46.17017],[13.66572,46.17205],[13.66547,46.17336],[13.66668,46.17404],[13.66522,46.17596],[13.66424,46.17797],[13.65949,46.18364],[13.65532,46.186],[13.64534,46.18921],[13.63702,46.19068],[13.63361,46.19179],[13.62244,46.18684],[13.61458,46.18433],[13.61156,46.18552],[13.61392,46.18738],[13.61272,46.18929],[13.60225,46.18833],[13.59497,46.18869],[13.5905,46.18809],[13.58995,46.18881],[13.59106,46.19005],[13.59307,46.19104],[13.5936,46.192],[13.59208,46.1931],[13.59058,46.19185],[13.5892,46.19132],[13.58685,46.18891],[13.58618,46.19064],[13.58314,46.18884],[13.58131,46.18721],[13.57789,46.18536],[13.57552,46.1857],[13.57329,46.18461],[13.57154,46.18501],[13.57074,46.1867],[13.56993,46.18725],[13.5678,46.18648],[13.56699,46.18576],[13.56541,46.18658],[13.56503,46.18838],[13.56541,46.19007],[13.56528,46.1934],[13.56606,46.19504],[13.56536,46.19594],[13.56376,46.19676],[13.56172,46.19851],[13.56196,46.19982],[13.56128,46.20054],[13.56226,46.20148],[13.56156,46.20323],[13.56193,46.20422],[13.55262,46.20898],[13.54797,46.21077],[13.54558,46.21217],[13.54063,46.21295],[13.53891,46.21355],[13.53267,46.21311],[13.52946,46.21221],[13.52925,46.21506],[13.5297,46.218],[13.52907,46.2189],[13.52483,46.21789],[13.52189,46.21784],[13.51769,46.21648],[13.51658,46.21529],[13.51546,46.2149],[13.50982,46.21578],[13.50824,46.21525],[13.50426,46.21579],[13.50293,46.21567],[13.49905,46.21725],[13.49722,46.21751],[13.4972,46.21833],[13.49941,46.21921],[13.49776,46.22001],[13.49838,46.22107],[13.49693,46.22185],[13.49411,46.22233],[13.49296,46.22287],[13.49131,46.22286],[13.4871,46.22376],[13.48504,46.22442],[13.48232,46.22483],[13.47819,46.22511],[13.47298,46.22525],[13.46542,46.22359],[13.45684,46.22612],[13.44862,46.22516],[13.44601,46.22578],[13.44404,46.22543],[13.44823,46.21625],[13.44626,46.21273],[13.43994,46.21223],[13.43592,46.21141],[13.42336,46.20605],[13.42204,46.20893],[13.41624,46.21059],[13.41144,46.2118],[13.40969,46.21396],[13.40911,46.21554],[13.41056,46.21733],[13.41361,46.21792],[13.41507,46.21869],[13.41666,46.22271],[13.41512,46.22465],[13.41162,46.22625],[13.41135,46.22738],[13.41851,46.22876],[13.42055,46.23074],[13.42253,46.23128],[13.4213,46.23316],[13.42287,46.23453],[13.42074,46.2352],[13.41921,46.23627],[13.41689,46.23708],[13.41668,46.23799],[13.41491,46.23828],[13.41317,46.2394],[13.41193,46.23899],[13.41,46.24],[13.40828,46.24214],[13.40566,46.24384],[13.40462,46.2467],[13.40441,46.24833],[13.40303,46.25],[13.40187,46.2523],[13.39884,46.25319],[13.39883,46.25403],[13.39735,46.25628],[13.39777,46.25738],[13.39649,46.25866],[13.39723,46.25973],[13.39583,46.26018],[13.39648,46.2619],[13.39509,46.26324],[13.39491,46.2644],[13.39358,46.26599],[13.39461,46.26647],[13.39477,46.26863],[13.3932,46.26976],[13.39257,46.27322],[13.39293,46.27388],[13.39172,46.27857],[13.39242,46.28117],[13.39243,46.28244],[13.39101,46.2838],[13.38827,46.28562],[13.38655,46.29071],[13.38484,46.29049],[13.38253,46.28963],[13.38187,46.28891],[13.38001,46.28894],[13.37764,46.29139],[13.37632,46.29667],[13.37549,46.29823],[13.40288,46.30014],[13.40647,46.30571],[13.40967,46.30542],[13.41444,46.30594],[13.41614,46.30531],[13.41832,46.30582],[13.41656,46.3089],[13.4157,46.30968],[13.41639,46.31256],[13.41537,46.31475],[13.41648,46.31571],[13.41816,46.31822],[13.41915,46.31846],[13.4248,46.32178],[13.42552,46.32252],[13.42818,46.32243],[13.43165,46.32263],[13.4367,46.32151],[13.43963,46.32266],[13.44019,46.32422],[13.44136,46.32529],[13.4419,46.32682],[13.44334,46.3284],[13.44395,46.33028],[13.44577,46.33074],[13.44711,46.33052],[13.44826,46.33113],[13.4481,46.33318],[13.44927,46.33513],[13.44724,46.33657],[13.4462,46.33905],[13.44452,46.34024],[13.44419,46.34433],[13.44227,46.34547],[13.44131,46.34702],[13.44258,46.34827],[13.44161,46.34896],[13.44037,46.3512],[13.4384,46.35264],[13.43699,46.35431],[13.43782,46.35632],[13.43743,46.35741],[13.43789,46.35917],[13.43904,46.36015],[13.44227,46.36025],[13.44317,46.36074],[13.4463,46.36115],[13.44787,46.3628],[13.45325,46.36288],[13.45568,46.36274],[13.45867,46.36293],[13.46116,46.36279],[13.46263,46.36212],[13.46525,46.36168],[13.46833,46.36062],[13.47288,46.36218],[13.47308,46.36287],[13.47519,46.36308],[13.47695,46.36406],[13.47807,46.36573],[13.48087,46.36713],[13.48175,46.36863],[13.48625,46.37049],[13.48891,46.36974],[13.48952,46.37013],[13.49185,46.36998],[13.49916,46.37101],[13.50139,46.37196],[13.50541,46.37455],[13.50733,46.3753],[13.5089,46.37684],[13.51034,46.37688],[13.51227,46.3763],[13.51695,46.37678],[13.518,46.37775],[13.51685,46.38023],[13.51692,46.38297],[13.51868,46.38315],[13.52184,46.38456],[13.52526,46.38658],[13.52749,46.38814],[13.53351,46.38537],[13.53869,46.38609],[13.53986,46.38706],[13.53975,46.3883],[13.54114,46.38941],[13.54155,46.39147],[13.54357,46.3914],[13.54457,46.39209],[13.5459,46.39191],[13.54784,46.39281],[13.55176,46.39237],[13.55443,46.39359],[13.55637,46.39508],[13.55616,46.39633],[13.55723,46.39669],[13.55943,46.39863],[13.56219,46.39899],[13.56399,46.39886],[13.56554,46.39797],[13.56816,46.40002],[13.57219,46.40454],[13.57336,46.40477],[13.57477,46.40855],[13.57604,46.40894],[13.57792,46.40871],[13.57772,46.41067],[13.57673,46.41418],[13.57803,46.41668],[13.57859,46.42478],[13.57978,46.42722],[13.58224,46.42905],[13.58205,46.43043],[13.58298,46.43114],[13.58408,46.43051],[13.58583,46.43073],[13.58925,46.43273],[13.59163,46.43644],[13.59528,46.43735],[13.59775,46.43938],[13.59915,46.4386],[13.60232,46.4388],[13.60496,46.44012],[13.60814,46.43973],[13.60909,46.44092],[13.61064,46.44166],[13.61467,46.43934],[13.61632,46.43925],[13.61797,46.43969],[13.61891,46.44081],[13.62192,46.44275],[13.62337,46.44206],[13.62595,46.44329],[13.62764,46.4424],[13.63119,46.44171],[13.63471,46.44199],[13.63694,46.44379],[13.6419,46.44404],[13.64577,46.44547],[13.64912,46.44633],[13.65125,46.4449],[13.65381,46.44403],[13.6542,46.4422],[13.6535,46.44134],[13.65465,46.43946],[13.65672,46.44001],[13.65781,46.43984],[13.66191,46.44001],[13.66515,46.44076],[13.66754,46.44078],[13.66835,46.44006],[13.67151,46.4396],[13.67348,46.44013],[13.67637,46.44039],[13.67948,46.43872],[13.68403,46.43747],[13.68474,46.43791],[13.68526,46.43953],[13.68926,46.43998],[13.68988,46.44088],[13.69188,46.44237],[13.69228,46.44322],[13.69371,46.44384],[13.6941,46.44631],[13.69372,46.44742],[13.69424,46.44951],[13.69509,46.45126],[13.69881,46.45671],[13.69786,46.45808],[13.69813,46.45937],[13.69675,46.46044],[13.69644,46.46264],[13.69374,46.4647],[13.69368,46.46794],[13.69942,46.4711],[13.69978,46.47264],[13.70095,46.47441],[13.70329,46.47634],[13.70722,46.47822],[13.70927,46.48012],[13.70933,46.48174],[13.708,46.48276],[13.70341,46.48442],[13.70302,46.48527],[13.70421,46.4869],[13.704,46.48817],[13.7044,46.49107],[13.70553,46.492],[13.70499,46.495],[13.70301,46.49579],[13.70385,46.49785],[13.7025,46.49874],[13.70385,46.50157],[13.71171,46.50508],[13.71546,46.50577],[13.71666,46.50731],[13.7158,46.5098],[13.71727,46.51245],[13.71708,46.51425],[13.71636,46.5158],[13.71419,46.5227],[13.71037,46.52122],[13.70854,46.52097],[13.70527,46.52103],[13.69826,46.52326],[13.69436,46.52259],[13.694,46.52193],[13.69113,46.521],[13.68635,46.52176],[13.68042,46.52168],[13.67883,46.52279],[13.67307,46.52313],[13.67117,46.52489],[13.66671,46.52678],[13.66272,46.52682],[13.65901,46.52766],[13.65845,46.52928],[13.65434,46.53074],[13.64549,46.53319],[13.64395,46.53231],[13.64061,46.53481],[13.63321,46.53764],[13.62971,46.53967],[13.62795,46.54133],[13.62109,46.54232],[13.61381,46.54246],[13.6106,46.54362],[13.6068,46.54347],[13.60574,46.54302],[13.60105,46.54313],[13.59738,46.54568],[13.592,46.54616],[13.59057,46.54506],[13.58716,46.54458],[13.58369,46.54176],[13.58293,46.53968],[13.5763,46.538],[13.57092,46.53884],[13.56929,46.53968],[13.56997,46.54049],[13.56929,46.542],[13.56929,46.54451],[13.56849,46.54649],[13.5666,46.54804],[13.56428,46.54862],[13.56368,46.55107],[13.56095,46.55188],[13.55751,46.55125],[13.54605,46.55361],[13.54266,46.5536],[13.53924,46.55287],[13.53833,46.5514],[13.53486,46.54965],[13.52963,46.54934],[13.51989,46.5469],[13.51493,46.54863],[13.51193,46.55219],[13.51152,46.55541],[13.5054,46.55592],[13.50554,46.55711],[13.50716,46.55868],[13.50713,46.56008],[13.50628,46.56162],[13.50655,46.56229],[13.50425,46.5663],[13.49901,46.56587],[13.49574,46.56435],[13.48313,46.56102],[13.4784,46.5607],[13.47635,46.55944],[13.47473,46.55734],[13.46915,46.55738],[13.46218,46.55912],[13.46132,46.55852],[13.45389,46.55945],[13.45078,46.55897],[13.44972,46.55737],[13.44606,46.55651],[13.44203,46.55679],[13.43977,46.55778],[13.43883,46.55903],[13.43664,46.55924],[13.42659,46.5576],[13.42321,46.55879],[13.41868,46.55923],[13.41638,46.56037],[13.41083,46.56076],[13.40751,46.56149],[13.40698,46.56425],[13.40789,46.56849],[13.40876,46.5708],[13.40783,46.57163],[13.40577,46.572],[13.40174,46.5717],[13.39809,46.57278],[13.3968,46.57385],[13.38859,46.57667],[13.3819,46.57686],[13.37692,46.57839],[13.37445,46.57856],[13.37225,46.57927],[13.371,46.57663],[13.3684,46.57377],[13.37019,46.57107],[13.37088,46.56732],[13.3705,46.56699],[13.36694,46.56904],[13.36289,46.57007],[13.35617,46.56854],[13.35578,46.56798],[13.35248,46.5665],[13.35007,46.56769],[13.34843,46.56737],[13.34585,46.56846],[13.34473,46.56999],[13.34357,46.56926],[13.34251,46.56783],[13.33938,46.56638],[13.33839,46.56511],[13.33819,46.56369],[13.3365,46.56385],[13.33234,46.56081],[13.33206,46.55946],[13.32769,46.55812],[13.32597,46.55563],[13.32315,46.5545],[13.32196,46.55227],[13.31997,46.55293],[13.31522,46.55241],[13.31207,46.55312],[13.31072,46.55393],[13.30717,46.5546],[13.30407,46.55684],[13.30064,46.55821],[13.30022,46.55909],[13.29756,46.56029],[13.29501,46.56046],[13.28783,46.55918],[13.2853,46.55708],[13.28464,46.55795],[13.28242,46.55818],[13.2813,46.55897],[13.27924,46.55904],[13.27695,46.56009],[13.27453,46.55993],[13.27328,46.56094],[13.26818,46.56091],[13.26702,46.55973],[13.26488,46.5588],[13.2624,46.55833],[13.26105,46.5573],[13.25651,46.55902],[13.25584,46.55994],[13.25258,46.56044],[13.2517,46.55971],[13.24882,46.55916],[13.24605,46.55599],[13.24219,46.55606],[13.2412,46.5555],[13.2398,46.55169],[13.23885,46.5525],[13.23612,46.5536],[13.23257,46.55362],[13.23287,46.5557],[13.23221,46.55794],[13.23238,46.55895],[13.23115,46.56004],[13.22889,46.56101],[13.22773,46.56312],[13.22651,46.56422],[13.22426,46.56506],[13.22208,46.56522],[13.22067,46.56593],[13.21878,46.56813],[13.21883,46.56954],[13.21736,46.57049],[13.21601,46.57061],[13.21286,46.56951],[13.20902,46.56927],[13.20334,46.57224],[13.19729,46.57138],[13.19324,46.57234],[13.1889,46.57475],[13.18676,46.57539],[13.18576,46.57626],[13.17914,46.5778],[13.17882,46.57911],[13.17742,46.57953],[13.17708,46.58171],[13.17505,46.58192],[13.17447,46.58267],[13.17138,46.58349],[13.16865,46.58494],[13.1692,46.58598],[13.16854,46.5873],[13.1686,46.5889],[13.1655,46.58926],[13.16256,46.5882],[13.15528,46.58909],[13.15322,46.58878],[13.15091,46.59002],[13.1499,46.58908],[13.14803,46.58863],[13.14634,46.58709],[13.14382,46.58763],[13.14214,46.58979],[13.13795,46.59067],[13.13769,46.59128],[13.13474,46.59077],[13.13306,46.59168],[13.13049,46.59124],[13.12829,46.59188],[13.12657,46.59158],[13.12579,46.59092],[13.12415,46.59166],[13.12178,46.59174],[13.11971,46.59334],[13.11773,46.59418],[13.11386,46.59392],[13.11281,46.59498],[13.10902,46.59603],[13.10593,46.59437],[13.10413,46.59531],[13.10269,46.59539],[13.0967,46.59731],[13.09233,46.60039],[13.08375,46.60205],[13.0814,46.60013],[13.07896,46.59914],[13.07744,46.59968],[13.07504,46.59929],[13.07396,46.59958],[13.07248,46.59876],[13.07036,46.59971],[13.06861,46.59889],[13.06344,46.59989],[13.06244,46.59944],[13.06133,46.59719],[13.06047,46.59693],[13.05607,46.59759],[13.05165,46.59702],[13.04902,46.59557],[13.04663,46.5953],[13.04467,46.59564],[13.0427,46.59681],[13.04096,46.59723],[13.03596,46.59645],[13.03344,46.59655],[13.03259,46.59601],[13.02763,46.59721],[13.02744,46.59846],[13.0259,46.59986],[13.0215,46.60222],[13.02062,46.60054],[13.01882,46.60079],[13.017,46.60187],[13.015,46.60109],[13.01263,46.60096],[13.00737,46.59923],[13.00499,46.60015],[13.00174,46.60232],[12.99916,46.60247],[12.99511,46.60139],[12.99314,46.60173],[12.99163,46.59967],[12.98993,46.59996],[12.98719,46.59944],[12.98342,46.60046],[12.98226,46.60115],[12.98204,46.6022],[12.97999,46.60193],[12.97762,46.60068],[12.97686,46.60182],[12.97546,46.60173],[12.9729,46.60269],[12.97168,46.6022],[12.97136,46.60381],[12.9685,46.60343],[12.96669,46.60512],[12.96453,46.60526],[12.96322,46.60446],[12.96173,46.60459],[12.95655,46.6065],[12.95587,46.60537],[12.9543,46.60552],[12.95353,46.60446],[12.95204,46.60415],[12.94889,46.60224],[12.94815,46.60288],[12.94497,46.60357],[12.9396,46.60554],[12.93591,46.60791],[12.93401,46.60829],[12.93358,46.6097],[12.93181,46.60973],[12.92788,46.61055],[12.92723,46.60991],[12.92508,46.60976],[12.92423,46.60898],[12.92037,46.60873],[12.91251,46.60916],[12.91005,46.60967],[12.90796,46.60812],[12.90512,46.60759],[12.89906,46.60971],[12.89625,46.60948],[12.89387,46.60806],[12.8918,46.60807],[12.891,46.6073],[12.88808,46.60664],[12.88677,46.60727],[12.88211,46.60714],[12.88058,46.60765],[12.87925,46.60871],[12.87739,46.60917],[12.87311,46.6075],[12.86947,46.60838],[12.867,46.60965],[12.86545,46.60989],[12.86047,46.6063],[12.85693,46.60522],[12.85271,46.60461],[12.85038,46.60556],[12.84771,46.60544],[12.84567,46.60615],[12.8426,46.60634],[12.84147,46.60722],[12.83734,46.60796],[12.83368,46.60988],[12.8331,46.61215],[12.83455,46.61433],[12.83351,46.61689],[12.83422,46.6199],[12.83342,46.62144],[12.83514,46.62297],[12.83546,46.62434],[12.83729,46.62725],[12.83093,46.62896],[12.83127,46.6313],[12.82907,46.6313],[12.8274,46.63003],[12.82543,46.62952],[12.82429,46.62981],[12.82297,46.62893],[12.81899,46.62818],[12.81712,46.62968],[12.81657,46.63143],[12.8117,46.63088],[12.80906,46.6311],[12.80858,46.6317],[12.80553,46.63294],[12.80419,46.63308],[12.80351,46.63387],[12.80166,46.63445],[12.79599,46.63861],[12.79541,46.64026],[12.79541,46.64241],[12.78686,46.64381],[12.78437,46.645],[12.78,46.64542],[12.77585,46.6467],[12.76651,46.64637],[12.76259,46.64795],[12.75642,46.64719],[12.75364,46.64559],[12.75103,46.64538],[12.75001,46.64435],[12.74752,46.64301],[12.74541,46.64023],[12.7451,46.6378],[12.74022,46.6365],[12.73776,46.63487],[12.73541,46.63497],[12.73499,46.6357],[12.73139,46.63429],[12.73013,46.63472],[12.72817,46.63658],[12.72858,46.63786],[12.7268,46.64041],[12.72161,46.64167],[12.72098,46.64282],[12.71937,46.64395],[12.71878,46.64529],[12.71933,46.646],[12.71674,46.64686],[12.7167,46.64872],[12.71592,46.6492],[12.71321,46.64891],[12.71035,46.65014],[12.70767,46.64989],[12.70186,46.6508],[12.69945,46.65149],[12.69482,46.65353],[12.69386,46.65458],[12.69173,46.65548],[12.69064,46.65697],[12.68644,46.657],[12.68452,46.65621],[12.68204,46.6559],[12.67997,46.65663],[12.67847,46.65652],[12.67575,46.65759],[12.66949,46.65726],[12.66549,46.65786],[12.6604,46.65695],[12.65789,46.65725],[12.65569,46.65559],[12.65391,46.65566],[12.65055,46.65305],[12.6445,46.65283],[12.64172,46.65199],[12.63987,46.6536],[12.63688,46.65366],[12.63363,46.65499],[12.63206,46.65696],[12.63204,46.65946],[12.63104,46.66139],[12.62797,46.66073],[12.62509,46.66171],[12.62219,46.66127],[12.61922,46.66187],[12.61649,46.66016],[12.61286,46.65827],[12.60831,46.65796],[12.60363,46.65614],[12.59488,46.6568],[12.58601,46.65637],[12.58309,46.65675],[12.58082,46.65621],[12.57836,46.65682],[12.5764,46.65634],[12.57439,46.6544],[12.57113,46.65291],[12.57007,46.65145],[12.56515,46.65177],[12.56126,46.65251],[12.55984,46.6532],[12.5596,46.65469],[12.55878,46.65585],[12.55863,46.65725],[12.55124,46.65876],[12.5471,46.6593],[12.54397,46.66251],[12.54339,46.66242],[12.5402,46.66418],[12.53664,46.66743],[12.53315,46.66781],[12.52959,46.66992],[12.52867,46.67008],[12.52797,46.67149],[12.52872,46.67371],[12.52419,46.6755],[12.52307,46.67549],[12.5202,46.67701],[12.51852,46.67692],[12.51601,46.6786],[12.50616,46.6778],[12.50529,46.67969],[12.50184,46.6806],[12.49931,46.67777],[12.49715,46.67831],[12.49582,46.67693],[12.49299,46.67742],[12.49063,46.67666],[12.48752,46.67729],[12.48127,46.67701],[12.4799,46.67725],[12.47792,46.67984],[12.47234,46.67795],[12.46343,46.67565],[12.46049,46.6751],[12.45879,46.67418],[12.45535,46.67396],[12.45317,46.67305],[12.44996,46.67256],[12.44812,46.67157],[12.44364,46.67053],[12.43889,46.66916],[12.43617,46.66896],[12.43416,46.66838],[12.43311,46.66749],[12.42875,46.66284],[12.4177,46.65312],[12.41498,46.65057],[12.40908,46.64643],[12.40548,46.64311],[12.3998,46.64281],[12.3911,46.64161],[12.38511,46.64341],[12.38162,46.6436],[12.3798,46.64292],[12.37812,46.63868],[12.37841,46.6367],[12.37926,46.63587],[12.38163,46.63476],[12.38251,46.6336],[12.38291,46.63198],[12.38361,46.6313],[12.38776,46.62971],[12.38985,46.62755],[12.38915,46.62526],[12.38778,46.62409],[12.38382,46.62266],[12.37818,46.62251],[12.37645,46.62215],[12.37399,46.62093],[12.37048,46.62],[12.36662,46.61963],[12.36004,46.61959],[12.35674,46.6213],[12.35337,46.62211],[12.34985,46.62424],[12.34674,46.62422],[12.34143,46.63],[12.34203,46.63088],[12.33996,46.6325],[12.33965,46.6315],[12.33726,46.62905],[12.33461,46.62846],[12.33023,46.62955],[12.32722,46.62925],[12.325,46.62952],[12.32061,46.62927],[12.31596,46.62999],[12.31484,46.62583],[12.31625,46.62416],[12.31369,46.6234],[12.31031,46.62181],[12.30878,46.62081],[12.30549,46.61927],[12.30135,46.61889],[12.29722,46.61894],[12.29469,46.61824],[12.29286,46.61816],[12.28957,46.61867],[12.28573,46.61796],[12.28383,46.61803],[12.28073,46.61935],[12.27912,46.61965],[12.27614,46.62127],[12.27145,46.62065],[12.27012,46.62104],[12.26681,46.62642],[12.26387,46.62561],[12.26419,46.62776],[12.26183,46.62813],[12.26125,46.62913],[12.25573,46.62716],[12.25285,46.62594],[12.24764,46.62309],[12.24468,46.6241],[12.24187,46.61633],[12.23221,46.61405],[12.22753,46.61279],[12.22112,46.61137],[12.21429,46.60958],[12.21245,46.60896],[12.21092,46.60785],[12.21014,46.60528],[12.20621,46.60221],[12.20382,46.59929],[12.20085,46.59784],[12.19879,46.59747],[12.19571,46.59519],[12.19227,46.59457],[12.1917,46.59668],[12.19298,46.6003],[12.19337,46.60256],[12.19449,46.60491],[12.19637,46.60767],[12.19657,46.60845],[12.19565,46.61026],[12.19361,46.61194],[12.19323,46.6133],[12.19326,46.61569],[12.19429,46.61934],[12.19544,46.62191],[12.19252,46.6218],[12.18517,46.62064],[12.18222,46.62102],[12.17992,46.62385],[12.17665,46.62844],[12.17273,46.63293],[12.17136,46.6341],[12.16748,46.63413],[12.16462,46.63511],[12.16321,46.63621],[12.16111,46.63683],[12.15658,46.63566],[12.15354,46.63448],[12.1495,46.63393],[12.14813,46.63425],[12.14515,46.63408],[12.14321,46.63613],[12.14041,46.6376],[12.13965,46.63862],[12.13914,46.64269],[12.13734,46.64378],[12.13554,46.6441],[12.13002,46.64413],[12.12689,46.64485],[12.11652,46.6503],[12.11291,46.65191],[12.11003,46.65381],[12.10897,46.65653],[12.10751,46.65816],[12.10438,46.65927],[12.09996,46.6613],[12.0939,46.66246],[12.09131,46.66464],[12.0891,46.66748],[12.08209,46.66748],[12.07993,46.66913],[12.07851,46.67151],[12.07659,46.67381],[12.07476,46.67458],[12.0683,46.67512],[12.06894,46.66642],[12.06958,46.66411],[12.07109,46.66105],[12.07085,46.65857],[12.06875,46.65574],[12.0665,46.65324],[12.06659,46.65274],[12.07423,46.64262],[12.06979,46.64076],[12.06864,46.63843],[12.06754,46.63447],[12.06482,46.6232],[12.0641,46.6217],[12.06276,46.62065],[12.06116,46.62018],[12.05768,46.61971],[12.05304,46.61797],[12.05179,46.61454],[12.05212,46.61257],[12.05168,46.61025],[12.05032,46.60918],[12.04699,46.60812],[12.04455,46.60761],[12.04456,46.60623],[12.04627,46.60403],[12.04876,46.6017],[12.04966,46.59948],[12.04952,46.5957],[12.0498,46.59376],[12.0494,46.59213],[12.048,46.58857],[12.04711,46.58557],[12.04635,46.58415],[12.0438,46.58192],[12.04093,46.58046],[12.03675,46.57876],[12.03517,46.57771],[12.03326,46.57557],[12.03291,46.57453],[12.03299,46.57228],[12.03126,46.57102],[12.02871,46.56808],[12.02795,46.56633],[12.02787,46.56303],[12.02613,46.56034],[12.0238,46.55916],[12.02161,46.55966],[12.01807,46.55557],[12.016,46.55283],[12.0128,46.54966],[12.00861,46.54439],[12.00694,46.54273],[12.00178,46.53593],[11.99841,46.53286],[11.99628,46.53475],[11.99468,46.53763],[11.989,46.54429],[11.9876,46.5453],[11.97071,46.54452],[11.96618,46.54468],[11.96438,46.54424],[11.95665,46.54169],[11.95206,46.54054],[11.94957,46.53923],[11.94605,46.5303],[11.94549,46.52942],[11.94271,46.52905],[11.9405,46.52827],[11.93772,46.52881],[11.93392,46.5279],[11.9307,46.52865],[11.92761,46.5289],[11.92222,46.53116],[11.91772,46.53249],[11.91314,46.53311],[11.90799,46.53177],[11.90572,46.53032],[11.90093,46.52942],[11.89878,46.52822],[11.89713,46.52654],[11.89425,46.52505],[11.89205,46.52463],[11.88947,46.52296],[11.87695,46.52223],[11.8757,46.52204],[11.87318,46.52033],[11.8713,46.51999],[11.86887,46.52005],[11.86429,46.51955],[11.86155,46.51902],[11.85323,46.51821],[11.85138,46.51784],[11.84441,46.51534],[11.83614,46.51199],[11.83209,46.51019],[11.82834,46.50891],[11.827,46.50734],[11.82492,46.50617],[11.82314,46.5017],[11.81549,46.50033],[11.81394,46.49584],[11.8148,46.49288],[11.8145,46.4912],[11.81302,46.48972],[11.81231,46.48788],[11.81229,46.48648],[11.81043,46.48488],[11.81241,46.48037],[11.81358,46.47928],[11.81345,46.47795],[11.81636,46.47685],[11.81844,46.47653],[11.82109,46.47674],[11.82436,46.47553],[11.82853,46.47621],[11.83158,46.47582],[11.83534,46.47654],[11.83785,46.47631],[11.83873,46.47689],[11.84178,46.47699],[11.84374,46.47591],[11.84659,46.47504],[11.85156,46.47501],[11.85574,46.47538],[11.85866,46.47416],[11.86109,46.47352],[11.86381,46.47357],[11.86489,46.47308],[11.86714,46.47334],[11.87151,46.47325],[11.87428,46.47288],[11.8772,46.47179],[11.88187,46.46734],[11.88271,46.46633],[11.88624,46.46513],[11.8874,46.46315],[11.88684,46.46066],[11.88706,46.45956],[11.88818,46.45784],[11.88658,46.45569],[11.88625,46.45354],[11.88665,46.45157],[11.88816,46.44761],[11.88888,46.44505],[11.88915,46.44275],[11.88883,46.44201],[11.88279,46.43999],[11.88055,46.43867],[11.87838,46.43682],[11.87304,46.43396],[11.87092,46.43322],[11.86324,46.43313],[11.85978,46.43413],[11.85486,46.43407],[11.85034,46.43419],[11.84821,46.42905],[11.84657,46.42423],[11.84697,46.42327],[11.84359,46.42173],[11.84471,46.42088],[11.84057,46.41897],[11.83826,46.41524],[11.83857,46.41457],[11.84202,46.41166],[11.84351,46.41088],[11.84373,46.40993],[11.84202,46.40815],[11.84047,46.40599],[11.83904,46.40336],[11.83577,46.40073],[11.83597,46.39822],[11.8348,46.39488],[11.83448,46.39274],[11.83369,46.39103],[11.83365,46.38971],[11.83208,46.3872],[11.83212,46.38666],[11.83557,46.38328],[11.83437,46.38248],[11.83394,46.38131],[11.83185,46.37962],[11.83353,46.37719],[11.8329,46.3766],[11.8332,46.37438],[11.83422,46.37291],[11.83423,46.36985],[11.83535,46.36813],[11.83501,46.36617],[11.83326,46.36617],[11.83093,46.36694],[11.82951,46.36853],[11.82787,46.36933],[11.82522,46.37126],[11.82198,46.3753],[11.82185,46.3763],[11.82059,46.37667],[11.81781,46.37605],[11.81597,46.37462],[11.81476,46.37179],[11.81607,46.36922],[11.81542,46.36844],[11.81356,46.36757],[11.81219,46.36964],[11.80946,46.36665],[11.80405,46.36499],[11.79974,46.36503],[11.79777,46.36654],[11.79432,46.36786],[11.79221,46.36783],[11.79132,46.3673],[11.79121,46.36613],[11.78905,46.36373],[11.78431,46.36465],[11.78336,46.36453],[11.77962,46.36255],[11.7744,46.35824],[11.77727,46.35516],[11.7807,46.34972],[11.78328,46.349],[11.78817,46.34881],[11.79047,46.34804],[11.7914,46.34708],[11.79693,46.34489],[11.80037,46.34414],[11.80238,46.34288],[11.80192,46.34135],[11.80224,46.33731],[11.80292,46.33644],[11.80285,46.33329],[11.81039,46.33173],[11.81222,46.33213],[11.81696,46.32903],[11.82293,46.32813],[11.8254,46.32732],[11.83006,46.32648],[11.83189,46.32516],[11.83139,46.32398],[11.83239,46.32225],[11.83187,46.32063],[11.8326,46.31941],[11.83145,46.31714],[11.83194,46.31631],[11.83396,46.31465],[11.83302,46.31433],[11.8317,46.31295],[11.8335,46.31194],[11.83441,46.31021],[11.83682,46.30819],[11.84062,46.30748],[11.84148,46.30635],[11.84018,46.30424],[11.83651,46.30232],[11.83641,46.29983],[11.83357,46.29913],[11.8326,46.29768],[11.83296,46.29652],[11.83012,46.29422],[11.83064,46.29198],[11.82978,46.29099],[11.82983,46.2891],[11.82934,46.28743],[11.8263,46.28498],[11.8308,46.27918],[11.83297,46.27785],[11.83441,46.27531],[11.83806,46.27035],[11.84088,46.27009],[11.84348,46.27161],[11.84475,46.27177],[11.84768,46.27132],[11.85278,46.27114],[11.85371,46.27085],[11.8573,46.27063],[11.85939,46.27148],[11.86294,46.27133],[11.86798,46.27451],[11.87092,46.2753],[11.87327,46.27625],[11.87594,46.27657],[11.8802,46.27828],[11.88304,46.27885],[11.88526,46.27882],[11.88658,46.27705],[11.88832,46.27364],[11.88839,46.27252],[11.88738,46.26442],[11.88603,46.26329],[11.88489,46.26149],[11.88629,46.2582],[11.89126,46.25317],[11.89435,46.25106],[11.89805,46.25222],[11.90034,46.25371],[11.90169,46.25556],[11.9045,46.25617],[11.9068,46.25495],[11.90859,46.25466],[11.91139,46.25357],[11.91593,46.25051],[11.91863,46.24945],[11.92137,46.2479],[11.92226,46.24782],[11.92795,46.24861],[11.92928,46.24898],[11.92531,46.2435],[11.92338,46.24159],[11.91993,46.24005],[11.91821,46.23897],[11.91739,46.23581],[11.91442,46.23237],[11.9096,46.22443],[11.91502,46.22146],[11.91632,46.22165],[11.91861,46.22112],[11.91997,46.22041],[11.92084,46.21906],[11.92427,46.21717],[11.9264,46.21442],[11.9277,46.20882],[11.9302,46.20647],[11.9325,46.20485],[11.93374,46.20442],[11.93345,46.20233],[11.93549,46.20171],[11.93959,46.19878],[11.9411,46.19933],[11.94309,46.19844],[11.94473,46.19939],[11.94633,46.19921],[11.95007,46.19971],[11.9514,46.19936],[11.95375,46.19948],[11.95686,46.1991],[11.9588,46.19841],[11.96065,46.19939],[11.96204,46.19865],[11.96231,46.19688],[11.96154,46.19533],[11.96198,46.19426],[11.96172,46.19108],[11.96271,46.19054],[11.9623,46.18786],[11.9611,46.18644],[11.95979,46.18583],[11.95862,46.18433],[11.95279,46.18325],[11.9495,46.18163],[11.95214,46.17265],[11.95086,46.17011],[11.94838,46.17055],[11.94476,46.17175],[11.93729,46.17388],[11.93565,46.17507],[11.92866,46.1758],[11.92837,46.17285],[11.92959,46.17081],[11.92836,46.16657],[11.923,46.16278],[11.92189,46.16229],[11.92049,46.15927],[11.91836,46.15527],[11.91986,46.15171],[11.9218,46.14934],[11.91526,46.14714],[11.91418,46.14508],[11.91191,46.14213],[11.90985,46.14139],[11.90924,46.1405],[11.90545,46.13962],[11.90455,46.13866],[11.90224,46.13776],[11.90127,46.13663],[11.90559,46.13451],[11.90478,46.133],[11.90172,46.13052],[11.89746,46.12914],[11.89822,46.12649],[11.89344,46.12115],[11.88533,46.11774],[11.88421,46.11701],[11.87841,46.11787],[11.87584,46.11767],[11.87396,46.11558],[11.87008,46.11638],[11.86711,46.11531],[11.86563,46.11556],[11.86129,46.11431],[11.85914,46.11418],[11.85558,46.11276],[11.85446,46.11262],[11.85022,46.11301],[11.84528,46.11214],[11.84159,46.11119],[11.83732,46.1112],[11.83454,46.11093],[11.83155,46.10967],[11.83103,46.10808],[11.82704,46.10741],[11.82435,46.10742],[11.82258,46.10789],[11.81899,46.10779],[11.8169,46.10658],[11.81516,46.10442],[11.81397,46.10233],[11.81,46.10203],[11.80662,46.10273],[11.80549,46.10384],[11.80417,46.10397],[11.80133,46.10361],[11.79611,46.1036],[11.79402,46.10312],[11.7893,46.10321],[11.78686,46.10286],[11.78013,46.1027],[11.77719,46.10318],[11.77508,46.10438],[11.77448,46.10541],[11.77322,46.10583],[11.77155,46.10497],[11.77185,46.10351],[11.76973,46.10245],[11.76931,46.10181],[11.76547,46.09868],[11.7638,46.09788],[11.76006,46.09675],[11.75872,46.0956],[11.75649,46.09612],[11.75495,46.09767],[11.75337,46.10077],[11.75184,46.10307],[11.75152,46.1052],[11.74812,46.1043],[11.74516,46.10439],[11.74158,46.10515],[11.73986,46.10512],[11.73657,46.10418],[11.7344,46.10417],[11.73149,46.10345],[11.72931,46.10371],[11.72119,46.10289],[11.71805,46.10333],[11.71696,46.10302],[11.7115,46.09912],[11.70683,46.09434],[11.70349,46.09049],[11.69911,46.09211],[11.6952,46.09443],[11.69171,46.09504],[11.68815,46.09477],[11.68532,46.09357],[11.68323,46.09148],[11.68247,46.09024],[11.68203,46.08693],[11.68317,46.08369],[11.68374,46.08134],[11.68532,46.07996],[11.68245,46.0787],[11.68242,46.07751],[11.68463,46.07577],[11.68431,46.07483],[11.68545,46.07153],[11.68542,46.0707],[11.68755,46.06899],[11.68749,46.06798],[11.68642,46.06626],[11.68772,46.06429],[11.69012,46.0627],[11.69293,46.06205],[11.69466,46.0622],[11.69662,46.06102],[11.69844,46.05774],[11.70101,46.05512],[11.70295,46.05531],[11.70437,46.05456],[11.70469,46.05292],[11.7045,46.05098],[11.70372,46.05019],[11.70447,46.04875],[11.70414,46.04745],[11.70648,46.04599],[11.70382,46.04489],[11.70095,46.04452],[11.69896,46.04487],[11.69407,46.04467],[11.69183,46.04429],[11.69011,46.04478],[11.68871,46.04427],[11.68337,46.04424],[11.68228,46.045],[11.67887,46.04605],[11.67675,46.04344],[11.67273,46.04104],[11.67016,46.04011],[11.66694,46.03806],[11.6662,46.03619],[11.66664,46.03535],[11.66917,46.03374],[11.66985,46.03249],[11.67193,46.03122],[11.67231,46.03013],[11.67348,46.02928],[11.67617,46.02857],[11.6779,46.02865],[11.68018,46.02818],[11.68164,46.02847],[11.6819,46.02669],[11.68062,46.02557],[11.6775,46.02358],[11.67553,46.02266],[11.67321,46.02108],[11.67245,46.01977],[11.66983,46.01805],[11.66669,46.01709],[11.66877,46.01559],[11.67136,46.0144],[11.67338,46.01379],[11.67168,46.01214],[11.67103,46.01065],[11.6748,46.0101],[11.67576,46.00681],[11.67754,46.00496],[11.6764,46.0019],[11.67857,46.00287],[11.68171,45.99911],[11.68533,45.99512],[11.68657,45.99435],[11.68797,45.99089],[11.69003,45.98881],[11.68402,45.98377],[11.68388,45.9808],[11.68519,45.97989],[11.68553,45.97784],[11.68235,45.97589],[11.68362,45.97476],[11.68455,45.97281],[11.6856,45.9715],[11.68584,45.96929],[11.6827,45.96892],[11.67956,45.96771],[11.67445,45.9648],[11.66799,45.96384],[11.66452,45.96483],[11.66281,45.96493],[11.65952,45.96458],[11.65595,45.96469],[11.65235,45.96543],[11.64601,45.96386],[11.64216,45.96324],[11.63886,45.96207],[11.63533,45.96135],[11.62764,45.96064],[11.63072,45.96938],[11.62336,45.96966],[11.62101,45.97151],[11.61869,45.97158],[11.616,45.96911],[11.61422,45.96692],[11.61185,45.9664],[11.60912,45.96942],[11.60293,45.97054],[11.60234,45.97091],[11.5979,45.97207],[11.59428,45.97132],[11.59178,45.96948],[11.58762,45.969],[11.58202,45.99257],[11.57986,46.00076],[11.57728,46.00649],[11.57607,46.00652],[11.5744,46.00573],[11.57097,46.0075],[11.56946,46.00588],[11.56704,46.00574],[11.56586,46.00623],[11.56504,46.00733],[11.56216,46.00752],[11.56103,46.00843],[11.55839,46.0093],[11.55428,46.01191],[11.55312,46.01208],[11.55191,46.01126],[11.54842,46.01225],[11.54604,46.01173],[11.53943,46.01187],[11.53895,46.01331],[11.53662,46.01268],[11.53471,46.01272],[11.5332,46.01182],[11.53142,46.01195],[11.53026,46.0115],[11.52679,46.01176],[11.52428,46.01136],[11.52269,46.01165],[11.51933,46.01068],[11.51839,46.00945],[11.51724,46.00918],[11.5155,46.01002],[11.51138,46.01065],[11.51073,46.01199],[11.50819,46.01071],[11.50363,46.01097],[11.50027,46.01092],[11.49841,46.01033],[11.4942,46.00964],[11.49123,46.00855],[11.49085,46.00748],[11.48908,46.00729],[11.48649,46.00405],[11.48533,46.00347],[11.48487,46.00208],[11.48336,46.00041],[11.48262,45.99817],[11.46808,45.99755],[11.46667,45.99509],[11.46236,45.99312],[11.46206,45.99131],[11.45931,45.99011],[11.45911,45.98962],[11.45648,45.98854],[11.45591,45.98641],[11.45386,45.98438],[11.45238,45.9838],[11.45035,45.98425],[11.44989,45.98317],[11.44681,45.98089],[11.44196,45.98197],[11.4396,45.98227],[11.43663,45.98167],[11.43454,45.98086],[11.43122,45.98138],[11.42953,45.98066],[11.42704,45.98068],[11.42245,45.98018],[11.41989,45.98161],[11.41772,45.98038],[11.41352,45.98088],[11.41208,45.98195],[11.40927,45.98224],[11.40743,45.98156],[11.40547,45.98177],[11.40414,45.98076],[11.40259,45.98073],[11.40091,45.98011],[11.39689,45.98054],[11.39381,45.9806],[11.39173,45.9816],[11.38811,45.98221],[11.38735,45.98266],[11.38437,45.9822],[11.38165,45.98343],[11.37975,45.98347],[11.37749,45.98427],[11.37341,45.98321],[11.37243,45.97317],[11.37356,45.96989],[11.37496,45.96728],[11.37632,45.9665],[11.37558,45.96413],[11.37644,45.96184],[11.37614,45.96091],[11.37774,45.95915],[11.37798,45.95672],[11.37959,45.95468],[11.38268,45.95286],[11.38332,45.95105],[11.38241,45.94832],[11.38185,45.94246],[11.37814,45.9434],[11.37676,45.94351],[11.37149,45.94222],[11.36721,45.94215],[11.3643,45.94243],[11.35836,45.94366],[11.3586,45.94014],[11.36064,45.93908],[11.3602,45.93792],[11.3607,45.93477],[11.35873,45.93231],[11.35864,45.93029],[11.35727,45.92864],[11.35703,45.92746],[11.35815,45.92525],[11.35298,45.92378],[11.34507,45.92095],[11.348,45.91672],[11.35073,45.91397],[11.35003,45.91209],[11.35025,45.91084],[11.34928,45.90954],[11.34809,45.90969],[11.34558,45.9091],[11.34425,45.91028],[11.34392,45.91149],[11.34134,45.91234],[11.33972,45.91133],[11.3389,45.91285],[11.3374,45.91323],[11.33658,45.91429],[11.33716,45.91532],[11.33562,45.91602],[11.33537,45.91679],[11.33273,45.91784],[11.32715,45.91692],[11.32589,45.91756],[11.32438,45.91741],[11.32381,45.91875],[11.32291,45.91919],[11.32051,45.91932],[11.32031,45.92132],[11.31826,45.92128],[11.31584,45.92345],[11.31422,45.92578],[11.31214,45.92749],[11.31306,45.92983],[11.30707,45.92822],[11.30523,45.92691],[11.30423,45.92712],[11.30206,45.92986],[11.30107,45.93239],[11.30067,45.93545],[11.3013,45.93684],[11.30076,45.93749],[11.29854,45.93609],[11.29909,45.93325],[11.29847,45.93215],[11.29867,45.93053],[11.30057,45.92757],[11.30163,45.92533],[11.30381,45.91824],[11.30179,45.9184],[11.30077,45.9179],[11.29559,45.92008],[11.29427,45.91951],[11.2922,45.91799],[11.2915,45.91805],[11.28944,45.91684],[11.2879,45.91711],[11.28699,45.91663],[11.28396,45.91672],[11.28374,45.91747],[11.28174,45.91859],[11.27743,45.91857],[11.27533,45.91969],[11.27085,45.91912],[11.2712,45.91677],[11.26919,45.91668],[11.26734,45.91734],[11.26431,45.91791],[11.26279,45.91757],[11.26137,45.91631],[11.26113,45.91297],[11.26038,45.91024],[11.2607,45.90823],[11.2604,45.90575],[11.25949,45.90365],[11.25578,45.90248],[11.24897,45.89921],[11.25467,45.89124],[11.25512,45.88401],[11.25048,45.88449],[11.24647,45.88644],[11.24312,45.88441],[11.2407,45.88255],[11.23493,45.87969],[11.23522,45.87804],[11.23758,45.8784],[11.23968,45.87739],[11.23996,45.87598],[11.24069,45.87555],[11.2444,45.87695],[11.23936,45.85598],[11.23606,45.85525],[11.23494,45.8546],[11.23352,45.85301],[11.22887,45.85032],[11.22767,45.84886],[11.2219,45.84896],[11.22056,45.84774],[11.21849,45.84396],[11.21879,45.84284],[11.21832,45.84146],[11.22001,45.83877],[11.21849,45.83612],[11.2191,45.83271],[11.2149,45.83069],[11.2081,45.82856],[11.20699,45.82774],[11.20282,45.827],[11.1987,45.82419],[11.19835,45.82333],[11.19874,45.8218],[11.19766,45.82129],[11.19802,45.81849],[11.19458,45.81682],[11.19224,45.8173],[11.19112,45.81675],[11.18886,45.81357],[11.18853,45.81186],[11.19038,45.80883],[11.1896,45.80636],[11.18949,45.80489],[11.19023,45.80291],[11.19097,45.80211],[11.19455,45.80206],[11.19735,45.80227],[11.19919,45.79992],[11.1987,45.7991],[11.19596,45.79723],[11.19569,45.79642],[11.1929,45.79547],[11.19355,45.79385],[11.1959,45.79024],[11.19965,45.78658],[11.20163,45.78488],[11.20415,45.78407],[11.20282,45.78337],[11.20107,45.78222],[11.19878,45.7816],[11.1944,45.78188],[11.19306,45.78155],[11.19011,45.78162],[11.18868,45.78213],[11.18637,45.78397],[11.18507,45.78439],[11.18367,45.7857],[11.18207,45.78582],[11.17942,45.78772],[11.17683,45.78817],[11.174,45.78708],[11.1736,45.78652],[11.17497,45.78384],[11.17526,45.78151],[11.17726,45.78046],[11.1777,45.77835],[11.17837,45.77734],[11.17982,45.77286],[11.1792,45.76994],[11.17957,45.76723],[11.18063,45.76574],[11.18028,45.76185],[11.17814,45.75864],[11.17708,45.75344],[11.17552,45.75016],[11.17514,45.74876],[11.1771,45.74505],[11.17745,45.74326],[11.17692,45.74117],[11.17776,45.73904],[11.17902,45.73737],[11.1783,45.73648],[11.17586,45.73525],[11.17473,45.73391],[11.17469,45.73311],[11.17294,45.73176],[11.16693,45.72761],[11.16194,45.72466],[11.15914,45.72419],[11.15602,45.72279],[11.15349,45.72091],[11.15322,45.71832],[11.14954,45.7174],[11.14594,45.71694],[11.14576,45.7149],[11.14441,45.7131],[11.14217,45.7121],[11.1387,45.70932],[11.13687,45.70357],[11.13588,45.69958],[11.13603,45.69909],[11.13834,45.69709],[11.13976,45.69523],[11.13853,45.69351],[11.13888,45.69211],[11.14025,45.68981],[11.14022,45.68815],[11.13944,45.68682],[11.14216,45.68532],[11.14342,45.68386],[11.1437,45.68274],[11.14779,45.68347],[11.14908,45.68464],[11.15097,45.68486],[11.15364,45.68449],[11.15494,45.6839],[11.15409,45.68229],[11.1566,45.6796],[11.15526,45.67834],[11.1533,45.67762],[11.15345,45.6755],[11.15488,45.6734],[11.15403,45.67218],[11.15407,45.67049],[11.15288,45.66997],[11.15253,45.66744],[11.15082,45.66379],[11.15286,45.65945],[11.15272,45.65812],[11.1504,45.65478],[11.14809,45.65272],[11.14765,45.65163],[11.14905,45.65033],[11.15347,45.64891],[11.15582,45.64728],[11.15653,45.6464],[11.1574,45.64313],[11.15943,45.63937],[11.16334,45.6375],[11.16368,45.63533],[11.16634,45.63276],[11.16673,45.63103],[11.16945,45.6284],[11.1724,45.62699],[11.17325,45.6259],[11.17533,45.62421],[11.17574,45.62209],[11.17639,45.62124],[11.17956,45.62001],[11.18132,45.61871],[11.1838,45.61819],[11.18802,45.62021],[11.1903,45.62069],[11.19294,45.62002],[11.19579,45.62114],[11.19715,45.62233],[11.20002,45.62291],[11.20219,45.62405],[11.20268,45.62604],[11.20592,45.62661],[11.20942,45.62576],[11.21213,45.62606],[11.21434,45.62519],[11.21451,45.62349],[11.21298,45.6232],[11.21236,45.62107],[11.21313,45.61982],[11.21204,45.61769],[11.21324,45.61675],[11.21399,45.6152],[11.21304,45.61317],[11.21368,45.6125],[11.21586,45.61258],[11.21654,45.61131],[11.21627,45.60923],[11.21811,45.6077],[11.21779,45.60649],[11.21831,45.60386],[11.21984,45.60299],[11.22112,45.60285],[11.22218,45.60115],[11.2256,45.60104],[11.22872,45.60198],[11.22972,45.60199],[11.23548,45.60054],[11.23612,45.59888],[11.23429,45.59604],[11.23072,45.59591],[11.22982,45.59485],[11.23294,45.59465],[11.23513,45.5939],[11.23495,45.59324],[11.23251,45.59246],[11.23237,45.59037],[11.23403,45.59115],[11.23566,45.59109],[11.23737,45.59034],[11.23885,45.59044],[11.23879,45.58795],[11.24042,45.58815],[11.24171,45.58761],[11.24365,45.58794],[11.24462,45.58644],[11.24364,45.58579],[11.24242,45.58323],[11.24464,45.58273],[11.245,45.58096],[11.2458,45.57995],[11.2453,45.57837],[11.24652,45.57729],[11.24683,45.5761],[11.24631,45.57512],[11.24639,45.57006],[11.24486,45.569],[11.24614,45.56723],[11.2453,45.56598],[11.2445,45.56331],[11.24295,45.56218],[11.24362,45.56049],[11.24449,45.55758],[11.24587,45.55597],[11.24619,45.55369],[11.24802,45.55076],[11.24952,45.55025],[11.25028,45.54924],[11.24956,45.548],[11.2513,45.54474],[11.25154,45.54223],[11.2532,45.54133],[11.25344,45.54032],[11.25547,45.53867],[11.25722,45.53788],[11.26009,45.53705],[11.26,45.53483],[11.26106,45.53471],[11.26249,45.53343],[11.26417,45.53275],[11.26623,45.53315],[11.26875,45.53112],[11.27111,45.52775],[11.27443,45.52435],[11.27677,45.52364],[11.2785,45.5235],[11.27955,45.52281],[11.28093,45.51955],[11.27969,45.51825],[11.28127,45.51475],[11.28054,45.50973],[11.28252,45.50971],[11.28489,45.51073],[11.28612,45.50961],[11.28803,45.50917],[11.29203,45.50766],[11.29301,45.50615],[11.29437,45.50559],[11.29626,45.50371],[11.29785,45.50415],[11.29952,45.50319],[11.30218,45.50284],[11.30606,45.50156],[11.30738,45.50273],[11.30963,45.50194],[11.31204,45.50225],[11.31517,45.50119],[11.31613,45.4997],[11.32026,45.49896],[11.32103,45.49799],[11.32369,45.49702],[11.32482,45.49607],[11.32383,45.49399],[11.32431,45.4928],[11.32375,45.4908],[11.32442,45.48926],[11.3244,45.48744],[11.32328,45.48652],[11.32341,45.48554],[11.32589,45.48572],[11.32706,45.48522],[11.32752,45.48296],[11.32833,45.48256],[11.32638,45.48074],[11.32657,45.47904],[11.32583,45.47739],[11.3237,45.47523],[11.323,45.47381],[11.32421,45.46994],[11.32576,45.46917],[11.32839,45.46558],[11.32905,45.46408],[11.32745,45.46251],[11.32706,45.4604],[11.32534,45.4589],[11.32393,45.45992],[11.32204,45.45866],[11.32095,45.45716],[11.32156,45.45662],[11.32037,45.45561],[11.32262,45.45459],[11.32452,45.45418],[11.324,45.45345],[11.32489,45.4523],[11.32522,45.45062],[11.32846,45.44816],[11.32775,45.44744],[11.32952,45.44536],[11.32982,45.44443],[11.32777,45.44402],[11.32894,45.44253],[11.32645,45.44132],[11.32467,45.43969],[11.32204,45.43865],[11.32245,45.43707],[11.32074,45.43686],[11.31887,45.43714],[11.31822,45.43597],[11.31942,45.43571],[11.31813,45.43285],[11.32115,45.43321],[11.32322,45.43193],[11.32511,45.42803],[11.32361,45.42659],[11.32584,45.42685],[11.32918,45.43028],[11.32971,45.43158],[11.33181,45.43376],[11.33324,45.43317],[11.33595,45.43016],[11.33564,45.42836],[11.33496,45.42802],[11.33551,45.42588],[11.33739,45.4267],[11.33875,45.42503],[11.3404,45.42126],[11.33952,45.41835],[11.33834,45.41791],[11.33848,45.4167],[11.34102,45.4171],[11.34132,45.41625],[11.34221,45.41397],[11.34323,45.41274],[11.34336,45.41067],[11.34268,45.4091],[11.34296,45.40816],[11.34472,45.40641],[11.34484,45.40561],[11.34395,45.40399],[11.3442,45.40152],[11.34571,45.399],[11.34595,45.39749],[11.34014,45.3979],[11.33552,45.39852],[11.33434,45.39636],[11.33452,45.39362],[11.33298,45.39188],[11.33291,45.39085],[11.33201,45.38992],[11.33154,45.38763],[11.3311,45.38673],[11.33501,45.3857],[11.33574,45.38599],[11.33768,45.38457],[11.34035,45.38336],[11.34045,45.38219],[11.33978,45.38128],[11.34104,45.37893],[11.34208,45.37855],[11.34283,45.3771],[11.34404,45.37607],[11.34582,45.37601],[11.34788,45.37491],[11.35097,45.37384],[11.35222,45.37296],[11.35334,45.37153],[11.35303,45.36909],[11.35353,45.36853],[11.35243,45.36633],[11.35409,45.36442],[11.35424,45.36289],[11.3534,45.36014],[11.35484,45.35738],[11.35489,45.35534],[11.35435,45.35354],[11.35259,45.35238],[11.35084,45.35228],[11.35069,45.35088],[11.35147,45.34861],[11.35306,45.3477],[11.35505,45.34765],[11.35839,45.34862],[11.35813,45.34957],[11.3624,45.34931],[11.363,45.34988],[11.36871,45.34943],[11.37051,45.34981],[11.37141,45.34803],[11.37282,45.34794],[11.37325,45.34891],[11.3772,45.34909],[11.37806,45.34987],[11.38012,45.34955],[11.38209,45.34967],[11.3863,45.34915],[11.38639,45.34791],[11.38976,45.34838],[11.39199,45.34791],[11.39433,45.34787],[11.39407,45.34656],[11.39594,45.34609],[11.39657,45.34693],[11.40077,45.34553],[11.40149,45.34373],[11.40323,45.34434],[11.40373,45.34318],[11.40626,45.34355],[11.40667,45.34227],[11.4081,45.34203],[11.41015,45.34092],[11.41239,45.34044],[11.41835,45.33999],[11.42259,45.33929],[11.42568,45.33777],[11.42734,45.33626],[11.43271,45.33407],[11.43516,45.33226],[11.43653,45.33177],[11.4381,45.3305],[11.44031,45.32991],[11.44216,45.32851],[11.44388,45.32815],[11.44757,45.32654],[11.44877,45.32547],[11.45032,45.32523],[11.45265,45.32362],[11.45347,45.32264],[11.45105,45.31926],[11.44932,45.31976],[11.44841,45.31806],[11.44774,45.31531],[11.43761,45.31701],[11.43675,45.31606],[11.43438,45.31569],[11.43351,45.31613],[11.43145,45.31359],[11.4311,45.31218],[11.43207,45.31194],[11.4326,45.31031],[11.43254,45.30825],[11.43331,45.30735],[11.43509,45.30671],[11.43655,45.30525],[11.43823,45.30456],[11.44041,45.30288],[11.4425,45.30203],[11.45206,45.29871],[11.46267,45.29447],[11.46472,45.29183],[11.46695,45.28987],[11.46912,45.28876],[11.47705,45.28679],[11.48261,45.28595],[11.48555,45.28603],[11.48766,45.28569],[11.48948,45.28368],[11.49114,45.28266],[11.48977,45.28014],[11.48755,45.27688],[11.48636,45.27432],[11.48918,45.27357],[11.48835,45.269],[11.48705,45.26595],[11.48464,45.2619],[11.48146,45.25889],[11.47884,45.25847],[11.47387,45.26045],[11.47005,45.26139],[11.46704,45.26183],[11.46537,45.26252],[11.46411,45.26151],[11.46055,45.26134],[11.45839,45.26076],[11.45458,45.26062],[11.45069,45.26132],[11.4462,45.26027],[11.44222,45.25838],[11.44008,45.25877],[11.43651,45.25868],[11.43364,45.25712],[11.43053,45.25635],[11.42879,45.25508],[11.42705,45.25333],[11.42521,45.25428],[11.4233,45.25424],[11.42158,45.25568],[11.41755,45.25798],[11.41431,45.25848],[11.41127,45.26001],[11.40609,45.26322],[11.40283,45.2649],[11.40046,45.26246],[11.39983,45.26112],[11.39456,45.26018],[11.39263,45.25937],[11.39264,45.25746],[11.39088,45.2544],[11.3909,45.25262],[11.39234,45.25241],[11.398,45.25241],[11.39981,45.25213],[11.40151,45.25141],[11.40438,45.24783],[11.40509,45.2466],[11.4062,45.24309],[11.40656,45.24026],[11.4062,45.23807],[11.40299,45.23613],[11.40225,45.23519],[11.40238,45.2336],[11.40106,45.23149],[11.40086,45.22982],[11.39976,45.2257],[11.40072,45.22373],[11.40086,45.22256],[11.40224,45.21865],[11.4036,45.21641],[11.40316,45.21378],[11.40374,45.2127],[11.40414,45.21051],[11.40398,45.2087],[11.40459,45.20416],[11.40402,45.20003],[11.40526,45.20019],[11.40434,45.19568],[11.40504,45.1944],[11.40539,45.19215],[11.40733,45.1899],[11.40476,45.18864],[11.40617,45.18678],[11.40605,45.18575],[11.40757,45.184],[11.40776,45.18255],[11.40874,45.18135],[11.40885,45.17993],[11.40791,45.17707],[11.40821,45.17515],[11.41311,45.17364],[11.4123,45.17212],[11.41249,45.17113],[11.41404,45.17086],[11.41723,45.16954],[11.41761,45.16711],[11.41876,45.1663],[11.42221,45.16638],[11.42272,45.16575],[11.42292,45.16293],[11.41825,45.15637],[11.42054,45.15586],[11.42248,45.15299],[11.42368,45.15279],[11.42676,45.15108],[11.42879,45.15049],[11.4275,45.14783],[11.42675,45.14545],[11.42463,45.14029],[11.42068,45.13385],[11.41869,45.13107],[11.41693,45.12933]]],[[[12.29033,45.24087],[12.28774,45.23982],[12.28792,45.23864],[12.29134,45.23519],[12.29934,45.23459],[12.29786,45.23877],[12.29696,45.24247],[12.29659,45.24508],[12.29893,45.24745],[12.30006,45.24924],[12.30024,45.25144],[12.29932,45.25538],[12.29967,45.25841],[12.30191,45.26563],[12.30202,45.26969],[12.30276,45.27487],[12.30403,45.28077],[12.30595,45.28655],[12.30616,45.28789],[12.30821,45.29264],[12.31323,45.30578],[12.3132,45.30754],[12.31439,45.30969],[12.31615,45.3143],[12.31824,45.31857],[12.32212,45.32556],[12.32436,45.33013],[12.32635,45.33229],[12.3247,45.33226],[12.3228,45.33355],[12.32054,45.33429],[12.31848,45.3341],[12.3169,45.33303],[12.31849,45.33229],[12.31959,45.33122],[12.32154,45.32795],[12.31887,45.32599],[12.31893,45.32481],[12.31746,45.32333],[12.31781,45.32154],[12.31481,45.31686],[12.31255,45.31394],[12.31216,45.31237],[12.3096,45.30987],[12.30937,45.30874],[12.31017,45.30775],[12.31015,45.30338],[12.30718,45.29581],[12.3025,45.28558],[12.30188,45.2825],[12.30094,45.28088],[12.30085,45.27339],[12.3006,45.27209],[12.29954,45.27025],[12.29972,45.26683],[12.30052,45.26441],[12.29799,45.25554],[12.29936,45.25326],[12.29996,45.25073],[12.29971,45.2493],[12.29856,45.2474],[12.29342,45.24287],[12.29239,45.24272],[12.29033,45.24087]]],[[[12.31852,45.40349],[12.32358,45.40424],[12.32399,45.40514],[12.32343,45.40725],[12.32233,45.4076],[12.3179,45.40678],[12.31722,45.40621],[12.31765,45.40448],[12.31852,45.40349]]],[[[12.33052,45.42313],[12.33715,45.42316],[12.33896,45.42365],[12.34113,45.42502],[12.34188,45.4272],[12.34174,45.42835],[12.33934,45.42711],[12.33599,45.42587],[12.33393,45.4254],[12.32954,45.42574],[12.32389,45.42705],[12.3202,45.42835],[12.3179,45.4288],[12.31424,45.42904],[12.31308,45.42882],[12.31236,45.42789],[12.31099,45.42815],[12.3081,45.42718],[12.30737,45.4265],[12.31167,45.42511],[12.31663,45.42594],[12.32096,45.42423],[12.32367,45.42357],[12.32837,45.42344],[12.33052,45.42313]]],[[[12.33257,45.38086],[12.33304,45.38327],[12.32984,45.3834],[12.32881,45.38286],[12.33076,45.38047],[12.33257,45.38086]]],[[[12.30969,45.3398],[12.31102,45.3392],[12.31288,45.33909],[12.31741,45.34015],[12.32897,45.33748],[12.32873,45.34137],[12.32879,45.34375],[12.32937,45.34905],[12.32989,45.35106],[12.33199,45.35607],[12.33345,45.35857],[12.34072,45.36768],[12.34312,45.3709],[12.34737,45.37802],[12.35158,45.38368],[12.35423,45.38793],[12.36,45.39587],[12.3616,45.39731],[12.36362,45.39983],[12.36947,45.40559],[12.37719,45.41355],[12.3832,45.41852],[12.39042,45.42384],[12.39295,45.42458],[12.39353,45.42587],[12.39669,45.42789],[12.40008,45.42967],[12.39862,45.43001],[12.39514,45.4315],[12.3932,45.43277],[12.39202,45.43288],[12.38779,45.43428],[12.38609,45.4339],[12.3836,45.4325],[12.38353,45.43198],[12.38056,45.42902],[12.3774,45.42477],[12.3748,45.42005],[12.37244,45.41889],[12.36909,45.41808],[12.36805,45.41748],[12.36635,45.41534],[12.36186,45.40631],[12.3583,45.40138],[12.35757,45.40011],[12.34589,45.38574],[12.34275,45.38161],[12.33673,45.37396],[12.33668,45.36919],[12.3316,45.36016],[12.32892,45.35784],[12.32357,45.35111],[12.32051,45.34997],[12.31767,45.34933],[12.31285,45.3459],[12.31172,45.34605],[12.30956,45.34365],[12.30901,45.34158],[12.30969,45.3398]]],[[[12.33511,45.41234],[12.33393,45.41089],[12.33467,45.40967],[12.336,45.40933],[12.33748,45.41165],[12.33711,45.41258],[12.33511,45.41234]]],[[[12.35956,45.41269],[12.36078,45.41133],[12.36301,45.41221],[12.36135,45.41339],[12.35956,45.41269]]],[[[12.33858,45.42017],[12.33875,45.41798],[12.3409,45.41855],[12.3409,45.42],[12.33858,45.42017]]],[[[12.34624,45.42941],[12.34375,45.43025],[12.34258,45.42997],[12.34239,45.42823],[12.34403,45.42571],[12.34543,45.42595],[12.34634,45.42846],[12.34624,45.42941]]],[[[12.38157,45.43419],[12.3824,45.43529],[12.38214,45.4367],[12.38443,45.44511],[12.38373,45.44633],[12.38415,45.44795],[12.38515,45.44833],[12.38488,45.44946],[12.38318,45.44919],[12.38195,45.44812],[12.38194,45.44717],[12.37804,45.44514],[12.37579,45.4433],[12.37374,45.44326],[12.37265,45.44197],[12.37365,45.4382],[12.37507,45.43777],[12.37332,45.43503],[12.36796,45.43277],[12.36766,45.43211],[12.36956,45.43126],[12.37315,45.43175],[12.37543,45.4337],[12.37779,45.43458],[12.38005,45.43367],[12.38157,45.43419]]],[[[12.38934,45.4552],[12.38812,45.45798],[12.38332,45.45706],[12.38515,45.45525],[12.38934,45.4552]]],[[[12.34691,45.45416],[12.34776,45.45356],[12.34783,45.45187],[12.34891,45.45148],[12.35154,45.45192],[12.35219,45.45242],[12.3568,45.4537],[12.35824,45.45428],[12.35824,45.45566],[12.36081,45.45837],[12.36078,45.45947],[12.35926,45.46047],[12.35481,45.46206],[12.35624,45.46262],[12.35646,45.46429],[12.35464,45.46567],[12.3522,45.46538],[12.35099,45.46484],[12.34521,45.46357],[12.34571,45.46075],[12.34427,45.45786],[12.34317,45.45472],[12.34631,45.45488],[12.34691,45.45416]]],[[[12.43189,45.47208],[12.4293,45.47222],[12.42402,45.47341],[12.42255,45.47214],[12.42173,45.46974],[12.42047,45.46853],[12.41825,45.46717],[12.41528,45.46589],[12.41348,45.46342],[12.41419,45.46279],[12.41271,45.4609],[12.40967,45.45902],[12.40801,45.45857],[12.40665,45.45737],[12.40546,45.45715],[12.40319,45.45801],[12.40016,45.45819],[12.39992,45.45667],[12.3971,45.45589],[12.39265,45.45608],[12.39136,45.45433],[12.38884,45.45463],[12.38568,45.45413],[12.38696,45.45182],[12.38895,45.44961],[12.38982,45.44918],[12.39168,45.44712],[12.39146,45.44502],[12.39291,45.44454],[12.3974,45.44546],[12.4013,45.4468],[12.40256,45.44819],[12.40902,45.4509],[12.41465,45.45406],[12.41868,45.45709],[12.42101,45.45785],[12.42185,45.45859],[12.42112,45.45966],[12.42792,45.46586],[12.42793,45.46759],[12.43189,45.47208]]],[[[12.42126,45.48451],[12.42138,45.48548],[12.42036,45.48693],[12.41832,45.48733],[12.41439,45.48764],[12.41302,45.48591],[12.41366,45.48523],[12.41758,45.48275],[12.42126,45.48451]]],[[[12.40312,45.48405],[12.40653,45.48379],[12.41405,45.48811],[12.41263,45.4893],[12.41257,45.49066],[12.41163,45.49149],[12.41171,45.49337],[12.41108,45.49439],[12.40221,45.49088],[12.4007,45.4909],[12.39712,45.49033],[12.3976,45.48925],[12.3999,45.48958],[12.40051,45.48906],[12.39984,45.48759],[12.40284,45.48611],[12.40312,45.48405]]],[[[12.41961,45.49993],[12.41522,45.50142],[12.41444,45.49932],[12.41352,45.49852],[12.41071,45.49853],[12.40858,45.49923],[12.41419,45.49298],[12.41496,45.4904],[12.41596,45.48927],[12.41789,45.48904],[12.41858,45.4903],[12.41796,45.49223],[12.41871,45.49334],[12.42033,45.49407],[12.42293,45.49419],[12.42693,45.497],[12.42672,45.49737],[12.42379,45.49769],[12.42226,45.49853],[12.42421,45.49987],[12.4261,45.50031],[12.42599,45.50105],[12.42225,45.49971],[12.41961,45.49993]]],[[[12.47486,45.5031],[12.47423,45.50407],[12.47164,45.504],[12.47001,45.50432],[12.46877,45.50268],[12.47057,45.50228],[12.47486,45.5031]]],[[[12.43933,45.50302],[12.44092,45.50324],[12.44188,45.50432],[12.44373,45.50499],[12.44487,45.50644],[12.44435,45.50682],[12.44585,45.5089],[12.44485,45.50958],[12.44304,45.50912],[12.44182,45.50961],[12.44032,45.51095],[12.43844,45.51019],[12.44007,45.50803],[12.44077,45.50653],[12.44045,45.50372],[12.43687,45.50348],[12.43684,45.50278],[12.43933,45.50302]]],[[[12.45574,45.51028],[12.45333,45.51107],[12.45245,45.51183],[12.44969,45.51112],[12.44837,45.50852],[12.45139,45.50831],[12.45402,45.5076],[12.45634,45.50622],[12.45786,45.50583],[12.45959,45.50772],[12.45911,45.50939],[12.45574,45.51028]]],[[[12.54489,45.52415],[12.54286,45.52582],[12.54353,45.52856],[12.54079,45.52902],[12.53757,45.52548],[12.53991,45.52495],[12.54415,45.5223],[12.54489,45.52415]]],[[[12.52651,45.55786],[12.52531,45.5586],[12.52229,45.55645],[12.52425,45.55495],[12.52651,45.55786]]],[[[12.28322,45.21689],[12.28289,45.2154],[12.28498,45.21569],[12.28769,45.21487],[12.28807,45.21607],[12.28366,45.21767],[12.28322,45.21689]]],[[[12.28542,45.22174],[12.28394,45.22242],[12.28279,45.22437],[12.28067,45.22497],[12.27855,45.22445],[12.27675,45.22543],[12.27708,45.22618],[12.27517,45.22686],[12.27442,45.22514],[12.27216,45.21833],[12.27247,45.21496],[12.27606,45.2145],[12.27819,45.21397],[12.27932,45.21522],[12.28128,45.21456],[12.28542,45.22174]]],[[[13.15734,45.70903],[13.1561,45.70764],[13.15433,45.70672],[13.15409,45.70398],[13.15486,45.70313],[13.16106,45.70299],[13.16384,45.70269],[13.16803,45.70263],[13.17076,45.70301],[13.17545,45.70535],[13.17886,45.70639],[13.17824,45.71094],[13.17707,45.71155],[13.17806,45.71513],[13.17633,45.71497],[13.17654,45.71254],[13.1753,45.71138],[13.17248,45.71109],[13.16955,45.71197],[13.16702,45.71155],[13.16529,45.71062],[13.16272,45.71026],[13.16154,45.71044],[13.15801,45.70963],[13.15734,45.70903]]],[[[13.18738,45.71437],[13.18566,45.71336],[13.18371,45.71382],[13.18186,45.71355],[13.18085,45.71286],[13.18715,45.71099],[13.18969,45.71079],[13.19773,45.71155],[13.20322,45.71226],[13.20732,45.71243],[13.21412,45.71318],[13.22671,45.71372],[13.22885,45.71401],[13.23132,45.71395],[13.23356,45.7143],[13.24129,45.71428],[13.24001,45.7151],[13.24182,45.71679],[13.24399,45.718],[13.24438,45.71862],[13.24369,45.72034],[13.24192,45.72121],[13.23901,45.72114],[13.23917,45.71984],[13.23745,45.71846],[13.23527,45.71799],[13.23497,45.71945],[13.23143,45.71966],[13.22884,45.71861],[13.22617,45.71672],[13.2245,45.71793],[13.22275,45.7179],[13.22202,45.71722],[13.2203,45.71737],[13.21878,45.7158],[13.21583,45.71676],[13.21339,45.71719],[13.21043,45.71466],[13.20879,45.71431],[13.20969,45.71607],[13.20847,45.716],[13.2059,45.71506],[13.20178,45.71461],[13.19611,45.71492],[13.19309,45.71482],[13.19104,45.71535],[13.18738,45.71437]]],[[[13.25645,45.71655],[13.2555,45.71743],[13.25305,45.71713],[13.25274,45.71977],[13.25114,45.71984],[13.25113,45.71679],[13.25188,45.71496],[13.25328,45.71704],[13.25468,45.71725],[13.25653,45.71594],[13.25916,45.71501],[13.26345,45.71385],[13.26652,45.71354],[13.26899,45.71279],[13.27002,45.71211],[13.27068,45.71084],[13.27155,45.71076],[13.2726,45.70956],[13.27396,45.7092],[13.2772,45.70955],[13.28174,45.71078],[13.28357,45.7116],[13.28439,45.71011],[13.28756,45.70846],[13.29065,45.7076],[13.29553,45.70741],[13.29952,45.70824],[13.30074,45.70736],[13.30453,45.70638],[13.3068,45.70663],[13.30769,45.70872],[13.30959,45.70934],[13.31059,45.71227],[13.3117,45.71372],[13.31324,45.714],[13.31527,45.71564],[13.31673,45.71631],[13.31742,45.71759],[13.3172,45.71894],[13.31573,45.721],[13.30804,45.7202],[13.3064,45.71988],[13.30424,45.72065],[13.30297,45.72159],[13.29895,45.72127],[13.29949,45.71982],[13.29819,45.71783],[13.29656,45.7168],[13.29539,45.71661],[13.29328,45.71742],[13.29086,45.71636],[13.28917,45.7148],[13.28692,45.7138],[13.28469,45.71404],[13.28351,45.71738],[13.2835,45.71862],[13.27841,45.71699],[13.27502,45.71655],[13.27094,45.71554],[13.26737,45.71507],[13.26645,45.71433],[13.26469,45.71501],[13.26183,45.71459],[13.25898,45.71542],[13.25645,45.71655]]],[[[13.29541,45.7305],[13.29409,45.73006],[13.29391,45.72925],[13.29551,45.72644],[13.29626,45.72639],[13.2979,45.72801],[13.29645,45.73014],[13.29541,45.7305]]],[[[13.34466,45.68957],[13.34176,45.69144],[13.33967,45.6935],[13.33746,45.69248],[13.33875,45.69066],[13.34026,45.69015],[13.3416,45.68905],[13.34471,45.68858],[13.34693,45.6892],[13.34631,45.6906],[13.34466,45.68957]]],[[[13.33246,45.69417],[13.33021,45.69539],[13.32909,45.69672],[13.32782,45.6959],[13.32961,45.69503],[13.33152,45.69364],[13.33246,45.69417]]],[[[13.46315,45.70094],[13.46359,45.70131],[13.46831,45.70248],[13.46976,45.70367],[13.46931,45.70512],[13.46446,45.70893],[13.46188,45.70961],[13.46204,45.70813],[13.4598,45.70874],[13.45921,45.70695],[13.4554,45.70421],[13.45144,45.70199],[13.44605,45.70018],[13.44317,45.69805],[13.44325,45.69643],[13.44407,45.69531],[13.44544,45.69025],[13.43644,45.6861],[13.43405,45.68913],[13.43416,45.69109],[13.4308,45.69211],[13.42874,45.69135],[13.42701,45.69122],[13.41787,45.69251],[13.415,45.69175],[13.41611,45.69035],[13.41551,45.68788],[13.41409,45.68594],[13.4114,45.68351],[13.40927,45.68414],[13.40286,45.68122],[13.39935,45.68071],[13.39605,45.67912],[13.39579,45.68008],[13.3925,45.68274],[13.38798,45.68169],[13.38786,45.68251],[13.38312,45.68304],[13.37826,45.68271],[13.37798,45.68386],[13.3751,45.68215],[13.37393,45.68008],[13.38108,45.67874],[13.38315,45.67588],[13.38597,45.6748],[13.38929,45.67488],[13.39073,45.6756],[13.39781,45.67616],[13.40264,45.67669],[13.40328,45.67705],[13.40825,45.67744],[13.42159,45.67731],[13.42492,45.67634],[13.42964,45.67611],[13.43269,45.67654],[13.43348,45.67715],[13.43374,45.67876],[13.4333,45.68132],[13.43601,45.68295],[13.43835,45.68344],[13.43993,45.68484],[13.44401,45.68718],[13.44618,45.68774],[13.45184,45.68992],[13.45425,45.68998],[13.45869,45.6931],[13.46026,45.69375],[13.46189,45.69708],[13.46164,45.69889],[13.46315,45.7002],[13.46315,45.70094]]],[[[13.31114,45.70933],[13.30992,45.70831],[13.30834,45.70792],[13.3078,45.70588],[13.30547,45.70536],[13.30644,45.70385],[13.30744,45.70391],[13.31019,45.70221],[13.31417,45.70066],[13.31797,45.69953],[13.31988,45.69872],[13.3232,45.69794],[13.32326,45.69929],[13.32136,45.70019],[13.32073,45.70155],[13.31956,45.7016],[13.31945,45.70549],[13.31832,45.70738],[13.32054,45.7103],[13.32064,45.71174],[13.31999,45.71274],[13.31709,45.7125],[13.31578,45.71164],[13.31235,45.71167],[13.3109,45.71009],[13.31114,45.70933]]],[[[13.424,45.70403],[13.42136,45.70389],[13.42082,45.70314],[13.42293,45.70177],[13.42456,45.70251],[13.424,45.70403]]],[[[13.37879,45.72397],[13.37742,45.72397],[13.37619,45.7225],[13.37753,45.72133],[13.37934,45.72176],[13.37958,45.72322],[13.37879,45.72397]]]]},"properties":{"idApp":925038,"aopId":"prosecco","name":"Prosecco","nameJa":"プロセッコ","kind":"regional","tags":["doc"],"rank":0},"bbox":[11.13588,45.05561,13.91866,46.6806]},{"type":"Feature","geometry":{"type":"MultiPolygon","coordinates":[[[[12.01213,45.37039],[12.01398,45.37071],[12.01824,45.36945],[12.02058,45.36836],[12.02363,45.36874],[12.02658,45.36732],[12.02588,45.3653],[12.02423,45.36275],[12.02275,45.3628],[12.02281,45.36174],[12.02699,45.36092],[12.02769,45.362],[12.02862,45.36484],[12.03184,45.36453],[12.02958,45.36112],[12.03095,45.36062],[12.03343,45.36033],[12.03243,45.35928],[12.0331,45.35821],[12.03473,45.35731],[12.03224,45.35685],[12.03075,45.3562],[12.02939,45.35435],[12.02865,45.35176],[12.02637,45.35174],[12.02751,45.35417],[12.02654,45.35456],[12.02559,45.35352],[12.02561,45.35243],[12.02478,45.35102],[12.0232,45.35062],[12.02246,45.34821],[12.02143,45.34685],[12.01893,45.34762],[12.01678,45.34498],[12.01233,45.34239],[12.01417,45.34122],[12.01656,45.33874],[12.01858,45.33987],[12.02158,45.33746],[12.02114,45.3354],[12.01766,45.33735],[12.01464,45.33578],[12.01622,45.33457],[12.0153,45.33244],[12.01696,45.33036],[12.01749,45.32697],[12.01899,45.32638],[12.02013,45.32396],[12.02139,45.32217],[12.02255,45.32132],[12.02725,45.3186],[12.02868,45.31745],[12.03141,45.31768],[12.03251,45.31731],[12.0347,45.31506],[12.03497,45.31336],[12.03736,45.31464],[12.03869,45.31655],[12.044,45.3152],[12.04842,45.3128],[12.05047,45.31306],[12.05051,45.31198],[12.052,45.31186],[12.05237,45.31271],[12.05186,45.3145],[12.05255,45.31624],[12.05402,45.31729],[12.0556,45.31649],[12.05713,45.31867],[12.0554,45.31958],[12.05676,45.32077],[12.0584,45.32127],[12.06005,45.32288],[12.06268,45.32165],[12.06264,45.32119],[12.06533,45.32025],[12.06986,45.31963],[12.06827,45.32136],[12.06979,45.32296],[12.07209,45.32716],[12.07396,45.32867],[12.07534,45.32769],[12.07787,45.32744],[12.07914,45.33207],[12.08465,45.33214],[12.08783,45.33163],[12.09016,45.33051],[12.09294,45.32976],[12.0963,45.32744],[12.09662,45.32657],[12.10068,45.32501],[12.10109,45.32406],[12.10272,45.3223],[12.09754,45.32056],[12.09925,45.31983],[12.1013,45.31949],[12.10274,45.31743],[12.10952,45.30969],[12.11091,45.30674],[12.11399,45.30502],[12.11812,45.30312],[12.12377,45.30159],[12.1255,45.30139],[12.12962,45.30045],[12.13256,45.30037],[12.13262,45.30307],[12.13366,45.31611],[12.13686,45.31673],[12.1383,45.31734],[12.13921,45.31833],[12.14011,45.32408],[12.13909,45.32665],[12.14201,45.337],[12.14223,45.34152],[12.14,45.34151],[12.1393,45.34312],[12.13937,45.34492],[12.14011,45.34687],[12.14149,45.34911],[12.14037,45.35309],[12.14164,45.35697],[12.14077,45.35818],[12.14218,45.35854],[12.14396,45.35841],[12.14781,45.36136],[12.14899,45.36146],[12.15099,45.36088],[12.15423,45.36043],[12.15629,45.35969],[12.15604,45.358],[12.15749,45.35854],[12.15781,45.35949],[12.16117,45.3596],[12.16369,45.3579],[12.16614,45.35713],[12.16892,45.35826],[12.1696,45.3589],[12.17042,45.36158],[12.16921,45.36226],[12.16706,45.35971],[12.16569,45.35956],[12.164,45.36041],[12.15825,45.36178],[12.15652,45.36152],[12.153,45.36272],[12.15219,45.36372],[12.1502,45.3648],[12.14803,45.36845],[12.14812,45.3712],[12.14692,45.37308],[12.14735,45.37947],[12.14463,45.37977],[12.14318,45.38035],[12.14401,45.39043],[12.14558,45.39037],[12.1477,45.39123],[12.14859,45.39108],[12.15431,45.38668],[12.15419,45.3851],[12.15661,45.38306],[12.1578,45.38287],[12.15882,45.38186],[12.15875,45.38075],[12.15741,45.38007],[12.15934,45.37733],[12.16271,45.37539],[12.16399,45.37497],[12.16353,45.37223],[12.16611,45.37073],[12.17009,45.36994],[12.17322,45.36971],[12.17448,45.36885],[12.17429,45.36697],[12.17694,45.36666],[12.18034,45.36788],[12.17965,45.36915],[12.18074,45.3699],[12.18193,45.36872],[12.18405,45.3684],[12.18668,45.37145],[12.18633,45.37213],[12.18774,45.37426],[12.18696,45.37499],[12.17489,45.38342],[12.1683,45.38781],[12.16468,45.39073],[12.17278,45.39663],[12.19163,45.40939],[12.19193,45.41223],[12.19327,45.41287],[12.21161,45.41721],[12.23923,45.42342],[12.24082,45.42309],[12.24508,45.42087],[12.24782,45.41975],[12.25126,45.41798],[12.25566,45.41607],[12.25712,45.4161],[12.25774,45.41838],[12.25943,45.41855],[12.25863,45.42354],[12.25885,45.42443],[12.25834,45.43146],[12.25879,45.4346],[12.25846,45.45068],[12.26106,45.45752],[12.26287,45.45647],[12.27336,45.44868],[12.27619,45.45334],[12.27729,45.45873],[12.27654,45.45971],[12.28015,45.46401],[12.31397,45.44485],[12.31501,45.44347],[12.31516,45.44191],[12.3141,45.4413],[12.30793,45.44398],[12.30577,45.44382],[12.30205,45.43928],[12.30432,45.43827],[12.30733,45.44181],[12.3093,45.44093],[12.30369,45.43436],[12.30625,45.43326],[12.31102,45.43885],[12.31269,45.43819],[12.31217,45.43723],[12.30798,45.4324],[12.31186,45.43115],[12.31569,45.43131],[12.32163,45.43065],[12.32977,45.42865],[12.3316,45.42841],[12.33384,45.42886],[12.33573,45.43036],[12.33709,45.43098],[12.33736,45.4323],[12.34093,45.43338],[12.34449,45.43377],[12.34802,45.43322],[12.35057,45.43183],[12.35516,45.42968],[12.35787,45.42734],[12.36153,45.42512],[12.36384,45.4247],[12.36655,45.42542],[12.3658,45.42775],[12.36696,45.42823],[12.36272,45.4326],[12.36128,45.43327],[12.36129,45.43434],[12.35957,45.43554],[12.35914,45.43646],[12.36187,45.43791],[12.36308,45.43809],[12.36303,45.43968],[12.36219,45.4408],[12.35906,45.44005],[12.35674,45.43846],[12.35403,45.43802],[12.34715,45.4393],[12.33677,45.44511],[12.3361,45.44423],[12.33427,45.44507],[12.33552,45.44633],[12.33276,45.44753],[12.32896,45.44869],[12.32618,45.44933],[12.32162,45.44784],[12.31895,45.44773],[12.31832,45.44675],[12.31657,45.44543],[12.31674,45.44417],[12.31384,45.44563],[12.28048,45.46432],[12.28179,45.46557],[12.28476,45.46725],[12.28187,45.47111],[12.28238,45.47318],[12.27893,45.47757],[12.28471,45.4781],[12.28635,45.47802],[12.29023,45.47869],[12.29115,45.47917],[12.29512,45.47995],[12.29626,45.47813],[12.30045,45.47847],[12.30137,45.47888],[12.29986,45.4813],[12.30476,45.48314],[12.30578,45.48306],[12.30782,45.48417],[12.31584,45.4874],[12.32256,45.49168],[12.33334,45.49796],[12.33424,45.49833],[12.33614,45.50054],[12.33753,45.50045],[12.33452,45.49809],[12.33444,45.49661],[12.33142,45.49299],[12.32995,45.49088],[12.33088,45.48908],[12.33505,45.49191],[12.33681,45.4909],[12.34021,45.49268],[12.34237,45.49447],[12.34232,45.49547],[12.36812,45.51562],[12.36853,45.51705],[12.37014,45.51832],[12.36872,45.51941],[12.37202,45.52108],[12.3797,45.51965],[12.38546,45.51877],[12.38806,45.51892],[12.38718,45.51604],[12.38949,45.51672],[12.39356,45.51886],[12.39347,45.51999],[12.3942,45.52427],[12.39401,45.52627],[12.39508,45.52869],[12.39504,45.53281],[12.39704,45.53402],[12.40032,45.53266],[12.40072,45.53418],[12.40446,45.53678],[12.40479,45.5356],[12.40399,45.5349],[12.40405,45.53353],[12.40525,45.53219],[12.4094,45.53274],[12.41073,45.5323],[12.41125,45.53358],[12.41093,45.53528],[12.41002,45.53694],[12.40965,45.53853],[12.41011,45.54173],[12.41349,45.5423],[12.41368,45.54431],[12.41566,45.54515],[12.42449,45.5417],[12.42683,45.53792],[12.42873,45.53613],[12.42944,45.53485],[12.42938,45.5335],[12.4278,45.53079],[12.42693,45.52877],[12.42731,45.52738],[12.42862,45.52633],[12.43267,45.52684],[12.43571,45.52798],[12.43674,45.52894],[12.4356,45.53084],[12.43843,45.53252],[12.43723,45.53416],[12.43898,45.53583],[12.44129,45.53636],[12.44411,45.53612],[12.44626,45.53481],[12.44704,45.53582],[12.44934,45.53683],[12.45087,45.53867],[12.45193,45.54253],[12.45187,45.54485],[12.45649,45.5451],[12.45894,45.54547],[12.4586,45.54805],[12.4571,45.55273],[12.45892,45.55307],[12.45992,45.55398],[12.46375,45.55557],[12.46555,45.55739],[12.46777,45.55903],[12.46997,45.56008],[12.47173,45.5616],[12.47362,45.56206],[12.4866,45.56466],[12.5046,45.5688],[12.50531,45.56877],[12.51293,45.57066],[12.51541,45.571],[12.53342,45.57468],[12.53599,45.57492],[12.54009,45.57572],[12.53931,45.57456],[12.54043,45.57323],[12.53941,45.57029],[12.53754,45.56823],[12.53918,45.5681],[12.54149,45.56576],[12.5423,45.56422],[12.54466,45.56346],[12.54918,45.56445],[12.5514,45.56406],[12.55247,45.56344],[12.55343,45.56169],[12.55388,45.55976],[12.55741,45.55877],[12.55886,45.55892],[12.55968,45.56036],[12.56025,45.56337],[12.56228,45.56467],[12.57324,45.55165],[12.57359,45.55141],[12.5966,45.54527],[12.59285,45.54163],[12.58776,45.53945],[12.58571,45.53818],[12.58443,45.53511],[12.58355,45.53365],[12.58069,45.53178],[12.5809,45.52996],[12.58039,45.52892],[12.57669,45.52786],[12.57245,45.52731],[12.57075,45.52513],[12.56821,45.52538],[12.56744,45.52438],[12.56317,45.52195],[12.56078,45.52099],[12.54686,45.51401],[12.54567,45.51368],[12.54485,45.51204],[12.54294,45.51109],[12.54223,45.51007],[12.53985,45.51055],[12.53874,45.5128],[12.53623,45.51312],[12.53196,45.5127],[12.53237,45.51189],[12.53126,45.50913],[12.53343,45.50655],[12.533,45.50378],[12.53211,45.50314],[12.52817,45.50124],[12.52963,45.50033],[12.53139,45.49982],[12.53333,45.50022],[12.53543,45.50108],[12.53643,45.5024],[12.53968,45.50462],[12.54545,45.50716],[12.54275,45.50999],[12.54343,45.51098],[12.54511,45.51207],[12.54608,45.51338],[12.54948,45.51488],[12.55972,45.52005],[12.56412,45.52192],[12.56744,45.52403],[12.5708,45.52465],[12.57364,45.52667],[12.57708,45.52678],[12.57841,45.5263],[12.58436,45.52517],[12.5861,45.52588],[12.58854,45.52782],[12.58951,45.52921],[12.58954,45.53111],[12.59515,45.53527],[12.59765,45.53695],[12.60349,45.53846],[12.60501,45.53847],[12.60832,45.53694],[12.61095,45.53626],[12.61358,45.53672],[12.61566,45.53752],[12.61763,45.53757],[12.61971,45.53654],[12.62174,45.53704],[12.62991,45.53512],[12.63184,45.53434],[12.6315,45.53064],[12.63316,45.52824],[12.63071,45.52184],[12.62882,45.51821],[12.62761,45.51644],[12.62413,45.51353],[12.62223,45.51279],[12.61927,45.51462],[12.61818,45.51478],[12.61304,45.51462],[12.61333,45.51596],[12.61479,45.51914],[12.614,45.51913],[12.61199,45.51472],[12.60259,45.51522],[12.59631,45.51254],[12.59353,45.51114],[12.59145,45.50923],[12.59134,45.50802],[12.58965,45.5074],[12.58695,45.50581],[12.58309,45.50693],[12.58236,45.50638],[12.58032,45.50616],[12.57711,45.50527],[12.5736,45.50256],[12.57142,45.50274],[12.57002,45.50202],[12.56965,45.50021],[12.56893,45.50015],[12.5706,45.49651],[12.5728,45.49597],[12.57493,45.49602],[12.57602,45.49538],[12.5745,45.4935],[12.57295,45.49297],[12.56966,45.49073],[12.56826,45.49036],[12.5668,45.4893],[12.56222,45.48695],[12.55895,45.48654],[12.55754,45.48667],[12.55577,45.48777],[12.55432,45.48726],[12.55355,45.48596],[12.55238,45.48622],[12.55399,45.49089],[12.55369,45.49231],[12.5519,45.49477],[12.55037,45.49585],[12.54489,45.49892],[12.54064,45.49986],[12.53843,45.49993],[12.53468,45.499],[12.53203,45.49881],[12.52862,45.4994],[12.52597,45.50103],[12.52518,45.50271],[12.51655,45.50292],[12.51156,45.50279],[12.50936,45.5036],[12.50757,45.50342],[12.50515,45.49976],[12.50435,45.49813],[12.5026,45.49711],[12.49937,45.49759],[12.49725,45.49671],[12.49556,45.4968],[12.49349,45.49779],[12.49267,45.49863],[12.49077,45.49853],[12.48726,45.49952],[12.48563,45.49897],[12.48455,45.49729],[12.48367,45.49382],[12.4812,45.49214],[12.47828,45.49164],[12.47512,45.49224],[12.47771,45.48962],[12.47831,45.48776],[12.47776,45.4846],[12.4745,45.48078],[12.47198,45.47829],[12.46826,45.47541],[12.46579,45.47443],[12.46367,45.47393],[12.45984,45.47393],[12.45278,45.47357],[12.4453,45.47065],[12.4443,45.46778],[12.44129,45.46374],[12.44142,45.46315],[12.43915,45.46052],[12.43756,45.45814],[12.43495,45.45572],[12.43234,45.45383],[12.42805,45.45028],[12.42702,45.44976],[12.42457,45.44749],[12.4234,45.44595],[12.421,45.442],[12.42112,45.43757],[12.42194,45.43493],[12.42456,45.43148],[12.42733,45.42889],[12.43128,45.42608],[12.43377,45.42458],[12.43537,45.42644],[12.4373,45.42777],[12.44328,45.43256],[12.44605,45.43444],[12.45074,45.43728],[12.45381,45.43892],[12.46317,45.44315],[12.46993,45.44605],[12.47363,45.44684],[12.47672,45.44816],[12.47823,45.44907],[12.48088,45.44997],[12.48373,45.44989],[12.48805,45.451],[12.4891,45.45153],[12.49874,45.45418],[12.5038,45.45542],[12.50653,45.45625],[12.51023,45.45697],[12.51241,45.45797],[12.51659,45.45932],[12.52423,45.46111],[12.52603,45.46177],[12.53388,45.464],[12.53544,45.46489],[12.54227,45.46716],[12.54346,45.4674],[12.54842,45.4693],[12.54918,45.46996],[12.55143,45.47073],[12.55664,45.47208],[12.56078,45.47344],[12.56256,45.47381],[12.56758,45.47555],[12.57267,45.47626],[12.5756,45.47726],[12.57771,45.4775],[12.58025,45.47841],[12.58392,45.47825],[12.58397,45.47916],[12.58869,45.48158],[12.60018,45.48673],[12.61125,45.49134],[12.61528,45.49292],[12.62172,45.49505],[12.62847,45.49762],[12.63261,45.4994],[12.64859,45.50497],[12.65455,45.50679],[12.65761,45.50793],[12.66521,45.51021],[12.6742,45.5134],[12.68391,45.51654],[12.68533,45.51679],[12.69049,45.5184],[12.69781,45.52029],[12.70293,45.52129],[12.70755,45.52238],[12.71004,45.52231],[12.71681,45.52415],[12.71865,45.52428],[12.72171,45.52563],[12.72405,45.52758],[12.72541,45.52919],[12.72981,45.52895],[12.73589,45.53135],[12.73909,45.53289],[12.74866,45.53712],[12.75269,45.53863],[12.76719,45.54536],[12.77076,45.54747],[12.78784,45.55673],[12.79202,45.5586],[12.79866,45.56188],[12.80584,45.56467],[12.81246,45.56674],[12.81298,45.56711],[12.82038,45.5706],[12.82663,45.57321],[12.83721,45.57777],[12.83994,45.57869],[12.84739,45.58176],[12.85252,45.58363],[12.85841,45.58538],[12.86399,45.58738],[12.86279,45.59073],[12.86548,45.59001],[12.86683,45.58842],[12.86861,45.58969],[12.87417,45.59267],[12.87741,45.59384],[12.88536,45.59721],[12.88777,45.59729],[12.88911,45.59778],[12.89325,45.60048],[12.89144,45.60113],[12.89177,45.60218],[12.89479,45.60382],[12.89988,45.60713],[12.90096,45.60905],[12.9027,45.61069],[12.90868,45.61476],[12.91323,45.61509],[12.91393,45.61315],[12.91704,45.61287],[12.92262,45.61382],[12.94551,45.61932],[12.95516,45.6213],[12.96316,45.62244],[12.96923,45.62285],[12.97193,45.6246],[12.97363,45.62536],[12.97833,45.62533],[12.98012,45.62515],[12.98425,45.62529],[13.00077,45.62756],[13.00873,45.62849],[13.02173,45.62972],[13.02816,45.63017],[13.034,45.6304],[13.0532,45.63049],[13.05974,45.63077],[13.06731,45.63148],[13.07474,45.63247],[13.08282,45.63392],[13.08676,45.63443],[13.09256,45.63555],[13.09384,45.63534],[13.09738,45.63574],[13.09989,45.63915],[13.09993,45.64023],[13.09867,45.64105],[13.0982,45.64331],[13.09879,45.64453],[13.09307,45.64801],[13.09064,45.64979],[13.08798,45.65098],[13.08657,45.65125],[13.08439,45.65071],[13.08258,45.64974],[13.08026,45.64994],[13.07984,45.65116],[13.08066,45.65353],[13.08204,45.65468],[13.08399,45.6555],[13.08445,45.65708],[13.08314,45.65806],[13.08115,45.65883],[13.07857,45.65925],[13.07496,45.65919],[13.07151,45.65808],[13.06653,45.65588],[13.06493,45.65565],[13.06396,45.65616],[13.06283,45.65761],[13.06197,45.65954],[13.06189,45.66293],[13.06352,45.66643],[13.06646,45.66947],[13.06692,45.67087],[13.06678,45.67235],[13.06489,45.67644],[13.0635,45.6784],[13.06141,45.67952],[13.05889,45.67947],[13.05534,45.67738],[13.05288,45.67843],[13.05051,45.68056],[13.04786,45.68239],[13.04543,45.68356],[13.04361,45.68549],[13.04396,45.68726],[13.04492,45.68769],[13.04753,45.68723],[13.04892,45.6874],[13.05048,45.68856],[13.05192,45.69069],[13.05326,45.69453],[13.05231,45.6964],[13.05098,45.69692],[13.04839,45.6968],[13.04677,45.6939],[13.04498,45.69384],[13.04365,45.69527],[13.04013,45.69729],[13.03686,45.69939],[13.0365,45.70092],[13.03928,45.70121],[13.04469,45.70101],[13.04602,45.70158],[13.04608,45.70272],[13.04066,45.70604],[13.03958,45.70815],[13.03808,45.71419],[13.03817,45.71576],[13.03937,45.71957],[13.03866,45.7213],[13.0358,45.723],[13.02936,45.72565],[13.02799,45.72665],[13.0273,45.72804],[13.02734,45.72974],[13.02789,45.7326],[13.02905,45.73514],[13.02857,45.73671],[13.02655,45.73683],[13.02372,45.73544],[13.01644,45.73062],[13.01604,45.7301],[13.01624,45.72614],[13.01578,45.72506],[13.01322,45.72366],[13.01212,45.72362],[13.00882,45.72458],[13.0077,45.72612],[13.00759,45.72889],[13.00799,45.73105],[13.00897,45.73229],[13.01027,45.73301],[13.01566,45.73526],[13.01608,45.73593],[13.01533,45.74202],[13.01314,45.74298],[13.00874,45.74405],[13.00674,45.74479],[13.00246,45.74752],[13.00152,45.74839],[13.00131,45.75003],[13.0025,45.75122],[13.0051,45.75278],[13.00518,45.75488],[13.00392,45.75631],[13.00194,45.75726],[12.99972,45.75896],[13.00037,45.76058],[13.00475,45.76097],[13.00906,45.76046],[13.01105,45.76097],[13.01205,45.76252],[13.0107,45.76415],[13.0076,45.76564],[13.00353,45.76629],[12.99979,45.7676],[12.9971,45.77038],[12.99443,45.77505],[12.99312,45.77603],[12.99016,45.77637],[12.98796,45.77617],[12.98332,45.77691],[12.9833,45.77847],[12.98468,45.78139],[12.9847,45.78413],[12.98419,45.78489],[12.98124,45.7869],[12.97785,45.78795],[12.97493,45.78819],[12.9734,45.78862],[12.97232,45.7906],[12.97379,45.79214],[12.97595,45.79261],[12.98127,45.79296],[12.98751,45.795],[12.99128,45.79696],[12.99173,45.79782],[12.99135,45.8],[12.98958,45.80149],[12.98789,45.80087],[12.98737,45.8001],[12.98675,45.79718],[12.98525,45.79567],[12.98237,45.79559],[12.98078,45.79667],[12.98109,45.79952],[12.98001,45.80147],[12.97715,45.80341],[12.97449,45.80564],[12.97392,45.80665],[12.97425,45.8076],[12.97697,45.80945],[12.97736,45.81251],[12.97876,45.81457],[12.98202,45.81523],[12.9835,45.8149],[12.98518,45.81053],[12.98728,45.80894],[12.9884,45.80875],[12.99066,45.80941],[12.9916,45.81029],[12.99303,45.81276],[12.99325,45.81502],[12.98834,45.81767],[12.98662,45.81837],[12.98371,45.81883],[12.97982,45.81848],[12.9755,45.81926],[12.97305,45.82069],[12.97391,45.82271],[12.97713,45.8232],[12.97925,45.82461],[12.98355,45.82524],[12.98426,45.82617],[12.98209,45.8273],[12.97863,45.82668],[12.97719,45.82685],[12.97703,45.82372],[12.9742,45.82337],[12.97299,45.82495],[12.97089,45.82868],[12.97454,45.83078],[12.97721,45.83139],[12.97906,45.83405],[12.97688,45.83412],[12.97651,45.83564],[12.97398,45.83609],[12.97056,45.83557],[12.9672,45.83602],[12.96641,45.83821],[12.96634,45.84114],[12.96304,45.84536],[12.96144,45.84688],[12.95779,45.84737],[12.95642,45.84657],[12.9548,45.84622],[12.95314,45.84387],[12.95138,45.84301],[12.95151,45.83784],[12.95088,45.83493],[12.95131,45.83411],[12.95097,45.83226],[12.95099,45.82922],[12.95584,45.82512],[12.95856,45.82251],[12.95069,45.82221],[12.94892,45.8215],[12.94882,45.82031],[12.94574,45.82131],[12.92951,45.81736],[12.92451,45.82432],[12.92365,45.82734],[12.92053,45.83135],[12.91504,45.82463],[12.91423,45.82677],[12.91108,45.82607],[12.90996,45.8282],[12.90838,45.82783],[12.90782,45.82911],[12.90301,45.8277],[12.90147,45.82617],[12.90133,45.82493],[12.89956,45.82411],[12.89989,45.82271],[12.89356,45.82048],[12.89311,45.8197],[12.89007,45.82048],[12.89088,45.82302],[12.89069,45.82361],[12.88604,45.82468],[12.88458,45.82583],[12.88296,45.8261],[12.8791,45.82477],[12.87684,45.82482],[12.87701,45.82963],[12.87538,45.82969],[12.87421,45.83046],[12.87339,45.83206],[12.86969,45.83379],[12.87037,45.83558],[12.87556,45.8403],[12.8763,45.84126],[12.87552,45.84186],[12.87721,45.8432],[12.87601,45.84435],[12.87629,45.84573],[12.87589,45.84808],[12.875,45.85035],[12.87303,45.85022],[12.87254,45.84836],[12.87166,45.84727],[12.8702,45.84647],[12.86928,45.84519],[12.86756,45.84716],[12.86281,45.85001],[12.8612,45.8508],[12.85836,45.85014],[12.85472,45.85005],[12.85119,45.84922],[12.84809,45.84812],[12.84057,45.84751],[12.83688,45.84747],[12.83676,45.84537],[12.83768,45.84136],[12.83514,45.84086],[12.83465,45.83864],[12.82973,45.83779],[12.8288,45.83548],[12.82468,45.83574],[12.82353,45.83677],[12.82169,45.83532],[12.82159,45.83454],[12.81892,45.83374],[12.81885,45.82433],[12.80941,45.82039],[12.80697,45.82032],[12.80546,45.82205],[12.80399,45.82265],[12.80182,45.82295],[12.80131,45.82435],[12.79996,45.82574],[12.80092,45.82798],[12.80057,45.82916],[12.79943,45.82995],[12.7988,45.83302],[12.79997,45.83394],[12.80073,45.83566],[12.80019,45.83683],[12.80209,45.83857],[12.80143,45.83976],[12.80177,45.84086],[12.80388,45.84168],[12.80321,45.84319],[12.80425,45.84467],[12.80096,45.84575],[12.80011,45.84491],[12.79695,45.84601],[12.79553,45.84527],[12.79411,45.84538],[12.79085,45.84763],[12.78949,45.84885],[12.78645,45.85051],[12.78186,45.85397],[12.77984,45.85445],[12.77839,45.85356],[12.7772,45.85377],[12.77499,45.85307],[12.773,45.85183],[12.76951,45.85049],[12.76828,45.84882],[12.76609,45.84756],[12.76878,45.84528],[12.76522,45.84357],[12.76494,45.8426],[12.75834,45.83882],[12.75773,45.83757],[12.75486,45.83583],[12.74878,45.82993],[12.74723,45.82893],[12.74272,45.82671],[12.73891,45.82937],[12.73688,45.83111],[12.73631,45.8323],[12.73406,45.83411],[12.73434,45.83505],[12.73257,45.83638],[12.73001,45.83728],[12.72825,45.8356],[12.72608,45.83417],[12.72513,45.83286],[12.72097,45.83009],[12.72056,45.82876],[12.7181,45.8259],[12.71254,45.82081],[12.70971,45.81936],[12.70833,45.81774],[12.70353,45.81617],[12.70209,45.81453],[12.70073,45.81223],[12.69891,45.81074],[12.69923,45.80877],[12.69517,45.80672],[12.69491,45.80605],[12.69231,45.80436],[12.68907,45.80314],[12.68656,45.80156],[12.68314,45.7998],[12.68226,45.79803],[12.68142,45.79775],[12.67898,45.79474],[12.67801,45.79466],[12.6758,45.79292],[12.67379,45.7919],[12.67058,45.79087],[12.668,45.79124],[12.66597,45.79221],[12.66167,45.79244],[12.66171,45.79371],[12.65834,45.79684],[12.65496,45.79833],[12.64975,45.80188],[12.64984,45.8035],[12.65137,45.80377],[12.65166,45.8062],[12.654,45.80685],[12.65403,45.80949],[12.65286,45.81007],[12.65146,45.80981],[12.65074,45.81159],[12.64629,45.81264],[12.64821,45.81358],[12.6477,45.81492],[12.64852,45.8154],[12.64764,45.81648],[12.64913,45.81717],[12.64742,45.81846],[12.64755,45.8198],[12.64622,45.82058],[12.64528,45.8199],[12.644,45.82032],[12.64328,45.81948],[12.64038,45.82008],[12.64002,45.8191],[12.63848,45.81888],[12.63704,45.81766],[12.63545,45.8171],[12.63326,45.81885],[12.63359,45.81993],[12.63233,45.82058],[12.63222,45.82154],[12.63304,45.82292],[12.63221,45.82335],[12.63197,45.82471],[12.63033,45.82497],[12.63078,45.82639],[12.6297,45.82713],[12.63194,45.82862],[12.63144,45.83001],[12.62956,45.83016],[12.62824,45.82942],[12.62679,45.83029],[12.6249,45.82962],[12.62293,45.82816],[12.62116,45.82793],[12.61876,45.82895],[12.61596,45.82946],[12.61157,45.8319],[12.61111,45.83445],[12.60839,45.83457],[12.60638,45.83741],[12.60418,45.83704],[12.5993,45.83462],[12.59888,45.83366],[12.59439,45.83088],[12.59534,45.82919],[12.59542,45.82712],[12.59694,45.82428],[12.59817,45.8227],[12.59741,45.82215],[12.59644,45.82207],[12.59214,45.81989],[12.59455,45.81821],[12.59557,45.81618],[12.59386,45.81519],[12.58935,45.81501],[12.58766,45.81531],[12.58743,45.81783],[12.58442,45.81955],[12.58321,45.82086],[12.58202,45.82424],[12.58028,45.82578],[12.57817,45.82577],[12.57461,45.82408],[12.57289,45.82438],[12.57109,45.82581],[12.56881,45.82706],[12.5674,45.83042],[12.56622,45.83138],[12.56406,45.83135],[12.56533,45.83024],[12.56369,45.82848],[12.5625,45.82635],[12.56024,45.82571],[12.55871,45.82647],[12.557,45.82904],[12.55623,45.8296],[12.55401,45.82985],[12.55499,45.83198],[12.55662,45.83333],[12.55689,45.83411],[12.55647,45.83614],[12.55476,45.83808],[12.55307,45.83759],[12.55342,45.83628],[12.5523,45.83616],[12.54994,45.839],[12.55388,45.83973],[12.5548,45.8407],[12.55208,45.84158],[12.55156,45.84216],[12.55522,45.84366],[12.55736,45.84304],[12.55834,45.84362],[12.55912,45.84597],[12.559,45.84707],[12.55746,45.84735],[12.5554,45.84652],[12.55438,45.84821],[12.54999,45.84987],[12.55019,45.8513],[12.55179,45.85286],[12.55291,45.85502],[12.55168,45.85695],[12.54991,45.86053],[12.54693,45.86206],[12.54496,45.86257],[12.54287,45.86263],[12.54016,45.86168],[12.53824,45.86217],[12.5347,45.86205],[12.53329,45.86327],[12.53112,45.86308],[12.5296,45.86427],[12.53315,45.86649],[12.53284,45.8679],[12.53397,45.86825],[12.53654,45.86817],[12.53688,45.86913],[12.53363,45.86926],[12.53382,45.87003],[12.5356,45.87006],[12.53644,45.87063],[12.53568,45.87181],[12.53356,45.87297],[12.53522,45.8755],[12.53523,45.87633],[12.53256,45.87788],[12.53294,45.87951],[12.53228,45.88193],[12.53351,45.88354],[12.53376,45.88492],[12.53299,45.88548],[12.53052,45.8844],[12.52898,45.88439],[12.52338,45.88639],[12.52235,45.88516],[12.52132,45.88572],[12.52144,45.88755],[12.52035,45.8876],[12.52017,45.88965],[12.51643,45.89004],[12.51602,45.89138],[12.51436,45.89244],[12.51236,45.89454],[12.51069,45.89587],[12.50702,45.89785],[12.5075,45.8984],[12.5098,45.89873],[12.51282,45.8983],[12.51535,45.8995],[12.51808,45.89987],[12.52326,45.90311],[12.52289,45.90431],[12.52134,45.90522],[12.51922,45.90524],[12.51747,45.90403],[12.51651,45.90387],[12.51338,45.906],[12.51092,45.90892],[12.50889,45.90976],[12.50887,45.91179],[12.50716,45.91391],[12.50558,45.91669],[12.50657,45.91763],[12.50675,45.91878],[12.50794,45.91989],[12.50687,45.92188],[12.5052,45.9234],[12.50164,45.92491],[12.49893,45.92554],[12.49578,45.92538],[12.49255,45.92605],[12.49074,45.92599],[12.48899,45.92679],[12.48794,45.92579],[12.48636,45.9258],[12.48485,45.92544],[12.48268,45.9257],[12.4809,45.92661],[12.47959,45.92628],[12.47792,45.92753],[12.47471,45.92848],[12.4719,45.93003],[12.46941,45.93192],[12.46767,45.93168],[12.46662,45.93252],[12.46443,45.93287],[12.46272,45.93362],[12.46404,45.93598],[12.4636,45.93771],[12.46509,45.93952],[12.46433,45.94151],[12.46326,45.94185],[12.45983,45.94182],[12.45825,45.94263],[12.45663,45.94229],[12.45572,45.94395],[12.45611,45.94488],[12.45571,45.9461],[12.45427,45.94712],[12.45294,45.94715],[12.45131,45.94571],[12.45052,45.94433],[12.44586,45.94714],[12.44411,45.94768],[12.4419,45.94668],[12.43759,45.94549],[12.43478,45.94526],[12.43226,45.94551],[12.43031,45.94638],[12.42801,45.94648],[12.42573,45.94763],[12.42596,45.95174],[12.42491,45.95242],[12.42367,45.95407],[12.42312,45.95559],[12.42233,45.956],[12.42375,45.95847],[12.42364,45.96136],[12.42456,45.96386],[12.42535,45.96477],[12.42498,45.96577],[12.42712,45.96778],[12.42607,45.96977],[12.42676,45.97284],[12.42613,45.97637],[12.42595,45.97973],[12.42681,45.98113],[12.42674,45.98223],[12.42727,45.9857],[12.42801,45.98769],[12.42679,45.98862],[12.42773,45.9892],[12.42845,45.99333],[12.42821,45.99577],[12.42502,45.99757],[12.42375,45.99889],[12.42372,46.00079],[12.42141,46.00496],[12.41986,46.00711],[12.4187,46.00792],[12.41891,46.00911],[12.41798,46.01189],[12.41784,46.01402],[12.41865,46.01559],[12.41496,46.01999],[12.41641,46.02194],[12.41598,46.02375],[12.41508,46.02526],[12.4153,46.02687],[12.41446,46.02801],[12.41137,46.03063],[12.41037,46.03234],[12.40888,46.03384],[12.40604,46.03521],[12.40211,46.0383],[12.399,46.04143],[12.40053,46.042],[12.40399,46.04524],[12.403,46.04614],[12.40296,46.04792],[12.40149,46.0505],[12.40162,46.05452],[12.4004,46.05855],[12.39953,46.06244],[12.39473,46.06252],[12.39245,46.063],[12.3909,46.06242],[12.38614,46.06293],[12.38849,46.06449],[12.38931,46.06774],[12.39151,46.07135],[12.38891,46.07192],[12.38599,46.07197],[12.38246,46.07295],[12.38051,46.07161],[12.3773,46.07148],[12.37621,46.0757],[12.37082,46.07603],[12.36985,46.07477],[12.36813,46.07615],[12.36632,46.07629],[12.36526,46.07363],[12.36462,46.07299],[12.3619,46.07161],[12.35683,46.07456],[12.35223,46.07753],[12.34856,46.0792],[12.34609,46.07911],[12.34241,46.07789],[12.34077,46.07773],[12.33717,46.07926],[12.33422,46.08007],[12.33186,46.08131],[12.33039,46.08256],[12.32853,46.08207],[12.32512,46.08192],[12.32243,46.08225],[12.31523,46.08076],[12.3128,46.08001],[12.30953,46.07788],[12.30649,46.07695],[12.3028,46.07635],[12.30094,46.07411],[12.29783,46.07105],[12.29614,46.06834],[12.29286,46.06463],[12.29073,46.06146],[12.28759,46.0595],[12.28456,46.05728],[12.28263,46.05651],[12.28261,46.05418],[12.2807,46.05165],[12.28068,46.04937],[12.27945,46.04812],[12.27595,46.04593],[12.27257,46.04259],[12.2716,46.04214],[12.2682,46.04145],[12.26366,46.03956],[12.26085,46.03875],[12.26012,46.03694],[12.25778,46.03703],[12.25492,46.03648],[12.25305,46.03397],[12.2532,46.03205],[12.2543,46.02949],[12.25454,46.02797],[12.25271,46.0273],[12.25098,46.02775],[12.24814,46.0286],[12.24733,46.02565],[12.24687,46.02523],[12.24352,46.02532],[12.24157,46.0248],[12.23992,46.02485],[12.23784,46.02202],[12.23627,46.02049],[12.23517,46.01886],[12.23166,46.01745],[12.23045,46.01552],[12.22859,46.01426],[12.22619,46.01312],[12.22477,46.01408],[12.22172,46.01407],[12.21683,46.01269],[12.21213,46.01044],[12.20952,46.00964],[12.20536,46.00885],[12.20207,46.0074],[12.19616,46.0061],[12.1916,46.00458],[12.19089,46.00462],[12.19102,46.00574],[12.1887,46.00882],[12.18633,46.00982],[12.18449,46.01111],[12.18171,46.01187],[12.1786,46.01403],[12.17621,46.01421],[12.17329,46.01381],[12.16688,46.01357],[12.16791,46.0087],[12.16924,46.00694],[12.16923,46.00582],[12.16358,46.00462],[12.15562,46.00365],[12.15514,46.00082],[12.15279,46.00179],[12.14929,46.00177],[12.14722,46.00278],[12.14567,46.00284],[12.14289,46.00134],[12.13938,45.99984],[12.13763,46.00087],[12.13181,46.00126],[12.12769,46.00183],[12.12658,46.00227],[12.12315,46.00264],[12.121,46.00389],[12.11878,46.00347],[12.11245,46.00344],[12.10979,46.00281],[12.10659,46.00001],[12.10326,45.99765],[12.10334,45.99647],[12.10459,45.9951],[12.10538,45.99262],[12.10393,45.99092],[12.10333,45.98898],[12.10155,45.98708],[12.09818,45.98503],[12.09594,45.98428],[12.09412,45.98199],[12.07817,45.97651],[12.07643,45.97608],[12.07789,45.97435],[12.07867,45.97284],[12.07707,45.97222],[12.0702,45.96732],[12.06694,45.96546],[12.06293,45.9637],[12.06193,45.96151],[12.06078,45.9608],[12.05933,45.96207],[12.05477,45.96464],[12.05286,45.96511],[12.05083,45.96383],[12.04937,45.9612],[12.04751,45.96196],[12.04548,45.96433],[12.03972,45.96919],[12.03275,45.97362],[12.03056,45.97357],[12.02685,45.97165],[12.02394,45.97123],[12.02274,45.97025],[12.02308,45.96904],[12.02166,45.96525],[12.02177,45.96382],[12.01896,45.96208],[12.01629,45.96278],[12.01226,45.96489],[12.01197,45.96642],[12.01115,45.96707],[12.00621,45.96821],[12.00377,45.96815],[12.00285,45.96662],[12.00019,45.96767],[11.99886,45.96741],[11.99509,45.96525],[11.98865,45.95984],[11.98543,45.96086],[11.98043,45.95961],[11.97675,45.95921],[11.97269,45.95809],[11.96854,45.9552],[11.96302,45.9551],[11.9616,45.95468],[11.95206,45.94824],[11.95156,45.94757],[11.95118,45.94394],[11.95147,45.9409],[11.9508,45.9377],[11.9496,45.93431],[11.94672,45.93073],[11.94596,45.92787],[11.94515,45.92702],[11.94758,45.92365],[11.94891,45.92125],[11.94859,45.92033],[11.94521,45.91605],[11.94416,45.91345],[11.94399,45.91117],[11.9459,45.90806],[11.9476,45.90555],[11.94907,45.90111],[11.95056,45.89579],[11.94924,45.89534],[11.94373,45.89356],[11.9424,45.89423],[11.94142,45.8935],[11.93903,45.89296],[11.93271,45.89356],[11.93053,45.89415],[11.92825,45.89316],[11.92452,45.89222],[11.91982,45.89071],[11.91823,45.8896],[11.91334,45.88916],[11.91122,45.88917],[11.90808,45.88971],[11.90475,45.88929],[11.90031,45.88923],[11.89409,45.88712],[11.8884,45.88462],[11.88272,45.88319],[11.87959,45.88195],[11.87612,45.88123],[11.87279,45.88115],[11.86923,45.88075],[11.86279,45.88252],[11.8599,45.88391],[11.85686,45.88368],[11.85229,45.88449],[11.84716,45.88389],[11.84645,45.8843],[11.84537,45.8876],[11.84454,45.88883],[11.84505,45.89113],[11.84647,45.89403],[11.84631,45.89566],[11.84501,45.89677],[11.84127,45.89793],[11.84016,45.89892],[11.83957,45.90067],[11.83854,45.90147],[11.83681,45.90152],[11.8345,45.9028],[11.83332,45.90413],[11.83068,45.90547],[11.82902,45.90757],[11.82534,45.9081],[11.82254,45.90461],[11.82084,45.90288],[11.81962,45.90105],[11.81749,45.90001],[11.81703,45.89818],[11.81532,45.89435],[11.81162,45.89096],[11.81136,45.88942],[11.80762,45.88612],[11.80397,45.88407],[11.80181,45.88207],[11.7996,45.88056],[11.79983,45.87632],[11.79921,45.87489],[11.79923,45.87196],[11.79642,45.87173],[11.79265,45.87096],[11.79001,45.87143],[11.78617,45.87064],[11.78528,45.86957],[11.78265,45.86949],[11.78033,45.86814],[11.77498,45.86845],[11.77021,45.86815],[11.76665,45.86931],[11.7659,45.86643],[11.76414,45.86362],[11.76247,45.86189],[11.76218,45.85881],[11.76018,45.85773],[11.75528,45.85723],[11.75103,45.85649],[11.74624,45.85653],[11.74494,45.85621],[11.7427,45.8549],[11.74401,45.85241],[11.744,45.85013],[11.74579,45.84791],[11.74953,45.84633],[11.75388,45.84455],[11.75637,45.84436],[11.75732,45.84347],[11.75795,45.84081],[11.75939,45.83867],[11.75763,45.83331],[11.75376,45.83039],[11.75184,45.82661],[11.7515,45.82492],[11.75037,45.82335],[11.7505,45.82048],[11.75228,45.81861],[11.75277,45.8159],[11.75678,45.81145],[11.75898,45.80956],[11.76127,45.80597],[11.76219,45.80497],[11.76359,45.80519],[11.76465,45.80323],[11.76323,45.80263],[11.76421,45.80185],[11.76557,45.80226],[11.76782,45.80074],[11.76934,45.79881],[11.77067,45.79819],[11.77271,45.79604],[11.775,45.79597],[11.77692,45.79457],[11.77923,45.79188],[11.78194,45.79299],[11.78333,45.79404],[11.78313,45.79473],[11.78425,45.79569],[11.78683,45.79669],[11.78913,45.79716],[11.79091,45.79826],[11.79117,45.80026],[11.7941,45.80057],[11.79467,45.7991],[11.79622,45.79986],[11.79869,45.79953],[11.80327,45.79996],[11.80384,45.798],[11.80751,45.79735],[11.81121,45.79753],[11.81022,45.79651],[11.80849,45.79578],[11.80946,45.79433],[11.80905,45.79294],[11.81079,45.79143],[11.81157,45.79016],[11.81284,45.78927],[11.81534,45.78918],[11.81708,45.78853],[11.81845,45.78722],[11.81925,45.78577],[11.81846,45.78549],[11.82007,45.78274],[11.82113,45.78218],[11.82242,45.77893],[11.82065,45.77882],[11.82224,45.77515],[11.8237,45.77272],[11.82552,45.77266],[11.82678,45.76948],[11.82448,45.7678],[11.82521,45.7667],[11.82651,45.76597],[11.82619,45.76481],[11.8281,45.76219],[11.83108,45.76128],[11.83207,45.76004],[11.83217,45.75875],[11.83022,45.75846],[11.83077,45.75763],[11.83283,45.75767],[11.83318,45.75593],[11.83123,45.75588],[11.82969,45.75539],[11.83619,45.74898],[11.83343,45.7463],[11.83266,45.74431],[11.83102,45.74157],[11.8312,45.74051],[11.82676,45.74104],[11.82249,45.74087],[11.81772,45.74192],[11.8141,45.74335],[11.81459,45.74045],[11.81599,45.73595],[11.81714,45.73313],[11.81867,45.72854],[11.81886,45.72707],[11.82069,45.72083],[11.81995,45.72073],[11.82095,45.71791],[11.82228,45.71319],[11.82325,45.71053],[11.82405,45.70663],[11.82351,45.70516],[11.8193,45.70007],[11.81568,45.69617],[11.81542,45.69548],[11.81598,45.6927],[11.81748,45.69133],[11.81837,45.689],[11.82119,45.6877],[11.82167,45.68718],[11.82366,45.68602],[11.82741,45.68463],[11.83028,45.68253],[11.83732,45.67907],[11.83866,45.67856],[11.84072,45.677],[11.83928,45.68295],[11.84196,45.68334],[11.86549,45.67065],[11.86762,45.66945],[11.86822,45.66657],[11.87308,45.66582],[11.87745,45.66617],[11.88093,45.66578],[11.88156,45.66246],[11.8832,45.66212],[11.88476,45.65628],[11.88648,45.65197],[11.88743,45.6483],[11.88922,45.64634],[11.8902,45.64427],[11.8908,45.63977],[11.89173,45.63794],[11.89273,45.63457],[11.89362,45.63315],[11.8953,45.63152],[11.89386,45.63131],[11.89097,45.63286],[11.8893,45.63249],[11.89006,45.63032],[11.89238,45.62806],[11.89083,45.62778],[11.8915,45.62674],[11.88951,45.62613],[11.89123,45.62335],[11.89402,45.61986],[11.89534,45.61736],[11.89814,45.61309],[11.90012,45.61518],[11.90176,45.61759],[11.90052,45.62312],[11.89798,45.62687],[11.90008,45.62805],[11.90112,45.62798],[11.90382,45.62644],[11.9056,45.62639],[11.90777,45.62576],[11.90793,45.62447],[11.9104,45.6226],[11.91113,45.621],[11.9133,45.61923],[11.91717,45.61852],[11.91799,45.62154],[11.92318,45.6212],[11.92506,45.62008],[11.92887,45.61841],[11.92856,45.61748],[11.9308,45.61673],[11.93289,45.61653],[11.93278,45.61511],[11.93436,45.61479],[11.9358,45.61511],[11.93802,45.61414],[11.94082,45.61333],[11.94346,45.61301],[11.94488,45.61448],[11.94542,45.61566],[11.94853,45.61525],[11.94847,45.61344],[11.9492,45.6131],[11.95455,45.61172],[11.96218,45.60877],[11.96519,45.60794],[11.96652,45.60916],[11.96546,45.60995],[11.96599,45.61267],[11.96917,45.61434],[11.97244,45.61505],[11.97413,45.61387],[11.97661,45.61565],[11.97731,45.61888],[11.97996,45.62091],[11.98089,45.6229],[11.9842,45.62331],[11.98797,45.62291],[11.99003,45.62302],[11.99268,45.62261],[11.99498,45.62312],[11.99787,45.62322],[12.00104,45.6221],[12.00433,45.62338],[12.00613,45.62159],[12.00696,45.6234],[12.00579,45.62453],[12.00434,45.62669],[12.00414,45.63358],[12.00478,45.63699],[12.00671,45.63938],[12.00607,45.64314],[12.00786,45.6435],[12.00845,45.64241],[12.01051,45.64301],[12.01133,45.64383],[12.01383,45.64363],[12.01503,45.64398],[12.01497,45.64533],[12.01652,45.6459],[12.01782,45.64499],[12.02038,45.64512],[12.02175,45.64678],[12.02346,45.64727],[12.02975,45.64803],[12.03321,45.64684],[12.03598,45.64657],[12.03864,45.64552],[12.04151,45.6458],[12.0481,45.64497],[12.05094,45.64526],[12.05224,45.64409],[12.05357,45.644],[12.05395,45.64287],[12.05602,45.64169],[12.05666,45.63962],[12.0603,45.63832],[12.06493,45.63785],[12.06797,45.63728],[12.07077,45.6382],[12.07389,45.64077],[12.0759,45.63711],[12.07723,45.63373],[12.07757,45.63174],[12.07757,45.62648],[12.07904,45.62644],[12.07991,45.62535],[12.07978,45.62371],[12.08684,45.62346],[12.08774,45.62156],[12.08573,45.62034],[12.08421,45.62],[12.08308,45.6184],[12.08444,45.61754],[12.08489,45.61643],[12.08626,45.61705],[12.08781,45.61711],[12.08831,45.61592],[12.08849,45.61215],[12.08911,45.61074],[12.08911,45.60905],[12.08681,45.60869],[12.08639,45.60651],[12.08642,45.60379],[12.08726,45.60336],[12.08736,45.59971],[12.08973,45.59919],[12.09136,45.59933],[12.09248,45.59833],[12.09205,45.59215],[12.08931,45.59175],[12.089,45.59091],[12.08914,45.5873],[12.08768,45.58593],[12.08656,45.58566],[12.08499,45.58661],[12.08406,45.58657],[12.08353,45.58483],[12.0839,45.58205],[12.0829,45.58059],[12.08088,45.58068],[12.07402,45.58155],[12.0724,45.58145],[12.07225,45.5777],[12.06799,45.57778],[12.06241,45.57762],[12.06145,45.57736],[12.06307,45.57456],[12.06211,45.57421],[12.0618,45.57226],[12.05451,45.57251],[12.05215,45.57301],[12.04885,45.57315],[12.04853,45.57058],[12.04517,45.57071],[12.04142,45.57056],[12.03831,45.57124],[12.03541,45.57132],[12.0344,45.56998],[12.03407,45.5657],[12.03662,45.56494],[12.0362,45.56372],[12.034,45.56436],[12.03338,45.56274],[12.03252,45.54936],[12.03147,45.54127],[12.03144,45.53631],[12.03307,45.53517],[12.03307,45.53445],[12.03132,45.53372],[12.03038,45.53074],[12.02891,45.5272],[12.02605,45.51944],[12.02457,45.51957],[12.02548,45.52273],[12.02457,45.52345],[12.0249,45.52458],[12.02033,45.52607],[12.01893,45.5263],[12.01965,45.52857],[12.01797,45.52908],[12.01675,45.52842],[12.01598,45.53003],[12.01412,45.53036],[12.01099,45.53184],[12.00761,45.53195],[12.00762,45.53036],[12.00627,45.52698],[12.00555,45.5271],[12.00189,45.51731],[11.99733,45.51815],[11.99501,45.51194],[12.00269,45.51073],[12.00373,45.5102],[12.00234,45.50649],[12.00055,45.50085],[11.99733,45.49273],[11.99699,45.49089],[11.99517,45.48648],[11.99367,45.48372],[11.99,45.47339],[11.98324,45.47494],[11.98359,45.47609],[11.98201,45.47627],[11.97872,45.46918],[11.97941,45.46855],[11.9779,45.46514],[11.97628,45.46235],[11.97612,45.46109],[11.97939,45.46049],[11.97889,45.4593],[11.97903,45.45787],[11.97833,45.45647],[11.97952,45.45429],[11.98296,45.45244],[11.9897,45.4514],[11.99111,45.45282],[11.99261,45.45371],[11.99318,45.45572],[11.99483,45.45596],[11.99688,45.45479],[11.99617,45.45085],[12.0004,45.45017],[12.00187,45.44924],[12.00314,45.44768],[12.00677,45.4474],[12.00834,45.44704],[12.01199,45.44763],[12.0131,45.44868],[12.01549,45.44855],[12.01675,45.4498],[12.01787,45.45158],[12.02068,45.45099],[12.02206,45.44998],[12.02478,45.44925],[12.02634,45.44847],[12.027,45.44712],[12.0254,45.44309],[12.02363,45.44322],[12.02319,45.44179],[12.02408,45.44065],[12.02347,45.43899],[12.02216,45.43715],[12.02024,45.4327],[12.02045,45.43219],[12.01893,45.42818],[12.0184,45.42551],[12.01911,45.42375],[12.01594,45.42353],[12.01222,45.42445],[12.00841,45.4249],[12.00375,45.42503],[12.0003,45.42404],[11.99816,45.42402],[11.99612,45.42444],[11.99546,45.41917],[11.99402,45.41747],[11.99475,45.41511],[11.99865,45.41418],[12.00275,45.41262],[12.00407,45.41071],[12.00242,45.40902],[12.00285,45.40842],[11.99971,45.40824],[11.99236,45.40821],[11.98011,45.40845],[11.97603,45.40343],[11.97509,45.40145],[11.97603,45.40119],[11.97506,45.3966],[11.9794,45.39599],[11.98408,45.39617],[11.9877,45.39591],[11.9893,45.39533],[11.99153,45.39395],[11.99039,45.39303],[11.99027,45.39188],[11.99256,45.39148],[11.99192,45.38958],[11.99317,45.38832],[11.9943,45.38919],[11.99746,45.38848],[11.99596,45.38626],[11.99429,45.38459],[11.99272,45.38073],[11.99737,45.37759],[12.0066,45.37554],[12.00726,45.37423],[12.00857,45.37372],[12.01063,45.37109],[12.01213,45.37039]]],[[[11.96879,45.13398],[11.97138,45.13471],[11.97388,45.13477],[11.97816,45.13565],[11.99015,45.13895],[11.99489,45.13972],[12.00573,45.14025],[12.00789,45.14013],[12.01255,45.13879],[12.01645,45.1387],[12.02143,45.13821],[12.023,45.13857],[12.02593,45.13866],[12.02916,45.13777],[12.03014,45.1369],[12.0309,45.13485],[12.03189,45.13391],[12.03467,45.13336],[12.03883,45.13319],[12.04264,45.13327],[12.04419,45.13301],[12.04608,45.13189],[12.04564,45.13017],[12.04365,45.12987],[12.03662,45.12957],[12.03556,45.12928],[12.03475,45.12771],[12.0335,45.12697],[12.02956,45.12529],[12.02732,45.12189],[12.02553,45.1199],[12.02789,45.11866],[12.03113,45.11799],[12.03552,45.11742],[12.04041,45.11628],[12.04503,45.11557],[12.04886,45.11544],[12.05011,45.11501],[12.05037,45.11415],[12.0489,45.11109],[12.04735,45.10636],[12.0477,45.10536],[12.0541,45.10096],[12.05933,45.09802],[12.06507,45.09409],[12.06994,45.09097],[12.07395,45.0881],[12.07711,45.08618],[12.0801,45.08407],[12.0823,45.08196],[12.08764,45.07879],[12.09061,45.07647],[12.09257,45.0754],[12.11011,45.06415],[12.11414,45.06201],[12.11634,45.0613],[12.11817,45.06155],[12.11985,45.05969],[12.12301,45.05829],[12.12495,45.058],[12.12845,45.05835],[12.13198,45.05762],[12.13317,45.05696],[12.13654,45.05626],[12.14159,45.05561],[12.14273,45.05699],[12.14609,45.05705],[12.14817,45.05758],[12.14846,45.05824],[12.14681,45.06052],[12.14652,45.0619],[12.1478,45.06691],[12.14785,45.06857],[12.14917,45.06977],[12.15396,45.07178],[12.15543,45.07215],[12.15823,45.07205],[12.15894,45.07244],[12.1603,45.07464],[12.16093,45.07683],[12.16183,45.07839],[12.16152,45.07917],[12.15885,45.0807],[12.15957,45.082],[12.15991,45.08408],[12.1656,45.09071],[12.16784,45.09395],[12.16851,45.09405],[12.17005,45.09271],[12.17111,45.0926],[12.17319,45.09329],[12.17425,45.09314],[12.17472,45.0913],[12.18009,45.08848],[12.1837,45.08942],[12.18803,45.08905],[12.18897,45.08983],[12.19126,45.09466],[12.19268,45.09708],[12.19525,45.09985],[12.19672,45.09908],[12.19829,45.09916],[12.20011,45.10025],[12.20108,45.10224],[12.20209,45.10336],[12.2028,45.10509],[12.20507,45.10542],[12.20872,45.10522],[12.21532,45.10448],[12.21861,45.10444],[12.2227,45.10492],[12.22988,45.10642],[12.23561,45.10622],[12.23961,45.10664],[12.24587,45.10826],[12.25194,45.11012],[12.26007,45.1131],[12.26967,45.11743],[12.27461,45.12008],[12.28072,45.12293],[12.2843,45.12578],[12.28524,45.12764],[12.28513,45.13021],[12.28235,45.13466],[12.28048,45.13803],[12.28031,45.13907],[12.28079,45.14129],[12.28275,45.14338],[12.28648,45.14434],[12.28825,45.1445],[12.29417,45.14333],[12.3008,45.14332],[12.30467,45.14371],[12.30932,45.1438],[12.31257,45.14465],[12.31411,45.14566],[12.31786,45.14931],[12.32196,45.15228],[12.32387,45.15494],[12.32897,45.15871],[12.33057,45.16055],[12.32815,45.16127],[12.33055,45.16247],[12.3313,45.16487],[12.33079,45.16636],[12.32908,45.1684],[12.32713,45.17123],[12.32635,45.1719],[12.32165,45.17768],[12.32086,45.1782],[12.31722,45.18265],[12.31097,45.18557],[12.30984,45.18729],[12.30967,45.18906],[12.30895,45.19058],[12.30602,45.19506],[12.30568,45.19631],[12.30365,45.19959],[12.30246,45.20233],[12.30048,45.20826],[12.29876,45.21598],[12.29865,45.21861],[12.29903,45.22232],[12.29985,45.22468],[12.30063,45.22811],[12.3012,45.22944],[12.29446,45.23007],[12.29314,45.2295],[12.29443,45.22608],[12.29418,45.22377],[12.29319,45.22189],[12.29107,45.22237],[12.29014,45.22089],[12.29139,45.22014],[12.2902,45.21746],[12.28917,45.21664],[12.28853,45.21356],[12.28715,45.20964],[12.28589,45.20786],[12.28423,45.20458],[12.28397,45.20343],[12.28259,45.20099],[12.28116,45.2],[12.28159,45.19874],[12.27986,45.19754],[12.27978,45.19939],[12.28023,45.20033],[12.28195,45.20084],[12.28282,45.20241],[12.27834,45.20372],[12.27846,45.20541],[12.27783,45.20588],[12.27826,45.20861],[12.27797,45.21184],[12.272,45.21341],[12.27009,45.21319],[12.27107,45.20902],[12.26999,45.20866],[12.26916,45.20739],[12.26609,45.20701],[12.26576,45.20813],[12.26407,45.20791],[12.26287,45.2119],[12.26101,45.21174],[12.26142,45.20931],[12.26309,45.20632],[12.26406,45.20585],[12.2646,45.20244],[12.26795,45.19767],[12.26787,45.19644],[12.26982,45.19302],[12.26893,45.19147],[12.26455,45.19179],[12.26376,45.1909],[12.26416,45.18963],[12.26167,45.18861],[12.26172,45.18691],[12.25942,45.18514],[12.26072,45.18402],[12.26264,45.18417],[12.26277,45.1848],[12.265,45.18571],[12.26624,45.18682],[12.26704,45.18402],[12.26642,45.18347],[12.25948,45.18356],[12.24851,45.1841],[12.24368,45.1856],[12.21655,45.19325],[12.20646,45.19566],[12.20457,45.19768],[12.20624,45.19825],[12.21142,45.1992],[12.21441,45.20025],[12.21758,45.1996],[12.21983,45.20042],[12.22183,45.20066],[12.22205,45.20397],[12.21833,45.20541],[12.21852,45.20577],[12.21562,45.20861],[12.21517,45.21233],[12.21383,45.21442],[12.21101,45.22105],[12.20711,45.22958],[12.20249,45.23248],[12.20222,45.23286],[12.20494,45.23805],[12.20588,45.23925],[12.2094,45.24249],[12.21306,45.24498],[12.2143,45.25088],[12.21313,45.25449],[12.20489,45.25832],[12.20216,45.25792],[12.20049,45.25734],[12.19702,45.25075],[12.19547,45.2487],[12.19608,45.24789],[12.19432,45.24615],[12.19177,45.24284],[12.18759,45.23999],[12.18885,45.23967],[12.19279,45.23966],[12.19558,45.23739],[12.1933,45.23384],[12.18168,45.22984],[12.1761,45.22844],[12.17316,45.22818],[12.16845,45.22626],[12.16842,45.22559],[12.16534,45.22565],[12.16471,45.22617],[12.16314,45.22565],[12.1588,45.22596],[12.15685,45.22525],[12.15788,45.22427],[12.15529,45.22213],[12.15526,45.22097],[12.15367,45.21917],[12.15404,45.21561],[12.15367,45.21262],[12.15502,45.21208],[12.15544,45.21059],[12.15384,45.20879],[12.15387,45.20818],[12.15572,45.20736],[12.15873,45.20704],[12.16155,45.20637],[12.1619,45.20444],[12.16276,45.20398],[12.16476,45.20491],[12.16745,45.20421],[12.1716,45.20126],[12.16924,45.20093],[12.16861,45.20009],[12.16984,45.19886],[12.17252,45.19874],[12.17729,45.19724],[12.18015,45.19601],[12.1811,45.196],[12.18249,45.19717],[12.18375,45.19734],[12.18505,45.19636],[12.18388,45.19514],[12.16772,45.19451],[12.16599,45.1943],[12.15341,45.19422],[12.15091,45.19469],[12.14902,45.19585],[12.14583,45.19668],[12.14211,45.1996],[12.13885,45.20241],[12.13571,45.20387],[12.13447,45.2041],[12.1258,45.20913],[12.12307,45.21036],[12.09456,45.2054],[12.08166,45.20333],[12.04753,45.19731],[12.03022,45.19456],[12.02197,45.19349],[11.97784,45.18714],[11.97937,45.18623],[11.97868,45.18471],[11.97561,45.18415],[11.97397,45.18349],[11.97295,45.18147],[11.97346,45.18019],[11.97534,45.17796],[11.97494,45.17685],[11.97661,45.17531],[11.97608,45.17397],[11.97527,45.17024],[11.97561,45.16764],[11.9767,45.16261],[11.98187,45.16247],[11.98299,45.16274],[11.98346,45.1556],[11.96941,45.14937],[11.9663,45.15043],[11.96198,45.14931],[11.96879,45.13398]]],[[[12.29033,45.24087],[12.28774,45.23982],[12.28792,45.23864],[12.29134,45.23519],[12.29934,45.23459],[12.29786,45.23877],[12.29696,45.24247],[12.29659,45.24508],[12.29893,45.24745],[12.30006,45.24924],[12.30024,45.25144],[12.29932,45.25538],[12.29967,45.25841],[12.30191,45.26563],[12.30202,45.26969],[12.30276,45.27487],[12.30403,45.28077],[12.30595,45.28655],[12.30616,45.28789],[12.30821,45.29264],[12.31323,45.30578],[12.3132,45.30754],[12.31439,45.30969],[12.31615,45.3143],[12.31824,45.31857],[12.32212,45.32556],[12.32436,45.33013],[12.32635,45.33229],[12.3247,45.33226],[12.3228,45.33355],[12.32054,45.33429],[12.31848,45.3341],[12.3169,45.33303],[12.31849,45.33229],[12.31959,45.33122],[12.32154,45.32795],[12.31887,45.32599],[12.31893,45.32481],[12.31746,45.32333],[12.31781,45.32154],[12.31481,45.31686],[12.31255,45.31394],[12.31216,45.31237],[12.3096,45.30987],[12.30937,45.30874],[12.31017,45.30775],[12.31015,45.30338],[12.30718,45.29581],[12.3025,45.28558],[12.30188,45.2825],[12.30094,45.28088],[12.30085,45.27339],[12.3006,45.27209],[12.29954,45.27025],[12.29972,45.26683],[12.30052,45.26441],[12.29799,45.25554],[12.29936,45.25326],[12.29996,45.25073],[12.29971,45.2493],[12.29856,45.2474],[12.29342,45.24287],[12.29239,45.24272],[12.29033,45.24087]]],[[[12.31852,45.40349],[12.32358,45.40424],[12.32399,45.40514],[12.32343,45.40725],[12.32233,45.4076],[12.3179,45.40678],[12.31722,45.40621],[12.31765,45.40448],[12.31852,45.40349]]],[[[12.33052,45.42313],[12.33715,45.42316],[12.33896,45.42365],[12.34113,45.42502],[12.34188,45.4272],[12.34174,45.42835],[12.33934,45.42711],[12.33599,45.42587],[12.33393,45.4254],[12.32954,45.42574],[12.32389,45.42705],[12.3202,45.42835],[12.3179,45.4288],[12.31424,45.42904],[12.31308,45.42882],[12.31236,45.42789],[12.31099,45.42815],[12.3081,45.42718],[12.30737,45.4265],[12.31167,45.42511],[12.31663,45.42594],[12.32096,45.42423],[12.32367,45.42357],[12.32837,45.42344],[12.33052,45.42313]]],[[[12.33257,45.38086],[12.33304,45.38327],[12.32984,45.3834],[12.32881,45.38286],[12.33076,45.38047],[12.33257,45.38086]]],[[[12.30969,45.3398],[12.31102,45.3392],[12.31288,45.33909],[12.31741,45.34015],[12.32897,45.33748],[12.32873,45.34137],[12.32879,45.34375],[12.32937,45.34905],[12.32989,45.35106],[12.33199,45.35607],[12.33345,45.35857],[12.34072,45.36768],[12.34312,45.3709],[12.34737,45.37802],[12.35158,45.38368],[12.35423,45.38793],[12.36,45.39587],[12.3616,45.39731],[12.36362,45.39983],[12.36947,45.40559],[12.37719,45.41355],[12.3832,45.41852],[12.39042,45.42384],[12.39295,45.42458],[12.39353,45.42587],[12.39669,45.42789],[12.40008,45.42967],[12.39862,45.43001],[12.39514,45.4315],[12.3932,45.43277],[12.39202,45.43288],[12.38779,45.43428],[12.38609,45.4339],[12.3836,45.4325],[12.38353,45.43198],[12.38056,45.42902],[12.3774,45.42477],[12.3748,45.42005],[12.37244,45.41889],[12.36909,45.41808],[12.36805,45.41748],[12.36635,45.41534],[12.36186,45.40631],[12.3583,45.40138],[12.35757,45.40011],[12.34589,45.38574],[12.34275,45.38161],[12.33673,45.37396],[12.33668,45.36919],[12.3316,45.36016],[12.32892,45.35784],[12.32357,45.35111],[12.32051,45.34997],[12.31767,45.34933],[12.31285,45.3459],[12.31172,45.34605],[12.30956,45.34365],[12.30901,45.34158],[12.30969,45.3398]]],[[[12.33511,45.41234],[12.33393,45.41089],[12.33467,45.40967],[12.336,45.40933],[12.33748,45.41165],[12.33711,45.41258],[12.33511,45.41234]]],[[[12.35956,45.41269],[12.36078,45.41133],[12.36301,45.41221],[12.36135,45.41339],[12.35956,45.41269]]],[[[12.33858,45.42017],[12.33875,45.41798],[12.3409,45.41855],[12.3409,45.42],[12.33858,45.42017]]],[[[12.34624,45.42941],[12.34375,45.43025],[12.34258,45.42997],[12.34239,45.42823],[12.34403,45.42571],[12.34543,45.42595],[12.34634,45.42846],[12.34624,45.42941]]],[[[12.38157,45.43419],[12.3824,45.43529],[12.38214,45.4367],[12.38443,45.44511],[12.38373,45.44633],[12.38415,45.44795],[12.38515,45.44833],[12.38488,45.44946],[12.38318,45.44919],[12.38195,45.44812],[12.38194,45.44717],[12.37804,45.44514],[12.37579,45.4433],[12.37374,45.44326],[12.37265,45.44197],[12.37365,45.4382],[12.37507,45.43777],[12.37332,45.43503],[12.36796,45.43277],[12.36766,45.43211],[12.36956,45.43126],[12.37315,45.43175],[12.37543,45.4337],[12.37779,45.43458],[12.38005,45.43367],[12.38157,45.43419]]],[[[12.38934,45.4552],[12.38812,45.45798],[12.38332,45.45706],[12.38515,45.45525],[12.38934,45.4552]]],[[[12.34691,45.45416],[12.34776,45.45356],[12.34783,45.45187],[12.34891,45.45148],[12.35154,45.45192],[12.35219,45.45242],[12.3568,45.4537],[12.35824,45.45428],[12.35824,45.45566],[12.36081,45.45837],[12.36078,45.45947],[12.35926,45.46047],[12.35481,45.46206],[12.35624,45.46262],[12.35646,45.46429],[12.35464,45.46567],[12.3522,45.46538],[12.35099,45.46484],[12.34521,45.46357],[12.34571,45.46075],[12.34427,45.45786],[12.34317,45.45472],[12.34631,45.45488],[12.34691,45.45416]]],[[[12.43189,45.47208],[12.4293,45.47222],[12.42402,45.47341],[12.42255,45.47214],[12.42173,45.46974],[12.42047,45.46853],[12.41825,45.46717],[12.41528,45.46589],[12.41348,45.46342],[12.41419,45.46279],[12.41271,45.4609],[12.40967,45.45902],[12.40801,45.45857],[12.40665,45.45737],[12.40546,45.45715],[12.40319,45.45801],[12.40016,45.45819],[12.39992,45.45667],[12.3971,45.45589],[12.39265,45.45608],[12.39136,45.45433],[12.38884,45.45463],[12.38568,45.45413],[12.38696,45.45182],[12.38895,45.44961],[12.38982,45.44918],[12.39168,45.44712],[12.39146,45.44502],[12.39291,45.44454],[12.3974,45.44546],[12.4013,45.4468],[12.40256,45.44819],[12.40902,45.4509],[12.41465,45.45406],[12.41868,45.45709],[12.42101,45.45785],[12.42185,45.45859],[12.42112,45.45966],[12.42792,45.46586],[12.42793,45.46759],[12.43189,45.47208]]],[[[12.42126,45.48451],[12.42138,45.48548],[12.42036,45.48693],[12.41832,45.48733],[12.41439,45.48764],[12.41302,45.48591],[12.41366,45.48523],[12.41758,45.48275],[12.42126,45.48451]]],[[[12.40312,45.48405],[12.40653,45.48379],[12.41405,45.48811],[12.41263,45.4893],[12.41257,45.49066],[12.41163,45.49149],[12.41171,45.49337],[12.41108,45.49439],[12.40221,45.49088],[12.4007,45.4909],[12.39712,45.49033],[12.3976,45.48925],[12.3999,45.48958],[12.40051,45.48906],[12.39984,45.48759],[12.40284,45.48611],[12.40312,45.48405]]],[[[12.41961,45.49993],[12.41522,45.50142],[12.41444,45.49932],[12.41352,45.49852],[12.41071,45.49853],[12.40858,45.49923],[12.41419,45.49298],[12.41496,45.4904],[12.41596,45.48927],[12.41789,45.48904],[12.41858,45.4903],[12.41796,45.49223],[12.41871,45.49334],[12.42033,45.49407],[12.42293,45.49419],[12.42693,45.497],[12.42672,45.49737],[12.42379,45.49769],[12.42226,45.49853],[12.42421,45.49987],[12.4261,45.50031],[12.42599,45.50105],[12.42225,45.49971],[12.41961,45.49993]]],[[[12.47486,45.5031],[12.47423,45.50407],[12.47164,45.504],[12.47001,45.50432],[12.46877,45.50268],[12.47057,45.50228],[12.47486,45.5031]]],[[[12.43933,45.50302],[12.44092,45.50324],[12.44188,45.50432],[12.44373,45.50499],[12.44487,45.50644],[12.44435,45.50682],[12.44585,45.5089],[12.44485,45.50958],[12.44304,45.50912],[12.44182,45.50961],[12.44032,45.51095],[12.43844,45.51019],[12.44007,45.50803],[12.44077,45.50653],[12.44045,45.50372],[12.43687,45.50348],[12.43684,45.50278],[12.43933,45.50302]]],[[[12.45574,45.51028],[12.45333,45.51107],[12.45245,45.51183],[12.44969,45.51112],[12.44837,45.50852],[12.45139,45.50831],[12.45402,45.5076],[12.45634,45.50622],[12.45786,45.50583],[12.45959,45.50772],[12.45911,45.50939],[12.45574,45.51028]]],[[[12.54489,45.52415],[12.54286,45.52582],[12.54353,45.52856],[12.54079,45.52902],[12.53757,45.52548],[12.53991,45.52495],[12.54415,45.5223],[12.54489,45.52415]]],[[[12.52651,45.55786],[12.52531,45.5586],[12.52229,45.55645],[12.52425,45.55495],[12.52651,45.55786]]],[[[12.28322,45.21689],[12.28289,45.2154],[12.28498,45.21569],[12.28769,45.21487],[12.28807,45.21607],[12.28366,45.21767],[12.28322,45.21689]]],[[[12.28542,45.22174],[12.28394,45.22242],[12.28279,45.22437],[12.28067,45.22497],[12.27855,45.22445],[12.27675,45.22543],[12.27708,45.22618],[12.27517,45.22686],[12.27442,45.22514],[12.27216,45.21833],[12.27247,45.21496],[12.27606,45.2145],[12.27819,45.21397],[12.27932,45.21522],[12.28128,45.21456],[12.28542,45.22174]]]]},"properties":{"idApp":925037,"aopId":"venezia","name":"Venezia","nameJa":"ヴェネツィア","kind":"regional","tags":["doc"],"rank":0},"bbox":[11.7427,45.05561,13.09993,46.08256]},{"type":"Feature","geometry":{"type":"MultiPolygon","coordinates":[[[[12.20389,45.54851],[12.20293,45.54743],[12.19915,45.54736],[12.19901,45.5458],[12.19208,45.54626],[12.19174,45.54811],[12.19211,45.54916],[12.19181,45.55085],[12.19103,45.55102],[12.19055,45.5528],[12.18903,45.55316],[12.18717,45.55287],[12.18123,45.55311],[12.18077,45.54685],[12.18135,45.5453],[12.18061,45.54258],[12.17983,45.54221],[12.17921,45.53886],[12.17713,45.53982],[12.17489,45.5369],[12.17322,45.53674],[12.16957,45.5327],[12.16884,45.53157],[12.16991,45.53021],[12.17172,45.53033],[12.17566,45.52961],[12.17743,45.52898],[12.17851,45.52811],[12.17998,45.52826],[12.18291,45.52785],[12.1828,45.52586],[12.18184,45.52562],[12.18141,45.52378],[12.1833,45.52448],[12.18581,45.52429],[12.18624,45.52314],[12.18891,45.52285],[12.18944,45.5219],[12.19185,45.52086],[12.19362,45.51968],[12.19607,45.51874],[12.19829,45.51928],[12.19993,45.51695],[12.19725,45.51439],[12.19478,45.51253],[12.19319,45.512],[12.19074,45.51041],[12.19191,45.5097],[12.19218,45.50826],[12.19467,45.50794],[12.19178,45.50451],[12.18981,45.50522],[12.19196,45.50803],[12.19031,45.50795],[12.18868,45.50728],[12.18615,45.50808],[12.18477,45.5075],[12.18615,45.51065],[12.18441,45.51146],[12.18244,45.51108],[12.18151,45.5088],[12.18037,45.50735],[12.17892,45.507],[12.17572,45.50776],[12.17411,45.50566],[12.1734,45.50549],[12.17114,45.50339],[12.168,45.50105],[12.1677,45.49955],[12.16933,45.50005],[12.1719,45.49946],[12.1741,45.50168],[12.17587,45.50307],[12.17945,45.50669],[12.18156,45.50578],[12.17757,45.50155],[12.17681,45.50196],[12.17461,45.49974],[12.17146,45.4958],[12.1719,45.49438],[12.17588,45.49361],[12.17703,45.49223],[12.17894,45.49082],[12.18004,45.48874],[12.18188,45.48793],[12.18157,45.48582],[12.18003,45.48371],[12.18015,45.48304],[12.17878,45.48008],[12.17934,45.47975],[12.17769,45.47692],[12.17814,45.47613],[12.18057,45.47562],[12.17917,45.47264],[12.17808,45.46952],[12.17801,45.46767],[12.17863,45.46692],[12.18123,45.46524],[12.18277,45.46474],[12.1849,45.46477],[12.18664,45.46392],[12.1889,45.4636],[12.18747,45.46214],[12.18527,45.46075],[12.18476,45.45771],[12.18178,45.45803],[12.18067,45.45766],[12.17927,45.45295],[12.18189,45.4516],[12.18362,45.45104],[12.18468,45.44907],[12.18658,45.44882],[12.18884,45.44927],[12.19221,45.44797],[12.19253,45.44706],[12.19171,45.44581],[12.19223,45.4435],[12.19515,45.44131],[12.19831,45.44095],[12.19977,45.43935],[12.19966,45.43822],[12.20195,45.43727],[12.20335,45.4358],[12.20551,45.43597],[12.20949,45.43439],[12.21048,45.43502],[12.21294,45.43393],[12.21363,45.43278],[12.21728,45.43053],[12.21981,45.42979],[12.22157,45.42862],[12.22173,45.42737],[12.22492,45.42744],[12.2279,45.42823],[12.22959,45.42741],[12.23121,45.42794],[12.23354,45.42721],[12.23509,45.42771],[12.23777,45.42712],[12.23943,45.42751],[12.24153,45.42718],[12.24307,45.42602],[12.24536,45.42545],[12.24605,45.42392],[12.24769,45.42361],[12.24868,45.42231],[12.25107,45.42096],[12.2528,45.42069],[12.25361,45.41967],[12.25505,45.41945],[12.25594,45.41869],[12.25774,45.41838],[12.25943,45.41855],[12.25863,45.42354],[12.25885,45.42443],[12.25834,45.43146],[12.25879,45.4346],[12.25846,45.45068],[12.26106,45.45752],[12.26287,45.45647],[12.27336,45.44868],[12.27619,45.45334],[12.27729,45.45873],[12.27654,45.45971],[12.28015,45.46401],[12.31397,45.44485],[12.31501,45.44347],[12.31516,45.44191],[12.3141,45.4413],[12.30793,45.44398],[12.30577,45.44382],[12.30205,45.43928],[12.30432,45.43827],[12.30733,45.44181],[12.3093,45.44093],[12.30369,45.43436],[12.30625,45.43326],[12.31102,45.43885],[12.31269,45.43819],[12.31217,45.43723],[12.30798,45.4324],[12.31186,45.43115],[12.31569,45.43131],[12.32163,45.43065],[12.32977,45.42865],[12.3316,45.42841],[12.33384,45.42886],[12.33573,45.43036],[12.33709,45.43098],[12.33736,45.4323],[12.34093,45.43338],[12.34449,45.43377],[12.34802,45.43322],[12.35057,45.43183],[12.35516,45.42968],[12.35787,45.42734],[12.36153,45.42512],[12.36384,45.4247],[12.36655,45.42542],[12.3658,45.42775],[12.36696,45.42823],[12.36272,45.4326],[12.36128,45.43327],[12.36129,45.43434],[12.35957,45.43554],[12.35914,45.43646],[12.36187,45.43791],[12.36308,45.43809],[12.36303,45.43968],[12.36219,45.4408],[12.35906,45.44005],[12.35674,45.43846],[12.35403,45.43802],[12.34715,45.4393],[12.33677,45.44511],[12.3361,45.44423],[12.33427,45.44507],[12.33552,45.44633],[12.33276,45.44753],[12.32896,45.44869],[12.32618,45.44933],[12.32162,45.44784],[12.31895,45.44773],[12.31832,45.44675],[12.31657,45.44543],[12.31674,45.44417],[12.31384,45.44563],[12.28048,45.46432],[12.28179,45.46557],[12.28476,45.46725],[12.28187,45.47111],[12.28238,45.47318],[12.27893,45.47757],[12.28471,45.4781],[12.28635,45.47802],[12.29023,45.47869],[12.29115,45.47917],[12.29512,45.47995],[12.29626,45.47813],[12.30045,45.47847],[12.30137,45.47888],[12.29986,45.4813],[12.30476,45.48314],[12.30578,45.48306],[12.30782,45.48417],[12.31584,45.4874],[12.32256,45.49168],[12.33334,45.49796],[12.33424,45.49833],[12.33614,45.50054],[12.33753,45.50045],[12.33452,45.49809],[12.33444,45.49661],[12.33142,45.49299],[12.32995,45.49088],[12.33088,45.48908],[12.33505,45.49191],[12.33681,45.4909],[12.34021,45.49268],[12.34237,45.49447],[12.34232,45.49547],[12.36812,45.51562],[12.36853,45.51705],[12.37014,45.51832],[12.36872,45.51941],[12.37202,45.52108],[12.3797,45.51965],[12.38546,45.51877],[12.38806,45.51892],[12.38718,45.51604],[12.38949,45.51672],[12.39356,45.51886],[12.39347,45.51999],[12.3942,45.52427],[12.39401,45.52627],[12.39508,45.52869],[12.39504,45.53281],[12.39704,45.53402],[12.40032,45.53266],[12.40072,45.53418],[12.40446,45.53678],[12.40479,45.5356],[12.40399,45.5349],[12.40405,45.53353],[12.40525,45.53219],[12.4094,45.53274],[12.41073,45.5323],[12.41125,45.53358],[12.41093,45.53528],[12.41002,45.53694],[12.40965,45.53853],[12.41011,45.54173],[12.41349,45.5423],[12.41368,45.54431],[12.41566,45.54515],[12.42449,45.5417],[12.42683,45.53792],[12.42873,45.53613],[12.42944,45.53485],[12.42938,45.5335],[12.4278,45.53079],[12.42693,45.52877],[12.42731,45.52738],[12.42862,45.52633],[12.43267,45.52684],[12.43571,45.52798],[12.43674,45.52894],[12.4356,45.53084],[12.43843,45.53252],[12.43723,45.53416],[12.43898,45.53583],[12.44129,45.53636],[12.44411,45.53612],[12.44626,45.53481],[12.44704,45.53582],[12.44934,45.53683],[12.45087,45.53867],[12.45193,45.54253],[12.45187,45.54485],[12.45649,45.5451],[12.45894,45.54547],[12.4586,45.54805],[12.4571,45.55273],[12.45892,45.55307],[12.45992,45.55398],[12.46375,45.55557],[12.46555,45.55739],[12.46777,45.55903],[12.46997,45.56008],[12.47173,45.5616],[12.47362,45.56206],[12.4866,45.56466],[12.5046,45.5688],[12.50531,45.56877],[12.51293,45.57066],[12.51541,45.571],[12.53342,45.57468],[12.53599,45.57492],[12.54009,45.57572],[12.53931,45.57456],[12.54043,45.57323],[12.53941,45.57029],[12.53754,45.56823],[12.53918,45.5681],[12.54149,45.56576],[12.5423,45.56422],[12.54466,45.56346],[12.54918,45.56445],[12.5514,45.56406],[12.55247,45.56344],[12.55343,45.56169],[12.55388,45.55976],[12.55741,45.55877],[12.55886,45.55892],[12.55968,45.56036],[12.56025,45.56337],[12.56228,45.56467],[12.57324,45.55165],[12.57359,45.55141],[12.5966,45.54527],[12.59285,45.54163],[12.58776,45.53945],[12.58571,45.53818],[12.58443,45.53511],[12.58355,45.53365],[12.58069,45.53178],[12.5809,45.52996],[12.58039,45.52892],[12.57669,45.52786],[12.57245,45.52731],[12.57075,45.52513],[12.56821,45.52538],[12.56744,45.52438],[12.56317,45.52195],[12.56078,45.52099],[12.54686,45.51401],[12.54567,45.51368],[12.54485,45.51204],[12.54294,45.51109],[12.54223,45.51007],[12.53985,45.51055],[12.53874,45.5128],[12.53623,45.51312],[12.53196,45.5127],[12.53237,45.51189],[12.53126,45.50913],[12.53343,45.50655],[12.533,45.50378],[12.53211,45.50314],[12.52817,45.50124],[12.52963,45.50033],[12.53139,45.49982],[12.53333,45.50022],[12.53543,45.50108],[12.53643,45.5024],[12.53968,45.50462],[12.54545,45.50716],[12.54275,45.50999],[12.54343,45.51098],[12.54511,45.51207],[12.54608,45.51338],[12.54948,45.51488],[12.55972,45.52005],[12.56412,45.52192],[12.56744,45.52403],[12.5708,45.52465],[12.57364,45.52667],[12.57708,45.52678],[12.57841,45.5263],[12.58436,45.52517],[12.5861,45.52588],[12.58854,45.52782],[12.58951,45.52921],[12.58954,45.53111],[12.59515,45.53527],[12.59765,45.53695],[12.60349,45.53846],[12.60501,45.53847],[12.60832,45.53694],[12.61095,45.53626],[12.61358,45.53672],[12.61566,45.53752],[12.61763,45.53757],[12.61971,45.53654],[12.62174,45.53704],[12.62991,45.53512],[12.63184,45.53434],[12.6315,45.53064],[12.63316,45.52824],[12.63071,45.52184],[12.62882,45.51821],[12.62761,45.51644],[12.62413,45.51353],[12.62223,45.51279],[12.61927,45.51462],[12.61818,45.51478],[12.61304,45.51462],[12.61333,45.51596],[12.61479,45.51914],[12.614,45.51913],[12.61199,45.51472],[12.60259,45.51522],[12.59631,45.51254],[12.59353,45.51114],[12.59145,45.50923],[12.59134,45.50802],[12.58965,45.5074],[12.58695,45.50581],[12.58309,45.50693],[12.58236,45.50638],[12.58032,45.50616],[12.57711,45.50527],[12.5736,45.50256],[12.57142,45.50274],[12.57002,45.50202],[12.56965,45.50021],[12.56893,45.50015],[12.5706,45.49651],[12.5728,45.49597],[12.57493,45.49602],[12.57602,45.49538],[12.5745,45.4935],[12.57295,45.49297],[12.56966,45.49073],[12.56826,45.49036],[12.5668,45.4893],[12.56222,45.48695],[12.55895,45.48654],[12.55754,45.48667],[12.55577,45.48777],[12.55432,45.48726],[12.55355,45.48596],[12.5559,45.48498],[12.55835,45.48472],[12.55955,45.48495],[12.56259,45.48645],[12.56801,45.48819],[12.57725,45.49209],[12.57809,45.49053],[12.58046,45.48904],[12.58332,45.48825],[12.58424,45.48753],[12.58561,45.48456],[12.58504,45.48323],[12.58217,45.48154],[12.58223,45.4804],[12.58397,45.47916],[12.58869,45.48158],[12.60018,45.48673],[12.61125,45.49134],[12.61528,45.49292],[12.62172,45.49505],[12.62847,45.49762],[12.63261,45.4994],[12.64859,45.50497],[12.65455,45.50679],[12.65761,45.50793],[12.66521,45.51021],[12.6742,45.5134],[12.68391,45.51654],[12.68533,45.51679],[12.69049,45.5184],[12.69781,45.52029],[12.70293,45.52129],[12.70755,45.52238],[12.71004,45.52231],[12.71681,45.52415],[12.71865,45.52428],[12.72171,45.52563],[12.72405,45.52758],[12.72541,45.52919],[12.72981,45.52895],[12.73589,45.53135],[12.73909,45.53289],[12.74866,45.53712],[12.75269,45.53863],[12.76719,45.54536],[12.77076,45.54747],[12.78784,45.55673],[12.78675,45.55785],[12.78697,45.55861],[12.78874,45.56085],[12.7906,45.5646],[12.79412,45.56979],[12.79953,45.57443],[12.80251,45.57722],[12.8093,45.58194],[12.81008,45.58291],[12.81089,45.58706],[12.81226,45.58853],[12.81674,45.59133],[12.8171,45.59189],[12.81565,45.59361],[12.81425,45.59449],[12.80831,45.59613],[12.80627,45.59772],[12.80736,45.59976],[12.8009,45.60211],[12.79927,45.60236],[12.7935,45.60255],[12.79184,45.60224],[12.78956,45.6006],[12.78796,45.60028],[12.78475,45.60051],[12.78191,45.59941],[12.78027,45.59941],[12.77705,45.60001],[12.77436,45.5995],[12.77089,45.59946],[12.76882,45.59897],[12.76696,45.59809],[12.76583,45.59694],[12.76531,45.59537],[12.7649,45.59253],[12.76429,45.59162],[12.76199,45.59017],[12.75932,45.58759],[12.74134,45.58807],[12.74338,45.59097],[12.74627,45.59394],[12.74944,45.59671],[12.7533,45.59716],[12.75225,45.60029],[12.75199,45.60388],[12.75334,45.60728],[12.75311,45.60903],[12.75115,45.61135],[12.75117,45.61266],[12.7542,45.61358],[12.75502,45.6147],[12.7557,45.61881],[12.75582,45.62462],[12.75523,45.62761],[12.75403,45.63],[12.75394,45.63511],[12.74785,45.63739],[12.7509,45.64095],[12.76959,45.66024],[12.76667,45.66181],[12.76475,45.66165],[12.76099,45.66385],[12.75951,45.66422],[12.75741,45.6639],[12.75528,45.6627],[12.7529,45.66268],[12.75174,45.66352],[12.75056,45.66516],[12.75075,45.66608],[12.75376,45.66688],[12.75449,45.66746],[12.75302,45.66908],[12.74761,45.67175],[12.74672,45.67259],[12.74707,45.67399],[12.75088,45.67693],[12.74946,45.67739],[12.74596,45.67675],[12.74345,45.67752],[12.74293,45.67886],[12.74396,45.68131],[12.74355,45.68256],[12.73847,45.68292],[12.7327,45.68287],[12.72765,45.68209],[12.72587,45.68288],[12.72465,45.68475],[12.72408,45.68832],[12.72159,45.6887],[12.71828,45.68855],[12.71754,45.68743],[12.71852,45.68438],[12.7177,45.68373],[12.7145,45.68513],[12.71372,45.68584],[12.7133,45.68776],[12.71369,45.69134],[12.7135,45.6923],[12.71235,45.69335],[12.7102,45.69302],[12.70625,45.69028],[12.70483,45.69007],[12.70371,45.6914],[12.70391,45.69403],[12.70563,45.69737],[12.70933,45.7002],[12.70999,45.7012],[12.70954,45.70195],[12.7065,45.70314],[12.70207,45.70515],[12.693,45.7081],[12.69105,45.70896],[12.68638,45.71182],[12.68505,45.71299],[12.68439,45.71572],[12.68274,45.71719],[12.68073,45.71811],[12.67865,45.71796],[12.67723,45.71598],[12.67666,45.71381],[12.67563,45.71352],[12.67378,45.71451],[12.67083,45.71684],[12.67073,45.71748],[12.67263,45.71921],[12.67304,45.72047],[12.67108,45.72188],[12.67071,45.72278],[12.67241,45.7287],[12.67438,45.73213],[12.6741,45.73432],[12.6727,45.73638],[12.67004,45.73695],[12.66634,45.73813],[12.66446,45.73904],[12.66381,45.74026],[12.66502,45.74121],[12.66801,45.74217],[12.67027,45.7434],[12.67042,45.74471],[12.66952,45.74599],[12.66542,45.74858],[12.66348,45.74907],[12.66276,45.74776],[12.66299,45.74503],[12.66252,45.7433],[12.66149,45.74232],[12.6577,45.74096],[12.65616,45.74108],[12.65431,45.74183],[12.65189,45.74342],[12.65011,45.74496],[12.64662,45.74744],[12.64827,45.74857],[12.64992,45.74887],[12.65176,45.75022],[12.65255,45.75127],[12.65436,45.75175],[12.65565,45.75281],[12.65676,45.75186],[12.65924,45.75093],[12.66076,45.75121],[12.66235,45.75246],[12.66201,45.75499],[12.66411,45.76158],[12.66362,45.76277],[12.66396,45.76409],[12.66489,45.76497],[12.66617,45.76784],[12.66763,45.76896],[12.66947,45.77142],[12.66677,45.77222],[12.66223,45.77305],[12.66245,45.77413],[12.66084,45.7752],[12.65815,45.77616],[12.65714,45.77778],[12.65474,45.77849],[12.65784,45.78155],[12.6572,45.78338],[12.65694,45.78591],[12.65552,45.78783],[12.65636,45.79045],[12.65624,45.79178],[12.65381,45.79214],[12.6489,45.79504],[12.64755,45.79348],[12.64594,45.79301],[12.64492,45.79066],[12.64213,45.7895],[12.64208,45.7886],[12.6406,45.78656],[12.63879,45.78701],[12.63579,45.78685],[12.63473,45.78548],[12.63477,45.78254],[12.63238,45.78249],[12.6316,45.78414],[12.62911,45.78299],[12.62622,45.78654],[12.62726,45.79056],[12.63015,45.79127],[12.63398,45.79158],[12.63436,45.79269],[12.63274,45.79431],[12.63187,45.79793],[12.63023,45.79894],[12.62684,45.79895],[12.62173,45.7986],[12.62052,45.79775],[12.62045,45.79581],[12.61886,45.79485],[12.61654,45.79552],[12.61648,45.79901],[12.61348,45.80067],[12.61252,45.80167],[12.61154,45.80452],[12.60878,45.80466],[12.60692,45.80411],[12.60655,45.8033],[12.60797,45.80065],[12.60821,45.79953],[12.60747,45.79781],[12.60568,45.79757],[12.60314,45.80048],[12.6016,45.80001],[12.59961,45.7978],[12.59695,45.79652],[12.59584,45.79668],[12.5943,45.79946],[12.59334,45.80002],[12.5907,45.80046],[12.58901,45.80133],[12.59015,45.80255],[12.59337,45.80224],[12.59546,45.80273],[12.59523,45.8047],[12.59714,45.80492],[12.59829,45.80415],[12.60004,45.80444],[12.59986,45.80677],[12.60321,45.8066],[12.6037,45.80766],[12.60185,45.80868],[12.60008,45.81022],[12.60001,45.81081],[12.60161,45.81481],[12.60134,45.81579],[12.59807,45.81787],[12.59846,45.82073],[12.59741,45.82215],[12.59644,45.82207],[12.59214,45.81989],[12.59455,45.81821],[12.59557,45.81618],[12.59386,45.81519],[12.58935,45.81501],[12.58766,45.81531],[12.58743,45.81783],[12.58442,45.81955],[12.58321,45.82086],[12.58202,45.82424],[12.58028,45.82578],[12.57817,45.82577],[12.57461,45.82408],[12.57289,45.82438],[12.57109,45.82581],[12.56881,45.82706],[12.5674,45.83042],[12.56622,45.83138],[12.56406,45.83135],[12.56533,45.83024],[12.56369,45.82848],[12.5625,45.82635],[12.56024,45.82571],[12.55871,45.82647],[12.557,45.82904],[12.55623,45.8296],[12.55401,45.82985],[12.55499,45.83198],[12.55662,45.83333],[12.55689,45.83411],[12.55647,45.83614],[12.55476,45.83808],[12.55307,45.83759],[12.55342,45.83628],[12.5523,45.83616],[12.54994,45.839],[12.55388,45.83973],[12.5548,45.8407],[12.55208,45.84158],[12.55156,45.84216],[12.55522,45.84366],[12.55736,45.84304],[12.55834,45.84362],[12.55912,45.84597],[12.559,45.84707],[12.55746,45.84735],[12.5554,45.84652],[12.55438,45.84821],[12.54999,45.84987],[12.55019,45.8513],[12.55179,45.85286],[12.55291,45.85502],[12.55168,45.85695],[12.54991,45.86053],[12.54693,45.86206],[12.54496,45.86257],[12.54287,45.86263],[12.54016,45.86168],[12.53824,45.86217],[12.5347,45.86205],[12.53329,45.86327],[12.53112,45.86308],[12.5296,45.86427],[12.53315,45.86649],[12.53284,45.8679],[12.53397,45.86825],[12.53654,45.86817],[12.53688,45.86913],[12.53363,45.86926],[12.53382,45.87003],[12.5356,45.87006],[12.53644,45.87063],[12.53568,45.87181],[12.53356,45.87297],[12.53522,45.8755],[12.53523,45.87633],[12.53256,45.87788],[12.53294,45.87951],[12.53228,45.88193],[12.53351,45.88354],[12.53376,45.88492],[12.53299,45.88548],[12.53052,45.8844],[12.52898,45.88439],[12.52338,45.88639],[12.52235,45.88516],[12.52132,45.88572],[12.52144,45.88755],[12.52035,45.8876],[12.52017,45.88965],[12.51643,45.89004],[12.51602,45.89138],[12.51436,45.89244],[12.51236,45.89454],[12.51069,45.89587],[12.50702,45.89785],[12.5075,45.8984],[12.5098,45.89873],[12.51282,45.8983],[12.51535,45.8995],[12.51808,45.89987],[12.52326,45.90311],[12.52289,45.90431],[12.52134,45.90522],[12.51922,45.90524],[12.51747,45.90403],[12.51651,45.90387],[12.51338,45.906],[12.51092,45.90892],[12.50889,45.90976],[12.50887,45.91179],[12.50716,45.91391],[12.50558,45.91669],[12.50657,45.91763],[12.50675,45.91878],[12.50794,45.91989],[12.50687,45.92188],[12.5052,45.9234],[12.50164,45.92491],[12.49893,45.92554],[12.49578,45.92538],[12.49255,45.92605],[12.49074,45.92599],[12.48899,45.92679],[12.48794,45.92579],[12.48636,45.9258],[12.48485,45.92544],[12.48268,45.9257],[12.4809,45.92661],[12.47959,45.92628],[12.47792,45.92753],[12.47471,45.92848],[12.4719,45.93003],[12.46941,45.93192],[12.46767,45.93168],[12.46662,45.93252],[12.46443,45.93287],[12.46272,45.93362],[12.46404,45.93598],[12.4636,45.93771],[12.46509,45.93952],[12.46433,45.94151],[12.46326,45.94185],[12.45983,45.94182],[12.45825,45.94263],[12.45663,45.94229],[12.45572,45.94395],[12.45611,45.94488],[12.45571,45.9461],[12.45427,45.94712],[12.45294,45.94715],[12.45131,45.94571],[12.45052,45.94433],[12.44586,45.94714],[12.44411,45.94768],[12.4419,45.94668],[12.43759,45.94549],[12.43478,45.94526],[12.43226,45.94551],[12.43031,45.94638],[12.42801,45.94648],[12.42573,45.94763],[12.42596,45.95174],[12.42491,45.95242],[12.42367,45.95407],[12.42312,45.95559],[12.42233,45.956],[12.42375,45.95847],[12.42364,45.96136],[12.42456,45.96386],[12.42535,45.96477],[12.42498,45.96577],[12.42712,45.96778],[12.42607,45.96977],[12.42676,45.97284],[12.42613,45.97637],[12.42595,45.97973],[12.42681,45.98113],[12.42674,45.98223],[12.42727,45.9857],[12.42801,45.98769],[12.42679,45.98862],[12.42773,45.9892],[12.42845,45.99333],[12.42821,45.99577],[12.42502,45.99757],[12.42375,45.99889],[12.42372,46.00079],[12.42141,46.00496],[12.41986,46.00711],[12.4187,46.00792],[12.41891,46.00911],[12.41798,46.01189],[12.41784,46.01402],[12.41865,46.01559],[12.41496,46.01999],[12.41482,46.01694],[12.41317,46.01153],[12.41226,46.007],[12.4121,46.00129],[12.41264,45.99953],[12.41194,45.99698],[12.41106,45.99581],[12.4094,45.99222],[12.40964,45.98951],[12.40935,45.98662],[12.40833,45.98511],[12.41323,45.98078],[12.4104,45.97906],[12.40905,45.97734],[12.40861,45.97567],[12.40779,45.97471],[12.40776,45.97298],[12.40698,45.9714],[12.4033,45.9712],[12.40261,45.97154],[12.40031,45.97077],[12.40148,45.96778],[12.40062,45.96662],[12.3964,45.96575],[12.39634,45.96519],[12.39448,45.96388],[12.39248,45.96292],[12.39202,45.96065],[12.3887,45.95934],[12.3871,45.9606],[12.38603,45.96057],[12.38262,45.96208],[12.38065,45.96351],[12.37802,45.96335],[12.376,45.9639],[12.3746,45.96506],[12.3727,45.96353],[12.36951,45.96139],[12.36792,45.96125],[12.36389,45.9598],[12.3622,45.9586],[12.36025,45.95876],[12.35958,45.96025],[12.35825,45.96151],[12.35706,45.96167],[12.35394,45.96127],[12.3503,45.96241],[12.34865,45.96334],[12.34699,45.96286],[12.34414,45.96418],[12.34229,45.96609],[12.34045,45.96655],[12.33943,45.96708],[12.33776,45.96705],[12.33521,45.96786],[12.33396,45.96991],[12.33167,45.97138],[12.32849,45.97387],[12.32556,45.97448],[12.32348,45.97575],[12.3219,45.97761],[12.32197,45.97897],[12.32092,45.98015],[12.32059,45.98151],[12.32154,45.98246],[12.32066,45.98356],[12.32056,45.98491],[12.32196,45.98584],[12.32476,45.98848],[12.32591,45.98895],[12.32692,45.99169],[12.32555,45.99273],[12.32838,45.99534],[12.32606,45.99659],[12.325,45.99769],[12.32479,45.99889],[12.32153,46.00096],[12.31949,46.0032],[12.32007,46.00435],[12.31863,46.00561],[12.31729,46.00567],[12.316,46.00648],[12.31401,46.00656],[12.31292,46.00844],[12.31308,46.00923],[12.30992,46.01006],[12.30904,46.01181],[12.30965,46.01403],[12.30817,46.01615],[12.31073,46.01728],[12.31297,46.01944],[12.31534,46.02068],[12.31818,46.02268],[12.31996,46.02234],[12.32153,46.02339],[12.32178,46.02534],[12.32146,46.02701],[12.32326,46.02888],[12.32337,46.0301],[12.32706,46.03224],[12.32871,46.0329],[12.32944,46.03453],[12.32832,46.03525],[12.32706,46.03519],[12.32528,46.03588],[12.32518,46.03655],[12.32636,46.03816],[12.32967,46.0394],[12.33234,46.04115],[12.33507,46.0419],[12.33586,46.04513],[12.33776,46.04635],[12.33822,46.04779],[12.33972,46.04855],[12.3405,46.05064],[12.34446,46.05113],[12.35098,46.05484],[12.35171,46.05671],[12.35296,46.05685],[12.3557,46.0591],[12.3581,46.06312],[12.35986,46.06509],[12.36117,46.06728],[12.3619,46.07161],[12.35683,46.07456],[12.35223,46.07753],[12.34856,46.0792],[12.34609,46.07911],[12.34241,46.07789],[12.34077,46.07773],[12.33717,46.07926],[12.33422,46.08007],[12.33186,46.08131],[12.33039,46.08256],[12.32853,46.08207],[12.32512,46.08192],[12.32243,46.08225],[12.31523,46.08076],[12.3128,46.08001],[12.30953,46.07788],[12.30649,46.07695],[12.3028,46.07635],[12.30094,46.07411],[12.29783,46.07105],[12.29614,46.06834],[12.29286,46.06463],[12.29073,46.06146],[12.28759,46.0595],[12.28456,46.05728],[12.28263,46.05651],[12.28261,46.05418],[12.2807,46.05165],[12.28068,46.04937],[12.27945,46.04812],[12.27595,46.04593],[12.27257,46.04259],[12.2716,46.04214],[12.2682,46.04145],[12.26366,46.03956],[12.26085,46.03875],[12.26012,46.03694],[12.25778,46.03703],[12.25492,46.03648],[12.25305,46.03397],[12.2532,46.03205],[12.2543,46.02949],[12.25454,46.02797],[12.25271,46.0273],[12.25098,46.02775],[12.25016,46.02645],[12.2505,46.02519],[12.252,46.02239],[12.25535,46.01675],[12.25668,46.01349],[12.25815,46.01113],[12.25987,46.01068],[12.25932,46.00915],[12.26037,46.00788],[12.26194,46.00485],[12.26409,46.00208],[12.26563,46.00081],[12.26582,45.9998],[12.26695,45.99881],[12.26899,45.99611],[12.26994,45.99559],[12.27163,45.99338],[12.26691,45.9911],[12.2603,45.98838],[12.25711,45.98678],[12.25569,45.98431],[12.25599,45.98314],[12.25801,45.98243],[12.25659,45.97884],[12.26058,45.97586],[12.26201,45.97422],[12.25741,45.97125],[12.25934,45.96949],[12.26021,45.96753],[12.25754,45.96721],[12.25605,45.96612],[12.25605,45.96429],[12.25027,45.96269],[12.25048,45.9606],[12.24978,45.95902],[12.25046,45.95807],[12.25232,45.95688],[12.25229,45.95485],[12.25367,45.95383],[12.25387,45.95292],[12.25563,45.95117],[12.25658,45.9508],[12.25511,45.9493],[12.25668,45.94767],[12.25423,45.94768],[12.25396,45.94832],[12.25182,45.94877],[12.24944,45.94703],[12.24775,45.9441],[12.24758,45.94255],[12.24608,45.94216],[12.24403,45.94046],[12.24645,45.9377],[12.24996,45.93525],[12.25216,45.93451],[12.25314,45.93367],[12.2551,45.93043],[12.25695,45.92847],[12.25899,45.92789],[12.26214,45.92619],[12.26375,45.92348],[12.26459,45.92154],[12.26639,45.91954],[12.26862,45.91818],[12.27001,45.91659],[12.27131,45.91604],[12.27495,45.91323],[12.27663,45.9142],[12.277,45.91544],[12.27655,45.91704],[12.27791,45.9191],[12.28004,45.91851],[12.28542,45.91882],[12.28663,45.91864],[12.28572,45.91697],[12.28774,45.9143],[12.28817,45.91118],[12.29164,45.91153],[12.29309,45.91033],[12.29308,45.90851],[12.29505,45.90678],[12.29474,45.90588],[12.29496,45.90218],[12.29594,45.90166],[12.29535,45.90052],[12.29248,45.90115],[12.29184,45.90185],[12.29004,45.90158],[12.28824,45.90389],[12.28595,45.90373],[12.28444,45.9044],[12.28315,45.9035],[12.28183,45.90365],[12.2798,45.90477],[12.27923,45.90561],[12.27591,45.90611],[12.27417,45.90603],[12.27257,45.90749],[12.27012,45.90829],[12.26656,45.90826],[12.26239,45.90651],[12.26337,45.90575],[12.26262,45.90426],[12.26157,45.90526],[12.25839,45.90597],[12.2567,45.90549],[12.25557,45.90608],[12.25274,45.90501],[12.25183,45.90499],[12.24844,45.90317],[12.25073,45.90215],[12.25153,45.90082],[12.25122,45.89947],[12.2498,45.89885],[12.24931,45.89622],[12.24778,45.89436],[12.24946,45.89191],[12.24891,45.89034],[12.24944,45.88942],[12.2508,45.88887],[12.25212,45.8874],[12.25233,45.88484],[12.25392,45.88381],[12.25412,45.88239],[12.25574,45.8818],[12.25691,45.88032],[12.25618,45.87913],[12.25744,45.8787],[12.25859,45.87763],[12.25874,45.87633],[12.26081,45.87506],[12.26028,45.87357],[12.25865,45.87436],[12.25684,45.87102],[12.2569,45.86984],[12.25569,45.86823],[12.25325,45.86771],[12.24896,45.87072],[12.24583,45.87214],[12.24268,45.8757],[12.2391,45.87823],[12.23728,45.87891],[12.23273,45.87976],[12.22849,45.87954],[12.22633,45.87895],[12.22564,45.8795],[12.22129,45.88041],[12.21969,45.8818],[12.22024,45.88362],[12.21703,45.89051],[12.21696,45.89319],[12.21205,45.89704],[12.20895,45.89866],[12.20768,45.899],[12.20548,45.89887],[12.20202,45.89786],[12.1994,45.89879],[12.19706,45.89874],[12.19668,45.89754],[12.19503,45.89558],[12.19546,45.89495],[12.19236,45.89252],[12.1917,45.89139],[12.19412,45.89068],[12.19237,45.88897],[12.19061,45.88497],[12.19127,45.88168],[12.19256,45.88099],[12.19253,45.87832],[12.191,45.87563],[12.18905,45.87332],[12.18479,45.87018],[12.18462,45.86887],[12.18521,45.8667],[12.18286,45.86391],[12.18026,45.86237],[12.17967,45.86161],[12.18145,45.86077],[12.18233,45.85935],[12.18213,45.85845],[12.17867,45.85103],[12.17668,45.85185],[12.16713,45.85434],[12.1632,45.85379],[12.16196,45.85318],[12.16058,45.85369],[12.15484,45.85368],[12.13404,45.84715],[12.12292,45.84075],[12.11764,45.83779],[12.10966,45.8361],[12.10801,45.823],[12.10135,45.82329],[12.10147,45.82021],[12.09469,45.82031],[12.0942,45.81381],[12.0878,45.81393],[12.08765,45.81269],[12.08068,45.81273],[12.08022,45.80864],[12.07695,45.80892],[12.07233,45.80906],[12.07229,45.81083],[12.05381,45.81095],[12.05309,45.8061],[12.04646,45.80606],[12.0405,45.80637],[12.03944,45.80734],[12.03803,45.80733],[12.0387,45.80905],[12.03897,45.81265],[12.03406,45.81314],[12.0324,45.81302],[12.02797,45.81206],[12.02209,45.81047],[12.01985,45.81025],[12.01754,45.81065],[12.01678,45.81151],[12.01044,45.80762],[12.01113,45.80678],[12.01195,45.80571],[12.01213,45.80181],[12.0127,45.80055],[12.01487,45.79759],[12.01696,45.7956],[12.01868,45.79447],[12.02078,45.79486],[12.01928,45.78894],[12.01901,45.78575],[12.01675,45.78474],[12.01817,45.78433],[12.01765,45.78192],[12.01614,45.78268],[12.01621,45.77853],[12.01445,45.77873],[12.01338,45.7767],[12.01221,45.77683],[12.01097,45.77615],[12.01054,45.77397],[12.00695,45.77373],[12.00627,45.77246],[12.00514,45.77188],[12.00595,45.76986],[12.00148,45.76823],[12.00209,45.76757],[11.99955,45.76698],[11.99982,45.76572],[11.99749,45.76488],[11.99773,45.76333],[11.99592,45.76314],[11.99695,45.7598],[11.99505,45.75868],[11.99559,45.7571],[11.99326,45.75618],[11.994,45.75418],[11.99397,45.75185],[11.99254,45.75141],[11.99291,45.75045],[11.99331,45.74851],[11.99471,45.74786],[11.99627,45.74489],[11.99776,45.73942],[11.99773,45.73764],[11.99858,45.73555],[11.99844,45.73233],[12.00236,45.7324],[12.00254,45.734],[12.00661,45.73359],[12.00724,45.73423],[12.01045,45.73327],[12.02075,45.73208],[12.02851,45.73151],[12.02915,45.73007],[12.02913,45.72854],[12.03042,45.72753],[12.03093,45.72341],[12.03503,45.72372],[12.03506,45.72468],[12.03655,45.72599],[12.04025,45.72735],[12.04329,45.72698],[12.04407,45.72187],[12.04421,45.71958],[12.0473,45.7197],[12.04712,45.72127],[12.05078,45.72179],[12.052,45.71876],[12.05134,45.71685],[12.05435,45.71659],[12.05386,45.71847],[12.05721,45.7193],[12.05854,45.71695],[12.06216,45.71723],[12.0658,45.71718],[12.06613,45.71673],[12.06905,45.71684],[12.06875,45.71982],[12.07066,45.72019],[12.07637,45.72047],[12.07624,45.72174],[12.08799,45.72441],[12.08948,45.72433],[12.09021,45.72242],[12.09458,45.71963],[12.09735,45.71747],[12.09778,45.71574],[12.09893,45.7146],[12.10121,45.7131],[12.10481,45.71152],[12.10631,45.71013],[12.10765,45.70991],[12.10979,45.70779],[12.1087,45.70749],[12.11039,45.705],[12.11196,45.70351],[12.10902,45.70189],[12.11105,45.70033],[12.11366,45.6978],[12.11211,45.6971],[12.11052,45.69841],[12.1097,45.69786],[12.11173,45.69623],[12.11047,45.69543],[12.11032,45.69417],[12.10894,45.69199],[12.10927,45.69048],[12.11044,45.68954],[12.11333,45.68946],[12.11352,45.68719],[12.11223,45.68652],[12.11381,45.68526],[12.11256,45.68458],[12.11491,45.68253],[12.11298,45.68134],[12.11504,45.6791],[12.1172,45.68023],[12.1206,45.67712],[12.11815,45.67672],[12.11766,45.67484],[12.1157,45.67419],[12.1174,45.67295],[12.11693,45.67215],[12.1181,45.6711],[12.1165,45.6692],[12.11748,45.66797],[12.11917,45.66674],[12.11949,45.66553],[12.12064,45.66444],[12.12342,45.66467],[12.1264,45.66331],[12.13049,45.66388],[12.13078,45.66123],[12.1327,45.66053],[12.13407,45.66161],[12.13612,45.66236],[12.1362,45.6602],[12.13913,45.65999],[12.14653,45.65877],[12.15013,45.65658],[12.15341,45.65887],[12.1528,45.65935],[12.15604,45.66184],[12.15792,45.66116],[12.15947,45.66001],[12.16043,45.66],[12.16176,45.66156],[12.16567,45.66131],[12.1666,45.66229],[12.16821,45.66237],[12.17065,45.66624],[12.17141,45.66786],[12.17298,45.66744],[12.17327,45.66893],[12.17479,45.6682],[12.17688,45.66974],[12.18239,45.66884],[12.18639,45.67277],[12.18179,45.6752],[12.18291,45.67645],[12.18584,45.67839],[12.18693,45.67764],[12.18791,45.67913],[12.18694,45.67972],[12.18732,45.68097],[12.18908,45.68266],[12.19134,45.68405],[12.19168,45.6854],[12.19553,45.68781],[12.19427,45.68916],[12.19413,45.69061],[12.19248,45.69247],[12.19589,45.69355],[12.19507,45.69515],[12.19402,45.69482],[12.19276,45.69584],[12.19044,45.69699],[12.18877,45.69893],[12.19265,45.70047],[12.19422,45.6992],[12.19717,45.69979],[12.19785,45.69947],[12.19956,45.70059],[12.19861,45.70164],[12.19977,45.70222],[12.20065,45.70136],[12.20209,45.7021],[12.20438,45.7026],[12.20453,45.70312],[12.20809,45.7042],[12.20976,45.70131],[12.2134,45.70127],[12.21406,45.70095],[12.21655,45.70262],[12.21843,45.70271],[12.22435,45.70482],[12.22555,45.70541],[12.22882,45.70601],[12.22952,45.70724],[12.23096,45.70763],[12.23536,45.70691],[12.23617,45.70598],[12.23791,45.70588],[12.24137,45.70403],[12.24155,45.70286],[12.23938,45.70096],[12.23832,45.69949],[12.2393,45.69476],[12.24172,45.69503],[12.24209,45.69419],[12.24518,45.6934],[12.24716,45.69354],[12.24906,45.69242],[12.24898,45.69077],[12.24993,45.69007],[12.25207,45.69069],[12.25366,45.68757],[12.25494,45.68675],[12.25639,45.68854],[12.25773,45.69159],[12.25898,45.69692],[12.2589,45.69976],[12.25933,45.70231],[12.26011,45.70307],[12.26167,45.70279],[12.26068,45.70113],[12.26222,45.70041],[12.26457,45.70014],[12.26425,45.698],[12.26624,45.69727],[12.26941,45.6981],[12.27107,45.69888],[12.27362,45.69903],[12.27527,45.69707],[12.27386,45.69668],[12.27419,45.69441],[12.27617,45.69538],[12.27694,45.69486],[12.27612,45.69372],[12.27778,45.69295],[12.27718,45.69226],[12.27449,45.69261],[12.27372,45.69169],[12.27576,45.68888],[12.27582,45.68811],[12.2745,45.68742],[12.27472,45.6864],[12.27278,45.6859],[12.27351,45.68399],[12.27443,45.68378],[12.27628,45.68208],[12.27735,45.68199],[12.28097,45.68283],[12.28119,45.6797],[12.28082,45.6787],[12.27727,45.67638],[12.2772,45.6749],[12.27844,45.67359],[12.27837,45.67228],[12.27964,45.6699],[12.28168,45.66964],[12.28454,45.66686],[12.28438,45.66455],[12.28559,45.66323],[12.28417,45.66041],[12.28723,45.65913],[12.28834,45.65822],[12.28611,45.65715],[12.2846,45.6555],[12.28271,45.65541],[12.28169,45.65451],[12.28142,45.65276],[12.28069,45.65216],[12.28092,45.6497],[12.28233,45.64869],[12.28136,45.64781],[12.28198,45.64635],[12.28287,45.64649],[12.28395,45.64445],[12.28211,45.64352],[12.28003,45.64353],[12.27854,45.64254],[12.27939,45.64168],[12.27918,45.64028],[12.27991,45.63915],[12.27742,45.63856],[12.27699,45.63768],[12.27452,45.63694],[12.27357,45.63766],[12.27213,45.63529],[12.27105,45.63516],[12.26933,45.63684],[12.26838,45.63856],[12.26858,45.63949],[12.26666,45.6406],[12.26342,45.63944],[12.25936,45.63936],[12.25649,45.64037],[12.25473,45.64174],[12.25178,45.64229],[12.25135,45.64391],[12.24786,45.64428],[12.24551,45.64516],[12.24144,45.64593],[12.24116,45.64342],[12.24017,45.6425],[12.23991,45.64096],[12.23865,45.64014],[12.23809,45.638],[12.23679,45.63746],[12.23397,45.63487],[12.23288,45.6344],[12.23306,45.63289],[12.2304,45.6321],[12.22929,45.63232],[12.22905,45.63364],[12.22714,45.63294],[12.22742,45.63186],[12.22679,45.63093],[12.2239,45.63067],[12.22361,45.63204],[12.22249,45.63181],[12.22115,45.63255],[12.21972,45.63181],[12.21696,45.63253],[12.21465,45.63379],[12.21528,45.63137],[12.21702,45.62816],[12.21634,45.62753],[12.21483,45.6278],[12.21327,45.6273],[12.21219,45.62627],[12.21072,45.62726],[12.20936,45.62717],[12.20777,45.6288],[12.2061,45.62837],[12.20528,45.62905],[12.20318,45.62962],[12.20187,45.63046],[12.20051,45.63051],[12.19994,45.63168],[12.19657,45.63074],[12.19628,45.63031],[12.19644,45.62588],[12.1954,45.62536],[12.19494,45.62401],[12.19496,45.62201],[12.19441,45.62031],[12.19547,45.62015],[12.19558,45.61739],[12.19494,45.61701],[12.19467,45.61423],[12.19094,45.6144],[12.19185,45.61283],[12.19191,45.61176],[12.19109,45.60875],[12.19173,45.60441],[12.19334,45.60423],[12.19227,45.60229],[12.19197,45.59962],[12.19132,45.59852],[12.18971,45.59973],[12.18772,45.60065],[12.1864,45.60067],[12.18573,45.60254],[12.18553,45.60446],[12.18358,45.60518],[12.18267,45.60467],[12.18242,45.60186],[12.18141,45.5956],[12.18179,45.59255],[12.18138,45.58829],[12.18401,45.58495],[12.18536,45.5849],[12.18651,45.58505],[12.18933,45.58346],[12.19177,45.58346],[12.19159,45.58151],[12.19049,45.57919],[12.19144,45.57785],[12.19449,45.57778],[12.19361,45.57556],[12.19421,45.5736],[12.19932,45.57259],[12.1995,45.57206],[12.20216,45.57158],[12.20536,45.5721],[12.20999,45.57131],[12.2099,45.56822],[12.20913,45.56565],[12.21161,45.56551],[12.21234,45.5645],[12.2121,45.56266],[12.20837,45.56216],[12.20834,45.56153],[12.21004,45.56049],[12.20942,45.5599],[12.20857,45.55421],[12.20721,45.55049],[12.20586,45.54972],[12.20413,45.5503],[12.20306,45.54992],[12.20389,45.54851]]],[[[12.29033,45.24087],[12.28774,45.23982],[12.28792,45.23864],[12.29134,45.23519],[12.29934,45.23459],[12.29786,45.23877],[12.29696,45.24247],[12.29659,45.24508],[12.29893,45.24745],[12.30006,45.24924],[12.30024,45.25144],[12.29932,45.25538],[12.29967,45.25841],[12.30191,45.26563],[12.30202,45.26969],[12.30276,45.27487],[12.30403,45.28077],[12.30595,45.28655],[12.30616,45.28789],[12.30821,45.29264],[12.31323,45.30578],[12.3132,45.30754],[12.31439,45.30969],[12.31615,45.3143],[12.31824,45.31857],[12.32212,45.32556],[12.32436,45.33013],[12.32635,45.33229],[12.3247,45.33226],[12.3228,45.33355],[12.32054,45.33429],[12.31848,45.3341],[12.3169,45.33303],[12.31849,45.33229],[12.31959,45.33122],[12.32154,45.32795],[12.31887,45.32599],[12.31893,45.32481],[12.31746,45.32333],[12.31781,45.32154],[12.31481,45.31686],[12.31255,45.31394],[12.31216,45.31237],[12.3096,45.30987],[12.30937,45.30874],[12.31017,45.30775],[12.31015,45.30338],[12.30718,45.29581],[12.3025,45.28558],[12.30188,45.2825],[12.30094,45.28088],[12.30085,45.27339],[12.3006,45.27209],[12.29954,45.27025],[12.29972,45.26683],[12.30052,45.26441],[12.29799,45.25554],[12.29936,45.25326],[12.29996,45.25073],[12.29971,45.2493],[12.29856,45.2474],[12.29342,45.24287],[12.29239,45.24272],[12.29033,45.24087]]],[[[12.31852,45.40349],[12.32358,45.40424],[12.32399,45.40514],[12.32343,45.40725],[12.32233,45.4076],[12.3179,45.40678],[12.31722,45.40621],[12.31765,45.40448],[12.31852,45.40349]]],[[[12.33052,45.42313],[12.33715,45.42316],[12.33896,45.42365],[12.34113,45.42502],[12.34188,45.4272],[12.34174,45.42835],[12.33934,45.42711],[12.33599,45.42587],[12.33393,45.4254],[12.32954,45.42574],[12.32389,45.42705],[12.3202,45.42835],[12.3179,45.4288],[12.31424,45.42904],[12.31308,45.42882],[12.31236,45.42789],[12.31099,45.42815],[12.3081,45.42718],[12.30737,45.4265],[12.31167,45.42511],[12.31663,45.42594],[12.32096,45.42423],[12.32367,45.42357],[12.32837,45.42344],[12.33052,45.42313]]],[[[12.33257,45.38086],[12.33304,45.38327],[12.32984,45.3834],[12.32881,45.38286],[12.33076,45.38047],[12.33257,45.38086]]],[[[12.30969,45.3398],[12.31102,45.3392],[12.31288,45.33909],[12.31741,45.34015],[12.32897,45.33748],[12.32873,45.34137],[12.32879,45.34375],[12.32937,45.34905],[12.32989,45.35106],[12.33199,45.35607],[12.33345,45.35857],[12.34072,45.36768],[12.34312,45.3709],[12.34737,45.37802],[12.35158,45.38368],[12.35423,45.38793],[12.36,45.39587],[12.3616,45.39731],[12.36362,45.39983],[12.36947,45.40559],[12.37719,45.41355],[12.3832,45.41852],[12.39042,45.42384],[12.39295,45.42458],[12.39353,45.42587],[12.39669,45.42789],[12.40008,45.42967],[12.39862,45.43001],[12.39514,45.4315],[12.3932,45.43277],[12.39202,45.43288],[12.38779,45.43428],[12.38609,45.4339],[12.3836,45.4325],[12.38353,45.43198],[12.38056,45.42902],[12.3774,45.42477],[12.3748,45.42005],[12.37244,45.41889],[12.36909,45.41808],[12.36805,45.41748],[12.36635,45.41534],[12.36186,45.40631],[12.3583,45.40138],[12.35757,45.40011],[12.34589,45.38574],[12.34275,45.38161],[12.33673,45.37396],[12.33668,45.36919],[12.3316,45.36016],[12.32892,45.35784],[12.32357,45.35111],[12.32051,45.34997],[12.31767,45.34933],[12.31285,45.3459],[12.31172,45.34605],[12.30956,45.34365],[12.30901,45.34158],[12.30969,45.3398]]],[[[12.33511,45.41234],[12.33393,45.41089],[12.33467,45.40967],[12.336,45.40933],[12.33748,45.41165],[12.33711,45.41258],[12.33511,45.41234]]],[[[12.35956,45.41269],[12.36078,45.41133],[12.36301,45.41221],[12.36135,45.41339],[12.35956,45.41269]]],[[[12.33858,45.42017],[12.33875,45.41798],[12.3409,45.41855],[12.3409,45.42],[12.33858,45.42017]]],[[[12.34624,45.42941],[12.34375,45.43025],[12.34258,45.42997],[12.34239,45.42823],[12.34403,45.42571],[12.34543,45.42595],[12.34634,45.42846],[12.34624,45.42941]]],[[[12.38157,45.43419],[12.3824,45.43529],[12.38214,45.4367],[12.38443,45.44511],[12.38373,45.44633],[12.38415,45.44795],[12.38515,45.44833],[12.38488,45.44946],[12.38318,45.44919],[12.38195,45.44812],[12.38194,45.44717],[12.37804,45.44514],[12.37579,45.4433],[12.37374,45.44326],[12.37265,45.44197],[12.37365,45.4382],[12.37507,45.43777],[12.37332,45.43503],[12.36796,45.43277],[12.36766,45.43211],[12.36956,45.43126],[12.37315,45.43175],[12.37543,45.4337],[12.37779,45.43458],[12.38005,45.43367],[12.38157,45.43419]]],[[[12.38934,45.4552],[12.38812,45.45798],[12.38332,45.45706],[12.38515,45.45525],[12.38934,45.4552]]],[[[12.34691,45.45416],[12.34776,45.45356],[12.34783,45.45187],[12.34891,45.45148],[12.35154,45.45192],[12.35219,45.45242],[12.3568,45.4537],[12.35824,45.45428],[12.35824,45.45566],[12.36081,45.45837],[12.36078,45.45947],[12.35926,45.46047],[12.35481,45.46206],[12.35624,45.46262],[12.35646,45.46429],[12.35464,45.46567],[12.3522,45.46538],[12.35099,45.46484],[12.34521,45.46357],[12.34571,45.46075],[12.34427,45.45786],[12.34317,45.45472],[12.34631,45.45488],[12.34691,45.45416]]],[[[12.43189,45.47208],[12.4293,45.47222],[12.42402,45.47341],[12.42255,45.47214],[12.42173,45.46974],[12.42047,45.46853],[12.41825,45.46717],[12.41528,45.46589],[12.41348,45.46342],[12.41419,45.46279],[12.41271,45.4609],[12.40967,45.45902],[12.40801,45.45857],[12.40665,45.45737],[12.40546,45.45715],[12.40319,45.45801],[12.40016,45.45819],[12.39992,45.45667],[12.3971,45.45589],[12.39265,45.45608],[12.39136,45.45433],[12.38884,45.45463],[12.38568,45.45413],[12.38696,45.45182],[12.38895,45.44961],[12.38982,45.44918],[12.39168,45.44712],[12.39146,45.44502],[12.39291,45.44454],[12.3974,45.44546],[12.4013,45.4468],[12.40256,45.44819],[12.40902,45.4509],[12.41465,45.45406],[12.41868,45.45709],[12.42101,45.45785],[12.42185,45.45859],[12.42112,45.45966],[12.42792,45.46586],[12.42793,45.46759],[12.43189,45.47208]]],[[[12.42126,45.48451],[12.42138,45.48548],[12.42036,45.48693],[12.41832,45.48733],[12.41439,45.48764],[12.41302,45.48591],[12.41366,45.48523],[12.41758,45.48275],[12.42126,45.48451]]],[[[12.40312,45.48405],[12.40653,45.48379],[12.41405,45.48811],[12.41263,45.4893],[12.41257,45.49066],[12.41163,45.49149],[12.41171,45.49337],[12.41108,45.49439],[12.40221,45.49088],[12.4007,45.4909],[12.39712,45.49033],[12.3976,45.48925],[12.3999,45.48958],[12.40051,45.48906],[12.39984,45.48759],[12.40284,45.48611],[12.40312,45.48405]]],[[[12.41961,45.49993],[12.41522,45.50142],[12.41444,45.49932],[12.41352,45.49852],[12.41071,45.49853],[12.40858,45.49923],[12.41419,45.49298],[12.41496,45.4904],[12.41596,45.48927],[12.41789,45.48904],[12.41858,45.4903],[12.41796,45.49223],[12.41871,45.49334],[12.42033,45.49407],[12.42293,45.49419],[12.42693,45.497],[12.42672,45.49737],[12.42379,45.49769],[12.42226,45.49853],[12.42421,45.49987],[12.4261,45.50031],[12.42599,45.50105],[12.42225,45.49971],[12.41961,45.49993]]],[[[12.47486,45.5031],[12.47423,45.50407],[12.47164,45.504],[12.47001,45.50432],[12.46877,45.50268],[12.47057,45.50228],[12.47486,45.5031]]],[[[12.43933,45.50302],[12.44092,45.50324],[12.44188,45.50432],[12.44373,45.50499],[12.44487,45.50644],[12.44435,45.50682],[12.44585,45.5089],[12.44485,45.50958],[12.44304,45.50912],[12.44182,45.50961],[12.44032,45.51095],[12.43844,45.51019],[12.44007,45.50803],[12.44077,45.50653],[12.44045,45.50372],[12.43687,45.50348],[12.43684,45.50278],[12.43933,45.50302]]],[[[12.45574,45.51028],[12.45333,45.51107],[12.45245,45.51183],[12.44969,45.51112],[12.44837,45.50852],[12.45139,45.50831],[12.45402,45.5076],[12.45634,45.50622],[12.45786,45.50583],[12.45959,45.50772],[12.45911,45.50939],[12.45574,45.51028]]],[[[12.54489,45.52415],[12.54286,45.52582],[12.54353,45.52856],[12.54079,45.52902],[12.53757,45.52548],[12.53991,45.52495],[12.54415,45.5223],[12.54489,45.52415]]],[[[12.52651,45.55786],[12.52531,45.5586],[12.52229,45.55645],[12.52425,45.55495],[12.52651,45.55786]]]]},"properties":{"idApp":925033,"aopId":"piave","name":"Piave","nameJa":"ピアーヴェ","kind":"regional","tags":["doc"],"rank":0},"bbox":[11.99254,45.23459,12.8171,46.08256]},{"type":"Feature","geometry":{"type":"Polygon","coordinates":[[[11.33154,45.38763],[11.3311,45.38673],[11.33501,45.3857],[11.33574,45.38599],[11.33768,45.38457],[11.34035,45.38336],[11.34045,45.38219],[11.33978,45.38128],[11.34104,45.37893],[11.34208,45.37855],[11.34283,45.3771],[11.34404,45.37607],[11.34582,45.37601],[11.34788,45.37491],[11.35097,45.37384],[11.35222,45.37296],[11.35334,45.37153],[11.35303,45.36909],[11.35353,45.36853],[11.35243,45.36633],[11.35409,45.36442],[11.35424,45.36289],[11.3534,45.36014],[11.35484,45.35738],[11.35489,45.35534],[11.35435,45.35354],[11.35259,45.35238],[11.35084,45.35228],[11.35069,45.35088],[11.35147,45.34861],[11.35306,45.3477],[11.35505,45.34765],[11.35839,45.34862],[11.35813,45.34957],[11.3624,45.34931],[11.363,45.34988],[11.36871,45.34943],[11.37051,45.34981],[11.37141,45.34803],[11.37282,45.34794],[11.37325,45.34891],[11.3772,45.34909],[11.37806,45.34987],[11.38012,45.34955],[11.38209,45.34967],[11.3863,45.34915],[11.38639,45.34791],[11.38976,45.34838],[11.39199,45.34791],[11.39433,45.34787],[11.39407,45.34656],[11.39594,45.34609],[11.39657,45.34693],[11.40077,45.34553],[11.40149,45.34373],[11.40323,45.34434],[11.40373,45.34318],[11.40626,45.34355],[11.40667,45.34227],[11.4081,45.34203],[11.41015,45.34092],[11.41239,45.34044],[11.41835,45.33999],[11.42259,45.33929],[11.42568,45.33777],[11.42734,45.33626],[11.43271,45.33407],[11.43516,45.33226],[11.43653,45.33177],[11.4381,45.3305],[11.44031,45.32991],[11.44216,45.32851],[11.44388,45.32815],[11.44757,45.32654],[11.44877,45.32547],[11.45032,45.32523],[11.45265,45.32362],[11.45347,45.32264],[11.45105,45.31926],[11.44932,45.31976],[11.44841,45.31806],[11.44774,45.31531],[11.43761,45.31701],[11.43675,45.31606],[11.43438,45.31569],[11.43351,45.31613],[11.43145,45.31359],[11.4311,45.31218],[11.43207,45.31194],[11.4326,45.31031],[11.43254,45.30825],[11.43331,45.30735],[11.43509,45.30671],[11.43655,45.30525],[11.43823,45.30456],[11.44041,45.30288],[11.4425,45.30203],[11.45206,45.29871],[11.46267,45.29447],[11.46472,45.29183],[11.46695,45.28987],[11.46912,45.28876],[11.47705,45.28679],[11.48261,45.28595],[11.48555,45.28603],[11.48766,45.28569],[11.48948,45.28368],[11.49114,45.28266],[11.48977,45.28014],[11.48755,45.27688],[11.48636,45.27432],[11.48918,45.27357],[11.48835,45.269],[11.48705,45.26595],[11.49182,45.26449],[11.5003,45.26326],[11.50815,45.26203],[11.51266,45.26108],[11.52182,45.2596],[11.52634,45.25867],[11.52838,45.25847],[11.53354,45.25858],[11.54139,45.25947],[11.54729,45.26031],[11.55336,45.26083],[11.5547,45.26124],[11.56139,45.26177],[11.56517,45.26252],[11.5635,45.26426],[11.56089,45.26486],[11.55863,45.26442],[11.55586,45.26426],[11.55454,45.26488],[11.55252,45.26498],[11.55003,45.26677],[11.54872,45.26811],[11.54537,45.2699],[11.54403,45.27096],[11.54267,45.27299],[11.54313,45.27497],[11.54244,45.27592],[11.54002,45.27683],[11.53828,45.28063],[11.53711,45.28129],[11.53501,45.28166],[11.5312,45.28308],[11.52832,45.28466],[11.52785,45.28713],[11.52172,45.29069],[11.51904,45.29181],[11.51813,45.29308],[11.51754,45.29656],[11.51973,45.29799],[11.52291,45.29882],[11.52322,45.29964],[11.52262,45.30466],[11.52453,45.3103],[11.52375,45.3143],[11.52442,45.31574],[11.52654,45.31704],[11.52783,45.31744],[11.53252,45.31776],[11.53315,45.31427],[11.53228,45.31189],[11.53523,45.31148],[11.53809,45.31138],[11.53875,45.31176],[11.54191,45.31102],[11.54563,45.31055],[11.55265,45.31051],[11.55523,45.3104],[11.55954,45.31065],[11.55898,45.30743],[11.57185,45.30526],[11.57464,45.30421],[11.57247,45.29982],[11.57293,45.29932],[11.58029,45.29736],[11.5805,45.30118],[11.58121,45.30295],[11.58398,45.3075],[11.58834,45.31303],[11.59363,45.31508],[11.59612,45.31622],[11.60416,45.31833],[11.60603,45.31684],[11.60807,45.31458],[11.60977,45.31394],[11.61277,45.31646],[11.61452,45.31729],[11.6147,45.32186],[11.61414,45.32325],[11.6123,45.3254],[11.61627,45.32571],[11.61747,45.32545],[11.61828,45.32812],[11.61797,45.32858],[11.6196,45.32985],[11.61988,45.33264],[11.61821,45.3356],[11.61691,45.3365],[11.61318,45.33805],[11.61343,45.33905],[11.61585,45.34005],[11.61612,45.34199],[11.61759,45.34318],[11.62047,45.34338],[11.62327,45.34405],[11.62484,45.3454],[11.6254,45.34679],[11.62537,45.35012],[11.62629,45.35019],[11.62729,45.35441],[11.62748,45.35636],[11.62457,45.36013],[11.62311,45.36124],[11.62098,45.36136],[11.62001,45.36211],[11.6156,45.36657],[11.61414,45.36873],[11.61334,45.37076],[11.61224,45.37238],[11.61137,45.37486],[11.61188,45.37607],[11.6139,45.38282],[11.61573,45.38802],[11.61729,45.38943],[11.62041,45.39139],[11.62236,45.39305],[11.62485,45.39447],[11.63836,45.40372],[11.64295,45.40587],[11.64531,45.40729],[11.64804,45.40815],[11.65323,45.4104],[11.65234,45.41659],[11.65313,45.41676],[11.65662,45.4161],[11.65699,45.4156],[11.65918,45.41541],[11.65931,45.41718],[11.66108,45.41743],[11.6614,45.41975],[11.6612,45.42136],[11.66302,45.42178],[11.66564,45.42312],[11.66769,45.42309],[11.67223,45.42388],[11.67626,45.42308],[11.67956,45.4266],[11.68038,45.42863],[11.68327,45.42942],[11.68361,45.43151],[11.68474,45.43188],[11.68586,45.43383],[11.6876,45.43499],[11.68931,45.43688],[11.69132,45.43709],[11.69277,45.43667],[11.69364,45.4389],[11.69602,45.43903],[11.69684,45.44048],[11.69487,45.44062],[11.69482,45.44369],[11.69245,45.44369],[11.69074,45.44423],[11.6922,45.44636],[11.69139,45.44689],[11.69258,45.44834],[11.69452,45.44887],[11.69549,45.45043],[11.69514,45.45155],[11.69557,45.45262],[11.6971,45.45319],[11.69783,45.45488],[11.69932,45.4572],[11.70207,45.45936],[11.69981,45.45975],[11.69834,45.46074],[11.69672,45.46055],[11.69352,45.46172],[11.69461,45.46248],[11.69222,45.46417],[11.69117,45.46324],[11.68838,45.46394],[11.68761,45.46474],[11.68785,45.4659],[11.68386,45.46784],[11.68755,45.47081],[11.68023,45.47153],[11.67279,45.47509],[11.67169,45.47484],[11.67044,45.4757],[11.66956,45.4752],[11.6684,45.47607],[11.6685,45.4768],[11.66726,45.47852],[11.66489,45.47849],[11.66269,45.47886],[11.66224,45.47995],[11.65853,45.48121],[11.65934,45.4825],[11.66133,45.48202],[11.66231,45.4827],[11.66204,45.48358],[11.66521,45.48547],[11.66446,45.48634],[11.66569,45.48753],[11.66625,45.48879],[11.66784,45.48877],[11.6693,45.49024],[11.67152,45.49158],[11.67431,45.49047],[11.67615,45.48908],[11.67581,45.49126],[11.67656,45.4926],[11.67859,45.49145],[11.67929,45.49257],[11.68093,45.49369],[11.68164,45.49517],[11.68029,45.49583],[11.68338,45.49686],[11.68164,45.49906],[11.68403,45.49915],[11.68523,45.49839],[11.68741,45.49979],[11.68685,45.50093],[11.68773,45.50259],[11.68729,45.50519],[11.68671,45.50676],[11.68748,45.50791],[11.68651,45.50973],[11.68112,45.5086],[11.68042,45.51142],[11.67896,45.51431],[11.67772,45.51536],[11.67987,45.51798],[11.68007,45.52098],[11.67609,45.5203],[11.67635,45.52175],[11.6783,45.52406],[11.67604,45.52517],[11.67303,45.52836],[11.67208,45.52995],[11.66983,45.53202],[11.66638,45.53478],[11.66462,45.53853],[11.66445,45.53954],[11.66235,45.53958],[11.66205,45.53789],[11.65756,45.53853],[11.65854,45.54554],[11.65745,45.54764],[11.65576,45.54998],[11.65303,45.55036],[11.65354,45.55196],[11.65688,45.55177],[11.65816,45.55547],[11.65892,45.55437],[11.66112,45.55467],[11.66636,45.55664],[11.66459,45.55952],[11.66768,45.56227],[11.6678,45.56487],[11.67215,45.56549],[11.67302,45.56709],[11.67296,45.56892],[11.67014,45.56846],[11.66859,45.56923],[11.66692,45.56846],[11.66588,45.57076],[11.66726,45.57423],[11.66618,45.57514],[11.66772,45.57888],[11.67036,45.58006],[11.66962,45.58375],[11.67414,45.58235],[11.67456,45.58254],[11.67402,45.58502],[11.67338,45.58633],[11.67303,45.58856],[11.67173,45.58921],[11.67224,45.59061],[11.67393,45.59135],[11.67405,45.59229],[11.67183,45.59342],[11.67157,45.59412],[11.66661,45.59414],[11.66651,45.59501],[11.6591,45.59451],[11.65911,45.59309],[11.65787,45.5922],[11.65612,45.59218],[11.65266,45.59294],[11.64984,45.59328],[11.64606,45.59416],[11.64597,45.59513],[11.6447,45.59614],[11.64316,45.59438],[11.6428,45.59238],[11.6407,45.59162],[11.6422,45.59081],[11.64241,45.5899],[11.64079,45.58887],[11.64144,45.58604],[11.6444,45.58587],[11.64474,45.5841],[11.64474,45.58154],[11.64226,45.58075],[11.6424,45.57997],[11.6405,45.57982],[11.64003,45.58285],[11.62933,45.58065],[11.62932,45.58153],[11.62043,45.57939],[11.62138,45.57877],[11.62157,45.57741],[11.619,45.57496],[11.61769,45.57305],[11.61675,45.57236],[11.61692,45.57046],[11.61232,45.57046],[11.61283,45.56691],[11.61199,45.56729],[11.60981,45.5671],[11.60797,45.56741],[11.60675,45.56644],[11.60481,45.56628],[11.60311,45.56688],[11.60161,45.56675],[11.59904,45.56573],[11.59713,45.56587],[11.59633,45.567],[11.59625,45.56821],[11.595,45.57039],[11.59553,45.57364],[11.59451,45.57417],[11.596,45.57518],[11.59679,45.57658],[11.59418,45.57979],[11.59038,45.58189],[11.58767,45.58125],[11.58689,45.58144],[11.58503,45.58009],[11.58394,45.57992],[11.58286,45.58089],[11.58238,45.58237],[11.58158,45.58312],[11.58158,45.58449],[11.58255,45.58541],[11.5841,45.58588],[11.58337,45.5882],[11.58212,45.58961],[11.57799,45.58893],[11.57591,45.58797],[11.5746,45.58595],[11.5733,45.58512],[11.57355,45.58154],[11.57032,45.5794],[11.56898,45.58066],[11.56384,45.58257],[11.56433,45.58494],[11.56317,45.58833],[11.56207,45.58906],[11.56068,45.59119],[11.56098,45.59212],[11.56358,45.59448],[11.56344,45.59609],[11.5659,45.59875],[11.56657,45.59993],[11.56616,45.6011],[11.56691,45.60168],[11.5669,45.60319],[11.56425,45.60352],[11.56233,45.60471],[11.56177,45.60622],[11.56299,45.60634],[11.56313,45.60772],[11.56166,45.60868],[11.56763,45.61002],[11.56862,45.61278],[11.5694,45.6137],[11.57156,45.61355],[11.57452,45.6171],[11.57739,45.61908],[11.57995,45.61821],[11.58316,45.61825],[11.58297,45.61931],[11.58415,45.62211],[11.58517,45.62322],[11.58633,45.62321],[11.58865,45.62437],[11.59198,45.62397],[11.59329,45.62347],[11.59348,45.62222],[11.59495,45.62151],[11.59859,45.62058],[11.60454,45.61976],[11.60556,45.62363],[11.60996,45.62388],[11.61058,45.62448],[11.61376,45.62526],[11.61568,45.6252],[11.6144,45.62358],[11.61367,45.6219],[11.6151,45.62092],[11.61787,45.62073],[11.61786,45.62341],[11.61967,45.62489],[11.62033,45.62657],[11.61858,45.62866],[11.61979,45.62972],[11.61868,45.63152],[11.61666,45.63154],[11.61763,45.63263],[11.61792,45.63719],[11.6201,45.63701],[11.62042,45.63802],[11.62356,45.64098],[11.62249,45.64171],[11.623,45.64474],[11.62111,45.64556],[11.62378,45.64896],[11.62469,45.65104],[11.62643,45.65339],[11.62828,45.65297],[11.631,45.65116],[11.63152,45.65226],[11.63524,45.65157],[11.63726,45.65504],[11.63958,45.65608],[11.64496,45.65541],[11.6455,45.65507],[11.65263,45.65371],[11.65377,45.65552],[11.65625,45.65525],[11.66206,45.65517],[11.66284,45.65612],[11.6634,45.65909],[11.66423,45.66093],[11.66533,45.66197],[11.66546,45.6647],[11.6664,45.66801],[11.66662,45.67251],[11.66711,45.67456],[11.66712,45.6768],[11.66797,45.68121],[11.66894,45.68508],[11.67006,45.68662],[11.6713,45.6903],[11.67112,45.69255],[11.67231,45.69504],[11.67476,45.69454],[11.67578,45.69677],[11.67552,45.69744],[11.67714,45.70083],[11.68013,45.70063],[11.68542,45.70087],[11.68552,45.69546],[11.68623,45.68954],[11.68635,45.68731],[11.68719,45.68293],[11.68739,45.67843],[11.68932,45.67114],[11.69014,45.66897],[11.69279,45.66416],[11.69659,45.66324],[11.70069,45.66455],[11.70349,45.66524],[11.70739,45.66698],[11.70936,45.66743],[11.70905,45.66844],[11.71048,45.6701],[11.7101,45.67204],[11.70841,45.67441],[11.7083,45.67677],[11.70684,45.6779],[11.7065,45.68031],[11.71378,45.68136],[11.71927,45.6811],[11.72515,45.68016],[11.73127,45.67943],[11.73434,45.67976],[11.73934,45.67999],[11.74641,45.6795],[11.75206,45.67939],[11.75431,45.67901],[11.75774,45.6779],[11.76265,45.67853],[11.76798,45.67902],[11.77188,45.67977],[11.77871,45.68068],[11.78269,45.6814],[11.79578,45.68312],[11.79744,45.68309],[11.80242,45.68429],[11.81161,45.68544],[11.81271,45.68584],[11.82167,45.68718],[11.82119,45.6877],[11.81837,45.689],[11.81748,45.69133],[11.81598,45.6927],[11.81542,45.69548],[11.81568,45.69617],[11.8193,45.70007],[11.82351,45.70516],[11.82405,45.70663],[11.82325,45.71053],[11.82228,45.71319],[11.82095,45.71791],[11.81995,45.72073],[11.82069,45.72083],[11.81886,45.72707],[11.81867,45.72854],[11.81714,45.73313],[11.81599,45.73595],[11.81459,45.74045],[11.8141,45.74335],[11.81772,45.74192],[11.82249,45.74087],[11.82676,45.74104],[11.8312,45.74051],[11.83102,45.74157],[11.83266,45.74431],[11.83343,45.7463],[11.83619,45.74898],[11.82969,45.75539],[11.83123,45.75588],[11.83318,45.75593],[11.83283,45.75767],[11.83077,45.75763],[11.83022,45.75846],[11.83217,45.75875],[11.83207,45.76004],[11.83108,45.76128],[11.8281,45.76219],[11.82619,45.76481],[11.82651,45.76597],[11.82521,45.7667],[11.82448,45.7678],[11.82678,45.76948],[11.82552,45.77266],[11.8237,45.77272],[11.82224,45.77515],[11.82065,45.77882],[11.82242,45.77893],[11.82113,45.78218],[11.82007,45.78274],[11.81846,45.78549],[11.81925,45.78577],[11.81845,45.78722],[11.81708,45.78853],[11.81534,45.78918],[11.81284,45.78927],[11.81157,45.79016],[11.81079,45.79143],[11.80905,45.79294],[11.80946,45.79433],[11.80849,45.79578],[11.81022,45.79651],[11.81121,45.79753],[11.80751,45.79735],[11.80384,45.798],[11.80327,45.79996],[11.79869,45.79953],[11.79622,45.79986],[11.79467,45.7991],[11.7941,45.80057],[11.79117,45.80026],[11.79091,45.79826],[11.78913,45.79716],[11.78683,45.79669],[11.78425,45.79569],[11.78313,45.79473],[11.78333,45.79404],[11.78194,45.79299],[11.77923,45.79188],[11.77692,45.79457],[11.775,45.79597],[11.77271,45.79604],[11.77067,45.79819],[11.76934,45.79881],[11.76782,45.80074],[11.76557,45.80226],[11.76421,45.80185],[11.76323,45.80263],[11.76465,45.80323],[11.76359,45.80519],[11.76219,45.80497],[11.76127,45.80597],[11.75898,45.80956],[11.75678,45.81145],[11.75277,45.8159],[11.75228,45.81861],[11.7505,45.82048],[11.75037,45.82335],[11.7515,45.82492],[11.75184,45.82661],[11.75376,45.83039],[11.75763,45.83331],[11.75939,45.83867],[11.75795,45.84081],[11.75732,45.84347],[11.75637,45.84436],[11.75388,45.84455],[11.74953,45.84633],[11.74579,45.84791],[11.744,45.85013],[11.74401,45.85241],[11.7427,45.8549],[11.74494,45.85621],[11.74624,45.85653],[11.75103,45.85649],[11.75528,45.85723],[11.76018,45.85773],[11.76218,45.85881],[11.76247,45.86189],[11.76414,45.86362],[11.7659,45.86643],[11.76665,45.86931],[11.76294,45.87015],[11.76028,45.87142],[11.75856,45.87172],[11.75553,45.8729],[11.75149,45.8732],[11.74882,45.87379],[11.74567,45.87415],[11.74366,45.87345],[11.74045,45.86856],[11.7412,45.86662],[11.74001,45.86442],[11.73805,45.86461],[11.73706,45.86279],[11.73875,45.86266],[11.7404,45.85928],[11.73931,45.85882],[11.73919,45.85761],[11.73829,45.85683],[11.73581,45.85626],[11.73632,45.8544],[11.73744,45.85348],[11.73201,45.84872],[11.73216,45.84784],[11.73437,45.84824],[11.73632,45.84646],[11.73519,45.84513],[11.73659,45.84435],[11.73569,45.84296],[11.73315,45.84221],[11.73325,45.8413],[11.73149,45.84028],[11.73157,45.83677],[11.73358,45.83488],[11.73431,45.83295],[11.73589,45.83062],[11.73561,45.82888],[11.73433,45.82782],[11.73485,45.82668],[11.73354,45.82623],[11.73234,45.82463],[11.73442,45.82346],[11.73459,45.82198],[11.73541,45.82083],[11.7375,45.82011],[11.73826,45.81928],[11.73724,45.81793],[11.73677,45.81628],[11.73543,45.81481],[11.73306,45.81478],[11.73249,45.814],[11.73295,45.81172],[11.73206,45.81064],[11.72634,45.80926],[11.72417,45.80915],[11.72267,45.80746],[11.71991,45.80574],[11.7195,45.80512],[11.7163,45.80485],[11.71438,45.80531],[11.71572,45.80723],[11.71854,45.80992],[11.71894,45.81254],[11.71734,45.81579],[11.71417,45.81789],[11.71274,45.81923],[11.70961,45.81729],[11.70923,45.81613],[11.70677,45.81606],[11.70207,45.81502],[11.69936,45.81534],[11.69731,45.81521],[11.69434,45.81377],[11.69329,45.81237],[11.69067,45.81168],[11.69008,45.81265],[11.68762,45.81273],[11.68462,45.81401],[11.67993,45.8145],[11.67725,45.81658],[11.67729,45.81836],[11.67625,45.81876],[11.66235,45.8199],[11.65805,45.82061],[11.6559,45.82024],[11.65424,45.82053],[11.65209,45.82011],[11.64939,45.82106],[11.64509,45.82188],[11.65098,45.81742],[11.65483,45.81475],[11.65587,45.81379],[11.6561,45.81212],[11.65773,45.80771],[11.6577,45.80535],[11.66008,45.80171],[11.66206,45.79812],[11.66209,45.79685],[11.66343,45.79479],[11.66408,45.79278],[11.66516,45.79107],[11.66299,45.79061],[11.66186,45.79118],[11.65912,45.79144],[11.65872,45.79396],[11.65901,45.79486],[11.66041,45.79564],[11.65977,45.7966],[11.66076,45.79796],[11.65903,45.79848],[11.6567,45.79591],[11.65407,45.79493],[11.65301,45.79366],[11.65102,45.79267],[11.64767,45.79177],[11.64626,45.79107],[11.64402,45.78807],[11.64213,45.78776],[11.6385,45.78665],[11.63517,45.78394],[11.6304,45.78297],[11.62957,45.78147],[11.62739,45.78141],[11.62623,45.78194],[11.61971,45.77998],[11.61676,45.77883],[11.6147,45.77875],[11.60857,45.78072],[11.60774,45.78017],[11.60574,45.78091],[11.60063,45.77984],[11.60028,45.77937],[11.60181,45.77715],[11.60147,45.77332],[11.60014,45.77105],[11.59642,45.76879],[11.59537,45.76714],[11.59218,45.76559],[11.58911,45.76725],[11.58212,45.7689],[11.57518,45.76832],[11.57209,45.76863],[11.57058,45.76835],[11.569,45.76874],[11.56582,45.76836],[11.5633,45.76754],[11.55957,45.76697],[11.55601,45.7671],[11.55477,45.76742],[11.55166,45.76749],[11.5481,45.76623],[11.5468,45.76677],[11.5451,45.76623],[11.54392,45.76734],[11.53991,45.76763],[11.53716,45.76927],[11.53998,45.76957],[11.53973,45.77134],[11.54127,45.77235],[11.54559,45.77319],[11.54557,45.774],[11.54316,45.77521],[11.54152,45.77662],[11.53975,45.77711],[11.5402,45.77803],[11.54446,45.7789],[11.54653,45.78034],[11.54635,45.78294],[11.54807,45.78427],[11.5488,45.78631],[11.55029,45.78792],[11.54899,45.78974],[11.54794,45.78988],[11.54421,45.79133],[11.54217,45.79398],[11.54295,45.79546],[11.54551,45.79778],[11.54572,45.80017],[11.54259,45.80197],[11.54007,45.80264],[11.53929,45.80422],[11.53601,45.8043],[11.53301,45.80582],[11.53071,45.8076],[11.52891,45.80863],[11.52779,45.80825],[11.52603,45.81202],[11.52587,45.81535],[11.5105,45.81325],[11.49577,45.81149],[11.49431,45.81223],[11.49435,45.81539],[11.49379,45.81983],[11.49077,45.81979],[11.48989,45.82077],[11.48702,45.82033],[11.48543,45.82101],[11.48366,45.821],[11.47954,45.82158],[11.47761,45.82255],[11.47621,45.8226],[11.47451,45.82194],[11.46753,45.82227],[11.46679,45.82066],[11.46751,45.81888],[11.46733,45.81191],[11.46283,45.8108],[11.4599,45.81164],[11.45779,45.81476],[11.45765,45.81605],[11.45587,45.81776],[11.45409,45.81863],[11.45145,45.81892],[11.45008,45.82201],[11.44983,45.82347],[11.45077,45.8275],[11.44874,45.83319],[11.44759,45.83456],[11.44326,45.83136],[11.43933,45.82979],[11.43822,45.82882],[11.43712,45.82686],[11.43581,45.82592],[11.43704,45.82429],[11.43805,45.82205],[11.4365,45.81945],[11.43592,45.81911],[11.43423,45.82088],[11.43089,45.82275],[11.42551,45.82424],[11.42429,45.82562],[11.42195,45.82706],[11.4243,45.82976],[11.4216,45.83211],[11.41777,45.83341],[11.41627,45.83477],[11.41453,45.83559],[11.41176,45.83617],[11.40719,45.83655],[11.40529,45.83411],[11.40389,45.83083],[11.40014,45.83196],[11.3986,45.83348],[11.39393,45.83295],[11.38844,45.8285],[11.38742,45.83072],[11.38709,45.83301],[11.38514,45.83346],[11.38489,45.83419],[11.38613,45.83581],[11.38601,45.83687],[11.38439,45.83813],[11.3848,45.83934],[11.38267,45.84079],[11.38505,45.8413],[11.3875,45.84113],[11.39224,45.84282],[11.39203,45.84372],[11.39321,45.84425],[11.39751,45.84442],[11.39997,45.84521],[11.40096,45.84718],[11.40358,45.84802],[11.40477,45.84971],[11.40496,45.85137],[11.40278,45.85374],[11.39886,45.85098],[11.3938,45.84901],[11.38661,45.84815],[11.38467,45.84753],[11.3826,45.84787],[11.37731,45.84586],[11.37509,45.84575],[11.3735,45.84454],[11.37352,45.8416],[11.37404,45.83981],[11.37362,45.83852],[11.37208,45.83758],[11.37074,45.83585],[11.37021,45.83411],[11.37083,45.83208],[11.36944,45.83021],[11.3694,45.82939],[11.37073,45.8263],[11.36881,45.82367],[11.36836,45.82234],[11.36835,45.81978],[11.36657,45.81779],[11.36643,45.81644],[11.36975,45.81372],[11.36919,45.8108],[11.36946,45.80827],[11.37026,45.80589],[11.37189,45.80442],[11.3761,45.80292],[11.37745,45.80154],[11.37806,45.79921],[11.38024,45.79821],[11.38377,45.79763],[11.3858,45.79683],[11.38678,45.79571],[11.38714,45.79336],[11.38968,45.79068],[11.39346,45.78963],[11.39519,45.78865],[11.39767,45.78557],[11.40004,45.78383],[11.40448,45.77958],[11.40592,45.77874],[11.4069,45.77731],[11.40861,45.77611],[11.40866,45.77478],[11.4059,45.77322],[11.40469,45.77335],[11.40103,45.77554],[11.4001,45.77559],[11.39992,45.77369],[11.3976,45.76956],[11.39736,45.76754],[11.39452,45.76613],[11.39294,45.76378],[11.39427,45.76277],[11.39412,45.76188],[11.39089,45.76137],[11.38989,45.76071],[11.38736,45.76117],[11.38515,45.76124],[11.38248,45.76237],[11.37973,45.76264],[11.37812,45.76357],[11.37737,45.76501],[11.37289,45.76518],[11.37079,45.76741],[11.36871,45.76706],[11.36566,45.7673],[11.36171,45.76832],[11.35743,45.77002],[11.35208,45.77124],[11.34829,45.77079],[11.34554,45.77165],[11.34323,45.77274],[11.33973,45.77307],[11.33796,45.77394],[11.33736,45.77507],[11.33584,45.77649],[11.33369,45.77733],[11.33094,45.77778],[11.329,45.77855],[11.32712,45.77783],[11.32294,45.77726],[11.32154,45.77793],[11.31916,45.77828],[11.31499,45.77635],[11.31411,45.7745],[11.31201,45.77274],[11.30901,45.77248],[11.30752,45.77317],[11.30289,45.77394],[11.30243,45.77273],[11.30306,45.77134],[11.29963,45.77063],[11.29844,45.77133],[11.29521,45.77166],[11.29573,45.77072],[11.29299,45.76335],[11.29295,45.76206],[11.29165,45.75971],[11.29168,45.75824],[11.29102,45.75759],[11.28803,45.7562],[11.28748,45.7546],[11.2896,45.75405],[11.29154,45.75302],[11.29331,45.75008],[11.29666,45.74771],[11.29686,45.7461],[11.29487,45.74321],[11.29555,45.74162],[11.29442,45.73974],[11.29657,45.73742],[11.29784,45.73542],[11.29771,45.73388],[11.29918,45.73274],[11.30133,45.73035],[11.30594,45.72892],[11.30769,45.72935],[11.31139,45.72897],[11.31429,45.72704],[11.31902,45.72584],[11.31959,45.7252],[11.3224,45.72394],[11.32644,45.71972],[11.32726,45.71808],[11.32974,45.71765],[11.33146,45.71615],[11.33119,45.71333],[11.33454,45.71237],[11.33312,45.71013],[11.33061,45.70836],[11.32961,45.70675],[11.32642,45.7049],[11.32555,45.70345],[11.32627,45.70104],[11.32508,45.69901],[11.32216,45.69656],[11.32181,45.69517],[11.31962,45.69583],[11.31764,45.69451],[11.30956,45.69344],[11.3084,45.69368],[11.30599,45.69145],[11.30342,45.69041],[11.30198,45.69051],[11.30259,45.68796],[11.30664,45.68493],[11.3098,45.68389],[11.31068,45.68218],[11.31226,45.68156],[11.31494,45.68144],[11.31691,45.67966],[11.31661,45.67835],[11.31753,45.67692],[11.32002,45.67602],[11.32129,45.67428],[11.32324,45.67254],[11.32547,45.67203],[11.32637,45.67016],[11.32691,45.66635],[11.32761,45.66428],[11.32878,45.66207],[11.3302,45.66057],[11.33133,45.65625],[11.32929,45.65375],[11.32887,45.65237],[11.32941,45.65157],[11.33174,45.6507],[11.33012,45.64957],[11.32978,45.64799],[11.32704,45.64672],[11.32581,45.64503],[11.32479,45.64282],[11.3236,45.64137],[11.32326,45.6399],[11.32179,45.63872],[11.32099,45.63705],[11.31988,45.63686],[11.31538,45.63738],[11.31375,45.63694],[11.31316,45.63608],[11.31287,45.63401],[11.31159,45.63171],[11.30782,45.63104],[11.30975,45.62764],[11.31064,45.62538],[11.31256,45.62415],[11.31484,45.62206],[11.31647,45.62015],[11.31826,45.61921],[11.31862,45.61823],[11.3209,45.61601],[11.31969,45.61502],[11.31621,45.61365],[11.31427,45.6119],[11.31432,45.60988],[11.31335,45.60946],[11.31224,45.60664],[11.31427,45.60538],[11.31443,45.60439],[11.3122,45.60177],[11.30915,45.60106],[11.30715,45.60119],[11.30563,45.59983],[11.30318,45.59989],[11.29987,45.60235],[11.29736,45.60169],[11.29466,45.6001],[11.29024,45.59908],[11.28754,45.59936],[11.28526,45.59866],[11.28207,45.59845],[11.2809,45.59748],[11.27869,45.59816],[11.27797,45.5978],[11.27436,45.59741],[11.27211,45.59579],[11.26972,45.59549],[11.2682,45.59439],[11.27007,45.59321],[11.26965,45.59074],[11.2673,45.58866],[11.26699,45.58741],[11.26818,45.58639],[11.26865,45.5853],[11.27113,45.58527],[11.27073,45.5841],[11.26808,45.58327],[11.26559,45.58152],[11.26492,45.58009],[11.26061,45.57642],[11.25993,45.578],[11.25833,45.57957],[11.25528,45.57953],[11.25377,45.5786],[11.25174,45.57848],[11.24884,45.57739],[11.24652,45.57729],[11.24683,45.5761],[11.24631,45.57512],[11.24639,45.57006],[11.24486,45.569],[11.24614,45.56723],[11.2453,45.56598],[11.2445,45.56331],[11.24295,45.56218],[11.24362,45.56049],[11.24449,45.55758],[11.24587,45.55597],[11.24619,45.55369],[11.24802,45.55076],[11.24952,45.55025],[11.25028,45.54924],[11.24956,45.548],[11.2513,45.54474],[11.25154,45.54223],[11.2532,45.54133],[11.25344,45.54032],[11.25547,45.53867],[11.25722,45.53788],[11.26009,45.53705],[11.26,45.53483],[11.26106,45.53471],[11.26249,45.53343],[11.26417,45.53275],[11.26623,45.53315],[11.26875,45.53112],[11.27111,45.52775],[11.27443,45.52435],[11.27677,45.52364],[11.2785,45.5235],[11.27955,45.52281],[11.28093,45.51955],[11.27969,45.51825],[11.28127,45.51475],[11.28054,45.50973],[11.28252,45.50971],[11.28489,45.51073],[11.28612,45.50961],[11.28803,45.50917],[11.29203,45.50766],[11.29301,45.50615],[11.29437,45.50559],[11.29626,45.50371],[11.29785,45.50415],[11.29952,45.50319],[11.30218,45.50284],[11.30606,45.50156],[11.30738,45.50273],[11.30963,45.50194],[11.31204,45.50225],[11.31517,45.50119],[11.31613,45.4997],[11.32026,45.49896],[11.32103,45.49799],[11.32369,45.49702],[11.32482,45.49607],[11.32383,45.49399],[11.32431,45.4928],[11.32375,45.4908],[11.32442,45.48926],[11.3244,45.48744],[11.32328,45.48652],[11.32341,45.48554],[11.32589,45.48572],[11.32706,45.48522],[11.32752,45.48296],[11.32833,45.48256],[11.32638,45.48074],[11.32657,45.47904],[11.32583,45.47739],[11.3237,45.47523],[11.323,45.47381],[11.32421,45.46994],[11.32576,45.46917],[11.32839,45.46558],[11.32905,45.46408],[11.32745,45.46251],[11.32706,45.4604],[11.32534,45.4589],[11.32393,45.45992],[11.32204,45.45866],[11.32095,45.45716],[11.32156,45.45662],[11.32037,45.45561],[11.32262,45.45459],[11.32452,45.45418],[11.324,45.45345],[11.32489,45.4523],[11.32522,45.45062],[11.32846,45.44816],[11.32775,45.44744],[11.32952,45.44536],[11.32982,45.44443],[11.32777,45.44402],[11.32894,45.44253],[11.32645,45.44132],[11.32467,45.43969],[11.32204,45.43865],[11.32245,45.43707],[11.32074,45.43686],[11.31887,45.43714],[11.31822,45.43597],[11.31942,45.43571],[11.31813,45.43285],[11.32115,45.43321],[11.32322,45.43193],[11.32511,45.42803],[11.32361,45.42659],[11.32584,45.42685],[11.32918,45.43028],[11.32971,45.43158],[11.33181,45.43376],[11.33324,45.43317],[11.33595,45.43016],[11.33564,45.42836],[11.33496,45.42802],[11.33551,45.42588],[11.33739,45.4267],[11.33875,45.42503],[11.3404,45.42126],[11.33952,45.41835],[11.33834,45.41791],[11.33848,45.4167],[11.34102,45.4171],[11.34132,45.41625],[11.34221,45.41397],[11.34323,45.41274],[11.34336,45.41067],[11.34268,45.4091],[11.34296,45.40816],[11.34472,45.40641],[11.34484,45.40561],[11.34395,45.40399],[11.3442,45.40152],[11.34571,45.399],[11.34595,45.39749],[11.34014,45.3979],[11.33552,45.39852],[11.33434,45.39636],[11.33452,45.39362],[11.33298,45.39188],[11.33291,45.39085],[11.33201,45.38992],[11.33154,45.38763]],[[11.51664,45.58868],[11.51765,45.58921],[11.5173,45.59073],[11.51507,45.59209],[11.51301,45.59399],[11.51208,45.59542],[11.50996,45.59557],[11.50825,45.59727],[11.50701,45.59743],[11.50666,45.59856],[11.50534,45.59882],[11.5049,45.6],[11.50206,45.6018],[11.5011,45.60278],[11.49898,45.60288],[11.49687,45.60405],[11.49592,45.60351],[11.49388,45.60341],[11.49144,45.60861],[11.49172,45.60927],[11.48891,45.60992],[11.48855,45.61097],[11.48649,45.61214],[11.48241,45.61666],[11.48545,45.61735],[11.48888,45.61755],[11.48979,45.61807],[11.48736,45.6199],[11.48608,45.62293],[11.48844,45.62298],[11.48776,45.62588],[11.4879,45.62765],[11.48925,45.6279],[11.48733,45.6324],[11.48956,45.63328],[11.49142,45.63234],[11.49211,45.634],[11.49237,45.63749],[11.49324,45.64044],[11.49565,45.6409],[11.49946,45.64238],[11.50233,45.64372],[11.50435,45.64438],[11.50866,45.63657],[11.51266,45.63245],[11.51458,45.63121],[11.51376,45.63045],[11.51602,45.62889],[11.51766,45.62555],[11.52005,45.62309],[11.52316,45.62148],[11.52531,45.61737],[11.52684,45.61364],[11.52642,45.61231],[11.52819,45.61239],[11.5323,45.61361],[11.53354,45.61359],[11.53464,45.61009],[11.53783,45.6103],[11.5386,45.6053],[11.54007,45.60537],[11.53993,45.60426],[11.5411,45.60403],[11.54119,45.60278],[11.54322,45.6024],[11.54334,45.59915],[11.54405,45.59849],[11.54455,45.59593],[11.5451,45.59434],[11.53851,45.59317],[11.53929,45.59214],[11.53626,45.59112],[11.53508,45.59026],[11.53415,45.58885],[11.53291,45.58891],[11.53081,45.59159],[11.52722,45.59227],[11.52722,45.59147],[11.52852,45.58968],[11.53252,45.58664],[11.53384,45.58411],[11.53305,45.58295],[11.53323,45.58148],[11.53061,45.58148],[11.52858,45.58195],[11.52774,45.58083],[11.52704,45.57874],[11.52456,45.57804],[11.52483,45.5793],[11.52285,45.57901],[11.52282,45.57997],[11.52116,45.58174],[11.51906,45.58326],[11.518,45.58349],[11.51664,45.58868]]]},"properties":{"idApp":925019,"aopId":"vicenza","name":"Vicenza","nameJa":"ヴィチェンツァ","kind":"regional","tags":["doc"],"rank":0},"bbox":[11.24295,45.25847,11.83619,45.87415]},{"type":"Feature","geometry":{"type":"MultiPolygon","coordinates":[[[[11.06958,45.38041],[11.07206,45.38163],[11.07453,45.3845],[11.07705,45.38643],[11.08078,45.38717],[11.08212,45.38699],[11.08668,45.38502],[11.09612,45.38247],[11.10229,45.38145],[11.106,45.37971],[11.10929,45.37886],[11.1117,45.37895],[11.11211,45.38175],[11.11348,45.38333],[11.12108,45.38555],[11.12079,45.38661],[11.12285,45.38715],[11.12569,45.38855],[11.12909,45.38905],[11.12966,45.39175],[11.12874,45.3927],[11.12837,45.39564],[11.12666,45.39689],[11.12495,45.39917],[11.12715,45.40232],[11.12913,45.4029],[11.13162,45.40201],[11.13442,45.39966],[11.13547,45.39776],[11.13834,45.39684],[11.14144,45.39634],[11.14115,45.39883],[11.14239,45.4019],[11.14204,45.40347],[11.14244,45.40569],[11.14157,45.4079],[11.1418,45.41055],[11.13856,45.41423],[11.13839,45.41634],[11.13784,45.41743],[11.13881,45.41909],[11.1499,45.41806],[11.15458,45.41787],[11.16572,45.41701],[11.17018,45.41682],[11.18662,45.4141],[11.18675,45.41498],[11.18861,45.41856],[11.19068,45.41834],[11.19288,45.41743],[11.19223,45.41609],[11.19005,45.41514],[11.18977,45.41385],[11.19991,45.41223],[11.19877,45.4087],[11.20206,45.40756],[11.21108,45.40346],[11.21972,45.39953],[11.22006,45.39974],[11.22208,45.39888],[11.22194,45.39828],[11.22564,45.3949],[11.22828,45.39285],[11.23103,45.39036],[11.23615,45.38808],[11.24113,45.38657],[11.2438,45.38464],[11.24386,45.37966],[11.24535,45.37716],[11.246,45.3713],[11.24724,45.36931],[11.24786,45.36716],[11.2481,45.36426],[11.24967,45.36131],[11.24957,45.35699],[11.25611,45.35696],[11.25988,45.36649],[11.26137,45.36634],[11.26825,45.36783],[11.26993,45.36776],[11.27221,45.37075],[11.27202,45.37226],[11.27307,45.37555],[11.27471,45.37369],[11.27739,45.37507],[11.27749,45.37649],[11.27964,45.37624],[11.28282,45.37626],[11.28277,45.37738],[11.28652,45.37782],[11.28783,45.37858],[11.28867,45.38082],[11.29572,45.37924],[11.29921,45.38593],[11.30059,45.38588],[11.30177,45.3886],[11.30474,45.38717],[11.30745,45.3863],[11.30954,45.3862],[11.31004,45.38698],[11.31203,45.38703],[11.31525,45.38801],[11.31709,45.38734],[11.3188,45.38974],[11.32084,45.3904],[11.3279,45.38837],[11.32962,45.38824],[11.33154,45.38763],[11.3311,45.38673],[11.33501,45.3857],[11.33574,45.38599],[11.33768,45.38457],[11.34035,45.38336],[11.34045,45.38219],[11.33978,45.38128],[11.34104,45.37893],[11.34208,45.37855],[11.34283,45.3771],[11.34404,45.37607],[11.34582,45.37601],[11.34788,45.37491],[11.35097,45.37384],[11.35222,45.37296],[11.35334,45.37153],[11.35303,45.36909],[11.35353,45.36853],[11.35243,45.36633],[11.35409,45.36442],[11.35424,45.36289],[11.3534,45.36014],[11.35484,45.35738],[11.35489,45.35534],[11.35435,45.35354],[11.35259,45.35238],[11.35084,45.35228],[11.35069,45.35088],[11.35147,45.34861],[11.35306,45.3477],[11.35505,45.34765],[11.35839,45.34862],[11.35813,45.34957],[11.3624,45.34931],[11.363,45.34988],[11.36871,45.34943],[11.37051,45.34981],[11.37141,45.34803],[11.37282,45.34794],[11.37325,45.34891],[11.3772,45.34909],[11.37806,45.34987],[11.38012,45.34955],[11.38209,45.34967],[11.3863,45.34915],[11.38639,45.34791],[11.38976,45.34838],[11.39199,45.34791],[11.39433,45.34787],[11.39407,45.34656],[11.39594,45.34609],[11.39657,45.34693],[11.40077,45.34553],[11.40149,45.34373],[11.40323,45.34434],[11.40373,45.34318],[11.40626,45.34355],[11.40667,45.34227],[11.4081,45.34203],[11.41015,45.34092],[11.41239,45.34044],[11.41835,45.33999],[11.42259,45.33929],[11.42568,45.33777],[11.42734,45.33626],[11.43271,45.33407],[11.43516,45.33226],[11.43653,45.33177],[11.4381,45.3305],[11.44031,45.32991],[11.44216,45.32851],[11.44388,45.32815],[11.44757,45.32654],[11.44877,45.32547],[11.45032,45.32523],[11.45265,45.32362],[11.45379,45.32522],[11.45806,45.32475],[11.45925,45.32499],[11.46226,45.32467],[11.4643,45.32371],[11.47118,45.32289],[11.47264,45.32339],[11.47468,45.32338],[11.47633,45.32294],[11.48089,45.32384],[11.48336,45.32308],[11.48605,45.32385],[11.4886,45.32536],[11.50127,45.32665],[11.50238,45.3266],[11.50664,45.32531],[11.50783,45.32609],[11.50976,45.32657],[11.5113,45.32636],[11.51158,45.32551],[11.51963,45.32303],[11.52,45.32247],[11.51942,45.31793],[11.52221,45.31484],[11.52375,45.3143],[11.52442,45.31574],[11.52654,45.31704],[11.52783,45.31744],[11.52869,45.31996],[11.52636,45.32055],[11.52678,45.32193],[11.52837,45.32189],[11.52736,45.32454],[11.53033,45.32527],[11.52849,45.32704],[11.52753,45.32685],[11.52696,45.32819],[11.52761,45.32996],[11.52902,45.33062],[11.52902,45.33216],[11.53023,45.33408],[11.53024,45.33526],[11.52778,45.33513],[11.52706,45.33837],[11.52427,45.33793],[11.52315,45.34184],[11.52587,45.34218],[11.5254,45.34459],[11.52724,45.34547],[11.52877,45.34803],[11.53188,45.34842],[11.53562,45.34761],[11.53714,45.34827],[11.53823,45.35057],[11.53916,45.35052],[11.54283,45.35126],[11.54379,45.35109],[11.56386,45.35234],[11.56367,45.35373],[11.56408,45.35759],[11.56499,45.36574],[11.56448,45.36908],[11.56481,45.37054],[11.56611,45.37302],[11.569,45.37298],[11.57135,45.374],[11.57268,45.37598],[11.57417,45.37677],[11.57798,45.37747],[11.58012,45.3776],[11.58251,45.37986],[11.58546,45.38047],[11.58728,45.38115],[11.59195,45.3815],[11.59245,45.37931],[11.59614,45.37953],[11.59597,45.38049],[11.5964,45.38398],[11.59567,45.38573],[11.5951,45.38858],[11.59537,45.38884],[11.60087,45.38882],[11.60122,45.38793],[11.60334,45.38758],[11.60691,45.38877],[11.60896,45.38825],[11.61454,45.38828],[11.61573,45.38802],[11.6139,45.38282],[11.61188,45.37607],[11.61137,45.37486],[11.61224,45.37238],[11.61334,45.37076],[11.61414,45.36873],[11.6156,45.36657],[11.62001,45.36211],[11.62098,45.36136],[11.62311,45.36124],[11.62457,45.36013],[11.62748,45.35636],[11.62729,45.35441],[11.62629,45.35019],[11.62537,45.35012],[11.6254,45.34679],[11.62484,45.3454],[11.62327,45.34405],[11.62047,45.34338],[11.61759,45.34318],[11.61612,45.34199],[11.61585,45.34005],[11.61343,45.33905],[11.61318,45.33805],[11.61691,45.3365],[11.61821,45.3356],[11.61988,45.33264],[11.6196,45.32985],[11.61797,45.32858],[11.61828,45.32812],[11.61747,45.32545],[11.61627,45.32571],[11.6123,45.3254],[11.61414,45.32325],[11.6147,45.32186],[11.61452,45.31729],[11.6162,45.31714],[11.62055,45.31079],[11.63201,45.31454],[11.63525,45.30849],[11.63561,45.30556],[11.63721,45.30078],[11.63731,45.29944],[11.63806,45.29841],[11.63806,45.2961],[11.6386,45.29241],[11.64119,45.29214],[11.63881,45.28962],[11.64014,45.28847],[11.63941,45.28664],[11.63751,45.28649],[11.63627,45.28527],[11.63353,45.28561],[11.63259,45.28222],[11.6343,45.27865],[11.63507,45.27394],[11.63662,45.27207],[11.63629,45.27034],[11.63556,45.26938],[11.63512,45.26765],[11.63358,45.26551],[11.63314,45.26392],[11.63417,45.26159],[11.63122,45.26045],[11.6275,45.25944],[11.62256,45.25715],[11.62166,45.25638],[11.62565,45.25569],[11.62327,45.25236],[11.61957,45.24597],[11.61195,45.24726],[11.61035,45.24243],[11.61218,45.2398],[11.61262,45.23583],[11.61543,45.23167],[11.61536,45.22887],[11.62057,45.2286],[11.62143,45.22585],[11.62219,45.22559],[11.62381,45.22263],[11.62442,45.21764],[11.62575,45.21722],[11.63104,45.21452],[11.63624,45.20994],[11.63779,45.20887],[11.64145,45.21037],[11.64382,45.20738],[11.64459,45.20708],[11.64644,45.20929],[11.64757,45.2086],[11.64886,45.20585],[11.64872,45.20336],[11.64625,45.20207],[11.64605,45.2014],[11.64834,45.20003],[11.64928,45.19788],[11.64942,45.19666],[11.64815,45.19481],[11.64769,45.19324],[11.64558,45.19122],[11.64625,45.19021],[11.64874,45.18867],[11.65001,45.18824],[11.64826,45.18544],[11.64675,45.18228],[11.64924,45.18108],[11.64947,45.1785],[11.65498,45.17968],[11.65834,45.17958],[11.66135,45.17922],[11.66053,45.1814],[11.66096,45.1832],[11.66181,45.18394],[11.66949,45.18939],[11.67551,45.19442],[11.67615,45.19512],[11.67653,45.19836],[11.68213,45.19833],[11.68233,45.19996],[11.68443,45.19981],[11.68489,45.19916],[11.68714,45.19821],[11.6889,45.20106],[11.69017,45.20063],[11.68893,45.19871],[11.69068,45.19787],[11.69198,45.19881],[11.69464,45.19792],[11.69616,45.19972],[11.69518,45.20113],[11.6968,45.20295],[11.70207,45.20247],[11.70556,45.20148],[11.70598,45.19987],[11.70751,45.19965],[11.70966,45.19872],[11.71015,45.19798],[11.71246,45.19714],[11.714,45.19896],[11.7151,45.19908],[11.71555,45.19785],[11.71718,45.19728],[11.71892,45.19997],[11.7201,45.2011],[11.72242,45.20165],[11.72217,45.20446],[11.72241,45.20572],[11.72377,45.20765],[11.72207,45.20737],[11.72009,45.20645],[11.71982,45.20787],[11.71855,45.20982],[11.7187,45.21136],[11.71345,45.21177],[11.71183,45.21067],[11.70887,45.21188],[11.70645,45.21365],[11.70505,45.21421],[11.70083,45.21466],[11.69863,45.21531],[11.6975,45.21616],[11.69669,45.21783],[11.6995,45.2194],[11.70207,45.21927],[11.70541,45.22071],[11.70886,45.22271],[11.70945,45.22413],[11.71093,45.22551],[11.71281,45.22567],[11.71185,45.22675],[11.71125,45.23005],[11.70984,45.23038],[11.71485,45.23775],[11.71719,45.24044],[11.71974,45.24375],[11.7227,45.24539],[11.72454,45.24599],[11.72448,45.2488],[11.72078,45.24995],[11.724,45.25098],[11.72436,45.25238],[11.72646,45.25305],[11.7269,45.25385],[11.72634,45.25569],[11.72911,45.25598],[11.73079,45.25547],[11.73212,45.25619],[11.73387,45.25598],[11.73501,45.25681],[11.73691,45.25741],[11.73809,45.25985],[11.7392,45.2602],[11.73938,45.26122],[11.7412,45.26211],[11.74479,45.26283],[11.74532,45.26561],[11.74651,45.26824],[11.74755,45.26835],[11.74771,45.26983],[11.74864,45.2717],[11.75137,45.27491],[11.75421,45.27856],[11.75274,45.27899],[11.75369,45.28224],[11.76149,45.28086],[11.76131,45.28277],[11.7602,45.28566],[11.76315,45.2867],[11.76632,45.28634],[11.76999,45.27918],[11.77041,45.27895],[11.76986,45.27451],[11.77384,45.27239],[11.77493,45.27134],[11.77607,45.2743],[11.77729,45.27452],[11.77739,45.27613],[11.77849,45.27652],[11.78006,45.27902],[11.78152,45.28071],[11.78297,45.28132],[11.78439,45.28281],[11.78531,45.28311],[11.78419,45.28476],[11.78557,45.28678],[11.78661,45.28751],[11.78847,45.28715],[11.78937,45.2856],[11.79091,45.28417],[11.79037,45.28337],[11.79077,45.28213],[11.79287,45.27966],[11.79397,45.27877],[11.79586,45.27805],[11.79844,45.27822],[11.80475,45.27705],[11.80825,45.27514],[11.81085,45.27507],[11.81845,45.27303],[11.82054,45.27169],[11.82264,45.27159],[11.82563,45.27304],[11.8283,45.27316],[11.82951,45.27269],[11.83088,45.2746],[11.83095,45.27629],[11.83386,45.27632],[11.83365,45.27755],[11.83496,45.28026],[11.83471,45.28177],[11.83598,45.28286],[11.83739,45.28236],[11.84148,45.28228],[11.84961,45.27998],[11.84966,45.27867],[11.85156,45.27871],[11.85184,45.27992],[11.85291,45.28109],[11.85412,45.28108],[11.85566,45.28394],[11.85715,45.28431],[11.85786,45.28661],[11.86043,45.28772],[11.85996,45.28998],[11.86221,45.28996],[11.86294,45.28819],[11.86487,45.28758],[11.86572,45.2889],[11.86702,45.28843],[11.87033,45.28802],[11.87003,45.29091],[11.86916,45.29521],[11.86896,45.29878],[11.86637,45.3043],[11.86442,45.31174],[11.85441,45.31361],[11.84927,45.31494],[11.8417,45.3164],[11.83852,45.31735],[11.83967,45.31944],[11.83844,45.32039],[11.83946,45.32208],[11.83808,45.32233],[11.83573,45.32166],[11.83397,45.32232],[11.8346,45.32355],[11.83468,45.32554],[11.83038,45.32786],[11.82792,45.3289],[11.81833,45.33226],[11.81747,45.33088],[11.81536,45.33215],[11.81588,45.33303],[11.81327,45.335],[11.8138,45.33668],[11.81048,45.34037],[11.80948,45.34097],[11.80482,45.34251],[11.79967,45.34451],[11.79436,45.34599],[11.79065,45.34744],[11.78819,45.34522],[11.78629,45.34443],[11.78364,45.34612],[11.78213,45.34524],[11.78037,45.34561],[11.77851,45.345],[11.77747,45.34396],[11.77541,45.34428],[11.77585,45.34269],[11.77719,45.34205],[11.77804,45.34027],[11.7777,45.33814],[11.78011,45.3347],[11.77519,45.33544],[11.77084,45.33777],[11.76326,45.3399],[11.76273,45.34135],[11.76074,45.34207],[11.76042,45.34316],[11.76101,45.34451],[11.7609,45.34642],[11.76246,45.34631],[11.76215,45.34795],[11.76129,45.34951],[11.76191,45.35122],[11.7604,45.35108],[11.75756,45.35203],[11.75733,45.35292],[11.7585,45.35406],[11.75709,45.35607],[11.759,45.35891],[11.75833,45.36129],[11.75821,45.36326],[11.7595,45.36553],[11.7598,45.36726],[11.76242,45.36843],[11.76449,45.37127],[11.76451,45.37206],[11.76601,45.37479],[11.76611,45.37578],[11.76832,45.37919],[11.76755,45.37986],[11.76177,45.37824],[11.75605,45.37642],[11.75796,45.37991],[11.75595,45.38116],[11.75486,45.38094],[11.75226,45.3815],[11.75036,45.38111],[11.74952,45.38214],[11.74604,45.38196],[11.74646,45.38074],[11.74286,45.38004],[11.74281,45.38104],[11.74173,45.38204],[11.74192,45.38281],[11.7408,45.38424],[11.73997,45.38731],[11.73327,45.39115],[11.73114,45.39309],[11.73082,45.39427],[11.72935,45.39428],[11.72934,45.3928],[11.72663,45.39359],[11.72601,45.39526],[11.72017,45.39532],[11.72049,45.39322],[11.71962,45.3926],[11.71467,45.3928],[11.71273,45.39222],[11.71252,45.39133],[11.7132,45.38953],[11.71643,45.38653],[11.71696,45.38533],[11.71854,45.38385],[11.7196,45.3834],[11.71974,45.38177],[11.72152,45.37948],[11.71738,45.37721],[11.71837,45.37562],[11.7166,45.37508],[11.71572,45.37563],[11.71455,45.37479],[11.71551,45.37291],[11.71341,45.3723],[11.70922,45.37213],[11.70599,45.37171],[11.70497,45.37093],[11.70339,45.37109],[11.70078,45.37224],[11.70052,45.37106],[11.6983,45.37153],[11.68807,45.37673],[11.68711,45.37737],[11.68692,45.37971],[11.68621,45.38069],[11.68614,45.3825],[11.68698,45.38447],[11.68682,45.38516],[11.6853,45.38625],[11.68565,45.38797],[11.68512,45.38978],[11.68718,45.39781],[11.68469,45.39946],[11.68423,45.4025],[11.68192,45.40234],[11.68242,45.40372],[11.68256,45.40589],[11.67,45.40559],[11.66647,45.4057],[11.66574,45.40738],[11.66217,45.40787],[11.66204,45.40863],[11.66011,45.40882],[11.65589,45.4087],[11.65438,45.40885],[11.65403,45.41037],[11.65323,45.4104],[11.64804,45.40815],[11.64531,45.40729],[11.64322,45.40889],[11.6397,45.41025],[11.63942,45.41085],[11.6399,45.41618],[11.63982,45.41831],[11.63601,45.421],[11.63869,45.42091],[11.64166,45.42557],[11.63955,45.42725],[11.63885,45.42905],[11.63694,45.43109],[11.63604,45.43159],[11.63715,45.43412],[11.63697,45.43837],[11.63339,45.43915],[11.6313,45.44092],[11.63072,45.44054],[11.62776,45.44316],[11.62078,45.44737],[11.62064,45.44921],[11.62115,45.4507],[11.62097,45.45215],[11.62278,45.45221],[11.62352,45.45446],[11.62543,45.45407],[11.62757,45.45445],[11.62925,45.45546],[11.63062,45.45489],[11.63145,45.45576],[11.63031,45.45696],[11.63511,45.46223],[11.63307,45.46215],[11.63022,45.46117],[11.62682,45.46146],[11.62699,45.46265],[11.62458,45.46537],[11.62276,45.46848],[11.62064,45.46849],[11.62062,45.46924],[11.62212,45.47072],[11.62176,45.47152],[11.61986,45.47057],[11.61866,45.47118],[11.61989,45.47225],[11.62181,45.47303],[11.62213,45.47465],[11.62067,45.47642],[11.62437,45.47729],[11.62508,45.47635],[11.62634,45.47689],[11.62765,45.47547],[11.63005,45.47637],[11.63049,45.47472],[11.63204,45.47519],[11.63383,45.47672],[11.63603,45.47537],[11.63905,45.47672],[11.64264,45.47882],[11.64201,45.47987],[11.64445,45.48142],[11.64373,45.48215],[11.64479,45.48298],[11.64486,45.48426],[11.64749,45.48328],[11.64876,45.48443],[11.64581,45.48595],[11.6433,45.48644],[11.6426,45.48739],[11.64126,45.48691],[11.63917,45.48728],[11.63783,45.48881],[11.63725,45.49058],[11.63786,45.49216],[11.63612,45.49437],[11.63307,45.49547],[11.63115,45.49729],[11.63038,45.49917],[11.62858,45.5],[11.62691,45.50157],[11.62288,45.50157],[11.62129,45.50102],[11.61766,45.49759],[11.61558,45.49854],[11.61356,45.4973],[11.6127,45.49857],[11.61121,45.49757],[11.61024,45.50076],[11.60964,45.50179],[11.60493,45.4999],[11.60469,45.502],[11.60371,45.50374],[11.60506,45.50629],[11.60533,45.50747],[11.60681,45.50868],[11.60964,45.51358],[11.60698,45.51481],[11.60677,45.51581],[11.60314,45.51744],[11.60408,45.51865],[11.60087,45.52014],[11.60216,45.52163],[11.60122,45.52209],[11.60512,45.52513],[11.6041,45.52558],[11.60617,45.52739],[11.60981,45.52704],[11.60964,45.52902],[11.61045,45.53011],[11.60991,45.5315],[11.60764,45.53245],[11.60797,45.53363],[11.60935,45.53439],[11.60896,45.53584],[11.60742,45.53802],[11.60579,45.53869],[11.6051,45.53954],[11.60659,45.54055],[11.60919,45.54035],[11.61109,45.5411],[11.61067,45.54325],[11.612,45.54557],[11.61368,45.54631],[11.61388,45.54713],[11.61141,45.54942],[11.61207,45.55106],[11.61026,45.55167],[11.61101,45.55278],[11.61002,45.55545],[11.6124,45.55618],[11.61282,45.55719],[11.61479,45.55749],[11.61474,45.55885],[11.6153,45.56024],[11.61546,45.56334],[11.61404,45.56451],[11.61264,45.56375],[11.61079,45.56366],[11.61005,45.56625],[11.61197,45.56645],[11.61199,45.56729],[11.60981,45.5671],[11.60797,45.56741],[11.60675,45.56644],[11.60481,45.56628],[11.60311,45.56688],[11.60161,45.56675],[11.59904,45.56573],[11.59713,45.56587],[11.59633,45.567],[11.59625,45.56821],[11.595,45.57039],[11.59553,45.57364],[11.59451,45.57417],[11.596,45.57518],[11.59679,45.57658],[11.59418,45.57979],[11.59038,45.58189],[11.58767,45.58125],[11.58689,45.58144],[11.58503,45.58009],[11.58394,45.57992],[11.58286,45.58089],[11.58238,45.58237],[11.58158,45.58312],[11.58158,45.58449],[11.58255,45.58541],[11.5841,45.58588],[11.58337,45.5882],[11.58212,45.58961],[11.57799,45.58893],[11.57591,45.58797],[11.5746,45.58595],[11.5733,45.58512],[11.57355,45.58154],[11.57032,45.5794],[11.56898,45.58066],[11.56384,45.58257],[11.56433,45.58494],[11.56317,45.58833],[11.56207,45.58906],[11.56068,45.59119],[11.56098,45.59212],[11.56358,45.59448],[11.56344,45.59609],[11.5659,45.59875],[11.56657,45.59993],[11.56616,45.6011],[11.56691,45.60168],[11.5669,45.60319],[11.56425,45.60352],[11.56233,45.60471],[11.56177,45.60622],[11.56299,45.60634],[11.56313,45.60772],[11.56166,45.60868],[11.55934,45.60885],[11.5568,45.60734],[11.55589,45.60641],[11.55463,45.60161],[11.55488,45.60095],[11.5569,45.5992],[11.55674,45.59665],[11.55175,45.59722],[11.55104,45.59622],[11.54712,45.59671],[11.54455,45.59593],[11.5451,45.59434],[11.53851,45.59317],[11.53929,45.59214],[11.53626,45.59112],[11.53508,45.59026],[11.53415,45.58885],[11.53291,45.58891],[11.53081,45.59159],[11.52722,45.59227],[11.52722,45.59147],[11.52852,45.58968],[11.53252,45.58664],[11.53384,45.58411],[11.53305,45.58295],[11.53323,45.58148],[11.53061,45.58148],[11.52858,45.58195],[11.52774,45.58083],[11.52704,45.57874],[11.52456,45.57804],[11.52483,45.5793],[11.52285,45.57901],[11.52282,45.57997],[11.52116,45.58174],[11.51906,45.58326],[11.518,45.58349],[11.51664,45.58868],[11.51765,45.58921],[11.5173,45.59073],[11.51507,45.59209],[11.51301,45.59399],[11.51208,45.59542],[11.50996,45.59557],[11.50825,45.59727],[11.50701,45.59743],[11.50666,45.59856],[11.50534,45.59882],[11.5049,45.6],[11.50206,45.6018],[11.5011,45.60278],[11.49898,45.60288],[11.49687,45.60405],[11.49592,45.60351],[11.49388,45.60341],[11.49144,45.60861],[11.49172,45.60927],[11.48891,45.60992],[11.48855,45.61097],[11.48649,45.61214],[11.48241,45.61666],[11.48545,45.61735],[11.48888,45.61755],[11.48979,45.61807],[11.48736,45.6199],[11.48608,45.62293],[11.48844,45.62298],[11.48776,45.62588],[11.4879,45.62765],[11.48925,45.6279],[11.48733,45.6324],[11.48956,45.63328],[11.48837,45.63394],[11.48571,45.6381],[11.48372,45.63984],[11.48075,45.63941],[11.47937,45.63949],[11.47673,45.64052],[11.47275,45.64356],[11.46859,45.64613],[11.46415,45.6476],[11.46288,45.64822],[11.45904,45.65225],[11.45723,45.65448],[11.45428,45.65647],[11.45383,45.65725],[11.45206,45.6584],[11.45631,45.65996],[11.46114,45.66124],[11.46394,45.66269],[11.47186,45.66499],[11.47313,45.66517],[11.47856,45.66739],[11.47909,45.66811],[11.47815,45.66941],[11.4761,45.67451],[11.47648,45.67559],[11.47443,45.6786],[11.47173,45.6771],[11.47069,45.67621],[11.46559,45.68138],[11.4636,45.68359],[11.46096,45.68256],[11.45697,45.6805],[11.45205,45.67819],[11.44937,45.67483],[11.44702,45.67393],[11.44421,45.67321],[11.44225,45.67328],[11.43973,45.67246],[11.43867,45.67309],[11.43454,45.67745],[11.43292,45.67848],[11.42701,45.68108],[11.42503,45.6809],[11.42242,45.68163],[11.41962,45.682],[11.41691,45.68328],[11.41557,45.68338],[11.41189,45.68432],[11.40829,45.6849],[11.40549,45.68616],[11.40256,45.69034],[11.40236,45.69127],[11.40352,45.69173],[11.40602,45.69135],[11.40883,45.69173],[11.41134,45.69153],[11.41162,45.69238],[11.40907,45.69472],[11.40872,45.69558],[11.41173,45.69643],[11.41097,45.6982],[11.41202,45.69907],[11.41449,45.70005],[11.41249,45.70139],[11.41534,45.70231],[11.41464,45.70338],[11.41674,45.70408],[11.41553,45.70506],[11.41594,45.70606],[11.41405,45.70755],[11.41563,45.70808],[11.41457,45.7093],[11.41569,45.71007],[11.41739,45.71048],[11.41723,45.71162],[11.42227,45.71382],[11.42264,45.71473],[11.42426,45.71609],[11.42602,45.71652],[11.42668,45.7184],[11.42559,45.72007],[11.42545,45.72243],[11.42598,45.72449],[11.42061,45.72581],[11.42075,45.72534],[11.41302,45.72322],[11.40939,45.72208],[11.40365,45.72068],[11.40144,45.72369],[11.39657,45.72207],[11.3957,45.72335],[11.39075,45.72277],[11.38727,45.72274],[11.38748,45.72429],[11.38509,45.72371],[11.38254,45.72383],[11.38262,45.72501],[11.37774,45.7291],[11.37463,45.72691],[11.37374,45.72696],[11.37257,45.72869],[11.37233,45.73209],[11.37186,45.73374],[11.36931,45.73331],[11.368,45.73413],[11.36694,45.73316],[11.36544,45.73293],[11.36446,45.73402],[11.36498,45.73503],[11.36374,45.73594],[11.3637,45.73722],[11.36181,45.73657],[11.3605,45.73917],[11.36101,45.73973],[11.3639,45.74016],[11.3649,45.74084],[11.36703,45.74111],[11.36589,45.74267],[11.36578,45.74449],[11.36467,45.74631],[11.36366,45.74706],[11.36357,45.74816],[11.36193,45.75016],[11.36583,45.75256],[11.36699,45.75189],[11.37015,45.75237],[11.37085,45.75095],[11.37197,45.7501],[11.37258,45.74862],[11.37242,45.74651],[11.3716,45.74486],[11.37178,45.74335],[11.37348,45.74385],[11.37675,45.74549],[11.38004,45.74533],[11.38314,45.74681],[11.38501,45.74831],[11.38634,45.7504],[11.38848,45.75051],[11.38946,45.75365],[11.38877,45.75661],[11.38738,45.7582],[11.38982,45.75937],[11.38989,45.76071],[11.38736,45.76117],[11.38515,45.76124],[11.38248,45.76237],[11.37973,45.76264],[11.37812,45.76357],[11.37737,45.76501],[11.37289,45.76518],[11.37079,45.76741],[11.36871,45.76706],[11.36566,45.7673],[11.36171,45.76832],[11.35743,45.77002],[11.35208,45.77124],[11.34829,45.77079],[11.34554,45.77165],[11.34323,45.77274],[11.33973,45.77307],[11.33796,45.77394],[11.33736,45.77507],[11.33584,45.77649],[11.33369,45.77733],[11.33094,45.77778],[11.329,45.77855],[11.32712,45.77783],[11.32294,45.77726],[11.32154,45.77793],[11.31916,45.77828],[11.31499,45.77635],[11.31411,45.7745],[11.31201,45.77274],[11.30901,45.77248],[11.30752,45.77317],[11.30289,45.77394],[11.30243,45.77273],[11.30306,45.77134],[11.29963,45.77063],[11.29844,45.77133],[11.29521,45.77166],[11.29359,45.77232],[11.29102,45.77242],[11.28939,45.77292],[11.28718,45.77249],[11.28065,45.77258],[11.27871,45.77316],[11.27673,45.77306],[11.27571,45.77231],[11.273,45.77304],[11.26944,45.77027],[11.2666,45.76991],[11.26423,45.77012],[11.25552,45.77006],[11.25366,45.76925],[11.25076,45.76958],[11.2467,45.77133],[11.24443,45.77161],[11.24233,45.77285],[11.23995,45.77604],[11.23878,45.77658],[11.23458,45.77671],[11.23309,45.77718],[11.232,45.77821],[11.22754,45.77855],[11.222,45.78035],[11.21779,45.78083],[11.21463,45.78186],[11.21224,45.78359],[11.21064,45.78365],[11.20684,45.78205],[11.2046,45.7821],[11.20282,45.78337],[11.20107,45.78222],[11.19878,45.7816],[11.1944,45.78188],[11.19306,45.78155],[11.19011,45.78162],[11.18868,45.78213],[11.18637,45.78397],[11.18507,45.78439],[11.18367,45.7857],[11.18207,45.78582],[11.17942,45.78772],[11.17683,45.78817],[11.174,45.78708],[11.1736,45.78652],[11.17497,45.78384],[11.17526,45.78151],[11.17726,45.78046],[11.1777,45.77835],[11.17837,45.77734],[11.17982,45.77286],[11.1792,45.76994],[11.17957,45.76723],[11.18063,45.76574],[11.18028,45.76185],[11.17814,45.75864],[11.17708,45.75344],[11.17552,45.75016],[11.17514,45.74876],[11.1771,45.74505],[11.17745,45.74326],[11.17692,45.74117],[11.17776,45.73904],[11.17902,45.73737],[11.1783,45.73648],[11.17586,45.73525],[11.17473,45.73391],[11.17469,45.73311],[11.17294,45.73176],[11.16693,45.72761],[11.16194,45.72466],[11.15914,45.72419],[11.15602,45.72279],[11.15349,45.72091],[11.15322,45.71832],[11.14954,45.7174],[11.14594,45.71694],[11.14576,45.7149],[11.14441,45.7131],[11.14217,45.7121],[11.1387,45.70932],[11.13687,45.70357],[11.13588,45.69958],[11.13603,45.69909],[11.13834,45.69709],[11.13602,45.69568],[11.1311,45.69233],[11.12689,45.69139],[11.12397,45.68963],[11.12303,45.68994],[11.12357,45.69294],[11.12253,45.69519],[11.12075,45.69566],[11.11562,45.69632],[11.11412,45.69675],[11.10868,45.69496],[11.1076,45.69567],[11.1019,45.69596],[11.10019,45.69502],[11.09978,45.69396],[11.09813,45.69285],[11.09416,45.69278],[11.09243,45.69515],[11.09107,45.69586],[11.08802,45.69658],[11.0876,45.69763],[11.08557,45.69784],[11.08158,45.7007],[11.07703,45.7035],[11.07457,45.70297],[11.07242,45.70383],[11.07088,45.70592],[11.06827,45.70777],[11.06594,45.70827],[11.06491,45.70899],[11.06389,45.71127],[11.06244,45.7119],[11.05954,45.71419],[11.05827,45.71617],[11.05801,45.71724],[11.05671,45.71839],[11.05541,45.71733],[11.05279,45.71657],[11.0469,45.7109],[11.04632,45.71019],[11.04182,45.70622],[11.03873,45.70707],[11.03399,45.70722],[11.03133,45.70583],[11.0291,45.70545],[11.0277,45.70472],[11.02551,45.70481],[11.02408,45.70527],[11.01867,45.70594],[11.0165,45.70573],[11.01608,45.70902],[11.01499,45.71202],[11.01556,45.7135],[11.01667,45.71455],[11.01756,45.71791],[11.01718,45.71935],[11.01464,45.71896],[11.0115,45.71894],[11.01194,45.71489],[11.0106,45.71321],[11.00797,45.71159],[11.00759,45.71042],[11.00436,45.71055],[11.00144,45.71093],[11.00155,45.70835],[10.99692,45.70705],[10.99614,45.70798],[10.99298,45.70826],[10.99265,45.70746],[10.99424,45.70444],[10.99571,45.70409],[10.99775,45.70277],[10.99804,45.69908],[10.99766,45.69702],[10.99551,45.6965],[10.99262,45.69643],[10.98887,45.69499],[10.9888,45.69315],[10.99016,45.69093],[10.98793,45.69022],[10.98636,45.68881],[10.98305,45.68778],[10.97917,45.68568],[10.97385,45.68353],[10.97196,45.68304],[10.96965,45.68167],[10.96835,45.6801],[10.96862,45.68357],[10.96846,45.6847],[10.96942,45.68743],[10.97039,45.68932],[10.97496,45.69591],[10.97481,45.69671],[10.973,45.69785],[10.97336,45.69909],[10.97223,45.70182],[10.96865,45.69637],[10.96835,45.69443],[10.96595,45.69327],[10.96518,45.69197],[10.96478,45.68833],[10.96203,45.68568],[10.96162,45.68731],[10.96076,45.68811],[10.96185,45.68971],[10.96176,45.69257],[10.96203,45.69681],[10.96056,45.69846],[10.96088,45.70122],[10.96224,45.70224],[10.96219,45.7041],[10.96357,45.70575],[10.96365,45.70692],[10.96685,45.70811],[10.96675,45.70987],[10.9677,45.71166],[10.96674,45.71298],[10.96658,45.71491],[10.96395,45.71741],[10.96361,45.72083],[10.96408,45.72241],[10.96572,45.72351],[10.96681,45.72347],[10.96651,45.72495],[10.96535,45.72618],[10.9654,45.72748],[10.96628,45.72795],[10.9676,45.72981],[10.96612,45.73215],[10.96465,45.73331],[10.96247,45.73661],[10.96644,45.73841],[10.96889,45.7405],[10.97026,45.7411],[10.9772,45.74227],[10.98093,45.74374],[10.98319,45.74487],[10.98353,45.74854],[10.98406,45.75085],[10.98719,45.7532],[10.98402,45.75581],[10.98059,45.75945],[10.97955,45.7603],[10.97771,45.7642],[10.97792,45.76507],[10.9763,45.76639],[10.97164,45.76812],[10.96962,45.76915],[10.96869,45.76842],[10.96911,45.76721],[10.96738,45.7667],[10.96656,45.7647],[10.9628,45.7647],[10.96232,45.76558],[10.95984,45.76575],[10.95756,45.76497],[10.9564,45.7652],[10.95173,45.76523],[10.94966,45.76584],[10.94644,45.76743],[10.94564,45.76665],[10.94427,45.76719],[10.93951,45.76728],[10.9371,45.76662],[10.93768,45.76438],[10.93234,45.76375],[10.93063,45.76523],[10.92975,45.76424],[10.92615,45.76563],[10.92476,45.76556],[10.92375,45.76482],[10.92067,45.76502],[10.91978,45.76549],[10.91569,45.76617],[10.91244,45.76766],[10.91079,45.76797],[10.90905,45.7693],[10.90711,45.76985],[10.90516,45.77156],[10.90085,45.7723],[10.89625,45.77354],[10.89535,45.77491],[10.89127,45.77606],[10.89043,45.77663],[10.8886,45.77665],[10.8868,45.77731],[10.8848,45.77926],[10.88543,45.77557],[10.88448,45.77373],[10.88304,45.77202],[10.88157,45.77204],[10.87771,45.77276],[10.8758,45.7701],[10.87588,45.76749],[10.87647,45.76445],[10.86829,45.76536],[10.86697,45.76424],[10.86665,45.76314],[10.86516,45.76113],[10.86527,45.75887],[10.8647,45.75634],[10.8649,45.75489],[10.8637,45.75013],[10.86376,45.74909],[10.86266,45.74366],[10.85863,45.74387],[10.85573,45.74239],[10.85484,45.74154],[10.85286,45.73711],[10.84981,45.73561],[10.84912,45.73186],[10.84772,45.72789],[10.84443,45.72488],[10.84476,45.72285],[10.8433,45.72059],[10.84387,45.71859],[10.84355,45.71713],[10.84387,45.71483],[10.84182,45.71268],[10.83977,45.71196],[10.83939,45.71102],[10.83743,45.70849],[10.83344,45.70746],[10.83077,45.70597],[10.82965,45.70778],[10.82913,45.71051],[10.82756,45.71197],[10.82703,45.71349],[10.82612,45.7143],[10.81994,45.71617],[10.81452,45.71734],[10.81111,45.71897],[10.8092,45.72037],[10.80666,45.72112],[10.80378,45.72246],[10.80176,45.72383],[10.79899,45.72466],[10.79364,45.72545],[10.78733,45.72744],[10.78416,45.72881],[10.7818,45.73021],[10.76317,45.7407],[10.72757,45.70112],[10.70564,45.67642],[10.70204,45.67274],[10.7,45.6711],[10.68952,45.66179],[10.68144,45.65473],[10.63107,45.60951],[10.62792,45.60683],[10.63097,45.58161],[10.63232,45.56846],[10.63764,45.51149],[10.64079,45.47918],[10.6416,45.47208],[10.70473,45.45872],[10.7063,45.45788],[10.70947,45.45807],[10.7127,45.45632],[10.72008,45.45637],[10.72238,45.45587],[10.7228,45.45423],[10.72462,45.45273],[10.7252,45.45124],[10.72352,45.4492],[10.7228,45.44778],[10.72354,45.44649],[10.72761,45.4461],[10.72732,45.44394],[10.72929,45.44291],[10.73127,45.44325],[10.73225,45.4449],[10.73598,45.44252],[10.73667,45.44068],[10.73644,45.43866],[10.73724,45.43728],[10.74062,45.43756],[10.74281,45.43829],[10.742,45.44095],[10.74304,45.44313],[10.74384,45.44574],[10.74406,45.44777],[10.74508,45.44867],[10.74901,45.45054],[10.74984,45.4515],[10.7496,45.4538],[10.75016,45.45451],[10.75358,45.4552],[10.75446,45.45577],[10.75439,45.45864],[10.7567,45.45874],[10.76021,45.46157],[10.76323,45.46235],[10.76773,45.46419],[10.76841,45.46499],[10.76833,45.46638],[10.76664,45.46686],[10.76676,45.46932],[10.76845,45.47087],[10.76975,45.47155],[10.77006,45.47271],[10.77119,45.4731],[10.77207,45.47573],[10.77682,45.47707],[10.77713,45.47875],[10.77508,45.47951],[10.77599,45.48073],[10.77723,45.4812],[10.77976,45.48148],[10.77994,45.48045],[10.78113,45.47998],[10.78639,45.47898],[10.78715,45.47931],[10.78846,45.47819],[10.79057,45.47914],[10.79307,45.4791],[10.79493,45.47959],[10.79531,45.48048],[10.79782,45.48047],[10.7982,45.48139],[10.80063,45.48133],[10.80208,45.48049],[10.80529,45.48029],[10.80572,45.48108],[10.80513,45.48296],[10.80946,45.48595],[10.81382,45.48833],[10.81524,45.48888],[10.81422,45.49074],[10.8126,45.4917],[10.81466,45.49287],[10.81882,45.49339],[10.82131,45.49439],[10.81862,45.49626],[10.81951,45.49688],[10.81521,45.4984],[10.81195,45.50076],[10.80971,45.50303],[10.80906,45.50646],[10.81072,45.50643],[10.81218,45.50699],[10.81465,45.50559],[10.81711,45.5073],[10.81734,45.5084],[10.81886,45.50834],[10.81956,45.51062],[10.82347,45.50995],[10.82829,45.50861],[10.83002,45.50866],[10.83534,45.50739],[10.83756,45.50718],[10.84373,45.5059],[10.84487,45.50625],[10.84533,45.5087],[10.84669,45.51125],[10.8498,45.51178],[10.85185,45.51154],[10.85386,45.51184],[10.85796,45.51126],[10.85996,45.51128],[10.86212,45.5095],[10.86416,45.50836],[10.86803,45.50492],[10.87025,45.50232],[10.87139,45.5023],[10.87342,45.49997],[10.87704,45.49804],[10.88051,45.49648],[10.88475,45.49507],[10.88479,45.4947],[10.88156,45.49214],[10.88271,45.49163],[10.88787,45.49066],[10.88929,45.48926],[10.89304,45.48733],[10.89507,45.48715],[10.89882,45.48424],[10.90401,45.48304],[10.90944,45.48253],[10.91349,45.4825],[10.92599,45.483],[10.92719,45.48184],[10.9246,45.48083],[10.92207,45.47855],[10.92168,45.47781],[10.92011,45.47271],[10.91902,45.47127],[10.91591,45.46968],[10.91305,45.46911],[10.90968,45.46951],[10.90627,45.47065],[10.90438,45.46952],[10.9025,45.46907],[10.89926,45.46734],[10.89568,45.46602],[10.89344,45.46548],[10.89007,45.46516],[10.88628,45.46365],[10.88157,45.46205],[10.87684,45.46156],[10.87761,45.45994],[10.88098,45.45637],[10.87761,45.45398],[10.88106,45.45222],[10.88461,45.45066],[10.88586,45.44901],[10.88686,45.44667],[10.88953,45.44306],[10.89218,45.44291],[10.89493,45.44213],[10.89785,45.4399],[10.90358,45.43626],[10.90604,45.43333],[10.90611,45.43046],[10.90774,45.43005],[10.90963,45.42718],[10.90588,45.42715],[10.90871,45.42145],[10.91146,45.41514],[10.9161,45.40569],[10.92046,45.39648],[10.92982,45.38504],[10.92674,45.38196],[10.92715,45.38017],[10.92886,45.37496],[10.92979,45.37623],[10.93454,45.3797],[10.93876,45.38371],[10.94085,45.38524],[10.9487,45.38144],[10.94578,45.37582],[10.94377,45.37244],[10.94326,45.37202],[10.95401,45.37166],[10.95425,45.37256],[10.95619,45.37254],[10.9571,45.37759],[10.96415,45.37814],[10.96839,45.37819],[10.96577,45.374],[10.96819,45.36577],[10.97048,45.35753],[10.97168,45.35465],[10.97422,45.35497],[10.97782,45.35448],[10.97946,45.35393],[10.98145,45.3577],[10.98111,45.35884],[10.98502,45.35894],[10.98707,45.35728],[10.9894,45.35822],[10.9908,45.35818],[10.99093,45.35674],[10.98708,45.35095],[10.98701,45.35008],[10.98817,45.3494],[10.9895,45.35059],[10.994,45.35041],[10.99555,45.35081],[10.99645,45.35181],[10.99606,45.35345],[10.99467,45.35692],[10.9935,45.35829],[10.99283,45.36201],[10.99197,45.36395],[10.99524,45.36621],[10.99652,45.36748],[10.99848,45.36717],[11.00284,45.36789],[11.00521,45.36866],[11.008,45.36865],[11.0091,45.36924],[11.01544,45.3703],[11.0179,45.37093],[11.01919,45.36859],[11.0215,45.36921],[11.02074,45.37108],[11.02581,45.37285],[11.02363,45.37528],[11.02727,45.37649],[11.02506,45.37791],[11.02361,45.37951],[11.02127,45.38043],[11.01678,45.38138],[11.01575,45.38352],[11.0165,45.38568],[11.0148,45.38821],[11.01606,45.38903],[11.0223,45.38239],[11.02403,45.38323],[11.01041,45.39784],[11.01328,45.39893],[11.01388,45.39854],[11.01659,45.4012],[11.01764,45.40075],[11.02015,45.40268],[11.02301,45.40421],[11.02497,45.40328],[11.03032,45.40528],[11.03141,45.40287],[11.03172,45.40077],[11.03133,45.39697],[11.03154,45.39622],[11.03372,45.39483],[11.03553,45.39435],[11.03758,45.39451],[11.0423,45.39644],[11.04494,45.39662],[11.04992,45.39595],[11.05425,45.39448],[11.05709,45.39327],[11.06195,45.38958],[11.06341,45.38739],[11.065,45.38208],[11.06551,45.38135],[11.06805,45.38029],[11.06958,45.38041]]],[[[11.51119,45.65722],[11.5149,45.65631],[11.51506,45.65725],[11.51285,45.66012],[11.51327,45.66421],[11.51569,45.6661],[11.51719,45.66852],[11.51733,45.66974],[11.51545,45.67116],[11.51614,45.67269],[11.51602,45.6748],[11.51541,45.67662],[11.51621,45.67814],[11.51572,45.67908],[11.51675,45.68018],[11.51705,45.68182],[11.52267,45.68202],[11.52516,45.68267],[11.52676,45.68267],[11.52726,45.6834],[11.52952,45.68413],[11.54433,45.68779],[11.54757,45.68881],[11.55173,45.68967],[11.55312,45.68804],[11.55263,45.68572],[11.55437,45.68441],[11.5568,45.68134],[11.55782,45.678],[11.55871,45.67676],[11.56162,45.67382],[11.5634,45.67231],[11.56695,45.67297],[11.57217,45.67345],[11.57439,45.67402],[11.57707,45.67427],[11.58124,45.67373],[11.58124,45.67989],[11.58401,45.68046],[11.584,45.68163],[11.58524,45.68188],[11.59563,45.68199],[11.60554,45.68178],[11.60818,45.68208],[11.61543,45.68207],[11.61599,45.68091],[11.62078,45.6797],[11.62116,45.68038],[11.62165,45.6847],[11.62136,45.68719],[11.62068,45.68968],[11.62307,45.69064],[11.62642,45.69067],[11.62623,45.6936],[11.62709,45.6946],[11.62978,45.69434],[11.63106,45.69574],[11.63324,45.69606],[11.6339,45.6969],[11.63425,45.70033],[11.63546,45.70231],[11.6371,45.70262],[11.63803,45.70086],[11.64088,45.70195],[11.64214,45.70124],[11.6428,45.70313],[11.64412,45.70304],[11.64499,45.70226],[11.64639,45.70357],[11.6561,45.70192],[11.65848,45.70174],[11.65773,45.70284],[11.65822,45.70546],[11.65813,45.70677],[11.65597,45.7075],[11.65574,45.70841],[11.65653,45.70944],[11.6596,45.7091],[11.6609,45.7093],[11.66053,45.71069],[11.66091,45.71233],[11.65982,45.71241],[11.6599,45.71402],[11.65934,45.71685],[11.65846,45.71884],[11.65935,45.71915],[11.66187,45.71904],[11.6621,45.71984],[11.66466,45.72195],[11.66485,45.72552],[11.66666,45.72573],[11.66742,45.72726],[11.66871,45.72747],[11.66856,45.72912],[11.671,45.72963],[11.6717,45.73184],[11.6761,45.73248],[11.67639,45.73315],[11.67801,45.73353],[11.67852,45.73532],[11.68108,45.7354],[11.68191,45.73446],[11.68369,45.73454],[11.68398,45.73556],[11.68567,45.73698],[11.68779,45.73646],[11.6873,45.73526],[11.68789,45.73401],[11.68729,45.73326],[11.69337,45.73084],[11.6966,45.73104],[11.69394,45.72543],[11.70165,45.72333],[11.70536,45.72331],[11.7062,45.72422],[11.70714,45.72691],[11.71169,45.72774],[11.71203,45.72993],[11.71151,45.73176],[11.71432,45.73147],[11.71439,45.73231],[11.71639,45.73278],[11.71643,45.73453],[11.722,45.7356],[11.72169,45.73673],[11.72869,45.73546],[11.73274,45.73525],[11.73557,45.73557],[11.73536,45.73831],[11.74108,45.7377],[11.74928,45.73728],[11.75522,45.73736],[11.75822,45.73771],[11.75911,45.73811],[11.75467,45.74351],[11.74693,45.75223],[11.75503,45.75366],[11.75274,45.76234],[11.74947,45.77034],[11.75288,45.77066],[11.75491,45.77123],[11.75882,45.77154],[11.76307,45.77141],[11.76597,45.76987],[11.76901,45.76955],[11.76922,45.76843],[11.77114,45.76581],[11.77223,45.76351],[11.77371,45.76197],[11.77427,45.76038],[11.77503,45.75505],[11.77628,45.75522],[11.77849,45.75079],[11.7781,45.75012],[11.77878,45.74809],[11.78003,45.74838],[11.78049,45.74697],[11.78246,45.74726],[11.78311,45.7461],[11.78895,45.74609],[11.78933,45.74486],[11.7924,45.74531],[11.79295,45.74326],[11.79395,45.74395],[11.79704,45.74448],[11.79772,45.74269],[11.80329,45.74305],[11.80836,45.74395],[11.80643,45.74663],[11.81123,45.74401],[11.81387,45.74412],[11.8141,45.74335],[11.81772,45.74192],[11.82249,45.74087],[11.82676,45.74104],[11.8312,45.74051],[11.83229,45.74046],[11.83714,45.74104],[11.83939,45.74208],[11.83981,45.74316],[11.84218,45.74305],[11.84261,45.74442],[11.84464,45.74401],[11.84732,45.74408],[11.84953,45.74358],[11.85223,45.74366],[11.8526,45.74499],[11.85554,45.74525],[11.85639,45.74663],[11.85636,45.74808],[11.85792,45.74778],[11.85779,45.74897],[11.85905,45.74911],[11.85941,45.75128],[11.86005,45.75201],[11.86381,45.75362],[11.8661,45.75404],[11.86574,45.75516],[11.86696,45.75575],[11.87028,45.75418],[11.86996,45.75562],[11.87371,45.75679],[11.87515,45.75671],[11.87503,45.75569],[11.87734,45.75555],[11.87822,45.75669],[11.87935,45.75626],[11.89196,45.75575],[11.89192,45.75613],[11.90062,45.75577],[11.90021,45.75925],[11.90109,45.76053],[11.90301,45.76047],[11.90298,45.76257],[11.90163,45.7621],[11.90153,45.76382],[11.9048,45.76418],[11.90485,45.76548],[11.9076,45.7656],[11.91173,45.7666],[11.91603,45.76823],[11.9173,45.76812],[11.91822,45.76505],[11.9204,45.7629],[11.92109,45.76073],[11.92424,45.76106],[11.92483,45.76014],[11.92695,45.76066],[11.93266,45.75987],[11.93344,45.75749],[11.93945,45.75848],[11.93908,45.76081],[11.94397,45.76067],[11.94376,45.76182],[11.94471,45.76214],[11.94569,45.76113],[11.94844,45.76131],[11.94526,45.7705],[11.95008,45.77095],[11.95425,45.77179],[11.95451,45.77094],[11.95731,45.77131],[11.95737,45.77194],[11.96012,45.77232],[11.96313,45.77208],[11.96611,45.77257],[11.9666,45.76958],[11.96671,45.76666],[11.96753,45.76462],[11.97452,45.76523],[11.97569,45.76595],[11.97914,45.76653],[11.97899,45.77125],[11.9798,45.77356],[11.98012,45.77577],[11.97926,45.77573],[11.97984,45.77868],[11.97892,45.77857],[11.97966,45.78115],[11.97942,45.78499],[11.97831,45.78771],[11.97927,45.78926],[11.97885,45.79175],[11.98176,45.79159],[11.98499,45.79174],[11.98572,45.79512],[11.98803,45.79826],[11.98938,45.79824],[11.99115,45.80109],[11.99484,45.80301],[12.00177,45.80697],[12.00342,45.8081],[12.00728,45.80852],[12.00806,45.80561],[12.00964,45.8065],[12.01113,45.80678],[12.01195,45.80571],[12.01213,45.80181],[12.0127,45.80055],[12.01487,45.79759],[12.01696,45.7956],[12.01868,45.79447],[12.02078,45.79486],[12.01928,45.78894],[12.01901,45.78575],[12.01675,45.78474],[12.01817,45.78433],[12.01765,45.78192],[12.01614,45.78268],[12.01621,45.77853],[12.01445,45.77873],[12.01338,45.7767],[12.01221,45.77683],[12.01097,45.77615],[12.01054,45.77397],[12.00695,45.77373],[12.00627,45.77246],[12.00514,45.77188],[12.00595,45.76986],[12.00148,45.76823],[12.00209,45.76757],[11.99955,45.76698],[11.99982,45.76572],[11.99749,45.76488],[11.99773,45.76333],[11.99592,45.76314],[11.99695,45.7598],[11.99505,45.75868],[11.99559,45.7571],[11.99326,45.75618],[11.994,45.75418],[11.99397,45.75185],[11.99254,45.75141],[11.99291,45.75045],[11.99331,45.74851],[11.99471,45.74786],[11.99627,45.74489],[11.99776,45.73942],[11.99773,45.73764],[11.99858,45.73555],[11.99844,45.73233],[12.00236,45.7324],[12.00254,45.734],[12.00661,45.73359],[12.00724,45.73423],[12.01045,45.73327],[12.02075,45.73208],[12.02851,45.73151],[12.02915,45.73007],[12.02913,45.72854],[12.03042,45.72753],[12.03093,45.72341],[12.03503,45.72372],[12.03506,45.72468],[12.03655,45.72599],[12.04025,45.72735],[12.04329,45.72698],[12.04355,45.7285],[12.04496,45.72934],[12.04495,45.73447],[12.04724,45.73517],[12.0471,45.73643],[12.0481,45.73675],[12.04793,45.73984],[12.04745,45.74236],[12.04956,45.74296],[12.0556,45.74395],[12.0565,45.74359],[12.05864,45.74388],[12.05789,45.74631],[12.06166,45.74692],[12.06102,45.74856],[12.0694,45.75077],[12.06885,45.75169],[12.07277,45.75159],[12.07707,45.75257],[12.07659,45.75384],[12.07849,45.75484],[12.08096,45.75534],[12.08154,45.75624],[12.08298,45.75633],[12.08549,45.75761],[12.08634,45.75737],[12.08734,45.75595],[12.08944,45.75435],[12.09147,45.75155],[12.09257,45.75188],[12.09488,45.75414],[12.10003,45.75655],[12.10436,45.75837],[12.10648,45.75582],[12.11185,45.75157],[12.11662,45.75391],[12.11928,45.75613],[12.12036,45.75788],[12.12464,45.75477],[12.12899,45.75277],[12.13599,45.74767],[12.13206,45.74442],[12.13444,45.74282],[12.13588,45.7414],[12.13686,45.74106],[12.13849,45.74151],[12.13981,45.74281],[12.1416,45.74392],[12.14351,45.7422],[12.1473,45.74009],[12.14846,45.7403],[12.15067,45.74164],[12.15191,45.74278],[12.15508,45.74172],[12.15783,45.74376],[12.15893,45.74389],[12.15589,45.74619],[12.15671,45.74694],[12.15516,45.74805],[12.15647,45.74984],[12.15252,45.75269],[12.15238,45.75351],[12.15447,45.7548],[12.15788,45.7562],[12.15982,45.75761],[12.16477,45.76079],[12.16811,45.76211],[12.1719,45.76278],[12.1736,45.76283],[12.17578,45.76226],[12.17848,45.76272],[12.18152,45.76011],[12.18479,45.75904],[12.18608,45.75947],[12.18633,45.76209],[12.18725,45.76587],[12.18898,45.7666],[12.18914,45.76794],[12.18999,45.76883],[12.19278,45.76883],[12.19473,45.76843],[12.195,45.7697],[12.19724,45.77013],[12.19795,45.76924],[12.20107,45.76883],[12.20329,45.76957],[12.20503,45.77172],[12.20712,45.76975],[12.20801,45.77081],[12.20917,45.77027],[12.21027,45.77128],[12.20842,45.7729],[12.20696,45.77568],[12.20554,45.77514],[12.20316,45.77988],[12.20256,45.78051],[12.20362,45.78207],[12.20621,45.78169],[12.20645,45.78339],[12.20556,45.78445],[12.20578,45.78561],[12.20469,45.78682],[12.2035,45.78736],[12.20346,45.78908],[12.20292,45.79129],[12.20419,45.79142],[12.20428,45.7932],[12.20519,45.79318],[12.20581,45.79576],[12.20977,45.79561],[12.21418,45.79609],[12.21457,45.79541],[12.21653,45.79479],[12.21779,45.79566],[12.22022,45.79455],[12.22616,45.79378],[12.22688,45.79421],[12.23169,45.79449],[12.23411,45.79441],[12.2396,45.79484],[12.24299,45.79578],[12.24456,45.79737],[12.24689,45.79781],[12.25352,45.80012],[12.25597,45.80063],[12.25942,45.80192],[12.27971,45.80732],[12.28047,45.80739],[12.27817,45.81184],[12.27748,45.81441],[12.27933,45.81918],[12.28292,45.81921],[12.28154,45.82228],[12.27828,45.82537],[12.27811,45.83057],[12.27826,45.83408],[12.27785,45.83549],[12.27624,45.83618],[12.27047,45.83644],[12.27003,45.83877],[12.26823,45.84127],[12.26584,45.84411],[12.26415,45.84742],[12.2643,45.84808],[12.26597,45.84897],[12.27062,45.85998],[12.27273,45.86466],[12.27347,45.86507],[12.27654,45.86493],[12.28021,45.8664],[12.28244,45.86601],[12.28482,45.86637],[12.28813,45.8662],[12.29075,45.86718],[12.2927,45.8668],[12.29415,45.86726],[12.29632,45.86676],[12.2998,45.86685],[12.30144,45.86723],[12.30426,45.8645],[12.30689,45.86399],[12.3089,45.86432],[12.31807,45.86189],[12.3199,45.86208],[12.32289,45.86164],[12.32706,45.86016],[12.3288,45.8607],[12.32993,45.86175],[12.33126,45.86183],[12.33305,45.86465],[12.33189,45.8657],[12.33291,45.86653],[12.33228,45.86748],[12.33037,45.86867],[12.32759,45.86953],[12.32596,45.87074],[12.32803,45.87238],[12.33159,45.86967],[12.33624,45.86971],[12.33779,45.86776],[12.34087,45.86581],[12.34173,45.86468],[12.34365,45.86414],[12.34789,45.86177],[12.35028,45.86088],[12.35302,45.86033],[12.3542,45.85966],[12.3565,45.85942],[12.35898,45.85971],[12.36024,45.86111],[12.36332,45.85975],[12.36686,45.85958],[12.36866,45.86137],[12.37058,45.86155],[12.3708,45.86261],[12.3719,45.86402],[12.37177,45.86527],[12.37247,45.86616],[12.374,45.8643],[12.37557,45.86657],[12.37565,45.86786],[12.3718,45.86999],[12.373,45.87131],[12.37496,45.87203],[12.37706,45.87193],[12.37819,45.87262],[12.38241,45.87271],[12.38554,45.8718],[12.38582,45.87259],[12.38768,45.87327],[12.38933,45.87437],[12.39305,45.87406],[12.39654,45.87329],[12.40471,45.87074],[12.4104,45.86867],[12.40978,45.87082],[12.41113,45.87082],[12.41038,45.87244],[12.41182,45.87369],[12.41182,45.87681],[12.40722,45.88021],[12.4065,45.87951],[12.40161,45.88351],[12.40074,45.8846],[12.39791,45.88559],[12.39651,45.88645],[12.39633,45.8888],[12.39366,45.8907],[12.39211,45.89218],[12.38879,45.89322],[12.38885,45.89429],[12.39031,45.89689],[12.38943,45.8974],[12.38872,45.89937],[12.39078,45.90098],[12.38968,45.90212],[12.38819,45.9027],[12.38715,45.90394],[12.38458,45.90527],[12.38494,45.90591],[12.38173,45.90748],[12.38037,45.90851],[12.38086,45.90941],[12.37915,45.91062],[12.37864,45.91152],[12.37941,45.91243],[12.37652,45.91408],[12.37495,45.91532],[12.37393,45.91476],[12.3721,45.91629],[12.37444,45.91746],[12.37459,45.91828],[12.37238,45.91989],[12.37153,45.91967],[12.37057,45.92098],[12.37564,45.92125],[12.37546,45.92298],[12.37614,45.92421],[12.37543,45.92555],[12.37441,45.92567],[12.36965,45.92988],[12.36824,45.9284],[12.3673,45.92839],[12.36657,45.92691],[12.36533,45.92563],[12.36393,45.9269],[12.36169,45.92809],[12.36084,45.93133],[12.35951,45.93311],[12.35406,45.93154],[12.35267,45.93134],[12.34923,45.92751],[12.34918,45.92642],[12.35028,45.92597],[12.34885,45.92417],[12.34484,45.92438],[12.34208,45.92517],[12.34005,45.92666],[12.33985,45.92797],[12.33771,45.92918],[12.3362,45.9305],[12.33603,45.92822],[12.32911,45.928],[12.32931,45.92614],[12.32896,45.92509],[12.32618,45.92413],[12.32486,45.924],[12.32293,45.9256],[12.32262,45.92578],[12.32242,45.92917],[12.32127,45.92909],[12.32166,45.93204],[12.32334,45.93583],[12.32268,45.93804],[12.32315,45.94019],[12.32282,45.94198],[12.32336,45.94696],[12.32968,45.95047],[12.33019,45.951],[12.33432,45.95324],[12.33272,45.95615],[12.33287,45.9572],[12.33174,45.95805],[12.33508,45.96069],[12.33551,45.96157],[12.33762,45.96163],[12.3393,45.96279],[12.34097,45.96249],[12.34018,45.96477],[12.34045,45.96655],[12.34229,45.96609],[12.34414,45.96418],[12.34699,45.96286],[12.34865,45.96334],[12.3503,45.96241],[12.35394,45.96127],[12.35706,45.96167],[12.35825,45.96151],[12.35958,45.96025],[12.36025,45.95876],[12.3608,45.95713],[12.36359,45.95675],[12.36625,45.95741],[12.36792,45.95651],[12.37053,45.95592],[12.37351,45.95585],[12.37452,45.95482],[12.37631,45.95417],[12.3761,45.9528],[12.37383,45.94997],[12.37485,45.94855],[12.37354,45.94737],[12.37339,45.94597],[12.3726,45.94497],[12.37442,45.9439],[12.37369,45.94212],[12.37145,45.942],[12.37252,45.93763],[12.3734,45.93623],[12.37567,45.93076],[12.38013,45.93209],[12.38461,45.93363],[12.39112,45.93703],[12.39581,45.93649],[12.39943,45.93553],[12.40242,45.93506],[12.40379,45.93572],[12.4087,45.93903],[12.41095,45.94128],[12.41187,45.94047],[12.41279,45.93845],[12.41419,45.93966],[12.41713,45.9377],[12.41861,45.93796],[12.42008,45.93701],[12.42261,45.93747],[12.4267,45.93944],[12.42903,45.93982],[12.43388,45.93963],[12.44136,45.93751],[12.44447,45.9352],[12.44531,45.93341],[12.44731,45.93187],[12.44721,45.92948],[12.44997,45.92776],[12.4548,45.92398],[12.45877,45.92277],[12.45817,45.92071],[12.45934,45.91795],[12.46054,45.91681],[12.46429,45.91538],[12.46713,45.91476],[12.47084,45.91294],[12.47378,45.91292],[12.4773,45.91724],[12.48292,45.9219],[12.48636,45.9258],[12.48485,45.92544],[12.48268,45.9257],[12.4809,45.92661],[12.47959,45.92628],[12.47792,45.92753],[12.47471,45.92848],[12.4719,45.93003],[12.46941,45.93192],[12.46767,45.93168],[12.46662,45.93252],[12.46443,45.93287],[12.46272,45.93362],[12.46404,45.93598],[12.4636,45.93771],[12.46509,45.93952],[12.46433,45.94151],[12.46326,45.94185],[12.45983,45.94182],[12.45825,45.94263],[12.45663,45.94229],[12.45572,45.94395],[12.45611,45.94488],[12.45571,45.9461],[12.4569,45.94888],[12.45829,45.9494],[12.45987,45.94916],[12.46174,45.95057],[12.46402,45.95169],[12.46578,45.9539],[12.46761,45.95367],[12.47086,45.95485],[12.47052,45.95793],[12.47126,45.96084],[12.4708,45.96343],[12.47167,45.96408],[12.47023,45.9658],[12.47208,45.96628],[12.46956,45.9692],[12.47294,45.96982],[12.4722,45.97075],[12.47768,45.97336],[12.48416,45.97408],[12.48747,45.97495],[12.49075,45.9764],[12.49303,45.9765],[12.49151,45.97828],[12.49004,45.97757],[12.48917,45.97856],[12.48676,45.97917],[12.4857,45.98025],[12.48885,45.98161],[12.48876,45.98235],[12.48542,45.98264],[12.4847,45.98358],[12.48344,45.98364],[12.4829,45.98549],[12.48432,45.98932],[12.48534,45.98944],[12.48508,45.99179],[12.4861,45.99265],[12.48529,45.99411],[12.4872,45.99518],[12.48719,45.99608],[12.48554,45.99682],[12.48687,45.99857],[12.48823,45.99903],[12.48947,46.00192],[12.48597,46.00274],[12.4856,46.0046],[12.48908,46.00483],[12.48812,46.00591],[12.48985,46.00746],[12.48888,46.00949],[12.49033,46.0106],[12.4888,46.01258],[12.48798,46.01445],[12.48819,46.01616],[12.48919,46.01756],[12.49053,46.02202],[12.49201,46.02341],[12.49181,46.02466],[12.49067,46.02495],[12.48746,46.0235],[12.48632,46.02424],[12.48434,46.02419],[12.48269,46.02341],[12.47937,46.02241],[12.48028,46.01992],[12.479,46.01876],[12.47916,46.01759],[12.48072,46.01562],[12.48009,46.01479],[12.48061,46.01275],[12.47915,46.01267],[12.47896,46.0114],[12.47737,46.01058],[12.47469,46.01097],[12.47332,46.00991],[12.47183,46.01119],[12.46893,46.0118],[12.46457,46.01107],[12.46511,46.01253],[12.46672,46.01388],[12.46692,46.01512],[12.46335,46.01686],[12.45771,46.01863],[12.45601,46.02071],[12.45471,46.02159],[12.45162,46.02303],[12.44707,46.02573],[12.44034,46.02805],[12.4328,46.03185],[12.43036,46.03651],[12.42903,46.03799],[12.42698,46.03924],[12.42167,46.04206],[12.42263,46.04524],[12.42258,46.04661],[12.42185,46.04762],[12.41638,46.05293],[12.41245,46.05634],[12.40996,46.05915],[12.40749,46.05308],[12.40601,46.05012],[12.40536,46.04781],[12.40533,46.0434],[12.4051,46.04274],[12.40177,46.04189],[12.40053,46.042],[12.40399,46.04524],[12.403,46.04614],[12.40296,46.04792],[12.40149,46.0505],[12.40162,46.05452],[12.4004,46.05855],[12.39953,46.06244],[12.39473,46.06252],[12.39245,46.063],[12.3909,46.06242],[12.38614,46.06293],[12.38849,46.06449],[12.38931,46.06774],[12.39151,46.07135],[12.38891,46.07192],[12.38599,46.07197],[12.38246,46.07295],[12.38051,46.07161],[12.3773,46.07148],[12.37621,46.0757],[12.37082,46.07603],[12.36985,46.07477],[12.36813,46.07615],[12.36632,46.07629],[12.36526,46.07363],[12.36462,46.07299],[12.3619,46.07161],[12.35683,46.07456],[12.35223,46.07753],[12.34856,46.0792],[12.34609,46.07911],[12.34241,46.07789],[12.34077,46.07773],[12.33717,46.07926],[12.33422,46.08007],[12.33186,46.08131],[12.33039,46.08256],[12.32853,46.08207],[12.32512,46.08192],[12.32243,46.08225],[12.31523,46.08076],[12.3128,46.08001],[12.30953,46.07788],[12.30649,46.07695],[12.3028,46.07635],[12.30094,46.07411],[12.29783,46.07105],[12.29614,46.06834],[12.29286,46.06463],[12.29073,46.06146],[12.28759,46.0595],[12.28456,46.05728],[12.28263,46.05651],[12.28261,46.05418],[12.2807,46.05165],[12.28068,46.04937],[12.27945,46.04812],[12.27595,46.04593],[12.27257,46.04259],[12.2716,46.04214],[12.2682,46.04145],[12.26366,46.03956],[12.26085,46.03875],[12.26012,46.03694],[12.25778,46.03703],[12.25492,46.03648],[12.25305,46.03397],[12.2532,46.03205],[12.2543,46.02949],[12.25454,46.02797],[12.25271,46.0273],[12.25098,46.02775],[12.24814,46.0286],[12.24733,46.02565],[12.24687,46.02523],[12.24352,46.02532],[12.24157,46.0248],[12.23992,46.02485],[12.23784,46.02202],[12.23627,46.02049],[12.23517,46.01886],[12.23166,46.01745],[12.23045,46.01552],[12.22859,46.01426],[12.22619,46.01312],[12.22477,46.01408],[12.22172,46.01407],[12.21683,46.01269],[12.21213,46.01044],[12.20952,46.00964],[12.20536,46.00885],[12.20207,46.0074],[12.19616,46.0061],[12.1916,46.00458],[12.19089,46.00462],[12.19102,46.00574],[12.1887,46.00882],[12.18633,46.00982],[12.18449,46.01111],[12.18171,46.01187],[12.1786,46.01403],[12.17621,46.01421],[12.17329,46.01381],[12.16688,46.01357],[12.16791,46.0087],[12.16924,46.00694],[12.16923,46.00582],[12.16358,46.00462],[12.15562,46.00365],[12.15514,46.00082],[12.15279,46.00179],[12.14929,46.00177],[12.14722,46.00278],[12.14567,46.00284],[12.14289,46.00134],[12.13938,45.99984],[12.13763,46.00087],[12.13181,46.00126],[12.12769,46.00183],[12.12658,46.00227],[12.12315,46.00264],[12.121,46.00389],[12.11878,46.00347],[12.11245,46.00344],[12.10979,46.00281],[12.10659,46.00001],[12.10326,45.99765],[12.10334,45.99647],[12.10459,45.9951],[12.10538,45.99262],[12.10393,45.99092],[12.10333,45.98898],[12.10155,45.98708],[12.09818,45.98503],[12.09594,45.98428],[12.09412,45.98199],[12.07817,45.97651],[12.07643,45.97608],[12.07789,45.97435],[12.07867,45.97284],[12.07707,45.97222],[12.0702,45.96732],[12.06694,45.96546],[12.06293,45.9637],[12.06193,45.96151],[12.06078,45.9608],[12.05933,45.96207],[12.05477,45.96464],[12.05286,45.96511],[12.05083,45.96383],[12.04937,45.9612],[12.04751,45.96196],[12.04548,45.96433],[12.03972,45.96919],[12.03275,45.97362],[12.03056,45.97357],[12.02685,45.97165],[12.02394,45.97123],[12.02274,45.97025],[12.02308,45.96904],[12.02166,45.96525],[12.02177,45.96382],[12.01896,45.96208],[12.01629,45.96278],[12.01226,45.96489],[12.01197,45.96642],[12.01115,45.96707],[12.00621,45.96821],[12.00377,45.96815],[12.00285,45.96662],[12.00019,45.96767],[11.99886,45.96741],[11.99509,45.96525],[11.98865,45.95984],[11.98543,45.96086],[11.98043,45.95961],[11.97675,45.95921],[11.97269,45.95809],[11.96854,45.9552],[11.96302,45.9551],[11.9616,45.95468],[11.95206,45.94824],[11.95156,45.94757],[11.95118,45.94394],[11.95147,45.9409],[11.9508,45.9377],[11.9496,45.93431],[11.94672,45.93073],[11.94596,45.92787],[11.94515,45.92702],[11.94758,45.92365],[11.94891,45.92125],[11.94859,45.92033],[11.94521,45.91605],[11.94416,45.91345],[11.94399,45.91117],[11.9459,45.90806],[11.94205,45.90712],[11.94077,45.90711],[11.93574,45.90838],[11.93344,45.90916],[11.93208,45.91048],[11.93187,45.91243],[11.92965,45.91423],[11.92786,45.91635],[11.92539,45.91798],[11.92214,45.91899],[11.92143,45.92016],[11.9195,45.9211],[11.91941,45.9227],[11.91657,45.92439],[11.91634,45.92538],[11.91283,45.92848],[11.91061,45.92919],[11.90972,45.93161],[11.91029,45.93323],[11.90948,45.93594],[11.90541,45.93685],[11.90217,45.93687],[11.90082,45.93654],[11.89823,45.93666],[11.89634,45.93787],[11.89432,45.93872],[11.89202,45.93765],[11.88804,45.93703],[11.88689,45.93652],[11.88421,45.93425],[11.88302,45.93392],[11.88146,45.93271],[11.88046,45.93134],[11.8793,45.93092],[11.87741,45.93166],[11.87385,45.93017],[11.87099,45.93049],[11.86863,45.93258],[11.86731,45.93502],[11.86601,45.9368],[11.86497,45.93711],[11.86287,45.93591],[11.86043,45.93585],[11.85945,45.93505],[11.86051,45.93286],[11.85864,45.93176],[11.86305,45.92858],[11.86199,45.92638],[11.86027,45.92566],[11.85821,45.92416],[11.85667,45.92377],[11.85136,45.92398],[11.85235,45.92293],[11.84982,45.9224],[11.84909,45.92149],[11.8468,45.92069],[11.84541,45.91818],[11.84186,45.91758],[11.83688,45.91773],[11.83651,45.91617],[11.83378,45.91587],[11.8314,45.9146],[11.82887,45.91391],[11.82714,45.91288],[11.82526,45.90968],[11.82534,45.9081],[11.82254,45.90461],[11.82084,45.90288],[11.81962,45.90105],[11.81749,45.90001],[11.81703,45.89818],[11.81532,45.89435],[11.81162,45.89096],[11.81136,45.88942],[11.80762,45.88612],[11.80397,45.88407],[11.80181,45.88207],[11.7996,45.88056],[11.79983,45.87632],[11.79921,45.87489],[11.79923,45.87196],[11.79642,45.87173],[11.79265,45.87096],[11.79001,45.87143],[11.78617,45.87064],[11.78528,45.86957],[11.78265,45.86949],[11.78033,45.86814],[11.77498,45.86845],[11.77021,45.86815],[11.76665,45.86931],[11.7659,45.86643],[11.76414,45.86362],[11.76247,45.86189],[11.76218,45.85881],[11.76018,45.85773],[11.75528,45.85723],[11.75103,45.85649],[11.74624,45.85653],[11.74494,45.85621],[11.7427,45.8549],[11.74401,45.85241],[11.744,45.85013],[11.74579,45.84791],[11.74953,45.84633],[11.74839,45.84524],[11.7443,45.84234],[11.73848,45.83965],[11.73734,45.83857],[11.73587,45.83611],[11.73455,45.8351],[11.7349,45.8343],[11.73851,45.83146],[11.7383,45.83037],[11.73564,45.82711],[11.73542,45.82537],[11.73567,45.82374],[11.73911,45.82316],[11.74029,45.82267],[11.74097,45.82081],[11.74075,45.81702],[11.73972,45.81582],[11.74014,45.8141],[11.73885,45.81182],[11.73996,45.81113],[11.74096,45.80902],[11.74052,45.80547],[11.74209,45.8039],[11.74138,45.80136],[11.74274,45.79906],[11.74103,45.79777],[11.73885,45.79547],[11.73726,45.79562],[11.73575,45.79499],[11.73574,45.79418],[11.73746,45.79288],[11.73466,45.79206],[11.7334,45.79056],[11.73212,45.78887],[11.73096,45.78912],[11.72988,45.78844],[11.72875,45.78675],[11.72652,45.78534],[11.72466,45.78697],[11.72229,45.78842],[11.71859,45.78959],[11.71711,45.79043],[11.71568,45.79232],[11.71468,45.79472],[11.71425,45.79721],[11.71453,45.79911],[11.71438,45.80531],[11.71572,45.80723],[11.71854,45.80992],[11.71894,45.81254],[11.71734,45.81579],[11.71417,45.81789],[11.71274,45.81923],[11.70961,45.81729],[11.70923,45.81613],[11.70677,45.81606],[11.70207,45.81502],[11.69936,45.81534],[11.69731,45.81521],[11.69434,45.81377],[11.69329,45.81237],[11.69067,45.81168],[11.69008,45.81265],[11.68762,45.81273],[11.68462,45.81401],[11.67993,45.8145],[11.67725,45.81658],[11.67729,45.81836],[11.67625,45.81876],[11.66235,45.8199],[11.65805,45.82061],[11.6559,45.82024],[11.65424,45.82053],[11.65209,45.82011],[11.64939,45.82106],[11.64509,45.82188],[11.64498,45.8241],[11.64576,45.82592],[11.64509,45.82724],[11.64238,45.82903],[11.64179,45.83011],[11.64004,45.83125],[11.63766,45.83117],[11.63376,45.83186],[11.62819,45.8318],[11.62483,45.83533],[11.62115,45.83755],[11.61796,45.84013],[11.61406,45.84258],[11.6115,45.84323],[11.60904,45.84325],[11.60524,45.84386],[11.59991,45.84433],[11.5948,45.84297],[11.59261,45.84166],[11.59183,45.83993],[11.58888,45.83767],[11.58765,45.83738],[11.58413,45.8345],[11.58296,45.83461],[11.57517,45.8337],[11.57274,45.8345],[11.57166,45.83545],[11.56929,45.83636],[11.5677,45.83636],[11.56349,45.83509],[11.56032,45.83544],[11.55724,45.83461],[11.55361,45.83506],[11.54669,45.83433],[11.54539,45.83432],[11.52684,45.82994],[11.52728,45.82861],[11.52904,45.82844],[11.53165,45.82548],[11.53155,45.82397],[11.53012,45.82145],[11.52831,45.81931],[11.52777,45.81676],[11.52587,45.81535],[11.5105,45.81325],[11.49577,45.81149],[11.49431,45.81223],[11.49435,45.81539],[11.49379,45.81983],[11.49077,45.81979],[11.48989,45.82077],[11.48702,45.82033],[11.48543,45.82101],[11.48366,45.821],[11.47954,45.82158],[11.47761,45.82255],[11.47621,45.8226],[11.47451,45.82194],[11.46753,45.82227],[11.46679,45.82066],[11.46751,45.81888],[11.46733,45.81191],[11.46283,45.8108],[11.4599,45.81164],[11.45779,45.81476],[11.45765,45.81605],[11.45587,45.81776],[11.45409,45.81863],[11.45145,45.81892],[11.45008,45.82201],[11.44983,45.82347],[11.45077,45.8275],[11.44874,45.83319],[11.44759,45.83456],[11.44326,45.83136],[11.43933,45.82979],[11.43822,45.82882],[11.43712,45.82686],[11.43581,45.82592],[11.43704,45.82429],[11.43805,45.82205],[11.4365,45.81945],[11.43592,45.81911],[11.43423,45.82088],[11.43089,45.82275],[11.42551,45.82424],[11.42429,45.82562],[11.42195,45.82706],[11.4243,45.82976],[11.4216,45.83211],[11.41777,45.83341],[11.41627,45.83477],[11.41453,45.83559],[11.41176,45.83617],[11.40719,45.83655],[11.40529,45.83411],[11.40389,45.83083],[11.40014,45.83196],[11.3986,45.83348],[11.39393,45.83295],[11.38844,45.8285],[11.38742,45.83072],[11.38709,45.83301],[11.38514,45.83346],[11.38489,45.83419],[11.38613,45.83581],[11.38601,45.83687],[11.38439,45.83813],[11.3848,45.83934],[11.38267,45.84079],[11.38505,45.8413],[11.3875,45.84113],[11.39224,45.84282],[11.39203,45.84372],[11.39321,45.84425],[11.39751,45.84442],[11.39997,45.84521],[11.40096,45.84718],[11.40358,45.84802],[11.40477,45.84971],[11.40496,45.85137],[11.40278,45.85374],[11.39886,45.85098],[11.3938,45.84901],[11.38661,45.84815],[11.38467,45.84753],[11.3826,45.84787],[11.37731,45.84586],[11.37509,45.84575],[11.3735,45.84454],[11.37352,45.8416],[11.37404,45.83981],[11.37362,45.83852],[11.37208,45.83758],[11.37074,45.83585],[11.37021,45.83411],[11.37083,45.83208],[11.36944,45.83021],[11.3694,45.82939],[11.37073,45.8263],[11.36881,45.82367],[11.36836,45.82234],[11.36835,45.81978],[11.36657,45.81779],[11.36643,45.81644],[11.36975,45.81372],[11.36919,45.8108],[11.36946,45.80827],[11.37026,45.80589],[11.37189,45.80442],[11.3761,45.80292],[11.37745,45.80154],[11.37806,45.79921],[11.38024,45.79821],[11.38377,45.79763],[11.3858,45.79683],[11.38678,45.79571],[11.38714,45.79336],[11.38968,45.79068],[11.39346,45.78963],[11.39519,45.78865],[11.39767,45.78557],[11.40004,45.78383],[11.40448,45.77958],[11.40592,45.77874],[11.4069,45.77731],[11.40861,45.77611],[11.41091,45.77678],[11.41267,45.77782],[11.4152,45.77726],[11.41564,45.7768],[11.4153,45.77481],[11.41672,45.77386],[11.41916,45.7736],[11.42207,45.77376],[11.42451,45.77198],[11.4267,45.77172],[11.42903,45.77201],[11.43089,45.7717],[11.43279,45.77],[11.43613,45.76853],[11.43709,45.76869],[11.4406,45.77101],[11.44293,45.77046],[11.44406,45.76833],[11.44551,45.76781],[11.44707,45.76815],[11.45089,45.76575],[11.44976,45.76407],[11.44626,45.7619],[11.44638,45.76137],[11.44883,45.76049],[11.45017,45.75851],[11.44578,45.75306],[11.44245,45.75048],[11.4482,45.74654],[11.44923,45.74538],[11.44768,45.74509],[11.44162,45.74467],[11.43956,45.74267],[11.43716,45.74145],[11.44004,45.73782],[11.44348,45.734],[11.44548,45.73379],[11.44776,45.73463],[11.44771,45.73334],[11.44992,45.73307],[11.45635,45.73164],[11.45991,45.73153],[11.46314,45.73064],[11.46573,45.73042],[11.46619,45.72944],[11.46861,45.72917],[11.46791,45.72769],[11.46766,45.72457],[11.46819,45.72372],[11.4688,45.72099],[11.46978,45.71998],[11.46983,45.71884],[11.4707,45.71767],[11.4727,45.71595],[11.47707,45.7148],[11.47764,45.7174],[11.48038,45.71716],[11.48373,45.71639],[11.48441,45.71655],[11.48805,45.71526],[11.48865,45.71664],[11.49037,45.71503],[11.49218,45.71648],[11.49468,45.71376],[11.49591,45.71276],[11.50116,45.70952],[11.50326,45.70801],[11.49863,45.70533],[11.49439,45.70376],[11.49624,45.7022],[11.49927,45.69893],[11.50105,45.69741],[11.50414,45.69608],[11.50547,45.69597],[11.51227,45.69635],[11.51434,45.69556],[11.51439,45.69425],[11.51375,45.68788],[11.51342,45.68593],[11.51181,45.68152],[11.51185,45.67815],[11.51163,45.67414],[11.51184,45.6735],[11.51143,45.6671],[11.51194,45.66664],[11.51137,45.66454],[11.51089,45.65995],[11.50943,45.65931],[11.50924,45.65782],[11.51119,45.65722]],[[12.10966,45.8361],[12.10729,45.83549],[12.10406,45.83521],[12.10144,45.83759],[12.09679,45.84121],[12.09239,45.84525],[12.07707,45.8518],[12.07578,45.85195],[12.07534,45.85496],[12.07434,45.85559],[12.07339,45.85834],[12.07217,45.86049],[12.07079,45.86394],[12.06917,45.86734],[12.06791,45.86844],[12.06546,45.86889],[12.06446,45.87064],[12.06697,45.87152],[12.0671,45.87277],[12.06916,45.87498],[12.06803,45.87624],[12.06674,45.87651],[12.0638,45.87848],[12.06408,45.87952],[12.06547,45.88041],[12.06754,45.88286],[12.0681,45.88132],[12.07191,45.88341],[12.0734,45.88175],[12.07494,45.88172],[12.07582,45.88068],[12.07792,45.88138],[12.07922,45.88059],[12.08147,45.88043],[12.0822,45.88108],[12.08368,45.87928],[12.08497,45.87971],[12.08675,45.87886],[12.08745,45.87789],[12.09229,45.87713],[12.09805,45.87779],[12.09743,45.88098],[12.0981,45.8813],[12.1005,45.88042],[12.10711,45.87854],[12.11047,45.87714],[12.11394,45.87644],[12.11461,45.87341],[12.11489,45.86865],[12.11427,45.86235],[12.11419,45.85891],[12.11299,45.8568],[12.11291,45.85489],[12.11417,45.8497],[12.11586,45.84354],[12.11621,45.84176],[12.11764,45.83779],[12.10966,45.8361]]]]},"properties":{"idApp":925034,"aopId":"vigneti-della-serenissima","name":"Vigneti della Serenissima","nameJa":"ヴィニェーティ・デッラ・セレニッシマ","kind":"village","tags":["doc"],"rank":1},"bbox":[10.62792,45.1785,12.49303,46.08256]},{"type":"Feature","geometry":{"type":"MultiPolygon","coordinates":[[[[12.20389,45.54851],[12.20293,45.54743],[12.19915,45.54736],[12.19901,45.5458],[12.19208,45.54626],[12.19174,45.54811],[12.19211,45.54916],[12.19181,45.55085],[12.19103,45.55102],[12.19055,45.5528],[12.18903,45.55316],[12.18717,45.55287],[12.18123,45.55311],[12.18077,45.54685],[12.18135,45.5453],[12.18061,45.54258],[12.17983,45.54221],[12.17921,45.53886],[12.17713,45.53982],[12.17489,45.5369],[12.17322,45.53674],[12.16957,45.5327],[12.16884,45.53157],[12.16991,45.53021],[12.17172,45.53033],[12.17566,45.52961],[12.17743,45.52898],[12.17851,45.52811],[12.17998,45.52826],[12.18291,45.52785],[12.1828,45.52586],[12.18184,45.52562],[12.18141,45.52378],[12.1833,45.52448],[12.18581,45.52429],[12.18624,45.52314],[12.18891,45.52285],[12.18944,45.5219],[12.19185,45.52086],[12.19362,45.51968],[12.19607,45.51874],[12.19829,45.51928],[12.19993,45.51695],[12.19725,45.51439],[12.19478,45.51253],[12.19319,45.512],[12.19074,45.51041],[12.19191,45.5097],[12.19218,45.50826],[12.19467,45.50794],[12.19178,45.50451],[12.18981,45.50522],[12.19196,45.50803],[12.19031,45.50795],[12.18868,45.50728],[12.18615,45.50808],[12.18477,45.5075],[12.18615,45.51065],[12.18441,45.51146],[12.18244,45.51108],[12.18151,45.5088],[12.18037,45.50735],[12.17892,45.507],[12.17572,45.50776],[12.17411,45.50566],[12.1734,45.50549],[12.17114,45.50339],[12.168,45.50105],[12.1677,45.49955],[12.16933,45.50005],[12.1719,45.49946],[12.1741,45.50168],[12.17587,45.50307],[12.17945,45.50669],[12.18156,45.50578],[12.17757,45.50155],[12.17681,45.50196],[12.17461,45.49974],[12.17146,45.4958],[12.1719,45.49438],[12.17588,45.49361],[12.17703,45.49223],[12.17894,45.49082],[12.18004,45.48874],[12.18188,45.48793],[12.18157,45.48582],[12.18003,45.48371],[12.18015,45.48304],[12.17878,45.48008],[12.17934,45.47975],[12.17769,45.47692],[12.17814,45.47613],[12.18057,45.47562],[12.17917,45.47264],[12.17808,45.46952],[12.17801,45.46767],[12.17863,45.46692],[12.18123,45.46524],[12.18277,45.46474],[12.1849,45.46477],[12.18664,45.46392],[12.1889,45.4636],[12.18747,45.46214],[12.18527,45.46075],[12.18476,45.45771],[12.18178,45.45803],[12.18067,45.45766],[12.17927,45.45295],[12.18189,45.4516],[12.18362,45.45104],[12.18468,45.44907],[12.18658,45.44882],[12.18884,45.44927],[12.19221,45.44797],[12.19253,45.44706],[12.19171,45.44581],[12.19223,45.4435],[12.19515,45.44131],[12.19831,45.44095],[12.19977,45.43935],[12.19966,45.43822],[12.20195,45.43727],[12.20335,45.4358],[12.20551,45.43597],[12.20949,45.43439],[12.21048,45.43502],[12.21294,45.43393],[12.21363,45.43278],[12.21728,45.43053],[12.21981,45.42979],[12.22157,45.42862],[12.22173,45.42737],[12.22492,45.42744],[12.2279,45.42823],[12.22959,45.42741],[12.23121,45.42794],[12.23354,45.42721],[12.23509,45.42771],[12.23777,45.42712],[12.23943,45.42751],[12.24153,45.42718],[12.24307,45.42602],[12.24536,45.42545],[12.24605,45.42392],[12.24769,45.42361],[12.24868,45.42231],[12.25107,45.42096],[12.2528,45.42069],[12.25361,45.41967],[12.25505,45.41945],[12.25594,45.41869],[12.25774,45.41838],[12.25943,45.41855],[12.25863,45.42354],[12.25885,45.42443],[12.25834,45.43146],[12.25879,45.4346],[12.25846,45.45068],[12.26106,45.45752],[12.26287,45.45647],[12.27336,45.44868],[12.27619,45.45334],[12.27729,45.45873],[12.27654,45.45971],[12.28015,45.46401],[12.31397,45.44485],[12.31501,45.44347],[12.31516,45.44191],[12.3141,45.4413],[12.30793,45.44398],[12.30577,45.44382],[12.30205,45.43928],[12.30432,45.43827],[12.30733,45.44181],[12.3093,45.44093],[12.30369,45.43436],[12.30625,45.43326],[12.31102,45.43885],[12.31269,45.43819],[12.31217,45.43723],[12.30798,45.4324],[12.31186,45.43115],[12.31569,45.43131],[12.32163,45.43065],[12.32977,45.42865],[12.3316,45.42841],[12.33384,45.42886],[12.33573,45.43036],[12.33709,45.43098],[12.33736,45.4323],[12.34093,45.43338],[12.34449,45.43377],[12.34802,45.43322],[12.35057,45.43183],[12.35516,45.42968],[12.35787,45.42734],[12.36153,45.42512],[12.36384,45.4247],[12.36655,45.42542],[12.3658,45.42775],[12.36696,45.42823],[12.36272,45.4326],[12.36128,45.43327],[12.36129,45.43434],[12.35957,45.43554],[12.35914,45.43646],[12.36187,45.43791],[12.36308,45.43809],[12.36303,45.43968],[12.36219,45.4408],[12.35906,45.44005],[12.35674,45.43846],[12.35403,45.43802],[12.34715,45.4393],[12.33677,45.44511],[12.3361,45.44423],[12.33427,45.44507],[12.33552,45.44633],[12.33276,45.44753],[12.32896,45.44869],[12.32618,45.44933],[12.32162,45.44784],[12.31895,45.44773],[12.31832,45.44675],[12.31657,45.44543],[12.31674,45.44417],[12.31384,45.44563],[12.28048,45.46432],[12.28179,45.46557],[12.28476,45.46725],[12.28187,45.47111],[12.28238,45.47318],[12.27893,45.47757],[12.28471,45.4781],[12.28635,45.47802],[12.29023,45.47869],[12.29115,45.47917],[12.29512,45.47995],[12.29626,45.47813],[12.30045,45.47847],[12.30137,45.47888],[12.29986,45.4813],[12.30476,45.48314],[12.30578,45.48306],[12.30782,45.48417],[12.31584,45.4874],[12.32256,45.49168],[12.33334,45.49796],[12.33424,45.49833],[12.33614,45.50054],[12.33753,45.50045],[12.33452,45.49809],[12.33444,45.49661],[12.33142,45.49299],[12.32995,45.49088],[12.33088,45.48908],[12.33505,45.49191],[12.33681,45.4909],[12.34021,45.49268],[12.34237,45.49447],[12.34232,45.49547],[12.36812,45.51562],[12.36853,45.51705],[12.37014,45.51832],[12.36872,45.51941],[12.37202,45.52108],[12.3797,45.51965],[12.38546,45.51877],[12.38806,45.51892],[12.38718,45.51604],[12.38949,45.51672],[12.39356,45.51886],[12.39347,45.51999],[12.3942,45.52427],[12.39401,45.52627],[12.39508,45.52869],[12.39504,45.53281],[12.39704,45.53402],[12.40032,45.53266],[12.40072,45.53418],[12.40446,45.53678],[12.40479,45.5356],[12.40399,45.5349],[12.40405,45.53353],[12.40525,45.53219],[12.4094,45.53274],[12.41073,45.5323],[12.41125,45.53358],[12.41093,45.53528],[12.41002,45.53694],[12.40965,45.53853],[12.41011,45.54173],[12.41349,45.5423],[12.41368,45.54431],[12.41566,45.54515],[12.42449,45.5417],[12.42683,45.53792],[12.42873,45.53613],[12.42944,45.53485],[12.42938,45.5335],[12.4278,45.53079],[12.42693,45.52877],[12.42731,45.52738],[12.42862,45.52633],[12.43267,45.52684],[12.43571,45.52798],[12.43674,45.52894],[12.4356,45.53084],[12.43843,45.53252],[12.43723,45.53416],[12.43898,45.53583],[12.44129,45.53636],[12.44411,45.53612],[12.44626,45.53481],[12.44704,45.53582],[12.44934,45.53683],[12.45087,45.53867],[12.45193,45.54253],[12.45187,45.54485],[12.45649,45.5451],[12.45894,45.54547],[12.4586,45.54805],[12.4571,45.55273],[12.45892,45.55307],[12.45992,45.55398],[12.46375,45.55557],[12.46555,45.55739],[12.46777,45.55903],[12.46997,45.56008],[12.47173,45.5616],[12.47362,45.56206],[12.4866,45.56466],[12.5046,45.5688],[12.50531,45.56877],[12.51293,45.57066],[12.51541,45.571],[12.53342,45.57468],[12.53599,45.57492],[12.54009,45.57572],[12.53931,45.57456],[12.54043,45.57323],[12.53941,45.57029],[12.53754,45.56823],[12.53918,45.5681],[12.54149,45.56576],[12.5423,45.56422],[12.54466,45.56346],[12.54918,45.56445],[12.5514,45.56406],[12.55247,45.56344],[12.55343,45.56169],[12.55388,45.55976],[12.55741,45.55877],[12.55886,45.55892],[12.55968,45.56036],[12.56025,45.56337],[12.56228,45.56467],[12.57324,45.55165],[12.57359,45.55141],[12.5966,45.54527],[12.59285,45.54163],[12.58776,45.53945],[12.58571,45.53818],[12.58443,45.53511],[12.58355,45.53365],[12.58069,45.53178],[12.5809,45.52996],[12.58039,45.52892],[12.57669,45.52786],[12.57245,45.52731],[12.57075,45.52513],[12.56821,45.52538],[12.56744,45.52438],[12.56317,45.52195],[12.56078,45.52099],[12.54686,45.51401],[12.54567,45.51368],[12.54485,45.51204],[12.54294,45.51109],[12.54223,45.51007],[12.53985,45.51055],[12.53874,45.5128],[12.53623,45.51312],[12.53196,45.5127],[12.53237,45.51189],[12.53126,45.50913],[12.53343,45.50655],[12.533,45.50378],[12.53211,45.50314],[12.52817,45.50124],[12.52963,45.50033],[12.53139,45.49982],[12.53333,45.50022],[12.53543,45.50108],[12.53643,45.5024],[12.53968,45.50462],[12.54545,45.50716],[12.54275,45.50999],[12.54343,45.51098],[12.54511,45.51207],[12.54608,45.51338],[12.54948,45.51488],[12.55972,45.52005],[12.56412,45.52192],[12.56744,45.52403],[12.5708,45.52465],[12.57364,45.52667],[12.57708,45.52678],[12.57841,45.5263],[12.58436,45.52517],[12.5861,45.52588],[12.58854,45.52782],[12.58951,45.52921],[12.58954,45.53111],[12.59515,45.53527],[12.59765,45.53695],[12.60349,45.53846],[12.60501,45.53847],[12.60832,45.53694],[12.61095,45.53626],[12.61358,45.53672],[12.61566,45.53752],[12.61763,45.53757],[12.61971,45.53654],[12.62174,45.53704],[12.62991,45.53512],[12.63184,45.53434],[12.6315,45.53064],[12.63316,45.52824],[12.63071,45.52184],[12.62882,45.51821],[12.62761,45.51644],[12.62413,45.51353],[12.62223,45.51279],[12.61927,45.51462],[12.61818,45.51478],[12.61304,45.51462],[12.61333,45.51596],[12.61479,45.51914],[12.614,45.51913],[12.61199,45.51472],[12.60259,45.51522],[12.59631,45.51254],[12.59353,45.51114],[12.59145,45.50923],[12.59134,45.50802],[12.58965,45.5074],[12.58695,45.50581],[12.58309,45.50693],[12.58236,45.50638],[12.58032,45.50616],[12.57711,45.50527],[12.5736,45.50256],[12.57142,45.50274],[12.57002,45.50202],[12.56965,45.50021],[12.56893,45.50015],[12.5706,45.49651],[12.5728,45.49597],[12.57493,45.49602],[12.57602,45.49538],[12.5745,45.4935],[12.57295,45.49297],[12.56966,45.49073],[12.56826,45.49036],[12.5668,45.4893],[12.56222,45.48695],[12.55895,45.48654],[12.55754,45.48667],[12.55577,45.48777],[12.55432,45.48726],[12.55355,45.48596],[12.5559,45.48498],[12.55835,45.48472],[12.55955,45.48495],[12.56259,45.48645],[12.56801,45.48819],[12.57725,45.49209],[12.57809,45.49053],[12.58046,45.48904],[12.58332,45.48825],[12.58424,45.48753],[12.58561,45.48456],[12.58504,45.48323],[12.58217,45.48154],[12.58223,45.4804],[12.58397,45.47916],[12.58869,45.48158],[12.60018,45.48673],[12.61125,45.49134],[12.61528,45.49292],[12.62172,45.49505],[12.62847,45.49762],[12.63261,45.4994],[12.64859,45.50497],[12.65455,45.50679],[12.65761,45.50793],[12.66521,45.51021],[12.6742,45.5134],[12.68391,45.51654],[12.68533,45.51679],[12.69049,45.5184],[12.69781,45.52029],[12.70293,45.52129],[12.70755,45.52238],[12.71004,45.52231],[12.71681,45.52415],[12.71865,45.52428],[12.72171,45.52563],[12.72405,45.52758],[12.72541,45.52919],[12.72981,45.52895],[12.73589,45.53135],[12.73909,45.53289],[12.74866,45.53712],[12.75269,45.53863],[12.76719,45.54536],[12.77076,45.54747],[12.78784,45.55673],[12.78675,45.55785],[12.78697,45.55861],[12.78874,45.56085],[12.7906,45.5646],[12.79412,45.56979],[12.79953,45.57443],[12.80251,45.57722],[12.8093,45.58194],[12.81008,45.58291],[12.81089,45.58706],[12.81226,45.58853],[12.81674,45.59133],[12.8171,45.59189],[12.81565,45.59361],[12.81425,45.59449],[12.80831,45.59613],[12.80627,45.59772],[12.80736,45.59976],[12.8009,45.60211],[12.79927,45.60236],[12.7935,45.60255],[12.79184,45.60224],[12.78956,45.6006],[12.78796,45.60028],[12.78475,45.60051],[12.78191,45.59941],[12.78027,45.59941],[12.77705,45.60001],[12.77436,45.5995],[12.77089,45.59946],[12.76882,45.59897],[12.76696,45.59809],[12.76583,45.59694],[12.76531,45.59537],[12.7649,45.59253],[12.76429,45.59162],[12.76199,45.59017],[12.75932,45.58759],[12.74134,45.58807],[12.74338,45.59097],[12.74627,45.59394],[12.74944,45.59671],[12.7533,45.59716],[12.75225,45.60029],[12.75199,45.60388],[12.75334,45.60728],[12.75311,45.60903],[12.75115,45.61135],[12.75117,45.61266],[12.7542,45.61358],[12.75502,45.6147],[12.7557,45.61881],[12.75582,45.62462],[12.75523,45.62761],[12.75403,45.63],[12.75394,45.63511],[12.74785,45.63739],[12.7509,45.64095],[12.76959,45.66024],[12.76667,45.66181],[12.76475,45.66165],[12.76099,45.66385],[12.75951,45.66422],[12.75741,45.6639],[12.75528,45.6627],[12.7529,45.66268],[12.75174,45.66352],[12.75056,45.66516],[12.75075,45.66608],[12.75376,45.66688],[12.75449,45.66746],[12.75302,45.66908],[12.74761,45.67175],[12.74672,45.67259],[12.74707,45.67399],[12.75088,45.67693],[12.74946,45.67739],[12.74596,45.67675],[12.74345,45.67752],[12.74293,45.67886],[12.74396,45.68131],[12.74355,45.68256],[12.73847,45.68292],[12.7327,45.68287],[12.72765,45.68209],[12.72587,45.68288],[12.72465,45.68475],[12.72408,45.68832],[12.72159,45.6887],[12.71828,45.68855],[12.71754,45.68743],[12.71852,45.68438],[12.7177,45.68373],[12.7145,45.68513],[12.71372,45.68584],[12.7133,45.68776],[12.71369,45.69134],[12.7135,45.6923],[12.71235,45.69335],[12.7102,45.69302],[12.70625,45.69028],[12.70483,45.69007],[12.70371,45.6914],[12.70391,45.69403],[12.70563,45.69737],[12.70933,45.7002],[12.70999,45.7012],[12.70954,45.70195],[12.7065,45.70314],[12.70207,45.70515],[12.693,45.7081],[12.69105,45.70896],[12.68638,45.71182],[12.68505,45.71299],[12.68439,45.71572],[12.68274,45.71719],[12.68073,45.71811],[12.67865,45.71796],[12.67723,45.71598],[12.67666,45.71381],[12.67563,45.71352],[12.67378,45.71451],[12.67083,45.71684],[12.67073,45.71748],[12.67263,45.71921],[12.67304,45.72047],[12.67108,45.72188],[12.67071,45.72278],[12.67241,45.7287],[12.67438,45.73213],[12.6741,45.73432],[12.6727,45.73638],[12.67004,45.73695],[12.66634,45.73813],[12.66446,45.73904],[12.66381,45.74026],[12.66502,45.74121],[12.66801,45.74217],[12.67027,45.7434],[12.67042,45.74471],[12.66952,45.74599],[12.66542,45.74858],[12.66348,45.74907],[12.66276,45.74776],[12.66299,45.74503],[12.66252,45.7433],[12.66149,45.74232],[12.6577,45.74096],[12.65616,45.74108],[12.65431,45.74183],[12.65189,45.74342],[12.65011,45.74496],[12.64662,45.74744],[12.64827,45.74857],[12.64992,45.74887],[12.65176,45.75022],[12.65255,45.75127],[12.65436,45.75175],[12.65565,45.75281],[12.65676,45.75186],[12.65924,45.75093],[12.66076,45.75121],[12.66235,45.75246],[12.66201,45.75499],[12.66411,45.76158],[12.66362,45.76277],[12.66396,45.76409],[12.66489,45.76497],[12.66617,45.76784],[12.66763,45.76896],[12.66947,45.77142],[12.66677,45.77222],[12.66223,45.77305],[12.66245,45.77413],[12.66084,45.7752],[12.65815,45.77616],[12.65714,45.77778],[12.65474,45.77849],[12.65784,45.78155],[12.6572,45.78338],[12.65694,45.78591],[12.65552,45.78783],[12.65636,45.79045],[12.65624,45.79178],[12.65381,45.79214],[12.6489,45.79504],[12.64755,45.79348],[12.64594,45.79301],[12.64492,45.79066],[12.64213,45.7895],[12.64208,45.7886],[12.6406,45.78656],[12.63879,45.78701],[12.63579,45.78685],[12.63473,45.78548],[12.63477,45.78254],[12.63238,45.78249],[12.6316,45.78414],[12.62911,45.78299],[12.62622,45.78654],[12.62726,45.79056],[12.63015,45.79127],[12.63398,45.79158],[12.63436,45.79269],[12.63274,45.79431],[12.63187,45.79793],[12.63023,45.79894],[12.62684,45.79895],[12.62173,45.7986],[12.62052,45.79775],[12.62045,45.79581],[12.61886,45.79485],[12.61654,45.79552],[12.61648,45.79901],[12.61348,45.80067],[12.61252,45.80167],[12.61154,45.80452],[12.60878,45.80466],[12.60692,45.80411],[12.60655,45.8033],[12.60797,45.80065],[12.60821,45.79953],[12.60747,45.79781],[12.60568,45.79757],[12.60314,45.80048],[12.6016,45.80001],[12.59961,45.7978],[12.59695,45.79652],[12.59584,45.79668],[12.5943,45.79946],[12.59334,45.80002],[12.5907,45.80046],[12.58901,45.80133],[12.59015,45.80255],[12.59337,45.80224],[12.59546,45.80273],[12.59523,45.8047],[12.59714,45.80492],[12.59829,45.80415],[12.60004,45.80444],[12.59986,45.80677],[12.60321,45.8066],[12.6037,45.80766],[12.60185,45.80868],[12.60008,45.81022],[12.60001,45.81081],[12.60161,45.81481],[12.60134,45.81579],[12.59807,45.81787],[12.59846,45.82073],[12.59741,45.82215],[12.59644,45.82207],[12.59214,45.81989],[12.59455,45.81821],[12.59557,45.81618],[12.59386,45.81519],[12.58935,45.81501],[12.58766,45.81531],[12.58743,45.81783],[12.58442,45.81955],[12.58321,45.82086],[12.58202,45.82424],[12.58028,45.82578],[12.57817,45.82577],[12.57461,45.82408],[12.57289,45.82438],[12.57109,45.82581],[12.56881,45.82706],[12.5674,45.83042],[12.56622,45.83138],[12.56406,45.83135],[12.56533,45.83024],[12.56369,45.82848],[12.5625,45.82635],[12.56024,45.82571],[12.55871,45.82647],[12.557,45.82904],[12.55623,45.8296],[12.55401,45.82985],[12.55499,45.83198],[12.55662,45.83333],[12.55689,45.83411],[12.55647,45.83614],[12.55476,45.83808],[12.55307,45.83759],[12.55342,45.83628],[12.5523,45.83616],[12.54994,45.839],[12.55388,45.83973],[12.5548,45.8407],[12.55208,45.84158],[12.55156,45.84216],[12.55522,45.84366],[12.55736,45.84304],[12.55834,45.84362],[12.55912,45.84597],[12.559,45.84707],[12.55746,45.84735],[12.5554,45.84652],[12.55438,45.84821],[12.54999,45.84987],[12.55019,45.8513],[12.55179,45.85286],[12.55291,45.85502],[12.55168,45.85695],[12.54991,45.86053],[12.54693,45.86206],[12.54496,45.86257],[12.54287,45.86263],[12.54016,45.86168],[12.53824,45.86217],[12.5347,45.86205],[12.53329,45.86327],[12.53112,45.86308],[12.5296,45.86427],[12.53315,45.86649],[12.53284,45.8679],[12.53397,45.86825],[12.53654,45.86817],[12.53688,45.86913],[12.53363,45.86926],[12.53382,45.87003],[12.5356,45.87006],[12.53644,45.87063],[12.53568,45.87181],[12.53356,45.87297],[12.53522,45.8755],[12.53523,45.87633],[12.53256,45.87788],[12.53294,45.87951],[12.53228,45.88193],[12.53351,45.88354],[12.53376,45.88492],[12.53299,45.88548],[12.53052,45.8844],[12.52898,45.88439],[12.52338,45.88639],[12.52235,45.88516],[12.52132,45.88572],[12.52144,45.88755],[12.52035,45.8876],[12.52017,45.88965],[12.51643,45.89004],[12.51602,45.89138],[12.51436,45.89244],[12.51236,45.89454],[12.51069,45.89587],[12.50702,45.89785],[12.5075,45.8984],[12.5098,45.89873],[12.51282,45.8983],[12.51535,45.8995],[12.51808,45.89987],[12.52326,45.90311],[12.52289,45.90431],[12.52134,45.90522],[12.51922,45.90524],[12.51747,45.90403],[12.51651,45.90387],[12.51338,45.906],[12.51092,45.90892],[12.50889,45.90976],[12.50887,45.91179],[12.50716,45.91391],[12.50558,45.91669],[12.50657,45.91763],[12.50675,45.91878],[12.50794,45.91989],[12.50687,45.92188],[12.5052,45.9234],[12.50164,45.92491],[12.49893,45.92554],[12.49578,45.92538],[12.49255,45.92605],[12.49074,45.92599],[12.48899,45.92679],[12.48794,45.92579],[12.48636,45.9258],[12.48485,45.92544],[12.48268,45.9257],[12.4809,45.92661],[12.47959,45.92628],[12.47792,45.92753],[12.47471,45.92848],[12.4719,45.93003],[12.46941,45.93192],[12.46767,45.93168],[12.46662,45.93252],[12.46443,45.93287],[12.46272,45.93362],[12.46404,45.93598],[12.4636,45.93771],[12.46509,45.93952],[12.46433,45.94151],[12.46326,45.94185],[12.45983,45.94182],[12.45825,45.94263],[12.45663,45.94229],[12.45572,45.94395],[12.45611,45.94488],[12.45571,45.9461],[12.45427,45.94712],[12.45294,45.94715],[12.45131,45.94571],[12.45052,45.94433],[12.44586,45.94714],[12.44411,45.94768],[12.4419,45.94668],[12.43759,45.94549],[12.43478,45.94526],[12.43226,45.94551],[12.43031,45.94638],[12.42801,45.94648],[12.42573,45.94763],[12.42596,45.95174],[12.42491,45.95242],[12.42367,45.95407],[12.42312,45.95559],[12.42233,45.956],[12.42375,45.95847],[12.42364,45.96136],[12.42456,45.96386],[12.42535,45.96477],[12.42498,45.96577],[12.42712,45.96778],[12.42607,45.96977],[12.42676,45.97284],[12.42613,45.97637],[12.42595,45.97973],[12.42681,45.98113],[12.42674,45.98223],[12.42727,45.9857],[12.42801,45.98769],[12.42679,45.98862],[12.42773,45.9892],[12.42845,45.99333],[12.42821,45.99577],[12.42502,45.99757],[12.42375,45.99889],[12.42372,46.00079],[12.42141,46.00496],[12.41986,46.00711],[12.4187,46.00792],[12.41891,46.00911],[12.41798,46.01189],[12.41784,46.01402],[12.41865,46.01559],[12.41496,46.01999],[12.41482,46.01694],[12.41317,46.01153],[12.41226,46.007],[12.4121,46.00129],[12.41264,45.99953],[12.41194,45.99698],[12.41106,45.99581],[12.4094,45.99222],[12.40964,45.98951],[12.40935,45.98662],[12.40833,45.98511],[12.41323,45.98078],[12.4104,45.97906],[12.40905,45.97734],[12.40861,45.97567],[12.40779,45.97471],[12.40776,45.97298],[12.40698,45.9714],[12.4033,45.9712],[12.40261,45.97154],[12.40031,45.97077],[12.40148,45.96778],[12.40062,45.96662],[12.3964,45.96575],[12.39634,45.96519],[12.39448,45.96388],[12.39248,45.96292],[12.39202,45.96065],[12.3887,45.95934],[12.3871,45.9606],[12.38603,45.96057],[12.38262,45.96208],[12.38065,45.96351],[12.37802,45.96335],[12.376,45.9639],[12.3746,45.96506],[12.3727,45.96353],[12.36951,45.96139],[12.36792,45.96125],[12.36389,45.9598],[12.3622,45.9586],[12.36025,45.95876],[12.35958,45.96025],[12.35825,45.96151],[12.35706,45.96167],[12.35394,45.96127],[12.3503,45.96241],[12.34865,45.96334],[12.34699,45.96286],[12.34414,45.96418],[12.34229,45.96609],[12.34045,45.96655],[12.33943,45.96708],[12.33776,45.96705],[12.33521,45.96786],[12.33396,45.96991],[12.33167,45.97138],[12.32849,45.97387],[12.32556,45.97448],[12.32348,45.97575],[12.3219,45.97761],[12.32197,45.97897],[12.32092,45.98015],[12.32059,45.98151],[12.32154,45.98246],[12.32066,45.98356],[12.32056,45.98491],[12.32196,45.98584],[12.32476,45.98848],[12.32591,45.98895],[12.32692,45.99169],[12.32555,45.99273],[12.32838,45.99534],[12.32606,45.99659],[12.325,45.99769],[12.32479,45.99889],[12.32153,46.00096],[12.31949,46.0032],[12.32007,46.00435],[12.31863,46.00561],[12.31729,46.00567],[12.316,46.00648],[12.31401,46.00656],[12.31292,46.00844],[12.31308,46.00923],[12.30992,46.01006],[12.30904,46.01181],[12.30965,46.01403],[12.30817,46.01615],[12.31073,46.01728],[12.31297,46.01944],[12.31534,46.02068],[12.31818,46.02268],[12.31996,46.02234],[12.32153,46.02339],[12.32178,46.02534],[12.32146,46.02701],[12.32326,46.02888],[12.32337,46.0301],[12.32706,46.03224],[12.32871,46.0329],[12.32944,46.03453],[12.32832,46.03525],[12.32706,46.03519],[12.32528,46.03588],[12.32518,46.03655],[12.32636,46.03816],[12.32967,46.0394],[12.33234,46.04115],[12.33507,46.0419],[12.33586,46.04513],[12.33776,46.04635],[12.33822,46.04779],[12.33972,46.04855],[12.3405,46.05064],[12.34446,46.05113],[12.35098,46.05484],[12.35171,46.05671],[12.35296,46.05685],[12.3557,46.0591],[12.3581,46.06312],[12.35986,46.06509],[12.36117,46.06728],[12.3619,46.07161],[12.35683,46.07456],[12.35223,46.07753],[12.34856,46.0792],[12.34609,46.07911],[12.34241,46.07789],[12.34077,46.07773],[12.33717,46.07926],[12.33422,46.08007],[12.33186,46.08131],[12.33039,46.08256],[12.32853,46.08207],[12.32512,46.08192],[12.32243,46.08225],[12.31523,46.08076],[12.3128,46.08001],[12.30953,46.07788],[12.30649,46.07695],[12.3028,46.07635],[12.30094,46.07411],[12.29783,46.07105],[12.29614,46.06834],[12.29286,46.06463],[12.29073,46.06146],[12.28759,46.0595],[12.28456,46.05728],[12.28263,46.05651],[12.28261,46.05418],[12.2807,46.05165],[12.28068,46.04937],[12.27945,46.04812],[12.27595,46.04593],[12.27257,46.04259],[12.2716,46.04214],[12.2682,46.04145],[12.26366,46.03956],[12.26085,46.03875],[12.26012,46.03694],[12.25778,46.03703],[12.25492,46.03648],[12.25305,46.03397],[12.2532,46.03205],[12.2543,46.02949],[12.25454,46.02797],[12.25271,46.0273],[12.25098,46.02775],[12.25016,46.02645],[12.2505,46.02519],[12.252,46.02239],[12.25535,46.01675],[12.25668,46.01349],[12.25815,46.01113],[12.25987,46.01068],[12.25932,46.00915],[12.26037,46.00788],[12.26194,46.00485],[12.26409,46.00208],[12.26563,46.00081],[12.26582,45.9998],[12.26695,45.99881],[12.26899,45.99611],[12.26994,45.99559],[12.27163,45.99338],[12.26691,45.9911],[12.2603,45.98838],[12.25711,45.98678],[12.25569,45.98431],[12.25599,45.98314],[12.25801,45.98243],[12.25659,45.97884],[12.26058,45.97586],[12.26201,45.97422],[12.25741,45.97125],[12.25934,45.96949],[12.26021,45.96753],[12.25754,45.96721],[12.25605,45.96612],[12.25605,45.96429],[12.25027,45.96269],[12.25048,45.9606],[12.24978,45.95902],[12.25046,45.95807],[12.25232,45.95688],[12.25229,45.95485],[12.25367,45.95383],[12.25387,45.95292],[12.25563,45.95117],[12.25658,45.9508],[12.25511,45.9493],[12.25668,45.94767],[12.25423,45.94768],[12.25396,45.94832],[12.25182,45.94877],[12.24944,45.94703],[12.24775,45.9441],[12.24758,45.94255],[12.24608,45.94216],[12.24403,45.94046],[12.24645,45.9377],[12.24996,45.93525],[12.25216,45.93451],[12.25314,45.93367],[12.2551,45.93043],[12.25695,45.92847],[12.25899,45.92789],[12.26214,45.92619],[12.26375,45.92348],[12.26459,45.92154],[12.26639,45.91954],[12.26862,45.91818],[12.27001,45.91659],[12.27131,45.91604],[12.27495,45.91323],[12.27663,45.9142],[12.277,45.91544],[12.27655,45.91704],[12.27791,45.9191],[12.28004,45.91851],[12.28542,45.91882],[12.28663,45.91864],[12.28572,45.91697],[12.28774,45.9143],[12.28817,45.91118],[12.29164,45.91153],[12.29309,45.91033],[12.29308,45.90851],[12.29505,45.90678],[12.29474,45.90588],[12.29496,45.90218],[12.29594,45.90166],[12.29535,45.90052],[12.29248,45.90115],[12.29184,45.90185],[12.29004,45.90158],[12.28824,45.90389],[12.28595,45.90373],[12.28444,45.9044],[12.28315,45.9035],[12.28183,45.90365],[12.2798,45.90477],[12.27923,45.90561],[12.27591,45.90611],[12.27417,45.90603],[12.27257,45.90749],[12.27012,45.90829],[12.26656,45.90826],[12.26239,45.90651],[12.26337,45.90575],[12.26262,45.90426],[12.26157,45.90526],[12.25839,45.90597],[12.2567,45.90549],[12.25557,45.90608],[12.25274,45.90501],[12.25183,45.90499],[12.24844,45.90317],[12.25073,45.90215],[12.25153,45.90082],[12.25122,45.89947],[12.2498,45.89885],[12.24931,45.89622],[12.24778,45.89436],[12.24946,45.89191],[12.24891,45.89034],[12.24944,45.88942],[12.2508,45.88887],[12.25212,45.8874],[12.25233,45.88484],[12.25392,45.88381],[12.25412,45.88239],[12.25574,45.8818],[12.25691,45.88032],[12.25618,45.87913],[12.25744,45.8787],[12.25859,45.87763],[12.25874,45.87633],[12.26081,45.87506],[12.26028,45.87357],[12.25865,45.87436],[12.25684,45.87102],[12.2569,45.86984],[12.25569,45.86823],[12.25325,45.86771],[12.24896,45.87072],[12.24583,45.87214],[12.24268,45.8757],[12.2391,45.87823],[12.23728,45.87891],[12.23273,45.87976],[12.22849,45.87954],[12.22633,45.87895],[12.22564,45.8795],[12.22129,45.88041],[12.21969,45.8818],[12.22024,45.88362],[12.21703,45.89051],[12.21696,45.89319],[12.21205,45.89704],[12.20895,45.89866],[12.20768,45.899],[12.20548,45.89887],[12.20202,45.89786],[12.1994,45.89879],[12.19706,45.89874],[12.19668,45.89754],[12.19503,45.89558],[12.19546,45.89495],[12.19236,45.89252],[12.1917,45.89139],[12.19412,45.89068],[12.19237,45.88897],[12.19061,45.88497],[12.19127,45.88168],[12.19256,45.88099],[12.19253,45.87832],[12.191,45.87563],[12.18905,45.87332],[12.18479,45.87018],[12.18462,45.86887],[12.18521,45.8667],[12.18286,45.86391],[12.18026,45.86237],[12.17967,45.86161],[12.18145,45.86077],[12.18233,45.85935],[12.18213,45.85845],[12.17867,45.85103],[12.17668,45.85185],[12.16713,45.85434],[12.1632,45.85379],[12.16196,45.85318],[12.16058,45.85369],[12.15484,45.85368],[12.13404,45.84715],[12.12292,45.84075],[12.11764,45.83779],[12.10966,45.8361],[12.10801,45.823],[12.10135,45.82329],[12.10147,45.82021],[12.09469,45.82031],[12.0942,45.81381],[12.0878,45.81393],[12.08765,45.81269],[12.08068,45.81273],[12.08022,45.80864],[12.07695,45.80892],[12.07233,45.80906],[12.07229,45.81083],[12.05381,45.81095],[12.05309,45.8061],[12.04646,45.80606],[12.0405,45.80637],[12.03944,45.80734],[12.03803,45.80733],[12.0387,45.80905],[12.03897,45.81265],[12.03406,45.81314],[12.0324,45.81302],[12.02797,45.81206],[12.02209,45.81047],[12.01985,45.81025],[12.01754,45.81065],[12.01678,45.81151],[12.01044,45.80762],[12.01113,45.80678],[12.01195,45.80571],[12.01213,45.80181],[12.0127,45.80055],[12.01487,45.79759],[12.01696,45.7956],[12.01868,45.79447],[12.02078,45.79486],[12.01928,45.78894],[12.01901,45.78575],[12.01675,45.78474],[12.01817,45.78433],[12.01765,45.78192],[12.01614,45.78268],[12.01621,45.77853],[12.01445,45.77873],[12.01338,45.7767],[12.01221,45.77683],[12.01097,45.77615],[12.01054,45.77397],[12.00695,45.77373],[12.00627,45.77246],[12.00514,45.77188],[12.00595,45.76986],[12.00148,45.76823],[12.00209,45.76757],[11.99955,45.76698],[11.99982,45.76572],[11.99749,45.76488],[11.99773,45.76333],[11.99592,45.76314],[11.99695,45.7598],[11.99505,45.75868],[11.99559,45.7571],[11.99326,45.75618],[11.994,45.75418],[11.99397,45.75185],[11.99254,45.75141],[11.99291,45.75045],[11.99331,45.74851],[11.99471,45.74786],[11.99627,45.74489],[11.99776,45.73942],[11.99773,45.73764],[11.99858,45.73555],[11.99844,45.73233],[12.00236,45.7324],[12.00254,45.734],[12.00661,45.73359],[12.00724,45.73423],[12.01045,45.73327],[12.02075,45.73208],[12.02851,45.73151],[12.02915,45.73007],[12.02913,45.72854],[12.03042,45.72753],[12.03093,45.72341],[12.03503,45.72372],[12.03506,45.72468],[12.03655,45.72599],[12.04025,45.72735],[12.04329,45.72698],[12.04407,45.72187],[12.04421,45.71958],[12.0473,45.7197],[12.04712,45.72127],[12.05078,45.72179],[12.052,45.71876],[12.05134,45.71685],[12.05435,45.71659],[12.05386,45.71847],[12.05721,45.7193],[12.05854,45.71695],[12.06216,45.71723],[12.0658,45.71718],[12.06613,45.71673],[12.06905,45.71684],[12.06875,45.71982],[12.07066,45.72019],[12.07637,45.72047],[12.07624,45.72174],[12.08799,45.72441],[12.08948,45.72433],[12.09021,45.72242],[12.09458,45.71963],[12.09735,45.71747],[12.09778,45.71574],[12.09893,45.7146],[12.10121,45.7131],[12.10481,45.71152],[12.10631,45.71013],[12.10765,45.70991],[12.10979,45.70779],[12.1087,45.70749],[12.11039,45.705],[12.11196,45.70351],[12.10902,45.70189],[12.11105,45.70033],[12.11366,45.6978],[12.11211,45.6971],[12.11052,45.69841],[12.1097,45.69786],[12.11173,45.69623],[12.11047,45.69543],[12.11032,45.69417],[12.10894,45.69199],[12.10927,45.69048],[12.11044,45.68954],[12.11333,45.68946],[12.11352,45.68719],[12.11223,45.68652],[12.11381,45.68526],[12.11256,45.68458],[12.11491,45.68253],[12.11298,45.68134],[12.11504,45.6791],[12.1172,45.68023],[12.1206,45.67712],[12.11815,45.67672],[12.11766,45.67484],[12.1157,45.67419],[12.1174,45.67295],[12.11693,45.67215],[12.1181,45.6711],[12.1165,45.6692],[12.11748,45.66797],[12.11917,45.66674],[12.11949,45.66553],[12.12064,45.66444],[12.12342,45.66467],[12.1264,45.66331],[12.13049,45.66388],[12.13078,45.66123],[12.1327,45.66053],[12.13407,45.66161],[12.13612,45.66236],[12.1362,45.6602],[12.13913,45.65999],[12.14653,45.65877],[12.15013,45.65658],[12.15341,45.65887],[12.1528,45.65935],[12.15604,45.66184],[12.15792,45.66116],[12.15947,45.66001],[12.16043,45.66],[12.16176,45.66156],[12.16567,45.66131],[12.1666,45.66229],[12.16821,45.66237],[12.17065,45.66624],[12.17141,45.66786],[12.17298,45.66744],[12.17327,45.66893],[12.17479,45.6682],[12.17688,45.66974],[12.18239,45.66884],[12.18639,45.67277],[12.18179,45.6752],[12.18291,45.67645],[12.18584,45.67839],[12.18693,45.67764],[12.18791,45.67913],[12.18694,45.67972],[12.18732,45.68097],[12.18908,45.68266],[12.19134,45.68405],[12.19168,45.6854],[12.19553,45.68781],[12.19427,45.68916],[12.19413,45.69061],[12.19248,45.69247],[12.19589,45.69355],[12.19507,45.69515],[12.19402,45.69482],[12.19276,45.69584],[12.19044,45.69699],[12.18877,45.69893],[12.19265,45.70047],[12.19422,45.6992],[12.19717,45.69979],[12.19785,45.69947],[12.19956,45.70059],[12.19861,45.70164],[12.19977,45.70222],[12.20065,45.70136],[12.20209,45.7021],[12.20438,45.7026],[12.20453,45.70312],[12.20809,45.7042],[12.20976,45.70131],[12.2134,45.70127],[12.21406,45.70095],[12.21655,45.70262],[12.21843,45.70271],[12.22435,45.70482],[12.22555,45.70541],[12.22882,45.70601],[12.22952,45.70724],[12.23096,45.70763],[12.23536,45.70691],[12.23617,45.70598],[12.23791,45.70588],[12.24137,45.70403],[12.24155,45.70286],[12.23938,45.70096],[12.23832,45.69949],[12.2393,45.69476],[12.24172,45.69503],[12.24209,45.69419],[12.24518,45.6934],[12.24716,45.69354],[12.24906,45.69242],[12.24898,45.69077],[12.24993,45.69007],[12.25207,45.69069],[12.25366,45.68757],[12.25494,45.68675],[12.25639,45.68854],[12.25773,45.69159],[12.25898,45.69692],[12.2589,45.69976],[12.25933,45.70231],[12.26011,45.70307],[12.26167,45.70279],[12.26068,45.70113],[12.26222,45.70041],[12.26457,45.70014],[12.26425,45.698],[12.26624,45.69727],[12.26941,45.6981],[12.27107,45.69888],[12.27362,45.69903],[12.27527,45.69707],[12.27386,45.69668],[12.27419,45.69441],[12.27617,45.69538],[12.27694,45.69486],[12.27612,45.69372],[12.27778,45.69295],[12.27718,45.69226],[12.27449,45.69261],[12.27372,45.69169],[12.27576,45.68888],[12.27582,45.68811],[12.2745,45.68742],[12.27472,45.6864],[12.27278,45.6859],[12.27351,45.68399],[12.27443,45.68378],[12.27628,45.68208],[12.27735,45.68199],[12.28097,45.68283],[12.28119,45.6797],[12.28082,45.6787],[12.27727,45.67638],[12.2772,45.6749],[12.27844,45.67359],[12.27837,45.67228],[12.27964,45.6699],[12.28168,45.66964],[12.28454,45.66686],[12.28438,45.66455],[12.28559,45.66323],[12.28417,45.66041],[12.28723,45.65913],[12.28834,45.65822],[12.28611,45.65715],[12.2846,45.6555],[12.28271,45.65541],[12.28169,45.65451],[12.28142,45.65276],[12.28069,45.65216],[12.28092,45.6497],[12.28233,45.64869],[12.28136,45.64781],[12.28198,45.64635],[12.28287,45.64649],[12.28395,45.64445],[12.28211,45.64352],[12.28003,45.64353],[12.27854,45.64254],[12.27939,45.64168],[12.27918,45.64028],[12.27991,45.63915],[12.27742,45.63856],[12.27699,45.63768],[12.27452,45.63694],[12.27357,45.63766],[12.27213,45.63529],[12.27105,45.63516],[12.26933,45.63684],[12.26838,45.63856],[12.26858,45.63949],[12.26666,45.6406],[12.26342,45.63944],[12.25936,45.63936],[12.25649,45.64037],[12.25473,45.64174],[12.25178,45.64229],[12.25135,45.64391],[12.24786,45.64428],[12.24551,45.64516],[12.24144,45.64593],[12.24116,45.64342],[12.24017,45.6425],[12.23991,45.64096],[12.23865,45.64014],[12.23809,45.638],[12.23679,45.63746],[12.23397,45.63487],[12.23288,45.6344],[12.23306,45.63289],[12.2304,45.6321],[12.22929,45.63232],[12.22905,45.63364],[12.22714,45.63294],[12.22742,45.63186],[12.22679,45.63093],[12.2239,45.63067],[12.22361,45.63204],[12.22249,45.63181],[12.22115,45.63255],[12.21972,45.63181],[12.21696,45.63253],[12.21465,45.63379],[12.21528,45.63137],[12.21702,45.62816],[12.21634,45.62753],[12.21483,45.6278],[12.21327,45.6273],[12.21219,45.62627],[12.21072,45.62726],[12.20936,45.62717],[12.20777,45.6288],[12.2061,45.62837],[12.20528,45.62905],[12.20318,45.62962],[12.20187,45.63046],[12.20051,45.63051],[12.19994,45.63168],[12.19657,45.63074],[12.19628,45.63031],[12.19644,45.62588],[12.1954,45.62536],[12.19494,45.62401],[12.19496,45.62201],[12.19441,45.62031],[12.19547,45.62015],[12.19558,45.61739],[12.19494,45.61701],[12.19467,45.61423],[12.19094,45.6144],[12.19185,45.61283],[12.19191,45.61176],[12.19109,45.60875],[12.19173,45.60441],[12.19334,45.60423],[12.19227,45.60229],[12.19197,45.59962],[12.19132,45.59852],[12.18971,45.59973],[12.18772,45.60065],[12.1864,45.60067],[12.18573,45.60254],[12.18553,45.60446],[12.18358,45.60518],[12.18267,45.60467],[12.18242,45.60186],[12.18141,45.5956],[12.18179,45.59255],[12.18138,45.58829],[12.18401,45.58495],[12.18536,45.5849],[12.18651,45.58505],[12.18933,45.58346],[12.19177,45.58346],[12.19159,45.58151],[12.19049,45.57919],[12.19144,45.57785],[12.19449,45.57778],[12.19361,45.57556],[12.19421,45.5736],[12.19932,45.57259],[12.1995,45.57206],[12.20216,45.57158],[12.20536,45.5721],[12.20999,45.57131],[12.2099,45.56822],[12.20913,45.56565],[12.21161,45.56551],[12.21234,45.5645],[12.2121,45.56266],[12.20837,45.56216],[12.20834,45.56153],[12.21004,45.56049],[12.20942,45.5599],[12.20857,45.55421],[12.20721,45.55049],[12.20586,45.54972],[12.20413,45.5503],[12.20306,45.54992],[12.20389,45.54851]]],[[[12.29033,45.24087],[12.28774,45.23982],[12.28792,45.23864],[12.29134,45.23519],[12.29934,45.23459],[12.29786,45.23877],[12.29696,45.24247],[12.29659,45.24508],[12.29893,45.24745],[12.30006,45.24924],[12.30024,45.25144],[12.29932,45.25538],[12.29967,45.25841],[12.30191,45.26563],[12.30202,45.26969],[12.30276,45.27487],[12.30403,45.28077],[12.30595,45.28655],[12.30616,45.28789],[12.30821,45.29264],[12.31323,45.30578],[12.3132,45.30754],[12.31439,45.30969],[12.31615,45.3143],[12.31824,45.31857],[12.32212,45.32556],[12.32436,45.33013],[12.32635,45.33229],[12.3247,45.33226],[12.3228,45.33355],[12.32054,45.33429],[12.31848,45.3341],[12.3169,45.33303],[12.31849,45.33229],[12.31959,45.33122],[12.32154,45.32795],[12.31887,45.32599],[12.31893,45.32481],[12.31746,45.32333],[12.31781,45.32154],[12.31481,45.31686],[12.31255,45.31394],[12.31216,45.31237],[12.3096,45.30987],[12.30937,45.30874],[12.31017,45.30775],[12.31015,45.30338],[12.30718,45.29581],[12.3025,45.28558],[12.30188,45.2825],[12.30094,45.28088],[12.30085,45.27339],[12.3006,45.27209],[12.29954,45.27025],[12.29972,45.26683],[12.30052,45.26441],[12.29799,45.25554],[12.29936,45.25326],[12.29996,45.25073],[12.29971,45.2493],[12.29856,45.2474],[12.29342,45.24287],[12.29239,45.24272],[12.29033,45.24087]]],[[[12.31852,45.40349],[12.32358,45.40424],[12.32399,45.40514],[12.32343,45.40725],[12.32233,45.4076],[12.3179,45.40678],[12.31722,45.40621],[12.31765,45.40448],[12.31852,45.40349]]],[[[12.33052,45.42313],[12.33715,45.42316],[12.33896,45.42365],[12.34113,45.42502],[12.34188,45.4272],[12.34174,45.42835],[12.33934,45.42711],[12.33599,45.42587],[12.33393,45.4254],[12.32954,45.42574],[12.32389,45.42705],[12.3202,45.42835],[12.3179,45.4288],[12.31424,45.42904],[12.31308,45.42882],[12.31236,45.42789],[12.31099,45.42815],[12.3081,45.42718],[12.30737,45.4265],[12.31167,45.42511],[12.31663,45.42594],[12.32096,45.42423],[12.32367,45.42357],[12.32837,45.42344],[12.33052,45.42313]]],[[[12.33257,45.38086],[12.33304,45.38327],[12.32984,45.3834],[12.32881,45.38286],[12.33076,45.38047],[12.33257,45.38086]]],[[[12.30969,45.3398],[12.31102,45.3392],[12.31288,45.33909],[12.31741,45.34015],[12.32897,45.33748],[12.32873,45.34137],[12.32879,45.34375],[12.32937,45.34905],[12.32989,45.35106],[12.33199,45.35607],[12.33345,45.35857],[12.34072,45.36768],[12.34312,45.3709],[12.34737,45.37802],[12.35158,45.38368],[12.35423,45.38793],[12.36,45.39587],[12.3616,45.39731],[12.36362,45.39983],[12.36947,45.40559],[12.37719,45.41355],[12.3832,45.41852],[12.39042,45.42384],[12.39295,45.42458],[12.39353,45.42587],[12.39669,45.42789],[12.40008,45.42967],[12.39862,45.43001],[12.39514,45.4315],[12.3932,45.43277],[12.39202,45.43288],[12.38779,45.43428],[12.38609,45.4339],[12.3836,45.4325],[12.38353,45.43198],[12.38056,45.42902],[12.3774,45.42477],[12.3748,45.42005],[12.37244,45.41889],[12.36909,45.41808],[12.36805,45.41748],[12.36635,45.41534],[12.36186,45.40631],[12.3583,45.40138],[12.35757,45.40011],[12.34589,45.38574],[12.34275,45.38161],[12.33673,45.37396],[12.33668,45.36919],[12.3316,45.36016],[12.32892,45.35784],[12.32357,45.35111],[12.32051,45.34997],[12.31767,45.34933],[12.31285,45.3459],[12.31172,45.34605],[12.30956,45.34365],[12.30901,45.34158],[12.30969,45.3398]]],[[[12.33511,45.41234],[12.33393,45.41089],[12.33467,45.40967],[12.336,45.40933],[12.33748,45.41165],[12.33711,45.41258],[12.33511,45.41234]]],[[[12.35956,45.41269],[12.36078,45.41133],[12.36301,45.41221],[12.36135,45.41339],[12.35956,45.41269]]],[[[12.33858,45.42017],[12.33875,45.41798],[12.3409,45.41855],[12.3409,45.42],[12.33858,45.42017]]],[[[12.34624,45.42941],[12.34375,45.43025],[12.34258,45.42997],[12.34239,45.42823],[12.34403,45.42571],[12.34543,45.42595],[12.34634,45.42846],[12.34624,45.42941]]],[[[12.38157,45.43419],[12.3824,45.43529],[12.38214,45.4367],[12.38443,45.44511],[12.38373,45.44633],[12.38415,45.44795],[12.38515,45.44833],[12.38488,45.44946],[12.38318,45.44919],[12.38195,45.44812],[12.38194,45.44717],[12.37804,45.44514],[12.37579,45.4433],[12.37374,45.44326],[12.37265,45.44197],[12.37365,45.4382],[12.37507,45.43777],[12.37332,45.43503],[12.36796,45.43277],[12.36766,45.43211],[12.36956,45.43126],[12.37315,45.43175],[12.37543,45.4337],[12.37779,45.43458],[12.38005,45.43367],[12.38157,45.43419]]],[[[12.38934,45.4552],[12.38812,45.45798],[12.38332,45.45706],[12.38515,45.45525],[12.38934,45.4552]]],[[[12.34691,45.45416],[12.34776,45.45356],[12.34783,45.45187],[12.34891,45.45148],[12.35154,45.45192],[12.35219,45.45242],[12.3568,45.4537],[12.35824,45.45428],[12.35824,45.45566],[12.36081,45.45837],[12.36078,45.45947],[12.35926,45.46047],[12.35481,45.46206],[12.35624,45.46262],[12.35646,45.46429],[12.35464,45.46567],[12.3522,45.46538],[12.35099,45.46484],[12.34521,45.46357],[12.34571,45.46075],[12.34427,45.45786],[12.34317,45.45472],[12.34631,45.45488],[12.34691,45.45416]]],[[[12.43189,45.47208],[12.4293,45.47222],[12.42402,45.47341],[12.42255,45.47214],[12.42173,45.46974],[12.42047,45.46853],[12.41825,45.46717],[12.41528,45.46589],[12.41348,45.46342],[12.41419,45.46279],[12.41271,45.4609],[12.40967,45.45902],[12.40801,45.45857],[12.40665,45.45737],[12.40546,45.45715],[12.40319,45.45801],[12.40016,45.45819],[12.39992,45.45667],[12.3971,45.45589],[12.39265,45.45608],[12.39136,45.45433],[12.38884,45.45463],[12.38568,45.45413],[12.38696,45.45182],[12.38895,45.44961],[12.38982,45.44918],[12.39168,45.44712],[12.39146,45.44502],[12.39291,45.44454],[12.3974,45.44546],[12.4013,45.4468],[12.40256,45.44819],[12.40902,45.4509],[12.41465,45.45406],[12.41868,45.45709],[12.42101,45.45785],[12.42185,45.45859],[12.42112,45.45966],[12.42792,45.46586],[12.42793,45.46759],[12.43189,45.47208]]],[[[12.42126,45.48451],[12.42138,45.48548],[12.42036,45.48693],[12.41832,45.48733],[12.41439,45.48764],[12.41302,45.48591],[12.41366,45.48523],[12.41758,45.48275],[12.42126,45.48451]]],[[[12.40312,45.48405],[12.40653,45.48379],[12.41405,45.48811],[12.41263,45.4893],[12.41257,45.49066],[12.41163,45.49149],[12.41171,45.49337],[12.41108,45.49439],[12.40221,45.49088],[12.4007,45.4909],[12.39712,45.49033],[12.3976,45.48925],[12.3999,45.48958],[12.40051,45.48906],[12.39984,45.48759],[12.40284,45.48611],[12.40312,45.48405]]],[[[12.41961,45.49993],[12.41522,45.50142],[12.41444,45.49932],[12.41352,45.49852],[12.41071,45.49853],[12.40858,45.49923],[12.41419,45.49298],[12.41496,45.4904],[12.41596,45.48927],[12.41789,45.48904],[12.41858,45.4903],[12.41796,45.49223],[12.41871,45.49334],[12.42033,45.49407],[12.42293,45.49419],[12.42693,45.497],[12.42672,45.49737],[12.42379,45.49769],[12.42226,45.49853],[12.42421,45.49987],[12.4261,45.50031],[12.42599,45.50105],[12.42225,45.49971],[12.41961,45.49993]]],[[[12.47486,45.5031],[12.47423,45.50407],[12.47164,45.504],[12.47001,45.50432],[12.46877,45.50268],[12.47057,45.50228],[12.47486,45.5031]]],[[[12.43933,45.50302],[12.44092,45.50324],[12.44188,45.50432],[12.44373,45.50499],[12.44487,45.50644],[12.44435,45.50682],[12.44585,45.5089],[12.44485,45.50958],[12.44304,45.50912],[12.44182,45.50961],[12.44032,45.51095],[12.43844,45.51019],[12.44007,45.50803],[12.44077,45.50653],[12.44045,45.50372],[12.43687,45.50348],[12.43684,45.50278],[12.43933,45.50302]]],[[[12.45574,45.51028],[12.45333,45.51107],[12.45245,45.51183],[12.44969,45.51112],[12.44837,45.50852],[12.45139,45.50831],[12.45402,45.5076],[12.45634,45.50622],[12.45786,45.50583],[12.45959,45.50772],[12.45911,45.50939],[12.45574,45.51028]]],[[[12.54489,45.52415],[12.54286,45.52582],[12.54353,45.52856],[12.54079,45.52902],[12.53757,45.52548],[12.53991,45.52495],[12.54415,45.5223],[12.54489,45.52415]]],[[[12.52651,45.55786],[12.52531,45.5586],[12.52229,45.55645],[12.52425,45.55495],[12.52651,45.55786]]]]},"properties":{"idApp":925032,"aopId":"piave-malanotte","name":"Piave Malanotte","nameJa":"ピアーヴェ・マラノッテ","kind":"village","tags":["docg"],"rank":1},"bbox":[11.99254,45.23459,12.8171,46.08256]},{"type":"Feature","geometry":{"type":"Polygon","coordinates":[[[11.8312,45.74051],[11.83229,45.74046],[11.83714,45.74104],[11.83939,45.74208],[11.83981,45.74316],[11.84218,45.74305],[11.84261,45.74442],[11.84464,45.74401],[11.84732,45.74408],[11.84953,45.74358],[11.85223,45.74366],[11.8526,45.74499],[11.85554,45.74525],[11.85639,45.74663],[11.85636,45.74808],[11.85792,45.74778],[11.85779,45.74897],[11.85905,45.74911],[11.85941,45.75128],[11.86005,45.75201],[11.86381,45.75362],[11.8661,45.75404],[11.86574,45.75516],[11.86696,45.75575],[11.87028,45.75418],[11.86996,45.75562],[11.87371,45.75679],[11.87515,45.75671],[11.87503,45.75569],[11.87734,45.75555],[11.87822,45.75669],[11.87935,45.75626],[11.89196,45.75575],[11.89192,45.75613],[11.90062,45.75577],[11.90021,45.75925],[11.90109,45.76053],[11.90301,45.76047],[11.90298,45.76257],[11.90163,45.7621],[11.90153,45.76382],[11.9048,45.76418],[11.90485,45.76548],[11.9076,45.7656],[11.91173,45.7666],[11.91603,45.76823],[11.9173,45.76812],[11.91822,45.76505],[11.9204,45.7629],[11.92109,45.76073],[11.92424,45.76106],[11.92483,45.76014],[11.92695,45.76066],[11.93266,45.75987],[11.93344,45.75749],[11.93945,45.75848],[11.93908,45.76081],[11.94397,45.76067],[11.94376,45.76182],[11.94471,45.76214],[11.94569,45.76113],[11.94844,45.76131],[11.94526,45.7705],[11.95008,45.77095],[11.95425,45.77179],[11.95451,45.77094],[11.95731,45.77131],[11.95737,45.77194],[11.96012,45.77232],[11.96313,45.77208],[11.96611,45.77257],[11.9666,45.76958],[11.96671,45.76666],[11.96753,45.76462],[11.97452,45.76523],[11.97569,45.76595],[11.97914,45.76653],[11.97928,45.76506],[11.98023,45.76377],[11.98201,45.75951],[11.98187,45.75764],[11.98422,45.75792],[11.98472,45.75582],[11.98744,45.75596],[11.98878,45.75495],[11.99035,45.75295],[11.99081,45.75097],[11.99291,45.75045],[11.99331,45.74851],[11.99471,45.74786],[11.99627,45.74489],[11.99776,45.73942],[11.99773,45.73764],[11.99858,45.73555],[11.99844,45.73233],[12.00236,45.7324],[12.00254,45.734],[12.00661,45.73359],[12.00724,45.73423],[12.01045,45.73327],[12.02075,45.73208],[12.02851,45.73151],[12.02915,45.73007],[12.02913,45.72854],[12.03042,45.72753],[12.03093,45.72341],[12.03503,45.72372],[12.03506,45.72468],[12.03655,45.72599],[12.04025,45.72735],[12.04329,45.72698],[12.04355,45.7285],[12.04496,45.72934],[12.04495,45.73447],[12.04724,45.73517],[12.0471,45.73643],[12.0481,45.73675],[12.04793,45.73984],[12.04745,45.74236],[12.04956,45.74296],[12.0556,45.74395],[12.0565,45.74359],[12.05864,45.74388],[12.05789,45.74631],[12.06166,45.74692],[12.06102,45.74856],[12.0694,45.75077],[12.06885,45.75169],[12.07277,45.75159],[12.07707,45.75257],[12.07659,45.75384],[12.07849,45.75484],[12.08096,45.75534],[12.08154,45.75624],[12.08298,45.75633],[12.08549,45.75761],[12.08634,45.75737],[12.08734,45.75595],[12.08944,45.75435],[12.09147,45.75155],[12.09257,45.75188],[12.09488,45.75414],[12.10003,45.75655],[12.10436,45.75837],[12.10648,45.75582],[12.11185,45.75157],[12.11662,45.75391],[12.11928,45.75613],[12.12036,45.75788],[12.12464,45.75477],[12.12899,45.75277],[12.13599,45.74767],[12.13206,45.74442],[12.13444,45.74282],[12.13588,45.7414],[12.13686,45.74106],[12.13849,45.74151],[12.13981,45.74281],[12.1416,45.74392],[12.14351,45.7422],[12.1473,45.74009],[12.14846,45.7403],[12.15067,45.74164],[12.15191,45.74278],[12.15508,45.74172],[12.15783,45.74376],[12.15893,45.74389],[12.15589,45.74619],[12.15671,45.74694],[12.15516,45.74805],[12.15647,45.74984],[12.15252,45.75269],[12.15238,45.75351],[12.15447,45.7548],[12.15788,45.7562],[12.15982,45.75761],[12.16477,45.76079],[12.16811,45.76211],[12.1719,45.76278],[12.1736,45.76283],[12.17578,45.76226],[12.17848,45.76272],[12.18152,45.76011],[12.18479,45.75904],[12.18608,45.75947],[12.18633,45.76209],[12.18725,45.76587],[12.18898,45.7666],[12.18914,45.76794],[12.18999,45.76883],[12.19278,45.76883],[12.19473,45.76843],[12.195,45.7697],[12.19724,45.77013],[12.19795,45.76924],[12.20107,45.76883],[12.20329,45.76957],[12.20503,45.77172],[12.20712,45.76975],[12.20801,45.77081],[12.20917,45.77027],[12.21027,45.77128],[12.20842,45.7729],[12.20696,45.77568],[12.20554,45.77514],[12.20316,45.77988],[12.20256,45.78051],[12.20362,45.78207],[12.20621,45.78169],[12.20645,45.78339],[12.20556,45.78445],[12.20578,45.78561],[12.20469,45.78682],[12.2035,45.78736],[12.20346,45.78908],[12.20292,45.79129],[12.20419,45.79142],[12.20428,45.7932],[12.20519,45.79318],[12.20581,45.79576],[12.20977,45.79561],[12.21418,45.79609],[12.21457,45.79541],[12.21653,45.79479],[12.21779,45.79566],[12.22022,45.79455],[12.22616,45.79378],[12.22688,45.79421],[12.23169,45.79449],[12.23411,45.79441],[12.2396,45.79484],[12.24299,45.79578],[12.24456,45.79737],[12.24689,45.79781],[12.25352,45.80012],[12.25597,45.80063],[12.25942,45.80192],[12.27971,45.80732],[12.28047,45.80739],[12.27817,45.81184],[12.27748,45.81441],[12.27933,45.81918],[12.28292,45.81921],[12.28154,45.82228],[12.27828,45.82537],[12.27811,45.83057],[12.27826,45.83408],[12.27785,45.83549],[12.27624,45.83618],[12.27047,45.83644],[12.27003,45.83877],[12.26823,45.84127],[12.26584,45.84411],[12.26415,45.84742],[12.2643,45.84808],[12.26597,45.84897],[12.27062,45.85998],[12.27273,45.86466],[12.27347,45.86507],[12.27654,45.86493],[12.28021,45.8664],[12.28244,45.86601],[12.28482,45.86637],[12.28813,45.8662],[12.29075,45.86718],[12.2927,45.8668],[12.29415,45.86726],[12.29632,45.86676],[12.2998,45.86685],[12.30144,45.86723],[12.30426,45.8645],[12.30689,45.86399],[12.3089,45.86432],[12.31807,45.86189],[12.3199,45.86208],[12.32289,45.86164],[12.32706,45.86016],[12.3288,45.8607],[12.32993,45.86175],[12.33126,45.86183],[12.33305,45.86465],[12.33189,45.8657],[12.33291,45.86653],[12.33228,45.86748],[12.33037,45.86867],[12.32759,45.86953],[12.32596,45.87074],[12.32803,45.87238],[12.33159,45.86967],[12.33624,45.86971],[12.33779,45.86776],[12.34087,45.86581],[12.34173,45.86468],[12.34365,45.86414],[12.34789,45.86177],[12.35028,45.86088],[12.35302,45.86033],[12.3542,45.85966],[12.3565,45.85942],[12.35898,45.85971],[12.36024,45.86111],[12.36332,45.85975],[12.36686,45.85958],[12.36866,45.86137],[12.37058,45.86155],[12.3708,45.86261],[12.3719,45.86402],[12.37177,45.86527],[12.37247,45.86616],[12.374,45.8643],[12.37557,45.86657],[12.37565,45.86786],[12.3718,45.86999],[12.373,45.87131],[12.37496,45.87203],[12.37706,45.87193],[12.37819,45.87262],[12.38241,45.87271],[12.38554,45.8718],[12.38582,45.87259],[12.38768,45.87327],[12.38933,45.87437],[12.39305,45.87406],[12.39654,45.87329],[12.40471,45.87074],[12.4104,45.86867],[12.40978,45.87082],[12.41113,45.87082],[12.41038,45.87244],[12.41182,45.87369],[12.41182,45.87681],[12.40722,45.88021],[12.4065,45.87951],[12.40161,45.88351],[12.40074,45.8846],[12.39791,45.88559],[12.39651,45.88645],[12.39633,45.8888],[12.39366,45.8907],[12.39211,45.89218],[12.38879,45.89322],[12.38885,45.89429],[12.39031,45.89689],[12.38943,45.8974],[12.38872,45.89937],[12.39078,45.90098],[12.38968,45.90212],[12.38819,45.9027],[12.38715,45.90394],[12.38458,45.90527],[12.38494,45.90591],[12.38173,45.90748],[12.38037,45.90851],[12.38086,45.90941],[12.37915,45.91062],[12.37864,45.91152],[12.37941,45.91243],[12.37652,45.91408],[12.37495,45.91532],[12.37393,45.91476],[12.3721,45.91629],[12.37444,45.91746],[12.37459,45.91828],[12.37238,45.91989],[12.37153,45.91967],[12.37057,45.92098],[12.37564,45.92125],[12.37546,45.92298],[12.37614,45.92421],[12.37543,45.92555],[12.37739,45.92609],[12.37567,45.93076],[12.38013,45.93209],[12.38461,45.93363],[12.39112,45.93703],[12.39581,45.93649],[12.39943,45.93553],[12.40242,45.93506],[12.40379,45.93572],[12.4087,45.93903],[12.41095,45.94128],[12.41187,45.94047],[12.41279,45.93845],[12.41419,45.93966],[12.41713,45.9377],[12.41861,45.93796],[12.42008,45.93701],[12.42261,45.93747],[12.4267,45.93944],[12.42903,45.93982],[12.43388,45.93963],[12.44136,45.93751],[12.44447,45.9352],[12.44531,45.93341],[12.44731,45.93187],[12.44721,45.92948],[12.44997,45.92776],[12.4548,45.92398],[12.45877,45.92277],[12.45817,45.92071],[12.45934,45.91795],[12.46054,45.91681],[12.46429,45.91538],[12.46713,45.91476],[12.47084,45.91294],[12.47378,45.91292],[12.4773,45.91724],[12.48292,45.9219],[12.48636,45.9258],[12.48485,45.92544],[12.48268,45.9257],[12.4809,45.92661],[12.47959,45.92628],[12.47792,45.92753],[12.47471,45.92848],[12.4719,45.93003],[12.46941,45.93192],[12.46767,45.93168],[12.46662,45.93252],[12.46443,45.93287],[12.46272,45.93362],[12.46404,45.93598],[12.4636,45.93771],[12.46509,45.93952],[12.46433,45.94151],[12.46326,45.94185],[12.45983,45.94182],[12.45825,45.94263],[12.45663,45.94229],[12.45572,45.94395],[12.45611,45.94488],[12.45571,45.9461],[12.45427,45.94712],[12.45294,45.94715],[12.45131,45.94571],[12.45052,45.94433],[12.44586,45.94714],[12.44411,45.94768],[12.4419,45.94668],[12.43759,45.94549],[12.43478,45.94526],[12.43226,45.94551],[12.43031,45.94638],[12.42801,45.94648],[12.42573,45.94763],[12.42596,45.95174],[12.42491,45.95242],[12.42367,45.95407],[12.42312,45.95559],[12.42233,45.956],[12.42375,45.95847],[12.42364,45.96136],[12.42456,45.96386],[12.42535,45.96477],[12.42498,45.96577],[12.42712,45.96778],[12.42607,45.96977],[12.42676,45.97284],[12.42613,45.97637],[12.42595,45.97973],[12.42681,45.98113],[12.42674,45.98223],[12.42727,45.9857],[12.42801,45.98769],[12.42679,45.98862],[12.42773,45.9892],[12.42845,45.99333],[12.42821,45.99577],[12.42502,45.99757],[12.42375,45.99889],[12.42372,46.00079],[12.42141,46.00496],[12.41986,46.00711],[12.4187,46.00792],[12.41891,46.00911],[12.41798,46.01189],[12.41784,46.01402],[12.41865,46.01559],[12.41496,46.01999],[12.41641,46.02194],[12.41598,46.02375],[12.41508,46.02526],[12.4153,46.02687],[12.41446,46.02801],[12.41137,46.03063],[12.41037,46.03234],[12.40888,46.03384],[12.40604,46.03521],[12.40211,46.0383],[12.399,46.04143],[12.40053,46.042],[12.40399,46.04524],[12.403,46.04614],[12.40296,46.04792],[12.40149,46.0505],[12.40162,46.05452],[12.4004,46.05855],[12.39953,46.06244],[12.39473,46.06252],[12.39245,46.063],[12.3909,46.06242],[12.38614,46.06293],[12.38849,46.06449],[12.38931,46.06774],[12.39151,46.07135],[12.38891,46.07192],[12.38599,46.07197],[12.38246,46.07295],[12.38051,46.07161],[12.3773,46.07148],[12.37621,46.0757],[12.37082,46.07603],[12.36985,46.07477],[12.36813,46.07615],[12.36632,46.07629],[12.36526,46.07363],[12.36462,46.07299],[12.3619,46.07161],[12.35683,46.07456],[12.35223,46.07753],[12.34856,46.0792],[12.34609,46.07911],[12.34241,46.07789],[12.34077,46.07773],[12.33717,46.07926],[12.33422,46.08007],[12.33186,46.08131],[12.33039,46.08256],[12.32853,46.08207],[12.32512,46.08192],[12.32243,46.08225],[12.31523,46.08076],[12.3128,46.08001],[12.30953,46.07788],[12.30649,46.07695],[12.3028,46.07635],[12.30094,46.07411],[12.29783,46.07105],[12.29614,46.06834],[12.29286,46.06463],[12.29073,46.06146],[12.28759,46.0595],[12.28456,46.05728],[12.28263,46.05651],[12.28261,46.05418],[12.2807,46.05165],[12.28068,46.04937],[12.27945,46.04812],[12.27595,46.04593],[12.27257,46.04259],[12.2716,46.04214],[12.2682,46.04145],[12.26366,46.03956],[12.26085,46.03875],[12.26012,46.03694],[12.25778,46.03703],[12.25492,46.03648],[12.25305,46.03397],[12.2532,46.03205],[12.2543,46.02949],[12.25454,46.02797],[12.25271,46.0273],[12.25098,46.02775],[12.24814,46.0286],[12.24733,46.02565],[12.24687,46.02523],[12.24352,46.02532],[12.24157,46.0248],[12.23992,46.02485],[12.23784,46.02202],[12.23627,46.02049],[12.23517,46.01886],[12.23166,46.01745],[12.23045,46.01552],[12.22859,46.01426],[12.22619,46.01312],[12.22477,46.01408],[12.22172,46.01407],[12.21683,46.01269],[12.21213,46.01044],[12.20952,46.00964],[12.20536,46.00885],[12.20207,46.0074],[12.19616,46.0061],[12.1916,46.00458],[12.19089,46.00462],[12.19102,46.00574],[12.1887,46.00882],[12.18633,46.00982],[12.18449,46.01111],[12.18171,46.01187],[12.1786,46.01403],[12.17621,46.01421],[12.17329,46.01381],[12.16688,46.01357],[12.16791,46.0087],[12.16924,46.00694],[12.16923,46.00582],[12.16358,46.00462],[12.15562,46.00365],[12.15514,46.00082],[12.15279,46.00179],[12.14929,46.00177],[12.14722,46.00278],[12.14567,46.00284],[12.14289,46.00134],[12.13938,45.99984],[12.13763,46.00087],[12.13181,46.00126],[12.12769,46.00183],[12.12658,46.00227],[12.12315,46.00264],[12.121,46.00389],[12.11878,46.00347],[12.11245,46.00344],[12.10979,46.00281],[12.10659,46.00001],[12.10326,45.99765],[12.10334,45.99647],[12.10459,45.9951],[12.10538,45.99262],[12.10393,45.99092],[12.10333,45.98898],[12.10155,45.98708],[12.09818,45.98503],[12.09594,45.98428],[12.09412,45.98199],[12.07817,45.97651],[12.07643,45.97608],[12.07789,45.97435],[12.07867,45.97284],[12.07707,45.97222],[12.0702,45.96732],[12.06694,45.96546],[12.06293,45.9637],[12.06193,45.96151],[12.06078,45.9608],[12.05933,45.96207],[12.05477,45.96464],[12.05286,45.96511],[12.05083,45.96383],[12.04937,45.9612],[12.04751,45.96196],[12.04548,45.96433],[12.03972,45.96919],[12.03275,45.97362],[12.03056,45.97357],[12.02685,45.97165],[12.02394,45.97123],[12.02274,45.97025],[12.02308,45.96904],[12.02166,45.96525],[12.02177,45.96382],[12.01896,45.96208],[12.01629,45.96278],[12.01226,45.96489],[12.01197,45.96642],[12.01115,45.96707],[12.00621,45.96821],[12.00377,45.96815],[12.00285,45.96662],[12.00019,45.96767],[11.99886,45.96741],[11.99509,45.96525],[11.98865,45.95984],[11.98543,45.96086],[11.98043,45.95961],[11.97675,45.95921],[11.97269,45.95809],[11.96854,45.9552],[11.96302,45.9551],[11.9616,45.95468],[11.95206,45.94824],[11.95156,45.94757],[11.95118,45.94394],[11.95147,45.9409],[11.9508,45.9377],[11.9496,45.93431],[11.94672,45.93073],[11.94596,45.92787],[11.94515,45.92702],[11.94758,45.92365],[11.94891,45.92125],[11.94859,45.92033],[11.94521,45.91605],[11.94416,45.91345],[11.94399,45.91117],[11.9459,45.90806],[11.9476,45.90555],[11.94907,45.90111],[11.95056,45.89579],[11.94924,45.89534],[11.94373,45.89356],[11.9424,45.89423],[11.94142,45.8935],[11.93903,45.89296],[11.93271,45.89356],[11.93053,45.89415],[11.92825,45.89316],[11.92452,45.89222],[11.91982,45.89071],[11.91823,45.8896],[11.91334,45.88916],[11.91122,45.88917],[11.90808,45.88971],[11.90475,45.88929],[11.90031,45.88923],[11.89409,45.88712],[11.8884,45.88462],[11.88272,45.88319],[11.87959,45.88195],[11.87612,45.88123],[11.87279,45.88115],[11.86923,45.88075],[11.86279,45.88252],[11.8599,45.88391],[11.85686,45.88368],[11.85229,45.88449],[11.84716,45.88389],[11.84645,45.8843],[11.84537,45.8876],[11.84454,45.88883],[11.84505,45.89113],[11.84647,45.89403],[11.84631,45.89566],[11.84501,45.89677],[11.84127,45.89793],[11.84016,45.89892],[11.83957,45.90067],[11.83854,45.90147],[11.83681,45.90152],[11.8345,45.9028],[11.83332,45.90413],[11.83068,45.90547],[11.82902,45.90757],[11.82534,45.9081],[11.82254,45.90461],[11.82084,45.90288],[11.81962,45.90105],[11.81749,45.90001],[11.81703,45.89818],[11.81532,45.89435],[11.81162,45.89096],[11.81136,45.88942],[11.80762,45.88612],[11.80397,45.88407],[11.80181,45.88207],[11.7996,45.88056],[11.79983,45.87632],[11.79921,45.87489],[11.79923,45.87196],[11.79642,45.87173],[11.79265,45.87096],[11.79001,45.87143],[11.78617,45.87064],[11.78528,45.86957],[11.78265,45.86949],[11.78033,45.86814],[11.77498,45.86845],[11.77021,45.86815],[11.76665,45.86931],[11.7659,45.86643],[11.76414,45.86362],[11.76247,45.86189],[11.76218,45.85881],[11.76018,45.85773],[11.75528,45.85723],[11.75103,45.85649],[11.74624,45.85653],[11.74494,45.85621],[11.7427,45.8549],[11.74401,45.85241],[11.744,45.85013],[11.74579,45.84791],[11.74953,45.84633],[11.75388,45.84455],[11.75637,45.84436],[11.75732,45.84347],[11.75795,45.84081],[11.75939,45.83867],[11.75763,45.83331],[11.75376,45.83039],[11.75184,45.82661],[11.7515,45.82492],[11.75037,45.82335],[11.7505,45.82048],[11.75228,45.81861],[11.75277,45.8159],[11.75678,45.81145],[11.75898,45.80956],[11.76127,45.80597],[11.76219,45.80497],[11.76359,45.80519],[11.76465,45.80323],[11.76323,45.80263],[11.76421,45.80185],[11.76557,45.80226],[11.76782,45.80074],[11.76934,45.79881],[11.77067,45.79819],[11.77271,45.79604],[11.775,45.79597],[11.77692,45.79457],[11.77923,45.79188],[11.78194,45.79299],[11.78333,45.79404],[11.78313,45.79473],[11.78425,45.79569],[11.78683,45.79669],[11.78913,45.79716],[11.79091,45.79826],[11.79117,45.80026],[11.7941,45.80057],[11.79467,45.7991],[11.79622,45.79986],[11.79869,45.79953],[11.80327,45.79996],[11.80384,45.798],[11.80751,45.79735],[11.81121,45.79753],[11.81022,45.79651],[11.80849,45.79578],[11.80946,45.79433],[11.80905,45.79294],[11.81079,45.79143],[11.81157,45.79016],[11.81284,45.78927],[11.81534,45.78918],[11.81708,45.78853],[11.81845,45.78722],[11.81925,45.78577],[11.81846,45.78549],[11.82007,45.78274],[11.82113,45.78218],[11.82242,45.77893],[11.82065,45.77882],[11.82224,45.77515],[11.8237,45.77272],[11.82552,45.77266],[11.82678,45.76948],[11.82448,45.7678],[11.82521,45.7667],[11.82651,45.76597],[11.82619,45.76481],[11.8281,45.76219],[11.83108,45.76128],[11.83207,45.76004],[11.83217,45.75875],[11.83022,45.75846],[11.83077,45.75763],[11.83283,45.75767],[11.83318,45.75593],[11.83123,45.75588],[11.82969,45.75539],[11.83619,45.74898],[11.83343,45.7463],[11.83266,45.74431],[11.83102,45.74157],[11.8312,45.74051]],[[12.10966,45.8361],[12.10729,45.83549],[12.10406,45.83521],[12.10144,45.83759],[12.09679,45.84121],[12.09239,45.84525],[12.07707,45.8518],[12.07578,45.85195],[12.07534,45.85496],[12.07434,45.85559],[12.07339,45.85834],[12.07217,45.86049],[12.07079,45.86394],[12.06917,45.86734],[12.06791,45.86844],[12.06546,45.86889],[12.06446,45.87064],[12.06697,45.87152],[12.0671,45.87277],[12.06916,45.87498],[12.06803,45.87624],[12.06674,45.87651],[12.0638,45.87848],[12.06408,45.87952],[12.06547,45.88041],[12.06754,45.88286],[12.0681,45.88132],[12.07191,45.88341],[12.0734,45.88175],[12.07494,45.88172],[12.07582,45.88068],[12.07792,45.88138],[12.07922,45.88059],[12.08147,45.88043],[12.0822,45.88108],[12.08368,45.87928],[12.08497,45.87971],[12.08675,45.87886],[12.08745,45.87789],[12.09229,45.87713],[12.09805,45.87779],[12.09743,45.88098],[12.0981,45.8813],[12.1005,45.88042],[12.10711,45.87854],[12.11047,45.87714],[12.11394,45.87644],[12.11461,45.87341],[12.11489,45.86865],[12.11427,45.86235],[12.11419,45.85891],[12.11299,45.8568],[12.11291,45.85489],[12.11417,45.8497],[12.11586,45.84354],[12.11621,45.84176],[12.11764,45.83779],[12.10966,45.8361]]]},"properties":{"idApp":925028,"aopId":"asolo-prosecco","name":"Asolo Prosecco","nameJa":"アーゾロ・プロセッコ","kind":"village","tags":["docg"],"rank":1},"bbox":[11.7427,45.72341,12.48636,46.08256]},{"type":"Feature","geometry":{"type":"MultiPolygon","coordinates":[[[[11.98658,45.34972],[11.9858,45.3469],[11.98449,45.34493],[11.98253,45.34307],[11.98131,45.33894],[11.97983,45.33767],[11.97996,45.33509],[11.9814,45.3341],[11.98634,45.32991],[11.98703,45.32967],[11.98566,45.32601],[11.98527,45.32345],[11.98781,45.32443],[11.98904,45.32659],[11.99023,45.3256],[11.99047,45.32375],[11.99163,45.32194],[11.99313,45.3209],[11.99504,45.31748],[11.99499,45.31591],[11.9917,45.31421],[11.99212,45.31325],[11.99405,45.31254],[11.99555,45.31272],[11.99924,45.3147],[11.99942,45.31366],[12.00108,45.31321],[12.00403,45.31068],[12.00306,45.30898],[12.00377,45.30869],[12.00388,45.30519],[12.00824,45.30393],[12.00833,45.30315],[12.00651,45.30135],[12.00839,45.30073],[12.01038,45.2993],[12.013,45.29918],[12.01316,45.29829],[12.01112,45.29602],[12.0123,45.29559],[12.01283,45.29445],[12.01691,45.29296],[12.01625,45.29182],[12.01761,45.29093],[12.01608,45.28971],[12.01545,45.28849],[12.01394,45.28785],[12.0118,45.28615],[12.01131,45.28384],[12.01425,45.2838],[12.01496,45.28324],[12.01531,45.2809],[12.01346,45.27917],[12.01277,45.27643],[12.01049,45.2756],[12.00977,45.27327],[12.00854,45.27254],[12.00822,45.2712],[12.00913,45.27069],[12.00852,45.26972],[12.01147,45.26934],[12.01074,45.26803],[12.01187,45.26655],[12.01356,45.26598],[12.01504,45.26474],[12.0142,45.26243],[12.01168,45.26201],[12.0097,45.26211],[12.00944,45.25671],[12.01062,45.25587],[12.01405,45.25472],[12.01707,45.25523],[12.01864,45.25515],[12.01977,45.25423],[12.02556,45.25435],[12.02709,45.25514],[12.03135,45.25458],[12.03181,45.25655],[12.03103,45.25821],[12.03239,45.25951],[12.03283,45.26149],[12.03279,45.26431],[12.03355,45.26628],[12.03255,45.26849],[12.03579,45.27269],[12.03734,45.27702],[12.03895,45.27712],[12.03989,45.27841],[12.04372,45.27856],[12.04355,45.27975],[12.04533,45.27962],[12.04745,45.28116],[12.04916,45.28083],[12.04945,45.28159],[12.05347,45.28198],[12.05574,45.28163],[12.056,45.28094],[12.05764,45.2807],[12.05907,45.28156],[12.06387,45.2798],[12.06999,45.27873],[12.07023,45.28011],[12.07263,45.28015],[12.07353,45.28118],[12.07248,45.28184],[12.07646,45.28482],[12.07204,45.28614],[12.07286,45.28716],[12.07084,45.2873],[12.06866,45.28843],[12.06744,45.29018],[12.06766,45.29143],[12.06611,45.29191],[12.06804,45.29356],[12.06968,45.29318],[12.07197,45.29337],[12.07339,45.29487],[12.0728,45.29546],[12.0739,45.29755],[12.07911,45.29713],[12.07911,45.29639],[12.08391,45.29498],[12.0854,45.2955],[12.08895,45.29489],[12.08978,45.29563],[12.09801,45.2966],[12.10012,45.29585],[12.10176,45.29435],[12.10508,45.29599],[12.11018,45.29643],[12.11121,45.29798],[12.11135,45.29944],[12.11227,45.30133],[12.11279,45.30442],[12.11399,45.30502],[12.11812,45.30312],[12.12377,45.30159],[12.1255,45.30139],[12.12962,45.30045],[12.13256,45.30037],[12.13262,45.30307],[12.13366,45.31611],[12.13686,45.31673],[12.1383,45.31734],[12.13921,45.31833],[12.14011,45.32408],[12.13909,45.32665],[12.14201,45.337],[12.14223,45.34152],[12.14,45.34151],[12.1393,45.34312],[12.13937,45.34492],[12.14011,45.34687],[12.14149,45.34911],[12.14037,45.35309],[12.14164,45.35697],[12.14077,45.35818],[12.14218,45.35854],[12.14396,45.35841],[12.14781,45.36136],[12.14899,45.36146],[12.15099,45.36088],[12.15423,45.36043],[12.15629,45.35969],[12.15604,45.358],[12.15749,45.35854],[12.15781,45.35949],[12.16117,45.3596],[12.16369,45.3579],[12.16614,45.35713],[12.16892,45.35826],[12.1696,45.3589],[12.17042,45.36158],[12.16921,45.36226],[12.16706,45.35971],[12.16569,45.35956],[12.164,45.36041],[12.15825,45.36178],[12.15652,45.36152],[12.153,45.36272],[12.15219,45.36372],[12.1502,45.3648],[12.14803,45.36845],[12.14812,45.3712],[12.14692,45.37308],[12.14735,45.37947],[12.14463,45.37977],[12.14318,45.38035],[12.14401,45.39043],[12.14558,45.39037],[12.1477,45.39123],[12.14859,45.39108],[12.15431,45.38668],[12.15419,45.3851],[12.15661,45.38306],[12.1578,45.38287],[12.15882,45.38186],[12.15875,45.38075],[12.15741,45.38007],[12.15934,45.37733],[12.16271,45.37539],[12.16399,45.37497],[12.16353,45.37223],[12.16611,45.37073],[12.17009,45.36994],[12.17322,45.36971],[12.17448,45.36885],[12.17429,45.36697],[12.17694,45.36666],[12.18034,45.36788],[12.17965,45.36915],[12.18074,45.3699],[12.18193,45.36872],[12.18405,45.3684],[12.18668,45.37145],[12.18633,45.37213],[12.18774,45.37426],[12.18696,45.37499],[12.17489,45.38342],[12.1683,45.38781],[12.16468,45.39073],[12.17278,45.39663],[12.19163,45.40939],[12.19193,45.41223],[12.19327,45.41287],[12.21161,45.41721],[12.23923,45.42342],[12.24082,45.42309],[12.24508,45.42087],[12.24782,45.41975],[12.25126,45.41798],[12.25566,45.41607],[12.25712,45.4161],[12.25774,45.41838],[12.25943,45.41855],[12.25863,45.42354],[12.25885,45.42443],[12.25834,45.43146],[12.25879,45.4346],[12.25846,45.45068],[12.26106,45.45752],[12.26287,45.45647],[12.27336,45.44868],[12.27619,45.45334],[12.27729,45.45873],[12.27654,45.45971],[12.28015,45.46401],[12.31397,45.44485],[12.31501,45.44347],[12.31516,45.44191],[12.3141,45.4413],[12.30793,45.44398],[12.30577,45.44382],[12.30205,45.43928],[12.30432,45.43827],[12.30733,45.44181],[12.3093,45.44093],[12.30369,45.43436],[12.30625,45.43326],[12.31102,45.43885],[12.31269,45.43819],[12.31217,45.43723],[12.30798,45.4324],[12.31186,45.43115],[12.31569,45.43131],[12.32163,45.43065],[12.32977,45.42865],[12.3316,45.42841],[12.33384,45.42886],[12.33573,45.43036],[12.33709,45.43098],[12.33736,45.4323],[12.34093,45.43338],[12.34449,45.43377],[12.34802,45.43322],[12.35057,45.43183],[12.35516,45.42968],[12.35787,45.42734],[12.36153,45.42512],[12.36384,45.4247],[12.36655,45.42542],[12.3658,45.42775],[12.36696,45.42823],[12.36272,45.4326],[12.36128,45.43327],[12.36129,45.43434],[12.35957,45.43554],[12.35914,45.43646],[12.36187,45.43791],[12.36308,45.43809],[12.36303,45.43968],[12.36219,45.4408],[12.35906,45.44005],[12.35674,45.43846],[12.35403,45.43802],[12.34715,45.4393],[12.33677,45.44511],[12.3361,45.44423],[12.33427,45.44507],[12.33552,45.44633],[12.33276,45.44753],[12.32896,45.44869],[12.32618,45.44933],[12.32162,45.44784],[12.31895,45.44773],[12.31832,45.44675],[12.31657,45.44543],[12.31674,45.44417],[12.31384,45.44563],[12.28048,45.46432],[12.28179,45.46557],[12.28476,45.46725],[12.28187,45.47111],[12.28238,45.47318],[12.27893,45.47757],[12.28471,45.4781],[12.28635,45.47802],[12.29023,45.47869],[12.29115,45.47917],[12.29512,45.47995],[12.29626,45.47813],[12.30045,45.47847],[12.30137,45.47888],[12.29986,45.4813],[12.30476,45.48314],[12.30578,45.48306],[12.30782,45.48417],[12.31584,45.4874],[12.32256,45.49168],[12.33334,45.49796],[12.33424,45.49833],[12.33614,45.50054],[12.33753,45.50045],[12.33452,45.49809],[12.33444,45.49661],[12.33142,45.49299],[12.32995,45.49088],[12.33088,45.48908],[12.33505,45.49191],[12.33681,45.4909],[12.34021,45.49268],[12.34237,45.49447],[12.34232,45.49547],[12.36812,45.51562],[12.36853,45.51705],[12.37014,45.51832],[12.36872,45.51941],[12.37202,45.52108],[12.3797,45.51965],[12.38546,45.51877],[12.38806,45.51892],[12.38718,45.51604],[12.38949,45.51672],[12.39356,45.51886],[12.39347,45.51999],[12.3942,45.52427],[12.39401,45.52627],[12.39508,45.52869],[12.39504,45.53281],[12.39704,45.53402],[12.40032,45.53266],[12.40072,45.53418],[12.40446,45.53678],[12.40389,45.53729],[12.40133,45.5374],[12.39909,45.53834],[12.3976,45.53854],[12.39579,45.54009],[12.39469,45.5417],[12.39255,45.54183],[12.39138,45.54081],[12.38906,45.54074],[12.38628,45.5396],[12.38621,45.53742],[12.38461,45.538],[12.38179,45.53837],[12.37928,45.53723],[12.37823,45.53619],[12.37537,45.53592],[12.37047,45.53442],[12.36827,45.53527],[12.36651,45.53449],[12.3643,45.53453],[12.36362,45.53392],[12.36432,45.53236],[12.3627,45.53236],[12.3603,45.5317],[12.36005,45.53343],[12.3583,45.53375],[12.35715,45.53298],[12.35515,45.53325],[12.35244,45.5332],[12.34949,45.53408],[12.34745,45.53289],[12.34632,45.53407],[12.3441,45.53302],[12.33953,45.53347],[12.33781,45.53423],[12.33479,45.53487],[12.33238,45.53508],[12.33076,45.53346],[12.32798,45.53274],[12.32558,45.53332],[12.32121,45.53344],[12.32426,45.53962],[12.31901,45.53987],[12.31663,45.53879],[12.31417,45.53902],[12.31141,45.54032],[12.30489,45.54274],[12.3026,45.54406],[12.30045,45.54436],[12.29978,45.54519],[12.29769,45.54496],[12.29641,45.54247],[12.29597,45.54237],[12.29319,45.53946],[12.29221,45.53938],[12.29057,45.53816],[12.29085,45.53764],[12.28789,45.53662],[12.28697,45.53806],[12.28743,45.54071],[12.28596,45.54171],[12.28628,45.54315],[12.28352,45.54346],[12.28214,45.54293],[12.28104,45.54033],[12.28039,45.53703],[12.28129,45.53576],[12.27834,45.53548],[12.27716,45.53618],[12.27464,45.53625],[12.27328,45.53586],[12.27136,45.5325],[12.26864,45.53338],[12.26259,45.53401],[12.26252,45.53299],[12.26098,45.53291],[12.25975,45.53476],[12.25813,45.53423],[12.25433,45.53163],[12.25151,45.53106],[12.24623,45.53051],[12.24416,45.53199],[12.24219,45.53212],[12.23921,45.53691],[12.23751,45.53775],[12.23236,45.53875],[12.22805,45.53901],[12.22694,45.53875],[12.22168,45.53855],[12.21904,45.53781],[12.21766,45.53801],[12.21532,45.53718],[12.21292,45.53789],[12.21179,45.53888],[12.21086,45.5406],[12.20921,45.54108],[12.20674,45.54057],[12.20447,45.54325],[12.20465,45.54679],[12.20389,45.54851],[12.20306,45.54992],[12.20413,45.5503],[12.20586,45.54972],[12.20721,45.55049],[12.20857,45.55421],[12.20942,45.5599],[12.21004,45.56049],[12.20834,45.56153],[12.20837,45.56216],[12.2121,45.56266],[12.21234,45.5645],[12.21161,45.56551],[12.20913,45.56565],[12.2099,45.56822],[12.20999,45.57131],[12.20536,45.5721],[12.20216,45.57158],[12.1995,45.57206],[12.19932,45.57259],[12.19421,45.5736],[12.19361,45.57556],[12.19449,45.57778],[12.19144,45.57785],[12.19049,45.57919],[12.19159,45.58151],[12.19177,45.58346],[12.18933,45.58346],[12.18651,45.58505],[12.18536,45.5849],[12.18387,45.5841],[12.18447,45.58308],[12.18405,45.58107],[12.17975,45.58161],[12.18014,45.58278],[12.17797,45.58277],[12.17742,45.58105],[12.17517,45.58119],[12.17542,45.57869],[12.17644,45.57787],[12.17638,45.5767],[12.17447,45.57671],[12.17352,45.57624],[12.16957,45.57653],[12.16887,45.5772],[12.16628,45.5779],[12.16659,45.57604],[12.16635,45.57375],[12.16253,45.5747],[12.16142,45.57429],[12.16146,45.57752],[12.16213,45.57941],[12.16238,45.5814],[12.16176,45.58264],[12.16074,45.58269],[12.1612,45.58451],[12.1569,45.58472],[12.15484,45.58526],[12.15249,45.58669],[12.1501,45.58689],[12.15008,45.58495],[12.14812,45.58491],[12.14792,45.58346],[12.14517,45.58362],[12.14537,45.58506],[12.14257,45.58681],[12.14279,45.58744],[12.1453,45.58736],[12.14533,45.58892],[12.14691,45.59091],[12.14438,45.59143],[12.14496,45.59521],[12.143,45.59549],[12.14282,45.59384],[12.14084,45.59393],[12.14112,45.59587],[12.13698,45.59606],[12.1369,45.59452],[12.13474,45.59444],[12.13494,45.59594],[12.12952,45.59622],[12.12794,45.59551],[12.12801,45.59752],[12.12468,45.59771],[12.12475,45.59971],[12.1231,45.59997],[12.12354,45.60548],[12.1243,45.60709],[12.12196,45.60724],[12.12188,45.60966],[12.11965,45.61025],[12.11488,45.61257],[12.11306,45.61302],[12.11307,45.61405],[12.10844,45.61429],[12.10849,45.61016],[12.1082,45.60718],[12.10945,45.60588],[12.11003,45.60441],[12.1092,45.60358],[12.1072,45.60374],[12.1026,45.6036],[12.09678,45.60412],[12.09585,45.60052],[12.09359,45.60079],[12.09311,45.59826],[12.09248,45.59833],[12.09136,45.59933],[12.08973,45.59919],[12.08736,45.59971],[12.08726,45.60336],[12.08642,45.60379],[12.08639,45.60651],[12.08681,45.60869],[12.08911,45.60905],[12.08911,45.61074],[12.08849,45.61215],[12.08831,45.61592],[12.08781,45.61711],[12.08626,45.61705],[12.08489,45.61643],[12.08444,45.61754],[12.08308,45.6184],[12.08129,45.61909],[12.07934,45.6186],[12.07737,45.61876],[12.07722,45.61659],[12.07604,45.61675],[12.07398,45.61776],[12.0725,45.61567],[12.07082,45.61598],[12.06874,45.61499],[12.06832,45.61362],[12.05944,45.61348],[12.0576,45.61387],[12.05788,45.61604],[12.05371,45.61627],[12.05177,45.61698],[12.04942,45.6173],[12.04688,45.61886],[12.04558,45.61931],[12.04622,45.62065],[12.04551,45.62173],[12.04339,45.62234],[12.04117,45.62212],[12.03899,45.62244],[12.03714,45.6235],[12.03253,45.62452],[12.03123,45.62453],[12.02887,45.62393],[12.02666,45.62433],[12.02647,45.62145],[12.02433,45.62135],[12.02422,45.62037],[12.02271,45.61998],[12.02162,45.61889],[12.02307,45.61689],[12.02454,45.61612],[12.02368,45.61302],[12.02379,45.6105],[12.02455,45.6089],[12.02401,45.60767],[12.02381,45.60533],[12.02404,45.60328],[12.02258,45.60328],[12.02262,45.60123],[12.02335,45.59826],[12.02273,45.59584],[12.02267,45.59398],[12.02156,45.58687],[12.02158,45.5835],[12.01721,45.58344],[12.01438,45.58407],[12.01473,45.58629],[12.0133,45.58653],[12.01215,45.58791],[12.01107,45.58832],[12.01098,45.58964],[12.00913,45.59036],[12.00611,45.58996],[12.00431,45.59108],[12.0013,45.59073],[11.99576,45.59113],[11.99429,45.5916],[11.99058,45.59064],[11.98852,45.591],[11.98728,45.59218],[11.98568,45.59183],[11.98371,45.59332],[11.98094,45.59359],[11.97854,45.5952],[11.97826,45.59622],[11.97634,45.59748],[11.97399,45.59769],[11.97234,45.59864],[11.96996,45.60247],[11.96601,45.60378],[11.96517,45.60612],[11.96519,45.60794],[11.96218,45.60877],[11.95455,45.61172],[11.9492,45.6131],[11.94847,45.61344],[11.94853,45.61525],[11.94542,45.61566],[11.94488,45.61448],[11.94346,45.61301],[11.94082,45.61333],[11.93802,45.61414],[11.9358,45.61511],[11.93436,45.61479],[11.93278,45.61511],[11.93289,45.61653],[11.9308,45.61673],[11.92856,45.61748],[11.92887,45.61841],[11.92506,45.62008],[11.92318,45.6212],[11.91799,45.62154],[11.91717,45.61852],[11.9133,45.61923],[11.91113,45.621],[11.9104,45.6226],[11.90793,45.62447],[11.90777,45.62576],[11.9056,45.62639],[11.90382,45.62644],[11.90112,45.62798],[11.90008,45.62805],[11.89798,45.62687],[11.90052,45.62312],[11.90176,45.61759],[11.90012,45.61518],[11.89814,45.61309],[11.89586,45.61201],[11.89241,45.61138],[11.89171,45.61214],[11.89025,45.61002],[11.88832,45.60431],[11.88569,45.60311],[11.88396,45.60467],[11.88161,45.60771],[11.8792,45.60942],[11.87867,45.6112],[11.87766,45.61108],[11.87679,45.61238],[11.87411,45.61328],[11.87377,45.61452],[11.87178,45.61577],[11.86986,45.61649],[11.86838,45.6163],[11.86514,45.61468],[11.86173,45.61542],[11.86008,45.61537],[11.8582,45.61609],[11.85497,45.61839],[11.85247,45.61881],[11.84935,45.62018],[11.84935,45.62225],[11.84835,45.62297],[11.84786,45.6258],[11.84528,45.62746],[11.8393,45.62843],[11.83839,45.62817],[11.83832,45.62689],[11.84029,45.62418],[11.84007,45.62228],[11.84249,45.62076],[11.84177,45.61781],[11.83773,45.61903],[11.83684,45.61732],[11.83586,45.61768],[11.83676,45.62012],[11.83544,45.62033],[11.83394,45.62127],[11.8325,45.62159],[11.83172,45.61754],[11.82786,45.61801],[11.82742,45.61567],[11.83099,45.61373],[11.82995,45.6122],[11.83099,45.61073],[11.82745,45.61048],[11.82748,45.60895],[11.8251,45.6094],[11.82291,45.61141],[11.82069,45.61168],[11.81278,45.60984],[11.80769,45.60918],[11.79664,45.60662],[11.79518,45.60652],[11.79477,45.60742],[11.79013,45.60635],[11.78932,45.60746],[11.78784,45.60716],[11.78683,45.60767],[11.78509,45.60764],[11.78402,45.60596],[11.78257,45.60501],[11.78101,45.60511],[11.77948,45.60287],[11.77699,45.6028],[11.77616,45.60152],[11.77562,45.59969],[11.77611,45.59848],[11.77559,45.59784],[11.77318,45.59655],[11.77088,45.59691],[11.76847,45.59847],[11.76646,45.59928],[11.76203,45.59429],[11.76276,45.5928],[11.76321,45.59003],[11.76005,45.58813],[11.75859,45.58556],[11.7587,45.58425],[11.76023,45.58104],[11.75992,45.57831],[11.75868,45.57479],[11.76018,45.57282],[11.76796,45.56966],[11.76917,45.56825],[11.77185,45.56688],[11.77674,45.56533],[11.779,45.56621],[11.7829,45.56636],[11.78493,45.56681],[11.78733,45.56806],[11.78966,45.56879],[11.79252,45.56854],[11.79377,45.56765],[11.79451,45.56606],[11.79523,45.56312],[11.79675,45.56144],[11.7968,45.55646],[11.79605,45.55451],[11.79685,45.55263],[11.80021,45.55088],[11.80066,45.5498],[11.80048,45.54824],[11.79788,45.5457],[11.79393,45.546],[11.79352,45.54478],[11.79596,45.5411],[11.8005,45.54005],[11.80264,45.54017],[11.80395,45.53958],[11.80351,45.53832],[11.80047,45.53681],[11.79816,45.53715],[11.79625,45.53875],[11.79416,45.53883],[11.79306,45.53762],[11.79413,45.53513],[11.79579,45.53408],[11.79814,45.5337],[11.80125,45.5342],[11.80258,45.53397],[11.80451,45.53258],[11.80631,45.53316],[11.80678,45.53574],[11.8062,45.5372],[11.80623,45.53857],[11.80792,45.53829],[11.80842,45.53539],[11.80901,45.53418],[11.81161,45.53183],[11.813,45.53138],[11.81643,45.53197],[11.81908,45.53366],[11.82178,45.53343],[11.82286,45.53264],[11.82397,45.52986],[11.82607,45.52744],[11.82566,45.52428],[11.82504,45.52374],[11.81823,45.52134],[11.81728,45.52068],[11.81787,45.51928],[11.8198,45.51874],[11.82394,45.51847],[11.82848,45.51957],[11.82965,45.51933],[11.83248,45.51802],[11.83707,45.51855],[11.84091,45.51979],[11.84215,45.51956],[11.84406,45.51836],[11.84313,45.51661],[11.84048,45.51529],[11.83683,45.5125],[11.83239,45.51048],[11.83034,45.5087],[11.8303,45.5078],[11.83228,45.50629],[11.83911,45.5045],[11.83762,45.50275],[11.83647,45.50077],[11.83627,45.49971],[11.83411,45.49876],[11.8315,45.49913],[11.82707,45.49783],[11.82443,45.49955],[11.82197,45.49847],[11.81707,45.49804],[11.81885,45.49502],[11.81998,45.49452],[11.82187,45.49458],[11.82484,45.49149],[11.8263,45.49036],[11.82492,45.48927],[11.82285,45.48826],[11.82019,45.48981],[11.8182,45.48927],[11.81648,45.48924],[11.8157,45.48861],[11.81734,45.48734],[11.81617,45.48598],[11.8145,45.48555],[11.81335,45.48447],[11.81249,45.48469],[11.81019,45.48385],[11.81102,45.48272],[11.8108,45.4816],[11.80717,45.48074],[11.80869,45.47809],[11.81314,45.47235],[11.81432,45.47046],[11.81558,45.46917],[11.81743,45.46611],[11.81928,45.4638],[11.82098,45.46104],[11.82323,45.45801],[11.8268,45.45267],[11.83013,45.44853],[11.82912,45.44605],[11.82907,45.4433],[11.82876,45.4424],[11.82892,45.43841],[11.82843,45.43569],[11.8282,45.43152],[11.8269,45.43148],[11.82643,45.42659],[11.82591,45.41556],[11.82554,45.41025],[11.82409,45.40353],[11.82244,45.40343],[11.82127,45.4028],[11.81843,45.40264],[11.81891,45.40092],[11.81826,45.39969],[11.81814,45.39715],[11.82031,45.39709],[11.81969,45.39593],[11.82102,45.39571],[11.82074,45.39447],[11.81892,45.39364],[11.81985,45.39131],[11.81824,45.39144],[11.8163,45.39247],[11.81531,45.39226],[11.81698,45.38765],[11.813,45.3869],[11.81193,45.38554],[11.81025,45.38487],[11.80676,45.38017],[11.80531,45.37746],[11.80981,45.37535],[11.80955,45.37308],[11.80899,45.37203],[11.80981,45.37093],[11.81215,45.36997],[11.81355,45.36985],[11.81538,45.36876],[11.81656,45.367],[11.81859,45.36608],[11.82105,45.3654],[11.82471,45.36473],[11.82654,45.36362],[11.82852,45.36305],[11.83163,45.35908],[11.83278,45.35834],[11.83642,45.35705],[11.84004,45.362],[11.84273,45.36706],[11.84871,45.37541],[11.85096,45.37778],[11.85503,45.38068],[11.85825,45.38254],[11.86124,45.38383],[11.86125,45.38066],[11.86311,45.38042],[11.86389,45.37919],[11.86357,45.37676],[11.86221,45.37349],[11.86094,45.37279],[11.85996,45.371],[11.86091,45.36903],[11.86165,45.36844],[11.86486,45.36735],[11.86286,45.36512],[11.86182,45.36353],[11.86274,45.36256],[11.87053,45.361],[11.86982,45.35706],[11.87159,45.35706],[11.8733,45.35778],[11.8738,45.35667],[11.8764,45.35627],[11.87593,45.35522],[11.878,45.35407],[11.87991,45.35461],[11.88176,45.35388],[11.88299,45.3523],[11.88485,45.35113],[11.88648,45.35102],[11.88871,45.3517],[11.89086,45.35154],[11.89151,45.3538],[11.89275,45.35375],[11.89424,45.35275],[11.89657,45.35282],[11.89686,45.35234],[11.89547,45.35],[11.89424,45.34643],[11.89584,45.34564],[11.89832,45.34658],[11.9002,45.34631],[11.89969,45.34332],[11.91993,45.34001],[11.91969,45.34323],[11.91929,45.34495],[11.91994,45.34628],[11.9156,45.34708],[11.91509,45.34877],[11.91238,45.34869],[11.91247,45.34993],[11.91152,45.35032],[11.91231,45.35163],[11.91246,45.35297],[11.91187,45.35462],[11.91026,45.35517],[11.90861,45.35674],[11.90706,45.35688],[11.90527,45.35862],[11.90253,45.3594],[11.90337,45.36127],[11.89889,45.36175],[11.89695,45.36244],[11.89768,45.36458],[11.89404,45.36527],[11.89499,45.36858],[11.89772,45.36832],[11.90039,45.3671],[11.90238,45.36673],[11.90336,45.37024],[11.90648,45.36977],[11.9078,45.36707],[11.91053,45.36632],[11.91376,45.36576],[11.91415,45.36708],[11.91126,45.36743],[11.91162,45.36898],[11.91291,45.36888],[11.91391,45.37272],[11.91122,45.37434],[11.9076,45.376],[11.9065,45.37711],[11.90791,45.37946],[11.91188,45.38324],[11.91818,45.38292],[11.92206,45.38121],[11.92345,45.37814],[11.92473,45.37733],[11.92793,45.37622],[11.93068,45.37467],[11.93216,45.37277],[11.93277,45.37093],[11.93532,45.37232],[11.93503,45.3742],[11.93724,45.3742],[11.9388,45.3747],[11.94036,45.37324],[11.94141,45.37137],[11.9421,45.37437],[11.94337,45.37442],[11.94393,45.37536],[11.94546,45.37484],[11.94336,45.371],[11.9467,45.36974],[11.94936,45.36927],[11.95717,45.37],[11.95863,45.37203],[11.96399,45.37007],[11.96492,45.37173],[11.96904,45.37303],[11.9725,45.37241],[11.97194,45.37006],[11.96917,45.36755],[11.97207,45.36698],[11.97126,45.36485],[11.97355,45.36342],[11.97376,45.36265],[11.97278,45.3608],[11.97053,45.3587],[11.97045,45.3576],[11.97127,45.3558],[11.97059,45.35525],[11.97154,45.35366],[11.97694,45.35434],[11.97862,45.35566],[11.98255,45.35663],[11.98411,45.35477],[11.98441,45.35388],[11.98705,45.35126],[11.98658,45.34972]]],[[[12.29033,45.24087],[12.28774,45.23982],[12.28792,45.23864],[12.29134,45.23519],[12.29934,45.23459],[12.29786,45.23877],[12.29696,45.24247],[12.29659,45.24508],[12.29893,45.24745],[12.30006,45.24924],[12.30024,45.25144],[12.29932,45.25538],[12.29967,45.25841],[12.30191,45.26563],[12.30202,45.26969],[12.30276,45.27487],[12.30403,45.28077],[12.30595,45.28655],[12.30616,45.28789],[12.30821,45.29264],[12.31323,45.30578],[12.3132,45.30754],[12.31439,45.30969],[12.31615,45.3143],[12.31824,45.31857],[12.32212,45.32556],[12.32436,45.33013],[12.32635,45.33229],[12.3247,45.33226],[12.3228,45.33355],[12.32054,45.33429],[12.31848,45.3341],[12.3169,45.33303],[12.31849,45.33229],[12.31959,45.33122],[12.32154,45.32795],[12.31887,45.32599],[12.31893,45.32481],[12.31746,45.32333],[12.31781,45.32154],[12.31481,45.31686],[12.31255,45.31394],[12.31216,45.31237],[12.3096,45.30987],[12.30937,45.30874],[12.31017,45.30775],[12.31015,45.30338],[12.30718,45.29581],[12.3025,45.28558],[12.30188,45.2825],[12.30094,45.28088],[12.30085,45.27339],[12.3006,45.27209],[12.29954,45.27025],[12.29972,45.26683],[12.30052,45.26441],[12.29799,45.25554],[12.29936,45.25326],[12.29996,45.25073],[12.29971,45.2493],[12.29856,45.2474],[12.29342,45.24287],[12.29239,45.24272],[12.29033,45.24087]]],[[[12.31852,45.40349],[12.32358,45.40424],[12.32399,45.40514],[12.32343,45.40725],[12.32233,45.4076],[12.3179,45.40678],[12.31722,45.40621],[12.31765,45.40448],[12.31852,45.40349]]],[[[12.33052,45.42313],[12.33715,45.42316],[12.33896,45.42365],[12.34113,45.42502],[12.34188,45.4272],[12.34174,45.42835],[12.33934,45.42711],[12.33599,45.42587],[12.33393,45.4254],[12.32954,45.42574],[12.32389,45.42705],[12.3202,45.42835],[12.3179,45.4288],[12.31424,45.42904],[12.31308,45.42882],[12.31236,45.42789],[12.31099,45.42815],[12.3081,45.42718],[12.30737,45.4265],[12.31167,45.42511],[12.31663,45.42594],[12.32096,45.42423],[12.32367,45.42357],[12.32837,45.42344],[12.33052,45.42313]]],[[[12.33257,45.38086],[12.33304,45.38327],[12.32984,45.3834],[12.32881,45.38286],[12.33076,45.38047],[12.33257,45.38086]]],[[[12.30969,45.3398],[12.31102,45.3392],[12.31288,45.33909],[12.31741,45.34015],[12.32897,45.33748],[12.32873,45.34137],[12.32879,45.34375],[12.32937,45.34905],[12.32989,45.35106],[12.33199,45.35607],[12.33345,45.35857],[12.34072,45.36768],[12.34312,45.3709],[12.34737,45.37802],[12.35158,45.38368],[12.35423,45.38793],[12.36,45.39587],[12.3616,45.39731],[12.36362,45.39983],[12.36947,45.40559],[12.37719,45.41355],[12.3832,45.41852],[12.39042,45.42384],[12.39295,45.42458],[12.39353,45.42587],[12.39669,45.42789],[12.40008,45.42967],[12.39862,45.43001],[12.39514,45.4315],[12.3932,45.43277],[12.39202,45.43288],[12.38779,45.43428],[12.38609,45.4339],[12.3836,45.4325],[12.38353,45.43198],[12.38056,45.42902],[12.3774,45.42477],[12.3748,45.42005],[12.37244,45.41889],[12.36909,45.41808],[12.36805,45.41748],[12.36635,45.41534],[12.36186,45.40631],[12.3583,45.40138],[12.35757,45.40011],[12.34589,45.38574],[12.34275,45.38161],[12.33673,45.37396],[12.33668,45.36919],[12.3316,45.36016],[12.32892,45.35784],[12.32357,45.35111],[12.32051,45.34997],[12.31767,45.34933],[12.31285,45.3459],[12.31172,45.34605],[12.30956,45.34365],[12.30901,45.34158],[12.30969,45.3398]]],[[[12.33511,45.41234],[12.33393,45.41089],[12.33467,45.40967],[12.336,45.40933],[12.33748,45.41165],[12.33711,45.41258],[12.33511,45.41234]]],[[[12.35956,45.41269],[12.36078,45.41133],[12.36301,45.41221],[12.36135,45.41339],[12.35956,45.41269]]],[[[12.33858,45.42017],[12.33875,45.41798],[12.3409,45.41855],[12.3409,45.42],[12.33858,45.42017]]],[[[12.34624,45.42941],[12.34375,45.43025],[12.34258,45.42997],[12.34239,45.42823],[12.34403,45.42571],[12.34543,45.42595],[12.34634,45.42846],[12.34624,45.42941]]],[[[12.38157,45.43419],[12.3824,45.43529],[12.38214,45.4367],[12.38443,45.44511],[12.38373,45.44633],[12.38415,45.44795],[12.38515,45.44833],[12.38488,45.44946],[12.38318,45.44919],[12.38195,45.44812],[12.38194,45.44717],[12.37804,45.44514],[12.37579,45.4433],[12.37374,45.44326],[12.37265,45.44197],[12.37365,45.4382],[12.37507,45.43777],[12.37332,45.43503],[12.36796,45.43277],[12.36766,45.43211],[12.36956,45.43126],[12.37315,45.43175],[12.37543,45.4337],[12.37779,45.43458],[12.38005,45.43367],[12.38157,45.43419]]],[[[12.38934,45.4552],[12.38812,45.45798],[12.38332,45.45706],[12.38515,45.45525],[12.38934,45.4552]]],[[[12.34691,45.45416],[12.34776,45.45356],[12.34783,45.45187],[12.34891,45.45148],[12.35154,45.45192],[12.35219,45.45242],[12.3568,45.4537],[12.35824,45.45428],[12.35824,45.45566],[12.36081,45.45837],[12.36078,45.45947],[12.35926,45.46047],[12.35481,45.46206],[12.35624,45.46262],[12.35646,45.46429],[12.35464,45.46567],[12.3522,45.46538],[12.35099,45.46484],[12.34521,45.46357],[12.34571,45.46075],[12.34427,45.45786],[12.34317,45.45472],[12.34631,45.45488],[12.34691,45.45416]]],[[[12.43189,45.47208],[12.4293,45.47222],[12.42402,45.47341],[12.42255,45.47214],[12.42173,45.46974],[12.42047,45.46853],[12.41825,45.46717],[12.41528,45.46589],[12.41348,45.46342],[12.41419,45.46279],[12.41271,45.4609],[12.40967,45.45902],[12.40801,45.45857],[12.40665,45.45737],[12.40546,45.45715],[12.40319,45.45801],[12.40016,45.45819],[12.39992,45.45667],[12.3971,45.45589],[12.39265,45.45608],[12.39136,45.45433],[12.38884,45.45463],[12.38568,45.45413],[12.38696,45.45182],[12.38895,45.44961],[12.38982,45.44918],[12.39168,45.44712],[12.39146,45.44502],[12.39291,45.44454],[12.3974,45.44546],[12.4013,45.4468],[12.40256,45.44819],[12.40902,45.4509],[12.41465,45.45406],[12.41868,45.45709],[12.42101,45.45785],[12.42185,45.45859],[12.42112,45.45966],[12.42792,45.46586],[12.42793,45.46759],[12.43189,45.47208]]],[[[12.42126,45.48451],[12.42138,45.48548],[12.42036,45.48693],[12.41832,45.48733],[12.41439,45.48764],[12.41302,45.48591],[12.41366,45.48523],[12.41758,45.48275],[12.42126,45.48451]]],[[[12.40312,45.48405],[12.40653,45.48379],[12.41405,45.48811],[12.41263,45.4893],[12.41257,45.49066],[12.41163,45.49149],[12.41171,45.49337],[12.41108,45.49439],[12.40221,45.49088],[12.4007,45.4909],[12.39712,45.49033],[12.3976,45.48925],[12.3999,45.48958],[12.40051,45.48906],[12.39984,45.48759],[12.40284,45.48611],[12.40312,45.48405]]],[[[12.41961,45.49993],[12.41522,45.50142],[12.41444,45.49932],[12.41352,45.49852],[12.41071,45.49853],[12.40858,45.49923],[12.41419,45.49298],[12.41496,45.4904],[12.41596,45.48927],[12.41789,45.48904],[12.41858,45.4903],[12.41796,45.49223],[12.41871,45.49334],[12.42033,45.49407],[12.42293,45.49419],[12.42693,45.497],[12.42672,45.49737],[12.42379,45.49769],[12.42226,45.49853],[12.42421,45.49987],[12.4261,45.50031],[12.42599,45.50105],[12.42225,45.49971],[12.41961,45.49993]]],[[[12.47486,45.5031],[12.47423,45.50407],[12.47164,45.504],[12.47001,45.50432],[12.46877,45.50268],[12.47057,45.50228],[12.47486,45.5031]]],[[[12.43933,45.50302],[12.44092,45.50324],[12.44188,45.50432],[12.44373,45.50499],[12.44487,45.50644],[12.44435,45.50682],[12.44585,45.5089],[12.44485,45.50958],[12.44304,45.50912],[12.44182,45.50961],[12.44032,45.51095],[12.43844,45.51019],[12.44007,45.50803],[12.44077,45.50653],[12.44045,45.50372],[12.43687,45.50348],[12.43684,45.50278],[12.43933,45.50302]]],[[[12.45574,45.51028],[12.45333,45.51107],[12.45245,45.51183],[12.44969,45.51112],[12.44837,45.50852],[12.45139,45.50831],[12.45402,45.5076],[12.45634,45.50622],[12.45786,45.50583],[12.45959,45.50772],[12.45911,45.50939],[12.45574,45.51028]]],[[[12.54489,45.52415],[12.54286,45.52582],[12.54353,45.52856],[12.54079,45.52902],[12.53757,45.52548],[12.53991,45.52495],[12.54415,45.5223],[12.54489,45.52415]]],[[[12.45187,45.54485],[12.43801,45.54423],[12.43623,45.54257],[12.43188,45.54279],[12.43072,45.54326],[12.42955,45.54278],[12.42958,45.54151],[12.42827,45.54114],[12.42546,45.54179],[12.42449,45.5417],[12.42683,45.53792],[12.42873,45.53613],[12.42944,45.53485],[12.42938,45.5335],[12.4278,45.53079],[12.42693,45.52877],[12.42731,45.52738],[12.42862,45.52633],[12.43267,45.52684],[12.43571,45.52798],[12.43674,45.52894],[12.4356,45.53084],[12.43843,45.53252],[12.43723,45.53416],[12.43898,45.53583],[12.44129,45.53636],[12.44411,45.53612],[12.44626,45.53481],[12.44704,45.53582],[12.44934,45.53683],[12.45087,45.53867],[12.45193,45.54253],[12.45187,45.54485]]],[[[12.52651,45.55786],[12.52531,45.5586],[12.52229,45.55645],[12.52425,45.55495],[12.52651,45.55786]]],[[[12.56228,45.56467],[12.55843,45.56969],[12.55426,45.57258],[12.54956,45.57662],[12.54834,45.57798],[12.54309,45.57724],[12.52282,45.57341],[12.51712,45.57202],[12.50387,45.56924],[12.49857,45.56805],[12.49553,45.56763],[12.49115,45.56671],[12.48672,45.56529],[12.4757,45.56335],[12.47332,45.56262],[12.47362,45.56206],[12.4866,45.56466],[12.5046,45.5688],[12.50531,45.56877],[12.51293,45.57066],[12.51541,45.571],[12.53342,45.57468],[12.53599,45.57492],[12.54009,45.57572],[12.53931,45.57456],[12.54043,45.57323],[12.53941,45.57029],[12.53754,45.56823],[12.53918,45.5681],[12.54149,45.56576],[12.5423,45.56422],[12.54466,45.56346],[12.54918,45.56445],[12.5514,45.56406],[12.55247,45.56344],[12.55343,45.56169],[12.55388,45.55976],[12.55741,45.55877],[12.55886,45.55892],[12.55968,45.56036],[12.56025,45.56337],[12.56228,45.56467]]]]},"properties":{"idApp":925026,"aopId":"riviera-del-brenta","name":"Riviera del Brenta","nameJa":"リヴィエラ・デル・ブレンタ","kind":"village","tags":["doc"],"rank":1},"bbox":[11.75859,45.23459,12.56228,45.62843]},{"type":"Feature","geometry":{"type":"Polygon","coordinates":[[[12.66446,45.73904],[12.66634,45.73813],[12.67004,45.73695],[12.6727,45.73638],[12.6741,45.73432],[12.67438,45.73213],[12.67241,45.7287],[12.67071,45.72278],[12.67108,45.72188],[12.67304,45.72047],[12.67263,45.71921],[12.67073,45.71748],[12.67083,45.71684],[12.67378,45.71451],[12.67563,45.71352],[12.67666,45.71381],[12.67723,45.71598],[12.67865,45.71796],[12.68073,45.71811],[12.68274,45.71719],[12.68439,45.71572],[12.68505,45.71299],[12.68638,45.71182],[12.69105,45.70896],[12.693,45.7081],[12.70207,45.70515],[12.7065,45.70314],[12.70954,45.70195],[12.70999,45.7012],[12.70933,45.7002],[12.70563,45.69737],[12.70391,45.69403],[12.70371,45.6914],[12.70483,45.69007],[12.70625,45.69028],[12.7102,45.69302],[12.71235,45.69335],[12.7135,45.6923],[12.71369,45.69134],[12.7133,45.68776],[12.71372,45.68584],[12.7145,45.68513],[12.7177,45.68373],[12.71852,45.68438],[12.71754,45.68743],[12.71828,45.68855],[12.72159,45.6887],[12.72408,45.68832],[12.72465,45.68475],[12.72587,45.68288],[12.72765,45.68209],[12.7327,45.68287],[12.73847,45.68292],[12.74355,45.68256],[12.74396,45.68131],[12.74293,45.67886],[12.74345,45.67752],[12.74596,45.67675],[12.74946,45.67739],[12.75088,45.67693],[12.74707,45.67399],[12.74672,45.67259],[12.74761,45.67175],[12.75302,45.66908],[12.75449,45.66746],[12.75376,45.66688],[12.75075,45.66608],[12.75056,45.66516],[12.75174,45.66352],[12.7529,45.66268],[12.75528,45.6627],[12.75741,45.6639],[12.75951,45.66422],[12.76099,45.66385],[12.76475,45.66165],[12.76667,45.66181],[12.76959,45.66024],[12.7509,45.64095],[12.74785,45.63739],[12.75394,45.63511],[12.75403,45.63],[12.75523,45.62761],[12.75582,45.62462],[12.7557,45.61881],[12.75502,45.6147],[12.7542,45.61358],[12.75117,45.61266],[12.75115,45.61135],[12.75311,45.60903],[12.75334,45.60728],[12.75199,45.60388],[12.75225,45.60029],[12.7533,45.59716],[12.74944,45.59671],[12.74627,45.59394],[12.74338,45.59097],[12.74134,45.58807],[12.75932,45.58759],[12.76199,45.59017],[12.76429,45.59162],[12.7649,45.59253],[12.76531,45.59537],[12.76583,45.59694],[12.76696,45.59809],[12.76882,45.59897],[12.77089,45.59946],[12.77436,45.5995],[12.77705,45.60001],[12.78027,45.59941],[12.78191,45.59941],[12.78475,45.60051],[12.78796,45.60028],[12.78956,45.6006],[12.79184,45.60224],[12.7935,45.60255],[12.79927,45.60236],[12.8009,45.60211],[12.80736,45.59976],[12.80627,45.59772],[12.80831,45.59613],[12.81425,45.59449],[12.81565,45.59361],[12.8171,45.59189],[12.81674,45.59133],[12.81226,45.58853],[12.81089,45.58706],[12.81008,45.58291],[12.8093,45.58194],[12.80251,45.57722],[12.79953,45.57443],[12.79412,45.56979],[12.7906,45.5646],[12.78874,45.56085],[12.78697,45.55861],[12.78675,45.55785],[12.78784,45.55673],[12.79202,45.5586],[12.79866,45.56188],[12.80584,45.56467],[12.81246,45.56674],[12.81298,45.56711],[12.82038,45.5706],[12.82663,45.57321],[12.83721,45.57777],[12.83994,45.57869],[12.84739,45.58176],[12.85252,45.58363],[12.85841,45.58538],[12.86399,45.58738],[12.86279,45.59073],[12.86548,45.59001],[12.86683,45.58842],[12.86861,45.58969],[12.87417,45.59267],[12.87741,45.59384],[12.88536,45.59721],[12.88777,45.59729],[12.88911,45.59778],[12.89325,45.60048],[12.89144,45.60113],[12.89177,45.60218],[12.89479,45.60382],[12.89988,45.60713],[12.90096,45.60905],[12.9027,45.61069],[12.90868,45.61476],[12.91323,45.61509],[12.91393,45.61315],[12.91704,45.61287],[12.92262,45.61382],[12.94551,45.61932],[12.95516,45.6213],[12.96316,45.62244],[12.96923,45.62285],[12.97193,45.6246],[12.97363,45.62536],[12.97833,45.62533],[12.98012,45.62515],[12.98425,45.62529],[13.00077,45.62756],[13.00873,45.62849],[13.02173,45.62972],[13.02816,45.63017],[13.034,45.6304],[13.0532,45.63049],[13.05974,45.63077],[13.06731,45.63148],[13.07474,45.63247],[13.08282,45.63392],[13.08676,45.63443],[13.09256,45.63555],[13.09384,45.63534],[13.09738,45.63574],[13.09989,45.63915],[13.09993,45.64023],[13.09867,45.64105],[13.0982,45.64331],[13.09879,45.64453],[13.09307,45.64801],[13.09064,45.64979],[13.08798,45.65098],[13.08657,45.65125],[13.08439,45.65071],[13.08258,45.64974],[13.08026,45.64994],[13.07984,45.65116],[13.08066,45.65353],[13.08204,45.65468],[13.08399,45.6555],[13.08445,45.65708],[13.08314,45.65806],[13.08115,45.65883],[13.07857,45.65925],[13.07496,45.65919],[13.07151,45.65808],[13.06653,45.65588],[13.06493,45.65565],[13.06396,45.65616],[13.06283,45.65761],[13.06197,45.65954],[13.06189,45.66293],[13.06352,45.66643],[13.06646,45.66947],[13.06692,45.67087],[13.06678,45.67235],[13.06489,45.67644],[13.0635,45.6784],[13.06141,45.67952],[13.05889,45.67947],[13.05534,45.67738],[13.05288,45.67843],[13.05051,45.68056],[13.04786,45.68239],[13.04543,45.68356],[13.04361,45.68549],[13.04396,45.68726],[13.04492,45.68769],[13.04753,45.68723],[13.04892,45.6874],[13.05048,45.68856],[13.05192,45.69069],[13.05326,45.69453],[13.05231,45.6964],[13.05098,45.69692],[13.04839,45.6968],[13.04677,45.6939],[13.04498,45.69384],[13.04365,45.69527],[13.04013,45.69729],[13.03686,45.69939],[13.0365,45.70092],[13.03928,45.70121],[13.04469,45.70101],[13.04602,45.70158],[13.04608,45.70272],[13.04066,45.70604],[13.03958,45.70815],[13.03808,45.71419],[13.03817,45.71576],[13.03937,45.71957],[13.03866,45.7213],[13.0358,45.723],[13.02936,45.72565],[13.02799,45.72665],[13.0273,45.72804],[13.02734,45.72974],[13.02789,45.7326],[13.02905,45.73514],[13.02857,45.73671],[13.02655,45.73683],[13.02372,45.73544],[13.01644,45.73062],[13.01604,45.7301],[13.01624,45.72614],[13.01578,45.72506],[13.01322,45.72366],[13.01212,45.72362],[13.00882,45.72458],[13.0077,45.72612],[13.00759,45.72889],[13.00799,45.73105],[13.00897,45.73229],[13.01027,45.73301],[13.01566,45.73526],[13.01608,45.73593],[13.01533,45.74202],[13.01314,45.74298],[13.00874,45.74405],[13.00674,45.74479],[13.00246,45.74752],[13.00152,45.74839],[13.00131,45.75003],[13.0025,45.75122],[13.0051,45.75278],[13.00518,45.75488],[13.00392,45.75631],[13.00194,45.75726],[12.99972,45.75896],[13.00037,45.76058],[13.00475,45.76097],[13.00906,45.76046],[13.01105,45.76097],[13.01205,45.76252],[13.0107,45.76415],[13.0076,45.76564],[13.00353,45.76629],[12.99979,45.7676],[12.9971,45.77038],[12.99443,45.77505],[12.99312,45.77603],[12.99016,45.77637],[12.98796,45.77617],[12.98332,45.77691],[12.9833,45.77847],[12.98468,45.78139],[12.9847,45.78413],[12.98419,45.78489],[12.98124,45.7869],[12.97785,45.78795],[12.97493,45.78819],[12.9734,45.78862],[12.97232,45.7906],[12.97379,45.79214],[12.97595,45.79261],[12.98127,45.79296],[12.98751,45.795],[12.99128,45.79696],[12.99173,45.79782],[12.99135,45.8],[12.98958,45.80149],[12.98789,45.80087],[12.98737,45.8001],[12.98675,45.79718],[12.98525,45.79567],[12.98237,45.79559],[12.98078,45.79667],[12.98109,45.79952],[12.98001,45.80147],[12.97715,45.80341],[12.97449,45.80564],[12.97392,45.80665],[12.97425,45.8076],[12.97697,45.80945],[12.97736,45.81251],[12.97876,45.81457],[12.98202,45.81523],[12.9835,45.8149],[12.98518,45.81053],[12.98728,45.80894],[12.9884,45.80875],[12.99066,45.80941],[12.9916,45.81029],[12.99303,45.81276],[12.99325,45.81502],[12.98834,45.81767],[12.98662,45.81837],[12.98371,45.81883],[12.97982,45.81848],[12.9755,45.81926],[12.97305,45.82069],[12.97391,45.82271],[12.97713,45.8232],[12.97925,45.82461],[12.98355,45.82524],[12.98426,45.82617],[12.98209,45.8273],[12.97863,45.82668],[12.97719,45.82685],[12.97703,45.82372],[12.9742,45.82337],[12.97299,45.82495],[12.97089,45.82868],[12.97454,45.83078],[12.97721,45.83139],[12.97906,45.83405],[12.97943,45.83343],[12.98271,45.83359],[12.98429,45.83398],[12.98299,45.83747],[12.98227,45.83839],[12.97939,45.83768],[12.98109,45.8414],[12.97874,45.84108],[12.9766,45.84136],[12.97578,45.84287],[12.97636,45.84428],[12.98151,45.84941],[12.98093,45.85015],[12.98186,45.85177],[12.9793,45.85478],[12.97921,45.85741],[12.97967,45.85916],[12.97756,45.86437],[12.97534,45.86839],[12.97479,45.87062],[12.97462,45.87343],[12.95748,45.8838],[12.95308,45.8846],[12.95005,45.88476],[12.94676,45.8857],[12.94262,45.88866],[12.93961,45.89018],[12.92571,45.88663],[12.92238,45.88402],[12.91772,45.88639],[12.91672,45.88719],[12.91347,45.88847],[12.91058,45.89005],[12.90781,45.89231],[12.90704,45.89358],[12.90668,45.89567],[12.90411,45.89553],[12.90283,45.89665],[12.9005,45.896],[12.89987,45.895],[12.90065,45.89433],[12.89955,45.89339],[12.89866,45.89391],[12.89681,45.89244],[12.89953,45.89131],[12.8999,45.88816],[12.90075,45.88765],[12.89833,45.88643],[12.89612,45.88623],[12.89619,45.88535],[12.89385,45.88474],[12.89514,45.88377],[12.89395,45.88287],[12.89095,45.88459],[12.89168,45.88592],[12.88858,45.88639],[12.88835,45.88994],[12.88728,45.8919],[12.88593,45.8929],[12.88579,45.89488],[12.88387,45.89276],[12.88157,45.89085],[12.88036,45.88828],[12.8789,45.88657],[12.87857,45.88448],[12.87677,45.88454],[12.8759,45.88617],[12.87341,45.8866],[12.87251,45.88782],[12.87046,45.88529],[12.86993,45.88983],[12.86877,45.89081],[12.86584,45.89005],[12.86466,45.88693],[12.86381,45.88761],[12.86244,45.88729],[12.86131,45.88586],[12.86024,45.88653],[12.85905,45.88582],[12.85791,45.88697],[12.85689,45.8859],[12.85582,45.88624],[12.85157,45.88385],[12.84972,45.88224],[12.84642,45.88096],[12.84457,45.88217],[12.84394,45.88103],[12.8419,45.88024],[12.84044,45.88071],[12.83845,45.87952],[12.83801,45.87791],[12.83652,45.87707],[12.83384,45.87614],[12.83238,45.87636],[12.83124,45.87789],[12.83103,45.87901],[12.82958,45.87861],[12.82799,45.87695],[12.82282,45.87643],[12.82195,45.87664],[12.8186,45.87953],[12.81756,45.87986],[12.81757,45.88105],[12.81656,45.88165],[12.81677,45.88358],[12.81753,45.88518],[12.81581,45.88559],[12.81537,45.88393],[12.81381,45.88479],[12.81314,45.88575],[12.81388,45.88687],[12.814,45.88842],[12.81245,45.88949],[12.81416,45.89087],[12.81427,45.89201],[12.81551,45.89236],[12.81428,45.89345],[12.81239,45.89233],[12.81019,45.89394],[12.80902,45.89224],[12.80684,45.89239],[12.80533,45.89296],[12.80537,45.8938],[12.80261,45.89377],[12.80206,45.8927],[12.79583,45.89224],[12.79454,45.89252],[12.7916,45.89233],[12.79122,45.89369],[12.79245,45.89726],[12.79047,45.8978],[12.78902,45.89918],[12.78758,45.89812],[12.78583,45.89939],[12.78936,45.90671],[12.79351,45.91475],[12.79084,45.91531],[12.78772,45.91117],[12.78446,45.90591],[12.78342,45.90474],[12.78158,45.90375],[12.78062,45.90467],[12.78204,45.90565],[12.78277,45.90675],[12.783,45.91027],[12.78125,45.90979],[12.77982,45.91004],[12.77742,45.90782],[12.77387,45.90708],[12.77325,45.90512],[12.77046,45.90328],[12.77088,45.90551],[12.76878,45.90839],[12.76687,45.90947],[12.76527,45.90972],[12.76523,45.90846],[12.76232,45.90507],[12.75927,45.90676],[12.75792,45.90688],[12.75687,45.90558],[12.75477,45.90557],[12.75744,45.90284],[12.75271,45.90133],[12.75077,45.89941],[12.74895,45.89892],[12.74595,45.89858],[12.74154,45.89668],[12.74066,45.89542],[12.73868,45.89377],[12.73816,45.89266],[12.73376,45.8914],[12.7331,45.89276],[12.72939,45.89543],[12.72736,45.89532],[12.72629,45.89574],[12.72274,45.89842],[12.72163,45.90218],[12.72106,45.90783],[12.7199,45.91045],[12.71744,45.90897],[12.71686,45.90816],[12.71445,45.91034],[12.71139,45.90782],[12.70914,45.90743],[12.70692,45.90612],[12.70378,45.90526],[12.70565,45.90275],[12.70482,45.90153],[12.70187,45.89939],[12.70004,45.90039],[12.69934,45.90156],[12.69936,45.90378],[12.6999,45.90679],[12.69659,45.9072],[12.6949,45.90985],[12.69136,45.90953],[12.68908,45.9084],[12.68966,45.90711],[12.68793,45.90627],[12.68746,45.90778],[12.68517,45.90661],[12.68244,45.90681],[12.68117,45.90574],[12.67913,45.90624],[12.67824,45.90725],[12.67977,45.90809],[12.67754,45.90958],[12.67762,45.91062],[12.67659,45.91097],[12.67451,45.91085],[12.67429,45.91307],[12.67741,45.91566],[12.68129,45.91709],[12.68281,45.91903],[12.68668,45.92096],[12.68605,45.92214],[12.68428,45.92348],[12.68636,45.92385],[12.68591,45.9251],[12.6882,45.92741],[12.68743,45.92829],[12.68473,45.92891],[12.68541,45.93014],[12.68437,45.93091],[12.68135,45.92946],[12.67896,45.92534],[12.67482,45.92231],[12.67267,45.92294],[12.67235,45.92425],[12.67496,45.92397],[12.67576,45.92464],[12.67426,45.92675],[12.67214,45.92696],[12.66786,45.92629],[12.66571,45.92479],[12.66373,45.9226],[12.66418,45.92167],[12.66724,45.92251],[12.66949,45.92205],[12.66828,45.92095],[12.66814,45.91995],[12.6671,45.9195],[12.66378,45.91975],[12.66098,45.92041],[12.65864,45.92167],[12.65734,45.92105],[12.65823,45.91961],[12.66069,45.91818],[12.66113,45.91712],[12.65886,45.91664],[12.65611,45.91711],[12.65365,45.91815],[12.65023,45.91923],[12.64709,45.91966],[12.64591,45.91952],[12.6444,45.91737],[12.64456,45.91468],[12.64279,45.91424],[12.64073,45.91239],[12.63957,45.91015],[12.63836,45.90968],[12.63627,45.91049],[12.63407,45.91029],[12.63321,45.90899],[12.63393,45.90712],[12.6334,45.90583],[12.63046,45.90469],[12.62823,45.90489],[12.62918,45.90277],[12.63098,45.9012],[12.63436,45.90022],[12.63755,45.89846],[12.63834,45.89908],[12.64108,45.8985],[12.64459,45.897],[12.64484,45.89644],[12.64422,45.89416],[12.64155,45.89407],[12.6403,45.89441],[12.63837,45.89124],[12.63697,45.89052],[12.63744,45.88827],[12.63577,45.88686],[12.63574,45.88531],[12.63733,45.88539],[12.64271,45.88735],[12.64487,45.88938],[12.64742,45.88856],[12.64655,45.88719],[12.64585,45.88483],[12.64626,45.87993],[12.64806,45.88126],[12.65086,45.88152],[12.65026,45.88029],[12.65034,45.87893],[12.64973,45.87803],[12.64742,45.87613],[12.64598,45.87267],[12.64832,45.87174],[12.65354,45.87367],[12.65201,45.87415],[12.65217,45.87499],[12.654,45.87522],[12.65518,45.87454],[12.65687,45.87631],[12.65836,45.87608],[12.65997,45.87515],[12.66098,45.87624],[12.66222,45.87532],[12.66872,45.87139],[12.66489,45.86687],[12.66401,45.86493],[12.66464,45.86334],[12.66234,45.86144],[12.66141,45.86142],[12.65931,45.86011],[12.65891,45.85924],[12.66079,45.85858],[12.6636,45.85699],[12.66519,45.85877],[12.6673,45.85816],[12.66769,45.85913],[12.6704,45.85753],[12.67121,45.85606],[12.6711,45.85375],[12.66896,45.85175],[12.66891,45.85042],[12.66708,45.84862],[12.6643,45.84707],[12.66209,45.84494],[12.66213,45.84358],[12.65856,45.84188],[12.65531,45.83973],[12.65212,45.83698],[12.65333,45.8366],[12.6552,45.83677],[12.65848,45.83648],[12.65717,45.83481],[12.65602,45.83405],[12.65586,45.83169],[12.65779,45.83094],[12.6586,45.82942],[12.6586,45.82808],[12.65958,45.82696],[12.65978,45.82558],[12.66161,45.82592],[12.66264,45.82373],[12.66016,45.8223],[12.65942,45.82111],[12.65646,45.82101],[12.65522,45.82047],[12.65718,45.81948],[12.6572,45.81859],[12.65572,45.81811],[12.65644,45.81503],[12.65785,45.81371],[12.6588,45.81179],[12.65739,45.8114],[12.65649,45.81039],[12.65534,45.81098],[12.65403,45.80949],[12.65286,45.81007],[12.65146,45.80981],[12.65074,45.81159],[12.64629,45.81264],[12.64821,45.81358],[12.6477,45.81492],[12.64852,45.8154],[12.64764,45.81648],[12.64913,45.81717],[12.64742,45.81846],[12.64755,45.8198],[12.64622,45.82058],[12.64528,45.8199],[12.644,45.82032],[12.64328,45.81948],[12.64038,45.82008],[12.64002,45.8191],[12.63848,45.81888],[12.63704,45.81766],[12.63545,45.8171],[12.63326,45.81885],[12.63359,45.81993],[12.63233,45.82058],[12.63222,45.82154],[12.63304,45.82292],[12.63221,45.82335],[12.63197,45.82471],[12.63033,45.82497],[12.63078,45.82639],[12.6297,45.82713],[12.63194,45.82862],[12.63144,45.83001],[12.62956,45.83016],[12.62824,45.82942],[12.62679,45.83029],[12.6249,45.82962],[12.62293,45.82816],[12.62116,45.82793],[12.61876,45.82895],[12.61596,45.82946],[12.61157,45.8319],[12.61111,45.83445],[12.60839,45.83457],[12.60638,45.83741],[12.60418,45.83704],[12.5993,45.83462],[12.59888,45.83366],[12.59439,45.83088],[12.59534,45.82919],[12.59542,45.82712],[12.59694,45.82428],[12.59817,45.8227],[12.59741,45.82215],[12.59846,45.82073],[12.59807,45.81787],[12.60134,45.81579],[12.60161,45.81481],[12.60001,45.81081],[12.60008,45.81022],[12.60185,45.80868],[12.6037,45.80766],[12.60321,45.8066],[12.59986,45.80677],[12.60004,45.80444],[12.59829,45.80415],[12.59714,45.80492],[12.59523,45.8047],[12.59546,45.80273],[12.59337,45.80224],[12.59015,45.80255],[12.58901,45.80133],[12.5907,45.80046],[12.59334,45.80002],[12.5943,45.79946],[12.59584,45.79668],[12.59695,45.79652],[12.59812,45.7955],[12.5961,45.79419],[12.59145,45.79232],[12.58941,45.79172],[12.58656,45.79373],[12.58545,45.7928],[12.5819,45.7936],[12.58043,45.79131],[12.57895,45.79163],[12.57768,45.78885],[12.57767,45.78763],[12.57844,45.78648],[12.58035,45.78546],[12.58093,45.78404],[12.58232,45.78283],[12.58271,45.78146],[12.58448,45.7806],[12.58467,45.77989],[12.58369,45.7787],[12.58525,45.7774],[12.58682,45.77675],[12.58598,45.77499],[12.58078,45.77291],[12.58202,45.77167],[12.58138,45.77072],[12.58196,45.76951],[12.58148,45.76857],[12.58431,45.765],[12.5847,45.76349],[12.58354,45.76201],[12.58143,45.76331],[12.57972,45.76392],[12.57883,45.76496],[12.57637,45.76564],[12.57412,45.76355],[12.57284,45.76112],[12.57478,45.76043],[12.57745,45.75815],[12.58012,45.75761],[12.58146,45.75766],[12.58376,45.75626],[12.58523,45.75422],[12.5864,45.75324],[12.58887,45.7521],[12.59071,45.74966],[12.59448,45.7496],[12.59682,45.74865],[12.59843,45.74588],[12.61086,45.74243],[12.60844,45.73573],[12.64264,45.73699],[12.64392,45.72384],[12.64682,45.72396],[12.64629,45.73033],[12.64838,45.72995],[12.65534,45.73031],[12.66234,45.73087],[12.66337,45.73276],[12.6623,45.73431],[12.66302,45.73498],[12.65898,45.7369],[12.65984,45.73826],[12.66124,45.73917],[12.66446,45.73904]]]},"properties":{"idApp":925035,"aopId":"lison","name":"Lison","nameJa":"リゾン","kind":"village","tags":["docg"],"rank":1},"bbox":[12.57284,45.55673,13.09993,45.93091]},{"type":"Feature","geometry":{"type":"Polygon","coordinates":[[[12.66446,45.73904],[12.66634,45.73813],[12.67004,45.73695],[12.6727,45.73638],[12.6741,45.73432],[12.67438,45.73213],[12.67241,45.7287],[12.67071,45.72278],[12.67108,45.72188],[12.67304,45.72047],[12.67263,45.71921],[12.67073,45.71748],[12.67083,45.71684],[12.67378,45.71451],[12.67563,45.71352],[12.67666,45.71381],[12.67723,45.71598],[12.67865,45.71796],[12.68073,45.71811],[12.68274,45.71719],[12.68439,45.71572],[12.68505,45.71299],[12.68638,45.71182],[12.69105,45.70896],[12.693,45.7081],[12.70207,45.70515],[12.7065,45.70314],[12.70954,45.70195],[12.70999,45.7012],[12.70933,45.7002],[12.70563,45.69737],[12.70391,45.69403],[12.70371,45.6914],[12.70483,45.69007],[12.70625,45.69028],[12.7102,45.69302],[12.71235,45.69335],[12.7135,45.6923],[12.71369,45.69134],[12.7133,45.68776],[12.71372,45.68584],[12.7145,45.68513],[12.7177,45.68373],[12.71852,45.68438],[12.71754,45.68743],[12.71828,45.68855],[12.72159,45.6887],[12.72408,45.68832],[12.72465,45.68475],[12.72587,45.68288],[12.72765,45.68209],[12.7327,45.68287],[12.73847,45.68292],[12.74355,45.68256],[12.74396,45.68131],[12.74293,45.67886],[12.74345,45.67752],[12.74596,45.67675],[12.74946,45.67739],[12.75088,45.67693],[12.74707,45.67399],[12.74672,45.67259],[12.74761,45.67175],[12.75302,45.66908],[12.75449,45.66746],[12.75376,45.66688],[12.75075,45.66608],[12.75056,45.66516],[12.75174,45.66352],[12.7529,45.66268],[12.75528,45.6627],[12.75741,45.6639],[12.75951,45.66422],[12.76099,45.66385],[12.76475,45.66165],[12.76667,45.66181],[12.76959,45.66024],[12.7509,45.64095],[12.74785,45.63739],[12.75394,45.63511],[12.75403,45.63],[12.75523,45.62761],[12.75582,45.62462],[12.7557,45.61881],[12.75502,45.6147],[12.7542,45.61358],[12.75117,45.61266],[12.75115,45.61135],[12.75311,45.60903],[12.75334,45.60728],[12.75199,45.60388],[12.75225,45.60029],[12.7533,45.59716],[12.74944,45.59671],[12.74627,45.59394],[12.74338,45.59097],[12.74134,45.58807],[12.75932,45.58759],[12.76199,45.59017],[12.76429,45.59162],[12.7649,45.59253],[12.76531,45.59537],[12.76583,45.59694],[12.76696,45.59809],[12.76882,45.59897],[12.77089,45.59946],[12.77436,45.5995],[12.77705,45.60001],[12.78027,45.59941],[12.78191,45.59941],[12.78475,45.60051],[12.78796,45.60028],[12.78956,45.6006],[12.79184,45.60224],[12.7935,45.60255],[12.79927,45.60236],[12.8009,45.60211],[12.80736,45.59976],[12.80627,45.59772],[12.80831,45.59613],[12.81425,45.59449],[12.81565,45.59361],[12.8171,45.59189],[12.81674,45.59133],[12.81226,45.58853],[12.81089,45.58706],[12.81008,45.58291],[12.8093,45.58194],[12.80251,45.57722],[12.79953,45.57443],[12.79412,45.56979],[12.7906,45.5646],[12.78874,45.56085],[12.78697,45.55861],[12.78675,45.55785],[12.78784,45.55673],[12.79202,45.5586],[12.79866,45.56188],[12.80584,45.56467],[12.81246,45.56674],[12.81298,45.56711],[12.82038,45.5706],[12.82663,45.57321],[12.83721,45.57777],[12.83994,45.57869],[12.84739,45.58176],[12.85252,45.58363],[12.85841,45.58538],[12.86399,45.58738],[12.86279,45.59073],[12.86548,45.59001],[12.86683,45.58842],[12.86861,45.58969],[12.87417,45.59267],[12.87741,45.59384],[12.88536,45.59721],[12.88777,45.59729],[12.88911,45.59778],[12.89325,45.60048],[12.89144,45.60113],[12.89177,45.60218],[12.89479,45.60382],[12.89988,45.60713],[12.90096,45.60905],[12.9027,45.61069],[12.90868,45.61476],[12.91323,45.61509],[12.91393,45.61315],[12.91704,45.61287],[12.92262,45.61382],[12.94551,45.61932],[12.95516,45.6213],[12.96316,45.62244],[12.96923,45.62285],[12.97193,45.6246],[12.97363,45.62536],[12.97833,45.62533],[12.98012,45.62515],[12.98425,45.62529],[13.00077,45.62756],[13.00873,45.62849],[13.02173,45.62972],[13.02816,45.63017],[13.034,45.6304],[13.0532,45.63049],[13.05974,45.63077],[13.06731,45.63148],[13.07474,45.63247],[13.08282,45.63392],[13.08676,45.63443],[13.09256,45.63555],[13.09384,45.63534],[13.09738,45.63574],[13.09989,45.63915],[13.09993,45.64023],[13.09867,45.64105],[13.0982,45.64331],[13.09879,45.64453],[13.09307,45.64801],[13.09064,45.64979],[13.08798,45.65098],[13.08657,45.65125],[13.08439,45.65071],[13.08258,45.64974],[13.08026,45.64994],[13.07984,45.65116],[13.08066,45.65353],[13.08204,45.65468],[13.08399,45.6555],[13.08445,45.65708],[13.08314,45.65806],[13.08115,45.65883],[13.07857,45.65925],[13.07496,45.65919],[13.07151,45.65808],[13.06653,45.65588],[13.06493,45.65565],[13.06396,45.65616],[13.06283,45.65761],[13.06197,45.65954],[13.06189,45.66293],[13.06352,45.66643],[13.06646,45.66947],[13.06692,45.67087],[13.06678,45.67235],[13.06489,45.67644],[13.0635,45.6784],[13.06141,45.67952],[13.05889,45.67947],[13.05534,45.67738],[13.05288,45.67843],[13.05051,45.68056],[13.04786,45.68239],[13.04543,45.68356],[13.04361,45.68549],[13.04396,45.68726],[13.04492,45.68769],[13.04753,45.68723],[13.04892,45.6874],[13.05048,45.68856],[13.05192,45.69069],[13.05326,45.69453],[13.05231,45.6964],[13.05098,45.69692],[13.04839,45.6968],[13.04677,45.6939],[13.04498,45.69384],[13.04365,45.69527],[13.04013,45.69729],[13.03686,45.69939],[13.0365,45.70092],[13.03928,45.70121],[13.04469,45.70101],[13.04602,45.70158],[13.04608,45.70272],[13.04066,45.70604],[13.03958,45.70815],[13.03808,45.71419],[13.03817,45.71576],[13.03937,45.71957],[13.03866,45.7213],[13.0358,45.723],[13.02936,45.72565],[13.02799,45.72665],[13.0273,45.72804],[13.02734,45.72974],[13.02789,45.7326],[13.02905,45.73514],[13.02857,45.73671],[13.02655,45.73683],[13.02372,45.73544],[13.01644,45.73062],[13.01604,45.7301],[13.01624,45.72614],[13.01578,45.72506],[13.01322,45.72366],[13.01212,45.72362],[13.00882,45.72458],[13.0077,45.72612],[13.00759,45.72889],[13.00799,45.73105],[13.00897,45.73229],[13.01027,45.73301],[13.01566,45.73526],[13.01608,45.73593],[13.01533,45.74202],[13.01314,45.74298],[13.00874,45.74405],[13.00674,45.74479],[13.00246,45.74752],[13.00152,45.74839],[13.00131,45.75003],[13.0025,45.75122],[13.0051,45.75278],[13.00518,45.75488],[13.00392,45.75631],[13.00194,45.75726],[12.99972,45.75896],[13.00037,45.76058],[13.00475,45.76097],[13.00906,45.76046],[13.01105,45.76097],[13.01205,45.76252],[13.0107,45.76415],[13.0076,45.76564],[13.00353,45.76629],[12.99979,45.7676],[12.9971,45.77038],[12.99443,45.77505],[12.99312,45.77603],[12.99016,45.77637],[12.98796,45.77617],[12.98332,45.77691],[12.9833,45.77847],[12.98468,45.78139],[12.9847,45.78413],[12.98419,45.78489],[12.98124,45.7869],[12.97785,45.78795],[12.97493,45.78819],[12.9734,45.78862],[12.97232,45.7906],[12.97379,45.79214],[12.97595,45.79261],[12.98127,45.79296],[12.98751,45.795],[12.99128,45.79696],[12.99173,45.79782],[12.99135,45.8],[12.98958,45.80149],[12.98789,45.80087],[12.98737,45.8001],[12.98675,45.79718],[12.98525,45.79567],[12.98237,45.79559],[12.98078,45.79667],[12.98109,45.79952],[12.98001,45.80147],[12.97715,45.80341],[12.97449,45.80564],[12.97392,45.80665],[12.97425,45.8076],[12.97697,45.80945],[12.97736,45.81251],[12.97876,45.81457],[12.98202,45.81523],[12.9835,45.8149],[12.98518,45.81053],[12.98728,45.80894],[12.9884,45.80875],[12.99066,45.80941],[12.9916,45.81029],[12.99303,45.81276],[12.99325,45.81502],[12.98834,45.81767],[12.98662,45.81837],[12.98371,45.81883],[12.97982,45.81848],[12.9755,45.81926],[12.97305,45.82069],[12.97391,45.82271],[12.97713,45.8232],[12.97925,45.82461],[12.98355,45.82524],[12.98426,45.82617],[12.98209,45.8273],[12.97863,45.82668],[12.97719,45.82685],[12.97703,45.82372],[12.9742,45.82337],[12.97299,45.82495],[12.97089,45.82868],[12.97454,45.83078],[12.97721,45.83139],[12.97906,45.83405],[12.97943,45.83343],[12.98271,45.83359],[12.98429,45.83398],[12.98299,45.83747],[12.98227,45.83839],[12.97939,45.83768],[12.98109,45.8414],[12.97874,45.84108],[12.9766,45.84136],[12.97578,45.84287],[12.97636,45.84428],[12.98151,45.84941],[12.98093,45.85015],[12.98186,45.85177],[12.9793,45.85478],[12.97921,45.85741],[12.97967,45.85916],[12.97756,45.86437],[12.97534,45.86839],[12.97479,45.87062],[12.97462,45.87343],[12.95748,45.8838],[12.95308,45.8846],[12.95005,45.88476],[12.94676,45.8857],[12.94262,45.88866],[12.93961,45.89018],[12.92571,45.88663],[12.92238,45.88402],[12.91772,45.88639],[12.91672,45.88719],[12.91347,45.88847],[12.91058,45.89005],[12.90781,45.89231],[12.90704,45.89358],[12.90668,45.89567],[12.90411,45.89553],[12.90283,45.89665],[12.9005,45.896],[12.89987,45.895],[12.90065,45.89433],[12.89955,45.89339],[12.89866,45.89391],[12.89681,45.89244],[12.89953,45.89131],[12.8999,45.88816],[12.90075,45.88765],[12.89833,45.88643],[12.89612,45.88623],[12.89619,45.88535],[12.89385,45.88474],[12.89514,45.88377],[12.89395,45.88287],[12.89095,45.88459],[12.89168,45.88592],[12.88858,45.88639],[12.88835,45.88994],[12.88728,45.8919],[12.88593,45.8929],[12.88579,45.89488],[12.88387,45.89276],[12.88157,45.89085],[12.88036,45.88828],[12.8789,45.88657],[12.87857,45.88448],[12.87677,45.88454],[12.8759,45.88617],[12.87341,45.8866],[12.87251,45.88782],[12.87046,45.88529],[12.86993,45.88983],[12.86877,45.89081],[12.86584,45.89005],[12.86466,45.88693],[12.86381,45.88761],[12.86244,45.88729],[12.86131,45.88586],[12.86024,45.88653],[12.85905,45.88582],[12.85791,45.88697],[12.85689,45.8859],[12.85582,45.88624],[12.85157,45.88385],[12.84972,45.88224],[12.84642,45.88096],[12.84457,45.88217],[12.84394,45.88103],[12.8419,45.88024],[12.84044,45.88071],[12.83845,45.87952],[12.83801,45.87791],[12.83652,45.87707],[12.83384,45.87614],[12.83238,45.87636],[12.83124,45.87789],[12.83103,45.87901],[12.82958,45.87861],[12.82799,45.87695],[12.82282,45.87643],[12.82195,45.87664],[12.8186,45.87953],[12.81756,45.87986],[12.81757,45.88105],[12.81656,45.88165],[12.81677,45.88358],[12.81753,45.88518],[12.81581,45.88559],[12.81537,45.88393],[12.81381,45.88479],[12.81314,45.88575],[12.81388,45.88687],[12.814,45.88842],[12.81245,45.88949],[12.81416,45.89087],[12.81427,45.89201],[12.81551,45.89236],[12.81428,45.89345],[12.81239,45.89233],[12.81019,45.89394],[12.80902,45.89224],[12.80684,45.89239],[12.80533,45.89296],[12.80537,45.8938],[12.80261,45.89377],[12.80206,45.8927],[12.79583,45.89224],[12.79454,45.89252],[12.7916,45.89233],[12.79122,45.89369],[12.79245,45.89726],[12.79047,45.8978],[12.78902,45.89918],[12.78758,45.89812],[12.78583,45.89939],[12.78936,45.90671],[12.79351,45.91475],[12.79084,45.91531],[12.78772,45.91117],[12.78446,45.90591],[12.78342,45.90474],[12.78158,45.90375],[12.78062,45.90467],[12.78204,45.90565],[12.78277,45.90675],[12.783,45.91027],[12.78125,45.90979],[12.77982,45.91004],[12.77742,45.90782],[12.77387,45.90708],[12.77325,45.90512],[12.77046,45.90328],[12.77088,45.90551],[12.76878,45.90839],[12.76687,45.90947],[12.76527,45.90972],[12.76523,45.90846],[12.76232,45.90507],[12.75927,45.90676],[12.75792,45.90688],[12.75687,45.90558],[12.75477,45.90557],[12.75744,45.90284],[12.75271,45.90133],[12.75077,45.89941],[12.74895,45.89892],[12.74595,45.89858],[12.74154,45.89668],[12.74066,45.89542],[12.73868,45.89377],[12.73816,45.89266],[12.73376,45.8914],[12.7331,45.89276],[12.72939,45.89543],[12.72736,45.89532],[12.72629,45.89574],[12.72274,45.89842],[12.72163,45.90218],[12.72106,45.90783],[12.7199,45.91045],[12.71744,45.90897],[12.71686,45.90816],[12.71445,45.91034],[12.71139,45.90782],[12.70914,45.90743],[12.70692,45.90612],[12.70378,45.90526],[12.70565,45.90275],[12.70482,45.90153],[12.70187,45.89939],[12.70004,45.90039],[12.69934,45.90156],[12.69936,45.90378],[12.6999,45.90679],[12.69659,45.9072],[12.6949,45.90985],[12.69136,45.90953],[12.68908,45.9084],[12.68966,45.90711],[12.68793,45.90627],[12.68746,45.90778],[12.68517,45.90661],[12.68244,45.90681],[12.68117,45.90574],[12.67913,45.90624],[12.67824,45.90725],[12.67977,45.90809],[12.67754,45.90958],[12.67762,45.91062],[12.67659,45.91097],[12.67451,45.91085],[12.67429,45.91307],[12.67741,45.91566],[12.68129,45.91709],[12.68281,45.91903],[12.68668,45.92096],[12.68605,45.92214],[12.68428,45.92348],[12.68636,45.92385],[12.68591,45.9251],[12.6882,45.92741],[12.68743,45.92829],[12.68473,45.92891],[12.68541,45.93014],[12.68437,45.93091],[12.68135,45.92946],[12.67896,45.92534],[12.67482,45.92231],[12.67267,45.92294],[12.67235,45.92425],[12.67496,45.92397],[12.67576,45.92464],[12.67426,45.92675],[12.67214,45.92696],[12.66786,45.92629],[12.66571,45.92479],[12.66373,45.9226],[12.66418,45.92167],[12.66724,45.92251],[12.66949,45.92205],[12.66828,45.92095],[12.66814,45.91995],[12.6671,45.9195],[12.66378,45.91975],[12.66098,45.92041],[12.65864,45.92167],[12.65734,45.92105],[12.65823,45.91961],[12.66069,45.91818],[12.66113,45.91712],[12.65886,45.91664],[12.65611,45.91711],[12.65365,45.91815],[12.65023,45.91923],[12.64709,45.91966],[12.64591,45.91952],[12.6444,45.91737],[12.64456,45.91468],[12.64279,45.91424],[12.64073,45.91239],[12.63957,45.91015],[12.63836,45.90968],[12.63627,45.91049],[12.63407,45.91029],[12.63321,45.90899],[12.63393,45.90712],[12.6334,45.90583],[12.63046,45.90469],[12.62823,45.90489],[12.62918,45.90277],[12.63098,45.9012],[12.63436,45.90022],[12.63755,45.89846],[12.63834,45.89908],[12.64108,45.8985],[12.64459,45.897],[12.64484,45.89644],[12.64422,45.89416],[12.64155,45.89407],[12.6403,45.89441],[12.63837,45.89124],[12.63697,45.89052],[12.63744,45.88827],[12.63577,45.88686],[12.63574,45.88531],[12.63733,45.88539],[12.64271,45.88735],[12.64487,45.88938],[12.64742,45.88856],[12.64655,45.88719],[12.64585,45.88483],[12.64626,45.87993],[12.64806,45.88126],[12.65086,45.88152],[12.65026,45.88029],[12.65034,45.87893],[12.64973,45.87803],[12.64742,45.87613],[12.64598,45.87267],[12.64832,45.87174],[12.65354,45.87367],[12.65201,45.87415],[12.65217,45.87499],[12.654,45.87522],[12.65518,45.87454],[12.65687,45.87631],[12.65836,45.87608],[12.65997,45.87515],[12.66098,45.87624],[12.66222,45.87532],[12.66872,45.87139],[12.66489,45.86687],[12.66401,45.86493],[12.66464,45.86334],[12.66234,45.86144],[12.66141,45.86142],[12.65931,45.86011],[12.65891,45.85924],[12.66079,45.85858],[12.6636,45.85699],[12.66519,45.85877],[12.6673,45.85816],[12.66769,45.85913],[12.6704,45.85753],[12.67121,45.85606],[12.6711,45.85375],[12.66896,45.85175],[12.66891,45.85042],[12.66708,45.84862],[12.6643,45.84707],[12.66209,45.84494],[12.66213,45.84358],[12.65856,45.84188],[12.65531,45.83973],[12.65212,45.83698],[12.65333,45.8366],[12.6552,45.83677],[12.65848,45.83648],[12.65717,45.83481],[12.65602,45.83405],[12.65586,45.83169],[12.65779,45.83094],[12.6586,45.82942],[12.6586,45.82808],[12.65958,45.82696],[12.65978,45.82558],[12.66161,45.82592],[12.66264,45.82373],[12.66016,45.8223],[12.65942,45.82111],[12.65646,45.82101],[12.65522,45.82047],[12.65718,45.81948],[12.6572,45.81859],[12.65572,45.81811],[12.65644,45.81503],[12.65785,45.81371],[12.6588,45.81179],[12.65739,45.8114],[12.65649,45.81039],[12.65534,45.81098],[12.65403,45.80949],[12.65286,45.81007],[12.65146,45.80981],[12.65074,45.81159],[12.64629,45.81264],[12.64821,45.81358],[12.6477,45.81492],[12.64852,45.8154],[12.64764,45.81648],[12.64913,45.81717],[12.64742,45.81846],[12.64755,45.8198],[12.64622,45.82058],[12.64528,45.8199],[12.644,45.82032],[12.64328,45.81948],[12.64038,45.82008],[12.64002,45.8191],[12.63848,45.81888],[12.63704,45.81766],[12.63545,45.8171],[12.63326,45.81885],[12.63359,45.81993],[12.63233,45.82058],[12.63222,45.82154],[12.63304,45.82292],[12.63221,45.82335],[12.63197,45.82471],[12.63033,45.82497],[12.63078,45.82639],[12.6297,45.82713],[12.63194,45.82862],[12.63144,45.83001],[12.62956,45.83016],[12.62824,45.82942],[12.62679,45.83029],[12.6249,45.82962],[12.62293,45.82816],[12.62116,45.82793],[12.61876,45.82895],[12.61596,45.82946],[12.61157,45.8319],[12.61111,45.83445],[12.60839,45.83457],[12.60638,45.83741],[12.60418,45.83704],[12.5993,45.83462],[12.59888,45.83366],[12.59439,45.83088],[12.59534,45.82919],[12.59542,45.82712],[12.59694,45.82428],[12.59817,45.8227],[12.59741,45.82215],[12.59846,45.82073],[12.59807,45.81787],[12.60134,45.81579],[12.60161,45.81481],[12.60001,45.81081],[12.60008,45.81022],[12.60185,45.80868],[12.6037,45.80766],[12.60321,45.8066],[12.59986,45.80677],[12.60004,45.80444],[12.59829,45.80415],[12.59714,45.80492],[12.59523,45.8047],[12.59546,45.80273],[12.59337,45.80224],[12.59015,45.80255],[12.58901,45.80133],[12.5907,45.80046],[12.59334,45.80002],[12.5943,45.79946],[12.59584,45.79668],[12.59695,45.79652],[12.59812,45.7955],[12.5961,45.79419],[12.59145,45.79232],[12.58941,45.79172],[12.58656,45.79373],[12.58545,45.7928],[12.5819,45.7936],[12.58043,45.79131],[12.57895,45.79163],[12.57768,45.78885],[12.57767,45.78763],[12.57844,45.78648],[12.58035,45.78546],[12.58093,45.78404],[12.58232,45.78283],[12.58271,45.78146],[12.58448,45.7806],[12.58467,45.77989],[12.58369,45.7787],[12.58525,45.7774],[12.58682,45.77675],[12.58598,45.77499],[12.58078,45.77291],[12.58202,45.77167],[12.58138,45.77072],[12.58196,45.76951],[12.58148,45.76857],[12.58431,45.765],[12.5847,45.76349],[12.58354,45.76201],[12.58143,45.76331],[12.57972,45.76392],[12.57883,45.76496],[12.57637,45.76564],[12.57412,45.76355],[12.57284,45.76112],[12.57478,45.76043],[12.57745,45.75815],[12.58012,45.75761],[12.58146,45.75766],[12.58376,45.75626],[12.58523,45.75422],[12.5864,45.75324],[12.58887,45.7521],[12.59071,45.74966],[12.59448,45.7496],[12.59682,45.74865],[12.59843,45.74588],[12.61086,45.74243],[12.60844,45.73573],[12.64264,45.73699],[12.64392,45.72384],[12.64682,45.72396],[12.64629,45.73033],[12.64838,45.72995],[12.65534,45.73031],[12.66234,45.73087],[12.66337,45.73276],[12.6623,45.73431],[12.66302,45.73498],[12.65898,45.7369],[12.65984,45.73826],[12.66124,45.73917],[12.66446,45.73904]]]},"properties":{"idApp":925036,"aopId":"lison-pramaggiore","name":"Lison-Pramaggiore","nameJa":"リゾン・ピラマッジョーレ","kind":"village","tags":["doc"],"rank":1},"bbox":[12.57284,45.55673,13.09993,45.93091]},{"type":"Feature","geometry":{"type":"Polygon","coordinates":[[[11.84186,45.1283],[11.84522,45.12846],[11.85195,45.12943],[11.85444,45.13022],[11.85719,45.13174],[11.86534,45.13339],[11.87075,45.13297],[11.87255,45.13311],[11.87535,45.13393],[11.8801,45.13503],[11.88144,45.13591],[11.8844,45.13694],[11.88867,45.13588],[11.89157,45.13428],[11.89379,45.1336],[11.89722,45.13328],[11.89841,45.13355],[11.90538,45.1361],[11.90924,45.13655],[11.91548,45.13679],[11.91692,45.13716],[11.91804,45.13808],[11.92135,45.14194],[11.9245,45.14313],[11.92657,45.14329],[11.93329,45.14313],[11.9351,45.14286],[11.93757,45.14193],[11.94227,45.13888],[11.94557,45.13643],[11.9485,45.13535],[11.95208,45.13483],[11.95673,45.13378],[11.96314,45.13347],[11.96624,45.13347],[11.96879,45.13398],[11.97138,45.13471],[11.97388,45.13477],[11.97816,45.13565],[11.99015,45.13895],[11.99489,45.13972],[12.00573,45.14025],[12.00789,45.14013],[12.01255,45.13879],[12.01645,45.1387],[12.02143,45.13821],[12.023,45.13857],[12.02593,45.13866],[12.02916,45.13777],[12.03014,45.1369],[12.0309,45.13485],[12.03189,45.13391],[12.03467,45.13336],[12.03883,45.13319],[12.04264,45.13327],[12.04419,45.13301],[12.04608,45.13189],[12.04564,45.13017],[12.04365,45.12987],[12.03662,45.12957],[12.03556,45.12928],[12.03475,45.12771],[12.0335,45.12697],[12.02956,45.12529],[12.02732,45.12189],[12.02553,45.1199],[12.02789,45.11866],[12.03113,45.11799],[12.03552,45.11742],[12.04041,45.11628],[12.04503,45.11557],[12.04886,45.11544],[12.05011,45.11501],[12.05037,45.11415],[12.0489,45.11109],[12.04735,45.10636],[12.0477,45.10536],[12.0541,45.10096],[12.05933,45.09802],[12.06507,45.09409],[12.06994,45.09097],[12.07395,45.0881],[12.07711,45.08618],[12.0801,45.08407],[12.0823,45.08196],[12.08764,45.07879],[12.09061,45.07647],[12.09257,45.0754],[12.11011,45.06415],[12.11414,45.06201],[12.11634,45.0613],[12.11817,45.06155],[12.11985,45.05969],[12.12301,45.05829],[12.12495,45.058],[12.12845,45.05835],[12.13198,45.05762],[12.13317,45.05696],[12.13654,45.05626],[12.14159,45.05561],[12.14273,45.05699],[12.14609,45.05705],[12.14817,45.05758],[12.14846,45.05824],[12.14681,45.06052],[12.14652,45.0619],[12.1478,45.06691],[12.14785,45.06857],[12.14917,45.06977],[12.15396,45.07178],[12.15543,45.07215],[12.15823,45.07205],[12.15894,45.07244],[12.1603,45.07464],[12.16093,45.07683],[12.16183,45.07839],[12.16152,45.07917],[12.15885,45.0807],[12.15957,45.082],[12.15991,45.08408],[12.1656,45.09071],[12.16784,45.09395],[12.16851,45.09405],[12.17005,45.09271],[12.17111,45.0926],[12.17319,45.09329],[12.17425,45.09314],[12.17472,45.0913],[12.18009,45.08848],[12.1837,45.08942],[12.18803,45.08905],[12.18897,45.08983],[12.19126,45.09466],[12.19268,45.09708],[12.19525,45.09985],[12.19672,45.09908],[12.19829,45.09916],[12.20011,45.10025],[12.20108,45.10224],[12.20209,45.10336],[12.2028,45.10509],[12.20507,45.10542],[12.20872,45.10522],[12.21532,45.10448],[12.21512,45.10567],[12.21257,45.10645],[12.21246,45.10787],[12.214,45.10996],[12.22098,45.11823],[12.2228,45.12002],[12.22731,45.1255],[12.23151,45.12992],[12.23417,45.1321],[12.23451,45.13289],[12.23401,45.13439],[12.23248,45.13698],[12.23181,45.13865],[12.23099,45.14204],[12.23059,45.14959],[12.23083,45.1553],[12.23192,45.15864],[12.23391,45.16139],[12.2349,45.16538],[12.23576,45.16669],[12.23715,45.17018],[12.23517,45.17079],[12.23213,45.17046],[12.22678,45.16861],[12.22231,45.16891],[12.21997,45.16828],[12.21539,45.16791],[12.20851,45.16664],[12.20086,45.16611],[12.19626,45.16658],[12.18923,45.16672],[12.18808,45.16759],[12.18591,45.16813],[12.18463,45.1674],[12.18462,45.1664],[12.18282,45.1661],[12.1808,45.16686],[12.17901,45.16564],[12.17605,45.16283],[12.15434,45.19249],[12.15341,45.19422],[12.16599,45.1943],[12.16772,45.19451],[12.18388,45.19514],[12.18505,45.19636],[12.18375,45.19734],[12.18249,45.19717],[12.1811,45.196],[12.18015,45.19601],[12.17729,45.19724],[12.17252,45.19874],[12.16984,45.19886],[12.16861,45.20009],[12.16924,45.20093],[12.1716,45.20126],[12.16745,45.20421],[12.16476,45.20491],[12.16276,45.20398],[12.1619,45.20444],[12.16155,45.20637],[12.15873,45.20704],[12.15572,45.20736],[12.15387,45.20818],[12.15384,45.20879],[12.15544,45.21059],[12.15502,45.21208],[12.15367,45.21262],[12.15404,45.21561],[12.15367,45.21917],[12.15526,45.22097],[12.15529,45.22213],[12.15788,45.22427],[12.15685,45.22525],[12.1588,45.22596],[12.16314,45.22565],[12.16471,45.22617],[12.16534,45.22565],[12.16842,45.22559],[12.16845,45.22626],[12.17316,45.22818],[12.1761,45.22844],[12.18168,45.22984],[12.1933,45.23384],[12.19558,45.23739],[12.19279,45.23966],[12.18885,45.23967],[12.18759,45.23999],[12.19177,45.24284],[12.19432,45.24615],[12.19608,45.24789],[12.19547,45.2487],[12.19702,45.25075],[12.20049,45.25734],[12.19788,45.25646],[12.19327,45.25765],[12.18881,45.25821],[12.18752,45.25784],[12.18579,45.25657],[12.18217,45.25503],[12.17318,45.25238],[12.16749,45.25424],[12.15833,45.25367],[12.15521,45.2595],[12.15376,45.26102],[12.14676,45.26395],[12.13482,45.25807],[12.13313,45.25814],[12.13006,45.26095],[12.1292,45.26288],[12.13256,45.30037],[12.12962,45.30045],[12.1255,45.30139],[12.12377,45.30159],[12.11812,45.30312],[12.11399,45.30502],[12.11091,45.30674],[12.10952,45.30969],[12.10274,45.31743],[12.1013,45.31949],[12.09925,45.31983],[12.09754,45.32056],[12.10272,45.3223],[12.10109,45.32406],[12.10068,45.32501],[12.09662,45.32657],[12.0963,45.32744],[12.09294,45.32976],[12.09016,45.33051],[12.08783,45.33163],[12.08465,45.33214],[12.07914,45.33207],[12.07787,45.32744],[12.07534,45.32769],[12.07396,45.32867],[12.07209,45.32716],[12.06979,45.32296],[12.06827,45.32136],[12.06986,45.31963],[12.06533,45.32025],[12.06264,45.32119],[12.06268,45.32165],[12.06005,45.32288],[12.0584,45.32127],[12.05676,45.32077],[12.0554,45.31958],[12.05713,45.31867],[12.0556,45.31649],[12.05402,45.31729],[12.05255,45.31624],[12.05186,45.3145],[12.05237,45.31271],[12.052,45.31186],[12.05051,45.31198],[12.05047,45.31306],[12.04842,45.3128],[12.044,45.3152],[12.03869,45.31655],[12.03736,45.31464],[12.03497,45.31336],[12.0347,45.31506],[12.03251,45.31731],[12.03141,45.31768],[12.02868,45.31745],[12.02725,45.3186],[12.02255,45.32132],[12.02139,45.32217],[12.02013,45.32396],[12.01899,45.32638],[12.01749,45.32697],[12.01696,45.33036],[12.0153,45.33244],[12.01622,45.33457],[12.01464,45.33578],[12.01766,45.33735],[12.02114,45.3354],[12.02158,45.33746],[12.01858,45.33987],[12.01656,45.33874],[12.01417,45.34122],[12.01233,45.34239],[12.01678,45.34498],[12.01893,45.34762],[12.02143,45.34685],[12.02246,45.34821],[12.0232,45.35062],[12.02478,45.35102],[12.02561,45.35243],[12.02559,45.35352],[12.02654,45.35456],[12.02751,45.35417],[12.02637,45.35174],[12.02865,45.35176],[12.02939,45.35435],[12.03075,45.3562],[12.03224,45.35685],[12.03473,45.35731],[12.0331,45.35821],[12.03243,45.35928],[12.03343,45.36033],[12.03095,45.36062],[12.02958,45.36112],[12.03184,45.36453],[12.02862,45.36484],[12.02769,45.362],[12.02699,45.36092],[12.02281,45.36174],[12.02275,45.3628],[12.02423,45.36275],[12.02588,45.3653],[12.02658,45.36732],[12.02363,45.36874],[12.02058,45.36836],[12.01824,45.36945],[12.01398,45.37071],[12.01213,45.37039],[12.01167,45.36747],[12.00959,45.36726],[12.0066,45.3674],[12.00518,45.36553],[12.00402,45.36335],[12.00251,45.36327],[11.9994,45.35981],[11.99879,45.35874],[12.00084,45.35828],[12.00009,45.35704],[11.99771,45.35728],[11.99791,45.35475],[11.99632,45.3543],[11.99761,45.35263],[11.99455,45.35205],[11.99374,45.35039],[11.99253,45.35044],[11.99107,45.34973],[11.98833,45.34899],[11.98658,45.34972],[11.98705,45.35126],[11.98441,45.35388],[11.98411,45.35477],[11.98255,45.35663],[11.97862,45.35566],[11.97694,45.35434],[11.97154,45.35366],[11.97059,45.35525],[11.97127,45.3558],[11.97045,45.3576],[11.97053,45.3587],[11.97278,45.3608],[11.97376,45.36265],[11.97355,45.36342],[11.97126,45.36485],[11.97207,45.36698],[11.96917,45.36755],[11.97194,45.37006],[11.9725,45.37241],[11.96904,45.37303],[11.96492,45.37173],[11.96399,45.37007],[11.95863,45.37203],[11.95717,45.37],[11.94936,45.36927],[11.9467,45.36974],[11.94336,45.371],[11.94546,45.37484],[11.94393,45.37536],[11.94337,45.37442],[11.9421,45.37437],[11.94141,45.37137],[11.94036,45.37324],[11.9388,45.3747],[11.93724,45.3742],[11.93503,45.3742],[11.93532,45.37232],[11.93277,45.37093],[11.93216,45.37277],[11.93068,45.37467],[11.92793,45.37622],[11.92473,45.37733],[11.92345,45.37814],[11.92206,45.38121],[11.91818,45.38292],[11.91188,45.38324],[11.90791,45.37946],[11.9065,45.37711],[11.9076,45.376],[11.91122,45.37434],[11.91391,45.37272],[11.91291,45.36888],[11.91162,45.36898],[11.91126,45.36743],[11.91415,45.36708],[11.91376,45.36576],[11.91053,45.36632],[11.9078,45.36707],[11.90648,45.36977],[11.90336,45.37024],[11.90238,45.36673],[11.90039,45.3671],[11.89772,45.36832],[11.89499,45.36858],[11.89404,45.36527],[11.89768,45.36458],[11.89695,45.36244],[11.89889,45.36175],[11.90337,45.36127],[11.90253,45.3594],[11.90527,45.35862],[11.90706,45.35688],[11.90861,45.35674],[11.91026,45.35517],[11.91187,45.35462],[11.91246,45.35297],[11.91231,45.35163],[11.91152,45.35032],[11.91247,45.34993],[11.91238,45.34869],[11.91509,45.34877],[11.9156,45.34708],[11.91994,45.34628],[11.91929,45.34495],[11.91969,45.34323],[11.91993,45.34001],[11.89969,45.34332],[11.9002,45.34631],[11.89832,45.34658],[11.89584,45.34564],[11.89424,45.34643],[11.89547,45.35],[11.89686,45.35234],[11.89657,45.35282],[11.89424,45.35275],[11.89275,45.35375],[11.89151,45.3538],[11.89086,45.35154],[11.88871,45.3517],[11.88648,45.35102],[11.88485,45.35113],[11.88299,45.3523],[11.88176,45.35388],[11.87991,45.35461],[11.878,45.35407],[11.87593,45.35522],[11.8764,45.35627],[11.8738,45.35667],[11.8733,45.35778],[11.87159,45.35706],[11.86982,45.35706],[11.87053,45.361],[11.86274,45.36256],[11.86182,45.36353],[11.86286,45.36512],[11.86486,45.36735],[11.86165,45.36844],[11.86091,45.36903],[11.85996,45.371],[11.86094,45.37279],[11.86221,45.37349],[11.86357,45.37676],[11.86389,45.37919],[11.86311,45.38042],[11.86125,45.38066],[11.86124,45.38383],[11.85825,45.38254],[11.85503,45.38068],[11.85096,45.37778],[11.84871,45.37541],[11.84273,45.36706],[11.84004,45.362],[11.83642,45.35705],[11.8322,45.35048],[11.82708,45.3436],[11.81946,45.3341],[11.81833,45.33226],[11.81747,45.33088],[11.80985,45.32165],[11.80444,45.3158],[11.7974,45.30777],[11.79255,45.29994],[11.79063,45.30048],[11.79164,45.3027],[11.79081,45.30505],[11.79111,45.30605],[11.79327,45.30721],[11.79378,45.30798],[11.7928,45.31],[11.78842,45.31151],[11.7862,45.31016],[11.78272,45.31039],[11.78052,45.31],[11.7781,45.30911],[11.77462,45.3088],[11.7726,45.30969],[11.77141,45.30936],[11.76918,45.30708],[11.7691,45.30559],[11.76804,45.30285],[11.76349,45.30158],[11.76074,45.30233],[11.7577,45.29893],[11.76272,45.29666],[11.7641,45.29531],[11.76865,45.29384],[11.7698,45.29209],[11.77382,45.29131],[11.76632,45.28634],[11.76315,45.2867],[11.7602,45.28566],[11.76131,45.28277],[11.76149,45.28086],[11.75369,45.28224],[11.75274,45.27899],[11.75421,45.27856],[11.75137,45.27491],[11.74864,45.2717],[11.74771,45.26983],[11.74755,45.26835],[11.74651,45.26824],[11.74532,45.26561],[11.74479,45.26283],[11.7412,45.26211],[11.73938,45.26122],[11.7392,45.2602],[11.73809,45.25985],[11.73691,45.25741],[11.73501,45.25681],[11.73387,45.25598],[11.73212,45.25619],[11.73079,45.25547],[11.72911,45.25598],[11.72634,45.25569],[11.7269,45.25385],[11.72646,45.25305],[11.72436,45.25238],[11.724,45.25098],[11.72078,45.24995],[11.72448,45.2488],[11.72454,45.24599],[11.7227,45.24539],[11.71974,45.24375],[11.71719,45.24044],[11.71485,45.23775],[11.70984,45.23038],[11.71125,45.23005],[11.71185,45.22675],[11.71281,45.22567],[11.71093,45.22551],[11.70945,45.22413],[11.70886,45.22271],[11.70541,45.22071],[11.70207,45.21927],[11.6995,45.2194],[11.69669,45.21783],[11.6975,45.21616],[11.69863,45.21531],[11.70083,45.21466],[11.70505,45.21421],[11.70645,45.21365],[11.70887,45.21188],[11.71183,45.21067],[11.71345,45.21177],[11.7187,45.21136],[11.71855,45.20982],[11.71982,45.20787],[11.72009,45.20645],[11.72207,45.20737],[11.72377,45.20765],[11.72241,45.20572],[11.72217,45.20446],[11.72242,45.20165],[11.72366,45.19994],[11.7262,45.1979],[11.72628,45.19585],[11.72749,45.19486],[11.73002,45.19188],[11.73418,45.19009],[11.73552,45.18889],[11.74074,45.1875],[11.74469,45.18804],[11.74708,45.18782],[11.74823,45.18825],[11.7524,45.1891],[11.75379,45.19002],[11.75731,45.19067],[11.75839,45.1899],[11.76284,45.19007],[11.76684,45.18908],[11.76774,45.18832],[11.77069,45.18778],[11.77534,45.18843],[11.77875,45.19046],[11.7804,45.18981],[11.78354,45.18974],[11.78337,45.18837],[11.78235,45.18513],[11.78135,45.18278],[11.7827,45.17404],[11.78199,45.17373],[11.78236,45.17036],[11.78223,45.16855],[11.77994,45.16808],[11.77933,45.16742],[11.78032,45.16628],[11.77929,45.16555],[11.77834,45.16208],[11.78572,45.16087],[11.80429,45.15831],[11.80418,45.15782],[11.80129,45.1575],[11.80039,45.15515],[11.80554,45.15278],[11.80405,45.14894],[11.81969,45.14814],[11.82123,45.14112],[11.82612,45.13771],[11.83774,45.14023],[11.83983,45.13594],[11.84235,45.13326],[11.84244,45.13229],[11.84186,45.1283]]]},"properties":{"idApp":925024,"aopId":"corti-benedettine-del-padovano","name":"Corti Benedettine del Padovano","nameJa":"コルティ・ベネデッティーネ・デル・パドヴァーノ","kind":"village","tags":["doc"],"rank":1},"bbox":[11.69669,45.05561,12.23715,45.38383]},{"type":"Feature","geometry":{"type":"Polygon","coordinates":[[[10.94326,45.37202],[10.95401,45.37166],[10.95425,45.37256],[10.95619,45.37254],[10.9571,45.37759],[10.96415,45.37814],[10.96839,45.37819],[10.96577,45.374],[10.96819,45.36577],[10.97048,45.35753],[10.97168,45.35465],[10.97422,45.35497],[10.97782,45.35448],[10.97946,45.35393],[10.98145,45.3577],[10.98111,45.35884],[10.98502,45.35894],[10.98707,45.35728],[10.9894,45.35822],[10.9908,45.35818],[10.99093,45.35674],[10.98708,45.35095],[10.98701,45.35008],[10.98817,45.3494],[10.9895,45.35059],[10.994,45.35041],[10.99555,45.35081],[10.99645,45.35181],[10.99606,45.35345],[10.99467,45.35692],[10.9935,45.35829],[10.99283,45.36201],[10.99197,45.36395],[10.99524,45.36621],[10.99652,45.36748],[10.99848,45.36717],[11.00284,45.36789],[11.00521,45.36866],[11.008,45.36865],[11.0091,45.36924],[11.01544,45.3703],[11.0179,45.37093],[11.01919,45.36859],[11.0215,45.36921],[11.02074,45.37108],[11.02581,45.37285],[11.02363,45.37528],[11.02727,45.37649],[11.02506,45.37791],[11.02361,45.37951],[11.02127,45.38043],[11.01678,45.38138],[11.01575,45.38352],[11.0165,45.38568],[11.0148,45.38821],[11.01606,45.38903],[11.0223,45.38239],[11.02403,45.38323],[11.01041,45.39784],[11.01328,45.39893],[11.01388,45.39854],[11.01659,45.4012],[11.01764,45.40075],[11.02015,45.40268],[11.02301,45.40421],[11.02497,45.40328],[11.03032,45.40528],[11.03141,45.40287],[11.03172,45.40077],[11.03133,45.39697],[11.03154,45.39622],[11.03372,45.39483],[11.03553,45.39435],[11.03758,45.39451],[11.0423,45.39644],[11.04494,45.39662],[11.04992,45.39595],[11.05425,45.39448],[11.05709,45.39327],[11.06195,45.38958],[11.06341,45.38739],[11.065,45.38208],[11.06551,45.38135],[11.06805,45.38029],[11.06958,45.38041],[11.07206,45.38163],[11.07453,45.3845],[11.07705,45.38643],[11.08078,45.38717],[11.08212,45.38699],[11.08668,45.38502],[11.09612,45.38247],[11.10229,45.38145],[11.106,45.37971],[11.10929,45.37886],[11.1117,45.37895],[11.11211,45.38175],[11.11348,45.38333],[11.12108,45.38555],[11.12079,45.38661],[11.12285,45.38715],[11.12569,45.38855],[11.12909,45.38905],[11.12966,45.39175],[11.12874,45.3927],[11.12837,45.39564],[11.12666,45.39689],[11.12495,45.39917],[11.12715,45.40232],[11.12913,45.4029],[11.13162,45.40201],[11.13442,45.39966],[11.13547,45.39776],[11.13834,45.39684],[11.14144,45.39634],[11.14115,45.39883],[11.14239,45.4019],[11.14204,45.40347],[11.14244,45.40569],[11.14157,45.4079],[11.1418,45.41055],[11.13856,45.41423],[11.13839,45.41634],[11.13784,45.41743],[11.13881,45.41909],[11.1499,45.41806],[11.15458,45.41787],[11.16572,45.41701],[11.17018,45.41682],[11.18662,45.4141],[11.18675,45.41498],[11.18861,45.41856],[11.19068,45.41834],[11.19288,45.41743],[11.19223,45.41609],[11.19005,45.41514],[11.18977,45.41385],[11.19991,45.41223],[11.19877,45.4087],[11.20206,45.40756],[11.21108,45.40346],[11.21972,45.39953],[11.22006,45.39974],[11.22021,45.40135],[11.22108,45.40304],[11.22104,45.40453],[11.22203,45.40873],[11.22233,45.41273],[11.22043,45.41355],[11.21718,45.41433],[11.21463,45.41587],[11.21492,45.41847],[11.21594,45.41922],[11.2165,45.42089],[11.21765,45.42157],[11.22095,45.42219],[11.22115,45.42363],[11.22229,45.42421],[11.22545,45.42357],[11.22673,45.42454],[11.22958,45.42296],[11.23004,45.42691],[11.22928,45.4274],[11.22982,45.42874],[11.23107,45.42824],[11.23168,45.43017],[11.23101,45.43203],[11.22806,45.4328],[11.22698,45.43484],[11.22388,45.43538],[11.22511,45.43653],[11.22551,45.438],[11.22711,45.43847],[11.22605,45.44086],[11.22451,45.44191],[11.22233,45.44259],[11.2212,45.44395],[11.22033,45.44629],[11.2202,45.44832],[11.21821,45.44847],[11.21778,45.45082],[11.21614,45.45407],[11.21731,45.45452],[11.21643,45.45644],[11.21885,45.45766],[11.2175,45.45907],[11.21969,45.4608],[11.22228,45.46198],[11.22524,45.46283],[11.22679,45.46466],[11.225,45.46494],[11.22622,45.46715],[11.22845,45.46866],[11.22905,45.47229],[11.22965,45.47413],[11.232,45.47483],[11.23414,45.47483],[11.23676,45.47346],[11.23908,45.47315],[11.24055,45.47221],[11.24086,45.4712],[11.24249,45.47161],[11.24378,45.47015],[11.24315,45.46979],[11.24431,45.46746],[11.24313,45.46654],[11.24419,45.46568],[11.24897,45.46601],[11.25014,45.46654],[11.25233,45.46639],[11.25285,45.46444],[11.25678,45.46494],[11.25925,45.46586],[11.26088,45.46502],[11.261,45.46322],[11.26186,45.46132],[11.26279,45.46249],[11.26568,45.46472],[11.26853,45.46526],[11.27171,45.46432],[11.27318,45.4642],[11.2778,45.46186],[11.28061,45.46143],[11.28118,45.4609],[11.28346,45.46043],[11.28448,45.45954],[11.28598,45.45929],[11.28706,45.45992],[11.29501,45.46141],[11.29618,45.46045],[11.29857,45.45741],[11.30109,45.45491],[11.30224,45.45312],[11.30318,45.45026],[11.30409,45.44909],[11.3054,45.44933],[11.30593,45.44802],[11.30704,45.44811],[11.30841,45.44579],[11.31182,45.44257],[11.31077,45.442],[11.31169,45.44025],[11.31285,45.43902],[11.31329,45.43785],[11.31499,45.43784],[11.31887,45.43714],[11.32074,45.43686],[11.32245,45.43707],[11.32204,45.43865],[11.32467,45.43969],[11.32645,45.44132],[11.32894,45.44253],[11.32777,45.44402],[11.32982,45.44443],[11.32952,45.44536],[11.32775,45.44744],[11.32846,45.44816],[11.32522,45.45062],[11.32489,45.4523],[11.324,45.45345],[11.32452,45.45418],[11.32262,45.45459],[11.32037,45.45561],[11.31639,45.457],[11.31233,45.4603],[11.30893,45.46233],[11.30396,45.46467],[11.30252,45.46475],[11.30072,45.46578],[11.2966,45.46642],[11.29195,45.46825],[11.28963,45.46831],[11.2873,45.46965],[11.28418,45.47063],[11.28284,45.47183],[11.28073,45.47192],[11.27775,45.47333],[11.27628,45.47322],[11.27543,45.47443],[11.27325,45.47525],[11.27131,45.47642],[11.27319,45.47933],[11.27508,45.48009],[11.27293,45.48321],[11.27165,45.48638],[11.27085,45.48723],[11.26937,45.49023],[11.26937,45.49241],[11.27067,45.49476],[11.26951,45.49772],[11.2694,45.50077],[11.27085,45.50186],[11.2729,45.50457],[11.27572,45.50671],[11.2777,45.50875],[11.27882,45.51034],[11.27647,45.51166],[11.27069,45.51158],[11.26553,45.51221],[11.26346,45.51165],[11.26406,45.51049],[11.26123,45.50936],[11.25378,45.50829],[11.25228,45.5073],[11.25229,45.50635],[11.25055,45.50544],[11.24812,45.50567],[11.24659,45.50491],[11.24483,45.50465],[11.24243,45.50265],[11.24325,45.50146],[11.24036,45.50082],[11.23823,45.50108],[11.23753,45.5004],[11.23469,45.49915],[11.23396,45.49828],[11.23192,45.49731],[11.22978,45.49567],[11.22763,45.49492],[11.22396,45.4942],[11.22378,45.49346],[11.2215,45.4935],[11.22006,45.49535],[11.2187,45.49834],[11.2173,45.50348],[11.21751,45.50443],[11.2166,45.5068],[11.21587,45.51011],[11.21379,45.5132],[11.21161,45.51558],[11.20995,45.51647],[11.20868,45.51646],[11.20841,45.51721],[11.20636,45.51916],[11.20647,45.52187],[11.20596,45.52398],[11.20621,45.52531],[11.20552,45.52777],[11.2044,45.52896],[11.20347,45.53085],[11.20257,45.53174],[11.20507,45.53249],[11.20633,45.53334],[11.2066,45.53808],[11.20596,45.54079],[11.20375,45.54284],[11.20381,45.54502],[11.20172,45.54557],[11.20154,45.54654],[11.19999,45.54775],[11.20052,45.54952],[11.20206,45.5498],[11.20519,45.55102],[11.20682,45.55253],[11.20985,45.55312],[11.20678,45.5541],[11.20575,45.55541],[11.20578,45.55654],[11.20317,45.5574],[11.20082,45.55857],[11.19857,45.5587],[11.19712,45.55838],[11.19239,45.55925],[11.18893,45.55946],[11.18414,45.56072],[11.18211,45.55912],[11.18129,45.55712],[11.17968,45.55856],[11.177,45.56012],[11.17491,45.56052],[11.17272,45.56192],[11.1704,45.5629],[11.16805,45.56294],[11.16606,45.56347],[11.15888,45.5619],[11.15679,45.5608],[11.15435,45.56087],[11.15474,45.5577],[11.15391,45.55402],[11.15392,45.55215],[11.15262,45.54725],[11.15318,45.54444],[11.14599,45.54423],[11.14181,45.54317],[11.13926,45.54415],[11.1375,45.54443],[11.13604,45.54536],[11.13329,45.54463],[11.13202,45.5452],[11.12939,45.54516],[11.12672,45.5456],[11.12407,45.54507],[11.12198,45.54683],[11.12154,45.54916],[11.12017,45.55186],[11.11824,45.5537],[11.11943,45.55585],[11.11864,45.5568],[11.11784,45.55943],[11.11894,45.56057],[11.11949,45.56283],[11.1184,45.5651],[11.11819,45.56872],[11.12027,45.57131],[11.12048,45.57243],[11.11864,45.577],[11.11511,45.58028],[11.11466,45.58166],[11.11513,45.58414],[11.11512,45.58631],[11.11398,45.58876],[11.11342,45.59186],[11.11181,45.59406],[11.1096,45.59405],[11.10659,45.5956],[11.1058,45.5931],[11.10322,45.59246],[11.10249,45.59181],[11.10213,45.59015],[11.10031,45.58546],[11.10036,45.58414],[11.09963,45.58301],[11.1002,45.58157],[11.09738,45.57875],[11.09743,45.57121],[11.09639,45.56779],[11.09426,45.56587],[11.0935,45.56445],[11.09304,45.562],[11.09372,45.56083],[11.09369,45.5572],[11.09526,45.55148],[11.09573,45.55068],[11.09778,45.54906],[11.09833,45.54792],[11.09998,45.54669],[11.10057,45.54476],[11.10538,45.53924],[11.09745,45.53778],[11.09195,45.53719],[11.0899,45.53724],[11.08967,45.53605],[11.08717,45.53676],[11.08473,45.53795],[11.08262,45.53799],[11.07755,45.53632],[11.07746,45.53585],[11.07436,45.53405],[11.07368,45.5345],[11.07475,45.53733],[11.07459,45.53838],[11.07593,45.53984],[11.07671,45.5418],[11.0743,45.54137],[11.07227,45.54154],[11.07233,45.54276],[11.07141,45.54461],[11.0724,45.54619],[11.07097,45.54774],[11.07048,45.54991],[11.06903,45.55212],[11.06957,45.55659],[11.06933,45.55909],[11.0684,45.56096],[11.06717,45.56217],[11.06654,45.56488],[11.06516,45.5652],[11.06331,45.56705],[11.06053,45.56862],[11.05958,45.57097],[11.05807,45.57201],[11.05822,45.57448],[11.05593,45.57692],[11.05571,45.57856],[11.05344,45.58167],[11.05233,45.58269],[11.05147,45.58453],[11.05021,45.58483],[11.04675,45.58311],[11.04501,45.58324],[11.04366,45.58135],[11.04357,45.57972],[11.042,45.58005],[11.03739,45.58514],[11.03558,45.58515],[11.03404,45.58643],[11.03455,45.58774],[11.03386,45.58844],[11.03184,45.58836],[11.03062,45.58731],[11.02881,45.58794],[11.02704,45.58687],[11.0256,45.58771],[11.02267,45.58621],[11.02149,45.58674],[11.01853,45.58682],[11.01569,45.58811],[11.01282,45.59083],[11.01051,45.59191],[11.00433,45.59203],[11.00245,45.59252],[10.99896,45.59141],[10.99746,45.59154],[10.99649,45.59325],[10.99543,45.59398],[10.99651,45.59709],[10.99854,45.59932],[10.99841,45.60111],[10.99967,45.60274],[11,45.60429],[10.99558,45.60611],[10.99019,45.60659],[10.98845,45.60768],[10.98598,45.60994],[10.98497,45.61164],[10.98374,45.61281],[10.98293,45.61561],[10.98124,45.61499],[10.9798,45.61232],[10.97739,45.60969],[10.97696,45.60889],[10.97794,45.60777],[10.9799,45.60706],[10.98107,45.60562],[10.98153,45.60345],[10.98245,45.60199],[10.98219,45.60079],[10.98273,45.59993],[10.98318,45.5975],[10.98421,45.59594],[10.98432,45.59347],[10.97944,45.5933],[10.97861,45.59265],[10.98156,45.59223],[10.98299,45.5912],[10.98462,45.58856],[10.98585,45.5882],[10.98628,45.58615],[10.98525,45.58534],[10.98531,45.58335],[10.98477,45.58264],[10.98567,45.58081],[10.98342,45.58004],[10.98169,45.5824],[10.97894,45.58384],[10.97708,45.58513],[10.97543,45.58558],[10.97207,45.5841],[10.97175,45.58461],[10.9683,45.58638],[10.96687,45.58584],[10.96612,45.58769],[10.96673,45.58871],[10.9649,45.58873],[10.96254,45.59201],[10.96222,45.59317],[10.96083,45.59351],[10.95975,45.59445],[10.95739,45.59325],[10.955,45.59531],[10.95205,45.59586],[10.9491,45.59464],[10.94638,45.59445],[10.94649,45.5935],[10.94803,45.59105],[10.94661,45.58972],[10.94228,45.58829],[10.94064,45.58841],[10.94284,45.59012],[10.94159,45.59023],[10.94034,45.58884],[10.93806,45.58851],[10.93629,45.58776],[10.93179,45.58788],[10.93084,45.58886],[10.92651,45.58982],[10.92164,45.5884],[10.91715,45.5886],[10.91651,45.58897],[10.91121,45.58909],[10.90759,45.58984],[10.90902,45.59046],[10.91203,45.59323],[10.91229,45.5958],[10.91433,45.59963],[10.9142,45.60186],[10.91525,45.60398],[10.91764,45.6075],[10.91782,45.60871],[10.91883,45.60923],[10.92327,45.61059],[10.92678,45.6138],[10.92718,45.61498],[10.927,45.61794],[10.92775,45.621],[10.92987,45.62334],[10.93033,45.62648],[10.93139,45.6283],[10.93202,45.63088],[10.93149,45.63245],[10.93064,45.63307],[10.93083,45.63415],[10.93033,45.63605],[10.92825,45.63411],[10.92496,45.63264],[10.92037,45.63213],[10.91851,45.63234],[10.91667,45.63065],[10.91522,45.63045],[10.91397,45.63239],[10.91071,45.63343],[10.90825,45.63561],[10.90779,45.63669],[10.90715,45.63854],[10.9056,45.64004],[10.90569,45.64164],[10.90751,45.64315],[10.90967,45.64437],[10.91335,45.64424],[10.91707,45.64374],[10.91665,45.64582],[10.91981,45.64635],[10.92036,45.64808],[10.92381,45.64988],[10.92423,45.65083],[10.92797,45.65136],[10.9283,45.65242],[10.92601,45.6545],[10.92681,45.65662],[10.92784,45.65767],[10.92718,45.65854],[10.9282,45.65992],[10.92824,45.66102],[10.93017,45.66196],[10.92936,45.66304],[10.92995,45.66375],[10.93296,45.66504],[10.93426,45.66833],[10.93749,45.67341],[10.93661,45.67348],[10.93393,45.67581],[10.93229,45.67632],[10.9304,45.67773],[10.92751,45.67744],[10.92302,45.6799],[10.92019,45.68028],[10.91935,45.68217],[10.91799,45.68372],[10.91637,45.68429],[10.91286,45.68777],[10.91141,45.68854],[10.91008,45.68585],[10.90729,45.68449],[10.9047,45.6836],[10.90261,45.68257],[10.90085,45.68089],[10.89971,45.67905],[10.89826,45.67851],[10.89501,45.67787],[10.89362,45.67688],[10.89294,45.67517],[10.89358,45.67313],[10.8949,45.67125],[10.89929,45.66832],[10.90225,45.66603],[10.90292,45.66475],[10.90163,45.66315],[10.89766,45.66171],[10.89548,45.65909],[10.89476,45.65437],[10.89569,45.65198],[10.89682,45.65053],[10.89645,45.64829],[10.89353,45.64633],[10.89162,45.64611],[10.88688,45.64747],[10.88376,45.64739],[10.88163,45.64686],[10.87998,45.6457],[10.8804,45.64354],[10.88373,45.64053],[10.88392,45.63919],[10.88133,45.63689],[10.87855,45.63527],[10.87743,45.63348],[10.877,45.63115],[10.87528,45.62885],[10.87031,45.6264],[10.8676,45.62246],[10.86578,45.6205],[10.86283,45.61846],[10.86063,45.6182],[10.85929,45.61866],[10.85598,45.6209],[10.85431,45.62059],[10.85323,45.61845],[10.85362,45.61273],[10.85492,45.60907],[10.85499,45.60726],[10.85407,45.6063],[10.85153,45.60523],[10.84813,45.60337],[10.84557,45.59938],[10.84378,45.59718],[10.84282,45.59412],[10.84273,45.59235],[10.84385,45.58867],[10.84402,45.58637],[10.84175,45.58416],[10.83741,45.58235],[10.83218,45.58178],[10.82705,45.58208],[10.82466,45.58156],[10.82306,45.58051],[10.82227,45.57936],[10.82138,45.57619],[10.82024,45.57381],[10.81919,45.57055],[10.81904,45.56886],[10.81978,45.56732],[10.82182,45.56686],[10.82357,45.56802],[10.82582,45.56791],[10.82498,45.56473],[10.82581,45.56263],[10.82705,45.56141],[10.82948,45.55984],[10.83038,45.55886],[10.83046,45.55655],[10.8283,45.55284],[10.8276,45.55201],[10.82535,45.55058],[10.82114,45.54892],[10.81976,45.5474],[10.81768,45.54378],[10.8138,45.54048],[10.81119,45.53673],[10.80952,45.53339],[10.80546,45.52878],[10.80522,45.5273],[10.80584,45.52636],[10.80598,45.52338],[10.80379,45.51782],[10.80381,45.5161],[10.80594,45.51381],[10.80734,45.51243],[10.80819,45.51069],[10.80906,45.50646],[10.80971,45.50303],[10.81195,45.50076],[10.81521,45.4984],[10.81951,45.49688],[10.82185,45.49516],[10.82423,45.49236],[10.82516,45.49071],[10.82552,45.48911],[10.82468,45.48598],[10.82511,45.48422],[10.8273,45.48166],[10.82879,45.48126],[10.83151,45.48122],[10.84466,45.47971],[10.85054,45.47704],[10.85346,45.47669],[10.85672,45.47693],[10.8598,45.47774],[10.86582,45.4798],[10.86852,45.48026],[10.87022,45.47937],[10.87343,45.47435],[10.87635,45.47323],[10.87978,45.4728],[10.88419,45.47363],[10.88718,45.47498],[10.88912,45.47652],[10.8923,45.47726],[10.89579,45.4774],[10.90014,45.4758],[10.90402,45.47197],[10.90627,45.47065],[10.90438,45.46952],[10.9025,45.46907],[10.89926,45.46734],[10.89568,45.46602],[10.89344,45.46548],[10.89007,45.46516],[10.88628,45.46365],[10.88157,45.46205],[10.87684,45.46156],[10.87761,45.45994],[10.88098,45.45637],[10.87761,45.45398],[10.88106,45.45222],[10.88461,45.45066],[10.88586,45.44901],[10.88686,45.44667],[10.88953,45.44306],[10.89218,45.44291],[10.89493,45.44213],[10.89785,45.4399],[10.90358,45.43626],[10.90604,45.43333],[10.90611,45.43046],[10.90774,45.43005],[10.90963,45.42718],[10.90588,45.42715],[10.90871,45.42145],[10.91146,45.41514],[10.9161,45.40569],[10.92046,45.39648],[10.92982,45.38504],[10.92674,45.38196],[10.92715,45.38017],[10.92886,45.37496],[10.92979,45.37623],[10.93454,45.3797],[10.93876,45.38371],[10.94085,45.38524],[10.9487,45.38144],[10.94578,45.37582],[10.94377,45.37244],[10.94326,45.37202]]]},"properties":{"idApp":925001,"aopId":"amarone-della-valpolicella","name":"Amarone della Valpolicella","nameJa":"アマローネ・デッラ・ヴァルポリチェッラ","kind":"village","tags":["docg"],"rank":1},"bbox":[10.80379,45.3494,11.32982,45.68854]},{"type":"Feature","geometry":{"type":"Polygon","coordinates":[[[10.94326,45.37202],[10.95401,45.37166],[10.95425,45.37256],[10.95619,45.37254],[10.9571,45.37759],[10.96415,45.37814],[10.96839,45.37819],[10.96577,45.374],[10.96819,45.36577],[10.97048,45.35753],[10.97168,45.35465],[10.97422,45.35497],[10.97782,45.35448],[10.97946,45.35393],[10.98145,45.3577],[10.98111,45.35884],[10.98502,45.35894],[10.98707,45.35728],[10.9894,45.35822],[10.9908,45.35818],[10.99093,45.35674],[10.98708,45.35095],[10.98701,45.35008],[10.98817,45.3494],[10.9895,45.35059],[10.994,45.35041],[10.99555,45.35081],[10.99645,45.35181],[10.99606,45.35345],[10.99467,45.35692],[10.9935,45.35829],[10.99283,45.36201],[10.99197,45.36395],[10.99524,45.36621],[10.99652,45.36748],[10.99848,45.36717],[11.00284,45.36789],[11.00521,45.36866],[11.008,45.36865],[11.0091,45.36924],[11.01544,45.3703],[11.0179,45.37093],[11.01919,45.36859],[11.0215,45.36921],[11.02074,45.37108],[11.02581,45.37285],[11.02363,45.37528],[11.02727,45.37649],[11.02506,45.37791],[11.02361,45.37951],[11.02127,45.38043],[11.01678,45.38138],[11.01575,45.38352],[11.0165,45.38568],[11.0148,45.38821],[11.01606,45.38903],[11.0223,45.38239],[11.02403,45.38323],[11.01041,45.39784],[11.01328,45.39893],[11.01388,45.39854],[11.01659,45.4012],[11.01764,45.40075],[11.02015,45.40268],[11.02301,45.40421],[11.02497,45.40328],[11.03032,45.40528],[11.03141,45.40287],[11.03172,45.40077],[11.03133,45.39697],[11.03154,45.39622],[11.03372,45.39483],[11.03553,45.39435],[11.03758,45.39451],[11.0423,45.39644],[11.04494,45.39662],[11.04992,45.39595],[11.05425,45.39448],[11.05709,45.39327],[11.06195,45.38958],[11.06341,45.38739],[11.065,45.38208],[11.06551,45.38135],[11.06805,45.38029],[11.06958,45.38041],[11.07206,45.38163],[11.07453,45.3845],[11.07705,45.38643],[11.08078,45.38717],[11.08212,45.38699],[11.08668,45.38502],[11.09612,45.38247],[11.10229,45.38145],[11.106,45.37971],[11.10929,45.37886],[11.1117,45.37895],[11.11211,45.38175],[11.11348,45.38333],[11.12108,45.38555],[11.12079,45.38661],[11.12285,45.38715],[11.12569,45.38855],[11.12909,45.38905],[11.12966,45.39175],[11.12874,45.3927],[11.12837,45.39564],[11.12666,45.39689],[11.12495,45.39917],[11.12715,45.40232],[11.12913,45.4029],[11.13162,45.40201],[11.13442,45.39966],[11.13547,45.39776],[11.13834,45.39684],[11.14144,45.39634],[11.14115,45.39883],[11.14239,45.4019],[11.14204,45.40347],[11.14244,45.40569],[11.14157,45.4079],[11.1418,45.41055],[11.13856,45.41423],[11.13839,45.41634],[11.13784,45.41743],[11.13881,45.41909],[11.1499,45.41806],[11.15458,45.41787],[11.16572,45.41701],[11.17018,45.41682],[11.18662,45.4141],[11.18675,45.41498],[11.18861,45.41856],[11.19068,45.41834],[11.19288,45.41743],[11.19223,45.41609],[11.19005,45.41514],[11.18977,45.41385],[11.19991,45.41223],[11.19877,45.4087],[11.20206,45.40756],[11.21108,45.40346],[11.21972,45.39953],[11.22006,45.39974],[11.22021,45.40135],[11.22108,45.40304],[11.22104,45.40453],[11.22203,45.40873],[11.22233,45.41273],[11.22043,45.41355],[11.21718,45.41433],[11.21463,45.41587],[11.21492,45.41847],[11.21594,45.41922],[11.2165,45.42089],[11.21765,45.42157],[11.22095,45.42219],[11.22115,45.42363],[11.22229,45.42421],[11.22545,45.42357],[11.22673,45.42454],[11.22958,45.42296],[11.23004,45.42691],[11.22928,45.4274],[11.22982,45.42874],[11.23107,45.42824],[11.23168,45.43017],[11.23101,45.43203],[11.22806,45.4328],[11.22698,45.43484],[11.22388,45.43538],[11.22511,45.43653],[11.22551,45.438],[11.22711,45.43847],[11.22605,45.44086],[11.22451,45.44191],[11.22233,45.44259],[11.2212,45.44395],[11.22033,45.44629],[11.2202,45.44832],[11.21821,45.44847],[11.21778,45.45082],[11.21614,45.45407],[11.21731,45.45452],[11.21643,45.45644],[11.21885,45.45766],[11.2175,45.45907],[11.21969,45.4608],[11.22228,45.46198],[11.22524,45.46283],[11.22679,45.46466],[11.225,45.46494],[11.22622,45.46715],[11.22845,45.46866],[11.22905,45.47229],[11.22965,45.47413],[11.232,45.47483],[11.23414,45.47483],[11.23676,45.47346],[11.23908,45.47315],[11.24055,45.47221],[11.24086,45.4712],[11.24249,45.47161],[11.24378,45.47015],[11.24315,45.46979],[11.24431,45.46746],[11.24313,45.46654],[11.24419,45.46568],[11.24897,45.46601],[11.25014,45.46654],[11.25233,45.46639],[11.25285,45.46444],[11.25678,45.46494],[11.25925,45.46586],[11.26088,45.46502],[11.261,45.46322],[11.26186,45.46132],[11.26279,45.46249],[11.26568,45.46472],[11.26853,45.46526],[11.27171,45.46432],[11.27318,45.4642],[11.2778,45.46186],[11.28061,45.46143],[11.28118,45.4609],[11.28346,45.46043],[11.28448,45.45954],[11.28598,45.45929],[11.28706,45.45992],[11.29501,45.46141],[11.29618,45.46045],[11.29857,45.45741],[11.30109,45.45491],[11.30224,45.45312],[11.30318,45.45026],[11.30409,45.44909],[11.3054,45.44933],[11.30593,45.44802],[11.30704,45.44811],[11.30841,45.44579],[11.31182,45.44257],[11.31077,45.442],[11.31169,45.44025],[11.31285,45.43902],[11.31329,45.43785],[11.31499,45.43784],[11.31887,45.43714],[11.32074,45.43686],[11.32245,45.43707],[11.32204,45.43865],[11.32467,45.43969],[11.32645,45.44132],[11.32894,45.44253],[11.32777,45.44402],[11.32982,45.44443],[11.32952,45.44536],[11.32775,45.44744],[11.32846,45.44816],[11.32522,45.45062],[11.32489,45.4523],[11.324,45.45345],[11.32452,45.45418],[11.32262,45.45459],[11.32037,45.45561],[11.31639,45.457],[11.31233,45.4603],[11.30893,45.46233],[11.30396,45.46467],[11.30252,45.46475],[11.30072,45.46578],[11.2966,45.46642],[11.29195,45.46825],[11.28963,45.46831],[11.2873,45.46965],[11.28418,45.47063],[11.28284,45.47183],[11.28073,45.47192],[11.27775,45.47333],[11.27628,45.47322],[11.27543,45.47443],[11.27325,45.47525],[11.27131,45.47642],[11.27319,45.47933],[11.27508,45.48009],[11.27293,45.48321],[11.27165,45.48638],[11.27085,45.48723],[11.26937,45.49023],[11.26937,45.49241],[11.27067,45.49476],[11.26951,45.49772],[11.2694,45.50077],[11.27085,45.50186],[11.2729,45.50457],[11.27572,45.50671],[11.2777,45.50875],[11.27882,45.51034],[11.27647,45.51166],[11.27069,45.51158],[11.26553,45.51221],[11.26346,45.51165],[11.26406,45.51049],[11.26123,45.50936],[11.25378,45.50829],[11.25228,45.5073],[11.25229,45.50635],[11.25055,45.50544],[11.24812,45.50567],[11.24659,45.50491],[11.24483,45.50465],[11.24243,45.50265],[11.24325,45.50146],[11.24036,45.50082],[11.23823,45.50108],[11.23753,45.5004],[11.23469,45.49915],[11.23396,45.49828],[11.23192,45.49731],[11.22978,45.49567],[11.22763,45.49492],[11.22396,45.4942],[11.22378,45.49346],[11.2215,45.4935],[11.22006,45.49535],[11.2187,45.49834],[11.2173,45.50348],[11.21751,45.50443],[11.2166,45.5068],[11.21587,45.51011],[11.21379,45.5132],[11.21161,45.51558],[11.20995,45.51647],[11.20868,45.51646],[11.20841,45.51721],[11.20636,45.51916],[11.20647,45.52187],[11.20596,45.52398],[11.20621,45.52531],[11.20552,45.52777],[11.2044,45.52896],[11.20347,45.53085],[11.20257,45.53174],[11.20507,45.53249],[11.20633,45.53334],[11.2066,45.53808],[11.20596,45.54079],[11.20375,45.54284],[11.20381,45.54502],[11.20172,45.54557],[11.20154,45.54654],[11.19999,45.54775],[11.20052,45.54952],[11.20206,45.5498],[11.20519,45.55102],[11.20682,45.55253],[11.20985,45.55312],[11.20678,45.5541],[11.20575,45.55541],[11.20578,45.55654],[11.20317,45.5574],[11.20082,45.55857],[11.19857,45.5587],[11.19712,45.55838],[11.19239,45.55925],[11.18893,45.55946],[11.18414,45.56072],[11.18211,45.55912],[11.18129,45.55712],[11.17968,45.55856],[11.177,45.56012],[11.17491,45.56052],[11.17272,45.56192],[11.1704,45.5629],[11.16805,45.56294],[11.16606,45.56347],[11.15888,45.5619],[11.15679,45.5608],[11.15435,45.56087],[11.15474,45.5577],[11.15391,45.55402],[11.15392,45.55215],[11.15262,45.54725],[11.15318,45.54444],[11.14599,45.54423],[11.14181,45.54317],[11.13926,45.54415],[11.1375,45.54443],[11.13604,45.54536],[11.13329,45.54463],[11.13202,45.5452],[11.12939,45.54516],[11.12672,45.5456],[11.12407,45.54507],[11.12198,45.54683],[11.12154,45.54916],[11.12017,45.55186],[11.11824,45.5537],[11.11943,45.55585],[11.11864,45.5568],[11.11784,45.55943],[11.11894,45.56057],[11.11949,45.56283],[11.1184,45.5651],[11.11819,45.56872],[11.12027,45.57131],[11.12048,45.57243],[11.11864,45.577],[11.11511,45.58028],[11.11466,45.58166],[11.11513,45.58414],[11.11512,45.58631],[11.11398,45.58876],[11.11342,45.59186],[11.11181,45.59406],[11.1096,45.59405],[11.10659,45.5956],[11.1058,45.5931],[11.10322,45.59246],[11.10249,45.59181],[11.10213,45.59015],[11.10031,45.58546],[11.10036,45.58414],[11.09963,45.58301],[11.1002,45.58157],[11.09738,45.57875],[11.09743,45.57121],[11.09639,45.56779],[11.09426,45.56587],[11.0935,45.56445],[11.09304,45.562],[11.09372,45.56083],[11.09369,45.5572],[11.09526,45.55148],[11.09573,45.55068],[11.09778,45.54906],[11.09833,45.54792],[11.09998,45.54669],[11.10057,45.54476],[11.10538,45.53924],[11.09745,45.53778],[11.09195,45.53719],[11.0899,45.53724],[11.08967,45.53605],[11.08717,45.53676],[11.08473,45.53795],[11.08262,45.53799],[11.07755,45.53632],[11.07746,45.53585],[11.07436,45.53405],[11.07368,45.5345],[11.07475,45.53733],[11.07459,45.53838],[11.07593,45.53984],[11.07671,45.5418],[11.0743,45.54137],[11.07227,45.54154],[11.07233,45.54276],[11.07141,45.54461],[11.0724,45.54619],[11.07097,45.54774],[11.07048,45.54991],[11.06903,45.55212],[11.06957,45.55659],[11.06933,45.55909],[11.0684,45.56096],[11.06717,45.56217],[11.06654,45.56488],[11.06516,45.5652],[11.06331,45.56705],[11.06053,45.56862],[11.05958,45.57097],[11.05807,45.57201],[11.05822,45.57448],[11.05593,45.57692],[11.05571,45.57856],[11.05344,45.58167],[11.05233,45.58269],[11.05147,45.58453],[11.05021,45.58483],[11.04675,45.58311],[11.04501,45.58324],[11.04366,45.58135],[11.04357,45.57972],[11.042,45.58005],[11.03739,45.58514],[11.03558,45.58515],[11.03404,45.58643],[11.03455,45.58774],[11.03386,45.58844],[11.03184,45.58836],[11.03062,45.58731],[11.02881,45.58794],[11.02704,45.58687],[11.0256,45.58771],[11.02267,45.58621],[11.02149,45.58674],[11.01853,45.58682],[11.01569,45.58811],[11.01282,45.59083],[11.01051,45.59191],[11.00433,45.59203],[11.00245,45.59252],[10.99896,45.59141],[10.99746,45.59154],[10.99649,45.59325],[10.99543,45.59398],[10.99651,45.59709],[10.99854,45.59932],[10.99841,45.60111],[10.99967,45.60274],[11,45.60429],[10.99558,45.60611],[10.99019,45.60659],[10.98845,45.60768],[10.98598,45.60994],[10.98497,45.61164],[10.98374,45.61281],[10.98293,45.61561],[10.98124,45.61499],[10.9798,45.61232],[10.97739,45.60969],[10.97696,45.60889],[10.97794,45.60777],[10.9799,45.60706],[10.98107,45.60562],[10.98153,45.60345],[10.98245,45.60199],[10.98219,45.60079],[10.98273,45.59993],[10.98318,45.5975],[10.98421,45.59594],[10.98432,45.59347],[10.97944,45.5933],[10.97861,45.59265],[10.98156,45.59223],[10.98299,45.5912],[10.98462,45.58856],[10.98585,45.5882],[10.98628,45.58615],[10.98525,45.58534],[10.98531,45.58335],[10.98477,45.58264],[10.98567,45.58081],[10.98342,45.58004],[10.98169,45.5824],[10.97894,45.58384],[10.97708,45.58513],[10.97543,45.58558],[10.97207,45.5841],[10.97175,45.58461],[10.9683,45.58638],[10.96687,45.58584],[10.96612,45.58769],[10.96673,45.58871],[10.9649,45.58873],[10.96254,45.59201],[10.96222,45.59317],[10.96083,45.59351],[10.95975,45.59445],[10.95739,45.59325],[10.955,45.59531],[10.95205,45.59586],[10.9491,45.59464],[10.94638,45.59445],[10.94649,45.5935],[10.94803,45.59105],[10.94661,45.58972],[10.94228,45.58829],[10.94064,45.58841],[10.94284,45.59012],[10.94159,45.59023],[10.94034,45.58884],[10.93806,45.58851],[10.93629,45.58776],[10.93179,45.58788],[10.93084,45.58886],[10.92651,45.58982],[10.92164,45.5884],[10.91715,45.5886],[10.91651,45.58897],[10.91121,45.58909],[10.90759,45.58984],[10.90902,45.59046],[10.91203,45.59323],[10.91229,45.5958],[10.91433,45.59963],[10.9142,45.60186],[10.91525,45.60398],[10.91764,45.6075],[10.91782,45.60871],[10.91883,45.60923],[10.92327,45.61059],[10.92678,45.6138],[10.92718,45.61498],[10.927,45.61794],[10.92775,45.621],[10.92987,45.62334],[10.93033,45.62648],[10.93139,45.6283],[10.93202,45.63088],[10.93149,45.63245],[10.93064,45.63307],[10.93083,45.63415],[10.93033,45.63605],[10.92825,45.63411],[10.92496,45.63264],[10.92037,45.63213],[10.91851,45.63234],[10.91667,45.63065],[10.91522,45.63045],[10.91397,45.63239],[10.91071,45.63343],[10.90825,45.63561],[10.90779,45.63669],[10.90715,45.63854],[10.9056,45.64004],[10.90569,45.64164],[10.90751,45.64315],[10.90967,45.64437],[10.91335,45.64424],[10.91707,45.64374],[10.91665,45.64582],[10.91981,45.64635],[10.92036,45.64808],[10.92381,45.64988],[10.92423,45.65083],[10.92797,45.65136],[10.9283,45.65242],[10.92601,45.6545],[10.92681,45.65662],[10.92784,45.65767],[10.92718,45.65854],[10.9282,45.65992],[10.92824,45.66102],[10.93017,45.66196],[10.92936,45.66304],[10.92995,45.66375],[10.93296,45.66504],[10.93426,45.66833],[10.93749,45.67341],[10.93661,45.67348],[10.93393,45.67581],[10.93229,45.67632],[10.9304,45.67773],[10.92751,45.67744],[10.92302,45.6799],[10.92019,45.68028],[10.91935,45.68217],[10.91799,45.68372],[10.91637,45.68429],[10.91286,45.68777],[10.91141,45.68854],[10.91008,45.68585],[10.90729,45.68449],[10.9047,45.6836],[10.90261,45.68257],[10.90085,45.68089],[10.89971,45.67905],[10.89826,45.67851],[10.89501,45.67787],[10.89362,45.67688],[10.89294,45.67517],[10.89358,45.67313],[10.8949,45.67125],[10.89929,45.66832],[10.90225,45.66603],[10.90292,45.66475],[10.90163,45.66315],[10.89766,45.66171],[10.89548,45.65909],[10.89476,45.65437],[10.89569,45.65198],[10.89682,45.65053],[10.89645,45.64829],[10.89353,45.64633],[10.89162,45.64611],[10.88688,45.64747],[10.88376,45.64739],[10.88163,45.64686],[10.87998,45.6457],[10.8804,45.64354],[10.88373,45.64053],[10.88392,45.63919],[10.88133,45.63689],[10.87855,45.63527],[10.87743,45.63348],[10.877,45.63115],[10.87528,45.62885],[10.87031,45.6264],[10.8676,45.62246],[10.86578,45.6205],[10.86283,45.61846],[10.86063,45.6182],[10.85929,45.61866],[10.85598,45.6209],[10.85431,45.62059],[10.85323,45.61845],[10.85362,45.61273],[10.85492,45.60907],[10.85499,45.60726],[10.85407,45.6063],[10.85153,45.60523],[10.84813,45.60337],[10.84557,45.59938],[10.84378,45.59718],[10.84282,45.59412],[10.84273,45.59235],[10.84385,45.58867],[10.84402,45.58637],[10.84175,45.58416],[10.83741,45.58235],[10.83218,45.58178],[10.82705,45.58208],[10.82466,45.58156],[10.82306,45.58051],[10.82227,45.57936],[10.82138,45.57619],[10.82024,45.57381],[10.81919,45.57055],[10.81904,45.56886],[10.81978,45.56732],[10.82182,45.56686],[10.82357,45.56802],[10.82582,45.56791],[10.82498,45.56473],[10.82581,45.56263],[10.82705,45.56141],[10.82948,45.55984],[10.83038,45.55886],[10.83046,45.55655],[10.8283,45.55284],[10.8276,45.55201],[10.82535,45.55058],[10.82114,45.54892],[10.81976,45.5474],[10.81768,45.54378],[10.8138,45.54048],[10.81119,45.53673],[10.80952,45.53339],[10.80546,45.52878],[10.80522,45.5273],[10.80584,45.52636],[10.80598,45.52338],[10.80379,45.51782],[10.80381,45.5161],[10.80594,45.51381],[10.80734,45.51243],[10.80819,45.51069],[10.80906,45.50646],[10.80971,45.50303],[10.81195,45.50076],[10.81521,45.4984],[10.81951,45.49688],[10.82185,45.49516],[10.82423,45.49236],[10.82516,45.49071],[10.82552,45.48911],[10.82468,45.48598],[10.82511,45.48422],[10.8273,45.48166],[10.82879,45.48126],[10.83151,45.48122],[10.84466,45.47971],[10.85054,45.47704],[10.85346,45.47669],[10.85672,45.47693],[10.8598,45.47774],[10.86582,45.4798],[10.86852,45.48026],[10.87022,45.47937],[10.87343,45.47435],[10.87635,45.47323],[10.87978,45.4728],[10.88419,45.47363],[10.88718,45.47498],[10.88912,45.47652],[10.8923,45.47726],[10.89579,45.4774],[10.90014,45.4758],[10.90402,45.47197],[10.90627,45.47065],[10.90438,45.46952],[10.9025,45.46907],[10.89926,45.46734],[10.89568,45.46602],[10.89344,45.46548],[10.89007,45.46516],[10.88628,45.46365],[10.88157,45.46205],[10.87684,45.46156],[10.87761,45.45994],[10.88098,45.45637],[10.87761,45.45398],[10.88106,45.45222],[10.88461,45.45066],[10.88586,45.44901],[10.88686,45.44667],[10.88953,45.44306],[10.89218,45.44291],[10.89493,45.44213],[10.89785,45.4399],[10.90358,45.43626],[10.90604,45.43333],[10.90611,45.43046],[10.90774,45.43005],[10.90963,45.42718],[10.90588,45.42715],[10.90871,45.42145],[10.91146,45.41514],[10.9161,45.40569],[10.92046,45.39648],[10.92982,45.38504],[10.92674,45.38196],[10.92715,45.38017],[10.92886,45.37496],[10.92979,45.37623],[10.93454,45.3797],[10.93876,45.38371],[10.94085,45.38524],[10.9487,45.38144],[10.94578,45.37582],[10.94377,45.37244],[10.94326,45.37202]]]},"properties":{"idApp":925002,"aopId":"recioto-della-valpolicella","name":"Recioto della Valpolicella","nameJa":"レチョート・デッラ・ヴァルポリチェッラ","kind":"village","tags":["docg"],"rank":1},"bbox":[10.80379,45.3494,11.32982,45.68854]},{"type":"Feature","geometry":{"type":"Polygon","coordinates":[[[10.94326,45.37202],[10.95401,45.37166],[10.95425,45.37256],[10.95619,45.37254],[10.9571,45.37759],[10.96415,45.37814],[10.96839,45.37819],[10.96577,45.374],[10.96819,45.36577],[10.97048,45.35753],[10.97168,45.35465],[10.97422,45.35497],[10.97782,45.35448],[10.97946,45.35393],[10.98145,45.3577],[10.98111,45.35884],[10.98502,45.35894],[10.98707,45.35728],[10.9894,45.35822],[10.9908,45.35818],[10.99093,45.35674],[10.98708,45.35095],[10.98701,45.35008],[10.98817,45.3494],[10.9895,45.35059],[10.994,45.35041],[10.99555,45.35081],[10.99645,45.35181],[10.99606,45.35345],[10.99467,45.35692],[10.9935,45.35829],[10.99283,45.36201],[10.99197,45.36395],[10.99524,45.36621],[10.99652,45.36748],[10.99848,45.36717],[11.00284,45.36789],[11.00521,45.36866],[11.008,45.36865],[11.0091,45.36924],[11.01544,45.3703],[11.0179,45.37093],[11.01919,45.36859],[11.0215,45.36921],[11.02074,45.37108],[11.02581,45.37285],[11.02363,45.37528],[11.02727,45.37649],[11.02506,45.37791],[11.02361,45.37951],[11.02127,45.38043],[11.01678,45.38138],[11.01575,45.38352],[11.0165,45.38568],[11.0148,45.38821],[11.01606,45.38903],[11.0223,45.38239],[11.02403,45.38323],[11.01041,45.39784],[11.01328,45.39893],[11.01388,45.39854],[11.01659,45.4012],[11.01764,45.40075],[11.02015,45.40268],[11.02301,45.40421],[11.02497,45.40328],[11.03032,45.40528],[11.03141,45.40287],[11.03172,45.40077],[11.03133,45.39697],[11.03154,45.39622],[11.03372,45.39483],[11.03553,45.39435],[11.03758,45.39451],[11.0423,45.39644],[11.04494,45.39662],[11.04992,45.39595],[11.05425,45.39448],[11.05709,45.39327],[11.06195,45.38958],[11.06341,45.38739],[11.065,45.38208],[11.06551,45.38135],[11.06805,45.38029],[11.06958,45.38041],[11.07206,45.38163],[11.07453,45.3845],[11.07705,45.38643],[11.08078,45.38717],[11.08212,45.38699],[11.08668,45.38502],[11.09612,45.38247],[11.10229,45.38145],[11.106,45.37971],[11.10929,45.37886],[11.1117,45.37895],[11.11211,45.38175],[11.11348,45.38333],[11.12108,45.38555],[11.12079,45.38661],[11.12285,45.38715],[11.12569,45.38855],[11.12909,45.38905],[11.12966,45.39175],[11.12874,45.3927],[11.12837,45.39564],[11.12666,45.39689],[11.12495,45.39917],[11.12715,45.40232],[11.12913,45.4029],[11.13162,45.40201],[11.13442,45.39966],[11.13547,45.39776],[11.13834,45.39684],[11.14144,45.39634],[11.14115,45.39883],[11.14239,45.4019],[11.14204,45.40347],[11.14244,45.40569],[11.14157,45.4079],[11.1418,45.41055],[11.13856,45.41423],[11.13839,45.41634],[11.13784,45.41743],[11.13881,45.41909],[11.1499,45.41806],[11.15458,45.41787],[11.16572,45.41701],[11.17018,45.41682],[11.18662,45.4141],[11.18675,45.41498],[11.18861,45.41856],[11.19068,45.41834],[11.19288,45.41743],[11.19223,45.41609],[11.19005,45.41514],[11.18977,45.41385],[11.19991,45.41223],[11.19877,45.4087],[11.20206,45.40756],[11.21108,45.40346],[11.21972,45.39953],[11.22006,45.39974],[11.22021,45.40135],[11.22108,45.40304],[11.22104,45.40453],[11.22203,45.40873],[11.22233,45.41273],[11.22043,45.41355],[11.21718,45.41433],[11.21463,45.41587],[11.21492,45.41847],[11.21594,45.41922],[11.2165,45.42089],[11.21765,45.42157],[11.22095,45.42219],[11.22115,45.42363],[11.22229,45.42421],[11.22545,45.42357],[11.22673,45.42454],[11.22958,45.42296],[11.23004,45.42691],[11.22928,45.4274],[11.22982,45.42874],[11.23107,45.42824],[11.23168,45.43017],[11.23101,45.43203],[11.22806,45.4328],[11.22698,45.43484],[11.22388,45.43538],[11.22511,45.43653],[11.22551,45.438],[11.22711,45.43847],[11.22605,45.44086],[11.22451,45.44191],[11.22233,45.44259],[11.2212,45.44395],[11.22033,45.44629],[11.2202,45.44832],[11.21821,45.44847],[11.21778,45.45082],[11.21614,45.45407],[11.21731,45.45452],[11.21643,45.45644],[11.21885,45.45766],[11.2175,45.45907],[11.21969,45.4608],[11.22228,45.46198],[11.22524,45.46283],[11.22679,45.46466],[11.225,45.46494],[11.22622,45.46715],[11.22845,45.46866],[11.22905,45.47229],[11.22965,45.47413],[11.232,45.47483],[11.23414,45.47483],[11.23676,45.47346],[11.23908,45.47315],[11.24055,45.47221],[11.24086,45.4712],[11.24249,45.47161],[11.24378,45.47015],[11.24315,45.46979],[11.24431,45.46746],[11.24313,45.46654],[11.24419,45.46568],[11.24897,45.46601],[11.25014,45.46654],[11.25233,45.46639],[11.25285,45.46444],[11.25678,45.46494],[11.25925,45.46586],[11.26088,45.46502],[11.261,45.46322],[11.26186,45.46132],[11.26279,45.46249],[11.26568,45.46472],[11.26853,45.46526],[11.27171,45.46432],[11.27318,45.4642],[11.2778,45.46186],[11.28061,45.46143],[11.28118,45.4609],[11.28346,45.46043],[11.28448,45.45954],[11.28598,45.45929],[11.28706,45.45992],[11.29501,45.46141],[11.29618,45.46045],[11.29857,45.45741],[11.30109,45.45491],[11.30224,45.45312],[11.30318,45.45026],[11.30409,45.44909],[11.3054,45.44933],[11.30593,45.44802],[11.30704,45.44811],[11.30841,45.44579],[11.31182,45.44257],[11.31077,45.442],[11.31169,45.44025],[11.31285,45.43902],[11.31329,45.43785],[11.31499,45.43784],[11.31887,45.43714],[11.32074,45.43686],[11.32245,45.43707],[11.32204,45.43865],[11.32467,45.43969],[11.32645,45.44132],[11.32894,45.44253],[11.32777,45.44402],[11.32982,45.44443],[11.32952,45.44536],[11.32775,45.44744],[11.32846,45.44816],[11.32522,45.45062],[11.32489,45.4523],[11.324,45.45345],[11.32452,45.45418],[11.32262,45.45459],[11.32037,45.45561],[11.31639,45.457],[11.31233,45.4603],[11.30893,45.46233],[11.30396,45.46467],[11.30252,45.46475],[11.30072,45.46578],[11.2966,45.46642],[11.29195,45.46825],[11.28963,45.46831],[11.2873,45.46965],[11.28418,45.47063],[11.28284,45.47183],[11.28073,45.47192],[11.27775,45.47333],[11.27628,45.47322],[11.27543,45.47443],[11.27325,45.47525],[11.27131,45.47642],[11.27319,45.47933],[11.27508,45.48009],[11.27293,45.48321],[11.27165,45.48638],[11.27085,45.48723],[11.26937,45.49023],[11.26937,45.49241],[11.27067,45.49476],[11.26951,45.49772],[11.2694,45.50077],[11.27085,45.50186],[11.2729,45.50457],[11.27572,45.50671],[11.2777,45.50875],[11.27882,45.51034],[11.27647,45.51166],[11.27069,45.51158],[11.26553,45.51221],[11.26346,45.51165],[11.26406,45.51049],[11.26123,45.50936],[11.25378,45.50829],[11.25228,45.5073],[11.25229,45.50635],[11.25055,45.50544],[11.24812,45.50567],[11.24659,45.50491],[11.24483,45.50465],[11.24243,45.50265],[11.24325,45.50146],[11.24036,45.50082],[11.23823,45.50108],[11.23753,45.5004],[11.23469,45.49915],[11.23396,45.49828],[11.23192,45.49731],[11.22978,45.49567],[11.22763,45.49492],[11.22396,45.4942],[11.22378,45.49346],[11.2215,45.4935],[11.22006,45.49535],[11.2187,45.49834],[11.2173,45.50348],[11.21751,45.50443],[11.2166,45.5068],[11.21587,45.51011],[11.21379,45.5132],[11.21161,45.51558],[11.20995,45.51647],[11.20868,45.51646],[11.20841,45.51721],[11.20636,45.51916],[11.20647,45.52187],[11.20596,45.52398],[11.20621,45.52531],[11.20552,45.52777],[11.2044,45.52896],[11.20347,45.53085],[11.20257,45.53174],[11.20507,45.53249],[11.20633,45.53334],[11.2066,45.53808],[11.20596,45.54079],[11.20375,45.54284],[11.20381,45.54502],[11.20172,45.54557],[11.20154,45.54654],[11.19999,45.54775],[11.20052,45.54952],[11.20206,45.5498],[11.20519,45.55102],[11.20682,45.55253],[11.20985,45.55312],[11.20678,45.5541],[11.20575,45.55541],[11.20578,45.55654],[11.20317,45.5574],[11.20082,45.55857],[11.19857,45.5587],[11.19712,45.55838],[11.19239,45.55925],[11.18893,45.55946],[11.18414,45.56072],[11.18211,45.55912],[11.18129,45.55712],[11.17968,45.55856],[11.177,45.56012],[11.17491,45.56052],[11.17272,45.56192],[11.1704,45.5629],[11.16805,45.56294],[11.16606,45.56347],[11.15888,45.5619],[11.15679,45.5608],[11.15435,45.56087],[11.15474,45.5577],[11.15391,45.55402],[11.15392,45.55215],[11.15262,45.54725],[11.15318,45.54444],[11.14599,45.54423],[11.14181,45.54317],[11.13926,45.54415],[11.1375,45.54443],[11.13604,45.54536],[11.13329,45.54463],[11.13202,45.5452],[11.12939,45.54516],[11.12672,45.5456],[11.12407,45.54507],[11.12198,45.54683],[11.12154,45.54916],[11.12017,45.55186],[11.11824,45.5537],[11.11943,45.55585],[11.11864,45.5568],[11.11784,45.55943],[11.11894,45.56057],[11.11949,45.56283],[11.1184,45.5651],[11.11819,45.56872],[11.12027,45.57131],[11.12048,45.57243],[11.11864,45.577],[11.11511,45.58028],[11.11466,45.58166],[11.11513,45.58414],[11.11512,45.58631],[11.11398,45.58876],[11.11342,45.59186],[11.11181,45.59406],[11.1096,45.59405],[11.10659,45.5956],[11.1058,45.5931],[11.10322,45.59246],[11.10249,45.59181],[11.10213,45.59015],[11.10031,45.58546],[11.10036,45.58414],[11.09963,45.58301],[11.1002,45.58157],[11.09738,45.57875],[11.09743,45.57121],[11.09639,45.56779],[11.09426,45.56587],[11.0935,45.56445],[11.09304,45.562],[11.09372,45.56083],[11.09369,45.5572],[11.09526,45.55148],[11.09573,45.55068],[11.09778,45.54906],[11.09833,45.54792],[11.09998,45.54669],[11.10057,45.54476],[11.10538,45.53924],[11.09745,45.53778],[11.09195,45.53719],[11.0899,45.53724],[11.08967,45.53605],[11.08717,45.53676],[11.08473,45.53795],[11.08262,45.53799],[11.07755,45.53632],[11.07746,45.53585],[11.07436,45.53405],[11.07368,45.5345],[11.07475,45.53733],[11.07459,45.53838],[11.07593,45.53984],[11.07671,45.5418],[11.0743,45.54137],[11.07227,45.54154],[11.07233,45.54276],[11.07141,45.54461],[11.0724,45.54619],[11.07097,45.54774],[11.07048,45.54991],[11.06903,45.55212],[11.06957,45.55659],[11.06933,45.55909],[11.0684,45.56096],[11.06717,45.56217],[11.06654,45.56488],[11.06516,45.5652],[11.06331,45.56705],[11.06053,45.56862],[11.05958,45.57097],[11.05807,45.57201],[11.05822,45.57448],[11.05593,45.57692],[11.05571,45.57856],[11.05344,45.58167],[11.05233,45.58269],[11.05147,45.58453],[11.05021,45.58483],[11.04675,45.58311],[11.04501,45.58324],[11.04366,45.58135],[11.04357,45.57972],[11.042,45.58005],[11.03739,45.58514],[11.03558,45.58515],[11.03404,45.58643],[11.03455,45.58774],[11.03386,45.58844],[11.03184,45.58836],[11.03062,45.58731],[11.02881,45.58794],[11.02704,45.58687],[11.0256,45.58771],[11.02267,45.58621],[11.02149,45.58674],[11.01853,45.58682],[11.01569,45.58811],[11.01282,45.59083],[11.01051,45.59191],[11.00433,45.59203],[11.00245,45.59252],[10.99896,45.59141],[10.99746,45.59154],[10.99649,45.59325],[10.99543,45.59398],[10.99651,45.59709],[10.99854,45.59932],[10.99841,45.60111],[10.99967,45.60274],[11,45.60429],[10.99558,45.60611],[10.99019,45.60659],[10.98845,45.60768],[10.98598,45.60994],[10.98497,45.61164],[10.98374,45.61281],[10.98293,45.61561],[10.98124,45.61499],[10.9798,45.61232],[10.97739,45.60969],[10.97696,45.60889],[10.97794,45.60777],[10.9799,45.60706],[10.98107,45.60562],[10.98153,45.60345],[10.98245,45.60199],[10.98219,45.60079],[10.98273,45.59993],[10.98318,45.5975],[10.98421,45.59594],[10.98432,45.59347],[10.97944,45.5933],[10.97861,45.59265],[10.98156,45.59223],[10.98299,45.5912],[10.98462,45.58856],[10.98585,45.5882],[10.98628,45.58615],[10.98525,45.58534],[10.98531,45.58335],[10.98477,45.58264],[10.98567,45.58081],[10.98342,45.58004],[10.98169,45.5824],[10.97894,45.58384],[10.97708,45.58513],[10.97543,45.58558],[10.97207,45.5841],[10.97175,45.58461],[10.9683,45.58638],[10.96687,45.58584],[10.96612,45.58769],[10.96673,45.58871],[10.9649,45.58873],[10.96254,45.59201],[10.96222,45.59317],[10.96083,45.59351],[10.95975,45.59445],[10.95739,45.59325],[10.955,45.59531],[10.95205,45.59586],[10.9491,45.59464],[10.94638,45.59445],[10.94649,45.5935],[10.94803,45.59105],[10.94661,45.58972],[10.94228,45.58829],[10.94064,45.58841],[10.94284,45.59012],[10.94159,45.59023],[10.94034,45.58884],[10.93806,45.58851],[10.93629,45.58776],[10.93179,45.58788],[10.93084,45.58886],[10.92651,45.58982],[10.92164,45.5884],[10.91715,45.5886],[10.91651,45.58897],[10.91121,45.58909],[10.90759,45.58984],[10.90902,45.59046],[10.91203,45.59323],[10.91229,45.5958],[10.91433,45.59963],[10.9142,45.60186],[10.91525,45.60398],[10.91764,45.6075],[10.91782,45.60871],[10.91883,45.60923],[10.92327,45.61059],[10.92678,45.6138],[10.92718,45.61498],[10.927,45.61794],[10.92775,45.621],[10.92987,45.62334],[10.93033,45.62648],[10.93139,45.6283],[10.93202,45.63088],[10.93149,45.63245],[10.93064,45.63307],[10.93083,45.63415],[10.93033,45.63605],[10.92825,45.63411],[10.92496,45.63264],[10.92037,45.63213],[10.91851,45.63234],[10.91667,45.63065],[10.91522,45.63045],[10.91397,45.63239],[10.91071,45.63343],[10.90825,45.63561],[10.90779,45.63669],[10.90715,45.63854],[10.9056,45.64004],[10.90569,45.64164],[10.90751,45.64315],[10.90967,45.64437],[10.91335,45.64424],[10.91707,45.64374],[10.91665,45.64582],[10.91981,45.64635],[10.92036,45.64808],[10.92381,45.64988],[10.92423,45.65083],[10.92797,45.65136],[10.9283,45.65242],[10.92601,45.6545],[10.92681,45.65662],[10.92784,45.65767],[10.92718,45.65854],[10.9282,45.65992],[10.92824,45.66102],[10.93017,45.66196],[10.92936,45.66304],[10.92995,45.66375],[10.93296,45.66504],[10.93426,45.66833],[10.93749,45.67341],[10.93661,45.67348],[10.93393,45.67581],[10.93229,45.67632],[10.9304,45.67773],[10.92751,45.67744],[10.92302,45.6799],[10.92019,45.68028],[10.91935,45.68217],[10.91799,45.68372],[10.91637,45.68429],[10.91286,45.68777],[10.91141,45.68854],[10.91008,45.68585],[10.90729,45.68449],[10.9047,45.6836],[10.90261,45.68257],[10.90085,45.68089],[10.89971,45.67905],[10.89826,45.67851],[10.89501,45.67787],[10.89362,45.67688],[10.89294,45.67517],[10.89358,45.67313],[10.8949,45.67125],[10.89929,45.66832],[10.90225,45.66603],[10.90292,45.66475],[10.90163,45.66315],[10.89766,45.66171],[10.89548,45.65909],[10.89476,45.65437],[10.89569,45.65198],[10.89682,45.65053],[10.89645,45.64829],[10.89353,45.64633],[10.89162,45.64611],[10.88688,45.64747],[10.88376,45.64739],[10.88163,45.64686],[10.87998,45.6457],[10.8804,45.64354],[10.88373,45.64053],[10.88392,45.63919],[10.88133,45.63689],[10.87855,45.63527],[10.87743,45.63348],[10.877,45.63115],[10.87528,45.62885],[10.87031,45.6264],[10.8676,45.62246],[10.86578,45.6205],[10.86283,45.61846],[10.86063,45.6182],[10.85929,45.61866],[10.85598,45.6209],[10.85431,45.62059],[10.85323,45.61845],[10.85362,45.61273],[10.85492,45.60907],[10.85499,45.60726],[10.85407,45.6063],[10.85153,45.60523],[10.84813,45.60337],[10.84557,45.59938],[10.84378,45.59718],[10.84282,45.59412],[10.84273,45.59235],[10.84385,45.58867],[10.84402,45.58637],[10.84175,45.58416],[10.83741,45.58235],[10.83218,45.58178],[10.82705,45.58208],[10.82466,45.58156],[10.82306,45.58051],[10.82227,45.57936],[10.82138,45.57619],[10.82024,45.57381],[10.81919,45.57055],[10.81904,45.56886],[10.81978,45.56732],[10.82182,45.56686],[10.82357,45.56802],[10.82582,45.56791],[10.82498,45.56473],[10.82581,45.56263],[10.82705,45.56141],[10.82948,45.55984],[10.83038,45.55886],[10.83046,45.55655],[10.8283,45.55284],[10.8276,45.55201],[10.82535,45.55058],[10.82114,45.54892],[10.81976,45.5474],[10.81768,45.54378],[10.8138,45.54048],[10.81119,45.53673],[10.80952,45.53339],[10.80546,45.52878],[10.80522,45.5273],[10.80584,45.52636],[10.80598,45.52338],[10.80379,45.51782],[10.80381,45.5161],[10.80594,45.51381],[10.80734,45.51243],[10.80819,45.51069],[10.80906,45.50646],[10.80971,45.50303],[10.81195,45.50076],[10.81521,45.4984],[10.81951,45.49688],[10.82185,45.49516],[10.82423,45.49236],[10.82516,45.49071],[10.82552,45.48911],[10.82468,45.48598],[10.82511,45.48422],[10.8273,45.48166],[10.82879,45.48126],[10.83151,45.48122],[10.84466,45.47971],[10.85054,45.47704],[10.85346,45.47669],[10.85672,45.47693],[10.8598,45.47774],[10.86582,45.4798],[10.86852,45.48026],[10.87022,45.47937],[10.87343,45.47435],[10.87635,45.47323],[10.87978,45.4728],[10.88419,45.47363],[10.88718,45.47498],[10.88912,45.47652],[10.8923,45.47726],[10.89579,45.4774],[10.90014,45.4758],[10.90402,45.47197],[10.90627,45.47065],[10.90438,45.46952],[10.9025,45.46907],[10.89926,45.46734],[10.89568,45.46602],[10.89344,45.46548],[10.89007,45.46516],[10.88628,45.46365],[10.88157,45.46205],[10.87684,45.46156],[10.87761,45.45994],[10.88098,45.45637],[10.87761,45.45398],[10.88106,45.45222],[10.88461,45.45066],[10.88586,45.44901],[10.88686,45.44667],[10.88953,45.44306],[10.89218,45.44291],[10.89493,45.44213],[10.89785,45.4399],[10.90358,45.43626],[10.90604,45.43333],[10.90611,45.43046],[10.90774,45.43005],[10.90963,45.42718],[10.90588,45.42715],[10.90871,45.42145],[10.91146,45.41514],[10.9161,45.40569],[10.92046,45.39648],[10.92982,45.38504],[10.92674,45.38196],[10.92715,45.38017],[10.92886,45.37496],[10.92979,45.37623],[10.93454,45.3797],[10.93876,45.38371],[10.94085,45.38524],[10.9487,45.38144],[10.94578,45.37582],[10.94377,45.37244],[10.94326,45.37202]]]},"properties":{"idApp":925003,"aopId":"valpolicella","name":"Valpolicella","nameJa":"ヴァルポリチェッラ","kind":"village","tags":["doc"],"rank":1},"bbox":[10.80379,45.3494,11.32982,45.68854]},{"type":"Feature","geometry":{"type":"Polygon","coordinates":[[[10.94326,45.37202],[10.95401,45.37166],[10.95425,45.37256],[10.95619,45.37254],[10.9571,45.37759],[10.96415,45.37814],[10.96839,45.37819],[10.96577,45.374],[10.96819,45.36577],[10.97048,45.35753],[10.97168,45.35465],[10.97422,45.35497],[10.97782,45.35448],[10.97946,45.35393],[10.98145,45.3577],[10.98111,45.35884],[10.98502,45.35894],[10.98707,45.35728],[10.9894,45.35822],[10.9908,45.35818],[10.99093,45.35674],[10.98708,45.35095],[10.98701,45.35008],[10.98817,45.3494],[10.9895,45.35059],[10.994,45.35041],[10.99555,45.35081],[10.99645,45.35181],[10.99606,45.35345],[10.99467,45.35692],[10.9935,45.35829],[10.99283,45.36201],[10.99197,45.36395],[10.99524,45.36621],[10.99652,45.36748],[10.99848,45.36717],[11.00284,45.36789],[11.00521,45.36866],[11.008,45.36865],[11.0091,45.36924],[11.01544,45.3703],[11.0179,45.37093],[11.01919,45.36859],[11.0215,45.36921],[11.02074,45.37108],[11.02581,45.37285],[11.02363,45.37528],[11.02727,45.37649],[11.02506,45.37791],[11.02361,45.37951],[11.02127,45.38043],[11.01678,45.38138],[11.01575,45.38352],[11.0165,45.38568],[11.0148,45.38821],[11.01606,45.38903],[11.0223,45.38239],[11.02403,45.38323],[11.01041,45.39784],[11.01328,45.39893],[11.01388,45.39854],[11.01659,45.4012],[11.01764,45.40075],[11.02015,45.40268],[11.02301,45.40421],[11.02497,45.40328],[11.03032,45.40528],[11.03141,45.40287],[11.03172,45.40077],[11.03133,45.39697],[11.03154,45.39622],[11.03372,45.39483],[11.03553,45.39435],[11.03758,45.39451],[11.0423,45.39644],[11.04494,45.39662],[11.04992,45.39595],[11.05425,45.39448],[11.05709,45.39327],[11.06195,45.38958],[11.06341,45.38739],[11.065,45.38208],[11.06551,45.38135],[11.06805,45.38029],[11.06958,45.38041],[11.07206,45.38163],[11.07453,45.3845],[11.07705,45.38643],[11.08078,45.38717],[11.08212,45.38699],[11.08668,45.38502],[11.09612,45.38247],[11.10229,45.38145],[11.106,45.37971],[11.10929,45.37886],[11.1117,45.37895],[11.11211,45.38175],[11.11348,45.38333],[11.12108,45.38555],[11.12079,45.38661],[11.12285,45.38715],[11.12569,45.38855],[11.12909,45.38905],[11.12966,45.39175],[11.12874,45.3927],[11.12837,45.39564],[11.12666,45.39689],[11.12495,45.39917],[11.12715,45.40232],[11.12913,45.4029],[11.13162,45.40201],[11.13442,45.39966],[11.13547,45.39776],[11.13834,45.39684],[11.14144,45.39634],[11.14115,45.39883],[11.14239,45.4019],[11.14204,45.40347],[11.14244,45.40569],[11.14157,45.4079],[11.1418,45.41055],[11.13856,45.41423],[11.13839,45.41634],[11.13784,45.41743],[11.13881,45.41909],[11.1499,45.41806],[11.15458,45.41787],[11.16572,45.41701],[11.17018,45.41682],[11.18662,45.4141],[11.18675,45.41498],[11.18861,45.41856],[11.19068,45.41834],[11.19288,45.41743],[11.19223,45.41609],[11.19005,45.41514],[11.18977,45.41385],[11.19991,45.41223],[11.19877,45.4087],[11.20206,45.40756],[11.21108,45.40346],[11.21972,45.39953],[11.22006,45.39974],[11.22021,45.40135],[11.22108,45.40304],[11.22104,45.40453],[11.22203,45.40873],[11.22233,45.41273],[11.22043,45.41355],[11.21718,45.41433],[11.21463,45.41587],[11.21492,45.41847],[11.21594,45.41922],[11.2165,45.42089],[11.21765,45.42157],[11.22095,45.42219],[11.22115,45.42363],[11.22229,45.42421],[11.22545,45.42357],[11.22673,45.42454],[11.22958,45.42296],[11.23004,45.42691],[11.22928,45.4274],[11.22982,45.42874],[11.23107,45.42824],[11.23168,45.43017],[11.23101,45.43203],[11.22806,45.4328],[11.22698,45.43484],[11.22388,45.43538],[11.22511,45.43653],[11.22551,45.438],[11.22711,45.43847],[11.22605,45.44086],[11.22451,45.44191],[11.22233,45.44259],[11.2212,45.44395],[11.22033,45.44629],[11.2202,45.44832],[11.21821,45.44847],[11.21778,45.45082],[11.21614,45.45407],[11.21731,45.45452],[11.21643,45.45644],[11.21885,45.45766],[11.2175,45.45907],[11.21969,45.4608],[11.22228,45.46198],[11.22524,45.46283],[11.22679,45.46466],[11.225,45.46494],[11.22622,45.46715],[11.22845,45.46866],[11.22905,45.47229],[11.22965,45.47413],[11.232,45.47483],[11.23414,45.47483],[11.23676,45.47346],[11.23908,45.47315],[11.24055,45.47221],[11.24086,45.4712],[11.24249,45.47161],[11.24378,45.47015],[11.24315,45.46979],[11.24431,45.46746],[11.24313,45.46654],[11.24419,45.46568],[11.24897,45.46601],[11.25014,45.46654],[11.25233,45.46639],[11.25285,45.46444],[11.25678,45.46494],[11.25925,45.46586],[11.26088,45.46502],[11.261,45.46322],[11.26186,45.46132],[11.26279,45.46249],[11.26568,45.46472],[11.26853,45.46526],[11.27171,45.46432],[11.27318,45.4642],[11.2778,45.46186],[11.28061,45.46143],[11.28118,45.4609],[11.28346,45.46043],[11.28448,45.45954],[11.28598,45.45929],[11.28706,45.45992],[11.29501,45.46141],[11.29618,45.46045],[11.29857,45.45741],[11.30109,45.45491],[11.30224,45.45312],[11.30318,45.45026],[11.30409,45.44909],[11.3054,45.44933],[11.30593,45.44802],[11.30704,45.44811],[11.30841,45.44579],[11.31182,45.44257],[11.31077,45.442],[11.31169,45.44025],[11.31285,45.43902],[11.31329,45.43785],[11.31499,45.43784],[11.31887,45.43714],[11.32074,45.43686],[11.32245,45.43707],[11.32204,45.43865],[11.32467,45.43969],[11.32645,45.44132],[11.32894,45.44253],[11.32777,45.44402],[11.32982,45.44443],[11.32952,45.44536],[11.32775,45.44744],[11.32846,45.44816],[11.32522,45.45062],[11.32489,45.4523],[11.324,45.45345],[11.32452,45.45418],[11.32262,45.45459],[11.32037,45.45561],[11.31639,45.457],[11.31233,45.4603],[11.30893,45.46233],[11.30396,45.46467],[11.30252,45.46475],[11.30072,45.46578],[11.2966,45.46642],[11.29195,45.46825],[11.28963,45.46831],[11.2873,45.46965],[11.28418,45.47063],[11.28284,45.47183],[11.28073,45.47192],[11.27775,45.47333],[11.27628,45.47322],[11.27543,45.47443],[11.27325,45.47525],[11.27131,45.47642],[11.27319,45.47933],[11.27508,45.48009],[11.27293,45.48321],[11.27165,45.48638],[11.27085,45.48723],[11.26937,45.49023],[11.26937,45.49241],[11.27067,45.49476],[11.26951,45.49772],[11.2694,45.50077],[11.27085,45.50186],[11.2729,45.50457],[11.27572,45.50671],[11.2777,45.50875],[11.27882,45.51034],[11.27647,45.51166],[11.27069,45.51158],[11.26553,45.51221],[11.26346,45.51165],[11.26406,45.51049],[11.26123,45.50936],[11.25378,45.50829],[11.25228,45.5073],[11.25229,45.50635],[11.25055,45.50544],[11.24812,45.50567],[11.24659,45.50491],[11.24483,45.50465],[11.24243,45.50265],[11.24325,45.50146],[11.24036,45.50082],[11.23823,45.50108],[11.23753,45.5004],[11.23469,45.49915],[11.23396,45.49828],[11.23192,45.49731],[11.22978,45.49567],[11.22763,45.49492],[11.22396,45.4942],[11.22378,45.49346],[11.2215,45.4935],[11.22006,45.49535],[11.2187,45.49834],[11.2173,45.50348],[11.21751,45.50443],[11.2166,45.5068],[11.21587,45.51011],[11.21379,45.5132],[11.21161,45.51558],[11.20995,45.51647],[11.20868,45.51646],[11.20841,45.51721],[11.20636,45.51916],[11.20647,45.52187],[11.20596,45.52398],[11.20621,45.52531],[11.20552,45.52777],[11.2044,45.52896],[11.20347,45.53085],[11.20257,45.53174],[11.20507,45.53249],[11.20633,45.53334],[11.2066,45.53808],[11.20596,45.54079],[11.20375,45.54284],[11.20381,45.54502],[11.20172,45.54557],[11.20154,45.54654],[11.19999,45.54775],[11.20052,45.54952],[11.20206,45.5498],[11.20519,45.55102],[11.20682,45.55253],[11.20985,45.55312],[11.20678,45.5541],[11.20575,45.55541],[11.20578,45.55654],[11.20317,45.5574],[11.20082,45.55857],[11.19857,45.5587],[11.19712,45.55838],[11.19239,45.55925],[11.18893,45.55946],[11.18414,45.56072],[11.18211,45.55912],[11.18129,45.55712],[11.17968,45.55856],[11.177,45.56012],[11.17491,45.56052],[11.17272,45.56192],[11.1704,45.5629],[11.16805,45.56294],[11.16606,45.56347],[11.15888,45.5619],[11.15679,45.5608],[11.15435,45.56087],[11.15474,45.5577],[11.15391,45.55402],[11.15392,45.55215],[11.15262,45.54725],[11.15318,45.54444],[11.14599,45.54423],[11.14181,45.54317],[11.13926,45.54415],[11.1375,45.54443],[11.13604,45.54536],[11.13329,45.54463],[11.13202,45.5452],[11.12939,45.54516],[11.12672,45.5456],[11.12407,45.54507],[11.12198,45.54683],[11.12154,45.54916],[11.12017,45.55186],[11.11824,45.5537],[11.11943,45.55585],[11.11864,45.5568],[11.11784,45.55943],[11.11894,45.56057],[11.11949,45.56283],[11.1184,45.5651],[11.11819,45.56872],[11.12027,45.57131],[11.12048,45.57243],[11.11864,45.577],[11.11511,45.58028],[11.11466,45.58166],[11.11513,45.58414],[11.11512,45.58631],[11.11398,45.58876],[11.11342,45.59186],[11.11181,45.59406],[11.1096,45.59405],[11.10659,45.5956],[11.1058,45.5931],[11.10322,45.59246],[11.10249,45.59181],[11.10213,45.59015],[11.10031,45.58546],[11.10036,45.58414],[11.09963,45.58301],[11.1002,45.58157],[11.09738,45.57875],[11.09743,45.57121],[11.09639,45.56779],[11.09426,45.56587],[11.0935,45.56445],[11.09304,45.562],[11.09372,45.56083],[11.09369,45.5572],[11.09526,45.55148],[11.09573,45.55068],[11.09778,45.54906],[11.09833,45.54792],[11.09998,45.54669],[11.10057,45.54476],[11.10538,45.53924],[11.09745,45.53778],[11.09195,45.53719],[11.0899,45.53724],[11.08967,45.53605],[11.08717,45.53676],[11.08473,45.53795],[11.08262,45.53799],[11.07755,45.53632],[11.07746,45.53585],[11.07436,45.53405],[11.07368,45.5345],[11.07475,45.53733],[11.07459,45.53838],[11.07593,45.53984],[11.07671,45.5418],[11.0743,45.54137],[11.07227,45.54154],[11.07233,45.54276],[11.07141,45.54461],[11.0724,45.54619],[11.07097,45.54774],[11.07048,45.54991],[11.06903,45.55212],[11.06957,45.55659],[11.06933,45.55909],[11.0684,45.56096],[11.06717,45.56217],[11.06654,45.56488],[11.06516,45.5652],[11.06331,45.56705],[11.06053,45.56862],[11.05958,45.57097],[11.05807,45.57201],[11.05822,45.57448],[11.05593,45.57692],[11.05571,45.57856],[11.05344,45.58167],[11.05233,45.58269],[11.05147,45.58453],[11.05021,45.58483],[11.04675,45.58311],[11.04501,45.58324],[11.04366,45.58135],[11.04357,45.57972],[11.042,45.58005],[11.03739,45.58514],[11.03558,45.58515],[11.03404,45.58643],[11.03455,45.58774],[11.03386,45.58844],[11.03184,45.58836],[11.03062,45.58731],[11.02881,45.58794],[11.02704,45.58687],[11.0256,45.58771],[11.02267,45.58621],[11.02149,45.58674],[11.01853,45.58682],[11.01569,45.58811],[11.01282,45.59083],[11.01051,45.59191],[11.00433,45.59203],[11.00245,45.59252],[10.99896,45.59141],[10.99746,45.59154],[10.99649,45.59325],[10.99543,45.59398],[10.99651,45.59709],[10.99854,45.59932],[10.99841,45.60111],[10.99967,45.60274],[11,45.60429],[10.99558,45.60611],[10.99019,45.60659],[10.98845,45.60768],[10.98598,45.60994],[10.98497,45.61164],[10.98374,45.61281],[10.98293,45.61561],[10.98124,45.61499],[10.9798,45.61232],[10.97739,45.60969],[10.97696,45.60889],[10.97794,45.60777],[10.9799,45.60706],[10.98107,45.60562],[10.98153,45.60345],[10.98245,45.60199],[10.98219,45.60079],[10.98273,45.59993],[10.98318,45.5975],[10.98421,45.59594],[10.98432,45.59347],[10.97944,45.5933],[10.97861,45.59265],[10.98156,45.59223],[10.98299,45.5912],[10.98462,45.58856],[10.98585,45.5882],[10.98628,45.58615],[10.98525,45.58534],[10.98531,45.58335],[10.98477,45.58264],[10.98567,45.58081],[10.98342,45.58004],[10.98169,45.5824],[10.97894,45.58384],[10.97708,45.58513],[10.97543,45.58558],[10.97207,45.5841],[10.97175,45.58461],[10.9683,45.58638],[10.96687,45.58584],[10.96612,45.58769],[10.96673,45.58871],[10.9649,45.58873],[10.96254,45.59201],[10.96222,45.59317],[10.96083,45.59351],[10.95975,45.59445],[10.95739,45.59325],[10.955,45.59531],[10.95205,45.59586],[10.9491,45.59464],[10.94638,45.59445],[10.94649,45.5935],[10.94803,45.59105],[10.94661,45.58972],[10.94228,45.58829],[10.94064,45.58841],[10.94284,45.59012],[10.94159,45.59023],[10.94034,45.58884],[10.93806,45.58851],[10.93629,45.58776],[10.93179,45.58788],[10.93084,45.58886],[10.92651,45.58982],[10.92164,45.5884],[10.91715,45.5886],[10.91651,45.58897],[10.91121,45.58909],[10.90759,45.58984],[10.90902,45.59046],[10.91203,45.59323],[10.91229,45.5958],[10.91433,45.59963],[10.9142,45.60186],[10.91525,45.60398],[10.91764,45.6075],[10.91782,45.60871],[10.91883,45.60923],[10.92327,45.61059],[10.92678,45.6138],[10.92718,45.61498],[10.927,45.61794],[10.92775,45.621],[10.92987,45.62334],[10.93033,45.62648],[10.93139,45.6283],[10.93202,45.63088],[10.93149,45.63245],[10.93064,45.63307],[10.93083,45.63415],[10.93033,45.63605],[10.92825,45.63411],[10.92496,45.63264],[10.92037,45.63213],[10.91851,45.63234],[10.91667,45.63065],[10.91522,45.63045],[10.91397,45.63239],[10.91071,45.63343],[10.90825,45.63561],[10.90779,45.63669],[10.90715,45.63854],[10.9056,45.64004],[10.90569,45.64164],[10.90751,45.64315],[10.90967,45.64437],[10.91335,45.64424],[10.91707,45.64374],[10.91665,45.64582],[10.91981,45.64635],[10.92036,45.64808],[10.92381,45.64988],[10.92423,45.65083],[10.92797,45.65136],[10.9283,45.65242],[10.92601,45.6545],[10.92681,45.65662],[10.92784,45.65767],[10.92718,45.65854],[10.9282,45.65992],[10.92824,45.66102],[10.93017,45.66196],[10.92936,45.66304],[10.92995,45.66375],[10.93296,45.66504],[10.93426,45.66833],[10.93749,45.67341],[10.93661,45.67348],[10.93393,45.67581],[10.93229,45.67632],[10.9304,45.67773],[10.92751,45.67744],[10.92302,45.6799],[10.92019,45.68028],[10.91935,45.68217],[10.91799,45.68372],[10.91637,45.68429],[10.91286,45.68777],[10.91141,45.68854],[10.91008,45.68585],[10.90729,45.68449],[10.9047,45.6836],[10.90261,45.68257],[10.90085,45.68089],[10.89971,45.67905],[10.89826,45.67851],[10.89501,45.67787],[10.89362,45.67688],[10.89294,45.67517],[10.89358,45.67313],[10.8949,45.67125],[10.89929,45.66832],[10.90225,45.66603],[10.90292,45.66475],[10.90163,45.66315],[10.89766,45.66171],[10.89548,45.65909],[10.89476,45.65437],[10.89569,45.65198],[10.89682,45.65053],[10.89645,45.64829],[10.89353,45.64633],[10.89162,45.64611],[10.88688,45.64747],[10.88376,45.64739],[10.88163,45.64686],[10.87998,45.6457],[10.8804,45.64354],[10.88373,45.64053],[10.88392,45.63919],[10.88133,45.63689],[10.87855,45.63527],[10.87743,45.63348],[10.877,45.63115],[10.87528,45.62885],[10.87031,45.6264],[10.8676,45.62246],[10.86578,45.6205],[10.86283,45.61846],[10.86063,45.6182],[10.85929,45.61866],[10.85598,45.6209],[10.85431,45.62059],[10.85323,45.61845],[10.85362,45.61273],[10.85492,45.60907],[10.85499,45.60726],[10.85407,45.6063],[10.85153,45.60523],[10.84813,45.60337],[10.84557,45.59938],[10.84378,45.59718],[10.84282,45.59412],[10.84273,45.59235],[10.84385,45.58867],[10.84402,45.58637],[10.84175,45.58416],[10.83741,45.58235],[10.83218,45.58178],[10.82705,45.58208],[10.82466,45.58156],[10.82306,45.58051],[10.82227,45.57936],[10.82138,45.57619],[10.82024,45.57381],[10.81919,45.57055],[10.81904,45.56886],[10.81978,45.56732],[10.82182,45.56686],[10.82357,45.56802],[10.82582,45.56791],[10.82498,45.56473],[10.82581,45.56263],[10.82705,45.56141],[10.82948,45.55984],[10.83038,45.55886],[10.83046,45.55655],[10.8283,45.55284],[10.8276,45.55201],[10.82535,45.55058],[10.82114,45.54892],[10.81976,45.5474],[10.81768,45.54378],[10.8138,45.54048],[10.81119,45.53673],[10.80952,45.53339],[10.80546,45.52878],[10.80522,45.5273],[10.80584,45.52636],[10.80598,45.52338],[10.80379,45.51782],[10.80381,45.5161],[10.80594,45.51381],[10.80734,45.51243],[10.80819,45.51069],[10.80906,45.50646],[10.80971,45.50303],[10.81195,45.50076],[10.81521,45.4984],[10.81951,45.49688],[10.82185,45.49516],[10.82423,45.49236],[10.82516,45.49071],[10.82552,45.48911],[10.82468,45.48598],[10.82511,45.48422],[10.8273,45.48166],[10.82879,45.48126],[10.83151,45.48122],[10.84466,45.47971],[10.85054,45.47704],[10.85346,45.47669],[10.85672,45.47693],[10.8598,45.47774],[10.86582,45.4798],[10.86852,45.48026],[10.87022,45.47937],[10.87343,45.47435],[10.87635,45.47323],[10.87978,45.4728],[10.88419,45.47363],[10.88718,45.47498],[10.88912,45.47652],[10.8923,45.47726],[10.89579,45.4774],[10.90014,45.4758],[10.90402,45.47197],[10.90627,45.47065],[10.90438,45.46952],[10.9025,45.46907],[10.89926,45.46734],[10.89568,45.46602],[10.89344,45.46548],[10.89007,45.46516],[10.88628,45.46365],[10.88157,45.46205],[10.87684,45.46156],[10.87761,45.45994],[10.88098,45.45637],[10.87761,45.45398],[10.88106,45.45222],[10.88461,45.45066],[10.88586,45.44901],[10.88686,45.44667],[10.88953,45.44306],[10.89218,45.44291],[10.89493,45.44213],[10.89785,45.4399],[10.90358,45.43626],[10.90604,45.43333],[10.90611,45.43046],[10.90774,45.43005],[10.90963,45.42718],[10.90588,45.42715],[10.90871,45.42145],[10.91146,45.41514],[10.9161,45.40569],[10.92046,45.39648],[10.92982,45.38504],[10.92674,45.38196],[10.92715,45.38017],[10.92886,45.37496],[10.92979,45.37623],[10.93454,45.3797],[10.93876,45.38371],[10.94085,45.38524],[10.9487,45.38144],[10.94578,45.37582],[10.94377,45.37244],[10.94326,45.37202]]]},"properties":{"idApp":925004,"aopId":"valpolicella-ripasso","name":"Valpolicella Ripasso","nameJa":"ヴァルポリチェッラ・リパッソ","kind":"village","tags":["doc"],"rank":1},"bbox":[10.80379,45.3494,11.32982,45.68854]},{"type":"Feature","geometry":{"type":"Polygon","coordinates":[[[11.45265,45.32362],[11.45347,45.32264],[11.45105,45.31926],[11.44932,45.31976],[11.44841,45.31806],[11.44774,45.31531],[11.43761,45.31701],[11.43675,45.31606],[11.43438,45.31569],[11.43351,45.31613],[11.43145,45.31359],[11.4311,45.31218],[11.43207,45.31194],[11.4326,45.31031],[11.43254,45.30825],[11.43331,45.30735],[11.43509,45.30671],[11.43655,45.30525],[11.43823,45.30456],[11.44041,45.30288],[11.4425,45.30203],[11.45206,45.29871],[11.46267,45.29447],[11.463,45.29712],[11.46781,45.30005],[11.47447,45.30658],[11.47789,45.3092],[11.47646,45.30972],[11.47701,45.31071],[11.47817,45.31097],[11.48033,45.31547],[11.48089,45.31596],[11.48094,45.31774],[11.48388,45.32251],[11.48336,45.32308],[11.48605,45.32385],[11.4886,45.32536],[11.50127,45.32665],[11.50238,45.3266],[11.50664,45.32531],[11.50783,45.32609],[11.50976,45.32657],[11.5113,45.32636],[11.51158,45.32551],[11.51963,45.32303],[11.52,45.32247],[11.51942,45.31793],[11.52221,45.31484],[11.52375,45.3143],[11.52442,45.31574],[11.52654,45.31704],[11.52783,45.31744],[11.53252,45.31776],[11.53315,45.31427],[11.53228,45.31189],[11.53523,45.31148],[11.53809,45.31138],[11.53875,45.31176],[11.54191,45.31102],[11.54563,45.31055],[11.55265,45.31051],[11.55311,45.31236],[11.55323,45.31486],[11.55386,45.31571],[11.55446,45.31796],[11.55593,45.3205],[11.55639,45.32333],[11.55775,45.32594],[11.55804,45.32936],[11.55964,45.33106],[11.56029,45.33249],[11.56163,45.33407],[11.56244,45.33626],[11.5674,45.33282],[11.56782,45.33407],[11.56586,45.34248],[11.56386,45.35234],[11.57019,45.34976],[11.57358,45.34813],[11.57707,45.34604],[11.58434,45.34318],[11.59121,45.34076],[11.59691,45.33815],[11.60128,45.33711],[11.60202,45.33494],[11.60388,45.33315],[11.60448,45.33151],[11.60556,45.33085],[11.60652,45.32917],[11.61164,45.32812],[11.61227,45.32705],[11.61151,45.32625],[11.6123,45.3254],[11.61627,45.32571],[11.61747,45.32545],[11.61828,45.32812],[11.61797,45.32858],[11.6196,45.32985],[11.61988,45.33264],[11.61821,45.3356],[11.61691,45.3365],[11.61318,45.33805],[11.61343,45.33905],[11.61585,45.34005],[11.61612,45.34199],[11.61759,45.34318],[11.62047,45.34338],[11.62327,45.34405],[11.62484,45.3454],[11.6254,45.34679],[11.62537,45.35012],[11.62629,45.35019],[11.62729,45.35441],[11.62748,45.35636],[11.62457,45.36013],[11.62311,45.36124],[11.62098,45.36136],[11.62001,45.36211],[11.6156,45.36657],[11.61414,45.36873],[11.61334,45.37076],[11.61224,45.37238],[11.61137,45.37486],[11.61188,45.37607],[11.6139,45.38282],[11.61573,45.38802],[11.61729,45.38943],[11.62041,45.39139],[11.62236,45.39305],[11.62485,45.39447],[11.63836,45.40372],[11.64295,45.40587],[11.64531,45.40729],[11.64804,45.40815],[11.65323,45.4104],[11.65234,45.41659],[11.65313,45.41676],[11.65662,45.4161],[11.65699,45.4156],[11.65918,45.41541],[11.65931,45.41718],[11.66108,45.41743],[11.6614,45.41975],[11.6612,45.42136],[11.66302,45.42178],[11.66564,45.42312],[11.66769,45.42309],[11.67223,45.42388],[11.67626,45.42308],[11.67956,45.4266],[11.68038,45.42863],[11.68327,45.42942],[11.68361,45.43151],[11.68474,45.43188],[11.68586,45.43383],[11.6876,45.43499],[11.68931,45.43688],[11.69132,45.43709],[11.69277,45.43667],[11.69364,45.4389],[11.69602,45.43903],[11.69684,45.44048],[11.69487,45.44062],[11.69482,45.44369],[11.69245,45.44369],[11.69074,45.44423],[11.6922,45.44636],[11.69139,45.44689],[11.69258,45.44834],[11.69452,45.44887],[11.69549,45.45043],[11.69514,45.45155],[11.69557,45.45262],[11.6971,45.45319],[11.69783,45.45488],[11.69932,45.4572],[11.70207,45.45936],[11.69981,45.45975],[11.69834,45.46074],[11.69672,45.46055],[11.69352,45.46172],[11.69461,45.46248],[11.69222,45.46417],[11.69117,45.46324],[11.68838,45.46394],[11.68761,45.46474],[11.68785,45.4659],[11.68386,45.46784],[11.68755,45.47081],[11.68023,45.47153],[11.67279,45.47509],[11.67169,45.47484],[11.67044,45.4757],[11.66956,45.4752],[11.6684,45.47607],[11.6685,45.4768],[11.66726,45.47852],[11.66489,45.47849],[11.66269,45.47886],[11.66224,45.47995],[11.65853,45.48121],[11.65628,45.48202],[11.65196,45.48299],[11.64876,45.48443],[11.64581,45.48595],[11.6433,45.48644],[11.6426,45.48739],[11.64126,45.48691],[11.63917,45.48728],[11.63783,45.48881],[11.63725,45.49058],[11.63786,45.49216],[11.63612,45.49437],[11.63307,45.49547],[11.63115,45.49729],[11.63038,45.49917],[11.62858,45.5],[11.62691,45.50157],[11.62288,45.50157],[11.62129,45.50102],[11.61766,45.49759],[11.61558,45.49854],[11.61356,45.4973],[11.6127,45.49857],[11.61121,45.49757],[11.61024,45.50076],[11.60964,45.50179],[11.60493,45.4999],[11.60469,45.502],[11.60371,45.50374],[11.60506,45.50629],[11.60533,45.50747],[11.60681,45.50868],[11.60964,45.51358],[11.60698,45.51481],[11.60677,45.51581],[11.60314,45.51744],[11.60408,45.51865],[11.60087,45.52014],[11.60216,45.52163],[11.60122,45.52209],[11.60512,45.52513],[11.6041,45.52558],[11.60617,45.52739],[11.60981,45.52704],[11.60964,45.52902],[11.61045,45.53011],[11.60991,45.5315],[11.60764,45.53245],[11.60797,45.53363],[11.60935,45.53439],[11.60896,45.53584],[11.60742,45.53802],[11.60579,45.53869],[11.6051,45.53954],[11.60659,45.54055],[11.60919,45.54035],[11.61109,45.5411],[11.61067,45.54325],[11.612,45.54557],[11.61368,45.54631],[11.61388,45.54713],[11.61141,45.54942],[11.61207,45.55106],[11.61026,45.55167],[11.61101,45.55278],[11.61002,45.55545],[11.6124,45.55618],[11.61282,45.55719],[11.61479,45.55749],[11.61474,45.55885],[11.6153,45.56024],[11.61546,45.56334],[11.61404,45.56451],[11.61264,45.56375],[11.61079,45.56366],[11.61005,45.56625],[11.61197,45.56645],[11.61199,45.56729],[11.60981,45.5671],[11.60797,45.56741],[11.60675,45.56644],[11.60481,45.56628],[11.60311,45.56688],[11.60161,45.56675],[11.59904,45.56573],[11.59713,45.56587],[11.59633,45.567],[11.59625,45.56821],[11.595,45.57039],[11.59553,45.57364],[11.59451,45.57417],[11.596,45.57518],[11.59679,45.57658],[11.59418,45.57979],[11.59038,45.58189],[11.58767,45.58125],[11.58689,45.58144],[11.58503,45.58009],[11.58394,45.57992],[11.58286,45.58089],[11.58238,45.58237],[11.58158,45.58312],[11.58158,45.58449],[11.58255,45.58541],[11.5841,45.58588],[11.58337,45.5882],[11.58212,45.58961],[11.57799,45.58893],[11.57591,45.58797],[11.5746,45.58595],[11.5733,45.58512],[11.57355,45.58154],[11.57032,45.5794],[11.56898,45.58066],[11.56384,45.58257],[11.56433,45.58494],[11.56317,45.58833],[11.56207,45.58906],[11.56068,45.59119],[11.56098,45.59212],[11.56358,45.59448],[11.56344,45.59609],[11.5659,45.59875],[11.56657,45.59993],[11.56616,45.6011],[11.56691,45.60168],[11.5669,45.60319],[11.56425,45.60352],[11.56233,45.60471],[11.56177,45.60622],[11.56299,45.60634],[11.56313,45.60772],[11.56166,45.60868],[11.55934,45.60885],[11.5568,45.60734],[11.55589,45.60641],[11.55463,45.60161],[11.55488,45.60095],[11.5569,45.5992],[11.55674,45.59665],[11.55175,45.59722],[11.55104,45.59622],[11.54712,45.59671],[11.54455,45.59593],[11.5451,45.59434],[11.53851,45.59317],[11.53929,45.59214],[11.53626,45.59112],[11.53508,45.59026],[11.53415,45.58885],[11.53291,45.58891],[11.53081,45.59159],[11.52722,45.59227],[11.52722,45.59147],[11.52852,45.58968],[11.53252,45.58664],[11.53384,45.58411],[11.53305,45.58295],[11.53323,45.58148],[11.53061,45.58148],[11.52858,45.58195],[11.52774,45.58083],[11.52704,45.57874],[11.52456,45.57804],[11.52483,45.5793],[11.52285,45.57901],[11.52282,45.57997],[11.52116,45.58174],[11.51906,45.58326],[11.518,45.58349],[11.51664,45.58868],[11.5119,45.58724],[11.51068,45.58637],[11.50946,45.58714],[11.50758,45.58655],[11.50663,45.5869],[11.50385,45.58497],[11.50276,45.58498],[11.50156,45.5841],[11.50353,45.58184],[11.50399,45.58075],[11.50228,45.57988],[11.50379,45.57797],[11.5013,45.57664],[11.50158,45.57564],[11.49848,45.57504],[11.49882,45.57369],[11.49771,45.57283],[11.49488,45.57291],[11.49323,45.57179],[11.49143,45.57115],[11.49162,45.56947],[11.48705,45.56893],[11.48692,45.57009],[11.48092,45.56873],[11.47962,45.56825],[11.47848,45.56978],[11.4771,45.56933],[11.47492,45.57049],[11.47203,45.57056],[11.46776,45.56972],[11.46479,45.5713],[11.4618,45.57238],[11.45972,45.57344],[11.46079,45.57411],[11.46038,45.57528],[11.46078,45.57636],[11.46324,45.57537],[11.4643,45.57678],[11.46254,45.57749],[11.4595,45.57812],[11.4577,45.57913],[11.45765,45.57972],[11.45542,45.57975],[11.45386,45.57725],[11.45204,45.57605],[11.45151,45.57507],[11.44837,45.57498],[11.4469,45.57226],[11.44726,45.57085],[11.44891,45.56928],[11.44766,45.56869],[11.44674,45.563],[11.44773,45.56119],[11.44731,45.56049],[11.44321,45.56051],[11.44259,45.56261],[11.44099,45.56358],[11.43909,45.56403],[11.43655,45.56602],[11.43429,45.5672],[11.43294,45.56854],[11.43105,45.5695],[11.4309,45.57075],[11.42892,45.571],[11.42786,45.56953],[11.42532,45.56843],[11.4235,45.56804],[11.42345,45.56555],[11.42445,45.56429],[11.42477,45.56245],[11.42382,45.56183],[11.42078,45.56168],[11.41982,45.56231],[11.41766,45.56126],[11.41404,45.56157],[11.41158,45.5611],[11.40752,45.56067],[11.40493,45.55988],[11.40185,45.56053],[11.39888,45.56239],[11.39615,45.56242],[11.39375,45.5631],[11.39269,45.56237],[11.39093,45.55917],[11.38942,45.55595],[11.38835,45.55277],[11.38657,45.54939],[11.38679,45.54827],[11.38789,45.54751],[11.39044,45.54769],[11.39377,45.54756],[11.39321,45.54458],[11.39188,45.54418],[11.39089,45.54247],[11.38707,45.54219],[11.38609,45.54152],[11.38457,45.54155],[11.38249,45.5408],[11.38066,45.53904],[11.37894,45.53898],[11.37974,45.53729],[11.37955,45.53525],[11.38025,45.52779],[11.38129,45.52575],[11.38052,45.52478],[11.38086,45.52251],[11.37963,45.52239],[11.3804,45.5179],[11.38167,45.51555],[11.37554,45.5132],[11.37667,45.50809],[11.37603,45.50614],[11.37481,45.5047],[11.37698,45.50274],[11.37903,45.50318],[11.37983,45.50272],[11.38118,45.50008],[11.38013,45.49982],[11.38145,45.4985],[11.38086,45.49773],[11.38133,45.49674],[11.3835,45.49556],[11.3854,45.49238],[11.38691,45.49155],[11.38657,45.4904],[11.38901,45.48574],[11.39146,45.48207],[11.39287,45.47839],[11.38871,45.47833],[11.38937,45.47555],[11.38704,45.47515],[11.38428,45.47394],[11.38194,45.47339],[11.37887,45.47385],[11.37904,45.47235],[11.3798,45.47133],[11.37975,45.47011],[11.37553,45.47002],[11.37211,45.4694],[11.36929,45.46828],[11.36465,45.46782],[11.36358,45.46979],[11.36106,45.47075],[11.36118,45.47337],[11.35924,45.47376],[11.35819,45.47485],[11.35758,45.47707],[11.35831,45.47788],[11.35795,45.47927],[11.35611,45.47993],[11.3553,45.48075],[11.35342,45.48111],[11.35149,45.48399],[11.35033,45.48473],[11.34795,45.4855],[11.34517,45.4846],[11.34405,45.48522],[11.34144,45.48481],[11.33996,45.4851],[11.33626,45.48467],[11.33372,45.48522],[11.33048,45.48516],[11.32863,45.48621],[11.32706,45.48522],[11.32752,45.48296],[11.32833,45.48256],[11.33088,45.48091],[11.33463,45.47976],[11.33885,45.47959],[11.34028,45.479],[11.34193,45.47958],[11.34537,45.47912],[11.34712,45.47689],[11.34728,45.4741],[11.34701,45.46977],[11.34849,45.46725],[11.34996,45.46627],[11.35131,45.46448],[11.35256,45.46163],[11.35425,45.46046],[11.35583,45.4588],[11.35655,45.45666],[11.35601,45.4539],[11.35517,45.45315],[11.35609,45.44726],[11.35534,45.44593],[11.35651,45.44466],[11.35787,45.44188],[11.3574,45.441],[11.35801,45.44016],[11.35458,45.43927],[11.35245,45.4371],[11.35363,45.43507],[11.35579,45.43432],[11.35616,45.43272],[11.35696,45.43211],[11.35521,45.43064],[11.35301,45.42973],[11.34963,45.42772],[11.34887,45.42846],[11.34563,45.42688],[11.34509,45.42514],[11.34346,45.42447],[11.34532,45.42261],[11.34423,45.42198],[11.34485,45.42075],[11.34314,45.42016],[11.34381,45.41898],[11.3453,45.41781],[11.34475,45.41696],[11.34132,45.41625],[11.34221,45.41397],[11.34323,45.41274],[11.34336,45.41067],[11.34268,45.4091],[11.34296,45.40816],[11.34472,45.40641],[11.34484,45.40561],[11.34395,45.40399],[11.3442,45.40152],[11.34571,45.399],[11.34595,45.39749],[11.34014,45.3979],[11.33552,45.39852],[11.33434,45.39636],[11.33452,45.39362],[11.33298,45.39188],[11.33291,45.39085],[11.33201,45.38992],[11.33154,45.38763],[11.3311,45.38673],[11.33501,45.3857],[11.33574,45.38599],[11.33768,45.38457],[11.34035,45.38336],[11.34045,45.38219],[11.33978,45.38128],[11.34104,45.37893],[11.34208,45.37855],[11.34283,45.3771],[11.34404,45.37607],[11.34582,45.37601],[11.34788,45.37491],[11.35097,45.37384],[11.35222,45.37296],[11.35334,45.37153],[11.35303,45.36909],[11.35353,45.36853],[11.35243,45.36633],[11.35409,45.36442],[11.35424,45.36289],[11.3534,45.36014],[11.35484,45.35738],[11.35489,45.35534],[11.35435,45.35354],[11.35259,45.35238],[11.35084,45.35228],[11.35069,45.35088],[11.35147,45.34861],[11.35306,45.3477],[11.35505,45.34765],[11.35839,45.34862],[11.35813,45.34957],[11.3624,45.34931],[11.363,45.34988],[11.36871,45.34943],[11.37051,45.34981],[11.37141,45.34803],[11.37282,45.34794],[11.37325,45.34891],[11.3772,45.34909],[11.37806,45.34987],[11.38012,45.34955],[11.38209,45.34967],[11.3863,45.34915],[11.38639,45.34791],[11.38976,45.34838],[11.39199,45.34791],[11.39433,45.34787],[11.39407,45.34656],[11.39594,45.34609],[11.39657,45.34693],[11.40077,45.34553],[11.40149,45.34373],[11.40323,45.34434],[11.40373,45.34318],[11.40626,45.34355],[11.40667,45.34227],[11.4081,45.34203],[11.41015,45.34092],[11.41239,45.34044],[11.41835,45.33999],[11.42259,45.33929],[11.42568,45.33777],[11.42734,45.33626],[11.43271,45.33407],[11.43516,45.33226],[11.43653,45.33177],[11.4381,45.3305],[11.44031,45.32991],[11.44216,45.32851],[11.44388,45.32815],[11.44757,45.32654],[11.44877,45.32547],[11.45032,45.32523],[11.45265,45.32362]]]},"properties":{"idApp":925017,"aopId":"colli-berici","name":"Colli Berici","nameJa":"コッリ・ベリチ","kind":"village","tags":["doc"],"rank":1},"bbox":[11.32706,45.29447,11.70207,45.60885]},{"type":"Feature","geometry":{"type":"Polygon","coordinates":[[[11.32361,45.42659],[11.32584,45.42685],[11.32918,45.43028],[11.32971,45.43158],[11.33181,45.43376],[11.33324,45.43317],[11.33595,45.43016],[11.33564,45.42836],[11.33496,45.42802],[11.33551,45.42588],[11.33739,45.4267],[11.33875,45.42503],[11.3404,45.42126],[11.33952,45.41835],[11.33834,45.41791],[11.33848,45.4167],[11.34102,45.4171],[11.34132,45.41625],[11.34475,45.41696],[11.3453,45.41781],[11.34381,45.41898],[11.34314,45.42016],[11.34485,45.42075],[11.34423,45.42198],[11.34532,45.42261],[11.34346,45.42447],[11.34509,45.42514],[11.34563,45.42688],[11.34887,45.42846],[11.34963,45.42772],[11.35301,45.42973],[11.35521,45.43064],[11.35696,45.43211],[11.35757,45.43205],[11.35937,45.43356],[11.36268,45.43572],[11.36477,45.43421],[11.36707,45.43399],[11.3684,45.43281],[11.37303,45.43676],[11.3734,45.43639],[11.37638,45.4382],[11.37789,45.4378],[11.379,45.43578],[11.38059,45.43625],[11.38123,45.43487],[11.3834,45.43539],[11.38336,45.43642],[11.38557,45.43865],[11.3875,45.43997],[11.38925,45.44068],[11.38881,45.44159],[11.39166,45.44216],[11.39555,45.44525],[11.3981,45.44614],[11.39909,45.4425],[11.40012,45.44073],[11.4022,45.44177],[11.40419,45.44193],[11.40116,45.44505],[11.40318,45.44465],[11.40699,45.44504],[11.41017,45.44387],[11.41127,45.4438],[11.41083,45.44584],[11.41096,45.4474],[11.40965,45.44873],[11.41179,45.4492],[11.41162,45.44994],[11.41424,45.44974],[11.41564,45.45082],[11.41539,45.45419],[11.41684,45.45553],[11.41439,45.45747],[11.4144,45.45825],[11.41685,45.45983],[11.41576,45.46049],[11.41899,45.46309],[11.41707,45.4648],[11.41528,45.46571],[11.4118,45.46856],[11.41331,45.46936],[11.4133,45.47019],[11.41613,45.47161],[11.41775,45.47156],[11.41941,45.46988],[11.4213,45.47105],[11.422,45.47028],[11.42427,45.47179],[11.4221,45.47351],[11.42614,45.4763],[11.42173,45.48018],[11.42694,45.48305],[11.42853,45.48429],[11.43192,45.48572],[11.43413,45.48387],[11.43922,45.4911],[11.44157,45.49098],[11.44429,45.49016],[11.44703,45.48965],[11.44761,45.48899],[11.4497,45.48858],[11.45136,45.48918],[11.45161,45.48818],[11.45344,45.48761],[11.45495,45.4876],[11.45584,45.48979],[11.45793,45.49077],[11.45773,45.49287],[11.45666,45.49391],[11.45434,45.49523],[11.45359,45.49614],[11.45207,45.49585],[11.45042,45.4967],[11.44981,45.49849],[11.44722,45.50076],[11.44474,45.50515],[11.44611,45.50562],[11.44416,45.50841],[11.44302,45.50745],[11.43962,45.51208],[11.43785,45.5118],[11.43523,45.51084],[11.43399,45.51249],[11.43273,45.51286],[11.43019,45.51481],[11.42967,45.51422],[11.42236,45.51883],[11.42469,45.5205],[11.42364,45.52136],[11.42194,45.52378],[11.42172,45.52481],[11.41996,45.52617],[11.41788,45.52724],[11.41657,45.52873],[11.41444,45.53022],[11.41386,45.53151],[11.41164,45.53313],[11.412,45.53395],[11.41027,45.53617],[11.40759,45.53861],[11.40509,45.53977],[11.40657,45.54196],[11.40782,45.54475],[11.40664,45.54713],[11.4065,45.54871],[11.40775,45.54945],[11.41215,45.55134],[11.41767,45.55278],[11.41704,45.55557],[11.41776,45.55718],[11.41658,45.5595],[11.41766,45.56126],[11.41982,45.56231],[11.42078,45.56168],[11.42382,45.56183],[11.42477,45.56245],[11.42445,45.56429],[11.42345,45.56555],[11.4235,45.56804],[11.42532,45.56843],[11.42786,45.56953],[11.42892,45.571],[11.4309,45.57075],[11.43105,45.5695],[11.43294,45.56854],[11.43429,45.5672],[11.43655,45.56602],[11.43909,45.56403],[11.44099,45.56358],[11.44259,45.56261],[11.44321,45.56051],[11.44731,45.56049],[11.44773,45.56119],[11.44674,45.563],[11.44766,45.56869],[11.44891,45.56928],[11.44726,45.57085],[11.4469,45.57226],[11.44837,45.57498],[11.45151,45.57507],[11.45204,45.57605],[11.45386,45.57725],[11.45542,45.57975],[11.45765,45.57972],[11.4577,45.57913],[11.4595,45.57812],[11.46254,45.57749],[11.4643,45.57678],[11.46324,45.57537],[11.46078,45.57636],[11.46038,45.57528],[11.46079,45.57411],[11.45972,45.57344],[11.4618,45.57238],[11.46479,45.5713],[11.46776,45.56972],[11.47203,45.57056],[11.47492,45.57049],[11.4771,45.56933],[11.47848,45.56978],[11.47962,45.56825],[11.48092,45.56873],[11.48692,45.57009],[11.48705,45.56893],[11.49162,45.56947],[11.49143,45.57115],[11.49323,45.57179],[11.49488,45.57291],[11.49771,45.57283],[11.49882,45.57369],[11.49848,45.57504],[11.50158,45.57564],[11.5013,45.57664],[11.50379,45.57797],[11.50228,45.57988],[11.50399,45.58075],[11.50353,45.58184],[11.50156,45.5841],[11.50276,45.58498],[11.50385,45.58497],[11.50663,45.5869],[11.50758,45.58655],[11.50946,45.58714],[11.51068,45.58637],[11.5119,45.58724],[11.51664,45.58868],[11.51765,45.58921],[11.5173,45.59073],[11.51507,45.59209],[11.51301,45.59399],[11.51208,45.59542],[11.50996,45.59557],[11.50825,45.59727],[11.50701,45.59743],[11.50666,45.59856],[11.50534,45.59882],[11.5049,45.6],[11.50206,45.6018],[11.5011,45.60278],[11.49898,45.60288],[11.49687,45.60405],[11.49592,45.60351],[11.49388,45.60341],[11.49144,45.60861],[11.49172,45.60927],[11.48891,45.60992],[11.48855,45.61097],[11.48649,45.61214],[11.48241,45.61666],[11.48545,45.61735],[11.48888,45.61755],[11.48979,45.61807],[11.48736,45.6199],[11.48608,45.62293],[11.48844,45.62298],[11.48776,45.62588],[11.4879,45.62765],[11.48925,45.6279],[11.48733,45.6324],[11.48956,45.63328],[11.48837,45.63394],[11.48571,45.6381],[11.48372,45.63984],[11.48075,45.63941],[11.47937,45.63949],[11.47673,45.64052],[11.47275,45.64356],[11.46859,45.64613],[11.46415,45.6476],[11.46288,45.64822],[11.45904,45.65225],[11.45723,45.65448],[11.45428,45.65647],[11.45383,45.65725],[11.45206,45.6584],[11.45631,45.65996],[11.46114,45.66124],[11.46394,45.66269],[11.47186,45.66499],[11.47313,45.66517],[11.47856,45.66739],[11.47909,45.66811],[11.47815,45.66941],[11.4761,45.67451],[11.47648,45.67559],[11.47443,45.6786],[11.47173,45.6771],[11.47069,45.67621],[11.46559,45.68138],[11.4636,45.68359],[11.46096,45.68256],[11.45747,45.68675],[11.45839,45.68797],[11.45604,45.69204],[11.45545,45.69405],[11.45527,45.69908],[11.45604,45.70127],[11.45528,45.70227],[11.45205,45.70029],[11.44934,45.70284],[11.44797,45.7022],[11.44609,45.70387],[11.44725,45.70466],[11.44498,45.7061],[11.44405,45.70731],[11.44464,45.70795],[11.44237,45.70902],[11.43868,45.71183],[11.4409,45.71331],[11.43622,45.71296],[11.43473,45.71332],[11.43279,45.71532],[11.4325,45.7164],[11.4302,45.71803],[11.42927,45.71774],[11.42758,45.71975],[11.42559,45.72007],[11.42545,45.72243],[11.42598,45.72449],[11.42061,45.72581],[11.42075,45.72534],[11.41302,45.72322],[11.40939,45.72208],[11.40365,45.72068],[11.40144,45.72369],[11.39657,45.72207],[11.3957,45.72335],[11.39075,45.72277],[11.38727,45.72274],[11.38748,45.72429],[11.38509,45.72371],[11.38254,45.72383],[11.38262,45.72501],[11.37774,45.7291],[11.37463,45.72691],[11.37374,45.72696],[11.37257,45.72869],[11.37233,45.73209],[11.37186,45.73374],[11.36931,45.73331],[11.368,45.73413],[11.36694,45.73316],[11.36544,45.73293],[11.36446,45.73402],[11.36498,45.73503],[11.36374,45.73594],[11.3637,45.73722],[11.36181,45.73657],[11.3605,45.73917],[11.36101,45.73973],[11.3639,45.74016],[11.3649,45.74084],[11.36703,45.74111],[11.36589,45.74267],[11.36578,45.74449],[11.36467,45.74631],[11.36366,45.74706],[11.36357,45.74816],[11.36193,45.75016],[11.36583,45.75256],[11.36699,45.75189],[11.37015,45.75237],[11.37085,45.75095],[11.37197,45.7501],[11.37258,45.74862],[11.37242,45.74651],[11.3716,45.74486],[11.37178,45.74335],[11.37348,45.74385],[11.37675,45.74549],[11.38004,45.74533],[11.38314,45.74681],[11.38501,45.74831],[11.38634,45.7504],[11.38848,45.75051],[11.38946,45.75365],[11.38877,45.75661],[11.38738,45.7582],[11.38982,45.75937],[11.38989,45.76071],[11.38736,45.76117],[11.38515,45.76124],[11.38248,45.76237],[11.37973,45.76264],[11.37812,45.76357],[11.37737,45.76501],[11.37289,45.76518],[11.37079,45.76741],[11.36871,45.76706],[11.36566,45.7673],[11.36171,45.76832],[11.35743,45.77002],[11.35208,45.77124],[11.34829,45.77079],[11.34554,45.77165],[11.34323,45.77274],[11.33973,45.77307],[11.33796,45.77394],[11.33736,45.77507],[11.33584,45.77649],[11.33369,45.77733],[11.33094,45.77778],[11.329,45.77855],[11.32712,45.77783],[11.32294,45.77726],[11.32154,45.77793],[11.31916,45.77828],[11.31499,45.77635],[11.31411,45.7745],[11.31201,45.77274],[11.30901,45.77248],[11.30752,45.77317],[11.30289,45.77394],[11.30243,45.77273],[11.30306,45.77134],[11.29963,45.77063],[11.29844,45.77133],[11.29521,45.77166],[11.29573,45.77072],[11.29299,45.76335],[11.29295,45.76206],[11.29165,45.75971],[11.29168,45.75824],[11.29102,45.75759],[11.28803,45.7562],[11.28748,45.7546],[11.2896,45.75405],[11.29154,45.75302],[11.29331,45.75008],[11.29666,45.74771],[11.29686,45.7461],[11.29487,45.74321],[11.29555,45.74162],[11.29442,45.73974],[11.29657,45.73742],[11.29784,45.73542],[11.29771,45.73388],[11.29918,45.73274],[11.30133,45.73035],[11.30594,45.72892],[11.30769,45.72935],[11.31139,45.72897],[11.31429,45.72704],[11.31902,45.72584],[11.31959,45.7252],[11.3224,45.72394],[11.32644,45.71972],[11.32726,45.71808],[11.32974,45.71765],[11.33146,45.71615],[11.33119,45.71333],[11.33454,45.71237],[11.33312,45.71013],[11.33061,45.70836],[11.32961,45.70675],[11.32642,45.7049],[11.32555,45.70345],[11.32627,45.70104],[11.32508,45.69901],[11.32216,45.69656],[11.32181,45.69517],[11.31962,45.69583],[11.31764,45.69451],[11.30956,45.69344],[11.3084,45.69368],[11.30599,45.69145],[11.30342,45.69041],[11.30198,45.69051],[11.30259,45.68796],[11.30664,45.68493],[11.3098,45.68389],[11.31068,45.68218],[11.31226,45.68156],[11.31494,45.68144],[11.31691,45.67966],[11.31661,45.67835],[11.31753,45.67692],[11.32002,45.67602],[11.32129,45.67428],[11.32324,45.67254],[11.32547,45.67203],[11.32637,45.67016],[11.32691,45.66635],[11.32761,45.66428],[11.32878,45.66207],[11.3302,45.66057],[11.33133,45.65625],[11.32929,45.65375],[11.32887,45.65237],[11.32941,45.65157],[11.33174,45.6507],[11.33012,45.64957],[11.32978,45.64799],[11.32704,45.64672],[11.32581,45.64503],[11.32479,45.64282],[11.3236,45.64137],[11.32326,45.6399],[11.32179,45.63872],[11.32099,45.63705],[11.31988,45.63686],[11.31538,45.63738],[11.31375,45.63694],[11.31316,45.63608],[11.31287,45.63401],[11.31159,45.63171],[11.30782,45.63104],[11.30975,45.62764],[11.31064,45.62538],[11.31256,45.62415],[11.31484,45.62206],[11.31647,45.62015],[11.31826,45.61921],[11.31862,45.61823],[11.3209,45.61601],[11.31969,45.61502],[11.31621,45.61365],[11.31427,45.6119],[11.31432,45.60988],[11.31335,45.60946],[11.31224,45.60664],[11.31427,45.60538],[11.31443,45.60439],[11.3122,45.60177],[11.30915,45.60106],[11.30715,45.60119],[11.30563,45.59983],[11.30318,45.59989],[11.29987,45.60235],[11.29736,45.60169],[11.29466,45.6001],[11.29024,45.59908],[11.28754,45.59936],[11.28526,45.59866],[11.28207,45.59845],[11.2809,45.59748],[11.27869,45.59816],[11.27797,45.5978],[11.27436,45.59741],[11.27211,45.59579],[11.26972,45.59549],[11.2682,45.59439],[11.27007,45.59321],[11.26965,45.59074],[11.2673,45.58866],[11.26699,45.58741],[11.26818,45.58639],[11.26865,45.5853],[11.27113,45.58527],[11.27073,45.5841],[11.26808,45.58327],[11.26559,45.58152],[11.26492,45.58009],[11.26061,45.57642],[11.25993,45.578],[11.25833,45.57957],[11.25528,45.57953],[11.25377,45.5786],[11.25174,45.57848],[11.24884,45.57739],[11.24652,45.57729],[11.2453,45.57837],[11.2458,45.57995],[11.245,45.58096],[11.24464,45.58273],[11.24242,45.58323],[11.24364,45.58579],[11.24462,45.58644],[11.24365,45.58794],[11.24171,45.58761],[11.24042,45.58815],[11.23879,45.58795],[11.23885,45.59044],[11.23737,45.59034],[11.23566,45.59109],[11.23403,45.59115],[11.23237,45.59037],[11.23251,45.59246],[11.23495,45.59324],[11.23513,45.5939],[11.23294,45.59465],[11.22982,45.59485],[11.23072,45.59591],[11.23429,45.59604],[11.23612,45.59888],[11.23548,45.60054],[11.22972,45.60199],[11.22872,45.60198],[11.2256,45.60104],[11.22218,45.60115],[11.22112,45.60285],[11.21984,45.60299],[11.21831,45.60386],[11.21779,45.60649],[11.21811,45.6077],[11.21627,45.60923],[11.21654,45.61131],[11.21586,45.61258],[11.21368,45.6125],[11.21304,45.61317],[11.21399,45.6152],[11.21324,45.61675],[11.21204,45.61769],[11.21313,45.61982],[11.21236,45.62107],[11.21298,45.6232],[11.21451,45.62349],[11.21434,45.62519],[11.21213,45.62606],[11.20942,45.62576],[11.20592,45.62661],[11.20268,45.62604],[11.20219,45.62405],[11.20002,45.62291],[11.19715,45.62233],[11.19579,45.62114],[11.19294,45.62002],[11.19262,45.61768],[11.1934,45.61629],[11.19123,45.61364],[11.19234,45.61203],[11.19215,45.61096],[11.19439,45.60962],[11.19495,45.60793],[11.19604,45.60793],[11.19685,45.6066],[11.1973,45.60367],[11.19775,45.60273],[11.19689,45.6006],[11.19636,45.59771],[11.19713,45.59641],[11.19681,45.59411],[11.19233,45.5926],[11.18877,45.59282],[11.18635,45.59138],[11.18471,45.59117],[11.18366,45.59179],[11.18351,45.59348],[11.18289,45.59437],[11.18123,45.59523],[11.17915,45.5953],[11.17827,45.59601],[11.17549,45.59669],[11.17421,45.59742],[11.17202,45.59746],[11.17001,45.59881],[11.17051,45.5999],[11.16796,45.60084],[11.16379,45.60169],[11.16192,45.60117],[11.15944,45.60247],[11.1576,45.60433],[11.15566,45.60466],[11.15278,45.60433],[11.15003,45.60361],[11.14776,45.60365],[11.14682,45.60267],[11.14397,45.60234],[11.1419,45.60393],[11.13816,45.60327],[11.13586,45.60398],[11.13399,45.60283],[11.13452,45.60167],[11.13315,45.60015],[11.13332,45.59596],[11.13442,45.5949],[11.1331,45.59339],[11.13112,45.59281],[11.13178,45.59202],[11.13102,45.59121],[11.13248,45.59018],[11.13262,45.58777],[11.13079,45.58628],[11.13194,45.58574],[11.13123,45.5841],[11.13111,45.58224],[11.12997,45.58213],[11.12865,45.58317],[11.12803,45.58203],[11.12509,45.57921],[11.12396,45.57464],[11.12256,45.57433],[11.12048,45.57243],[11.12027,45.57131],[11.11819,45.56872],[11.1184,45.5651],[11.11949,45.56283],[11.11894,45.56057],[11.11784,45.55943],[11.11864,45.5568],[11.11943,45.55585],[11.11824,45.5537],[11.12017,45.55186],[11.12154,45.54916],[11.12198,45.54683],[11.12407,45.54507],[11.12735,45.54365],[11.12852,45.54228],[11.12847,45.53994],[11.12748,45.53885],[11.12768,45.53803],[11.1257,45.53456],[11.12497,45.53455],[11.12244,45.53301],[11.12188,45.53195],[11.11748,45.53014],[11.11661,45.5287],[11.11449,45.52751],[11.11561,45.5267],[11.11723,45.52408],[11.11792,45.52035],[11.11847,45.51904],[11.12019,45.51767],[11.1204,45.51563],[11.12339,45.5136],[11.12437,45.51148],[11.12557,45.5099],[11.12565,45.50879],[11.12892,45.50848],[11.13067,45.50729],[11.13208,45.50746],[11.13306,45.50909],[11.13591,45.50914],[11.13646,45.51026],[11.13788,45.51113],[11.13985,45.51159],[11.14182,45.51326],[11.14389,45.51334],[11.14541,45.51215],[11.14665,45.50928],[11.14704,45.5076],[11.14613,45.50663],[11.14593,45.50485],[11.14717,45.50301],[11.14549,45.49964],[11.14522,45.49657],[11.14844,45.49679],[11.15048,45.49592],[11.15252,45.49552],[11.15622,45.4956],[11.15988,45.49421],[11.16346,45.49363],[11.16777,45.49384],[11.16787,45.49509],[11.17363,45.49604],[11.17461,45.49704],[11.17776,45.49698],[11.18116,45.49752],[11.18573,45.49715],[11.18795,45.49829],[11.1886,45.49915],[11.18828,45.50214],[11.18773,45.50399],[11.18832,45.50497],[11.19083,45.50519],[11.19193,45.50563],[11.1948,45.50564],[11.1956,45.50573],[11.19734,45.50372],[11.19701,45.49992],[11.1984,45.49593],[11.19939,45.49394],[11.19804,45.49206],[11.19739,45.48895],[11.19541,45.48841],[11.19543,45.48646],[11.19471,45.48492],[11.1943,45.48253],[11.19518,45.48039],[11.19505,45.47948],[11.19382,45.47854],[11.19716,45.47516],[11.19866,45.47282],[11.19889,45.47158],[11.2061,45.46725],[11.20538,45.46448],[11.20555,45.46284],[11.20693,45.45987],[11.2087,45.46003],[11.20899,45.45924],[11.21085,45.45821],[11.21181,45.45716],[11.21356,45.45655],[11.21358,45.45557],[11.21487,45.45366],[11.21492,45.45191],[11.21568,45.44963],[11.21566,45.44766],[11.21576,45.44564],[11.21644,45.44346],[11.21646,45.442],[11.21836,45.44213],[11.21963,45.44165],[11.2203,45.4388],[11.22159,45.43813],[11.22113,45.43567],[11.22388,45.43538],[11.22511,45.43653],[11.22551,45.438],[11.22711,45.43847],[11.22605,45.44086],[11.22451,45.44191],[11.22233,45.44259],[11.2212,45.44395],[11.22033,45.44629],[11.2202,45.44832],[11.21821,45.44847],[11.21778,45.45082],[11.21614,45.45407],[11.21731,45.45452],[11.21643,45.45644],[11.21885,45.45766],[11.2175,45.45907],[11.21969,45.4608],[11.22228,45.46198],[11.22524,45.46283],[11.22679,45.46466],[11.225,45.46494],[11.22622,45.46715],[11.22845,45.46866],[11.22905,45.47229],[11.22965,45.47413],[11.232,45.47483],[11.23414,45.47483],[11.23676,45.47346],[11.23908,45.47315],[11.24055,45.47221],[11.24086,45.4712],[11.24249,45.47161],[11.24378,45.47015],[11.24315,45.46979],[11.24431,45.46746],[11.24313,45.46654],[11.24419,45.46568],[11.24897,45.46601],[11.25014,45.46654],[11.25233,45.46639],[11.25285,45.46444],[11.25678,45.46494],[11.25925,45.46586],[11.26088,45.46502],[11.261,45.46322],[11.26186,45.46132],[11.26279,45.46249],[11.26568,45.46472],[11.26853,45.46526],[11.27171,45.46432],[11.27318,45.4642],[11.2778,45.46186],[11.28061,45.46143],[11.28118,45.4609],[11.28346,45.46043],[11.28448,45.45954],[11.28598,45.45929],[11.28706,45.45992],[11.29501,45.46141],[11.29618,45.46045],[11.29857,45.45741],[11.30109,45.45491],[11.30224,45.45312],[11.30318,45.45026],[11.30409,45.44909],[11.3054,45.44933],[11.30593,45.44802],[11.30704,45.44811],[11.30841,45.44579],[11.31182,45.44257],[11.31077,45.442],[11.31169,45.44025],[11.31285,45.43902],[11.31329,45.43785],[11.31499,45.43784],[11.31887,45.43714],[11.31822,45.43597],[11.31942,45.43571],[11.31813,45.43285],[11.32115,45.43321],[11.32322,45.43193],[11.32511,45.42803],[11.32361,45.42659]]]},"properties":{"idApp":925010,"aopId":"lessini-durello","name":"Lessini Durello","nameJa":"レッシーニ・ドゥレッロ","kind":"village","tags":["doc"],"rank":1},"bbox":[11.11449,45.41625,11.51765,45.77855]},{"type":"Feature","geometry":{"type":"Polygon","coordinates":[[[11.32361,45.42659],[11.32584,45.42685],[11.32918,45.43028],[11.32971,45.43158],[11.33181,45.43376],[11.33324,45.43317],[11.33595,45.43016],[11.33564,45.42836],[11.33496,45.42802],[11.33551,45.42588],[11.33739,45.4267],[11.33875,45.42503],[11.3404,45.42126],[11.33952,45.41835],[11.33834,45.41791],[11.33848,45.4167],[11.34102,45.4171],[11.34132,45.41625],[11.34475,45.41696],[11.3453,45.41781],[11.34381,45.41898],[11.34314,45.42016],[11.34485,45.42075],[11.34423,45.42198],[11.34532,45.42261],[11.34346,45.42447],[11.34509,45.42514],[11.34563,45.42688],[11.34887,45.42846],[11.34963,45.42772],[11.35301,45.42973],[11.35521,45.43064],[11.35696,45.43211],[11.35757,45.43205],[11.35937,45.43356],[11.36268,45.43572],[11.36477,45.43421],[11.36707,45.43399],[11.3684,45.43281],[11.37303,45.43676],[11.3734,45.43639],[11.37638,45.4382],[11.37789,45.4378],[11.379,45.43578],[11.38059,45.43625],[11.38123,45.43487],[11.3834,45.43539],[11.38336,45.43642],[11.38557,45.43865],[11.3875,45.43997],[11.38925,45.44068],[11.38881,45.44159],[11.39166,45.44216],[11.39555,45.44525],[11.3981,45.44614],[11.39909,45.4425],[11.40012,45.44073],[11.4022,45.44177],[11.40419,45.44193],[11.40116,45.44505],[11.40318,45.44465],[11.40699,45.44504],[11.41017,45.44387],[11.41127,45.4438],[11.41083,45.44584],[11.41096,45.4474],[11.40965,45.44873],[11.41179,45.4492],[11.41162,45.44994],[11.41424,45.44974],[11.41564,45.45082],[11.41539,45.45419],[11.41684,45.45553],[11.41439,45.45747],[11.4144,45.45825],[11.41685,45.45983],[11.41576,45.46049],[11.41899,45.46309],[11.41707,45.4648],[11.41528,45.46571],[11.4118,45.46856],[11.41331,45.46936],[11.4133,45.47019],[11.41613,45.47161],[11.41775,45.47156],[11.41941,45.46988],[11.4213,45.47105],[11.422,45.47028],[11.42427,45.47179],[11.4221,45.47351],[11.42614,45.4763],[11.42173,45.48018],[11.42694,45.48305],[11.42853,45.48429],[11.43192,45.48572],[11.43413,45.48387],[11.43922,45.4911],[11.44157,45.49098],[11.44429,45.49016],[11.44703,45.48965],[11.44761,45.48899],[11.4497,45.48858],[11.45136,45.48918],[11.45161,45.48818],[11.45344,45.48761],[11.45495,45.4876],[11.45584,45.48979],[11.45793,45.49077],[11.45773,45.49287],[11.45666,45.49391],[11.45434,45.49523],[11.45359,45.49614],[11.45207,45.49585],[11.45042,45.4967],[11.44981,45.49849],[11.44722,45.50076],[11.44474,45.50515],[11.44611,45.50562],[11.44416,45.50841],[11.44302,45.50745],[11.43962,45.51208],[11.43785,45.5118],[11.43523,45.51084],[11.43399,45.51249],[11.43273,45.51286],[11.43019,45.51481],[11.42967,45.51422],[11.42236,45.51883],[11.42469,45.5205],[11.42364,45.52136],[11.42194,45.52378],[11.42172,45.52481],[11.41996,45.52617],[11.41788,45.52724],[11.41657,45.52873],[11.41444,45.53022],[11.41386,45.53151],[11.41164,45.53313],[11.412,45.53395],[11.41027,45.53617],[11.40759,45.53861],[11.40509,45.53977],[11.40657,45.54196],[11.40782,45.54475],[11.40664,45.54713],[11.4065,45.54871],[11.40775,45.54945],[11.41215,45.55134],[11.41767,45.55278],[11.41704,45.55557],[11.41776,45.55718],[11.41658,45.5595],[11.41766,45.56126],[11.41982,45.56231],[11.42078,45.56168],[11.42382,45.56183],[11.42477,45.56245],[11.42445,45.56429],[11.42345,45.56555],[11.4235,45.56804],[11.42532,45.56843],[11.42786,45.56953],[11.42892,45.571],[11.4309,45.57075],[11.43105,45.5695],[11.43294,45.56854],[11.43429,45.5672],[11.43655,45.56602],[11.43909,45.56403],[11.44099,45.56358],[11.44259,45.56261],[11.44321,45.56051],[11.44731,45.56049],[11.44773,45.56119],[11.44674,45.563],[11.44766,45.56869],[11.44891,45.56928],[11.44726,45.57085],[11.4469,45.57226],[11.44837,45.57498],[11.45151,45.57507],[11.45204,45.57605],[11.45386,45.57725],[11.45542,45.57975],[11.45765,45.57972],[11.4577,45.57913],[11.4595,45.57812],[11.46254,45.57749],[11.4643,45.57678],[11.46324,45.57537],[11.46078,45.57636],[11.46038,45.57528],[11.46079,45.57411],[11.45972,45.57344],[11.4618,45.57238],[11.46479,45.5713],[11.46776,45.56972],[11.47203,45.57056],[11.47492,45.57049],[11.4771,45.56933],[11.47848,45.56978],[11.47962,45.56825],[11.48092,45.56873],[11.48692,45.57009],[11.48705,45.56893],[11.49162,45.56947],[11.49143,45.57115],[11.49323,45.57179],[11.49488,45.57291],[11.49771,45.57283],[11.49882,45.57369],[11.49848,45.57504],[11.50158,45.57564],[11.5013,45.57664],[11.50379,45.57797],[11.50228,45.57988],[11.50399,45.58075],[11.50353,45.58184],[11.50156,45.5841],[11.50276,45.58498],[11.50385,45.58497],[11.50663,45.5869],[11.50758,45.58655],[11.50946,45.58714],[11.51068,45.58637],[11.5119,45.58724],[11.51664,45.58868],[11.51765,45.58921],[11.5173,45.59073],[11.51507,45.59209],[11.51301,45.59399],[11.51208,45.59542],[11.50996,45.59557],[11.50825,45.59727],[11.50701,45.59743],[11.50666,45.59856],[11.50534,45.59882],[11.5049,45.6],[11.50206,45.6018],[11.5011,45.60278],[11.49898,45.60288],[11.49687,45.60405],[11.49592,45.60351],[11.49388,45.60341],[11.49144,45.60861],[11.49172,45.60927],[11.48891,45.60992],[11.48855,45.61097],[11.48649,45.61214],[11.48241,45.61666],[11.48545,45.61735],[11.48888,45.61755],[11.48979,45.61807],[11.48736,45.6199],[11.48608,45.62293],[11.48844,45.62298],[11.48776,45.62588],[11.4879,45.62765],[11.48925,45.6279],[11.48733,45.6324],[11.48956,45.63328],[11.48837,45.63394],[11.48571,45.6381],[11.48372,45.63984],[11.48075,45.63941],[11.47937,45.63949],[11.47673,45.64052],[11.47275,45.64356],[11.46859,45.64613],[11.46415,45.6476],[11.46288,45.64822],[11.45904,45.65225],[11.45723,45.65448],[11.45428,45.65647],[11.45383,45.65725],[11.45206,45.6584],[11.45631,45.65996],[11.46114,45.66124],[11.46394,45.66269],[11.47186,45.66499],[11.47313,45.66517],[11.47856,45.66739],[11.47909,45.66811],[11.47815,45.66941],[11.4761,45.67451],[11.47648,45.67559],[11.47443,45.6786],[11.47173,45.6771],[11.47069,45.67621],[11.46559,45.68138],[11.4636,45.68359],[11.46096,45.68256],[11.45747,45.68675],[11.45839,45.68797],[11.45604,45.69204],[11.45545,45.69405],[11.45527,45.69908],[11.45604,45.70127],[11.45528,45.70227],[11.45205,45.70029],[11.44934,45.70284],[11.44797,45.7022],[11.44609,45.70387],[11.44725,45.70466],[11.44498,45.7061],[11.44405,45.70731],[11.44464,45.70795],[11.44237,45.70902],[11.43868,45.71183],[11.4409,45.71331],[11.43622,45.71296],[11.43473,45.71332],[11.43279,45.71532],[11.4325,45.7164],[11.4302,45.71803],[11.42927,45.71774],[11.42758,45.71975],[11.42559,45.72007],[11.42545,45.72243],[11.42598,45.72449],[11.42061,45.72581],[11.42075,45.72534],[11.41302,45.72322],[11.40939,45.72208],[11.40365,45.72068],[11.40144,45.72369],[11.39657,45.72207],[11.3957,45.72335],[11.39075,45.72277],[11.38727,45.72274],[11.38748,45.72429],[11.38509,45.72371],[11.38254,45.72383],[11.38262,45.72501],[11.37774,45.7291],[11.37463,45.72691],[11.37374,45.72696],[11.37257,45.72869],[11.37233,45.73209],[11.37186,45.73374],[11.36931,45.73331],[11.368,45.73413],[11.36694,45.73316],[11.36544,45.73293],[11.36446,45.73402],[11.36498,45.73503],[11.36374,45.73594],[11.3637,45.73722],[11.36181,45.73657],[11.3605,45.73917],[11.36101,45.73973],[11.3639,45.74016],[11.3649,45.74084],[11.36703,45.74111],[11.36589,45.74267],[11.36578,45.74449],[11.36467,45.74631],[11.36366,45.74706],[11.36357,45.74816],[11.36193,45.75016],[11.36583,45.75256],[11.36699,45.75189],[11.37015,45.75237],[11.37085,45.75095],[11.37197,45.7501],[11.37258,45.74862],[11.37242,45.74651],[11.3716,45.74486],[11.37178,45.74335],[11.37348,45.74385],[11.37675,45.74549],[11.38004,45.74533],[11.38314,45.74681],[11.38501,45.74831],[11.38634,45.7504],[11.38848,45.75051],[11.38946,45.75365],[11.38877,45.75661],[11.38738,45.7582],[11.38982,45.75937],[11.38989,45.76071],[11.38736,45.76117],[11.38515,45.76124],[11.38248,45.76237],[11.37973,45.76264],[11.37812,45.76357],[11.37737,45.76501],[11.37289,45.76518],[11.37079,45.76741],[11.36871,45.76706],[11.36566,45.7673],[11.36171,45.76832],[11.35743,45.77002],[11.35208,45.77124],[11.34829,45.77079],[11.34554,45.77165],[11.34323,45.77274],[11.33973,45.77307],[11.33796,45.77394],[11.33736,45.77507],[11.33584,45.77649],[11.33369,45.77733],[11.33094,45.77778],[11.329,45.77855],[11.32712,45.77783],[11.32294,45.77726],[11.32154,45.77793],[11.31916,45.77828],[11.31499,45.77635],[11.31411,45.7745],[11.31201,45.77274],[11.30901,45.77248],[11.30752,45.77317],[11.30289,45.77394],[11.30243,45.77273],[11.30306,45.77134],[11.29963,45.77063],[11.29844,45.77133],[11.29521,45.77166],[11.29573,45.77072],[11.29299,45.76335],[11.29295,45.76206],[11.29165,45.75971],[11.29168,45.75824],[11.29102,45.75759],[11.28803,45.7562],[11.28748,45.7546],[11.2896,45.75405],[11.29154,45.75302],[11.29331,45.75008],[11.29666,45.74771],[11.29686,45.7461],[11.29487,45.74321],[11.29555,45.74162],[11.29442,45.73974],[11.29657,45.73742],[11.29784,45.73542],[11.29771,45.73388],[11.29918,45.73274],[11.30133,45.73035],[11.30594,45.72892],[11.30769,45.72935],[11.31139,45.72897],[11.31429,45.72704],[11.31902,45.72584],[11.31959,45.7252],[11.3224,45.72394],[11.32644,45.71972],[11.32726,45.71808],[11.32974,45.71765],[11.33146,45.71615],[11.33119,45.71333],[11.33454,45.71237],[11.33312,45.71013],[11.33061,45.70836],[11.32961,45.70675],[11.32642,45.7049],[11.32555,45.70345],[11.32627,45.70104],[11.32508,45.69901],[11.32216,45.69656],[11.32181,45.69517],[11.31962,45.69583],[11.31764,45.69451],[11.30956,45.69344],[11.3084,45.69368],[11.30599,45.69145],[11.30342,45.69041],[11.30198,45.69051],[11.30259,45.68796],[11.30664,45.68493],[11.3098,45.68389],[11.31068,45.68218],[11.31226,45.68156],[11.31494,45.68144],[11.31691,45.67966],[11.31661,45.67835],[11.31753,45.67692],[11.32002,45.67602],[11.32129,45.67428],[11.32324,45.67254],[11.32547,45.67203],[11.32637,45.67016],[11.32691,45.66635],[11.32761,45.66428],[11.32878,45.66207],[11.3302,45.66057],[11.33133,45.65625],[11.32929,45.65375],[11.32887,45.65237],[11.32941,45.65157],[11.33174,45.6507],[11.33012,45.64957],[11.32978,45.64799],[11.32704,45.64672],[11.32581,45.64503],[11.32479,45.64282],[11.3236,45.64137],[11.32326,45.6399],[11.32179,45.63872],[11.32099,45.63705],[11.31988,45.63686],[11.31538,45.63738],[11.31375,45.63694],[11.31316,45.63608],[11.31287,45.63401],[11.31159,45.63171],[11.30782,45.63104],[11.30975,45.62764],[11.31064,45.62538],[11.31256,45.62415],[11.31484,45.62206],[11.31647,45.62015],[11.31826,45.61921],[11.31862,45.61823],[11.3209,45.61601],[11.31969,45.61502],[11.31621,45.61365],[11.31427,45.6119],[11.31432,45.60988],[11.31335,45.60946],[11.31224,45.60664],[11.31427,45.60538],[11.31443,45.60439],[11.3122,45.60177],[11.30915,45.60106],[11.30715,45.60119],[11.30563,45.59983],[11.30318,45.59989],[11.29987,45.60235],[11.29736,45.60169],[11.29466,45.6001],[11.29024,45.59908],[11.28754,45.59936],[11.28526,45.59866],[11.28207,45.59845],[11.2809,45.59748],[11.27869,45.59816],[11.27797,45.5978],[11.27436,45.59741],[11.27211,45.59579],[11.26972,45.59549],[11.2682,45.59439],[11.27007,45.59321],[11.26965,45.59074],[11.2673,45.58866],[11.26699,45.58741],[11.26818,45.58639],[11.26865,45.5853],[11.27113,45.58527],[11.27073,45.5841],[11.26808,45.58327],[11.26559,45.58152],[11.26492,45.58009],[11.26061,45.57642],[11.25993,45.578],[11.25833,45.57957],[11.25528,45.57953],[11.25377,45.5786],[11.25174,45.57848],[11.24884,45.57739],[11.24652,45.57729],[11.2453,45.57837],[11.2458,45.57995],[11.245,45.58096],[11.24464,45.58273],[11.24242,45.58323],[11.24364,45.58579],[11.24462,45.58644],[11.24365,45.58794],[11.24171,45.58761],[11.24042,45.58815],[11.23879,45.58795],[11.23885,45.59044],[11.23737,45.59034],[11.23566,45.59109],[11.23403,45.59115],[11.23237,45.59037],[11.23251,45.59246],[11.23495,45.59324],[11.23513,45.5939],[11.23294,45.59465],[11.22982,45.59485],[11.23072,45.59591],[11.23429,45.59604],[11.23612,45.59888],[11.23548,45.60054],[11.22972,45.60199],[11.22872,45.60198],[11.2256,45.60104],[11.22218,45.60115],[11.22112,45.60285],[11.21984,45.60299],[11.21831,45.60386],[11.21779,45.60649],[11.21811,45.6077],[11.21627,45.60923],[11.21654,45.61131],[11.21586,45.61258],[11.21368,45.6125],[11.21304,45.61317],[11.21399,45.6152],[11.21324,45.61675],[11.21204,45.61769],[11.21313,45.61982],[11.21236,45.62107],[11.21298,45.6232],[11.21451,45.62349],[11.21434,45.62519],[11.21213,45.62606],[11.20942,45.62576],[11.20592,45.62661],[11.20268,45.62604],[11.20219,45.62405],[11.20002,45.62291],[11.19715,45.62233],[11.19579,45.62114],[11.19294,45.62002],[11.19262,45.61768],[11.1934,45.61629],[11.19123,45.61364],[11.19234,45.61203],[11.19215,45.61096],[11.19439,45.60962],[11.19495,45.60793],[11.19604,45.60793],[11.19685,45.6066],[11.1973,45.60367],[11.19775,45.60273],[11.19689,45.6006],[11.19636,45.59771],[11.19713,45.59641],[11.19681,45.59411],[11.19233,45.5926],[11.18877,45.59282],[11.18635,45.59138],[11.18471,45.59117],[11.18366,45.59179],[11.18351,45.59348],[11.18289,45.59437],[11.18123,45.59523],[11.17915,45.5953],[11.17827,45.59601],[11.17549,45.59669],[11.17421,45.59742],[11.17202,45.59746],[11.17001,45.59881],[11.17051,45.5999],[11.16796,45.60084],[11.16379,45.60169],[11.16192,45.60117],[11.15944,45.60247],[11.1576,45.60433],[11.15566,45.60466],[11.15278,45.60433],[11.15003,45.60361],[11.14776,45.60365],[11.14682,45.60267],[11.14397,45.60234],[11.1419,45.60393],[11.13816,45.60327],[11.13586,45.60398],[11.13399,45.60283],[11.13452,45.60167],[11.13315,45.60015],[11.13332,45.59596],[11.13442,45.5949],[11.1331,45.59339],[11.13112,45.59281],[11.13178,45.59202],[11.13102,45.59121],[11.13248,45.59018],[11.13262,45.58777],[11.13079,45.58628],[11.13194,45.58574],[11.13123,45.5841],[11.13111,45.58224],[11.12997,45.58213],[11.12865,45.58317],[11.12803,45.58203],[11.12509,45.57921],[11.12396,45.57464],[11.12256,45.57433],[11.12048,45.57243],[11.12027,45.57131],[11.11819,45.56872],[11.1184,45.5651],[11.11949,45.56283],[11.11894,45.56057],[11.11784,45.55943],[11.11864,45.5568],[11.11943,45.55585],[11.11824,45.5537],[11.12017,45.55186],[11.12154,45.54916],[11.12198,45.54683],[11.12407,45.54507],[11.12735,45.54365],[11.12852,45.54228],[11.12847,45.53994],[11.12748,45.53885],[11.12768,45.53803],[11.1257,45.53456],[11.12497,45.53455],[11.12244,45.53301],[11.12188,45.53195],[11.11748,45.53014],[11.11661,45.5287],[11.11449,45.52751],[11.11561,45.5267],[11.11723,45.52408],[11.11792,45.52035],[11.11847,45.51904],[11.12019,45.51767],[11.1204,45.51563],[11.12339,45.5136],[11.12437,45.51148],[11.12557,45.5099],[11.12565,45.50879],[11.12892,45.50848],[11.13067,45.50729],[11.13208,45.50746],[11.13306,45.50909],[11.13591,45.50914],[11.13646,45.51026],[11.13788,45.51113],[11.13985,45.51159],[11.14182,45.51326],[11.14389,45.51334],[11.14541,45.51215],[11.14665,45.50928],[11.14704,45.5076],[11.14613,45.50663],[11.14593,45.50485],[11.14717,45.50301],[11.14549,45.49964],[11.14522,45.49657],[11.14844,45.49679],[11.15048,45.49592],[11.15252,45.49552],[11.15622,45.4956],[11.15988,45.49421],[11.16346,45.49363],[11.16777,45.49384],[11.16787,45.49509],[11.17363,45.49604],[11.17461,45.49704],[11.17776,45.49698],[11.18116,45.49752],[11.18573,45.49715],[11.18795,45.49829],[11.1886,45.49915],[11.18828,45.50214],[11.18773,45.50399],[11.18832,45.50497],[11.19083,45.50519],[11.19193,45.50563],[11.1948,45.50564],[11.1956,45.50573],[11.19734,45.50372],[11.19701,45.49992],[11.1984,45.49593],[11.19939,45.49394],[11.19804,45.49206],[11.19739,45.48895],[11.19541,45.48841],[11.19543,45.48646],[11.19471,45.48492],[11.1943,45.48253],[11.19518,45.48039],[11.19505,45.47948],[11.19382,45.47854],[11.19716,45.47516],[11.19866,45.47282],[11.19889,45.47158],[11.2061,45.46725],[11.20538,45.46448],[11.20555,45.46284],[11.20693,45.45987],[11.2087,45.46003],[11.20899,45.45924],[11.21085,45.45821],[11.21181,45.45716],[11.21356,45.45655],[11.21358,45.45557],[11.21487,45.45366],[11.21492,45.45191],[11.21568,45.44963],[11.21566,45.44766],[11.21576,45.44564],[11.21644,45.44346],[11.21646,45.442],[11.21836,45.44213],[11.21963,45.44165],[11.2203,45.4388],[11.22159,45.43813],[11.22113,45.43567],[11.22388,45.43538],[11.22511,45.43653],[11.22551,45.438],[11.22711,45.43847],[11.22605,45.44086],[11.22451,45.44191],[11.22233,45.44259],[11.2212,45.44395],[11.22033,45.44629],[11.2202,45.44832],[11.21821,45.44847],[11.21778,45.45082],[11.21614,45.45407],[11.21731,45.45452],[11.21643,45.45644],[11.21885,45.45766],[11.2175,45.45907],[11.21969,45.4608],[11.22228,45.46198],[11.22524,45.46283],[11.22679,45.46466],[11.225,45.46494],[11.22622,45.46715],[11.22845,45.46866],[11.22905,45.47229],[11.22965,45.47413],[11.232,45.47483],[11.23414,45.47483],[11.23676,45.47346],[11.23908,45.47315],[11.24055,45.47221],[11.24086,45.4712],[11.24249,45.47161],[11.24378,45.47015],[11.24315,45.46979],[11.24431,45.46746],[11.24313,45.46654],[11.24419,45.46568],[11.24897,45.46601],[11.25014,45.46654],[11.25233,45.46639],[11.25285,45.46444],[11.25678,45.46494],[11.25925,45.46586],[11.26088,45.46502],[11.261,45.46322],[11.26186,45.46132],[11.26279,45.46249],[11.26568,45.46472],[11.26853,45.46526],[11.27171,45.46432],[11.27318,45.4642],[11.2778,45.46186],[11.28061,45.46143],[11.28118,45.4609],[11.28346,45.46043],[11.28448,45.45954],[11.28598,45.45929],[11.28706,45.45992],[11.29501,45.46141],[11.29618,45.46045],[11.29857,45.45741],[11.30109,45.45491],[11.30224,45.45312],[11.30318,45.45026],[11.30409,45.44909],[11.3054,45.44933],[11.30593,45.44802],[11.30704,45.44811],[11.30841,45.44579],[11.31182,45.44257],[11.31077,45.442],[11.31169,45.44025],[11.31285,45.43902],[11.31329,45.43785],[11.31499,45.43784],[11.31887,45.43714],[11.31822,45.43597],[11.31942,45.43571],[11.31813,45.43285],[11.32115,45.43321],[11.32322,45.43193],[11.32511,45.42803],[11.32361,45.42659]]]},"properties":{"idApp":925011,"aopId":"monti-lessini","name":"Monti Lessini","nameJa":"モンティ・レッシーニ","kind":"village","tags":["doc"],"rank":1},"bbox":[11.11449,45.41625,11.51765,45.77855]},{"type":"Feature","geometry":{"type":"Polygon","coordinates":[[[12.17867,45.85103],[12.19035,45.84286],[12.20207,45.8351],[12.20539,45.83215],[12.2065,45.83061],[12.20942,45.8277],[12.21221,45.82555],[12.22073,45.82313],[12.22449,45.82259],[12.22911,45.82238],[12.23512,45.81997],[12.2419,45.81745],[12.24711,45.81642],[12.25209,45.81372],[12.25356,45.81535],[12.26472,45.81182],[12.27971,45.80732],[12.28047,45.80739],[12.27817,45.81184],[12.27748,45.81441],[12.27933,45.81918],[12.28292,45.81921],[12.28154,45.82228],[12.27828,45.82537],[12.27811,45.83057],[12.27826,45.83408],[12.27785,45.83549],[12.27624,45.83618],[12.27047,45.83644],[12.27003,45.83877],[12.26823,45.84127],[12.26584,45.84411],[12.26415,45.84742],[12.2643,45.84808],[12.26597,45.84897],[12.27062,45.85998],[12.27273,45.86466],[12.27347,45.86507],[12.27654,45.86493],[12.28021,45.8664],[12.28244,45.86601],[12.28482,45.86637],[12.28813,45.8662],[12.29075,45.86718],[12.2927,45.8668],[12.29415,45.86726],[12.29632,45.86676],[12.2998,45.86685],[12.30144,45.86723],[12.30426,45.8645],[12.30689,45.86399],[12.3089,45.86432],[12.31807,45.86189],[12.3199,45.86208],[12.32289,45.86164],[12.32706,45.86016],[12.3288,45.8607],[12.32993,45.86175],[12.33126,45.86183],[12.33305,45.86465],[12.33189,45.8657],[12.33291,45.86653],[12.33228,45.86748],[12.33037,45.86867],[12.32759,45.86953],[12.32596,45.87074],[12.32803,45.87238],[12.33159,45.86967],[12.33624,45.86971],[12.33779,45.86776],[12.34087,45.86581],[12.34173,45.86468],[12.34365,45.86414],[12.34789,45.86177],[12.35028,45.86088],[12.35302,45.86033],[12.3542,45.85966],[12.3565,45.85942],[12.35898,45.85971],[12.36024,45.86111],[12.36332,45.85975],[12.36686,45.85958],[12.36866,45.86137],[12.37058,45.86155],[12.3708,45.86261],[12.3719,45.86402],[12.37177,45.86527],[12.37247,45.86616],[12.374,45.8643],[12.37557,45.86657],[12.37565,45.86786],[12.3718,45.86999],[12.373,45.87131],[12.37496,45.87203],[12.37706,45.87193],[12.37819,45.87262],[12.38241,45.87271],[12.38554,45.8718],[12.38582,45.87259],[12.38768,45.87327],[12.38933,45.87437],[12.39305,45.87406],[12.39654,45.87329],[12.40471,45.87074],[12.4104,45.86867],[12.40978,45.87082],[12.41113,45.87082],[12.41038,45.87244],[12.41182,45.87369],[12.41182,45.87681],[12.40722,45.88021],[12.4065,45.87951],[12.40161,45.88351],[12.40074,45.8846],[12.39791,45.88559],[12.39651,45.88645],[12.39633,45.8888],[12.39366,45.8907],[12.39211,45.89218],[12.38879,45.89322],[12.38885,45.89429],[12.39031,45.89689],[12.38943,45.8974],[12.38872,45.89937],[12.39078,45.90098],[12.38968,45.90212],[12.38819,45.9027],[12.38715,45.90394],[12.38458,45.90527],[12.38494,45.90591],[12.38173,45.90748],[12.38037,45.90851],[12.38086,45.90941],[12.37915,45.91062],[12.37864,45.91152],[12.37941,45.91243],[12.37652,45.91408],[12.37495,45.91532],[12.37393,45.91476],[12.3721,45.91629],[12.37444,45.91746],[12.37459,45.91828],[12.37238,45.91989],[12.37153,45.91967],[12.37057,45.92098],[12.37564,45.92125],[12.37546,45.92298],[12.37614,45.92421],[12.37543,45.92555],[12.37739,45.92609],[12.37567,45.93076],[12.38013,45.93209],[12.38461,45.93363],[12.39112,45.93703],[12.39581,45.93649],[12.39943,45.93553],[12.40242,45.93506],[12.40379,45.93572],[12.4087,45.93903],[12.41095,45.94128],[12.41187,45.94047],[12.41279,45.93845],[12.41419,45.93966],[12.41713,45.9377],[12.41861,45.93796],[12.42008,45.93701],[12.42261,45.93747],[12.4267,45.93944],[12.42903,45.93982],[12.43388,45.93963],[12.44136,45.93751],[12.44447,45.9352],[12.44531,45.93341],[12.44731,45.93187],[12.44721,45.92948],[12.44997,45.92776],[12.4548,45.92398],[12.45877,45.92277],[12.45817,45.92071],[12.45934,45.91795],[12.46054,45.91681],[12.46429,45.91538],[12.46713,45.91476],[12.47084,45.91294],[12.47378,45.91292],[12.4773,45.91724],[12.48292,45.9219],[12.48636,45.9258],[12.48485,45.92544],[12.48268,45.9257],[12.4809,45.92661],[12.47959,45.92628],[12.47792,45.92753],[12.47471,45.92848],[12.4719,45.93003],[12.46941,45.93192],[12.46767,45.93168],[12.46662,45.93252],[12.46443,45.93287],[12.46272,45.93362],[12.46404,45.93598],[12.4636,45.93771],[12.46509,45.93952],[12.46433,45.94151],[12.46326,45.94185],[12.45983,45.94182],[12.45825,45.94263],[12.45663,45.94229],[12.45572,45.94395],[12.45611,45.94488],[12.45571,45.9461],[12.45427,45.94712],[12.45294,45.94715],[12.45131,45.94571],[12.45052,45.94433],[12.44586,45.94714],[12.44411,45.94768],[12.4419,45.94668],[12.43759,45.94549],[12.43478,45.94526],[12.43226,45.94551],[12.43031,45.94638],[12.42801,45.94648],[12.42573,45.94763],[12.42596,45.95174],[12.42491,45.95242],[12.42367,45.95407],[12.42312,45.95559],[12.42233,45.956],[12.42375,45.95847],[12.42364,45.96136],[12.42456,45.96386],[12.42535,45.96477],[12.42498,45.96577],[12.42712,45.96778],[12.42607,45.96977],[12.42676,45.97284],[12.42613,45.97637],[12.42595,45.97973],[12.42681,45.98113],[12.42674,45.98223],[12.42727,45.9857],[12.42801,45.98769],[12.42679,45.98862],[12.42773,45.9892],[12.42845,45.99333],[12.42821,45.99577],[12.42502,45.99757],[12.42375,45.99889],[12.42372,46.00079],[12.42141,46.00496],[12.41986,46.00711],[12.4187,46.00792],[12.41891,46.00911],[12.41798,46.01189],[12.41784,46.01402],[12.41865,46.01559],[12.41496,46.01999],[12.41641,46.02194],[12.41598,46.02375],[12.41508,46.02526],[12.4153,46.02687],[12.41446,46.02801],[12.41137,46.03063],[12.41037,46.03234],[12.40888,46.03384],[12.40604,46.03521],[12.40211,46.0383],[12.399,46.04143],[12.40053,46.042],[12.40399,46.04524],[12.403,46.04614],[12.40296,46.04792],[12.40149,46.0505],[12.40162,46.05452],[12.4004,46.05855],[12.39953,46.06244],[12.39473,46.06252],[12.39245,46.063],[12.3909,46.06242],[12.38614,46.06293],[12.38849,46.06449],[12.38931,46.06774],[12.39151,46.07135],[12.38891,46.07192],[12.38599,46.07197],[12.38246,46.07295],[12.38051,46.07161],[12.3773,46.07148],[12.37621,46.0757],[12.37082,46.07603],[12.36985,46.07477],[12.36813,46.07615],[12.36632,46.07629],[12.36526,46.07363],[12.36462,46.07299],[12.3619,46.07161],[12.35683,46.07456],[12.35223,46.07753],[12.34856,46.0792],[12.34609,46.07911],[12.34241,46.07789],[12.34077,46.07773],[12.33717,46.07926],[12.33422,46.08007],[12.33186,46.08131],[12.33039,46.08256],[12.32853,46.08207],[12.32512,46.08192],[12.32243,46.08225],[12.31523,46.08076],[12.3128,46.08001],[12.30953,46.07788],[12.30649,46.07695],[12.3028,46.07635],[12.30094,46.07411],[12.29783,46.07105],[12.29614,46.06834],[12.29286,46.06463],[12.29073,46.06146],[12.28759,46.0595],[12.28456,46.05728],[12.28263,46.05651],[12.28261,46.05418],[12.2807,46.05165],[12.28068,46.04937],[12.27945,46.04812],[12.27595,46.04593],[12.27257,46.04259],[12.2716,46.04214],[12.2682,46.04145],[12.26366,46.03956],[12.26085,46.03875],[12.26012,46.03694],[12.25778,46.03703],[12.25492,46.03648],[12.25305,46.03397],[12.2532,46.03205],[12.2543,46.02949],[12.25454,46.02797],[12.25271,46.0273],[12.25098,46.02775],[12.24814,46.0286],[12.24733,46.02565],[12.24687,46.02523],[12.24352,46.02532],[12.24157,46.0248],[12.23992,46.02485],[12.23784,46.02202],[12.23627,46.02049],[12.23517,46.01886],[12.23166,46.01745],[12.23045,46.01552],[12.22859,46.01426],[12.22619,46.01312],[12.22477,46.01408],[12.22172,46.01407],[12.21683,46.01269],[12.21213,46.01044],[12.20952,46.00964],[12.20536,46.00885],[12.20207,46.0074],[12.19616,46.0061],[12.1916,46.00458],[12.19089,46.00462],[12.19102,46.00574],[12.1887,46.00882],[12.18633,46.00982],[12.18449,46.01111],[12.18171,46.01187],[12.1786,46.01403],[12.17621,46.01421],[12.17329,46.01381],[12.16688,46.01357],[12.16791,46.0087],[12.16924,46.00694],[12.16923,46.00582],[12.16358,46.00462],[12.15562,46.00365],[12.15514,46.00082],[12.15279,46.00179],[12.14929,46.00177],[12.14722,46.00278],[12.14567,46.00284],[12.14289,46.00134],[12.13938,45.99984],[12.13763,46.00087],[12.13181,46.00126],[12.12769,46.00183],[12.12658,46.00227],[12.12315,46.00264],[12.121,46.00389],[12.11878,46.00347],[12.11245,46.00344],[12.10979,46.00281],[12.10659,46.00001],[12.10326,45.99765],[12.10334,45.99647],[12.10459,45.9951],[12.10538,45.99262],[12.10393,45.99092],[12.10333,45.98898],[12.10155,45.98708],[12.09818,45.98503],[12.09594,45.98428],[12.09412,45.98199],[12.07817,45.97651],[12.07643,45.97608],[12.07789,45.97435],[12.07867,45.97284],[12.07707,45.97222],[12.0702,45.96732],[12.06694,45.96546],[12.06293,45.9637],[12.06193,45.96151],[12.06078,45.9608],[12.05933,45.96207],[12.05477,45.96464],[12.05286,45.96511],[12.05083,45.96383],[12.04937,45.9612],[12.03792,45.95698],[12.03915,45.95678],[12.04095,45.95289],[12.04127,45.95167],[12.04377,45.94872],[12.04129,45.94721],[12.04511,45.94557],[12.04659,45.9434],[12.04953,45.93993],[12.04989,45.93796],[12.05286,45.93499],[12.05341,45.93326],[12.05465,45.93133],[12.05746,45.93003],[12.05908,45.9289],[12.06123,45.92658],[12.06494,45.92569],[12.06633,45.92432],[12.06917,45.92308],[12.07011,45.92098],[12.07054,45.91862],[12.07441,45.91639],[12.07694,45.91392],[12.07697,45.9109],[12.07605,45.90982],[12.0756,45.90821],[12.07633,45.9069],[12.07614,45.90592],[12.07785,45.90503],[12.07135,45.90147],[12.06836,45.90025],[12.06527,45.89995],[12.06281,45.90142],[12.06217,45.9003],[12.0627,45.89858],[12.06386,45.89772],[12.06347,45.89694],[12.06003,45.89525],[12.05574,45.89396],[12.05242,45.89392],[12.05144,45.89494],[12.04987,45.89333],[12.04682,45.89215],[12.04358,45.89208],[12.04233,45.89124],[12.03929,45.8925],[12.03529,45.89179],[12.03511,45.88966],[12.03449,45.88842],[12.03476,45.88669],[12.03373,45.88622],[12.03205,45.88317],[12.02992,45.88164],[12.0285,45.88007],[12.02875,45.87934],[12.03159,45.87752],[12.0309,45.87662],[12.03498,45.87559],[12.03457,45.87477],[12.03536,45.87261],[12.03481,45.87179],[12.03492,45.86977],[12.03328,45.86832],[12.03215,45.86668],[12.03064,45.86622],[12.03091,45.86327],[12.02862,45.86279],[12.02795,45.86223],[12.02736,45.86037],[12.02763,45.85895],[12.03183,45.85767],[12.03443,45.85655],[12.03504,45.85548],[12.03513,45.85372],[12.03673,45.84577],[12.03672,45.84529],[12.05865,45.85308],[12.07078,45.85199],[12.07578,45.85195],[12.07534,45.85496],[12.07434,45.85559],[12.07339,45.85834],[12.07217,45.86049],[12.07079,45.86394],[12.06917,45.86734],[12.06791,45.86844],[12.06546,45.86889],[12.06446,45.87064],[12.06697,45.87152],[12.0671,45.87277],[12.06916,45.87498],[12.06803,45.87624],[12.06674,45.87651],[12.0638,45.87848],[12.06408,45.87952],[12.06547,45.88041],[12.06754,45.88286],[12.0681,45.88132],[12.07191,45.88341],[12.0734,45.88175],[12.07494,45.88172],[12.07582,45.88068],[12.07792,45.88138],[12.07922,45.88059],[12.08147,45.88043],[12.0822,45.88108],[12.08368,45.87928],[12.08497,45.87971],[12.08675,45.87886],[12.08745,45.87789],[12.09229,45.87713],[12.09805,45.87779],[12.09743,45.88098],[12.0981,45.8813],[12.1005,45.88042],[12.10711,45.87854],[12.10683,45.88004],[12.10796,45.88031],[12.10733,45.88246],[12.10934,45.88279],[12.11191,45.88423],[12.11184,45.88619],[12.11438,45.88599],[12.11518,45.88534],[12.12182,45.88595],[12.12352,45.88667],[12.12648,45.88694],[12.12911,45.88603],[12.12941,45.88745],[12.13238,45.88751],[12.13852,45.88555],[12.14514,45.88368],[12.14846,45.88576],[12.15063,45.88436],[12.15382,45.88275],[12.15685,45.88221],[12.15879,45.88107],[12.16356,45.87725],[12.16631,45.87623],[12.16776,45.87627],[12.16909,45.87693],[12.17266,45.87788],[12.17522,45.87892],[12.17698,45.88015],[12.17886,45.88086],[12.18029,45.88011],[12.18069,45.879],[12.18286,45.87703],[12.18405,45.87414],[12.18405,45.87195],[12.18194,45.86697],[12.18203,45.86513],[12.18286,45.86391],[12.18026,45.86237],[12.17967,45.86161],[12.18145,45.86077],[12.18233,45.85935],[12.18213,45.85845],[12.17867,45.85103]]]},"properties":{"idApp":925029,"aopId":"colli-di-conegliano","name":"Colli di Conegliano","nameJa":"コッリ・ディ・コネリアーノ","kind":"village","tags":["docg"],"rank":1},"bbox":[12.02736,45.80732,12.48636,46.08256]},{"type":"Feature","geometry":{"type":"Polygon","coordinates":[[[11.06958,45.38041],[11.07136,45.37804],[11.06902,45.37684],[11.06773,45.37492],[11.06555,45.37306],[11.06272,45.3729],[11.05744,45.37441],[11.05603,45.37388],[11.05289,45.37365],[11.05024,45.37409],[11.04761,45.37403],[11.0439,45.37113],[11.04094,45.37049],[11.04005,45.36957],[11.03792,45.36854],[11.04061,45.36493],[11.04109,45.36317],[11.0436,45.35965],[11.04687,45.35567],[11.04884,45.3537],[11.04982,45.35322],[11.05452,45.34847],[11.05855,45.34899],[11.06285,45.35004],[11.06522,45.34986],[11.06876,45.35005],[11.07402,45.35161],[11.07727,45.34926],[11.07828,45.34677],[11.08064,45.34367],[11.08093,45.34169],[11.08192,45.33982],[11.08561,45.33499],[11.08686,45.33663],[11.08873,45.3349],[11.09,45.33638],[11.0932,45.33521],[11.09466,45.33577],[11.09576,45.33717],[11.0993,45.34255],[11.10002,45.34331],[11.114,45.33916],[11.11496,45.33872],[11.12345,45.336],[11.12696,45.33505],[11.13194,45.3331],[11.15093,45.32702],[11.15815,45.32922],[11.16376,45.33068],[11.16574,45.33154],[11.17085,45.33262],[11.17317,45.33409],[11.17556,45.33781],[11.17829,45.34088],[11.17972,45.34204],[11.17824,45.34331],[11.17512,45.3442],[11.17409,45.34939],[11.17327,45.35107],[11.17356,45.35274],[11.17463,45.35306],[11.1758,45.35539],[11.17618,45.35753],[11.18076,45.35684],[11.18185,45.35645],[11.18424,45.35636],[11.18621,45.35744],[11.18752,45.35984],[11.18858,45.36115],[11.19047,45.36244],[11.19096,45.36398],[11.19019,45.36494],[11.1908,45.36667],[11.19383,45.36927],[11.19736,45.36801],[11.19996,45.36775],[11.20206,45.36789],[11.20477,45.3671],[11.21023,45.36469],[11.21584,45.36286],[11.22084,45.3621],[11.2234,45.36135],[11.22736,45.35958],[11.23069,45.35699],[11.2333,45.35325],[11.23456,45.35206],[11.23715,45.35124],[11.23983,45.35111],[11.24502,45.352],[11.24848,45.3523],[11.25068,45.352],[11.25312,45.35052],[11.25363,45.34955],[11.25318,45.3475],[11.25214,45.34604],[11.24673,45.34359],[11.24452,45.34219],[11.24412,45.3402],[11.24702,45.33837],[11.25338,45.33612],[11.25693,45.33425],[11.26658,45.32706],[11.26924,45.32226],[11.26827,45.32028],[11.26597,45.31809],[11.26259,45.3161],[11.26127,45.31449],[11.26085,45.31194],[11.26164,45.30897],[11.26266,45.30841],[11.26873,45.30709],[11.27045,45.30652],[11.27444,45.30429],[11.27588,45.30258],[11.27624,45.30127],[11.27513,45.29902],[11.27257,45.29807],[11.26738,45.29814],[11.26562,45.29783],[11.26157,45.29608],[11.25983,45.29431],[11.2599,45.29239],[11.26161,45.29049],[11.26676,45.28822],[11.26854,45.28579],[11.26818,45.28432],[11.26665,45.28266],[11.26512,45.28168],[11.2585,45.27819],[11.25464,45.27553],[11.25432,45.27355],[11.25532,45.27153],[11.25869,45.26985],[11.26019,45.26954],[11.26726,45.26914],[11.2704,45.26864],[11.27282,45.26795],[11.27546,45.26671],[11.27691,45.26524],[11.27812,45.26526],[11.28305,45.26642],[11.28527,45.2685],[11.28912,45.2697],[11.29129,45.26952],[11.29213,45.27167],[11.29334,45.27256],[11.2935,45.27394],[11.29455,45.27394],[11.29917,45.27577],[11.30101,45.27384],[11.3028,45.27361],[11.31067,45.27468],[11.31574,45.2751],[11.31511,45.27334],[11.32053,45.27252],[11.32502,45.27143],[11.32901,45.27017],[11.33201,45.2702],[11.33338,45.27064],[11.33795,45.2701],[11.33946,45.26931],[11.34324,45.26825],[11.34545,45.2682],[11.34783,45.2672],[11.35046,45.2668],[11.36026,45.26844],[11.36042,45.26996],[11.36225,45.27052],[11.3635,45.27148],[11.36488,45.27165],[11.36816,45.27284],[11.37162,45.27309],[11.37426,45.27301],[11.37821,45.27366],[11.38273,45.27344],[11.38666,45.27292],[11.38882,45.27181],[11.38957,45.27006],[11.39134,45.27105],[11.39288,45.27079],[11.39408,45.26924],[11.39567,45.26868],[11.39826,45.26682],[11.39908,45.26685],[11.40255,45.26552],[11.40283,45.2649],[11.40609,45.26322],[11.41127,45.26001],[11.41431,45.25848],[11.41755,45.25798],[11.42158,45.25568],[11.4233,45.25424],[11.42521,45.25428],[11.42705,45.25333],[11.42879,45.25508],[11.43053,45.25635],[11.43364,45.25712],[11.43651,45.25868],[11.44008,45.25877],[11.44222,45.25838],[11.4462,45.26027],[11.45069,45.26132],[11.45458,45.26062],[11.45839,45.26076],[11.46055,45.26134],[11.46411,45.26151],[11.46537,45.26252],[11.46704,45.26183],[11.47005,45.26139],[11.47387,45.26045],[11.47884,45.25847],[11.48146,45.25889],[11.48464,45.2619],[11.48705,45.26595],[11.48835,45.269],[11.48918,45.27357],[11.48636,45.27432],[11.48755,45.27688],[11.48977,45.28014],[11.49114,45.28266],[11.48948,45.28368],[11.48766,45.28569],[11.48555,45.28603],[11.48261,45.28595],[11.47705,45.28679],[11.46912,45.28876],[11.46695,45.28987],[11.46472,45.29183],[11.46267,45.29447],[11.45206,45.29871],[11.4425,45.30203],[11.44041,45.30288],[11.43823,45.30456],[11.43655,45.30525],[11.43509,45.30671],[11.43331,45.30735],[11.43254,45.30825],[11.4326,45.31031],[11.43207,45.31194],[11.4311,45.31218],[11.43145,45.31359],[11.43351,45.31613],[11.43438,45.31569],[11.43675,45.31606],[11.43761,45.31701],[11.44774,45.31531],[11.44841,45.31806],[11.44932,45.31976],[11.45105,45.31926],[11.45347,45.32264],[11.45265,45.32362],[11.45379,45.32522],[11.45806,45.32475],[11.45925,45.32499],[11.46226,45.32467],[11.4643,45.32371],[11.47118,45.32289],[11.47264,45.32339],[11.47468,45.32338],[11.47633,45.32294],[11.48089,45.32384],[11.48336,45.32308],[11.48605,45.32385],[11.4886,45.32536],[11.50127,45.32665],[11.50238,45.3266],[11.50664,45.32531],[11.50783,45.32609],[11.50976,45.32657],[11.5113,45.32636],[11.51158,45.32551],[11.51963,45.32303],[11.52,45.32247],[11.51942,45.31793],[11.52221,45.31484],[11.52375,45.3143],[11.52442,45.31574],[11.52654,45.31704],[11.52783,45.31744],[11.52869,45.31996],[11.52636,45.32055],[11.52678,45.32193],[11.52837,45.32189],[11.52736,45.32454],[11.53033,45.32527],[11.52849,45.32704],[11.52753,45.32685],[11.52696,45.32819],[11.52761,45.32996],[11.52902,45.33062],[11.52902,45.33216],[11.53023,45.33408],[11.53024,45.33526],[11.52778,45.33513],[11.52706,45.33837],[11.52427,45.33793],[11.52315,45.34184],[11.52587,45.34218],[11.5254,45.34459],[11.52724,45.34547],[11.52877,45.34803],[11.53188,45.34842],[11.53562,45.34761],[11.53714,45.34827],[11.53823,45.35057],[11.53916,45.35052],[11.54283,45.35126],[11.54379,45.35109],[11.56386,45.35234],[11.56367,45.35373],[11.56408,45.35759],[11.56319,45.3578],[11.56061,45.35737],[11.55801,45.36148],[11.55331,45.36236],[11.54802,45.36303],[11.54575,45.36359],[11.54028,45.36424],[11.53136,45.36639],[11.53141,45.36821],[11.53087,45.36956],[11.53157,45.3706],[11.52915,45.37082],[11.52762,45.37051],[11.52767,45.37219],[11.52522,45.3729],[11.52445,45.37258],[11.52259,45.37318],[11.51996,45.37472],[11.51789,45.3737],[11.51637,45.37402],[11.51429,45.37583],[11.51211,45.37858],[11.51106,45.37899],[11.51076,45.38029],[11.51135,45.38104],[11.50911,45.38154],[11.50643,45.38263],[11.50648,45.38377],[11.50379,45.38468],[11.49967,45.37979],[11.4992,45.37852],[11.49705,45.37673],[11.49587,45.37431],[11.49191,45.37366],[11.49122,45.37269],[11.48971,45.37245],[11.49097,45.37114],[11.49105,45.36959],[11.49364,45.36548],[11.49306,45.36409],[11.49164,45.36268],[11.49073,45.36058],[11.491,45.35881],[11.49279,45.35488],[11.49198,45.35416],[11.48895,45.35509],[11.48739,45.35723],[11.48597,45.35851],[11.48495,45.36377],[11.48312,45.36664],[11.48244,45.36854],[11.48247,45.36991],[11.47763,45.37014],[11.47348,45.36985],[11.47055,45.37038],[11.46733,45.36923],[11.46415,45.3694],[11.46371,45.37112],[11.46064,45.37074],[11.45849,45.37142],[11.45755,45.37002],[11.45451,45.36968],[11.45458,45.37046],[11.45287,45.37357],[11.45328,45.37527],[11.45145,45.37639],[11.45054,45.3774],[11.45206,45.38217],[11.45365,45.38203],[11.45571,45.38338],[11.45205,45.3868],[11.44995,45.38903],[11.45073,45.39053],[11.45205,45.39109],[11.45205,45.39209],[11.45313,45.39247],[11.45244,45.39408],[11.44982,45.3961],[11.44881,45.39775],[11.44751,45.39753],[11.44489,45.40136],[11.44322,45.40098],[11.44218,45.40291],[11.4429,45.40393],[11.43999,45.40535],[11.43661,45.40901],[11.43794,45.41011],[11.43969,45.41291],[11.44292,45.41379],[11.44316,45.41501],[11.4425,45.41624],[11.44413,45.41741],[11.44328,45.4192],[11.44467,45.41916],[11.44518,45.42139],[11.44731,45.42162],[11.44853,45.42238],[11.44776,45.42363],[11.44755,45.42741],[11.44786,45.42866],[11.44526,45.42946],[11.4431,45.43356],[11.44309,45.4361],[11.44163,45.43916],[11.44053,45.43997],[11.43946,45.43786],[11.43874,45.4374],[11.43529,45.43661],[11.43194,45.43449],[11.43038,45.43451],[11.43001,45.43628],[11.4337,45.43832],[11.43292,45.44],[11.43019,45.44142],[11.42846,45.44363],[11.42757,45.44561],[11.42795,45.44695],[11.42542,45.44831],[11.42053,45.45249],[11.41926,45.45242],[11.41539,45.45419],[11.41564,45.45082],[11.41424,45.44974],[11.41162,45.44994],[11.41179,45.4492],[11.40965,45.44873],[11.41096,45.4474],[11.41083,45.44584],[11.41127,45.4438],[11.41017,45.44387],[11.40699,45.44504],[11.40318,45.44465],[11.40116,45.44505],[11.40419,45.44193],[11.4022,45.44177],[11.40012,45.44073],[11.39909,45.4425],[11.3981,45.44614],[11.39555,45.44525],[11.39166,45.44216],[11.38881,45.44159],[11.38925,45.44068],[11.3875,45.43997],[11.38557,45.43865],[11.38336,45.43642],[11.3834,45.43539],[11.38123,45.43487],[11.38059,45.43625],[11.379,45.43578],[11.37789,45.4378],[11.37638,45.4382],[11.3734,45.43639],[11.37303,45.43676],[11.3684,45.43281],[11.36707,45.43399],[11.36477,45.43421],[11.36268,45.43572],[11.35937,45.43356],[11.35757,45.43205],[11.35696,45.43211],[11.35521,45.43064],[11.35301,45.42973],[11.34963,45.42772],[11.34887,45.42846],[11.34563,45.42688],[11.34509,45.42514],[11.34346,45.42447],[11.34532,45.42261],[11.34423,45.42198],[11.34485,45.42075],[11.34314,45.42016],[11.34381,45.41898],[11.3453,45.41781],[11.34475,45.41696],[11.34132,45.41625],[11.34102,45.4171],[11.33848,45.4167],[11.33834,45.41791],[11.33952,45.41835],[11.3404,45.42126],[11.33875,45.42503],[11.33739,45.4267],[11.33551,45.42588],[11.33496,45.42802],[11.33564,45.42836],[11.33595,45.43016],[11.33324,45.43317],[11.33181,45.43376],[11.32971,45.43158],[11.32918,45.43028],[11.32584,45.42685],[11.32361,45.42659],[11.32511,45.42803],[11.32322,45.43193],[11.32115,45.43321],[11.31813,45.43285],[11.31942,45.43571],[11.31822,45.43597],[11.31887,45.43714],[11.31499,45.43784],[11.31329,45.43785],[11.31285,45.43902],[11.31169,45.44025],[11.31077,45.442],[11.31182,45.44257],[11.30841,45.44579],[11.30704,45.44811],[11.30593,45.44802],[11.3054,45.44933],[11.30409,45.44909],[11.30318,45.45026],[11.30224,45.45312],[11.30109,45.45491],[11.29857,45.45741],[11.29618,45.46045],[11.29501,45.46141],[11.28706,45.45992],[11.28598,45.45929],[11.28448,45.45954],[11.28346,45.46043],[11.28118,45.4609],[11.28061,45.46143],[11.2778,45.46186],[11.27318,45.4642],[11.27171,45.46432],[11.26853,45.46526],[11.26568,45.46472],[11.26279,45.46249],[11.26186,45.46132],[11.261,45.46322],[11.26088,45.46502],[11.25925,45.46586],[11.25678,45.46494],[11.25285,45.46444],[11.25233,45.46639],[11.25014,45.46654],[11.24897,45.46601],[11.24419,45.46568],[11.24313,45.46654],[11.24431,45.46746],[11.24315,45.46979],[11.24378,45.47015],[11.24249,45.47161],[11.24086,45.4712],[11.24055,45.47221],[11.23908,45.47315],[11.23676,45.47346],[11.23414,45.47483],[11.232,45.47483],[11.22965,45.47413],[11.22905,45.47229],[11.22845,45.46866],[11.22622,45.46715],[11.225,45.46494],[11.22679,45.46466],[11.22524,45.46283],[11.22228,45.46198],[11.21969,45.4608],[11.2175,45.45907],[11.21885,45.45766],[11.21643,45.45644],[11.21731,45.45452],[11.21614,45.45407],[11.21778,45.45082],[11.21821,45.44847],[11.2202,45.44832],[11.22033,45.44629],[11.2212,45.44395],[11.22233,45.44259],[11.22451,45.44191],[11.22605,45.44086],[11.22711,45.43847],[11.22551,45.438],[11.22511,45.43653],[11.22388,45.43538],[11.22113,45.43567],[11.22159,45.43813],[11.2203,45.4388],[11.21963,45.44165],[11.21836,45.44213],[11.21646,45.442],[11.21644,45.44346],[11.21576,45.44564],[11.21566,45.44766],[11.21434,45.44764],[11.21441,45.44654],[11.21102,45.44654],[11.20613,45.44578],[11.20348,45.44606],[11.20104,45.44492],[11.19809,45.44276],[11.1931,45.44443],[11.19017,45.44395],[11.18816,45.44335],[11.18841,45.44452],[11.1873,45.44639],[11.18626,45.44697],[11.18339,45.44671],[11.17998,45.44734],[11.17829,45.44635],[11.17771,45.44542],[11.17146,45.44536],[11.17,45.4448],[11.16965,45.44336],[11.16828,45.4436],[11.16756,45.4419],[11.16319,45.44203],[11.15858,45.44314],[11.15757,45.44315],[11.1551,45.44138],[11.15275,45.43887],[11.14973,45.4374],[11.14817,45.43817],[11.14871,45.43923],[11.14987,45.43933],[11.15021,45.44132],[11.15092,45.4429],[11.14878,45.44363],[11.14906,45.44691],[11.14991,45.44845],[11.14953,45.45025],[11.15205,45.45185],[11.15222,45.45249],[11.15032,45.45567],[11.14861,45.45739],[11.14602,45.45868],[11.14249,45.46167],[11.14079,45.46178],[11.14063,45.46324],[11.14103,45.46557],[11.1405,45.46597],[11.13823,45.46569],[11.12754,45.46687],[11.12758,45.46926],[11.12683,45.47083],[11.12235,45.47139],[11.11926,45.47263],[11.11505,45.47188],[11.11357,45.47253],[11.11182,45.47258],[11.10864,45.47457],[11.1066,45.47415],[11.10484,45.47454],[11.10268,45.47352],[11.10322,45.47574],[11.10114,45.47518],[11.09995,45.47618],[11.09886,45.47568],[11.10001,45.4734],[11.09996,45.47237],[11.09754,45.47154],[11.09281,45.46947],[11.0911,45.46774],[11.09177,45.46682],[11.09244,45.4645],[11.09258,45.45964],[11.09216,45.4578],[11.09108,45.45704],[11.09033,45.45571],[11.08877,45.4506],[11.0856,45.44907],[11.08459,45.44729],[11.07912,45.44703],[11.07918,45.4462],[11.07405,45.44586],[11.0753,45.44263],[11.07836,45.43839],[11.07384,45.43795],[11.06677,45.43693],[11.07224,45.43242],[11.07187,45.4294],[11.07126,45.42725],[11.0724,45.4269],[11.07106,45.42456],[11.06901,45.42233],[11.07528,45.42001],[11.07812,45.41803],[11.07955,45.41741],[11.08128,45.41464],[11.0812,45.41217],[11.07982,45.4104],[11.07794,45.40911],[11.07538,45.40805],[11.07125,45.40685],[11.06986,45.40523],[11.06711,45.40511],[11.06492,45.40404],[11.0645,45.40271],[11.06559,45.40114],[11.07004,45.39685],[11.0713,45.39616],[11.07107,45.39433],[11.06907,45.39386],[11.06412,45.39333],[11.05986,45.39393],[11.05709,45.39327],[11.06195,45.38958],[11.06341,45.38739],[11.065,45.38208],[11.06551,45.38135],[11.06805,45.38029],[11.06958,45.38041]]]},"properties":{"idApp":925012,"aopId":"arcole","name":"Arcole","nameJa":"アルコレ","kind":"village","tags":["doc"],"rank":1},"bbox":[11.03792,45.25333,11.56408,45.47618]},{"type":"Feature","geometry":{"type":"Polygon","coordinates":[[[10.71457,45.41759],[10.71582,45.41664],[10.71651,45.41498],[10.71734,45.4105],[10.71624,45.40802],[10.71703,45.40671],[10.71918,45.40612],[10.71947,45.40461],[10.71762,45.40084],[10.71925,45.40031],[10.71766,45.39669],[10.71604,45.39474],[10.71207,45.39176],[10.71176,45.39015],[10.71044,45.38892],[10.70908,45.38879],[10.70773,45.38776],[10.70795,45.38501],[10.70761,45.38302],[10.70662,45.38197],[10.70451,45.38176],[10.70339,45.38107],[10.69781,45.38011],[10.69959,45.37686],[10.6998,45.37493],[10.70119,45.37449],[10.70306,45.37274],[10.70748,45.36928],[10.7087,45.36898],[10.71269,45.36868],[10.71469,45.36822],[10.71407,45.36716],[10.7119,45.3658],[10.70726,45.36139],[10.70517,45.36076],[10.70368,45.35832],[10.6986,45.3572],[10.69534,45.35541],[10.69294,45.35477],[10.69187,45.35404],[10.68891,45.35372],[10.68553,45.35397],[10.68622,45.34959],[10.68631,45.34732],[10.68706,45.34552],[10.68679,45.34218],[10.69036,45.34166],[10.69424,45.34027],[10.69682,45.34021],[10.69932,45.3397],[10.70017,45.34066],[10.70314,45.34095],[10.70672,45.33879],[10.70801,45.33771],[10.70946,45.33577],[10.71167,45.33555],[10.71382,45.33408],[10.71501,45.33404],[10.71552,45.33223],[10.71497,45.32894],[10.7132,45.32369],[10.71235,45.3224],[10.70883,45.31986],[10.70644,45.31629],[10.7095,45.31586],[10.71641,45.31661],[10.71992,45.31748],[10.72131,45.31876],[10.72473,45.31847],[10.7271,45.31778],[10.73051,45.31586],[10.73118,45.31519],[10.73124,45.30954],[10.73299,45.30674],[10.73313,45.30545],[10.73199,45.30189],[10.72977,45.29852],[10.7289,45.29613],[10.72844,45.29392],[10.72834,45.29131],[10.7343,45.28903],[10.73744,45.28725],[10.78287,45.31541],[10.78633,45.31761],[10.7804,45.32261],[10.77878,45.32428],[10.77636,45.326],[10.77213,45.32745],[10.76819,45.33039],[10.76953,45.33164],[10.7667,45.33409],[10.77054,45.33669],[10.77471,45.33862],[10.77796,45.34161],[10.7803,45.34348],[10.78239,45.346],[10.78716,45.34882],[10.79044,45.3528],[10.79148,45.3545],[10.78801,45.35506],[10.78558,45.35668],[10.78421,45.35862],[10.78336,45.35914],[10.78272,45.36061],[10.78408,45.36211],[10.78472,45.3637],[10.78423,45.36468],[10.7847,45.36752],[10.78548,45.36879],[10.78666,45.3691],[10.79228,45.36775],[10.79593,45.36751],[10.79976,45.36775],[10.80233,45.36929],[10.80631,45.36998],[10.80947,45.37023],[10.81524,45.37195],[10.81973,45.37407],[10.82249,45.37575],[10.82457,45.37629],[10.82632,45.37822],[10.82783,45.379],[10.82916,45.37887],[10.83491,45.37993],[10.84182,45.38063],[10.84595,45.38118],[10.85539,45.38349],[10.86155,45.38582],[10.87559,45.39076],[10.88691,45.39513],[10.89558,45.39867],[10.89774,45.39868],[10.9005,45.40033],[10.90334,45.40101],[10.9066,45.40222],[10.91046,45.40335],[10.9161,45.40569],[10.91146,45.41514],[10.90871,45.42145],[10.90588,45.42715],[10.90963,45.42718],[10.90774,45.43005],[10.90611,45.43046],[10.90604,45.43333],[10.90358,45.43626],[10.89785,45.4399],[10.89493,45.44213],[10.89218,45.44291],[10.88953,45.44306],[10.88686,45.44667],[10.88586,45.44901],[10.88461,45.45066],[10.88106,45.45222],[10.87761,45.45398],[10.88098,45.45637],[10.87761,45.45994],[10.87684,45.46156],[10.88157,45.46205],[10.88628,45.46365],[10.89007,45.46516],[10.89344,45.46548],[10.89568,45.46602],[10.89926,45.46734],[10.9025,45.46907],[10.90438,45.46952],[10.90627,45.47065],[10.90402,45.47197],[10.90014,45.4758],[10.89579,45.4774],[10.8923,45.47726],[10.88912,45.47652],[10.88718,45.47498],[10.88419,45.47363],[10.87978,45.4728],[10.87635,45.47323],[10.87343,45.47435],[10.87022,45.47937],[10.86852,45.48026],[10.86582,45.4798],[10.8598,45.47774],[10.85672,45.47693],[10.85346,45.47669],[10.85054,45.47704],[10.84466,45.47971],[10.83151,45.48122],[10.82879,45.48126],[10.8273,45.48166],[10.82511,45.48422],[10.82468,45.48598],[10.82552,45.48911],[10.82516,45.49071],[10.82423,45.49236],[10.82185,45.49516],[10.81951,45.49688],[10.81521,45.4984],[10.81195,45.50076],[10.80971,45.50303],[10.80906,45.50646],[10.80819,45.51069],[10.80734,45.51243],[10.80594,45.51381],[10.80381,45.5161],[10.80379,45.51782],[10.80598,45.52338],[10.80584,45.52636],[10.80522,45.5273],[10.80546,45.52878],[10.80952,45.53339],[10.81119,45.53673],[10.8138,45.54048],[10.81768,45.54378],[10.81976,45.5474],[10.82114,45.54892],[10.82535,45.55058],[10.8276,45.55201],[10.8283,45.55284],[10.83046,45.55655],[10.83038,45.55886],[10.82948,45.55984],[10.82705,45.56141],[10.82581,45.56263],[10.82498,45.56473],[10.82582,45.56791],[10.82357,45.56802],[10.82182,45.56686],[10.81978,45.56732],[10.81904,45.56886],[10.81919,45.57055],[10.82024,45.57381],[10.82138,45.57619],[10.82227,45.57936],[10.82306,45.58051],[10.82466,45.58156],[10.82705,45.58208],[10.83218,45.58178],[10.83741,45.58235],[10.84175,45.58416],[10.84402,45.58637],[10.84385,45.58867],[10.84273,45.59235],[10.84282,45.59412],[10.84378,45.59718],[10.84557,45.59938],[10.84813,45.60337],[10.85153,45.60523],[10.84907,45.60549],[10.84939,45.60712],[10.84842,45.60797],[10.84647,45.60872],[10.84838,45.61103],[10.84762,45.61175],[10.84938,45.61389],[10.84756,45.61452],[10.84624,45.61551],[10.84363,45.61559],[10.84418,45.61748],[10.84643,45.62106],[10.84687,45.62367],[10.8483,45.62452],[10.85007,45.62452],[10.85132,45.62644],[10.85226,45.6271],[10.85327,45.62937],[10.85491,45.63007],[10.85611,45.63126],[10.85634,45.63272],[10.85869,45.63415],[10.85808,45.63494],[10.85803,45.63655],[10.85899,45.63883],[10.85924,45.64195],[10.86011,45.64191],[10.85976,45.64459],[10.8591,45.64581],[10.85827,45.64711],[10.85609,45.64739],[10.85322,45.6485],[10.85179,45.64794],[10.85184,45.65104],[10.85016,45.65316],[10.84866,45.65285],[10.84741,45.65165],[10.84448,45.65052],[10.84221,45.6493],[10.84106,45.6482],[10.83925,45.64906],[10.83604,45.65155],[10.832,45.65268],[10.82949,45.65289],[10.8279,45.65404],[10.82445,45.65456],[10.81683,45.65641],[10.81408,45.65737],[10.81467,45.65824],[10.81551,45.66145],[10.81633,45.66251],[10.81551,45.66665],[10.81381,45.66819],[10.81238,45.6652],[10.81019,45.66183],[10.80927,45.6599],[10.80592,45.65438],[10.8026,45.64974],[10.79846,45.64698],[10.7958,45.64455],[10.79274,45.64226],[10.791,45.63967],[10.79007,45.63904],[10.78966,45.63688],[10.78704,45.63707],[10.78568,45.63764],[10.78239,45.63804],[10.7801,45.63782],[10.77641,45.63837],[10.77472,45.63713],[10.77529,45.63635],[10.77299,45.63602],[10.77194,45.63525],[10.76858,45.63449],[10.76813,45.63394],[10.76999,45.63203],[10.77096,45.63147],[10.77033,45.63025],[10.76907,45.62989],[10.76629,45.62784],[10.76449,45.62693],[10.76426,45.62546],[10.76184,45.62224],[10.76317,45.62127],[10.76233,45.61706],[10.76073,45.61598],[10.75881,45.61555],[10.75488,45.61529],[10.74769,45.61556],[10.74758,45.61524],[10.74631,45.61604],[10.74588,45.61802],[10.74501,45.62013],[10.74276,45.62074],[10.73999,45.62257],[10.73785,45.62365],[10.73424,45.62367],[10.73234,45.6229],[10.73058,45.62322],[10.72587,45.62105],[10.72461,45.62006],[10.72263,45.62062],[10.72145,45.6199],[10.71874,45.61959],[10.71693,45.62195],[10.71792,45.6235],[10.71742,45.62427],[10.7183,45.62683],[10.72041,45.62868],[10.72132,45.62992],[10.7188,45.63094],[10.71569,45.6315],[10.71273,45.63241],[10.71253,45.63299],[10.71407,45.63641],[10.715,45.63703],[10.71606,45.63905],[10.71729,45.6399],[10.71831,45.64181],[10.72019,45.642],[10.72123,45.64002],[10.72122,45.63802],[10.72278,45.63697],[10.72412,45.63941],[10.72603,45.64058],[10.72636,45.6419],[10.72855,45.64342],[10.73073,45.64616],[10.73195,45.64714],[10.73251,45.64841],[10.73428,45.64992],[10.73527,45.65132],[10.73675,45.65222],[10.73567,45.65512],[10.73433,45.65557],[10.73584,45.65707],[10.73608,45.65814],[10.73291,45.65962],[10.72957,45.6603],[10.7273,45.66165],[10.70205,45.66162],[10.68952,45.66179],[10.68144,45.65473],[10.63107,45.60951],[10.62792,45.60683],[10.63097,45.58161],[10.63232,45.56846],[10.63764,45.51149],[10.64079,45.47918],[10.6416,45.47208],[10.64288,45.46262],[10.64309,45.45737],[10.64273,45.45693],[10.64293,45.45453],[10.6443,45.4539],[10.64765,45.45141],[10.64696,45.45078],[10.64692,45.44946],[10.64777,45.44854],[10.64633,45.44779],[10.64314,45.44713],[10.64344,45.44438],[10.63913,45.44438],[10.63786,45.44419],[10.63173,45.44406],[10.63019,45.44268],[10.62849,45.44219],[10.62454,45.44364],[10.62297,45.44215],[10.62395,45.44117],[10.62337,45.4402],[10.62425,45.43818],[10.62573,45.43855],[10.62728,45.43828],[10.62824,45.43966],[10.63078,45.43921],[10.63271,45.43994],[10.63462,45.44015],[10.63544,45.44222],[10.63691,45.4427],[10.64025,45.44282],[10.64031,45.4435],[10.64214,45.44371],[10.64308,45.44264],[10.64387,45.44075],[10.64789,45.44106],[10.64949,45.44079],[10.64886,45.43871],[10.6451,45.43678],[10.64485,45.4343],[10.64518,45.43158],[10.64751,45.43042],[10.64974,45.43058],[10.64947,45.42898],[10.65146,45.42861],[10.65076,45.42594],[10.64993,45.42509],[10.64744,45.42376],[10.6463,45.42349],[10.64662,45.42137],[10.64403,45.41995],[10.64358,45.418],[10.64817,45.41709],[10.65052,45.41703],[10.65308,45.41605],[10.65466,45.41583],[10.65752,45.41866],[10.65729,45.41996],[10.65564,45.42115],[10.65599,45.42171],[10.65871,45.42173],[10.66071,45.42233],[10.66373,45.42273],[10.66277,45.42489],[10.66271,45.42689],[10.66332,45.42782],[10.66458,45.42811],[10.66706,45.42611],[10.66851,45.42639],[10.67156,45.4258],[10.67219,45.42622],[10.67435,45.42573],[10.67567,45.42466],[10.67683,45.42561],[10.68004,45.42437],[10.68244,45.4249],[10.68932,45.42265],[10.68925,45.42418],[10.69154,45.42389],[10.69455,45.42203],[10.69809,45.42111],[10.69798,45.42267],[10.69978,45.42156],[10.70196,45.42159],[10.70448,45.4202],[10.71352,45.41832],[10.71457,45.41759]]]},"properties":{"idApp":925014,"aopId":"bardolino","name":"Bardolino","nameJa":"バルドリーノ","kind":"village","tags":["doc"],"rank":1},"bbox":[10.62297,45.28725,10.9161,45.66819]},{"type":"Feature","geometry":{"type":"Polygon","coordinates":[[[12.02763,45.85895],[12.03183,45.85767],[12.03443,45.85655],[12.03504,45.85548],[12.03513,45.85372],[12.03673,45.84577],[12.03672,45.84529],[12.05865,45.85308],[12.07078,45.85199],[12.07578,45.85195],[12.07534,45.85496],[12.07434,45.85559],[12.07339,45.85834],[12.07217,45.86049],[12.07079,45.86394],[12.06917,45.86734],[12.06791,45.86844],[12.06546,45.86889],[12.06446,45.87064],[12.06697,45.87152],[12.0671,45.87277],[12.06916,45.87498],[12.06803,45.87624],[12.06674,45.87651],[12.0638,45.87848],[12.06408,45.87952],[12.06547,45.88041],[12.06754,45.88286],[12.0681,45.88132],[12.07191,45.88341],[12.0734,45.88175],[12.07494,45.88172],[12.07582,45.88068],[12.07792,45.88138],[12.07922,45.88059],[12.08147,45.88043],[12.0822,45.88108],[12.08368,45.87928],[12.08497,45.87971],[12.08675,45.87886],[12.08745,45.87789],[12.09229,45.87713],[12.09805,45.87779],[12.09743,45.88098],[12.0981,45.8813],[12.1005,45.88042],[12.10711,45.87854],[12.10683,45.88004],[12.10796,45.88031],[12.10733,45.88246],[12.10934,45.88279],[12.11191,45.88423],[12.11184,45.88619],[12.11438,45.88599],[12.11518,45.88534],[12.12182,45.88595],[12.12352,45.88667],[12.12648,45.88694],[12.12911,45.88603],[12.12941,45.88745],[12.13238,45.88751],[12.13852,45.88555],[12.14514,45.88368],[12.14846,45.88576],[12.15063,45.88436],[12.15382,45.88275],[12.15685,45.88221],[12.15879,45.88107],[12.16356,45.87725],[12.16631,45.87623],[12.16776,45.87627],[12.16909,45.87693],[12.17266,45.87788],[12.17522,45.87892],[12.17698,45.88015],[12.17886,45.88086],[12.18029,45.88011],[12.18069,45.879],[12.18286,45.87703],[12.18405,45.87414],[12.18405,45.87195],[12.18194,45.86697],[12.18203,45.86513],[12.18286,45.86391],[12.18026,45.86237],[12.17967,45.86161],[12.18145,45.86077],[12.18233,45.85935],[12.18213,45.85845],[12.17867,45.85103],[12.19035,45.84286],[12.20207,45.8351],[12.20539,45.83215],[12.2065,45.83061],[12.20942,45.8277],[12.21221,45.82555],[12.22073,45.82313],[12.22449,45.82259],[12.22911,45.82238],[12.23512,45.81997],[12.2419,45.81745],[12.24711,45.81642],[12.25209,45.81372],[12.25356,45.81535],[12.26472,45.81182],[12.27971,45.80732],[12.28047,45.80739],[12.27817,45.81184],[12.27748,45.81441],[12.27933,45.81918],[12.28292,45.81921],[12.28154,45.82228],[12.27828,45.82537],[12.27811,45.83057],[12.27826,45.83408],[12.27785,45.83549],[12.27624,45.83618],[12.27047,45.83644],[12.27003,45.83877],[12.26823,45.84127],[12.26584,45.84411],[12.26415,45.84742],[12.2643,45.84808],[12.26597,45.84897],[12.27062,45.85998],[12.27273,45.86466],[12.27347,45.86507],[12.27654,45.86493],[12.28021,45.8664],[12.28244,45.86601],[12.28482,45.86637],[12.28813,45.8662],[12.29075,45.86718],[12.2927,45.8668],[12.29415,45.86726],[12.29632,45.86676],[12.2998,45.86685],[12.30144,45.86723],[12.30426,45.8645],[12.30689,45.86399],[12.3089,45.86432],[12.31807,45.86189],[12.3199,45.86208],[12.32289,45.86164],[12.32706,45.86016],[12.3288,45.8607],[12.32993,45.86175],[12.33126,45.86183],[12.33305,45.86465],[12.33189,45.8657],[12.33291,45.86653],[12.33228,45.86748],[12.33037,45.86867],[12.32759,45.86953],[12.32596,45.87074],[12.32803,45.87238],[12.33159,45.86967],[12.33624,45.86971],[12.33779,45.86776],[12.34087,45.86581],[12.34173,45.86468],[12.34365,45.86414],[12.34789,45.86177],[12.35028,45.86088],[12.35302,45.86033],[12.3542,45.85966],[12.3565,45.85942],[12.35898,45.85971],[12.36024,45.86111],[12.36332,45.85975],[12.36686,45.85958],[12.36866,45.86137],[12.37058,45.86155],[12.3708,45.86261],[12.3719,45.86402],[12.37177,45.86527],[12.37247,45.86616],[12.374,45.8643],[12.37557,45.86657],[12.37565,45.86786],[12.3718,45.86999],[12.373,45.87131],[12.37496,45.87203],[12.37706,45.87193],[12.37819,45.87262],[12.38241,45.87271],[12.38554,45.8718],[12.38582,45.87259],[12.38768,45.87327],[12.38933,45.87437],[12.39305,45.87406],[12.39149,45.87566],[12.38996,45.87611],[12.38731,45.87846],[12.38565,45.8795],[12.38461,45.87863],[12.38354,45.87925],[12.38142,45.87929],[12.38017,45.88009],[12.37846,45.8832],[12.37828,45.88434],[12.3768,45.88647],[12.37598,45.89049],[12.37389,45.89219],[12.3714,45.89306],[12.37369,45.89442],[12.37447,45.89384],[12.37623,45.89426],[12.37425,45.89523],[12.37078,45.89912],[12.36955,45.90135],[12.36646,45.90173],[12.36157,45.90336],[12.36018,45.90136],[12.35967,45.89972],[12.35821,45.897],[12.35894,45.8954],[12.35854,45.89369],[12.35319,45.89639],[12.35213,45.89739],[12.35015,45.89788],[12.34793,45.89745],[12.34517,45.89644],[12.34387,45.897],[12.34257,45.89869],[12.34055,45.89989],[12.33827,45.90055],[12.33534,45.90192],[12.33332,45.90189],[12.33143,45.90335],[12.32833,45.90715],[12.3266,45.91032],[12.32507,45.91161],[12.32417,45.91345],[12.32381,45.91651],[12.32459,45.91821],[12.32301,45.92021],[12.32379,45.92276],[12.32233,45.9243],[12.32293,45.9256],[12.32486,45.924],[12.32618,45.92413],[12.32896,45.92509],[12.32931,45.92614],[12.32911,45.928],[12.33603,45.92822],[12.3362,45.9305],[12.33771,45.92918],[12.33985,45.92797],[12.34005,45.92666],[12.34208,45.92517],[12.34484,45.92438],[12.34885,45.92417],[12.35028,45.92597],[12.34918,45.92642],[12.34923,45.92751],[12.35267,45.93134],[12.35406,45.93154],[12.35951,45.93311],[12.36084,45.93133],[12.36169,45.92809],[12.36393,45.9269],[12.36533,45.92563],[12.36657,45.92691],[12.3673,45.92839],[12.36824,45.9284],[12.36965,45.92988],[12.37441,45.92567],[12.37543,45.92555],[12.37739,45.92609],[12.37567,45.93076],[12.3734,45.93623],[12.37252,45.93763],[12.37145,45.942],[12.37369,45.94212],[12.37442,45.9439],[12.3726,45.94497],[12.37339,45.94597],[12.37354,45.94737],[12.37485,45.94855],[12.37383,45.94997],[12.3761,45.9528],[12.37631,45.95417],[12.37452,45.95482],[12.37351,45.95585],[12.37053,45.95592],[12.36792,45.95651],[12.36625,45.95741],[12.36359,45.95675],[12.3608,45.95713],[12.36025,45.95876],[12.35958,45.96025],[12.35825,45.96151],[12.35706,45.96167],[12.35394,45.96127],[12.3503,45.96241],[12.34865,45.96334],[12.34699,45.96286],[12.34414,45.96418],[12.34229,45.96609],[12.34045,45.96655],[12.33943,45.96708],[12.33776,45.96705],[12.33521,45.96786],[12.33396,45.96991],[12.33167,45.97138],[12.32849,45.97387],[12.32556,45.97448],[12.32348,45.97575],[12.3219,45.97761],[12.32197,45.97897],[12.32092,45.98015],[12.32059,45.98151],[12.32154,45.98246],[12.32066,45.98356],[12.32056,45.98491],[12.32196,45.98584],[12.32476,45.98848],[12.32591,45.98895],[12.32692,45.99169],[12.32555,45.99273],[12.32838,45.99534],[12.32606,45.99659],[12.325,45.99769],[12.32479,45.99889],[12.32153,46.00096],[12.31949,46.0032],[12.32007,46.00435],[12.31863,46.00561],[12.31729,46.00567],[12.316,46.00648],[12.31401,46.00656],[12.31292,46.00844],[12.31308,46.00923],[12.30992,46.01006],[12.30904,46.01181],[12.30965,46.01403],[12.30817,46.01615],[12.31073,46.01728],[12.31297,46.01944],[12.31534,46.02068],[12.31818,46.02268],[12.31996,46.02234],[12.32153,46.02339],[12.32178,46.02534],[12.32146,46.02701],[12.32326,46.02888],[12.32337,46.0301],[12.32706,46.03224],[12.32871,46.0329],[12.32944,46.03453],[12.32832,46.03525],[12.32706,46.03519],[12.32528,46.03588],[12.32518,46.03655],[12.32636,46.03816],[12.32967,46.0394],[12.33234,46.04115],[12.33507,46.0419],[12.33586,46.04513],[12.33776,46.04635],[12.33822,46.04779],[12.33972,46.04855],[12.3405,46.05064],[12.34446,46.05113],[12.35098,46.05484],[12.35171,46.05671],[12.35296,46.05685],[12.3557,46.0591],[12.3581,46.06312],[12.35986,46.06509],[12.36117,46.06728],[12.3619,46.07161],[12.35683,46.07456],[12.35223,46.07753],[12.34856,46.0792],[12.34609,46.07911],[12.34241,46.07789],[12.34077,46.07773],[12.33717,46.07926],[12.33422,46.08007],[12.33186,46.08131],[12.33039,46.08256],[12.32853,46.08207],[12.32512,46.08192],[12.32243,46.08225],[12.31523,46.08076],[12.3128,46.08001],[12.30953,46.07788],[12.30649,46.07695],[12.3028,46.07635],[12.30094,46.07411],[12.29783,46.07105],[12.29614,46.06834],[12.29286,46.06463],[12.29073,46.06146],[12.28759,46.0595],[12.28456,46.05728],[12.28263,46.05651],[12.28261,46.05418],[12.2807,46.05165],[12.28068,46.04937],[12.27945,46.04812],[12.27595,46.04593],[12.27257,46.04259],[12.2716,46.04214],[12.2682,46.04145],[12.26366,46.03956],[12.26085,46.03875],[12.26012,46.03694],[12.25778,46.03703],[12.25492,46.03648],[12.25305,46.03397],[12.2532,46.03205],[12.2543,46.02949],[12.25454,46.02797],[12.25271,46.0273],[12.25098,46.02775],[12.25016,46.02645],[12.2505,46.02519],[12.252,46.02239],[12.25535,46.01675],[12.25668,46.01349],[12.25815,46.01113],[12.25987,46.01068],[12.25932,46.00915],[12.26037,46.00788],[12.26194,46.00485],[12.26409,46.00208],[12.26563,46.00081],[12.26582,45.9998],[12.26695,45.99881],[12.26899,45.99611],[12.26994,45.99559],[12.27163,45.99338],[12.26691,45.9911],[12.2603,45.98838],[12.25711,45.98678],[12.25435,45.9892],[12.25293,45.98995],[12.25229,45.99135],[12.25073,45.99147],[12.25005,45.99241],[12.24752,45.99341],[12.246,45.99332],[12.24074,45.99181],[12.23277,45.98906],[12.23013,45.98849],[12.22558,45.98596],[12.22,45.98257],[12.21784,45.98148],[12.21334,45.98014],[12.20207,45.9771],[12.20014,45.97607],[12.19908,45.97597],[12.19767,45.97845],[12.19669,45.98109],[12.19661,45.983],[12.1951,45.98375],[12.19449,45.98484],[12.19299,45.9856],[12.19187,45.98869],[12.18846,45.99136],[12.18841,45.99315],[12.18652,45.99474],[12.18692,45.99671],[12.18538,45.99957],[12.1875,46.00184],[12.18982,46.00309],[12.19089,46.00462],[12.19102,46.00574],[12.1887,46.00882],[12.18633,46.00982],[12.18449,46.01111],[12.18171,46.01187],[12.1786,46.01403],[12.17621,46.01421],[12.17329,46.01381],[12.16688,46.01357],[12.16791,46.0087],[12.16924,46.00694],[12.16923,46.00582],[12.16358,46.00462],[12.15562,46.00365],[12.15514,46.00082],[12.15279,46.00179],[12.14929,46.00177],[12.14722,46.00278],[12.14567,46.00284],[12.14289,46.00134],[12.13938,45.99984],[12.13763,46.00087],[12.13181,46.00126],[12.12769,46.00183],[12.12658,46.00227],[12.12315,46.00264],[12.121,46.00389],[12.11878,46.00347],[12.11245,46.00344],[12.10979,46.00281],[12.10659,46.00001],[12.10326,45.99765],[12.10334,45.99647],[12.10459,45.9951],[12.10538,45.99262],[12.10393,45.99092],[12.10333,45.98898],[12.10155,45.98708],[12.09818,45.98503],[12.09594,45.98428],[12.09412,45.98199],[12.07817,45.97651],[12.07643,45.97608],[12.07789,45.97435],[12.07867,45.97284],[12.07707,45.97222],[12.0702,45.96732],[12.06694,45.96546],[12.06293,45.9637],[12.06193,45.96151],[12.06078,45.9608],[12.05933,45.96207],[12.05477,45.96464],[12.05286,45.96511],[12.05083,45.96383],[12.04937,45.9612],[12.04751,45.96196],[12.04548,45.96433],[12.03972,45.96919],[12.03275,45.97362],[12.03056,45.97357],[12.02685,45.97165],[12.02394,45.97123],[12.02274,45.97025],[12.02308,45.96904],[12.02166,45.96525],[12.02177,45.96382],[12.01896,45.96208],[12.01629,45.96278],[12.01226,45.96489],[12.01197,45.96642],[12.01115,45.96707],[12.00621,45.96821],[12.00377,45.96815],[12.00285,45.96662],[12.00516,45.96322],[12.00607,45.96049],[12.007,45.95898],[12.00732,45.95712],[12.00661,45.95454],[12.00542,45.95324],[12.00247,45.95266],[12.001,45.95181],[11.99867,45.95168],[11.99702,45.95312],[11.99617,45.95303],[11.99733,45.95102],[11.9978,45.94907],[11.99662,45.94764],[11.99236,45.94642],[11.98607,45.943],[11.98445,45.94126],[11.98491,45.93874],[11.98409,45.93519],[11.98273,45.93243],[11.98049,45.92899],[11.97836,45.92498],[11.97764,45.92146],[11.97894,45.91876],[11.98084,45.91758],[11.98061,45.91687],[11.9816,45.91519],[11.98259,45.91443],[11.98198,45.91292],[11.97932,45.91121],[11.9778,45.9084],[11.9761,45.9072],[11.9739,45.90498],[11.97355,45.90261],[11.97193,45.90198],[11.96973,45.9027],[11.96817,45.90418],[11.96578,45.90527],[11.96404,45.90481],[11.96267,45.90327],[11.95989,45.90255],[11.95848,45.90186],[11.95386,45.89791],[11.95211,45.89732],[11.95056,45.89579],[11.94924,45.89534],[11.95022,45.89241],[11.95154,45.89118],[11.9543,45.88994],[11.95819,45.88677],[11.96472,45.883],[11.96963,45.88084],[11.97837,45.87736],[11.98039,45.87693],[11.9839,45.87676],[11.98918,45.87383],[11.99493,45.87025],[12.00082,45.86722],[12.00177,45.86648],[12.00297,45.86467],[12.00796,45.86229],[12.01108,45.8605],[12.01307,45.85966],[12.0232,45.85849],[12.02739,45.85852],[12.02763,45.85895]]]},"properties":{"idApp":925027,"aopId":"conegliano-valdobbiadene-prosecco","name":"Conegliano Valdobbiadene - Prosecco","nameJa":"コネリアーノ・ヴァルドッビアーデネ・プロセッコ","kind":"village","tags":["docg"],"rank":1},"bbox":[11.94924,45.80732,12.39305,46.08256]},{"type":"Feature","geometry":{"type":"Polygon","coordinates":[[[11.8312,45.74051],[11.83229,45.74046],[11.83714,45.74104],[11.83939,45.74208],[11.83981,45.74316],[11.84218,45.74305],[11.84261,45.74442],[11.84464,45.74401],[11.84732,45.74408],[11.84953,45.74358],[11.85223,45.74366],[11.8526,45.74499],[11.85554,45.74525],[11.85639,45.74663],[11.85636,45.74808],[11.85792,45.74778],[11.85779,45.74897],[11.85905,45.74911],[11.85941,45.75128],[11.86005,45.75201],[11.86381,45.75362],[11.8661,45.75404],[11.86574,45.75516],[11.86696,45.75575],[11.87028,45.75418],[11.86996,45.75562],[11.87371,45.75679],[11.87515,45.75671],[11.87503,45.75569],[11.87734,45.75555],[11.87822,45.75669],[11.87935,45.75626],[11.89196,45.75575],[11.89192,45.75613],[11.90062,45.75577],[11.90021,45.75925],[11.90109,45.76053],[11.90301,45.76047],[11.90298,45.76257],[11.90163,45.7621],[11.90153,45.76382],[11.9048,45.76418],[11.90485,45.76548],[11.9076,45.7656],[11.91173,45.7666],[11.91603,45.76823],[11.9173,45.76812],[11.91822,45.76505],[11.9204,45.7629],[11.92109,45.76073],[11.92424,45.76106],[11.92483,45.76014],[11.92695,45.76066],[11.93266,45.75987],[11.93344,45.75749],[11.93945,45.75848],[11.93908,45.76081],[11.94397,45.76067],[11.94376,45.76182],[11.94471,45.76214],[11.94569,45.76113],[11.94844,45.76131],[11.94526,45.7705],[11.95008,45.77095],[11.95425,45.77179],[11.95451,45.77094],[11.95731,45.77131],[11.95737,45.77194],[11.96012,45.77232],[11.96313,45.77208],[11.96611,45.77257],[11.9666,45.76958],[11.96671,45.76666],[11.96753,45.76462],[11.97452,45.76523],[11.97569,45.76595],[11.97914,45.76653],[11.97928,45.76506],[11.98023,45.76377],[11.98201,45.75951],[11.98187,45.75764],[11.98422,45.75792],[11.98472,45.75582],[11.98744,45.75596],[11.98878,45.75495],[11.99035,45.75295],[11.99081,45.75097],[11.99291,45.75045],[11.99331,45.74851],[11.99471,45.74786],[11.99627,45.74489],[11.99776,45.73942],[11.99773,45.73764],[11.99858,45.73555],[11.99844,45.73233],[12.00236,45.7324],[12.00254,45.734],[12.00661,45.73359],[12.00724,45.73423],[12.01045,45.73327],[12.02075,45.73208],[12.02851,45.73151],[12.02915,45.73007],[12.02913,45.72854],[12.03042,45.72753],[12.03093,45.72341],[12.03503,45.72372],[12.03506,45.72468],[12.03655,45.72599],[12.04025,45.72735],[12.04329,45.72698],[12.04355,45.7285],[12.04496,45.72934],[12.04495,45.73447],[12.04724,45.73517],[12.0471,45.73643],[12.0481,45.73675],[12.04793,45.73984],[12.04745,45.74236],[12.04956,45.74296],[12.0556,45.74395],[12.0565,45.74359],[12.05864,45.74388],[12.05789,45.74631],[12.06166,45.74692],[12.06102,45.74856],[12.0694,45.75077],[12.06885,45.75169],[12.07277,45.75159],[12.07707,45.75257],[12.07659,45.75384],[12.07849,45.75484],[12.08096,45.75534],[12.08154,45.75624],[12.08298,45.75633],[12.08549,45.75761],[12.08634,45.75737],[12.08734,45.75595],[12.08944,45.75435],[12.09147,45.75155],[12.09257,45.75188],[12.09488,45.75414],[12.10003,45.75655],[12.10436,45.75837],[12.10648,45.75582],[12.11185,45.75157],[12.11662,45.75391],[12.11928,45.75613],[12.12036,45.75788],[12.12464,45.75477],[12.12899,45.75277],[12.13599,45.74767],[12.13206,45.74442],[12.13444,45.74282],[12.13588,45.7414],[12.13686,45.74106],[12.13849,45.74151],[12.13981,45.74281],[12.1416,45.74392],[12.14351,45.7422],[12.1473,45.74009],[12.14846,45.7403],[12.15067,45.74164],[12.15191,45.74278],[12.15508,45.74172],[12.15783,45.74376],[12.15893,45.74389],[12.15589,45.74619],[12.15671,45.74694],[12.15516,45.74805],[12.15647,45.74984],[12.15252,45.75269],[12.15238,45.75351],[12.15447,45.7548],[12.15788,45.7562],[12.15982,45.75761],[12.16477,45.76079],[12.16811,45.76211],[12.1719,45.76278],[12.1736,45.76283],[12.17578,45.76226],[12.17848,45.76272],[12.18152,45.76011],[12.18479,45.75904],[12.18608,45.75947],[12.18633,45.76209],[12.18725,45.76587],[12.18898,45.7666],[12.18914,45.76794],[12.18999,45.76883],[12.19278,45.76883],[12.19473,45.76843],[12.195,45.7697],[12.19724,45.77013],[12.19795,45.76924],[12.20107,45.76883],[12.20329,45.76957],[12.20503,45.77172],[12.20712,45.76975],[12.20801,45.77081],[12.20917,45.77027],[12.21027,45.77128],[12.20842,45.7729],[12.20696,45.77568],[12.20554,45.77514],[12.20316,45.77988],[12.20256,45.78051],[12.20362,45.78207],[12.20621,45.78169],[12.20645,45.78339],[12.20556,45.78445],[12.20578,45.78561],[12.20469,45.78682],[12.2035,45.78736],[12.20346,45.78908],[12.20292,45.79129],[12.20419,45.79142],[12.20428,45.7932],[12.20519,45.79318],[12.20581,45.79576],[12.20977,45.79561],[12.21418,45.79609],[12.21457,45.79541],[12.21653,45.79479],[12.21779,45.79566],[12.22022,45.79455],[12.22616,45.79378],[12.22688,45.79421],[12.23169,45.79449],[12.23411,45.79441],[12.2396,45.79484],[12.24299,45.79578],[12.24456,45.79737],[12.24689,45.79781],[12.25352,45.80012],[12.25597,45.80063],[12.25942,45.80192],[12.27971,45.80732],[12.26472,45.81182],[12.25356,45.81535],[12.25209,45.81372],[12.24711,45.81642],[12.2419,45.81745],[12.23512,45.81997],[12.22911,45.82238],[12.22449,45.82259],[12.22073,45.82313],[12.21221,45.82555],[12.20942,45.8277],[12.2065,45.83061],[12.20539,45.83215],[12.20207,45.8351],[12.19035,45.84286],[12.17867,45.85103],[12.17668,45.85185],[12.16713,45.85434],[12.1632,45.85379],[12.16196,45.85318],[12.16058,45.85369],[12.15484,45.85368],[12.13404,45.84715],[12.12292,45.84075],[12.11764,45.83779],[12.10966,45.8361],[12.10729,45.83549],[12.10406,45.83521],[12.10144,45.83759],[12.09679,45.84121],[12.09239,45.84525],[12.07707,45.8518],[12.07578,45.85195],[12.07078,45.85199],[12.05865,45.85308],[12.03672,45.84529],[12.03673,45.84577],[12.03513,45.85372],[12.03504,45.85548],[12.03443,45.85655],[12.03183,45.85767],[12.02763,45.85895],[12.02739,45.85852],[12.0232,45.85849],[12.01307,45.85966],[12.01108,45.8605],[12.00796,45.86229],[12.00297,45.86467],[12.00177,45.86648],[12.00082,45.86722],[11.99493,45.87025],[11.98918,45.87383],[11.9839,45.87676],[11.98039,45.87693],[11.97837,45.87736],[11.96963,45.88084],[11.96472,45.883],[11.95819,45.88677],[11.9543,45.88994],[11.95154,45.89118],[11.95022,45.89241],[11.94924,45.89534],[11.94373,45.89356],[11.9424,45.89423],[11.94142,45.8935],[11.93903,45.89296],[11.93271,45.89356],[11.93053,45.89415],[11.92825,45.89316],[11.92452,45.89222],[11.91982,45.89071],[11.91823,45.8896],[11.91334,45.88916],[11.91122,45.88917],[11.90808,45.88971],[11.90475,45.88929],[11.90031,45.88923],[11.89409,45.88712],[11.8884,45.88462],[11.88272,45.88319],[11.87959,45.88195],[11.87612,45.88123],[11.87279,45.88115],[11.86923,45.88075],[11.86279,45.88252],[11.8599,45.88391],[11.85686,45.88368],[11.85229,45.88449],[11.84716,45.88389],[11.84645,45.8843],[11.84537,45.8876],[11.84454,45.88883],[11.84505,45.89113],[11.84647,45.89403],[11.84631,45.89566],[11.84501,45.89677],[11.84127,45.89793],[11.84016,45.89892],[11.83957,45.90067],[11.83854,45.90147],[11.83681,45.90152],[11.8345,45.9028],[11.83332,45.90413],[11.83068,45.90547],[11.82902,45.90757],[11.82534,45.9081],[11.82254,45.90461],[11.82084,45.90288],[11.81962,45.90105],[11.81749,45.90001],[11.81703,45.89818],[11.81532,45.89435],[11.81162,45.89096],[11.81136,45.88942],[11.80762,45.88612],[11.80397,45.88407],[11.80181,45.88207],[11.7996,45.88056],[11.79983,45.87632],[11.79921,45.87489],[11.79923,45.87196],[11.79642,45.87173],[11.79265,45.87096],[11.79001,45.87143],[11.78617,45.87064],[11.78528,45.86957],[11.78265,45.86949],[11.78033,45.86814],[11.77498,45.86845],[11.77021,45.86815],[11.76665,45.86931],[11.7659,45.86643],[11.76414,45.86362],[11.76247,45.86189],[11.76218,45.85881],[11.76018,45.85773],[11.75528,45.85723],[11.75103,45.85649],[11.74624,45.85653],[11.74494,45.85621],[11.7427,45.8549],[11.74401,45.85241],[11.744,45.85013],[11.74579,45.84791],[11.74953,45.84633],[11.75388,45.84455],[11.75637,45.84436],[11.75732,45.84347],[11.75795,45.84081],[11.75939,45.83867],[11.75763,45.83331],[11.75376,45.83039],[11.75184,45.82661],[11.7515,45.82492],[11.75037,45.82335],[11.7505,45.82048],[11.75228,45.81861],[11.75277,45.8159],[11.75678,45.81145],[11.75898,45.80956],[11.76127,45.80597],[11.76219,45.80497],[11.76359,45.80519],[11.76465,45.80323],[11.76323,45.80263],[11.76421,45.80185],[11.76557,45.80226],[11.76782,45.80074],[11.76934,45.79881],[11.77067,45.79819],[11.77271,45.79604],[11.775,45.79597],[11.77692,45.79457],[11.77923,45.79188],[11.78194,45.79299],[11.78333,45.79404],[11.78313,45.79473],[11.78425,45.79569],[11.78683,45.79669],[11.78913,45.79716],[11.79091,45.79826],[11.79117,45.80026],[11.7941,45.80057],[11.79467,45.7991],[11.79622,45.79986],[11.79869,45.79953],[11.80327,45.79996],[11.80384,45.798],[11.80751,45.79735],[11.81121,45.79753],[11.81022,45.79651],[11.80849,45.79578],[11.80946,45.79433],[11.80905,45.79294],[11.81079,45.79143],[11.81157,45.79016],[11.81284,45.78927],[11.81534,45.78918],[11.81708,45.78853],[11.81845,45.78722],[11.81925,45.78577],[11.81846,45.78549],[11.82007,45.78274],[11.82113,45.78218],[11.82242,45.77893],[11.82065,45.77882],[11.82224,45.77515],[11.8237,45.77272],[11.82552,45.77266],[11.82678,45.76948],[11.82448,45.7678],[11.82521,45.7667],[11.82651,45.76597],[11.82619,45.76481],[11.8281,45.76219],[11.83108,45.76128],[11.83207,45.76004],[11.83217,45.75875],[11.83022,45.75846],[11.83077,45.75763],[11.83283,45.75767],[11.83318,45.75593],[11.83123,45.75588],[11.82969,45.75539],[11.83619,45.74898],[11.83343,45.7463],[11.83266,45.74431],[11.83102,45.74157],[11.8312,45.74051]]]},"properties":{"idApp":925030,"aopId":"montello-rosso","name":"Montello Rosso","nameJa":"モンテッロ・ロッソ","kind":"village","tags":["docg"],"rank":1},"bbox":[11.7427,45.72341,12.27971,45.9081]},{"type":"Feature","geometry":{"type":"Polygon","coordinates":[[[11.8312,45.74051],[11.83229,45.74046],[11.83714,45.74104],[11.83939,45.74208],[11.83981,45.74316],[11.84218,45.74305],[11.84261,45.74442],[11.84464,45.74401],[11.84732,45.74408],[11.84953,45.74358],[11.85223,45.74366],[11.8526,45.74499],[11.85554,45.74525],[11.85639,45.74663],[11.85636,45.74808],[11.85792,45.74778],[11.85779,45.74897],[11.85905,45.74911],[11.85941,45.75128],[11.86005,45.75201],[11.86381,45.75362],[11.8661,45.75404],[11.86574,45.75516],[11.86696,45.75575],[11.87028,45.75418],[11.86996,45.75562],[11.87371,45.75679],[11.87515,45.75671],[11.87503,45.75569],[11.87734,45.75555],[11.87822,45.75669],[11.87935,45.75626],[11.89196,45.75575],[11.89192,45.75613],[11.90062,45.75577],[11.90021,45.75925],[11.90109,45.76053],[11.90301,45.76047],[11.90298,45.76257],[11.90163,45.7621],[11.90153,45.76382],[11.9048,45.76418],[11.90485,45.76548],[11.9076,45.7656],[11.91173,45.7666],[11.91603,45.76823],[11.9173,45.76812],[11.91822,45.76505],[11.9204,45.7629],[11.92109,45.76073],[11.92424,45.76106],[11.92483,45.76014],[11.92695,45.76066],[11.93266,45.75987],[11.93344,45.75749],[11.93945,45.75848],[11.93908,45.76081],[11.94397,45.76067],[11.94376,45.76182],[11.94471,45.76214],[11.94569,45.76113],[11.94844,45.76131],[11.94526,45.7705],[11.95008,45.77095],[11.95425,45.77179],[11.95451,45.77094],[11.95731,45.77131],[11.95737,45.77194],[11.96012,45.77232],[11.96313,45.77208],[11.96611,45.77257],[11.9666,45.76958],[11.96671,45.76666],[11.96753,45.76462],[11.97452,45.76523],[11.97569,45.76595],[11.97914,45.76653],[11.97928,45.76506],[11.98023,45.76377],[11.98201,45.75951],[11.98187,45.75764],[11.98422,45.75792],[11.98472,45.75582],[11.98744,45.75596],[11.98878,45.75495],[11.99035,45.75295],[11.99081,45.75097],[11.99291,45.75045],[11.99331,45.74851],[11.99471,45.74786],[11.99627,45.74489],[11.99776,45.73942],[11.99773,45.73764],[11.99858,45.73555],[11.99844,45.73233],[12.00236,45.7324],[12.00254,45.734],[12.00661,45.73359],[12.00724,45.73423],[12.01045,45.73327],[12.02075,45.73208],[12.02851,45.73151],[12.02915,45.73007],[12.02913,45.72854],[12.03042,45.72753],[12.03093,45.72341],[12.03503,45.72372],[12.03506,45.72468],[12.03655,45.72599],[12.04025,45.72735],[12.04329,45.72698],[12.04355,45.7285],[12.04496,45.72934],[12.04495,45.73447],[12.04724,45.73517],[12.0471,45.73643],[12.0481,45.73675],[12.04793,45.73984],[12.04745,45.74236],[12.04956,45.74296],[12.0556,45.74395],[12.0565,45.74359],[12.05864,45.74388],[12.05789,45.74631],[12.06166,45.74692],[12.06102,45.74856],[12.0694,45.75077],[12.06885,45.75169],[12.07277,45.75159],[12.07707,45.75257],[12.07659,45.75384],[12.07849,45.75484],[12.08096,45.75534],[12.08154,45.75624],[12.08298,45.75633],[12.08549,45.75761],[12.08634,45.75737],[12.08734,45.75595],[12.08944,45.75435],[12.09147,45.75155],[12.09257,45.75188],[12.09488,45.75414],[12.10003,45.75655],[12.10436,45.75837],[12.10648,45.75582],[12.11185,45.75157],[12.11662,45.75391],[12.11928,45.75613],[12.12036,45.75788],[12.12464,45.75477],[12.12899,45.75277],[12.13599,45.74767],[12.13206,45.74442],[12.13444,45.74282],[12.13588,45.7414],[12.13686,45.74106],[12.13849,45.74151],[12.13981,45.74281],[12.1416,45.74392],[12.14351,45.7422],[12.1473,45.74009],[12.14846,45.7403],[12.15067,45.74164],[12.15191,45.74278],[12.15508,45.74172],[12.15783,45.74376],[12.15893,45.74389],[12.15589,45.74619],[12.15671,45.74694],[12.15516,45.74805],[12.15647,45.74984],[12.15252,45.75269],[12.15238,45.75351],[12.15447,45.7548],[12.15788,45.7562],[12.15982,45.75761],[12.16477,45.76079],[12.16811,45.76211],[12.1719,45.76278],[12.1736,45.76283],[12.17578,45.76226],[12.17848,45.76272],[12.18152,45.76011],[12.18479,45.75904],[12.18608,45.75947],[12.18633,45.76209],[12.18725,45.76587],[12.18898,45.7666],[12.18914,45.76794],[12.18999,45.76883],[12.19278,45.76883],[12.19473,45.76843],[12.195,45.7697],[12.19724,45.77013],[12.19795,45.76924],[12.20107,45.76883],[12.20329,45.76957],[12.20503,45.77172],[12.20712,45.76975],[12.20801,45.77081],[12.20917,45.77027],[12.21027,45.77128],[12.20842,45.7729],[12.20696,45.77568],[12.20554,45.77514],[12.20316,45.77988],[12.20256,45.78051],[12.20362,45.78207],[12.20621,45.78169],[12.20645,45.78339],[12.20556,45.78445],[12.20578,45.78561],[12.20469,45.78682],[12.2035,45.78736],[12.20346,45.78908],[12.20292,45.79129],[12.20419,45.79142],[12.20428,45.7932],[12.20519,45.79318],[12.20581,45.79576],[12.20977,45.79561],[12.21418,45.79609],[12.21457,45.79541],[12.21653,45.79479],[12.21779,45.79566],[12.22022,45.79455],[12.22616,45.79378],[12.22688,45.79421],[12.23169,45.79449],[12.23411,45.79441],[12.2396,45.79484],[12.24299,45.79578],[12.24456,45.79737],[12.24689,45.79781],[12.25352,45.80012],[12.25597,45.80063],[12.25942,45.80192],[12.27971,45.80732],[12.26472,45.81182],[12.25356,45.81535],[12.25209,45.81372],[12.24711,45.81642],[12.2419,45.81745],[12.23512,45.81997],[12.22911,45.82238],[12.22449,45.82259],[12.22073,45.82313],[12.21221,45.82555],[12.20942,45.8277],[12.2065,45.83061],[12.20539,45.83215],[12.20207,45.8351],[12.19035,45.84286],[12.17867,45.85103],[12.17668,45.85185],[12.16713,45.85434],[12.1632,45.85379],[12.16196,45.85318],[12.16058,45.85369],[12.15484,45.85368],[12.13404,45.84715],[12.12292,45.84075],[12.11764,45.83779],[12.10966,45.8361],[12.10729,45.83549],[12.10406,45.83521],[12.10144,45.83759],[12.09679,45.84121],[12.09239,45.84525],[12.07707,45.8518],[12.07578,45.85195],[12.07078,45.85199],[12.05865,45.85308],[12.03672,45.84529],[12.03673,45.84577],[12.03513,45.85372],[12.03504,45.85548],[12.03443,45.85655],[12.03183,45.85767],[12.02763,45.85895],[12.02739,45.85852],[12.0232,45.85849],[12.01307,45.85966],[12.01108,45.8605],[12.00796,45.86229],[12.00297,45.86467],[12.00177,45.86648],[12.00082,45.86722],[11.99493,45.87025],[11.98918,45.87383],[11.9839,45.87676],[11.98039,45.87693],[11.97837,45.87736],[11.96963,45.88084],[11.96472,45.883],[11.95819,45.88677],[11.9543,45.88994],[11.95154,45.89118],[11.95022,45.89241],[11.94924,45.89534],[11.94373,45.89356],[11.9424,45.89423],[11.94142,45.8935],[11.93903,45.89296],[11.93271,45.89356],[11.93053,45.89415],[11.92825,45.89316],[11.92452,45.89222],[11.91982,45.89071],[11.91823,45.8896],[11.91334,45.88916],[11.91122,45.88917],[11.90808,45.88971],[11.90475,45.88929],[11.90031,45.88923],[11.89409,45.88712],[11.8884,45.88462],[11.88272,45.88319],[11.87959,45.88195],[11.87612,45.88123],[11.87279,45.88115],[11.86923,45.88075],[11.86279,45.88252],[11.8599,45.88391],[11.85686,45.88368],[11.85229,45.88449],[11.84716,45.88389],[11.84645,45.8843],[11.84537,45.8876],[11.84454,45.88883],[11.84505,45.89113],[11.84647,45.89403],[11.84631,45.89566],[11.84501,45.89677],[11.84127,45.89793],[11.84016,45.89892],[11.83957,45.90067],[11.83854,45.90147],[11.83681,45.90152],[11.8345,45.9028],[11.83332,45.90413],[11.83068,45.90547],[11.82902,45.90757],[11.82534,45.9081],[11.82254,45.90461],[11.82084,45.90288],[11.81962,45.90105],[11.81749,45.90001],[11.81703,45.89818],[11.81532,45.89435],[11.81162,45.89096],[11.81136,45.88942],[11.80762,45.88612],[11.80397,45.88407],[11.80181,45.88207],[11.7996,45.88056],[11.79983,45.87632],[11.79921,45.87489],[11.79923,45.87196],[11.79642,45.87173],[11.79265,45.87096],[11.79001,45.87143],[11.78617,45.87064],[11.78528,45.86957],[11.78265,45.86949],[11.78033,45.86814],[11.77498,45.86845],[11.77021,45.86815],[11.76665,45.86931],[11.7659,45.86643],[11.76414,45.86362],[11.76247,45.86189],[11.76218,45.85881],[11.76018,45.85773],[11.75528,45.85723],[11.75103,45.85649],[11.74624,45.85653],[11.74494,45.85621],[11.7427,45.8549],[11.74401,45.85241],[11.744,45.85013],[11.74579,45.84791],[11.74953,45.84633],[11.75388,45.84455],[11.75637,45.84436],[11.75732,45.84347],[11.75795,45.84081],[11.75939,45.83867],[11.75763,45.83331],[11.75376,45.83039],[11.75184,45.82661],[11.7515,45.82492],[11.75037,45.82335],[11.7505,45.82048],[11.75228,45.81861],[11.75277,45.8159],[11.75678,45.81145],[11.75898,45.80956],[11.76127,45.80597],[11.76219,45.80497],[11.76359,45.80519],[11.76465,45.80323],[11.76323,45.80263],[11.76421,45.80185],[11.76557,45.80226],[11.76782,45.80074],[11.76934,45.79881],[11.77067,45.79819],[11.77271,45.79604],[11.775,45.79597],[11.77692,45.79457],[11.77923,45.79188],[11.78194,45.79299],[11.78333,45.79404],[11.78313,45.79473],[11.78425,45.79569],[11.78683,45.79669],[11.78913,45.79716],[11.79091,45.79826],[11.79117,45.80026],[11.7941,45.80057],[11.79467,45.7991],[11.79622,45.79986],[11.79869,45.79953],[11.80327,45.79996],[11.80384,45.798],[11.80751,45.79735],[11.81121,45.79753],[11.81022,45.79651],[11.80849,45.79578],[11.80946,45.79433],[11.80905,45.79294],[11.81079,45.79143],[11.81157,45.79016],[11.81284,45.78927],[11.81534,45.78918],[11.81708,45.78853],[11.81845,45.78722],[11.81925,45.78577],[11.81846,45.78549],[11.82007,45.78274],[11.82113,45.78218],[11.82242,45.77893],[11.82065,45.77882],[11.82224,45.77515],[11.8237,45.77272],[11.82552,45.77266],[11.82678,45.76948],[11.82448,45.7678],[11.82521,45.7667],[11.82651,45.76597],[11.82619,45.76481],[11.8281,45.76219],[11.83108,45.76128],[11.83207,45.76004],[11.83217,45.75875],[11.83022,45.75846],[11.83077,45.75763],[11.83283,45.75767],[11.83318,45.75593],[11.83123,45.75588],[11.82969,45.75539],[11.83619,45.74898],[11.83343,45.7463],[11.83266,45.74431],[11.83102,45.74157],[11.8312,45.74051]]]},"properties":{"idApp":925031,"aopId":"asolo-montello","name":"Asolo Montello","nameJa":"アーゾロ・モンテッロ","kind":"village","tags":["doc"],"rank":1},"bbox":[11.7427,45.72341,12.27971,45.9081]},{"type":"Feature","geometry":{"type":"Polygon","coordinates":[[[10.6416,45.47208],[10.64288,45.46262],[10.64309,45.45737],[10.64273,45.45693],[10.64293,45.45453],[10.6443,45.4539],[10.64765,45.45141],[10.64696,45.45078],[10.64692,45.44946],[10.64777,45.44854],[10.64633,45.44779],[10.64314,45.44713],[10.64344,45.44438],[10.63913,45.44438],[10.63786,45.44419],[10.63173,45.44406],[10.63019,45.44268],[10.62849,45.44219],[10.62454,45.44364],[10.62297,45.44215],[10.62395,45.44117],[10.62337,45.4402],[10.62425,45.43818],[10.62573,45.43855],[10.62728,45.43828],[10.62824,45.43966],[10.63078,45.43921],[10.63271,45.43994],[10.63462,45.44015],[10.63544,45.44222],[10.63691,45.4427],[10.64025,45.44282],[10.64031,45.4435],[10.64214,45.44371],[10.64308,45.44264],[10.64387,45.44075],[10.64789,45.44106],[10.64949,45.44079],[10.64886,45.43871],[10.6451,45.43678],[10.64485,45.4343],[10.64518,45.43158],[10.64751,45.43042],[10.64974,45.43058],[10.64947,45.42898],[10.65146,45.42861],[10.65076,45.42594],[10.64993,45.42509],[10.64744,45.42376],[10.6463,45.42349],[10.64662,45.42137],[10.64403,45.41995],[10.64358,45.418],[10.64817,45.41709],[10.65052,45.41703],[10.65308,45.41605],[10.65466,45.41583],[10.65752,45.41866],[10.65729,45.41996],[10.65564,45.42115],[10.65599,45.42171],[10.65871,45.42173],[10.66071,45.42233],[10.66373,45.42273],[10.66277,45.42489],[10.66271,45.42689],[10.66332,45.42782],[10.66458,45.42811],[10.66706,45.42611],[10.66851,45.42639],[10.67156,45.4258],[10.67219,45.42622],[10.67435,45.42573],[10.67567,45.42466],[10.67683,45.42561],[10.68004,45.42437],[10.68244,45.4249],[10.68932,45.42265],[10.68925,45.42418],[10.69154,45.42389],[10.69455,45.42203],[10.69809,45.42111],[10.69798,45.42267],[10.69978,45.42156],[10.70196,45.42159],[10.70448,45.4202],[10.71352,45.41832],[10.71457,45.41759],[10.71669,45.41905],[10.71981,45.41898],[10.72087,45.41781],[10.72313,45.41694],[10.72665,45.4147],[10.72812,45.41603],[10.72895,45.41742],[10.72918,45.41962],[10.73137,45.42194],[10.73199,45.42112],[10.73202,45.41924],[10.73248,45.41774],[10.73201,45.41631],[10.73242,45.41229],[10.73221,45.41101],[10.73377,45.40884],[10.7338,45.40699],[10.73622,45.40754],[10.7403,45.40719],[10.74372,45.40755],[10.74739,45.40757],[10.74824,45.40695],[10.74656,45.40467],[10.74651,45.40352],[10.75122,45.40316],[10.75378,45.40264],[10.75319,45.40123],[10.75375,45.39894],[10.75448,45.3983],[10.75669,45.39753],[10.7557,45.39562],[10.75616,45.39485],[10.75998,45.39477],[10.76339,45.39271],[10.76508,45.39113],[10.76458,45.38734],[10.76538,45.38646],[10.76761,45.38618],[10.76892,45.38651],[10.77283,45.38855],[10.77274,45.39025],[10.77127,45.3914],[10.77081,45.39265],[10.77684,45.39358],[10.77854,45.39399],[10.78176,45.39225],[10.78529,45.39152],[10.78616,45.39057],[10.78501,45.39007],[10.78339,45.39075],[10.7801,45.38974],[10.77752,45.38839],[10.77709,45.38641],[10.77561,45.38467],[10.77534,45.38308],[10.77631,45.38104],[10.78235,45.38007],[10.78372,45.37913],[10.78254,45.37531],[10.78409,45.37255],[10.78426,45.36938],[10.78548,45.36879],[10.78666,45.3691],[10.79228,45.36775],[10.79593,45.36751],[10.79976,45.36775],[10.80233,45.36929],[10.80631,45.36998],[10.80947,45.37023],[10.81524,45.37195],[10.81973,45.37407],[10.82249,45.37575],[10.82457,45.37629],[10.82632,45.37822],[10.82783,45.379],[10.82916,45.37887],[10.83491,45.37993],[10.84182,45.38063],[10.84595,45.38118],[10.85539,45.38349],[10.86155,45.38582],[10.87559,45.39076],[10.88691,45.39513],[10.89558,45.39867],[10.89774,45.39868],[10.9005,45.40033],[10.90334,45.40101],[10.9066,45.40222],[10.91046,45.40335],[10.9161,45.40569],[10.91146,45.41514],[10.90871,45.42145],[10.90588,45.42715],[10.90963,45.42718],[10.90774,45.43005],[10.90611,45.43046],[10.90604,45.43333],[10.90358,45.43626],[10.89785,45.4399],[10.89493,45.44213],[10.89218,45.44291],[10.88953,45.44306],[10.88686,45.44667],[10.88586,45.44901],[10.88461,45.45066],[10.88106,45.45222],[10.87761,45.45398],[10.88098,45.45637],[10.87761,45.45994],[10.87684,45.46156],[10.88157,45.46205],[10.88628,45.46365],[10.89007,45.46516],[10.89344,45.46548],[10.89568,45.46602],[10.89926,45.46734],[10.9025,45.46907],[10.90438,45.46952],[10.90627,45.47065],[10.90402,45.47197],[10.90014,45.4758],[10.89579,45.4774],[10.8923,45.47726],[10.88912,45.47652],[10.88718,45.47498],[10.88419,45.47363],[10.87978,45.4728],[10.87635,45.47323],[10.87343,45.47435],[10.87022,45.47937],[10.86852,45.48026],[10.86582,45.4798],[10.8598,45.47774],[10.85672,45.47693],[10.85346,45.47669],[10.85054,45.47704],[10.84466,45.47971],[10.83151,45.48122],[10.82879,45.48126],[10.8273,45.48166],[10.82511,45.48422],[10.82468,45.48598],[10.82552,45.48911],[10.82516,45.49071],[10.82423,45.49236],[10.82185,45.49516],[10.81951,45.49688],[10.81521,45.4984],[10.81195,45.50076],[10.80971,45.50303],[10.80906,45.50646],[10.80819,45.51069],[10.80734,45.51243],[10.80594,45.51381],[10.80381,45.5161],[10.80379,45.51782],[10.80598,45.52338],[10.80584,45.52636],[10.80522,45.5273],[10.80546,45.52878],[10.80952,45.53339],[10.81119,45.53673],[10.8138,45.54048],[10.81768,45.54378],[10.81976,45.5474],[10.82114,45.54892],[10.82535,45.55058],[10.8276,45.55201],[10.8283,45.55284],[10.83046,45.55655],[10.83038,45.55886],[10.82948,45.55984],[10.82705,45.56141],[10.82581,45.56263],[10.82498,45.56473],[10.82582,45.56791],[10.82357,45.56802],[10.82182,45.56686],[10.81978,45.56732],[10.81904,45.56886],[10.81919,45.57055],[10.82024,45.57381],[10.82138,45.57619],[10.82227,45.57936],[10.82306,45.58051],[10.82466,45.58156],[10.82705,45.58208],[10.83218,45.58178],[10.83741,45.58235],[10.84175,45.58416],[10.84402,45.58637],[10.84385,45.58867],[10.84273,45.59235],[10.84282,45.59412],[10.84378,45.59718],[10.84557,45.59938],[10.84813,45.60337],[10.85153,45.60523],[10.84907,45.60549],[10.84939,45.60712],[10.84842,45.60797],[10.84647,45.60872],[10.84838,45.61103],[10.84762,45.61175],[10.84938,45.61389],[10.84756,45.61452],[10.84624,45.61551],[10.84363,45.61559],[10.84311,45.61451],[10.84058,45.61346],[10.84013,45.61212],[10.84062,45.61013],[10.84014,45.60801],[10.83897,45.60715],[10.83873,45.60539],[10.83797,45.60413],[10.83656,45.60348],[10.83587,45.60185],[10.83456,45.60057],[10.83294,45.59995],[10.83326,45.5988],[10.83195,45.59648],[10.83244,45.59529],[10.83029,45.5928],[10.82877,45.59167],[10.82874,45.59082],[10.82705,45.58923],[10.82544,45.58859],[10.82347,45.58707],[10.82043,45.58779],[10.81885,45.58709],[10.81751,45.58753],[10.81533,45.58761],[10.81349,45.58817],[10.81297,45.58732],[10.81036,45.58482],[10.80798,45.58463],[10.80666,45.58634],[10.80661,45.58799],[10.80529,45.59082],[10.80468,45.59306],[10.8036,45.59254],[10.80173,45.59299],[10.80008,45.59226],[10.79869,45.59076],[10.79501,45.58957],[10.79114,45.5875],[10.78837,45.58773],[10.78622,45.58733],[10.78474,45.58801],[10.78128,45.5841],[10.78042,45.58366],[10.7784,45.58368],[10.77526,45.58245],[10.77184,45.58342],[10.76694,45.58388],[10.76465,45.58308],[10.76214,45.58261],[10.76069,45.58273],[10.75957,45.58364],[10.75835,45.58541],[10.75726,45.58541],[10.75582,45.58828],[10.75472,45.58958],[10.75061,45.58817],[10.74958,45.58923],[10.74584,45.5915],[10.74175,45.59644],[10.74326,45.59767],[10.74393,45.59914],[10.74324,45.6003],[10.74297,45.60232],[10.74422,45.60387],[10.74401,45.60738],[10.7442,45.60837],[10.74631,45.61135],[10.7471,45.61188],[10.74647,45.61397],[10.74758,45.61524],[10.74631,45.61604],[10.74588,45.61802],[10.74501,45.62013],[10.74276,45.62074],[10.73999,45.62257],[10.73785,45.62365],[10.73424,45.62367],[10.73234,45.6229],[10.73058,45.62322],[10.72587,45.62105],[10.72461,45.62006],[10.72263,45.62062],[10.72145,45.6199],[10.71874,45.61959],[10.71693,45.62195],[10.71792,45.6235],[10.71742,45.62427],[10.7183,45.62683],[10.72041,45.62868],[10.72132,45.62992],[10.7188,45.63094],[10.71569,45.6315],[10.71273,45.63241],[10.71253,45.63299],[10.71407,45.63641],[10.715,45.63703],[10.71606,45.63905],[10.71729,45.6399],[10.71831,45.64181],[10.72019,45.642],[10.72123,45.64002],[10.72122,45.63802],[10.72278,45.63697],[10.72412,45.63941],[10.72603,45.64058],[10.72636,45.6419],[10.72855,45.64342],[10.73073,45.64616],[10.73195,45.64714],[10.73251,45.64841],[10.73428,45.64992],[10.73527,45.65132],[10.73675,45.65222],[10.73567,45.65512],[10.73433,45.65557],[10.73584,45.65707],[10.73608,45.65814],[10.73291,45.65962],[10.72957,45.6603],[10.7273,45.66165],[10.70205,45.66162],[10.68952,45.66179],[10.68144,45.65473],[10.63107,45.60951],[10.62792,45.60683],[10.63097,45.58161],[10.63232,45.56846],[10.63764,45.51149],[10.64079,45.47918],[10.6416,45.47208]]]},"properties":{"idApp":925013,"aopId":"bardolino-superiore","name":"Bardolino Superiore","nameJa":"バルドリーノ・スペリオーレ","kind":"village","tags":["docg"],"rank":1},"bbox":[10.62297,45.36751,10.9161,45.66179]},{"type":"Feature","geometry":{"type":"Polygon","coordinates":[[[11.62166,45.25638],[11.62565,45.25569],[11.62327,45.25236],[11.61957,45.24597],[11.61195,45.24726],[11.61035,45.24243],[11.61218,45.2398],[11.61262,45.23583],[11.61543,45.23167],[11.61536,45.22887],[11.62057,45.2286],[11.62143,45.22585],[11.62219,45.22559],[11.62381,45.22263],[11.62442,45.21764],[11.62575,45.21722],[11.63104,45.21452],[11.63624,45.20994],[11.63779,45.20887],[11.64145,45.21037],[11.64382,45.20738],[11.64459,45.20708],[11.64644,45.20929],[11.64757,45.2086],[11.64886,45.20585],[11.64872,45.20336],[11.64625,45.20207],[11.64605,45.2014],[11.64834,45.20003],[11.64928,45.19788],[11.64942,45.19666],[11.64815,45.19481],[11.64769,45.19324],[11.64558,45.19122],[11.64625,45.19021],[11.64874,45.18867],[11.65001,45.18824],[11.64826,45.18544],[11.64675,45.18228],[11.64924,45.18108],[11.64947,45.1785],[11.65498,45.17968],[11.65834,45.17958],[11.66135,45.17922],[11.66053,45.1814],[11.66096,45.1832],[11.66181,45.18394],[11.66949,45.18939],[11.67551,45.19442],[11.67615,45.19512],[11.67653,45.19836],[11.68213,45.19833],[11.68233,45.19996],[11.68443,45.19981],[11.68489,45.19916],[11.68714,45.19821],[11.6889,45.20106],[11.69017,45.20063],[11.68893,45.19871],[11.69068,45.19787],[11.69198,45.19881],[11.69464,45.19792],[11.69616,45.19972],[11.69518,45.20113],[11.6968,45.20295],[11.70207,45.20247],[11.70556,45.20148],[11.70598,45.19987],[11.70751,45.19965],[11.70966,45.19872],[11.71015,45.19798],[11.71246,45.19714],[11.714,45.19896],[11.7151,45.19908],[11.71555,45.19785],[11.71718,45.19728],[11.71892,45.19997],[11.7201,45.2011],[11.72242,45.20165],[11.72366,45.19994],[11.7262,45.1979],[11.72628,45.19585],[11.72749,45.19486],[11.73002,45.19188],[11.73418,45.19009],[11.73552,45.18889],[11.74074,45.1875],[11.74469,45.18804],[11.74708,45.18782],[11.74823,45.18825],[11.7524,45.1891],[11.75379,45.19002],[11.75731,45.19067],[11.75839,45.1899],[11.76284,45.19007],[11.76684,45.18908],[11.76774,45.18832],[11.77069,45.18778],[11.77534,45.18843],[11.77875,45.19046],[11.77727,45.19196],[11.77317,45.19487],[11.77207,45.19716],[11.77245,45.19866],[11.77377,45.20083],[11.77461,45.20134],[11.77614,45.20466],[11.77515,45.20735],[11.77335,45.20801],[11.77403,45.21069],[11.77514,45.21042],[11.77754,45.20898],[11.77861,45.20909],[11.77792,45.21124],[11.77932,45.21235],[11.78194,45.21185],[11.78334,45.20924],[11.78332,45.20795],[11.78416,45.2072],[11.78863,45.20719],[11.79202,45.20747],[11.79913,45.20724],[11.80419,45.20663],[11.80895,45.20527],[11.80989,45.20393],[11.81161,45.20312],[11.81296,45.2017],[11.81304,45.20099],[11.81201,45.19951],[11.81115,45.19638],[11.81249,45.19554],[11.81331,45.19773],[11.81432,45.19907],[11.81527,45.19892],[11.81655,45.20004],[11.81615,45.20185],[11.81677,45.20358],[11.81612,45.20496],[11.81511,45.20557],[11.81554,45.20667],[11.81334,45.2104],[11.81094,45.212],[11.81457,45.21502],[11.81341,45.21753],[11.8119,45.21777],[11.81251,45.21912],[11.8141,45.21988],[11.81431,45.22126],[11.81175,45.2211],[11.80904,45.22153],[11.8075,45.22245],[11.80694,45.22339],[11.80535,45.22435],[11.80481,45.22647],[11.80238,45.22894],[11.80284,45.23125],[11.80231,45.23262],[11.80387,45.23325],[11.80479,45.23462],[11.80491,45.23609],[11.80238,45.23726],[11.79702,45.2378],[11.79557,45.23834],[11.79401,45.24],[11.79249,45.24],[11.79022,45.24073],[11.78869,45.24077],[11.78708,45.2401],[11.7859,45.24231],[11.78572,45.24406],[11.78489,45.24556],[11.78252,45.24641],[11.78199,45.24808],[11.78063,45.24884],[11.77991,45.25093],[11.77869,45.25216],[11.7769,45.25235],[11.77507,45.25417],[11.77444,45.25599],[11.77509,45.25802],[11.77292,45.25959],[11.77309,45.26067],[11.77427,45.26244],[11.77657,45.26431],[11.77935,45.2662],[11.7785,45.26687],[11.77879,45.26825],[11.7748,45.271],[11.77493,45.27134],[11.77607,45.2743],[11.77729,45.27452],[11.77739,45.27613],[11.77849,45.27652],[11.78006,45.27902],[11.78152,45.28071],[11.78297,45.28132],[11.78439,45.28281],[11.78531,45.28311],[11.78419,45.28476],[11.78557,45.28678],[11.78661,45.28751],[11.78847,45.28715],[11.78937,45.2856],[11.79091,45.28417],[11.79037,45.28337],[11.79077,45.28213],[11.79287,45.27966],[11.79397,45.27877],[11.79586,45.27805],[11.79844,45.27822],[11.80475,45.27705],[11.80825,45.27514],[11.81085,45.27507],[11.81845,45.27303],[11.82054,45.27169],[11.82264,45.27159],[11.82563,45.27304],[11.8283,45.27316],[11.82951,45.27269],[11.83088,45.2746],[11.83095,45.27629],[11.83386,45.27632],[11.83365,45.27755],[11.83496,45.28026],[11.83471,45.28177],[11.83598,45.28286],[11.83739,45.28236],[11.84148,45.28228],[11.84961,45.27998],[11.84966,45.27867],[11.85156,45.27871],[11.85184,45.27992],[11.85291,45.28109],[11.85412,45.28108],[11.85566,45.28394],[11.85715,45.28431],[11.85786,45.28661],[11.86043,45.28772],[11.85996,45.28998],[11.86221,45.28996],[11.86294,45.28819],[11.86487,45.28758],[11.86572,45.2889],[11.86702,45.28843],[11.87033,45.28802],[11.87003,45.29091],[11.86916,45.29521],[11.86896,45.29878],[11.86637,45.3043],[11.86442,45.31174],[11.85441,45.31361],[11.84927,45.31494],[11.8417,45.3164],[11.83852,45.31735],[11.83967,45.31944],[11.83844,45.32039],[11.83946,45.32208],[11.83808,45.32233],[11.83573,45.32166],[11.83397,45.32232],[11.8346,45.32355],[11.83468,45.32554],[11.83038,45.32786],[11.82792,45.3289],[11.81833,45.33226],[11.81946,45.3341],[11.82708,45.3436],[11.8322,45.35048],[11.83642,45.35705],[11.83278,45.35834],[11.83163,45.35908],[11.82852,45.36305],[11.82654,45.36362],[11.82471,45.36473],[11.82105,45.3654],[11.81859,45.36608],[11.81656,45.367],[11.81538,45.36876],[11.81355,45.36985],[11.81215,45.36997],[11.80981,45.37093],[11.80899,45.37203],[11.80955,45.37308],[11.80981,45.37535],[11.80531,45.37746],[11.80676,45.38017],[11.81025,45.38487],[11.81193,45.38554],[11.813,45.3869],[11.81698,45.38765],[11.81531,45.39226],[11.8163,45.39247],[11.81824,45.39144],[11.81985,45.39131],[11.81892,45.39364],[11.82074,45.39447],[11.82102,45.39571],[11.81969,45.39593],[11.82031,45.39709],[11.81814,45.39715],[11.81826,45.39969],[11.81891,45.40092],[11.81843,45.40264],[11.82127,45.4028],[11.82244,45.40343],[11.82409,45.40353],[11.82554,45.41025],[11.82591,45.41556],[11.82473,45.41544],[11.823,45.41642],[11.82256,45.41807],[11.82065,45.41897],[11.81873,45.41881],[11.81805,45.41932],[11.81571,45.41974],[11.81487,45.4195],[11.81399,45.41799],[11.81188,45.41713],[11.80857,45.4192],[11.80693,45.41949],[11.80452,45.4185],[11.80243,45.41878],[11.802,45.41814],[11.79766,45.41938],[11.79519,45.41655],[11.7947,45.41429],[11.79257,45.41272],[11.79015,45.41246],[11.78717,45.4137],[11.78632,45.41558],[11.78867,45.41741],[11.78982,45.41897],[11.78961,45.42038],[11.78783,45.42241],[11.78489,45.42238],[11.78421,45.42369],[11.78253,45.42369],[11.78023,45.4244],[11.77842,45.42364],[11.77658,45.42212],[11.77431,45.42084],[11.77714,45.42018],[11.7751,45.41959],[11.77399,45.41838],[11.77176,45.41961],[11.76969,45.41776],[11.76888,45.41588],[11.76679,45.41338],[11.76542,45.41078],[11.76417,45.40996],[11.76368,45.40869],[11.76539,45.40854],[11.76409,45.40618],[11.76514,45.40509],[11.76348,45.40375],[11.76388,45.40267],[11.76214,45.40158],[11.76415,45.40039],[11.76607,45.40068],[11.7667,45.39915],[11.76406,45.39896],[11.76493,45.39799],[11.7665,45.39802],[11.768,45.39735],[11.76864,45.39567],[11.76987,45.3956],[11.76967,45.39699],[11.77119,45.39671],[11.77151,45.39578],[11.76791,45.39438],[11.76573,45.3907],[11.76307,45.38786],[11.75478,45.39047],[11.75126,45.38743],[11.74828,45.38665],[11.74776,45.38618],[11.74294,45.3886],[11.74125,45.38872],[11.73997,45.38731],[11.73327,45.39115],[11.73114,45.39309],[11.73082,45.39427],[11.72935,45.39428],[11.72934,45.3928],[11.72663,45.39359],[11.72601,45.39526],[11.72017,45.39532],[11.72082,45.39674],[11.71965,45.39826],[11.71702,45.39973],[11.71479,45.40066],[11.71374,45.40207],[11.71413,45.40555],[11.71404,45.40754],[11.71326,45.40831],[11.71385,45.40928],[11.71337,45.41069],[11.7138,45.41222],[11.7134,45.41369],[11.71183,45.41453],[11.71244,45.41581],[11.71175,45.41633],[11.71016,45.41602],[11.70934,45.41947],[11.70688,45.41801],[11.70637,45.41911],[11.70755,45.42101],[11.70681,45.42187],[11.70484,45.42226],[11.7039,45.42166],[11.69898,45.42397],[11.69565,45.42472],[11.69559,45.4272],[11.69446,45.42891],[11.69365,45.42916],[11.69227,45.42777],[11.69154,45.42574],[11.68787,45.42762],[11.68609,45.42772],[11.68624,45.42867],[11.68498,45.42933],[11.68327,45.42942],[11.68038,45.42863],[11.67956,45.4266],[11.67626,45.42308],[11.67223,45.42388],[11.66769,45.42309],[11.66564,45.42312],[11.66302,45.42178],[11.6612,45.42136],[11.6614,45.41975],[11.66108,45.41743],[11.65931,45.41718],[11.65918,45.41541],[11.65699,45.4156],[11.65662,45.4161],[11.65313,45.41676],[11.65234,45.41659],[11.65323,45.4104],[11.64804,45.40815],[11.64531,45.40729],[11.64295,45.40587],[11.63836,45.40372],[11.62485,45.39447],[11.62236,45.39305],[11.62041,45.39139],[11.61729,45.38943],[11.61573,45.38802],[11.6139,45.38282],[11.61188,45.37607],[11.61137,45.37486],[11.61224,45.37238],[11.61334,45.37076],[11.61414,45.36873],[11.6156,45.36657],[11.62001,45.36211],[11.62098,45.36136],[11.62311,45.36124],[11.62457,45.36013],[11.62748,45.35636],[11.62729,45.35441],[11.62629,45.35019],[11.62537,45.35012],[11.6254,45.34679],[11.62484,45.3454],[11.62327,45.34405],[11.62047,45.34338],[11.61759,45.34318],[11.61612,45.34199],[11.61585,45.34005],[11.61343,45.33905],[11.61318,45.33805],[11.61691,45.3365],[11.61821,45.3356],[11.61988,45.33264],[11.6196,45.32985],[11.61797,45.32858],[11.61828,45.32812],[11.61747,45.32545],[11.61627,45.32571],[11.6123,45.3254],[11.61414,45.32325],[11.6147,45.32186],[11.61452,45.31729],[11.61277,45.31646],[11.60977,45.31394],[11.60807,45.31458],[11.60603,45.31684],[11.60416,45.31833],[11.59612,45.31622],[11.59363,45.31508],[11.58834,45.31303],[11.58398,45.3075],[11.58121,45.30295],[11.5805,45.30118],[11.58029,45.29736],[11.58072,45.29386],[11.58025,45.29099],[11.58007,45.28799],[11.5805,45.28439],[11.58011,45.28258],[11.58282,45.27753],[11.58157,45.27298],[11.58514,45.27179],[11.59263,45.2681],[11.59908,45.26628],[11.6045,45.2637],[11.60819,45.26255],[11.61521,45.25959],[11.61773,45.25896],[11.61773,45.25852],[11.62083,45.2571],[11.62166,45.25638]]]},"properties":{"idApp":925020,"aopId":"colli-euganei-fior-d-arancio","name":"Colli Euganei Fior d'Arancio","nameJa":"コッリ・エウガネイ・フィオール・ダランチョ","kind":"village","tags":["docg"],"rank":1},"bbox":[11.58007,45.1785,11.87033,45.42942]},{"type":"Feature","geometry":{"type":"Polygon","coordinates":[[[11.62166,45.25638],[11.62565,45.25569],[11.62327,45.25236],[11.61957,45.24597],[11.61195,45.24726],[11.61035,45.24243],[11.61218,45.2398],[11.61262,45.23583],[11.61543,45.23167],[11.61536,45.22887],[11.62057,45.2286],[11.62143,45.22585],[11.62219,45.22559],[11.62381,45.22263],[11.62442,45.21764],[11.62575,45.21722],[11.63104,45.21452],[11.63624,45.20994],[11.63779,45.20887],[11.64145,45.21037],[11.64382,45.20738],[11.64459,45.20708],[11.64644,45.20929],[11.64757,45.2086],[11.64886,45.20585],[11.64872,45.20336],[11.64625,45.20207],[11.64605,45.2014],[11.64834,45.20003],[11.64928,45.19788],[11.64942,45.19666],[11.64815,45.19481],[11.64769,45.19324],[11.64558,45.19122],[11.64625,45.19021],[11.64874,45.18867],[11.65001,45.18824],[11.64826,45.18544],[11.64675,45.18228],[11.64924,45.18108],[11.64947,45.1785],[11.65498,45.17968],[11.65834,45.17958],[11.66135,45.17922],[11.66053,45.1814],[11.66096,45.1832],[11.66181,45.18394],[11.66949,45.18939],[11.67551,45.19442],[11.67615,45.19512],[11.67653,45.19836],[11.68213,45.19833],[11.68233,45.19996],[11.68443,45.19981],[11.68489,45.19916],[11.68714,45.19821],[11.6889,45.20106],[11.69017,45.20063],[11.68893,45.19871],[11.69068,45.19787],[11.69198,45.19881],[11.69464,45.19792],[11.69616,45.19972],[11.69518,45.20113],[11.6968,45.20295],[11.70207,45.20247],[11.70556,45.20148],[11.70598,45.19987],[11.70751,45.19965],[11.70966,45.19872],[11.71015,45.19798],[11.71246,45.19714],[11.714,45.19896],[11.7151,45.19908],[11.71555,45.19785],[11.71718,45.19728],[11.71892,45.19997],[11.7201,45.2011],[11.72242,45.20165],[11.72366,45.19994],[11.7262,45.1979],[11.72628,45.19585],[11.72749,45.19486],[11.73002,45.19188],[11.73418,45.19009],[11.73552,45.18889],[11.74074,45.1875],[11.74469,45.18804],[11.74708,45.18782],[11.74823,45.18825],[11.7524,45.1891],[11.75379,45.19002],[11.75731,45.19067],[11.75839,45.1899],[11.76284,45.19007],[11.76684,45.18908],[11.76774,45.18832],[11.77069,45.18778],[11.77534,45.18843],[11.77875,45.19046],[11.77727,45.19196],[11.77317,45.19487],[11.77207,45.19716],[11.77245,45.19866],[11.77377,45.20083],[11.77461,45.20134],[11.77614,45.20466],[11.77515,45.20735],[11.77335,45.20801],[11.77403,45.21069],[11.77514,45.21042],[11.77754,45.20898],[11.77861,45.20909],[11.77792,45.21124],[11.77932,45.21235],[11.78194,45.21185],[11.78334,45.20924],[11.78332,45.20795],[11.78416,45.2072],[11.78863,45.20719],[11.79202,45.20747],[11.79913,45.20724],[11.80419,45.20663],[11.80895,45.20527],[11.80989,45.20393],[11.81161,45.20312],[11.81296,45.2017],[11.81304,45.20099],[11.81201,45.19951],[11.81115,45.19638],[11.81249,45.19554],[11.81331,45.19773],[11.81432,45.19907],[11.81527,45.19892],[11.81655,45.20004],[11.81615,45.20185],[11.81677,45.20358],[11.81612,45.20496],[11.81511,45.20557],[11.81554,45.20667],[11.81334,45.2104],[11.81094,45.212],[11.81457,45.21502],[11.81341,45.21753],[11.8119,45.21777],[11.81251,45.21912],[11.8141,45.21988],[11.81431,45.22126],[11.81175,45.2211],[11.80904,45.22153],[11.8075,45.22245],[11.80694,45.22339],[11.80535,45.22435],[11.80481,45.22647],[11.80238,45.22894],[11.80284,45.23125],[11.80231,45.23262],[11.80387,45.23325],[11.80479,45.23462],[11.80491,45.23609],[11.80238,45.23726],[11.79702,45.2378],[11.79557,45.23834],[11.79401,45.24],[11.79249,45.24],[11.79022,45.24073],[11.78869,45.24077],[11.78708,45.2401],[11.7859,45.24231],[11.78572,45.24406],[11.78489,45.24556],[11.78252,45.24641],[11.78199,45.24808],[11.78063,45.24884],[11.77991,45.25093],[11.77869,45.25216],[11.7769,45.25235],[11.77507,45.25417],[11.77444,45.25599],[11.77509,45.25802],[11.77292,45.25959],[11.77309,45.26067],[11.77427,45.26244],[11.77657,45.26431],[11.77935,45.2662],[11.7785,45.26687],[11.77879,45.26825],[11.7748,45.271],[11.77493,45.27134],[11.77607,45.2743],[11.77729,45.27452],[11.77739,45.27613],[11.77849,45.27652],[11.78006,45.27902],[11.78152,45.28071],[11.78297,45.28132],[11.78439,45.28281],[11.78531,45.28311],[11.78419,45.28476],[11.78557,45.28678],[11.78661,45.28751],[11.78847,45.28715],[11.78937,45.2856],[11.79091,45.28417],[11.79037,45.28337],[11.79077,45.28213],[11.79287,45.27966],[11.79397,45.27877],[11.79586,45.27805],[11.79844,45.27822],[11.80475,45.27705],[11.80825,45.27514],[11.81085,45.27507],[11.81845,45.27303],[11.82054,45.27169],[11.82264,45.27159],[11.82563,45.27304],[11.8283,45.27316],[11.82951,45.27269],[11.83088,45.2746],[11.83095,45.27629],[11.83386,45.27632],[11.83365,45.27755],[11.83496,45.28026],[11.83471,45.28177],[11.83598,45.28286],[11.83739,45.28236],[11.84148,45.28228],[11.84961,45.27998],[11.84966,45.27867],[11.85156,45.27871],[11.85184,45.27992],[11.85291,45.28109],[11.85412,45.28108],[11.85566,45.28394],[11.85715,45.28431],[11.85786,45.28661],[11.86043,45.28772],[11.85996,45.28998],[11.86221,45.28996],[11.86294,45.28819],[11.86487,45.28758],[11.86572,45.2889],[11.86702,45.28843],[11.87033,45.28802],[11.87003,45.29091],[11.86916,45.29521],[11.86896,45.29878],[11.86637,45.3043],[11.86442,45.31174],[11.85441,45.31361],[11.84927,45.31494],[11.8417,45.3164],[11.83852,45.31735],[11.83967,45.31944],[11.83844,45.32039],[11.83946,45.32208],[11.83808,45.32233],[11.83573,45.32166],[11.83397,45.32232],[11.8346,45.32355],[11.83468,45.32554],[11.83038,45.32786],[11.82792,45.3289],[11.81833,45.33226],[11.81946,45.3341],[11.82708,45.3436],[11.8322,45.35048],[11.83642,45.35705],[11.83278,45.35834],[11.83163,45.35908],[11.82852,45.36305],[11.82654,45.36362],[11.82471,45.36473],[11.82105,45.3654],[11.81859,45.36608],[11.81656,45.367],[11.81538,45.36876],[11.81355,45.36985],[11.81215,45.36997],[11.80981,45.37093],[11.80899,45.37203],[11.80955,45.37308],[11.80981,45.37535],[11.80531,45.37746],[11.80676,45.38017],[11.81025,45.38487],[11.81193,45.38554],[11.813,45.3869],[11.81698,45.38765],[11.81531,45.39226],[11.8163,45.39247],[11.81824,45.39144],[11.81985,45.39131],[11.81892,45.39364],[11.82074,45.39447],[11.82102,45.39571],[11.81969,45.39593],[11.82031,45.39709],[11.81814,45.39715],[11.81826,45.39969],[11.81891,45.40092],[11.81843,45.40264],[11.82127,45.4028],[11.82244,45.40343],[11.82409,45.40353],[11.82554,45.41025],[11.82591,45.41556],[11.82473,45.41544],[11.823,45.41642],[11.82256,45.41807],[11.82065,45.41897],[11.81873,45.41881],[11.81805,45.41932],[11.81571,45.41974],[11.81487,45.4195],[11.81399,45.41799],[11.81188,45.41713],[11.80857,45.4192],[11.80693,45.41949],[11.80452,45.4185],[11.80243,45.41878],[11.802,45.41814],[11.79766,45.41938],[11.79519,45.41655],[11.7947,45.41429],[11.79257,45.41272],[11.79015,45.41246],[11.78717,45.4137],[11.78632,45.41558],[11.78867,45.41741],[11.78982,45.41897],[11.78961,45.42038],[11.78783,45.42241],[11.78489,45.42238],[11.78421,45.42369],[11.78253,45.42369],[11.78023,45.4244],[11.77842,45.42364],[11.77658,45.42212],[11.77431,45.42084],[11.77714,45.42018],[11.7751,45.41959],[11.77399,45.41838],[11.77176,45.41961],[11.76969,45.41776],[11.76888,45.41588],[11.76679,45.41338],[11.76542,45.41078],[11.76417,45.40996],[11.76368,45.40869],[11.76539,45.40854],[11.76409,45.40618],[11.76514,45.40509],[11.76348,45.40375],[11.76388,45.40267],[11.76214,45.40158],[11.76415,45.40039],[11.76607,45.40068],[11.7667,45.39915],[11.76406,45.39896],[11.76493,45.39799],[11.7665,45.39802],[11.768,45.39735],[11.76864,45.39567],[11.76987,45.3956],[11.76967,45.39699],[11.77119,45.39671],[11.77151,45.39578],[11.76791,45.39438],[11.76573,45.3907],[11.76307,45.38786],[11.75478,45.39047],[11.75126,45.38743],[11.74828,45.38665],[11.74776,45.38618],[11.74294,45.3886],[11.74125,45.38872],[11.73997,45.38731],[11.73327,45.39115],[11.73114,45.39309],[11.73082,45.39427],[11.72935,45.39428],[11.72934,45.3928],[11.72663,45.39359],[11.72601,45.39526],[11.72017,45.39532],[11.72082,45.39674],[11.71965,45.39826],[11.71702,45.39973],[11.71479,45.40066],[11.71374,45.40207],[11.71413,45.40555],[11.71404,45.40754],[11.71326,45.40831],[11.71385,45.40928],[11.71337,45.41069],[11.7138,45.41222],[11.7134,45.41369],[11.71183,45.41453],[11.71244,45.41581],[11.71175,45.41633],[11.71016,45.41602],[11.70934,45.41947],[11.70688,45.41801],[11.70637,45.41911],[11.70755,45.42101],[11.70681,45.42187],[11.70484,45.42226],[11.7039,45.42166],[11.69898,45.42397],[11.69565,45.42472],[11.69559,45.4272],[11.69446,45.42891],[11.69365,45.42916],[11.69227,45.42777],[11.69154,45.42574],[11.68787,45.42762],[11.68609,45.42772],[11.68624,45.42867],[11.68498,45.42933],[11.68327,45.42942],[11.68038,45.42863],[11.67956,45.4266],[11.67626,45.42308],[11.67223,45.42388],[11.66769,45.42309],[11.66564,45.42312],[11.66302,45.42178],[11.6612,45.42136],[11.6614,45.41975],[11.66108,45.41743],[11.65931,45.41718],[11.65918,45.41541],[11.65699,45.4156],[11.65662,45.4161],[11.65313,45.41676],[11.65234,45.41659],[11.65323,45.4104],[11.64804,45.40815],[11.64531,45.40729],[11.64295,45.40587],[11.63836,45.40372],[11.62485,45.39447],[11.62236,45.39305],[11.62041,45.39139],[11.61729,45.38943],[11.61573,45.38802],[11.6139,45.38282],[11.61188,45.37607],[11.61137,45.37486],[11.61224,45.37238],[11.61334,45.37076],[11.61414,45.36873],[11.6156,45.36657],[11.62001,45.36211],[11.62098,45.36136],[11.62311,45.36124],[11.62457,45.36013],[11.62748,45.35636],[11.62729,45.35441],[11.62629,45.35019],[11.62537,45.35012],[11.6254,45.34679],[11.62484,45.3454],[11.62327,45.34405],[11.62047,45.34338],[11.61759,45.34318],[11.61612,45.34199],[11.61585,45.34005],[11.61343,45.33905],[11.61318,45.33805],[11.61691,45.3365],[11.61821,45.3356],[11.61988,45.33264],[11.6196,45.32985],[11.61797,45.32858],[11.61828,45.32812],[11.61747,45.32545],[11.61627,45.32571],[11.6123,45.3254],[11.61414,45.32325],[11.6147,45.32186],[11.61452,45.31729],[11.61277,45.31646],[11.60977,45.31394],[11.60807,45.31458],[11.60603,45.31684],[11.60416,45.31833],[11.59612,45.31622],[11.59363,45.31508],[11.58834,45.31303],[11.58398,45.3075],[11.58121,45.30295],[11.5805,45.30118],[11.58029,45.29736],[11.58072,45.29386],[11.58025,45.29099],[11.58007,45.28799],[11.5805,45.28439],[11.58011,45.28258],[11.58282,45.27753],[11.58157,45.27298],[11.58514,45.27179],[11.59263,45.2681],[11.59908,45.26628],[11.6045,45.2637],[11.60819,45.26255],[11.61521,45.25959],[11.61773,45.25896],[11.61773,45.25852],[11.62083,45.2571],[11.62166,45.25638]]]},"properties":{"idApp":925021,"aopId":"colli-euganei","name":"Colli Euganei","nameJa":"コッリ・エウガネイ","kind":"village","tags":["doc"],"rank":1},"bbox":[11.58007,45.1785,11.87033,45.42942]},{"type":"Feature","geometry":{"type":"Polygon","coordinates":[[[10.71457,45.41759],[10.71582,45.41664],[10.71651,45.41498],[10.71734,45.4105],[10.71624,45.40802],[10.71703,45.40671],[10.71918,45.40612],[10.71947,45.40461],[10.71762,45.40084],[10.71925,45.40031],[10.71766,45.39669],[10.71604,45.39474],[10.71207,45.39176],[10.71176,45.39015],[10.71044,45.38892],[10.70908,45.38879],[10.70773,45.38776],[10.70795,45.38501],[10.70761,45.38302],[10.70662,45.38197],[10.70451,45.38176],[10.70339,45.38107],[10.69781,45.38011],[10.69959,45.37686],[10.6998,45.37493],[10.70119,45.37449],[10.70306,45.37274],[10.70748,45.36928],[10.7087,45.36898],[10.71269,45.36868],[10.71469,45.36822],[10.71407,45.36716],[10.7119,45.3658],[10.70726,45.36139],[10.70517,45.36076],[10.70368,45.35832],[10.6986,45.3572],[10.69534,45.35541],[10.69294,45.35477],[10.69187,45.35404],[10.68891,45.35372],[10.68553,45.35397],[10.68622,45.34959],[10.68631,45.34732],[10.68706,45.34552],[10.68679,45.34218],[10.69036,45.34166],[10.69424,45.34027],[10.69682,45.34021],[10.69932,45.3397],[10.70017,45.34066],[10.70314,45.34095],[10.70672,45.33879],[10.70801,45.33771],[10.70946,45.33577],[10.71167,45.33555],[10.71382,45.33408],[10.71501,45.33404],[10.71552,45.33223],[10.71497,45.32894],[10.7132,45.32369],[10.71235,45.3224],[10.70883,45.31986],[10.70644,45.31629],[10.7095,45.31586],[10.71641,45.31661],[10.71992,45.31748],[10.72131,45.31876],[10.72473,45.31847],[10.7271,45.31778],[10.73051,45.31586],[10.73118,45.31519],[10.73124,45.30954],[10.73299,45.30674],[10.73313,45.30545],[10.73199,45.30189],[10.72977,45.29852],[10.7289,45.29613],[10.72844,45.29392],[10.72834,45.29131],[10.7343,45.28903],[10.73744,45.28725],[10.78287,45.31541],[10.78633,45.31761],[10.79691,45.32374],[10.7991,45.32244],[10.80198,45.32119],[10.81335,45.31745],[10.81681,45.31965],[10.81845,45.31874],[10.81915,45.32035],[10.82357,45.32401],[10.82519,45.32436],[10.82659,45.32381],[10.82877,45.32614],[10.83154,45.32516],[10.83074,45.32376],[10.83168,45.32253],[10.83262,45.32274],[10.83547,45.32575],[10.83835,45.32651],[10.83894,45.32776],[10.8416,45.32671],[10.84207,45.32825],[10.84313,45.32944],[10.84364,45.33084],[10.84663,45.33015],[10.84925,45.33126],[10.84951,45.3369],[10.85635,45.33702],[10.85783,45.33409],[10.85912,45.3331],[10.85914,45.33132],[10.86097,45.33127],[10.86669,45.33364],[10.86661,45.33484],[10.86827,45.33722],[10.8679,45.33867],[10.86507,45.33931],[10.86468,45.34024],[10.86547,45.34265],[10.86015,45.34341],[10.85771,45.34508],[10.85852,45.34612],[10.86079,45.34563],[10.86406,45.34969],[10.86425,45.35256],[10.86635,45.35468],[10.86814,45.35528],[10.8707,45.35687],[10.87206,45.35815],[10.87816,45.3606],[10.88031,45.36215],[10.88185,45.36286],[10.88369,45.36425],[10.88493,45.36466],[10.88619,45.36607],[10.89082,45.36876],[10.89385,45.37072],[10.89585,45.36891],[10.89778,45.36797],[10.90957,45.36483],[10.9134,45.36425],[10.92004,45.36404],[10.93058,45.36506],[10.93152,45.36356],[10.93591,45.36482],[10.93937,45.36646],[10.93965,45.36721],[10.94326,45.37202],[10.94377,45.37244],[10.94578,45.37582],[10.9487,45.38144],[10.94085,45.38524],[10.93876,45.38371],[10.93454,45.3797],[10.92979,45.37623],[10.92886,45.37496],[10.92715,45.38017],[10.92674,45.38196],[10.92982,45.38504],[10.92046,45.39648],[10.9161,45.40569],[10.91146,45.41514],[10.90871,45.42145],[10.90588,45.42715],[10.90963,45.42718],[10.90774,45.43005],[10.90611,45.43046],[10.90604,45.43333],[10.90358,45.43626],[10.89785,45.4399],[10.89493,45.44213],[10.89218,45.44291],[10.88953,45.44306],[10.88686,45.44667],[10.88586,45.44901],[10.88461,45.45066],[10.88106,45.45222],[10.87761,45.45398],[10.88098,45.45637],[10.87761,45.45994],[10.87684,45.46156],[10.88157,45.46205],[10.88628,45.46365],[10.89007,45.46516],[10.89344,45.46548],[10.89568,45.46602],[10.89926,45.46734],[10.9025,45.46907],[10.90438,45.46952],[10.90627,45.47065],[10.90402,45.47197],[10.90014,45.4758],[10.89579,45.4774],[10.8923,45.47726],[10.88912,45.47652],[10.88718,45.47498],[10.88419,45.47363],[10.87978,45.4728],[10.87635,45.47323],[10.87343,45.47435],[10.87022,45.47937],[10.86852,45.48026],[10.86582,45.4798],[10.8598,45.47774],[10.85672,45.47693],[10.85346,45.47669],[10.85054,45.47704],[10.84466,45.47971],[10.83151,45.48122],[10.82879,45.48126],[10.8273,45.48166],[10.82511,45.48422],[10.82468,45.48598],[10.82552,45.48911],[10.82516,45.49071],[10.82423,45.49236],[10.82185,45.49516],[10.81951,45.49688],[10.81521,45.4984],[10.81195,45.50076],[10.80971,45.50303],[10.80906,45.50646],[10.80819,45.51069],[10.80734,45.51243],[10.80594,45.51381],[10.80409,45.51385],[10.79877,45.51352],[10.80038,45.51538],[10.79448,45.51582],[10.79412,45.51473],[10.789,45.51523],[10.78865,45.51415],[10.78388,45.51346],[10.78353,45.51253],[10.78205,45.5123],[10.77885,45.51244],[10.7783,45.51189],[10.77525,45.51083],[10.77714,45.5096],[10.7785,45.50804],[10.77841,45.50686],[10.77977,45.50465],[10.78031,45.50294],[10.78211,45.5013],[10.78298,45.49971],[10.78435,45.49865],[10.78478,45.49712],[10.78628,45.49433],[10.78839,45.49219],[10.7856,45.49226],[10.78323,45.49156],[10.78134,45.49205],[10.78044,45.49494],[10.78052,45.49716],[10.77687,45.49745],[10.77556,45.49885],[10.77341,45.49875],[10.77168,45.49931],[10.77022,45.50077],[10.76676,45.5012],[10.76509,45.50327],[10.76392,45.50531],[10.7618,45.50774],[10.76001,45.50867],[10.75748,45.50901],[10.75567,45.50987],[10.75547,45.51139],[10.75591,45.51391],[10.75531,45.51526],[10.75228,45.51455],[10.75196,45.51659],[10.75124,45.51756],[10.74896,45.51716],[10.74787,45.51806],[10.74309,45.51684],[10.74183,45.51568],[10.74068,45.51798],[10.73923,45.51808],[10.73883,45.51978],[10.73656,45.51938],[10.73504,45.51849],[10.73282,45.51835],[10.73078,45.51692],[10.72696,45.51646],[10.70205,45.51387],[10.63764,45.51149],[10.64079,45.47918],[10.6416,45.47208],[10.64288,45.46262],[10.64309,45.45737],[10.64273,45.45693],[10.64293,45.45453],[10.6443,45.4539],[10.64765,45.45141],[10.64696,45.45078],[10.64692,45.44946],[10.64777,45.44854],[10.64633,45.44779],[10.64314,45.44713],[10.64344,45.44438],[10.63913,45.44438],[10.63786,45.44419],[10.63173,45.44406],[10.63019,45.44268],[10.62849,45.44219],[10.62454,45.44364],[10.62297,45.44215],[10.62395,45.44117],[10.62337,45.4402],[10.62425,45.43818],[10.62573,45.43855],[10.62728,45.43828],[10.62824,45.43966],[10.63078,45.43921],[10.63271,45.43994],[10.63462,45.44015],[10.63544,45.44222],[10.63691,45.4427],[10.64025,45.44282],[10.64031,45.4435],[10.64214,45.44371],[10.64308,45.44264],[10.64387,45.44075],[10.64789,45.44106],[10.64949,45.44079],[10.64886,45.43871],[10.6451,45.43678],[10.64485,45.4343],[10.64518,45.43158],[10.64751,45.43042],[10.64974,45.43058],[10.64947,45.42898],[10.65146,45.42861],[10.65076,45.42594],[10.64993,45.42509],[10.64744,45.42376],[10.6463,45.42349],[10.64662,45.42137],[10.64403,45.41995],[10.64358,45.418],[10.64817,45.41709],[10.65052,45.41703],[10.65308,45.41605],[10.65466,45.41583],[10.65752,45.41866],[10.65729,45.41996],[10.65564,45.42115],[10.65599,45.42171],[10.65871,45.42173],[10.66071,45.42233],[10.66373,45.42273],[10.66277,45.42489],[10.66271,45.42689],[10.66332,45.42782],[10.66458,45.42811],[10.66706,45.42611],[10.66851,45.42639],[10.67156,45.4258],[10.67219,45.42622],[10.67435,45.42573],[10.67567,45.42466],[10.67683,45.42561],[10.68004,45.42437],[10.68244,45.4249],[10.68932,45.42265],[10.68925,45.42418],[10.69154,45.42389],[10.69455,45.42203],[10.69809,45.42111],[10.69798,45.42267],[10.69978,45.42156],[10.70196,45.42159],[10.70448,45.4202],[10.71352,45.41832],[10.71457,45.41759]]]},"properties":{"idApp":925015,"aopId":"custoza","name":"Custoza","nameJa":"クストーザ","kind":"village","tags":["doc"],"rank":1},"bbox":[10.62297,45.28725,10.9487,45.51978]},{"type":"Feature","geometry":{"type":"Polygon","coordinates":[[[11.81249,45.19554],[11.81488,45.19408],[11.81939,45.19247],[11.82082,45.19149],[11.82008,45.18735],[11.82781,45.18444],[11.82665,45.18323],[11.82505,45.18064],[11.82716,45.18065],[11.83009,45.18015],[11.82955,45.17631],[11.83009,45.17498],[11.83469,45.1723],[11.83573,45.17147],[11.8358,45.16988],[11.83951,45.16866],[11.8426,45.16632],[11.84322,45.16503],[11.84283,45.16287],[11.84509,45.16279],[11.84664,45.16093],[11.84684,45.15843],[11.84865,45.15643],[11.85179,45.15708],[11.85256,45.15642],[11.85592,45.15615],[11.85735,45.15523],[11.86149,45.15685],[11.8705,45.16088],[11.87259,45.161],[11.87747,45.16013],[11.8814,45.16029],[11.88309,45.15987],[11.8861,45.15839],[11.89248,45.15581],[11.89629,45.15485],[11.90333,45.15379],[11.90688,45.15281],[11.90947,45.15173],[11.91204,45.15167],[11.91877,45.15324],[11.92147,45.15247],[11.92478,45.15305],[11.92726,45.15308],[11.92998,45.1537],[11.93559,45.15549],[11.93686,45.1552],[11.93754,45.15376],[11.9392,45.15296],[11.94431,45.15375],[11.94658,45.15337],[11.94844,45.15266],[11.95031,45.15133],[11.95361,45.1471],[11.95413,45.1469],[11.95661,45.14804],[11.96198,45.14931],[11.9663,45.15043],[11.96941,45.14937],[11.98346,45.1556],[11.98299,45.16274],[11.98187,45.16247],[11.9767,45.16261],[11.97561,45.16764],[11.97527,45.17024],[11.97608,45.17397],[11.97661,45.17531],[11.97494,45.17685],[11.97534,45.17796],[11.97346,45.18019],[11.97295,45.18147],[11.97397,45.18349],[11.97561,45.18415],[11.97868,45.18471],[11.97937,45.18623],[11.97784,45.18714],[12.02197,45.19349],[12.0185,45.19487],[12.01461,45.19491],[12.01159,45.19724],[12.01159,45.20072],[12.01036,45.20144],[12.00378,45.20282],[12.00529,45.20373],[12.00836,45.2063],[12.01219,45.20728],[12.01499,45.2073],[12.01838,45.20895],[12.01924,45.21062],[12.01785,45.21196],[12.0174,45.21403],[12.01799,45.21617],[12.01814,45.21821],[12.0166,45.21883],[12.01552,45.22102],[12.01581,45.22466],[12.01686,45.22516],[12.01719,45.2268],[12.01508,45.22708],[12.01581,45.2292],[12.01359,45.22982],[12.01284,45.23386],[12.012,45.23448],[12.01093,45.23623],[12.01413,45.23671],[12.01598,45.23753],[12.01688,45.2394],[12.01577,45.24023],[12.0162,45.2412],[12.01284,45.24214],[12.01075,45.2422],[12.01135,45.2412],[12.01278,45.24075],[12.01053,45.23917],[12.01013,45.23795],[12.00617,45.23865],[12.00581,45.23959],[12.00348,45.23894],[12.00327,45.24024],[12.00057,45.24125],[11.99845,45.2394],[11.99801,45.23835],[11.99438,45.23955],[11.99526,45.24243],[11.99506,45.24298],[11.99109,45.24295],[11.99139,45.24455],[11.99385,45.2448],[11.99534,45.2464],[11.99548,45.24792],[11.99664,45.24908],[11.999,45.24937],[12.00171,45.24829],[12.00467,45.24799],[12.00522,45.2489],[12.00745,45.24899],[12.00895,45.24957],[12.00947,45.25067],[12.01107,45.25076],[12.01125,45.25164],[12.00672,45.25273],[12.00171,45.25438],[11.99858,45.2545],[11.99459,45.25564],[11.99533,45.25781],[11.99673,45.26025],[11.99407,45.26296],[11.9926,45.26371],[11.99062,45.26411],[11.9854,45.26559],[11.98062,45.26627],[11.97877,45.26855],[11.97813,45.27028],[11.97619,45.27239],[11.97522,45.27626],[11.97393,45.2774],[11.97121,45.27845],[11.96995,45.28294],[11.96914,45.28388],[11.9655,45.28548],[11.96273,45.2864],[11.96238,45.28715],[11.96325,45.28894],[11.95918,45.28938],[11.95624,45.29],[11.95531,45.2898],[11.95338,45.29093],[11.95321,45.29251],[11.95144,45.29338],[11.95073,45.29265],[11.94811,45.29313],[11.94901,45.29489],[11.94421,45.29567],[11.94303,45.29478],[11.94269,45.29342],[11.93898,45.29386],[11.939,45.29624],[11.93826,45.29772],[11.93867,45.29903],[11.93502,45.29777],[11.93075,45.29827],[11.92849,45.299],[11.92816,45.29839],[11.92902,45.29711],[11.92677,45.29531],[11.92683,45.29365],[11.92856,45.29041],[11.93036,45.28995],[11.92944,45.2887],[11.93164,45.28576],[11.93199,45.28377],[11.93296,45.28188],[11.92928,45.281],[11.92618,45.28125],[11.92604,45.27955],[11.92443,45.27723],[11.92639,45.2768],[11.9247,45.2758],[11.92305,45.27422],[11.91923,45.27537],[11.91668,45.27735],[11.91436,45.27729],[11.91166,45.27763],[11.91009,45.27855],[11.90505,45.27979],[11.90278,45.2797],[11.9026,45.28039],[11.90088,45.28055],[11.89864,45.27983],[11.89447,45.28097],[11.89353,45.28235],[11.89145,45.28285],[11.88999,45.282],[11.8852,45.28411],[11.88118,45.28401],[11.88058,45.28533],[11.87893,45.28548],[11.87813,45.28652],[11.87873,45.28828],[11.87003,45.29091],[11.86916,45.29521],[11.86896,45.29878],[11.86637,45.3043],[11.86442,45.31174],[11.85441,45.31361],[11.84927,45.31494],[11.8417,45.3164],[11.83852,45.31735],[11.83967,45.31944],[11.83844,45.32039],[11.83946,45.32208],[11.83808,45.32233],[11.83573,45.32166],[11.83397,45.32232],[11.8346,45.32355],[11.83468,45.32554],[11.83038,45.32786],[11.82792,45.3289],[11.81833,45.33226],[11.81747,45.33088],[11.80985,45.32165],[11.80444,45.3158],[11.7974,45.30777],[11.79255,45.29994],[11.79063,45.30048],[11.79164,45.3027],[11.79081,45.30505],[11.79111,45.30605],[11.79327,45.30721],[11.79378,45.30798],[11.7928,45.31],[11.78842,45.31151],[11.7862,45.31016],[11.78272,45.31039],[11.78052,45.31],[11.7781,45.30911],[11.77462,45.3088],[11.7726,45.30969],[11.77141,45.30936],[11.76918,45.30708],[11.7691,45.30559],[11.76804,45.30285],[11.76349,45.30158],[11.76074,45.30233],[11.7577,45.29893],[11.76272,45.29666],[11.7641,45.29531],[11.76865,45.29384],[11.7698,45.29209],[11.77382,45.29131],[11.76632,45.28634],[11.76315,45.2867],[11.7602,45.28566],[11.76131,45.28277],[11.76149,45.28086],[11.75369,45.28224],[11.75274,45.27899],[11.75421,45.27856],[11.75137,45.27491],[11.74864,45.2717],[11.74771,45.26983],[11.74755,45.26835],[11.74651,45.26824],[11.74532,45.26561],[11.74479,45.26283],[11.7412,45.26211],[11.73938,45.26122],[11.7392,45.2602],[11.73809,45.25985],[11.73691,45.25741],[11.73501,45.25681],[11.73387,45.25598],[11.73212,45.25619],[11.73079,45.25547],[11.72911,45.25598],[11.72634,45.25569],[11.7269,45.25385],[11.72646,45.25305],[11.72436,45.25238],[11.724,45.25098],[11.72078,45.24995],[11.72448,45.2488],[11.72454,45.24599],[11.7227,45.24539],[11.71974,45.24375],[11.71719,45.24044],[11.71485,45.23775],[11.70984,45.23038],[11.71125,45.23005],[11.71185,45.22675],[11.71281,45.22567],[11.71093,45.22551],[11.70945,45.22413],[11.70886,45.22271],[11.70541,45.22071],[11.70207,45.21927],[11.6995,45.2194],[11.69669,45.21783],[11.6975,45.21616],[11.69863,45.21531],[11.70083,45.21466],[11.70505,45.21421],[11.70645,45.21365],[11.70887,45.21188],[11.71183,45.21067],[11.71345,45.21177],[11.7187,45.21136],[11.71855,45.20982],[11.71982,45.20787],[11.72009,45.20645],[11.72207,45.20737],[11.72377,45.20765],[11.72241,45.20572],[11.72217,45.20446],[11.72242,45.20165],[11.72366,45.19994],[11.7262,45.1979],[11.72628,45.19585],[11.72749,45.19486],[11.73002,45.19188],[11.73418,45.19009],[11.73552,45.18889],[11.74074,45.1875],[11.74469,45.18804],[11.74708,45.18782],[11.74823,45.18825],[11.7524,45.1891],[11.75379,45.19002],[11.75731,45.19067],[11.75839,45.1899],[11.76284,45.19007],[11.76684,45.18908],[11.76774,45.18832],[11.77069,45.18778],[11.77534,45.18843],[11.77875,45.19046],[11.77727,45.19196],[11.77317,45.19487],[11.77207,45.19716],[11.77245,45.19866],[11.77377,45.20083],[11.77461,45.20134],[11.77614,45.20466],[11.77515,45.20735],[11.77335,45.20801],[11.77403,45.21069],[11.77514,45.21042],[11.77754,45.20898],[11.77861,45.20909],[11.77792,45.21124],[11.77932,45.21235],[11.78194,45.21185],[11.78334,45.20924],[11.78332,45.20795],[11.78416,45.2072],[11.78863,45.20719],[11.79202,45.20747],[11.79913,45.20724],[11.80419,45.20663],[11.80895,45.20527],[11.80989,45.20393],[11.81161,45.20312],[11.81296,45.2017],[11.81304,45.20099],[11.81201,45.19951],[11.81115,45.19638],[11.81249,45.19554]]]},"properties":{"idApp":925022,"aopId":"bagnoli-friularo","name":"Bagnoli Friularo","nameJa":"バニョーリ・フリウラーロ","kind":"village","tags":["docg"],"rank":1},"bbox":[11.69669,45.1469,12.02197,45.33226]},{"type":"Feature","geometry":{"type":"Polygon","coordinates":[[[11.81249,45.19554],[11.81488,45.19408],[11.81939,45.19247],[11.82082,45.19149],[11.82008,45.18735],[11.82781,45.18444],[11.82665,45.18323],[11.82505,45.18064],[11.82716,45.18065],[11.83009,45.18015],[11.82955,45.17631],[11.83009,45.17498],[11.83469,45.1723],[11.83573,45.17147],[11.8358,45.16988],[11.83951,45.16866],[11.8426,45.16632],[11.84322,45.16503],[11.84283,45.16287],[11.84509,45.16279],[11.84664,45.16093],[11.84684,45.15843],[11.84865,45.15643],[11.85179,45.15708],[11.85256,45.15642],[11.85592,45.15615],[11.85735,45.15523],[11.86149,45.15685],[11.8705,45.16088],[11.87259,45.161],[11.87747,45.16013],[11.8814,45.16029],[11.88309,45.15987],[11.8861,45.15839],[11.89248,45.15581],[11.89629,45.15485],[11.90333,45.15379],[11.90688,45.15281],[11.90947,45.15173],[11.91204,45.15167],[11.91877,45.15324],[11.92147,45.15247],[11.92478,45.15305],[11.92726,45.15308],[11.92998,45.1537],[11.93559,45.15549],[11.93686,45.1552],[11.93754,45.15376],[11.9392,45.15296],[11.94431,45.15375],[11.94658,45.15337],[11.94844,45.15266],[11.95031,45.15133],[11.95361,45.1471],[11.95413,45.1469],[11.95661,45.14804],[11.96198,45.14931],[11.9663,45.15043],[11.96941,45.14937],[11.98346,45.1556],[11.98299,45.16274],[11.98187,45.16247],[11.9767,45.16261],[11.97561,45.16764],[11.97527,45.17024],[11.97608,45.17397],[11.97661,45.17531],[11.97494,45.17685],[11.97534,45.17796],[11.97346,45.18019],[11.97295,45.18147],[11.97397,45.18349],[11.97561,45.18415],[11.97868,45.18471],[11.97937,45.18623],[11.97784,45.18714],[12.02197,45.19349],[12.0185,45.19487],[12.01461,45.19491],[12.01159,45.19724],[12.01159,45.20072],[12.01036,45.20144],[12.00378,45.20282],[12.00529,45.20373],[12.00836,45.2063],[12.01219,45.20728],[12.01499,45.2073],[12.01838,45.20895],[12.01924,45.21062],[12.01785,45.21196],[12.0174,45.21403],[12.01799,45.21617],[12.01814,45.21821],[12.0166,45.21883],[12.01552,45.22102],[12.01581,45.22466],[12.01686,45.22516],[12.01719,45.2268],[12.01508,45.22708],[12.01581,45.2292],[12.01359,45.22982],[12.01284,45.23386],[12.012,45.23448],[12.01093,45.23623],[12.01413,45.23671],[12.01598,45.23753],[12.01688,45.2394],[12.01577,45.24023],[12.0162,45.2412],[12.01284,45.24214],[12.01075,45.2422],[12.01135,45.2412],[12.01278,45.24075],[12.01053,45.23917],[12.01013,45.23795],[12.00617,45.23865],[12.00581,45.23959],[12.00348,45.23894],[12.00327,45.24024],[12.00057,45.24125],[11.99845,45.2394],[11.99801,45.23835],[11.99438,45.23955],[11.99526,45.24243],[11.99506,45.24298],[11.99109,45.24295],[11.99139,45.24455],[11.99385,45.2448],[11.99534,45.2464],[11.99548,45.24792],[11.99664,45.24908],[11.999,45.24937],[12.00171,45.24829],[12.00467,45.24799],[12.00522,45.2489],[12.00745,45.24899],[12.00895,45.24957],[12.00947,45.25067],[12.01107,45.25076],[12.01125,45.25164],[12.00672,45.25273],[12.00171,45.25438],[11.99858,45.2545],[11.99459,45.25564],[11.99533,45.25781],[11.99673,45.26025],[11.99407,45.26296],[11.9926,45.26371],[11.99062,45.26411],[11.9854,45.26559],[11.98062,45.26627],[11.97877,45.26855],[11.97813,45.27028],[11.97619,45.27239],[11.97522,45.27626],[11.97393,45.2774],[11.97121,45.27845],[11.96995,45.28294],[11.96914,45.28388],[11.9655,45.28548],[11.96273,45.2864],[11.96238,45.28715],[11.96325,45.28894],[11.95918,45.28938],[11.95624,45.29],[11.95531,45.2898],[11.95338,45.29093],[11.95321,45.29251],[11.95144,45.29338],[11.95073,45.29265],[11.94811,45.29313],[11.94901,45.29489],[11.94421,45.29567],[11.94303,45.29478],[11.94269,45.29342],[11.93898,45.29386],[11.939,45.29624],[11.93826,45.29772],[11.93867,45.29903],[11.93502,45.29777],[11.93075,45.29827],[11.92849,45.299],[11.92816,45.29839],[11.92902,45.29711],[11.92677,45.29531],[11.92683,45.29365],[11.92856,45.29041],[11.93036,45.28995],[11.92944,45.2887],[11.93164,45.28576],[11.93199,45.28377],[11.93296,45.28188],[11.92928,45.281],[11.92618,45.28125],[11.92604,45.27955],[11.92443,45.27723],[11.92639,45.2768],[11.9247,45.2758],[11.92305,45.27422],[11.91923,45.27537],[11.91668,45.27735],[11.91436,45.27729],[11.91166,45.27763],[11.91009,45.27855],[11.90505,45.27979],[11.90278,45.2797],[11.9026,45.28039],[11.90088,45.28055],[11.89864,45.27983],[11.89447,45.28097],[11.89353,45.28235],[11.89145,45.28285],[11.88999,45.282],[11.8852,45.28411],[11.88118,45.28401],[11.88058,45.28533],[11.87893,45.28548],[11.87813,45.28652],[11.87873,45.28828],[11.87003,45.29091],[11.86916,45.29521],[11.86896,45.29878],[11.86637,45.3043],[11.86442,45.31174],[11.85441,45.31361],[11.84927,45.31494],[11.8417,45.3164],[11.83852,45.31735],[11.83967,45.31944],[11.83844,45.32039],[11.83946,45.32208],[11.83808,45.32233],[11.83573,45.32166],[11.83397,45.32232],[11.8346,45.32355],[11.83468,45.32554],[11.83038,45.32786],[11.82792,45.3289],[11.81833,45.33226],[11.81747,45.33088],[11.80985,45.32165],[11.80444,45.3158],[11.7974,45.30777],[11.79255,45.29994],[11.79063,45.30048],[11.79164,45.3027],[11.79081,45.30505],[11.79111,45.30605],[11.79327,45.30721],[11.79378,45.30798],[11.7928,45.31],[11.78842,45.31151],[11.7862,45.31016],[11.78272,45.31039],[11.78052,45.31],[11.7781,45.30911],[11.77462,45.3088],[11.7726,45.30969],[11.77141,45.30936],[11.76918,45.30708],[11.7691,45.30559],[11.76804,45.30285],[11.76349,45.30158],[11.76074,45.30233],[11.7577,45.29893],[11.76272,45.29666],[11.7641,45.29531],[11.76865,45.29384],[11.7698,45.29209],[11.77382,45.29131],[11.76632,45.28634],[11.76315,45.2867],[11.7602,45.28566],[11.76131,45.28277],[11.76149,45.28086],[11.75369,45.28224],[11.75274,45.27899],[11.75421,45.27856],[11.75137,45.27491],[11.74864,45.2717],[11.74771,45.26983],[11.74755,45.26835],[11.74651,45.26824],[11.74532,45.26561],[11.74479,45.26283],[11.7412,45.26211],[11.73938,45.26122],[11.7392,45.2602],[11.73809,45.25985],[11.73691,45.25741],[11.73501,45.25681],[11.73387,45.25598],[11.73212,45.25619],[11.73079,45.25547],[11.72911,45.25598],[11.72634,45.25569],[11.7269,45.25385],[11.72646,45.25305],[11.72436,45.25238],[11.724,45.25098],[11.72078,45.24995],[11.72448,45.2488],[11.72454,45.24599],[11.7227,45.24539],[11.71974,45.24375],[11.71719,45.24044],[11.71485,45.23775],[11.70984,45.23038],[11.71125,45.23005],[11.71185,45.22675],[11.71281,45.22567],[11.71093,45.22551],[11.70945,45.22413],[11.70886,45.22271],[11.70541,45.22071],[11.70207,45.21927],[11.6995,45.2194],[11.69669,45.21783],[11.6975,45.21616],[11.69863,45.21531],[11.70083,45.21466],[11.70505,45.21421],[11.70645,45.21365],[11.70887,45.21188],[11.71183,45.21067],[11.71345,45.21177],[11.7187,45.21136],[11.71855,45.20982],[11.71982,45.20787],[11.72009,45.20645],[11.72207,45.20737],[11.72377,45.20765],[11.72241,45.20572],[11.72217,45.20446],[11.72242,45.20165],[11.72366,45.19994],[11.7262,45.1979],[11.72628,45.19585],[11.72749,45.19486],[11.73002,45.19188],[11.73418,45.19009],[11.73552,45.18889],[11.74074,45.1875],[11.74469,45.18804],[11.74708,45.18782],[11.74823,45.18825],[11.7524,45.1891],[11.75379,45.19002],[11.75731,45.19067],[11.75839,45.1899],[11.76284,45.19007],[11.76684,45.18908],[11.76774,45.18832],[11.77069,45.18778],[11.77534,45.18843],[11.77875,45.19046],[11.77727,45.19196],[11.77317,45.19487],[11.77207,45.19716],[11.77245,45.19866],[11.77377,45.20083],[11.77461,45.20134],[11.77614,45.20466],[11.77515,45.20735],[11.77335,45.20801],[11.77403,45.21069],[11.77514,45.21042],[11.77754,45.20898],[11.77861,45.20909],[11.77792,45.21124],[11.77932,45.21235],[11.78194,45.21185],[11.78334,45.20924],[11.78332,45.20795],[11.78416,45.2072],[11.78863,45.20719],[11.79202,45.20747],[11.79913,45.20724],[11.80419,45.20663],[11.80895,45.20527],[11.80989,45.20393],[11.81161,45.20312],[11.81296,45.2017],[11.81304,45.20099],[11.81201,45.19951],[11.81115,45.19638],[11.81249,45.19554]]]},"properties":{"idApp":925023,"aopId":"bagnoli-di-sopra","name":"Bagnoli di Sopra","nameJa":"バニョーリ・ディ・ソプラ","kind":"village","tags":["doc"],"rank":1},"bbox":[11.69669,45.1469,12.02197,45.33226]},{"type":"Feature","geometry":{"type":"Polygon","coordinates":[[[11.14144,45.39634],[11.14513,45.39542],[11.14922,45.39563],[11.15063,45.39491],[11.15278,45.39282],[11.1557,45.39298],[11.15851,45.39177],[11.15968,45.39017],[11.16157,45.38889],[11.16564,45.38731],[11.16598,45.38985],[11.16559,45.39138],[11.16374,45.39446],[11.16383,45.39661],[11.16464,45.40098],[11.16678,45.40312],[11.17278,45.40244],[11.17356,45.40298],[11.17533,45.40229],[11.17505,45.4003],[11.17709,45.39991],[11.17745,45.40122],[11.1798,45.40043],[11.1808,45.40096],[11.18172,45.39857],[11.18338,45.39887],[11.18726,45.39896],[11.18716,45.39762],[11.19233,45.39851],[11.19379,45.39983],[11.19507,45.39862],[11.19583,45.39963],[11.19691,45.39935],[11.19763,45.40159],[11.19994,45.40154],[11.20182,45.401],[11.20445,45.39955],[11.20649,45.39949],[11.21002,45.39718],[11.21104,45.39696],[11.21108,45.40346],[11.21972,45.39953],[11.22006,45.39974],[11.22208,45.39888],[11.22194,45.39828],[11.22564,45.3949],[11.22828,45.39285],[11.23103,45.39036],[11.23615,45.38808],[11.24113,45.38657],[11.2438,45.38464],[11.24386,45.37966],[11.24535,45.37716],[11.246,45.3713],[11.24724,45.36931],[11.24786,45.36716],[11.2481,45.36426],[11.24967,45.36131],[11.24957,45.35699],[11.25611,45.35696],[11.25988,45.36649],[11.26137,45.36634],[11.26825,45.36783],[11.26993,45.36776],[11.27221,45.37075],[11.27202,45.37226],[11.27307,45.37555],[11.27471,45.37369],[11.27739,45.37507],[11.27749,45.37649],[11.27964,45.37624],[11.28282,45.37626],[11.28277,45.37738],[11.28652,45.37782],[11.28783,45.37858],[11.28867,45.38082],[11.29572,45.37924],[11.29921,45.38593],[11.30059,45.38588],[11.30177,45.3886],[11.30474,45.38717],[11.30745,45.3863],[11.30954,45.3862],[11.31004,45.38698],[11.31203,45.38703],[11.31525,45.38801],[11.31709,45.38734],[11.3188,45.38974],[11.32084,45.3904],[11.3279,45.38837],[11.32962,45.38824],[11.33154,45.38763],[11.33201,45.38992],[11.33291,45.39085],[11.33298,45.39188],[11.33452,45.39362],[11.33434,45.39636],[11.33552,45.39852],[11.34014,45.3979],[11.34595,45.39749],[11.34571,45.399],[11.3442,45.40152],[11.34395,45.40399],[11.34484,45.40561],[11.34472,45.40641],[11.34296,45.40816],[11.34268,45.4091],[11.34336,45.41067],[11.34323,45.41274],[11.34221,45.41397],[11.34132,45.41625],[11.34102,45.4171],[11.33848,45.4167],[11.33834,45.41791],[11.33952,45.41835],[11.3404,45.42126],[11.33875,45.42503],[11.33739,45.4267],[11.33551,45.42588],[11.33496,45.42802],[11.33564,45.42836],[11.33595,45.43016],[11.33324,45.43317],[11.33181,45.43376],[11.32971,45.43158],[11.32918,45.43028],[11.32584,45.42685],[11.32361,45.42659],[11.32511,45.42803],[11.32322,45.43193],[11.32115,45.43321],[11.31813,45.43285],[11.31942,45.43571],[11.31822,45.43597],[11.31887,45.43714],[11.32074,45.43686],[11.32245,45.43707],[11.32204,45.43865],[11.32467,45.43969],[11.32645,45.44132],[11.32894,45.44253],[11.32777,45.44402],[11.32982,45.44443],[11.32952,45.44536],[11.32775,45.44744],[11.32846,45.44816],[11.32522,45.45062],[11.32489,45.4523],[11.324,45.45345],[11.32452,45.45418],[11.32262,45.45459],[11.32037,45.45561],[11.32156,45.45662],[11.32095,45.45716],[11.32204,45.45866],[11.32393,45.45992],[11.32534,45.4589],[11.32706,45.4604],[11.32745,45.46251],[11.32905,45.46408],[11.32839,45.46558],[11.32576,45.46917],[11.32421,45.46994],[11.323,45.47381],[11.3237,45.47523],[11.32583,45.47739],[11.32657,45.47904],[11.32638,45.48074],[11.32833,45.48256],[11.32752,45.48296],[11.32706,45.48522],[11.32589,45.48572],[11.32341,45.48554],[11.32328,45.48652],[11.3244,45.48744],[11.32442,45.48926],[11.32375,45.4908],[11.32431,45.4928],[11.32383,45.49399],[11.32482,45.49607],[11.32369,45.49702],[11.32103,45.49799],[11.32026,45.49896],[11.31613,45.4997],[11.31517,45.50119],[11.31204,45.50225],[11.30963,45.50194],[11.30738,45.50273],[11.30606,45.50156],[11.30218,45.50284],[11.29952,45.50319],[11.29785,45.50415],[11.29626,45.50371],[11.29437,45.50559],[11.29301,45.50615],[11.29203,45.50766],[11.28803,45.50917],[11.28612,45.50961],[11.28489,45.51073],[11.28252,45.50971],[11.28054,45.50973],[11.28127,45.51475],[11.27969,45.51825],[11.28093,45.51955],[11.27955,45.52281],[11.2785,45.5235],[11.27677,45.52364],[11.27443,45.52435],[11.27111,45.52775],[11.26875,45.53112],[11.26623,45.53315],[11.26417,45.53275],[11.26249,45.53343],[11.26106,45.53471],[11.26,45.53483],[11.26009,45.53705],[11.25722,45.53788],[11.25547,45.53867],[11.25344,45.54032],[11.2532,45.54133],[11.25154,45.54223],[11.2513,45.54474],[11.24956,45.548],[11.25028,45.54924],[11.24952,45.55025],[11.24802,45.55076],[11.24619,45.55369],[11.24587,45.55597],[11.24449,45.55758],[11.24362,45.56049],[11.24121,45.55676],[11.23724,45.55477],[11.23404,45.55283],[11.23297,45.55248],[11.23084,45.55274],[11.22855,45.5521],[11.2258,45.55031],[11.22227,45.55148],[11.221,45.55135],[11.21952,45.55209],[11.21742,45.55217],[11.21634,45.55307],[11.21525,45.55245],[11.21164,45.5527],[11.20985,45.55312],[11.20682,45.55253],[11.20519,45.55102],[11.20206,45.5498],[11.20052,45.54952],[11.19999,45.54775],[11.20154,45.54654],[11.20172,45.54557],[11.20381,45.54502],[11.20375,45.54284],[11.20596,45.54079],[11.2066,45.53808],[11.20633,45.53334],[11.20507,45.53249],[11.20257,45.53174],[11.20347,45.53085],[11.2044,45.52896],[11.20552,45.52777],[11.20621,45.52531],[11.20596,45.52398],[11.20647,45.52187],[11.20636,45.51916],[11.20841,45.51721],[11.20868,45.51646],[11.20721,45.51501],[11.20656,45.51365],[11.20377,45.5125],[11.19969,45.51159],[11.19884,45.51074],[11.19397,45.50853],[11.1948,45.50564],[11.19193,45.50563],[11.19083,45.50519],[11.18832,45.50497],[11.18773,45.50399],[11.18828,45.50214],[11.1886,45.49915],[11.18795,45.49829],[11.18573,45.49715],[11.18116,45.49752],[11.17776,45.49698],[11.17461,45.49704],[11.17363,45.49604],[11.16787,45.49509],[11.16777,45.49384],[11.16346,45.49363],[11.15988,45.49421],[11.15622,45.4956],[11.15252,45.49552],[11.15048,45.49592],[11.14844,45.49679],[11.14522,45.49657],[11.14549,45.49964],[11.14717,45.50301],[11.14593,45.50485],[11.14613,45.50663],[11.14704,45.5076],[11.14665,45.50928],[11.14541,45.51215],[11.14389,45.51334],[11.14182,45.51326],[11.13985,45.51159],[11.13788,45.51113],[11.13646,45.51026],[11.13591,45.50914],[11.13306,45.50909],[11.13208,45.50746],[11.13067,45.50729],[11.12892,45.50848],[11.12565,45.50879],[11.12557,45.5099],[11.12437,45.51148],[11.1225,45.51144],[11.12038,45.51091],[11.12019,45.51018],[11.11767,45.50859],[11.11593,45.50862],[11.11332,45.50794],[11.11179,45.50673],[11.11009,45.5072],[11.10833,45.50666],[11.10579,45.50641],[11.10467,45.50573],[11.10142,45.50542],[11.10071,45.5062],[11.09906,45.50489],[11.097,45.50389],[11.09423,45.50372],[11.09345,45.50236],[11.09407,45.50077],[11.09225,45.49729],[11.09231,45.49647],[11.09137,45.49462],[11.09184,45.49284],[11.09151,45.49107],[11.0906,45.49008],[11.08949,45.48737],[11.0885,45.47797],[11.08897,45.47651],[11.08858,45.47496],[11.08861,45.47041],[11.08936,45.46913],[11.0911,45.46774],[11.09177,45.46682],[11.09244,45.4645],[11.09258,45.45964],[11.09216,45.4578],[11.09108,45.45704],[11.09033,45.45571],[11.08877,45.4506],[11.0856,45.44907],[11.08459,45.44729],[11.07912,45.44703],[11.07918,45.4462],[11.07405,45.44586],[11.0753,45.44263],[11.07836,45.43839],[11.07384,45.43795],[11.06677,45.43693],[11.07224,45.43242],[11.07187,45.4294],[11.07126,45.42725],[11.0724,45.4269],[11.07106,45.42456],[11.06901,45.42233],[11.07528,45.42001],[11.07812,45.41803],[11.07955,45.41741],[11.08128,45.41464],[11.0812,45.41217],[11.07982,45.4104],[11.07794,45.40911],[11.07538,45.40805],[11.07125,45.40685],[11.06986,45.40523],[11.06711,45.40511],[11.06492,45.40404],[11.0645,45.40271],[11.06559,45.40114],[11.07004,45.39685],[11.0713,45.39616],[11.07107,45.39433],[11.06907,45.39386],[11.06412,45.39333],[11.05986,45.39393],[11.05709,45.39327],[11.06195,45.38958],[11.06341,45.38739],[11.065,45.38208],[11.06551,45.38135],[11.06805,45.38029],[11.06958,45.38041],[11.07206,45.38163],[11.07453,45.3845],[11.07705,45.38643],[11.08078,45.38717],[11.08212,45.38699],[11.08668,45.38502],[11.09612,45.38247],[11.10229,45.38145],[11.106,45.37971],[11.10929,45.37886],[11.1117,45.37895],[11.11211,45.38175],[11.11348,45.38333],[11.12108,45.38555],[11.12079,45.38661],[11.12285,45.38715],[11.12569,45.38855],[11.12909,45.38905],[11.12966,45.39175],[11.12874,45.3927],[11.12837,45.39564],[11.12666,45.39689],[11.12495,45.39917],[11.12715,45.40232],[11.12913,45.4029],[11.13162,45.40201],[11.13442,45.39966],[11.13547,45.39776],[11.13834,45.39684],[11.14144,45.39634]]]},"properties":{"idApp":925007,"aopId":"soave","name":"Soave","nameJa":"ソアーヴェ","kind":"village","tags":["doc"],"rank":1},"bbox":[11.05709,45.35696,11.34595,45.56049]},{"type":"Feature","geometry":{"type":"Polygon","coordinates":[[[11.14144,45.39634],[11.14513,45.39542],[11.14922,45.39563],[11.15063,45.39491],[11.15278,45.39282],[11.1557,45.39298],[11.15851,45.39177],[11.15968,45.39017],[11.16157,45.38889],[11.16564,45.38731],[11.16598,45.38985],[11.16559,45.39138],[11.16374,45.39446],[11.16383,45.39661],[11.16464,45.40098],[11.16678,45.40312],[11.17278,45.40244],[11.17356,45.40298],[11.17533,45.40229],[11.17505,45.4003],[11.17709,45.39991],[11.17745,45.40122],[11.1798,45.40043],[11.1808,45.40096],[11.18172,45.39857],[11.18338,45.39887],[11.18726,45.39896],[11.18716,45.39762],[11.19233,45.39851],[11.19379,45.39983],[11.19507,45.39862],[11.19583,45.39963],[11.19691,45.39935],[11.19763,45.40159],[11.19994,45.40154],[11.20182,45.401],[11.20445,45.39955],[11.20649,45.39949],[11.21002,45.39718],[11.21104,45.39696],[11.21108,45.40346],[11.21972,45.39953],[11.22006,45.39974],[11.22208,45.39888],[11.22305,45.39881],[11.22674,45.39713],[11.22754,45.39992],[11.22732,45.40315],[11.22622,45.40529],[11.2306,45.40755],[11.23204,45.40717],[11.23618,45.40701],[11.23919,45.40627],[11.2418,45.40712],[11.24421,45.40658],[11.24694,45.407],[11.2489,45.4066],[11.25112,45.40717],[11.25313,45.40726],[11.25397,45.40784],[11.25786,45.40793],[11.25842,45.40567],[11.26001,45.40579],[11.26283,45.40737],[11.26537,45.40792],[11.26873,45.4083],[11.27165,45.40968],[11.27436,45.40995],[11.27624,45.40979],[11.27825,45.41031],[11.28132,45.41015],[11.284,45.41168],[11.28535,45.41134],[11.28558,45.40922],[11.28746,45.40987],[11.2873,45.40833],[11.29346,45.40939],[11.29735,45.41193],[11.29815,45.41352],[11.29782,45.41531],[11.2986,45.41659],[11.30461,45.41959],[11.30697,45.42051],[11.31152,45.42177],[11.31473,45.42245],[11.32001,45.42474],[11.32086,45.42547],[11.32361,45.42659],[11.32511,45.42803],[11.32322,45.43193],[11.32115,45.43321],[11.31813,45.43285],[11.31942,45.43571],[11.31822,45.43597],[11.31887,45.43714],[11.32074,45.43686],[11.32245,45.43707],[11.32204,45.43865],[11.32467,45.43969],[11.32645,45.44132],[11.32894,45.44253],[11.32777,45.44402],[11.32982,45.44443],[11.32952,45.44536],[11.32775,45.44744],[11.32846,45.44816],[11.32522,45.45062],[11.32489,45.4523],[11.324,45.45345],[11.32452,45.45418],[11.32262,45.45459],[11.32037,45.45561],[11.32156,45.45662],[11.32095,45.45716],[11.32204,45.45866],[11.32393,45.45992],[11.32534,45.4589],[11.32706,45.4604],[11.32745,45.46251],[11.32905,45.46408],[11.32839,45.46558],[11.32576,45.46917],[11.32421,45.46994],[11.323,45.47381],[11.3237,45.47523],[11.32583,45.47739],[11.32657,45.47904],[11.32638,45.48074],[11.32833,45.48256],[11.32752,45.48296],[11.32706,45.48522],[11.32589,45.48572],[11.32341,45.48554],[11.32328,45.48652],[11.3244,45.48744],[11.32442,45.48926],[11.32375,45.4908],[11.32431,45.4928],[11.32383,45.49399],[11.32482,45.49607],[11.32369,45.49702],[11.32103,45.49799],[11.32026,45.49896],[11.31613,45.4997],[11.31517,45.50119],[11.31204,45.50225],[11.30963,45.50194],[11.30738,45.50273],[11.30606,45.50156],[11.30218,45.50284],[11.29952,45.50319],[11.29785,45.50415],[11.29626,45.50371],[11.29437,45.50559],[11.29301,45.50615],[11.29203,45.50766],[11.28803,45.50917],[11.28612,45.50961],[11.28489,45.51073],[11.28252,45.50971],[11.28054,45.50973],[11.28127,45.51475],[11.27969,45.51825],[11.28093,45.51955],[11.27955,45.52281],[11.2785,45.5235],[11.27677,45.52364],[11.27443,45.52435],[11.27111,45.52775],[11.26875,45.53112],[11.26623,45.53315],[11.26417,45.53275],[11.26249,45.53343],[11.26106,45.53471],[11.26,45.53483],[11.26009,45.53705],[11.25722,45.53788],[11.25547,45.53867],[11.25344,45.54032],[11.2532,45.54133],[11.25154,45.54223],[11.2513,45.54474],[11.24956,45.548],[11.25028,45.54924],[11.24952,45.55025],[11.24802,45.55076],[11.24619,45.55369],[11.24587,45.55597],[11.24449,45.55758],[11.24362,45.56049],[11.24121,45.55676],[11.23724,45.55477],[11.23404,45.55283],[11.23297,45.55248],[11.23084,45.55274],[11.22855,45.5521],[11.2258,45.55031],[11.22227,45.55148],[11.221,45.55135],[11.21952,45.55209],[11.21742,45.55217],[11.21634,45.55307],[11.21525,45.55245],[11.21164,45.5527],[11.20985,45.55312],[11.20682,45.55253],[11.20519,45.55102],[11.20206,45.5498],[11.20052,45.54952],[11.19999,45.54775],[11.20154,45.54654],[11.20172,45.54557],[11.20381,45.54502],[11.20375,45.54284],[11.20596,45.54079],[11.2066,45.53808],[11.20633,45.53334],[11.20507,45.53249],[11.20257,45.53174],[11.20347,45.53085],[11.2044,45.52896],[11.20552,45.52777],[11.20621,45.52531],[11.20596,45.52398],[11.20647,45.52187],[11.20636,45.51916],[11.20841,45.51721],[11.20868,45.51646],[11.20721,45.51501],[11.20656,45.51365],[11.20377,45.5125],[11.19969,45.51159],[11.19884,45.51074],[11.19397,45.50853],[11.1948,45.50564],[11.19193,45.50563],[11.19083,45.50519],[11.18832,45.50497],[11.18773,45.50399],[11.18828,45.50214],[11.1886,45.49915],[11.18795,45.49829],[11.18573,45.49715],[11.18116,45.49752],[11.17776,45.49698],[11.17461,45.49704],[11.17363,45.49604],[11.16787,45.49509],[11.16777,45.49384],[11.16346,45.49363],[11.15988,45.49421],[11.15622,45.4956],[11.15252,45.49552],[11.15048,45.49592],[11.14844,45.49679],[11.14522,45.49657],[11.14549,45.49964],[11.14717,45.50301],[11.14593,45.50485],[11.14613,45.50663],[11.14704,45.5076],[11.14665,45.50928],[11.14541,45.51215],[11.14389,45.51334],[11.14182,45.51326],[11.13985,45.51159],[11.13788,45.51113],[11.13646,45.51026],[11.13591,45.50914],[11.13306,45.50909],[11.13208,45.50746],[11.13067,45.50729],[11.12892,45.50848],[11.12565,45.50879],[11.12557,45.5099],[11.12437,45.51148],[11.1225,45.51144],[11.12038,45.51091],[11.12019,45.51018],[11.11767,45.50859],[11.11593,45.50862],[11.11332,45.50794],[11.11179,45.50673],[11.11009,45.5072],[11.10833,45.50666],[11.10579,45.50641],[11.10467,45.50573],[11.10142,45.50542],[11.10071,45.5062],[11.09906,45.50489],[11.097,45.50389],[11.09423,45.50372],[11.09345,45.50236],[11.09407,45.50077],[11.09225,45.49729],[11.09231,45.49647],[11.09137,45.49462],[11.09184,45.49284],[11.09151,45.49107],[11.0906,45.49008],[11.08949,45.48737],[11.0885,45.47797],[11.08897,45.47651],[11.08858,45.47496],[11.08861,45.47041],[11.08936,45.46913],[11.0911,45.46774],[11.09177,45.46682],[11.09244,45.4645],[11.09258,45.45964],[11.09216,45.4578],[11.09108,45.45704],[11.09033,45.45571],[11.08877,45.4506],[11.0856,45.44907],[11.08459,45.44729],[11.07912,45.44703],[11.07918,45.4462],[11.07405,45.44586],[11.0753,45.44263],[11.07836,45.43839],[11.07384,45.43795],[11.06677,45.43693],[11.07224,45.43242],[11.07187,45.4294],[11.07126,45.42725],[11.0724,45.4269],[11.07106,45.42456],[11.06901,45.42233],[11.07528,45.42001],[11.07812,45.41803],[11.07955,45.41741],[11.08128,45.41464],[11.0812,45.41217],[11.07982,45.4104],[11.07794,45.40911],[11.07538,45.40805],[11.07125,45.40685],[11.06986,45.40523],[11.06711,45.40511],[11.06492,45.40404],[11.0645,45.40271],[11.06559,45.40114],[11.07004,45.39685],[11.0713,45.39616],[11.07107,45.39433],[11.06907,45.39386],[11.06412,45.39333],[11.05986,45.39393],[11.05709,45.39327],[11.06195,45.38958],[11.06341,45.38739],[11.065,45.38208],[11.06551,45.38135],[11.06805,45.38029],[11.06958,45.38041],[11.07206,45.38163],[11.07453,45.3845],[11.07705,45.38643],[11.08078,45.38717],[11.08212,45.38699],[11.08668,45.38502],[11.09612,45.38247],[11.10229,45.38145],[11.106,45.37971],[11.10929,45.37886],[11.1117,45.37895],[11.11211,45.38175],[11.11348,45.38333],[11.12108,45.38555],[11.12079,45.38661],[11.12285,45.38715],[11.12569,45.38855],[11.12909,45.38905],[11.12966,45.39175],[11.12874,45.3927],[11.12837,45.39564],[11.12666,45.39689],[11.12495,45.39917],[11.12715,45.40232],[11.12913,45.4029],[11.13162,45.40201],[11.13442,45.39966],[11.13547,45.39776],[11.13834,45.39684],[11.14144,45.39634]]]},"properties":{"idApp":925005,"aopId":"soave-superiore","name":"Soave Superiore","nameJa":"ソアーヴェ・スペリオーレ","kind":"village","tags":["docg"],"rank":1},"bbox":[11.05709,45.37886,11.32982,45.56049]},{"type":"Feature","geometry":{"type":"Polygon","coordinates":[[[11.14144,45.39634],[11.14513,45.39542],[11.14922,45.39563],[11.15063,45.39491],[11.15278,45.39282],[11.1557,45.39298],[11.15851,45.39177],[11.15968,45.39017],[11.16157,45.38889],[11.16564,45.38731],[11.16598,45.38985],[11.16559,45.39138],[11.16374,45.39446],[11.16383,45.39661],[11.16464,45.40098],[11.16678,45.40312],[11.17278,45.40244],[11.17356,45.40298],[11.17533,45.40229],[11.17505,45.4003],[11.17709,45.39991],[11.17745,45.40122],[11.1798,45.40043],[11.1808,45.40096],[11.18172,45.39857],[11.18338,45.39887],[11.18726,45.39896],[11.18716,45.39762],[11.19233,45.39851],[11.19379,45.39983],[11.19507,45.39862],[11.19583,45.39963],[11.19691,45.39935],[11.19763,45.40159],[11.19994,45.40154],[11.20182,45.401],[11.20445,45.39955],[11.20649,45.39949],[11.21002,45.39718],[11.21104,45.39696],[11.21108,45.40346],[11.21972,45.39953],[11.22006,45.39974],[11.22208,45.39888],[11.22305,45.39881],[11.22674,45.39713],[11.22754,45.39992],[11.22732,45.40315],[11.22622,45.40529],[11.2306,45.40755],[11.23204,45.40717],[11.23618,45.40701],[11.23919,45.40627],[11.2418,45.40712],[11.24421,45.40658],[11.24694,45.407],[11.2489,45.4066],[11.25112,45.40717],[11.25313,45.40726],[11.25397,45.40784],[11.25786,45.40793],[11.25842,45.40567],[11.26001,45.40579],[11.26283,45.40737],[11.26537,45.40792],[11.26873,45.4083],[11.27165,45.40968],[11.27436,45.40995],[11.27624,45.40979],[11.27825,45.41031],[11.28132,45.41015],[11.284,45.41168],[11.28535,45.41134],[11.28558,45.40922],[11.28746,45.40987],[11.2873,45.40833],[11.29346,45.40939],[11.29735,45.41193],[11.29815,45.41352],[11.29782,45.41531],[11.2986,45.41659],[11.30461,45.41959],[11.30697,45.42051],[11.31152,45.42177],[11.31473,45.42245],[11.32001,45.42474],[11.32086,45.42547],[11.32361,45.42659],[11.32511,45.42803],[11.32322,45.43193],[11.32115,45.43321],[11.31813,45.43285],[11.31942,45.43571],[11.31822,45.43597],[11.31887,45.43714],[11.32074,45.43686],[11.32245,45.43707],[11.32204,45.43865],[11.32467,45.43969],[11.32645,45.44132],[11.32894,45.44253],[11.32777,45.44402],[11.32982,45.44443],[11.32952,45.44536],[11.32775,45.44744],[11.32846,45.44816],[11.32522,45.45062],[11.32489,45.4523],[11.324,45.45345],[11.32452,45.45418],[11.32262,45.45459],[11.32037,45.45561],[11.32156,45.45662],[11.32095,45.45716],[11.32204,45.45866],[11.32393,45.45992],[11.32534,45.4589],[11.32706,45.4604],[11.32745,45.46251],[11.32905,45.46408],[11.32839,45.46558],[11.32576,45.46917],[11.32421,45.46994],[11.323,45.47381],[11.3237,45.47523],[11.32583,45.47739],[11.32657,45.47904],[11.32638,45.48074],[11.32833,45.48256],[11.32752,45.48296],[11.32706,45.48522],[11.32589,45.48572],[11.32341,45.48554],[11.32328,45.48652],[11.3244,45.48744],[11.32442,45.48926],[11.32375,45.4908],[11.32431,45.4928],[11.32383,45.49399],[11.32482,45.49607],[11.32369,45.49702],[11.32103,45.49799],[11.32026,45.49896],[11.31613,45.4997],[11.31517,45.50119],[11.31204,45.50225],[11.30963,45.50194],[11.30738,45.50273],[11.30606,45.50156],[11.30218,45.50284],[11.29952,45.50319],[11.29785,45.50415],[11.29626,45.50371],[11.29437,45.50559],[11.29301,45.50615],[11.29203,45.50766],[11.28803,45.50917],[11.28612,45.50961],[11.28489,45.51073],[11.28252,45.50971],[11.28054,45.50973],[11.28127,45.51475],[11.27969,45.51825],[11.28093,45.51955],[11.27955,45.52281],[11.2785,45.5235],[11.27677,45.52364],[11.27443,45.52435],[11.27111,45.52775],[11.26875,45.53112],[11.26623,45.53315],[11.26417,45.53275],[11.26249,45.53343],[11.26106,45.53471],[11.26,45.53483],[11.26009,45.53705],[11.25722,45.53788],[11.25547,45.53867],[11.25344,45.54032],[11.2532,45.54133],[11.25154,45.54223],[11.2513,45.54474],[11.24956,45.548],[11.25028,45.54924],[11.24952,45.55025],[11.24802,45.55076],[11.24619,45.55369],[11.24587,45.55597],[11.24449,45.55758],[11.24362,45.56049],[11.24121,45.55676],[11.23724,45.55477],[11.23404,45.55283],[11.23297,45.55248],[11.23084,45.55274],[11.22855,45.5521],[11.2258,45.55031],[11.22227,45.55148],[11.221,45.55135],[11.21952,45.55209],[11.21742,45.55217],[11.21634,45.55307],[11.21525,45.55245],[11.21164,45.5527],[11.20985,45.55312],[11.20682,45.55253],[11.20519,45.55102],[11.20206,45.5498],[11.20052,45.54952],[11.19999,45.54775],[11.20154,45.54654],[11.20172,45.54557],[11.20381,45.54502],[11.20375,45.54284],[11.20596,45.54079],[11.2066,45.53808],[11.20633,45.53334],[11.20507,45.53249],[11.20257,45.53174],[11.20347,45.53085],[11.2044,45.52896],[11.20552,45.52777],[11.20621,45.52531],[11.20596,45.52398],[11.20647,45.52187],[11.20636,45.51916],[11.20841,45.51721],[11.20868,45.51646],[11.20721,45.51501],[11.20656,45.51365],[11.20377,45.5125],[11.19969,45.51159],[11.19884,45.51074],[11.19397,45.50853],[11.1948,45.50564],[11.19193,45.50563],[11.19083,45.50519],[11.18832,45.50497],[11.18773,45.50399],[11.18828,45.50214],[11.1886,45.49915],[11.18795,45.49829],[11.18573,45.49715],[11.18116,45.49752],[11.17776,45.49698],[11.17461,45.49704],[11.17363,45.49604],[11.16787,45.49509],[11.16777,45.49384],[11.16346,45.49363],[11.15988,45.49421],[11.15622,45.4956],[11.15252,45.49552],[11.15048,45.49592],[11.14844,45.49679],[11.14522,45.49657],[11.14549,45.49964],[11.14717,45.50301],[11.14593,45.50485],[11.14613,45.50663],[11.14704,45.5076],[11.14665,45.50928],[11.14541,45.51215],[11.14389,45.51334],[11.14182,45.51326],[11.13985,45.51159],[11.13788,45.51113],[11.13646,45.51026],[11.13591,45.50914],[11.13306,45.50909],[11.13208,45.50746],[11.13067,45.50729],[11.12892,45.50848],[11.12565,45.50879],[11.12557,45.5099],[11.12437,45.51148],[11.1225,45.51144],[11.12038,45.51091],[11.12019,45.51018],[11.11767,45.50859],[11.11593,45.50862],[11.11332,45.50794],[11.11179,45.50673],[11.11009,45.5072],[11.10833,45.50666],[11.10579,45.50641],[11.10467,45.50573],[11.10142,45.50542],[11.10071,45.5062],[11.09906,45.50489],[11.097,45.50389],[11.09423,45.50372],[11.09345,45.50236],[11.09407,45.50077],[11.09225,45.49729],[11.09231,45.49647],[11.09137,45.49462],[11.09184,45.49284],[11.09151,45.49107],[11.0906,45.49008],[11.08949,45.48737],[11.0885,45.47797],[11.08897,45.47651],[11.08858,45.47496],[11.08861,45.47041],[11.08936,45.46913],[11.0911,45.46774],[11.09177,45.46682],[11.09244,45.4645],[11.09258,45.45964],[11.09216,45.4578],[11.09108,45.45704],[11.09033,45.45571],[11.08877,45.4506],[11.0856,45.44907],[11.08459,45.44729],[11.07912,45.44703],[11.07918,45.4462],[11.07405,45.44586],[11.0753,45.44263],[11.07836,45.43839],[11.07384,45.43795],[11.06677,45.43693],[11.07224,45.43242],[11.07187,45.4294],[11.07126,45.42725],[11.0724,45.4269],[11.07106,45.42456],[11.06901,45.42233],[11.07528,45.42001],[11.07812,45.41803],[11.07955,45.41741],[11.08128,45.41464],[11.0812,45.41217],[11.07982,45.4104],[11.07794,45.40911],[11.07538,45.40805],[11.07125,45.40685],[11.06986,45.40523],[11.06711,45.40511],[11.06492,45.40404],[11.0645,45.40271],[11.06559,45.40114],[11.07004,45.39685],[11.0713,45.39616],[11.07107,45.39433],[11.06907,45.39386],[11.06412,45.39333],[11.05986,45.39393],[11.05709,45.39327],[11.06195,45.38958],[11.06341,45.38739],[11.065,45.38208],[11.06551,45.38135],[11.06805,45.38029],[11.06958,45.38041],[11.07206,45.38163],[11.07453,45.3845],[11.07705,45.38643],[11.08078,45.38717],[11.08212,45.38699],[11.08668,45.38502],[11.09612,45.38247],[11.10229,45.38145],[11.106,45.37971],[11.10929,45.37886],[11.1117,45.37895],[11.11211,45.38175],[11.11348,45.38333],[11.12108,45.38555],[11.12079,45.38661],[11.12285,45.38715],[11.12569,45.38855],[11.12909,45.38905],[11.12966,45.39175],[11.12874,45.3927],[11.12837,45.39564],[11.12666,45.39689],[11.12495,45.39917],[11.12715,45.40232],[11.12913,45.4029],[11.13162,45.40201],[11.13442,45.39966],[11.13547,45.39776],[11.13834,45.39684],[11.14144,45.39634]]]},"properties":{"idApp":925006,"aopId":"recioto-di-soave","name":"Recioto di Soave","nameJa":"レチョート・ディ・ソアーヴェ","kind":"village","tags":["docg"],"rank":1},"bbox":[11.05709,45.37886,11.32982,45.56049]},{"type":"Feature","geometry":{"type":"Polygon","coordinates":[[[11.51119,45.65722],[11.51191,45.65476],[11.51456,45.65565],[11.51536,45.65544],[11.51705,45.65662],[11.5178,45.65645],[11.51768,45.65477],[11.52131,45.65455],[11.52095,45.65519],[11.52547,45.65566],[11.52631,45.65481],[11.52921,45.65336],[11.53334,45.65512],[11.53446,45.65636],[11.53642,45.65688],[11.53796,45.65435],[11.54043,45.65277],[11.54355,45.65142],[11.54478,45.65154],[11.5497,45.65049],[11.55019,45.65133],[11.55281,45.65151],[11.55513,45.65134],[11.55844,45.64964],[11.56142,45.64923],[11.56517,45.64923],[11.56675,45.64891],[11.5749,45.64985],[11.57847,45.65117],[11.58133,45.64807],[11.58312,45.64734],[11.58148,45.64676],[11.58216,45.64256],[11.58094,45.63982],[11.58105,45.63758],[11.58252,45.63711],[11.58222,45.6351],[11.5839,45.63371],[11.5844,45.63146],[11.58595,45.6308],[11.58604,45.62991],[11.58758,45.62981],[11.58772,45.628],[11.58868,45.62792],[11.58865,45.62437],[11.59198,45.62397],[11.59329,45.62347],[11.59348,45.62222],[11.59495,45.62151],[11.59859,45.62058],[11.60454,45.61976],[11.60556,45.62363],[11.60996,45.62388],[11.61058,45.62448],[11.61376,45.62526],[11.61568,45.6252],[11.6144,45.62358],[11.61367,45.6219],[11.6151,45.62092],[11.61787,45.62073],[11.61786,45.62341],[11.61967,45.62489],[11.62033,45.62657],[11.61858,45.62866],[11.61979,45.62972],[11.61868,45.63152],[11.61666,45.63154],[11.61763,45.63263],[11.61792,45.63719],[11.6201,45.63701],[11.62042,45.63802],[11.62356,45.64098],[11.62249,45.64171],[11.623,45.64474],[11.62111,45.64556],[11.62378,45.64896],[11.62469,45.65104],[11.62643,45.65339],[11.62828,45.65297],[11.631,45.65116],[11.63152,45.65226],[11.63524,45.65157],[11.63726,45.65504],[11.63958,45.65608],[11.64496,45.65541],[11.6455,45.65507],[11.65263,45.65371],[11.65377,45.65552],[11.65625,45.65525],[11.66206,45.65517],[11.66284,45.65612],[11.6634,45.65909],[11.66423,45.66093],[11.66533,45.66197],[11.66546,45.6647],[11.66327,45.66454],[11.65989,45.66633],[11.65687,45.66744],[11.65223,45.66849],[11.64675,45.67004],[11.64288,45.67026],[11.63926,45.67137],[11.63828,45.66817],[11.63704,45.66842],[11.63714,45.66974],[11.6345,45.6697],[11.63291,45.67],[11.63052,45.67199],[11.62899,45.67288],[11.62668,45.67356],[11.62791,45.67861],[11.62291,45.67925],[11.62116,45.68038],[11.62165,45.6847],[11.62136,45.68719],[11.62068,45.68968],[11.62307,45.69064],[11.62642,45.69067],[11.62623,45.6936],[11.62709,45.6946],[11.62978,45.69434],[11.63106,45.69574],[11.63324,45.69606],[11.6339,45.6969],[11.63425,45.70033],[11.63546,45.70231],[11.6371,45.70262],[11.63803,45.70086],[11.64088,45.70195],[11.64214,45.70124],[11.6428,45.70313],[11.64412,45.70304],[11.64499,45.70226],[11.64639,45.70357],[11.6561,45.70192],[11.65848,45.70174],[11.65773,45.70284],[11.65822,45.70546],[11.65813,45.70677],[11.65597,45.7075],[11.65574,45.70841],[11.65653,45.70944],[11.6596,45.7091],[11.6609,45.7093],[11.66053,45.71069],[11.66091,45.71233],[11.65982,45.71241],[11.6599,45.71402],[11.65934,45.71685],[11.65846,45.71884],[11.65935,45.71915],[11.66187,45.71904],[11.6621,45.71984],[11.66466,45.72195],[11.66485,45.72552],[11.66666,45.72573],[11.66742,45.72726],[11.66871,45.72747],[11.66856,45.72912],[11.671,45.72963],[11.6717,45.73184],[11.6761,45.73248],[11.67639,45.73315],[11.67801,45.73353],[11.67852,45.73532],[11.68108,45.7354],[11.68191,45.73446],[11.68369,45.73454],[11.68398,45.73556],[11.68567,45.73698],[11.68779,45.73646],[11.6873,45.73526],[11.68789,45.73401],[11.68729,45.73326],[11.69337,45.73084],[11.6966,45.73104],[11.69394,45.72543],[11.70165,45.72333],[11.70536,45.72331],[11.7062,45.72422],[11.70714,45.72691],[11.71169,45.72774],[11.71203,45.72993],[11.71151,45.73176],[11.71432,45.73147],[11.71439,45.73231],[11.71639,45.73278],[11.71643,45.73453],[11.722,45.7356],[11.72169,45.73673],[11.72869,45.73546],[11.73274,45.73525],[11.73557,45.73557],[11.73536,45.73831],[11.74108,45.7377],[11.74928,45.73728],[11.75522,45.73736],[11.75822,45.73771],[11.75911,45.73811],[11.75467,45.74351],[11.74693,45.75223],[11.75503,45.75366],[11.75274,45.76234],[11.74947,45.77034],[11.75288,45.77066],[11.75491,45.77123],[11.75882,45.77154],[11.76307,45.77141],[11.76185,45.7728],[11.75774,45.77425],[11.7545,45.77829],[11.75191,45.78052],[11.74868,45.78257],[11.74537,45.7836],[11.74154,45.78553],[11.73776,45.78793],[11.73498,45.7892],[11.7334,45.79056],[11.73212,45.78887],[11.73096,45.78912],[11.72988,45.78844],[11.72875,45.78675],[11.72652,45.78534],[11.72466,45.78697],[11.72229,45.78842],[11.71859,45.78959],[11.71711,45.79043],[11.71568,45.79232],[11.71468,45.79472],[11.71425,45.79721],[11.71453,45.79911],[11.71438,45.80531],[11.71572,45.80723],[11.71854,45.80992],[11.71894,45.81254],[11.71734,45.81579],[11.71417,45.81789],[11.71274,45.81923],[11.70961,45.81729],[11.70923,45.81613],[11.70677,45.81606],[11.70207,45.81502],[11.69936,45.81534],[11.69731,45.81521],[11.69434,45.81377],[11.69329,45.81237],[11.69067,45.81168],[11.69008,45.81265],[11.68762,45.81273],[11.68462,45.81401],[11.67993,45.8145],[11.67725,45.81658],[11.67729,45.81836],[11.67625,45.81876],[11.66235,45.8199],[11.65805,45.82061],[11.6559,45.82024],[11.65424,45.82053],[11.65209,45.82011],[11.64939,45.82106],[11.64509,45.82188],[11.65098,45.81742],[11.65483,45.81475],[11.65587,45.81379],[11.6561,45.81212],[11.65773,45.80771],[11.6577,45.80535],[11.66008,45.80171],[11.66206,45.79812],[11.66209,45.79685],[11.66343,45.79479],[11.66408,45.79278],[11.66516,45.79107],[11.66299,45.79061],[11.66186,45.79118],[11.65912,45.79144],[11.65872,45.79396],[11.65901,45.79486],[11.66041,45.79564],[11.65977,45.7966],[11.66076,45.79796],[11.65903,45.79848],[11.6567,45.79591],[11.65407,45.79493],[11.65301,45.79366],[11.65102,45.79267],[11.64767,45.79177],[11.64626,45.79107],[11.64402,45.78807],[11.64213,45.78776],[11.6385,45.78665],[11.63517,45.78394],[11.6304,45.78297],[11.62957,45.78147],[11.62739,45.78141],[11.62623,45.78194],[11.61971,45.77998],[11.61676,45.77883],[11.6147,45.77875],[11.60857,45.78072],[11.60774,45.78017],[11.60574,45.78091],[11.60063,45.77984],[11.60028,45.77937],[11.60181,45.77715],[11.60147,45.77332],[11.60014,45.77105],[11.59642,45.76879],[11.59537,45.76714],[11.59218,45.76559],[11.58911,45.76725],[11.58212,45.7689],[11.57518,45.76832],[11.57209,45.76863],[11.57058,45.76835],[11.569,45.76874],[11.56582,45.76836],[11.5633,45.76754],[11.55957,45.76697],[11.55601,45.7671],[11.55477,45.76742],[11.55166,45.76749],[11.5481,45.76623],[11.5468,45.76677],[11.5451,45.76623],[11.54392,45.76734],[11.53991,45.76763],[11.53716,45.76927],[11.53998,45.76957],[11.53973,45.77134],[11.54127,45.77235],[11.54559,45.77319],[11.54557,45.774],[11.54316,45.77521],[11.54152,45.77662],[11.53975,45.77711],[11.5402,45.77803],[11.54446,45.7789],[11.54653,45.78034],[11.54635,45.78294],[11.54807,45.78427],[11.5488,45.78631],[11.55029,45.78792],[11.54899,45.78974],[11.54794,45.78988],[11.54421,45.79133],[11.54217,45.79398],[11.54295,45.79546],[11.54551,45.79778],[11.54572,45.80017],[11.54259,45.80197],[11.54007,45.80264],[11.53929,45.80422],[11.53601,45.8043],[11.53301,45.80582],[11.53071,45.8076],[11.52891,45.80863],[11.52779,45.80825],[11.52603,45.81202],[11.52587,45.81535],[11.5105,45.81325],[11.51869,45.80716],[11.51825,45.803],[11.52087,45.7981],[11.52357,45.79573],[11.52408,45.79426],[11.5238,45.79237],[11.52759,45.78795],[11.5278,45.78667],[11.52645,45.78299],[11.52614,45.78002],[11.52639,45.77897],[11.5259,45.77737],[11.52623,45.77401],[11.52409,45.77288],[11.52434,45.77146],[11.52285,45.77035],[11.52579,45.76943],[11.526,45.76869],[11.52464,45.76709],[11.52234,45.7651],[11.52057,45.7653],[11.51813,45.76474],[11.51728,45.76347],[11.51702,45.76148],[11.5174,45.76073],[11.5164,45.75778],[11.51553,45.75685],[11.51175,45.75636],[11.51014,45.75717],[11.50876,45.75678],[11.50621,45.7584],[11.49808,45.75617],[11.49727,45.75515],[11.498,45.75422],[11.49695,45.75317],[11.49711,45.75078],[11.50197,45.75102],[11.50169,45.7496],[11.49991,45.74796],[11.49776,45.74762],[11.49453,45.74643],[11.49303,45.74496],[11.49027,45.74521],[11.49034,45.74332],[11.48887,45.74091],[11.48766,45.74063],[11.48001,45.73961],[11.47867,45.73883],[11.47802,45.73745],[11.47675,45.73741],[11.47629,45.73505],[11.47105,45.73326],[11.46896,45.72926],[11.46861,45.72917],[11.46791,45.72769],[11.46766,45.72457],[11.46819,45.72372],[11.4688,45.72099],[11.46978,45.71998],[11.46983,45.71884],[11.4707,45.71767],[11.4727,45.71595],[11.47707,45.7148],[11.47764,45.7174],[11.48038,45.71716],[11.48373,45.71639],[11.48441,45.71655],[11.48805,45.71526],[11.48865,45.71664],[11.49037,45.71503],[11.49218,45.71648],[11.49468,45.71376],[11.49591,45.71276],[11.50116,45.70952],[11.50326,45.70801],[11.49863,45.70533],[11.49439,45.70376],[11.49624,45.7022],[11.49927,45.69893],[11.50105,45.69741],[11.50414,45.69608],[11.50547,45.69597],[11.51227,45.69635],[11.51434,45.69556],[11.51439,45.69425],[11.51375,45.68788],[11.51342,45.68593],[11.51181,45.68152],[11.51185,45.67815],[11.51163,45.67414],[11.51184,45.6735],[11.51143,45.6671],[11.51194,45.66664],[11.51137,45.66454],[11.51089,45.65995],[11.50943,45.65931],[11.50924,45.65782],[11.51119,45.65722]]]},"properties":{"idApp":925018,"aopId":"breganze","name":"Breganze","nameJa":"ブレガンツェ","kind":"village","tags":["doc"],"rank":1},"bbox":[11.46766,45.61976,11.76307,45.82188]},{"type":"Feature","geometry":{"type":"Polygon","coordinates":[[[11.41693,45.12933],[11.42222,45.12724],[11.42993,45.12365],[11.43871,45.1203],[11.44259,45.11919],[11.44921,45.11806],[11.45126,45.11746],[11.45882,45.11324],[11.4613,45.1115],[11.46804,45.10882],[11.47513,45.10701],[11.48548,45.10499],[11.49175,45.10328],[11.49301,45.10307],[11.49613,45.1037],[11.50088,45.10718],[11.50271,45.10803],[11.50707,45.10837],[11.51129,45.10926],[11.51325,45.11021],[11.51448,45.11134],[11.51597,45.11614],[11.51757,45.11842],[11.51883,45.11918],[11.52218,45.12018],[11.52432,45.12048],[11.52559,45.12513],[11.52679,45.12683],[11.52584,45.1295],[11.52537,45.12947],[11.52484,45.13462],[11.52227,45.13676],[11.52581,45.1468],[11.52477,45.14905],[11.52119,45.15185],[11.51883,45.15291],[11.51941,45.15785],[11.52121,45.15749],[11.5232,45.15767],[11.52423,45.16184],[11.52415,45.1635],[11.52321,45.16496],[11.5207,45.16741],[11.51615,45.17019],[11.51151,45.1755],[11.50984,45.17605],[11.50986,45.17818],[11.50941,45.17924],[11.50769,45.18122],[11.50424,45.18649],[11.50341,45.18927],[11.50417,45.18946],[11.50398,45.19278],[11.50359,45.19517],[11.50287,45.19532],[11.50061,45.20423],[11.50279,45.20881],[11.50569,45.21226],[11.50712,45.21315],[11.50441,45.21626],[11.50127,45.21669],[11.49868,45.21979],[11.50031,45.22058],[11.49959,45.22265],[11.49942,45.22517],[11.49859,45.22511],[11.49839,45.2268],[11.50024,45.22991],[11.50401,45.23034],[11.50387,45.23268],[11.50453,45.23463],[11.50555,45.23489],[11.50598,45.23862],[11.50565,45.24143],[11.50499,45.24311],[11.50509,45.24469],[11.51044,45.24526],[11.5136,45.24526],[11.51691,45.24691],[11.51946,45.24698],[11.52067,45.25032],[11.52247,45.25024],[11.52649,45.25076],[11.52592,45.25353],[11.52906,45.25368],[11.53263,45.25358],[11.53636,45.25404],[11.54025,45.25524],[11.55207,45.25801],[11.5579,45.25921],[11.56147,45.26038],[11.56139,45.26177],[11.5547,45.26124],[11.55336,45.26083],[11.54729,45.26031],[11.54139,45.25947],[11.53354,45.25858],[11.52838,45.25847],[11.52634,45.25867],[11.52182,45.2596],[11.51266,45.26108],[11.50815,45.26203],[11.5003,45.26326],[11.49182,45.26449],[11.48705,45.26595],[11.48464,45.2619],[11.48146,45.25889],[11.47884,45.25847],[11.47387,45.26045],[11.47005,45.26139],[11.46704,45.26183],[11.46537,45.26252],[11.46411,45.26151],[11.46055,45.26134],[11.45839,45.26076],[11.45458,45.26062],[11.45069,45.26132],[11.4462,45.26027],[11.44222,45.25838],[11.44008,45.25877],[11.43651,45.25868],[11.43364,45.25712],[11.43053,45.25635],[11.42879,45.25508],[11.42705,45.25333],[11.42521,45.25428],[11.4233,45.25424],[11.42158,45.25568],[11.41755,45.25798],[11.41431,45.25848],[11.41127,45.26001],[11.40609,45.26322],[11.40283,45.2649],[11.40046,45.26246],[11.39983,45.26112],[11.39456,45.26018],[11.39263,45.25937],[11.39264,45.25746],[11.39088,45.2544],[11.3909,45.25262],[11.38897,45.24832],[11.39084,45.24767],[11.39057,45.24692],[11.38836,45.24656],[11.3867,45.2459],[11.38497,45.24472],[11.3835,45.24244],[11.38542,45.2409],[11.3847,45.23624],[11.38378,45.2344],[11.38247,45.23462],[11.38156,45.2327],[11.38211,45.23133],[11.3814,45.23027],[11.37984,45.22936],[11.37703,45.22827],[11.37595,45.22664],[11.37661,45.22448],[11.37537,45.22326],[11.37536,45.22092],[11.37241,45.22304],[11.37092,45.22066],[11.36965,45.21793],[11.36668,45.21866],[11.36387,45.21907],[11.36076,45.21918],[11.35763,45.22063],[11.3563,45.2227],[11.35336,45.22357],[11.35138,45.22552],[11.35007,45.225],[11.34784,45.22311],[11.34645,45.22137],[11.34547,45.2219],[11.34374,45.22043],[11.34449,45.21932],[11.34366,45.21809],[11.34383,45.21572],[11.34655,45.21493],[11.34537,45.21291],[11.34318,45.21174],[11.34133,45.21137],[11.33878,45.20815],[11.34321,45.2066],[11.34644,45.2066],[11.3494,45.20534],[11.34991,45.20722],[11.35148,45.20698],[11.35522,45.20694],[11.35826,45.20459],[11.35817,45.20196],[11.35856,45.19877],[11.35959,45.19836],[11.3605,45.19659],[11.36212,45.19625],[11.36107,45.19487],[11.36394,45.19281],[11.36505,45.19103],[11.36446,45.19017],[11.36516,45.18841],[11.36662,45.18803],[11.36336,45.1858],[11.36411,45.18445],[11.36106,45.18291],[11.35929,45.181],[11.35456,45.17904],[11.35385,45.17795],[11.35097,45.17518],[11.34836,45.17215],[11.34633,45.17126],[11.34585,45.16993],[11.34831,45.16842],[11.34953,45.16721],[11.35345,45.1654],[11.36059,45.1631],[11.36527,45.16309],[11.36683,45.16263],[11.37068,45.16012],[11.37514,45.15625],[11.37801,45.15429],[11.38128,45.15245],[11.3842,45.1505],[11.38883,45.14836],[11.39316,45.14615],[11.39602,45.14417],[11.40015,45.14326],[11.40198,45.14337],[11.40477,45.14299],[11.40656,45.14172],[11.40851,45.13869],[11.40955,45.13475],[11.41056,45.13279],[11.41227,45.13133],[11.41693,45.12933]]]},"properties":{"idApp":925025,"aopId":"merlara","name":"Merlara","nameJa":"メルラーラ","kind":"village","tags":["doc"],"rank":1},"bbox":[11.33878,45.10307,11.56147,45.26595]},{"type":"Feature","geometry":{"type":"Polygon","coordinates":[[[10.76214,45.58261],[10.76193,45.57957],[10.7626,45.57805],[10.76688,45.57693],[10.76699,45.5752],[10.7682,45.57416],[10.76959,45.57405],[10.77334,45.5749],[10.77545,45.5744],[10.77819,45.57417],[10.77974,45.57581],[10.78066,45.57595],[10.78277,45.57519],[10.78638,45.57556],[10.78587,45.5745],[10.78658,45.57327],[10.78829,45.57214],[10.78991,45.57009],[10.79045,45.56622],[10.79105,45.56433],[10.79289,45.56177],[10.79516,45.56043],[10.79668,45.56028],[10.79793,45.55942],[10.79946,45.55732],[10.80119,45.55712],[10.80284,45.55625],[10.80349,45.55536],[10.80402,45.5526],[10.80396,45.54931],[10.80231,45.54441],[10.80242,45.54364],[10.8016,45.54075],[10.8015,45.53932],[10.80207,45.53596],[10.80199,45.53228],[10.80227,45.53123],[10.79955,45.52665],[10.80028,45.52612],[10.80258,45.52583],[10.80584,45.52636],[10.80522,45.5273],[10.80809,45.52667],[10.80849,45.52746],[10.81215,45.52663],[10.81352,45.52818],[10.8183,45.5269],[10.8185,45.52598],[10.82273,45.52601],[10.82383,45.5271],[10.82382,45.52909],[10.82447,45.5305],[10.82463,45.53232],[10.82536,45.53476],[10.8271,45.53797],[10.82817,45.53774],[10.82875,45.53953],[10.82988,45.5399],[10.83032,45.54134],[10.83014,45.54289],[10.83251,45.54359],[10.83473,45.54377],[10.83611,45.5451],[10.83651,45.54316],[10.8372,45.54243],[10.83934,45.54283],[10.83878,45.54926],[10.84007,45.55183],[10.83781,45.55265],[10.83127,45.55265],[10.83072,45.55346],[10.83173,45.55539],[10.83231,45.55831],[10.8303,45.56079],[10.82952,45.56232],[10.82743,45.56311],[10.82714,45.56512],[10.82786,45.56552],[10.82723,45.56717],[10.82807,45.56935],[10.83051,45.56995],[10.83072,45.57179],[10.8319,45.57413],[10.83544,45.57573],[10.83673,45.57595],[10.83701,45.57819],[10.84216,45.57831],[10.84662,45.57925],[10.84976,45.58131],[10.85064,45.58159],[10.85222,45.58089],[10.85317,45.58116],[10.85473,45.58051],[10.85858,45.57988],[10.86078,45.58041],[10.86301,45.58168],[10.86481,45.58217],[10.86085,45.5849],[10.86393,45.5872],[10.86507,45.58877],[10.86626,45.5913],[10.86775,45.5933],[10.86943,45.59419],[10.86931,45.59493],[10.87129,45.59605],[10.87251,45.59734],[10.87437,45.59824],[10.87675,45.59827],[10.87745,45.59871],[10.87732,45.6001],[10.87946,45.60008],[10.88035,45.60218],[10.88132,45.60294],[10.88101,45.6042],[10.88013,45.60479],[10.87993,45.60624],[10.88312,45.61291],[10.88273,45.61538],[10.88407,45.61636],[10.88431,45.61729],[10.88641,45.61736],[10.88875,45.61983],[10.88957,45.62235],[10.89082,45.62258],[10.89298,45.62423],[10.89258,45.62655],[10.89338,45.62772],[10.89664,45.63016],[10.89777,45.6304],[10.90075,45.62996],[10.90077,45.63155],[10.90023,45.633],[10.901,45.63424],[10.90564,45.6367],[10.90779,45.63669],[10.90715,45.63854],[10.9056,45.64004],[10.90569,45.64164],[10.90751,45.64315],[10.90967,45.64437],[10.91335,45.64424],[10.91707,45.64374],[10.91665,45.64582],[10.91981,45.64635],[10.92036,45.64808],[10.92381,45.64988],[10.92423,45.65083],[10.92797,45.65136],[10.9283,45.65242],[10.92601,45.6545],[10.92681,45.65662],[10.92784,45.65767],[10.92718,45.65854],[10.9282,45.65992],[10.92824,45.66102],[10.93017,45.66196],[10.92936,45.66304],[10.92995,45.66375],[10.93296,45.66504],[10.93426,45.66833],[10.93749,45.67341],[10.94298,45.67309],[10.94453,45.67406],[10.94557,45.67587],[10.94496,45.67698],[10.94608,45.67821],[10.94557,45.68002],[10.94767,45.68272],[10.95002,45.68487],[10.95223,45.68451],[10.96107,45.68544],[10.96203,45.68568],[10.96162,45.68731],[10.96076,45.68811],[10.96185,45.68971],[10.96176,45.69257],[10.96203,45.69681],[10.96056,45.69846],[10.96088,45.70122],[10.96224,45.70224],[10.96219,45.7041],[10.96357,45.70575],[10.96365,45.70692],[10.96685,45.70811],[10.96675,45.70987],[10.9677,45.71166],[10.96674,45.71298],[10.96658,45.71491],[10.96395,45.71741],[10.96361,45.72083],[10.96408,45.72241],[10.96572,45.72351],[10.96681,45.72347],[10.96651,45.72495],[10.96535,45.72618],[10.9654,45.72748],[10.96628,45.72795],[10.9676,45.72981],[10.96612,45.73215],[10.96465,45.73331],[10.96247,45.73661],[10.96644,45.73841],[10.96889,45.7405],[10.97026,45.7411],[10.9772,45.74227],[10.98093,45.74374],[10.98319,45.74487],[10.98353,45.74854],[10.98406,45.75085],[10.98719,45.7532],[10.98402,45.75581],[10.98059,45.75945],[10.97955,45.7603],[10.97771,45.7642],[10.97792,45.76507],[10.9763,45.76639],[10.97164,45.76812],[10.96962,45.76915],[10.96869,45.76842],[10.96911,45.76721],[10.96738,45.7667],[10.96656,45.7647],[10.9628,45.7647],[10.96232,45.76558],[10.95984,45.76575],[10.95756,45.76497],[10.9564,45.7652],[10.95173,45.76523],[10.94966,45.76584],[10.94644,45.76743],[10.94564,45.76665],[10.94427,45.76719],[10.93951,45.76728],[10.9371,45.76662],[10.93768,45.76438],[10.93234,45.76375],[10.93063,45.76523],[10.92975,45.76424],[10.92615,45.76563],[10.92476,45.76556],[10.92375,45.76482],[10.92067,45.76502],[10.91978,45.76549],[10.91569,45.76617],[10.91244,45.76766],[10.91079,45.76797],[10.90905,45.7693],[10.90711,45.76985],[10.90516,45.77156],[10.90085,45.7723],[10.89625,45.77354],[10.89535,45.77491],[10.89127,45.77606],[10.89043,45.77663],[10.8886,45.77665],[10.8868,45.77731],[10.8848,45.77926],[10.88543,45.77557],[10.88448,45.77373],[10.88304,45.77202],[10.88157,45.77204],[10.87771,45.77276],[10.8758,45.7701],[10.87588,45.76749],[10.87647,45.76445],[10.86829,45.76536],[10.86697,45.76424],[10.86665,45.76314],[10.86516,45.76113],[10.86527,45.75887],[10.8647,45.75634],[10.8649,45.75489],[10.8637,45.75013],[10.86376,45.74909],[10.86266,45.74366],[10.85863,45.74387],[10.85573,45.74239],[10.85484,45.74154],[10.85286,45.73711],[10.84981,45.73561],[10.84912,45.73186],[10.84772,45.72789],[10.84443,45.72488],[10.84476,45.72285],[10.8433,45.72059],[10.84387,45.71859],[10.84594,45.718],[10.85829,45.71779],[10.86201,45.71739],[10.86514,45.71662],[10.87254,45.71579],[10.87219,45.71481],[10.86864,45.70884],[10.87488,45.70818],[10.87702,45.70763],[10.87761,45.70532],[10.87757,45.70346],[10.87556,45.70065],[10.87174,45.70009],[10.86923,45.69919],[10.86961,45.69597],[10.86945,45.69458],[10.87091,45.69371],[10.87256,45.69214],[10.8719,45.68887],[10.87462,45.68676],[10.87196,45.68368],[10.87195,45.68277],[10.87363,45.68254],[10.87522,45.68137],[10.87632,45.67786],[10.87511,45.67448],[10.87355,45.67286],[10.87038,45.67258],[10.86999,45.66978],[10.87044,45.66744],[10.86982,45.66259],[10.8712,45.65933],[10.87062,45.65582],[10.86813,45.65543],[10.86595,45.65558],[10.86472,45.65751],[10.86533,45.65874],[10.86534,45.66117],[10.86676,45.66403],[10.86576,45.66495],[10.86596,45.66615],[10.86466,45.66779],[10.86132,45.66688],[10.86023,45.66455],[10.86064,45.66372],[10.86092,45.66064],[10.85965,45.65931],[10.85785,45.65898],[10.85784,45.65544],[10.85626,45.65354],[10.8564,45.65163],[10.85797,45.65175],[10.85861,45.64983],[10.86044,45.64796],[10.86075,45.64654],[10.8591,45.64581],[10.85976,45.64459],[10.86011,45.64191],[10.85924,45.64195],[10.85899,45.63883],[10.85803,45.63655],[10.85808,45.63494],[10.85869,45.63415],[10.85634,45.63272],[10.85611,45.63126],[10.85491,45.63007],[10.85327,45.62937],[10.85226,45.6271],[10.85132,45.62644],[10.85007,45.62452],[10.8483,45.62452],[10.84687,45.62367],[10.84643,45.62106],[10.84418,45.61748],[10.84363,45.61559],[10.84311,45.61451],[10.84058,45.61346],[10.84013,45.61212],[10.84062,45.61013],[10.84014,45.60801],[10.83897,45.60715],[10.83873,45.60539],[10.83797,45.60413],[10.83656,45.60348],[10.83587,45.60185],[10.83456,45.60057],[10.83294,45.59995],[10.83326,45.5988],[10.83195,45.59648],[10.83244,45.59529],[10.83029,45.5928],[10.82877,45.59167],[10.82874,45.59082],[10.82705,45.58923],[10.82544,45.58859],[10.82347,45.58707],[10.82043,45.58779],[10.81885,45.58709],[10.81751,45.58753],[10.81533,45.58761],[10.81349,45.58817],[10.81297,45.58732],[10.81036,45.58482],[10.80798,45.58463],[10.80666,45.58634],[10.80661,45.58799],[10.80529,45.59082],[10.80468,45.59306],[10.8036,45.59254],[10.80173,45.59299],[10.80008,45.59226],[10.79869,45.59076],[10.79501,45.58957],[10.79114,45.5875],[10.78837,45.58773],[10.78622,45.58733],[10.78474,45.58801],[10.78128,45.5841],[10.78042,45.58366],[10.7784,45.58368],[10.77526,45.58245],[10.77184,45.58342],[10.76694,45.58388],[10.76465,45.58308],[10.76214,45.58261]]]},"properties":{"idApp":925016,"aopId":"valdadige-terradeiforti","name":"Valdadige Terradeiforti","nameJa":"ヴァルダディジェ・テッラデイフォルティ","kind":"village","tags":["doc"],"rank":1},"bbox":[10.76193,45.52583,10.98719,45.77926]},{"type":"Feature","geometry":{"type":"Polygon","coordinates":[[[11.32361,45.42659],[11.32584,45.42685],[11.32918,45.43028],[11.32971,45.43158],[11.33181,45.43376],[11.33324,45.43317],[11.33595,45.43016],[11.33564,45.42836],[11.33496,45.42802],[11.33551,45.42588],[11.33739,45.4267],[11.33875,45.42503],[11.3404,45.42126],[11.33952,45.41835],[11.33834,45.41791],[11.33848,45.4167],[11.34102,45.4171],[11.34132,45.41625],[11.34475,45.41696],[11.3453,45.41781],[11.34381,45.41898],[11.34314,45.42016],[11.34485,45.42075],[11.34423,45.42198],[11.34532,45.42261],[11.34346,45.42447],[11.34509,45.42514],[11.34563,45.42688],[11.34887,45.42846],[11.34963,45.42772],[11.35301,45.42973],[11.35521,45.43064],[11.35696,45.43211],[11.35757,45.43205],[11.35937,45.43356],[11.36268,45.43572],[11.36477,45.43421],[11.36707,45.43399],[11.3684,45.43281],[11.37303,45.43676],[11.3734,45.43639],[11.37638,45.4382],[11.37789,45.4378],[11.379,45.43578],[11.38059,45.43625],[11.38123,45.43487],[11.3834,45.43539],[11.38336,45.43642],[11.38557,45.43865],[11.3875,45.43997],[11.38925,45.44068],[11.38881,45.44159],[11.39166,45.44216],[11.39555,45.44525],[11.3981,45.44614],[11.39909,45.4425],[11.40012,45.44073],[11.4022,45.44177],[11.40419,45.44193],[11.40116,45.44505],[11.40318,45.44465],[11.40699,45.44504],[11.41017,45.44387],[11.41127,45.4438],[11.41083,45.44584],[11.41096,45.4474],[11.40965,45.44873],[11.41179,45.4492],[11.41162,45.44994],[11.41424,45.44974],[11.41564,45.45082],[11.41539,45.45419],[11.41684,45.45553],[11.41439,45.45747],[11.4144,45.45825],[11.41685,45.45983],[11.41576,45.46049],[11.41899,45.46309],[11.41707,45.4648],[11.41528,45.46571],[11.4118,45.46856],[11.41331,45.46936],[11.4133,45.47019],[11.41613,45.47161],[11.41775,45.47156],[11.41941,45.46988],[11.4213,45.47105],[11.422,45.47028],[11.42427,45.47179],[11.4221,45.47351],[11.42614,45.4763],[11.42173,45.48018],[11.41925,45.48216],[11.41604,45.47888],[11.41276,45.48135],[11.40682,45.47727],[11.40332,45.48049],[11.4018,45.4812],[11.40061,45.48078],[11.39905,45.47933],[11.39287,45.47839],[11.39146,45.48207],[11.38901,45.48574],[11.38657,45.4904],[11.38691,45.49155],[11.3854,45.49238],[11.3835,45.49556],[11.38133,45.49674],[11.38086,45.49773],[11.38145,45.4985],[11.38013,45.49982],[11.38118,45.50008],[11.37983,45.50272],[11.37903,45.50318],[11.37698,45.50274],[11.37553,45.50168],[11.37139,45.50128],[11.37014,45.50092],[11.36766,45.501],[11.36554,45.50154],[11.36365,45.50163],[11.36081,45.49911],[11.3563,45.4964],[11.35261,45.49971],[11.35075,45.50051],[11.34926,45.4991],[11.34596,45.50076],[11.34466,45.501],[11.34347,45.49971],[11.34145,45.50131],[11.34028,45.50162],[11.33625,45.5013],[11.33443,45.50024],[11.33354,45.50124],[11.32705,45.49951],[11.32214,45.4997],[11.32026,45.49896],[11.32103,45.49799],[11.32369,45.49702],[11.32482,45.49607],[11.32383,45.49399],[11.32431,45.4928],[11.32375,45.4908],[11.32442,45.48926],[11.3244,45.48744],[11.32328,45.48652],[11.32341,45.48554],[11.32589,45.48572],[11.32706,45.48522],[11.32752,45.48296],[11.32833,45.48256],[11.32638,45.48074],[11.32657,45.47904],[11.32583,45.47739],[11.3237,45.47523],[11.323,45.47381],[11.32421,45.46994],[11.32576,45.46917],[11.32839,45.46558],[11.32905,45.46408],[11.32745,45.46251],[11.32706,45.4604],[11.32534,45.4589],[11.32393,45.45992],[11.32204,45.45866],[11.32095,45.45716],[11.32156,45.45662],[11.32037,45.45561],[11.32262,45.45459],[11.32452,45.45418],[11.324,45.45345],[11.32489,45.4523],[11.32522,45.45062],[11.32846,45.44816],[11.32775,45.44744],[11.32952,45.44536],[11.32982,45.44443],[11.32777,45.44402],[11.32894,45.44253],[11.32645,45.44132],[11.32467,45.43969],[11.32204,45.43865],[11.32245,45.43707],[11.32074,45.43686],[11.31887,45.43714],[11.31822,45.43597],[11.31942,45.43571],[11.31813,45.43285],[11.32115,45.43321],[11.32322,45.43193],[11.32511,45.42803],[11.32361,45.42659]]]},"properties":{"idApp":925008,"aopId":"recioto-di-gambellara","name":"Recioto di Gambellara","nameJa":"レチョート・ディ・ガンベッラーラ","kind":"village","tags":["docg"],"rank":1},"bbox":[11.31813,45.41625,11.42614,45.50318]},{"type":"Feature","geometry":{"type":"Polygon","coordinates":[[[11.32361,45.42659],[11.32584,45.42685],[11.32918,45.43028],[11.32971,45.43158],[11.33181,45.43376],[11.33324,45.43317],[11.33595,45.43016],[11.33564,45.42836],[11.33496,45.42802],[11.33551,45.42588],[11.33739,45.4267],[11.33875,45.42503],[11.3404,45.42126],[11.33952,45.41835],[11.33834,45.41791],[11.33848,45.4167],[11.34102,45.4171],[11.34132,45.41625],[11.34475,45.41696],[11.3453,45.41781],[11.34381,45.41898],[11.34314,45.42016],[11.34485,45.42075],[11.34423,45.42198],[11.34532,45.42261],[11.34346,45.42447],[11.34509,45.42514],[11.34563,45.42688],[11.34887,45.42846],[11.34963,45.42772],[11.35301,45.42973],[11.35521,45.43064],[11.35696,45.43211],[11.35757,45.43205],[11.35937,45.43356],[11.36268,45.43572],[11.36477,45.43421],[11.36707,45.43399],[11.3684,45.43281],[11.37303,45.43676],[11.3734,45.43639],[11.37638,45.4382],[11.37789,45.4378],[11.379,45.43578],[11.38059,45.43625],[11.38123,45.43487],[11.3834,45.43539],[11.38336,45.43642],[11.38557,45.43865],[11.3875,45.43997],[11.38925,45.44068],[11.38881,45.44159],[11.39166,45.44216],[11.39555,45.44525],[11.3981,45.44614],[11.39909,45.4425],[11.40012,45.44073],[11.4022,45.44177],[11.40419,45.44193],[11.40116,45.44505],[11.40318,45.44465],[11.40699,45.44504],[11.41017,45.44387],[11.41127,45.4438],[11.41083,45.44584],[11.41096,45.4474],[11.40965,45.44873],[11.41179,45.4492],[11.41162,45.44994],[11.41424,45.44974],[11.41564,45.45082],[11.41539,45.45419],[11.41684,45.45553],[11.41439,45.45747],[11.4144,45.45825],[11.41685,45.45983],[11.41576,45.46049],[11.41899,45.46309],[11.41707,45.4648],[11.41528,45.46571],[11.4118,45.46856],[11.41331,45.46936],[11.4133,45.47019],[11.41613,45.47161],[11.41775,45.47156],[11.41941,45.46988],[11.4213,45.47105],[11.422,45.47028],[11.42427,45.47179],[11.4221,45.47351],[11.42614,45.4763],[11.42173,45.48018],[11.41925,45.48216],[11.41604,45.47888],[11.41276,45.48135],[11.40682,45.47727],[11.40332,45.48049],[11.4018,45.4812],[11.40061,45.48078],[11.39905,45.47933],[11.39287,45.47839],[11.39146,45.48207],[11.38901,45.48574],[11.38657,45.4904],[11.38691,45.49155],[11.3854,45.49238],[11.3835,45.49556],[11.38133,45.49674],[11.38086,45.49773],[11.38145,45.4985],[11.38013,45.49982],[11.38118,45.50008],[11.37983,45.50272],[11.37903,45.50318],[11.37698,45.50274],[11.37553,45.50168],[11.37139,45.50128],[11.37014,45.50092],[11.36766,45.501],[11.36554,45.50154],[11.36365,45.50163],[11.36081,45.49911],[11.3563,45.4964],[11.35261,45.49971],[11.35075,45.50051],[11.34926,45.4991],[11.34596,45.50076],[11.34466,45.501],[11.34347,45.49971],[11.34145,45.50131],[11.34028,45.50162],[11.33625,45.5013],[11.33443,45.50024],[11.33354,45.50124],[11.32705,45.49951],[11.32214,45.4997],[11.32026,45.49896],[11.32103,45.49799],[11.32369,45.49702],[11.32482,45.49607],[11.32383,45.49399],[11.32431,45.4928],[11.32375,45.4908],[11.32442,45.48926],[11.3244,45.48744],[11.32328,45.48652],[11.32341,45.48554],[11.32589,45.48572],[11.32706,45.48522],[11.32752,45.48296],[11.32833,45.48256],[11.32638,45.48074],[11.32657,45.47904],[11.32583,45.47739],[11.3237,45.47523],[11.323,45.47381],[11.32421,45.46994],[11.32576,45.46917],[11.32839,45.46558],[11.32905,45.46408],[11.32745,45.46251],[11.32706,45.4604],[11.32534,45.4589],[11.32393,45.45992],[11.32204,45.45866],[11.32095,45.45716],[11.32156,45.45662],[11.32037,45.45561],[11.32262,45.45459],[11.32452,45.45418],[11.324,45.45345],[11.32489,45.4523],[11.32522,45.45062],[11.32846,45.44816],[11.32775,45.44744],[11.32952,45.44536],[11.32982,45.44443],[11.32777,45.44402],[11.32894,45.44253],[11.32645,45.44132],[11.32467,45.43969],[11.32204,45.43865],[11.32245,45.43707],[11.32074,45.43686],[11.31887,45.43714],[11.31822,45.43597],[11.31942,45.43571],[11.31813,45.43285],[11.32115,45.43321],[11.32322,45.43193],[11.32511,45.42803],[11.32361,45.42659]]]},"properties":{"idApp":925009,"aopId":"gambellara","name":"Gambellara","nameJa":"ガンベッラーラ","kind":"village","tags":["doc"],"rank":1},"bbox":[11.31813,45.41625,11.42614,45.50318]}]}