{"type":"FeatureCollection","features":[{"type":"Feature","properties":{"level":"region","regionId":"veneto","nameJa":"ヴェネト"},"geometry":{"type":"MultiPolygon","coordinates":[[[[12.28512,45.13002],[12.2825,45.13478],[12.28249,45.13761],[12.28531,45.14132],[12.28864,45.14288],[12.29256,45.1434],[12.30085,45.14333],[12.30932,45.14387],[12.31423,45.14577],[12.31781,45.14926],[12.32192,45.15234],[12.32397,45.15501],[12.33031,45.16026],[12.33081,45.16623],[12.32713,45.17123],[12.31737,45.18242],[12.31256,45.18492],[12.31051,45.18703],[12.30895,45.19058],[12.30602,45.19506],[12.30246,45.20233],[12.30048,45.20826],[12.29876,45.21598],[12.29903,45.22232],[12.30112,45.22949],[12.29938,45.23248],[12.29694,45.24334],[12.29991,45.24903],[12.30022,45.25154],[12.29932,45.25538],[12.29967,45.25841],[12.30191,45.26563],[12.30202,45.26969],[12.30403,45.28077],[12.30616,45.28789],[12.31331,45.30599],[12.31339,45.30752],[12.31615,45.3143],[12.32436,45.33013],[12.32634,45.3324],[12.32663,45.33442],[12.32885,45.33743],[12.32878,45.34366],[12.32937,45.34905],[12.33199,45.35607],[12.33345,45.35857],[12.34312,45.3709],[12.34737,45.37802],[12.36,45.39587],[12.36362,45.39983],[12.37719,45.41355],[12.3832,45.41852],[12.39452,45.42645],[12.39997,45.42965],[12.39529,45.43144],[12.39146,45.43396],[12.38968,45.43645],[12.38937,45.43924],[12.39059,45.44189],[12.39314,45.44402],[12.40139,45.4469],[12.40443,45.44898],[12.40942,45.45046],[12.41332,45.45035],[12.41687,45.44921],[12.42046,45.44599],[12.42119,45.44328],[12.42115,45.43748],[12.42194,45.43493],[12.42733,45.42889],[12.43371,45.42465],[12.44328,45.43256],[12.45385,45.43894],[12.46986,45.44603],[12.47363,45.44684],[12.47856,45.44905],[12.48335,45.44991],[12.50641,45.45621],[12.51024,45.45703],[12.51659,45.45932],[12.52423,45.46111],[12.53353,45.4639],[12.53567,45.46497],[12.54778,45.46905],[12.55052,45.47049],[12.56256,45.47381],[12.56758,45.47555],[12.57267,45.47626],[12.58035,45.47816],[12.58393,45.47831],[12.58869,45.48158],[12.60018,45.48673],[12.61528,45.49292],[12.62172,45.49505],[12.63261,45.4994],[12.64859,45.50497],[12.66521,45.51021],[12.68391,45.51654],[12.69781,45.52029],[12.70716,45.52229],[12.70976,45.52236],[12.71836,45.52431],[12.72445,45.52764],[12.72962,45.529],[12.73598,45.53139],[12.74866,45.53712],[12.75269,45.53863],[12.76719,45.54536],[12.78784,45.55673],[12.79866,45.56188],[12.80584,45.56467],[12.81202,45.5666],[12.82038,45.5706],[12.83721,45.57777],[12.85252,45.58363],[12.85837,45.58537],[12.86661,45.58839],[12.87417,45.59267],[12.88497,45.59689],[12.88929,45.5979],[12.89289,45.60024],[12.89491,45.60365],[12.89967,45.60703],[12.90135,45.60952],[12.90482,45.61205],[12.90854,45.61329],[12.91671,45.61291],[12.92272,45.61384],[12.94551,45.61932],[12.95516,45.6213],[12.96316,45.62244],[12.96916,45.62288],[12.9721,45.62448],[12.97603,45.62531],[12.98425,45.62529],[13.00077,45.62756],[13.02173,45.62972],[13.034,45.6304],[13.0532,45.63049],[13.05974,45.63077],[13.07474,45.63247],[13.09116,45.63528],[13.09723,45.63575],[13.09967,45.63887],[13.09975,45.64249],[13.10145,45.64578],[13.10328,45.65174],[13.10677,45.65899],[13.10931,45.66279],[13.11282,45.66621],[13.11951,45.67129],[13.14104,45.6842],[13.14738,45.68861],[13.15208,45.69319],[13.15427,45.69826],[13.15813,45.70152],[13.1619,45.70258],[13.17038,45.70297],[13.17837,45.70624],[13.18149,45.70905],[13.18519,45.71052],[13.19773,45.71155],[13.21412,45.71318],[13.24134,45.71433],[13.24569,45.71562],[13.25198,45.715],[13.25505,45.71546],[13.25925,45.71499],[13.26581,45.71346],[13.27381,45.70926],[13.28157,45.71008],[13.29067,45.70767],[13.29862,45.70756],[13.30227,45.70677],[13.30648,45.70388],[13.31417,45.70066],[13.32519,45.69737],[13.33166,45.69364],[13.33604,45.69253],[13.34152,45.68917],[13.3446,45.68862],[13.34627,45.69057],[13.34201,45.69184],[13.33965,45.69347],[13.33261,45.69433],[13.32895,45.69674],[13.32625,45.69746],[13.32247,45.69973],[13.3195,45.70441],[13.31938,45.70791],[13.32058,45.71156],[13.31808,45.71478],[13.31719,45.71878],[13.31575,45.72091],[13.3078,45.72034],[13.30132,45.72239],[13.29824,45.72583],[13.29644,45.73007],[13.29394,45.72931],[13.29509,45.72683],[13.29491,45.72398],[13.29178,45.72035],[13.28827,45.71891],[13.28371,45.71857],[13.27825,45.71697],[13.26621,45.71492],[13.26122,45.71502],[13.25767,45.71605],[13.25273,45.71969],[13.24492,45.71999],[13.24193,45.72111],[13.23887,45.72107],[13.23457,45.71972],[13.2315,45.7196],[13.22756,45.71821],[13.21722,45.71687],[13.21335,45.71714],[13.20558,45.71502],[13.20178,45.71461],[13.19108,45.71531],[13.18495,45.71395],[13.17813,45.71506],[13.17169,45.71229],[13.15816,45.70964],[13.15441,45.7067],[13.15198,45.7021],[13.14599,45.69967],[13.1346,45.69232],[13.12496,45.68942],[13.12063,45.68869],[13.11327,45.68658],[13.1075,45.68705],[13.10439,45.68837],[13.09837,45.6893],[13.09475,45.68903],[13.08541,45.69065],[13.0823,45.69227],[13.08027,45.69457],[13.07961,45.69703],[13.07547,45.7],[13.07386,45.70264],[13.07385,45.70552],[13.07544,45.70816],[13.0811,45.71105],[13.0827,45.71541],[13.08749,45.71835],[13.0883,45.7212],[13.09077,45.72373],[13.09183,45.72951],[13.0936,45.73223],[13.09679,45.73421],[13.10613,45.73644],[13.10648,45.74239],[13.10788,45.74501],[13.11637,45.75211],[13.11599,45.75622],[13.11743,45.75868],[13.12169,45.76129],[13.12769,45.76191],[13.13314,45.76008],[13.13918,45.75438],[13.1435,45.75125],[13.14625,45.75103],[13.15022,45.75319],[13.15567,45.75407],[13.16089,45.75284],[13.16443,45.75517],[13.16625,45.75851],[13.1708,45.76137],[13.1748,45.76202],[13.18284,45.76216],[13.18419,45.76428],[13.18856,45.76745],[13.19261,45.76828],[13.19681,45.76789],[13.20504,45.76612],[13.20878,45.76727],[13.21469,45.76794],[13.2184,45.7673],[13.22273,45.7647],[13.22665,45.75782],[13.22704,45.75556],[13.23824,45.75291],[13.24348,45.7526],[13.25106,45.75031],[13.26173,45.75067],[13.2696,45.74943],[13.27536,45.7473],[13.27895,45.74853],[13.2874,45.74981],[13.29168,45.74976],[13.29653,45.74817],[13.30094,45.74867],[13.31104,45.74796],[13.316,45.74587],[13.31776,45.74412],[13.32428,45.74271],[13.32736,45.74256],[13.33511,45.74081],[13.34292,45.73633],[13.36264,45.73385],[13.36579,45.73273],[13.37354,45.72834],[13.37563,45.72597],[13.37625,45.72259],[13.381,45.7198],[13.38325,45.71752],[13.3841,45.71481],[13.38264,45.70805],[13.38256,45.70388],[13.3843,45.68969],[13.3817,45.68565],[13.37541,45.6823],[13.374,45.68014],[13.37852,45.67914],[13.3831,45.67601],[13.38582,45.67488],[13.40825,45.67744],[13.42135,45.67721],[13.42973,45.67612],[13.43339,45.67713],[13.43415,45.67988],[13.43638,45.68237],[13.44408,45.68709],[13.45146,45.68963],[13.45408,45.69],[13.46012,45.69374],[13.4625,45.69861],[13.46603,45.70165],[13.47107,45.70362],[13.48056,45.7046],[13.4858,45.70476],[13.4937,45.7074],[13.49775,45.70925],[13.50681,45.71251],[13.51774,45.71852],[13.52906,45.72275],[13.53783,45.72273],[13.54096,45.72335],[13.54723,45.72327],[13.55211,45.72396],[13.55469,45.72836],[13.55469,45.73168],[13.55035,45.73111],[13.54632,45.73166],[13.53514,45.73599],[13.53365,45.73718],[13.52923,45.7383],[13.52599,45.74001],[13.52348,45.74386],[13.52485,45.74854],[13.52227,45.75224],[13.52092,45.7572],[13.52108,45.7623],[13.52249,45.76621],[13.52595,45.77036],[13.53182,45.77484],[13.53344,45.77718],[13.54137,45.78219],[13.54562,45.78389],[13.54957,45.78436],[13.55523,45.78302],[13.55798,45.78097],[13.55989,45.77792],[13.56505,45.77781],[13.57856,45.77495],[13.58594,45.77645],[13.59761,45.7736],[13.60353,45.7713],[13.60659,45.77191],[13.61277,45.77165],[13.62282,45.76892],[13.62639,45.76897],[13.63035,45.76795],[13.63339,45.7661],[13.64163,45.75772],[13.65426,45.75081],[13.66506,45.74324],[13.67696,45.73698],[13.68233,45.73233],[13.687,45.72932],[13.692,45.72531],[13.6938,45.7228],[13.69825,45.71925],[13.70983,45.7118],[13.71189,45.70798],[13.71114,45.7046],[13.71505,45.70168],[13.7216,45.70074],[13.73341,45.69622],[13.74545,45.68724],[13.75159,45.68129],[13.75213,45.67628],[13.75623,45.67225],[13.76308,45.65819],[13.76297,45.6554],[13.76136,45.65285],[13.75585,45.65005],[13.75398,45.64801],[13.74869,45.64468],[13.74401,45.64078],[13.74462,45.63903],[13.75418,45.63265],[13.75685,45.62799],[13.76099,45.62899],[13.76506,45.62889],[13.77028,45.62671],[13.77434,45.62284],[13.77533,45.62049],[13.78,45.61518],[13.78074,45.6125],[13.78,45.60981],[13.77789,45.60751],[13.77286,45.6055],[13.76898,45.60539],[13.76167,45.60696],[13.75416,45.60778],[13.75007,45.60919],[13.74437,45.60856],[13.74122,45.60893],[13.73659,45.61053],[13.73267,45.61002],[13.72745,45.60668],[13.71924,45.60565],[13.72067,45.59824],[13.72494,45.59482],[13.74458,45.59743],[13.74993,45.59653],[13.76298,45.59141],[13.78079,45.58408],[13.79055,45.58261],[13.79371,45.58263],[13.81011,45.58089],[13.82561,45.58195],[13.83876,45.58225],[13.84724,45.58453],[13.85126,45.58486],[13.85111,45.58743],[13.85274,45.59044],[13.85577,45.59293],[13.86048,45.5951],[13.86554,45.59674],[13.86795,45.60175],[13.86795,45.60476],[13.86926,45.60732],[13.87347,45.61008],[13.87889,45.61147],[13.88526,45.61508],[13.89053,45.61701],[13.89447,45.61992],[13.90132,45.6223],[13.90642,45.6249],[13.91572,45.6304],[13.91816,45.63119],[13.91861,45.6334],[13.90338,45.64237],[13.89672,45.64391],[13.8907,45.64625],[13.8737,45.65519],[13.8677,45.65902],[13.85777,45.66592],[13.85401,45.67105],[13.85138,45.6733],[13.84533,45.68051],[13.83408,45.68768],[13.83196,45.69174],[13.83259,45.69476],[13.83577,45.69791],[13.83424,45.70317],[13.83393,45.70699],[13.82627,45.71474],[13.81068,45.72354],[13.80566,45.72869],[13.80252,45.73414],[13.79985,45.74004],[13.79429,45.74414],[13.78458,45.74817],[13.776,45.74893],[13.76968,45.75047],[13.76605,45.7522],[13.76232,45.75614],[13.75779,45.75565],[13.74761,45.75551],[13.74044,45.75809],[13.73499,45.76354],[13.72888,45.76688],[13.7229,45.76853],[13.71956,45.77029],[13.71,45.77404],[13.70083,45.77929],[13.69699,45.78292],[13.68686,45.78976],[13.68079,45.79279],[13.67926,45.79421],[13.67307,45.79585],[13.66942,45.79958],[13.65804,45.80035],[13.6505,45.79931],[13.6443,45.79895],[13.64052,45.79969],[13.63753,45.80128],[13.63188,45.79939],[13.62619,45.7994],[13.61852,45.80107],[13.61357,45.80313],[13.61057,45.80309],[13.60401,45.80429],[13.59893,45.80678],[13.59628,45.81081],[13.5971,45.81945],[13.59261,45.82357],[13.58859,45.83515],[13.57821,45.84134],[13.57559,45.84624],[13.5771,45.85324],[13.5817,45.85988],[13.58429,45.86665],[13.58748,45.87116],[13.59315,45.87465],[13.58877,45.8796],[13.58813,45.88347],[13.58938,45.88594],[13.59275,45.88982],[13.59562,45.8915],[13.59712,45.89378],[13.60042,45.89591],[13.60877,45.89923],[13.61249,45.90547],[13.6155,45.9077],[13.61798,45.91561],[13.62069,45.91844],[13.62664,45.92198],[13.62755,45.92477],[13.63113,45.92982],[13.63787,45.93512],[13.63802,45.93643],[13.63331,45.94879],[13.63409,45.95302],[13.64003,45.9717],[13.64002,45.97857],[13.6429,45.98268],[13.63351,45.98908],[13.62491,45.98558],[13.61963,45.98444],[13.60809,45.98567],[13.60346,45.98739],[13.59046,45.98979],[13.58447,45.98799],[13.58101,45.98465],[13.57749,45.98279],[13.57511,45.97601],[13.56919,45.97137],[13.56364,45.96993],[13.55904,45.96982],[13.55166,45.97054],[13.54819,45.97],[13.54546,45.96772],[13.54203,45.96634],[13.53441,45.96626],[13.53077,45.9675],[13.52809,45.96962],[13.5264,45.97258],[13.52054,45.97406],[13.51768,45.9758],[13.51382,45.97979],[13.50817,45.98007],[13.50256,45.98137],[13.49614,45.9855],[13.49401,45.98889],[13.48966,45.99335],[13.48591,45.99946],[13.48094,46.00384],[13.48016,46.00646],[13.4808,46.0091],[13.48277,46.01138],[13.48713,46.01368],[13.49443,46.01497],[13.4968,46.0164],[13.49783,46.01895],[13.50152,46.02407],[13.50423,46.02674],[13.50488,46.0296],[13.50795,46.03351],[13.50888,46.03931],[13.5101,46.04212],[13.5084,46.04593],[13.50351,46.04663],[13.50011,46.04845],[13.49759,46.05269],[13.4981,46.05562],[13.50185,46.05915],[13.50916,46.06144],[13.51581,46.0623],[13.52495,46.06617],[13.52972,46.06648],[13.53354,46.06987],[13.53643,46.07378],[13.54281,46.07765],[13.54632,46.08102],[13.5526,46.08351],[13.55994,46.08555],[13.56245,46.08674],[13.57288,46.08876],[13.5798,46.09693],[13.58283,46.09895],[13.58869,46.10105],[13.59657,46.1048],[13.6004,46.10866],[13.60341,46.11299],[13.60737,46.11529],[13.61169,46.11681],[13.61663,46.12032],[13.61895,46.12097],[13.62371,46.12416],[13.62567,46.12711],[13.63169,46.13217],[13.63486,46.13384],[13.63939,46.13457],[13.64412,46.1375],[13.65275,46.1482],[13.65557,46.15476],[13.6543,46.15902],[13.6549,46.16173],[13.65691,46.16408],[13.6627,46.16855],[13.66659,46.17398],[13.66424,46.17797],[13.65967,46.18341],[13.65523,46.18603],[13.64534,46.18921],[13.63702,46.19068],[13.63373,46.19172],[13.62361,46.18753],[13.61721,46.18741],[13.61278,46.18921],[13.60164,46.18844],[13.59595,46.19005],[13.59202,46.19303],[13.5812,46.18789],[13.5775,46.1871],[13.57363,46.18731],[13.5687,46.18941],[13.56615,46.19302],[13.566,46.19495],[13.56246,46.1995],[13.56189,46.20409],[13.55255,46.20901],[13.54587,46.21198],[13.53385,46.21453],[13.53071,46.21658],[13.52909,46.2188],[13.52205,46.21778],[13.51502,46.21572],[13.50746,46.2157],[13.50345,46.21653],[13.50024,46.21841],[13.49837,46.22099],[13.49295,46.22283],[13.48504,46.22442],[13.4731,46.22523],[13.46649,46.22407],[13.4619,46.22463],[13.45698,46.22606],[13.44899,46.22537],[13.44419,46.22543],[13.4465,46.21964],[13.4453,46.21553],[13.44101,46.21259],[13.4358,46.21139],[13.42936,46.20877],[13.42344,46.2085],[13.41844,46.21007],[13.41556,46.21227],[13.41418,46.21657],[13.41655,46.22248],[13.41656,46.22611],[13.41851,46.22895],[13.42229,46.23123],[13.42277,46.23451],[13.41059,46.24039],[13.40602,46.24402],[13.40432,46.24826],[13.40161,46.25248],[13.39803,46.25619],[13.39642,46.26188],[13.39453,46.26582],[13.39473,46.26839],[13.39329,46.27056],[13.39189,46.27866],[13.39239,46.28229],[13.38757,46.28768],[13.38623,46.29215],[13.38679,46.29483],[13.38874,46.29718],[13.3918,46.29886],[13.39554,46.29963],[13.40276,46.30016],[13.40464,46.30272],[13.40928,46.30519],[13.4182,46.30582],[13.41624,46.30989],[13.41628,46.31437],[13.41748,46.31697],[13.41999,46.31907],[13.42489,46.32166],[13.43163,46.32249],[13.43656,46.32157],[13.43949,46.32264],[13.44283,46.32783],[13.44822,46.33117],[13.4492,46.33515],[13.44474,46.34111],[13.44253,46.34826],[13.43949,46.35286],[13.43993,46.35693],[13.44349,46.36017],[13.44987,46.36255],[13.45923,46.36282],[13.4683,46.36071],[13.4769,46.36409],[13.47805,46.36543],[13.48367,46.3688],[13.48744,46.36968],[13.49885,46.37098],[13.50529,46.37447],[13.50934,46.37598],[13.51683,46.37679],[13.51831,46.38105],[13.52013,46.38339],[13.52353,46.38537],[13.52951,46.38625],[13.53336,46.38546],[13.53851,46.3861],[13.54115,46.38918],[13.54422,46.3913],[13.54826,46.39237],[13.55159,46.3924],[13.5546,46.3937],[13.55848,46.3966],[13.5654,46.39801],[13.56837,46.4002],[13.57485,46.40691],[13.57778,46.4087],[13.57709,46.4134],[13.57795,46.41663],[13.57893,46.42545],[13.58122,46.42828],[13.5891,46.43268],[13.59276,46.43637],[13.59713,46.43813],[13.60586,46.43971],[13.61101,46.43994],[13.61606,46.43929],[13.62078,46.44137],[13.62538,46.44238],[13.63441,46.44198],[13.63799,46.44352],[13.64543,46.44431],[13.65143,46.44268],[13.65468,46.43955],[13.66593,46.44042],[13.67155,46.43963],[13.6766,46.43957],[13.68398,46.43751],[13.68918,46.44002],[13.69358,46.44376],[13.69407,46.44881],[13.69509,46.45126],[13.69877,46.45671],[13.69576,46.46396],[13.69572,46.46688],[13.69948,46.47127],[13.70051,46.47373],[13.7032,46.47626],[13.70715,46.47827],[13.70929,46.48166],[13.706,46.48422],[13.7043,46.48694],[13.70539,46.49193],[13.70435,46.49634],[13.70495,46.50057],[13.70727,46.50293],[13.71176,46.505],[13.71531,46.50577],[13.71663,46.50752],[13.71711,46.51232],[13.71417,46.52264],[13.71036,46.52139],[13.70478,46.52131],[13.69846,46.52317],[13.68863,46.52153],[13.68251,46.52183],[13.67378,46.52355],[13.6667,46.52675],[13.66036,46.52804],[13.65418,46.53078],[13.64327,46.53358],[13.63311,46.5377],[13.62795,46.54123],[13.62084,46.54235],[13.61415,46.5426],[13.61066,46.54354],[13.60435,46.54337],[13.60019,46.54419],[13.59749,46.54554],[13.59204,46.54613],[13.58726,46.54454],[13.58281,46.54195],[13.57872,46.5413],[13.57273,46.5425],[13.56364,46.55098],[13.56073,46.55185],[13.55706,46.55154],[13.54614,46.55359],[13.53928,46.55283],[13.53718,46.55112],[13.53344,46.54972],[13.5236,46.54798],[13.51759,46.54859],[13.51431,46.55027],[13.51221,46.55269],[13.51142,46.55543],[13.50836,46.55772],[13.50427,46.56621],[13.49936,46.56588],[13.49547,46.56428],[13.48313,46.56102],[13.47849,46.56067],[13.47437,46.55852],[13.46814,46.55779],[13.46212,46.55909],[13.45421,46.5594],[13.44627,46.55774],[13.44237,46.55788],[13.43692,46.5592],[13.42815,46.55799],[13.41898,46.55938],[13.41289,46.56121],[13.40974,46.56323],[13.40804,46.56596],[13.40865,46.5708],[13.40566,46.57198],[13.40022,46.57234],[13.38885,46.57656],[13.38191,46.57699],[13.37233,46.5792],[13.37089,46.57651],[13.36705,46.57216],[13.36185,46.56971],[13.35424,46.56807],[13.35004,46.56803],[13.34478,46.56992],[13.33043,46.55928],[13.32758,46.55799],[13.32574,46.55595],[13.32058,46.55336],[13.31645,46.55274],[13.3123,46.55331],[13.307,46.55499],[13.29783,46.56014],[13.2953,46.56042],[13.28602,46.55879],[13.27952,46.55921],[13.27358,46.56081],[13.26851,46.5609],[13.2621,46.55898],[13.25259,46.56041],[13.24882,46.55912],[13.24469,46.55676],[13.24073,46.55616],[13.23673,46.55665],[13.2333,46.55815],[13.22662,46.56408],[13.22194,46.5661],[13.21743,46.5704],[13.20915,46.57],[13.20341,46.57216],[13.19784,46.57161],[13.19357,46.57237],[13.18586,46.57617],[13.18159,46.57737],[13.17838,46.57958],[13.17698,46.58172],[13.1725,46.58346],[13.16977,46.58573],[13.16856,46.58881],[13.16551,46.58922],[13.15953,46.58857],[13.15081,46.58997],[13.14466,46.58924],[13.13775,46.59121],[13.12654,46.59169],[13.12275,46.59218],[13.11754,46.59417],[13.10936,46.59592],[13.10244,46.59562],[13.0968,46.59741],[13.09248,46.60026],[13.08415,46.60197],[13.08006,46.60012],[13.07626,46.59945],[13.06346,46.59981],[13.06048,46.59842],[13.04912,46.59631],[13.04495,46.59626],[13.04101,46.59719],[13.03453,46.59651],[13.03072,46.59705],[13.02154,46.60216],[13.01701,46.60182],[13.01098,46.60053],[13.00652,46.60056],[12.99924,46.60243],[12.98864,46.60084],[12.98202,46.60216],[12.97764,46.60186],[12.97337,46.60276],[12.96681,46.60502],[12.96088,46.60527],[12.95648,46.60643],[12.95161,46.60428],[12.94605,46.60371],[12.93969,46.60551],[12.93352,46.60966],[12.92748,46.61045],[12.92156,46.60888],[12.91279,46.60914],[12.90998,46.60962],[12.9064,46.60871],[12.89912,46.60963],[12.88925,46.60735],[12.88368,46.60729],[12.8774,46.60913],[12.8737,46.60837],[12.86556,46.60984],[12.86022,46.60635],[12.85612,46.60517],[12.84821,46.60558],[12.83985,46.60765],[12.83658,46.60964],[12.83477,46.61237],[12.83376,46.61691],[12.83445,46.62194],[12.83722,46.62722],[12.83348,46.62886],[12.83128,46.63123],[12.82394,46.62994],[12.81951,46.6303],[12.81649,46.63138],[12.81186,46.6311],[12.8075,46.63208],[12.80178,46.63451],[12.79683,46.63827],[12.79534,46.64232],[12.78719,46.64378],[12.78446,46.64487],[12.77619,46.64657],[12.76755,46.64655],[12.76264,46.64787],[12.75636,46.64714],[12.75108,46.64535],[12.74763,46.64297],[12.74411,46.6389],[12.73923,46.63669],[12.73339,46.63664],[12.72988,46.63783],[12.72679,46.64036],[12.72236,46.64207],[12.71908,46.64618],[12.71579,46.64917],[12.71032,46.65012],[12.70186,46.6508],[12.69528,46.65344],[12.69067,46.65688],[12.68301,46.65642],[12.67591,46.65749],[12.66933,46.65728],[12.66583,46.65779],[12.65788,46.6572],[12.65151,46.65413],[12.64807,46.65308],[12.64299,46.65292],[12.63705,46.65439],[12.63417,46.65611],[12.63112,46.66119],[12.61926,46.66181],[12.61402,46.65896],[12.60421,46.65661],[12.59488,46.6568],[12.58625,46.65638],[12.57852,46.65675],[12.57127,46.65364],[12.56737,46.65328],[12.56355,46.65395],[12.55866,46.65714],[12.54825,46.65953],[12.54099,46.66375],[12.53694,46.66715],[12.53157,46.66939],[12.52866,46.67363],[12.51606,46.67854],[12.5088,46.67848],[12.50185,46.68056],[12.4998,46.6792],[12.49468,46.67758],[12.49002,46.67705],[12.48432,46.67726],[12.47798,46.67975],[12.47222,46.67792],[12.45911,46.67454],[12.44989,46.67246],[12.44767,46.67146],[12.43889,46.66916],[12.43631,46.66897],[12.43301,46.66738],[12.42877,46.66286],[12.41489,46.65051],[12.40681,46.6446],[12.40294,46.64314],[12.39231,46.64191],[12.38509,46.64334],[12.37999,46.64296],[12.37822,46.63891],[12.37873,46.63618],[12.38272,46.63257],[12.38385,46.62863],[12.38289,46.626],[12.38058,46.6238],[12.37378,46.62088],[12.36662,46.61963],[12.36151,46.61974],[12.35346,46.62223],[12.34687,46.62518],[12.34393,46.62728],[12.34016,46.63232],[12.33408,46.62971],[12.32062,46.62935],[12.31607,46.62994],[12.31444,46.62514],[12.31224,46.62287],[12.3066,46.61984],[12.30206,46.61899],[12.2928,46.6183],[12.28257,46.61872],[12.27589,46.62129],[12.2717,46.62218],[12.26865,46.62403],[12.2667,46.62642],[12.26134,46.62903],[12.25026,46.62475],[12.24478,46.62404],[12.24247,46.61868],[12.2385,46.6157],[12.22743,46.61277],[12.21447,46.60963],[12.20877,46.6071],[12.20496,46.60655],[12.19936,46.6076],[12.1942,46.61173],[12.19326,46.61569],[12.19536,46.62182],[12.18659,46.6214],[12.18286,46.62234],[12.17991,46.62417],[12.17665,46.62844],[12.17134,46.63405],[12.16776,46.6343],[12.16126,46.63676],[12.15337,46.63458],[12.14928,46.63425],[12.14532,46.63504],[12.14177,46.637],[12.13984,46.63939],[12.13903,46.64265],[12.13508,46.64414],[12.1295,46.6443],[12.12547,46.6456],[12.11217,46.6524],[12.10758,46.65805],[12.09978,46.6613],[12.09511,46.66236],[12.09193,46.66415],[12.0891,46.66741],[12.08356,46.66805],[12.08014,46.66981],[12.07664,46.67371],[12.0751,46.67442],[12.06847,46.67508],[12.06895,46.66637],[12.07079,46.66114],[12.07035,46.65809],[12.06662,46.65288],[12.07112,46.64648],[12.07133,46.64345],[12.06861,46.63834],[12.06486,46.62416],[12.06138,46.62092],[12.05322,46.61801],[12.05123,46.612],[12.04894,46.60947],[12.04465,46.60761],[12.04459,46.60652],[12.04873,46.60143],[12.04962,46.59834],[12.04968,46.59344],[12.04654,46.58463],[12.0438,46.58192],[12.03675,46.57876],[12.03333,46.57551],[12.03226,46.57242],[12.02871,46.56808],[12.02698,46.56323],[12.02178,46.55965],[12.016,46.55283],[12.0128,46.54966],[12.00861,46.54439],[12.00423,46.54104],[12.00036,46.54002],[11.99425,46.54061],[11.99093,46.54232],[11.98775,46.54515],[11.97064,46.54452],[11.96647,46.54465],[11.95208,46.54048],[11.94979,46.53931],[11.94675,46.53257],[11.94395,46.53028],[11.94005,46.52898],[11.93448,46.52832],[11.92769,46.52906],[11.91772,46.53249],[11.91336,46.53306],[11.90835,46.53185],[11.90124,46.52946],[11.89523,46.52558],[11.89026,46.52361],[11.88618,46.52277],[11.87719,46.52224],[11.87019,46.52013],[11.85138,46.51784],[11.84441,46.51534],[11.82844,46.50891],[11.8249,46.50607],[11.82116,46.50198],[11.81561,46.50029],[11.81401,46.49587],[11.81448,46.49285],[11.81155,46.486],[11.81056,46.48495],[11.81347,46.47805],[11.8165,46.47683],[11.82432,46.47559],[11.8353,46.47645],[11.84216,46.47626],[11.84623,46.47516],[11.85447,46.47509],[11.86479,46.47313],[11.87257,46.4731],[11.87762,46.47122],[11.88498,46.46466],[11.88665,46.46162],[11.88724,46.45789],[11.88627,46.45344],[11.88827,46.44679],[11.88772,46.44399],[11.88566,46.44156],[11.87838,46.43682],[11.87252,46.43389],[11.86822,46.43319],[11.86359,46.43325],[11.85985,46.43403],[11.85049,46.43416],[11.84645,46.42436],[11.84081,46.41909],[11.8384,46.41545],[11.84142,46.4112],[11.84158,46.40819],[11.83883,46.40334],[11.83588,46.40078],[11.83591,46.39805],[11.83346,46.38974],[11.83219,46.38729],[11.83301,46.38318],[11.83186,46.38038],[11.82743,46.37732],[11.81798,46.37607],[11.81616,46.37473],[11.81449,46.37156],[11.81003,46.36759],[11.80499,46.36572],[11.7993,46.36598],[11.79444,46.36779],[11.79229,46.36781],[11.78927,46.36592],[11.78373,46.36453],[11.7795,46.36245],[11.77453,46.3583],[11.77734,46.35504],[11.78068,46.34982],[11.78982,46.34792],[11.79873,46.344],[11.8018,46.34045],[11.80295,46.33337],[11.81378,46.33087],[11.81695,46.32912],[11.82305,46.32809],[11.82778,46.32637],[11.83059,46.32411],[11.83185,46.32125],[11.83178,46.31292],[11.8363,46.30842],[11.83738,46.30564],[11.8368,46.30279],[11.83019,46.2942],[11.82955,46.2888],[11.82647,46.28501],[11.83063,46.27941],[11.83294,46.27751],[11.83804,46.27044],[11.8409,46.27014],[11.84705,46.27134],[11.85691,46.27066],[11.86285,46.27139],[11.8682,46.27446],[11.87333,46.27614],[11.87793,46.27666],[11.8838,46.27523],[11.88744,46.27172],[11.88793,46.26883],[11.88735,46.26543],[11.88498,46.26158],[11.88621,46.25843],[11.8913,46.25314],[11.89428,46.25115],[11.904,46.25449],[11.90784,46.25443],[11.91139,46.25339],[11.91923,46.24857],[11.92105,46.24603],[11.92132,46.2432],[11.91834,46.23901],[11.91714,46.23569],[11.91442,46.23237],[11.90968,46.22451],[11.91466,46.22167],[11.91818,46.22066],[11.92431,46.2169],[11.92626,46.21439],[11.92765,46.20912],[11.93282,46.20391],[11.93961,46.19881],[11.94302,46.19849],[11.94982,46.19953],[11.95346,46.1993],[11.95876,46.19732],[11.96101,46.19498],[11.9618,46.19222],[11.9609,46.18751],[11.95836,46.18509],[11.9498,46.18176],[11.94704,46.17712],[11.94366,46.17532],[11.93738,46.17472],[11.92881,46.17576],[11.92909,46.17146],[11.92839,46.16734],[11.9262,46.16504],[11.92201,46.16231],[11.91845,46.15535],[11.91873,46.15071],[11.91532,46.14714],[11.91288,46.14345],[11.9081,46.14035],[11.90539,46.13953],[11.9013,46.13652],[11.90057,46.13175],[11.89751,46.12913],[11.89752,46.12659],[11.89323,46.1213],[11.88561,46.11799],[11.88203,46.11751],[11.87614,46.11768],[11.87369,46.11684],[11.86596,46.11554],[11.85428,46.11284],[11.85037,46.11293],[11.84156,46.1113],[11.83488,46.11095],[11.82882,46.1084],[11.82442,46.10774],[11.81919,46.10777],[11.81453,46.10482],[11.80856,46.10348],[11.80434,46.10393],[11.79368,46.10313],[11.78071,46.10286],[11.77685,46.1039],[11.77329,46.10578],[11.76734,46.10084],[11.76363,46.09975],[11.7596,46.09974],[11.75587,46.10079],[11.753,46.10276],[11.7515,46.10514],[11.74608,46.10439],[11.74008,46.10511],[11.73668,46.10427],[11.72141,46.10293],[11.71731,46.10309],[11.71133,46.09898],[11.70768,46.09546],[11.7024,46.09352],[11.69839,46.09353],[11.69198,46.09498],[11.68564,46.09368],[11.68257,46.09025],[11.68207,46.08705],[11.68348,46.082],[11.68246,46.07753],[11.68463,46.07443],[11.68761,46.06449],[11.69006,46.06278],[11.69423,46.06154],[11.69726,46.05943],[11.70119,46.05467],[11.702,46.05182],[11.70112,46.04898],[11.69871,46.04662],[11.69516,46.04511],[11.6864,46.04426],[11.67894,46.04599],[11.67647,46.04338],[11.66709,46.03813],[11.66627,46.03627],[11.67378,46.02884],[11.67507,46.02612],[11.67475,46.02327],[11.67197,46.01956],[11.66684,46.01706],[11.66951,46.01489],[11.67109,46.01067],[11.67556,46.00723],[11.67676,46.00401],[11.67646,46.00192],[11.68183,45.99898],[11.68698,45.99334],[11.68797,45.98893],[11.68677,45.98628],[11.6842,45.98388],[11.68391,45.97873],[11.6824,45.97588],[11.68315,45.97288],[11.68207,45.96996],[11.67936,45.9676],[11.67432,45.96499],[11.66739,45.96423],[11.66267,45.96492],[11.65595,45.96469],[11.65259,45.96536],[11.64126,45.96323],[11.63733,45.96368],[11.63394,45.96513],[11.63069,45.96932],[11.62517,45.96974],[11.62107,45.97142],[11.61866,45.97152],[11.61616,45.97008],[11.61236,45.96924],[11.60838,45.96946],[11.59829,45.97196],[11.59195,45.97229],[11.5884,45.97391],[11.58552,45.97783],[11.57986,46.00076],[11.57724,46.00646],[11.57108,46.00743],[11.56358,46.0075],[11.55814,46.00946],[11.55434,46.01184],[11.54168,46.01226],[11.53895,46.01323],[11.52942,46.01163],[11.52279,46.0116],[11.51859,46.01062],[11.51288,46.0111],[11.51072,46.01196],[11.50692,46.01096],[11.50046,46.0109],[11.4942,46.00964],[11.48913,46.00722],[11.48165,45.9994],[11.47797,45.99812],[11.46804,45.99746],[11.4654,45.99465],[11.4565,45.98848],[11.45511,45.98669],[11.44864,45.9832],[11.445,45.98212],[11.43987,45.98221],[11.4337,45.98125],[11.42433,45.98059],[11.41977,45.98157],[11.41524,45.98125],[11.40955,45.98219],[11.40262,45.98073],[11.39822,45.9804],[11.39389,45.98089],[11.38727,45.98263],[11.38375,45.98283],[11.37759,45.98418],[11.37358,45.98323],[11.37246,45.9734],[11.37559,45.96561],[11.37622,45.96083],[11.37805,45.95687],[11.38124,45.95304],[11.38225,45.95038],[11.38176,45.94765],[11.37985,45.94525],[11.37679,45.94353],[11.37127,45.94222],[11.3643,45.94243],[11.3585,45.94361],[11.3586,45.94036],[11.36022,45.93712],[11.36004,45.93452],[11.35679,45.92717],[11.35484,45.92497],[11.3519,45.92339],[11.34551,45.92111],[11.33978,45.91785],[11.33571,45.91741],[11.32801,45.91753],[11.32296,45.91914],[11.31772,45.92236],[11.31487,45.92484],[11.31299,45.9298],[11.3062,45.93079],[11.30315,45.93278],[11.3008,45.93739],[11.29862,45.9361],[11.29869,45.93059],[11.30054,45.92603],[11.2996,45.92314],[11.29707,45.92076],[11.28936,45.91766],[11.28536,45.91759],[11.27545,45.91959],[11.26296,45.91758],[11.26153,45.91642],[11.26001,45.90618],[11.25777,45.90363],[11.2491,45.89924],[11.25204,45.89469],[11.25175,45.89047],[11.24964,45.88804],[11.2407,45.88255],[11.23506,45.87972],[11.23527,45.87807],[11.24093,45.87522],[11.24257,45.87266],[11.24269,45.86985],[11.23978,45.85854],[11.23773,45.85619],[11.23332,45.85289],[11.22751,45.84975],[11.22201,45.84891],[11.21866,45.84427],[11.2192,45.83827],[11.21795,45.83414],[11.21424,45.83065],[11.20616,45.82765],[11.20294,45.82696],[11.19895,45.82435],[11.19762,45.82116],[11.19518,45.81866],[11.19128,45.8168],[11.18857,45.81185],[11.18977,45.80929],[11.18957,45.8049],[11.19327,45.79851],[11.19299,45.79341],[11.19172,45.79085],[11.18918,45.78879],[11.18574,45.78754],[11.18189,45.78728],[11.17696,45.78812],[11.1737,45.7866],[11.17544,45.78131],[11.17837,45.77734],[11.17964,45.77286],[11.1792,45.76994],[11.18033,45.76571],[11.18013,45.76197],[11.17824,45.75866],[11.17706,45.75339],[11.17524,45.74873],[11.17726,45.74421],[11.17753,45.73923],[11.1768,45.73636],[11.17349,45.73229],[11.16693,45.72761],[11.16211,45.72495],[11.15594,45.72273],[11.15168,45.71903],[11.14597,45.7169],[11.14409,45.71351],[11.13886,45.70943],[11.1356,45.69927],[11.13467,45.69799],[11.13006,45.69525],[11.12608,45.69468],[11.11417,45.69668],[11.1108,45.69572],[11.1022,45.69593],[11.09539,45.69481],[11.09185,45.69553],[11.08491,45.69852],[11.07742,45.70326],[11.07269,45.7047],[11.06631,45.70876],[11.05921,45.71474],[11.05667,45.71833],[11.05299,45.71659],[11.04425,45.70865],[11.03904,45.70711],[11.03412,45.70718],[11.03124,45.70589],[11.02551,45.70517],[11.02176,45.7059],[11.01751,45.70865],[11.01604,45.71258],[11.01749,45.71772],[11.01716,45.71927],[11.01159,45.71891],[11.01115,45.71578],[11.00922,45.71342],[11.00438,45.71122],[11.00144,45.71088],[10.99871,45.70922],[10.99274,45.70758],[10.995,45.70258],[10.99406,45.69847],[10.99166,45.69624],[10.9864,45.69408],[10.98222,45.69373],[10.97819,45.69459],[10.97387,45.69778],[10.9723,45.7016],[10.96751,45.70554],[10.96688,45.70984],[10.96762,45.71167],[10.96482,45.71761],[10.96479,45.72035],[10.96671,45.72345],[10.9663,45.72668],[10.96749,45.72979],[10.96567,45.73329],[10.96569,45.73601],[10.96714,45.73853],[10.96982,45.7405],[10.9772,45.74227],[10.9831,45.74486],[10.98387,45.74959],[10.98702,45.75318],[10.97935,45.76073],[10.97789,45.76493],[10.97647,45.76622],[10.96961,45.76906],[10.9665,45.76696],[10.96272,45.76585],[10.95608,45.7652],[10.95007,45.76582],[10.94643,45.7674],[10.93981,45.76726],[10.93291,45.76531],[10.92142,45.76527],[10.91571,45.76622],[10.91041,45.76841],[10.90513,45.77148],[10.89872,45.77292],[10.89545,45.77478],[10.88667,45.7779],[10.88481,45.77919],[10.88334,45.77583],[10.87786,45.77276],[10.87502,45.76877],[10.87263,45.7668],[10.86839,45.76531],[10.86525,45.76113],[10.8649,45.75489],[10.86302,45.74744],[10.86081,45.745],[10.85494,45.74161],[10.85307,45.73808],[10.84998,45.73565],[10.84752,45.72796],[10.84443,45.72468],[10.84243,45.7162],[10.83993,45.71396],[10.83639,45.71258],[10.83237,45.71227],[10.81976,45.71622],[10.81457,45.71741],[10.80914,45.7203],[10.79884,45.72468],[10.79364,45.72545],[10.78416,45.72881],[10.76329,45.74061],[10.72756,45.70111],[10.70564,45.67642],[10.7,45.6711],[10.68144,45.65473],[10.63107,45.60951],[10.62809,45.60695],[10.63097,45.58159],[10.64079,45.47918],[10.64288,45.46262],[10.643,45.45443],[10.64403,45.4512],[10.64324,45.44853],[10.64109,45.44626],[10.6379,45.44471],[10.62736,45.44335],[10.62464,45.44359],[10.62305,45.44217],[10.62426,45.43826],[10.62735,45.43835],[10.63251,45.43966],[10.63636,45.43976],[10.64,45.43884],[10.64289,45.43703],[10.64463,45.43459],[10.64539,45.43135],[10.64735,45.42852],[10.6474,45.42556],[10.64364,45.41811],[10.65453,45.41587],[10.65919,45.42061],[10.66542,45.42389],[10.66916,45.42512],[10.68345,45.42434],[10.68885,45.4228],[10.692,45.42264],[10.69777,45.42121],[10.70153,45.42104],[10.71158,45.41858],[10.71455,45.41687],[10.71642,45.4145],[10.71711,45.41069],[10.71632,45.40802],[10.7181,45.4046],[10.71796,45.39885],[10.7172,45.3963],[10.70778,45.38775],[10.7064,45.38378],[10.70227,45.38107],[10.69796,45.38006],[10.69991,45.37491],[10.70694,45.36944],[10.70818,45.36668],[10.7078,45.3638],[10.7046,45.36],[10.70175,45.35813],[10.69541,45.35549],[10.68989,45.35395],[10.68569,45.35389],[10.68684,45.34226],[10.69406,45.34036],[10.70427,45.33919],[10.70765,45.33757],[10.71191,45.33449],[10.7147,45.33065],[10.71457,45.32775],[10.71301,45.32358],[10.70895,45.31985],[10.70654,45.31637],[10.70918,45.31592],[10.71969,45.31727],[10.72379,45.31706],[10.72744,45.31573],[10.73006,45.31348],[10.73289,45.30537],[10.73199,45.30189],[10.72977,45.29852],[10.72837,45.2914],[10.73731,45.28735],[10.78634,45.31762],[10.79257,45.32106],[10.79807,45.32193],[10.80174,45.32127],[10.8129,45.3176],[10.81846,45.31881],[10.82203,45.32188],[10.82569,45.32297],[10.83249,45.32275],[10.83483,45.32487],[10.84161,45.32677],[10.84596,45.33001],[10.85137,45.33191],[10.85544,45.33217],[10.86073,45.33129],[10.86665,45.33366],[10.86814,45.33721],[10.86358,45.34532],[10.86346,45.34839],[10.86498,45.35263],[10.86734,45.35478],[10.8739,45.35889],[10.87816,45.3606],[10.88708,45.36657],[10.89024,45.36798],[10.89391,45.36848],[10.89759,45.36802],[10.90957,45.36483],[10.9202,45.36403],[10.92706,45.36457],[10.93141,45.36364],[10.93899,45.36628],[10.94362,45.37062],[10.94758,45.37172],[10.96068,45.37203],[10.96408,45.37087],[10.96751,45.36772],[10.97049,45.3575],[10.97185,45.35467],[10.97535,45.3548],[10.98143,45.35361],[10.98515,45.35194],[10.98829,45.34945],[10.99539,45.3508],[10.99601,45.35357],[10.99333,45.3595],[10.99502,45.36476],[10.9978,45.36668],[11.00483,45.36842],[11.01314,45.36979],[11.01911,45.36866],[11.02695,45.37168],[11.03029,45.37203],[11.02538,45.37799],[11.0239,45.38096],[11.02397,45.38317],[11.02177,45.38776],[11.02265,45.39054],[11.02498,45.39286],[11.02841,45.39436],[11.03239,45.3948],[11.0374,45.39452],[11.04229,45.39623],[11.05007,45.39593],[11.05677,45.39336],[11.06185,45.38953],[11.06341,45.38739],[11.06499,45.38146],[11.06336,45.37745],[11.0606,45.37544],[11.05547,45.37389],[11.0477,45.374],[11.04421,45.3716],[11.03954,45.37016],[11.03858,45.36782],[11.04109,45.36317],[11.04687,45.35567],[11.05447,45.34856],[11.06288,45.34986],[11.07083,45.35004],[11.07617,45.34843],[11.08045,45.34363],[11.08192,45.33982],[11.08562,45.33504],[11.09315,45.33527],[11.09745,45.33893],[11.1008,45.34062],[11.10483,45.34124],[11.10888,45.34068],[11.13194,45.3331],[11.15075,45.3271],[11.17051,45.33257],[11.17289,45.33394],[11.17564,45.3379],[11.17958,45.34203],[11.17494,45.34642],[11.17424,45.34952],[11.17511,45.35211],[11.17725,45.35431],[11.18037,45.3558],[11.18611,45.35741],[11.18813,45.36058],[11.19362,45.36604],[11.19922,45.3677],[11.20579,45.36665],[11.21584,45.36286],[11.22084,45.3621],[11.22736,45.35958],[11.23069,45.35699],[11.23463,45.35211],[11.23988,45.35048],[11.24296,45.34854],[11.24497,45.34444],[11.24418,45.3403],[11.24715,45.33833],[11.25338,45.33612],[11.25693,45.33425],[11.26642,45.32699],[11.26819,45.32256],[11.26619,45.31849],[11.26146,45.31469],[11.2609,45.31212],[11.26167,45.30901],[11.26596,45.30578],[11.26706,45.30297],[11.2665,45.30009],[11.26437,45.2976],[11.25997,45.29441],[11.25992,45.29252],[11.26363,45.28876],[11.2649,45.28594],[11.26446,45.283],[11.26239,45.28043],[11.25482,45.27561],[11.25528,45.27169],[11.26036,45.26953],[11.27061,45.26861],[11.27442,45.26718],[11.27693,45.26531],[11.28315,45.26651],[11.28725,45.26893],[11.29126,45.26955],[11.29587,45.27301],[11.31032,45.27444],[11.32067,45.27249],[11.32871,45.27028],[11.33671,45.27012],[11.34283,45.26836],[11.35001,45.26688],[11.35984,45.26838],[11.36501,45.27175],[11.36895,45.27285],[11.37822,45.27358],[11.38347,45.27328],[11.38825,45.27131],[11.39304,45.26781],[11.39456,45.2653],[11.39465,45.26257],[11.39267,45.25928],[11.39079,45.25238],[11.38825,45.24732],[11.38365,45.24264],[11.38469,45.23925],[11.38392,45.23633],[11.38105,45.23152],[11.37721,45.22831],[11.37398,45.22404],[11.37046,45.22158],[11.36702,45.22032],[11.36317,45.22006],[11.35945,45.22084],[11.35138,45.22543],[11.3438,45.22043],[11.34365,45.2148],[11.33889,45.20823],[11.34336,45.20661],[11.35242,45.20482],[11.35571,45.20322],[11.35787,45.20085],[11.36114,45.19489],[11.36426,45.19109],[11.36443,45.18785],[11.36256,45.18423],[11.35886,45.18099],[11.35466,45.17904],[11.34591,45.16999],[11.34945,45.16736],[11.35356,45.16536],[11.36041,45.16319],[11.36749,45.16205],[11.37068,45.16012],[11.37514,45.15625],[11.3842,45.1505],[11.39316,45.14615],[11.39574,45.14438],[11.40282,45.14276],[11.40736,45.14006],[11.40955,45.13475],[11.41209,45.13151],[11.42222,45.12724],[11.42993,45.12365],[11.43871,45.1203],[11.45052,45.11766],[11.45882,45.11324],[11.4613,45.1115],[11.46804,45.10882],[11.47513,45.10701],[11.48548,45.10499],[11.49298,45.10314],[11.49602,45.1037],[11.50131,45.10721],[11.51105,45.10922],[11.51427,45.11118],[11.51631,45.11642],[11.52039,45.11954],[11.52889,45.12085],[11.53474,45.12041],[11.54468,45.12064],[11.55214,45.12013],[11.55712,45.1191],[11.55981,45.11946],[11.56282,45.12119],[11.57216,45.12304],[11.57597,45.12271],[11.58071,45.12043],[11.58367,45.11696],[11.58598,45.11665],[11.59398,45.11794],[11.59781,45.11768],[11.60124,45.11642],[11.60702,45.11317],[11.61066,45.10995],[11.61327,45.1088],[11.6269,45.10968],[11.63419,45.10836],[11.64723,45.10866],[11.65106,45.10774],[11.6551,45.10563],[11.66289,45.1039],[11.66793,45.10502],[11.68129,45.10361],[11.69064,45.09981],[11.69431,45.0987],[11.69699,45.09896],[11.70711,45.10181],[11.71118,45.10205],[11.71598,45.10119],[11.7231,45.09741],[11.73325,45.09813],[11.74186,45.0969],[11.75051,45.09678],[11.75649,45.09555],[11.76098,45.09563],[11.77338,45.09844],[11.77719,45.10018],[11.77992,45.10306],[11.78753,45.10783],[11.79639,45.11147],[11.80391,45.11764],[11.80635,45.12009],[11.81179,45.12255],[11.81763,45.12284],[11.82493,45.12136],[11.83182,45.12197],[11.83381,45.12268],[11.8375,45.12631],[11.84219,45.1282],[11.85195,45.12943],[11.85908,45.13212],[11.86536,45.13325],[11.87255,45.13311],[11.88261,45.13575],[11.88625,45.13591],[11.89379,45.1336],[11.89874,45.13366],[11.90542,45.13602],[11.91532,45.13678],[11.9183,45.13831],[11.92081,45.141],[11.92432,45.14271],[11.92851,45.14324],[11.93385,45.143],[11.93858,45.14127],[11.94563,45.13649],[11.94861,45.13533],[11.95673,45.13378],[11.96624,45.13347],[11.97816,45.13565],[11.99015,45.13895],[11.99489,45.13972],[12.00718,45.14014],[12.01228,45.13888],[12.0245,45.13809],[12.02959,45.13612],[12.03212,45.13345],[12.03278,45.12943],[12.02562,45.11995],[12.02766,45.1188],[12.03551,45.11742],[12.04275,45.11562],[12.04565,45.11393],[12.04749,45.11161],[12.04769,45.10551],[12.05416,45.10093],[12.05933,45.09802],[12.0801,45.08407],[12.0823,45.08196],[12.11011,45.06415],[12.12283,45.05839],[12.12887,45.05814],[12.13669,45.05624],[12.14152,45.05565],[12.14791,45.05753],[12.14693,45.06349],[12.14814,45.0675],[12.15173,45.07075],[12.15879,45.07238],[12.16171,45.07841],[12.16049,45.0838],[12.16418,45.08881],[12.16718,45.09043],[12.1708,45.09116],[12.1763,45.0904],[12.18009,45.08852],[12.18879,45.08971],[12.19223,45.09605],[12.19528,45.09824],[12.20014,45.10033],[12.20225,45.10282],[12.20542,45.10441],[12.21115,45.10495],[12.21861,45.10444],[12.2299,45.10632],[12.23961,45.10664],[12.25194,45.11012],[12.26007,45.1131],[12.26967,45.11743],[12.28072,45.12293],[12.28409,45.12563],[12.28512,45.13002]]],[[[12.4193,45.48209],[12.42133,45.48549],[12.42013,45.48765],[12.42009,45.49058],[12.4217,45.49328],[12.42665,45.49681],[12.42868,45.50076],[12.41939,45.50028],[12.41517,45.50135],[12.41224,45.49987],[12.40869,45.49921],[12.40821,45.49562],[12.40612,45.4931],[12.40277,45.49138],[12.39724,45.49032],[12.40315,45.48414],[12.40621,45.48383],[12.41114,45.48451],[12.41519,45.48385],[12.4193,45.48209]]]]}},{"type":"Feature","properties":{"level":"subregion","subregionId":"valpolicella","nameJa":"ヴァルポリチェッラ"},"geometry":{"type":"Polygon","coordinates":[[[10.89487,45.67134],[10.89839,45.6682],[10.89922,45.6655],[10.89854,45.66278],[10.89567,45.65929],[10.8946,45.65315],[10.89316,45.65067],[10.89053,45.64873],[10.88708,45.6476],[10.88193,45.64691],[10.88009,45.64574],[10.88131,45.64175],[10.88081,45.63763],[10.87728,45.63316],[10.87476,45.62883],[10.87033,45.62632],[10.86783,45.62311],[10.86295,45.62071],[10.85445,45.62059],[10.85338,45.6187],[10.8541,45.60921],[10.85282,45.6066],[10.84846,45.60352],[10.8439,45.59726],[10.84282,45.59406],[10.84326,45.58778],[10.84031,45.58398],[10.83681,45.58243],[10.83218,45.58178],[10.82495,45.5816],[10.82223,45.57923],[10.81919,45.57055],[10.81972,45.56749],[10.82317,45.56582],[10.82886,45.55932],[10.82941,45.55504],[10.8264,45.5513],[10.82123,45.5489],[10.81758,45.54382],[10.8138,45.54048],[10.80952,45.53339],[10.80576,45.52912],[10.80556,45.52232],[10.80385,45.51618],[10.80781,45.51147],[10.80967,45.50333],[10.81512,45.49849],[10.81964,45.49668],[10.82446,45.49194],[10.82525,45.48948],[10.82507,45.48445],[10.82726,45.48177],[10.84458,45.47957],[10.85024,45.47719],[10.85684,45.47694],[10.86256,45.47836],[10.86663,45.47825],[10.87032,45.47704],[10.87343,45.47443],[10.87751,45.47258],[10.88056,45.46898],[10.88024,45.46479],[10.87692,45.46157],[10.87847,45.45753],[10.87771,45.45405],[10.88348,45.45102],[10.88571,45.44897],[10.88955,45.44311],[10.89533,45.44166],[10.90349,45.43621],[10.90562,45.43346],[10.90599,45.42722],[10.91144,45.41518],[10.92048,45.39644],[10.92739,45.38778],[10.92779,45.38394],[10.92686,45.38196],[10.92889,45.37501],[10.93186,45.37586],[10.936,45.37593],[10.93984,45.37482],[10.94327,45.37215],[10.95357,45.37168],[10.96068,45.37203],[10.96408,45.37087],[10.96751,45.36772],[10.97049,45.3575],[10.97185,45.35467],[10.97535,45.3548],[10.98143,45.35361],[10.98515,45.35194],[10.98829,45.34945],[10.99539,45.3508],[10.99601,45.35357],[10.99333,45.3595],[10.99502,45.36476],[10.9978,45.36668],[11.00483,45.36842],[11.01314,45.36979],[11.01911,45.36866],[11.02126,45.36916],[11.02565,45.37282],[11.02721,45.37649],[11.0239,45.38096],[11.02397,45.38317],[11.02177,45.38776],[11.02265,45.39054],[11.02498,45.39286],[11.02841,45.39436],[11.03239,45.3948],[11.0374,45.39452],[11.04229,45.39623],[11.05007,45.39593],[11.05677,45.39336],[11.06185,45.38953],[11.06341,45.38739],[11.065,45.38208],[11.06794,45.38037],[11.07189,45.38158],[11.07415,45.38385],[11.07736,45.38543],[11.08312,45.38594],[11.09625,45.38243],[11.10223,45.38134],[11.10902,45.37895],[11.11171,45.37906],[11.11308,45.3818],[11.11596,45.38389],[11.12125,45.38569],[11.12515,45.3882],[11.12902,45.38911],[11.13076,45.39314],[11.13338,45.39513],[11.13687,45.39628],[11.14138,45.39638],[11.1423,45.4018],[11.14162,45.40799],[11.14202,45.41244],[11.14379,45.4151],[11.14692,45.41703],[11.15297,45.41793],[11.17018,45.41682],[11.18615,45.41418],[11.19322,45.41324],[11.19753,45.41065],[11.19884,45.40877],[11.20222,45.40749],[11.21932,45.39971],[11.221,45.40304],[11.2223,45.41234],[11.22131,45.41683],[11.22266,45.41959],[11.22546,45.42175],[11.22948,45.42298],[11.23158,45.42994],[11.23104,45.43188],[11.22855,45.43392],[11.22607,45.44076],[11.22262,45.44313],[11.22071,45.44559],[11.22009,45.44837],[11.21733,45.45203],[11.21767,45.45612],[11.21971,45.45938],[11.22508,45.46283],[11.22855,45.46648],[11.23192,45.46812],[11.23798,45.46854],[11.24174,45.46739],[11.24427,45.46573],[11.24811,45.46582],[11.25919,45.46326],[11.26188,45.46137],[11.26591,45.4636],[11.27,45.46418],[11.27407,45.46356],[11.27777,45.46192],[11.28585,45.45933],[11.29235,45.45998],[11.29762,45.45812],[11.30109,45.45491],[11.30318,45.45026],[11.30973,45.44438],[11.31331,45.4379],[11.32242,45.4371],[11.32972,45.44446],[11.32842,45.4481],[11.32523,45.45137],[11.32441,45.45416],[11.31651,45.45711],[11.31233,45.4603],[11.30432,45.4645],[11.29635,45.46652],[11.28892,45.46889],[11.28025,45.47247],[11.27725,45.4742],[11.27538,45.47659],[11.27497,45.48004],[11.26975,45.48958],[11.27056,45.49478],[11.26961,45.49807],[11.2708,45.5018],[11.2729,45.50457],[11.27572,45.50671],[11.27873,45.51028],[11.27657,45.51158],[11.27057,45.51159],[11.26568,45.51217],[11.2593,45.50926],[11.25383,45.50827],[11.25042,45.50633],[11.24498,45.50464],[11.24171,45.50226],[11.2381,45.50097],[11.23246,45.49799],[11.22874,45.49719],[11.22486,45.49744],[11.22139,45.49868],[11.21802,45.50201],[11.21587,45.51011],[11.2116,45.51554],[11.20704,45.51951],[11.20506,45.52923],[11.20616,45.53312],[11.20658,45.53815],[11.20385,45.54426],[11.2036,45.54709],[11.2046,45.54967],[11.20964,45.55307],[11.20579,45.55645],[11.2008,45.5585],[11.18893,45.55946],[11.18393,45.56066],[11.17956,45.55999],[11.17594,45.56049],[11.17044,45.56285],[11.16627,45.56337],[11.15447,45.56086],[11.15471,45.55757],[11.15392,45.55215],[11.15267,45.54833],[11.14848,45.54493],[11.14417,45.54386],[11.14046,45.54396],[11.13607,45.54531],[11.12839,45.54537],[11.12473,45.54656],[11.122,45.54866],[11.11937,45.55396],[11.11848,45.55906],[11.11944,45.56274],[11.11838,45.56786],[11.1204,45.57218],[11.11867,45.57686],[11.11592,45.57971],[11.11498,45.58235],[11.11503,45.58632],[11.11345,45.59165],[11.11179,45.59403],[11.10658,45.59554],[11.1026,45.59187],[11.09909,45.58094],[11.09756,45.57885],[11.09741,45.57114],[11.09624,45.56801],[11.09348,45.56436],[11.09369,45.5572],[11.09522,45.55161],[11.09937,45.54612],[11.09908,45.54199],[11.09707,45.53961],[11.09393,45.53793],[11.08815,45.53725],[11.08141,45.53854],[11.07835,45.54012],[11.0734,45.54428],[11.06957,45.55156],[11.06933,45.55909],[11.06644,45.56491],[11.06133,45.56844],[11.05817,45.5744],[11.05141,45.58448],[11.04445,45.58332],[11.03903,45.58427],[11.03389,45.58836],[11.02118,45.58719],[11.01541,45.58877],[11.01057,45.59185],[11.00619,45.59212],[11.0027,45.59325],[11.00005,45.5952],[10.99861,45.5977],[10.99857,45.6004],[10.99994,45.60419],[10.99572,45.60602],[10.99168,45.60657],[10.98692,45.60908],[10.98409,45.6127],[10.98137,45.61502],[10.97707,45.60889],[10.9799,45.60629],[10.98188,45.60266],[10.98279,45.59844],[10.98113,45.59461],[10.97665,45.59132],[10.9732,45.5902],[10.96941,45.59004],[10.96422,45.59161],[10.95968,45.59442],[10.95213,45.59582],[10.94639,45.5944],[10.94357,45.59122],[10.93958,45.58915],[10.93544,45.58826],[10.92675,45.58975],[10.92124,45.58971],[10.91604,45.59193],[10.914,45.59443],[10.9135,45.59729],[10.91453,45.6024],[10.91829,45.60808],[10.92313,45.6106],[10.9265,45.61356],[10.92794,45.62095],[10.92966,45.62314],[10.93195,45.63069],[10.93038,45.6358],[10.9255,45.6364],[10.92063,45.63901],[10.91897,45.64165],[10.91891,45.64455],[10.92063,45.64759],[10.92285,45.64937],[10.92787,45.65137],[10.92738,45.65628],[10.92828,45.65957],[10.93279,45.66496],[10.93744,45.6734],[10.9303,45.67771],[10.92477,45.67896],[10.92059,45.68113],[10.91777,45.68382],[10.91144,45.68849],[10.90783,45.68482],[10.90275,45.68262],[10.89906,45.67943],[10.89516,45.67788],[10.89308,45.67545],[10.89487,45.67134]]]}},{"type":"Feature","properties":{"level":"subregion","subregionId":"soave-lessini","nameJa":"ソアーヴェ / レッシーニ"},"geometry":{"type":"Polygon","coordinates":[[[11.29138,45.26969],[11.29587,45.27301],[11.31032,45.27444],[11.32067,45.27249],[11.32871,45.27028],[11.33671,45.27012],[11.34283,45.26836],[11.35001,45.26688],[11.35984,45.26838],[11.36501,45.27175],[11.36895,45.27285],[11.37822,45.27358],[11.38347,45.27328],[11.3896,45.27009],[11.39462,45.26905],[11.40188,45.26557],[11.41127,45.26001],[11.41775,45.25769],[11.42343,45.25424],[11.427,45.25338],[11.42937,45.25545],[11.43539,45.25794],[11.44216,45.25843],[11.44757,45.26059],[11.45126,45.26102],[11.45825,45.26077],[11.46769,45.26171],[11.47378,45.26049],[11.47874,45.25853],[11.48129,45.25888],[11.48468,45.26196],[11.48835,45.269],[11.48912,45.27323],[11.48854,45.27784],[11.49107,45.28262],[11.48762,45.2856],[11.47705,45.28679],[11.46888,45.28895],[11.46472,45.29183],[11.46278,45.2943],[11.4519,45.29877],[11.44183,45.30243],[11.43835,45.30593],[11.4379,45.30879],[11.43906,45.31155],[11.44166,45.31376],[11.4477,45.31535],[11.44908,45.31774],[11.45298,45.32166],[11.45839,45.324],[11.46267,45.32406],[11.47079,45.32295],[11.47953,45.32348],[11.48324,45.32314],[11.49146,45.32565],[11.50085,45.32651],[11.5068,45.32535],[11.51066,45.32552],[11.51452,45.32456],[11.51754,45.3226],[11.51948,45.31811],[11.52354,45.31439],[11.52772,45.31748],[11.52863,45.32225],[11.53026,45.32531],[11.52875,45.32859],[11.53002,45.33546],[11.52707,45.33979],[11.52751,45.34272],[11.52956,45.34527],[11.53288,45.34704],[11.53721,45.34834],[11.53915,45.34976],[11.54452,45.35123],[11.56339,45.35231],[11.56404,45.35725],[11.55977,45.35955],[11.55803,45.36138],[11.54575,45.36359],[11.54028,45.36424],[11.53481,45.36619],[11.53153,45.37058],[11.52533,45.37286],[11.5173,45.37526],[11.51409,45.37686],[11.51131,45.38102],[11.50391,45.38462],[11.49808,45.37761],[11.49504,45.37497],[11.48855,45.37159],[11.48305,45.36992],[11.46697,45.3703],[11.4601,45.37127],[11.45646,45.37258],[11.45383,45.3748],[11.45265,45.37757],[11.4531,45.38045],[11.4556,45.38335],[11.45284,45.38628],[11.45218,45.39063],[11.4525,45.39387],[11.44674,45.39909],[11.44124,45.40559],[11.44017,45.40821],[11.44056,45.41092],[11.44276,45.41371],[11.44452,45.41867],[11.44847,45.42239],[11.44774,45.42402],[11.44779,45.42867],[11.44357,45.43274],[11.44176,45.43885],[11.43347,45.44056],[11.43027,45.44238],[11.42791,45.44688],[11.42527,45.44844],[11.41743,45.45525],[11.41655,45.458],[11.41895,45.46334],[11.41959,45.46812],[11.42404,45.47166],[11.42692,45.47973],[11.42907,45.48196],[11.43401,45.48388],[11.43626,45.48675],[11.43931,45.48857],[11.44511,45.48944],[11.45494,45.48765],[11.45779,45.49072],[11.45772,45.49274],[11.45345,45.49619],[11.45107,45.49733],[11.44697,45.50126],[11.44602,45.50552],[11.4443,45.50818],[11.43954,45.51205],[11.43288,45.5131],[11.42799,45.51584],[11.42547,45.51829],[11.42172,45.52466],[11.41802,45.52733],[11.41325,45.53182],[11.40739,45.53954],[11.40696,45.5421],[11.40794,45.54654],[11.40954,45.54925],[11.41255,45.55128],[11.41759,45.55279],[11.41725,45.55533],[11.41825,45.55816],[11.42039,45.56031],[11.4269,45.56399],[11.43066,45.56524],[11.43682,45.56493],[11.44069,45.56319],[11.44323,45.5606],[11.44723,45.56052],[11.44767,45.5675],[11.44997,45.5704],[11.45482,45.57264],[11.46062,45.57266],[11.46775,45.56976],[11.47162,45.57031],[11.47559,45.56986],[11.47976,45.5683],[11.48226,45.56898],[11.49131,45.56944],[11.49437,45.57171],[11.49754,45.57283],[11.50369,45.57801],[11.50476,45.58261],[11.50725,45.58498],[11.51754,45.58924],[11.51196,45.59543],[11.5082,45.59726],[11.50104,45.60276],[11.49466,45.60518],[11.49235,45.60758],[11.4886,45.61322],[11.48972,45.61812],[11.4883,45.62134],[11.48812,45.62501],[11.48918,45.62788],[11.48857,45.62982],[11.4895,45.63328],[11.48571,45.6381],[11.48358,45.63982],[11.47997,45.63988],[11.47628,45.64107],[11.46848,45.6462],[11.46414,45.64773],[11.45853,45.65302],[11.45772,45.6557],[11.45839,45.65839],[11.46043,45.66071],[11.46394,45.66269],[11.47285,45.66515],[11.47902,45.66807],[11.47459,45.67835],[11.47148,45.67876],[11.46632,45.68083],[11.4632,45.68379],[11.46094,45.68487],[11.4584,45.6876],[11.45545,45.69405],[11.45525,45.70224],[11.45091,45.70277],[11.44746,45.70441],[11.44205,45.71008],[11.44082,45.71329],[11.43478,45.7147],[11.42824,45.71929],[11.42637,45.72171],[11.42592,45.72439],[11.42062,45.72577],[11.41768,45.7245],[11.40948,45.72233],[11.40541,45.72237],[11.40143,45.72365],[11.39269,45.72308],[11.38469,45.7247],[11.38149,45.72602],[11.37261,45.73235],[11.3703,45.73563],[11.36965,45.7383],[11.37044,45.74094],[11.37256,45.74319],[11.37572,45.74474],[11.37979,45.74537],[11.38328,45.74692],[11.38834,45.75049],[11.3894,45.7536],[11.38895,45.75711],[11.38985,45.76062],[11.38386,45.76183],[11.37986,45.76325],[11.3773,45.76499],[11.37377,45.7657],[11.37064,45.76738],[11.36613,45.76728],[11.35743,45.77002],[11.35217,45.77117],[11.34698,45.77132],[11.33987,45.77355],[11.33604,45.77628],[11.32894,45.7785],[11.32377,45.77763],[11.31933,45.77823],[11.31016,45.77384],[11.3029,45.77391],[11.29997,45.77238],[11.29525,45.77159],[11.29501,45.76879],[11.29237,45.76102],[11.28758,45.75481],[11.29133,45.75262],[11.2948,45.74839],[11.29555,45.74579],[11.29449,45.73978],[11.29704,45.73664],[11.29776,45.73395],[11.30123,45.7305],[11.30564,45.72902],[11.312,45.72818],[11.31802,45.72612],[11.32251,45.72364],[11.3293,45.71664],[11.33161,45.71164],[11.32992,45.70746],[11.32559,45.70338],[11.32546,45.7006],[11.32352,45.69789],[11.31829,45.69505],[11.31491,45.69415],[11.30837,45.69361],[11.30591,45.69176],[11.30212,45.69051],[11.30258,45.68813],[11.31074,45.68219],[11.31454,45.68042],[11.32527,45.67085],[11.32761,45.66428],[11.33,45.66051],[11.33081,45.65732],[11.32782,45.64757],[11.32235,45.63995],[11.31744,45.63764],[11.31385,45.63694],[11.31215,45.63397],[11.30795,45.63106],[11.31063,45.62548],[11.31646,45.62006],[11.31726,45.6161],[11.31441,45.61148],[11.31161,45.60573],[11.30887,45.60351],[11.30511,45.60225],[11.29993,45.60227],[11.29383,45.59998],[11.29043,45.59929],[11.27862,45.59809],[11.27424,45.5973],[11.26825,45.59436],[11.26869,45.5921],[11.26624,45.58384],[11.264,45.58155],[11.2607,45.58003],[11.25269,45.57967],[11.24726,45.58187],[11.24338,45.58799],[11.23779,45.59011],[11.23573,45.59236],[11.23487,45.59537],[11.23603,45.59886],[11.23549,45.60043],[11.22978,45.60195],[11.22255,45.6031],[11.21983,45.60492],[11.21679,45.60976],[11.21297,45.61782],[11.21431,45.6251],[11.21197,45.62603],[11.20599,45.62653],[11.20299,45.62608],[11.20033,45.6237],[11.19306,45.62],[11.19248,45.61589],[11.19133,45.61369],[11.19225,45.61094],[11.1967,45.60579],[11.19716,45.60135],[11.19615,45.59852],[11.19401,45.59625],[11.19083,45.59469],[11.18705,45.59408],[11.18322,45.59451],[11.17611,45.5965],[11.16774,45.60089],[11.16105,45.6023],[11.15597,45.60459],[11.15064,45.60377],[11.14451,45.60348],[11.13594,45.60393],[11.13409,45.60286],[11.13315,45.59592],[11.13115,45.59271],[11.13114,45.58689],[11.12987,45.5844],[11.12531,45.57939],[11.12429,45.57624],[11.12065,45.57256],[11.11833,45.56874],[11.11896,45.56207],[11.11791,45.55948],[11.11832,45.55376],[11.12027,45.55167],[11.12208,45.54688],[11.12579,45.54371],[11.12727,45.5414],[11.12708,45.53721],[11.12518,45.53475],[11.12055,45.53152],[11.1175,45.53009],[11.11456,45.52749],[11.11723,45.52408],[11.11792,45.52035],[11.11958,45.51779],[11.12036,45.51365],[11.11897,45.51102],[11.11625,45.50897],[11.11144,45.50736],[11.10322,45.50599],[11.1007,45.50615],[11.09433,45.5037],[11.09142,45.49454],[11.0914,45.4918],[11.08949,45.48737],[11.08853,45.47824],[11.08863,45.47059],[11.09122,45.46738],[11.09234,45.46438],[11.09236,45.4593],[11.08891,45.45188],[11.08356,45.44797],[11.07413,45.44582],[11.07448,45.44293],[11.07324,45.44036],[11.06913,45.43754],[11.06692,45.43693],[11.07056,45.43368],[11.07187,45.42999],[11.07089,45.42492],[11.06916,45.42237],[11.07598,45.4195],[11.07848,45.41718],[11.07947,45.41435],[11.07786,45.41018],[11.07498,45.4081],[11.06503,45.40407],[11.06521,45.40041],[11.06443,45.39759],[11.06216,45.39521],[11.05732,45.39325],[11.06201,45.38949],[11.06341,45.38739],[11.06499,45.38146],[11.06336,45.37745],[11.0606,45.37544],[11.05547,45.37389],[11.04768,45.374],[11.04394,45.37147],[11.03809,45.36854],[11.04109,45.36317],[11.04687,45.35567],[11.05447,45.34856],[11.06288,45.34986],[11.07083,45.35004],[11.07617,45.34843],[11.08045,45.34363],[11.08192,45.33982],[11.08562,45.33504],[11.09315,45.33527],[11.09745,45.33893],[11.1008,45.34062],[11.10483,45.34124],[11.10888,45.34068],[11.13194,45.3331],[11.15075,45.3271],[11.17051,45.33257],[11.17289,45.33394],[11.17564,45.3379],[11.17958,45.34203],[11.17494,45.34642],[11.17424,45.34952],[11.17511,45.35211],[11.17725,45.35431],[11.18037,45.3558],[11.18611,45.35741],[11.18813,45.36058],[11.19362,45.36604],[11.19922,45.3677],[11.20579,45.36665],[11.21584,45.36286],[11.22084,45.3621],[11.22736,45.35958],[11.23069,45.35699],[11.23463,45.35211],[11.23988,45.35048],[11.24296,45.34854],[11.24497,45.34444],[11.24418,45.3403],[11.24715,45.33833],[11.25338,45.33612],[11.25693,45.33425],[11.26642,45.32699],[11.26819,45.32256],[11.26619,45.31849],[11.26146,45.31469],[11.2609,45.31212],[11.26167,45.30901],[11.26596,45.30578],[11.26706,45.30297],[11.2665,45.30009],[11.26437,45.2976],[11.25997,45.29441],[11.25992,45.29252],[11.26363,45.28876],[11.2649,45.28594],[11.26446,45.283],[11.26239,45.28043],[11.25482,45.27561],[11.25528,45.27169],[11.26036,45.26953],[11.27061,45.26861],[11.27442,45.26718],[11.27693,45.26531],[11.28315,45.26651],[11.28725,45.26893],[11.29138,45.26969]]]}},{"type":"Feature","properties":{"level":"subregion","subregionId":"garda-veronese","nameJa":"ガルダ / ヴェローナ西部"},"geometry":{"type":"Polygon","coordinates":[[[10.70918,45.31592],[10.71969,45.31727],[10.72379,45.31706],[10.72744,45.31573],[10.73006,45.31348],[10.73289,45.30537],[10.73199,45.30189],[10.72977,45.29852],[10.72837,45.2914],[10.73731,45.28735],[10.78639,45.31764],[10.79257,45.32106],[10.79617,45.32189],[10.80174,45.32127],[10.8129,45.3176],[10.81846,45.31881],[10.82203,45.32188],[10.82569,45.32297],[10.83249,45.32275],[10.83483,45.32487],[10.84161,45.32677],[10.84596,45.33001],[10.85137,45.33191],[10.85544,45.33217],[10.86073,45.33129],[10.86665,45.33366],[10.86814,45.33721],[10.86358,45.34532],[10.86346,45.34839],[10.86498,45.35263],[10.86734,45.35478],[10.8739,45.35889],[10.87816,45.3606],[10.88708,45.36657],[10.89024,45.36798],[10.89391,45.36848],[10.89759,45.36802],[10.90957,45.36483],[10.9202,45.36403],[10.92706,45.36457],[10.93141,45.36364],[10.93601,45.36487],[10.93928,45.36645],[10.94356,45.37227],[10.94862,45.38135],[10.9412,45.38506],[10.93527,45.3844],[10.9298,45.38592],[10.92723,45.38804],[10.92044,45.39651],[10.91146,45.41514],[10.90831,45.42282],[10.90952,45.4271],[10.90373,45.43607],[10.895,45.44203],[10.89021,45.44372],[10.88738,45.446],[10.88586,45.44901],[10.88125,45.45442],[10.88093,45.45819],[10.88315,45.46184],[10.89013,45.46503],[10.89568,45.46602],[10.90616,45.47062],[10.90037,45.47555],[10.89596,45.47732],[10.88912,45.47649],[10.88474,45.47402],[10.87902,45.4735],[10.87537,45.47444],[10.87248,45.47627],[10.86864,45.48016],[10.86563,45.47974],[10.85964,45.47768],[10.85557,45.47685],[10.85194,45.47694],[10.845,45.47955],[10.83199,45.48128],[10.82745,45.48368],[10.82542,45.48741],[10.8251,45.49081],[10.82185,45.49516],[10.8196,45.49679],[10.81501,45.49863],[10.81071,45.50205],[10.80937,45.50474],[10.8073,45.51252],[10.80351,45.51667],[10.80293,45.52093],[10.80355,45.5223],[10.80748,45.52555],[10.81454,45.52676],[10.82263,45.52603],[10.82372,45.52705],[10.82565,45.53518],[10.83067,45.5405],[10.8338,45.54191],[10.83921,45.54283],[10.83896,45.54912],[10.83995,45.55182],[10.83559,45.55372],[10.83306,45.55623],[10.82859,45.56414],[10.82908,45.56817],[10.83085,45.57151],[10.83405,45.57485],[10.83938,45.57752],[10.8493,45.58035],[10.85317,45.58072],[10.85843,45.57993],[10.86475,45.5822],[10.86415,45.58719],[10.86704,45.5923],[10.87201,45.59656],[10.87665,45.59828],[10.87941,45.60012],[10.88123,45.60291],[10.88054,45.60573],[10.88105,45.60858],[10.88398,45.61507],[10.89271,45.62405],[10.89435,45.62681],[10.89684,45.62871],[10.90071,45.62999],[10.90277,45.63427],[10.90775,45.63671],[10.90995,45.64106],[10.91309,45.64292],[10.91701,45.64377],[10.9213,45.64827],[10.92787,45.65137],[10.92738,45.65628],[10.92828,45.65957],[10.93286,45.66501],[10.93505,45.66949],[10.93984,45.67253],[10.94426,45.67392],[10.94642,45.67975],[10.94822,45.68219],[10.95119,45.68399],[10.96191,45.68568],[10.96153,45.68774],[10.96201,45.69643],[10.96142,45.70021],[10.96384,45.70605],[10.96679,45.70811],[10.96762,45.71167],[10.96482,45.71761],[10.96479,45.72035],[10.96671,45.72345],[10.9663,45.72668],[10.96749,45.72979],[10.96567,45.73329],[10.96569,45.73601],[10.96714,45.73853],[10.96982,45.7405],[10.9772,45.74227],[10.9831,45.74486],[10.98387,45.74959],[10.98702,45.75318],[10.97935,45.76073],[10.97789,45.76493],[10.97647,45.76622],[10.96961,45.76906],[10.9665,45.76696],[10.96272,45.76585],[10.95608,45.7652],[10.95007,45.76582],[10.94643,45.7674],[10.93981,45.76726],[10.93291,45.76531],[10.92142,45.76527],[10.91571,45.76622],[10.91041,45.76841],[10.90513,45.77148],[10.89872,45.77292],[10.89545,45.77478],[10.88667,45.7779],[10.88481,45.77919],[10.88334,45.77583],[10.87786,45.77276],[10.87502,45.76877],[10.87263,45.7668],[10.86839,45.76531],[10.86525,45.76113],[10.8649,45.75489],[10.86302,45.74744],[10.86081,45.745],[10.85494,45.74161],[10.85307,45.73808],[10.84998,45.73565],[10.84752,45.72796],[10.84443,45.72468],[10.84342,45.72065],[10.84563,45.71811],[10.85835,45.71778],[10.86213,45.71724],[10.86551,45.71583],[10.86788,45.71363],[10.86872,45.70881],[10.87022,45.70742],[10.8716,45.70351],[10.86936,45.69926],[10.86953,45.69452],[10.87182,45.6912],[10.87264,45.68591],[10.87198,45.68294],[10.87381,45.68045],[10.87429,45.67781],[10.87337,45.67522],[10.86846,45.66976],[10.86557,45.66804],[10.8615,45.6669],[10.86011,45.66216],[10.85709,45.6571],[10.85496,45.65496],[10.84267,45.65054],[10.83711,45.65107],[10.8278,45.65401],[10.82204,45.6552],[10.81782,45.65784],[10.81642,45.66032],[10.81551,45.66653],[10.81389,45.66808],[10.80592,45.65438],[10.80248,45.64981],[10.79846,45.64698],[10.79012,45.6397],[10.78656,45.63831],[10.7798,45.63786],[10.77648,45.63833],[10.77219,45.63555],[10.76817,45.63393],[10.76801,45.63069],[10.76455,45.62692],[10.76404,45.62522],[10.76056,45.62063],[10.7576,45.6188],[10.7519,45.61784],[10.74808,45.61852],[10.738,45.62354],[10.73206,45.62339],[10.72794,45.62384],[10.72306,45.62653],[10.72057,45.63281],[10.7216,45.63571],[10.7326,45.64833],[10.73668,45.65222],[10.73563,45.65603],[10.73603,45.65806],[10.72739,45.66155],[10.68969,45.66177],[10.6814,45.6547],[10.63107,45.60951],[10.62809,45.60695],[10.63097,45.58159],[10.64079,45.47918],[10.64288,45.46262],[10.643,45.45443],[10.64403,45.4512],[10.64324,45.44853],[10.64109,45.44626],[10.6379,45.44471],[10.62736,45.44335],[10.62464,45.44359],[10.62305,45.44217],[10.62426,45.43826],[10.62735,45.43835],[10.63251,45.43966],[10.63636,45.43976],[10.64,45.43884],[10.64289,45.43703],[10.64463,45.43459],[10.64539,45.43135],[10.64735,45.42852],[10.6474,45.42556],[10.64364,45.41811],[10.65453,45.41587],[10.65919,45.42061],[10.66542,45.42389],[10.66916,45.42512],[10.68345,45.42434],[10.68885,45.4228],[10.692,45.42264],[10.69777,45.42121],[10.70153,45.42104],[10.71158,45.41858],[10.71455,45.41687],[10.71642,45.4145],[10.71711,45.41069],[10.71632,45.40802],[10.7181,45.4046],[10.71796,45.39885],[10.7172,45.3963],[10.70778,45.38775],[10.7064,45.38378],[10.70227,45.38107],[10.69796,45.38006],[10.69991,45.37491],[10.70694,45.36944],[10.70818,45.36668],[10.7078,45.3638],[10.7046,45.36],[10.70175,45.35813],[10.69541,45.35549],[10.68989,45.35395],[10.68569,45.35389],[10.68684,45.34226],[10.69406,45.34036],[10.70427,45.33919],[10.70765,45.33757],[10.71191,45.33449],[10.7147,45.33065],[10.71457,45.32775],[10.71301,45.32358],[10.70895,45.31985],[10.70654,45.31637],[10.70918,45.31592]]]}},{"type":"Feature","properties":{"level":"subregion","subregionId":"vicenza-berici","nameJa":"ヴィチェンツァ / ベリチ丘陵"},"geometry":{"type":"Polygon","coordinates":[[[11.32619,45.42689],[11.33205,45.42671],[11.33558,45.42517],[11.33795,45.42277],[11.33877,45.41989],[11.33849,45.41686],[11.34146,45.41454],[11.34284,45.41197],[11.34364,45.40496],[11.34143,45.40106],[11.33565,45.39851],[11.33422,45.394],[11.33115,45.38677],[11.33588,45.38527],[11.33886,45.38302],[11.34108,45.37894],[11.34398,45.37617],[11.34643,45.3756],[11.35138,45.37253],[11.35285,45.36979],[11.35252,45.36622],[11.35392,45.36317],[11.35348,45.36008],[11.35418,45.35726],[11.35333,45.35468],[11.35096,45.35232],[11.35149,45.3487],[11.35476,45.34768],[11.36085,45.34922],[11.36488,45.34959],[11.37261,45.34797],[11.37642,45.34903],[11.38255,45.34924],[11.38632,45.34797],[11.39049,45.34782],[11.39797,45.34564],[11.40192,45.34363],[11.41255,45.34043],[11.41859,45.33997],[11.42318,45.33892],[11.42729,45.3364],[11.43281,45.33399],[11.43822,45.33047],[11.44171,45.32885],[11.44385,45.32653],[11.4446,45.32382],[11.44295,45.31988],[11.44023,45.3179],[11.43362,45.31608],[11.43117,45.31239],[11.43341,45.30732],[11.44042,45.30294],[11.45206,45.29871],[11.46169,45.29472],[11.46695,45.28987],[11.46912,45.28876],[11.48187,45.28593],[11.48626,45.28344],[11.48811,45.27968],[11.48651,45.27465],[11.48831,45.26944],[11.48713,45.26605],[11.49195,45.26447],[11.50815,45.26203],[11.52838,45.25847],[11.53354,45.25858],[11.54729,45.26031],[11.56139,45.26177],[11.56503,45.26252],[11.56086,45.26483],[11.55449,45.26486],[11.55086,45.26631],[11.54553,45.26998],[11.54361,45.27237],[11.54233,45.27597],[11.54009,45.2776],[11.53819,45.2806],[11.53116,45.28328],[11.52786,45.28702],[11.52306,45.29006],[11.52123,45.29265],[11.52099,45.29555],[11.52313,45.29949],[11.52276,45.30473],[11.52478,45.3087],[11.52768,45.3106],[11.53139,45.31158],[11.54036,45.31138],[11.54576,45.31053],[11.55286,45.31031],[11.55638,45.30926],[11.55888,45.30756],[11.56673,45.30602],[11.56995,45.30429],[11.57282,45.29949],[11.58017,45.29742],[11.58054,45.30128],[11.58398,45.3075],[11.58793,45.31228],[11.59067,45.31393],[11.59744,45.31654],[11.60171,45.31685],[11.60578,45.31589],[11.60968,45.314],[11.61443,45.3173],[11.615,45.32246],[11.61735,45.32541],[11.6194,45.32967],[11.61983,45.33245],[11.6179,45.33659],[11.61867,45.34062],[11.62461,45.34523],[11.62551,45.34718],[11.62744,45.35619],[11.6245,45.36018],[11.61964,45.36274],[11.6156,45.36657],[11.61199,45.37315],[11.61194,45.37628],[11.6139,45.38282],[11.6169,45.38899],[11.63836,45.40372],[11.64531,45.40729],[11.65326,45.41049],[11.6557,45.41374],[11.65906,45.4154],[11.66219,45.4199],[11.66489,45.42202],[11.67191,45.42363],[11.67615,45.42318],[11.68123,45.42827],[11.68324,45.42944],[11.68651,45.43412],[11.69276,45.43671],[11.69677,45.44046],[11.69401,45.44586],[11.69433,45.44851],[11.69926,45.45698],[11.70195,45.45937],[11.6957,45.4617],[11.69,45.4655],[11.6876,45.46914],[11.6875,45.47075],[11.6802,45.47175],[11.67094,45.47564],[11.66792,45.47751],[11.66615,45.48006],[11.66638,45.48428],[11.66992,45.48768],[11.67608,45.48911],[11.68073,45.49364],[11.68183,45.49553],[11.68736,45.4998],[11.68756,45.50232],[11.68658,45.50955],[11.68289,45.5112],[11.67993,45.51456],[11.68002,45.52089],[11.67818,45.52409],[11.67594,45.52543],[11.67208,45.52995],[11.66656,45.53485],[11.66438,45.53954],[11.65937,45.54313],[11.65738,45.54819],[11.65775,45.55105],[11.66115,45.55459],[11.66632,45.55671],[11.6662,45.55979],[11.66921,45.56391],[11.67201,45.56548],[11.67288,45.56893],[11.67039,45.5703],[11.66822,45.57282],[11.66767,45.57574],[11.66998,45.5798],[11.67443,45.58252],[11.67318,45.58949],[11.674,45.5922],[11.67147,45.59409],[11.66666,45.5949],[11.65946,45.59453],[11.65234,45.59312],[11.64825,45.59394],[11.64477,45.59604],[11.64075,45.59161],[11.64086,45.58808],[11.6397,45.58527],[11.63705,45.58301],[11.63334,45.58169],[11.62967,45.5815],[11.62081,45.57948],[11.62021,45.5771],[11.61597,45.57055],[11.61374,45.56837],[11.61053,45.56691],[11.60679,45.56639],[11.60079,45.56761],[11.59796,45.56944],[11.59597,45.57323],[11.5967,45.57652],[11.59435,45.57956],[11.58536,45.58446],[11.58214,45.58952],[11.57537,45.58866],[11.56968,45.58984],[11.56684,45.59181],[11.56527,45.59439],[11.56523,45.59719],[11.56652,45.59994],[11.56682,45.60337],[11.56603,45.6054],[11.56653,45.60851],[11.56897,45.6119],[11.57557,45.61706],[11.5795,45.61819],[11.58314,45.61828],[11.58752,45.62111],[11.59347,45.62174],[11.60453,45.6198],[11.60796,45.62115],[11.61176,45.6215],[11.61783,45.62076],[11.62027,45.62654],[11.61868,45.63183],[11.61864,45.63443],[11.62054,45.63794],[11.62324,45.64068],[11.62333,45.64612],[11.62519,45.64865],[11.6283,45.65047],[11.63524,45.65163],[11.63712,45.65334],[11.64074,45.65484],[11.64491,45.65519],[11.65227,45.65379],[11.65675,45.65507],[11.66195,45.6552],[11.66519,45.66186],[11.6664,45.66801],[11.66742,45.67818],[11.67032,45.68183],[11.67367,45.68334],[11.6776,45.68384],[11.6815,45.68325],[11.68479,45.68166],[11.68696,45.6793],[11.69014,45.66897],[11.69276,45.66429],[11.69645,45.6633],[11.70349,45.66524],[11.70933,45.66749],[11.71034,45.67],[11.70986,45.67421],[11.71092,45.67682],[11.71484,45.67978],[11.72042,45.68078],[11.73102,45.67947],[11.73934,45.67999],[11.75296,45.67924],[11.75757,45.67798],[11.76793,45.67901],[11.78269,45.6814],[11.81123,45.68539],[11.82118,45.68711],[11.81781,45.69062],[11.81627,45.69464],[11.81702,45.69737],[11.82351,45.70516],[11.82322,45.71062],[11.82046,45.71951],[11.8206,45.72054],[11.81725,45.73341],[11.8188,45.73746],[11.82155,45.73951],[11.82721,45.74085],[11.83116,45.74055],[11.83358,45.74625],[11.83608,45.74893],[11.8338,45.75141],[11.83287,45.75733],[11.83117,45.76112],[11.82783,45.76354],[11.82647,45.76609],[11.82669,45.76927],[11.8256,45.77241],[11.82242,45.77669],[11.82123,45.7819],[11.81833,45.78734],[11.814,45.78989],[11.81169,45.79204],[11.81066,45.79463],[11.81111,45.79751],[11.80556,45.79855],[11.80323,45.7999],[11.79839,45.79965],[11.79143,45.80027],[11.78939,45.79817],[11.78314,45.7954],[11.77932,45.79506],[11.77558,45.79573],[11.76969,45.79877],[11.76103,45.80683],[11.75301,45.81596],[11.75112,45.82039],[11.7509,45.8235],[11.75394,45.83031],[11.75746,45.8332],[11.75931,45.83856],[11.75732,45.84328],[11.75196,45.84794],[11.75124,45.85064],[11.75201,45.85333],[11.75416,45.85562],[11.76214,45.85885],[11.76293,45.86201],[11.7659,45.86643],[11.76659,45.86923],[11.7558,45.87278],[11.74584,45.8741],[11.74394,45.87352],[11.73719,45.86299],[11.73766,45.85973],[11.73586,45.85625],[11.73502,45.8516],[11.7321,45.84876],[11.73318,45.84294],[11.73161,45.84037],[11.73162,45.83681],[11.7335,45.83469],[11.73495,45.831],[11.73385,45.82642],[11.73248,45.82478],[11.7331,45.82199],[11.73227,45.81917],[11.72992,45.81679],[11.72643,45.81526],[11.72236,45.81481],[11.7166,45.81627],[11.71275,45.81913],[11.70785,45.81644],[11.70205,45.81523],[11.69722,45.81513],[11.69142,45.81315],[11.68724,45.81326],[11.68119,45.81496],[11.67655,45.81861],[11.66229,45.81991],[11.6581,45.82056],[11.65206,45.82048],[11.64541,45.82181],[11.6544,45.81488],[11.65594,45.81255],[11.65773,45.80771],[11.65774,45.8055],[11.65927,45.8027],[11.65927,45.79986],[11.65771,45.79724],[11.65126,45.7929],[11.64641,45.7911],[11.64311,45.78824],[11.63865,45.78666],[11.63389,45.78379],[11.61713,45.7794],[11.61298,45.77947],[11.60595,45.78085],[11.601,45.77991],[11.60127,45.77338],[11.59808,45.7698],[11.59514,45.76822],[11.59103,45.76736],[11.58252,45.76879],[11.57502,45.76834],[11.56915,45.76868],[11.55905,45.76701],[11.55237,45.76774],[11.54906,45.76908],[11.54669,45.77118],[11.54497,45.77573],[11.54658,45.78181],[11.55016,45.78789],[11.54647,45.79164],[11.54491,45.7954],[11.54568,45.80008],[11.53926,45.80418],[11.53359,45.80557],[11.5282,45.80925],[11.52626,45.81198],[11.52584,45.81524],[11.50391,45.81259],[11.49814,45.81394],[11.49446,45.81733],[11.49372,45.81977],[11.48987,45.82073],[11.48332,45.82105],[11.4764,45.82257],[11.46802,45.82225],[11.46117,45.82064],[11.4555,45.82178],[11.45263,45.8237],[11.45101,45.82623],[11.44869,45.83325],[11.44764,45.83444],[11.44312,45.8313],[11.43439,45.82762],[11.43037,45.82745],[11.42494,45.82922],[11.42165,45.83201],[11.41473,45.83548],[11.40836,45.83659],[11.40485,45.83797],[11.40237,45.84018],[11.40128,45.84289],[11.40175,45.84569],[11.40463,45.84956],[11.40491,45.85121],[11.40283,45.85364],[11.39871,45.85092],[11.39378,45.84912],[11.38268,45.84782],[11.37361,45.84459],[11.37335,45.83976],[11.37071,45.83575],[11.36944,45.82927],[11.36996,45.82738],[11.36809,45.82023],[11.36654,45.81635],[11.36891,45.81325],[11.36946,45.80827],[11.37182,45.80453],[11.37461,45.80335],[11.37807,45.79931],[11.38546,45.79576],[11.38968,45.79074],[11.39511,45.78841],[11.40023,45.7835],[11.40168,45.78099],[11.40118,45.77697],[11.3998,45.77347],[11.39634,45.76764],[11.39351,45.7649],[11.39033,45.76303],[11.38428,45.76222],[11.38035,45.76314],[11.3773,45.76499],[11.37377,45.7657],[11.37064,45.76738],[11.36613,45.76728],[11.35743,45.77002],[11.35217,45.77117],[11.34698,45.77132],[11.33987,45.77355],[11.33604,45.77628],[11.32894,45.7785],[11.32377,45.77763],[11.31933,45.77823],[11.31016,45.77384],[11.3029,45.77391],[11.29997,45.77238],[11.29525,45.77159],[11.29501,45.76879],[11.29237,45.76102],[11.28758,45.75481],[11.29133,45.75262],[11.2948,45.74839],[11.29555,45.74579],[11.29449,45.73978],[11.29704,45.73664],[11.29776,45.73395],[11.30123,45.7305],[11.30564,45.72902],[11.312,45.72818],[11.31802,45.72612],[11.32251,45.72364],[11.3293,45.71664],[11.33161,45.71164],[11.32992,45.70746],[11.32559,45.70338],[11.32546,45.7006],[11.32352,45.69789],[11.31829,45.69505],[11.31491,45.69415],[11.30837,45.69361],[11.30591,45.69176],[11.30212,45.69051],[11.30258,45.68813],[11.31074,45.68219],[11.31454,45.68042],[11.32527,45.67085],[11.32761,45.66428],[11.33,45.66051],[11.33081,45.65732],[11.32782,45.64757],[11.32235,45.63995],[11.31744,45.63764],[11.31385,45.63694],[11.31215,45.63397],[11.30795,45.63106],[11.31063,45.62548],[11.31646,45.62006],[11.31726,45.6161],[11.31441,45.61148],[11.31161,45.60573],[11.30887,45.60351],[11.30511,45.60225],[11.29993,45.60227],[11.29383,45.59998],[11.29043,45.59929],[11.27862,45.59809],[11.27424,45.5973],[11.26825,45.59436],[11.26869,45.5921],[11.26684,45.58515],[11.26524,45.58258],[11.26237,45.58064],[11.25531,45.5795],[11.24656,45.57726],[11.24612,45.57106],[11.24492,45.56898],[11.24478,45.56452],[11.2431,45.56221],[11.24623,45.55381],[11.24888,45.54971],[11.25131,45.54461],[11.25159,45.54225],[11.26006,45.5349],[11.26668,45.5319],[11.26925,45.53016],[11.27416,45.52463],[11.27891,45.52094],[11.28107,45.51461],[11.28059,45.50981],[11.28475,45.50976],[11.29051,45.50814],[11.29635,45.50374],[11.30562,45.50171],[11.31031,45.50178],[11.31858,45.49914],[11.32179,45.4973],[11.3237,45.4947],[11.32406,45.48937],[11.32346,45.48554],[11.32626,45.48189],[11.3263,45.47893],[11.32309,45.47395],[11.32414,45.47019],[11.32696,45.46574],[11.32662,45.463],[11.32223,45.45877],[11.32044,45.45563],[11.32446,45.45246],[11.32796,45.44688],[11.32719,45.44246],[11.32496,45.44011],[11.319,45.43715],[11.31819,45.43286],[11.32267,45.42956],[11.32365,45.42668],[11.32619,45.42689]]]}},{"type":"Feature","properties":{"level":"subregion","subregionId":"padova-euganei","nameJa":"パドヴァ / エウガネイ丘陵"},"geometry":{"type":"MultiPolygon","coordinates":[[[[11.7621,45.59401],[11.7618,45.59027],[11.75874,45.58578],[11.76002,45.58102],[11.75874,45.57488],[11.76012,45.57294],[11.76741,45.56973],[11.772,45.56683],[11.77695,45.5654],[11.78543,45.56676],[11.78957,45.56645],[11.7932,45.56501],[11.7964,45.56128],[11.79683,45.55674],[11.79613,45.55446],[11.79695,45.55009],[11.79359,45.54482],[11.79459,45.54293],[11.79444,45.53979],[11.79317,45.53767],[11.79569,45.53417],[11.80155,45.53353],[11.80483,45.5326],[11.81167,45.53192],[11.81684,45.52932],[11.81872,45.52677],[11.81786,45.51937],[11.82391,45.51832],[11.82754,45.51692],[11.83009,45.51462],[11.83114,45.51179],[11.83058,45.50555],[11.82833,45.5016],[11.82155,45.49855],[11.81719,45.49802],[11.81867,45.495],[11.81859,45.49226],[11.81438,45.48641],[11.81019,45.48379],[11.80732,45.48077],[11.80877,45.47799],[11.81558,45.46917],[11.82883,45.44986],[11.82927,45.44846],[11.82892,45.43851],[11.82805,45.43331],[11.82705,45.43151],[11.826,45.42483],[11.82254,45.42125],[11.81884,45.41996],[11.812,45.41897],[11.80665,45.41941],[11.80303,45.41877],[11.79323,45.41959],[11.7878,45.42238],[11.78028,45.42433],[11.77189,45.41958],[11.76985,45.41787],[11.76373,45.40869],[11.764,45.40495],[11.76219,45.40158],[11.76368,45.39902],[11.76369,45.39623],[11.76094,45.39255],[11.74963,45.38815],[11.74557,45.38803],[11.73766,45.38913],[11.73264,45.39173],[11.73079,45.39421],[11.72297,45.39606],[11.71618,45.40042],[11.71434,45.4032],[11.71342,45.41353],[11.71236,45.41584],[11.70684,45.42179],[11.70202,45.42273],[11.69774,45.42472],[11.69446,45.42885],[11.68809,45.42862],[11.6836,45.42938],[11.68061,45.42867],[11.67678,45.42511],[11.67297,45.42392],[11.66573,45.42306],[11.66122,45.42132],[11.65753,45.41796],[11.65244,45.41658],[11.65219,45.41198],[11.65007,45.40945],[11.63836,45.40372],[11.61601,45.38826],[11.61387,45.38271],[11.61146,45.37496],[11.6123,45.3723],[11.6156,45.36657],[11.61988,45.36224],[11.62368,45.3602],[11.62692,45.35648],[11.62709,45.35355],[11.62523,45.34849],[11.62352,45.3459],[11.61766,45.34312],[11.61323,45.33807],[11.61643,45.33603],[11.61802,45.33345],[11.61809,45.33064],[11.61664,45.32802],[11.61235,45.32538],[11.61014,45.32087],[11.60727,45.31911],[11.59604,45.31619],[11.58857,45.3131],[11.58395,45.30745],[11.5805,45.30118],[11.58072,45.29386],[11.58007,45.28799],[11.58019,45.28259],[11.58232,45.27806],[11.58163,45.27305],[11.58529,45.27171],[11.59263,45.2681],[11.59908,45.26628],[11.6045,45.2637],[11.60819,45.26255],[11.6153,45.25939],[11.61835,45.25581],[11.61856,45.253],[11.61724,45.25035],[11.61211,45.24727],[11.61039,45.24246],[11.61205,45.23963],[11.61263,45.23597],[11.61513,45.23171],[11.61546,45.22887],[11.618,45.22814],[11.62268,45.22457],[11.62447,45.21768],[11.63104,45.21452],[11.63624,45.20994],[11.64376,45.20641],[11.64567,45.2039],[11.64611,45.20141],[11.64851,45.19678],[11.6476,45.19353],[11.64571,45.19122],[11.64747,45.18855],[11.64801,45.18561],[11.64684,45.18223],[11.64948,45.17858],[11.65549,45.17961],[11.6613,45.17929],[11.66189,45.18322],[11.66408,45.18555],[11.66949,45.18939],[11.67735,45.19622],[11.68046,45.19779],[11.68417,45.19844],[11.69463,45.19796],[11.70076,45.20032],[11.70707,45.19962],[11.71227,45.19723],[11.72134,45.19739],[11.72691,45.19523],[11.72986,45.19211],[11.73544,45.18901],[11.7406,45.18756],[11.74711,45.18788],[11.75522,45.18984],[11.7632,45.18987],[11.77035,45.18786],[11.77411,45.18769],[11.77781,45.18641],[11.7805,45.18418],[11.78172,45.18138],[11.78252,45.17542],[11.78202,45.17124],[11.77935,45.16725],[11.7784,45.16218],[11.79457,45.15952],[11.79903,45.15706],[11.80246,45.15364],[11.80413,45.14903],[11.81371,45.14829],[11.81712,45.14706],[11.82046,45.14378],[11.82122,45.14131],[11.82606,45.1378],[11.83107,45.1387],[11.83719,45.13761],[11.84136,45.13412],[11.8422,45.13171],[11.84191,45.1284],[11.85195,45.12943],[11.85908,45.13212],[11.86536,45.13325],[11.87255,45.13311],[11.88261,45.13575],[11.88625,45.13591],[11.89379,45.1336],[11.89874,45.13366],[11.90542,45.13602],[11.91532,45.13678],[11.9183,45.13831],[11.92081,45.141],[11.92432,45.14271],[11.92851,45.14324],[11.93385,45.143],[11.93858,45.14127],[11.94563,45.13649],[11.94861,45.13533],[11.95673,45.13378],[11.96624,45.13347],[11.97816,45.13565],[11.99015,45.13895],[11.99489,45.13972],[12.00718,45.14014],[12.01228,45.13888],[12.0245,45.13809],[12.02959,45.13612],[12.03212,45.13345],[12.03278,45.12943],[12.02562,45.11995],[12.02766,45.1188],[12.03551,45.11742],[12.04275,45.11562],[12.04565,45.11393],[12.04749,45.11161],[12.04769,45.10551],[12.05416,45.10093],[12.05933,45.09802],[12.0801,45.08407],[12.0823,45.08196],[12.11011,45.06415],[12.12283,45.05839],[12.12887,45.05814],[12.13669,45.05624],[12.14152,45.05565],[12.14791,45.05753],[12.14693,45.06349],[12.14814,45.0675],[12.15173,45.07075],[12.15879,45.07238],[12.16171,45.07841],[12.16049,45.0838],[12.16418,45.08881],[12.16718,45.09043],[12.1708,45.09116],[12.1763,45.0904],[12.18009,45.08852],[12.18879,45.08971],[12.19223,45.09605],[12.19528,45.09824],[12.20014,45.10033],[12.20373,45.10372],[12.2092,45.10503],[12.2152,45.10452],[12.21436,45.10789],[12.21491,45.11075],[12.22731,45.1255],[12.23443,45.13279],[12.23181,45.13865],[12.23099,45.14204],[12.23059,45.14959],[12.23083,45.1553],[12.23189,45.15855],[12.23382,45.16139],[12.23494,45.16544],[12.23708,45.17011],[12.23225,45.17046],[12.22745,45.169],[12.22252,45.16887],[12.20851,45.16664],[12.20086,45.16611],[12.1907,45.16681],[12.18609,45.16806],[12.18264,45.16702],[12.1779,45.16685],[12.17269,45.16854],[12.17031,45.17068],[12.15978,45.18538],[12.15989,45.18962],[12.16336,45.19309],[12.16897,45.19456],[12.18341,45.19512],[12.18372,45.19731],[12.18005,45.19708],[12.17613,45.19787],[12.17296,45.19968],[12.16766,45.20403],[12.16336,45.20532],[12.15708,45.2086],[12.15409,45.21393],[12.15407,45.21878],[12.15662,45.22282],[12.15963,45.22476],[12.16347,45.2257],[12.16814,45.22561],[12.17339,45.22808],[12.18168,45.22984],[12.19315,45.23381],[12.19553,45.23738],[12.19276,45.24188],[12.19343,45.24487],[12.19629,45.24942],[12.20032,45.25701],[12.19589,45.2571],[12.18893,45.25817],[12.18217,45.25503],[12.1754,45.25318],[12.17143,45.25318],[12.16733,45.25422],[12.16138,45.25462],[12.15787,45.25627],[12.15401,45.26074],[12.14681,45.2639],[12.14388,45.26261],[12.13986,45.26206],[12.13585,45.26268],[12.13251,45.26437],[12.13038,45.26685],[12.12981,45.26973],[12.13366,45.31307],[12.13571,45.3158],[12.13895,45.31811],[12.14006,45.32383],[12.13957,45.32835],[12.14201,45.337],[12.14215,45.34158],[12.14075,45.34358],[12.14039,45.3466],[12.1414,45.34912],[12.14089,45.35198],[12.14179,45.35469],[12.14408,45.35696],[12.14932,45.35882],[12.15607,45.35804],[12.1598,45.35854],[12.16604,45.35719],[12.16943,45.35878],[12.17108,45.36296],[12.17451,45.36586],[12.18153,45.36816],[12.18389,45.36843],[12.18651,45.37127],[12.18679,45.37511],[12.1704,45.38664],[12.16864,45.39072],[12.16946,45.39353],[12.17176,45.39588],[12.19129,45.40916],[12.19355,45.41186],[12.19805,45.414],[12.21161,45.41721],[12.23682,45.42274],[12.24244,45.42208],[12.25557,45.41614],[12.25929,45.4185],[12.25834,45.43146],[12.2588,45.43466],[12.2588,45.44354],[12.26145,45.44722],[12.26466,45.44883],[12.26849,45.44945],[12.27327,45.44877],[12.27783,45.45562],[12.28273,45.4582],[12.2868,45.45859],[12.2925,45.45702],[12.30367,45.45049],[12.30561,45.44789],[12.30592,45.44495],[12.30225,45.43952],[12.30374,45.43437],[12.30612,45.43267],[12.30766,45.43007],[12.30749,45.42657],[12.31176,45.42515],[12.31801,45.42519],[12.32382,45.42353],[12.32904,45.42329],[12.33407,45.42126],[12.33618,45.41896],[12.33692,45.41626],[12.33618,45.41357],[12.3325,45.40954],[12.3359,45.40938],[12.33735,45.41147],[12.33733,45.41414],[12.34084,45.41855],[12.34123,45.42179],[12.34307,45.42442],[12.34784,45.42726],[12.35368,45.42812],[12.35753,45.42731],[12.36334,45.42398],[12.3652,45.42162],[12.36542,45.41761],[12.36382,45.41516],[12.35966,45.41266],[12.36137,45.41033],[12.36185,45.40752],[12.36077,45.4048],[12.35757,45.40011],[12.34504,45.38499],[12.34177,45.38325],[12.33573,45.38266],[12.32993,45.38337],[12.33075,45.3805],[12.33351,45.37923],[12.33602,45.37671],[12.33682,45.3737],[12.33648,45.36914],[12.3315,45.3602],[12.32886,45.35779],[12.32401,45.35192],[12.31795,45.34936],[12.31193,45.34609],[12.30974,45.34383],[12.30976,45.33984],[12.31448,45.33741],[12.31819,45.33178],[12.31943,45.32787],[12.31669,45.31979],[12.30944,45.30887],[12.31015,45.30338],[12.30718,45.29581],[12.3025,45.28558],[12.30109,45.28099],[12.30071,45.27272],[12.29971,45.27035],[12.30008,45.26287],[12.29804,45.25555],[12.29966,45.25198],[12.29864,45.24771],[12.29429,45.24363],[12.28784,45.2398],[12.29124,45.23533],[12.29919,45.23461],[12.29694,45.24334],[12.29991,45.24903],[12.30022,45.25154],[12.29932,45.25538],[12.29967,45.25841],[12.30191,45.26563],[12.30202,45.26969],[12.30403,45.28077],[12.30616,45.28789],[12.31331,45.30599],[12.31339,45.30752],[12.31615,45.3143],[12.32436,45.33013],[12.32634,45.3324],[12.32663,45.33442],[12.32885,45.33743],[12.32878,45.34366],[12.32937,45.34905],[12.33199,45.35607],[12.33345,45.35857],[12.34312,45.3709],[12.34737,45.37802],[12.36,45.39587],[12.36362,45.39983],[12.37719,45.41355],[12.3832,45.41852],[12.39452,45.42645],[12.39997,45.42965],[12.39529,45.43144],[12.39146,45.43396],[12.38968,45.43645],[12.38937,45.43924],[12.39059,45.44189],[12.39314,45.44402],[12.40139,45.4469],[12.40443,45.44898],[12.40902,45.4509],[12.42086,45.45787],[12.42272,45.46081],[12.42758,45.46555],[12.42852,45.46807],[12.43179,45.47202],[12.42407,45.47355],[12.41965,45.46804],[12.4154,45.46587],[12.41237,45.46145],[12.40975,45.45939],[12.40623,45.45818],[12.40044,45.45816],[12.39388,45.45667],[12.38822,45.4579],[12.38338,45.45704],[12.385,45.45337],[12.38349,45.44948],[12.38035,45.44649],[12.36963,45.4409],[12.36576,45.44034],[12.35946,45.44125],[12.35481,45.44383],[12.3532,45.44639],[12.35363,45.45055],[12.3582,45.45431],[12.36074,45.45942],[12.35804,45.46145],[12.35463,45.46558],[12.34526,45.46355],[12.3454,45.46057],[12.34263,45.45287],[12.33747,45.44881],[12.33167,45.44816],[12.32631,45.44928],[12.32174,45.44792],[12.3161,45.44716],[12.31205,45.44736],[12.30842,45.44867],[12.28695,45.46085],[12.28505,45.46313],[12.2847,45.46721],[12.28329,45.46943],[12.28357,45.47375],[12.28574,45.47622],[12.28911,45.47789],[12.30133,45.4789],[12.30365,45.48189],[12.30804,45.48426],[12.31599,45.48746],[12.31937,45.48949],[12.3247,45.49055],[12.33089,45.48914],[12.3366,45.49091],[12.34029,45.49275],[12.34453,45.49719],[12.37214,45.51882],[12.37572,45.51974],[12.38226,45.51914],[12.3872,45.51615],[12.39348,45.51886],[12.39419,45.52626],[12.39564,45.52953],[12.40028,45.53268],[12.40437,45.53676],[12.39777,45.53893],[12.39468,45.54161],[12.39203,45.54164],[12.37663,45.5362],[12.37261,45.53523],[12.36802,45.53518],[12.36196,45.53388],[12.35333,45.5333],[12.34951,45.53404],[12.34336,45.53354],[12.33927,45.53385],[12.33037,45.53542],[12.32667,45.53702],[12.32427,45.53951],[12.31488,45.53958],[12.3113,45.54036],[12.29978,45.54511],[12.29176,45.54268],[12.28377,45.54341],[12.28225,45.54294],[12.28052,45.53955],[12.27812,45.5375],[12.27075,45.53454],[12.26666,45.53374],[12.25827,45.53426],[12.25497,45.53222],[12.25144,45.53123],[12.24764,45.53123],[12.2441,45.5322],[12.2413,45.53401],[12.23775,45.53761],[12.22857,45.53898],[12.21838,45.53813],[12.21311,45.53922],[12.20844,45.54189],[12.20587,45.54548],[12.20589,45.54819],[12.20862,45.5544],[12.20959,45.55969],[12.21197,45.56258],[12.2123,45.56441],[12.2101,45.56812],[12.20995,45.57122],[12.20214,45.5722],[12.1987,45.57327],[12.19603,45.57515],[12.19199,45.58105],[12.1917,45.58344],[12.18653,45.58498],[12.1814,45.58318],[12.17796,45.58273],[12.17162,45.58043],[12.16752,45.58068],[12.16389,45.58204],[12.16119,45.58445],[12.15526,45.5853],[12.14921,45.58824],[12.14568,45.59241],[12.14493,45.59513],[12.14143,45.59575],[12.13168,45.59617],[12.12852,45.59723],[12.12492,45.59973],[12.12351,45.60246],[12.12421,45.60712],[12.1218,45.60961],[12.11938,45.61038],[12.11312,45.61395],[12.10883,45.61426],[12.10637,45.6114],[12.10126,45.60911],[12.09719,45.60892],[12.09333,45.60987],[12.09031,45.6118],[12.08778,45.61708],[12.0813,45.61904],[12.07738,45.61872],[12.06799,45.61481],[12.06418,45.61436],[12.05785,45.61599],[12.05353,45.61646],[12.04911,45.61808],[12.04553,45.62164],[12.03259,45.62448],[12.02658,45.62417],[12.02168,45.6189],[12.02354,45.61581],[12.02406,45.60828],[12.02272,45.60339],[12.02319,45.59826],[12.02214,45.5944],[12.01979,45.59194],[12.01419,45.58999],[12.00106,45.59075],[11.99428,45.59157],[11.99147,45.59136],[11.98603,45.59233],[11.98099,45.59421],[11.97646,45.59737],[11.97214,45.59962],[11.96983,45.60251],[11.96634,45.6051],[11.96515,45.60786],[11.95076,45.61322],[11.94858,45.61515],[11.94574,45.6156],[11.94139,45.61458],[11.93546,45.61523],[11.92321,45.62109],[11.91495,45.62167],[11.90945,45.62392],[11.90775,45.62569],[11.90021,45.62802],[11.8981,45.62691],[11.90054,45.62301],[11.90124,45.61892],[11.90015,45.61604],[11.89572,45.6129],[11.89168,45.61209],[11.88714,45.61021],[11.88291,45.61003],[11.87894,45.61107],[11.8716,45.61584],[11.86997,45.61641],[11.86365,45.61534],[11.85814,45.61642],[11.85086,45.62048],[11.8478,45.62573],[11.84542,45.62735],[11.83843,45.62815],[11.83735,45.62487],[11.82793,45.618],[11.82536,45.61362],[11.82238,45.61199],[11.81263,45.60982],[11.80761,45.60917],[11.79894,45.60726],[11.79303,45.60714],[11.78509,45.6076],[11.77702,45.60278],[11.77491,45.60092],[11.77144,45.59953],[11.76659,45.59922],[11.7621,45.59401]]],[[[12.4193,45.48209],[12.42133,45.48549],[12.42013,45.48765],[12.42009,45.49058],[12.4217,45.49328],[12.42665,45.49681],[12.42868,45.50076],[12.41939,45.50028],[12.41517,45.50135],[12.41224,45.49987],[12.40869,45.49921],[12.40821,45.49562],[12.40612,45.4931],[12.40277,45.49138],[12.39724,45.49032],[12.40315,45.48414],[12.40621,45.48383],[12.41114,45.48451],[12.41519,45.48385],[12.4193,45.48209]]],[[[12.42708,45.53755],[12.42863,45.53288],[12.42705,45.52896],[12.42857,45.52641],[12.43547,45.52792],[12.44006,45.53308],[12.44628,45.53487],[12.4507,45.53851],[12.45184,45.54472],[12.43849,45.54425],[12.4346,45.54324],[12.43076,45.54322],[12.42468,45.54168],[12.42708,45.53755]]],[[[12.53833,45.56532],[12.54444,45.56355],[12.54846,45.56306],[12.55379,45.5599],[12.55871,45.55893],[12.56216,45.5646],[12.55857,45.5695],[12.55421,45.57263],[12.54832,45.57787],[12.54296,45.57722],[12.52282,45.57341],[12.49857,45.56805],[12.49115,45.56671],[12.48667,45.56468],[12.5129,45.57064],[12.52008,45.57137],[12.52688,45.57321],[12.5307,45.57295],[12.53412,45.57172],[12.53666,45.56969],[12.53833,45.56532]]],[[[11.52419,45.16267],[11.5231,45.16507],[11.52065,45.16746],[11.51627,45.17022],[11.51044,45.17677],[11.50427,45.18683],[11.50396,45.19289],[11.50253,45.19665],[11.50091,45.20361],[11.50279,45.20881],[11.50698,45.21311],[11.50047,45.21991],[11.49951,45.2248],[11.50177,45.22891],[11.50395,45.23036],[11.50542,45.2348],[11.50642,45.24043],[11.50826,45.24287],[11.51126,45.24463],[11.51944,45.24701],[11.52389,45.25013],[11.53076,45.25316],[11.53636,45.25404],[11.54025,45.25524],[11.5579,45.25921],[11.56136,45.26037],[11.56136,45.26165],[11.55495,45.26125],[11.53354,45.25858],[11.52772,45.25854],[11.50815,45.26203],[11.49182,45.26449],[11.48712,45.2659],[11.48524,45.26319],[11.48257,45.26134],[11.47914,45.2603],[11.4754,45.2602],[11.46535,45.26248],[11.45813,45.26075],[11.45091,45.26126],[11.44218,45.25895],[11.43667,45.25866],[11.43363,45.25718],[11.42746,45.25553],[11.42108,45.25618],[11.4175,45.25795],[11.41365,45.25888],[11.4029,45.26483],[11.39999,45.26213],[11.39267,45.25934],[11.39079,45.25238],[11.38825,45.24732],[11.38365,45.24264],[11.38469,45.23925],[11.38392,45.23633],[11.38105,45.23152],[11.37721,45.22831],[11.37398,45.22404],[11.37046,45.22158],[11.36702,45.22032],[11.36317,45.22006],[11.35945,45.22084],[11.35138,45.22543],[11.3438,45.22043],[11.34365,45.2148],[11.33889,45.20823],[11.34336,45.20661],[11.35242,45.20482],[11.35571,45.20322],[11.35787,45.20085],[11.36114,45.19489],[11.36426,45.19109],[11.36443,45.18785],[11.36256,45.18423],[11.35886,45.18099],[11.35466,45.17904],[11.34591,45.16999],[11.34945,45.16736],[11.35356,45.16536],[11.36041,45.16319],[11.36749,45.16205],[11.37068,45.16012],[11.37514,45.15625],[11.3842,45.1505],[11.39316,45.14615],[11.39574,45.14438],[11.40282,45.14276],[11.40736,45.14006],[11.40955,45.13475],[11.41209,45.13151],[11.42222,45.12724],[11.42993,45.12365],[11.43871,45.1203],[11.45052,45.11766],[11.45882,45.11324],[11.4613,45.1115],[11.46804,45.10882],[11.47513,45.10701],[11.48548,45.10499],[11.49298,45.10314],[11.49602,45.1037],[11.50131,45.10721],[11.51131,45.10934],[11.51428,45.11119],[11.51636,45.11649],[11.52081,45.1197],[11.52418,45.12051],[11.52668,45.1268],[11.52526,45.13052],[11.52488,45.13424],[11.5232,45.13889],[11.52574,45.14667],[11.52224,45.15182],[11.52179,45.15467],[11.52419,45.16267]]]]}},{"type":"Feature","properties":{"level":"subregion","subregionId":"treviso-prosecco","nameJa":"トレヴィーゾ(プロセッコ / ピアーヴェ)"},"geometry":{"type":"MultiPolygon","coordinates":[[[[12.68051,45.71814],[12.6745,45.72027],[12.67236,45.72259],[12.67163,45.72531],[12.67241,45.7287],[12.67422,45.7319],[12.6741,45.73413],[12.67064,45.73853],[12.66984,45.74103],[12.66963,45.7458],[12.66419,45.74955],[12.66245,45.75214],[12.66207,45.75518],[12.66464,45.76466],[12.66937,45.77135],[12.66379,45.77323],[12.65927,45.77649],[12.65604,45.78865],[12.65604,45.79182],[12.6489,45.795],[12.64685,45.79389],[12.64085,45.7929],[12.63687,45.7937],[12.63366,45.79553],[12.63032,45.79886],[12.62069,45.79866],[12.61692,45.79945],[12.61271,45.8023],[12.61147,45.80449],[12.60542,45.80622],[12.60204,45.80938],[12.60106,45.81226],[12.60128,45.81577],[12.59922,45.81787],[12.59741,45.82209],[12.59093,45.82075],[12.58702,45.82123],[12.58365,45.8227],[12.58032,45.82571],[12.5762,45.82571],[12.57096,45.82707],[12.5662,45.83134],[12.56051,45.83249],[12.55781,45.8343],[12.55596,45.83712],[12.55633,45.84138],[12.55812,45.84345],[12.55895,45.84705],[12.5539,45.85028],[12.55282,45.85496],[12.54996,45.86037],[12.54673,45.86213],[12.54177,45.86345],[12.53755,45.86694],[12.53513,45.87328],[12.5352,45.87626],[12.5328,45.88094],[12.53372,45.88487],[12.52499,45.88588],[12.52199,45.88752],[12.51743,45.89172],[12.51607,45.89442],[12.51632,45.89727],[12.51954,45.90087],[12.52315,45.90308],[12.52137,45.90515],[12.51737,45.90544],[12.51404,45.90651],[12.50948,45.91051],[12.50698,45.91455],[12.50677,45.91766],[12.50781,45.91987],[12.50541,45.9232],[12.50152,45.92494],[12.49579,45.92545],[12.48893,45.92675],[12.48349,45.92613],[12.47449,45.9286],[12.46716,45.9333],[12.46488,45.9369],[12.46438,45.94134],[12.46168,45.94439],[12.46115,45.94715],[12.46215,45.94985],[12.46556,45.95289],[12.47073,45.95483],[12.47055,45.95807],[12.47214,45.9677],[12.47503,45.97167],[12.47862,45.9733],[12.48416,45.97408],[12.49286,45.97652],[12.48675,45.98392],[12.48524,45.98651],[12.48535,45.99099],[12.48711,45.99512],[12.48726,45.99735],[12.48941,46.00189],[12.48891,46.00355],[12.49026,46.01058],[12.48849,46.01552],[12.49058,46.02167],[12.49191,46.02337],[12.4906,46.02491],[12.48445,46.02417],[12.47942,46.02239],[12.47739,46.01849],[12.47257,46.01601],[12.46859,46.01561],[12.46469,46.0163],[12.45891,46.01843],[12.45471,46.02159],[12.44707,46.02573],[12.44034,46.02805],[12.43384,46.0315],[12.42896,46.03807],[12.42476,46.04074],[12.42292,46.04345],[12.42169,46.04778],[12.40976,46.05914],[12.40495,46.05943],[12.3994,46.06245],[12.39482,46.06396],[12.3922,46.06629],[12.39141,46.07128],[12.38474,46.07233],[12.37921,46.0738],[12.37629,46.0756],[12.36659,46.07625],[12.36249,46.07507],[12.35665,46.07539],[12.3487,46.07911],[12.34206,46.07843],[12.33808,46.07898],[12.33352,46.08045],[12.33036,46.0825],[12.3229,46.08218],[12.31525,46.08075],[12.30875,46.07767],[12.30291,46.07629],[12.29783,46.07105],[12.29614,46.06834],[12.29056,46.06155],[12.28266,46.05645],[12.28221,46.05397],[12.27885,46.04793],[12.27279,46.04312],[12.25842,46.03736],[12.25505,46.03643],[12.25046,46.0299],[12.24597,46.02663],[12.24002,46.02479],[12.23449,46.01887],[12.2283,46.01506],[12.22208,46.01406],[12.21673,46.01264],[12.21213,46.01044],[12.20537,46.00879],[12.20193,46.00737],[12.19748,46.00652],[12.19185,46.00717],[12.18151,46.01215],[12.17639,46.01418],[12.167,46.01354],[12.16707,46.0093],[12.16538,46.00685],[12.16076,46.00441],[12.15079,46.0025],[12.14571,46.00281],[12.14092,46.00098],[12.1371,46.00081],[12.128,46.00179],[12.12102,46.00383],[12.11242,46.00337],[12.11,46.00284],[12.10337,45.99769],[12.10444,45.99408],[12.10418,45.99137],[12.10188,45.98747],[12.09587,45.98418],[12.09123,45.981],[12.07647,45.97602],[12.07598,45.97235],[12.07367,45.9698],[12.06694,45.96546],[12.06177,45.96379],[12.05789,45.96381],[12.05315,45.96502],[12.04741,45.96498],[12.04344,45.96631],[12.03972,45.96919],[12.03282,45.97354],[12.03067,45.97354],[12.02406,45.97119],[12.01957,45.96793],[12.01608,45.9669],[12.01045,45.96715],[12.00646,45.96814],[11.9992,45.96745],[11.98961,45.96159],[11.97272,45.95806],[11.96922,45.95605],[11.96194,45.95475],[11.95232,45.94841],[11.95119,45.94384],[11.95147,45.9409],[11.94963,45.93439],[11.94682,45.9307],[11.94525,45.92707],[11.94767,45.92319],[11.94748,45.91918],[11.94315,45.91452],[11.93778,45.91295],[11.93387,45.91317],[11.93037,45.9144],[11.92327,45.9188],[11.9115,45.92977],[11.90947,45.93582],[11.90549,45.93681],[11.89901,45.93708],[11.89429,45.93864],[11.88699,45.93654],[11.88167,45.93301],[11.87567,45.9318],[11.87159,45.93249],[11.86823,45.93425],[11.86493,45.93706],[11.85944,45.9348],[11.85863,45.92977],[11.85718,45.92704],[11.85431,45.92493],[11.84399,45.9188],[11.83594,45.91685],[11.82748,45.91306],[11.82479,45.90761],[11.81964,45.90147],[11.81761,45.90004],[11.81518,45.8944],[11.8119,45.89122],[11.81066,45.88898],[11.80762,45.88612],[11.80397,45.88407],[11.7997,45.88059],[11.79958,45.87723],[11.79683,45.87356],[11.79356,45.87198],[11.7865,45.8707],[11.78014,45.86863],[11.7706,45.86837],[11.76675,45.86921],[11.76581,45.86629],[11.76165,45.86058],[11.75894,45.85845],[11.75103,45.85649],[11.74519,45.85625],[11.74281,45.85493],[11.74495,45.8487],[11.74478,45.84433],[11.74262,45.84181],[11.73856,45.8396],[11.73465,45.83512],[11.73675,45.83001],[11.73544,45.82522],[11.73575,45.82373],[11.73899,45.82115],[11.74011,45.81856],[11.73984,45.81435],[11.73885,45.81182],[11.74064,45.80873],[11.74143,45.80332],[11.74088,45.79917],[11.73861,45.79647],[11.73577,45.79491],[11.73479,45.79209],[11.73083,45.78909],[11.72517,45.78808],[11.71896,45.78966],[11.71607,45.79199],[11.71425,45.79721],[11.71463,45.80506],[11.71841,45.80982],[11.71897,45.81205],[11.71744,45.81553],[11.71273,45.81912],[11.70785,45.81644],[11.70205,45.81523],[11.69722,45.81513],[11.69142,45.81315],[11.68724,45.81326],[11.68119,45.81496],[11.67655,45.81861],[11.65455,45.82047],[11.6504,45.82144],[11.64751,45.82322],[11.64518,45.82699],[11.64007,45.83119],[11.62979,45.83238],[11.62638,45.83396],[11.61796,45.84013],[11.61168,45.84317],[11.60036,45.84428],[11.59506,45.84303],[11.5925,45.84149],[11.59003,45.83862],[11.58508,45.83552],[11.58075,45.8343],[11.57388,45.83453],[11.56939,45.8363],[11.56354,45.83539],[11.5538,45.835],[11.54567,45.8343],[11.52726,45.83004],[11.53016,45.82453],[11.52989,45.82168],[11.52552,45.81636],[11.52051,45.81462],[11.50396,45.81259],[11.49817,45.81392],[11.49536,45.81602],[11.49372,45.81977],[11.48987,45.82073],[11.48332,45.82105],[11.4764,45.82257],[11.46802,45.82225],[11.46117,45.82064],[11.4555,45.82178],[11.45263,45.8237],[11.45101,45.82623],[11.44869,45.83325],[11.44764,45.83444],[11.44312,45.8313],[11.43439,45.82762],[11.43037,45.82745],[11.42494,45.82922],[11.42165,45.83201],[11.41473,45.83548],[11.40836,45.83659],[11.40485,45.83797],[11.40237,45.84018],[11.40128,45.84289],[11.40175,45.84569],[11.40463,45.84956],[11.40491,45.85121],[11.40283,45.85364],[11.39871,45.85092],[11.39378,45.84912],[11.38268,45.84782],[11.37361,45.84459],[11.37335,45.83976],[11.37071,45.83575],[11.36944,45.82927],[11.36996,45.82738],[11.36809,45.82023],[11.36654,45.81635],[11.36891,45.81325],[11.36946,45.80827],[11.37182,45.80453],[11.37461,45.80335],[11.37807,45.79931],[11.38546,45.79576],[11.38968,45.79074],[11.39511,45.78841],[11.4068,45.77748],[11.4087,45.77613],[11.41192,45.7759],[11.41674,45.77393],[11.42866,45.77153],[11.43582,45.76868],[11.44251,45.76698],[11.44516,45.76474],[11.44755,45.75949],[11.44784,45.75676],[11.44667,45.75416],[11.44251,45.75041],[11.44296,45.74769],[11.44182,45.74493],[11.43734,45.74146],[11.44347,45.73408],[11.45661,45.73158],[11.46204,45.73084],[11.46538,45.72897],[11.46735,45.72631],[11.46871,45.72138],[11.47086,45.71753],[11.47259,45.71607],[11.47708,45.71484],[11.48347,45.71643],[11.48855,45.71581],[11.49253,45.71422],[11.49521,45.7122],[11.49678,45.70824],[11.4945,45.7038],[11.50111,45.69747],[11.51028,45.69434],[11.5126,45.69223],[11.51368,45.68969],[11.51342,45.68593],[11.51181,45.68152],[11.51146,45.6675],[11.51069,45.66104],[11.50929,45.6579],[11.51442,45.65643],[11.51321,45.66071],[11.51356,45.66337],[11.51706,45.66833],[11.51602,45.67312],[11.51618,45.67673],[11.51927,45.68061],[11.5306,45.6844],[11.54415,45.6876],[11.54998,45.68699],[11.55318,45.68534],[11.55662,45.68145],[11.55871,45.67676],[11.56335,45.67239],[11.57688,45.67418],[11.58115,45.67377],[11.58133,45.67625],[11.58287,45.67878],[11.58564,45.68072],[11.58924,45.68179],[11.59563,45.68199],[11.61255,45.68192],[11.62043,45.6798],[11.62108,45.68029],[11.62211,45.6867],[11.62643,45.69076],[11.62804,45.6931],[11.63312,45.69607],[11.63751,45.70005],[11.64619,45.70261],[11.64973,45.70289],[11.65842,45.70177],[11.65861,45.7066],[11.66084,45.7093],[11.66049,45.71697],[11.66456,45.72193],[11.66538,45.72434],[11.66778,45.72693],[11.67319,45.73138],[11.67874,45.73363],[11.68244,45.73416],[11.68787,45.73314],[11.69283,45.72987],[11.694,45.72553],[11.70136,45.72342],[11.705,45.72332],[11.70864,45.72649],[11.71165,45.72777],[11.71377,45.7311],[11.71869,45.73443],[11.72198,45.73561],[11.72565,45.73589],[11.73274,45.73525],[11.74149,45.73755],[11.75522,45.73736],[11.75897,45.73808],[11.75251,45.74634],[11.75204,45.7492],[11.75518,45.75419],[11.75364,45.75947],[11.75546,45.7634],[11.7583,45.76534],[11.76396,45.7665],[11.76961,45.76528],[11.77241,45.76332],[11.77405,45.76092],[11.77445,45.75606],[11.77729,45.75276],[11.7788,45.74817],[11.78311,45.74614],[11.78604,45.74596],[11.79297,45.74329],[11.79746,45.74279],[11.80358,45.74308],[11.80949,45.74401],[11.81348,45.74359],[11.8222,45.74094],[11.83228,45.74053],[11.83679,45.74101],[11.84483,45.74373],[11.8522,45.74369],[11.85548,45.74527],[11.86019,45.75092],[11.86278,45.75287],[11.86621,45.75403],[11.87026,45.75422],[11.87283,45.75517],[11.88247,45.75625],[11.89156,45.75577],[11.90058,45.7558],[11.90103,45.75809],[11.90425,45.76186],[11.90733,45.76362],[11.91313,45.76443],[11.91861,45.76285],[11.92111,45.76076],[11.93031,45.75934],[11.93338,45.75759],[11.93905,45.75842],[11.94161,45.75986],[11.9484,45.76134],[11.95166,45.76633],[11.95501,45.76779],[11.95891,45.76825],[11.96449,45.76697],[11.96752,45.7647],[11.97267,45.76495],[11.97833,45.76324],[11.98158,45.75956],[11.98192,45.75766],[11.98921,45.75342],[11.99084,45.75104],[11.99537,45.74651],[11.99776,45.73948],[11.99848,45.73243],[12.002,45.73241],[12.00931,45.7334],[12.02395,45.7316],[12.0288,45.72892],[12.03039,45.72654],[12.03096,45.72348],[12.03607,45.72366],[12.04127,45.72217],[12.04426,45.7196],[12.04722,45.7191],[12.05134,45.71693],[12.06351,45.71718],[12.06915,45.71696],[12.07251,45.71947],[12.07653,45.72058],[12.08123,45.72287],[12.08544,45.72333],[12.08905,45.72273],[12.09616,45.71834],[12.09911,45.71448],[12.10445,45.71159],[12.10798,45.70872],[12.10955,45.70604],[12.10908,45.70189],[12.10988,45.69944],[12.11012,45.69445],[12.10932,45.69049],[12.11203,45.68727],[12.11303,45.68139],[12.11555,45.67816],[12.11659,45.6693],[12.12069,45.66447],[12.12349,45.66425],[12.13271,45.66056],[12.1394,45.65995],[12.14619,45.65865],[12.15015,45.65666],[12.15395,45.65902],[12.16042,45.66004],[12.16813,45.66241],[12.17044,45.66569],[12.17375,45.66784],[12.17892,45.66908],[12.18226,45.6689],[12.18616,45.67256],[12.18602,45.67555],[12.18937,45.6824],[12.19548,45.68782],[12.19493,45.69142],[12.19711,45.69819],[12.19969,45.7003],[12.20323,45.70156],[12.20718,45.70178],[12.21396,45.70101],[12.21525,45.70182],[12.22581,45.70518],[12.22967,45.70534],[12.23334,45.7045],[12.23739,45.70164],[12.23934,45.69479],[12.24557,45.69319],[12.25494,45.6868],[12.2589,45.68931],[12.26264,45.69001],[12.26826,45.68915],[12.27125,45.68743],[12.27365,45.68394],[12.27621,45.68192],[12.27758,45.67905],[12.27724,45.67503],[12.27974,45.66988],[12.283,45.66754],[12.28474,45.66258],[12.28406,45.65766],[12.28081,45.65227],[12.28171,45.64658],[12.28077,45.64391],[12.27848,45.64169],[12.27328,45.63986],[12.26659,45.64056],[12.26015,45.63979],[12.25648,45.64075],[12.25138,45.64382],[12.24156,45.64588],[12.2413,45.64427],[12.23806,45.6387],[12.23427,45.6353],[12.22543,45.63255],[12.21836,45.63267],[12.21466,45.63374],[12.21044,45.63104],[12.20655,45.63032],[12.20003,45.6316],[12.19649,45.63054],[12.19646,45.62746],[12.19494,45.62382],[12.1939,45.61743],[12.191,45.61436],[12.19125,45.61039],[12.18952,45.60785],[12.18281,45.60471],[12.18141,45.59562],[12.18142,45.58845],[12.18383,45.58519],[12.18754,45.5834],[12.1899,45.5809],[12.19421,45.57369],[12.20365,45.57112],[12.2068,45.5693],[12.20906,45.56532],[12.20837,45.56161],[12.20918,45.55775],[12.20848,45.55484],[12.20659,45.55244],[12.20356,45.55071],[12.19983,45.54991],[12.19594,45.55015],[12.18908,45.55312],[12.18139,45.55308],[12.18086,45.54422],[12.17932,45.54153],[12.17351,45.53681],[12.16963,45.53274],[12.16994,45.53024],[12.17566,45.52948],[12.17889,45.52779],[12.18146,45.5238],[12.18465,45.5222],[12.18676,45.51983],[12.18721,45.51569],[12.18563,45.51313],[12.17933,45.50876],[12.17588,45.50777],[12.16814,45.50112],[12.16776,45.49971],[12.17042,45.4975],[12.17193,45.49442],[12.17671,45.49247],[12.17875,45.49075],[12.18055,45.48746],[12.17984,45.48238],[12.17777,45.47689],[12.17905,45.47285],[12.17805,45.46775],[12.18127,45.46454],[12.18222,45.46198],[12.17932,45.45299],[12.19011,45.44673],[12.19222,45.44366],[12.20339,45.43582],[12.20628,45.4355],[12.21257,45.43349],[12.21988,45.42921],[12.22172,45.42745],[12.22707,45.42771],[12.23946,45.42703],[12.24313,45.426],[12.25083,45.42112],[12.25565,45.41884],[12.25928,45.41856],[12.25834,45.43146],[12.2588,45.43466],[12.2588,45.44354],[12.26145,45.44722],[12.26466,45.44883],[12.26849,45.44945],[12.27327,45.44877],[12.27783,45.45562],[12.28273,45.4582],[12.2868,45.45859],[12.2925,45.45702],[12.30367,45.45049],[12.30561,45.44789],[12.30592,45.44495],[12.30225,45.43952],[12.30374,45.43437],[12.30612,45.43267],[12.30766,45.43007],[12.30749,45.42657],[12.31176,45.42515],[12.31801,45.42519],[12.32382,45.42353],[12.32904,45.42329],[12.33407,45.42126],[12.33618,45.41896],[12.33692,45.41626],[12.33618,45.41357],[12.3325,45.40954],[12.3359,45.40938],[12.33735,45.41147],[12.33733,45.41414],[12.34084,45.41855],[12.34123,45.42179],[12.34307,45.42442],[12.34784,45.42726],[12.35368,45.42812],[12.35753,45.42731],[12.36334,45.42398],[12.3652,45.42162],[12.36542,45.41761],[12.36382,45.41516],[12.35966,45.41266],[12.36137,45.41033],[12.36185,45.40752],[12.36077,45.4048],[12.35757,45.40011],[12.34504,45.38499],[12.34177,45.38325],[12.33573,45.38266],[12.32993,45.38337],[12.33075,45.3805],[12.33351,45.37923],[12.33602,45.37671],[12.33682,45.3737],[12.33648,45.36914],[12.3315,45.3602],[12.32886,45.35779],[12.32401,45.35192],[12.31795,45.34936],[12.31193,45.34609],[12.30974,45.34383],[12.30976,45.33984],[12.31448,45.33741],[12.31819,45.33178],[12.31943,45.32787],[12.31669,45.31979],[12.30944,45.30887],[12.31015,45.30338],[12.30718,45.29581],[12.3025,45.28558],[12.30109,45.28099],[12.30071,45.27272],[12.29971,45.27035],[12.30008,45.26287],[12.29804,45.25555],[12.29966,45.25198],[12.29864,45.24771],[12.29429,45.24363],[12.28784,45.2398],[12.29124,45.23533],[12.29919,45.23461],[12.29694,45.24334],[12.29991,45.24903],[12.30022,45.25154],[12.29932,45.25538],[12.29967,45.25841],[12.30191,45.26563],[12.30202,45.26969],[12.30403,45.28077],[12.30616,45.28789],[12.31331,45.30599],[12.31339,45.30752],[12.31615,45.3143],[12.32436,45.33013],[12.32634,45.3324],[12.32663,45.33442],[12.32885,45.33743],[12.32878,45.34366],[12.32937,45.34905],[12.33199,45.35607],[12.33345,45.35857],[12.34312,45.3709],[12.34737,45.37802],[12.36,45.39587],[12.36362,45.39983],[12.37719,45.41355],[12.3832,45.41852],[12.39452,45.42645],[12.39997,45.42965],[12.39529,45.43144],[12.39146,45.43396],[12.38968,45.43645],[12.38937,45.43924],[12.39059,45.44189],[12.39314,45.44402],[12.40139,45.4469],[12.40443,45.44898],[12.40902,45.4509],[12.42086,45.45787],[12.42272,45.46081],[12.42758,45.46555],[12.42852,45.46807],[12.43179,45.47202],[12.42407,45.47355],[12.41965,45.46804],[12.4154,45.46587],[12.41237,45.46145],[12.40975,45.45939],[12.40623,45.45818],[12.40044,45.45816],[12.39388,45.45667],[12.38822,45.4579],[12.38338,45.45704],[12.385,45.45337],[12.38349,45.44948],[12.38035,45.44649],[12.36963,45.4409],[12.36576,45.44034],[12.35946,45.44125],[12.35481,45.44383],[12.3532,45.44639],[12.35363,45.45055],[12.3582,45.45431],[12.36074,45.45942],[12.35804,45.46145],[12.35469,45.46559],[12.34526,45.46355],[12.3454,45.46057],[12.34263,45.45287],[12.33747,45.44881],[12.33167,45.44816],[12.32631,45.44928],[12.32174,45.44792],[12.3161,45.44716],[12.31205,45.44736],[12.30842,45.44867],[12.28695,45.46085],[12.28505,45.46313],[12.2847,45.46721],[12.28329,45.46943],[12.28357,45.47375],[12.28574,45.47622],[12.28911,45.47789],[12.30133,45.4789],[12.30365,45.48189],[12.30804,45.48426],[12.31599,45.48746],[12.31937,45.48949],[12.3247,45.49055],[12.33089,45.48914],[12.3366,45.49091],[12.34029,45.49275],[12.34453,45.49719],[12.37214,45.51882],[12.37572,45.51974],[12.38226,45.51914],[12.3872,45.51615],[12.39348,45.51886],[12.39423,45.52597],[12.39548,45.52861],[12.39806,45.53072],[12.40157,45.53198],[12.41073,45.53234],[12.41485,45.53373],[12.41885,45.53381],[12.42258,45.53281],[12.42648,45.52964],[12.42855,45.52643],[12.43547,45.52792],[12.44006,45.53308],[12.44628,45.53487],[12.4508,45.53862],[12.45285,45.54267],[12.45882,45.54548],[12.45857,45.55026],[12.46116,45.55413],[12.46777,45.55903],[12.47288,45.56169],[12.48662,45.56466],[12.5129,45.57064],[12.52004,45.57137],[12.52688,45.57321],[12.5307,45.57295],[12.53412,45.57172],[12.53666,45.56969],[12.53833,45.56532],[12.54444,45.56355],[12.54846,45.56306],[12.55379,45.5599],[12.55733,45.55882],[12.56179,45.55912],[12.5656,45.5584],[12.56875,45.55672],[12.57354,45.55155],[12.58324,45.54877],[12.58713,45.54556],[12.58798,45.54278],[12.58723,45.53999],[12.5837,45.53412],[12.57904,45.52981],[12.57574,45.528],[12.57241,45.52726],[12.56819,45.52532],[12.56329,45.52202],[12.55806,45.51992],[12.55434,45.51945],[12.55063,45.51997],[12.54745,45.52141],[12.54381,45.52587],[12.54348,45.52849],[12.54094,45.52897],[12.53767,45.52544],[12.5412,45.52131],[12.54065,45.51717],[12.53847,45.51484],[12.53201,45.51265],[12.53132,45.50898],[12.53177,45.50579],[12.5306,45.50328],[12.52829,45.50127],[12.53226,45.49978],[12.53535,45.50108],[12.53968,45.50462],[12.54539,45.50717],[12.54591,45.5118],[12.54934,45.51481],[12.56733,45.52374],[12.57566,45.5262],[12.58425,45.52522],[12.58858,45.52788],[12.59216,45.53305],[12.59736,45.53663],[12.60101,45.53774],[12.60499,45.53779],[12.61084,45.53632],[12.61595,45.53699],[12.62276,45.53661],[12.62675,45.53562],[12.62983,45.53358],[12.63223,45.52943],[12.63252,45.52697],[12.63038,45.5215],[12.62796,45.51929],[12.62453,45.51788],[12.62059,45.51751],[12.61394,45.519],[12.60892,45.51569],[12.60274,45.51514],[12.59343,45.51101],[12.59043,45.50855],[12.58693,45.5072],[12.58329,45.5069],[12.5772,45.50525],[12.57469,45.50364],[12.57015,45.50206],[12.56903,45.50018],[12.57073,45.49571],[12.56952,45.4916],[12.56695,45.48944],[12.56249,45.48757],[12.55579,45.4877],[12.55567,45.48509],[12.55934,45.48494],[12.56275,45.4865],[12.56974,45.48859],[12.57382,45.48866],[12.57762,45.4876],[12.58052,45.48557],[12.58226,45.48049],[12.58389,45.47925],[12.60018,45.48673],[12.61528,45.49292],[12.62172,45.49505],[12.63261,45.4994],[12.64859,45.50497],[12.66521,45.51021],[12.68391,45.51654],[12.69781,45.52029],[12.70716,45.52229],[12.70976,45.52236],[12.71836,45.52431],[12.72445,45.52764],[12.72962,45.529],[12.73598,45.53139],[12.74866,45.53712],[12.75269,45.53863],[12.76719,45.54536],[12.78746,45.55652],[12.78831,45.56011],[12.79062,45.56463],[12.79412,45.56979],[12.80251,45.57722],[12.8093,45.58194],[12.81222,45.58826],[12.81702,45.59182],[12.81423,45.59447],[12.81145,45.59541],[12.80731,45.59963],[12.8008,45.60213],[12.7934,45.60248],[12.78908,45.60099],[12.7805,45.59967],[12.77711,45.59996],[12.77095,45.59941],[12.76506,45.59786],[12.76105,45.59786],[12.75734,45.59895],[12.75357,45.60221],[12.7528,45.60498],[12.75299,45.61118],[12.75486,45.61454],[12.7557,45.61888],[12.75582,45.62462],[12.75417,45.63002],[12.75382,45.63523],[12.75188,45.63832],[12.75195,45.64109],[12.75349,45.64363],[12.76932,45.65996],[12.75587,45.66598],[12.75124,45.67075],[12.75009,45.67345],[12.75079,45.67692],[12.74722,45.67833],[12.74352,45.68245],[12.73212,45.683],[12.72684,45.68491],[12.72408,45.68823],[12.71806,45.68938],[12.71507,45.69083],[12.71083,45.69462],[12.70921,45.69829],[12.70957,45.70182],[12.70207,45.70515],[12.69151,45.70868],[12.68645,45.71199],[12.68435,45.71565],[12.68051,45.71814]]],[[[12.4193,45.48209],[12.42133,45.48549],[12.42013,45.48765],[12.42009,45.49058],[12.4217,45.49328],[12.42665,45.49681],[12.42868,45.50076],[12.41939,45.50028],[12.41517,45.50135],[12.41224,45.49987],[12.40869,45.49921],[12.40821,45.49562],[12.40612,45.4931],[12.40277,45.49138],[12.39724,45.49032],[12.40315,45.48414],[12.40621,45.48383],[12.41114,45.48451],[12.41519,45.48385],[12.4193,45.48209]]],[[[11.58214,45.58952],[11.57537,45.58866],[11.56968,45.58984],[11.56684,45.59181],[11.56527,45.59439],[11.56523,45.59719],[11.56688,45.60299],[11.56448,45.60506],[11.56311,45.60764],[11.55945,45.60881],[11.55609,45.60658],[11.5542,45.60086],[11.55029,45.59763],[11.54484,45.596],[11.54151,45.59399],[11.53566,45.592],[11.53126,45.59157],[11.52715,45.59222],[11.52255,45.59106],[11.51866,45.59131],[11.51518,45.59256],[11.51201,45.59541],[11.5082,45.59726],[11.50104,45.60276],[11.49466,45.60518],[11.49235,45.60758],[11.4886,45.61322],[11.48972,45.61812],[11.4883,45.62134],[11.48812,45.62501],[11.48918,45.62788],[11.48857,45.62982],[11.4895,45.63328],[11.48571,45.6381],[11.48358,45.63982],[11.47997,45.63988],[11.47628,45.64107],[11.46848,45.6462],[11.46414,45.64773],[11.45853,45.65302],[11.45772,45.6557],[11.45839,45.65839],[11.46043,45.66071],[11.46394,45.66269],[11.47285,45.66515],[11.47902,45.66807],[11.47459,45.67835],[11.46783,45.67991],[11.46364,45.6835],[11.46082,45.68249],[11.45223,45.67823],[11.44907,45.67557],[11.44533,45.6744],[11.44125,45.67434],[11.43745,45.67541],[11.43292,45.67848],[11.42738,45.68092],[11.42004,45.68205],[11.41449,45.68432],[11.41207,45.68648],[11.41098,45.68913],[11.41123,45.69463],[11.41239,45.69796],[11.41449,45.70013],[11.41668,45.70408],[11.41592,45.70669],[11.41662,45.70944],[11.41911,45.71218],[11.42588,45.7165],[11.4266,45.71854],[11.42556,45.72098],[11.42586,45.7244],[11.42062,45.72577],[11.41768,45.7245],[11.40948,45.72233],[11.40541,45.72237],[11.40143,45.72365],[11.39269,45.72308],[11.38469,45.7247],[11.38149,45.72602],[11.37261,45.73235],[11.3703,45.73563],[11.36965,45.7383],[11.37044,45.74094],[11.37256,45.74319],[11.37572,45.74474],[11.37979,45.74537],[11.38328,45.74692],[11.38834,45.75049],[11.3894,45.7536],[11.38895,45.75711],[11.38985,45.76062],[11.38386,45.76183],[11.37986,45.76325],[11.3773,45.76499],[11.37377,45.7657],[11.37064,45.76738],[11.36613,45.76728],[11.35743,45.77002],[11.35217,45.77117],[11.34698,45.77132],[11.33987,45.77355],[11.33604,45.77628],[11.32894,45.7785],[11.32377,45.77763],[11.31933,45.77823],[11.31016,45.77384],[11.3029,45.77391],[11.29677,45.77208],[11.28943,45.77285],[11.28125,45.77257],[11.27304,45.77299],[11.26698,45.77028],[11.25245,45.76984],[11.24848,45.77059],[11.2437,45.77243],[11.23987,45.77601],[11.23212,45.7781],[11.22733,45.77862],[11.22184,45.7804],[11.21729,45.78102],[11.21223,45.78352],[11.20737,45.78294],[11.20282,45.78333],[11.19997,45.78219],[11.1915,45.78198],[11.1881,45.78295],[11.17946,45.78763],[11.17696,45.78812],[11.1737,45.7866],[11.17544,45.78131],[11.17837,45.77734],[11.17964,45.77286],[11.1792,45.76994],[11.18033,45.76571],[11.18013,45.76197],[11.17824,45.75866],[11.17706,45.75339],[11.17524,45.74873],[11.17726,45.74421],[11.17753,45.73923],[11.1768,45.73636],[11.17349,45.73229],[11.16693,45.72761],[11.16211,45.72495],[11.15594,45.72273],[11.15168,45.71903],[11.14597,45.7169],[11.14409,45.71351],[11.13886,45.70943],[11.1356,45.69927],[11.13467,45.69799],[11.13006,45.69525],[11.12608,45.69468],[11.11417,45.69668],[11.1108,45.69572],[11.1022,45.69593],[11.09539,45.69481],[11.09185,45.69553],[11.08491,45.69852],[11.07742,45.70326],[11.07269,45.7047],[11.06631,45.70876],[11.05921,45.71474],[11.05667,45.71833],[11.05299,45.71659],[11.04425,45.70865],[11.03904,45.70711],[11.03412,45.70718],[11.03124,45.70589],[11.02551,45.70517],[11.02176,45.7059],[11.01751,45.70865],[11.01604,45.71258],[11.01749,45.71772],[11.01716,45.71927],[11.01159,45.71891],[11.01115,45.71578],[11.00922,45.71342],[11.00438,45.71122],[11.00144,45.71088],[10.99871,45.70922],[10.99274,45.70758],[10.995,45.70258],[10.99406,45.69847],[10.99166,45.69624],[10.9864,45.69408],[10.98222,45.69373],[10.97819,45.69459],[10.97387,45.69778],[10.9723,45.7016],[10.96751,45.70554],[10.96688,45.70984],[10.96762,45.71167],[10.96482,45.71761],[10.96479,45.72035],[10.96671,45.72345],[10.9663,45.72668],[10.96749,45.72979],[10.96567,45.73329],[10.96569,45.73601],[10.96714,45.73853],[10.96982,45.7405],[10.9772,45.74227],[10.9831,45.74486],[10.98387,45.74959],[10.98702,45.75318],[10.97935,45.76073],[10.97789,45.76493],[10.97647,45.76622],[10.96961,45.76906],[10.9665,45.76696],[10.96272,45.76585],[10.95608,45.7652],[10.95007,45.76582],[10.94643,45.7674],[10.93981,45.76726],[10.93291,45.76531],[10.92142,45.76527],[10.91571,45.76622],[10.91041,45.76841],[10.90513,45.77148],[10.89872,45.77292],[10.89545,45.77478],[10.88667,45.7779],[10.88481,45.77919],[10.88334,45.77583],[10.87786,45.77276],[10.87502,45.76877],[10.87263,45.7668],[10.86839,45.76531],[10.86525,45.76113],[10.8649,45.75489],[10.86302,45.74744],[10.86081,45.745],[10.85494,45.74161],[10.85307,45.73808],[10.84998,45.73565],[10.84752,45.72796],[10.84443,45.72468],[10.84243,45.7162],[10.83993,45.71396],[10.83639,45.71258],[10.83237,45.71227],[10.81976,45.71622],[10.81457,45.71741],[10.80914,45.7203],[10.79884,45.72468],[10.79364,45.72545],[10.78416,45.72881],[10.76329,45.74061],[10.72756,45.70111],[10.70564,45.67642],[10.7,45.6711],[10.68144,45.65473],[10.63107,45.60951],[10.62809,45.60694],[10.63232,45.56848],[10.63764,45.51149],[10.64162,45.47222],[10.70431,45.45881],[10.71271,45.45638],[10.71894,45.45501],[10.72171,45.45279],[10.72358,45.44652],[10.72956,45.44285],[10.73496,45.44051],[10.73723,45.43736],[10.74277,45.43831],[10.74264,45.44221],[10.74464,45.44732],[10.7489,45.45057],[10.75099,45.45336],[10.75432,45.45572],[10.75696,45.45906],[10.76057,45.46146],[10.76762,45.46417],[10.76852,45.46963],[10.77029,45.47235],[10.77411,45.47594],[10.77899,45.47819],[10.78319,45.47901],[10.78849,45.47824],[10.79763,45.48043],[10.80522,45.48032],[10.80663,45.4834],[10.80948,45.48591],[10.81522,45.48894],[10.81641,45.49131],[10.82124,45.4944],[10.81804,45.49849],[10.81726,45.50275],[10.81877,45.50544],[10.82165,45.50749],[10.82544,45.50858],[10.82995,45.50859],[10.8433,45.50599],[10.84462,45.50619],[10.84735,45.50943],[10.85069,45.51102],[10.85665,45.51144],[10.85926,45.51086],[10.86418,45.50834],[10.87019,45.50244],[10.87916,45.49671],[10.88163,45.49219],[10.88642,45.49081],[10.89888,45.48429],[10.90535,45.48258],[10.90834,45.48068],[10.91007,45.47812],[10.90976,45.4739],[10.90767,45.47148],[10.90434,45.4696],[10.89506,45.46579],[10.89012,45.46511],[10.88164,45.46215],[10.87694,45.46154],[10.87847,45.45753],[10.87771,45.45405],[10.88348,45.45102],[10.88571,45.44897],[10.88955,45.44311],[10.89533,45.44166],[10.90349,45.43621],[10.90562,45.43346],[10.90599,45.42722],[10.91144,45.41518],[10.92048,45.39644],[10.92739,45.38778],[10.92779,45.38394],[10.92686,45.38196],[10.92889,45.37501],[10.93186,45.37586],[10.936,45.37593],[10.93984,45.37482],[10.94327,45.37215],[10.95357,45.37168],[10.96068,45.37203],[10.96408,45.37087],[10.96751,45.36772],[10.97049,45.3575],[10.97185,45.35467],[10.97535,45.3548],[10.98143,45.35361],[10.98515,45.35194],[10.98829,45.34945],[10.99539,45.3508],[10.99601,45.35357],[10.99333,45.3595],[10.99502,45.36476],[10.9978,45.36668],[11.00483,45.36842],[11.01314,45.36979],[11.01911,45.36866],[11.02126,45.36916],[11.02565,45.37282],[11.02721,45.37649],[11.0239,45.38096],[11.02397,45.38317],[11.02177,45.38776],[11.02265,45.39054],[11.02498,45.39286],[11.02841,45.39436],[11.03239,45.3948],[11.0374,45.39452],[11.04229,45.39623],[11.05007,45.39593],[11.05677,45.39336],[11.06185,45.38953],[11.06341,45.38739],[11.065,45.38208],[11.06794,45.38037],[11.07189,45.38158],[11.07415,45.38385],[11.07736,45.38543],[11.08312,45.38594],[11.09625,45.38243],[11.10223,45.38134],[11.10902,45.37895],[11.11171,45.37906],[11.11308,45.3818],[11.11596,45.38389],[11.12125,45.38569],[11.12515,45.3882],[11.12902,45.38911],[11.13076,45.39314],[11.13338,45.39513],[11.13687,45.39628],[11.14138,45.39638],[11.1423,45.4018],[11.14162,45.40799],[11.14201,45.4124],[11.14369,45.415],[11.14668,45.41693],[11.15049,45.41789],[11.15458,45.41787],[11.17018,45.41682],[11.18615,45.41418],[11.19322,45.41324],[11.19753,45.41065],[11.19884,45.40877],[11.20221,45.40749],[11.22165,45.39855],[11.23081,45.39056],[11.24078,45.38615],[11.24293,45.38398],[11.24537,45.37699],[11.246,45.37147],[11.24728,45.36917],[11.2482,45.36415],[11.24951,45.36119],[11.24961,45.3571],[11.25599,45.35698],[11.25893,45.36367],[11.26155,45.36591],[11.26777,45.36774],[11.2698,45.36779],[11.27344,45.37256],[11.27623,45.37453],[11.2828,45.37629],[11.28875,45.37887],[11.29562,45.37929],[11.2978,45.383],[11.302,45.38568],[11.30961,45.38625],[11.31264,45.38724],[11.31707,45.38737],[11.32306,45.38901],[11.32677,45.38867],[11.33588,45.38527],[11.33886,45.38302],[11.34108,45.37894],[11.34398,45.37617],[11.34643,45.3756],[11.35138,45.37253],[11.35285,45.36979],[11.35252,45.36622],[11.35392,45.36317],[11.35348,45.36008],[11.35418,45.35726],[11.35333,45.35468],[11.35096,45.35232],[11.35147,45.34874],[11.35476,45.34768],[11.36085,45.34922],[11.36488,45.34959],[11.37261,45.34797],[11.37642,45.34903],[11.38255,45.34924],[11.38632,45.34797],[11.39049,45.34782],[11.39797,45.34564],[11.40192,45.34363],[11.41255,45.34043],[11.42262,45.33914],[11.42721,45.33643],[11.43281,45.33399],[11.43821,45.33048],[11.44709,45.32675],[11.4527,45.32366],[11.45556,45.32455],[11.46032,45.32474],[11.47079,45.32295],[11.47953,45.32348],[11.48324,45.32314],[11.49146,45.32565],[11.50085,45.32651],[11.5068,45.32535],[11.51066,45.32552],[11.51452,45.32456],[11.51754,45.3226],[11.51948,45.31811],[11.52354,45.31439],[11.52772,45.31748],[11.52863,45.32225],[11.53026,45.32531],[11.52875,45.32859],[11.53002,45.33546],[11.52707,45.33979],[11.52751,45.34272],[11.52956,45.34527],[11.53288,45.34704],[11.53721,45.34834],[11.53915,45.34976],[11.54452,45.35123],[11.56339,45.35231],[11.56502,45.36598],[11.56596,45.3705],[11.57332,45.37579],[11.58017,45.37768],[11.58543,45.37993],[11.59579,45.37952],[11.59947,45.3805],[11.6034,45.38051],[11.6086,45.3786],[11.61084,45.37631],[11.6123,45.3723],[11.6156,45.36657],[11.61988,45.36224],[11.62368,45.3602],[11.62692,45.35648],[11.62709,45.35355],[11.62523,45.34849],[11.62352,45.3459],[11.61766,45.34312],[11.61323,45.33807],[11.61643,45.33603],[11.61802,45.33345],[11.61809,45.33064],[11.61664,45.32802],[11.6124,45.3254],[11.6141,45.32307],[11.61456,45.3173],[11.61709,45.31558],[11.62055,45.31086],[11.6272,45.3117],[11.63091,45.3107],[11.6338,45.30877],[11.63543,45.30621],[11.63784,45.29841],[11.63859,45.29116],[11.63639,45.28731],[11.63369,45.28566],[11.63265,45.28235],[11.63432,45.27856],[11.63593,45.27084],[11.635,45.26749],[11.63274,45.26325],[11.63045,45.26086],[11.62288,45.2573],[11.62172,45.25612],[11.62143,45.25192],[11.61941,45.24957],[11.61628,45.24794],[11.6121,45.24723],[11.61039,45.24246],[11.61205,45.23963],[11.61263,45.23597],[11.61513,45.23171],[11.61546,45.22887],[11.618,45.22814],[11.62268,45.22457],[11.62447,45.21768],[11.63104,45.21452],[11.63624,45.20994],[11.64376,45.20641],[11.64567,45.2039],[11.64611,45.20141],[11.64851,45.19678],[11.6476,45.19353],[11.64571,45.19122],[11.64747,45.18855],[11.64801,45.18561],[11.64684,45.18223],[11.64948,45.17858],[11.65549,45.17961],[11.6613,45.17929],[11.66189,45.18322],[11.66408,45.18555],[11.66949,45.18939],[11.67735,45.19622],[11.68046,45.19779],[11.68417,45.19844],[11.69463,45.19796],[11.70076,45.20032],[11.70707,45.19962],[11.71227,45.19723],[11.71712,45.19732],[11.71886,45.19958],[11.72236,45.20169],[11.72238,45.20506],[11.72368,45.20766],[11.72075,45.20913],[11.71869,45.2113],[11.7139,45.21187],[11.71042,45.21333],[11.70802,45.21563],[11.70707,45.21842],[11.70773,45.22124],[11.7105,45.22437],[11.71275,45.22568],[11.71123,45.23121],[11.7148,45.23767],[11.71989,45.24364],[11.72445,45.246],[11.72472,45.25041],[11.72782,45.25416],[11.73684,45.25744],[11.74066,45.26134],[11.74473,45.26286],[11.74577,45.26636],[11.74835,45.27111],[11.75298,45.27658],[11.75621,45.27826],[11.76011,45.27894],[11.76408,45.27849],[11.76749,45.27698],[11.76983,45.27466],[11.77361,45.27248],[11.77567,45.27295],[11.77876,45.277],[11.78145,45.27907],[11.78703,45.28045],[11.79095,45.28002],[11.7958,45.27811],[11.79879,45.27815],[11.80466,45.27692],[11.80819,45.27521],[11.8112,45.27498],[11.82261,45.27163],[11.8295,45.27276],[11.83138,45.2749],[11.83679,45.27891],[11.84019,45.28014],[11.84399,45.2804],[11.85153,45.27874],[11.85514,45.28275],[11.85946,45.28614],[11.86302,45.28739],[11.87018,45.28806],[11.86896,45.29878],[11.86637,45.3043],[11.86442,45.31163],[11.85434,45.31363],[11.84499,45.31592],[11.84059,45.31899],[11.83917,45.32222],[11.83028,45.3279],[11.81731,45.33279],[11.81578,45.33385],[11.81061,45.34021],[11.80935,45.34101],[11.79967,45.34451],[11.79065,45.3474],[11.78664,45.34619],[11.78057,45.34558],[11.77262,45.34387],[11.76866,45.34428],[11.76522,45.34574],[11.76217,45.34936],[11.76186,45.35121],[11.75871,45.35488],[11.7583,45.3622],[11.76048,45.36689],[11.76427,45.37099],[11.76825,45.37915],[11.76059,45.37929],[11.75586,45.38113],[11.74633,45.38248],[11.743,45.38387],[11.73999,45.3872],[11.73269,45.39168],[11.73079,45.39424],[11.72619,45.39516],[11.72053,45.39531],[11.71699,45.39337],[11.71283,45.39222],[11.71314,45.38976],[11.71618,45.38678],[11.71875,45.38276],[11.71846,45.37872],[11.71635,45.37605],[11.71161,45.37289],[11.70414,45.37167],[11.69782,45.37242],[11.69428,45.37358],[11.68922,45.37637],[11.68705,45.3792],[11.68687,45.38444],[11.68568,45.38752],[11.68547,45.39116],[11.68709,45.39746],[11.68497,45.40007],[11.68254,45.40578],[11.67034,45.40577],[11.66211,45.40856],[11.65668,45.4093],[11.65401,45.41031],[11.64659,45.41046],[11.64179,45.41303],[11.64012,45.41563],[11.63933,45.42094],[11.6416,45.42558],[11.63774,45.43041],[11.63703,45.433],[11.63683,45.43839],[11.628,45.44179],[11.62514,45.44362],[11.62344,45.44606],[11.62315,45.44878],[11.6243,45.45137],[11.62674,45.45348],[11.63051,45.4549],[11.63222,45.45887],[11.63505,45.46222],[11.63207,45.46382],[11.63003,45.46625],[11.62977,45.47045],[11.63151,45.47299],[11.6345,45.47486],[11.64261,45.47884],[11.64386,45.48086],[11.64865,45.48437],[11.64338,45.48688],[11.63921,45.4897],[11.63611,45.49432],[11.63151,45.49722],[11.63033,45.49915],[11.62691,45.50148],[11.62294,45.50153],[11.61913,45.50053],[11.61513,45.50053],[11.61144,45.50162],[11.60768,45.50489],[11.60693,45.50766],[11.60958,45.51355],[11.60668,45.51511],[11.60459,45.5174],[11.60373,45.52057],[11.60465,45.52346],[11.60977,45.52709],[11.61037,45.53002],[11.60886,45.53681],[11.6111,45.54247],[11.61382,45.5471],[11.61207,45.55039],[11.61188,45.55313],[11.61472,45.5575],[11.61542,45.56331],[11.61197,45.56725],[11.6051,45.56741],[11.60144,45.56831],[11.59851,45.5701],[11.59674,45.57253],[11.59672,45.57648],[11.59435,45.57956],[11.58536,45.58446],[11.58214,45.58952]]]]}},{"type":"Feature","properties":{"level":"subregion","subregionId":"venezia-orientale","nameJa":"ヴェネツィア東部(リゾン)"},"geometry":{"type":"MultiPolygon","coordinates":[[[[12.99131,45.79997],[12.98878,45.80306],[12.98845,45.80577],[12.98958,45.80838],[12.99292,45.81258],[12.9932,45.81493],[12.98609,45.81905],[12.98372,45.8227],[12.98417,45.82625],[12.98292,45.82825],[12.98272,45.83124],[12.98418,45.83389],[12.97959,45.84435],[12.98003,45.84739],[12.98176,45.8518],[12.97971,45.85457],[12.97952,45.85897],[12.97751,45.86446],[12.97534,45.86839],[12.9746,45.87326],[12.95789,45.88355],[12.94822,45.88532],[12.93973,45.89009],[12.92361,45.88621],[12.91824,45.8866],[12.91058,45.89005],[12.90816,45.8922],[12.9066,45.89566],[12.90294,45.89658],[12.89539,45.89349],[12.89155,45.8932],[12.88581,45.89483],[12.88205,45.89132],[12.87878,45.88985],[12.87496,45.88934],[12.86885,45.89073],[12.86383,45.88851],[12.85631,45.88641],[12.84953,45.88289],[12.84446,45.88209],[12.83815,45.87954],[12.83414,45.87879],[12.82712,45.87858],[12.82333,45.87928],[12.82019,45.88091],[12.81568,45.88719],[12.81441,45.8933],[12.80036,45.89371],[12.79628,45.89459],[12.79051,45.8985],[12.78856,45.90112],[12.78878,45.9055],[12.79343,45.91467],[12.79091,45.91526],[12.78712,45.91158],[12.78344,45.9103],[12.77965,45.90995],[12.77534,45.90832],[12.77119,45.90819],[12.76541,45.90967],[12.76054,45.90727],[12.75479,45.90551],[12.75235,45.90104],[12.73912,45.89538],[12.73536,45.89457],[12.73143,45.89481],[12.72609,45.89649],[12.72346,45.89842],[12.72163,45.90218],[12.72106,45.90783],[12.72005,45.91011],[12.71448,45.9103],[12.71152,45.90822],[12.70418,45.90629],[12.70026,45.90671],[12.69477,45.90985],[12.68863,45.91157],[12.68618,45.91373],[12.68508,45.91776],[12.68664,45.921],[12.68633,45.9239],[12.68811,45.92738],[12.68443,45.93082],[12.6786,45.92783],[12.67495,45.92696],[12.66807,45.9263],[12.66321,45.92296],[12.65551,45.92014],[12.65136,45.91932],[12.64604,45.91951],[12.64384,45.91563],[12.63959,45.91172],[12.63416,45.91023],[12.63219,45.90743],[12.62836,45.90491],[12.63102,45.90121],[12.63581,45.89907],[12.63839,45.89513],[12.63587,45.88533],[12.6421,45.88413],[12.64593,45.88069],[12.6473,45.87608],[12.64605,45.87274],[12.64806,45.87186],[12.65523,45.87184],[12.65873,45.87039],[12.66184,45.86675],[12.66149,45.86252],[12.65898,45.85929],[12.66431,45.85642],[12.66621,45.85405],[12.66643,45.85],[12.6607,45.84329],[12.65526,45.83969],[12.65218,45.83698],[12.6556,45.83318],[12.65741,45.82915],[12.6574,45.82627],[12.65579,45.82362],[12.65282,45.82163],[12.64897,45.82061],[12.64157,45.8202],[12.63588,45.82165],[12.63318,45.82378],[12.63187,45.82648],[12.63143,45.82993],[12.62675,45.83024],[12.62324,45.82925],[12.61712,45.82962],[12.61369,45.83123],[12.61098,45.83447],[12.60639,45.83733],[12.59967,45.83479],[12.59436,45.83077],[12.59219,45.8277],[12.58907,45.82596],[12.58523,45.82519],[12.5762,45.82571],[12.57096,45.82707],[12.5662,45.83134],[12.56051,45.83249],[12.55781,45.8343],[12.55596,45.83712],[12.55633,45.84138],[12.55812,45.84345],[12.55895,45.84705],[12.5539,45.85028],[12.55282,45.85496],[12.54996,45.86037],[12.54673,45.86213],[12.54177,45.86345],[12.53755,45.86694],[12.53513,45.87328],[12.5352,45.87626],[12.5328,45.88094],[12.53372,45.88487],[12.52499,45.88588],[12.52199,45.88752],[12.51743,45.89172],[12.51607,45.89442],[12.51632,45.89727],[12.51954,45.90087],[12.52315,45.90308],[12.52137,45.90515],[12.51737,45.90544],[12.51404,45.90651],[12.50948,45.91051],[12.50698,45.91455],[12.50677,45.91766],[12.50781,45.91987],[12.50541,45.9232],[12.50152,45.92494],[12.49579,45.92545],[12.48893,45.92675],[12.48349,45.92613],[12.47449,45.9286],[12.46716,45.9333],[12.46488,45.9369],[12.46432,45.94145],[12.46034,45.94255],[12.45431,45.94705],[12.44776,45.94679],[12.44411,45.9476],[12.43615,45.94563],[12.43238,45.94612],[12.42913,45.94755],[12.42685,45.9497],[12.42338,45.95549],[12.4237,45.96152],[12.42707,45.96779],[12.42613,45.97637],[12.42781,45.99028],[12.42816,45.99573],[12.42472,45.99847],[12.42138,46.005],[12.41907,46.00815],[12.41793,46.01312],[12.41855,46.01555],[12.41654,46.01835],[12.41525,46.02674],[12.40901,46.03368],[12.4034,46.03753],[12.40211,46.04043],[12.40394,46.04524],[12.40166,46.05069],[12.40162,46.05452],[12.3994,46.06245],[12.39482,46.06396],[12.3922,46.06629],[12.39141,46.07128],[12.38474,46.07233],[12.37921,46.0738],[12.37629,46.0756],[12.36659,46.07625],[12.36249,46.07507],[12.35665,46.07539],[12.3487,46.07911],[12.34206,46.07843],[12.33808,46.07898],[12.33352,46.08045],[12.33036,46.0825],[12.3229,46.08218],[12.31525,46.08075],[12.30875,46.07767],[12.30291,46.07629],[12.29783,46.07105],[12.29614,46.06834],[12.29056,46.06155],[12.28266,46.05645],[12.28221,46.05397],[12.27885,46.04793],[12.27279,46.04312],[12.25842,46.03736],[12.25505,46.03643],[12.25046,46.0299],[12.24597,46.02663],[12.24002,46.02479],[12.23449,46.01887],[12.2283,46.01506],[12.22208,46.01406],[12.21673,46.01264],[12.21213,46.01044],[12.20537,46.00879],[12.20193,46.00737],[12.19748,46.00652],[12.19185,46.00717],[12.18151,46.01215],[12.17639,46.01418],[12.167,46.01354],[12.16707,46.0093],[12.16538,46.00685],[12.16076,46.00441],[12.15079,46.0025],[12.14571,46.00281],[12.14092,46.00098],[12.1371,46.00081],[12.128,46.00179],[12.12102,46.00383],[12.11242,46.00337],[12.11,46.00284],[12.10337,45.99769],[12.10444,45.99408],[12.10418,45.99137],[12.10188,45.98747],[12.09587,45.98418],[12.09123,45.981],[12.07647,45.97602],[12.07598,45.97235],[12.07367,45.9698],[12.06694,45.96546],[12.06177,45.96379],[12.05789,45.96381],[12.05315,45.96502],[12.04741,45.96498],[12.04344,45.96631],[12.03972,45.96919],[12.03282,45.97354],[12.03067,45.97354],[12.02406,45.97119],[12.01957,45.96793],[12.01608,45.9669],[12.01045,45.96715],[12.00646,45.96814],[11.9992,45.96745],[11.98961,45.96159],[11.97272,45.95806],[11.96922,45.95605],[11.96194,45.95475],[11.95232,45.94841],[11.95119,45.94384],[11.95147,45.9409],[11.94963,45.93439],[11.94682,45.9307],[11.94525,45.92707],[11.94767,45.92319],[11.94748,45.91918],[11.94521,45.91605],[11.94403,45.91151],[11.94763,45.90545],[11.94886,45.90118],[11.94828,45.8985],[11.94493,45.89523],[11.93996,45.89346],[11.93301,45.89353],[11.93055,45.89408],[11.91702,45.88964],[11.91179,45.88918],[11.90837,45.88964],[11.90076,45.88923],[11.89398,45.88707],[11.8884,45.88462],[11.87612,45.88123],[11.87018,45.88097],[11.86298,45.88247],[11.85979,45.88388],[11.8566,45.88381],[11.85158,45.88476],[11.84835,45.88645],[11.84629,45.88888],[11.84572,45.89168],[11.84628,45.89554],[11.84112,45.89874],[11.83816,45.90159],[11.83483,45.90291],[11.82899,45.90746],[11.82549,45.90805],[11.81964,45.90147],[11.81761,45.90004],[11.81518,45.8944],[11.8119,45.89122],[11.81066,45.88898],[11.80762,45.88612],[11.80397,45.88407],[11.7997,45.88059],[11.79958,45.87723],[11.79683,45.87356],[11.79356,45.87198],[11.7865,45.8707],[11.78014,45.86863],[11.7706,45.86837],[11.76675,45.86921],[11.76581,45.86629],[11.76165,45.86058],[11.75894,45.85845],[11.75103,45.85649],[11.74519,45.85625],[11.74281,45.85493],[11.74408,45.85019],[11.74572,45.84803],[11.75503,45.8439],[11.75861,45.83942],[11.75859,45.83624],[11.75686,45.83289],[11.75405,45.8306],[11.75047,45.82341],[11.75056,45.82046],[11.75284,45.81608],[11.75898,45.80956],[11.76325,45.80273],[11.76727,45.80059],[11.77287,45.79601],[11.77659,45.79445],[11.77924,45.792],[11.78204,45.79307],[11.78509,45.79555],[11.79174,45.79851],[11.7974,45.79945],[11.80311,45.79836],[11.80595,45.79697],[11.80906,45.79303],[11.8129,45.78928],[11.81684,45.78737],[11.81881,45.7851],[11.82071,45.78112],[11.82077,45.77892],[11.82464,45.77084],[11.82455,45.76795],[11.82961,45.76034],[11.82977,45.75547],[11.83326,45.75175],[11.83408,45.74791],[11.83261,45.7447],[11.83004,45.74255],[11.8265,45.74126],[11.82251,45.74101],[11.81772,45.74192],[11.81426,45.74326],[11.81462,45.74034],[11.81867,45.72854],[11.82021,45.72247],[11.82004,45.72089],[11.82325,45.71053],[11.82375,45.70685],[11.82239,45.70381],[11.81553,45.69569],[11.81601,45.69274],[11.81843,45.68907],[11.83026,45.68254],[11.84077,45.67706],[11.84621,45.67861],[11.85001,45.67835],[11.85342,45.67714],[11.86597,45.67012],[11.86824,45.66668],[11.87598,45.66552],[11.88113,45.66295],[11.88335,45.66053],[11.88741,45.64849],[11.8902,45.64427],[11.89157,45.63673],[11.88938,45.63252],[11.89027,45.62915],[11.88961,45.62622],[11.89402,45.61986],[11.8981,45.61321],[11.90154,45.61693],[11.90462,45.61883],[11.90853,45.61973],[11.91684,45.61859],[11.92114,45.61932],[11.92516,45.61893],[11.93272,45.6152],[11.94298,45.61307],[11.94776,45.61329],[11.95455,45.61172],[11.96511,45.60799],[11.96982,45.61248],[11.97394,45.61387],[11.9766,45.61572],[11.97776,45.61869],[11.97994,45.62088],[11.98494,45.62276],[11.99768,45.62294],[12.00604,45.62167],[12.00689,45.62344],[12.0043,45.62823],[12.00414,45.63358],[12.0049,45.63681],[12.00803,45.64104],[12.0109,45.64281],[12.01736,45.64477],[12.02044,45.64519],[12.02625,45.6476],[12.03025,45.6476],[12.03865,45.6456],[12.04183,45.64575],[12.0503,45.64461],[12.05351,45.64326],[12.05666,45.63971],[12.06004,45.63842],[12.07089,45.63685],[12.07439,45.63532],[12.07674,45.63293],[12.07762,45.62649],[12.08224,45.62135],[12.08312,45.61845],[12.08595,45.61554],[12.08768,45.61133],[12.08639,45.60638],[12.08741,45.59972],[12.09017,45.59563],[12.08982,45.59267],[12.0883,45.58955],[12.08397,45.58638],[12.0825,45.58438],[12.07932,45.58248],[12.07293,45.58148],[12.06798,45.5784],[12.06129,45.57718],[12.05699,45.57391],[12.05337,45.57308],[12.04887,45.57312],[12.04404,45.57112],[12.03551,45.57129],[12.03461,45.57022],[12.03337,45.56262],[12.03252,45.54936],[12.03146,45.54119],[12.03127,45.53477],[12.0298,45.53222],[12.02708,45.53025],[12.02156,45.52896],[12.0177,45.52941],[12.01099,45.53176],[12.00759,45.53178],[12.00351,45.52188],[11.99993,45.519],[11.99749,45.51814],[11.99513,45.51223],[11.99895,45.51016],[12.00103,45.5078],[12.00169,45.50506],[12.00055,45.50085],[11.99699,45.49089],[11.99225,45.48031],[11.98823,45.47721],[11.98217,45.47623],[11.97886,45.46946],[11.97868,45.4671],[11.97634,45.46233],[11.97947,45.45443],[11.98263,45.45263],[11.98935,45.45146],[11.99464,45.45128],[11.99955,45.45008],[12.00311,45.44776],[12.00834,45.44709],[12.01313,45.44764],[12.01716,45.44703],[12.02177,45.44419],[12.02317,45.44146],[12.02292,45.43855],[12.02036,45.43298],[12.01933,45.42941],[12.01538,45.42599],[12.00935,45.42484],[12.00392,45.425],[12.00069,45.42426],[11.99623,45.42439],[11.99528,45.41939],[11.99408,45.41745],[11.99361,45.41269],[11.98974,45.40949],[11.986,45.40848],[11.98031,45.40842],[11.976,45.40336],[11.97513,45.40142],[11.97511,45.39669],[11.98255,45.39597],[11.98636,45.395],[11.98934,45.39306],[11.99357,45.38757],[11.99414,45.38453],[11.99279,45.38082],[11.99714,45.37777],[12.00473,45.3758],[12.01231,45.37039],[12.01865,45.36905],[12.02132,45.36702],[12.02301,45.36159],[12.02552,45.35918],[12.02637,45.35665],[12.02475,45.35204],[12.02208,45.34938],[12.01905,45.34763],[12.01649,45.34493],[12.01239,45.34239],[12.015,45.33789],[12.01536,45.33245],[12.01753,45.32698],[12.02148,45.32218],[12.02888,45.3174],[12.03269,45.31578],[12.03499,45.3134],[12.041,45.3149],[12.04498,45.31436],[12.05195,45.3119],[12.05355,45.3148],[12.05666,45.31772],[12.06004,45.31955],[12.06419,45.32024],[12.06982,45.31967],[12.0702,45.32252],[12.07205,45.32496],[12.07793,45.32752],[12.08284,45.33046],[12.08841,45.33085],[12.09294,45.32958],[12.09747,45.32539],[12.0976,45.32058],[12.10275,45.31742],[12.10952,45.30969],[12.11087,45.30689],[12.11812,45.30312],[12.12962,45.30045],[12.13245,45.3004],[12.13365,45.31306],[12.1357,45.3158],[12.13895,45.31811],[12.14006,45.32383],[12.13957,45.32835],[12.14201,45.337],[12.14215,45.34158],[12.14075,45.34358],[12.14039,45.3466],[12.1414,45.34912],[12.14089,45.35198],[12.14179,45.35469],[12.14408,45.35696],[12.14932,45.35882],[12.15607,45.35804],[12.1598,45.35854],[12.16604,45.35719],[12.16943,45.35878],[12.17108,45.36296],[12.17451,45.36586],[12.18153,45.36816],[12.18389,45.36843],[12.18651,45.37127],[12.18679,45.37511],[12.1704,45.38664],[12.16864,45.39072],[12.16946,45.39353],[12.17176,45.39588],[12.19129,45.40916],[12.19355,45.41186],[12.19805,45.414],[12.21161,45.41721],[12.23682,45.42274],[12.24244,45.42208],[12.25557,45.41614],[12.25929,45.4185],[12.25834,45.43146],[12.2588,45.43466],[12.2588,45.44354],[12.26145,45.44722],[12.26466,45.44883],[12.26849,45.44945],[12.27327,45.44877],[12.27783,45.45562],[12.28273,45.4582],[12.2868,45.45859],[12.2925,45.45702],[12.30367,45.45049],[12.30561,45.44789],[12.30592,45.44495],[12.30225,45.43952],[12.30374,45.43437],[12.30612,45.43267],[12.30766,45.43007],[12.30749,45.42657],[12.31176,45.42515],[12.31801,45.42519],[12.32382,45.42353],[12.32904,45.42329],[12.33407,45.42126],[12.33618,45.41896],[12.33692,45.41626],[12.33618,45.41357],[12.3325,45.40954],[12.3359,45.40938],[12.33735,45.41147],[12.33733,45.41414],[12.34084,45.41855],[12.34123,45.42179],[12.34307,45.42442],[12.34784,45.42726],[12.35368,45.42812],[12.35753,45.42731],[12.36334,45.42398],[12.3652,45.42162],[12.36542,45.41761],[12.36382,45.41516],[12.35966,45.41266],[12.36137,45.41033],[12.36185,45.40752],[12.36077,45.4048],[12.35757,45.40011],[12.34504,45.38499],[12.34177,45.38325],[12.33573,45.38266],[12.32993,45.38337],[12.33075,45.3805],[12.33351,45.37923],[12.33602,45.37671],[12.33682,45.3737],[12.33648,45.36914],[12.3315,45.3602],[12.32886,45.35779],[12.32401,45.35192],[12.31795,45.34936],[12.31193,45.34609],[12.30974,45.34383],[12.3097,45.33988],[12.31448,45.33741],[12.31819,45.33178],[12.31943,45.32787],[12.31669,45.31979],[12.30944,45.30887],[12.31015,45.30338],[12.30718,45.29581],[12.3025,45.28558],[12.30109,45.28099],[12.30071,45.27272],[12.29971,45.27035],[12.30008,45.26287],[12.29804,45.25555],[12.29966,45.25198],[12.29864,45.24771],[12.29429,45.24363],[12.28784,45.2398],[12.29088,45.23535],[12.29166,45.23267],[12.29098,45.22999],[12.28893,45.22767],[12.28582,45.22607],[12.28208,45.2254],[12.27527,45.2268],[12.27127,45.21597],[12.26869,45.21355],[12.26493,45.2121],[12.26115,45.21173],[12.26147,45.20921],[12.26398,45.20497],[12.26468,45.20245],[12.26717,45.19845],[12.26658,45.1939],[12.26017,45.18667],[12.25719,45.18486],[12.25347,45.18399],[12.24855,45.1842],[12.22511,45.19098],[12.2223,45.19288],[12.2207,45.19538],[12.22053,45.19812],[12.22201,45.20396],[12.21915,45.20529],[12.21596,45.20875],[12.21378,45.21454],[12.20725,45.22927],[12.20472,45.23187],[12.20412,45.23629],[12.20563,45.23902],[12.21283,45.24485],[12.21424,45.25063],[12.21315,45.25435],[12.20501,45.25824],[12.20068,45.25738],[12.19434,45.24617],[12.19168,45.24289],[12.18765,45.23996],[12.1887,45.2365],[12.18679,45.23256],[12.1839,45.23065],[12.17645,45.22851],[12.1732,45.22811],[12.16874,45.22649],[12.15692,45.22524],[12.15382,45.21926],[12.15365,45.20705],[12.15203,45.20451],[12.14918,45.2026],[12.14356,45.20149],[12.13972,45.20208],[12.13387,45.20445],[12.12326,45.21025],[12.09453,45.20539],[12.08166,45.20333],[12.04753,45.19731],[12.03022,45.19456],[12.02197,45.19349],[11.97835,45.18721],[11.97411,45.18353],[11.97305,45.1816],[11.97592,45.17399],[11.97527,45.17024],[11.97662,45.16296],[11.97907,45.15942],[11.97917,45.15646],[11.97623,45.15258],[11.97225,45.15076],[11.96651,45.15037],[11.96215,45.14933],[11.96865,45.13431],[11.97816,45.13565],[11.99015,45.13895],[11.99489,45.13972],[12.00718,45.14014],[12.01228,45.13888],[12.0245,45.13809],[12.02959,45.13612],[12.03212,45.13345],[12.03278,45.12943],[12.02562,45.11995],[12.02766,45.1188],[12.03551,45.11742],[12.04275,45.11562],[12.04565,45.11393],[12.04749,45.11161],[12.04769,45.10551],[12.05416,45.10093],[12.05933,45.09802],[12.0801,45.08407],[12.0823,45.08196],[12.11011,45.06415],[12.12283,45.05839],[12.12887,45.05814],[12.13669,45.05624],[12.14152,45.05565],[12.14791,45.05753],[12.14693,45.06349],[12.14814,45.0675],[12.15173,45.07075],[12.15879,45.07238],[12.16171,45.07841],[12.16049,45.0838],[12.16418,45.08881],[12.16718,45.09043],[12.1708,45.09116],[12.1763,45.0904],[12.18009,45.08852],[12.18879,45.08971],[12.19223,45.09605],[12.19528,45.09824],[12.20014,45.10033],[12.20225,45.10282],[12.20542,45.10441],[12.21115,45.10495],[12.21861,45.10444],[12.2299,45.10632],[12.23961,45.10664],[12.25194,45.11012],[12.26007,45.1131],[12.26967,45.11743],[12.28072,45.12293],[12.28409,45.12563],[12.28512,45.13002],[12.2825,45.13478],[12.28249,45.13761],[12.28531,45.14132],[12.28864,45.14288],[12.29256,45.1434],[12.30085,45.14333],[12.30932,45.14387],[12.31423,45.14577],[12.31781,45.14926],[12.32192,45.15234],[12.32397,45.15501],[12.33031,45.16026],[12.33081,45.16623],[12.32713,45.17123],[12.31737,45.18242],[12.31256,45.18492],[12.31051,45.18703],[12.30895,45.19058],[12.30602,45.19506],[12.30246,45.20233],[12.30048,45.20826],[12.29876,45.21598],[12.29903,45.22232],[12.30112,45.22949],[12.29938,45.23248],[12.29694,45.24334],[12.29991,45.24903],[12.30022,45.25154],[12.29932,45.25538],[12.29967,45.25841],[12.30191,45.26563],[12.30202,45.26969],[12.30403,45.28077],[12.30616,45.28789],[12.31331,45.30599],[12.31339,45.30752],[12.31615,45.3143],[12.32436,45.33013],[12.32634,45.3324],[12.32663,45.33442],[12.32885,45.33743],[12.32878,45.34366],[12.32937,45.34905],[12.33199,45.35607],[12.33345,45.35857],[12.34312,45.3709],[12.34737,45.37802],[12.36,45.39587],[12.36362,45.39983],[12.37719,45.41355],[12.3832,45.41852],[12.39452,45.42645],[12.39997,45.42965],[12.39529,45.43144],[12.39146,45.43396],[12.38968,45.43645],[12.38937,45.43924],[12.39059,45.44189],[12.39314,45.44402],[12.40139,45.4469],[12.40443,45.44898],[12.40942,45.45046],[12.41332,45.45035],[12.41687,45.44921],[12.42046,45.44599],[12.42119,45.44328],[12.42115,45.43748],[12.42194,45.43493],[12.42733,45.42889],[12.43371,45.42465],[12.44328,45.43256],[12.45385,45.43894],[12.46986,45.44603],[12.47363,45.44684],[12.47856,45.44905],[12.48335,45.44991],[12.50641,45.45621],[12.51024,45.45703],[12.51659,45.45932],[12.52423,45.46111],[12.53353,45.4639],[12.53567,45.46497],[12.54778,45.46905],[12.55052,45.47049],[12.56256,45.47381],[12.56758,45.47555],[12.57267,45.47626],[12.58035,45.47816],[12.58393,45.47831],[12.58869,45.48158],[12.60018,45.48673],[12.61528,45.49292],[12.62172,45.49505],[12.63261,45.4994],[12.64859,45.50497],[12.66521,45.51021],[12.68391,45.51654],[12.69781,45.52029],[12.70716,45.52229],[12.70976,45.52236],[12.71836,45.52431],[12.72445,45.52764],[12.72962,45.529],[12.73598,45.53139],[12.74866,45.53712],[12.75269,45.53863],[12.76719,45.54536],[12.78784,45.55673],[12.79866,45.56188],[12.80584,45.56467],[12.81202,45.5666],[12.82038,45.5706],[12.83721,45.57777],[12.85252,45.58363],[12.85837,45.58537],[12.86661,45.58839],[12.87417,45.59267],[12.88497,45.59689],[12.88929,45.5979],[12.89289,45.60024],[12.89491,45.60365],[12.89967,45.60703],[12.90135,45.60952],[12.90482,45.61205],[12.90854,45.61329],[12.91671,45.61291],[12.92272,45.61384],[12.94551,45.61932],[12.95516,45.6213],[12.96316,45.62244],[12.96916,45.62288],[12.9721,45.62448],[12.97603,45.62531],[12.98425,45.62529],[13.00077,45.62756],[13.02173,45.62972],[13.034,45.6304],[13.0532,45.63049],[13.05974,45.63077],[13.07474,45.63247],[13.09116,45.63528],[13.09723,45.63575],[13.09967,45.63887],[13.09873,45.64442],[13.08628,45.65237],[13.08435,45.65705],[13.08103,45.65885],[13.07408,45.6593],[13.07051,45.66022],[13.06662,45.66312],[13.06553,45.66568],[13.06678,45.67235],[13.06362,45.67818],[13.06141,45.67946],[13.05446,45.68081],[13.05169,45.68294],[13.05033,45.68565],[13.05058,45.68853],[13.05319,45.69441],[13.05226,45.69639],[13.0493,45.6978],[13.04699,45.70003],[13.04605,45.70266],[13.04112,45.70598],[13.03939,45.70891],[13.03812,45.7148],[13.03931,45.71947],[13.0387,45.72114],[13.03112,45.72507],[13.02877,45.72716],[13.02765,45.7297],[13.02896,45.73511],[13.02856,45.73664],[13.02143,45.73726],[13.0179,45.7389],[13.01534,45.74191],[13.00947,45.74402],[13.00646,45.7459],[13.00471,45.74845],[13.00449,45.75127],[13.00556,45.75649],[13.00757,45.75914],[13.0109,45.76096],[13.01087,45.76392],[13.00768,45.76557],[13.00235,45.76671],[12.9971,45.77038],[12.99461,45.77474],[12.98758,45.77798],[12.98536,45.78039],[12.98466,45.78398],[12.98305,45.78651],[12.98257,45.78948],[12.98385,45.79233],[12.99088,45.79675],[12.99131,45.79997]]],[[[12.4193,45.48209],[12.42133,45.48549],[12.42013,45.48765],[12.42009,45.49058],[12.4217,45.49328],[12.42665,45.49681],[12.42868,45.50076],[12.41939,45.50028],[12.41517,45.50135],[12.41224,45.49987],[12.40869,45.49921],[12.40821,45.49562],[12.40612,45.4931],[12.40277,45.49138],[12.39724,45.49032],[12.40315,45.48414],[12.40621,45.48383],[12.41114,45.48451],[12.41519,45.48385],[12.4193,45.48209]]]]}}]}